iso_time,session_id,fixture_state,valid_for_classifier,condition,severity,speed_setpoint_rpm,label,t_ms,rpm,ripple_permil,min_us,max_us,hall,illegal,edges,step,coast_ms,accel_rms_g,accel_pk_g,temp_motor_c,temp_ambient_c,i_u_a,i_v_a,i_w_a,i_dc_a,modbus_rpm,modbus_fault
2026-06-20T13:07:59.496271+00:00,S004,commissioning_unmounted,false,healthy,none,2000,healthy_horizontal_no_load_2000rpm,330904,1994,300,1059,1435,3,0,190872,9,0,,,,,,,,,,
2026-06-20T13:07:59.588715+00:00,S004,commissioning_unmounted,false,healthy,none,2000,healthy_horizontal_no_load_2000rpm,331004,1995,285,1069,1427,5,0,190952,9,0,,,,,,,,,,
2026-06-20T13:07:59.680995+00:00,S004,commissioning_unmounted,false,healthy,none,2000,healthy_horizontal_no_load_2000rpm,331104,1994,301,1058,1436,6,0,191032,9,0,,,,,,,,,,
2026-06-20T13:07:59.775873+00:00,S004,commissioning_unmounted,false,healthy,none,2000,healthy_horizontal_no_load_2000rpm,331204,1995,296,1064,1435,3,0,191112,9,0,,,,,,,,,,
2026-06-20T13:07:59.917705+00:00,S004,commissioning_unmounted,false,healthy,none,2000,healthy_horizontal_no_load_2000rpm,331304,1994,293,1067,1435,1,0,191191,9,0,,,,,,,,,,
2026-06-20T13:08:00.010417+00:00,S004,commissioning_unmounted,false,healthy,none,2000,healthy_horizontal_no_load_2000rpm,331404,1995,293,1062,1429,4,0,191271,9,0,,,,,,,,,,
2026-06-20T13:08:00.102258+00:00,S004,commissioning_unmounted,false,healthy,none,2000,healthy_horizontal_no_load_2000rpm,331504,1993,303,1059,1439,2,0,191351,9,0,,,,,,,,,,
2026-06-20T13:08:00.194660+00:00,S004,commissioning_unmounted,false,healthy,none,2000,healthy_horizontal_no_load_2000rpm,331604,1996,304,1055,1436,1,0,191431,9,0,,,,,,,,,,
2026-06-20T13:08:00.287430+00:00,S004,commissioning_unmounted,false,healthy,none,2000,healthy_horizontal_no_load_2000rpm,331704,1996,300,1059,1435,4,0,191511,9,0,,,,,,,,,,
2026-06-20T13:08:00.395600+00:00,S004,commissioning_unmounted,false,healthy,none,2000,healthy_horizontal_no_load_2000rpm,331804,1993,304,1057,1439,6,0,191590,9,0,,,,,,,,,,
2026-06-20T13:08:00.488318+00:00,S004,commissioning_unmounted,false,healthy,none,2000,healthy_horizontal_no_load_2000rpm,331904,1993,290,1068,1432,3,0,191670,9,0,,,,,,,,,,
2026-06-20T13:08:00.581946+00:00,S004,commissioning_unmounted,false,healthy,none,2000,healthy_horizontal_no_load_2000rpm,332004,1995,300,1057,1433,5,0,191750,9,0,,,,,,,,,,
2026-06-20T13:08:00.674547+00:00,S004,commissioning_unmounted,false,healthy,none,2000,healthy_horizontal_no_load_2000rpm,332104,1997,298,1059,1433,6,0,191830,9,0,,,,,,,,,,
2026-06-20T13:08:00.815602+00:00,S004,commissioning_unmounted,false,healthy,none,2000,healthy_horizontal_no_load_2000rpm,332204,1995,300,1058,1435,3,0,191910,9,0,,,,,,,,,,
2026-06-20T13:08:00.907770+00:00,S004,commissioning_unmounted,false,healthy,none,2000,healthy_horizontal_no_load_2000rpm,332304,1993,295,1064,1434,1,0,191989,9,0,,,,,,,,,,
2026-06-20T13:08:01.002677+00:00,S004,commissioning_unmounted,false,healthy,none,2000,healthy_horizontal_no_load_2000rpm,332404,1993,301,1059,1437,4,0,192069,9,0,,,,,,,,,,
2026-06-20T13:08:01.097672+00:00,S004,commissioning_unmounted,false,healthy,none,2000,healthy_horizontal_no_load_2000rpm,332504,1995,290,1066,1430,2,0,192149,9,0,,,,,,,,,,
2026-06-20T13:08:01.189738+00:00,S004,commissioning_unmounted,false,healthy,none,2000,healthy_horizontal_no_load_2000rpm,332604,1997,302,1056,1435,1,0,192229,9,0,,,,,,,,,,
2026-06-20T13:08:01.282125+00:00,S004,commissioning_unmounted,false,healthy,none,2000,healthy_horizontal_no_load_2000rpm,332704,1994,304,1057,1439,4,0,192309,9,0,,,,,,,,,,
2026-06-20T13:08:01.376039+00:00,S004,commissioning_unmounted,false,healthy,none,2000,healthy_horizontal_no_load_2000rpm,332804,1993,296,1064,1435,6,0,192388,9,0,,,,,,,,,,
2026-06-20T13:08:01.515620+00:00,S004,commissioning_unmounted,false,healthy,none,2000,healthy_horizontal_no_load_2000rpm,332904,1995,300,1058,1434,3,0,192468,9,0,,,,,,,,,,
2026-06-20T13:08:01.610123+00:00,S004,commissioning_unmounted,false,healthy,none,2000,healthy_horizontal_no_load_2000rpm,333004,1994,293,1066,1434,5,0,192548,9,0,,,,,,,,,,
2026-06-20T13:08:01.702929+00:00,S004,commissioning_unmounted,false,healthy,none,2000,healthy_horizontal_no_load_2000rpm,333104,1992,290,1066,1430,6,0,192628,9,0,,,,,,,,,,
2026-06-20T13:08:01.796108+00:00,S004,commissioning_unmounted,false,healthy,none,2000,healthy_horizontal_no_load_2000rpm,333204,1995,295,1065,1435,3,0,192708,9,0,,,,,,,,,,
2026-06-20T13:08:01.887678+00:00,S004,commissioning_unmounted,false,healthy,none,2000,healthy_horizontal_no_load_2000rpm,333304,1994,296,1064,1436,1,0,192787,9,0,,,,,,,,,,
2026-06-20T13:08:01.981944+00:00,S004,commissioning_unmounted,false,healthy,none,2000,healthy_horizontal_no_load_2000rpm,333404,1993,288,1067,1429,4,0,192867,9,0,,,,,,,,,,
2026-06-20T13:08:02.076122+00:00,S004,commissioning_unmounted,false,healthy,none,2000,healthy_horizontal_no_load_2000rpm,333504,1993,289,1069,1432,2,0,192947,9,0,,,,,,,,,,
2026-06-20T13:08:02.169656+00:00,S004,commissioning_unmounted,false,healthy,none,2000,healthy_horizontal_no_load_2000rpm,333604,1994,301,1059,1437,3,0,193026,9,0,,,,,,,,,,
2026-06-20T13:08:02.310292+00:00,S004,commissioning_unmounted,false,healthy,none,2000,healthy_horizontal_no_load_2000rpm,333704,1994,301,1057,1435,5,0,193106,9,0,,,,,,,,,,
2026-06-20T13:08:02.403758+00:00,S004,commissioning_unmounted,false,healthy,none,2000,healthy_horizontal_no_load_2000rpm,333804,1994,301,1059,1437,6,0,193186,9,0,,,,,,,,,,
2026-06-20T13:08:02.497700+00:00,S004,commissioning_unmounted,false,healthy,none,2000,healthy_horizontal_no_load_2000rpm,333904,1996,301,1057,1435,3,0,193266,9,0,,,,,,,,,,
2026-06-20T13:08:02.591596+00:00,S004,commissioning_unmounted,false,healthy,none,2000,healthy_horizontal_no_load_2000rpm,334004,1995,294,1067,1436,5,0,193346,9,0,,,,,,,,,,
2026-06-20T13:08:02.684183+00:00,S004,commissioning_unmounted,false,healthy,none,2000,healthy_horizontal_no_load_2000rpm,334104,1992,297,1061,1434,6,0,193426,9,0,,,,,,,,,,
2026-06-20T13:08:02.777417+00:00,S004,commissioning_unmounted,false,healthy,none,2000,healthy_horizontal_no_load_2000rpm,334204,1994,301,1058,1436,2,0,193505,9,0,,,,,,,,,,
2026-06-20T13:08:02.871602+00:00,S004,commissioning_unmounted,false,healthy,none,2000,healthy_horizontal_no_load_2000rpm,334304,1996,302,1057,1436,1,0,193585,9,0,,,,,,,,,,
2026-06-20T13:08:03.011457+00:00,S004,commissioning_unmounted,false,healthy,none,2000,healthy_horizontal_no_load_2000rpm,334404,1995,300,1057,1434,4,0,193665,9,0,,,,,,,,,,
2026-06-20T13:08:03.103960+00:00,S004,commissioning_unmounted,false,healthy,none,2000,healthy_horizontal_no_load_2000rpm,334504,1993,300,1059,1435,2,0,193745,9,0,,,,,,,,,,
2026-06-20T13:08:03.198772+00:00,S004,commissioning_unmounted,false,healthy,none,2000,healthy_horizontal_no_load_2000rpm,334604,1995,301,1059,1437,3,0,193824,9,0,,,,,,,,,,
2026-06-20T13:08:03.292101+00:00,S004,commissioning_unmounted,false,healthy,none,2000,healthy_horizontal_no_load_2000rpm,334704,1995,299,1060,1435,5,0,193904,9,0,,,,,,,,,,
2026-06-20T13:08:03.384725+00:00,S004,commissioning_unmounted,false,healthy,none,2000,healthy_horizontal_no_load_2000rpm,334804,1994,296,1058,1430,6,0,193984,9,0,,,,,,,,,,
2026-06-20T13:08:03.477611+00:00,S004,commissioning_unmounted,false,healthy,none,2000,healthy_horizontal_no_load_2000rpm,334904,1993,301,1059,1437,3,0,194064,9,0,,,,,,,,,,
2026-06-20T13:08:03.571058+00:00,S004,commissioning_unmounted,false,healthy,none,2000,healthy_horizontal_no_load_2000rpm,335004,1995,287,1068,1428,5,0,194144,9,0,,,,,,,,,,
2026-06-20T13:08:03.665962+00:00,S004,commissioning_unmounted,false,healthy,none,2000,healthy_horizontal_no_load_2000rpm,335104,1996,301,1059,1436,4,0,194223,9,0,,,,,,,,,,
2026-06-20T13:08:03.804454+00:00,S004,commissioning_unmounted,false,healthy,none,2000,healthy_horizontal_no_load_2000rpm,335204,1995,297,1062,1434,2,0,194303,9,0,,,,,,,,,,
2026-06-20T13:08:03.899392+00:00,S004,commissioning_unmounted,false,healthy,none,2000,healthy_horizontal_no_load_2000rpm,335304,1993,303,1057,1437,1,0,194383,9,0,,,,,,,,,,
2026-06-20T13:08:03.992995+00:00,S004,commissioning_unmounted,false,healthy,none,2000,healthy_horizontal_no_load_2000rpm,335404,1996,292,1065,1431,4,0,194463,9,0,,,,,,,,,,
2026-06-20T13:08:04.086721+00:00,S004,commissioning_unmounted,false,healthy,none,2000,healthy_horizontal_no_load_2000rpm,335504,1993,301,1059,1437,2,0,194543,9,0,,,,,,,,,,
2026-06-20T13:08:04.180155+00:00,S004,commissioning_unmounted,false,healthy,none,2000,healthy_horizontal_no_load_2000rpm,335604,1994,300,1059,1435,3,0,194622,9,0,,,,,,,,,,
2026-06-20T13:08:04.272898+00:00,S004,commissioning_unmounted,false,healthy,none,2000,healthy_horizontal_no_load_2000rpm,335704,1995,300,1058,1434,5,0,194702,9,0,,,,,,,,,,
2026-06-20T13:08:04.366721+00:00,S004,commissioning_unmounted,false,healthy,none,2000,healthy_horizontal_no_load_2000rpm,335804,1996,303,1056,1436,6,0,194782,9,0,,,,,,,,,,
2026-06-20T13:08:04.460946+00:00,S004,commissioning_unmounted,false,healthy,none,2000,healthy_horizontal_no_load_2000rpm,335904,1992,304,1057,1439,3,0,194862,9,0,,,,,,,,,,
2026-06-20T13:08:04.614181+00:00,S004,commissioning_unmounted,false,healthy,none,2000,healthy_horizontal_no_load_2000rpm,336004,1994,301,1059,1437,5,0,194942,9,0,,,,,,,,,,
2026-06-20T13:08:04.661035+00:00,S004,commissioning_unmounted,false,healthy,none,2000,healthy_horizontal_no_load_2000rpm,336104,1994,302,1057,1436,4,0,195021,9,0,,,,,,,,,,
2026-06-20T13:08:04.803181+00:00,S004,commissioning_unmounted,false,healthy,none,2000,healthy_horizontal_no_load_2000rpm,336204,1996,293,1066,1433,2,0,195101,9,0,,,,,,,,,,
2026-06-20T13:08:04.898009+00:00,S004,commissioning_unmounted,false,healthy,none,2000,healthy_horizontal_no_load_2000rpm,336304,1994,301,1057,1435,1,0,195181,9,0,,,,,,,,,,
2026-06-20T13:08:04.991777+00:00,S004,commissioning_unmounted,false,healthy,none,2000,healthy_horizontal_no_load_2000rpm,336404,1993,295,1064,1435,4,0,195261,9,0,,,,,,,,,,
2026-06-20T13:08:05.085079+00:00,S004,commissioning_unmounted,false,healthy,none,2000,healthy_horizontal_no_load_2000rpm,336504,1993,299,1062,1437,2,0,195341,9,0,,,,,,,,,,
2026-06-20T13:08:05.178791+00:00,S004,commissioning_unmounted,false,healthy,none,2000,healthy_horizontal_no_load_2000rpm,336604,1994,291,1068,1433,3,0,195420,9,0,,,,,,,,,,
2026-06-20T13:08:05.272303+00:00,S004,commissioning_unmounted,false,healthy,none,2000,healthy_horizontal_no_load_2000rpm,336704,1993,301,1059,1437,5,0,195500,9,0,,,,,,,,,,
2026-06-20T13:08:05.365477+00:00,S004,commissioning_unmounted,false,healthy,none,2000,healthy_horizontal_no_load_2000rpm,336804,1995,303,1057,1437,6,0,195580,9,0,,,,,,,,,,
2026-06-20T13:08:05.473331+00:00,S004,commissioning_unmounted,false,healthy,none,2000,healthy_horizontal_no_load_2000rpm,336904,1995,303,1057,1437,3,0,195660,9,0,,,,,,,,,,
2026-06-20T13:08:05.566963+00:00,S004,commissioning_unmounted,false,healthy,none,2000,healthy_horizontal_no_load_2000rpm,337004,1995,299,1059,1434,1,0,195739,9,0,,,,,,,,,,
2026-06-20T13:08:05.659732+00:00,S004,commissioning_unmounted,false,healthy,none,2000,healthy_horizontal_no_load_2000rpm,337104,1993,301,1059,1437,4,0,195819,9,0,,,,,,,,,,
2026-06-20T13:08:05.799205+00:00,S004,commissioning_unmounted,false,healthy,none,2000,healthy_horizontal_no_load_2000rpm,337204,1992,299,1061,1437,2,0,195899,9,0,,,,,,,,,,
2026-06-20T13:08:05.893091+00:00,S004,commissioning_unmounted,false,healthy,none,2000,healthy_horizontal_no_load_2000rpm,337304,1994,295,1066,1436,1,0,195979,9,0,,,,,,,,,,
2026-06-20T13:08:05.987505+00:00,S004,commissioning_unmounted,false,healthy,none,2000,healthy_horizontal_no_load_2000rpm,337404,1994,301,1057,1435,4,0,196059,9,0,,,,,,,,,,
2026-06-20T13:08:06.080787+00:00,S004,commissioning_unmounted,false,healthy,none,2000,healthy_horizontal_no_load_2000rpm,337504,1993,297,1062,1435,6,0,196138,9,0,,,,,,,,,,
2026-06-20T13:08:06.173886+00:00,S004,commissioning_unmounted,false,healthy,none,2000,healthy_horizontal_no_load_2000rpm,337604,1993,296,1064,1436,3,0,196218,9,0,,,,,,,,,,
2026-06-20T13:08:06.268260+00:00,S004,commissioning_unmounted,false,healthy,none,2000,healthy_horizontal_no_load_2000rpm,337704,1997,296,1061,1432,5,0,196298,9,0,,,,,,,,,,
2026-06-20T13:08:06.361183+00:00,S004,commissioning_unmounted,false,healthy,none,2000,healthy_horizontal_no_load_2000rpm,337804,1993,301,1059,1437,6,0,196378,9,0,,,,,,,,,,
2026-06-20T13:08:06.455068+00:00,S004,commissioning_unmounted,false,healthy,none,2000,healthy_horizontal_no_load_2000rpm,337904,1994,300,1059,1436,3,0,196458,9,0,,,,,,,,,,
2026-06-20T13:08:06.584519+00:00,S004,commissioning_unmounted,false,healthy,none,2000,healthy_horizontal_no_load_2000rpm,338004,1994,291,1065,1430,1,0,196537,9,0,,,,,,,,,,
2026-06-20T13:08:06.688610+00:00,S004,commissioning_unmounted,false,healthy,none,2000,healthy_horizontal_no_load_2000rpm,338104,1995,300,1059,1436,4,0,196617,9,0,,,,,,,,,,
2026-06-20T13:08:06.782090+00:00,S004,commissioning_unmounted,false,healthy,none,2000,healthy_horizontal_no_load_2000rpm,338204,1997,294,1059,1427,2,0,196697,9,0,,,,,,,,,,
2026-06-20T13:08:06.876184+00:00,S004,commissioning_unmounted,false,healthy,none,2000,healthy_horizontal_no_load_2000rpm,338304,1995,294,1066,1435,1,0,196777,9,0,,,,,,,,,,
2026-06-20T13:08:06.969463+00:00,S004,commissioning_unmounted,false,healthy,none,2000,healthy_horizontal_no_load_2000rpm,338404,1993,291,1065,1431,5,0,196856,9,0,,,,,,,,,,
2026-06-20T13:08:07.062772+00:00,S004,commissioning_unmounted,false,healthy,none,2000,healthy_horizontal_no_load_2000rpm,338504,1993,299,1062,1437,6,0,196936,9,0,,,,,,,,,,
2026-06-20T13:08:07.156610+00:00,S004,commissioning_unmounted,false,healthy,none,2000,healthy_horizontal_no_load_2000rpm,338604,1994,293,1066,1434,3,0,197016,9,0,,,,,,,,,,
2026-06-20T13:08:07.252573+00:00,S004,commissioning_unmounted,false,healthy,none,2000,healthy_horizontal_no_load_2000rpm,338704,1992,300,1060,1437,5,0,197096,9,0,,,,,,,,,,
2026-06-20T13:08:07.392692+00:00,S004,commissioning_unmounted,false,healthy,none,2000,healthy_horizontal_no_load_2000rpm,338804,1994,298,1063,1437,6,0,197176,9,0,,,,,,,,,,
2026-06-20T13:08:07.484739+00:00,S004,commissioning_unmounted,false,healthy,none,2000,healthy_horizontal_no_load_2000rpm,338904,1992,302,1060,1439,2,0,197255,9,0,,,,,,,,,,
2026-06-20T13:08:07.578445+00:00,S004,commissioning_unmounted,false,healthy,none,2000,healthy_horizontal_no_load_2000rpm,339004,1993,303,1059,1439,1,0,197335,9,0,,,,,,,,,,
2026-06-20T13:08:07.671194+00:00,S004,commissioning_unmounted,false,healthy,none,2000,healthy_horizontal_no_load_2000rpm,339104,1994,296,1059,1430,4,0,197415,9,0,,,,,,,,,,
2026-06-20T13:08:07.764777+00:00,S004,commissioning_unmounted,false,healthy,none,2000,healthy_horizontal_no_load_2000rpm,339204,1995,298,1060,1434,2,0,197495,9,0,,,,,,,,,,
2026-06-20T13:08:07.859350+00:00,S004,commissioning_unmounted,false,healthy,none,2000,healthy_horizontal_no_load_2000rpm,339304,1995,300,1057,1433,3,0,197574,9,0,,,,,,,,,,
2026-06-20T13:08:07.952916+00:00,S004,commissioning_unmounted,false,healthy,none,2000,healthy_horizontal_no_load_2000rpm,339404,1993,300,1059,1436,5,0,197654,9,0,,,,,,,,,,
2026-06-20T13:08:08.092819+00:00,S004,commissioning_unmounted,false,healthy,none,2000,healthy_horizontal_no_load_2000rpm,339504,1995,302,1057,1436,6,0,197734,9,0,,,,,,,,,,
2026-06-20T13:08:08.185784+00:00,S004,commissioning_unmounted,false,healthy,none,2000,healthy_horizontal_no_load_2000rpm,339604,1996,301,1057,1434,3,0,197814,9,0,,,,,,,,,,
2026-06-20T13:08:08.278596+00:00,S004,commissioning_unmounted,false,healthy,none,2000,healthy_horizontal_no_load_2000rpm,339704,1993,300,1059,1436,5,0,197894,9,0,,,,,,,,,,
2026-06-20T13:08:08.372497+00:00,S004,commissioning_unmounted,false,healthy,none,2000,healthy_horizontal_no_load_2000rpm,339804,1995,291,1068,1433,4,0,197973,9,0,,,,,,,,,,
2026-06-20T13:08:08.466163+00:00,S004,commissioning_unmounted,false,healthy,none,2000,healthy_horizontal_no_load_2000rpm,339904,1995,295,1062,1432,2,0,198053,9,0,,,,,,,,,,
2026-06-20T13:08:08.559794+00:00,S004,commissioning_unmounted,false,healthy,none,2000,healthy_horizontal_no_load_2000rpm,340004,1995,300,1059,1435,1,0,198133,9,0,,,,,,,,,,
2026-06-20T13:08:08.655593+00:00,S004,commissioning_unmounted,false,healthy,none,2000,healthy_horizontal_no_load_2000rpm,340104,1994,298,1062,1436,4,0,198213,9,0,,,,,,,,,,
2026-06-20T13:08:08.748469+00:00,S004,commissioning_unmounted,false,healthy,none,2000,healthy_horizontal_no_load_2000rpm,340204,1995,297,1062,1435,2,0,198293,9,0,,,,,,,,,,
2026-06-20T13:08:08.886540+00:00,S004,commissioning_unmounted,false,healthy,none,2000,healthy_horizontal_no_load_2000rpm,340304,1994,302,1058,1437,3,0,198372,9,0,,,,,,,,,,
2026-06-20T13:08:08.980868+00:00,S004,commissioning_unmounted,false,healthy,none,2000,healthy_horizontal_no_load_2000rpm,340404,1996,298,1058,1432,5,0,198452,9,0,,,,,,,,,,
2026-06-20T13:08:09.075172+00:00,S004,commissioning_unmounted,false,healthy,none,2000,healthy_horizontal_no_load_2000rpm,340504,1994,293,1064,1432,6,0,198532,9,0,,,,,,,,,,
2026-06-20T13:08:09.167344+00:00,S004,commissioning_unmounted,false,healthy,none,2000,healthy_horizontal_no_load_2000rpm,340604,1992,303,1059,1439,3,0,198612,9,0,,,,,,,,,,
2026-06-20T13:08:09.260439+00:00,S004,commissioning_unmounted,false,healthy,none,2000,healthy_horizontal_no_load_2000rpm,340704,1994,303,1057,1437,1,0,198691,9,0,,,,,,,,,,
2026-06-20T13:08:09.352616+00:00,S004,commissioning_unmounted,false,healthy,none,2000,healthy_horizontal_no_load_2000rpm,340804,1993,296,1063,1435,4,0,198771,9,0,,,,,,,,,,
2026-06-20T13:08:09.445760+00:00,S004,commissioning_unmounted,false,healthy,none,2000,healthy_horizontal_no_load_2000rpm,340904,1992,301,1059,1437,2,0,198851,9,0,,,,,,,,,,
2026-06-20T13:08:09.588087+00:00,S004,commissioning_unmounted,false,healthy,none,2000,healthy_horizontal_no_load_2000rpm,341004,1993,301,1059,1437,1,0,198931,9,0,,,,,,,,,,
2026-06-20T13:08:09.679550+00:00,S004,commissioning_unmounted,false,healthy,none,2000,healthy_horizontal_no_load_2000rpm,341104,1995,301,1057,1435,5,0,199010,9,0,,,,,,,,,,
2026-06-20T13:08:09.772848+00:00,S004,commissioning_unmounted,false,healthy,none,2000,healthy_horizontal_no_load_2000rpm,341204,1994,303,1057,1437,6,0,199090,9,0,,,,,,,,,,
2026-06-20T13:08:09.867359+00:00,S004,commissioning_unmounted,false,healthy,none,2000,healthy_horizontal_no_load_2000rpm,341304,1994,301,1059,1437,3,0,199170,9,0,,,,,,,,,,
2026-06-20T13:08:09.960357+00:00,S004,commissioning_unmounted,false,healthy,none,2000,healthy_horizontal_no_load_2000rpm,341404,1995,301,1059,1436,5,0,199250,9,0,,,,,,,,,,
2026-06-20T13:08:10.054088+00:00,S004,commissioning_unmounted,false,healthy,none,2000,healthy_horizontal_no_load_2000rpm,341504,1992,299,1061,1437,4,0,199329,9,0,,,,,,,,,,
2026-06-20T13:08:10.147851+00:00,S004,commissioning_unmounted,false,healthy,none,2000,healthy_horizontal_no_load_2000rpm,341604,1994,300,1059,1435,2,0,199409,9,0,,,,,,,,,,
2026-06-20T13:08:10.242664+00:00,S004,commissioning_unmounted,false,healthy,none,2000,healthy_horizontal_no_load_2000rpm,341704,1994,295,1063,1433,1,0,199489,9,0,,,,,,,,,,
2026-06-20T13:08:10.383854+00:00,S004,commissioning_unmounted,false,healthy,none,2000,healthy_horizontal_no_load_2000rpm,341804,1994,298,1062,1436,4,0,199569,9,0,,,,,,,,,,
2026-06-20T13:08:10.477708+00:00,S004,commissioning_unmounted,false,healthy,none,2000,healthy_horizontal_no_load_2000rpm,341904,1994,296,1059,1430,2,0,199649,9,0,,,,,,,,,,
2026-06-20T13:08:10.570763+00:00,S004,commissioning_unmounted,false,healthy,none,2000,healthy_horizontal_no_load_2000rpm,342004,1995,289,1067,1429,3,0,199728,9,0,,,,,,,,,,
2026-06-20T13:08:10.662642+00:00,S004,commissioning_unmounted,false,healthy,none,2000,healthy_horizontal_no_load_2000rpm,342104,1995,296,1064,1435,5,0,199808,9,0,,,,,,,,,,
2026-06-20T13:08:10.769756+00:00,S004,commissioning_unmounted,false,healthy,none,2000,healthy_horizontal_no_load_2000rpm,342204,1993,293,1066,1434,6,0,199888,9,0,,,,,,,,,,
2026-06-20T13:08:10.862942+00:00,S004,commissioning_unmounted,false,healthy,none,2000,healthy_horizontal_no_load_2000rpm,342304,1994,303,1057,1437,3,0,199968,9,0,,,,,,,,,,
2026-06-20T13:08:10.956634+00:00,S004,commissioning_unmounted,false,healthy,none,2000,healthy_horizontal_no_load_2000rpm,342404,1995,293,1064,1432,5,0,200048,9,0,,,,,,,,,,
2026-06-20T13:08:11.049199+00:00,S004,commissioning_unmounted,false,healthy,none,2000,healthy_horizontal_no_load_2000rpm,342504,1993,299,1060,1435,4,0,200127,9,0,,,,,,,,,,
2026-06-20T13:08:11.142881+00:00,S004,commissioning_unmounted,false,healthy,none,2000,healthy_horizontal_no_load_2000rpm,342604,1997,300,1060,1436,2,0,200207,9,0,,,,,,,,,,
2026-06-20T13:08:11.237647+00:00,S004,commissioning_unmounted,false,healthy,none,2000,healthy_horizontal_no_load_2000rpm,342704,1993,290,1067,1431,1,0,200287,9,0,,,,,,,,,,
2026-06-20T13:08:11.376649+00:00,S004,commissioning_unmounted,false,healthy,none,2000,healthy_horizontal_no_load_2000rpm,342804,1993,291,1068,1434,4,0,200367,9,0,,,,,,,,,,
2026-06-20T13:08:11.469672+00:00,S004,commissioning_unmounted,false,healthy,none,2000,healthy_horizontal_no_load_2000rpm,342904,1994,300,1058,1435,2,0,200447,9,0,,,,,,,,,,
2026-06-20T13:08:11.564242+00:00,S004,commissioning_unmounted,false,healthy,none,2000,healthy_horizontal_no_load_2000rpm,343004,1995,295,1063,1433,3,0,200526,9,0,,,,,,,,,,
2026-06-20T13:08:11.659740+00:00,S004,commissioning_unmounted,false,healthy,none,2000,healthy_horizontal_no_load_2000rpm,343104,1993,296,1063,1435,5,0,200606,9,0,,,,,,,,,,
2026-06-20T13:08:11.754268+00:00,S004,commissioning_unmounted,false,healthy,none,2000,healthy_horizontal_no_load_2000rpm,343204,1992,286,1069,1428,6,0,200686,9,0,,,,,,,,,,
2026-06-20T13:08:11.847689+00:00,S004,commissioning_unmounted,false,healthy,none,2000,healthy_horizontal_no_load_2000rpm,343304,1993,295,1065,1435,3,0,200766,9,0,,,,,,,,,,
2026-06-20T13:08:11.941857+00:00,S004,commissioning_unmounted,false,healthy,none,2000,healthy_horizontal_no_load_2000rpm,343404,1997,294,1064,1432,1,0,200845,9,0,,,,,,,,,,
2026-06-20T13:08:12.051908+00:00,S004,commissioning_unmounted,false,healthy,none,2000,healthy_horizontal_no_load_2000rpm,343504,1995,293,1068,1435,4,0,200925,9,0,,,,,,,,,,
2026-06-20T13:08:12.144796+00:00,S004,commissioning_unmounted,false,healthy,none,2000,healthy_horizontal_no_load_2000rpm,343604,1992,301,1059,1437,2,0,201005,9,0,,,,,,,,,,
2026-06-20T13:08:12.239035+00:00,S004,commissioning_unmounted,false,healthy,none,2000,healthy_horizontal_no_load_2000rpm,343704,1994,301,1057,1435,1,0,201085,9,0,,,,,,,,,,
2026-06-20T13:08:12.378574+00:00,S004,commissioning_unmounted,false,healthy,none,2000,healthy_horizontal_no_load_2000rpm,343804,1996,301,1057,1434,4,0,201165,9,0,,,,,,,,,,
2026-06-20T13:08:12.473335+00:00,S004,commissioning_unmounted,false,healthy,none,2000,healthy_horizontal_no_load_2000rpm,343904,1990,302,1059,1439,6,0,201244,9,0,,,,,,,,,,
2026-06-20T13:08:12.566533+00:00,S004,commissioning_unmounted,false,healthy,none,2000,healthy_horizontal_no_load_2000rpm,344004,1989,298,1062,1437,3,0,201324,9,0,,,,,,,,,,
2026-06-20T13:08:12.660761+00:00,S004,commissioning_unmounted,false,healthy,none,2000,healthy_horizontal_no_load_2000rpm,344104,1991,304,1059,1441,5,0,201404,9,0,,,,,,,,,,
2026-06-20T13:08:12.753604+00:00,S004,commissioning_unmounted,false,healthy,none,2000,healthy_horizontal_no_load_2000rpm,344204,1999,300,1058,1433,6,0,201484,9,0,,,,,,,,,,
2026-06-20T13:08:12.846297+00:00,S004,commissioning_unmounted,false,healthy,none,2000,healthy_horizontal_no_load_2000rpm,344304,1997,300,1058,1434,3,0,201564,9,0,,,,,,,,,,
2026-06-20T13:08:12.939427+00:00,S004,commissioning_unmounted,false,healthy,none,2000,healthy_horizontal_no_load_2000rpm,344404,1995,300,1059,1435,1,0,201643,9,0,,,,,,,,,,
2026-06-20T13:08:13.031901+00:00,S004,commissioning_unmounted,false,healthy,none,2000,healthy_horizontal_no_load_2000rpm,344504,1995,297,1061,1434,4,0,201723,9,0,,,,,,,,,,
2026-06-20T13:08:13.172790+00:00,S004,commissioning_unmounted,false,healthy,none,2000,healthy_horizontal_no_load_2000rpm,344604,1997,299,1055,1430,2,0,201803,9,0,,,,,,,,,,
2026-06-20T13:08:13.266686+00:00,S004,commissioning_unmounted,false,healthy,none,2000,healthy_horizontal_no_load_2000rpm,344704,1997,297,1063,1435,1,0,201883,9,0,,,,,,,,,,
2026-06-20T13:08:13.360482+00:00,S004,commissioning_unmounted,false,healthy,none,2000,healthy_horizontal_no_load_2000rpm,344804,1993,293,1064,1432,4,0,201963,9,0,,,,,,,,,,
2026-06-20T13:08:13.452848+00:00,S004,commissioning_unmounted,false,healthy,none,2000,healthy_horizontal_no_load_2000rpm,344904,1992,296,1062,1434,6,0,202042,9,0,,,,,,,,,,
2026-06-20T13:08:13.545599+00:00,S004,commissioning_unmounted,false,healthy,none,2000,healthy_horizontal_no_load_2000rpm,345004,1995,292,1068,1435,3,0,202122,9,0,,,,,,,,,,
2026-06-20T13:08:13.640958+00:00,S004,commissioning_unmounted,false,healthy,none,2000,healthy_horizontal_no_load_2000rpm,345104,1992,303,1058,1438,5,0,202202,9,0,,,,,,,,,,
2026-06-20T13:08:13.733539+00:00,S004,commissioning_unmounted,false,healthy,none,2000,healthy_horizontal_no_load_2000rpm,345204,1997,296,1062,1433,6,0,202282,9,0,,,,,,,,,,
2026-06-20T13:08:13.874314+00:00,S004,commissioning_unmounted,false,healthy,none,2000,healthy_horizontal_no_load_2000rpm,345304,1994,300,1059,1435,3,0,202362,9,0,,,,,,,,,,
2026-06-20T13:08:13.968737+00:00,S004,commissioning_unmounted,false,healthy,none,2000,healthy_horizontal_no_load_2000rpm,345404,1994,299,1061,1436,1,0,202441,9,0,,,,,,,,,,
2026-06-20T13:08:14.063401+00:00,S004,commissioning_unmounted,false,healthy,none,2000,healthy_horizontal_no_load_2000rpm,345504,1994,301,1059,1437,4,0,202521,9,0,,,,,,,,,,
2026-06-20T13:08:14.156451+00:00,S004,commissioning_unmounted,false,healthy,none,2000,healthy_horizontal_no_load_2000rpm,345604,1993,301,1059,1437,2,0,202601,9,0,,,,,,,,,,
2026-06-20T13:08:14.249574+00:00,S004,commissioning_unmounted,false,healthy,none,2000,healthy_horizontal_no_load_2000rpm,345704,1993,290,1065,1429,1,0,202681,9,0,,,,,,,,,,
2026-06-20T13:08:14.343395+00:00,S004,commissioning_unmounted,false,healthy,none,2000,healthy_horizontal_no_load_2000rpm,345804,1995,303,1057,1437,5,0,202760,9,0,,,,,,,,,,
2026-06-20T13:08:14.436636+00:00,S004,commissioning_unmounted,false,healthy,none,2000,healthy_horizontal_no_load_2000rpm,345904,1994,300,1058,1435,6,0,202840,9,0,,,,,,,,,,
2026-06-20T13:08:14.530477+00:00,S004,commissioning_unmounted,false,healthy,none,2000,healthy_horizontal_no_load_2000rpm,346004,1994,294,1066,1435,3,0,202920,9,0,,,,,,,,,,
2026-06-20T13:08:14.670550+00:00,S004,commissioning_unmounted,false,healthy,none,2000,healthy_horizontal_no_load_2000rpm,346104,1992,296,1062,1434,5,0,203000,9,0,,,,,,,,,,
2026-06-20T13:08:14.763639+00:00,S004,commissioning_unmounted,false,healthy,none,2000,healthy_horizontal_no_load_2000rpm,346204,1994,303,1057,1437,6,0,203080,9,0,,,,,,,,,,
2026-06-20T13:08:14.857684+00:00,S004,commissioning_unmounted,false,healthy,none,2000,healthy_horizontal_no_load_2000rpm,346304,1993,297,1062,1435,2,0,203159,9,0,,,,,,,,,,
2026-06-20T13:08:14.951635+00:00,S004,commissioning_unmounted,false,healthy,none,2000,healthy_horizontal_no_load_2000rpm,346404,1995,304,1056,1437,1,0,203239,9,0,,,,,,,,,,
2026-06-20T13:08:15.044472+00:00,S004,commissioning_unmounted,false,healthy,none,2000,healthy_horizontal_no_load_2000rpm,346504,1993,291,1065,1430,4,0,203319,9,0,,,,,,,,,,
2026-06-20T13:08:15.136695+00:00,S004,commissioning_unmounted,false,healthy,none,2000,healthy_horizontal_no_load_2000rpm,346604,1996,302,1058,1437,2,0,203399,9,0,,,,,,,,,,
2026-06-20T13:08:15.229782+00:00,S004,commissioning_unmounted,false,healthy,none,2000,healthy_horizontal_no_load_2000rpm,346704,1996,290,1066,1430,1,0,203479,9,0,,,,,,,,,,
2026-06-20T13:08:15.323652+00:00,S004,commissioning_unmounted,false,healthy,none,2000,healthy_horizontal_no_load_2000rpm,346804,1995,301,1057,1435,5,0,203558,9,0,,,,,,,,,,
2026-06-20T13:08:15.464703+00:00,S004,commissioning_unmounted,false,healthy,none,2000,healthy_horizontal_no_load_2000rpm,346904,1995,302,1058,1437,6,0,203638,9,0,,,,,,,,,,
2026-06-20T13:08:15.557537+00:00,S004,commissioning_unmounted,false,healthy,none,2000,healthy_horizontal_no_load_2000rpm,347004,1993,293,1064,1432,3,0,203718,9,0,,,,,,,,,,
2026-06-20T13:08:15.652277+00:00,S004,commissioning_unmounted,false,healthy,none,2000,healthy_horizontal_no_load_2000rpm,347104,1992,301,1059,1437,5,0,203798,9,0,,,,,,,,,,
2026-06-20T13:08:15.745657+00:00,S004,commissioning_unmounted,false,healthy,none,2000,healthy_horizontal_no_load_2000rpm,347204,1996,293,1066,1434,4,0,203877,9,0,,,,,,,,,,
2026-06-20T13:08:15.838715+00:00,S004,commissioning_unmounted,false,healthy,none,2000,healthy_horizontal_no_load_2000rpm,347304,1986,298,1066,1442,2,0,203957,9,0,,,,,,,,,,
2026-06-20T13:08:15.931416+00:00,S004,commissioning_unmounted,false,healthy,none,2000,healthy_horizontal_no_load_2000rpm,347404,1987,297,1061,1435,1,0,204037,9,0,,,,,,,,,,
2026-06-20T13:08:16.024965+00:00,S004,commissioning_unmounted,false,healthy,none,2000,healthy_horizontal_no_load_2000rpm,347504,1995,295,1062,1432,5,0,204116,9,0,,,,,,,,,,
2026-06-20T13:08:16.165700+00:00,S004,commissioning_unmounted,false,healthy,none,2000,healthy_horizontal_no_load_2000rpm,347604,1998,300,1058,1433,6,0,204196,9,0,,,,,,,,,,
2026-06-20T13:08:16.258448+00:00,S004,commissioning_unmounted,false,healthy,none,2000,healthy_horizontal_no_load_2000rpm,347704,1997,296,1062,1433,3,0,204276,9,0,,,,,,,,,,
2026-06-20T13:08:16.352586+00:00,S004,commissioning_unmounted,false,healthy,none,2000,healthy_horizontal_no_load_2000rpm,347804,1997,294,1064,1432,5,0,204356,9,0,,,,,,,,,,
2026-06-20T13:08:16.446138+00:00,S004,commissioning_unmounted,false,healthy,none,2000,healthy_horizontal_no_load_2000rpm,347904,1996,294,1065,1434,6,0,204436,9,0,,,,,,,,,,
2026-06-20T13:08:16.541228+00:00,S004,commissioning_unmounted,false,healthy,none,2000,healthy_horizontal_no_load_2000rpm,348004,1995,293,1064,1432,3,0,204516,9,0,,,,,,,,,,
2026-06-20T13:08:16.635698+00:00,S004,commissioning_unmounted,false,healthy,none,2000,healthy_horizontal_no_load_2000rpm,348104,1993,301,1059,1437,1,0,204595,9,0,,,,,,,,,,
2026-06-20T13:08:16.729380+00:00,S004,commissioning_unmounted,false,healthy,none,2000,healthy_horizontal_no_load_2000rpm,348204,1994,300,1059,1435,4,0,204675,9,0,,,,,,,,,,
2026-06-20T13:08:16.824240+00:00,S004,commissioning_unmounted,false,healthy,none,2000,healthy_horizontal_no_load_2000rpm,348304,1995,289,1066,1429,2,0,204755,9,0,,,,,,,,,,
2026-06-20T13:08:16.963697+00:00,S004,commissioning_unmounted,false,healthy,none,2000,healthy_horizontal_no_load_2000rpm,348404,1993,302,1058,1437,1,0,204835,9,0,,,,,,,,,,
2026-06-20T13:08:17.056694+00:00,S004,commissioning_unmounted,false,healthy,none,2000,healthy_horizontal_no_load_2000rpm,348504,1994,288,1068,1430,4,0,204915,9,0,,,,,,,,,,
2026-06-20T13:08:17.149611+00:00,S004,commissioning_unmounted,false,healthy,none,2000,healthy_horizontal_no_load_2000rpm,348604,1995,298,1058,1432,6,0,204994,9,0,,,,,,,,,,
2026-06-20T13:08:17.243783+00:00,S004,commissioning_unmounted,false,healthy,none,2000,healthy_horizontal_no_load_2000rpm,348704,1995,298,1057,1431,3,0,205074,9,0,,,,,,,,,,
2026-06-20T13:08:17.337127+00:00,S004,commissioning_unmounted,false,healthy,none,2000,healthy_horizontal_no_load_2000rpm,348804,1998,300,1056,1432,5,0,205154,9,0,,,,,,,,,,
2026-06-20T13:08:17.430222+00:00,S004,commissioning_unmounted,false,healthy,none,2000,healthy_horizontal_no_load_2000rpm,348904,1996,301,1057,1435,6,0,205234,9,0,,,,,,,,,,
2026-06-20T13:08:17.523298+00:00,S004,commissioning_unmounted,false,healthy,none,2000,healthy_horizontal_no_load_2000rpm,349004,1993,301,1059,1437,3,0,205314,9,0,,,,,,,,,,
2026-06-20T13:08:17.617686+00:00,S004,commissioning_unmounted,false,healthy,none,2000,healthy_horizontal_no_load_2000rpm,349104,1996,303,1057,1437,5,0,205394,9,0,,,,,,,,,,
2026-06-20T13:08:17.758864+00:00,S004,commissioning_unmounted,false,healthy,none,2000,healthy_horizontal_no_load_2000rpm,349204,1996,300,1059,1435,4,0,205473,9,0,,,,,,,,,,
2026-06-20T13:08:17.852457+00:00,S004,commissioning_unmounted,false,healthy,none,2000,healthy_horizontal_no_load_2000rpm,349304,1995,292,1067,1433,2,0,205553,9,0,,,,,,,,,,
2026-06-20T13:08:17.946302+00:00,S004,commissioning_unmounted,false,healthy,none,2000,healthy_horizontal_no_load_2000rpm,349404,1993,294,1064,1433,1,0,205633,9,0,,,,,,,,,,
2026-06-20T13:08:18.040648+00:00,S004,commissioning_unmounted,false,healthy,none,2000,healthy_horizontal_no_load_2000rpm,349504,1994,293,1066,1434,4,0,205713,9,0,,,,,,,,,,
2026-06-20T13:08:18.134738+00:00,S004,commissioning_unmounted,false,healthy,none,2000,healthy_horizontal_no_load_2000rpm,349604,1996,302,1056,1435,2,0,205793,9,0,,,,,,,,,,
2026-06-20T13:08:18.229197+00:00,S004,commissioning_unmounted,false,healthy,none,2000,healthy_horizontal_no_load_2000rpm,349704,1993,302,1058,1437,3,0,205872,9,0,,,,,,,,,,
2026-06-20T13:08:18.322085+00:00,S004,commissioning_unmounted,false,healthy,none,2000,healthy_horizontal_no_load_2000rpm,349804,1993,288,1067,1429,5,0,205952,9,0,,,,,,,,,,
2026-06-20T13:08:18.416977+00:00,S004,commissioning_unmounted,false,healthy,none,2000,healthy_horizontal_no_load_2000rpm,349904,1994,300,1059,1436,6,0,206032,9,0,,,,,,,,,,
2026-06-20T13:08:18.558254+00:00,S004,commissioning_unmounted,false,healthy,none,2000,healthy_horizontal_no_load_2000rpm,350004,1996,298,1055,1429,3,0,206112,9,0,,,,,,,,,,
2026-06-20T13:08:18.652250+00:00,S004,commissioning_unmounted,false,healthy,none,2000,healthy_horizontal_no_load_2000rpm,350104,1995,295,1062,1432,5,0,206192,9,0,,,,,,,,,,
2026-06-20T13:08:18.745293+00:00,S004,commissioning_unmounted,false,healthy,none,2000,healthy_horizontal_no_load_2000rpm,350204,1994,298,1061,1435,4,0,206271,9,0,,,,,,,,,,
2026-06-20T13:08:18.839221+00:00,S004,commissioning_unmounted,false,healthy,none,2000,healthy_horizontal_no_load_2000rpm,350304,1994,296,1062,1433,2,0,206351,9,0,,,,,,,,,,
2026-06-20T13:08:18.932707+00:00,S004,commissioning_unmounted,false,healthy,none,2000,healthy_horizontal_no_load_2000rpm,350404,1995,290,1066,1430,1,0,206431,9,0,,,,,,,,,,
2026-06-20T13:08:19.026674+00:00,S004,commissioning_unmounted,false,healthy,none,2000,healthy_horizontal_no_load_2000rpm,350504,1994,294,1064,1433,4,0,206511,9,0,,,,,,,,,,
2026-06-20T13:08:19.119146+00:00,S004,commissioning_unmounted,false,healthy,none,2000,healthy_horizontal_no_load_2000rpm,350604,1995,301,1057,1434,2,0,206591,9,0,,,,,,,,,,
2026-06-20T13:08:19.212707+00:00,S004,commissioning_unmounted,false,healthy,none,2000,healthy_horizontal_no_load_2000rpm,350704,1994,297,1059,1432,3,0,206670,9,0,,,,,,,,,,
2026-06-20T13:08:19.353271+00:00,S004,commissioning_unmounted,false,healthy,none,2000,healthy_horizontal_no_load_2000rpm,350804,1995,300,1059,1435,5,0,206750,9,0,,,,,,,,,,
2026-06-20T13:08:19.445749+00:00,S004,commissioning_unmounted,false,healthy,none,2000,healthy_horizontal_no_load_2000rpm,350904,1995,293,1066,1434,6,0,206830,9,0,,,,,,,,,,
2026-06-20T13:08:19.538606+00:00,S004,commissioning_unmounted,false,healthy,none,2000,healthy_horizontal_no_load_2000rpm,351004,1992,288,1067,1429,3,0,206910,9,0,,,,,,,,,,
2026-06-20T13:08:19.632716+00:00,S004,commissioning_unmounted,false,healthy,none,2000,healthy_horizontal_no_load_2000rpm,351104,1994,300,1059,1435,1,0,206989,9,0,,,,,,,,,,
2026-06-20T13:08:19.726753+00:00,S004,commissioning_unmounted,false,healthy,none,2000,healthy_horizontal_no_load_2000rpm,351204,1992,301,1059,1437,4,0,207069,9,0,,,,,,,,,,
2026-06-20T13:08:19.820227+00:00,S004,commissioning_unmounted,false,healthy,none,2000,healthy_horizontal_no_load_2000rpm,351304,1995,301,1057,1435,2,0,207149,9,0,,,,,,,,,,
2026-06-20T13:08:19.913820+00:00,S004,commissioning_unmounted,false,healthy,none,2000,healthy_horizontal_no_load_2000rpm,351404,1993,299,1062,1437,1,0,207229,9,0,,,,,,,,,,
2026-06-20T13:08:20.008216+00:00,S004,commissioning_unmounted,false,healthy,none,2000,healthy_horizontal_no_load_2000rpm,351504,1995,300,1060,1436,4,0,207309,9,0,,,,,,,,,,
2026-06-20T13:08:20.147083+00:00,S004,commissioning_unmounted,false,healthy,none,2000,healthy_horizontal_no_load_2000rpm,351604,1994,296,1064,1435,6,0,207388,9,0,,,,,,,,,,
2026-06-20T13:08:20.240702+00:00,S004,commissioning_unmounted,false,healthy,none,2000,healthy_horizontal_no_load_2000rpm,351704,1992,304,1057,1439,3,0,207468,9,0,,,,,,,,,,
2026-06-20T13:08:20.333783+00:00,S004,commissioning_unmounted,false,healthy,none,2000,healthy_horizontal_no_load_2000rpm,351804,1992,304,1057,1439,5,0,207548,9,0,,,,,,,,,,
2026-06-20T13:08:20.442330+00:00,S004,commissioning_unmounted,false,healthy,none,2000,healthy_horizontal_no_load_2000rpm,351904,1993,289,1069,1432,6,0,207628,9,0,,,,,,,,,,
2026-06-20T13:08:20.536198+00:00,S004,commissioning_unmounted,false,healthy,none,2000,healthy_horizontal_no_load_2000rpm,352004,1994,296,1064,1435,2,0,207707,9,0,,,,,,,,,,
2026-06-20T13:08:20.630810+00:00,S004,commissioning_unmounted,false,healthy,none,2000,healthy_horizontal_no_load_2000rpm,352104,1995,298,1060,1434,1,0,207787,9,0,,,,,,,,,,
2026-06-20T13:08:20.725611+00:00,S004,commissioning_unmounted,false,healthy,none,2000,healthy_horizontal_no_load_2000rpm,352204,1994,295,1065,1435,4,0,207867,9,0,,,,,,,,,,
2026-06-20T13:08:20.819198+00:00,S004,commissioning_unmounted,false,healthy,none,2000,healthy_horizontal_no_load_2000rpm,352304,1993,301,1059,1437,2,0,207947,9,0,,,,,,,,,,
2026-06-20T13:08:20.912470+00:00,S004,commissioning_unmounted,false,healthy,none,2000,healthy_horizontal_no_load_2000rpm,352404,1994,295,1065,1435,3,0,208026,9,0,,,,,,,,,,
2026-06-20T13:08:21.020879+00:00,S004,commissioning_unmounted,false,healthy,none,2000,healthy_horizontal_no_load_2000rpm,352504,1993,294,1066,1435,5,0,208106,9,0,,,,,,,,,,
2026-06-20T13:08:21.129655+00:00,S004,commissioning_unmounted,false,healthy,none,2000,healthy_horizontal_no_load_2000rpm,352604,1995,299,1060,1435,6,0,208186,9,0,,,,,,,,,,
2026-06-20T13:08:21.239909+00:00,S004,commissioning_unmounted,false,healthy,none,2000,healthy_horizontal_no_load_2000rpm,352704,1994,301,1059,1437,3,0,208266,9,0,,,,,,,,,,
2026-06-20T13:08:21.348338+00:00,S004,commissioning_unmounted,false,healthy,none,2000,healthy_horizontal_no_load_2000rpm,352804,1992,299,1061,1436,1,0,208345,9,0,,,,,,,,,,
2026-06-20T13:08:21.442730+00:00,S004,commissioning_unmounted,false,healthy,none,2000,healthy_horizontal_no_load_2000rpm,352904,1992,300,1060,1437,4,0,208425,9,0,,,,,,,,,,
2026-06-20T13:08:21.536028+00:00,S004,commissioning_unmounted,false,healthy,none,2000,healthy_horizontal_no_load_2000rpm,353004,1992,302,1060,1439,2,0,208505,9,0,,,,,,,,,,
2026-06-20T13:08:21.630550+00:00,S004,commissioning_unmounted,false,healthy,none,2000,healthy_horizontal_no_load_2000rpm,353104,1992,303,1059,1439,1,0,208585,9,0,,,,,,,,,,
2026-06-20T13:08:21.722349+00:00,S004,commissioning_unmounted,false,healthy,none,2000,healthy_horizontal_no_load_2000rpm,353204,1994,298,1063,1437,5,0,208664,9,0,,,,,,,,,,
2026-06-20T13:08:21.817249+00:00,S004,commissioning_unmounted,false,healthy,none,2000,healthy_horizontal_no_load_2000rpm,353304,1994,301,1059,1437,6,0,208744,9,0,,,,,,,,,,
2026-06-20T13:08:21.910358+00:00,S004,commissioning_unmounted,false,healthy,none,2000,healthy_horizontal_no_load_2000rpm,353404,1993,300,1059,1436,3,0,208824,9,0,,,,,,,,,,
2026-06-20T13:08:22.002756+00:00,S004,commissioning_unmounted,false,healthy,none,2000,healthy_horizontal_no_load_2000rpm,353504,1994,301,1057,1435,5,0,208904,9,0,,,,,,,,,,
2026-06-20T13:08:22.142274+00:00,S004,commissioning_unmounted,false,healthy,none,2000,healthy_horizontal_no_load_2000rpm,353604,1993,294,1067,1436,4,0,208983,9,0,,,,,,,,,,
2026-06-20T13:08:22.236615+00:00,S004,commissioning_unmounted,false,healthy,none,2000,healthy_horizontal_no_load_2000rpm,353704,1994,301,1059,1437,2,0,209063,9,0,,,,,,,,,,
2026-06-20T13:08:22.330012+00:00,S004,commissioning_unmounted,false,healthy,none,2000,healthy_horizontal_no_load_2000rpm,353804,1993,300,1059,1436,1,0,209143,9,0,,,,,,,,,,
2026-06-20T13:08:22.425673+00:00,S004,commissioning_unmounted,false,healthy,none,2000,healthy_horizontal_no_load_2000rpm,353904,1993,301,1059,1437,4,0,209223,9,0,,,,,,,,,,
2026-06-20T13:08:22.520055+00:00,S004,commissioning_unmounted,false,healthy,none,2000,healthy_horizontal_no_load_2000rpm,354004,1993,296,1063,1435,2,0,209303,9,0,,,,,,,,,,
2026-06-20T13:08:22.611390+00:00,S004,commissioning_unmounted,false,healthy,none,2000,healthy_horizontal_no_load_2000rpm,354104,1993,302,1058,1437,3,0,209382,9,0,,,,,,,,,,
2026-06-20T13:08:22.703926+00:00,S004,commissioning_unmounted,false,healthy,none,2000,healthy_horizontal_no_load_2000rpm,354204,1992,293,1064,1432,5,0,209462,9,0,,,,,,,,,,
2026-06-20T13:08:22.844458+00:00,S004,commissioning_unmounted,false,healthy,none,2000,healthy_horizontal_no_load_2000rpm,354304,1994,291,1069,1434,6,0,209542,9,0,,,,,,,,,,
2026-06-20T13:08:22.938014+00:00,S004,commissioning_unmounted,false,healthy,none,2000,healthy_horizontal_no_load_2000rpm,354404,1993,301,1059,1437,3,0,209622,9,0,,,,,,,,,,
2026-06-20T13:08:23.031523+00:00,S004,commissioning_unmounted,false,healthy,none,2000,healthy_horizontal_no_load_2000rpm,354504,1995,301,1058,1435,1,0,209701,9,0,,,,,,,,,,
2026-06-20T13:08:23.125627+00:00,S004,commissioning_unmounted,false,healthy,none,2000,healthy_horizontal_no_load_2000rpm,354604,1997,289,1068,1430,4,0,209781,9,0,,,,,,,,,,
2026-06-20T13:08:23.219759+00:00,S004,commissioning_unmounted,false,healthy,none,2000,healthy_horizontal_no_load_2000rpm,354704,1994,292,1067,1433,2,0,209861,9,0,,,,,,,,,,
2026-06-20T13:08:23.315286+00:00,S004,commissioning_unmounted,false,healthy,none,2000,healthy_horizontal_no_load_2000rpm,354804,1993,290,1068,1432,1,0,209941,9,0,,,,,,,,,,
2026-06-20T13:08:23.408878+00:00,S004,commissioning_unmounted,false,healthy,none,2000,healthy_horizontal_no_load_2000rpm,354904,1994,301,1058,1436,4,0,210021,9,0,,,,,,,,,,
2026-06-20T13:08:23.503105+00:00,S004,commissioning_unmounted,false,healthy,none,2000,healthy_horizontal_no_load_2000rpm,355004,1993,295,1062,1433,6,0,210100,9,0,,,,,,,,,,
2026-06-20T13:08:23.595889+00:00,S004,commissioning_unmounted,false,healthy,none,2000,healthy_horizontal_no_load_2000rpm,355104,1992,298,1060,1434,3,0,210180,9,0,,,,,,,,,,
2026-06-20T13:08:23.735284+00:00,S004,commissioning_unmounted,false,healthy,none,2000,healthy_horizontal_no_load_2000rpm,355204,1993,293,1069,1437,5,0,210260,9,0,,,,,,,,,,
2026-06-20T13:08:23.827979+00:00,S004,commissioning_unmounted,false,healthy,none,2000,healthy_horizontal_no_load_2000rpm,355304,1996,301,1059,1436,6,0,210340,9,0,,,,,,,,,,
2026-06-20T13:08:23.921537+00:00,S004,commissioning_unmounted,false,healthy,none,2000,healthy_horizontal_no_load_2000rpm,355404,1996,293,1067,1435,3,0,210420,9,0,,,,,,,,,,
2026-06-20T13:08:24.016451+00:00,S004,commissioning_unmounted,false,healthy,none,2000,healthy_horizontal_no_load_2000rpm,355504,1994,303,1055,1435,1,0,210499,9,0,,,,,,,,,,
2026-06-20T13:08:24.111396+00:00,S004,commissioning_unmounted,false,healthy,none,2000,healthy_horizontal_no_load_2000rpm,355604,1994,301,1059,1437,4,0,210579,9,0,,,,,,,,,,
2026-06-20T13:08:24.205039+00:00,S004,commissioning_unmounted,false,healthy,none,2000,healthy_horizontal_no_load_2000rpm,355704,1993,297,1062,1435,2,0,210659,9,0,,,,,,,,,,
2026-06-20T13:08:24.299111+00:00,S004,commissioning_unmounted,false,healthy,none,2000,healthy_horizontal_no_load_2000rpm,355804,1993,293,1064,1432,3,0,210738,9,0,,,,,,,,,,
2026-06-20T13:08:24.394717+00:00,S004,commissioning_unmounted,false,healthy,none,2000,healthy_horizontal_no_load_2000rpm,355904,1993,296,1059,1430,5,0,210818,9,0,,,,,,,,,,
2026-06-20T13:08:24.533397+00:00,S004,commissioning_unmounted,false,healthy,none,2000,healthy_horizontal_no_load_2000rpm,356004,1995,299,1057,1432,6,0,210898,9,0,,,,,,,,,,
2026-06-20T13:08:24.626219+00:00,S004,commissioning_unmounted,false,healthy,none,2000,healthy_horizontal_no_load_2000rpm,356104,1993,296,1062,1434,3,0,210978,9,0,,,,,,,,,,
2026-06-20T13:08:24.720809+00:00,S004,commissioning_unmounted,false,healthy,none,2000,healthy_horizontal_no_load_2000rpm,356204,1992,304,1057,1439,5,0,211058,9,0,,,,,,,,,,
2026-06-20T13:08:24.813167+00:00,S004,commissioning_unmounted,false,healthy,none,2000,healthy_horizontal_no_load_2000rpm,356304,1992,291,1064,1430,4,0,211137,9,0,,,,,,,,,,
2026-06-20T13:08:24.905273+00:00,S004,commissioning_unmounted,false,healthy,none,2000,healthy_horizontal_no_load_2000rpm,356404,1993,293,1066,1434,2,0,211217,9,0,,,,,,,,,,
2026-06-20T13:08:24.996621+00:00,S004,commissioning_unmounted,false,healthy,none,2000,healthy_horizontal_no_load_2000rpm,356504,1994,290,1066,1430,1,0,211297,9,0,,,,,,,,,,
2026-06-20T13:08:25.090963+00:00,S004,commissioning_unmounted,false,healthy,none,2000,healthy_horizontal_no_load_2000rpm,356604,1993,300,1060,1436,4,0,211377,9,0,,,,,,,,,,
2026-06-20T13:08:25.232860+00:00,S004,commissioning_unmounted,false,healthy,none,2000,healthy_horizontal_no_load_2000rpm,356704,1995,297,1059,1432,6,0,211456,9,0,,,,,,,,,,
2026-06-20T13:08:25.328350+00:00,S004,commissioning_unmounted,false,healthy,none,2000,healthy_horizontal_no_load_2000rpm,356804,1996,301,1058,1435,3,0,211536,9,0,,,,,,,,,,
2026-06-20T13:08:25.423633+00:00,S004,commissioning_unmounted,false,healthy,none,2000,healthy_horizontal_no_load_2000rpm,356904,1994,296,1059,1431,5,0,211616,9,0,,,,,,,,,,
2026-06-20T13:08:25.517614+00:00,S004,commissioning_unmounted,false,healthy,none,2000,healthy_horizontal_no_load_2000rpm,357004,1993,299,1059,1435,6,0,211696,9,0,,,,,,,,,,
2026-06-20T13:08:25.611322+00:00,S004,commissioning_unmounted,false,healthy,none,2000,healthy_horizontal_no_load_2000rpm,357104,1996,301,1058,1435,3,0,211776,9,0,,,,,,,,,,
2026-06-20T13:08:25.704714+00:00,S004,commissioning_unmounted,false,healthy,none,2000,healthy_horizontal_no_load_2000rpm,357204,1994,292,1069,1435,1,0,211855,9,0,,,,,,,,,,
2026-06-20T13:08:25.798811+00:00,S004,commissioning_unmounted,false,healthy,none,2000,healthy_horizontal_no_load_2000rpm,357304,1994,299,1058,1433,4,0,211935,9,0,,,,,,,,,,
2026-06-20T13:08:25.893901+00:00,S004,commissioning_unmounted,false,healthy,none,2000,healthy_horizontal_no_load_2000rpm,357404,1992,299,1060,1436,2,0,212015,9,0,,,,,,,,,,
2026-06-20T13:08:25.988269+00:00,S004,commissioning_unmounted,false,healthy,none,2000,healthy_horizontal_no_load_2000rpm,357504,1996,285,1069,1427,1,0,212095,9,0,,,,,,,,,,
2026-06-20T13:08:26.127136+00:00,S004,commissioning_unmounted,false,healthy,none,2000,healthy_horizontal_no_load_2000rpm,357604,1995,294,1064,1433,4,0,212175,9,0,,,,,,,,,,
2026-06-20T13:08:26.221396+00:00,S004,commissioning_unmounted,false,healthy,none,2000,healthy_horizontal_no_load_2000rpm,357704,1993,292,1066,1432,6,0,212254,9,0,,,,,,,,,,
2026-06-20T13:08:26.317184+00:00,S004,commissioning_unmounted,false,healthy,none,2000,healthy_horizontal_no_load_2000rpm,357804,1995,300,1057,1434,3,0,212334,9,0,,,,,,,,,,
2026-06-20T13:08:26.411289+00:00,S004,commissioning_unmounted,false,healthy,none,2000,healthy_horizontal_no_load_2000rpm,357904,1995,295,1063,1433,5,0,212414,9,0,,,,,,,,,,
2026-06-20T13:08:26.505271+00:00,S004,commissioning_unmounted,false,healthy,none,2000,healthy_horizontal_no_load_2000rpm,358004,1994,291,1068,1433,6,0,212494,9,0,,,,,,,,,,
2026-06-20T13:08:26.599907+00:00,S004,commissioning_unmounted,false,healthy,none,2000,healthy_horizontal_no_load_2000rpm,358104,1995,300,1060,1436,2,0,212573,9,0,,,,,,,,,,
2026-06-20T13:08:26.693505+00:00,S004,commissioning_unmounted,false,healthy,none,2000,healthy_horizontal_no_load_2000rpm,358204,1995,292,1064,1430,1,0,212653,9,0,,,,,,,,,,
2026-06-20T13:08:26.786978+00:00,S004,commissioning_unmounted,false,healthy,none,2000,healthy_horizontal_no_load_2000rpm,358304,1994,293,1064,1432,4,0,212733,9,0,,,,,,,,,,
2026-06-20T13:08:26.929669+00:00,S004,commissioning_unmounted,false,healthy,none,2000,healthy_horizontal_no_load_2000rpm,358404,1995,299,1057,1432,2,0,212813,9,0,,,,,,,,,,
2026-06-20T13:08:27.025587+00:00,S004,commissioning_unmounted,false,healthy,none,2000,healthy_horizontal_no_load_2000rpm,358504,1992,291,1064,1430,1,0,212893,9,0,,,,,,,,,,
2026-06-20T13:08:27.120421+00:00,S004,commissioning_unmounted,false,healthy,none,2000,healthy_horizontal_no_load_2000rpm,358604,1994,298,1059,1433,5,0,212972,9,0,,,,,,,,,,
2026-06-20T13:08:27.214560+00:00,S004,commissioning_unmounted,false,healthy,none,2000,healthy_horizontal_no_load_2000rpm,358704,1995,302,1058,1437,6,0,213052,9,0,,,,,,,,,,
2026-06-20T13:08:27.309126+00:00,S004,commissioning_unmounted,false,healthy,none,2000,healthy_horizontal_no_load_2000rpm,358804,1992,297,1062,1435,3,0,213132,9,0,,,,,,,,,,
2026-06-20T13:08:27.402973+00:00,S004,commissioning_unmounted,false,healthy,none,2000,healthy_horizontal_no_load_2000rpm,358904,1996,297,1056,1428,5,0,213212,9,0,,,,,,,,,,
2026-06-20T13:08:27.497409+00:00,S004,commissioning_unmounted,false,healthy,none,2000,healthy_horizontal_no_load_2000rpm,359004,1991,283,1071,1427,4,0,213291,9,0,,,,,,,,,,
2026-06-20T13:08:27.592770+00:00,S004,commissioning_unmounted,false,healthy,none,2000,healthy_horizontal_no_load_2000rpm,359104,1996,303,1057,1437,2,0,213371,9,0,,,,,,,,,,
2026-06-20T13:08:27.687346+00:00,S004,commissioning_unmounted,false,healthy,none,2000,healthy_horizontal_no_load_2000rpm,359204,1992,294,1064,1433,1,0,213451,9,0,,,,,,,,,,
2026-06-20T13:08:27.829542+00:00,S004,commissioning_unmounted,false,healthy,none,2000,healthy_horizontal_no_load_2000rpm,359304,1995,299,1059,1434,4,0,213531,9,0,,,,,,,,,,
2026-06-20T13:08:27.923819+00:00,S004,commissioning_unmounted,false,healthy,none,2000,healthy_horizontal_no_load_2000rpm,359404,1994,296,1066,1437,2,0,213611,9,0,,,,,,,,,,
2026-06-20T13:08:28.018659+00:00,S004,commissioning_unmounted,false,healthy,none,2000,healthy_horizontal_no_load_2000rpm,359504,1993,296,1064,1435,3,0,213690,9,0,,,,,,,,,,
2026-06-20T13:08:28.111295+00:00,S004,commissioning_unmounted,false,healthy,none,2000,healthy_horizontal_no_load_2000rpm,359604,1995,292,1066,1433,5,0,213770,9,0,,,,,,,,,,
2026-06-20T13:08:28.204592+00:00,S004,commissioning_unmounted,false,healthy,none,2000,healthy_horizontal_no_load_2000rpm,359704,1995,290,1066,1430,6,0,213850,9,0,,,,,,,,,,
2026-06-20T13:08:28.297817+00:00,S004,commissioning_unmounted,false,healthy,none,2000,healthy_horizontal_no_load_2000rpm,359804,1996,289,1066,1428,3,0,213930,9,0,,,,,,,,,,
2026-06-20T13:08:28.391842+00:00,S004,commissioning_unmounted,false,healthy,none,2000,healthy_horizontal_no_load_2000rpm,359904,1995,299,1059,1434,1,0,214009,9,0,,,,,,,,,,
2026-06-20T13:08:28.484698+00:00,S004,commissioning_unmounted,false,healthy,none,2000,healthy_horizontal_no_load_2000rpm,360004,1992,293,1069,1437,4,0,214089,9,0,,,,,,,,,,
2026-06-20T13:08:28.579325+00:00,S004,commissioning_unmounted,false,healthy,none,2000,healthy_horizontal_no_load_2000rpm,360104,1996,298,1061,1435,2,0,214169,9,0,,,,,,,,,,
2026-06-20T13:08:28.709722+00:00,S004,commissioning_unmounted,false,healthy,none,2000,healthy_horizontal_no_load_2000rpm,360204,1992,288,1067,1429,1,0,214249,9,0,,,,,,,,,,
2026-06-20T13:08:28.802794+00:00,S004,commissioning_unmounted,false,healthy,none,2000,healthy_horizontal_no_load_2000rpm,360304,1993,298,1063,1437,4,0,214329,9,0,,,,,,,,,,
2026-06-20T13:08:28.908651+00:00,S004,commissioning_unmounted,false,healthy,none,2000,healthy_horizontal_no_load_2000rpm,360404,1994,288,1069,1430,6,0,214408,9,0,,,,,,,,,,
2026-06-20T13:08:28.990696+00:00,S004,commissioning_unmounted,false,healthy,none,2000,healthy_horizontal_no_load_2000rpm,360504,1992,295,1063,1433,3,0,214488,9,0,,,,,,,,,,
2026-06-20T13:08:29.085703+00:00,S004,commissioning_unmounted,false,healthy,none,2000,healthy_horizontal_no_load_2000rpm,360604,1993,301,1059,1437,5,0,214568,9,0,,,,,,,,,,
2026-06-20T13:08:29.178812+00:00,S004,commissioning_unmounted,false,healthy,none,2000,healthy_horizontal_no_load_2000rpm,360704,1993,299,1062,1437,6,0,214648,9,0,,,,,,,,,,
2026-06-20T13:08:29.319739+00:00,S004,commissioning_unmounted,false,healthy,none,2000,healthy_horizontal_no_load_2000rpm,360804,1995,300,1057,1434,2,0,214727,9,0,,,,,,,,,,
2026-06-20T13:08:29.378575+00:00,S004,commissioning_unmounted,false,healthy,none,2000,healthy_horizontal_no_load_2000rpm,360904,1993,303,1057,1437,1,0,214807,9,0,,,,,,,,,,
2026-06-20T13:08:29.518594+00:00,S004,commissioning_unmounted,false,healthy,none,2000,healthy_horizontal_no_load_2000rpm,361004,1993,297,1062,1435,4,0,214887,9,0,,,,,,,,,,
2026-06-20T13:08:29.613720+00:00,S004,commissioning_unmounted,false,healthy,none,2000,healthy_horizontal_no_load_2000rpm,361104,1996,299,1060,1435,2,0,214967,9,0,,,,,,,,,,
2026-06-20T13:08:29.694791+00:00,S004,commissioning_unmounted,false,healthy,none,2000,healthy_horizontal_no_load_2000rpm,361204,1995,295,1065,1435,1,0,215047,9,0,,,,,,,,,,
2026-06-20T13:08:29.793827+00:00,S004,commissioning_unmounted,false,healthy,none,2000,healthy_horizontal_no_load_2000rpm,361304,1994,297,1062,1435,5,0,215126,9,0,,,,,,,,,,
2026-06-20T13:08:29.881733+00:00,S004,commissioning_unmounted,false,healthy,none,2000,healthy_horizontal_no_load_2000rpm,361404,1995,296,1064,1435,6,0,215206,9,0,,,,,,,,,,
2026-06-20T13:08:29.974627+00:00,S004,commissioning_unmounted,false,healthy,none,2000,healthy_horizontal_no_load_2000rpm,361504,1993,304,1057,1439,3,0,215286,9,0,,,,,,,,,,
2026-06-20T13:08:30.077138+00:00,S004,commissioning_unmounted,false,healthy,none,2000,healthy_horizontal_no_load_2000rpm,361604,1995,300,1060,1436,5,0,215366,9,0,,,,,,,,,,
2026-06-20T13:08:30.218914+00:00,S004,commissioning_unmounted,false,healthy,none,2000,healthy_horizontal_no_load_2000rpm,361704,1993,302,1058,1437,4,0,215445,9,0,,,,,,,,,,
2026-06-20T13:08:30.310732+00:00,S004,commissioning_unmounted,false,healthy,none,2000,healthy_horizontal_no_load_2000rpm,361804,1995,300,1059,1435,2,0,215525,9,0,,,,,,,,,,
2026-06-20T13:08:30.405104+00:00,S004,commissioning_unmounted,false,healthy,none,2000,healthy_horizontal_no_load_2000rpm,361904,1995,300,1060,1436,1,0,215605,9,0,,,,,,,,,,
2026-06-20T13:08:30.499644+00:00,S004,commissioning_unmounted,false,healthy,none,2000,healthy_horizontal_no_load_2000rpm,362004,1993,301,1059,1437,4,0,215685,9,0,,,,,,,,,,
2026-06-20T13:08:30.592931+00:00,S004,commissioning_unmounted,false,healthy,none,2000,healthy_horizontal_no_load_2000rpm,362104,1994,300,1059,1435,2,0,215765,9,0,,,,,,,,,,
2026-06-20T13:08:30.688868+00:00,S004,commissioning_unmounted,false,healthy,none,2000,healthy_horizontal_no_load_2000rpm,362204,1995,292,1069,1435,3,0,215844,9,0,,,,,,,,,,
2026-06-20T13:08:30.782841+00:00,S004,commissioning_unmounted,false,healthy,none,2000,healthy_horizontal_no_load_2000rpm,362304,1994,297,1062,1435,5,0,215924,9,0,,,,,,,,,,
2026-06-20T13:08:30.878042+00:00,S004,commissioning_unmounted,false,healthy,none,2000,healthy_horizontal_no_load_2000rpm,362404,1993,296,1062,1434,6,0,216004,9,0,,,,,,,,,,
2026-06-20T13:08:30.972748+00:00,S004,commissioning_unmounted,false,healthy,none,2000,healthy_horizontal_no_load_2000rpm,362504,1995,298,1061,1435,3,0,216084,9,0,,,,,,,,,,
2026-06-20T13:08:31.115508+00:00,S004,commissioning_unmounted,false,healthy,none,2000,healthy_horizontal_no_load_2000rpm,362604,1992,301,1059,1437,5,0,216164,9,0,,,,,,,,,,
2026-06-20T13:08:31.177764+00:00,S004,commissioning_unmounted,false,healthy,none,2000,healthy_horizontal_no_load_2000rpm,362704,1994,298,1058,1432,4,0,216243,9,0,,,,,,,,,,
2026-06-20T13:08:31.286684+00:00,S004,commissioning_unmounted,false,healthy,none,2000,healthy_horizontal_no_load_2000rpm,362804,1994,297,1062,1435,2,0,216323,9,0,,,,,,,,,,
2026-06-20T13:08:31.412925+00:00,S004,commissioning_unmounted,false,healthy,none,2000,healthy_horizontal_no_load_2000rpm,362904,1994,300,1059,1436,1,0,216403,9,0,,,,,,,,,,
2026-06-20T13:08:31.506578+00:00,S004,commissioning_unmounted,false,healthy,none,2000,healthy_horizontal_no_load_2000rpm,363004,1994,299,1059,1434,4,0,216483,9,0,,,,,,,,,,
2026-06-20T13:08:31.600609+00:00,S004,commissioning_unmounted,false,healthy,none,2000,healthy_horizontal_no_load_2000rpm,363104,1993,301,1059,1437,6,0,216562,9,0,,,,,,,,,,
2026-06-20T13:08:31.694719+00:00,S004,commissioning_unmounted,false,healthy,none,2000,healthy_horizontal_no_load_2000rpm,363204,1994,301,1059,1437,3,0,216642,9,0,,,,,,,,,,
2026-06-20T13:08:31.789279+00:00,S004,commissioning_unmounted,false,healthy,none,2000,healthy_horizontal_no_load_2000rpm,363304,1996,290,1066,1430,5,0,216722,9,0,,,,,,,,,,
2026-06-20T13:08:31.883637+00:00,S004,commissioning_unmounted,false,healthy,none,2000,healthy_horizontal_no_load_2000rpm,363404,1996,297,1061,1433,6,0,216802,9,0,,,,,,,,,,
2026-06-20T13:08:31.978237+00:00,S004,commissioning_unmounted,false,healthy,none,2000,healthy_horizontal_no_load_2000rpm,363504,1995,298,1060,1434,3,0,216882,9,0,,,,,,,,,,
2026-06-20T13:08:32.072139+00:00,S004,commissioning_unmounted,false,healthy,none,2000,healthy_horizontal_no_load_2000rpm,363604,1994,287,1068,1428,1,0,216961,9,0,,,,,,,,,,
2026-06-20T13:08:32.212156+00:00,S004,commissioning_unmounted,false,healthy,none,2000,healthy_horizontal_no_load_2000rpm,363704,1994,296,1062,1433,4,0,217041,9,0,,,,,,,,,,
2026-06-20T13:08:32.306283+00:00,S004,commissioning_unmounted,false,healthy,none,2000,healthy_horizontal_no_load_2000rpm,363804,1994,296,1064,1436,2,0,217121,9,0,,,,,,,,,,
2026-06-20T13:08:32.400642+00:00,S004,commissioning_unmounted,false,healthy,none,2000,healthy_horizontal_no_load_2000rpm,363904,1995,292,1067,1434,1,0,217201,9,0,,,,,,,,,,
2026-06-20T13:08:32.493203+00:00,S004,commissioning_unmounted,false,healthy,none,2000,healthy_horizontal_no_load_2000rpm,364004,1995,296,1062,1433,4,0,217281,9,0,,,,,,,,,,
2026-06-20T13:08:32.585695+00:00,S004,commissioning_unmounted,false,healthy,none,2000,healthy_horizontal_no_load_2000rpm,364104,1995,303,1057,1437,6,0,217360,9,0,,,,,,,,,,
2026-06-20T13:08:32.678816+00:00,S004,commissioning_unmounted,false,healthy,none,2000,healthy_horizontal_no_load_2000rpm,364204,1993,303,1057,1437,3,0,217440,9,0,,,,,,,,,,
2026-06-20T13:08:32.772316+00:00,S004,commissioning_unmounted,false,healthy,none,2000,healthy_horizontal_no_load_2000rpm,364304,1995,292,1067,1434,5,0,217520,9,0,,,,,,,,,,
2026-06-20T13:08:32.865824+00:00,S004,commissioning_unmounted,false,healthy,none,2000,healthy_horizontal_no_load_2000rpm,364404,1992,304,1057,1439,6,0,217600,9,0,,,,,,,,,,
2026-06-20T13:08:33.008305+00:00,S004,commissioning_unmounted,false,healthy,none,2000,healthy_horizontal_no_load_2000rpm,364504,1994,296,1059,1431,2,0,217679,9,0,,,,,,,,,,
2026-06-20T13:08:33.101651+00:00,S004,commissioning_unmounted,false,healthy,none,2000,healthy_horizontal_no_load_2000rpm,364604,1995,299,1058,1433,1,0,217759,9,0,,,,,,,,,,
2026-06-20T13:08:33.194690+00:00,S004,commissioning_unmounted,false,healthy,none,2000,healthy_horizontal_no_load_2000rpm,364704,1995,303,1057,1437,4,0,217839,9,0,,,,,,,,,,
2026-06-20T13:08:33.288820+00:00,S004,commissioning_unmounted,false,healthy,none,2000,healthy_horizontal_no_load_2000rpm,364804,1992,291,1066,1432,2,0,217919,9,0,,,,,,,,,,
2026-06-20T13:08:33.381664+00:00,S004,commissioning_unmounted,false,healthy,none,2000,healthy_horizontal_no_load_2000rpm,364904,1994,302,1058,1437,1,0,217999,9,0,,,,,,,,,,
2026-06-20T13:08:33.476630+00:00,S004,commissioning_unmounted,false,healthy,none,2000,healthy_horizontal_no_load_2000rpm,365004,1992,296,1062,1434,5,0,218078,9,0,,,,,,,,,,
2026-06-20T13:08:33.570082+00:00,S004,commissioning_unmounted,false,healthy,none,2000,healthy_horizontal_no_load_2000rpm,365104,1995,296,1064,1435,6,0,218158,9,0,,,,,,,,,,
2026-06-20T13:08:33.664909+00:00,S004,commissioning_unmounted,false,healthy,none,2000,healthy_horizontal_no_load_2000rpm,365204,1993,292,1067,1434,3,0,218238,9,0,,,,,,,,,,
2026-06-20T13:08:33.807720+00:00,S004,commissioning_unmounted,false,healthy,none,2000,healthy_horizontal_no_load_2000rpm,365304,1995,287,1068,1428,5,0,218318,9,0,,,,,,,,,,
2026-06-20T13:08:33.899658+00:00,S004,commissioning_unmounted,false,healthy,none,2000,healthy_horizontal_no_load_2000rpm,365404,1993,297,1059,1432,4,0,218397,9,0,,,,,,,,,,
2026-06-20T13:08:33.993696+00:00,S004,commissioning_unmounted,false,healthy,none,2000,healthy_horizontal_no_load_2000rpm,365504,1994,296,1066,1437,2,0,218477,9,0,,,,,,,,,,
2026-06-20T13:08:34.087799+00:00,S004,commissioning_unmounted,false,healthy,none,2000,healthy_horizontal_no_load_2000rpm,365604,1991,293,1064,1432,1,0,218557,9,0,,,,,,,,,,
2026-06-20T13:08:34.180765+00:00,S004,commissioning_unmounted,false,healthy,none,2000,healthy_horizontal_no_load_2000rpm,365704,1997,298,1061,1434,4,0,218637,9,0,,,,,,,,,,
2026-06-20T13:08:34.273312+00:00,S004,commissioning_unmounted,false,healthy,none,2000,healthy_horizontal_no_load_2000rpm,365804,1992,295,1068,1439,2,0,218717,9,0,,,,,,,,,,
2026-06-20T13:08:34.365700+00:00,S004,commissioning_unmounted,false,healthy,none,2000,healthy_horizontal_no_load_2000rpm,365904,1995,300,1059,1435,3,0,218796,9,0,,,,,,,,,,
2026-06-20T13:08:34.473849+00:00,S004,commissioning_unmounted,false,healthy,none,2000,healthy_horizontal_no_load_2000rpm,366004,1995,298,1059,1433,5,0,218876,9,0,,,,,,,,,,
2026-06-20T13:08:34.567683+00:00,S004,commissioning_unmounted,false,healthy,none,2000,healthy_horizontal_no_load_2000rpm,366104,1993,304,1057,1438,6,0,218956,9,0,,,,,,,,,,
2026-06-20T13:08:34.694744+00:00,S004,commissioning_unmounted,false,healthy,none,2000,healthy_horizontal_no_load_2000rpm,366204,1996,290,1066,1430,3,0,219036,9,0,,,,,,,,,,
2026-06-20T13:08:34.789024+00:00,S004,commissioning_unmounted,false,healthy,none,2000,healthy_horizontal_no_load_2000rpm,366304,1996,293,1068,1435,5,0,219116,9,0,,,,,,,,,,
2026-06-20T13:08:34.882477+00:00,S004,commissioning_unmounted,false,healthy,none,2000,healthy_horizontal_no_load_2000rpm,366404,1994,301,1059,1437,4,0,219195,9,0,,,,,,,,,,
2026-06-20T13:08:34.975753+00:00,S004,commissioning_unmounted,false,healthy,none,2000,healthy_horizontal_no_load_2000rpm,366504,1993,298,1063,1437,2,0,219275,9,0,,,,,,,,,,
2026-06-20T13:08:35.069921+00:00,S004,commissioning_unmounted,false,healthy,none,2000,healthy_horizontal_no_load_2000rpm,366604,1997,298,1061,1434,1,0,219355,9,0,,,,,,,,,,
2026-06-20T13:08:35.162681+00:00,S004,commissioning_unmounted,false,healthy,none,2000,healthy_horizontal_no_load_2000rpm,366704,1995,304,1056,1437,4,0,219435,9,0,,,,,,,,,,
2026-06-20T13:08:35.303451+00:00,S004,commissioning_unmounted,false,healthy,none,2000,healthy_horizontal_no_load_2000rpm,366804,1995,301,1057,1435,2,0,219515,9,0,,,,,,,,,,
2026-06-20T13:08:35.412119+00:00,S004,commissioning_unmounted,false,healthy,none,2000,healthy_horizontal_no_load_2000rpm,366904,1995,297,1061,1433,1,0,219595,9,0,,,,,,,,,,
2026-06-20T13:08:35.473116+00:00,S004,commissioning_unmounted,false,healthy,none,2000,healthy_horizontal_no_load_2000rpm,367004,1996,297,1064,1436,5,0,219674,9,0,,,,,,,,,,
2026-06-20T13:08:35.565699+00:00,S004,commissioning_unmounted,false,healthy,none,2000,healthy_horizontal_no_load_2000rpm,367104,1995,290,1066,1430,6,0,219754,9,0,,,,,,,,,,
2026-06-20T13:08:35.657655+00:00,S004,commissioning_unmounted,false,healthy,none,2000,healthy_horizontal_no_load_2000rpm,367204,1994,290,1066,1430,3,0,219834,9,0,,,,,,,,,,
2026-06-20T13:08:35.798555+00:00,S004,commissioning_unmounted,false,healthy,none,2000,healthy_horizontal_no_load_2000rpm,367304,1994,300,1060,1436,5,0,219914,9,0,,,,,,,,,,
2026-06-20T13:08:35.891223+00:00,S004,commissioning_unmounted,false,healthy,none,2000,healthy_horizontal_no_load_2000rpm,367404,1992,303,1059,1439,4,0,219993,9,0,,,,,,,,,,
2026-06-20T13:08:35.984660+00:00,S004,commissioning_unmounted,false,healthy,none,2000,healthy_horizontal_no_load_2000rpm,367504,1998,289,1066,1428,2,0,220073,9,0,,,,,,,,,,
2026-06-20T13:08:36.078686+00:00,S004,commissioning_unmounted,false,healthy,none,2000,healthy_horizontal_no_load_2000rpm,367604,1996,288,1069,1430,1,0,220153,9,0,,,,,,,,,,
2026-06-20T13:08:36.172898+00:00,S004,commissioning_unmounted,false,healthy,none,2000,healthy_horizontal_no_load_2000rpm,367704,1994,292,1068,1434,4,0,220233,9,0,,,,,,,,,,
2026-06-20T13:08:36.267379+00:00,S004,commissioning_unmounted,false,healthy,none,2000,healthy_horizontal_no_load_2000rpm,367804,1994,292,1066,1432,2,0,220313,9,0,,,,,,,,,,
2026-06-20T13:08:36.361983+00:00,S004,commissioning_unmounted,false,healthy,none,2000,healthy_horizontal_no_load_2000rpm,367904,1995,294,1067,1436,1,0,220393,9,0,,,,,,,,,,
2026-06-20T13:08:36.455585+00:00,S004,commissioning_unmounted,false,healthy,none,2000,healthy_horizontal_no_load_2000rpm,368004,1992,289,1066,1429,5,0,220472,9,0,,,,,,,,,,
2026-06-20T13:08:36.595665+00:00,S004,commissioning_unmounted,false,healthy,none,2000,healthy_horizontal_no_load_2000rpm,368104,1996,303,1057,1437,6,0,220552,9,0,,,,,,,,,,
2026-06-20T13:08:36.688833+00:00,S004,commissioning_unmounted,false,healthy,none,2000,healthy_horizontal_no_load_2000rpm,368204,1993,291,1068,1434,3,0,220632,9,0,,,,,,,,,,
2026-06-20T13:08:36.781548+00:00,S004,commissioning_unmounted,false,healthy,none,2000,healthy_horizontal_no_load_2000rpm,368304,1993,303,1058,1438,1,0,220711,9,0,,,,,,,,,,
2026-06-20T13:08:36.875658+00:00,S004,commissioning_unmounted,false,healthy,none,2000,healthy_horizontal_no_load_2000rpm,368404,1992,292,1070,1437,4,0,220791,9,0,,,,,,,,,,
2026-06-20T13:08:36.970093+00:00,S004,commissioning_unmounted,false,healthy,none,2000,healthy_horizontal_no_load_2000rpm,368504,1993,290,1066,1430,2,0,220871,9,0,,,,,,,,,,
2026-06-20T13:08:37.063912+00:00,S004,commissioning_unmounted,false,healthy,none,2000,healthy_horizontal_no_load_2000rpm,368604,1993,296,1061,1433,1,0,220951,9,0,,,,,,,,,,
2026-06-20T13:08:37.157702+00:00,S004,commissioning_unmounted,false,healthy,none,2000,healthy_horizontal_no_load_2000rpm,368704,1994,295,1063,1433,4,0,221031,9,0,,,,,,,,,,
2026-06-20T13:08:37.252720+00:00,S004,commissioning_unmounted,false,healthy,none,2000,healthy_horizontal_no_load_2000rpm,368804,1996,301,1057,1435,6,0,221110,9,0,,,,,,,,,,
2026-06-20T13:08:37.392570+00:00,S004,commissioning_unmounted,false,healthy,none,2000,healthy_horizontal_no_load_2000rpm,368904,1995,298,1061,1435,3,0,221190,9,0,,,,,,,,,,
2026-06-20T13:08:37.486014+00:00,S004,commissioning_unmounted,false,healthy,none,2000,healthy_horizontal_no_load_2000rpm,369004,1995,297,1061,1434,5,0,221270,9,0,,,,,,,,,,
2026-06-20T13:08:37.581271+00:00,S004,commissioning_unmounted,false,healthy,none,2000,healthy_horizontal_no_load_2000rpm,369104,1992,288,1067,1429,6,0,221350,9,0,,,,,,,,,,
2026-06-20T13:08:37.673098+00:00,S004,commissioning_unmounted,false,healthy,none,2000,healthy_horizontal_no_load_2000rpm,369204,1993,299,1062,1437,3,0,221430,9,0,,,,,,,,,,
2026-06-20T13:08:37.766540+00:00,S004,commissioning_unmounted,false,healthy,none,2000,healthy_horizontal_no_load_2000rpm,369304,1994,303,1057,1437,1,0,221509,9,0,,,,,,,,,,
2026-06-20T13:08:37.861258+00:00,S004,commissioning_unmounted,false,healthy,none,2000,healthy_horizontal_no_load_2000rpm,369404,1996,299,1057,1432,4,0,221589,9,0,,,,,,,,,,
2026-06-20T13:08:37.954131+00:00,S004,commissioning_unmounted,false,healthy,none,2000,healthy_horizontal_no_load_2000rpm,369504,1996,301,1057,1434,2,0,221669,9,0,,,,,,,,,,
2026-06-20T13:08:38.091815+00:00,S004,commissioning_unmounted,false,healthy,none,2000,healthy_horizontal_no_load_2000rpm,369604,1995,302,1057,1436,1,0,221749,9,0,,,,,,,,,,
2026-06-20T13:08:38.186704+00:00,S004,commissioning_unmounted,false,healthy,none,2000,healthy_horizontal_no_load_2000rpm,369704,1992,301,1058,1436,4,0,221829,9,0,,,,,,,,,,
2026-06-20T13:08:38.278665+00:00,S004,commissioning_unmounted,false,healthy,none,2000,healthy_horizontal_no_load_2000rpm,369804,1996,289,1066,1428,6,0,221908,9,0,,,,,,,,,,
2026-06-20T13:08:38.373397+00:00,S004,commissioning_unmounted,false,healthy,none,2000,healthy_horizontal_no_load_2000rpm,369904,1995,293,1067,1435,3,0,221988,9,0,,,,,,,,,,
2026-06-20T13:08:38.468482+00:00,S004,commissioning_unmounted,false,healthy,none,2000,healthy_horizontal_no_load_2000rpm,370004,1993,299,1057,1432,5,0,222068,9,0,,,,,,,,,,
2026-06-20T13:08:38.561664+00:00,S004,commissioning_unmounted,false,healthy,none,2000,healthy_horizontal_no_load_2000rpm,370104,1992,301,1059,1437,6,0,222148,9,0,,,,,,,,,,
2026-06-20T13:08:38.655618+00:00,S004,commissioning_unmounted,false,healthy,none,2000,healthy_horizontal_no_load_2000rpm,370204,1996,297,1061,1434,3,0,222228,9,0,,,,,,,,,,
2026-06-20T13:08:38.749591+00:00,S004,commissioning_unmounted,false,healthy,none,2000,healthy_horizontal_no_load_2000rpm,370304,1995,298,1061,1435,1,0,222307,9,0,,,,,,,,,,
2026-06-20T13:08:38.890917+00:00,S004,commissioning_unmounted,false,healthy,none,2000,healthy_horizontal_no_load_2000rpm,370404,1992,296,1067,1439,4,0,222387,9,0,,,,,,,,,,
2026-06-20T13:08:38.983404+00:00,S004,commissioning_unmounted,false,healthy,none,2000,healthy_horizontal_no_load_2000rpm,370504,1995,294,1063,1432,2,0,222467,9,0,,,,,,,,,,
2026-06-20T13:08:39.076256+00:00,S004,commissioning_unmounted,false,healthy,none,2000,healthy_horizontal_no_load_2000rpm,370604,1995,301,1057,1435,1,0,222547,9,0,,,,,,,,,,
2026-06-20T13:08:39.169533+00:00,S004,commissioning_unmounted,false,healthy,none,2000,healthy_horizontal_no_load_2000rpm,370704,1992,295,1067,1437,5,0,222626,9,0,,,,,,,,,,
2026-06-20T13:08:39.263647+00:00,S004,commissioning_unmounted,false,healthy,none,2000,healthy_horizontal_no_load_2000rpm,370804,1994,296,1059,1431,6,0,222706,9,0,,,,,,,,,,
2026-06-20T13:08:39.356699+00:00,S004,commissioning_unmounted,false,healthy,none,2000,healthy_horizontal_no_load_2000rpm,370904,1995,293,1066,1434,3,0,222786,9,0,,,,,,,,,,
2026-06-20T13:08:39.451543+00:00,S004,commissioning_unmounted,false,healthy,none,2000,healthy_horizontal_no_load_2000rpm,371004,1994,296,1064,1435,5,0,222866,9,0,,,,,,,,,,
2026-06-20T13:08:39.544642+00:00,S004,commissioning_unmounted,false,healthy,none,2000,healthy_horizontal_no_load_2000rpm,371104,1994,289,1069,1432,6,0,222946,9,0,,,,,,,,,,
2026-06-20T13:08:39.684601+00:00,S004,commissioning_unmounted,false,healthy,none,2000,healthy_horizontal_no_load_2000rpm,371204,1993,293,1066,1434,3,0,223026,9,0,,,,,,,,,,
2026-06-20T13:08:39.777704+00:00,S004,commissioning_unmounted,false,healthy,none,2000,healthy_horizontal_no_load_2000rpm,371304,1995,295,1063,1433,1,0,223105,9,0,,,,,,,,,,
2026-06-20T13:08:39.872594+00:00,S004,commissioning_unmounted,false,healthy,none,2000,healthy_horizontal_no_load_2000rpm,371404,1994,300,1057,1434,4,0,223185,9,0,,,,,,,,,,
2026-06-20T13:08:39.965708+00:00,S004,commissioning_unmounted,false,healthy,none,2000,healthy_horizontal_no_load_2000rpm,371504,1995,291,1065,1430,2,0,223265,9,0,,,,,,,,,,
2026-06-20T13:08:40.059578+00:00,S004,commissioning_unmounted,false,healthy,none,2000,healthy_horizontal_no_load_2000rpm,371604,1998,299,1056,1430,1,0,223345,9,0,,,,,,,,,,
2026-06-20T13:08:40.147011+00:00,S004,commissioning_unmounted,false,healthy,none,2000,healthy_horizontal_no_load_2000rpm,371704,1989,300,1061,1438,5,0,223424,9,0,,,,,,,,,,
2026-06-20T13:08:40.245685+00:00,S004,commissioning_unmounted,false,healthy,none,2000,healthy_horizontal_no_load_2000rpm,371804,1993,296,1064,1435,6,0,223504,9,0,,,,,,,,,,
2026-06-20T13:08:40.385045+00:00,S004,commissioning_unmounted,false,healthy,none,2000,healthy_horizontal_no_load_2000rpm,371904,1991,294,1068,1438,3,0,223584,9,0,,,,,,,,,,
2026-06-20T13:08:40.479536+00:00,S004,commissioning_unmounted,false,healthy,none,2000,healthy_horizontal_no_load_2000rpm,372004,1992,296,1062,1434,1,0,223663,9,0,,,,,,,,,,
2026-06-20T13:08:40.573667+00:00,S004,commissioning_unmounted,false,healthy,none,2000,healthy_horizontal_no_load_2000rpm,372104,1991,296,1067,1439,4,0,223743,9,0,,,,,,,,,,
2026-06-20T13:08:40.666521+00:00,S004,commissioning_unmounted,false,healthy,none,2000,healthy_horizontal_no_load_2000rpm,372204,1995,294,1064,1433,2,0,223823,9,0,,,,,,,,,,
2026-06-20T13:08:40.760795+00:00,S004,commissioning_unmounted,false,healthy,none,2000,healthy_horizontal_no_load_2000rpm,372304,1991,299,1061,1437,1,0,223903,9,0,,,,,,,,,,
2026-06-20T13:08:40.853390+00:00,S004,commissioning_unmounted,false,healthy,none,2000,healthy_horizontal_no_load_2000rpm,372404,1992,301,1059,1437,5,0,223982,9,0,,,,,,,,,,
2026-06-20T13:08:40.946599+00:00,S004,commissioning_unmounted,false,healthy,none,2000,healthy_horizontal_no_load_2000rpm,372504,1993,295,1064,1435,6,0,224062,9,0,,,,,,,,,,
2026-06-20T13:08:41.040698+00:00,S004,commissioning_unmounted,false,healthy,none,2000,healthy_horizontal_no_load_2000rpm,372604,1994,299,1059,1434,3,0,224142,9,0,,,,,,,,,,
2026-06-20T13:08:41.181269+00:00,S004,commissioning_unmounted,false,healthy,none,2000,healthy_horizontal_no_load_2000rpm,372704,1996,302,1056,1435,5,0,224222,9,0,,,,,,,,,,
2026-06-20T13:08:41.274603+00:00,S004,commissioning_unmounted,false,healthy,none,2000,healthy_horizontal_no_load_2000rpm,372804,1997,295,1062,1432,6,0,224302,9,0,,,,,,,,,,
2026-06-20T13:08:41.368120+00:00,S004,commissioning_unmounted,false,healthy,none,2000,healthy_horizontal_no_load_2000rpm,372904,1997,298,1055,1428,3,0,224382,9,0,,,,,,,,,,
2026-06-20T13:08:41.461918+00:00,S004,commissioning_unmounted,false,healthy,none,2000,healthy_horizontal_no_load_2000rpm,373004,1999,301,1055,1432,1,0,224461,9,0,,,,,,,,,,
2026-06-20T13:08:41.554701+00:00,S004,commissioning_unmounted,false,healthy,none,2000,healthy_horizontal_no_load_2000rpm,373104,1997,298,1061,1435,4,0,224541,9,0,,,,,,,,,,
2026-06-20T13:08:41.648016+00:00,S004,commissioning_unmounted,false,healthy,none,2000,healthy_horizontal_no_load_2000rpm,373204,1995,300,1059,1435,2,0,224621,9,0,,,,,,,,,,
2026-06-20T13:08:41.741938+00:00,S004,commissioning_unmounted,false,healthy,none,2000,healthy_horizontal_no_load_2000rpm,373304,1994,292,1065,1432,1,0,224701,9,0,,,,,,,,,,
2026-06-20T13:08:41.835861+00:00,S004,commissioning_unmounted,false,healthy,none,2000,healthy_horizontal_no_load_2000rpm,373404,1992,302,1059,1438,4,0,224781,9,0,,,,,,,,,,
2026-06-20T13:08:41.977220+00:00,S004,commissioning_unmounted,false,healthy,none,2000,healthy_horizontal_no_load_2000rpm,373504,1996,292,1064,1430,2,0,224861,9,0,,,,,,,,,,
2026-06-20T13:08:42.069842+00:00,S004,commissioning_unmounted,false,healthy,none,2000,healthy_horizontal_no_load_2000rpm,373604,1996,300,1059,1435,3,0,224940,9,0,,,,,,,,,,
2026-06-20T13:08:42.163097+00:00,S004,commissioning_unmounted,false,healthy,none,2000,healthy_horizontal_no_load_2000rpm,373704,1994,296,1062,1434,5,0,225020,9,0,,,,,,,,,,
2026-06-20T13:08:42.269002+00:00,S004,commissioning_unmounted,false,healthy,none,2000,healthy_horizontal_no_load_2000rpm,373804,1995,297,1062,1434,6,0,225100,9,0,,,,,,,,,,
2026-06-20T13:08:42.349395+00:00,S004,commissioning_unmounted,false,healthy,none,2000,healthy_horizontal_no_load_2000rpm,373904,1993,302,1059,1438,3,0,225180,9,0,,,,,,,,,,
2026-06-20T13:08:42.452536+00:00,S004,commissioning_unmounted,false,healthy,none,2000,healthy_horizontal_no_load_2000rpm,374004,1995,299,1057,1432,1,0,225259,9,0,,,,,,,,,,
2026-06-20T13:08:42.545803+00:00,S004,commissioning_unmounted,false,healthy,none,2000,healthy_horizontal_no_load_2000rpm,374104,1995,301,1057,1435,4,0,225339,9,0,,,,,,,,,,
2026-06-20T13:08:42.640723+00:00,S004,commissioning_unmounted,false,healthy,none,2000,healthy_horizontal_no_load_2000rpm,374204,1995,300,1059,1435,2,0,225419,9,0,,,,,,,,,,
2026-06-20T13:08:42.734618+00:00,S004,commissioning_unmounted,false,healthy,none,2000,healthy_horizontal_no_load_2000rpm,374304,1996,293,1064,1432,1,0,225499,9,0,,,,,,,,,,
2026-06-20T13:08:42.875517+00:00,S004,commissioning_unmounted,false,healthy,none,2000,healthy_horizontal_no_load_2000rpm,374404,1998,297,1061,1433,4,0,225579,9,0,,,,,,,,,,
2026-06-20T13:08:42.970357+00:00,S004,commissioning_unmounted,false,healthy,none,2000,healthy_horizontal_no_load_2000rpm,374504,1998,292,1066,1432,2,0,225659,9,0,,,,,,,,,,
2026-06-20T13:08:43.063681+00:00,S004,commissioning_unmounted,false,healthy,none,2000,healthy_horizontal_no_load_2000rpm,374604,1995,294,1063,1432,1,0,225739,9,0,,,,,,,,,,
2026-06-20T13:08:43.156684+00:00,S004,commissioning_unmounted,false,healthy,none,2000,healthy_horizontal_no_load_2000rpm,374704,1996,290,1066,1430,4,0,225819,9,0,,,,,,,,,,
2026-06-20T13:08:43.250020+00:00,S004,commissioning_unmounted,false,healthy,none,2000,healthy_horizontal_no_load_2000rpm,374804,1996,304,1056,1437,6,0,225898,9,0,,,,,,,,,,
2026-06-20T13:08:43.343363+00:00,S004,commissioning_unmounted,false,healthy,none,2000,healthy_horizontal_no_load_2000rpm,374904,1994,295,1064,1434,3,0,225978,9,0,,,,,,,,,,
2026-06-20T13:08:43.436703+00:00,S004,commissioning_unmounted,false,healthy,none,2000,healthy_horizontal_no_load_2000rpm,375004,1996,294,1060,1429,5,0,226058,9,0,,,,,,,,,,
2026-06-20T13:08:43.529923+00:00,S004,commissioning_unmounted,false,healthy,none,2000,healthy_horizontal_no_load_2000rpm,375104,1998,295,1062,1432,6,0,226138,9,0,,,,,,,,,,
2026-06-20T13:08:43.670362+00:00,S004,commissioning_unmounted,false,healthy,none,2000,healthy_horizontal_no_load_2000rpm,375204,1998,301,1056,1433,3,0,226218,9,0,,,,,,,,,,
2026-06-20T13:08:43.763443+00:00,S004,commissioning_unmounted,false,healthy,none,2000,healthy_horizontal_no_load_2000rpm,375304,1993,298,1061,1435,5,0,226298,9,0,,,,,,,,,,
2026-06-20T13:08:43.855706+00:00,S004,commissioning_unmounted,false,healthy,none,2000,healthy_horizontal_no_load_2000rpm,375404,1996,292,1065,1431,4,0,226377,9,0,,,,,,,,,,
2026-06-20T13:08:43.950633+00:00,S004,commissioning_unmounted,false,healthy,none,2000,healthy_horizontal_no_load_2000rpm,375504,1996,293,1064,1431,2,0,226457,9,0,,,,,,,,,,
2026-06-20T13:08:44.044360+00:00,S004,commissioning_unmounted,false,healthy,none,2000,healthy_horizontal_no_load_2000rpm,375604,1996,298,1061,1435,1,0,226537,9,0,,,,,,,,,,
2026-06-20T13:08:44.138188+00:00,S004,commissioning_unmounted,false,healthy,none,2000,healthy_horizontal_no_load_2000rpm,375704,1998,299,1056,1430,4,0,226617,9,0,,,,,,,,,,
2026-06-20T13:08:44.233477+00:00,S004,commissioning_unmounted,false,healthy,none,2000,healthy_horizontal_no_load_2000rpm,375804,1997,290,1066,1430,2,0,226697,9,0,,,,,,,,,,
2026-06-20T13:08:44.372340+00:00,S004,commissioning_unmounted,false,healthy,none,2000,healthy_horizontal_no_load_2000rpm,375904,1991,297,1061,1434,1,0,226777,9,0,,,,,,,,,,
2026-06-20T13:08:44.466271+00:00,S004,commissioning_unmounted,false,healthy,none,2000,healthy_horizontal_no_load_2000rpm,376004,1993,300,1059,1436,4,0,226857,9,0,,,,,,,,,,
2026-06-20T13:08:44.560696+00:00,S004,commissioning_unmounted,false,healthy,none,2000,healthy_horizontal_no_load_2000rpm,376104,1993,295,1068,1438,6,0,226936,9,0,,,,,,,,,,
2026-06-20T13:08:44.654739+00:00,S004,commissioning_unmounted,false,healthy,none,2000,healthy_horizontal_no_load_2000rpm,376204,1995,297,1061,1434,3,0,227016,9,0,,,,,,,,,,
2026-06-20T13:08:44.748521+00:00,S004,commissioning_unmounted,false,healthy,none,2000,healthy_horizontal_no_load_2000rpm,376304,1995,297,1062,1434,5,0,227096,9,0,,,,,,,,,,
2026-06-20T13:08:44.841248+00:00,S004,commissioning_unmounted,false,healthy,none,2000,healthy_horizontal_no_load_2000rpm,376404,1995,292,1067,1433,6,0,227176,9,0,,,,,,,,,,
2026-06-20T13:08:44.933493+00:00,S004,commissioning_unmounted,false,healthy,none,2000,healthy_horizontal_no_load_2000rpm,376504,1995,304,1057,1439,3,0,227256,9,0,,,,,,,,,,
2026-06-20T13:08:45.027252+00:00,S004,commissioning_unmounted,false,healthy,none,2000,healthy_horizontal_no_load_2000rpm,376604,1996,293,1066,1433,1,0,227335,9,0,,,,,,,,,,
2026-06-20T13:08:45.168424+00:00,S004,commissioning_unmounted,false,healthy,none,2000,healthy_horizontal_no_load_2000rpm,376704,1994,301,1059,1437,4,0,227415,9,0,,,,,,,,,,
2026-06-20T13:08:45.261058+00:00,S004,commissioning_unmounted,false,healthy,none,2000,healthy_horizontal_no_load_2000rpm,376804,1994,299,1057,1432,2,0,227495,9,0,,,,,,,,,,
2026-06-20T13:08:45.355733+00:00,S004,commissioning_unmounted,false,healthy,none,2000,healthy_horizontal_no_load_2000rpm,376904,1996,298,1060,1434,1,0,227575,9,0,,,,,,,,,,
2026-06-20T13:08:45.450097+00:00,S004,commissioning_unmounted,false,healthy,none,2000,healthy_horizontal_no_load_2000rpm,377004,1995,294,1066,1435,4,0,227655,9,0,,,,,,,,,,
2026-06-20T13:08:45.542960+00:00,S004,commissioning_unmounted,false,healthy,none,2000,healthy_horizontal_no_load_2000rpm,377104,1994,296,1062,1433,6,0,227734,9,0,,,,,,,,,,
2026-06-20T13:08:45.637153+00:00,S004,commissioning_unmounted,false,healthy,none,2000,healthy_horizontal_no_load_2000rpm,377204,1994,292,1068,1434,3,0,227814,9,0,,,,,,,,,,
2026-06-20T13:08:45.731659+00:00,S004,commissioning_unmounted,false,healthy,none,2000,healthy_horizontal_no_load_2000rpm,377304,1993,291,1069,1434,5,0,227894,9,0,,,,,,,,,,
2026-06-20T13:08:45.826092+00:00,S004,commissioning_unmounted,false,healthy,none,2000,healthy_horizontal_no_load_2000rpm,377404,1995,303,1057,1437,6,0,227974,9,0,,,,,,,,,,
2026-06-20T13:08:45.966532+00:00,S004,commissioning_unmounted,false,healthy,none,2000,healthy_horizontal_no_load_2000rpm,377504,1995,298,1060,1434,3,0,228054,9,0,,,,,,,,,,
2026-06-20T13:08:46.059762+00:00,S004,commissioning_unmounted,false,healthy,none,2000,healthy_horizontal_no_load_2000rpm,377604,1996,293,1064,1432,1,0,228133,9,0,,,,,,,,,,
2026-06-20T13:08:46.153444+00:00,S004,commissioning_unmounted,false,healthy,none,2000,healthy_horizontal_no_load_2000rpm,377704,1993,300,1060,1436,4,0,228213,9,0,,,,,,,,,,
2026-06-20T13:08:46.247787+00:00,S004,commissioning_unmounted,false,healthy,none,2000,healthy_horizontal_no_load_2000rpm,377804,1994,304,1057,1439,2,0,228293,9,0,,,,,,,,,,
2026-06-20T13:08:46.342252+00:00,S004,commissioning_unmounted,false,healthy,none,2000,healthy_horizontal_no_load_2000rpm,377904,1983,300,1064,1442,3,0,228372,9,0,,,,,,,,,,
2026-06-20T13:08:46.436203+00:00,S004,commissioning_unmounted,false,healthy,none,2000,healthy_horizontal_no_load_2000rpm,378004,1987,297,1063,1437,5,0,228452,9,0,,,,,,,,,,
2026-06-20T13:08:46.529457+00:00,S004,commissioning_unmounted,false,healthy,none,2000,healthy_horizontal_no_load_2000rpm,378104,1986,295,1070,1442,4,0,228531,9,0,,,,,,,,,,
2026-06-20T13:08:46.623426+00:00,S004,commissioning_unmounted,false,healthy,none,2000,healthy_horizontal_no_load_2000rpm,378204,1993,301,1059,1437,2,0,228611,9,0,,,,,,,,,,
2026-06-20T13:08:46.763609+00:00,S004,commissioning_unmounted,false,healthy,none,2000,healthy_horizontal_no_load_2000rpm,378304,1992,295,1064,1435,1,0,228691,9,0,,,,,,,,,,
2026-06-20T13:08:46.857004+00:00,S004,commissioning_unmounted,false,healthy,none,2000,healthy_horizontal_no_load_2000rpm,378404,1992,301,1059,1437,4,0,228771,9,0,,,,,,,,,,
2026-06-20T13:08:46.950657+00:00,S004,commissioning_unmounted,false,healthy,none,2000,healthy_horizontal_no_load_2000rpm,378504,1994,302,1058,1437,6,0,228850,9,0,,,,,,,,,,
2026-06-20T13:08:47.043486+00:00,S004,commissioning_unmounted,false,healthy,none,2000,healthy_horizontal_no_load_2000rpm,378604,1993,301,1059,1437,3,0,228930,9,0,,,,,,,,,,
2026-06-20T13:08:47.137416+00:00,S004,commissioning_unmounted,false,healthy,none,2000,healthy_horizontal_no_load_2000rpm,378704,1999,301,1055,1432,5,0,229010,9,0,,,,,,,,,,
2026-06-20T13:08:47.230273+00:00,S004,commissioning_unmounted,false,healthy,none,2000,healthy_horizontal_no_load_2000rpm,378804,2002,295,1054,1423,6,0,229090,9,0,,,,,,,,,,
2026-06-20T13:08:47.323151+00:00,S004,commissioning_unmounted,false,healthy,none,2000,healthy_horizontal_no_load_2000rpm,378904,1999,288,1068,1428,3,0,229170,9,0,,,,,,,,,,
2026-06-20T13:08:47.417190+00:00,S004,commissioning_unmounted,false,healthy,none,2000,healthy_horizontal_no_load_2000rpm,379004,1997,298,1061,1435,5,0,229250,9,0,,,,,,,,,,
2026-06-20T13:08:47.556729+00:00,S004,commissioning_unmounted,false,healthy,none,2000,healthy_horizontal_no_load_2000rpm,379105,1997,301,1055,1432,6,0,229330,9,0,,,,,,,,,,
2026-06-20T13:08:47.651718+00:00,S004,commissioning_unmounted,false,healthy,none,2000,healthy_horizontal_no_load_2000rpm,379205,1994,297,1062,1435,3,0,229410,9,0,,,,,,,,,,
2026-06-20T13:08:47.745071+00:00,S004,commissioning_unmounted,false,healthy,none,2000,healthy_horizontal_no_load_2000rpm,379305,1993,301,1059,1437,1,0,229489,9,0,,,,,,,,,,
2026-06-20T13:08:47.837422+00:00,S004,commissioning_unmounted,false,healthy,none,2000,healthy_horizontal_no_load_2000rpm,379405,1996,297,1064,1436,4,0,229569,9,0,,,,,,,,,,
2026-06-20T13:08:47.930424+00:00,S004,commissioning_unmounted,false,healthy,none,2000,healthy_horizontal_no_load_2000rpm,379505,1993,289,1066,1429,2,0,229649,9,0,,,,,,,,,,
2026-06-20T13:08:48.023993+00:00,S004,commissioning_unmounted,false,healthy,none,2000,healthy_horizontal_no_load_2000rpm,379605,1992,302,1058,1437,1,0,229729,9,0,,,,,,,,,,
2026-06-20T13:08:48.117423+00:00,S004,commissioning_unmounted,false,healthy,none,2000,healthy_horizontal_no_load_2000rpm,379705,1994,297,1064,1437,5,0,229808,9,0,,,,,,,,,,
2026-06-20T13:08:48.256606+00:00,S004,commissioning_unmounted,false,healthy,none,2000,healthy_horizontal_no_load_2000rpm,379805,1992,293,1064,1432,6,0,229888,9,0,,,,,,,,,,
2026-06-20T13:08:48.317676+00:00,S004,commissioning_unmounted,false,healthy,none,2000,healthy_horizontal_no_load_2000rpm,379905,1994,296,1064,1435,3,0,229968,9,0,,,,,,,,,,
2026-06-20T13:08:48.443085+00:00,S004,commissioning_unmounted,false,healthy,none,2000,healthy_horizontal_no_load_2000rpm,380005,1996,293,1057,1424,5,0,230048,9,0,,,,,,,,,,
2026-06-20T13:08:48.538625+00:00,S004,commissioning_unmounted,false,healthy,none,2000,healthy_horizontal_no_load_2000rpm,380105,1994,298,1061,1435,6,0,230128,9,0,,,,,,,,,,
2026-06-20T13:08:48.631376+00:00,S004,commissioning_unmounted,false,healthy,none,2000,healthy_horizontal_no_load_2000rpm,380205,1993,301,1059,1437,2,0,230207,9,0,,,,,,,,,,
2026-06-20T13:08:48.725706+00:00,S004,commissioning_unmounted,false,healthy,none,2000,healthy_horizontal_no_load_2000rpm,380305,1996,298,1061,1435,1,0,230287,9,0,,,,,,,,,,
2026-06-20T13:08:48.819492+00:00,S004,commissioning_unmounted,false,healthy,none,2000,healthy_horizontal_no_load_2000rpm,380405,1995,301,1058,1436,4,0,230367,9,0,,,,,,,,,,
2026-06-20T13:08:48.927197+00:00,S004,commissioning_unmounted,false,healthy,none,2000,healthy_horizontal_no_load_2000rpm,380505,1995,300,1057,1433,2,0,230447,9,0,,,,,,,,,,
2026-06-20T13:08:49.020722+00:00,S004,commissioning_unmounted,false,healthy,none,2000,healthy_horizontal_no_load_2000rpm,380605,1994,300,1058,1435,3,0,230526,9,0,,,,,,,,,,
2026-06-20T13:08:49.113313+00:00,S004,commissioning_unmounted,false,healthy,none,2000,healthy_horizontal_no_load_2000rpm,380705,1992,303,1057,1438,5,0,230606,9,0,,,,,,,,,,
2026-06-20T13:08:49.255050+00:00,S004,commissioning_unmounted,false,healthy,none,2000,healthy_horizontal_no_load_2000rpm,380805,1993,300,1059,1436,6,0,230686,9,0,,,,,,,,,,
2026-06-20T13:08:49.348406+00:00,S004,commissioning_unmounted,false,healthy,none,2000,healthy_horizontal_no_load_2000rpm,380905,1996,301,1058,1435,3,0,230766,9,0,,,,,,,,,,
2026-06-20T13:08:49.440978+00:00,S004,commissioning_unmounted,false,healthy,none,2000,healthy_horizontal_no_load_2000rpm,381005,1994,303,1057,1437,1,0,230845,9,0,,,,,,,,,,
2026-06-20T13:08:49.534745+00:00,S004,commissioning_unmounted,false,healthy,none,2000,healthy_horizontal_no_load_2000rpm,381105,1993,299,1057,1432,4,0,230925,9,0,,,,,,,,,,
2026-06-20T13:08:49.628663+00:00,S004,commissioning_unmounted,false,healthy,none,2000,healthy_horizontal_no_load_2000rpm,381205,1995,289,1066,1428,2,0,231005,9,0,,,,,,,,,,
2026-06-20T13:08:49.723082+00:00,S004,commissioning_unmounted,false,healthy,none,2000,healthy_horizontal_no_load_2000rpm,381305,1995,303,1057,1437,1,0,231085,9,0,,,,,,,,,,
2026-06-20T13:08:49.816501+00:00,S004,commissioning_unmounted,false,healthy,none,2000,healthy_horizontal_no_load_2000rpm,381405,1994,303,1059,1439,4,0,231165,9,0,,,,,,,,,,
2026-06-20T13:08:49.908823+00:00,S004,commissioning_unmounted,false,healthy,none,2000,healthy_horizontal_no_load_2000rpm,381505,1994,300,1059,1436,6,0,231244,9,0,,,,,,,,,,
2026-06-20T13:08:50.048231+00:00,S004,commissioning_unmounted,false,healthy,none,2000,healthy_horizontal_no_load_2000rpm,381605,1995,301,1059,1437,3,0,231324,9,0,,,,,,,,,,
2026-06-20T13:08:50.142335+00:00,S004,commissioning_unmounted,false,healthy,none,2000,healthy_horizontal_no_load_2000rpm,381705,1992,295,1062,1433,5,0,231404,9,0,,,,,,,,,,
2026-06-20T13:08:50.237463+00:00,S004,commissioning_unmounted,false,healthy,none,2000,healthy_horizontal_no_load_2000rpm,381805,1993,300,1059,1436,6,0,231484,9,0,,,,,,,,,,
2026-06-20T13:08:50.331220+00:00,S004,commissioning_unmounted,false,healthy,none,2000,healthy_horizontal_no_load_2000rpm,381905,1995,301,1059,1436,3,0,231564,9,0,,,,,,,,,,
2026-06-20T13:08:50.423736+00:00,S004,commissioning_unmounted,false,healthy,none,2000,healthy_horizontal_no_load_2000rpm,382005,1995,287,1068,1428,1,0,231643,9,0,,,,,,,,,,
2026-06-20T13:08:50.514890+00:00,S004,commissioning_unmounted,false,healthy,none,2000,healthy_horizontal_no_load_2000rpm,382105,1996,292,1065,1431,4,0,231723,9,0,,,,,,,,,,
2026-06-20T13:08:50.607394+00:00,S004,commissioning_unmounted,false,healthy,none,2000,healthy_horizontal_no_load_2000rpm,382205,1994,301,1057,1435,2,0,231803,9,0,,,,,,,,,,
2026-06-20T13:08:50.747705+00:00,S004,commissioning_unmounted,false,healthy,none,2000,healthy_horizontal_no_load_2000rpm,382305,1993,303,1057,1437,1,0,231883,9,0,,,,,,,,,,
2026-06-20T13:08:50.841084+00:00,S004,commissioning_unmounted,false,healthy,none,2000,healthy_horizontal_no_load_2000rpm,382405,1994,299,1057,1432,4,0,231963,9,0,,,,,,,,,,
2026-06-20T13:08:50.934185+00:00,S004,commissioning_unmounted,false,healthy,none,2000,healthy_horizontal_no_load_2000rpm,382505,1995,292,1064,1430,6,0,232042,9,0,,,,,,,,,,
2026-06-20T13:08:51.027704+00:00,S004,commissioning_unmounted,false,healthy,none,2000,healthy_horizontal_no_load_2000rpm,382605,1993,301,1059,1437,3,0,232122,9,0,,,,,,,,,,
2026-06-20T13:08:51.121929+00:00,S004,commissioning_unmounted,false,healthy,none,2000,healthy_horizontal_no_load_2000rpm,382705,1995,300,1060,1436,5,0,232202,9,0,,,,,,,,,,
2026-06-20T13:08:51.215004+00:00,S004,commissioning_unmounted,false,healthy,none,2000,healthy_horizontal_no_load_2000rpm,382805,1996,300,1057,1433,6,0,232282,9,0,,,,,,,,,,
2026-06-20T13:08:51.309367+00:00,S004,commissioning_unmounted,false,healthy,none,2000,healthy_horizontal_no_load_2000rpm,382905,1995,296,1064,1436,3,0,232362,9,0,,,,,,,,,,
2026-06-20T13:08:51.402995+00:00,S004,commissioning_unmounted,false,healthy,none,2000,healthy_horizontal_no_load_2000rpm,383005,1991,285,1069,1427,1,0,232441,9,0,,,,,,,,,,
2026-06-20T13:08:51.545144+00:00,S004,commissioning_unmounted,false,healthy,none,2000,healthy_horizontal_no_load_2000rpm,383105,1992,298,1061,1435,4,0,232521,9,0,,,,,,,,,,
2026-06-20T13:08:51.637975+00:00,S004,commissioning_unmounted,false,healthy,none,2000,healthy_horizontal_no_load_2000rpm,383205,1991,291,1064,1430,2,0,232601,9,0,,,,,,,,,,
2026-06-20T13:08:51.732326+00:00,S004,commissioning_unmounted,false,healthy,none,2000,healthy_horizontal_no_load_2000rpm,383305,1992,293,1064,1432,1,0,232681,9,0,,,,,,,,,,
2026-06-20T13:08:51.825766+00:00,S004,commissioning_unmounted,false,healthy,none,2000,healthy_horizontal_no_load_2000rpm,383405,1996,301,1059,1436,5,0,232760,9,0,,,,,,,,,,
2026-06-20T13:08:51.920756+00:00,S004,commissioning_unmounted,false,healthy,none,2000,healthy_horizontal_no_load_2000rpm,383505,1993,304,1057,1439,6,0,232840,9,0,,,,,,,,,,
2026-06-20T13:08:52.013163+00:00,S004,commissioning_unmounted,false,healthy,none,2000,healthy_horizontal_no_load_2000rpm,383605,1994,293,1064,1432,3,0,232920,9,0,,,,,,,,,,
2026-06-20T13:08:52.107333+00:00,S004,commissioning_unmounted,false,healthy,none,2000,healthy_horizontal_no_load_2000rpm,383705,1996,289,1066,1429,5,0,233000,9,0,,,,,,,,,,
2026-06-20T13:08:52.202599+00:00,S004,commissioning_unmounted,false,healthy,none,2000,healthy_horizontal_no_load_2000rpm,383805,1993,302,1058,1437,4,0,233079,9,0,,,,,,,,,,
2026-06-20T13:08:52.342807+00:00,S004,commissioning_unmounted,false,healthy,none,2000,healthy_horizontal_no_load_2000rpm,383905,1994,301,1059,1437,2,0,233159,9,0,,,,,,,,,,
2026-06-20T13:08:52.436014+00:00,S004,commissioning_unmounted,false,healthy,none,2000,healthy_horizontal_no_load_2000rpm,384005,1993,302,1058,1437,1,0,233239,9,0,,,,,,,,,,
2026-06-20T13:08:52.529111+00:00,S004,commissioning_unmounted,false,healthy,none,2000,healthy_horizontal_no_load_2000rpm,384105,1993,295,1062,1433,4,0,233319,9,0,,,,,,,,,,
2026-06-20T13:08:52.621943+00:00,S004,commissioning_unmounted,false,healthy,none,2000,healthy_horizontal_no_load_2000rpm,384205,1993,299,1060,1435,2,0,233399,9,0,,,,,,,,,,
2026-06-20T13:08:52.715546+00:00,S004,commissioning_unmounted,false,healthy,none,2000,healthy_horizontal_no_load_2000rpm,384305,1995,303,1055,1435,3,0,233478,9,0,,,,,,,,,,
2026-06-20T13:08:52.808702+00:00,S004,commissioning_unmounted,false,healthy,none,2000,healthy_horizontal_no_load_2000rpm,384405,1992,294,1066,1435,5,0,233558,9,0,,,,,,,,,,
2026-06-20T13:08:52.901277+00:00,S004,commissioning_unmounted,false,healthy,none,2000,healthy_horizontal_no_load_2000rpm,384505,1996,302,1056,1435,6,0,233638,9,0,,,,,,,,,,
2026-06-20T13:08:53.042573+00:00,S004,commissioning_unmounted,false,healthy,none,2000,healthy_horizontal_no_load_2000rpm,384605,1993,303,1057,1437,3,0,233718,9,0,,,,,,,,,,
2026-06-20T13:08:53.136764+00:00,S004,commissioning_unmounted,false,healthy,none,2000,healthy_horizontal_no_load_2000rpm,384705,1997,295,1064,1434,5,0,233798,9,0,,,,,,,,,,
2026-06-20T13:08:53.232231+00:00,S004,commissioning_unmounted,false,healthy,none,2000,healthy_horizontal_no_load_2000rpm,384805,1997,293,1064,1431,4,0,233877,9,0,,,,,,,,,,
2026-06-20T13:08:53.326847+00:00,S004,commissioning_unmounted,false,healthy,none,2000,healthy_horizontal_no_load_2000rpm,384905,1994,301,1059,1437,2,0,233957,9,0,,,,,,,,,,
2026-06-20T13:08:53.419863+00:00,S004,commissioning_unmounted,false,healthy,none,2000,healthy_horizontal_no_load_2000rpm,385005,1993,290,1066,1430,1,0,234037,9,0,,,,,,,,,,
2026-06-20T13:08:53.512977+00:00,S004,commissioning_unmounted,false,healthy,none,2000,healthy_horizontal_no_load_2000rpm,385105,1996,295,1063,1433,4,0,234117,9,0,,,,,,,,,,
2026-06-20T13:08:53.606958+00:00,S004,commissioning_unmounted,false,healthy,none,2000,healthy_horizontal_no_load_2000rpm,385205,1994,302,1058,1437,2,0,234197,9,0,,,,,,,,,,
2026-06-20T13:08:53.697974+00:00,S004,commissioning_unmounted,false,healthy,none,2000,healthy_horizontal_no_load_2000rpm,385305,1996,292,1064,1430,3,0,234276,9,0,,,,,,,,,,
2026-06-20T13:08:53.838476+00:00,S004,commissioning_unmounted,false,healthy,none,2000,healthy_horizontal_no_load_2000rpm,385405,1995,300,1059,1435,5,0,234356,9,0,,,,,,,,,,
2026-06-20T13:08:53.930829+00:00,S004,commissioning_unmounted,false,healthy,none,2000,healthy_horizontal_no_load_2000rpm,385505,1994,301,1058,1436,6,0,234436,9,0,,,,,,,,,,
2026-06-20T13:08:54.025207+00:00,S004,commissioning_unmounted,false,healthy,none,2000,healthy_horizontal_no_load_2000rpm,385605,1995,296,1059,1430,3,0,234516,9,0,,,,,,,,,,
2026-06-20T13:08:54.119929+00:00,S004,commissioning_unmounted,false,healthy,none,2000,healthy_horizontal_no_load_2000rpm,385705,1994,301,1059,1437,5,0,234596,9,0,,,,,,,,,,
2026-06-20T13:08:54.214198+00:00,S004,commissioning_unmounted,false,healthy,none,2000,healthy_horizontal_no_load_2000rpm,385805,1991,300,1062,1439,4,0,234675,9,0,,,,,,,,,,
2026-06-20T13:08:54.308950+00:00,S004,commissioning_unmounted,false,healthy,none,2000,healthy_horizontal_no_load_2000rpm,385905,1989,296,1068,1440,2,0,234755,9,0,,,,,,,,,,
2026-06-20T13:08:54.402893+00:00,S004,commissioning_unmounted,false,healthy,none,2000,healthy_horizontal_no_load_2000rpm,386005,1995,295,1057,1427,1,0,234835,9,0,,,,,,,,,,
2026-06-20T13:08:54.496252+00:00,S004,commissioning_unmounted,false,healthy,none,2000,healthy_horizontal_no_load_2000rpm,386105,1996,300,1058,1434,4,0,234915,9,0,,,,,,,,,,
2026-06-20T13:08:54.636918+00:00,S004,commissioning_unmounted,false,healthy,none,2000,healthy_horizontal_no_load_2000rpm,386205,1995,299,1057,1432,6,0,234994,9,0,,,,,,,,,,
2026-06-20T13:08:54.730515+00:00,S004,commissioning_unmounted,false,healthy,none,2000,healthy_horizontal_no_load_2000rpm,386305,1998,302,1056,1435,3,0,235074,9,0,,,,,,,,,,
2026-06-20T13:08:54.825945+00:00,S004,commissioning_unmounted,false,healthy,none,2000,healthy_horizontal_no_load_2000rpm,386405,1996,296,1064,1435,5,0,235154,9,0,,,,,,,,,,
2026-06-20T13:08:54.919931+00:00,S004,commissioning_unmounted,false,healthy,none,2000,healthy_horizontal_no_load_2000rpm,386505,1987,297,1068,1442,6,0,235234,9,0,,,,,,,,,,
2026-06-20T13:08:55.013577+00:00,S004,commissioning_unmounted,false,healthy,none,2000,healthy_horizontal_no_load_2000rpm,386605,1986,298,1066,1442,2,0,235313,9,0,,,,,,,,,,
2026-06-20T13:08:55.107742+00:00,S004,commissioning_unmounted,false,healthy,none,2000,healthy_horizontal_no_load_2000rpm,386705,1995,303,1057,1437,1,0,235393,9,0,,,,,,,,,,
2026-06-20T13:08:55.200168+00:00,S004,commissioning_unmounted,false,healthy,none,2000,healthy_horizontal_no_load_2000rpm,386805,2000,301,1055,1431,4,0,235473,9,0,,,,,,,,,,
2026-06-20T13:08:55.294165+00:00,S004,commissioning_unmounted,false,healthy,none,2000,healthy_horizontal_no_load_2000rpm,386905,1996,296,1063,1434,2,0,235553,9,0,,,,,,,,,,
2026-06-20T13:08:55.434226+00:00,S004,commissioning_unmounted,false,healthy,none,2000,healthy_horizontal_no_load_2000rpm,387005,1994,303,1057,1437,1,0,235633,9,0,,,,,,,,,,
2026-06-20T13:08:55.527948+00:00,S004,commissioning_unmounted,false,healthy,none,2000,healthy_horizontal_no_load_2000rpm,387105,1996,301,1055,1432,4,0,235713,9,0,,,,,,,,,,
2026-06-20T13:08:55.621001+00:00,S004,commissioning_unmounted,false,healthy,none,2000,healthy_horizontal_no_load_2000rpm,387205,1995,301,1058,1435,6,0,235792,9,0,,,,,,,,,,
2026-06-20T13:08:55.713799+00:00,S004,commissioning_unmounted,false,healthy,none,2000,healthy_horizontal_no_load_2000rpm,387305,1993,298,1061,1435,3,0,235872,9,0,,,,,,,,,,
2026-06-20T13:08:55.807868+00:00,S004,commissioning_unmounted,false,healthy,none,2000,healthy_horizontal_no_load_2000rpm,387405,1993,303,1058,1438,5,0,235952,9,0,,,,,,,,,,
2026-06-20T13:08:55.900999+00:00,S004,commissioning_unmounted,false,healthy,none,2000,healthy_horizontal_no_load_2000rpm,387505,1997,296,1055,1426,6,0,236032,9,0,,,,,,,,,,
2026-06-20T13:08:55.992710+00:00,S004,commissioning_unmounted,false,healthy,none,2000,healthy_horizontal_no_load_2000rpm,387605,1995,297,1061,1434,3,0,236112,9,0,,,,,,,,,,
2026-06-20T13:08:56.134725+00:00,S004,commissioning_unmounted,false,healthy,none,2000,healthy_horizontal_no_load_2000rpm,387705,1995,293,1066,1434,1,0,236191,9,0,,,,,,,,,,
2026-06-20T13:08:56.227655+00:00,S004,commissioning_unmounted,false,healthy,none,2000,healthy_horizontal_no_load_2000rpm,387805,1994,300,1059,1436,4,0,236271,9,0,,,,,,,,,,
2026-06-20T13:08:56.321819+00:00,S004,commissioning_unmounted,false,healthy,none,2000,healthy_horizontal_no_load_2000rpm,387905,1994,292,1067,1434,2,0,236351,9,0,,,,,,,,,,
2026-06-20T13:08:56.413742+00:00,S004,commissioning_unmounted,false,healthy,none,2000,healthy_horizontal_no_load_2000rpm,388005,2000,299,1056,1430,1,0,236431,9,0,,,,,,,,,,
2026-06-20T13:08:56.508918+00:00,S004,commissioning_unmounted,false,healthy,none,2000,healthy_horizontal_no_load_2000rpm,388105,1998,296,1064,1434,4,0,236511,9,0,,,,,,,,,,
2026-06-20T13:08:56.602367+00:00,S004,commissioning_unmounted,false,healthy,none,2000,healthy_horizontal_no_load_2000rpm,388205,1993,293,1064,1432,2,0,236591,9,0,,,,,,,,,,
2026-06-20T13:08:56.694000+00:00,S004,commissioning_unmounted,false,healthy,none,2000,healthy_horizontal_no_load_2000rpm,388305,1992,301,1059,1437,3,0,236670,9,0,,,,,,,,,,
2026-06-20T13:08:56.788203+00:00,S004,commissioning_unmounted,false,healthy,none,2000,healthy_horizontal_no_load_2000rpm,388405,1993,301,1059,1437,5,0,236750,9,0,,,,,,,,,,
2026-06-20T13:08:56.896572+00:00,S004,commissioning_unmounted,false,healthy,none,2000,healthy_horizontal_no_load_2000rpm,388505,1993,292,1067,1434,6,0,236830,9,0,,,,,,,,,,
2026-06-20T13:08:56.990217+00:00,S004,commissioning_unmounted,false,healthy,none,2000,healthy_horizontal_no_load_2000rpm,388605,1998,301,1055,1432,3,0,236910,9,0,,,,,,,,,,
2026-06-20T13:08:57.085056+00:00,S004,commissioning_unmounted,false,healthy,none,2000,healthy_horizontal_no_load_2000rpm,388705,1982,289,1075,1440,1,0,236989,9,0,,,,,,,,,,
2026-06-20T13:08:57.225587+00:00,S004,commissioning_unmounted,false,healthy,none,2000,healthy_horizontal_no_load_2000rpm,388805,1987,297,1068,1442,4,0,237069,9,0,,,,,,,,,,
2026-06-20T13:08:57.318650+00:00,S004,commissioning_unmounted,false,healthy,none,2000,healthy_horizontal_no_load_2000rpm,388905,1993,291,1065,1430,6,0,237148,9,0,,,,,,,,,,
2026-06-20T13:08:57.428323+00:00,S004,commissioning_unmounted,false,healthy,none,2000,healthy_horizontal_no_load_2000rpm,389005,1991,301,1059,1437,3,0,237228,9,0,,,,,,,,,,
2026-06-20T13:08:57.521339+00:00,S004,commissioning_unmounted,false,healthy,none,2000,healthy_horizontal_no_load_2000rpm,389105,1992,301,1059,1437,5,0,237308,9,0,,,,,,,,,,
2026-06-20T13:08:57.628787+00:00,S004,commissioning_unmounted,false,healthy,none,2000,healthy_horizontal_no_load_2000rpm,389205,1993,301,1059,1437,6,0,237388,9,0,,,,,,,,,,
2026-06-20T13:08:57.724180+00:00,S004,commissioning_unmounted,false,healthy,none,2000,healthy_horizontal_no_load_2000rpm,389305,1995,289,1066,1428,2,0,237467,9,0,,,,,,,,,,
2026-06-20T13:08:57.817685+00:00,S004,commissioning_unmounted,false,healthy,none,2000,healthy_horizontal_no_load_2000rpm,389405,1995,294,1063,1432,1,0,237547,9,0,,,,,,,,,,
2026-06-20T13:08:57.909585+00:00,S004,commissioning_unmounted,false,healthy,none,2000,healthy_horizontal_no_load_2000rpm,389505,1995,298,1058,1432,4,0,237627,9,0,,,,,,,,,,
2026-06-20T13:08:58.003659+00:00,S004,commissioning_unmounted,false,healthy,none,2000,healthy_horizontal_no_load_2000rpm,389605,1996,293,1064,1432,2,0,237707,9,0,,,,,,,,,,
2026-06-20T13:08:58.097145+00:00,S004,commissioning_unmounted,false,healthy,none,2000,healthy_horizontal_no_load_2000rpm,389705,1996,295,1062,1432,1,0,237787,9,0,,,,,,,,,,
2026-06-20T13:08:58.190146+00:00,S004,commissioning_unmounted,false,healthy,none,2000,healthy_horizontal_no_load_2000rpm,389805,1994,301,1059,1437,4,0,237867,9,0,,,,,,,,,,
2026-06-20T13:08:58.283786+00:00,S004,commissioning_unmounted,false,healthy,none,2000,healthy_horizontal_no_load_2000rpm,389905,1997,294,1057,1425,6,0,237946,9,0,,,,,,,,,,
2026-06-20T13:08:58.426662+00:00,S004,commissioning_unmounted,false,healthy,none,2000,healthy_horizontal_no_load_2000rpm,390005,1995,294,1066,1435,3,0,238026,9,0,,,,,,,,,,
2026-06-20T13:08:58.505838+00:00,S004,commissioning_unmounted,false,healthy,none,2000,healthy_horizontal_no_load_2000rpm,390105,1994,296,1064,1435,5,0,238106,9,0,,,,,,,,,,
2026-06-20T13:08:58.599619+00:00,S004,commissioning_unmounted,false,healthy,none,2000,healthy_horizontal_no_load_2000rpm,390205,1996,302,1057,1436,6,0,238186,9,0,,,,,,,,,,
2026-06-20T13:08:58.707892+00:00,S004,commissioning_unmounted,false,healthy,none,2000,healthy_horizontal_no_load_2000rpm,390305,1998,301,1057,1434,3,0,238266,9,0,,,,,,,,,,
2026-06-20T13:08:58.800130+00:00,S004,commissioning_unmounted,false,healthy,none,2000,healthy_horizontal_no_load_2000rpm,390405,1994,295,1062,1432,5,0,238346,9,0,,,,,,,,,,
2026-06-20T13:08:58.893773+00:00,S004,commissioning_unmounted,false,healthy,none,2000,healthy_horizontal_no_load_2000rpm,390505,1996,302,1057,1436,4,0,238425,9,0,,,,,,,,,,
2026-06-20T13:08:58.986789+00:00,S004,commissioning_unmounted,false,healthy,none,2000,healthy_horizontal_no_load_2000rpm,390605,1993,299,1059,1435,2,0,238505,9,0,,,,,,,,,,
2026-06-20T13:08:59.079000+00:00,S004,commissioning_unmounted,false,healthy,none,2000,healthy_horizontal_no_load_2000rpm,390705,1993,302,1058,1437,1,0,238585,9,0,,,,,,,,,,
2026-06-20T13:08:59.221218+00:00,S004,commissioning_unmounted,false,healthy,none,2000,healthy_horizontal_no_load_2000rpm,390805,1994,302,1058,1437,4,0,238665,9,0,,,,,,,,,,
2026-06-20T13:08:59.314415+00:00,S004,commissioning_unmounted,false,healthy,none,2000,healthy_horizontal_no_load_2000rpm,390905,1995,297,1063,1436,6,0,238744,9,0,,,,,,,,,,
2026-06-20T13:08:59.408242+00:00,S004,commissioning_unmounted,false,healthy,none,2000,healthy_horizontal_no_load_2000rpm,391005,1998,300,1054,1430,3,0,238824,9,0,,,,,,,,,,
2026-06-20T13:08:59.503398+00:00,S004,commissioning_unmounted,false,healthy,none,2000,healthy_horizontal_no_load_2000rpm,391105,1995,297,1064,1436,5,0,238904,9,0,,,,,,,,,,
2026-06-20T13:08:59.596534+00:00,S004,commissioning_unmounted,false,healthy,none,2000,healthy_horizontal_no_load_2000rpm,391205,1995,298,1059,1433,6,0,238984,9,0,,,,,,,,,,
2026-06-20T13:08:59.691446+00:00,S004,commissioning_unmounted,false,healthy,none,2000,healthy_horizontal_no_load_2000rpm,391305,1995,300,1059,1435,3,0,239064,9,0,,,,,,,,,,
2026-06-20T13:08:59.784089+00:00,S004,commissioning_unmounted,false,healthy,none,2000,healthy_horizontal_no_load_2000rpm,391405,1993,301,1059,1437,5,0,239144,9,0,,,,,,,,,,
2026-06-20T13:08:59.876612+00:00,S004,commissioning_unmounted,false,healthy,none,2000,healthy_horizontal_no_load_2000rpm,391505,1995,296,1064,1435,4,0,239223,9,0,,,,,,,,,,
2026-06-20T13:09:00.018722+00:00,S004,commissioning_unmounted,false,healthy,none,2000,healthy_horizontal_no_load_2000rpm,391605,1995,295,1057,1427,2,0,239303,9,0,,,,,,,,,,
2026-06-20T13:09:00.114653+00:00,S004,commissioning_unmounted,false,healthy,none,2000,healthy_horizontal_no_load_2000rpm,391705,1993,292,1066,1433,1,0,239383,9,0,,,,,,,,,,
2026-06-20T13:09:00.208395+00:00,S004,commissioning_unmounted,false,healthy,none,2000,healthy_horizontal_no_load_2000rpm,391805,1994,300,1057,1433,4,0,239463,9,0,,,,,,,,,,
2026-06-20T13:09:00.301579+00:00,S004,commissioning_unmounted,false,healthy,none,2000,healthy_horizontal_no_load_2000rpm,391905,1994,301,1059,1437,2,0,239543,9,0,,,,,,,,,,
2026-06-20T13:09:00.395761+00:00,S004,commissioning_unmounted,false,healthy,none,2000,healthy_horizontal_no_load_2000rpm,392005,1994,301,1057,1435,3,0,239622,9,0,,,,,,,,,,
2026-06-20T13:09:00.489594+00:00,S004,commissioning_unmounted,false,healthy,none,2000,healthy_horizontal_no_load_2000rpm,392105,1994,299,1058,1433,5,0,239702,9,0,,,,,,,,,,
2026-06-20T13:09:00.583039+00:00,S004,commissioning_unmounted,false,healthy,none,2000,healthy_horizontal_no_load_2000rpm,392205,1995,302,1058,1437,6,0,239782,9,0,,,,,,,,,,
2026-06-20T13:09:00.676648+00:00,S004,commissioning_unmounted,false,healthy,none,2000,healthy_horizontal_no_load_2000rpm,392305,1995,298,1061,1435,3,0,239862,9,0,,,,,,,,,,
2026-06-20T13:09:00.832666+00:00,S004,commissioning_unmounted,false,healthy,none,2000,healthy_horizontal_no_load_2000rpm,392405,1993,286,1068,1427,1,0,239941,9,0,,,,,,,,,,
2026-06-20T13:09:00.879218+00:00,S004,commissioning_unmounted,false,healthy,none,2000,healthy_horizontal_no_load_2000rpm,392505,1993,292,1071,1437,4,0,240021,9,0,,,,,,,,,,
2026-06-20T13:09:00.973637+00:00,S004,commissioning_unmounted,false,healthy,none,2000,healthy_horizontal_no_load_2000rpm,392605,1993,298,1061,1435,2,0,240101,9,0,,,,,,,,,,
2026-06-20T13:09:01.109806+00:00,S004,commissioning_unmounted,false,healthy,none,2000,healthy_horizontal_no_load_2000rpm,392705,1995,299,1060,1435,1,0,240181,9,0,,,,,,,,,,
2026-06-20T13:09:01.204075+00:00,S004,commissioning_unmounted,false,healthy,none,2000,healthy_horizontal_no_load_2000rpm,392805,1994,301,1059,1437,4,0,240261,9,0,,,,,,,,,,
2026-06-20T13:09:01.297710+00:00,S004,commissioning_unmounted,false,healthy,none,2000,healthy_horizontal_no_load_2000rpm,392905,1994,301,1059,1437,6,0,240340,9,0,,,,,,,,,,
2026-06-20T13:09:01.391030+00:00,S004,commissioning_unmounted,false,healthy,none,2000,healthy_horizontal_no_load_2000rpm,393005,1997,295,1058,1428,3,0,240420,9,0,,,,,,,,,,
2026-06-20T13:09:01.483924+00:00,S004,commissioning_unmounted,false,healthy,none,2000,healthy_horizontal_no_load_2000rpm,393105,1993,300,1059,1436,5,0,240500,9,0,,,,,,,,,,
2026-06-20T13:09:01.578767+00:00,S004,commissioning_unmounted,false,healthy,none,2000,healthy_horizontal_no_load_2000rpm,393205,1992,296,1062,1434,6,0,240580,9,0,,,,,,,,,,
2026-06-20T13:09:01.673686+00:00,S004,commissioning_unmounted,false,healthy,none,2000,healthy_horizontal_no_load_2000rpm,393305,1994,299,1059,1434,3,0,240660,9,0,,,,,,,,,,
2026-06-20T13:09:01.814658+00:00,S004,commissioning_unmounted,false,healthy,none,2000,healthy_horizontal_no_load_2000rpm,393405,1993,287,1069,1430,1,0,240739,9,0,,,,,,,,,,
2026-06-20T13:09:01.908550+00:00,S004,commissioning_unmounted,false,healthy,none,2000,healthy_horizontal_no_load_2000rpm,393505,1996,300,1060,1436,4,0,240819,9,0,,,,,,,,,,
2026-06-20T13:09:02.002539+00:00,S004,commissioning_unmounted,false,healthy,none,2000,healthy_horizontal_no_load_2000rpm,393605,1992,298,1061,1435,2,0,240899,9,0,,,,,,,,,,
2026-06-20T13:09:02.096535+00:00,S004,commissioning_unmounted,false,healthy,none,2000,healthy_horizontal_no_load_2000rpm,393705,1995,293,1059,1427,1,0,240979,9,0,,,,,,,,,,
2026-06-20T13:09:02.192118+00:00,S004,commissioning_unmounted,false,healthy,none,2000,healthy_horizontal_no_load_2000rpm,393805,1993,301,1059,1437,4,0,241059,9,0,,,,,,,,,,
2026-06-20T13:09:02.285687+00:00,S004,commissioning_unmounted,false,healthy,none,2000,healthy_horizontal_no_load_2000rpm,393905,1996,297,1064,1436,6,0,241138,9,0,,,,,,,,,,
2026-06-20T13:09:02.378692+00:00,S004,commissioning_unmounted,false,healthy,none,2000,healthy_horizontal_no_load_2000rpm,394005,1991,301,1059,1437,3,0,241218,9,0,,,,,,,,,,
2026-06-20T13:09:02.471801+00:00,S004,commissioning_unmounted,false,healthy,none,2000,healthy_horizontal_no_load_2000rpm,394105,2001,299,1055,1429,5,0,241298,9,0,,,,,,,,,,
2026-06-20T13:09:02.612716+00:00,S004,commissioning_unmounted,false,healthy,none,2000,healthy_horizontal_no_load_2000rpm,394205,2001,301,1056,1432,6,0,241378,9,0,,,,,,,,,,
2026-06-20T13:09:02.705092+00:00,S004,commissioning_unmounted,false,healthy,none,2000,healthy_horizontal_no_load_2000rpm,394305,1988,295,1069,1441,3,0,241458,9,0,,,,,,,,,,
2026-06-20T13:09:02.798437+00:00,S004,commissioning_unmounted,false,healthy,none,2000,healthy_horizontal_no_load_2000rpm,394405,1988,296,1062,1435,1,0,241537,9,0,,,,,,,,,,
2026-06-20T13:09:02.891794+00:00,S004,commissioning_unmounted,false,healthy,none,2000,healthy_horizontal_no_load_2000rpm,394505,1993,292,1059,1426,4,0,241617,9,0,,,,,,,,,,
2026-06-20T13:09:02.984867+00:00,S004,commissioning_unmounted,false,healthy,none,2000,healthy_horizontal_no_load_2000rpm,394605,1991,294,1068,1438,6,0,241696,9,0,,,,,,,,,,
2026-06-20T13:09:03.078620+00:00,S004,commissioning_unmounted,false,healthy,none,2000,healthy_horizontal_no_load_2000rpm,394705,1993,293,1063,1431,3,0,241776,9,0,,,,,,,,,,
2026-06-20T13:09:03.172906+00:00,S004,commissioning_unmounted,false,healthy,none,2000,healthy_horizontal_no_load_2000rpm,394805,1997,298,1061,1434,5,0,241856,9,0,,,,,,,,,,
2026-06-20T13:09:03.266301+00:00,S004,commissioning_unmounted,false,healthy,none,2000,healthy_horizontal_no_load_2000rpm,394905,1997,302,1055,1434,6,0,241936,9,0,,,,,,,,,,
2026-06-20T13:09:03.407668+00:00,S004,commissioning_unmounted,false,healthy,none,2000,healthy_horizontal_no_load_2000rpm,395005,1998,298,1061,1434,3,0,242016,9,0,,,,,,,,,,
2026-06-20T13:09:03.500533+00:00,S004,commissioning_unmounted,false,healthy,none,2000,healthy_horizontal_no_load_2000rpm,395105,1992,301,1059,1437,5,0,242096,9,0,,,,,,,,,,
2026-06-20T13:09:03.593406+00:00,S004,commissioning_unmounted,false,healthy,none,2000,healthy_horizontal_no_load_2000rpm,395205,1995,289,1067,1429,4,0,242175,9,0,,,,,,,,,,
2026-06-20T13:09:03.687657+00:00,S004,commissioning_unmounted,false,healthy,none,2000,healthy_horizontal_no_load_2000rpm,395305,1994,292,1065,1431,2,0,242255,9,0,,,,,,,,,,
2026-06-20T13:09:03.781646+00:00,S004,commissioning_unmounted,false,healthy,none,2000,healthy_horizontal_no_load_2000rpm,395405,1988,294,1070,1440,1,0,242335,9,0,,,,,,,,,,
2026-06-20T13:09:03.877585+00:00,S004,commissioning_unmounted,false,healthy,none,2000,healthy_horizontal_no_load_2000rpm,395505,2001,296,1054,1424,4,0,242415,9,0,,,,,,,,,,
2026-06-20T13:09:03.969454+00:00,S004,commissioning_unmounted,false,healthy,none,2000,healthy_horizontal_no_load_2000rpm,395605,2005,300,1052,1427,2,0,242495,9,0,,,,,,,,,,
2026-06-20T13:09:04.062433+00:00,S004,commissioning_unmounted,false,healthy,none,2000,healthy_horizontal_no_load_2000rpm,395705,1999,300,1059,1434,1,0,242575,9,0,,,,,,,,,,
2026-06-20T13:09:04.203487+00:00,S004,commissioning_unmounted,false,healthy,none,2000,healthy_horizontal_no_load_2000rpm,395805,1998,297,1062,1434,4,0,242655,9,0,,,,,,,,,,
2026-06-20T13:09:04.296660+00:00,S004,commissioning_unmounted,false,healthy,none,2000,healthy_horizontal_no_load_2000rpm,395905,1995,294,1063,1432,2,0,242735,9,0,,,,,,,,,,
2026-06-20T13:09:04.390815+00:00,S004,commissioning_unmounted,false,healthy,none,2000,healthy_horizontal_no_load_2000rpm,396005,1993,301,1059,1437,1,0,242815,9,0,,,,,,,,,,
2026-06-20T13:09:04.483577+00:00,S004,commissioning_unmounted,false,healthy,none,2000,healthy_horizontal_no_load_2000rpm,396105,1997,286,1068,1426,4,0,242895,9,0,,,,,,,,,,
2026-06-20T13:09:04.579266+00:00,S004,commissioning_unmounted,false,healthy,none,2000,healthy_horizontal_no_load_2000rpm,396205,1997,302,1055,1434,6,0,242974,9,0,,,,,,,,,,
2026-06-20T13:09:04.671327+00:00,S004,commissioning_unmounted,false,healthy,none,2000,healthy_horizontal_no_load_2000rpm,396305,1995,300,1057,1433,3,0,243054,9,0,,,,,,,,,,
2026-06-20T13:09:04.765038+00:00,S004,commissioning_unmounted,false,healthy,none,2000,healthy_horizontal_no_load_2000rpm,396405,1993,292,1066,1433,5,0,243134,9,0,,,,,,,,,,
2026-06-20T13:09:04.905624+00:00,S004,commissioning_unmounted,false,healthy,none,2000,healthy_horizontal_no_load_2000rpm,396505,1994,300,1059,1435,6,0,243214,9,0,,,,,,,,,,
2026-06-20T13:09:04.999572+00:00,S004,commissioning_unmounted,false,healthy,none,2000,healthy_horizontal_no_load_2000rpm,396605,1997,297,1062,1434,3,0,243294,9,0,,,,,,,,,,
2026-06-20T13:09:05.092249+00:00,S004,commissioning_unmounted,false,healthy,none,2000,healthy_horizontal_no_load_2000rpm,396705,1998,295,1057,1427,1,0,243373,9,0,,,,,,,,,,
2026-06-20T13:09:05.186605+00:00,S004,commissioning_unmounted,false,healthy,none,2000,healthy_horizontal_no_load_2000rpm,396805,1993,299,1059,1435,4,0,243453,9,0,,,,,,,,,,
2026-06-20T13:09:05.280546+00:00,S004,commissioning_unmounted,false,healthy,none,2000,healthy_horizontal_no_load_2000rpm,396905,1994,290,1068,1432,2,0,243533,9,0,,,,,,,,,,
2026-06-20T13:09:05.373865+00:00,S004,commissioning_unmounted,false,healthy,none,2000,healthy_horizontal_no_load_2000rpm,397005,1995,301,1058,1435,1,0,243613,9,0,,,,,,,,,,
2026-06-20T13:09:05.468435+00:00,S004,commissioning_unmounted,false,healthy,none,2000,healthy_horizontal_no_load_2000rpm,397105,1996,295,1062,1432,4,0,243693,9,0,,,,,,,,,,
2026-06-20T13:09:05.562631+00:00,S004,commissioning_unmounted,false,healthy,none,2000,healthy_horizontal_no_load_2000rpm,397205,1995,303,1057,1437,2,0,243773,9,0,,,,,,,,,,
2026-06-20T13:09:05.657187+00:00,S004,commissioning_unmounted,false,healthy,none,2000,healthy_horizontal_no_load_2000rpm,397305,1993,292,1065,1432,3,0,243852,9,0,,,,,,,,,,
2026-06-20T13:09:05.797316+00:00,S004,commissioning_unmounted,false,healthy,none,2000,healthy_horizontal_no_load_2000rpm,397405,1995,301,1057,1435,5,0,243932,9,0,,,,,,,,,,
2026-06-20T13:09:05.890156+00:00,S004,commissioning_unmounted,false,healthy,none,2000,healthy_horizontal_no_load_2000rpm,397505,1995,297,1062,1434,6,0,244012,9,0,,,,,,,,,,
2026-06-20T13:09:05.974664+00:00,S004,commissioning_unmounted,false,healthy,none,2000,healthy_horizontal_no_load_2000rpm,397605,1991,297,1064,1437,3,0,244092,9,0,,,,,,,,,,
2026-06-20T13:09:06.069021+00:00,S004,commissioning_unmounted,false,healthy,none,2000,healthy_horizontal_no_load_2000rpm,397705,1994,290,1068,1432,5,0,244172,9,0,,,,,,,,,,
2026-06-20T13:09:06.170230+00:00,S004,commissioning_unmounted,false,healthy,none,2000,healthy_horizontal_no_load_2000rpm,397805,1995,292,1066,1432,4,0,244251,9,0,,,,,,,,,,
2026-06-20T13:09:06.263907+00:00,S004,commissioning_unmounted,false,healthy,none,2000,healthy_horizontal_no_load_2000rpm,397905,1995,300,1059,1435,2,0,244331,9,0,,,,,,,,,,
2026-06-20T13:09:06.396752+00:00,S004,commissioning_unmounted,false,healthy,none,2000,healthy_horizontal_no_load_2000rpm,398005,1996,299,1058,1433,1,0,244411,9,0,,,,,,,,,,
2026-06-20T13:09:06.499821+00:00,S004,commissioning_unmounted,false,healthy,none,2000,healthy_horizontal_no_load_2000rpm,398105,1994,294,1064,1433,4,0,244491,9,0,,,,,,,,,,
2026-06-20T13:09:06.592249+00:00,S004,commissioning_unmounted,false,healthy,none,2000,healthy_horizontal_no_load_2000rpm,398205,1994,304,1056,1437,6,0,244570,9,0,,,,,,,,,,
2026-06-20T13:09:06.677675+00:00,S004,commissioning_unmounted,false,healthy,none,2000,healthy_horizontal_no_load_2000rpm,398305,1995,293,1066,1434,3,0,244650,9,0,,,,,,,,,,
2026-06-20T13:09:06.771648+00:00,S004,commissioning_unmounted,false,healthy,none,2000,healthy_horizontal_no_load_2000rpm,398405,1995,294,1064,1433,5,0,244730,9,0,,,,,,,,,,
2026-06-20T13:09:06.874460+00:00,S004,commissioning_unmounted,false,healthy,none,2000,healthy_horizontal_no_load_2000rpm,398505,1995,294,1065,1434,6,0,244810,9,0,,,,,,,,,,
2026-06-20T13:09:06.967253+00:00,S004,commissioning_unmounted,false,healthy,none,2000,healthy_horizontal_no_load_2000rpm,398605,1994,300,1060,1436,3,0,244890,9,0,,,,,,,,,,
2026-06-20T13:09:07.060651+00:00,S004,commissioning_unmounted,false,healthy,none,2000,healthy_horizontal_no_load_2000rpm,398705,1995,301,1057,1434,5,0,244970,9,0,,,,,,,,,,
2026-06-20T13:09:07.155618+00:00,S004,commissioning_unmounted,false,healthy,none,2000,healthy_horizontal_no_load_2000rpm,398805,1996,303,1054,1434,4,0,245049,9,0,,,,,,,,,,
2026-06-20T13:09:07.297474+00:00,S004,commissioning_unmounted,false,healthy,none,2000,healthy_horizontal_no_load_2000rpm,398905,1994,293,1066,1434,2,0,245129,9,0,,,,,,,,,,
2026-06-20T13:09:07.390690+00:00,S004,commissioning_unmounted,false,healthy,none,2000,healthy_horizontal_no_load_2000rpm,399005,1994,297,1059,1432,1,0,245209,9,0,,,,,,,,,,
2026-06-20T13:09:07.483700+00:00,S004,commissioning_unmounted,false,healthy,none,2000,healthy_horizontal_no_load_2000rpm,399105,1996,302,1057,1436,4,0,245289,9,0,,,,,,,,,,
2026-06-20T13:09:07.576730+00:00,S004,commissioning_unmounted,false,healthy,none,2000,healthy_horizontal_no_load_2000rpm,399205,1995,294,1066,1435,2,0,245369,9,0,,,,,,,,,,
2026-06-20T13:09:07.668613+00:00,S004,commissioning_unmounted,false,healthy,none,2000,healthy_horizontal_no_load_2000rpm,399305,1993,303,1057,1437,3,0,245448,9,0,,,,,,,,,,
2026-06-20T13:09:07.761429+00:00,S004,commissioning_unmounted,false,healthy,none,2000,healthy_horizontal_no_load_2000rpm,399405,1994,293,1067,1435,5,0,245528,9,0,,,,,,,,,,
2026-06-20T13:09:07.854439+00:00,S004,commissioning_unmounted,false,healthy,none,2000,healthy_horizontal_no_load_2000rpm,399505,1993,301,1059,1437,6,0,245608,9,0,,,,,,,,,,
2026-06-20T13:09:07.995023+00:00,S004,commissioning_unmounted,false,healthy,none,2000,healthy_horizontal_no_load_2000rpm,399605,1994,294,1060,1429,3,0,245688,9,0,,,,,,,,,,
2026-06-20T13:09:08.088817+00:00,S004,commissioning_unmounted,false,healthy,none,2000,healthy_horizontal_no_load_2000rpm,399705,1995,297,1062,1435,5,0,245768,9,0,,,,,,,,,,
2026-06-20T13:09:08.183548+00:00,S004,commissioning_unmounted,false,healthy,none,2000,healthy_horizontal_no_load_2000rpm,399805,1995,296,1064,1435,4,0,245847,9,0,,,,,,,,,,
2026-06-20T13:09:08.277343+00:00,S004,commissioning_unmounted,false,healthy,none,2000,healthy_horizontal_no_load_2000rpm,399905,1993,297,1059,1432,2,0,245927,9,0,,,,,,,,,,
2026-06-20T13:09:08.370589+00:00,S004,commissioning_unmounted,false,healthy,none,2000,healthy_horizontal_no_load_2000rpm,400005,1994,299,1061,1436,1,0,246007,9,0,,,,,,,,,,
2026-06-20T13:09:08.464654+00:00,S004,commissioning_unmounted,false,healthy,none,2000,healthy_horizontal_no_load_2000rpm,400105,1995,297,1061,1434,4,0,246087,9,0,,,,,,,,,,
2026-06-20T13:09:08.558079+00:00,S004,commissioning_unmounted,false,healthy,none,2000,healthy_horizontal_no_load_2000rpm,400205,1994,300,1059,1435,2,0,246167,9,0,,,,,,,,,,
2026-06-20T13:09:08.652721+00:00,S004,commissioning_unmounted,false,healthy,none,2000,healthy_horizontal_no_load_2000rpm,400305,1992,298,1066,1440,3,0,246246,9,0,,,,,,,,,,
2026-06-20T13:09:08.791933+00:00,S004,commissioning_unmounted,false,healthy,none,2000,healthy_horizontal_no_load_2000rpm,400405,1996,301,1058,1435,5,0,246326,9,0,,,,,,,,,,
2026-06-20T13:09:08.884897+00:00,S004,commissioning_unmounted,false,healthy,none,2000,healthy_horizontal_no_load_2000rpm,400505,1996,298,1062,1436,6,0,246406,9,0,,,,,,,,,,
2026-06-20T13:09:08.976699+00:00,S004,commissioning_unmounted,false,healthy,none,2000,healthy_horizontal_no_load_2000rpm,400605,1993,290,1066,1430,3,0,246486,9,0,,,,,,,,,,
2026-06-20T13:09:09.070162+00:00,S004,commissioning_unmounted,false,healthy,none,2000,healthy_horizontal_no_load_2000rpm,400705,1994,296,1063,1435,5,0,246566,9,0,,,,,,,,,,
2026-06-20T13:09:09.164662+00:00,S004,commissioning_unmounted,false,healthy,none,2000,healthy_horizontal_no_load_2000rpm,400805,1996,298,1061,1435,4,0,246645,9,0,,,,,,,,,,
2026-06-20T13:09:09.260726+00:00,S004,commissioning_unmounted,false,healthy,none,2000,healthy_horizontal_no_load_2000rpm,400905,1997,295,1063,1433,2,0,246725,9,0,,,,,,,,,,
2026-06-20T13:09:09.354000+00:00,S004,commissioning_unmounted,false,healthy,none,2000,healthy_horizontal_no_load_2000rpm,401005,1994,296,1062,1434,1,0,246805,9,0,,,,,,,,,,
2026-06-20T13:09:09.448308+00:00,S004,commissioning_unmounted,false,healthy,none,2000,healthy_horizontal_no_load_2000rpm,401105,1993,303,1057,1437,4,0,246885,9,0,,,,,,,,,,
2026-06-20T13:09:09.589437+00:00,S004,commissioning_unmounted,false,healthy,none,2000,healthy_horizontal_no_load_2000rpm,401205,1997,294,1063,1431,2,0,246965,9,0,,,,,,,,,,
2026-06-20T13:09:09.683339+00:00,S004,commissioning_unmounted,false,healthy,none,2000,healthy_horizontal_no_load_2000rpm,401305,1996,295,1062,1432,1,0,247045,9,0,,,,,,,,,,
2026-06-20T13:09:09.775481+00:00,S004,commissioning_unmounted,false,healthy,none,2000,healthy_horizontal_no_load_2000rpm,401405,1993,293,1064,1432,5,0,247124,9,0,,,,,,,,,,
2026-06-20T13:09:09.870072+00:00,S004,commissioning_unmounted,false,healthy,none,2000,healthy_horizontal_no_load_2000rpm,401505,1996,302,1057,1436,6,0,247204,9,0,,,,,,,,,,
2026-06-20T13:09:09.962703+00:00,S004,commissioning_unmounted,false,healthy,none,2000,healthy_horizontal_no_load_2000rpm,401605,1995,303,1055,1435,3,0,247284,9,0,,,,,,,,,,
2026-06-20T13:09:10.055938+00:00,S004,commissioning_unmounted,false,healthy,none,2000,healthy_horizontal_no_load_2000rpm,401705,1994,303,1057,1437,5,0,247364,9,0,,,,,,,,,,
2026-06-20T13:09:10.150483+00:00,S004,commissioning_unmounted,false,healthy,none,2000,healthy_horizontal_no_load_2000rpm,401805,1996,294,1064,1433,4,0,247443,9,0,,,,,,,,,,
2026-06-20T13:09:10.244664+00:00,S004,commissioning_unmounted,false,healthy,none,2000,healthy_horizontal_no_load_2000rpm,401905,1997,292,1057,1423,2,0,247523,9,0,,,,,,,,,,
2026-06-20T13:09:10.383672+00:00,S004,commissioning_unmounted,false,healthy,none,2000,healthy_horizontal_no_load_2000rpm,402005,1996,301,1059,1436,1,0,247603,9,0,,,,,,,,,,
2026-06-20T13:09:10.476259+00:00,S004,commissioning_unmounted,false,healthy,none,2000,healthy_horizontal_no_load_2000rpm,402105,1994,290,1067,1431,4,0,247683,9,0,,,,,,,,,,
2026-06-20T13:09:10.570740+00:00,S004,commissioning_unmounted,false,healthy,none,2000,healthy_horizontal_no_load_2000rpm,402205,1992,296,1067,1439,2,0,247763,9,0,,,,,,,,,,
2026-06-20T13:09:10.664749+00:00,S004,commissioning_unmounted,false,healthy,none,2000,healthy_horizontal_no_load_2000rpm,402305,1994,295,1066,1436,1,0,247843,9,0,,,,,,,,,,
2026-06-20T13:09:10.759447+00:00,S004,commissioning_unmounted,false,healthy,none,2000,healthy_horizontal_no_load_2000rpm,402405,1994,301,1059,1437,5,0,247922,9,0,,,,,,,,,,
2026-06-20T13:09:10.853491+00:00,S004,commissioning_unmounted,false,healthy,none,2000,healthy_horizontal_no_load_2000rpm,402505,1996,298,1060,1434,6,0,248002,9,0,,,,,,,,,,
2026-06-20T13:09:10.947101+00:00,S004,commissioning_unmounted,false,healthy,none,2000,healthy_horizontal_no_load_2000rpm,402605,1994,297,1061,1434,3,0,248082,9,0,,,,,,,,,,
2026-06-20T13:09:11.041901+00:00,S004,commissioning_unmounted,false,healthy,none,2000,healthy_horizontal_no_load_2000rpm,402705,1994,301,1059,1437,5,0,248162,9,0,,,,,,,,,,
2026-06-20T13:09:11.184440+00:00,S004,commissioning_unmounted,false,healthy,none,2000,healthy_horizontal_no_load_2000rpm,402805,1997,294,1065,1434,6,0,248242,9,0,,,,,,,,,,
2026-06-20T13:09:11.276704+00:00,S004,commissioning_unmounted,false,healthy,none,2000,healthy_horizontal_no_load_2000rpm,402905,1996,301,1058,1435,2,0,248321,9,0,,,,,,,,,,
2026-06-20T13:09:11.370467+00:00,S004,commissioning_unmounted,false,healthy,none,2000,healthy_horizontal_no_load_2000rpm,403005,1993,287,1067,1427,1,0,248401,9,0,,,,,,,,,,
2026-06-20T13:09:11.464673+00:00,S004,commissioning_unmounted,false,healthy,none,2000,healthy_horizontal_no_load_2000rpm,403105,1993,296,1062,1434,4,0,248481,9,0,,,,,,,,,,
2026-06-20T13:09:11.557624+00:00,S004,commissioning_unmounted,false,healthy,none,2000,healthy_horizontal_no_load_2000rpm,403205,1995,287,1070,1430,2,0,248561,9,0,,,,,,,,,,
2026-06-20T13:09:11.651230+00:00,S004,commissioning_unmounted,false,healthy,none,2000,healthy_horizontal_no_load_2000rpm,403305,1995,301,1057,1435,1,0,248641,9,0,,,,,,,,,,
2026-06-20T13:09:11.745276+00:00,S004,commissioning_unmounted,false,healthy,none,2000,healthy_horizontal_no_load_2000rpm,403405,1995,301,1059,1437,4,0,248721,9,0,,,,,,,,,,
2026-06-20T13:09:11.840071+00:00,S004,commissioning_unmounted,false,healthy,none,2000,healthy_horizontal_no_load_2000rpm,403505,1997,294,1064,1432,6,0,248800,9,0,,,,,,,,,,
2026-06-20T13:09:11.980844+00:00,S004,commissioning_unmounted,false,healthy,none,2000,healthy_horizontal_no_load_2000rpm,403605,1996,293,1061,1429,3,0,248880,9,0,,,,,,,,,,
2026-06-20T13:09:12.072669+00:00,S004,commissioning_unmounted,false,healthy,none,2000,healthy_horizontal_no_load_2000rpm,403705,1996,289,1066,1428,5,0,248960,9,0,,,,,,,,,,
2026-06-20T13:09:12.166031+00:00,S004,commissioning_unmounted,false,healthy,none,2000,healthy_horizontal_no_load_2000rpm,403805,1994,297,1061,1434,6,0,249040,9,0,,,,,,,,,,
2026-06-20T13:09:12.260625+00:00,S004,commissioning_unmounted,false,healthy,none,2000,healthy_horizontal_no_load_2000rpm,403905,1993,290,1065,1429,3,0,249120,9,0,,,,,,,,,,
2026-06-20T13:09:12.353899+00:00,S004,commissioning_unmounted,false,healthy,none,2000,healthy_horizontal_no_load_2000rpm,404005,1993,295,1069,1439,1,0,249199,9,0,,,,,,,,,,
2026-06-20T13:09:12.447816+00:00,S004,commissioning_unmounted,false,healthy,none,2000,healthy_horizontal_no_load_2000rpm,404105,1993,288,1069,1430,4,0,249279,9,0,,,,,,,,,,
2026-06-20T13:09:12.541260+00:00,S004,commissioning_unmounted,false,healthy,none,2000,healthy_horizontal_no_load_2000rpm,404205,1993,301,1059,1437,2,0,249359,9,0,,,,,,,,,,
2026-06-20T13:09:12.681563+00:00,S004,commissioning_unmounted,false,healthy,none,2000,healthy_horizontal_no_load_2000rpm,404305,1993,302,1057,1436,1,0,249439,9,0,,,,,,,,,,
2026-06-20T13:09:12.775564+00:00,S004,commissioning_unmounted,false,healthy,none,2000,healthy_horizontal_no_load_2000rpm,404405,1995,297,1062,1435,5,0,249518,9,0,,,,,,,,,,
2026-06-20T13:09:12.869881+00:00,S004,commissioning_unmounted,false,healthy,none,2000,healthy_horizontal_no_load_2000rpm,404505,1993,300,1059,1436,6,0,249598,9,0,,,,,,,,,,
2026-06-20T13:09:12.964474+00:00,S004,commissioning_unmounted,false,healthy,none,2000,healthy_horizontal_no_load_2000rpm,404605,1996,292,1064,1430,3,0,249678,9,0,,,,,,,,,,
2026-06-20T13:09:13.057972+00:00,S004,commissioning_unmounted,false,healthy,none,2000,healthy_horizontal_no_load_2000rpm,404705,1995,301,1057,1435,5,0,249758,9,0,,,,,,,,,,
2026-06-20T13:09:13.151371+00:00,S004,commissioning_unmounted,false,healthy,none,2000,healthy_horizontal_no_load_2000rpm,404805,1995,296,1064,1435,6,0,249838,9,0,,,,,,,,,,
2026-06-20T13:09:13.245580+00:00,S004,commissioning_unmounted,false,healthy,none,2000,healthy_horizontal_no_load_2000rpm,404905,1995,300,1060,1436,2,0,249917,9,0,,,,,,,,,,
2026-06-20T13:09:13.338564+00:00,S004,commissioning_unmounted,false,healthy,none,2000,healthy_horizontal_no_load_2000rpm,405005,1993,297,1062,1435,1,0,249997,9,0,,,,,,,,,,
2026-06-20T13:09:13.477813+00:00,S004,commissioning_unmounted,false,healthy,none,2000,healthy_horizontal_no_load_2000rpm,405105,1995,293,1067,1435,4,0,250077,9,0,,,,,,,,,,
2026-06-20T13:09:13.569140+00:00,S004,commissioning_unmounted,false,healthy,none,2000,healthy_horizontal_no_load_2000rpm,405205,1993,303,1059,1439,2,0,250157,9,0,,,,,,,,,,
2026-06-20T13:09:13.662489+00:00,S004,commissioning_unmounted,false,healthy,none,2000,healthy_horizontal_no_load_2000rpm,405305,1993,289,1068,1431,3,0,250236,9,0,,,,,,,,,,
2026-06-20T13:09:13.755646+00:00,S004,commissioning_unmounted,false,healthy,none,2000,healthy_horizontal_no_load_2000rpm,405405,1996,301,1057,1435,5,0,250316,9,0,,,,,,,,,,
2026-06-20T13:09:13.850261+00:00,S004,commissioning_unmounted,false,healthy,none,2000,healthy_horizontal_no_load_2000rpm,405505,1995,301,1058,1435,6,0,250396,9,0,,,,,,,,,,
2026-06-20T13:09:13.943716+00:00,S004,commissioning_unmounted,false,healthy,none,2000,healthy_horizontal_no_load_2000rpm,405605,1993,298,1062,1436,3,0,250476,9,0,,,,,,,,,,
2026-06-20T13:09:14.037177+00:00,S004,commissioning_unmounted,false,healthy,none,2000,healthy_horizontal_no_load_2000rpm,405705,1995,296,1063,1435,5,0,250556,9,0,,,,,,,,,,
2026-06-20T13:09:14.146481+00:00,S004,commissioning_unmounted,false,healthy,none,2000,healthy_horizontal_no_load_2000rpm,405805,1992,299,1060,1436,4,0,250635,9,0,,,,,,,,,,
2026-06-20T13:09:14.254527+00:00,S004,commissioning_unmounted,false,healthy,none,2000,healthy_horizontal_no_load_2000rpm,405905,1994,292,1067,1434,2,0,250715,9,0,,,,,,,,,,
2026-06-20T13:09:14.347307+00:00,S004,commissioning_unmounted,false,healthy,none,2000,healthy_horizontal_no_load_2000rpm,406005,1996,302,1057,1436,1,0,250795,9,0,,,,,,,,,,
2026-06-20T13:09:14.442797+00:00,S004,commissioning_unmounted,false,healthy,none,2000,healthy_horizontal_no_load_2000rpm,406105,1994,294,1064,1433,4,0,250875,9,0,,,,,,,,,,
2026-06-20T13:09:14.552107+00:00,S004,commissioning_unmounted,false,healthy,none,2000,healthy_horizontal_no_load_2000rpm,406205,1994,300,1055,1432,2,0,250955,9,0,,,,,,,,,,
2026-06-20T13:09:14.643392+00:00,S004,commissioning_unmounted,false,healthy,none,2000,healthy_horizontal_no_load_2000rpm,406305,1993,287,1069,1429,3,0,251034,9,0,,,,,,,,,,
2026-06-20T13:09:14.738123+00:00,S004,commissioning_unmounted,false,healthy,none,2000,healthy_horizontal_no_load_2000rpm,406405,1992,299,1060,1436,5,0,251114,9,0,,,,,,,,,,
2026-06-20T13:09:14.831238+00:00,S004,commissioning_unmounted,false,healthy,none,2000,healthy_horizontal_no_load_2000rpm,406505,1992,294,1067,1436,6,0,251194,9,0,,,,,,,,,,
2026-06-20T13:09:14.971403+00:00,S004,commissioning_unmounted,false,healthy,none,2000,healthy_horizontal_no_load_2000rpm,406605,1996,298,1061,1435,3,0,251274,9,0,,,,,,,,,,
2026-06-20T13:09:15.065933+00:00,S004,commissioning_unmounted,false,healthy,none,2000,healthy_horizontal_no_load_2000rpm,406705,1995,297,1059,1432,1,0,251353,9,0,,,,,,,,,,
2026-06-20T13:09:15.161076+00:00,S004,commissioning_unmounted,false,healthy,none,2000,healthy_horizontal_no_load_2000rpm,406805,1994,294,1064,1433,4,0,251433,9,0,,,,,,,,,,
2026-06-20T13:09:15.253481+00:00,S004,commissioning_unmounted,false,healthy,none,2000,healthy_horizontal_no_load_2000rpm,406905,1995,297,1063,1435,2,0,251513,9,0,,,,,,,,,,
2026-06-20T13:09:15.347008+00:00,S004,commissioning_unmounted,false,healthy,none,2000,healthy_horizontal_no_load_2000rpm,407005,1990,292,1070,1437,1,0,251593,9,0,,,,,,,,,,
2026-06-20T13:09:15.440125+00:00,S004,commissioning_unmounted,false,healthy,none,2000,healthy_horizontal_no_load_2000rpm,407105,1993,299,1061,1437,5,0,251672,9,0,,,,,,,,,,
2026-06-20T13:09:15.534728+00:00,S004,commissioning_unmounted,false,healthy,none,2000,healthy_horizontal_no_load_2000rpm,407205,1994,301,1059,1437,6,0,251752,9,0,,,,,,,,,,
2026-06-20T13:09:15.628222+00:00,S004,commissioning_unmounted,false,healthy,none,2000,healthy_horizontal_no_load_2000rpm,407305,1992,303,1058,1438,3,0,251832,9,0,,,,,,,,,,
2026-06-20T13:09:15.767037+00:00,S004,commissioning_unmounted,false,healthy,none,2000,healthy_horizontal_no_load_2000rpm,407405,1992,302,1058,1437,1,0,251911,9,0,,,,,,,,,,
2026-06-20T13:09:15.859220+00:00,S004,commissioning_unmounted,false,healthy,none,2000,healthy_horizontal_no_load_2000rpm,407505,1992,291,1065,1430,4,0,251991,9,0,,,,,,,,,,
2026-06-20T13:09:15.951321+00:00,S004,commissioning_unmounted,false,healthy,none,2000,healthy_horizontal_no_load_2000rpm,407605,1993,293,1064,1432,2,0,252071,9,0,,,,,,,,,,
2026-06-20T13:09:16.043482+00:00,S004,commissioning_unmounted,false,healthy,none,2000,healthy_horizontal_no_load_2000rpm,407705,1994,296,1064,1435,1,0,252151,9,0,,,,,,,,,,
2026-06-20T13:09:16.138128+00:00,S004,commissioning_unmounted,false,healthy,none,2000,healthy_horizontal_no_load_2000rpm,407805,1992,303,1057,1437,4,0,252231,9,0,,,,,,,,,,
2026-06-20T13:09:16.231155+00:00,S004,commissioning_unmounted,false,healthy,none,2000,healthy_horizontal_no_load_2000rpm,407905,1993,300,1059,1436,6,0,252310,9,0,,,,,,,,,,
2026-06-20T13:09:16.324005+00:00,S004,commissioning_unmounted,false,healthy,none,2000,healthy_horizontal_no_load_2000rpm,408005,1992,301,1059,1437,3,0,252390,9,0,,,,,,,,,,
2026-06-20T13:09:16.465661+00:00,S004,commissioning_unmounted,false,healthy,none,2000,healthy_horizontal_no_load_2000rpm,408105,1993,302,1058,1437,5,0,252470,9,0,,,,,,,,,,
2026-06-20T13:09:16.559632+00:00,S004,commissioning_unmounted,false,healthy,none,2000,healthy_horizontal_no_load_2000rpm,408205,1994,294,1064,1433,4,0,252549,9,0,,,,,,,,,,
2026-06-20T13:09:16.653146+00:00,S004,commissioning_unmounted,false,healthy,none,2000,healthy_horizontal_no_load_2000rpm,408305,1995,293,1064,1432,2,0,252629,9,0,,,,,,,,,,
2026-06-20T13:09:16.746807+00:00,S004,commissioning_unmounted,false,healthy,none,2000,healthy_horizontal_no_load_2000rpm,408405,1994,290,1068,1432,1,0,252709,9,0,,,,,,,,,,
2026-06-20T13:09:16.840284+00:00,S004,commissioning_unmounted,false,healthy,none,2000,healthy_horizontal_no_load_2000rpm,408505,1992,295,1069,1439,4,0,252789,9,0,,,,,,,,,,
2026-06-20T13:09:16.933604+00:00,S004,commissioning_unmounted,false,healthy,none,2000,healthy_horizontal_no_load_2000rpm,408605,1994,300,1057,1434,2,0,252869,9,0,,,,,,,,,,
2026-06-20T13:09:17.028343+00:00,S004,commissioning_unmounted,false,healthy,none,2000,healthy_horizontal_no_load_2000rpm,408705,1993,300,1061,1437,3,0,252948,9,0,,,,,,,,,,
2026-06-20T13:09:17.121389+00:00,S004,commissioning_unmounted,false,healthy,none,2000,healthy_horizontal_no_load_2000rpm,408805,1996,294,1066,1435,5,0,253028,9,0,,,,,,,,,,
2026-06-20T13:09:17.261921+00:00,S004,commissioning_unmounted,false,healthy,none,2000,healthy_horizontal_no_load_2000rpm,408905,1994,301,1059,1437,6,0,253108,9,0,,,,,,,,,,
2026-06-20T13:09:17.354368+00:00,S004,commissioning_unmounted,false,healthy,none,2000,healthy_horizontal_no_load_2000rpm,409005,1993,293,1066,1434,3,0,253188,9,0,,,,,,,,,,
2026-06-20T13:09:17.447835+00:00,S004,commissioning_unmounted,false,healthy,none,2000,healthy_horizontal_no_load_2000rpm,409105,1993,292,1069,1436,1,0,253267,9,0,,,,,,,,,,
2026-06-20T13:09:17.541226+00:00,S004,commissioning_unmounted,false,healthy,none,2000,healthy_horizontal_no_load_2000rpm,409205,1994,295,1064,1434,4,0,253347,9,0,,,,,,,,,,
2026-06-20T13:09:17.634669+00:00,S004,commissioning_unmounted,false,healthy,none,2000,healthy_horizontal_no_load_2000rpm,409305,1994,301,1059,1437,2,0,253427,9,0,,,,,,,,,,
2026-06-20T13:09:17.727761+00:00,S004,commissioning_unmounted,false,healthy,none,2000,healthy_horizontal_no_load_2000rpm,409405,1993,297,1059,1432,1,0,253507,9,0,,,,,,,,,,
2026-06-20T13:09:17.820337+00:00,S004,commissioning_unmounted,false,healthy,none,2000,healthy_horizontal_no_load_2000rpm,409505,1996,300,1058,1434,4,0,253587,9,0,,,,,,,,,,
2026-06-20T13:09:17.959686+00:00,S004,commissioning_unmounted,false,healthy,none,2000,healthy_horizontal_no_load_2000rpm,409605,1993,293,1064,1432,6,0,253666,9,0,,,,,,,,,,
2026-06-20T13:09:18.053010+00:00,S004,commissioning_unmounted,false,healthy,none,2000,healthy_horizontal_no_load_2000rpm,409705,1996,301,1059,1436,3,0,253746,9,0,,,,,,,,,,
2026-06-20T13:09:18.147089+00:00,S004,commissioning_unmounted,false,healthy,none,2000,healthy_horizontal_no_load_2000rpm,409805,1993,299,1060,1436,5,0,253826,9,0,,,,,,,,,,
2026-06-20T13:09:18.240829+00:00,S004,commissioning_unmounted,false,healthy,none,2000,healthy_horizontal_no_load_2000rpm,409905,1993,293,1066,1434,6,0,253906,9,0,,,,,,,,,,
2026-06-20T13:09:18.334515+00:00,S004,commissioning_unmounted,false,healthy,none,2000,healthy_horizontal_no_load_2000rpm,410005,1995,293,1063,1431,3,0,253986,9,0,,,,,,,,,,
2026-06-20T13:09:18.428971+00:00,S004,commissioning_unmounted,false,healthy,none,2000,healthy_horizontal_no_load_2000rpm,410105,1994,302,1057,1436,1,0,254065,9,0,,,,,,,,,,
2026-06-20T13:09:18.524660+00:00,S004,commissioning_unmounted,false,healthy,none,2000,healthy_horizontal_no_load_2000rpm,410205,1994,297,1062,1435,4,0,254145,9,0,,,,,,,,,,
2026-06-20T13:09:18.619746+00:00,S004,commissioning_unmounted,false,healthy,none,2000,healthy_horizontal_no_load_2000rpm,410305,1993,301,1059,1437,2,0,254225,9,0,,,,,,,,,,
2026-06-20T13:09:18.757138+00:00,S004,commissioning_unmounted,false,healthy,none,2000,healthy_horizontal_no_load_2000rpm,410405,1998,297,1055,1427,1,0,254305,9,0,,,,,,,,,,
2026-06-20T13:09:18.851239+00:00,S004,commissioning_unmounted,false,healthy,none,2000,healthy_horizontal_no_load_2000rpm,410505,1994,301,1059,1437,4,0,254385,9,0,,,,,,,,,,
2026-06-20T13:09:18.945589+00:00,S004,commissioning_unmounted,false,healthy,none,2000,healthy_horizontal_no_load_2000rpm,410605,1992,301,1059,1437,6,0,254464,9,0,,,,,,,,,,
2026-06-20T13:09:19.040283+00:00,S004,commissioning_unmounted,false,healthy,none,2000,healthy_horizontal_no_load_2000rpm,410705,1996,297,1057,1429,3,0,254544,9,0,,,,,,,,,,
2026-06-20T13:09:19.133779+00:00,S004,commissioning_unmounted,false,healthy,none,2000,healthy_horizontal_no_load_2000rpm,410805,1993,291,1066,1432,5,0,254624,9,0,,,,,,,,,,
2026-06-20T13:09:19.226618+00:00,S004,commissioning_unmounted,false,healthy,none,2000,healthy_horizontal_no_load_2000rpm,410905,1996,292,1066,1432,6,0,254704,9,0,,,,,,,,,,
2026-06-20T13:09:19.321282+00:00,S004,commissioning_unmounted,false,healthy,none,2000,healthy_horizontal_no_load_2000rpm,411005,1995,304,1055,1436,2,0,254783,9,0,,,,,,,,,,
2026-06-20T13:09:19.414369+00:00,S004,commissioning_unmounted,false,healthy,none,2000,healthy_horizontal_no_load_2000rpm,411105,1994,291,1067,1432,1,0,254863,9,0,,,,,,,,,,
2026-06-20T13:09:19.520877+00:00,S004,commissioning_unmounted,false,healthy,none,2000,healthy_horizontal_no_load_2000rpm,411205,1997,295,1063,1433,4,0,254943,9,0,,,,,,,,,,
2026-06-20T13:09:19.612988+00:00,S004,commissioning_unmounted,false,healthy,none,2000,healthy_horizontal_no_load_2000rpm,411305,1996,293,1056,1424,2,0,255023,9,0,,,,,,,,,,
2026-06-20T13:09:19.753070+00:00,S004,commissioning_unmounted,false,healthy,none,2000,healthy_horizontal_no_load_2000rpm,411405,1994,297,1057,1430,1,0,255103,9,0,,,,,,,,,,
2026-06-20T13:09:19.844924+00:00,S004,commissioning_unmounted,false,healthy,none,2000,healthy_horizontal_no_load_2000rpm,411505,1994,303,1059,1439,4,0,255183,9,0,,,,,,,,,,
2026-06-20T13:09:19.938955+00:00,S004,commissioning_unmounted,false,healthy,none,2000,healthy_horizontal_no_load_2000rpm,411605,1993,291,1064,1430,6,0,255262,9,0,,,,,,,,,,
2026-06-20T13:09:20.033752+00:00,S004,commissioning_unmounted,false,healthy,none,2000,healthy_horizontal_no_load_2000rpm,411705,1996,299,1059,1434,3,0,255342,9,0,,,,,,,,,,
2026-06-20T13:09:20.127715+00:00,S004,commissioning_unmounted,false,healthy,none,2000,healthy_horizontal_no_load_2000rpm,411805,1995,300,1058,1435,5,0,255422,9,0,,,,,,,,,,
2026-06-20T13:09:20.221029+00:00,S004,commissioning_unmounted,false,healthy,none,2000,healthy_horizontal_no_load_2000rpm,411905,1995,303,1057,1437,6,0,255502,9,0,,,,,,,,,,
2026-06-20T13:09:20.314329+00:00,S004,commissioning_unmounted,false,healthy,none,2000,healthy_horizontal_no_load_2000rpm,412005,1996,290,1065,1429,2,0,255581,9,0,,,,,,,,,,
2026-06-20T13:09:20.454624+00:00,S004,commissioning_unmounted,false,healthy,none,2000,healthy_horizontal_no_load_2000rpm,412105,1993,293,1065,1433,1,0,255661,9,0,,,,,,,,,,
2026-06-20T13:09:20.548622+00:00,S004,commissioning_unmounted,false,healthy,none,2000,healthy_horizontal_no_load_2000rpm,412205,1994,293,1065,1433,4,0,255741,9,0,,,,,,,,,,
2026-06-20T13:09:20.641832+00:00,S004,commissioning_unmounted,false,healthy,none,2000,healthy_horizontal_no_load_2000rpm,412305,1995,294,1065,1434,2,0,255821,9,0,,,,,,,,,,
2026-06-20T13:09:20.735072+00:00,S004,commissioning_unmounted,false,healthy,none,2000,healthy_horizontal_no_load_2000rpm,412405,1994,296,1062,1434,1,0,255901,9,0,,,,,,,,,,
2026-06-20T13:09:20.828709+00:00,S004,commissioning_unmounted,false,healthy,none,2000,healthy_horizontal_no_load_2000rpm,412505,1994,300,1057,1434,5,0,255980,9,0,,,,,,,,,,
2026-06-20T13:09:20.922834+00:00,S004,commissioning_unmounted,false,healthy,none,2000,healthy_horizontal_no_load_2000rpm,412605,1995,298,1060,1434,6,0,256060,9,0,,,,,,,,,,
2026-06-20T13:09:21.014899+00:00,S004,commissioning_unmounted,false,healthy,none,2000,healthy_horizontal_no_load_2000rpm,412705,1993,298,1061,1435,3,0,256140,9,0,,,,,,,,,,
2026-06-20T13:09:21.109863+00:00,S004,commissioning_unmounted,false,healthy,none,2000,healthy_horizontal_no_load_2000rpm,412805,1995,299,1057,1432,5,0,256220,9,0,,,,,,,,,,
2026-06-20T13:09:21.248988+00:00,S004,commissioning_unmounted,false,healthy,none,2000,healthy_horizontal_no_load_2000rpm,412905,1996,297,1062,1434,6,0,256300,9,0,,,,,,,,,,
2026-06-20T13:09:21.344011+00:00,S004,commissioning_unmounted,false,healthy,none,2000,healthy_horizontal_no_load_2000rpm,413005,1995,301,1057,1435,2,0,256379,9,0,,,,,,,,,,
2026-06-20T13:09:21.437875+00:00,S004,commissioning_unmounted,false,healthy,none,2000,healthy_horizontal_no_load_2000rpm,413105,1992,293,1069,1437,1,0,256459,9,0,,,,,,,,,,
2026-06-20T13:09:21.530976+00:00,S004,commissioning_unmounted,false,healthy,none,2000,healthy_horizontal_no_load_2000rpm,413205,1997,300,1060,1436,4,0,256539,9,0,,,,,,,,,,
2026-06-20T13:09:21.622116+00:00,S004,commissioning_unmounted,false,healthy,none,2000,healthy_horizontal_no_load_2000rpm,413305,1994,298,1061,1435,2,0,256619,9,0,,,,,,,,,,
2026-06-20T13:09:21.713353+00:00,S004,commissioning_unmounted,false,healthy,none,2000,healthy_horizontal_no_load_2000rpm,413405,1993,299,1060,1436,1,0,256699,9,0,,,,,,,,,,
2026-06-20T13:09:21.808009+00:00,S004,commissioning_unmounted,false,healthy,none,2000,healthy_horizontal_no_load_2000rpm,413505,1996,302,1056,1435,5,0,256778,9,0,,,,,,,,,,
2026-06-20T13:09:21.948808+00:00,S004,commissioning_unmounted,false,healthy,none,2000,healthy_horizontal_no_load_2000rpm,413605,1992,291,1066,1431,6,0,256858,9,0,,,,,,,,,,
2026-06-20T13:09:22.041929+00:00,S004,commissioning_unmounted,false,healthy,none,2000,healthy_horizontal_no_load_2000rpm,413705,1994,300,1059,1435,3,0,256938,9,0,,,,,,,,,,
2026-06-20T13:09:22.136072+00:00,S004,commissioning_unmounted,false,healthy,none,2000,healthy_horizontal_no_load_2000rpm,413805,1998,300,1059,1434,5,0,257018,9,0,,,,,,,,,,
2026-06-20T13:09:22.231050+00:00,S004,commissioning_unmounted,false,healthy,none,2000,healthy_horizontal_no_load_2000rpm,413905,2003,301,1054,1430,6,0,257098,9,0,,,,,,,,,,
2026-06-20T13:09:22.324528+00:00,S004,commissioning_unmounted,false,healthy,none,2000,healthy_horizontal_no_load_2000rpm,414005,1999,297,1061,1433,3,0,257178,9,0,,,,,,,,,,
2026-06-20T13:09:22.419667+00:00,S004,commissioning_unmounted,false,healthy,none,2000,healthy_horizontal_no_load_2000rpm,414105,1998,296,1063,1434,5,0,257258,9,0,,,,,,,,,,
2026-06-20T13:09:22.512578+00:00,S004,commissioning_unmounted,false,healthy,none,2000,healthy_horizontal_no_load_2000rpm,414205,1998,297,1056,1428,6,0,257338,9,0,,,,,,,,,,
2026-06-20T13:09:22.605635+00:00,S004,commissioning_unmounted,false,healthy,none,2000,healthy_horizontal_no_load_2000rpm,414305,1998,288,1067,1427,3,0,257418,9,0,,,,,,,,,,
2026-06-20T13:09:22.745592+00:00,S004,commissioning_unmounted,false,healthy,none,2000,healthy_horizontal_no_load_2000rpm,414405,1995,298,1061,1435,5,0,257498,9,0,,,,,,,,,,
2026-06-20T13:09:22.839368+00:00,S004,commissioning_unmounted,false,healthy,none,2000,healthy_horizontal_no_load_2000rpm,414505,1993,291,1065,1430,4,0,257577,9,0,,,,,,,,,,
2026-06-20T13:09:22.932749+00:00,S004,commissioning_unmounted,false,healthy,none,2000,healthy_horizontal_no_load_2000rpm,414605,1992,300,1059,1436,2,0,257657,9,0,,,,,,,,,,
2026-06-20T13:09:23.026699+00:00,S004,commissioning_unmounted,false,healthy,none,2000,healthy_horizontal_no_load_2000rpm,414705,1993,303,1057,1437,1,0,257737,9,0,,,,,,,,,,
2026-06-20T13:09:23.121658+00:00,S004,commissioning_unmounted,false,healthy,none,2000,healthy_horizontal_no_load_2000rpm,414805,1997,293,1066,1433,4,0,257817,9,0,,,,,,,,,,
2026-06-20T13:09:23.216379+00:00,S004,commissioning_unmounted,false,healthy,none,2000,healthy_horizontal_no_load_2000rpm,414905,1996,301,1058,1435,2,0,257897,9,0,,,,,,,,,,
2026-06-20T13:09:23.310556+00:00,S004,commissioning_unmounted,false,healthy,none,2000,healthy_horizontal_no_load_2000rpm,415005,1998,298,1059,1433,1,0,257977,9,0,,,,,,,,,,
2026-06-20T13:09:23.405044+00:00,S004,commissioning_unmounted,false,healthy,none,2000,healthy_horizontal_no_load_2000rpm,415105,1997,302,1057,1436,5,0,258056,9,0,,,,,,,,,,
2026-06-20T13:09:23.498803+00:00,S004,commissioning_unmounted,false,healthy,none,2000,healthy_horizontal_no_load_2000rpm,415205,1985,293,1072,1442,6,0,258136,9,0,,,,,,,,,,
2026-06-20T13:09:23.638193+00:00,S004,commissioning_unmounted,false,healthy,none,2000,healthy_horizontal_no_load_2000rpm,415305,1984,294,1065,1436,3,0,258216,9,0,,,,,,,,,,
2026-06-20T13:09:23.730945+00:00,S004,commissioning_unmounted,false,healthy,none,2000,healthy_horizontal_no_load_2000rpm,415405,1988,296,1064,1437,1,0,258295,9,0,,,,,,,,,,
2026-06-20T13:09:23.825660+00:00,S004,commissioning_unmounted,false,healthy,none,2000,healthy_horizontal_no_load_2000rpm,415505,1990,296,1064,1437,4,0,258375,9,0,,,,,,,,,,
2026-06-20T13:09:23.917600+00:00,S004,commissioning_unmounted,false,healthy,none,2000,healthy_horizontal_no_load_2000rpm,415605,1995,291,1068,1433,6,0,258454,9,0,,,,,,,,,,
2026-06-20T13:09:24.010791+00:00,S004,commissioning_unmounted,false,healthy,none,2000,healthy_horizontal_no_load_2000rpm,415705,1985,294,1069,1440,3,0,258534,9,0,,,,,,,,,,
2026-06-20T13:09:24.105409+00:00,S004,commissioning_unmounted,false,healthy,none,2000,healthy_horizontal_no_load_2000rpm,415805,1992,299,1059,1434,5,0,258614,9,0,,,,,,,,,,
2026-06-20T13:09:24.199376+00:00,S004,commissioning_unmounted,false,healthy,none,2000,healthy_horizontal_no_load_2000rpm,415905,1990,294,1069,1439,4,0,258693,9,0,,,,,,,,,,
2026-06-20T13:09:24.337931+00:00,S004,commissioning_unmounted,false,healthy,none,2000,healthy_horizontal_no_load_2000rpm,416005,1991,300,1062,1439,2,0,258773,9,0,,,,,,,,,,
2026-06-20T13:09:24.431759+00:00,S004,commissioning_unmounted,false,healthy,none,2000,healthy_horizontal_no_load_2000rpm,416105,1993,303,1057,1438,1,0,258853,9,0,,,,,,,,,,
2026-06-20T13:09:24.525540+00:00,S004,commissioning_unmounted,false,healthy,none,2000,healthy_horizontal_no_load_2000rpm,416205,1993,302,1057,1436,5,0,258932,9,0,,,,,,,,,,
2026-06-20T13:09:24.618814+00:00,S004,commissioning_unmounted,false,healthy,none,2000,healthy_horizontal_no_load_2000rpm,416305,1992,292,1065,1432,6,0,259012,9,0,,,,,,,,,,
2026-06-20T13:09:24.714125+00:00,S004,commissioning_unmounted,false,healthy,none,2000,healthy_horizontal_no_load_2000rpm,416405,1995,301,1057,1434,3,0,259092,9,0,,,,,,,,,,
2026-06-20T13:09:24.808766+00:00,S004,commissioning_unmounted,false,healthy,none,2000,healthy_horizontal_no_load_2000rpm,416505,1993,298,1061,1435,5,0,259172,9,0,,,,,,,,,,
2026-06-20T13:09:24.902250+00:00,S004,commissioning_unmounted,false,healthy,none,2000,healthy_horizontal_no_load_2000rpm,416605,1993,299,1059,1435,4,0,259251,9,0,,,,,,,,,,
2026-06-20T13:09:24.995134+00:00,S004,commissioning_unmounted,false,healthy,none,2000,healthy_horizontal_no_load_2000rpm,416705,1993,284,1070,1427,2,0,259331,9,0,,,,,,,,,,
2026-06-20T13:09:25.135178+00:00,S004,commissioning_unmounted,false,healthy,none,2000,healthy_horizontal_no_load_2000rpm,416805,1991,298,1065,1439,1,0,259411,9,0,,,,,,,,,,
2026-06-20T13:09:25.228711+00:00,S004,commissioning_unmounted,false,healthy,none,2000,healthy_horizontal_no_load_2000rpm,416905,1994,301,1059,1437,4,0,259491,9,0,,,,,,,,,,
2026-06-20T13:09:25.321764+00:00,S004,commissioning_unmounted,false,healthy,none,2000,healthy_horizontal_no_load_2000rpm,417005,1994,296,1064,1435,6,0,259570,9,0,,,,,,,,,,
2026-06-20T13:09:25.416612+00:00,S004,commissioning_unmounted,false,healthy,none,2000,healthy_horizontal_no_load_2000rpm,417105,1999,293,1064,1431,3,0,259650,9,0,,,,,,,,,,
2026-06-20T13:09:25.508645+00:00,S004,commissioning_unmounted,false,healthy,none,2000,healthy_horizontal_no_load_2000rpm,417205,1997,301,1057,1434,5,0,259730,9,0,,,,,,,,,,
2026-06-20T13:09:25.601625+00:00,S004,commissioning_unmounted,false,healthy,none,2000,healthy_horizontal_no_load_2000rpm,417305,1997,297,1062,1434,6,0,259810,9,0,,,,,,,,,,
2026-06-20T13:09:25.694386+00:00,S004,commissioning_unmounted,false,healthy,none,2000,healthy_horizontal_no_load_2000rpm,417405,1997,289,1067,1429,3,0,259890,9,0,,,,,,,,,,
2026-06-20T13:09:25.835939+00:00,S004,commissioning_unmounted,false,healthy,none,2000,healthy_horizontal_no_load_2000rpm,417505,1996,293,1066,1433,5,0,259970,9,0,,,,,,,,,,
2026-06-20T13:09:25.930579+00:00,S004,commissioning_unmounted,false,healthy,none,2000,healthy_horizontal_no_load_2000rpm,417605,1994,299,1059,1434,6,0,260050,9,0,,,,,,,,,,
2026-06-20T13:09:26.025738+00:00,S004,commissioning_unmounted,false,healthy,none,2000,healthy_horizontal_no_load_2000rpm,417705,1993,302,1059,1438,3,0,260130,9,0,,,,,,,,,,
2026-06-20T13:09:26.119859+00:00,S004,commissioning_unmounted,false,healthy,none,2000,healthy_horizontal_no_load_2000rpm,417805,1996,295,1063,1433,1,0,260209,9,0,,,,,,,,,,
2026-06-20T13:09:26.212903+00:00,S004,commissioning_unmounted,false,healthy,none,2000,healthy_horizontal_no_load_2000rpm,417905,1993,287,1068,1429,4,0,260289,9,0,,,,,,,,,,
2026-06-20T13:09:26.305196+00:00,S004,commissioning_unmounted,false,healthy,none,2000,healthy_horizontal_no_load_2000rpm,418005,1994,303,1057,1437,2,0,260369,9,0,,,,,,,,,,
2026-06-20T13:09:26.399685+00:00,S004,commissioning_unmounted,false,healthy,none,2000,healthy_horizontal_no_load_2000rpm,418105,1994,301,1059,1437,1,0,260449,9,0,,,,,,,,,,
2026-06-20T13:09:26.492891+00:00,S004,commissioning_unmounted,false,healthy,none,2000,healthy_horizontal_no_load_2000rpm,418205,1994,303,1057,1437,5,0,260528,9,0,,,,,,,,,,
2026-06-20T13:09:26.634072+00:00,S004,commissioning_unmounted,false,healthy,none,2000,healthy_horizontal_no_load_2000rpm,418305,1996,298,1061,1435,6,0,260608,9,0,,,,,,,,,,
2026-06-20T13:09:26.728762+00:00,S004,commissioning_unmounted,false,healthy,none,2000,healthy_horizontal_no_load_2000rpm,418405,1992,300,1059,1436,3,0,260688,9,0,,,,,,,,,,
2026-06-20T13:09:26.822798+00:00,S004,commissioning_unmounted,false,healthy,none,2000,healthy_horizontal_no_load_2000rpm,418505,1994,301,1059,1437,5,0,260768,9,0,,,,,,,,,,
2026-06-20T13:09:26.915704+00:00,S004,commissioning_unmounted,false,healthy,none,2000,healthy_horizontal_no_load_2000rpm,418605,1995,299,1057,1432,6,0,260848,9,0,,,,,,,,,,
2026-06-20T13:09:27.009707+00:00,S004,commissioning_unmounted,false,healthy,none,2000,healthy_horizontal_no_load_2000rpm,418705,1997,300,1059,1435,2,0,260927,9,0,,,,,,,,,,
2026-06-20T13:09:27.104448+00:00,S004,commissioning_unmounted,false,healthy,none,2000,healthy_horizontal_no_load_2000rpm,418805,1994,300,1059,1436,1,0,261007,9,0,,,,,,,,,,
2026-06-20T13:09:27.195650+00:00,S004,commissioning_unmounted,false,healthy,none,2000,healthy_horizontal_no_load_2000rpm,418905,1994,303,1057,1437,4,0,261087,9,0,,,,,,,,,,
2026-06-20T13:09:27.289598+00:00,S004,commissioning_unmounted,false,healthy,none,2000,healthy_horizontal_no_load_2000rpm,419005,1987,292,1064,1432,2,0,261167,9,0,,,,,,,,,,
2026-06-20T13:09:27.430612+00:00,S004,commissioning_unmounted,false,healthy,none,2000,healthy_horizontal_no_load_2000rpm,419105,1993,293,1064,1432,3,0,261246,9,0,,,,,,,,,,
2026-06-20T13:09:27.524860+00:00,S004,commissioning_unmounted,false,healthy,none,2000,healthy_horizontal_no_load_2000rpm,419205,1992,296,1062,1434,5,0,261326,9,0,,,,,,,,,,
2026-06-20T13:09:27.617557+00:00,S004,commissioning_unmounted,false,healthy,none,2000,healthy_horizontal_no_load_2000rpm,419305,1992,301,1059,1437,4,0,261405,9,0,,,,,,,,,,
2026-06-20T13:09:27.711263+00:00,S004,commissioning_unmounted,false,healthy,none,2000,healthy_horizontal_no_load_2000rpm,419405,1995,293,1066,1434,2,0,261485,9,0,,,,,,,,,,
2026-06-20T13:09:27.805613+00:00,S004,commissioning_unmounted,false,healthy,none,2000,healthy_horizontal_no_load_2000rpm,419505,1993,293,1069,1437,1,0,261565,9,0,,,,,,,,,,
2026-06-20T13:09:27.899917+00:00,S004,commissioning_unmounted,false,healthy,none,2000,healthy_horizontal_no_load_2000rpm,419605,2001,302,1054,1432,4,0,261645,9,0,,,,,,,,,,
2026-06-20T13:09:27.993520+00:00,S004,commissioning_unmounted,false,healthy,none,2000,healthy_horizontal_no_load_2000rpm,419705,1999,295,1061,1430,2,0,261725,9,0,,,,,,,,,,
2026-06-20T13:09:28.088896+00:00,S004,commissioning_unmounted,false,healthy,none,2000,healthy_horizontal_no_load_2000rpm,419805,1996,301,1058,1435,1,0,261805,9,0,,,,,,,,,,
2026-06-20T13:09:28.229661+00:00,S004,commissioning_unmounted,false,healthy,none,2000,healthy_horizontal_no_load_2000rpm,419905,1995,295,1064,1434,4,0,261885,9,0,,,,,,,,,,
2026-06-20T13:09:28.322476+00:00,S004,commissioning_unmounted,false,healthy,none,2000,healthy_horizontal_no_load_2000rpm,420005,1992,299,1061,1437,2,0,261965,9,0,,,,,,,,,,
2026-06-20T13:09:28.415202+00:00,S004,commissioning_unmounted,false,healthy,none,2000,healthy_horizontal_no_load_2000rpm,420105,1994,290,1066,1430,3,0,262044,9,0,,,,,,,,,,
2026-06-20T13:09:28.509432+00:00,S004,commissioning_unmounted,false,healthy,none,2000,healthy_horizontal_no_load_2000rpm,420205,1995,295,1065,1435,5,0,262124,9,0,,,,,,,,,,
2026-06-20T13:09:28.602451+00:00,S004,commissioning_unmounted,false,healthy,none,2000,healthy_horizontal_no_load_2000rpm,420305,1996,299,1058,1433,6,0,262204,9,0,,,,,,,,,,
2026-06-20T13:09:28.695632+00:00,S004,commissioning_unmounted,false,healthy,none,2000,healthy_horizontal_no_load_2000rpm,420405,1999,299,1056,1430,3,0,262284,9,0,,,,,,,,,,
2026-06-20T13:09:28.789209+00:00,S004,commissioning_unmounted,false,healthy,none,2000,healthy_horizontal_no_load_2000rpm,420505,2000,298,1061,1434,5,0,262364,9,0,,,,,,,,,,
2026-06-20T13:09:28.895634+00:00,S004,commissioning_unmounted,false,healthy,none,2000,healthy_horizontal_no_load_2000rpm,420605,1996,300,1059,1435,6,0,262444,9,0,,,,,,,,,,
2026-06-20T13:09:28.987860+00:00,S004,commissioning_unmounted,false,healthy,none,2000,healthy_horizontal_no_load_2000rpm,420705,1995,301,1058,1435,3,0,262524,9,0,,,,,,,,,,
2026-06-20T13:09:29.128048+00:00,S004,commissioning_unmounted,false,healthy,none,2000,healthy_horizontal_no_load_2000rpm,420805,1997,304,1055,1436,1,0,262603,9,0,,,,,,,,,,
2026-06-20T13:09:29.219600+00:00,S004,commissioning_unmounted,false,healthy,none,2000,healthy_horizontal_no_load_2000rpm,420905,1993,295,1064,1434,4,0,262683,9,0,,,,,,,,,,
2026-06-20T13:09:29.306921+00:00,S004,commissioning_unmounted,false,healthy,none,2000,healthy_horizontal_no_load_2000rpm,421005,1994,302,1059,1438,2,0,262763,9,0,,,,,,,,,,
2026-06-20T13:09:29.406648+00:00,S004,commissioning_unmounted,false,healthy,none,2000,healthy_horizontal_no_load_2000rpm,421105,1994,303,1057,1437,1,0,262843,9,0,,,,,,,,,,
2026-06-20T13:09:29.500562+00:00,S004,commissioning_unmounted,false,healthy,none,2000,healthy_horizontal_no_load_2000rpm,421205,1993,301,1059,1437,4,0,262923,9,0,,,,,,,,,,
