iso_time,session_id,fixture_state,valid_for_classifier,condition,severity,speed_setpoint_rpm,label,t_ms,rpm,ripple_permil,min_us,max_us,hall,illegal,edges,step,coast_ms,period_std_permil,mech1x_permil,elec_permil,i_dc_mv,adc_vref_raw,adc_pc0_mv,accel_rms_mg,accel_pk_mg,temp_mv,sensor_status,i_dc_peak_mv,i_dc_min_mv,i_adc_raw_sum,i_adc_raw_count,i_adc_raw_min,i_adc_raw_max,i_adc_ema_q8,vref_adc_raw_sum,vref_adc_raw_count,vref_adc_ema_q8,vref_factory_cal_raw,frame_seq,pwm_ticks,i_adc_window_start_us,i_adc_window_end_us,i_adc_fail_count,vref_window_start_us,vref_window_end_us,i_adc_raw_sumsq,vref_adc_raw_sumsq,i_dc_a,i_dc_zero_mv,i_dc_peak_a,i_dc_min_a,i_dc_a_signed,temp_motor_c,temp_motor_f,temp_ambient_c,i_u_a,i_v_a,i_w_a,modbus_rpm,modbus_fault
2026-07-30T19:21:51.270010+00:00,S017,mounted,true,healthy,none,1300,healthy_horizontal_no_load_1300rpm,353909,1340,271,1601,2107,4,0,809958,9,211,74,1,2,1659,1494,1231,64,143,1642,16383,1662,1651,1643661,800,1923,2093,526316,11955,8,382549,1496,46421,563,353811108,353910195,0,353910204,353910718,3377109791,17865257,0.0834,1651.0,0.09809751141781664,-0.18519270690087852,0.0834,25.24,77.4,,,,,,
2026-07-30T19:21:51.363951+00:00,S017,mounted,true,healthy,none,1300,healthy_horizontal_no_load_1300rpm,354009,1346,269,1590,2091,4,0,810012,9,211,73,1,3,1659,1494,1226,65,145,1639,16383,1663,1653,1644752,800,2031,2165,526343,11953,8,382546,1496,46422,563,353911120,354010232,0,354010241,354010756,3381574594,17859281,0.0834,1651.0,0.21868291265790996,-0.004653798795281716,0.0834,25.33,77.6,,,,,,
2026-07-30T19:21:51.459201+00:00,S017,mounted,true,healthy,none,1300,healthy_horizontal_no_load_1300rpm,354109,1318,267,1629,2136,5,0,810065,9,211,73,1,2,1659,1495,1203,65,145,1638,16383,1664,1651,1644224,800,2023,2150,526337,11957,8,382550,1496,46423,563,354011161,354110388,0,354110397,354110912,3379402206,17871235,0.0834,1651.0,0.19248377644894177,-0.019115281508739645,0.0834,25.36,77.7,,,,,,
2026-07-30T19:21:51.598370+00:00,S017,mounted,true,healthy,none,1300,healthy_horizontal_no_load_1300rpm,354209,1311,267,1636,2145,3,0,810117,9,211,73,1,2,1659,1495,1215,66,152,1638,16383,1664,1652,1644294,800,1865,2089,526340,11956,8,382552,1496,46424,563,354111317,354210421,0,354210430,354210944,3379717458,17868244,0.0834,1651.0,0.09114069688859106,-0.28210460521913694,0.0834,25.36,77.7,,,,,,
2026-07-30T19:21:51.692377+00:00,S017,mounted,true,healthy,none,1300,healthy_horizontal_no_load_1300rpm,354310,1298,268,1648,2165,2,0,810170,9,211,73,3,3,1659,1495,1219,64,151,1638,16383,1665,1652,1660836,808,2007,2147,526335,11956,8,382554,1496,46425,563,354211346,354311058,0,354311132,354311647,3413894094,17868246,0.0834,1651.0,0.18778456975577118,-0.04549374406155948,0.0834,25.36,77.7,,,,,,
2026-07-30T19:21:51.787562+00:00,S017,mounted,true,healthy,none,1300,healthy_horizontal_no_load_1300rpm,354410,1278,267,1678,2200,5,0,810221,9,211,73,1,3,1659,1495,1222,64,151,1641,16383,1663,1651,1643997,800,2023,2077,526332,11957,8,382558,1496,46426,563,354312048,354411172,0,354411246,354411761,3378456617,17871233,0.0834,1651.0,0.07085597148114076,-0.019115281508739645,0.0834,25.27,77.5,,,,,,
2026-07-30T19:21:51.881301+00:00,S017,mounted,true,healthy,none,1300,healthy_horizontal_no_load_1300rpm,354510,1274,263,1686,2203,2,0,810272,9,211,72,0,3,1659,1495,1218,64,153,1643,16383,1663,1649,1644501,800,1967,2083,526378,11957,8,382562,1496,46427,563,354412166,354511239,0,354511313,354511828,3380545963,17871233,0.0834,1651.0,0.08085277736890495,-0.11241880312787478,0.0834,25.21,77.4,,,,,,
2026-07-30T19:21:51.976259+00:00,S017,mounted,true,healthy,none,1300,healthy_horizontal_no_load_1300rpm,354610,1299,269,1657,2176,4,0,810324,9,211,73,4,2,1659,1495,1209,61,149,1645,16383,1664,1651,1644501,800,2025,2209,526354,11957,8,382565,1496,46428,563,354512231,354611316,0,354611390,354611904,3380581353,17871233,0.0834,1651.0,0.29078570101195966,-0.01578301287948536,0.0834,25.15,77.3,,,,,,
2026-07-30T19:21:52.071029+00:00,S017,mounted,true,healthy,none,1300,healthy_horizontal_no_load_1300rpm,354711,1320,269,1625,2136,4,0,810378,9,211,73,1,2,1659,1494,1223,61,149,1646,16383,1663,1652,1661019,808,1963,2204,526342,11954,8,382563,1496,46429,563,354612306,354712082,0,354712096,354712611,3414671167,17862268,0.0834,1651.0,0.28337660214154203,-0.11826253856449753,0.0834,25.12,77.2,,,,,,
2026-07-30T19:21:52.164113+00:00,S017,mounted,true,healthy,none,1300,healthy_horizontal_no_load_1300rpm,354811,1318,270,1626,2138,1,0,810430,9,211,73,0,2,1659,1494,1215,63,147,1639,16383,1663,1650,1644299,800,2033,2091,526330,11955,8,382563,1496,46430,563,354713012,354812117,0,354812126,354812641,3379704901,17865257,0.0834,1651.0,0.09476468531994975,-0.0018872715181936783,0.0834,25.33,77.6,,,,,,
2026-07-30T19:21:52.304593+00:00,S017,mounted,true,healthy,none,1300,healthy_horizontal_no_load_1300rpm,354911,1312,268,1631,2142,3,0,810483,9,211,73,1,3,1659,1495,1241,63,147,1641,16383,1663,1652,1644123,800,2023,2087,526341,11956,8,382564,1496,46431,563,354813040,354912165,0,354912175,354912690,3378980465,17868246,0.0834,1651.0,0.08780814954834382,-0.01883336533957891,0.0834,25.27,77.5,,,,,,
2026-07-30T19:21:52.397763+00:00,S017,mounted,true,healthy,none,1300,healthy_horizontal_no_load_1300rpm,355011,1311,269,1633,2147,6,0,810535,9,211,73,1,3,1659,1494,1219,63,142,1645,16383,1663,1652,1644055,800,1869,2146,526326,11955,8,382564,1496,46432,563,354913091,355012198,0,355012207,355012723,3378740105,17865257,0.0834,1651.0,0.18641740301129195,-0.2751790115432877,0.0834,25.15,77.3,,,,,,
2026-07-30T19:21:52.490949+00:00,S017,mounted,true,healthy,none,1300,healthy_horizontal_no_load_1300rpm,355111,1310,270,1637,2152,4,0,810588,9,211,73,1,2,1659,1494,1225,66,151,1641,16383,1664,1652,1644698,800,2015,2227,526373,11952,8,382558,1496,46433,563,355013125,355112243,0,355112257,355112772,3381371984,17856292,0.0834,1651.0,0.32232836144578325,-0.031039879518072855,0.0834,25.27,77.5,,,,,,
2026-07-30T19:21:52.585882+00:00,S017,mounted,true,healthy,none,1300,healthy_horizontal_no_load_1300rpm,355211,1310,269,1637,2150,1,0,810640,9,211,73,0,3,1659,1494,1221,66,151,1641,16383,1662,1651,1643923,800,1871,2079,526345,11955,8,382558,1496,46434,563,355113174,355212400,0,355212410,355212925,3378192721,17865257,0.0834,1651.0,0.07476772873274751,-0.2718461854454204,0.0834,25.27,77.5,,,,,,
2026-07-30T19:21:52.677534+00:00,S017,mounted,true,healthy,none,1300,healthy_horizontal_no_load_1300rpm,355311,1315,270,1633,2147,3,0,810693,9,211,73,2,2,1659,1495,1222,63,145,1640,16383,1663,1652,1644614,800,2011,2129,526373,11956,8,382560,1496,46435,563,355213328,355312418,0,355312428,355312943,3380999710,17868244,0.0834,1651.0,0.15779164369354293,-0.03882864938106412,0.0834,25.3,77.5,,,,,,
2026-07-30T19:21:52.771607+00:00,S017,mounted,true,healthy,none,1300,healthy_horizontal_no_load_1300rpm,355412,1329,271,1613,2123,2,0,810746,9,211,73,1,3,1659,1494,1260,63,138,1640,16383,1663,1649,1660621,808,1973,2079,526335,11955,8,382560,1496,46436,563,355313344,355413048,0,355413122,355413637,3413006027,17865257,0.0834,1651.0,0.07476772873274751,-0.10187205445420311,0.0834,25.3,77.5,,,,,,
2026-07-30T19:21:52.864322+00:00,S017,mounted,true,healthy,none,1300,healthy_horizontal_no_load_1300rpm,355512,1332,269,1610,2116,2,0,810800,9,211,73,0,3,1659,1495,1237,63,138,1637,16383,1663,1651,1644323,800,2021,2103,526335,11959,8,382568,1496,46437,563,355414039,355513105,0,355513183,355513698,3379802953,17877211,0.0834,1651.0,0.11358948147838399,-0.02301068375282256,0.0834,25.4,77.7,,,,,,
2026-07-30T19:21:53.008239+00:00,S017,mounted,true,healthy,none,1300,healthy_horizontal_no_load_1300rpm,355612,1344,268,1595,2095,6,0,810853,9,211,73,1,2,1659,1495,1215,65,138,1640,16383,1664,1651,1644637,800,1938,2101,526380,11957,8,382571,1496,46438,563,355514098,355613300,0,355613374,355613889,3381110399,17871233,0.0834,1651.0,0.11084319503219842,-0.16073669825206993,0.0834,25.3,77.5,,,,,,
2026-07-30T19:21:53.101765+00:00,S017,mounted,true,healthy,none,1300,healthy_horizontal_no_load_1300rpm,355712,1348,270,1588,2090,6,0,810907,9,211,73,0,2,1659,1495,1232,65,138,1646,16383,1662,1650,1644826,800,2025,2087,526403,11957,8,382574,1496,46439,563,355614291,355713372,0,355713446,355713960,3381873320,17871235,0.0834,1651.0,0.08751731462741441,-0.01578301287948536,0.0834,25.12,77.2,,,,,,
2026-07-30T19:21:53.197422+00:00,S017,mounted,true,healthy,none,1300,healthy_horizontal_no_load_1300rpm,355812,1348,268,1594,2091,6,0,810961,9,211,73,1,2,1659,1495,1225,64,132,1645,16383,1663,1650,1644698,800,1999,2086,526407,11958,8,382579,1496,46440,563,355714360,355813427,0,355813501,355814015,3381349306,17874222,0.0834,1651.0,0.08556053336678326,-0.05938103010536944,0.0834,25.15,77.3,,,,,,
2026-07-30T19:21:53.288613+00:00,S017,mounted,true,healthy,none,1300,healthy_horizontal_no_load_1300rpm,355913,1326,270,1611,2121,6,0,811015,9,211,73,2,3,1659,1494,1264,64,128,1643,16383,1663,1652,1660993,808,2025,2083,526445,11955,8,382578,1496,46441,563,355814417,355914085,0,355914099,355914614,3414534479,17865257,0.0834,1651.0,0.08143338092848174,-0.015218575909661247,0.0834,25.21,77.4,,,,,,
2026-07-30T19:21:53.385697+00:00,S017,mounted,true,healthy,none,1300,healthy_horizontal_no_load_1300rpm,356013,1315,269,1630,2142,5,0,811067,9,211,73,1,2,1659,1494,1258,64,128,1642,16383,1665,1651,1644692,800,2025,2171,526457,11952,8,382571,1496,46442,563,355915015,356014167,0,356014177,356014692,3381342854,17856294,0.0834,1651.0,0.22898580722891548,-0.014371566265060753,0.0834,25.24,77.4,,,,,,
2026-07-30T19:21:53.477026+00:00,S017,mounted,true,healthy,none,1300,healthy_horizontal_no_load_1300rpm,356113,1318,269,1629,2140,1,0,811120,9,211,73,1,2,1659,1494,1222,65,129,1636,16383,1667,1654,1645428,800,2023,2261,526529,11954,8,382569,1496,46443,563,356015093,356114326,0,356114335,356114850,3384447958,17862270,0.0834,1651.0,0.3783700918520996,-0.01826939150075324,0.0834,25.43,77.8,,,,,,
2026-07-30T19:21:53.571127+00:00,S017,mounted,true,healthy,none,1300,healthy_horizontal_no_load_1300rpm,356213,1330,270,1611,2119,3,0,811173,9,211,73,0,2,1659,1494,1246,66,134,1640,16383,1663,1653,1644323,800,1871,2079,526523,11954,8,382567,1496,46444,563,356115252,356214354,0,356214364,356214879,3379836123,17862270,0.0834,1651.0,0.07505754575874146,-0.271585364062239,0.0834,25.3,77.5,,,,,,
2026-07-30T19:21:53.712482+00:00,S017,mounted,true,healthy,none,1300,healthy_horizontal_no_load_1300rpm,356313,1334,270,1608,2115,3,0,811227,9,211,73,1,2,1659,1495,1238,66,134,1641,16383,1662,1647,1644419,800,2027,2291,526528,11957,8,382570,1496,46445,563,356215282,356314380,0,356314395,356314910,3380285595,17871233,0.0834,1651.0,0.4274087148114072,-0.012450744250230628,0.0834,25.27,77.5,,,,,,
2026-07-30T19:21:53.805449+00:00,S017,mounted,true,healthy,none,1300,healthy_horizontal_no_load_1300rpm,356413,1326,270,1614,2124,2,0,811280,9,211,73,1,3,1659,1495,1232,67,139,1639,16383,1663,1651,1644559,800,2027,2253,526515,11958,8,382575,1496,46446,563,356315311,356414418,0,356414432,356414947,3380808273,17874222,0.0834,1651.0,0.3637816954340187,-0.012733170597090115,0.0834,25.33,77.6,,,,,,
2026-07-30T19:21:53.898770+00:00,S017,mounted,true,healthy,none,1300,healthy_horizontal_no_load_1300rpm,356514,1315,270,1626,2140,4,0,811332,9,211,73,1,3,1659,1495,1238,67,139,1636,16383,1663,1652,1661338,808,2018,2093,526565,11958,8,382580,1496,46447,563,356415349,356515038,0,356515112,356515626,3415951128,17874222,0.0834,1651.0,0.0972224982438532,-0.027727125439036993,0.0834,25.43,77.8,,,,,,
2026-07-30T19:21:53.992985+00:00,S017,mounted,true,healthy,none,1300,healthy_horizontal_no_load_1300rpm,356614,1309,267,1641,2152,5,0,811385,9,211,73,1,2,1659,1494,1274,69,148,1636,16383,1663,1652,1643893,800,1967,2126,526508,11955,8,382579,1496,46448,563,356516028,356615250,0,356615324,356615839,3378047475,17865257,0.0834,1651.0,0.15308914203262214,-0.11187053274780467,0.0834,25.43,77.8,,,,,,
2026-07-30T19:21:54.088379+00:00,S017,mounted,true,healthy,none,1300,healthy_horizontal_no_load_1300rpm,356714,1301,268,1646,2162,3,0,811437,9,211,73,0,2,1659,1495,1254,68,145,1640,16383,1665,1654,1645004,800,2010,2223,526546,11957,8,382581,1496,46449,563,356616245,356715295,0,356715369,356715884,3382658330,17871233,0.0834,1651.0,0.3141115814167432,-0.04077502759889606,0.0834,25.3,77.5,,,,,,
2026-07-30T19:21:54.181226+00:00,S017,mounted,true,healthy,none,1300,healthy_horizontal_no_load_1300rpm,356814,1301,270,1648,2167,6,0,811489,9,211,73,0,3,1659,1494,1231,68,145,1633,16383,1663,1653,1644272,800,2012,2079,526530,11954,8,382578,1496,46450,563,356716283,356815335,0,356815409,356815924,3379594976,17862270,0.0834,1651.0,0.07505754575874146,-0.03660146846243917,0.0834,25.52,77.9,,,,,,
2026-07-30T19:21:54.274801+00:00,S017,mounted,true,healthy,none,1300,healthy_horizontal_no_load_1300rpm,356915,1300,267,1654,2168,4,0,811542,9,211,73,0,2,1659,1494,1212,67,145,1635,16383,1662,1652,1660936,808,2015,2189,526538,11955,8,382577,1496,46451,563,356816327,356916043,0,356916060,356916575,3414314264,17865257,0.0834,1651.0,0.2580731641154328,-0.03188270639899615,0.0834,25.46,77.8,,,,,,
2026-07-30T19:21:54.414093+00:00,S017,mounted,true,healthy,none,1300,healthy_horizontal_no_load_1300rpm,357015,1307,268,1641,2155,1,0,811594,9,211,73,0,3,1659,1494,1238,68,148,1637,16383,1663,1653,1644553,800,2003,2189,526521,11955,8,382576,1496,46452,563,356916975,357016075,0,357016085,357016600,3380763859,17865255,0.0834,1651.0,0.2580731641154328,-0.051879662986198394,0.0834,25.4,77.7,,,,,,
2026-07-30T19:21:54.507958+00:00,S017,mounted,true,healthy,none,1300,healthy_horizontal_no_load_1300rpm,357115,1309,268,1638,2150,2,0,811646,9,211,73,0,2,1659,1495,1232,68,148,1634,16383,1664,1650,1644388,800,2022,2295,526514,11956,8,382577,1496,46453,563,357016999,357116125,0,357116134,357116649,3380133274,17868244,0.0834,1651.0,0.43439307293409124,-0.02049963900970253,0.0834,25.49,77.9,,,,,,
2026-07-30T19:21:54.602551+00:00,S017,mounted,true,healthy,none,1300,healthy_horizontal_no_load_1300rpm,357215,1309,269,1637,2151,6,0,811699,9,211,73,0,3,1659,1494,1251,68,144,1641,16383,1663,1652,1644400,800,2015,2104,526486,11954,8,382574,1496,46454,563,357117049,357216324,0,357216338,357216853,3380128688,17862268,0.0834,1651.0,0.11672135703530184,-0.03160181110925242,0.0834,25.27,77.5,,,,,,
2026-07-30T19:21:54.696567+00:00,S017,mounted,true,healthy,none,1300,healthy_horizontal_no_load_1300rpm,357315,1310,269,1635,2149,5,0,811751,9,211,73,1,3,1659,1494,1236,68,144,1646,16383,1663,1654,1644717,800,2019,2165,526475,11952,8,382568,1496,46455,563,357217252,357316383,0,357316392,357316907,3381431751,17856296,0.0834,1651.0,0.21898481927710822,-0.024372554216868014,0.0834,25.12,77.2,,,,,,
2026-07-30T19:21:54.788459+00:00,S017,mounted,true,healthy,none,1300,healthy_horizontal_no_load_1300rpm,357415,1309,267,1638,2149,1,0,811804,9,211,73,1,2,1659,1495,1221,65,133,1643,16383,1663,1654,1644157,800,1995,2083,526420,11956,8,382569,1496,46456,563,357317308,357416396,0,357416410,357416925,3379119603,17868248,0.0834,1651.0,0.08114305486784845,-0.06548902810304513,0.0834,25.21,77.4,,,,,,
2026-07-30T19:21:54.883193+00:00,S017,mounted,true,healthy,none,1300,healthy_horizontal_no_load_1300rpm,357516,1301,268,1648,2163,2,0,811856,9,211,73,1,2,1659,1495,1206,64,126,1639,16383,1663,1653,1661408,808,2025,2166,526471,11958,8,382574,1496,46457,563,357417327,357517063,0,357517137,357517652,3416248512,17874222,0.0834,1651.0,0.21884013196186602,-0.01606516056196705,0.0834,25.33,77.6,,,,,,
2026-07-30T19:21:54.976117+00:00,S017,mounted,true,healthy,none,1300,healthy_horizontal_no_load_1300rpm,357616,1299,269,1649,2168,4,0,811908,9,211,73,0,2,1659,1494,1196,64,126,1639,16383,1663,1651,1643850,800,2015,2085,526366,11953,8,382570,1496,46458,563,357518057,357617137,0,357617211,357617726,3377860554,17859281,0.0834,1651.0,0.08534756253660136,-0.031320868819543435,0.0834,25.33,77.6,,,,,,
2026-07-30T19:21:55.116671+00:00,S017,mounted,true,healthy,none,1300,healthy_horizontal_no_load_1300rpm,357716,1288,269,1661,2183,1,0,811960,9,211,73,1,2,1659,1494,1216,65,134,1639,16383,1663,1654,1644471,800,1979,2175,526373,11955,8,382570,1496,46459,563,357618126,357717324,0,357717403,357717918,3380427133,17865257,0.0834,1651.0,0.23474338143036366,-0.09187357616060243,0.0834,25.33,77.6,,,,,,
2026-07-30T19:21:55.211008+00:00,S017,mounted,true,healthy,none,1300,healthy_horizontal_no_load_1300rpm,357816,1286,269,1665,2189,6,0,812011,9,211,73,0,3,1659,1494,1225,64,125,1640,16383,1663,1652,1644108,800,2017,2085,526347,11951,8,382562,1496,46460,563,357718319,357817399,0,357817473,357817988,3378922692,17853305,0.0834,1651.0,0.085929112626558,-0.027424901598192886,0.0834,25.3,77.5,,,,,,
2026-07-30T19:21:55.303913+00:00,S017,mounted,true,healthy,none,1300,healthy_horizontal_no_load_1300rpm,357917,1289,269,1669,2191,5,0,812063,9,211,73,3,2,1659,1494,1219,64,125,1646,16383,1663,1652,1660757,808,2014,2080,526341,11954,8,382560,1496,46461,563,357818392,357918069,0,357918078,357918593,3413566367,17862268,0.0834,1651.0,0.07672409820980386,-0.03326836356031526,0.0834,25.12,77.2,,,,,,
2026-07-30T19:21:55.397679+00:00,S017,mounted,true,healthy,none,1300,healthy_horizontal_no_load_1300rpm,358017,1317,270,1631,2143,1,0,812116,9,211,73,2,2,1659,1495,1206,59,115,1646,16383,1664,1651,1644707,800,1963,2088,526378,11956,8,382562,1496,46462,563,357918995,358018143,0,358018153,358018668,3381394713,17868246,0.0834,1651.0,0.08947442321846744,-0.11880978554700627,0.0834,25.12,77.2,,,,,,
2026-07-30T19:21:55.490644+00:00,S017,mounted,true,healthy,none,1300,healthy_horizontal_no_load_1300rpm,358117,1330,269,1611,2118,3,0,812169,9,211,73,0,2,1659,1494,1235,59,115,1642,16383,1663,1647,1644989,800,1895,2199,526408,11954,8,382560,1496,46463,563,358019069,358118164,0,358118174,358118689,3382593503,17862270,0.0834,1651.0,0.2750438398862305,-0.231588105236741,0.0834,25.24,77.4,,,,,,
2026-07-30T19:21:55.584418+00:00,S017,mounted,true,healthy,none,1300,healthy_horizontal_no_load_1300rpm,358217,1318,269,1621,2131,2,0,812222,9,211,73,3,3,1659,1495,1232,60,108,1639,16383,1662,1651,1644607,800,1943,2083,526398,11956,8,382562,1496,46464,563,358119088,358218190,0,358218200,358218714,3380983959,17868246,0.0834,1651.0,0.08114305486784845,-0.15213525894948177,0.0834,25.33,77.6,,,,,,
2026-07-30T19:21:55.677300+00:00,S017,mounted,true,healthy,none,1300,healthy_horizontal_no_load_1300rpm,358317,1302,266,1644,2155,4,0,812274,9,211,73,1,2,1659,1495,1221,61,115,1638,16383,1663,1651,1644172,800,2013,2087,526337,11959,8,382569,1496,46465,563,358219115,358318221,0,358318230,358318746,3379184878,17877211,0.0834,1651.0,0.08693579070156332,-0.03633752914123267,0.0834,25.36,77.7,,,,,,
2026-07-30T19:21:55.818859+00:00,S017,mounted,true,healthy,none,1300,healthy_horizontal_no_load_1300rpm,358417,1301,268,1649,2165,5,0,812327,9,211,73,1,2,1659,1494,1241,61,115,1638,16383,1663,1653,1644252,800,2015,2082,526344,11951,8,382561,1496,46466,563,358319147,358418271,0,358418286,358418801,3379511486,17853305,0.0834,1651.0,0.0809282002342897,-0.030758843193038565,0.0834,25.36,77.7,,,,,,
2026-07-30T19:21:55.914533+00:00,S017,mounted,true,healthy,none,1300,healthy_horizontal_no_load_1300rpm,358517,1317,268,1635,2145,3,0,812379,9,211,73,3,2,1659,1495,1182,63,124,1640,16383,1663,1651,1644785,800,2019,2113,526364,11956,8,382562,1496,46467,563,358419202,358518302,0,358518312,358518827,3381703159,17868244,0.0834,1651.0,0.13113126497156236,-0.025498460020073832,0.0834,25.3,77.5,,,,,,
2026-07-30T19:21:56.005724+00:00,S017,mounted,true,healthy,none,1300,healthy_horizontal_no_load_1300rpm,358617,1331,267,1615,2117,3,0,812433,9,211,72,1,2,1659,1494,1214,64,125,1637,16383,1661,1651,1643718,800,2010,2087,526323,11953,8,382558,1496,46468,563,358519233,358618367,0,358618381,358618896,3377313644,17859279,0.0834,1651.0,0.0886809462896343,-0.039654328202125555,0.0834,25.4,77.7,,,,,,
2026-07-30T19:21:56.098793+00:00,S017,mounted,true,healthy,none,1300,healthy_horizontal_no_load_1300rpm,358717,1328,270,1610,2119,2,0,812486,9,211,73,2,3,1659,1495,1193,64,125,1638,16383,1662,1655,1644381,800,2011,2182,526341,11959,8,382566,1496,46469,563,358619298,358718401,0,358718415,358718930,3380059505,17877211,0.0834,1651.0,0.24519207968893708,-0.03966924048833542,0.0834,25.36,77.7,,,,,,
2026-07-30T19:21:56.192662+00:00,S017,mounted,true,healthy,none,1300,healthy_horizontal_no_load_1300rpm,358817,1316,266,1632,2137,4,0,812538,9,211,73,1,2,1659,1494,1222,63,120,1633,16383,1666,1654,1644836,800,1951,2206,526394,11955,8,382566,1496,46470,563,358719331,358818416,0,358818425,358818941,3381941382,17865255,0.0834,1651.0,0.2864021859473018,-0.13853314153074026,0.0834,25.52,77.9,,,,,,
2026-07-30T19:21:56.285157+00:00,S017,mounted,true,healthy,none,1300,healthy_horizontal_no_load_1300rpm,358918,1310,269,1637,2151,5,0,812591,9,211,73,0,3,1659,1494,1200,63,120,1647,16383,1663,1653,1660808,808,2026,2235,526369,11954,8,382564,1496,46471,563,358819342,358919073,0,358919147,358919662,3413801314,17862268,0.0834,1651.0,0.3350397281244768,-0.013269734147566048,0.0834,25.09,77.2,,,,,,
2026-07-30T19:21:56.378494+00:00,S017,mounted,true,healthy,none,1300,healthy_horizontal_no_load_1300rpm,359018,1315,271,1631,2146,1,0,812644,9,211,73,1,3,1659,1495,1217,64,123,1644,16383,1663,1652,1644672,800,1957,2175,526417,11956,8,382565,1496,46472,563,358920062,359019107,0,359019181,359019696,3381272322,17868248,0.0834,1651.0,0.23444023251923696,-0.12880742756774888,0.0834,25.18,77.3,,,,,,
2026-07-30T19:21:56.521146+00:00,S017,mounted,true,healthy,none,1300,healthy_horizontal_no_load_1300rpm,359118,1321,269,1623,2132,3,0,812697,9,211,73,1,2,1659,1494,1209,67,130,1645,16383,1664,1651,1644855,800,2005,2221,526451,11951,8,382557,1496,46473,563,359020098,359119175,0,359119249,359119764,3382025145,17853303,0.0834,1651.0,0.31263714107606067,-0.04742855116726652,0.0834,25.15,77.3,,,,,,
2026-07-30T19:21:56.615340+00:00,S017,mounted,true,healthy,none,1300,healthy_horizontal_no_load_1300rpm,359218,1324,270,1618,2129,2,0,812750,9,211,73,1,2,1659,1494,1206,67,130,1644,16383,1664,1651,1644330,800,2005,2087,526416,11953,8,382554,1496,46474,563,359120165,359219230,0,359219309,359219824,3379833716,17859279,0.0834,1651.0,0.0886809462896343,-0.04798778758470679,0.0834,25.18,77.3,,,,,,
2026-07-30T19:21:56.710248+00:00,S017,mounted,true,healthy,none,1300,healthy_horizontal_no_load_1300rpm,359318,1331,269,1610,2116,6,0,812803,9,211,73,0,2,1659,1495,1221,69,134,1642,16383,1664,1650,1644654,800,1911,2157,526464,11956,8,382556,1496,46475,563,359220225,359319276,0,359319350,359319865,3381204242,17868246,0.0834,1651.0,0.2044473064570087,-0.20545601639344246,0.0834,25.24,77.4,,,,,,
2026-07-30T19:21:56.802378+00:00,S017,mounted,true,healthy,none,1300,healthy_horizontal_no_load_1300rpm,359418,1335,270,1606,2113,4,0,812856,9,211,73,0,2,1659,1495,1228,69,135,1640,16383,1665,1651,1645047,800,1945,2165,526547,11957,8,382560,1496,46476,563,359320268,359419343,0,359419417,359419932,3382800029,17871233,0.0834,1651.0,0.21747579116835292,-0.14907375804967815,0.0834,25.3,77.5,,,,,,
2026-07-30T19:21:56.896393+00:00,S017,mounted,true,healthy,none,1300,healthy_horizontal_no_load_1300rpm,359518,1331,269,1607,2113,4,0,812910,9,211,74,1,3,1659,1495,1199,69,135,1635,16383,1665,1654,1644181,800,2013,2093,526545,11956,8,382562,1496,46477,563,359420332,359519413,0,359519492,359520007,3379225103,17868244,0.0834,1651.0,0.09780579156908642,-0.03549610204081688,0.0834,25.46,77.8,,,,,,
2026-07-30T19:21:56.988134+00:00,S017,mounted,true,healthy,none,1300,healthy_horizontal_no_load_1300rpm,359619,1317,269,1627,2139,5,0,812963,9,211,73,0,3,1659,1495,1240,65,124,1637,16383,1662,1652,1660219,808,1898,2087,526460,11958,8,382567,1496,46478,563,359520408,359620064,0,359620078,359620593,3411372249,17874224,0.0834,1651.0,0.08722652834922195,-0.2276465233316607,0.0834,25.4,77.7,,,,,,
2026-07-30T19:21:57.080420+00:00,S017,mounted,true,healthy,none,1300,healthy_horizontal_no_load_1300rpm,359719,1309,268,1639,2152,3,0,813015,9,211,73,0,3,1659,1495,1209,65,124,1634,16383,1663,1654,1644636,800,2027,2084,526457,11956,8,382568,1496,46479,563,359620993,359720108,0,359720118,359720633,3381086270,17868244,0.0834,1651.0,0.08280932853797252,-0.012168270659083547,0.0834,25.49,77.9,,,,,,
2026-07-30T19:21:57.220377+00:00,S017,mounted,true,healthy,none,1300,healthy_horizontal_no_load_1300rpm,359819,1310,270,1635,2152,2,0,813068,9,211,73,0,2,1659,1495,1243,66,131,1636,16383,1667,1652,1645220,800,2021,2171,526547,11957,8,382571,1496,46480,563,359721036,359820144,0,359820158,359820673,3383508220,17871233,0.0834,1651.0,0.2274725970561171,-0.02244755013799482,0.0834,25.43,77.8,,,,,,
2026-07-30T19:21:57.314990+00:00,S017,mounted,true,healthy,none,1300,healthy_horizontal_no_load_1300rpm,359919,1310,268,1637,2149,4,0,813120,9,211,73,0,2,1659,1494,1224,67,129,1639,16383,1663,1654,1644305,800,2023,2081,526537,11954,8,382569,1496,46481,563,359821073,359920215,0,359920225,359920740,3379725169,17862268,0.0834,1651.0,0.07839065066086626,-0.01826939150075324,0.0834,25.33,77.6,,,,,,
2026-07-30T19:21:57.407740+00:00,S017,mounted,true,healthy,none,1300,healthy_horizontal_no_load_1300rpm,360019,1311,269,1634,2148,5,0,813173,9,211,73,0,3,1659,1494,1235,67,129,1640,16383,1663,1650,1644378,800,2017,2083,526502,11954,8,382567,1496,46482,563,359921143,360020244,0,360020258,360020773,3380035116,17862268,0.0834,1651.0,0.0817237555629915,-0.028268706207127625,0.0834,25.3,77.5,,,,,,
2026-07-30T19:21:57.502547+00:00,S017,mounted,true,healthy,none,1300,healthy_horizontal_no_load_1300rpm,360119,1310,269,1637,2151,3,0,813225,9,211,73,1,3,1659,1494,1242,70,132,1635,16383,1664,1652,1644301,800,2019,2251,526428,11951,8,382559,1496,46483,563,360021173,360120277,0,360120286,360120801,3379748229,17853307,0.0834,1651.0,0.3626462649987445,-0.02409096000334765,0.0834,25.46,77.8,,,,,,
2026-07-30T19:21:57.595743+00:00,S017,mounted,true,healthy,none,1300,healthy_horizontal_no_load_1300rpm,360219,1311,270,1634,2149,6,0,813277,9,211,73,0,3,1659,1495,1210,65,135,1634,16383,1663,1655,1644310,800,1965,2085,526408,11958,8,382565,1496,46484,563,360121203,360220393,0,360220402,360220917,3379759046,17874222,0.0834,1651.0,0.08389453838434457,-0.11602485950827912,0.0834,25.49,77.9,,,,,,
2026-07-30T19:21:57.688842+00:00,S017,mounted,true,healthy,none,1300,healthy_horizontal_no_load_1300rpm,360320,1305,268,1644,2159,4,0,813330,9,211,73,1,3,1659,1495,1231,65,135,1636,16383,1663,1651,1660893,808,1963,2079,526400,11956,8,382566,1496,46485,563,360221316,360320999,0,360321073,360321588,3414131865,17868244,0.0834,1651.0,0.07447796018735353,-0.11880978554700627,0.0834,25.43,77.8,,,,,,
2026-07-30T19:21:57.781243+00:00,S017,mounted,true,healthy,none,1300,healthy_horizontal_no_load_1300rpm,360420,1300,268,1650,2166,1,0,813382,9,211,73,0,2,1659,1494,1260,65,135,1635,16383,1663,1651,1644170,800,2031,2082,526372,11955,8,382566,1496,46486,563,360321993,360421082,0,360421156,360421671,3379171094,17865257,0.0834,1651.0,0.07976696787954829,-0.0052200976160605705,0.0834,25.46,77.8,,,,,,
2026-07-30T19:21:57.920058+00:00,S017,mounted,true,healthy,none,1300,healthy_horizontal_no_load_1300rpm,360520,1299,270,1649,2169,2,0,813434,9,211,73,1,2,1659,1494,1211,65,135,1641,16383,1662,1651,1644198,800,1967,2175,526320,11952,8,382560,1496,46487,563,360422070,360521142,0,360521216,360521731,3379310446,17856292,0.0834,1651.0,0.23565313253011988,-0.1110477831325305,0.0834,25.27,77.5,,,,,,
2026-07-30T19:21:58.013751+00:00,S017,mounted,true,healthy,none,1300,healthy_horizontal_no_load_1300rpm,360620,1299,268,1651,2168,4,0,813486,9,211,73,1,3,1659,1494,1237,64,141,1637,16383,1663,1655,1644314,800,2019,2091,526344,11955,8,382560,1496,46488,563,360522132,360621224,0,360621298,360621813,3379761046,17865255,0.0834,1651.0,0.09476468531994975,-0.025217054203262812,0.0834,25.4,77.7,,,,,,
2026-07-30T19:21:58.106340+00:00,S017,mounted,true,healthy,none,1300,healthy_horizontal_no_load_1300rpm,360720,1297,268,1655,2172,1,0,813538,9,211,73,0,3,1659,1494,1246,65,134,1637,16383,1664,1651,1644065,800,1853,2217,526336,11955,8,382560,1496,46489,563,360622214,360721274,0,360721348,360721863,3378825929,17865255,0.0834,1651.0,0.3047327294855706,-0.3018416203262233,0.0834,25.4,77.7,,,,,,
2026-07-30T19:21:58.200378+00:00,S017,mounted,true,healthy,none,1300,healthy_horizontal_no_load_1300rpm,360820,1298,268,1652,2169,2,0,813590,9,211,73,0,3,1659,1495,1253,65,134,1637,16383,1666,1649,1644055,800,1973,2146,526305,11956,8,382562,1496,46490,563,360722266,360821357,0,360821431,360821946,3378725189,17868244,0.0834,1651.0,0.18611829608564712,-0.1021470488457683,0.0834,25.4,77.7,,,,,,
2026-07-30T19:21:58.292968+00:00,S017,mounted,true,healthy,none,1300,healthy_horizontal_no_load_1300rpm,360920,1297,268,1653,2170,4,0,813642,9,211,73,1,3,1659,1495,1206,64,138,1637,16383,1661,1650,1644064,800,2025,2086,526319,11957,8,382565,1496,46491,563,360822345,360921409,0,360921483,360921998,3378735028,17871233,0.0834,1651.0,0.08585118031278727,-0.01578301287948536,0.0834,25.4,77.7,,,,,,
2026-07-30T19:21:58.401442+00:00,S017,mounted,true,healthy,none,1300,healthy_horizontal_no_load_1300rpm,361021,1298,269,1651,2169,1,0,813694,9,211,73,0,2,1659,1495,1264,65,133,1638,16383,1663,1652,1660479,808,2025,2105,526343,11956,8,382566,1496,46492,563,360922403,361022075,0,361022085,361022599,3412419377,17868246,0.0834,1651.0,0.11780107561057207,-0.015500817999331229,0.0834,25.36,77.7,,,,,,
2026-07-30T19:21:58.497309+00:00,S017,mounted,true,healthy,none,1300,healthy_horizontal_no_load_1300rpm,361121,1310,269,1640,2154,3,0,813747,9,211,73,2,2,1659,1495,1254,65,133,1639,16383,1662,1653,1644896,800,2023,2341,526359,11957,8,382569,1496,46493,563,361022998,361122154,0,361122164,361122679,3382268614,17871233,0.0834,1651.0,0.5107154305427777,-0.019115281508739645,0.0834,25.33,77.6,,,,,,
2026-07-30T19:21:58.589369+00:00,S017,mounted,true,healthy,none,1300,healthy_horizontal_no_load_1300rpm,361221,1319,267,1630,2137,2,0,813800,9,211,73,1,2,1659,1495,1246,64,137,1633,16383,1662,1652,1644763,800,2019,2082,526380,11956,8,382570,1496,46494,563,361123080,361222196,0,361222211,361222726,3381611811,17868246,0.0834,1651.0,0.07947678119772483,-0.025498460020073832,0.0834,25.52,77.9,,,,,,
2026-07-30T19:21:58.731589+00:00,S017,mounted,true,healthy,none,1300,healthy_horizontal_no_load_1300rpm,361321,1323,269,1620,2129,6,0,813853,9,211,73,1,2,1659,1494,1225,64,137,1637,16383,1663,1653,1645234,800,1951,2269,526454,11954,8,382568,1496,46495,563,361223127,361322263,0,361322430,361322945,3383615040,17862268,0.0834,1651.0,0.39170251146059876,-0.1382611679772463,0.0834,25.4,77.7,,,,,,
2026-07-30T19:21:58.824566+00:00,S017,mounted,true,healthy,none,1300,healthy_horizontal_no_load_1300rpm,361421,1322,269,1621,2130,4,0,813906,9,211,73,0,2,1659,1495,1218,65,136,1635,16383,1663,1651,1644295,800,1983,2099,526502,11958,8,382573,1496,46496,563,361323346,361422404,0,361422418,361422933,3379692027,17874222,0.0834,1651.0,0.10721846813848446,-0.08603694982438537,0.0834,25.46,77.8,,,,,,
2026-07-30T19:21:58.918954+00:00,S017,mounted,true,healthy,none,1300,healthy_horizontal_no_load_1300rpm,361522,1325,270,1617,2127,5,0,813959,9,211,73,1,2,1659,1494,1246,65,136,1637,16383,1663,1653,1660619,808,1965,2089,526443,11955,8,382573,1496,46497,563,361423332,361522988,0,361523062,361523577,3413003115,17865257,0.0834,1651.0,0.09143185922208241,-0.11520335884567157,0.0834,25.4,77.7,,,,,,
2026-07-30T19:21:59.016512+00:00,S017,mounted,true,healthy,none,1300,healthy_horizontal_no_load_1300rpm,361622,1323,270,1619,2130,1,0,814012,9,211,73,0,2,1659,1495,1212,65,136,1637,16383,1664,1651,1643984,800,1967,2097,526366,11956,8,382574,1496,46498,563,361523979,361623080,0,361623154,361623669,3378415974,17868246,0.0834,1651.0,0.10447088624958134,-0.11214469086651091,0.0834,25.4,77.7,,,,,,
2026-07-30T19:21:59.107748+00:00,S017,mounted,true,healthy,none,1300,healthy_horizontal_no_load_1300rpm,361722,1322,269,1622,2131,3,0,814065,9,211,73,0,3,1659,1494,1258,67,141,1636,16383,1662,1650,1644280,800,2023,2079,526344,11955,8,382574,1496,46499,563,361624069,361723133,0,361723207,361723722,3379620176,17865257,0.0834,1651.0,0.07476772873274751,-0.018551402007528583,0.0834,25.43,77.8,,,,,,
2026-07-30T19:21:59.201444+00:00,S017,mounted,true,healthy,none,1300,healthy_horizontal_no_load_1300rpm,361822,1323,269,1620,2130,2,0,814118,9,211,73,0,3,1659,1495,1229,63,131,1637,16383,1664,1653,1644217,800,1897,2217,526329,11959,8,382581,1496,46500,563,361724121,361823195,0,361823274,361823789,3379434865,17877211,0.0834,1651.0,0.3034970282632323,-0.22957678727318376,0.0834,25.4,77.7,,,,,,
2026-07-30T19:21:59.295280+00:00,S017,mounted,true,healthy,none,1300,healthy_horizontal_no_load_1300rpm,361922,1331,271,1610,2119,6,0,814171,9,211,74,0,3,1659,1494,1219,63,131,1642,16383,1663,1651,1644900,800,1985,2083,526376,11955,8,382580,1496,46501,563,361824188,361923247,0,361923321,361923836,3382180490,17865255,0.0834,1651.0,0.08143338092848174,-0.08187509786700131,0.0834,25.24,77.4,,,,,,
2026-07-30T19:21:59.390054+00:00,S017,mounted,true,healthy,none,1300,healthy_horizontal_no_load_1300rpm,362022,1335,269,1607,2112,4,0,814224,9,211,73,1,3,1659,1495,1220,63,130,1640,16383,1664,1652,1645091,800,2024,2185,526402,11957,8,382582,1496,46502,563,361924239,362023303,0,362023377,362023892,3382990075,17871233,0.0834,1651.0,0.25079847746090156,-0.017449147194112502,0.0834,25.3,77.5,,,,,,
2026-07-30T19:21:59.529601+00:00,S017,mounted,true,healthy,none,1300,healthy_horizontal_no_load_1300rpm,362122,1332,269,1604,2110,4,0,814278,9,211,73,3,3,1659,1494,1217,63,130,1637,16383,1663,1653,1644445,800,1955,2115,526383,11954,8,382579,1496,46503,563,362024293,362123355,0,362123434,362123949,3380316791,17862268,0.0834,1651.0,0.13505343399698821,-0.1315949581729967,0.0834,25.4,77.7,,,,,,
2026-07-30T19:21:59.623818+00:00,S017,mounted,true,healthy,none,1300,healthy_horizontal_no_load_1300rpm,362222,1310,269,1633,2147,1,0,814330,9,211,73,2,3,1659,1495,1244,62,125,1646,16383,1663,1652,1644848,800,1921,2289,526441,11956,8,382579,1496,46504,563,362124350,362223397,0,362223470,362223986,3382031432,17868246,0.0834,1651.0,0.42439543091334864,-0.18879327969220494,0.0834,25.12,77.2,,,,,,
2026-07-30T19:21:59.717613+00:00,S017,mounted,true,healthy,none,1300,healthy_horizontal_no_load_1300rpm,362323,1301,265,1652,2162,2,0,814382,9,211,73,0,2,1659,1494,1209,63,129,1643,16383,1664,1652,1661168,808,2025,2147,526474,11955,8,382578,1496,46505,563,362224391,362324082,0,362324095,362324611,3415256390,17865259,0.0834,1651.0,0.18808381606022584,-0.015218575909661247,0.0834,25.21,77.4,,,,,,
2026-07-30T19:21:59.812888+00:00,S017,mounted,true,healthy,none,1300,healthy_horizontal_no_load_1300rpm,362423,1298,269,1651,2169,4,0,814434,9,211,73,1,3,1659,1495,1227,63,129,1648,16383,1663,1652,1644239,800,2024,2089,526446,11957,8,382580,1496,46506,563,362325010,362424121,0,362424130,362424644,3379460631,17871235,0.0834,1651.0,0.09084958325666959,-0.017449147194112502,0.0834,25.06,77.1,,,,,,
2026-07-30T19:21:59.907318+00:00,S017,mounted,true,healthy,none,1300,healthy_horizontal_no_load_1300rpm,362523,1298,268,1653,2169,1,0,814486,9,211,73,1,2,1659,1495,1234,63,137,1644,16383,1663,1654,1645091,800,2017,2445,526463,11956,8,382580,1496,46507,563,362425046,362524159,0,362524169,362524683,3383112387,17868246,0.0834,1651.0,0.6843341234526594,-0.028831007360321514,0.0834,25.18,77.3,,,,,,
2026-07-30T19:22:00.000339+00:00,S017,mounted,true,healthy,none,1300,healthy_horizontal_no_load_1300rpm,362623,1297,268,1652,2169,2,0,814538,9,211,73,1,3,1659,1495,1232,60,133,1640,16383,1664,1652,1644134,800,1949,2082,526439,11958,8,382584,1496,46508,563,362525084,362624201,0,362624211,362624725,3379044790,17874222,0.0834,1651.0,0.07889655343702939,-0.14268077922729594,0.0834,25.3,77.5,,,,,,
2026-07-30T19:22:00.094064+00:00,S017,mounted,true,healthy,none,1300,healthy_horizontal_no_load_1300rpm,362723,1283,268,1670,2193,4,0,814590,9,211,73,1,2,1659,1495,1206,60,133,1640,16383,1663,1652,1644762,800,1999,2151,526434,11958,8,382588,1496,46509,563,362625126,362724253,0,362724267,362724782,3381614038,17874222,0.0834,1651.0,0.19385020722528834,-0.05938103010536944,0.0834,25.3,77.5,,,,,,
2026-07-30T19:22:00.234196+00:00,S017,mounted,true,healthy,none,1300,healthy_horizontal_no_load_1300rpm,362823,1277,265,1682,2202,3,0,814641,9,211,73,0,3,1659,1494,1250,61,127,1635,16383,1663,1655,1644085,800,2022,2087,526363,11953,8,382583,1496,46510,563,362725184,362824290,0,362824304,362824819,3378826823,17859281,0.0834,1651.0,0.0886809462896343,-0.019654025683928822,0.0834,25.46,77.8,,,,,,
2026-07-30T19:22:00.329186+00:00,S017,mounted,true,healthy,none,1300,healthy_horizontal_no_load_1300rpm,362923,1275,267,1684,2209,4,0,814692,9,211,73,1,2,1659,1494,1189,61,127,1630,16383,1663,1655,1644880,800,2017,2092,526379,11954,8,382580,1496,46511,563,362825219,362924351,0,362924361,362924876,3382089906,17862270,0.0834,1651.0,0.09672272762255263,-0.028268706207127625,0.0834,25.61,78.1,,,,,,
2026-07-30T19:22:00.422061+00:00,S017,mounted,true,healthy,none,1300,healthy_horizontal_no_load_1300rpm,363024,1285,268,1668,2190,1,0,814744,9,211,72,0,2,1659,1494,1185,63,119,1643,16383,1662,1652,1660839,808,2022,2168,526355,11954,8,382577,1496,46512,563,362925277,363025093,0,363025171,363025686,3413913995,17862270,0.0834,1651.0,0.22338071390329572,-0.019935943951815638,0.0834,25.21,77.4,,,,,,
2026-07-30T19:22:00.513960+00:00,S017,mounted,true,healthy,none,1300,healthy_horizontal_no_load_1300rpm,363124,1286,264,1673,2186,6,0,814795,9,211,73,0,2,1659,1494,1212,65,116,1638,16383,1663,1654,1644565,800,2025,2099,526357,11955,8,382576,1496,46513,563,363026086,363125128,0,363125202,363125717,3380798451,17865257,0.0834,1651.0,0.10809598971141732,-0.015218575909661247,0.0834,25.36,77.7,,,,,,
2026-07-30T19:22:00.607000+00:00,S017,mounted,true,healthy,none,1300,healthy_horizontal_no_load_1300rpm,363224,1294,269,1657,2177,5,0,814847,9,211,74,1,3,1659,1495,1235,65,116,1641,16383,1662,1655,1644630,800,2027,2087,526353,11956,8,382577,1496,46514,563,363126120,363225183,0,363225257,363225772,3381063208,17868246,0.0834,1651.0,0.08780814954834382,-0.012168270659083547,0.0834,25.27,77.5,,,,,,
2026-07-30T19:22:00.701538+00:00,S017,mounted,true,healthy,none,1300,healthy_horizontal_no_load_1300rpm,363324,1298,268,1652,2169,3,0,814899,9,211,73,1,3,1659,1495,1201,64,114,1641,16383,1662,1652,1644413,800,1941,2083,526362,11958,8,382581,1496,46515,563,363226174,363325239,0,363325313,363325828,3380182505,17874222,0.0834,1651.0,0.08056254841946808,-0.15600873908680413,0.0834,25.27,77.5,,,,,,
2026-07-30T19:22:00.794991+00:00,S017,mounted,true,healthy,none,1300,healthy_horizontal_no_load_1300rpm,363424,1302,269,1650,2167,6,0,814951,9,211,73,2,2,1659,1495,1212,64,123,1635,16383,1662,1653,1644800,800,1919,2159,526390,11957,8,382583,1496,46516,563,363326230,363425304,0,363425378,363425893,3381799054,17871233,0.0834,1651.0,0.20747898528058828,-0.192393250229991,0.0834,25.46,77.8,,,,,,
2026-07-30T19:22:00.935076+00:00,S017,mounted,true,healthy,none,1300,healthy_horizontal_no_load_1300rpm,363524,1325,270,1620,2130,4,0,815004,9,211,73,1,3,1659,1494,1224,64,123,1638,16383,1663,1652,1644060,800,1953,2093,526346,11955,8,382582,1496,46517,563,363426298,363525372,0,363525446,363525961,3378728240,17865259,0.0834,1651.0,0.09809751141781664,-0.1352003154328738,0.0834,25.36,77.7,,,,,,
2026-07-30T19:22:01.028128+00:00,S017,mounted,true,healthy,none,1300,healthy_horizontal_no_load_1300rpm,363625,1334,270,1606,2112,4,0,815058,9,211,73,1,3,1659,1494,1191,65,123,1637,16383,1663,1648,1660593,808,2017,2084,526350,11955,8,382581,1496,46518,563,363526363,363626075,0,363626085,363626600,3412890457,17865255,0.0834,1651.0,0.08309979397741518,-0.02854988030112926,0.0834,25.4,77.7,,,,,,
2026-07-30T19:22:01.121589+00:00,S017,mounted,true,healthy,none,1300,healthy_horizontal_no_load_1300rpm,363725,1333,269,1608,2113,5,0,815111,9,211,73,1,2,1659,1494,1217,65,123,1635,16383,1663,1651,1644569,800,1998,2243,526343,11952,8,382574,1496,46519,563,363627002,363726109,0,363726119,363726633,3380850277,17856296,0.0834,1651.0,0.34899766265060217,-0.05937601204819298,0.0834,25.46,77.8,,,,,,
2026-07-30T19:22:01.215547+00:00,S017,mounted,true,healthy,none,1300,healthy_horizontal_no_load_1300rpm,363825,1326,270,1617,2127,1,0,815164,9,211,73,0,2,1659,1494,1216,62,129,1634,16383,1662,1652,1644178,800,2003,2082,526329,11955,8,382574,1496,46520,563,363727035,363826154,0,363826163,363826678,3379204964,17865257,0.0834,1651.0,0.07976696787954829,-0.051879662986198394,0.0834,25.49,77.9,,,,,,
2026-07-30T19:22:01.308669+00:00,S017,mounted,true,healthy,none,1300,healthy_horizontal_no_load_1300rpm,363925,1324,269,1619,2128,3,0,815217,9,211,73,0,3,1659,1494,1228,62,127,1636,16383,1662,1653,1644332,800,2029,2085,526334,11954,8,382572,1496,46521,563,363827078,363926194,0,363926203,363926718,3379834048,17862268,0.0834,1651.0,0.08505686046511629,-0.008270076794378411,0.0834,25.43,77.8,,,,,,
2026-07-30T19:22:01.401512+00:00,S017,mounted,true,healthy,none,1300,healthy_horizontal_no_load_1300rpm,364025,1312,270,1631,2146,2,0,815270,9,211,73,1,2,1659,1495,1248,62,127,1638,16383,1663,1654,1644092,800,1980,2084,526335,11956,8,382573,1496,46522,563,363927117,364026228,0,364026238,364026753,3378858988,17868246,0.0834,1651.0,0.08280932853797252,-0.09048313315490164,0.0834,25.36,77.7,,,,,,
2026-07-30T19:22:01.542411+00:00,S017,mounted,true,healthy,none,1300,healthy_horizontal_no_load_1300rpm,364125,1311,267,1636,2145,4,0,815322,9,211,72,0,2,1659,1494,1242,61,119,1639,16383,1662,1650,1643788,800,2010,2101,526324,11953,8,382569,1496,46523,563,364027154,364126297,0,364126307,364126821,3377614798,17859279,0.0834,1651.0,0.11201463256086308,-0.039654328202125555,0.0834,25.33,77.6,,,,,,
2026-07-30T19:22:01.635392+00:00,S017,mounted,true,healthy,none,1300,healthy_horizontal_no_load_1300rpm,364225,1316,267,1629,2137,5,0,815375,9,211,73,1,2,1659,1495,1210,60,116,1642,16383,1662,1651,1644089,800,2021,2081,526334,11957,8,382572,1496,46524,563,364127221,364226327,0,364226337,364226852,3378840333,17871233,0.0834,1651.0,0.07752050873964977,-0.02244755013799482,0.0834,25.24,77.4,,,,,,
2026-07-30T19:22:01.730831+00:00,S017,mounted,true,healthy,none,1300,healthy_horizontal_no_load_1300rpm,364325,1322,270,1621,2132,1,0,815428,9,211,73,1,3,1659,1495,1208,60,116,1640,16383,1663,1652,1645142,800,2029,2141,526410,11958,8,382577,1496,46525,563,364227257,364326389,0,364326399,364326914,3383177198,17874222,0.0834,1651.0,0.17719025740090277,-0.009401180632212736,0.0834,25.3,77.5,,,,,,
2026-07-30T19:22:01.824243+00:00,S017,mounted,true,healthy,none,1300,healthy_horizontal_no_load_1300rpm,364425,1324,269,1618,2126,3,0,815481,9,211,73,1,2,1659,1494,1212,59,116,1638,16383,1663,1653,1644870,800,2029,2077,526470,11954,8,382574,1496,46526,563,364327315,364426437,0,364426446,364426961,3382044590,17862268,0.0834,1651.0,0.07172444085661667,-0.008270076794378411,0.0834,25.36,77.7,,,,,,
2026-07-30T19:22:01.917500+00:00,S017,mounted,true,healthy,none,1300,healthy_horizontal_no_load_1300rpm,364526,1305,271,1638,2157,2,0,815534,9,211,73,1,3,1659,1495,1242,59,116,1638,16383,1663,1651,1660455,808,2013,2093,526414,11956,8,382575,1496,46527,563,364427363,364527143,0,364527222,364527737,3412323367,17868246,0.0834,1651.0,0.09780579156908642,-0.03549610204081688,0.0834,25.36,77.7,,,,,,
2026-07-30T19:22:02.012761+00:00,S017,mounted,true,healthy,none,1300,healthy_horizontal_no_load_1300rpm,364626,1299,265,1653,2164,4,0,815586,9,211,73,1,2,1659,1494,1196,58,115,1642,16383,1670,1652,1645008,800,2027,2209,526457,11953,8,382571,1496,46528,563,364528138,364627208,0,364627282,364627797,3382645498,17859279,0.0834,1651.0,0.2920173552246297,-0.01132056630134759,0.0834,25.24,77.4,,,,,,
2026-07-30T19:22:02.105719+00:00,S017,mounted,true,healthy,none,1300,healthy_horizontal_no_load_1300rpm,364726,1303,268,1651,2165,1,0,815638,9,211,72,2,2,1659,1494,1218,62,122,1641,16383,1664,1653,1644670,800,2019,2082,526489,11955,8,382571,1496,46529,563,364628199,364727270,0,364727344,364727859,3381227796,17865257,0.0834,1651.0,0.07976696787954829,-0.025217054203262812,0.0834,25.27,77.5,,,,,,
2026-07-30T19:22:02.199634+00:00,S017,mounted,true,healthy,none,1300,healthy_horizontal_no_load_1300rpm,364826,1316,267,1629,2136,3,0,815691,9,211,73,1,2,1659,1494,1241,62,122,1633,16383,1664,1654,1644502,800,2017,2201,526476,11949,8,382559,1496,46530,563,364728260,364827336,0,364827415,364827930,3380556374,17847331,0.0834,1651.0,0.27991183555109167,-0.026862129801657364,0.0834,25.52,77.9,,,,,,
2026-07-30T19:22:02.341748+00:00,S017,mounted,true,healthy,none,1300,healthy_horizontal_no_load_1300rpm,364926,1322,269,1623,2132,2,0,815744,9,211,73,1,3,1659,1494,1225,68,139,1633,16383,1662,1655,1644511,800,2015,2090,526466,11954,8,382558,1496,46531,563,364828331,364927382,0,364927460,364927976,3380576403,17862270,0.0834,1651.0,0.09338962272042783,-0.03160181110925242,0.0834,25.52,77.9,,,,,,
2026-07-30T19:22:02.433965+00:00,S017,mounted,true,healthy,none,1300,healthy_horizontal_no_load_1300rpm,365027,1337,270,1605,2110,6,0,815797,9,211,73,1,2,1659,1495,1269,70,138,1636,16383,1663,1651,1661009,808,2019,2091,526447,11958,8,382564,1496,46532,563,364928377,365028192,0,365028201,365028716,3414600363,17874222,0.0834,1651.0,0.09389050827897583,-0.026061130456598303,0.0834,25.43,77.8,,,,,,
2026-07-30T19:22:02.528667+00:00,S017,mounted,true,healthy,none,1300,healthy_horizontal_no_load_1300rpm,365127,1345,269,1592,2093,6,0,815851,9,211,73,0,3,1659,1495,1225,70,138,1645,16383,1662,1653,1644565,800,1959,2193,526464,11956,8,382565,1496,46533,563,365029118,365128207,0,365128217,365128732,3380815955,17868246,0.0834,1651.0,0.2644331585814652,-0.1254748802275012,0.0834,25.15,77.3,,,,,,
2026-07-30T19:22:02.622968+00:00,S017,mounted,true,healthy,none,1300,healthy_horizontal_no_load_1300rpm,365227,1347,269,1588,2087,6,0,815905,9,211,73,1,3,1659,1495,1238,69,141,1644,16383,1663,1652,1644245,800,2014,2085,526402,11956,8,382566,1496,46534,563,365129135,365228259,0,365228268,365228783,3379487251,17868246,0.0834,1651.0,0.08447560220809613,-0.033829828370692816,0.0834,25.18,77.3,,,,,,
2026-07-30T19:22:02.716669+00:00,S017,mounted,true,healthy,none,1300,healthy_horizontal_no_load_1300rpm,365327,1333,270,1605,2111,4,0,815958,9,211,73,0,3,1659,1495,1263,69,141,1644,16383,1663,1652,1644456,800,1997,2183,526349,11959,8,382573,1496,46535,563,365229185,365328261,0,365328270,365328784,3380365816,17877211,0.0834,1651.0,0.2468579353624878,-0.06299121991805334,0.0834,25.18,77.3,,,,,,
2026-07-30T19:22:02.810316+00:00,S017,mounted,true,healthy,none,1300,healthy_horizontal_no_load_1300rpm,365427,1325,270,1617,2128,5,0,816011,9,211,73,0,2,1659,1494,1217,68,135,1636,16383,1663,1652,1644592,800,2027,2117,526344,11953,8,382569,1496,46536,563,365329184,365428297,0,365428306,365428822,3380906880,17859277,0.0834,1651.0,0.1386817025851248,-0.01132056630134759,0.0834,25.43,77.8,,,,,,
2026-07-30T19:22:02.902640+00:00,S017,mounted,true,healthy,none,1300,healthy_horizontal_no_load_1300rpm,365527,1318,267,1625,2132,1,0,816064,9,211,73,0,3,1659,1494,1244,65,132,1633,16383,1663,1653,1644612,800,2023,2081,526346,11955,8,382569,1496,46537,563,365429221,365528439,0,365528449,365528964,3380983616,17865257,0.0834,1651.0,0.07810055483061484,-0.018551402007528583,0.0834,25.52,77.9,,,,,,
2026-07-30T19:22:03.043844+00:00,S017,mounted,true,healthy,none,1300,healthy_horizontal_no_load_1300rpm,365628,1312,269,1633,2146,3,0,816117,9,211,73,1,2,1659,1494,1243,65,132,1635,16383,1663,1655,1661122,808,2031,2088,526358,11954,8,382567,1496,46538,563,365529363,365629193,0,365629267,365629782,3415058122,17862268,0.0834,1651.0,0.09005651781830304,-0.0049369718922536165,0.0834,25.46,77.8,,,,,,
2026-07-30T19:22:03.136555+00:00,S017,mounted,true,healthy,none,1300,healthy_horizontal_no_load_1300rpm,365728,1311,269,1636,2149,2,0,816170,9,211,73,0,2,1659,1494,1219,65,137,1636,16383,1662,1654,1644371,800,1961,2195,526342,11951,8,382559,1496,46539,563,365630187,365729250,0,365729328,365729843,3380026235,17853303,0.0834,1651.0,0.2692959003430677,-0.12077526625387014,0.0834,25.43,77.8,,,,,,
2026-07-30T19:22:03.246970+00:00,S017,mounted,true,healthy,none,1300,healthy_horizontal_no_load_1300rpm,365828,1311,267,1639,2148,4,0,816222,9,211,73,1,2,1659,1494,1242,66,140,1638,16383,1663,1653,1644001,800,1989,2083,526334,11955,8,382559,1496,46540,563,365730243,365829314,0,365829388,365829903,3378478873,17865255,0.0834,1651.0,0.08143338092848174,-0.07520944567126753,0.0834,25.36,77.7,,,,,,
2026-07-30T19:22:03.340074+00:00,S017,mounted,true,healthy,none,1300,healthy_horizontal_no_load_1300rpm,365928,1310,269,1636,2150,5,0,816275,9,211,73,1,3,1659,1495,1242,66,140,1634,16383,1663,1652,1644384,800,2025,2163,526334,11956,8,382561,1496,46541,563,365830308,365929395,0,365929474,365929989,3380065158,17868246,0.0834,1651.0,0.21444494847775175,-0.015500817999331229,0.0834,25.49,77.9,,,,,,
2026-07-30T19:22:03.433393+00:00,S017,mounted,true,healthy,none,1300,healthy_horizontal_no_load_1300rpm,366029,1311,268,1636,2147,3,0,816327,9,211,73,1,2,1659,1495,1221,67,140,1636,16383,1663,1651,1661178,808,2014,2205,526361,11959,8,382568,1496,46542,563,365930391,366030030,0,366030040,366030555,3415315880,17877211,0.0834,1651.0,0.2835067601806167,-0.03467167346768152,0.0834,25.43,77.8,,,,,,
2026-07-30T19:22:03.542326+00:00,S017,mounted,true,healthy,none,1300,healthy_horizontal_no_load_1300rpm,366129,1310,269,1636,2150,2,0,816380,9,211,73,0,3,1659,1495,1222,67,140,1638,16383,1663,1655,1644934,800,2003,2093,526416,11958,8,382573,1496,46543,563,366030956,366130095,0,366130104,366130620,3382315946,17874222,0.0834,1651.0,0.0972224982438532,-0.05271705017561468,0.0834,25.36,77.7,,,,,,
2026-07-30T19:22:03.635523+00:00,S017,mounted,true,healthy,none,1300,healthy_horizontal_no_load_1300rpm,366229,1311,270,1635,2150,4,0,816432,9,211,73,1,3,1659,1494,1230,65,129,1636,16383,1663,1652,1644496,800,2023,2119,526431,11953,8,382569,1496,46544,563,366131019,366230159,0,366230169,366230684,3380518808,17859279,0.0834,1651.0,0.14201508633815774,-0.017987333807412575,0.0834,25.43,77.8,,,,,,
2026-07-30T19:22:03.728115+00:00,S017,mounted,true,healthy,none,1300,healthy_horizontal_no_load_1300rpm,366329,1308,268,1636,2149,5,0,816485,9,211,73,1,3,1659,1495,1242,66,131,1643,16383,1664,1650,1644551,800,1962,2081,526465,11956,8,382570,1496,46545,563,366231085,366330331,0,366330345,366330860,3380753883,17868246,0.0834,1651.0,0.07781050752760077,-0.1204760592171299,0.0834,25.21,77.4,,,,,,
2026-07-30T19:22:03.821599+00:00,S017,mounted,true,healthy,none,1300,healthy_horizontal_no_load_1300rpm,366429,1301,269,1650,2168,3,0,816537,9,211,73,1,2,1659,1495,1232,66,131,1644,16383,1663,1651,1644325,800,1983,2087,526439,11957,8,382573,1496,46546,563,366331262,366430385,0,366430394,366430909,3379819647,17871235,0.0834,1651.0,0.08751731462741441,-0.08576065409383649,0.0834,25.18,77.3,,,,,,
2026-07-30T19:22:03.915796+00:00,S017,mounted,true,healthy,none,1300,healthy_horizontal_no_load_1300rpm,366530,1300,269,1650,2168,6,0,816589,9,211,73,1,2,1659,1495,1229,65,132,1643,16383,1662,1650,1644106,800,2009,2087,526391,11956,8,382574,1496,46547,563,366431311,366530575,0,366530584,366531099,3378911772,17868244,0.0834,1651.0,0.08780814954834382,-0.0421611967213118,0.0834,25.21,77.4,,,,,,
2026-07-30T19:22:04.008284+00:00,S017,mounted,true,healthy,none,1300,healthy_horizontal_no_load_1300rpm,366630,1308,270,1638,2154,4,0,816642,9,211,73,0,2,1659,1494,1212,63,131,1637,16383,1663,1652,1661078,808,2021,2223,526363,11951,8,382566,1496,46548,563,366531501,366631081,0,366631159,366631674,3414916616,17853305,0.0834,1651.0,0.3159710826709059,-0.020757018408501526,0.0834,25.4,77.7,,,,,,
2026-07-30T19:22:04.150024+00:00,S017,mounted,true,healthy,none,1300,healthy_horizontal_no_load_1300rpm,366730,1309,268,1638,2151,1,0,816694,9,211,73,1,2,1659,1494,1201,63,131,1640,16383,1665,1649,1644498,800,2009,2082,526352,11952,8,382560,1496,46549,563,366632073,366731141,0,366731220,366731735,3380525534,17856294,0.0834,1651.0,0.08063781927710822,-0.04104086746987967,0.0834,25.3,77.5,,,,,,
2026-07-30T19:22:04.242061+00:00,S017,mounted,true,healthy,none,1300,healthy_horizontal_no_load_1300rpm,366830,1307,268,1638,2152,2,0,816746,9,211,73,1,3,1659,1495,1209,62,129,1638,16383,1663,1652,1645126,800,2021,2079,526405,11957,8,382564,1496,46550,563,366732136,366831207,0,366831281,366831796,3383101800,17871233,0.0834,1651.0,0.07418824011039549,-0.02244755013799482,0.0834,25.36,77.7,,,,,,
2026-07-30T19:22:04.337361+00:00,S017,mounted,true,healthy,none,1300,healthy_horizontal_no_load_1300rpm,366930,1302,268,1647,2163,4,0,816798,9,211,73,0,3,1659,1494,1204,62,129,1637,16383,1663,1655,1644550,800,1923,2151,526380,11954,8,382562,1496,46551,563,366832197,366931266,0,366931339,366931855,3380756692,17862270,0.0834,1651.0,0.19504932223523497,-0.18492463660699388,0.0834,25.4,77.7,,,,,,
2026-07-30T19:22:04.431221+00:00,S017,mounted,true,healthy,none,1300,healthy_horizontal_no_load_1300rpm,367030,1298,269,1653,2171,1,0,816850,9,211,73,1,2,1659,1494,1203,62,132,1648,16383,1664,1652,1644499,800,2019,2085,526363,11953,8,382558,1496,46552,563,366932254,367031396,0,367031470,367031985,3380525617,17859281,0.0834,1651.0,0.08534756253660136,-0.024654101313478005,0.0834,25.06,77.1,,,,,,
2026-07-30T19:22:04.523561+00:00,S017,mounted,true,healthy,none,1300,healthy_horizontal_no_load_1300rpm,367131,1298,269,1652,2170,3,0,816903,9,211,73,1,2,1659,1494,1198,64,135,1643,16383,1663,1654,1661178,808,2015,2108,526361,11954,8,382557,1496,46553,563,367032387,367132045,0,367132059,367132574,3415292790,17862268,0.0834,1651.0,0.12338756683955143,-0.03160181110925242,0.0834,25.21,77.4,,,,,,
2026-07-30T19:22:04.616501+00:00,S017,mounted,true,healthy,none,1300,healthy_horizontal_no_load_1300rpm,367231,1297,265,1653,2165,4,0,816954,9,211,73,0,3,1659,1494,1216,64,135,1639,16383,1664,1654,1644530,800,2031,2091,526355,11952,8,382552,1496,46554,563,367132975,367232097,0,367232106,367232620,3380652286,17856290,0.0834,1651.0,0.09563930120481912,-0.0043705783132530485,0.0834,25.33,77.6,,,,,,
2026-07-30T19:22:04.710883+00:00,S017,mounted,true,healthy,none,1300,healthy_horizontal_no_load_1300rpm,367331,1299,269,1651,2170,1,0,817006,9,211,73,0,2,1659,1494,1217,64,143,1640,16383,1664,1653,1644619,800,1877,2123,526406,11950,8,382543,1496,46555,563,367233020,367332121,0,367332131,367332647,3381055105,17850318,0.0834,1651.0,0.14957015179916278,-0.26053898025104605,0.0834,25.3,77.5,,,,,,
2026-07-30T19:22:04.852495+00:00,S017,mounted,true,healthy,none,1300,healthy_horizontal_no_load_1300rpm,367431,1307,268,1642,2155,3,0,817059,9,211,73,0,3,1659,1494,1217,65,138,1643,16383,1663,1651,1644235,800,1927,2077,526371,11955,8,382544,1496,46556,563,367333046,367432175,0,367432185,367432700,3379452735,17865259,0.0834,1651.0,0.07143490263488061,-0.1785270547051443,0.0834,25.21,77.4,,,,,,
2026-07-30T19:22:04.946212+00:00,S017,mounted,true,healthy,none,1300,healthy_horizontal_no_load_1300rpm,367531,1308,270,1638,2155,6,0,817111,9,211,73,0,2,1659,1494,1238,65,138,1647,16383,1663,1653,1644430,800,2018,2186,526343,11951,8,382537,1496,46557,563,367433099,367532234,0,367532243,367532758,3380261354,17853303,0.0834,1651.0,0.25429316316626194,-0.025757930800770268,0.0834,25.09,77.2,,,,,,
2026-07-30T19:22:05.040453+00:00,S017,mounted,true,healthy,none,1300,healthy_horizontal_no_load_1300rpm,367631,1307,270,1638,2154,4,0,817164,9,211,73,0,2,1659,1495,1202,65,139,1643,16383,1664,1652,1644503,800,1977,2117,526348,11958,8,382544,1496,46558,563,367533158,367632278,0,367632292,367632807,3380546235,17874222,0.0834,1651.0,0.13720637782237777,-0.09603291971901662,0.0834,25.21,77.4,,,,,,
2026-07-30T19:22:05.133190+00:00,S017,mounted,true,healthy,none,1300,healthy_horizontal_no_load_1300rpm,367731,1309,269,1636,2150,1,0,817216,9,211,73,1,2,1659,1495,1208,65,139,1647,16383,1663,1652,1644382,800,2029,2083,526331,11956,8,382547,1496,46559,563,367633206,367732433,0,367732442,367732957,3380036242,17868246,0.0834,1651.0,0.08114305486784845,-0.008835723318836308,0.0834,25.09,77.2,,,,,,
2026-07-30T19:22:05.227004+00:00,S017,mounted,true,healthy,none,1300,healthy_horizontal_no_load_1300rpm,367832,1310,265,1639,2146,3,0,817269,9,211,73,1,2,1659,1495,1234,66,146,1647,16383,1663,1654,1661122,808,2025,2083,526360,11957,8,382551,1496,46560,563,367733359,367833037,0,367833111,367833626,3415061482,17871233,0.0834,1651.0,0.08085277736890495,-0.01578301287948536,0.0834,25.09,77.2,,,,,,
2026-07-30T19:22:05.321466+00:00,S017,mounted,true,healthy,none,1300,healthy_horizontal_no_load_1300rpm,367932,1304,269,1641,2158,6,0,817321,9,211,73,1,3,1659,1494,1225,64,141,1638,16383,1663,1651,1644282,800,1985,2082,526328,11954,8,382550,1496,46561,563,367834028,367933098,0,367933172,367933687,3379633550,17862266,0.0834,1651.0,0.08005720311192865,-0.08159838464112479,0.0834,25.36,77.7,,,,,,
2026-07-30T19:22:05.413850+00:00,S017,mounted,true,healthy,none,1300,healthy_horizontal_no_load_1300rpm,368032,1298,266,1651,2164,5,0,817373,9,211,73,1,2,1659,1494,1203,64,141,1637,16383,1664,1652,1644386,800,2011,2081,526360,11955,8,382550,1496,46562,563,367934092,368033152,0,368033225,368033741,3380066052,17865257,0.0834,1651.0,0.07810055483061484,-0.03854835859473038,0.0834,25.4,77.7,,,,,,
2026-07-30T19:22:05.555685+00:00,S017,mounted,true,healthy,none,1300,healthy_horizontal_no_load_1300rpm,368132,1299,269,1652,2170,3,0,817425,9,211,73,1,2,1659,1494,1201,64,149,1642,16383,1664,1647,1644322,800,1925,2137,526333,11950,8,382541,1496,46563,563,368034146,368133209,0,368133283,368133798,3379822616,17850316,0.0834,1651.0,0.17290969589958127,-0.18051768619246866,0.0834,25.24,77.4,,,,,,
2026-07-30T19:22:05.647388+00:00,S017,mounted,true,healthy,none,1300,healthy_horizontal_no_load_1300rpm,368232,1319,268,1629,2137,2,0,817478,9,211,73,1,2,1659,1494,1230,65,140,1643,16383,1662,1651,1644139,800,2021,2089,526347,11953,8,382539,1496,46564,563,368134203,368233284,0,368233358,368233873,3379048193,17859281,0.0834,1651.0,0.09201433004266679,-0.02132071756044507,0.0834,25.21,77.4,,,,,,
2026-07-30T19:22:05.740576+00:00,S017,mounted,true,healthy,none,1300,healthy_horizontal_no_load_1300rpm,368333,1322,269,1620,2130,6,0,817531,9,211,73,1,2,1659,1495,1239,65,140,1643,16383,1664,1656,1661448,808,2027,2223,526413,11956,8,382542,1496,46565,563,368234274,368334044,0,368334054,368334569,3416426214,17868244,0.0834,1651.0,0.3144213686851791,-0.012168270659083547,0.0834,25.21,77.4,,,,,,
2026-07-30T19:22:05.833543+00:00,S017,mounted,true,healthy,none,1300,healthy_horizontal_no_load_1300rpm,368433,1303,269,1640,2157,5,0,817583,9,211,73,3,3,1659,1494,1191,66,133,1638,16383,1664,1653,1644810,800,2005,2309,526431,11955,8,382543,1496,46566,563,368334974,368434177,0,368434187,368434701,3381868664,17865255,0.0834,1651.0,0.45804272998745255,-0.0485468368883315,0.0834,25.36,77.7,,,,,,
2026-07-30T19:22:05.926869+00:00,S017,mounted,true,healthy,none,1300,healthy_horizontal_no_load_1300rpm,368533,1289,269,1660,2182,3,0,817635,9,211,73,1,3,1659,1494,1230,66,133,1638,16383,1662,1653,1644663,800,2021,2087,526473,11954,8,382543,1496,46567,563,368435103,368534210,0,368534219,368534734,3381199969,17862268,0.0834,1651.0,0.08838996536724109,-0.021602496402878035,0.0834,25.36,77.7,,,,,,
2026-07-30T19:22:06.020112+00:00,S017,mounted,true,healthy,none,1300,healthy_horizontal_no_load_1300rpm,368633,1288,268,1665,2186,6,0,817687,9,211,73,0,3,1659,1494,1234,65,127,1642,16383,1662,1651,1643987,800,1987,2082,526401,11955,8,382544,1496,46568,563,368535136,368634241,0,368634255,368634770,3378419925,17865257,0.0834,1651.0,0.07976696787954829,-0.07854227176913486,0.0834,25.24,77.4,,,,,,
2026-07-30T19:22:06.161344+00:00,S017,mounted,true,healthy,none,1300,healthy_horizontal_no_load_1300rpm,368733,1301,269,1649,2166,5,0,817739,9,211,73,1,2,1659,1494,1238,62,133,1645,16383,1664,1651,1644186,800,2023,2087,526331,11954,8,382543,1496,46569,563,368635169,368734274,0,368734288,368734803,3379241250,17862266,0.0834,1651.0,0.08838996536724109,-0.01826939150075324,0.0834,25.15,77.3,,,,,,
2026-07-30T19:22:06.256054+00:00,S017,mounted,true,healthy,none,1300,healthy_horizontal_no_load_1300rpm,368833,1309,269,1637,2151,3,0,817791,9,211,73,1,3,1659,1494,1225,62,133,1643,16383,1663,1653,1644376,800,1949,2081,526348,11954,8,382543,1496,46570,563,368735205,368834317,0,368834327,368834842,3380035296,17862268,0.0834,1651.0,0.07839065066086626,-0.1415942728793711,0.0834,25.21,77.4,,,,,,
2026-07-30T19:22:06.350564+00:00,S017,mounted,true,healthy,none,1300,healthy_horizontal_no_load_1300rpm,368933,1310,269,1637,2150,2,0,817844,9,211,73,1,2,1659,1494,1214,63,145,1645,16383,1664,1656,1644801,800,1933,2087,526367,11953,8,382541,1496,46571,563,368835247,368934347,0,368934361,368934876,3381777975,17859281,0.0834,1651.0,0.0886809462896343,-0.16798960269388452,0.0834,25.15,77.3,,,,,,
2026-07-30T19:22:06.443119+00:00,S017,mounted,true,healthy,none,1300,healthy_horizontal_no_load_1300rpm,369033,1310,267,1637,2148,4,0,817896,9,211,73,1,2,1659,1495,1211,65,147,1642,16383,1664,1651,1644341,800,1999,2235,526369,11956,8,382544,1496,46572,563,368935278,369034392,0,369034402,369034917,3379912645,17868246,0.0834,1651.0,0.3344166527266643,-0.05882393342254977,0.0834,25.24,77.4,,,,,,
2026-07-30T19:22:06.543543+00:00,S017,mounted,true,healthy,none,1300,healthy_horizontal_no_load_1300rpm,369133,1309,269,1639,2154,1,0,817948,9,211,73,0,2,1659,1495,1222,65,147,1640,16383,1663,1653,1644313,800,1901,2223,526365,11958,8,382551,1496,46573,563,369035318,369134422,0,369134431,369134946,3379811733,17874222,0.0834,1651.0,0.3138018459608629,-0.2226485383843455,0.0834,25.3,77.5,,,,,,
2026-07-30T19:22:06.631516+00:00,S017,mounted,true,healthy,none,1300,healthy_horizontal_no_load_1300rpm,369234,1309,270,1635,2151,3,0,818001,9,211,73,0,3,1659,1494,1248,62,142,1644,16383,1663,1652,1660501,808,1995,2202,526339,11954,8,382550,1496,46574,563,369135346,369235096,0,369235170,369235685,3412541555,17862270,0.0834,1651.0,0.28004349723941724,-0.06493286013050081,0.0834,25.18,77.3,,,,,,
2026-07-30T19:22:06.724858+00:00,S017,mounted,true,healthy,none,1300,healthy_horizontal_no_load_1300rpm,369334,1310,267,1635,2146,2,0,818054,9,211,73,0,2,1659,1494,1260,62,142,1645,16383,1664,1653,1644807,800,1987,2243,526375,11955,8,382550,1496,46575,563,369236084,369335156,0,369335235,369335750,3381830639,17865259,0.0834,1651.0,0.34805946875784155,-0.07854227176913486,0.0834,25.15,77.3,,,,,,
2026-07-30T19:22:06.865283+00:00,S017,mounted,true,healthy,none,1300,healthy_horizontal_no_load_1300rpm,369434,1315,269,1632,2145,4,0,818106,9,211,73,1,3,1659,1494,1217,61,129,1644,16383,1664,1654,1644518,800,2027,2085,526351,11955,8,382550,1496,46576,563,369336149,369435196,0,369435270,369435785,3380601258,17865257,0.0834,1651.0,0.08476620702634818,-0.011885749811794355,0.0834,25.18,77.3,,,,,,
2026-07-30T19:22:06.958814+00:00,S017,mounted,true,healthy,none,1300,healthy_horizontal_no_load_1300rpm,369534,1320,269,1625,2135,5,0,818159,9,211,73,1,2,1659,1494,1216,62,131,1643,16383,1663,1653,1643847,800,1967,2209,526292,11951,8,382543,1496,46577,563,369436187,369535242,0,369535316,369535831,3377884327,17853307,0.0834,1651.0,0.2926334915069866,-0.11077344146933354,0.0834,25.21,77.4,,,,,,
2026-07-30T19:22:07.050453+00:00,S017,mounted,true,healthy,none,1300,healthy_horizontal_no_load_1300rpm,369634,1323,270,1618,2129,1,0,818212,9,211,73,0,3,1659,1495,1242,62,131,1641,16383,1664,1651,1644554,800,1855,2084,526369,11957,8,382548,1496,46578,563,369536231,369635308,0,369635382,369635897,3380786064,17871233,0.0834,1651.0,0.08251891168353254,-0.2990258463661455,0.0834,25.27,77.5,,,,,,
2026-07-30T19:22:07.144427+00:00,S017,mounted,true,healthy,none,1300,healthy_horizontal_no_load_1300rpm,369734,1322,269,1619,2128,3,0,818265,9,211,73,1,2,1659,1495,1210,58,115,1646,16383,1663,1653,1644661,800,1979,2079,526362,11956,8,382550,1496,46579,563,369636300,369735376,0,369735450,369735965,3381193479,17868246,0.0834,1651.0,0.07447796018735353,-0.0921494068250257,0.0834,25.12,77.2,,,,,,
2026-07-30T19:22:07.237294+00:00,S017,mounted,true,healthy,none,1300,healthy_horizontal_no_load_1300rpm,369835,1322,269,1622,2132,2,0,818318,9,211,74,0,3,1659,1494,1248,60,117,1644,16383,1666,1654,1661244,808,1889,2177,526411,11953,8,382547,1496,46580,563,369736370,369836028,0,369836037,369836552,3415605584,17859279,0.0834,1651.0,0.2386832151761058,-0.24132404526060425,0.0834,25.18,77.3,,,,,,
2026-07-30T19:22:07.331612+00:00,S017,mounted,true,healthy,none,1300,healthy_horizontal_no_load_1300rpm,369935,1321,269,1620,2130,6,0,818371,9,211,73,1,2,1659,1494,1217,60,117,1640,16383,1664,1652,1644427,800,2015,2123,526357,11954,8,382546,1496,46581,563,369836951,369936096,0,369936106,369936621,3380230183,17862270,0.0834,1651.0,0.1483858536054874,-0.03160181110925242,0.0834,25.3,77.5,,,,,,
2026-07-30T19:22:07.425567+00:00,S017,mounted,true,healthy,none,1300,healthy_horizontal_no_load_1300rpm,370035,1314,270,1630,2145,4,0,818424,9,211,73,0,2,1659,1495,1261,59,119,1643,16383,1663,1650,1643562,800,1866,2082,526319,11956,8,382548,1496,46582,563,369937026,370036170,0,370036179,370036694,3376730362,17868246,0.0834,1651.0,0.07947678119772483,-0.2804383315490133,0.0834,25.21,77.4,,,,,,
2026-07-30T19:22:07.566268+00:00,S017,mounted,true,healthy,none,1300,healthy_horizontal_no_load_1300rpm,370135,1311,269,1637,2151,1,0,818476,9,211,73,1,2,1659,1494,1242,59,119,1639,16383,1664,1652,1644309,800,1895,2091,526341,11951,8,382541,1496,46583,563,370037093,370136229,0,370136238,370136752,3379767579,17853305,0.0834,1651.0,0.09593093741109504,-0.23079533888377535,0.0834,25.33,77.6,,,,,,
2026-07-30T19:22:07.661090+00:00,S017,mounted,true,healthy,none,1300,healthy_horizontal_no_load_1300rpm,370235,1305,268,1640,2154,2,0,818528,9,211,73,2,3,1659,1494,1234,60,128,1630,16383,1663,1654,1644619,800,2030,2235,526336,11954,8,382541,1496,46584,563,370137154,370236287,0,370236297,370236811,3381047141,17862272,0.0834,1651.0,0.3350397281244768,-0.006603524343316458,0.0834,25.61,78.1,,,,,,
2026-07-30T19:22:07.754710+00:00,S017,mounted,true,healthy,none,1300,healthy_horizontal_no_load_1300rpm,370335,1293,267,1655,2172,4,0,818580,9,211,73,2,3,1659,1494,1238,58,126,1632,16383,1664,1654,1644656,800,2027,2101,526366,11953,8,382539,1496,46585,563,370237212,370336325,0,370336334,370336849,3381173460,17859279,0.0834,1651.0,0.11201463256086308,-0.01132056630134759,0.0834,25.55,78.0,,,,,,
2026-07-30T19:22:07.848879+00:00,S017,mounted,true,healthy,none,1300,healthy_horizontal_no_load_1300rpm,370436,1286,268,1668,2189,1,0,818632,9,211,73,0,3,1659,1494,1225,58,126,1644,16383,1663,1650,1660252,808,1895,2079,526333,11954,8,382539,1496,46586,563,370337254,370437063,0,370437137,370437652,3411511894,17862268,0.0834,1651.0,0.07505754575874146,-0.231588105236741,0.0834,25.18,77.3,,,,,,
2026-07-30T19:22:07.942683+00:00,S017,mounted,true,healthy,none,1300,healthy_horizontal_no_load_1300rpm,370536,1310,269,1640,2155,2,0,818684,9,211,73,2,2,1659,1495,1248,58,117,1640,16383,1663,1651,1644357,800,1932,2081,526342,11956,8,382542,1496,46587,563,370438051,370537123,0,370537197,370537711,3379958935,17868244,0.0834,1651.0,0.07781050752760077,-0.1704642693208429,0.0834,25.3,77.5,,,,,,
2026-07-30T19:22:08.035820+00:00,S017,mounted,true,healthy,none,1300,healthy_horizontal_no_load_1300rpm,370636,1320,269,1628,2138,6,0,818737,9,211,73,1,3,1659,1494,1213,61,128,1643,16383,1663,1651,1644796,800,2029,2087,526400,11954,8,382542,1496,46588,563,370538112,370637169,0,370637243,370637758,3381743668,17862268,0.0834,1651.0,0.08838996536724109,-0.008270076794378411,0.0834,25.21,77.4,,,,,,
2026-07-30T19:22:08.127948+00:00,S017,mounted,true,healthy,none,1300,healthy_horizontal_no_load_1300rpm,370736,1320,270,1622,2134,4,0,818790,9,211,73,1,2,1659,1494,1229,61,128,1652,16383,1662,1653,1644759,800,2019,2083,526441,11955,8,382543,1496,46589,563,370638163,370737256,0,370737330,370737845,3381590405,17865257,0.0834,1651.0,0.08143338092848174,-0.025217054203262812,0.0834,24.94,76.9,,,,,,
2026-07-30T19:22:08.269859+00:00,S017,mounted,true,healthy,none,1300,healthy_horizontal_no_load_1300rpm,370837,1314,270,1629,2143,5,0,818843,9,211,73,1,2,1659,1494,1219,64,139,1645,16383,1662,1654,1661020,808,2029,2080,526463,11954,8,382543,1496,46590,563,370738247,370838068,0,370838077,370838592,3414639740,17862268,0.0834,1651.0,0.07672409820980386,-0.008270076794378411,0.0834,25.15,77.3,,,,,,
2026-07-30T19:22:08.363313+00:00,S017,mounted,true,healthy,none,1300,healthy_horizontal_no_load_1300rpm,370937,1310,268,1637,2150,3,0,818895,9,211,73,0,2,1659,1495,1242,64,139,1647,16383,1662,1651,1643960,800,1831,2095,526415,11957,8,382548,1496,46591,563,370838994,370938208,0,370938217,370938732,3378369936,17871233,0.0834,1651.0,0.10084638914443422,-0.3390130699172036,0.0834,25.09,77.2,,,,,,
2026-07-30T19:22:08.454687+00:00,S017,mounted,true,healthy,none,1300,healthy_horizontal_no_load_1300rpm,371037,1311,270,1634,2149,2,0,818948,9,211,73,0,3,1659,1495,1211,64,137,1645,16383,1663,1651,1644425,800,1902,2181,526366,11956,8,382550,1496,46592,563,370939132,371038265,0,371038280,371038795,3380267845,17868246,0.0834,1651.0,0.24443787453998,-0.2204524794245568,0.0834,25.15,77.3,,,,,,
2026-07-30T19:22:08.548784+00:00,S017,mounted,true,healthy,none,1300,healthy_horizontal_no_load_1300rpm,371137,1310,268,1637,2149,4,0,819000,9,211,73,1,2,1659,1494,1238,65,135,1637,16383,1663,1653,1644347,800,2029,2171,526371,11952,8,382545,1496,46593,563,371039194,371138294,0,371138304,371138819,3379909983,17856292,0.0834,1651.0,0.22898580722891548,-0.007704240963855469,0.0834,25.4,77.7,,,,,,
2026-07-30T19:22:08.641734+00:00,S017,mounted,true,healthy,none,1300,healthy_horizontal_no_load_1300rpm,371237,1311,270,1638,2153,5,0,819053,9,211,73,1,2,1659,1494,1230,65,135,1636,16383,1664,1651,1643676,800,1971,2115,526332,11948,8,382532,1496,46594,563,371139220,371238348,0,371238357,371238872,3377158526,17844348,0.0834,1651.0,0.1368234834281883,-0.10328058352862435,0.0834,25.43,77.8,,,,,,
2026-07-30T19:22:08.736580+00:00,S017,mounted,true,healthy,none,1300,healthy_horizontal_no_load_1300rpm,371337,1332,270,1612,2119,1,0,819106,9,211,73,2,2,1659,1495,1237,63,136,1635,16383,1662,1651,1645113,800,2011,2251,526398,11956,8,382535,1496,46595,563,371239274,371338361,0,371338371,371338886,3383087779,17868244,0.0834,1651.0,0.36107703144864445,-0.03882864938106412,0.0834,25.46,77.8,,,,,,
2026-07-30T19:22:08.830150+00:00,S017,mounted,true,healthy,none,1300,healthy_horizontal_no_load_1300rpm,371437,1348,271,1589,2092,1,0,819160,9,211,73,0,2,1659,1495,1240,66,141,1634,16383,1664,1652,1644553,800,2029,2193,526384,11957,8,382540,1496,46596,563,371339291,371438412,0,371438422,371438937,3380764909,17871235,0.0834,1651.0,0.2641275519779205,-0.009118475620975453,0.0834,25.49,77.9,,,,,,
2026-07-30T19:22:08.971886+00:00,S017,mounted,true,healthy,none,1300,healthy_horizontal_no_load_1300rpm,371538,1337,270,1598,2104,1,0,819214,9,211,73,3,3,1659,1495,1213,66,141,1638,16383,1664,1653,1660885,808,1993,2203,526397,11958,8,382547,1496,46597,563,371439340,371539060,0,371539134,371539649,3414113977,17874222,0.0834,1651.0,0.2804819463120918,-0.06937700000000024,0.0834,25.36,77.7,,,,,,
2026-07-30T19:22:09.064909+00:00,S017,mounted,true,healthy,none,1300,healthy_horizontal_no_load_1300rpm,371638,1318,269,1625,2136,3,0,819267,9,211,73,1,3,1659,1494,1229,65,141,1650,16383,1665,1654,1645419,800,2026,2235,526454,11953,8,382544,1496,46598,563,371540054,371639219,0,371639293,371639808,3384338993,17859279,0.0834,1651.0,0.33535134401405475,-0.012987258177863836,0.0834,25.0,77.0,,,,,,
2026-07-30T19:22:09.159254+00:00,S017,mounted,true,healthy,none,1300,healthy_horizontal_no_load_1300rpm,371738,1311,269,1633,2147,6,0,819319,9,211,73,0,3,1659,1494,1198,65,141,1645,16383,1664,1653,1644841,800,2027,2153,526504,11953,8,382541,1496,46599,563,371640210,371739286,0,371739360,371739876,3381939241,17859281,0.0834,1651.0,0.19868261013971367,-0.01132056630134759,0.0834,25.15,77.3,,,,,,
2026-07-30T19:22:09.250980+00:00,S017,mounted,true,healthy,none,1300,healthy_horizontal_no_load_1300rpm,371838,1310,269,1638,2152,4,0,819372,9,211,73,0,3,1659,1494,1217,62,130,1640,16383,1663,1651,1644083,800,1935,2082,526454,11953,8,382539,1496,46600,563,371740275,371839328,0,371839402,371839917,3378829473,17859281,0.0834,1651.0,0.08034748690705218,-0.16465621894085203,0.0834,25.3,77.5,,,,,,
2026-07-30T19:22:09.344424+00:00,S017,mounted,true,healthy,none,1300,healthy_horizontal_no_load_1300rpm,371939,1310,269,1637,2151,5,0,819425,9,211,73,1,3,1659,1494,1208,64,126,1644,16383,1664,1653,1660603,808,2023,2171,526406,11951,8,382533,1496,46601,563,371840317,371940087,0,371940101,371940616,3412949733,17853305,0.0834,1651.0,0.22928860120491956,-0.017423076813655847,0.0834,25.18,77.3,,,,,,
2026-07-30T19:22:09.436041+00:00,S017,mounted,true,healthy,none,1300,healthy_horizontal_no_load_1300rpm,372039,1317,269,1633,2144,3,0,819477,9,211,73,3,2,1659,1494,1210,64,126,1643,16383,1664,1652,1644513,800,1907,2105,526421,11953,8,382531,1496,46602,563,371941018,372040230,0,372040239,372040755,3380614055,17859281,0.0834,1651.0,0.11868140006692851,-0.2113235914833096,0.0834,25.21,77.4,,,,,,
2026-07-30T19:22:09.530290+00:00,S017,mounted,true,healthy,none,1300,healthy_horizontal_no_load_1300rpm,372139,1338,270,1603,2108,3,0,819531,9,211,73,1,2,1659,1495,1195,61,118,1641,16383,1662,1651,1644252,800,2027,2177,526420,11958,8,382538,1496,46603,563,372041157,372140361,0,372140371,372140886,3379523010,17874224,0.0834,1651.0,0.23716607676869028,-0.012733170597090115,0.0834,25.27,77.5,,,,,,
2026-07-30T19:22:09.671721+00:00,S017,mounted,true,healthy,none,1300,healthy_horizontal_no_load_1300rpm,372239,1347,269,1591,2091,3,0,819585,9,211,73,0,3,1659,1494,1201,62,125,1644,16383,1664,1651,1644268,800,2011,2081,526364,11953,8,382536,1496,46604,563,372141288,372240403,0,372240413,372240928,3379574364,17859279,0.0834,1651.0,0.07868079503053593,-0.037987636325608864,0.0834,25.18,77.3,,,,,,
2026-07-30T19:22:09.766159+00:00,S017,mounted,true,healthy,none,1300,healthy_horizontal_no_load_1300rpm,372340,1335,269,1603,2108,3,0,819639,9,211,73,1,3,1659,1494,1203,62,125,1641,16383,1664,1653,1660948,808,1861,2101,526350,11952,8,382532,1496,46605,563,372241327,372340974,0,372341048,372341563,3414388112,17856294,0.0834,1651.0,0.11230761445783077,-0.28773190361445833,0.0834,25.27,77.5,,,,,,
2026-07-30T19:22:09.860304+00:00,S017,mounted,true,healthy,none,1300,healthy_horizontal_no_load_1300rpm,372440,1326,270,1614,2124,2,0,819692,9,211,73,0,3,1659,1494,1211,64,126,1638,16383,1663,1652,1644053,800,1899,2138,526325,11952,8,382528,1496,46606,563,372341965,372441092,0,372441166,372441681,3378724593,17856290,0.0834,1651.0,0.17398037349397555,-0.22439231325301234,0.0834,25.36,77.7,,,,,,
2026-07-30T19:22:09.953263+00:00,S017,mounted,true,healthy,none,1300,healthy_horizontal_no_load_1300rpm,372540,1324,270,1615,2125,6,0,819745,9,211,73,2,3,1659,1494,1187,64,126,1642,16383,1664,1652,1644255,800,1969,2086,526342,11954,8,382528,1496,46607,563,372442084,372541144,0,372541218,372541733,3379524067,17862270,0.0834,1651.0,0.08672341291617824,-0.1082632238581227,0.0834,25.24,77.4,,,,,,
2026-07-30T19:22:10.046955+00:00,S017,mounted,true,healthy,none,1300,healthy_horizontal_no_load_1300rpm,372640,1308,270,1635,2151,5,0,819797,9,211,73,2,2,1659,1494,1206,61,120,1639,16383,1662,1650,1643618,800,2022,2079,526309,11953,8,382526,1496,46608,563,372542135,372641219,0,372641293,372641807,3376903814,17859281,0.0834,1651.0,0.075347411277503,-0.019654025683928822,0.0834,25.33,77.6,,,,,,
2026-07-30T19:22:10.140749+00:00,S017,mounted,true,healthy,none,1300,healthy_horizontal_no_load_1300rpm,372740,1301,269,1647,2165,3,0,819849,9,211,73,0,2,1659,1494,1211,61,122,1640,16383,1663,1652,1644015,800,2027,2113,526326,11953,8,382525,1496,46609,563,372642209,372741286,0,372741360,372741874,3378534861,17859281,0.0834,1651.0,0.13201493507905937,-0.01132056630134759,0.0834,25.3,77.5,,,,,,
2026-07-30T19:22:10.234925+00:00,S017,mounted,true,healthy,none,1300,healthy_horizontal_no_load_1300rpm,372840,1314,270,1635,2149,2,0,819902,9,211,73,2,2,1659,1495,1217,61,122,1641,16383,1663,1655,1644688,800,2024,2083,526360,11957,8,382531,1496,46610,563,372742274,372841310,0,372841388,372841903,3381295194,17871233,0.0834,1651.0,0.08085277736890495,-0.017449147194112502,0.0834,25.27,77.5,,,,,,
2026-07-30T19:22:10.376271+00:00,S017,mounted,true,healthy,none,1300,healthy_horizontal_no_load_1300rpm,372941,1328,270,1615,2125,6,0,819955,9,211,73,1,3,1659,1494,1237,62,119,1645,16383,1664,1653,1661358,808,1949,2083,526395,11953,8,382529,1496,46611,563,372842305,372942047,0,372942057,372942572,3416039738,17859281,0.0834,1651.0,0.08201417878356887,-0.1413225326696228,0.0834,25.15,77.3,,,,,,
2026-07-30T19:22:10.471093+00:00,S017,mounted,true,healthy,none,1300,healthy_horizontal_no_load_1300rpm,373041,1334,268,1609,2111,4,0,820008,9,211,73,0,2,1659,1494,1221,62,123,1643,16383,1664,1653,1644628,800,1990,2083,526388,11952,8,382525,1496,46612,563,372942977,373042155,0,373042165,373042679,3381062990,17856292,0.0834,1651.0,0.08230465060240943,-0.07271066265060266,0.0834,25.21,77.4,,,,,,
2026-07-30T19:22:10.562469+00:00,S017,mounted,true,healthy,none,1300,healthy_horizontal_no_load_1300rpm,373141,1336,270,1605,2111,4,0,820062,9,211,73,0,3,1659,1494,1212,62,123,1643,16383,1663,1652,1644633,800,2022,2083,526414,11952,8,382522,1496,46613,563,373043078,373142205,0,373142215,373142730,3381072637,17856292,0.0834,1651.0,0.08230465060240943,-0.019372060240964384,0.0834,25.21,77.4,,,,,,
2026-07-30T19:22:10.656015+00:00,S017,mounted,true,healthy,none,1300,healthy_horizontal_no_load_1300rpm,373241,1337,269,1602,2105,4,0,820116,9,211,73,0,2,1659,1494,1226,64,133,1643,16383,1662,1651,1644139,800,2017,2091,526370,11954,8,382522,1496,46614,563,373143129,373242234,0,373242248,373242763,3379045263,17862266,0.0834,1651.0,0.09505617517149068,-0.028268706207127625,0.0834,25.21,77.4,,,,,,
2026-07-30T19:22:10.749170+00:00,S017,mounted,true,healthy,none,1300,healthy_horizontal_no_load_1300rpm,373341,1332,269,1606,2112,5,0,820169,9,211,73,2,3,1659,1494,1243,64,133,1638,16383,1663,1652,1644263,800,2009,2085,526348,11952,8,382519,1496,46615,563,373243162,373342376,0,373342385,373342900,3379557195,17856292,0.0834,1651.0,0.08563831325301186,-0.04104086746987967,0.0834,25.36,77.7,,,,,,
2026-07-30T19:22:10.842382+00:00,S017,mounted,true,healthy,none,1300,healthy_horizontal_no_load_1300rpm,373441,1318,268,1626,2135,1,0,820222,9,211,73,1,2,1659,1494,1253,66,142,1642,16383,1663,1656,1644643,800,2003,2158,526380,11953,8,382518,1496,46616,563,373343306,373442415,0,373442429,373442944,3381125403,17859281,0.0834,1651.0,0.2070160695222958,-0.051321171337739724,0.0834,25.24,77.4,,,,,,
2026-07-30T19:22:10.982006+00:00,S017,mounted,true,healthy,none,1300,healthy_horizontal_no_load_1300rpm,373542,1311,267,1634,2144,3,0,820275,9,211,73,1,3,1659,1495,1224,65,137,1637,16383,1664,1652,1661227,808,1945,2302,526394,11956,8,382522,1496,46617,563,373443345,373543205,0,373543283,373543798,3415630881,17868244,0.0834,1651.0,0.4460569886249579,-0.14880271160923453,0.0834,25.4,77.7,,,,,,
2026-07-30T19:22:11.075183+00:00,S017,mounted,true,healthy,none,1300,healthy_horizontal_no_load_1300rpm,373642,1300,268,1644,2160,6,0,820327,9,211,73,3,3,1659,1494,1229,65,137,1641,16383,1664,1650,1643378,800,1985,2176,526313,11954,8,382522,1496,46618,563,373544200,373643242,0,373643320,373643835,3375944814,17862268,0.0834,1651.0,0.2367131335117949,-0.08159838464112479,0.0834,25.27,77.5,,,,,,
2026-07-30T19:22:11.169001+00:00,S017,mounted,true,healthy,none,1300,healthy_horizontal_no_load_1300rpm,373742,1280,266,1677,2198,1,0,820378,9,211,73,1,3,1659,1494,1240,66,134,1641,16383,1663,1654,1644756,800,2023,2179,526363,11953,8,382521,1496,46619,563,373644237,373743311,0,373743385,373743900,3381592068,17859277,0.0834,1651.0,0.24201659892913874,-0.017987333807412575,0.0834,25.27,77.5,,,,,,
2026-07-30T19:22:11.262757+00:00,S017,mounted,true,healthy,none,1300,healthy_horizontal_no_load_1300rpm,373843,1280,268,1681,2206,6,0,820429,9,211,73,3,2,1659,1494,1249,67,137,1639,16383,1664,1650,1644880,800,2022,2319,526394,11955,8,382523,1496,46620,563,373744302,373843530,0,373843604,373844119,3382160324,17865257,0.0834,1651.0,0.47470686047678745,-0.02021781505646203,0.0834,25.33,77.6,,,,,,
2026-07-30T19:22:11.355986+00:00,S017,mounted,true,healthy,none,1300,healthy_horizontal_no_load_1300rpm,373943,1308,270,1642,2159,5,0,820481,9,211,73,2,3,1659,1494,1230,67,137,1638,16383,1663,1654,1660983,808,1991,2087,526412,11954,8,382523,1496,46621,563,373844520,373944090,0,373944100,373944614,3414497757,17862270,0.0834,1651.0,0.08838996536724109,-0.0715990699347504,0.0834,25.36,77.7,,,,,,
2026-07-30T19:22:11.449168+00:00,S017,mounted,true,healthy,none,1300,healthy_horizontal_no_load_1300rpm,374043,1318,269,1628,2139,1,0,820534,9,211,73,1,2,1659,1494,1247,66,133,1636,16383,1664,1652,1644703,800,1891,2139,526458,11954,8,382523,1496,46622,563,373945015,374044138,0,374044148,374044663,3381399741,17862266,0.0834,1651.0,0.17505069282248575,-0.2382543150409906,0.0834,25.43,77.8,,,,,,
2026-07-30T19:22:11.544538+00:00,S017,mounted,true,healthy,none,1300,healthy_horizontal_no_load_1300rpm,374143,1318,268,1624,2133,3,0,820587,9,211,73,1,3,1659,1494,1224,66,133,1637,16383,1663,1652,1644563,800,1955,2245,526436,11954,8,382523,1496,46623,563,374045068,374144185,0,374144195,374144710,3380838089,17862266,0.0834,1651.0,0.3517052526351008,-0.1315949581729967,0.0834,25.4,77.7,,,,,,
2026-07-30T19:22:11.685803+00:00,S017,mounted,true,healthy,none,1300,healthy_horizontal_no_load_1300rpm,374243,1314,270,1630,2144,2,0,820640,9,211,73,1,3,1659,1494,1264,66,132,1633,16383,1663,1650,1644040,800,2021,2079,526367,11955,8,382525,1496,46624,563,374145111,374244340,0,374244354,374244869,3378641684,17865255,0.0834,1651.0,0.07476772873274751,-0.021884228105395476,0.0834,25.52,77.9,,,,,,
2026-07-30T19:22:11.780796+00:00,S017,mounted,true,healthy,none,1300,healthy_horizontal_no_load_1300rpm,374343,1310,270,1635,2151,4,0,820692,9,211,73,0,2,1659,1495,1229,62,130,1636,16383,1664,1654,1644565,800,1911,2091,526379,11958,8,382533,1496,46625,563,374245270,374344379,0,374344388,374344903,3380818547,17874222,0.0834,1651.0,0.09389050827897583,-0.20598858855995994,0.0834,25.43,77.8,,,,,,
2026-07-30T19:22:11.872998+00:00,S017,mounted,true,healthy,none,1300,healthy_horizontal_no_load_1300rpm,374444,1309,270,1637,2153,5,0,820745,9,211,73,0,2,1659,1494,1246,62,130,1635,16383,1664,1652,1660638,808,2026,2083,526376,11954,8,382533,1496,46626,563,374345303,374445075,0,374445154,374445669,3413072508,17862266,0.0834,1651.0,0.0817237555629915,-0.013269734147566048,0.0834,25.46,77.8,,,,,,
2026-07-30T19:22:11.966432+00:00,S017,mounted,true,healthy,none,1300,healthy_horizontal_no_load_1300rpm,374544,1311,269,1634,2148,3,0,820797,9,211,73,1,3,1659,1495,1234,62,134,1636,16383,1663,1654,1644108,800,2019,2081,526344,11956,8,382536,1496,46627,563,374446069,374545164,0,374545238,374545753,3378916956,17868246,0.0834,1651.0,0.07781050752760077,-0.025498460020073832,0.0834,25.43,77.8,,,,,,
2026-07-30T19:22:12.060039+00:00,S017,mounted,true,healthy,none,1300,healthy_horizontal_no_load_1300rpm,374644,1308,269,1637,2151,2,0,820850,9,211,73,0,2,1659,1495,1229,62,140,1641,16383,1662,1653,1643954,800,1947,2078,526316,11956,8,382539,1496,46628,563,374546154,374645218,0,374645296,374645811,3378293152,17868246,0.0834,1651.0,0.07281168651722947,-0.14547016426898685,0.0834,25.27,77.5,,,,,,
2026-07-30T19:22:12.157209+00:00,S017,mounted,true,healthy,none,1300,healthy_horizontal_no_load_1300rpm,374744,1310,269,1636,2150,4,0,820902,9,211,73,0,3,1659,1494,1241,62,140,1641,16383,1663,1654,1644634,800,1999,2099,526349,11953,8,382537,1496,46629,563,374646211,374745272,0,374745346,374745861,3381082182,17859283,0.0834,1651.0,0.10868124880783014,-0.057987938843805154,0.0834,25.27,77.5,,,,,,
2026-07-30T19:22:12.248149+00:00,S017,mounted,true,healthy,none,1300,healthy_horizontal_no_load_1300rpm,374844,1310,264,1643,2147,1,0,820954,9,211,72,0,2,1659,1494,1242,64,144,1641,16383,1663,1654,1644297,800,2017,2079,526357,11953,8,382535,1496,46630,563,374746264,374845325,0,374845402,374845917,3379698203,17859279,0.0834,1651.0,0.075347411277503,-0.027987485066510942,0.0834,25.27,77.5,,,,,,
2026-07-30T19:22:12.340325+00:00,S017,mounted,true,healthy,none,1300,healthy_horizontal_no_load_1300rpm,374944,1316,271,1629,2144,3,0,821007,9,211,73,1,2,1659,1495,1206,64,144,1639,16383,1664,1654,1644871,800,2023,2223,526416,11956,8,382538,1496,46631,563,374846317,374945391,0,374945465,374945980,3382082587,17868246,0.0834,1651.0,0.3144213686851791,-0.01883336533957891,0.0834,25.33,77.6,,,,,,
2026-07-30T19:22:12.481172+00:00,S017,mounted,true,healthy,none,1300,healthy_horizontal_no_load_1300rpm,375045,1322,271,1620,2133,2,0,821060,9,211,73,0,2,1659,1494,1235,65,139,1634,16383,1662,1651,1660275,808,2030,2091,526332,11953,8,382536,1496,46632,563,374946385,375046047,0,375046056,375046570,3411576717,17859279,0.0834,1651.0,0.09534771379569973,-0.006320490671798407,0.0834,25.49,77.9,,,,,,
2026-07-30T19:22:12.574973+00:00,S017,mounted,true,healthy,none,1300,healthy_horizontal_no_load_1300rpm,375145,1323,270,1618,2129,6,0,821113,9,211,73,1,3,1659,1495,1235,67,137,1636,16383,1664,1652,1644338,800,2011,2085,526357,11958,8,382543,1496,46633,563,375046970,375146125,0,375146134,375146648,3379866866,17874222,0.0834,1651.0,0.08389453838434457,-0.039389090316106934,0.0834,25.43,77.8,,,,,,
2026-07-30T19:22:12.668584+00:00,S017,mounted,true,healthy,none,1300,healthy_horizontal_no_load_1300rpm,375245,1315,269,1628,2140,4,0,821166,9,211,73,1,3,1659,1495,1259,67,137,1637,16383,1663,1651,1644423,800,1951,2131,526325,11956,8,382546,1496,46634,563,375147050,375246166,0,375246175,375246690,3380227243,17868244,0.0834,1651.0,0.1611241910337906,-0.13880506958849148,0.0834,25.4,77.7,,,,,,
2026-07-30T19:22:12.762448+00:00,S017,mounted,true,healthy,none,1300,healthy_horizontal_no_load_1300rpm,375345,1311,270,1633,2148,1,0,821218,9,211,73,1,3,1659,1495,1230,67,138,1641,16383,1663,1653,1644497,800,1989,2123,526329,11956,8,382548,1496,46635,563,375247092,375346206,0,375346216,375346731,3380524477,17868246,0.0834,1651.0,0.14779400167279988,-0.07548667012378774,0.0834,25.27,77.5,,,,,,
2026-07-30T19:22:12.855833+00:00,S017,mounted,true,healthy,none,1300,healthy_horizontal_no_load_1300rpm,375445,1311,269,1633,2147,3,0,821271,9,211,73,1,2,1659,1494,1240,60,130,1640,16383,1663,1651,1643910,800,1901,2127,526336,11954,8,382547,1496,46636,563,375347133,375446229,0,375446239,375446754,3378138858,17862270,0.0834,1651.0,0.15505206340973698,-0.22158879053036662,0.0834,25.3,77.5,,,,,,
2026-07-30T19:22:12.963561+00:00,S017,mounted,true,healthy,none,1300,healthy_horizontal_no_load_1300rpm,375545,1311,269,1636,2150,6,0,821323,9,211,73,1,2,1659,1494,1217,60,130,1649,16383,1664,1653,1644556,800,2019,2079,526321,11955,8,382547,1496,46637,563,375447155,375546267,0,375546276,375546792,3380759708,17865257,0.0834,1651.0,0.07476772873274751,-0.025217054203262812,0.0834,25.03,77.1,,,,,,
2026-07-30T19:22:13.058264+00:00,S017,mounted,true,healthy,none,1300,healthy_horizontal_no_load_1300rpm,375645,1310,269,1637,2151,4,0,821376,9,211,73,1,3,1659,1494,1221,63,142,1638,16383,1663,1651,1644367,800,2019,2185,526334,11951,8,382540,1496,46638,563,375547197,375646318,0,375646332,375646847,3380017213,17853313,0.0834,1651.0,0.2526261923688393,-0.02409096000334765,0.0834,25.36,77.7,,,,,,
2026-07-30T19:22:13.151707+00:00,S017,mounted,true,healthy,none,1300,healthy_horizontal_no_load_1300rpm,375745,1300,267,1646,2159,1,0,821428,9,211,73,2,2,1659,1494,1238,63,142,1649,16383,1664,1651,1644138,800,2018,2078,526313,11955,8,382541,1496,46639,563,375647250,375746342,0,375746356,375746871,3379043274,17865257,0.0834,1651.0,0.07310131568381406,-0.026883467252195814,0.0834,25.03,77.1,,,,,,
2026-07-30T19:22:13.261031+00:00,S017,mounted,true,healthy,none,1300,healthy_horizontal_no_load_1300rpm,375845,1288,265,1667,2183,6,0,821479,9,211,73,1,2,1659,1494,1242,66,144,1648,16383,1663,1652,1644160,800,2027,2088,526354,11955,8,382542,1496,46640,563,375747273,375846379,0,375846389,375846904,3379133224,17865257,0.0834,1651.0,0.08976544617314897,-0.011885749811794355,0.0834,25.06,77.1,,,,,,
2026-07-30T19:22:13.353701+00:00,S017,mounted,true,healthy,none,1300,healthy_horizontal_no_load_1300rpm,375945,1284,268,1670,2193,5,0,821531,9,211,74,0,3,1659,1494,1230,66,134,1645,16383,1664,1650,1644582,800,2023,2087,526363,11952,8,382538,1496,46641,563,375847305,375946444,0,375946453,375946968,3380861422,17856292,0.0834,1651.0,0.08897197590361428,-0.017705228915663174,0.0834,25.15,77.3,,,,,,
2026-07-30T19:22:13.447711+00:00,S017,mounted,true,healthy,none,1300,healthy_horizontal_no_load_1300rpm,376046,1324,270,1622,2133,1,0,821584,9,211,73,2,3,1659,1494,1222,66,134,1644,16383,1671,1652,1660831,808,2012,2175,526348,11954,8,382538,1496,46642,563,375947368,376047163,0,376047237,376047752,3413885749,17862268,0.0834,1651.0,0.2350465810607325,-0.03660146846243917,0.0834,25.18,77.3,,,,,,
2026-07-30T19:22:13.588420+00:00,S017,mounted,true,healthy,none,1300,healthy_horizontal_no_load_1300rpm,376146,1332,269,1610,2116,3,0,821637,9,211,73,0,3,1659,1495,1225,65,127,1643,16383,1662,1654,1644556,800,2023,2131,526342,11956,8,382541,1496,46643,563,376048157,376147242,0,376147316,376147830,3380764204,17868246,0.0834,1651.0,0.1611241910337906,-0.01883336533957891,0.0834,25.21,77.4,,,,,,
2026-07-30T19:22:13.681947+00:00,S017,mounted,true,healthy,none,1300,healthy_horizontal_no_load_1300rpm,376246,1330,270,1608,2116,3,0,821691,9,211,73,1,2,1659,1494,1223,62,133,1640,16383,1664,1649,1644294,800,1869,2177,526365,11953,8,382539,1496,46644,563,376148230,376247278,0,376247357,376247872,3379758896,17859277,0.0834,1651.0,0.2386832151761058,-0.2746578827909314,0.0834,25.3,77.5,,,,,,
2026-07-30T19:22:13.761167+00:00,S017,mounted,true,healthy,none,1300,healthy_horizontal_no_load_1300rpm,376346,1325,270,1617,2127,2,0,821744,9,211,73,0,3,1659,1494,1225,62,133,1642,16383,1663,1654,1644412,800,2019,2079,526381,11955,8,382540,1496,46645,563,376248273,376347310,0,376347389,376347904,3380165698,17865257,0.0834,1651.0,0.07476772873274751,-0.025217054203262812,0.0834,25.24,77.4,,,,,,
2026-07-30T19:22:13.870131+00:00,S017,mounted,true,healthy,none,1300,healthy_horizontal_no_load_1300rpm,376446,1325,269,1618,2126,6,0,821797,9,211,73,0,3,1659,1494,1225,61,137,1648,16383,1664,1652,1644369,800,2029,2085,526369,11955,8,382541,1496,46646,563,376348303,376447368,0,376447600,376448115,3379987793,17865255,0.0834,1651.0,0.08476620702634818,-0.008552923713927019,0.0834,25.06,77.1,,,,,,
2026-07-30T19:22:13.965638+00:00,S017,mounted,true,healthy,none,1300,healthy_horizontal_no_load_1300rpm,376547,1324,270,1617,2128,4,0,821850,9,211,73,0,2,1659,1495,1196,61,137,1650,16383,1664,1652,1660706,808,1959,2089,526325,11957,8,382546,1496,46647,563,376448515,376548074,0,376548084,376548599,3413357464,17871233,0.0834,1651.0,0.09084958325666959,-0.1257478776448946,0.0834,25.0,77.0,,,,,,
2026-07-30T19:22:14.077428+00:00,S017,mounted,true,healthy,none,1300,healthy_horizontal_no_load_1300rpm,376647,1324,268,1623,2129,5,0,821903,9,211,73,1,2,1659,1495,1209,62,145,1644,16383,1664,1648,1644470,800,1903,2089,526340,11957,8,382550,1496,46648,563,376548998,376648127,0,376648136,376648651,3380430946,17871233,0.0834,1651.0,0.09084958325666959,-0.21905139926402972,0.0834,25.18,77.3,,,,,,
2026-07-30T19:22:14.167445+00:00,S017,mounted,true,healthy,none,1300,healthy_horizontal_no_load_1300rpm,376747,1323,270,1620,2131,1,0,821956,9,211,73,1,2,1659,1494,1198,64,149,1652,16383,1663,1650,1644414,800,2025,2091,526331,11953,8,382547,1496,46649,563,376649056,376748178,0,376748187,376748703,3380177564,17859281,0.0834,1651.0,0.09534771379569973,-0.014653950054379639,0.0834,24.94,76.9,,,,,,
2026-07-30T19:22:14.259771+00:00,S017,mounted,true,healthy,none,1300,healthy_horizontal_no_load_1300rpm,376847,1340,271,1600,2107,1,0,822010,9,211,73,2,2,1659,1494,1225,64,149,1644,16383,1664,1652,1644821,800,2026,2079,526385,11952,8,382542,1496,46650,563,376749107,376848201,0,376848215,376848730,3381844055,17856290,0.0834,1651.0,0.0756373253012046,-0.0127047349397591,0.0834,25.18,77.3,,,,,,
2026-07-30T19:22:14.387456+00:00,S017,mounted,true,healthy,none,1300,healthy_horizontal_no_load_1300rpm,376947,1347,270,1589,2091,1,0,822064,9,211,73,0,3,1659,1495,1196,64,146,1645,16383,1664,1651,1645102,800,1915,2203,526442,11957,8,382547,1496,46651,563,376849131,376948262,0,376948276,376948791,3383052156,17871233,0.0834,1651.0,0.280788895124195,-0.1990577874885009,0.0834,25.15,77.3,,,,,,
2026-07-30T19:22:14.495250+00:00,S017,mounted,true,healthy,none,1300,healthy_horizontal_no_load_1300rpm,377047,1331,270,1605,2113,3,0,822117,9,211,73,2,3,1659,1495,1224,64,148,1647,16383,1663,1651,1644749,800,2022,2159,526455,11958,8,382553,1496,46652,563,376949191,377048292,0,377048301,377048817,3381563159,17874222,0.0834,1651.0,0.20717816708479608,-0.021063145509282677,0.0834,25.09,77.2,,,,,,
2026-07-30T19:22:14.589668+00:00,S017,mounted,true,healthy,none,1300,healthy_horizontal_no_load_1300rpm,377147,1315,269,1629,2141,2,0,822170,9,211,73,0,3,1659,1495,1238,64,148,1641,16383,1663,1651,1644578,800,1964,2292,526424,11956,8,382555,1496,46653,563,377049222,377148342,0,377148357,377148872,3380924432,17868244,0.0834,1651.0,0.42939425192371994,-0.11714351187688221,0.0834,25.27,77.5,,,,,,
2026-07-30T19:22:14.681408+00:00,S017,mounted,true,healthy,none,1300,healthy_horizontal_no_load_1300rpm,377247,1311,269,1634,2148,4,0,822222,9,211,73,1,2,1659,1494,1204,63,143,1636,16383,1663,1653,1644118,800,2007,2077,526384,11955,8,382555,1496,46654,563,377149271,377248393,0,377248403,377248918,3378955310,17865255,0.0834,1651.0,0.07143490263488061,-0.045214010790464165,0.0834,25.43,77.8,,,,,,
2026-07-30T19:22:14.775865+00:00,S017,mounted,true,healthy,none,1300,healthy_horizontal_no_load_1300rpm,377347,1316,269,1630,2141,5,0,822275,9,211,73,0,2,1659,1495,1223,63,143,1641,16383,1664,1653,1644509,800,2001,2101,526401,11956,8,382557,1496,46655,563,377249320,377348424,0,377348434,377348949,3380569173,17868246,0.0834,1651.0,0.1111359809300767,-0.055491386082302085,0.0834,25.27,77.5,,,,,,
2026-07-30T19:22:14.869506+00:00,S017,mounted,true,healthy,none,1300,healthy_horizontal_no_load_1300rpm,377448,1322,268,1619,2127,1,0,822328,9,211,73,1,3,1659,1494,1219,63,152,1639,16383,1663,1654,1660552,808,1919,2085,526359,11955,8,382557,1496,46656,563,377349348,377449216,0,377449289,377449805,3412740126,17865255,0.0834,1651.0,0.08476620702634818,-0.1918583590966123,0.0834,25.33,77.6,,,,,,
2026-07-30T19:22:14.963319+00:00,S017,mounted,true,healthy,none,1300,healthy_horizontal_no_load_1300rpm,377548,1324,270,1617,2127,3,0,822381,9,211,73,1,2,1659,1494,1203,66,157,1636,16383,1663,1653,1644545,800,2021,2090,526386,11955,8,382557,1496,46657,563,377450206,377549329,0,377549402,377549917,3380714463,17865255,0.0834,1651.0,0.0930982722710163,-0.021884228105395476,0.0834,25.43,77.8,,,,,,
2026-07-30T19:22:15.057881+00:00,S017,mounted,true,healthy,none,1300,healthy_horizontal_no_load_1300rpm,377648,1322,269,1623,2132,2,0,822434,9,211,73,0,3,1659,1495,1221,66,157,1640,16383,1664,1651,1644917,800,2015,2169,526405,11957,8,382561,1496,46658,563,377550318,377649394,0,377649468,377649985,3382262611,17871233,0.0834,1651.0,0.22414032842686282,-0.032444356025759014,0.0834,25.3,77.5,,,,,,
2026-07-30T19:22:15.183942+00:00,S017,mounted,true,healthy,none,1300,healthy_horizontal_no_load_1300rpm,377749,1322,270,1621,2132,6,0,822487,9,211,73,1,2,1659,1495,1227,69,158,1635,16383,1663,1652,1660919,808,2027,2185,526392,11956,8,382562,1496,46659,563,377650385,377750047,0,377750057,377750572,3414254375,17868244,0.0834,1651.0,0.2511029692204749,-0.012168270659083547,0.0834,25.46,77.8,,,,,,
2026-07-30T19:22:15.292095+00:00,S017,mounted,true,healthy,none,1300,healthy_horizontal_no_load_1300rpm,377849,1317,269,1626,2138,4,0,822540,9,211,73,1,2,1659,1495,1211,69,149,1635,16383,1664,1653,1644592,800,2027,2089,526426,11958,8,382567,1496,46660,563,377750974,377850092,0,377850102,377850617,3380907934,17874222,0.0834,1651.0,0.09055851831409933,-0.012733170597090115,0.0834,25.46,77.8,,,,,,
2026-07-30T19:22:15.386009+00:00,S017,mounted,true,healthy,none,1300,healthy_horizontal_no_load_1300rpm,377949,1310,267,1638,2148,5,0,822593,9,211,73,1,2,1659,1495,1233,69,149,1634,16383,1663,1648,1644240,800,1869,2169,526396,11958,8,382572,1496,46661,563,377851022,377950223,0,377950237,377950752,3379551416,17874222,0.0834,1651.0,0.2238381169091821,-0.2759603778223787,0.0834,25.49,77.9,,,,,,
2026-07-30T19:22:15.478172+00:00,S017,mounted,true,healthy,none,1300,healthy_horizontal_no_load_1300rpm,378049,1314,267,1633,2142,3,0,822645,9,211,73,1,2,1659,1494,1232,69,151,1643,16383,1664,1653,1644386,800,2011,2083,526394,11952,8,382566,1496,46662,563,377951154,378050279,0,378050288,378050803,3380060714,17856290,0.0834,1651.0,0.08230465060240943,-0.03770720481927725,0.0834,25.21,77.4,,,,,,
2026-07-30T19:22:15.572078+00:00,S017,mounted,true,healthy,none,1300,healthy_horizontal_no_load_1300rpm,378149,1318,269,1628,2139,2,0,822698,9,211,73,0,3,1659,1494,1243,69,151,1645,16383,1663,1653,1644449,800,2026,2084,526420,11953,8,382562,1496,46663,563,378051205,378150294,0,378150303,378150818,3380318699,17859279,0.0834,1651.0,0.08368087066008512,-0.012987258177863836,0.0834,25.15,77.3,,,,,,
2026-07-30T19:22:15.667192+00:00,S017,mounted,true,healthy,none,1300,healthy_horizontal_no_load_1300rpm,378249,1322,267,1621,2127,6,0,822751,9,211,73,1,2,1659,1494,1211,69,145,1634,16383,1663,1652,1643924,800,2013,2203,526353,11954,8,382560,1496,46664,563,378151222,378250348,0,378250358,378250873,3378185576,17862268,0.0834,1651.0,0.2817100496904801,-0.034934916011377215,0.0834,25.49,77.9,,,,,,
2026-07-30T19:22:15.761338+00:00,S017,mounted,true,healthy,none,1300,healthy_horizontal_no_load_1300rpm,378349,1323,269,1617,2127,4,0,822804,9,211,73,1,3,1659,1494,1209,65,130,1634,16383,1662,1648,1643414,800,1995,2090,526302,11954,8,382558,1496,46665,563,378251275,378350397,0,378350406,378350921,3376075138,17862268,0.0834,1651.0,0.09338962272042783,-0.06493286013050081,0.0834,25.49,77.9,,,,,,
2026-07-30T19:22:15.855675+00:00,S017,mounted,true,healthy,none,1300,healthy_horizontal_no_load_1300rpm,378450,1322,267,1621,2126,5,0,822857,9,211,73,1,2,1659,1495,1232,65,130,1638,16383,1663,1654,1661202,808,1914,2086,526345,11957,8,382562,1496,46666,563,378351323,378451067,0,378451141,378451656,3415414132,17871233,0.0834,1651.0,0.08585118031278727,-0.20072392180312804,0.0834,25.36,77.7,,,,,,
2026-07-30T19:22:15.998328+00:00,S017,mounted,true,healthy,none,1300,healthy_horizontal_no_load_1300rpm,378550,1321,269,1620,2129,1,0,822910,9,211,73,1,3,1659,1494,1253,65,147,1638,16383,1663,1650,1643979,800,1991,2088,526314,11954,8,382560,1496,46667,563,378452058,378551105,0,378551179,378551694,3378387599,17862268,0.0834,1651.0,0.09005651781830304,-0.0715990699347504,0.0834,25.36,77.7,,,,,,
2026-07-30T19:22:16.092878+00:00,S017,mounted,true,healthy,none,1300,healthy_horizontal_no_load_1300rpm,378650,1315,270,1627,2140,3,0,822963,9,211,73,1,3,1659,1494,1209,64,141,1643,16383,1663,1651,1644478,800,2015,2086,526343,11951,8,382552,1496,46668,563,378552099,378651205,0,378651283,378651799,3380438172,17853305,0.0834,1651.0,0.08759608342398106,-0.030758843193038565,0.0834,25.21,77.4,,,,,,
2026-07-30T19:22:16.187168+00:00,S017,mounted,true,healthy,none,1300,healthy_horizontal_no_load_1300rpm,378750,1309,270,1636,2153,6,0,823015,9,211,73,1,2,1659,1495,1235,64,141,1641,16383,1663,1649,1643620,800,1923,2082,526322,11957,8,382556,1496,46669,563,378652200,378751261,0,378751335,378751850,3376965694,17871235,0.0834,1651.0,0.0791866430542778,-0.18572871297148152,0.0834,25.27,77.5,,,,,,
2026-07-30T19:22:16.281451+00:00,S017,mounted,true,healthy,none,1300,healthy_horizontal_no_load_1300rpm,378850,1311,268,1636,2147,4,0,823068,9,211,73,1,3,1659,1494,1213,62,139,1640,16383,1664,1654,1645245,800,1954,2195,526396,11955,8,382556,1496,46670,563,378752251,378851326,0,378851405,378851920,3383625175,17865257,0.0834,1651.0,0.2680716424090335,-0.13353390238394036,0.0834,25.3,77.5,,,,,,
2026-07-30T19:22:16.374681+00:00,S017,mounted,true,healthy,none,1300,healthy_horizontal_no_load_1300rpm,378951,1311,270,1634,2149,1,0,823120,9,211,73,1,3,1659,1494,1254,62,139,1639,16383,1664,1655,1660759,808,2027,2079,526381,11955,8,382556,1496,46671,563,378852321,378952087,0,378952097,378952612,3413564891,17865255,0.0834,1651.0,0.07476772873274751,-0.011885749811794355,0.0834,25.33,77.6,,,,,,
2026-07-30T19:22:16.468496+00:00,S017,mounted,true,healthy,none,1300,healthy_horizontal_no_load_1300rpm,379051,1309,268,1638,2150,3,0,823173,9,211,73,0,3,1659,1494,1224,62,133,1641,16383,1663,1647,1644205,800,1905,2178,526390,11955,8,382556,1496,46672,563,378953014,379052230,0,379052240,379052755,3379356883,17865257,0.0834,1651.0,0.239742620577164,-0.21518814178168144,0.0834,25.27,77.5,,,,,,
2026-07-30T19:22:16.562383+00:00,S017,mounted,true,healthy,none,1300,healthy_horizontal_no_load_1300rpm,379151,1311,270,1635,2150,6,0,823225,9,211,73,1,2,1659,1494,1245,65,146,1637,16383,1664,1653,1644849,800,2023,2143,526407,11955,8,382556,1496,46673,563,379053154,379152244,0,379152254,379152768,3381973233,17865257,0.0834,1651.0,0.1814181638644916,-0.018551402007528583,0.0834,25.4,77.7,,,,,,
2026-07-30T19:22:16.701535+00:00,S017,mounted,true,healthy,none,1300,healthy_horizontal_no_load_1300rpm,379251,1310,269,1637,2150,4,0,823278,9,211,73,0,2,1659,1494,1216,65,146,1639,16383,1662,1651,1644574,800,2005,2079,526373,11955,8,382556,1496,46674,563,379153169,379252304,0,379252313,379252828,3380838468,17865255,0.0834,1651.0,0.07476772873274751,-0.0485468368883315,0.0834,25.33,77.6,,,,,,
2026-07-30T19:22:16.794205+00:00,S017,mounted,true,healthy,none,1300,healthy_horizontal_no_load_1300rpm,379351,1310,267,1635,2146,1,0,823330,9,211,73,1,2,1659,1494,1271,61,138,1637,16383,1663,1650,1644439,800,2018,2149,526376,11952,8,382551,1496,46675,563,379253228,379352333,0,379352342,379352857,3380287541,17856292,0.0834,1651.0,0.19231551807228886,-0.026039385542169224,0.0834,25.4,77.7,,,,,,
2026-07-30T19:22:16.888213+00:00,S017,mounted,true,healthy,none,1300,healthy_horizontal_no_load_1300rpm,379451,1300,268,1648,2165,2,0,823382,9,211,73,0,3,1659,1494,1243,59,126,1636,16383,1663,1651,1644337,800,2027,2087,526364,11954,8,382550,1496,46676,563,379353258,379452404,0,379452413,379452928,3379858097,17862270,0.0834,1651.0,0.08838996536724109,-0.011603181696503206,0.0834,25.43,77.8,,,,,,
2026-07-30T19:22:16.981380+00:00,S017,mounted,true,healthy,none,1300,healthy_horizontal_no_load_1300rpm,379551,1297,268,1651,2169,4,0,823434,9,211,73,0,2,1659,1494,1235,59,126,1638,16383,1663,1654,1644423,800,2027,2081,526350,11953,8,382547,1496,46677,563,379453327,379552416,0,379552425,379552941,3380204613,17859281,0.0834,1651.0,0.07868079503053593,-0.01132056630134759,0.0834,25.36,77.7,,,,,,
2026-07-30T19:22:17.075711+00:00,S017,mounted,true,healthy,none,1300,healthy_horizontal_no_load_1300rpm,379652,1314,270,1635,2149,5,0,823487,9,211,73,2,2,1659,1495,1221,63,144,1638,16383,1664,1655,1661486,808,2030,2087,526420,11957,8,382551,1496,46678,563,379553340,379653046,0,379653119,379653634,3416556444,17871233,0.0834,1651.0,0.08751731462741441,-0.007452341306347865,0.0834,25.36,77.7,,,,,,
2026-07-30T19:22:17.170365+00:00,S017,mounted,true,healthy,none,1300,healthy_horizontal_no_load_1300rpm,379752,1329,270,1614,2123,1,0,823540,9,211,73,1,3,1659,1494,1234,63,144,1640,16383,1662,1649,1644083,800,2013,2078,526374,11954,8,382550,1496,46679,563,379654035,379753093,0,379753167,379753682,3378816339,17862268,0.0834,1651.0,0.07339099330767906,-0.034934916011377215,0.0834,25.3,77.5,,,,,,
2026-07-30T19:22:17.263184+00:00,S017,mounted,true,healthy,none,1300,healthy_horizontal_no_load_1300rpm,379852,1334,270,1608,2115,1,0,823594,9,211,73,1,2,1659,1494,1250,64,139,1647,16383,1662,1653,1644791,800,2029,2315,526366,11951,8,382543,1496,46680,563,379754084,379853145,0,379853219,379853734,3381790613,17853305,0.0834,1651.0,0.4693323960338045,-0.007421252029119252,0.0834,25.09,77.2,,,,,,
2026-07-30T19:22:17.403684+00:00,S017,mounted,true,healthy,none,1300,healthy_horizontal_no_load_1300rpm,379952,1325,270,1618,2127,3,0,823647,9,211,73,0,2,1659,1494,1230,64,149,1645,16383,1663,1652,1644687,800,2015,2103,526397,11955,8,382544,1496,46681,563,379854135,379953197,0,379953271,379953786,3381294207,17865257,0.0834,1651.0,0.11476164190715155,-0.03188270639899615,0.0834,25.15,77.3,,,,,,
2026-07-30T19:22:17.499449+00:00,S017,mounted,true,healthy,none,1300,healthy_horizontal_no_load_1300rpm,380052,1323,271,1617,2130,2,0,823700,9,211,73,0,2,1659,1494,1238,64,149,1643,16383,1664,1648,1643981,800,2021,2105,526341,11953,8,382541,1496,46682,563,379954186,380053283,0,380053357,380053872,3378398465,17859281,0.0834,1651.0,0.11868140006692851,-0.02132071756044507,0.0834,25.21,77.4,,,,,,
2026-07-30T19:22:17.592698+00:00,S017,mounted,true,healthy,none,1300,healthy_horizontal_no_load_1300rpm,380152,1322,268,1621,2128,6,0,823753,9,211,72,1,2,1659,1494,1219,60,146,1637,16383,1664,1650,1643946,800,1865,2081,526342,11955,8,382542,1496,46683,563,380054275,380153335,0,380153409,380153924,3378292182,17865259,0.0834,1651.0,0.07810055483061484,-0.28184466373902195,0.0834,25.4,77.7,,,,,,
2026-07-30T19:22:17.685372+00:00,S017,mounted,true,healthy,none,1300,healthy_horizontal_no_load_1300rpm,380252,1312,269,1634,2147,5,0,823805,9,211,73,0,2,1659,1495,1238,59,142,1639,16383,1664,1652,1644266,800,1971,2091,526359,11957,8,382547,1496,46684,563,380154326,380253410,0,380253484,380253999,3379577534,17871233,0.0834,1651.0,0.09418185188592432,-0.10575426586936576,0.0834,25.33,77.6,,,,,,
2026-07-30T19:22:17.779311+00:00,S017,mounted,true,healthy,none,1300,healthy_horizontal_no_load_1300rpm,380353,1310,266,1642,2150,1,0,823858,9,211,73,0,2,1659,1495,1240,59,142,1636,16383,1663,1651,1660909,808,2031,2083,526360,11956,8,382549,1496,46685,563,380254398,380354064,0,380354074,380354589,3414190301,17868244,0.0834,1651.0,0.08114305486784845,-0.005503175978588626,0.0834,25.43,77.8,,,,,,
2026-07-30T19:22:17.871779+00:00,S017,mounted,true,healthy,none,1300,healthy_horizontal_no_load_1300rpm,380453,1309,269,1639,2153,3,0,823911,9,211,73,0,2,1659,1494,1253,63,139,1639,16383,1663,1652,1644041,800,2025,2085,526334,11949,8,382538,1496,46686,563,380354992,380454079,0,380454093,380454608,3378639611,17847329,0.0834,1651.0,0.08651085739392439,-0.013524131308059406,0.0834,25.33,77.6,,,,,,
2026-07-30T19:22:17.964893+00:00,S017,mounted,true,healthy,none,1300,healthy_horizontal_no_load_1300rpm,380553,1310,269,1636,2151,6,0,823963,9,211,73,0,2,1659,1495,1216,63,139,1638,16383,1664,1652,1644515,800,2027,2175,526360,11956,8,382541,1496,46687,563,380455008,380554206,0,380554216,380554731,3380609129,17868244,0.0834,1651.0,0.23444023251923696,-0.012168270659083547,0.0834,25.36,77.7,,,,,,
2026-07-30T19:22:18.073271+00:00,S017,mounted,true,healthy,none,1300,healthy_horizontal_no_load_1300rpm,380653,1313,270,1638,2152,4,0,824016,9,211,73,2,3,1659,1495,1230,64,139,1636,16383,1662,1654,1645069,800,1988,2093,526421,11957,8,382546,1496,46688,563,380555131,380654251,0,380654265,380654780,3382868349,17871233,0.0834,1651.0,0.09751412051517905,-0.07742998252069944,0.0834,25.43,77.8,,,,,,
2026-07-30T19:22:18.182565+00:00,S017,mounted,true,healthy,none,1300,healthy_horizontal_no_load_1300rpm,380753,1336,268,1606,2109,5,0,824069,9,211,73,2,2,1659,1494,1244,62,140,1640,16383,1664,1653,1644918,800,2031,2087,526433,11954,8,382545,1496,46689,563,380655182,380754297,0,380754306,380754821,3382246206,17862266,0.0834,1651.0,0.08838996536724109,-0.0049369718922536165,0.0834,25.3,77.5,,,,,,
2026-07-30T19:22:18.261489+00:00,S017,mounted,true,healthy,none,1300,healthy_horizontal_no_load_1300rpm,380853,1346,272,1591,2096,5,0,824123,9,211,73,1,2,1659,1494,1240,62,140,1640,16383,1662,1653,1644242,800,2019,2175,526383,11955,8,382545,1496,46690,563,380755226,380854359,0,380854368,380854883,3379478846,17865255,0.0834,1651.0,0.23474338143036366,-0.025217054203262812,0.0834,25.3,77.5,,,,,,
2026-07-30T19:22:18.370204+00:00,S017,mounted,true,healthy,none,1300,healthy_horizontal_no_load_1300rpm,380954,1326,269,1611,2119,5,0,824177,9,211,73,3,3,1659,1494,1169,62,140,1639,16383,1664,1652,1661432,808,2027,2079,526430,11955,8,382545,1496,46691,563,380855288,380955089,0,380955168,380955683,3416330424,17865257,0.0834,1651.0,0.07476772873274751,-0.011885749811794355,0.0834,25.33,77.6,,,,,,
2026-07-30T19:22:18.478761+00:00,S017,mounted,true,healthy,none,1300,healthy_horizontal_no_load_1300rpm,381054,1305,269,1640,2155,3,0,824229,9,211,73,1,2,1659,1495,1206,61,129,1642,16383,1663,1652,1644344,800,2011,2181,526442,11956,8,382547,1496,46692,563,380956085,381055173,0,381055247,381055762,3379914104,17868244,0.0834,1651.0,0.24443787453998,-0.03882864938106412,0.0834,25.24,77.4,,,,,,
2026-07-30T19:22:18.572071+00:00,S017,mounted,true,healthy,none,1300,healthy_horizontal_no_load_1300rpm,381154,1298,269,1648,2166,6,0,824281,9,211,73,2,3,1659,1495,1219,61,129,1641,16383,1663,1655,1644567,800,1899,2085,526458,11956,8,382549,1496,46693,563,381056167,381155243,0,381155316,381155832,3380822783,17868244,0.0834,1651.0,0.08447560220809613,-0.22545130043492811,0.0834,25.27,77.5,,,,,,
2026-07-30T19:22:18.665877+00:00,S017,mounted,true,healthy,none,1300,healthy_horizontal_no_load_1300rpm,381254,1311,270,1638,2153,4,0,824334,9,211,73,2,2,1659,1494,1216,63,132,1640,16383,1664,1653,1644327,800,2023,2085,526436,11953,8,382546,1496,46694,563,381156237,381255299,0,381255377,381255892,3379821647,17859283,0.0834,1651.0,0.08534756253660136,-0.017987333807412575,0.0834,25.3,77.5,,,,,,
2026-07-30T19:22:18.806661+00:00,S017,mounted,true,healthy,none,1300,healthy_horizontal_no_load_1300rpm,381354,1320,270,1624,2136,5,0,824387,9,211,73,1,2,1659,1494,1229,63,132,1642,16383,1663,1654,1644976,800,2031,2183,526498,11954,8,382545,1496,46695,563,381256294,381355369,0,381355447,381355962,3382498640,17862268,0.0834,1651.0,0.2483790006692317,-0.0049369718922536165,0.0834,25.24,77.4,,,,,,
2026-07-30T19:22:18.900109+00:00,S017,mounted,true,healthy,none,1300,healthy_horizontal_no_load_1300rpm,381454,1319,269,1624,2134,3,0,824439,9,211,73,1,2,1659,1494,1205,61,126,1634,16383,1664,1651,1644741,800,2029,2095,526539,11951,8,382538,1496,46696,563,381356364,381455410,0,381455484,381455999,3381515113,17853305,0.0834,1651.0,0.1025988206007864,-0.007421252029119252,0.0834,25.49,77.9,,,,,,
2026-07-30T19:22:18.995355+00:00,S017,mounted,true,healthy,none,1300,healthy_horizontal_no_load_1300rpm,381555,1312,270,1633,2148,2,0,824492,9,211,73,0,2,1660,1495,1219,59,118,1640,16383,1664,1651,1661223,808,2007,2153,526594,11957,8,382543,1496,46697,563,381456401,381556056,0,381556065,381556580,3415486147,17871235,0.0872,1651.0,0.19748217939282364,-0.045773430542778826,0.0872,25.3,77.5,,,,,,
2026-07-30T19:22:19.088942+00:00,S017,mounted,true,healthy,none,1300,healthy_horizontal_no_load_1300rpm,381655,1310,269,1635,2148,6,0,824545,9,211,73,1,3,1659,1494,1206,59,118,1640,16383,1662,1654,1644420,800,2020,2083,526567,11955,8,382544,1496,46698,563,381556979,381656093,0,381656108,381656623,3380195268,17865257,0.0834,1651.0,0.08143338092848174,-0.023550641154329366,0.0834,25.3,77.5,,,,,,
2026-07-30T19:22:19.182229+00:00,S017,mounted,true,healthy,none,1300,healthy_horizontal_no_load_1300rpm,381755,1311,267,1634,2144,5,0,824597,9,211,73,0,3,1659,1494,1221,60,123,1636,16383,1664,1654,1644694,800,2027,2295,526548,11952,8,382539,1496,46699,563,381657024,381756233,0,381756243,381756760,3381377466,17856292,0.0834,1651.0,0.43567289156626465,-0.011037903614457889,0.0834,25.43,77.8,,,,,,
2026-07-30T19:22:19.277185+00:00,S017,mounted,true,healthy,none,1300,healthy_horizontal_no_load_1300rpm,381855,1311,269,1634,2148,1,0,824650,9,211,73,0,3,1660,1494,1222,60,125,1647,16383,1664,1653,1644883,800,2020,2201,526578,11954,8,382539,1496,46700,563,381757159,381856268,0,381856278,381856793,3382123425,17862270,0.0872,1651.0,0.2783769447883553,-0.023269048853940433,0.0872,25.09,77.2,,,,,,
2026-07-30T19:22:19.369738+00:00,S017,mounted,true,healthy,none,1300,healthy_horizontal_no_load_1300rpm,381955,1313,268,1635,2146,2,0,824702,9,211,73,1,2,1659,1494,1250,60,125,1638,16383,1662,1651,1643831,800,2027,2194,526435,11954,8,382539,1496,46701,563,381857192,381956292,0,381956302,381956817,3377799211,17862268,0.0834,1651.0,0.2667110776309185,-0.011603181696503206,0.0834,25.36,77.7,,,,,,
2026-07-30T19:22:19.509756+00:00,S017,mounted,true,healthy,none,1300,healthy_horizontal_no_load_1300rpm,382055,1318,270,1629,2141,6,0,824755,9,211,73,1,3,1659,1494,1224,64,130,1640,16383,1665,1651,1644799,800,2023,2229,526460,11952,8,382535,1496,46702,563,381957219,382056332,0,382056342,382056857,3381787299,17856294,0.0834,1651.0,0.3256620240963852,-0.017705228915663174,0.0834,25.3,77.5,,,,,,
2026-07-30T19:22:19.603915+00:00,S017,mounted,true,healthy,none,1300,healthy_horizontal_no_load_1300rpm,382155,1323,270,1619,2130,4,0,824808,9,211,73,0,2,1659,1494,1212,64,130,1634,16383,1662,1651,1643509,800,1965,2081,526354,11952,8,382531,1496,46703,563,382057259,382156377,0,382156387,382156902,3376473607,17856292,0.0834,1651.0,0.07897098795180701,-0.11438144578313292,0.0834,25.49,77.9,,,,,,
2026-07-30T19:22:19.698693+00:00,S017,mounted,true,healthy,none,1300,healthy_horizontal_no_load_1300rpm,382255,1318,270,1624,2136,5,0,824861,9,211,73,1,3,1659,1494,1221,66,131,1638,16383,1662,1652,1644362,800,2022,2087,526332,11954,8,382531,1496,46704,563,382157301,382256392,0,382256406,382256921,3379965320,17862268,0.0834,1651.0,0.08838996536724109,-0.019935943951815638,0.0834,25.36,77.7,,,,,,
2026-07-30T19:22:19.789833+00:00,S017,mounted,true,healthy,none,1300,healthy_horizontal_no_load_1300rpm,382355,1311,268,1635,2147,3,0,824913,9,211,73,0,3,1659,1495,1209,66,127,1639,16383,1664,1652,1644397,800,2023,2079,526335,11957,8,382536,1496,46705,563,382257323,382356437,0,382356446,382356962,3380107227,17871233,0.0834,1651.0,0.07418824011039549,-0.019115281508739645,0.0834,25.33,77.6,,,,,,
2026-07-30T19:22:19.883263+00:00,S017,mounted,true,healthy,none,1300,healthy_horizontal_no_load_1300rpm,382456,1313,267,1636,2146,2,0,824966,9,211,73,1,2,1659,1494,1205,66,127,1642,16383,1663,1654,1660867,808,1909,2081,526358,11951,8,382530,1496,46706,563,382357361,382457073,0,382457147,382457662,3414030175,17853305,0.0834,1651.0,0.07926122943686664,-0.20745774771985648,0.0834,25.24,77.4,,,,,,
2026-07-30T19:22:19.975944+00:00,S017,mounted,true,healthy,none,1300,healthy_horizontal_no_load_1300rpm,382556,1334,269,1612,2116,6,0,825019,9,211,73,2,3,1659,1494,1217,65,128,1640,16383,1663,1654,1644407,800,2033,2103,526350,11952,8,382526,1496,46707,563,382458067,382557125,0,382557199,382557713,3380145139,17856290,0.0834,1651.0,0.1156412771084332,-0.0010369156626506282,0.0834,25.3,77.5,,,,,,
2026-07-30T19:22:20.118723+00:00,S017,mounted,true,healthy,none,1300,healthy_horizontal_no_load_1300rpm,382656,1346,272,1590,2095,6,0,825073,9,211,73,1,2,1659,1494,1214,65,126,1644,16383,1664,1654,1644904,800,2018,2092,526384,11951,8,382521,1496,46708,563,382558115,382657188,0,382657262,382657777,3382188816,17853303,0.0834,1651.0,0.0975979082085181,-0.025757930800770268,0.0834,25.18,77.3,,,,,,
2026-07-30T19:22:20.213097+00:00,S017,mounted,true,healthy,none,1300,healthy_horizontal_no_load_1300rpm,382756,1343,270,1589,2093,6,0,825127,9,211,73,3,3,1659,1494,1227,65,126,1647,16383,1663,1652,1644159,800,2022,2091,526362,11954,8,382521,1496,46709,563,382658182,382757251,0,382757325,382757840,3379131059,17862268,0.0834,1651.0,0.09505617517149068,-0.019935943951815638,0.0834,25.09,77.2,,,,,,
2026-07-30T19:22:20.305288+00:00,S017,mounted,true,healthy,none,1300,healthy_horizontal_no_load_1300rpm,382856,1323,269,1617,2127,4,0,825180,9,211,73,1,3,1659,1494,1210,65,126,1645,16383,1662,1651,1644098,800,1995,2229,526327,11952,8,382518,1496,46710,563,382758242,382857313,0,382857392,382857907,3378909212,17856292,0.0834,1651.0,0.3256620240963852,-0.06437650602409661,0.0834,25.15,77.3,,,,,,
2026-07-30T19:22:20.400159+00:00,S017,mounted,true,healthy,none,1300,healthy_horizontal_no_load_1300rpm,382957,1311,270,1634,2150,1,0,825232,9,211,73,0,2,1659,1494,1256,65,126,1644,16383,1662,1651,1660340,808,1883,2081,526349,11952,8,382515,1496,46711,563,382858309,382958070,0,382958079,382958595,3411884664,17856292,0.0834,1651.0,0.07897098795180701,-0.2510616144578317,0.0834,25.18,77.3,,,,,,
2026-07-30T19:22:20.493578+00:00,S017,mounted,true,healthy,none,1300,healthy_horizontal_no_load_1300rpm,383057,1335,270,1608,2115,1,0,825286,9,211,73,3,3,1659,1494,1226,66,125,1642,16383,1664,1652,1644260,800,1951,2141,526350,11952,8,382512,1496,46712,563,382958994,383058230,0,383058240,383058755,3379567482,17856290,0.0834,1651.0,0.17898086746987962,-0.13771708433734942,0.0834,25.24,77.4,,,,,,
2026-07-30T19:22:20.587303+00:00,S017,mounted,true,healthy,none,1300,healthy_horizontal_no_load_1300rpm,383157,1353,271,1585,2086,1,0,825340,9,211,73,1,3,1659,1494,1219,68,125,1638,16383,1663,1649,1644069,800,2021,2077,526336,11954,8,382513,1496,46713,563,383059156,383158272,0,383158281,383158796,3378755579,17862268,0.0834,1651.0,0.07172444085661667,-0.021602496402878035,0.0834,25.36,77.7,,,,,,
2026-07-30T19:22:20.681383+00:00,S017,mounted,true,healthy,none,1300,healthy_horizontal_no_load_1300rpm,383257,1358,270,1576,2074,1,0,825394,9,211,73,0,3,1659,1495,1219,68,125,1640,16383,1662,1651,1644498,800,2023,2083,526363,11956,8,382517,1496,46714,563,383159198,383258312,0,383258321,383258836,3380522500,17868246,0.0834,1651.0,0.08114305486784845,-0.01883336533957891,0.0834,25.3,77.5,,,,,,
2026-07-30T19:22:20.774152+00:00,S017,mounted,true,healthy,none,1300,healthy_horizontal_no_load_1300rpm,383357,1316,269,1624,2135,3,0,825447,9,211,73,3,3,1659,1494,1261,69,139,1636,16383,1663,1652,1644290,800,1913,2083,526345,11950,8,382510,1496,46715,563,383259239,383358354,0,383358364,383358879,3379688034,17850316,0.0834,1651.0,0.08288574008368199,-0.20052300970711334,0.0834,25.43,77.8,,,,,,
2026-07-30T19:22:20.915174+00:00,S017,mounted,true,healthy,none,1300,healthy_horizontal_no_load_1300rpm,383457,1301,268,1646,2162,6,0,825499,9,211,73,0,2,1659,1494,1229,70,137,1638,16383,1665,1650,1643859,800,2019,2092,526303,11955,8,382513,1496,46716,563,383359279,383458385,0,383458394,383458909,3377898171,17865257,0.0834,1651.0,0.0964310983688832,-0.025217054203262812,0.0834,25.36,77.7,,,,,,
2026-07-30T19:22:21.010590+00:00,S017,mounted,true,healthy,none,1300,healthy_horizontal_no_load_1300rpm,383557,1301,268,1649,2165,5,0,825551,9,211,73,1,3,1659,1494,1217,70,137,1639,16383,1662,1652,1643791,800,1999,2189,526287,11951,8,382508,1496,46717,563,383459309,383558414,0,383558424,383558938,3377631265,17853303,0.0834,1651.0,0.25929407555853023,-0.05743037595180356,0.0834,25.33,77.6,,,,,,
2026-07-30T19:22:21.105307+00:00,S017,mounted,true,healthy,none,1300,healthy_horizontal_no_load_1300rpm,383658,1307,268,1641,2155,1,0,825604,9,211,73,1,3,1659,1494,1250,68,132,1639,16383,1665,1654,1661019,808,2023,2093,526354,11952,8,382506,1496,46718,563,383559340,383659070,0,383659144,383659659,3414637377,17856292,0.0834,1651.0,0.09897296385542154,-0.017705228915663174,0.0834,25.33,77.6,,,,,,
2026-07-30T19:22:21.199865+00:00,S017,mounted,true,healthy,none,1300,healthy_horizontal_no_load_1300rpm,383758,1309,269,1638,2153,2,0,825656,9,211,73,0,2,1659,1495,1216,68,132,1635,16383,1664,1652,1644091,800,2022,2084,526336,11956,8,382511,1496,46719,563,383660065,383759124,0,383759198,383759712,3378843555,17868244,0.0834,1651.0,0.08280932853797252,-0.02049963900970253,0.0834,25.46,77.8,,,,,,
2026-07-30T19:22:21.294190+00:00,S017,mounted,true,healthy,none,1300,healthy_horizontal_no_load_1300rpm,383858,1302,269,1646,2164,6,0,825709,9,211,73,0,2,1659,1494,1264,66,128,1638,16383,1667,1650,1645046,800,2027,2094,526421,11950,8,382505,1496,46720,563,383760111,383859164,0,383859393,383859909,3382776188,17850316,0.0834,1651.0,0.10122395330543954,-0.010472436317991995,0.0834,25.36,77.7,,,,,,
2026-07-30T19:22:21.388294+00:00,S017,mounted,true,healthy,none,1300,healthy_horizontal_no_load_1300rpm,383958,1297,266,1657,2171,5,0,825761,9,211,73,0,2,1659,1494,1213,67,130,1646,16383,1663,1652,1644144,800,1931,2087,526367,11952,8,382503,1496,46721,563,383860308,383959376,0,383959455,383959970,3379101186,17856292,0.0834,1651.0,0.08897197590361428,-0.17105371084337362,0.0834,25.12,77.2,,,,,,
2026-07-30T19:22:21.482522+00:00,S017,mounted,true,healthy,none,1300,healthy_horizontal_no_load_1300rpm,384059,1302,269,1649,2167,3,0,825813,9,211,73,1,3,1659,1494,1264,67,130,1644,16383,1667,1655,1661382,808,2029,2187,526393,11953,8,382503,1496,46722,563,383960369,384060061,0,384060070,384060585,3416142794,17859279,0.0834,1651.0,0.2553501339412696,-0.007987182548314653,0.0834,25.18,77.3,,,,,,
2026-07-30T19:22:21.574984+00:00,S017,mounted,true,healthy,none,1300,healthy_horizontal_no_load_1300rpm,384159,1315,270,1630,2143,2,0,825866,9,211,74,1,3,1659,1494,1236,65,128,1652,16383,1664,1652,1644167,800,1961,2079,526353,11951,8,382499,1496,46723,563,384060990,384160104,0,384160118,384160633,3379173635,17853303,0.0834,1651.0,0.07592728784202141,-0.12077526625387014,0.0834,24.94,76.9,,,,,,
2026-07-30T19:22:21.715738+00:00,S017,mounted,true,healthy,none,1300,healthy_horizontal_no_load_1300rpm,384259,1321,270,1624,2135,6,0,825919,9,211,73,0,2,1659,1495,1239,66,127,1647,16383,1662,1649,1644345,800,2007,2143,526354,11956,8,382504,1496,46724,563,384161035,384260144,0,384260158,384260673,3379896547,17868246,0.0834,1651.0,0.18111947507527582,-0.04549374406155948,0.0834,25.09,77.2,,,,,,
2026-07-30T19:22:21.808666+00:00,S017,mounted,true,healthy,none,1300,healthy_horizontal_no_load_1300rpm,384359,1322,269,1621,2131,4,0,825972,9,211,73,1,2,1659,1494,1250,66,127,1641,16383,1664,1652,1644839,800,1979,2091,526425,11954,8,382505,1496,46725,563,384261073,384360199,0,384360213,384360728,3381928627,17862270,0.0834,1651.0,0.09505617517149068,-0.09159769934749873,0.0834,25.27,77.5,,,,,,
2026-07-30T19:22:21.903299+00:00,S017,mounted,true,healthy,none,1300,healthy_horizontal_no_load_1300rpm,384459,1322,269,1622,2131,1,0,826024,9,211,73,0,3,1659,1494,1242,67,136,1639,16383,1662,1652,1644008,800,1863,2267,526381,11953,8,382505,1496,46726,563,384361129,384460320,0,384460330,384460844,3378595424,17859279,0.0834,1651.0,0.3886854840625782,-0.28465803405002976,0.0834,25.33,77.6,,,,,,
2026-07-30T19:22:22.011590+00:00,S017,mounted,true,healthy,none,1300,healthy_horizontal_no_load_1300rpm,384560,1323,269,1620,2128,1,0,826078,9,211,73,0,3,1659,1494,1230,67,136,1636,16383,1663,1652,1660976,808,1967,2233,526355,11954,8,382506,1496,46727,563,384461244,384561052,0,384561130,384561645,3414510196,17862266,0.0834,1651.0,0.331706623222352,-0.1115963287602475,0.0834,25.43,77.8,,,,,,
2026-07-30T19:22:22.119756+00:00,S017,mounted,true,healthy,none,1300,healthy_horizontal_no_load_1300rpm,384660,1322,270,1621,2132,3,0,826131,9,211,73,1,3,1659,1494,1231,67,142,1636,16383,1664,1650,1645050,800,2019,2087,526417,11955,8,382509,1496,46728,563,384562045,384661229,0,384661303,384661818,3382785766,17865259,0.0834,1651.0,0.08809903312421552,-0.025217054203262812,0.0834,25.43,77.8,,,,,,
2026-07-30T19:22:22.214004+00:00,S017,mounted,true,healthy,none,1300,healthy_horizontal_no_load_1300rpm,384760,1322,270,1621,2132,2,0,826184,9,211,73,1,2,1659,1495,1221,66,145,1652,16383,1666,1650,1644559,800,1999,2223,526403,11957,8,382516,1496,46729,563,384662219,384761276,0,384761355,384761870,3380806547,17871233,0.0834,1651.0,0.3141115814167432,-0.05910250505979775,0.0834,24.94,76.9,,,,,,
2026-07-30T19:22:22.276405+00:00,S017,mounted,true,healthy,none,1300,healthy_horizontal_no_load_1300rpm,384860,1327,270,1618,2128,6,0,826237,9,211,73,2,2,1659,1495,1222,66,145,1643,16383,1663,1651,1644527,800,2015,2079,526381,11956,8,382520,1496,46730,563,384762271,384861339,0,384861571,384862086,3380641413,17868246,0.0834,1651.0,0.07447796018735353,-0.0321635547005692,0.0834,25.21,77.4,,,,,,
2026-07-30T19:22:22.405962+00:00,S017,mounted,true,healthy,none,1300,healthy_horizontal_no_load_1300rpm,384961,1332,269,1607,2113,4,0,826290,9,211,73,0,3,1659,1494,1237,68,151,1636,16383,1663,1652,1659995,808,1959,2081,526327,11949,8,382511,1496,46731,563,384862487,384962076,0,384962085,384962600,3410437623,17847329,0.0834,1651.0,0.07984185814712497,-0.123562618880241,0.0834,25.43,77.8,,,,,,
2026-07-30T19:22:22.511730+00:00,S017,mounted,true,healthy,none,1300,healthy_horizontal_no_load_1300rpm,385061,1335,269,1607,2112,4,0,826344,9,211,73,1,3,1659,1494,1225,66,144,1645,16383,1664,1653,1644387,800,2027,2081,526358,11950,8,382505,1496,46732,563,384962999,385062113,0,385062123,385062638,3380061945,17850316,0.0834,1651.0,0.07955151949790773,-0.010472436317991995,0.0834,25.15,77.3,,,,,,
2026-07-30T19:22:22.635090+00:00,S017,mounted,true,healthy,none,1300,healthy_horizontal_no_load_1300rpm,385161,1324,270,1613,2123,5,0,826397,9,211,73,2,3,1659,1494,1256,66,144,1644,16383,1664,1652,1644685,800,2021,2197,526358,11955,8,382508,1496,46733,563,385063039,385162153,0,385162167,385162682,3381310501,17865255,0.0834,1651.0,0.27140446850690036,-0.021884228105395476,0.0834,25.18,77.3,,,,,,
2026-07-30T19:22:22.680432+00:00,S017,mounted,true,healthy,none,1300,healthy_horizontal_no_load_1300rpm,385261,1312,269,1631,2145,3,0,826449,9,211,73,0,2,1659,1494,1239,65,139,1640,16383,1663,1653,1644434,800,1969,2165,526370,11954,8,382509,1496,46734,563,385163084,385262199,0,385262209,385262723,3380271968,17862268,0.0834,1651.0,0.21838105655010853,-0.1082632238581227,0.0834,25.3,77.5,,,,,,
2026-07-30T19:22:22.822429+00:00,S017,mounted,true,healthy,none,1300,healthy_horizontal_no_load_1300rpm,385361,1313,267,1637,2147,2,0,826502,9,211,73,2,2,1659,1495,1229,65,139,1647,16383,1663,1652,1644631,800,1977,2087,526393,11959,8,382520,1496,46735,563,385263122,385362235,0,385362249,385362764,3381070571,17877219,0.0834,1651.0,0.08693579070156332,-0.09630833338907951,0.0834,25.09,77.2,,,,,,
2026-07-30T19:22:22.915495+00:00,S017,mounted,true,healthy,none,1300,healthy_horizontal_no_load_1300rpm,385461,1320,267,1624,2130,6,0,826555,9,211,73,0,2,1659,1495,1234,67,148,1645,16383,1664,1653,1644441,800,2029,2083,526412,11957,8,382526,1496,46736,563,385363165,385462280,0,385462294,385462809,3380281407,17871233,0.0834,1651.0,0.08085277736890495,-0.009118475620975453,0.0834,25.15,77.3,,,,,,
2026-07-30T19:22:23.007734+00:00,S017,mounted,true,healthy,none,1300,healthy_horizontal_no_load_1300rpm,385561,1322,269,1620,2130,4,0,826608,9,211,73,0,2,1659,1494,1225,68,144,1644,16383,1662,1651,1644086,800,1925,2079,526378,11955,8,382528,1496,46737,563,385463209,385562345,0,385562360,385562875,3378844254,17865255,0.0834,1651.0,0.07476772873274751,-0.18185988080301163,0.0834,25.18,77.3,,,,,,
2026-07-30T19:22:23.101857+00:00,S017,mounted,true,healthy,none,1300,healthy_horizontal_no_load_1300rpm,385661,1329,269,1618,2124,5,0,826661,9,211,73,2,2,1659,1494,1263,68,144,1636,16383,1664,1654,1644015,800,1935,2079,526352,11953,8,382526,1496,46738,563,385563274,385662379,0,385662393,385662908,3378555835,17859279,0.0834,1651.0,0.075347411277503,-0.16465621894085203,0.0834,25.43,77.8,,,,,,
2026-07-30T19:22:23.194383+00:00,S017,mounted,true,healthy,none,1300,healthy_horizontal_no_load_1300rpm,385762,1342,271,1597,2102,5,0,826715,9,211,73,1,2,1659,1494,1208,70,158,1641,16383,1665,1647,1660824,808,1887,2177,526343,11955,8,382528,1496,46739,563,385663310,385763050,0,385763124,385763639,3413902758,17865257,0.0834,1651.0,0.23807620752823055,-0.2451835766624848,0.0834,25.27,77.5,,,,,,
2026-07-30T19:22:23.287928+00:00,S017,mounted,true,healthy,none,1300,healthy_horizontal_no_load_1300rpm,385862,1347,270,1589,2090,5,0,826769,9,211,73,1,3,1659,1495,1219,66,145,1638,16383,1663,1652,1644458,800,2023,2083,526377,11956,8,382532,1496,46740,563,385764040,385863256,0,385863330,385863845,3380350396,17868244,0.0834,1651.0,0.08114305486784845,-0.01883336533957891,0.0834,25.36,77.7,,,,,,
2026-07-30T19:22:23.380786+00:00,S017,mounted,true,healthy,none,1300,healthy_horizontal_no_load_1300rpm,385962,1332,270,1604,2112,1,0,826822,9,211,73,1,3,1659,1494,1206,66,145,1640,16383,1662,1654,1644154,800,1851,2086,526346,11952,8,382528,1496,46741,563,385864250,385963331,0,385963405,385963920,3379146078,17856290,0.0834,1651.0,0.08730514457831307,-0.30440021686747,0.0834,25.3,77.5,,,,,,
2026-07-30T19:22:23.522667+00:00,S017,mounted,true,healthy,none,1300,healthy_horizontal_no_load_1300rpm,386062,1324,270,1617,2127,3,0,826875,9,211,73,1,2,1659,1494,1217,65,147,1642,16383,1664,1653,1643986,800,2030,2087,526340,11955,8,382530,1496,46742,563,385964322,386063390,0,386063464,386063979,3378416202,17865257,0.0834,1651.0,0.08809903312421552,-0.006886510664994017,0.0834,25.24,77.4,,,,,,
2026-07-30T19:22:23.618445+00:00,S017,mounted,true,healthy,none,1300,healthy_horizontal_no_load_1300rpm,386163,1327,270,1617,2127,3,0,826929,9,211,73,1,2,1659,1494,1206,65,147,1642,16383,1663,1654,1661078,808,1999,2090,526334,11953,8,382528,1496,46743,563,386064381,386164056,0,386164066,386164581,3414885986,17859279,0.0834,1651.0,0.09368102191918348,-0.057987938843805154,0.0834,25.24,77.4,,,,,,
2026-07-30T19:22:23.711378+00:00,S017,mounted,true,healthy,none,1300,healthy_horizontal_no_load_1300rpm,386263,1345,270,1596,2098,3,0,826983,9,211,73,1,3,1659,1494,1208,62,142,1640,16383,1663,1653,1644936,800,2015,2081,526401,11951,8,382522,1496,46744,563,386164982,386264070,0,386264085,386264600,3382319844,17853305,0.0834,1651.0,0.07926122943686664,-0.030758843193038565,0.0834,25.3,77.5,,,,,,
2026-07-30T19:22:23.804657+00:00,S017,mounted,true,healthy,none,1300,healthy_horizontal_no_load_1300rpm,386363,1349,271,1587,2089,3,0,827037,9,211,73,0,3,1659,1495,1216,61,140,1640,16383,1664,1653,1644611,800,2023,2273,526393,11956,8,382526,1496,46745,563,386265001,386364109,0,386364123,386364638,3381026211,17868246,0.0834,1651.0,0.39773505219136807,-0.01883336533957891,0.0834,25.3,77.5,,,,,,
2026-07-30T19:22:23.900260+00:00,S017,mounted,true,healthy,none,1300,healthy_horizontal_no_load_1300rpm,386463,1330,269,1607,2114,2,0,827090,9,211,73,2,3,1659,1495,1205,61,140,1640,16383,1663,1653,1644436,800,2017,2083,526397,11958,8,382534,1496,46746,563,386365038,386464165,0,386464175,386464690,3380260564,17874222,0.0834,1651.0,0.08056254841946808,-0.029393120421475682,0.0834,25.3,77.5,,,,,,
2026-07-30T19:22:23.994056+00:00,S017,mounted,true,healthy,none,1300,healthy_horizontal_no_load_1300rpm,386563,1314,269,1627,2139,4,0,827142,9,211,73,2,2,1659,1495,1200,63,142,1643,16383,1664,1651,1644209,800,2027,2139,526365,11956,8,382537,1496,46747,563,386465091,386564200,0,386564209,386564725,3379337833,17868248,0.0834,1651.0,0.1744543803947809,-0.012168270659083547,0.0834,25.21,77.4,,,,,,
2026-07-30T19:22:24.087650+00:00,S017,mounted,true,healthy,none,1300,healthy_horizontal_no_load_1300rpm,386663,1311,268,1639,2150,5,0,827195,9,211,73,1,3,1659,1495,1199,63,136,1639,16383,1664,1656,1644687,800,1915,2179,526419,11957,8,382542,1496,46748,563,386565126,386664243,0,386664252,386664767,3381330131,17871233,0.0834,1651.0,0.24080167157313692,-0.1990577874885009,0.0834,25.33,77.6,,,,,,
2026-07-30T19:22:24.230131+00:00,S017,mounted,true,healthy,none,1300,healthy_horizontal_no_load_1300rpm,386763,1301,268,1647,2163,3,0,827247,9,211,73,1,2,1659,1494,1224,63,136,1639,16383,1663,1653,1643798,800,2014,2083,526351,11955,8,382543,1496,46749,563,386665169,386764368,0,386764377,386764892,3377647242,17865255,0.0834,1651.0,0.08143338092848174,-0.03354911944793004,0.0834,25.33,77.6,,,,,,
2026-07-30T19:22:24.323786+00:00,S017,mounted,true,healthy,none,1300,healthy_horizontal_no_load_1300rpm,386863,1296,270,1653,2174,6,0,827299,9,211,73,0,2,1659,1494,1224,65,142,1638,16383,1662,1652,1644121,800,2023,2083,526344,11953,8,382541,1496,46750,563,386765297,386864429,0,386864438,386864953,3378969381,17859281,0.0834,1651.0,0.08201417878356887,-0.017987333807412575,0.0834,25.36,77.7,,,,,,
2026-07-30T19:22:24.403630+00:00,S017,mounted,true,healthy,none,1300,healthy_horizontal_no_load_1300rpm,386964,1292,267,1659,2177,5,0,827351,9,211,73,1,2,1659,1494,1217,65,142,1641,16383,1663,1653,1660366,808,1917,2165,526322,11953,8,382539,1496,46751,563,386865352,386965070,0,386965144,386965659,3411987716,17859279,0.0834,1651.0,0.21868291265790996,-0.19465667271814624,0.0834,25.27,77.5,,,,,,
2026-07-30T19:22:24.510567+00:00,S017,mounted,true,healthy,none,1300,healthy_horizontal_no_load_1300rpm,387064,1287,266,1669,2187,3,0,827403,9,211,73,0,2,1658,1494,1235,63,135,1641,16383,1663,1651,1643610,800,1996,2079,526260,11955,8,382540,1496,46752,563,386966064,387065200,0,387065279,387065794,3376874660,17865257,0.0796,1651.0,0.07476772873274751,-0.06354455432873252,0.0796,25.27,77.5,,,,,,
2026-07-30T19:22:24.603645+00:00,S017,mounted,true,healthy,none,1300,healthy_horizontal_no_load_1300rpm,387164,1286,267,1669,2189,4,0,827454,9,211,73,0,3,1659,1494,1209,63,139,1639,16383,1663,1651,1644437,800,1977,2115,526335,11954,8,382540,1496,46753,563,387066194,387165273,0,387165347,387165862,3380276681,17862270,0.0834,1651.0,0.13505343399698821,-0.09493080424962352,0.0834,25.33,77.6,,,,,,
2026-07-30T19:22:24.697201+00:00,S017,mounted,true,healthy,none,1300,healthy_horizontal_no_load_1300rpm,387264,1296,269,1657,2176,1,0,827506,9,211,73,1,2,1659,1495,1192,63,139,1641,16383,1663,1652,1644389,800,1933,2167,526336,11958,8,382547,1496,46754,563,387166266,387265331,0,387265405,387265920,3380099355,17874222,0.0834,1651.0,0.22050612694430471,-0.16933669894631231,0.0834,25.27,77.5,,,,,,
2026-07-30T19:22:24.791441+00:00,S017,mounted,true,healthy,none,1300,healthy_horizontal_no_load_1300rpm,387364,1309,269,1639,2153,2,0,827558,9,211,73,1,2,1659,1494,1203,65,131,1641,16383,1662,1652,1644143,800,1937,2087,526361,11955,8,382547,1496,46755,563,387266321,387365378,0,387365452,387365966,3379074777,17865255,0.0834,1651.0,0.08809903312421552,-0.1618629242158094,0.0834,25.27,77.5,,,,,,
2026-07-30T19:22:24.884423+00:00,S017,mounted,true,healthy,none,1300,healthy_horizontal_no_load_1300rpm,387465,1302,269,1642,2160,6,0,827611,9,211,73,2,3,1659,1494,1221,64,127,1638,16383,1663,1648,1661208,808,1867,2219,526362,11954,8,382546,1496,46756,563,387366367,387466025,0,387466034,387466549,3415499488,17862270,0.0834,1651.0,0.30837488890747844,-0.2782515738664886,0.0834,25.36,77.7,,,,,,
2026-07-30T19:22:25.026177+00:00,S017,mounted,true,healthy,none,1300,healthy_horizontal_no_load_1300rpm,387565,1290,268,1661,2180,5,0,827663,9,211,73,1,3,1659,1494,1222,64,127,1637,16383,1663,1649,1643845,800,2026,2083,526336,11953,8,382543,1496,46757,563,387466951,387566069,0,387566083,387566598,3377833001,17859281,0.0834,1651.0,0.08201417878356887,-0.012987258177863836,0.0834,25.4,77.7,,,,,,
2026-07-30T19:22:25.119596+00:00,S017,mounted,true,healthy,none,1300,healthy_horizontal_no_load_1300rpm,387665,1286,267,1669,2188,2,0,827714,9,211,73,0,2,1659,1494,1210,65,127,1641,16383,1663,1651,1644121,800,2011,2087,526343,11951,8,382537,1496,46758,563,387566999,387666124,0,387666134,387666649,3378974129,17853305,0.0834,1651.0,0.08926305422140413,-0.037426726382729925,0.0834,25.27,77.5,,,,,,
2026-07-30T19:22:25.212519+00:00,S017,mounted,true,healthy,none,1300,healthy_horizontal_no_load_1300rpm,387765,1307,269,1649,2165,4,0,827766,9,211,73,4,3,1659,1494,1241,65,127,1642,16383,1663,1653,1644043,800,2015,2079,526333,11950,8,382529,1496,46759,563,387667052,387766169,0,387766179,387766694,3378653435,17850318,0.0834,1651.0,0.07621729891213347,-0.030477759832635787,0.0834,25.24,77.4,,,,,,
2026-07-30T19:22:25.307183+00:00,S017,mounted,true,healthy,none,1300,healthy_horizontal_no_load_1300rpm,387865,1333,270,1611,2118,4,0,827820,9,211,73,2,2,1659,1494,1201,65,130,1641,16383,1664,1652,1644674,800,2025,2081,526363,11952,8,382525,1496,46760,563,387767095,387866200,0,387866209,387866724,3381243434,17856292,0.0834,1651.0,0.07897098795180701,-0.014371566265060753,0.0834,25.27,77.5,,,,,,
2026-07-30T19:22:25.401717+00:00,S017,mounted,true,healthy,none,1300,healthy_horizontal_no_load_1300rpm,387965,1337,270,1596,2101,4,0,827874,9,211,73,4,3,1659,1494,1202,63,141,1641,16383,1663,1651,1644106,800,2013,2083,526329,11955,8,382527,1496,46761,563,387867126,387966352,0,387966366,387966881,3378904746,17865257,0.0834,1651.0,0.08143338092848174,-0.03521553249686349,0.0834,25.27,77.5,,,,,,
2026-07-30T19:22:25.494060+00:00,S017,mounted,true,healthy,none,1300,healthy_horizontal_no_load_1300rpm,388065,1304,269,1638,2155,1,0,827926,9,211,73,3,3,1659,1494,1226,63,141,1641,16383,1661,1654,1644205,800,2027,2083,526336,11954,8,382527,1496,46762,563,387967283,388066401,0,388066410,388066925,3379312917,17862270,0.0834,1651.0,0.0817237555629915,-0.011603181696503206,0.0834,25.27,77.5,,,,,,
2026-07-30T19:22:25.587515+00:00,S017,mounted,true,healthy,none,1300,healthy_horizontal_no_load_1300rpm,388166,1288,269,1661,2183,2,0,827978,9,211,73,2,3,1659,1495,1206,63,139,1642,16383,1664,1651,1661175,808,1961,2115,526394,11958,8,382535,1496,46763,563,388067327,388167070,0,388167144,388167659,3415295107,17874222,0.0834,1651.0,0.13387438785750128,-0.12268883943803299,0.0834,25.24,77.4,,,,,,
2026-07-30T19:22:25.728180+00:00,S017,mounted,true,healthy,none,1300,healthy_horizontal_no_load_1300rpm,388266,1296,269,1662,2182,4,0,828030,9,211,73,4,2,1659,1495,1206,62,129,1649,16383,1664,1650,1644274,800,1989,2087,526378,11956,8,382538,1496,46764,563,388168061,388267132,0,388267206,388267721,3379614004,17868244,0.0834,1651.0,0.08780814954834382,-0.07548667012378774,0.0834,25.03,77.1,,,,,,
2026-07-30T19:22:25.807968+00:00,S017,mounted,true,healthy,none,1300,healthy_horizontal_no_load_1300rpm,388366,1322,269,1622,2132,5,0,828083,9,211,73,1,2,1659,1495,1221,62,129,1646,16383,1664,1651,1644939,800,2023,2161,526404,11957,8,382543,1496,46765,563,388268123,388367247,0,388367320,388367836,3382342171,17871233,0.0834,1651.0,0.21081125390984345,-0.019115281508739645,0.0834,25.12,77.2,,,,,,
2026-07-30T19:22:25.901626+00:00,S017,mounted,true,healthy,none,1300,healthy_horizontal_no_load_1300rpm,388467,1332,270,1610,2117,5,0,828137,9,211,73,0,3,1659,1494,1227,65,134,1643,16383,1662,1650,1660543,808,1907,2138,526379,11955,8,382544,1496,46766,563,388368237,388468046,0,388468060,388468576,3412708919,17865257,0.0834,1651.0,0.17308609861982438,-0.21185531568381455,0.0834,25.21,77.4,,,,,,
2026-07-30T19:22:25.997219+00:00,S017,mounted,true,healthy,none,1300,healthy_horizontal_no_load_1300rpm,388567,1327,270,1612,2122,1,0,828190,9,211,73,1,2,1659,1494,1255,65,134,1642,16383,1664,1652,1644715,800,2011,2129,526416,11954,8,382543,1496,46767,563,388468975,388568094,0,388568108,388568623,3381429069,17862268,0.0834,1651.0,0.15838516831186178,-0.03826802091350201,0.0834,25.24,77.4,,,,,,
2026-07-30T19:22:26.091972+00:00,S017,mounted,true,healthy,none,1300,healthy_horizontal_no_load_1300rpm,388667,1324,270,1616,2126,3,0,828243,9,211,73,1,2,1659,1495,1209,65,132,1643,16383,1666,1653,1645008,800,2025,2146,526467,11958,8,382550,1496,46768,563,388569024,388668238,0,388668247,388668763,3382619846,17874222,0.0834,1651.0,0.18552023231309578,-0.01606516056196705,0.0834,25.21,77.4,,,,,,
2026-07-30T19:22:26.234706+00:00,S017,mounted,true,healthy,none,1300,healthy_horizontal_no_load_1300rpm,388767,1323,266,1619,2123,2,0,828296,9,211,73,0,3,1659,1495,1217,62,135,1638,16383,1662,1651,1644764,800,1943,2085,526488,11956,8,382552,1496,46769,563,388669164,388768415,0,388768425,388768940,3381630374,17868244,0.0834,1651.0,0.08447560220809613,-0.15213525894948177,0.0834,25.36,77.7,,,,,,
2026-07-30T19:22:26.327553+00:00,S017,mounted,true,healthy,none,1300,healthy_horizontal_no_load_1300rpm,388868,1311,270,1634,2149,6,0,828349,9,211,73,1,3,1659,1494,1251,62,135,1648,16383,1662,1653,1660500,808,2015,2133,526450,11955,8,382552,1496,46770,563,388769339,388868969,0,388869200,388869716,3412511408,17865257,0.0834,1651.0,0.1647540333751567,-0.03188270639899615,0.0834,25.06,77.1,,,,,,
2026-07-30T19:22:26.422295+00:00,S017,mounted,true,healthy,none,1300,healthy_horizontal_no_load_1300rpm,388968,1310,268,1638,2151,5,0,828401,9,211,73,0,3,1659,1495,1235,64,132,1648,16383,1661,1653,1643661,800,1841,2083,526338,11958,8,382558,1496,46771,563,388870117,388969196,0,388969270,388969785,3377168309,17874222,0.0834,1651.0,0.08056254841946808,-0.3226082373306576,0.0834,25.06,77.1,,,,,,
2026-07-30T19:22:26.517732+00:00,S017,mounted,true,healthy,none,1300,healthy_horizontal_no_load_1300rpm,389068,1327,271,1617,2128,1,0,828454,9,211,73,2,2,1659,1494,1228,62,123,1638,16383,1663,1654,1644673,800,2027,2081,526373,11955,8,382558,1496,46772,563,388970184,389069282,0,389069356,389069870,3381237401,17865257,0.0834,1651.0,0.07810055483061484,-0.011885749811794355,0.0834,25.36,77.7,,,,,,
2026-07-30T19:22:26.610893+00:00,S017,mounted,true,healthy,none,1300,healthy_horizontal_no_load_1300rpm,389168,1344,270,1595,2098,1,0,828508,9,211,73,1,3,1659,1494,1228,62,123,1637,16383,1663,1655,1644906,800,2021,2179,526417,11950,8,382549,1496,46773,563,389070271,389169339,0,389169413,389169928,3382207934,17850316,0.0834,1651.0,0.24292832820083632,-0.020475098075314335,0.0834,25.4,77.7,,,,,,
2026-07-30T19:22:26.703540+00:00,S017,mounted,true,healthy,none,1300,healthy_horizontal_no_load_1300rpm,389268,1349,271,1589,2092,1,0,828562,9,211,73,1,3,1659,1495,1267,63,122,1639,16383,1662,1652,1643704,800,2019,2091,526332,11956,8,382551,1496,46774,563,389170334,389269391,0,389269465,389269980,3377259608,17868246,0.0834,1651.0,0.09447324422883874,-0.025498460020073832,0.0834,25.33,77.6,,,,,,
2026-07-30T19:22:26.796695+00:00,S017,mounted,true,healthy,none,1300,healthy_horizontal_no_load_1300rpm,389369,1309,269,1633,2147,3,0,828615,9,211,73,2,3,1659,1495,1240,63,122,1644,16383,1664,1651,1660777,808,2020,2090,526354,11956,8,382553,1496,46775,563,389270381,389370041,0,389370051,389370566,3413643173,17868244,0.0834,1651.0,0.09280697055871512,-0.023832186349950213,0.0834,25.18,77.3,,,,,,
2026-07-30T19:22:26.937017+00:00,S017,mounted,true,healthy,none,1300,healthy_horizontal_no_load_1300rpm,389469,1301,269,1649,2167,6,0,828667,9,211,73,0,3,1659,1494,1247,63,121,1642,16383,1664,1653,1644114,800,2003,2085,526344,11953,8,382550,1496,46776,563,389370967,389470221,0,389470231,389470746,3378945770,17859281,0.0834,1651.0,0.08534756253660136,-0.051321171337739724,0.0834,25.24,77.4,,,,,,
2026-07-30T19:22:27.030409+00:00,S017,mounted,true,healthy,none,1300,healthy_horizontal_no_load_1300rpm,389569,1299,269,1649,2167,5,0,828719,9,211,73,1,2,1659,1494,1230,63,127,1642,16383,1664,1652,1644339,800,2027,2255,526333,11952,8,382545,1496,46777,563,389471145,389570244,0,389570254,389570769,3379903931,17856294,0.0834,1651.0,0.36899963855421625,-0.011037903614457889,0.0834,25.24,77.4,,,,,,
2026-07-30T19:22:27.123826+00:00,S017,mounted,true,healthy,none,1300,healthy_horizontal_no_load_1300rpm,389669,1297,266,1652,2165,3,0,828771,9,211,73,1,2,1659,1495,1248,63,127,1641,16383,1664,1651,1644097,800,1963,2091,526329,11956,8,382547,1496,46778,563,389571174,389670276,0,389670285,389670800,3378891103,17868246,0.0834,1651.0,0.09447324422883874,-0.11880978554700627,0.0834,25.27,77.5,,,,,,
2026-07-30T19:22:27.217510+00:00,S017,mounted,true,healthy,none,1300,healthy_horizontal_no_load_1300rpm,389769,1297,269,1654,2174,6,0,828823,9,211,73,1,2,1659,1494,1219,65,141,1639,16383,1662,1651,1644056,800,1991,2251,526297,11955,8,382547,1496,46779,563,389671202,389770342,0,389770351,389770866,3378749640,17865257,0.0834,1651.0,0.36139077314930956,-0.07187661957340064,0.0834,25.33,77.6,,,,,,
2026-07-30T19:22:27.313614+00:00,S017,mounted,true,healthy,none,1300,healthy_horizontal_no_load_1300rpm,389869,1313,270,1638,2152,4,0,828876,9,211,73,3,3,1659,1495,1228,64,134,1638,16383,1666,1651,1644239,800,1819,2167,526350,11956,8,382549,1496,46780,563,389771268,389870362,0,389870377,389870892,3379529059,17868244,0.0834,1651.0,0.22111004315824667,-0.3587531940448314,0.0834,25.36,77.7,,,,,,
2026-07-30T19:22:27.403498+00:00,S017,mounted,true,healthy,none,1300,healthy_horizontal_no_load_1300rpm,389970,1332,270,1609,2116,5,0,828929,9,211,73,0,3,1659,1495,1219,64,134,1656,16383,1663,1651,1661120,808,2021,2083,526368,11957,8,382553,1496,46781,563,389871293,389971091,0,389971165,389971679,3415051202,17871233,0.0834,1651.0,0.08085277736890495,-0.02244755013799482,0.0834,24.82,76.7,,,,,,
2026-07-30T19:22:27.496358+00:00,S017,mounted,true,healthy,none,1300,healthy_horizontal_no_load_1300rpm,390070,1330,269,1608,2114,1,0,828982,9,211,73,3,3,1659,1494,1259,62,136,1645,16383,1664,1651,1644173,800,1871,2231,526324,11952,8,382548,1496,46782,563,389972079,390071155,0,390071229,390071744,3379267407,17856292,0.0834,1651.0,0.32899568674698765,-0.2710635903614458,0.0834,25.15,77.3,,,,,,
2026-07-30T19:22:27.637310+00:00,S017,mounted,true,healthy,none,1300,healthy_horizontal_no_load_1300rpm,390170,1300,268,1644,2161,3,0,829035,9,211,73,3,3,1659,1494,1208,62,136,1641,16383,1662,1652,1644562,800,2029,2082,526346,11955,8,382548,1496,46783,563,390072145,390171211,0,390171290,390171805,3380779394,17865255,0.0834,1651.0,0.07976696787954829,-0.008552923713927019,0.0834,25.27,77.5,,,,,,
2026-07-30T19:22:27.731047+00:00,S017,mounted,true,healthy,none,1300,healthy_horizontal_no_load_1300rpm,390270,1287,268,1664,2185,4,0,829086,9,211,73,1,3,1659,1495,1222,65,144,1642,16383,1664,1652,1643865,800,2029,2321,526338,11956,8,382550,1496,46784,563,390172207,390271274,0,390271348,390271863,3377995489,17868246,0.0834,1651.0,0.4777161883573098,-0.008835723318836308,0.0834,25.24,77.4,,,,,,
2026-07-30T19:22:27.824225+00:00,S017,mounted,true,healthy,none,1300,healthy_horizontal_no_load_1300rpm,390370,1290,265,1673,2188,1,0,829138,9,211,72,2,2,1659,1494,1229,65,157,1655,16383,1663,1655,1644120,800,1939,2082,526327,11955,8,382550,1496,46785,563,390272268,390371316,0,390371395,390371910,3378973892,17865255,0.0834,1651.0,0.07976696787954829,-0.1585300981179425,0.0834,24.85,76.7,,,,,,
2026-07-30T19:22:27.918569+00:00,S017,mounted,true,healthy,none,1300,healthy_horizontal_no_load_1300rpm,390470,1297,269,1655,2174,2,0,829190,9,211,73,1,2,1659,1494,1216,65,157,1648,16383,1664,1651,1644051,800,2013,2085,526334,11949,8,382539,1496,46786,563,390372311,390471370,0,390471449,390471964,3378692459,17847329,0.0834,1651.0,0.08651085739392439,-0.03353112904845634,0.0834,25.06,77.1,,,,,,
2026-07-30T19:22:28.011725+00:00,S017,mounted,true,healthy,none,1300,healthy_horizontal_no_load_1300rpm,390570,1297,268,1653,2170,4,0,829242,9,211,73,0,3,1659,1494,1221,62,140,1643,16383,1663,1651,1644463,800,1969,2079,526380,11954,8,382539,1496,46787,563,390472366,390571418,0,390571497,390572012,3380383807,17862268,0.0834,1651.0,0.07505754575874146,-0.1082632238581227,0.0834,25.21,77.4,,,,,,
2026-07-30T19:22:28.121011+00:00,S017,mounted,true,healthy,none,1300,healthy_horizontal_no_load_1300rpm,390671,1296,267,1656,2172,1,0,829294,9,211,73,0,2,1659,1495,1213,64,134,1643,16383,1663,1652,1660920,808,2007,2291,526336,11956,8,382542,1496,46788,563,390572412,390672059,0,390672073,390672588,3414289516,17868246,0.0834,1651.0,0.4277279782535959,-0.04549374406155948,0.0834,25.21,77.4,,,,,,
2026-07-30T19:22:28.215221+00:00,S017,mounted,true,healthy,none,1300,healthy_horizontal_no_load_1300rpm,390771,1299,269,1650,2168,2,0,829346,9,211,73,1,3,1659,1494,1216,64,134,1640,16383,1663,1651,1644060,800,2030,2088,526325,11953,8,382540,1496,46789,563,390672987,390772094,0,390772109,390772624,3378720618,17859281,0.0834,1651.0,0.09034763816615055,-0.006320490671798407,0.0834,25.3,77.5,,,,,,
2026-07-30T19:22:28.310047+00:00,S017,mounted,true,healthy,none,1300,healthy_horizontal_no_load_1300rpm,390871,1297,268,1653,2171,4,0,829398,9,211,73,0,2,1659,1494,1211,62,136,1642,16383,1663,1652,1643996,800,2005,2091,526337,11951,8,382534,1496,46790,563,390773026,390872132,0,390872146,390872661,3378463568,17853303,0.0834,1651.0,0.09593093741109504,-0.04742855116726652,0.0834,25.24,77.4,,,,,,
2026-07-30T19:22:28.403925+00:00,S017,mounted,true,healthy,none,1300,healthy_horizontal_no_load_1300rpm,390971,1296,268,1655,2173,1,0,829450,9,211,73,0,3,1659,1494,1220,62,136,1644,16383,1664,1654,1644252,800,2017,2207,526330,11953,8,382532,1496,46791,563,390873061,390972238,0,390972252,390972768,3379531070,17859281,0.0834,1651.0,0.28868397147159675,-0.027987485066510942,0.0834,25.18,77.3,,,,,,
2026-07-30T19:22:28.544774+00:00,S017,mounted,true,healthy,none,1300,healthy_horizontal_no_load_1300rpm,391071,1298,270,1653,2173,2,0,829502,9,211,73,1,2,1659,1494,1229,61,133,1641,16383,1664,1653,1644071,800,1995,2080,526333,11955,8,382533,1496,46792,563,390973167,391072258,0,391072272,391072787,3378769123,17865255,0.0834,1651.0,0.07643414178168095,-0.0652109673776664,0.0834,25.27,77.5,,,,,,
2026-07-30T19:22:28.639019+00:00,S017,mounted,true,healthy,none,1300,healthy_horizontal_no_load_1300rpm,391171,1311,270,1638,2153,4,0,829554,9,211,73,1,2,1659,1494,1206,63,132,1642,16383,1664,1648,1644015,800,2015,2083,526312,11949,8,382523,1496,46793,563,391073188,391172310,0,391172320,391172835,3378543457,17847329,0.0834,1651.0,0.08317635777052468,-0.03019662942505663,0.0834,25.24,77.4,,,,,,
2026-07-30T19:22:28.734325+00:00,S017,mounted,true,healthy,none,1300,healthy_horizontal_no_load_1300rpm,391271,1320,270,1623,2135,5,0,829607,9,211,73,1,2,1659,1494,1232,63,132,1646,16383,1664,1654,1644816,800,2027,2127,526362,11955,8,382525,1496,46794,563,391173236,391272337,0,391272351,391272866,3381833062,17865257,0.0834,1651.0,0.15475555508155558,-0.011885749811794355,0.0834,25.12,77.2,,,,,,
2026-07-30T19:22:28.828293+00:00,S017,mounted,true,healthy,none,1300,healthy_horizontal_no_load_1300rpm,391371,1324,270,1620,2130,1,0,829660,9,211,73,1,2,1659,1494,1234,64,133,1649,16383,1663,1652,1644535,800,2019,2313,526364,11952,8,382522,1496,46795,563,391273268,391372378,0,391372392,391372907,3380742099,17856294,0.0834,1651.0,0.46567585542168644,-0.024372554216868014,0.0834,25.03,77.1,,,,,,
2026-07-30T19:22:28.923991+00:00,S017,mounted,true,healthy,none,1300,healthy_horizontal_no_load_1300rpm,391471,1330,271,1610,2119,3,0,829713,9,211,73,0,2,1659,1494,1238,64,134,1645,16383,1663,1652,1644403,800,2001,2223,526356,11955,8,382524,1496,46796,563,391373309,391472425,0,391472434,391472949,3380163169,17865257,0.0834,1651.0,0.31473120777917174,-0.05521248908406573,0.0834,25.15,77.3,,,,,,
2026-07-30T19:22:29.016790+00:00,S017,mounted,true,healthy,none,1300,healthy_horizontal_no_load_1300rpm,391572,1333,269,1607,2112,3,0,829767,9,211,73,0,3,1659,1495,1210,64,134,1642,16383,1663,1650,1660912,808,2005,2081,526350,11956,8,382528,1496,46797,563,391473352,391573075,0,391573148,391573664,3414200622,17868244,0.0834,1651.0,0.07781050752760077,-0.048826291401807165,0.0834,25.24,77.4,,,,,,
2026-07-30T19:22:29.112207+00:00,S017,mounted,true,healthy,none,1300,healthy_horizontal_no_load_1300rpm,391672,1325,270,1615,2125,2,0,829820,9,211,73,1,3,1659,1494,1200,67,144,1639,16383,1663,1652,1644096,800,1842,2089,526350,11953,8,382526,1496,46798,563,391574063,391673122,0,391673196,391673711,3378915500,17859279,0.0834,1651.0,0.09201433004266679,-0.31965856345687316,0.0834,25.33,77.6,,,,,,
2026-07-30T19:22:29.205205+00:00,S017,mounted,true,healthy,none,1300,healthy_horizontal_no_load_1300rpm,391772,1315,268,1628,2138,6,0,829873,9,211,73,2,3,1659,1494,1203,67,144,1643,16383,1664,1652,1644173,800,1929,2089,526334,11955,8,382528,1496,46799,563,391674113,391773182,0,391773260,391773775,3379198591,17865255,0.0834,1651.0,0.09143185922208241,-0.1751942286072774,0.0834,25.21,77.4,,,,,,
2026-07-30T19:22:29.346109+00:00,S017,mounted,true,healthy,none,1300,healthy_horizontal_no_load_1300rpm,391872,1310,268,1635,2147,5,0,829925,9,211,73,0,2,1659,1494,1192,68,148,1642,16383,1663,1651,1643959,800,2014,2184,526342,11948,8,382516,1496,46800,563,391774177,391873246,0,391873320,391873835,3378328211,17844340,0.0834,1651.0,0.25187334884499446,-0.031582841312354226,0.0834,25.24,77.4,,,,,,
2026-07-30T19:22:29.441994+00:00,S017,mounted,true,healthy,none,1300,healthy_horizontal_no_load_1300rpm,391972,1324,268,1623,2129,1,0,829978,9,211,73,1,2,1659,1494,1203,65,142,1642,16383,1663,1652,1644559,800,2023,2081,526371,11951,8,382511,1496,46801,563,391874238,391973310,0,391973384,391973899,3380768907,17853303,0.0834,1651.0,0.07926122943686664,-0.017423076813655847,0.0834,25.24,77.4,,,,,,
2026-07-30T19:22:29.535418+00:00,S017,mounted,true,healthy,none,1300,healthy_horizontal_no_load_1300rpm,392072,1332,267,1614,2115,1,0,830032,9,211,73,0,2,1659,1494,1212,65,142,1637,16383,1663,1652,1644526,800,1957,2081,526405,11952,8,382509,1496,46802,563,391974304,392073348,0,392073426,392073941,3380642564,17856294,0.0834,1651.0,0.07897098795180701,-0.12771609638554215,0.0834,25.4,77.7,,,,,,
2026-07-30T19:22:29.630371+00:00,S017,mounted,true,healthy,none,1300,healthy_horizontal_no_load_1300rpm,392172,1337,271,1604,2112,3,0,830085,9,211,73,1,2,1659,1494,1218,66,148,1634,16383,1665,1653,1644513,800,2023,2082,526450,11955,8,382512,1496,46803,563,392074341,392173416,0,392173490,392174005,3380577429,17865257,0.0834,1651.0,0.07976696787954829,-0.018551402007528583,0.0834,25.49,77.9,,,,,,
2026-07-30T19:22:29.724014+00:00,S017,mounted,true,healthy,none,1300,healthy_horizontal_no_load_1300rpm,392273,1346,271,1591,2094,3,0,830139,9,211,73,0,2,1659,1494,1205,61,143,1637,16383,1665,1652,1660475,808,1943,2079,526386,11953,8,382511,1496,46804,563,392174407,392274147,0,392274157,392274672,3412414709,17859277,0.0834,1651.0,0.075347411277503,-0.15132268392872117,0.0834,25.4,77.7,,,,,,
2026-07-30T19:22:29.820006+00:00,S017,mounted,true,healthy,none,1300,healthy_horizontal_no_load_1300rpm,392373,1348,268,1589,2087,3,0,830193,9,211,73,0,2,1659,1495,1224,61,143,1638,16383,1664,1650,1644163,800,2021,2189,526350,11956,8,382516,1496,46805,563,392275071,392374188,0,392374198,392374712,3379163909,17868246,0.0834,1651.0,0.2577680639009703,-0.022165912679826594,0.0834,25.36,77.7,,,,,,
2026-07-30T19:22:29.911847+00:00,S017,mounted,true,healthy,none,1300,healthy_horizontal_no_load_1300rpm,392473,1326,270,1609,2118,3,0,830247,9,211,73,3,3,1659,1494,1219,62,147,1639,16383,1662,1653,1644350,800,2030,2163,526329,11954,8,382516,1496,46806,563,392375112,392474232,0,392474246,392474761,3379915932,17862270,0.0834,1651.0,0.21504795164798374,-0.006603524343316458,0.0834,25.33,77.6,,,,,,
2026-07-30T19:22:30.006148+00:00,S017,mounted,true,healthy,none,1300,healthy_horizontal_no_load_1300rpm,392573,1314,269,1631,2144,6,0,830299,9,211,73,1,2,1659,1495,1227,62,147,1642,16383,1662,1654,1644371,800,1999,2085,526358,11956,8,382520,1496,46807,563,392475162,392574279,0,392574289,392574804,3379997225,17868244,0.0834,1651.0,0.08447560220809613,-0.05882393342254977,0.0834,25.24,77.4,,,,,,
2026-07-30T19:22:30.148025+00:00,S017,mounted,true,healthy,none,1300,healthy_horizontal_no_load_1300rpm,392673,1312,270,1635,2150,4,0,830352,9,211,73,0,2,1659,1494,1219,66,145,1642,16383,1664,1652,1644263,800,1971,2081,526354,11953,8,382519,1496,46808,563,392575209,392674322,0,392674332,392674847,3379561467,17859279,0.0834,1651.0,0.07868079503053593,-0.10465531138626316,0.0834,25.24,77.4,,,,,,
2026-07-30T19:22:30.241577+00:00,S017,mounted,true,healthy,none,1300,healthy_horizontal_no_load_1300rpm,392773,1318,267,1628,2134,1,0,830404,9,211,73,1,2,1659,1494,1222,69,151,1635,16383,1662,1654,1644254,800,2021,2307,526335,11954,8,382519,1496,46809,563,392675246,392774335,0,392774345,392774860,3379585976,17862268,0.0834,1651.0,0.45503150460096986,-0.021602496402878035,0.0834,25.46,77.8,,,,,,
2026-07-30T19:22:30.337251+00:00,S017,mounted,true,healthy,none,1300,healthy_horizontal_no_load_1300rpm,392873,1322,270,1621,2132,3,0,830457,9,211,73,0,2,1659,1494,1226,69,151,1635,16383,1662,1650,1644122,800,1995,2123,526328,11954,8,382519,1496,46810,563,392775261,392874370,0,392874380,392874895,3378986228,17862270,0.0834,1651.0,0.1483858536054874,-0.06493286013050081,0.0834,25.46,77.8,,,,,,
2026-07-30T19:22:30.431349+00:00,S017,mounted,true,healthy,none,1300,healthy_horizontal_no_load_1300rpm,392973,1318,270,1624,2136,2,0,830510,9,211,73,1,3,1659,1495,1236,68,145,1635,16383,1664,1651,1643854,800,2025,2145,526319,11956,8,382523,1496,46811,563,392875294,392974432,0,392974442,392974957,3377885324,17868246,0.0834,1651.0,0.1844520224155235,-0.015500817999331229,0.0834,25.46,77.8,,,,,,
2026-07-30T19:22:30.524315+00:00,S017,mounted,true,healthy,none,1300,healthy_horizontal_no_load_1300rpm,393074,1312,268,1635,2147,6,0,830563,9,211,73,0,2,1659,1494,1221,66,149,1637,16383,1662,1649,1660153,808,1983,2077,526288,11954,8,382523,1496,46812,563,392975358,393075086,0,393075160,393075675,3411086145,17862270,0.0834,1651.0,0.07172444085661667,-0.08493148954324958,0.0834,25.4,77.7,,,,,,
2026-07-30T19:22:30.620001+00:00,S017,mounted,true,healthy,none,1300,healthy_horizontal_no_load_1300rpm,393174,1311,268,1638,2150,4,0,830616,9,211,73,0,2,1659,1495,1238,66,149,1647,16383,1664,1652,1644179,800,1999,2143,526327,11956,8,382527,1496,46813,563,393076078,393175223,0,393175301,393175816,3379226227,17868244,0.0834,1651.0,0.18111947507527582,-0.05882393342254977,0.0834,25.09,77.2,,,,,,
2026-07-30T19:22:30.713227+00:00,S017,mounted,true,healthy,none,1300,healthy_horizontal_no_load_1300rpm,393274,1311,266,1636,2144,1,0,830668,9,211,72,1,2,1659,1494,1235,62,143,1644,16383,1664,1651,1644077,800,2013,2079,526337,11951,8,382522,1496,46814,563,393176216,393275281,0,393275355,393275870,3378792899,17853307,0.0834,1651.0,0.07592728784202141,-0.034092784787884245,0.0834,25.18,77.3,,,,,,
2026-07-30T19:22:30.807561+00:00,S017,mounted,true,healthy,none,1300,healthy_horizontal_no_load_1300rpm,393374,1308,266,1638,2148,3,0,830721,9,211,73,0,2,1659,1495,1237,62,143,1648,16383,1664,1652,1644365,800,2015,2079,526354,11957,8,382528,1496,46815,563,393276275,393375325,0,393375404,393375919,3379975633,17871233,0.0834,1651.0,0.07418824011039549,-0.032444356025759014,0.0834,25.06,77.1,,,,,,
2026-07-30T19:22:30.947056+00:00,S017,mounted,true,healthy,none,1300,healthy_horizontal_no_load_1300rpm,393475,1318,270,1628,2141,6,0,830773,9,211,73,1,2,1659,1495,1238,61,147,1650,16383,1662,1652,1643681,800,2015,2082,526341,11956,8,382532,1496,46816,563,393376318,393475536,0,393475610,393476125,3377164717,17868244,0.0834,1651.0,0.07947678119772483,-0.0321635547005692,0.0834,25.0,77.0,,,,,,
2026-07-30T19:22:31.040390+00:00,S017,mounted,true,healthy,none,1300,healthy_horizontal_no_load_1300rpm,393575,1331,269,1610,2116,6,0,830827,9,211,73,1,2,1659,1494,1259,61,142,1645,16383,1663,1652,1661191,808,2023,2253,526381,11955,8,382533,1496,46817,563,393476527,393576066,0,393576081,393576596,3415387281,17865257,0.0834,1651.0,0.36472359924717646,-0.018551402007528583,0.0834,25.15,77.3,,,,,,
2026-07-30T19:22:31.135191+00:00,S017,mounted,true,healthy,none,1300,healthy_horizontal_no_load_1300rpm,393675,1333,269,1609,2114,4,0,830880,9,211,73,0,2,1659,1495,1232,61,142,1651,16383,1664,1651,1644752,800,2013,2195,526396,11958,8,382540,1496,46818,563,393576997,393676134,0,393676144,393676659,3381594374,17874222,0.0834,1651.0,0.26715398645258404,-0.036057100351229554,0.0834,24.97,76.9,,,,,,
2026-07-30T19:22:31.214643+00:00,S017,mounted,true,healthy,none,1300,healthy_horizontal_no_load_1300rpm,393775,1330,270,1609,2117,5,0,830933,9,211,73,1,3,1659,1494,1264,60,131,1647,16383,1664,1653,1644423,800,2009,2191,526370,11950,8,382532,1496,46819,563,393677059,393776147,0,393776156,393776672,3380233769,17850316,0.0834,1651.0,0.26293365171548055,-0.04048042158995813,0.0834,25.09,77.2,,,,,,
2026-07-30T19:22:31.356133+00:00,S017,mounted,true,healthy,none,1300,healthy_horizontal_no_load_1300rpm,393875,1326,270,1614,2123,1,0,830986,9,211,73,1,2,1659,1494,1232,68,146,1652,16383,1663,1654,1644569,800,2021,2090,526390,11954,8,382532,1496,46820,563,393777073,393876219,0,393876228,393876743,3380816331,17862266,0.0834,1651.0,0.09338962272042783,-0.021602496402878035,0.0834,24.94,76.9,,,,,,
2026-07-30T19:22:31.450715+00:00,S017,mounted,true,healthy,none,1300,healthy_horizontal_no_load_1300rpm,393975,1320,267,1623,2130,3,0,831039,9,211,73,2,3,1659,1494,1245,68,146,1651,16383,1664,1654,1644367,800,2020,2111,526396,11955,8,382533,1496,46821,563,393877145,393976247,0,393976256,393976771,3379985249,17865259,0.0834,1651.0,0.12809294629861956,-0.023550641154329366,0.0834,24.97,76.9,,,,,,
2026-07-30T19:22:31.544842+00:00,S017,mounted,true,healthy,none,1300,healthy_horizontal_no_load_1300rpm,394075,1305,268,1640,2154,6,0,831091,9,211,73,1,2,1659,1494,1217,68,144,1645,16383,1663,1655,1644300,800,2013,2105,526381,11952,8,382529,1496,46822,563,393977172,394076289,0,394076298,394076817,3379710926,17856292,0.0834,1651.0,0.11897493975903606,-0.03437354216867483,0.0834,25.15,77.3,,,,,,
2026-07-30T19:22:31.639347+00:00,S017,mounted,true,healthy,none,1300,healthy_horizontal_no_load_1300rpm,394175,1300,268,1649,2165,4,0,831144,9,211,73,1,3,1659,1494,1221,68,144,1642,16383,1664,1652,1644206,800,1966,2139,526351,11954,8,382529,1496,46823,563,394077219,394176327,0,394176341,394176856,3379355342,17862266,0.0834,1651.0,0.17505069282248575,-0.11326288121131034,0.0834,25.24,77.4,,,,,,
2026-07-30T19:22:31.732178+00:00,S017,mounted,true,healthy,none,1300,healthy_horizontal_no_load_1300rpm,394275,1295,268,1656,2174,3,0,831195,9,211,73,0,2,1659,1494,1247,69,145,1645,16383,1664,1650,1644086,800,2018,2082,526331,11954,8,382529,1496,46824,563,394177258,394276348,0,394276358,394276875,3378832858,17862268,0.0834,1651.0,0.08005720311192865,-0.026602153756065228,0.0834,25.15,77.3,,,,,,
2026-07-30T19:22:31.826008+00:00,S017,mounted,true,healthy,none,1300,healthy_horizontal_no_load_1300rpm,394375,1288,268,1663,2184,6,0,831247,9,211,73,1,2,1659,1494,1234,70,155,1642,16383,1662,1652,1643989,800,2021,2083,526315,11955,8,382530,1496,46825,563,394277275,394376404,0,394376413,394376929,3378431093,17865257,0.0834,1651.0,0.08143338092848174,-0.021884228105395476,0.0834,25.24,77.4,,,,,,
2026-07-30T19:22:31.919773+00:00,S017,mounted,true,healthy,none,1300,healthy_horizontal_no_load_1300rpm,394475,1286,268,1665,2186,1,0,831298,9,211,73,1,2,1659,1494,1245,70,155,1643,16383,1662,1652,1643891,800,2017,2121,526319,11953,8,382528,1496,46826,563,394377330,394476440,0,394476449,394476965,3378027311,17859281,0.0834,1651.0,0.14534847009119023,-0.027987485066510942,0.0834,25.21,77.4,,,,,,
2026-07-30T19:22:32.012957+00:00,S017,mounted,true,healthy,none,1300,healthy_horizontal_no_load_1300rpm,394576,1325,267,1628,2132,1,0,831352,9,211,73,3,2,1659,1494,1236,69,158,1638,16383,1663,1653,1660966,808,1999,2089,526360,11954,8,382528,1496,46827,563,394477367,394577077,0,394577155,394577670,3414424850,17862266,0.0834,1651.0,0.09172307026936588,-0.05826665032625078,0.0834,25.36,77.7,,,,,,
2026-07-30T19:22:32.153875+00:00,S017,mounted,true,healthy,none,1300,healthy_horizontal_no_load_1300rpm,394676,1343,270,1598,2101,3,0,831405,9,211,73,1,2,1659,1494,1234,66,162,1638,16383,1664,1651,1644393,800,2023,2139,526335,11955,8,382530,1496,46828,563,394578071,394677137,0,394677211,394677726,3380100863,17865257,0.0834,1651.0,0.17475251166875783,-0.018551402007528583,0.0834,25.36,77.7,,,,,,
2026-07-30T19:22:32.248005+00:00,S017,mounted,true,healthy,none,1300,healthy_horizontal_no_load_1300rpm,394776,1346,269,1590,2091,3,0,831459,9,211,73,2,3,1659,1494,1233,66,162,1641,16383,1663,1652,1644376,800,1943,2187,526366,11953,8,382528,1496,46829,563,394678131,394777218,0,394777292,394777807,3380050450,17859281,0.0834,1651.0,0.2553501339412696,-0.15132268392872117,0.0834,25.27,77.5,,,,,,
2026-07-30T19:22:32.341259+00:00,S017,mounted,true,healthy,none,1300,healthy_horizontal_no_load_1300rpm,394876,1339,269,1598,2101,3,0,831513,9,211,73,0,2,1659,1494,1266,65,152,1645,16383,1662,1651,1643437,800,1881,2085,526300,11953,8,382526,1496,46830,563,394778212,394877256,0,394877334,394877850,3376203241,17859279,0.0834,1651.0,0.08534756253660136,-0.2546575802727351,0.0834,25.15,77.3,,,,,,
2026-07-30T19:22:32.433995+00:00,S017,mounted,true,healthy,none,1300,healthy_horizontal_no_load_1300rpm,394976,1334,270,1607,2113,2,0,831566,9,211,73,0,2,1659,1494,1216,65,152,1645,16383,1663,1655,1644807,800,2025,2083,526366,11954,8,382526,1496,46831,563,394878249,394977317,0,394977391,394977906,3381788413,17862268,0.0834,1651.0,0.0817237555629915,-0.014936286598628001,0.0834,25.15,77.3,,,,,,
2026-07-30T19:22:32.528195+00:00,S017,mounted,true,healthy,none,1300,healthy_horizontal_no_load_1300rpm,395076,1334,270,1604,2110,2,0,831620,9,211,73,0,3,1659,1494,1214,64,138,1646,16383,1664,1653,1644783,800,2027,2190,526377,11952,8,382523,1496,46832,563,394978305,395077362,0,395077440,395077956,3381700715,17856292,0.0834,1651.0,0.2606556024096385,-0.011037903614457889,0.0834,25.12,77.2,,,,,,
2026-07-30T19:22:32.621126+00:00,S017,mounted,true,healthy,none,1300,healthy_horizontal_no_load_1300rpm,395176,1336,270,1604,2109,6,0,831673,9,211,73,1,3,1659,1495,1221,63,129,1643,16383,1663,1651,1644291,800,1993,2095,526342,11957,8,382529,1496,46833,563,395078355,395177410,0,395177483,395177999,3379680211,17871233,0.0834,1651.0,0.10084638914443422,-0.06909931094756239,0.0834,25.21,77.4,,,,,,
2026-07-30T19:22:32.714638+00:00,S017,mounted,true,healthy,none,1300,healthy_horizontal_no_load_1300rpm,395277,1335,270,1605,2112,6,0,831727,9,211,73,0,2,1659,1494,1247,63,129,1638,16383,1663,1652,1660318,808,1937,2089,526348,11951,8,382523,1496,46834,563,395178404,395278067,0,395278081,395278597,3411774042,17853303,0.0834,1651.0,0.0925969958162498,-0.1607825653920174,0.0834,25.36,77.7,,,,,,
2026-07-30T19:22:32.855935+00:00,S017,mounted,true,healthy,none,1300,healthy_horizontal_no_load_1300rpm,395377,1336,271,1603,2110,4,0,831780,9,211,73,1,3,1659,1494,1245,64,120,1638,16383,1664,1654,1644584,800,2019,2085,526354,11955,8,382525,1496,46835,563,395278996,395378106,0,395378115,395378630,3380872748,17865255,0.0834,1651.0,0.08476620702634818,-0.025217054203262812,0.0834,25.36,77.7,,,,,,
2026-07-30T19:22:32.951491+00:00,S017,mounted,true,healthy,none,1300,healthy_horizontal_no_load_1300rpm,395477,1334,270,1607,2113,4,0,831834,9,211,73,0,2,1659,1494,1217,64,131,1635,16383,1664,1651,1644566,800,2027,2217,526367,11953,8,382524,1496,46836,563,395379032,395478241,0,395478250,395478765,3380833078,17859279,0.0834,1651.0,0.30535089023676054,-0.01132056630134759,0.0834,25.46,77.8,,,,,,
2026-07-30T19:22:33.043095+00:00,S017,mounted,true,healthy,none,1300,healthy_horizontal_no_load_1300rpm,395577,1328,270,1609,2117,5,0,831887,9,211,73,2,3,1659,1494,1248,64,131,1640,16383,1665,1650,1644474,800,1929,2097,526336,11950,8,382517,1496,46837,563,395479165,395578297,0,395578306,395578822,3380439310,17850316,0.0834,1651.0,0.10622528418410004,-0.17384924502092103,0.0834,25.3,77.5,,,,,,
2026-07-30T19:22:33.137738+00:00,S017,mounted,true,healthy,none,1300,healthy_horizontal_no_load_1300rpm,395677,1316,267,1628,2136,1,0,831940,9,211,73,1,2,1659,1495,1203,67,139,1644,16383,1664,1652,1644742,800,2027,2127,526367,11957,8,382523,1496,46838,563,395579227,395678321,0,395678335,395678850,3381529380,17871233,0.0834,1651.0,0.15416268721251125,-0.012450744250230628,0.0834,25.18,77.3,,,,,,
2026-07-30T19:22:33.230810+00:00,S017,mounted,true,healthy,none,1300,healthy_horizontal_no_load_1300rpm,395777,1310,270,1637,2152,2,0,831992,9,211,73,1,3,1659,1494,1211,67,139,1650,16383,1664,1652,1644570,800,1996,2086,526378,11954,8,382523,1496,46839,563,395679252,395778372,0,395778382,395778897,3380820102,17862268,0.0834,1651.0,0.08672341291617824,-0.06326630767943797,0.0834,25.0,77.0,,,,,,
2026-07-30T19:22:33.325262+00:00,S017,mounted,true,healthy,none,1300,healthy_horizontal_no_load_1300rpm,395877,1311,267,1635,2144,6,0,832045,9,211,73,0,3,1659,1494,1221,65,132,1646,16383,1663,1653,1644255,800,2017,2087,526348,11950,8,382516,1496,46840,563,395779302,395878424,0,395878591,395879106,3379520343,17850314,0.0834,1651.0,0.08955418125523007,-0.02714353924686197,0.0834,25.12,77.2,,,,,,
2026-07-30T19:22:33.419163+00:00,S017,mounted,true,healthy,none,1300,healthy_horizontal_no_load_1300rpm,395978,1310,268,1638,2150,5,0,832097,9,211,73,0,2,1659,1495,1224,66,133,1642,16383,1664,1652,1660553,808,2023,2082,526315,11956,8,382520,1496,46841,563,395879505,395979078,0,395979152,395979667,3412730471,17868244,0.0834,1651.0,0.07947678119772483,-0.01883336533957891,0.0834,25.24,77.4,,,,,,
2026-07-30T19:22:33.562115+00:00,S017,mounted,true,healthy,none,1300,healthy_horizontal_no_load_1300rpm,396078,1309,268,1641,2153,1,0,832150,9,211,73,0,2,1659,1495,1224,66,133,1640,16383,1663,1654,1644414,800,2027,2081,526339,11956,8,382524,1496,46842,563,395980066,396079140,0,396079219,396079734,3380177700,17868246,0.0834,1651.0,0.07781050752760077,-0.012168270659083547,0.0834,25.3,77.5,,,,,,
2026-07-30T19:22:33.655535+00:00,S017,mounted,true,healthy,none,1300,healthy_horizontal_no_load_1300rpm,396178,1309,268,1637,2150,2,0,832202,9,211,73,0,2,1659,1494,1217,68,134,1638,16383,1664,1653,1644584,800,2023,2087,526379,11954,8,382524,1496,46843,563,396080133,396179211,0,396179285,396179800,3380876306,17862268,0.0834,1651.0,0.08838996536724109,-0.01826939150075324,0.0834,25.36,77.7,,,,,,
2026-07-30T19:22:33.751128+00:00,S017,mounted,true,healthy,none,1300,healthy_horizontal_no_load_1300rpm,396278,1312,266,1637,2145,6,0,832255,9,211,72,1,2,1659,1495,1205,68,141,1634,16383,1664,1654,1644867,800,1999,2296,526422,11956,8,382528,1496,46844,563,396180199,396279256,0,396279335,396279850,3382107263,17868244,0.0834,1651.0,0.43605934660421486,-0.05882393342254977,0.0834,25.49,77.9,,,,,,
2026-07-30T19:22:33.843998+00:00,S017,mounted,true,healthy,none,1300,healthy_horizontal_no_load_1300rpm,396378,1319,268,1635,2143,4,0,832308,9,211,73,3,2,1659,1495,1196,68,141,1635,16383,1664,1650,1644722,800,1967,2093,526464,11957,8,382534,1496,46845,563,396280251,396379318,0,396379397,396379912,3381456316,17871235,0.0834,1651.0,0.09751412051517905,-0.11241880312787478,0.0834,25.46,77.8,,,,,,
2026-07-30T19:22:33.939037+00:00,S017,mounted,true,healthy,none,1300,healthy_horizontal_no_load_1300rpm,396479,1343,267,1602,2100,4,0,832362,9,211,73,1,2,1659,1495,1190,67,134,1637,16383,1662,1650,1660479,808,2029,2087,526399,11956,8,382537,1496,46846,563,396380313,396480079,0,396480094,396480609,3412416307,17868244,0.0834,1651.0,0.08780814954834382,-0.008835723318836308,0.0834,25.4,77.7,,,,,,
2026-07-30T19:22:34.033037+00:00,S017,mounted,true,healthy,none,1300,healthy_horizontal_no_load_1300rpm,396579,1347,270,1588,2090,4,0,832416,9,211,73,1,3,1659,1494,1208,67,134,1637,16383,1663,1650,1644041,800,1987,2117,526379,11954,8,382537,1496,46847,563,396481010,396580136,0,396580150,396580665,3378665801,17862268,0.0834,1651.0,0.138386538899113,-0.078265279739,0.0834,25.4,77.7,,,,,,
2026-07-30T19:22:34.127989+00:00,S017,mounted,true,healthy,none,1300,healthy_horizontal_no_load_1300rpm,396679,1326,269,1611,2118,5,0,832469,9,211,73,2,3,1659,1494,1224,66,138,1639,16383,1664,1653,1644051,800,1905,2079,526343,11955,8,382538,1496,46848,563,396581066,396680189,0,396680204,396680719,3378702637,17865257,0.0834,1651.0,0.07476772873274751,-0.21518814178168144,0.0834,25.33,77.6,,,,,,
2026-07-30T19:22:34.223311+00:00,S017,mounted,true,healthy,none,1300,healthy_horizontal_no_load_1300rpm,396779,1314,269,1631,2143,3,0,832521,9,211,73,1,2,1659,1494,1209,62,133,1636,16383,1663,1654,1644023,800,2027,2090,526358,11954,8,382538,1496,46849,563,396681120,396780210,0,396780220,396780735,3378565827,17862268,0.0834,1651.0,0.09338962272042783,-0.011603181696503206,0.0834,25.43,77.8,,,,,,
2026-07-30T19:22:34.364091+00:00,S017,mounted,true,healthy,none,1300,healthy_horizontal_no_load_1300rpm,396879,1314,268,1633,2143,2,0,832574,9,211,73,0,2,1659,1494,1198,62,133,1637,16383,1664,1651,1644399,800,1973,2089,526383,11955,8,382539,1496,46850,563,396781137,396880265,0,396880279,396880794,3380120581,17865257,0.0834,1651.0,0.09143185922208241,-0.10187205445420311,0.0834,25.4,77.7,,,,,,
2026-07-30T19:22:34.457995+00:00,S017,mounted,true,healthy,none,1300,healthy_horizontal_no_load_1300rpm,396979,1320,270,1625,2136,4,0,832626,9,211,73,1,2,1659,1494,1199,57,123,1638,16383,1663,1651,1644053,800,1895,2119,526351,11955,8,382540,1496,46851,563,396881194,396980302,0,396980312,396980829,3378720829,17865257,0.0834,1651.0,0.14142425069008757,-0.23185227227101635,0.0834,25.36,77.7,,,,,,
2026-07-30T19:22:34.550628+00:00,S017,mounted,true,healthy,none,1300,healthy_horizontal_no_load_1300rpm,397079,1321,270,1621,2133,4,0,832680,9,211,73,0,2,1659,1495,1210,62,130,1636,16383,1662,1651,1644152,800,1929,2083,526340,11956,8,382543,1496,46852,563,396981231,397080349,0,397080364,397080879,3379114220,17868244,0.0834,1651.0,0.08114305486784845,-0.17546309033121466,0.0834,25.43,77.8,,,,,,
2026-07-30T19:22:34.644453+00:00,S017,mounted,true,healthy,none,1300,healthy_horizontal_no_load_1300rpm,397179,1328,269,1616,2123,5,0,832733,9,211,73,0,3,1659,1495,1214,62,130,1640,16383,1661,1652,1644284,800,2025,2291,526317,11959,8,382552,1496,46853,563,397081278,397180375,0,397180390,397180905,3379693550,17877211,0.0834,1651.0,0.42677034810602876,-0.016347261058617057,0.0834,25.3,77.5,,,,,,
2026-07-30T19:22:34.740359+00:00,S017,mounted,true,healthy,none,1300,healthy_horizontal_no_load_1300rpm,397279,1333,270,1608,2114,1,0,832786,9,211,73,1,2,1659,1494,1225,65,133,1640,16383,1663,1651,1644484,800,2027,2081,526338,11954,8,382551,1496,46854,563,397181304,397280427,0,397280436,397280951,3380463608,17862268,0.0834,1651.0,0.07839065066086626,-0.011603181696503206,0.0834,25.3,77.5,,,,,,
2026-07-30T19:22:34.832563+00:00,S017,mounted,true,healthy,none,1300,healthy_horizontal_no_load_1300rpm,397380,1331,269,1604,2109,1,0,832840,9,211,73,3,3,1659,1494,1211,65,133,1641,16383,1663,1651,1660472,808,1977,2093,526335,11950,8,382542,1496,46855,563,397281353,397381068,0,397381147,397381662,3412394412,17850314,0.0834,1651.0,0.09955684301255197,-0.0938279509623432,0.0834,25.27,77.5,,,,,,
2026-07-30T19:22:34.926905+00:00,S017,mounted,true,healthy,none,1300,healthy_horizontal_no_load_1300rpm,397480,1317,267,1629,2137,2,0,832892,9,211,73,0,3,1659,1494,1209,68,131,1647,16383,1663,1653,1644715,800,2025,2083,526372,11953,8,382540,1496,46856,563,397382063,397481135,0,397481209,397481724,3381410969,17859285,0.0834,1651.0,0.08201417878356887,-0.014653950054379639,0.0834,25.09,77.2,,,,,,
2026-07-30T19:22:35.067075+00:00,S017,mounted,true,healthy,none,1300,healthy_horizontal_no_load_1300rpm,397580,1310,269,1636,2150,6,0,832945,9,211,73,0,3,1659,1495,1193,68,137,1641,16383,1663,1654,1644790,800,2029,2183,526363,11956,8,382543,1496,46857,563,397482123,397581188,0,397581262,397581777,3381744826,17868244,0.0834,1651.0,0.24777042188022724,-0.008835723318836308,0.0834,25.27,77.5,,,,,,
2026-07-30T19:22:35.161490+00:00,S017,mounted,true,healthy,none,1300,healthy_horizontal_no_load_1300rpm,397680,1306,268,1640,2153,5,0,832997,9,211,73,2,2,1659,1495,1209,68,137,1642,16383,1663,1653,1644406,800,2023,2081,526365,11956,8,382546,1496,46858,563,397582177,397681226,0,397681299,397681815,3380144268,17868244,0.0834,1651.0,0.07781050752760077,-0.01883336533957891,0.0834,25.24,77.4,,,,,,
2026-07-30T19:22:35.257475+00:00,S017,mounted,true,healthy,none,1300,healthy_horizontal_no_load_1300rpm,397780,1300,268,1646,2162,3,0,833049,9,211,73,1,3,1659,1494,1230,67,128,1641,16383,1663,1652,1644341,800,2027,2075,526343,11952,8,382541,1496,46859,563,397682216,397781287,0,397781361,397781876,3379868089,17856292,0.0834,1651.0,0.06896999999999975,-0.011037903614457889,0.0834,25.27,77.5,,,,,,
2026-07-30T19:22:35.351003+00:00,S017,mounted,true,healthy,none,1300,healthy_horizontal_no_load_1300rpm,397880,1298,269,1649,2168,6,0,833101,9,211,73,1,3,1659,1494,1210,63,117,1639,16383,1662,1652,1644313,800,2018,2083,526338,11955,8,382542,1496,46860,563,397782281,397881526,0,397881600,397882115,3379762265,17865257,0.0834,1651.0,0.08143338092848174,-0.026883467252195814,0.0834,25.33,77.6,,,,,,
2026-07-30T19:22:35.444127+00:00,S017,mounted,true,healthy,none,1300,healthy_horizontal_no_load_1300rpm,397981,1296,265,1656,2167,5,0,833153,9,211,73,0,3,1659,1494,1203,63,117,1639,16383,1663,1651,1660482,808,1949,2095,526320,11950,8,382534,1496,46861,563,397882516,397982109,0,397982118,397982632,3412441250,17850316,0.0834,1651.0,0.10289106359832623,-0.14050703916317975,0.0834,25.33,77.6,,,,,,
2026-07-30T19:22:35.538858+00:00,S017,mounted,true,healthy,none,1300,healthy_horizontal_no_load_1300rpm,398081,1296,267,1656,2172,3,0,833205,9,211,73,0,2,1659,1494,1203,62,131,1640,16383,1663,1653,1644345,800,1879,2083,526371,11950,8,382526,1496,46862,563,397983032,398082141,0,398082150,398082666,3379937391,17850318,0.0834,1651.0,0.08288574008368199,-0.25720475966527223,0.0834,25.3,77.5,,,,,,
2026-07-30T19:22:35.632622+00:00,S017,mounted,true,healthy,none,1300,healthy_horizontal_no_load_1300rpm,398181,1304,269,1650,2166,2,0,833258,9,211,73,3,2,1659,1495,1217,62,131,1640,16383,1664,1649,1644542,800,1985,2079,526375,11959,8,382536,1496,46863,563,398083065,398182189,0,398182203,398182718,3380708928,17877211,0.0834,1651.0,0.0736089453131532,-0.0829814880006694,0.0834,25.3,77.5,,,,,,
2026-07-30T19:22:35.726011+00:00,S017,mounted,true,healthy,none,1300,healthy_horizontal_no_load_1300rpm,398281,1334,268,1610,2113,6,0,833311,9,211,73,2,2,1659,1495,1211,60,131,1645,16383,1664,1653,1644847,800,2022,2081,526414,11957,8,382541,1496,46864,563,398183119,398282220,0,398282230,398282745,3381952243,17871235,0.0834,1651.0,0.07752050873964977,-0.020781415823367233,0.0834,25.15,77.3,,,,,,
2026-07-30T19:22:35.867996+00:00,S017,mounted,true,healthy,none,1300,healthy_horizontal_no_load_1300rpm,398381,1348,270,1586,2088,6,0,833365,9,211,73,1,2,1659,1495,1235,61,139,1641,16383,1663,1654,1644704,800,2021,2109,526437,11956,8,382544,1496,46865,563,398283146,398382414,0,398382423,398382938,3381371234,17868246,0.0834,1651.0,0.12446617029106699,-0.022165912679826594,0.0834,25.27,77.5,,,,,,
2026-07-30T19:22:35.961279+00:00,S017,mounted,true,healthy,none,1300,healthy_horizontal_no_load_1300rpm,398482,1334,270,1602,2108,6,0,833419,9,211,73,2,3,1659,1495,1242,61,139,1642,16383,1663,1653,1660488,808,2009,2087,526410,11956,8,382547,1496,46866,563,398383340,398482928,0,398483007,398483522,3412460748,17868246,0.0834,1651.0,0.08780814954834382,-0.0421611967213118,0.0834,25.24,77.4,,,,,,
2026-07-30T19:22:36.056065+00:00,S017,mounted,true,healthy,none,1300,healthy_horizontal_no_load_1300rpm,398582,1327,268,1615,2120,4,0,833472,9,211,73,1,2,1659,1494,1201,61,140,1640,16383,1663,1653,1643841,800,1917,2085,526340,11954,8,382546,1496,46867,563,398483923,398583038,0,398583112,398583627,3377847755,17862268,0.0834,1651.0,0.08505686046511629,-0.19492395131336782,0.0834,25.3,77.5,,,,,,
2026-07-30T19:22:36.151191+00:00,S017,mounted,true,healthy,none,1300,healthy_horizontal_no_load_1300rpm,398682,1324,269,1619,2128,5,0,833525,9,211,73,0,3,1659,1494,1230,64,137,1643,16383,1663,1653,1644379,800,2019,2197,526332,11954,8,382545,1496,46868,563,398584029,398683111,0,398683185,398683700,3380051085,17862268,0.0834,1651.0,0.2717107349841057,-0.02493560130500283,0.0834,25.21,77.4,,,,,,
2026-07-30T19:22:36.246443+00:00,S017,mounted,true,healthy,none,1300,healthy_horizontal_no_load_1300rpm,398782,1330,269,1611,2117,1,0,833578,9,211,74,1,2,1659,1495,1214,64,137,1642,16383,1664,1651,1644332,800,1991,2125,526350,11957,8,382549,1496,46869,563,398684100,398783175,0,398783249,398783764,3379848568,17871233,0.0834,1651.0,0.15083041858325652,-0.07243157957681712,0.0834,25.24,77.4,,,,,,
2026-07-30T19:22:36.340490+00:00,S017,mounted,true,healthy,none,1300,healthy_horizontal_no_load_1300rpm,398882,1334,268,1605,2108,1,0,833632,9,211,73,0,2,1659,1494,1216,63,132,1642,16383,1663,1651,1644283,800,2029,2203,526331,11955,8,382549,1496,46870,563,398784165,398883238,0,398883316,398883831,3379658729,17865255,0.0834,1651.0,0.28140294680050193,-0.008552923713927019,0.0834,25.24,77.4,,,,,,
2026-07-30T19:22:36.433558+00:00,S017,mounted,true,healthy,none,1300,healthy_horizontal_no_load_1300rpm,398982,1327,269,1610,2118,3,0,833685,9,211,73,3,3,1659,1495,1253,63,132,1642,16383,1664,1653,1644090,800,2011,2153,526324,11957,8,382553,1496,46871,563,398884231,398983270,0,398983344,398983859,3378857292,17871233,0.0834,1651.0,0.19748217939282364,-0.03910889328426892,0.0834,25.24,77.4,,,,,,
2026-07-30T19:22:36.528345+00:00,S017,mounted,true,healthy,none,1300,healthy_horizontal_no_load_1300rpm,399082,1316,269,1629,2141,2,0,833738,9,211,73,0,2,1659,1494,1238,61,127,1640,16383,1663,1651,1643371,800,1913,2097,526280,11953,8,382550,1496,46872,563,398984261,399083318,0,399083401,399083916,3375913919,17859281,0.0834,1651.0,0.10534786505479765,-0.20132344022421167,0.0834,25.3,77.5,,,,,,
2026-07-30T19:22:36.668452+00:00,S017,mounted,true,healthy,none,1300,healthy_horizontal_no_load_1300rpm,399182,1309,269,1637,2151,4,0,833790,9,211,73,0,3,1659,1495,1232,61,124,1637,16383,1662,1651,1643980,800,1905,2171,526311,11956,8,382552,1496,46873,563,399084315,399183386,0,399183460,399183975,3378423194,17868246,0.0834,1651.0,0.22777513783874204,-0.2154536584141855,0.0834,25.4,77.7,,,,,,
2026-07-30T19:22:36.763542+00:00,S017,mounted,true,healthy,none,1300,healthy_horizontal_no_load_1300rpm,399283,1310,270,1635,2151,5,0,833843,9,211,73,0,2,1659,1494,1255,61,124,1636,16383,1663,1652,1660286,808,2003,2079,526294,11954,8,382551,1496,46874,563,399184374,399284049,0,399284063,399284578,3411627368,17862268,0.0834,1651.0,0.07505754575874146,-0.05160044052200119,0.0834,25.43,77.8,,,,,,
2026-07-30T19:22:36.855282+00:00,S017,mounted,true,healthy,none,1300,healthy_horizontal_no_load_1300rpm,399383,1309,269,1638,2153,3,0,833895,9,211,73,0,2,1658,1495,1245,60,123,1635,16383,1663,1651,1643533,800,1998,2081,526241,11957,8,382555,1496,46875,563,399284977,399384087,0,399384096,399384612,3376557921,17871233,0.0796,1651.0,0.07752050873964977,-0.06076863937442489,0.0796,25.46,77.8,,,,,,
2026-07-30T19:22:36.950649+00:00,S017,mounted,true,healthy,none,1300,healthy_horizontal_no_load_1300rpm,399483,1320,270,1629,2142,2,0,833948,9,211,73,3,3,1659,1495,1219,64,141,1632,16383,1663,1653,1644339,800,1934,2199,526330,11956,8,382557,1496,46876,563,399385014,399484108,0,399484122,399484638,3379906417,17868244,0.0834,1651.0,0.27443080060220826,-0.16713172198059567,0.0834,25.55,78.0,,,,,,
2026-07-30T19:22:37.044181+00:00,S017,mounted,true,healthy,none,1300,healthy_horizontal_no_load_1300rpm,399583,1349,270,1592,2094,2,0,834002,9,211,73,2,2,1659,1494,1222,64,141,1647,16383,1663,1651,1644466,800,2026,2242,526323,11953,8,382554,1496,46877,563,399485039,399584131,0,399584145,399584660,3380446888,17859279,0.0834,1651.0,0.34701818714966937,-0.012987258177863836,0.0834,25.09,77.2,,,,,,
2026-07-30T19:22:37.138455+00:00,S017,mounted,true,healthy,none,1300,healthy_horizontal_no_load_1300rpm,399683,1357,271,1579,2078,2,0,834056,9,211,73,0,3,1659,1494,1227,63,147,1641,16383,1663,1653,1644747,800,2020,2133,526341,11954,8,382553,1496,46878,563,399585061,399684178,0,399684187,399684702,3381558269,17862266,0.0834,1651.0,0.16505137811611137,-0.023269048853940433,0.0834,25.27,77.5,,,,,,
2026-07-30T19:22:37.230595+00:00,S017,mounted,true,healthy,none,1300,healthy_horizontal_no_load_1300rpm,399783,1342,270,1594,2098,2,0,834110,9,211,73,1,2,1659,1495,1258,63,147,1636,16383,1662,1650,1644332,800,2026,2078,526347,11958,8,382559,1496,46879,563,399685105,399784265,0,399784274,399784789,3379834020,17874222,0.0834,1651.0,0.07223257350727552,-0.014399165579528805,0.0834,25.43,77.8,,,,,,
2026-07-30T19:22:37.371597+00:00,S017,mounted,true,healthy,none,1300,healthy_horizontal_no_load_1300rpm,399883,1327,265,1615,2115,6,0,834163,9,211,73,0,3,1659,1495,1240,65,147,1644,16383,1663,1651,1643770,800,1973,2083,526331,11957,8,382563,1496,46880,563,399785194,399884315,0,399884325,399884840,3377543434,17871233,0.0834,1651.0,0.08085277736890495,-0.10242199724011058,0.0834,25.18,77.3,,,,,,
2026-07-30T19:22:37.479774+00:00,S017,mounted,true,healthy,none,1300,healthy_horizontal_no_load_1300rpm,399983,1324,269,1616,2125,4,0,834216,9,211,73,1,3,1659,1495,1208,66,141,1638,16383,1663,1654,1644119,800,2023,2083,526342,11956,8,382564,1496,46881,563,399885240,399984343,0,399984353,399984868,3378965447,17868246,0.0834,1651.0,0.08114305486784845,-0.01883336533957891,0.0834,25.36,77.7,,,,,,
2026-07-30T19:22:37.571815+00:00,S017,mounted,true,healthy,none,1300,healthy_horizontal_no_load_1300rpm,400083,1314,269,1630,2142,5,0,834269,9,211,73,1,2,1659,1495,1230,66,141,1640,16383,1663,1652,1644485,800,2027,2084,526335,11957,8,382567,1496,46882,563,399985273,400084388,0,400084398,400084913,3380470881,17871235,0.0834,1651.0,0.08251891168353254,-0.012450744250230628,0.0834,25.3,77.5,,,,,,
2026-07-30T19:22:37.666714+00:00,S017,mounted,true,healthy,none,1300,healthy_horizontal_no_load_1300rpm,400183,1311,269,1636,2150,3,0,834321,9,211,73,0,2,1659,1494,1244,63,126,1647,16383,1663,1654,1644512,800,2010,2081,526371,11955,8,382567,1496,46883,563,400085314,400184435,0,400184444,400184959,3380576580,17865257,0.0834,1651.0,0.07810055483061484,-0.04021477164366427,0.0834,25.09,77.2,,,,,,
2026-07-30T19:22:37.758736+00:00,S017,mounted,true,healthy,none,1300,healthy_horizontal_no_load_1300rpm,400284,1321,270,1625,2136,2,0,834374,9,211,73,2,3,1659,1495,1240,64,133,1648,16383,1663,1651,1661048,808,2030,2105,526392,11957,8,382570,1496,46884,563,400185359,400285055,0,400285128,400285644,3414762056,17871233,0.0834,1651.0,0.11750773229070788,-0.007452341306347865,0.0834,25.06,77.1,,,,,,
2026-07-30T19:22:37.853453+00:00,S017,mounted,true,healthy,none,1300,healthy_horizontal_no_load_1300rpm,400384,1331,269,1612,2118,2,0,834428,9,211,73,1,2,1659,1494,1244,64,133,1647,16383,1664,1651,1644442,800,1913,2079,526404,11951,8,382562,1496,46885,563,400286045,400385134,0,400385211,400385726,3380313156,17853303,0.0834,1651.0,0.07592728784202141,-0.20078986453016467,0.0834,25.09,77.2,,,,,,
2026-07-30T19:22:37.948033+00:00,S017,mounted,true,healthy,none,1300,healthy_horizontal_no_load_1300rpm,400484,1334,268,1605,2108,6,0,834481,9,211,73,0,3,1659,1494,1233,67,132,1644,16383,1664,1651,1644672,800,2007,2141,526456,11952,8,382556,1496,46886,563,400386128,400485194,0,400485268,400485783,3381253208,17856292,0.0834,1651.0,0.17898086746987962,-0.04437453012048209,0.0834,25.18,77.3,,,,,,
2026-07-30T19:22:38.041870+00:00,S017,mounted,true,healthy,none,1300,healthy_horizontal_no_load_1300rpm,400584,1325,267,1612,2117,4,0,834534,9,211,73,3,3,1659,1494,1250,67,132,1644,16383,1664,1652,1644218,800,2017,2135,526460,11955,8,382556,1496,46887,563,400486182,400585244,0,400585318,400585833,3379377068,17865257,0.0834,1651.0,0.1680868594730236,-0.02854988030112926,0.0834,25.18,77.3,,,,,,
2026-07-30T19:22:38.136160+00:00,S017,mounted,true,healthy,none,1300,healthy_horizontal_no_load_1300rpm,400684,1312,270,1632,2147,1,0,834586,9,211,73,0,2,1659,1495,1217,68,138,1639,16383,1662,1651,1643855,800,1874,2135,526380,11957,8,382560,1496,46888,563,400586235,400685419,0,400685492,400686008,3377922065,17871233,0.0834,1651.0,0.16749176172953018,-0.2673692943882249,0.0834,25.33,77.6,,,,,,
2026-07-30T19:22:38.276168+00:00,S017,mounted,true,healthy,none,1300,healthy_horizontal_no_load_1300rpm,400785,1314,269,1634,2146,3,0,834639,9,211,73,1,2,1659,1495,1203,69,134,1640,16383,1663,1653,1660819,808,2025,2201,526357,11956,8,382562,1496,46889,563,400686407,400786071,0,400786081,400786595,3413839563,17868244,0.0834,1651.0,0.2777633479424555,-0.015500817999331229,0.0834,25.3,77.5,,,,,,
2026-07-30T19:22:38.370312+00:00,S017,mounted,true,healthy,none,1300,healthy_horizontal_no_load_1300rpm,400885,1319,269,1627,2137,2,0,834692,9,211,73,1,2,1659,1494,1232,69,134,1639,16383,1663,1654,1644769,800,1955,2083,526393,11949,8,382550,1496,46890,563,400786997,400886142,0,400886151,400886666,3381640185,17847329,0.0834,1651.0,0.08317635777052468,-0.13023161812704043,0.0834,25.33,77.6,,,,,,
2026-07-30T19:22:38.479208+00:00,S017,mounted,true,healthy,none,1300,healthy_horizontal_no_load_1300rpm,400985,1321,270,1622,2133,6,0,834745,9,211,73,0,3,1659,1495,1213,66,134,1644,16383,1661,1650,1643839,800,2023,2088,526339,11956,8,382552,1496,46891,563,400887067,400986154,0,400986164,400986679,3377812657,17868246,0.0834,1651.0,0.08947442321846744,-0.01883336533957891,0.0834,25.18,77.3,,,,,,
2026-07-30T19:22:38.558292+00:00,S017,mounted,true,healthy,none,1300,healthy_horizontal_no_load_1300rpm,401085,1322,268,1622,2130,4,0,834798,9,211,73,0,2,1659,1495,1212,66,148,1639,16383,1663,1652,1644470,800,1954,2242,526340,11958,8,382558,1496,46892,563,400987082,401086208,0,401086217,401086732,3380476820,17874222,0.0834,1651.0,0.3454557506271949,-0.13435080431510293,0.0834,25.33,77.6,,,,,,
2026-07-30T19:22:38.652172+00:00,S017,mounted,true,healthy,none,1300,healthy_horizontal_no_load_1300rpm,401185,1324,270,1620,2130,5,0,834851,9,211,73,1,2,1659,1494,1224,66,148,1636,16383,1663,1651,1644495,800,1998,2241,526340,11951,8,382551,1496,46893,563,401087132,401186254,0,401186264,401186779,3380566125,17853303,0.0834,1651.0,0.3459765570245166,-0.05909734674922662,0.0834,25.43,77.8,,,,,,
2026-07-30T19:22:38.746132+00:00,S017,mounted,true,healthy,none,1300,healthy_horizontal_no_load_1300rpm,401286,1321,267,1622,2129,1,0,834904,9,211,73,2,3,1659,1495,1206,65,150,1639,16383,1662,1651,1660915,808,1895,2079,526350,11957,8,382555,1496,46894,563,401187180,401287203,0,401287277,401287791,3414232845,17871235,0.0834,1651.0,0.07418824011039549,-0.23238047378104865,0.0834,25.33,77.6,,,,,,
2026-07-30T19:22:38.840565+00:00,S017,mounted,true,healthy,none,1300,healthy_horizontal_no_load_1300rpm,401386,1306,268,1639,2153,3,0,834957,9,211,73,1,3,1659,1494,1201,65,150,1637,16383,1664,1651,1644041,800,2031,2079,526340,11955,8,382555,1496,46895,563,401288192,401387258,0,401387337,401387852,3378642765,17865257,0.0834,1651.0,0.07476772873274751,-0.0052200976160605705,0.0834,25.4,77.7,,,,,,
2026-07-30T19:22:38.934096+00:00,S017,mounted,true,healthy,none,1300,healthy_horizontal_no_load_1300rpm,401486,1299,270,1649,2169,6,0,835009,9,211,73,0,2,1659,1494,1208,65,153,1650,16383,1663,1648,1644198,800,1907,2105,526347,11953,8,382552,1496,46896,563,401388253,401487299,0,401487378,401487893,3379311530,17859281,0.0834,1651.0,0.11868140006692851,-0.2113235914833096,0.0834,25.0,77.0,,,,,,
2026-07-30T19:22:39.076147+00:00,S017,mounted,true,healthy,none,1300,healthy_horizontal_no_load_1300rpm,401586,1297,264,1654,2164,5,0,835061,9,211,73,2,2,1659,1494,1193,64,146,1641,16383,1663,1651,1644790,800,1915,2103,526373,11954,8,382551,1496,46897,563,401488292,401587353,0,401587432,401587947,3381757574,17862270,0.0834,1651.0,0.11505480458423945,-0.1982570562154926,0.0834,25.27,77.5,,,,,,
2026-07-30T19:22:39.169504+00:00,S017,mounted,true,healthy,none,1300,healthy_horizontal_no_load_1300rpm,401686,1298,269,1651,2171,3,0,835113,9,211,73,0,2,1659,1494,1204,64,146,1641,16383,1663,1651,1644132,800,1962,2083,526382,11953,8,382548,1496,46898,563,401588348,401687399,0,401687478,401687993,3379033464,17859279,0.0834,1651.0,0.08201417878356887,-0.11965553827491027,0.0834,25.27,77.5,,,,,,
2026-07-30T19:22:39.264687+00:00,S017,mounted,true,healthy,none,1300,healthy_horizontal_no_load_1300rpm,401787,1298,268,1651,2168,6,0,835165,9,211,73,0,2,1659,1494,1219,63,140,1635,16383,1663,1653,1661075,808,2021,2215,526389,11954,8,382547,1496,46899,563,401688393,401788197,0,401788207,401788722,3414896203,17862268,0.0834,1651.0,0.30170867910322885,-0.021602496402878035,0.0834,25.46,77.8,,,,,,
2026-07-30T19:22:39.357844+00:00,S017,mounted,true,healthy,none,1300,healthy_horizontal_no_load_1300rpm,401888,1320,268,1630,2138,4,0,835218,9,211,73,3,2,1659,1495,1195,63,137,1638,16383,1663,1652,1660821,808,1997,2141,526384,11956,8,382549,1496,46900,563,401789121,401888706,0,401888780,401889295,3413837927,17868244,0.0834,1651.0,0.17778692773502813,-0.06215648076279745,0.0834,25.36,77.7,,,,,,
2026-07-30T19:22:39.452268+00:00,S017,mounted,true,healthy,none,1300,healthy_horizontal_no_load_1300rpm,401988,1331,271,1610,2120,5,0,835271,9,211,74,0,2,1659,1494,1213,63,137,1640,16383,1663,1651,1644618,800,2031,2205,526375,11955,8,382549,1496,46901,563,401889697,401988761,0,401988835,401989350,3381037394,17865257,0.0834,1651.0,0.2847357728983688,-0.0052200976160605705,0.0834,25.3,77.5,,,,,,
2026-07-30T19:22:39.544093+00:00,S017,mounted,true,healthy,none,1300,healthy_horizontal_no_load_1300rpm,402088,1334,270,1605,2112,1,0,835324,9,211,73,1,2,1659,1494,1200,64,132,1635,16383,1663,1651,1644461,800,1917,2097,526390,11955,8,382549,1496,46902,563,401989753,402088806,0,402088880,402089395,3380390263,17865255,0.0834,1651.0,0.10476316361355043,-0.1951911851944792,0.0834,25.46,77.8,,,,,,
2026-07-30T19:22:39.639102+00:00,S017,mounted,true,healthy,none,1300,healthy_horizontal_no_load_1300rpm,402188,1327,269,1612,2120,1,0,835378,9,211,73,1,2,1659,1495,1192,64,132,1637,16383,1662,1651,1643884,800,1999,2231,526338,11956,8,382551,1496,46903,563,402089797,402188848,0,402188926,402189441,3378036752,17868244,0.0834,1651.0,0.3277515580461694,-0.05882393342254977,0.0834,25.4,77.7,,,,,,
2026-07-30T19:22:39.781295+00:00,S017,mounted,true,healthy,none,1300,healthy_horizontal_no_load_1300rpm,402288,1323,267,1620,2125,3,0,835431,9,211,73,1,3,1659,1494,1200,62,129,1640,16383,1661,1651,1644305,800,1975,2301,526359,11955,8,382551,1496,46904,563,402189843,402288904,0,402288982,402289497,3379793687,17865257,0.0834,1651.0,0.444711425595985,-0.09853922835633666,0.0834,25.3,77.5,,,,,,
2026-07-30T19:22:39.874369+00:00,S017,mounted,true,healthy,none,1300,healthy_horizontal_no_load_1300rpm,402388,1319,269,1624,2135,6,0,835483,9,211,73,0,2,1659,1495,1236,62,129,1641,16383,1664,1651,1643623,800,2001,2079,526325,11956,8,382553,1496,46905,563,402289899,402388941,0,402389015,402389529,3376929935,17868246,0.0834,1651.0,0.07447796018735353,-0.055491386082302085,0.0834,25.27,77.5,,,,,,
2026-07-30T19:22:39.967661+00:00,S017,mounted,true,healthy,none,1300,healthy_horizontal_no_load_1300rpm,402488,1311,269,1636,2149,4,0,835536,9,211,73,0,2,1659,1495,1192,62,129,1638,16383,1666,1654,1644628,800,2025,2091,526351,11956,8,382555,1496,46906,563,402389928,402488973,0,402489047,402489562,3381049142,17868246,0.0834,1651.0,0.09447324422883874,-0.015500817999331229,0.0834,25.36,77.7,,,,,,
2026-07-30T19:22:40.063054+00:00,S017,mounted,true,healthy,none,1300,healthy_horizontal_no_load_1300rpm,402588,1311,269,1636,2150,5,0,835589,9,211,73,0,3,1659,1494,1224,60,124,1639,16383,1662,1651,1644397,800,2026,2085,526331,11954,8,382554,1496,46907,563,402489962,402589098,0,402589176,402589691,3380101827,17862272,0.0834,1651.0,0.08505686046511629,-0.013269734147566048,0.0834,25.33,77.6,,,,,,
2026-07-30T19:22:40.154454+00:00,S017,mounted,true,healthy,none,1300,healthy_horizontal_no_load_1300rpm,402688,1336,268,1609,2112,1,0,835642,9,211,73,2,2,1659,1494,1242,58,125,1638,16383,1665,1655,1645019,800,1909,2205,526383,11951,8,382547,1496,46908,563,402590091,402689188,0,402689262,402689777,3382707521,17853303,0.0834,1651.0,0.28596560831729523,-0.20745774771985648,0.0834,25.36,77.7,,,,,,
2026-07-30T19:22:40.247301+00:00,S017,mounted,true,healthy,none,1300,healthy_horizontal_no_load_1300rpm,402788,1358,270,1579,2076,1,0,835696,9,211,73,0,2,1659,1495,1216,58,125,1636,16383,1662,1654,1644632,800,1977,2159,526383,11957,8,382551,1496,46909,563,402690182,402789241,0,402789315,402789830,3381081638,17871233,0.0834,1651.0,0.20747898528058828,-0.09575745998160112,0.0834,25.43,77.8,,,,,,
2026-07-30T19:22:40.340162+00:00,S017,mounted,true,healthy,none,1300,healthy_horizontal_no_load_1300rpm,402888,1353,270,1576,2076,5,0,835751,9,211,73,4,3,1659,1495,1200,59,117,1640,16383,1663,1653,1644383,800,2029,2112,526360,11956,8,382553,1496,46910,563,402790229,402889306,0,402889385,402889900,3380050057,17868244,0.0834,1651.0,0.1294649913014383,-0.008835723318836308,0.0834,25.3,77.5,,,,,,
2026-07-30T19:22:40.486165+00:00,S017,mounted,true,healthy,none,1300,healthy_horizontal_no_load_1300rpm,402988,1322,269,1618,2127,1,0,835804,9,211,73,2,3,1659,1495,1221,59,117,1648,16383,1661,1654,1644031,800,2013,2079,526324,11957,8,382557,1496,46911,563,402890301,402989361,0,402989439,402989955,3378601795,17871235,0.0834,1651.0,0.07418824011039549,-0.03577662465501419,0.0834,25.06,77.1,,,,,,
2026-07-30T19:22:40.576851+00:00,S017,mounted,true,healthy,none,1300,healthy_horizontal_no_load_1300rpm,403088,1311,267,1635,2144,2,0,835856,9,211,73,0,3,1659,1494,1234,59,120,1644,16383,1664,1653,1644106,800,1951,2078,526316,11954,8,382556,1496,46912,563,402990356,403089434,0,403089508,403090023,3378918992,17862268,0.0834,1651.0,0.07339099330767906,-0.1382611679772463,0.0834,25.18,77.3,,,,,,
2026-07-30T19:22:40.670916+00:00,S017,mounted,true,healthy,none,1300,healthy_horizontal_no_load_1300rpm,403189,1317,269,1629,2140,6,0,835909,9,211,73,1,3,1659,1494,1242,61,135,1640,16383,1663,1651,1661166,808,1985,2080,526373,11952,8,382551,1496,46913,563,403090421,403190433,0,403190442,403190957,3415246334,17856292,0.0834,1651.0,0.0773041566265058,-0.08104481927710827,0.0834,25.3,77.5,,,,,,
2026-07-30T19:22:40.763666+00:00,S017,mounted,true,healthy,none,1300,healthy_horizontal_no_load_1300rpm,403289,1322,270,1620,2132,4,0,835962,9,211,73,0,3,1659,1494,1246,61,135,1636,16383,1663,1652,1644491,800,2025,2193,526371,11950,8,382542,1496,46914,563,403191358,403290444,0,403290454,403290969,3380511165,17850324,0.0834,1651.0,0.26626787230125526,-0.013806656903765813,0.0834,25.43,77.8,,,,,,
2026-07-30T19:22:40.858498+00:00,S017,mounted,true,healthy,none,1300,healthy_horizontal_no_load_1300rpm,403390,1321,269,1618,2128,4,0,836016,9,211,73,2,2,1659,1494,1199,62,149,1648,16383,1664,1654,1661379,808,2023,2179,526438,11955,8,382543,1496,46915,563,403291372,403391061,0,403391139,403391654,3416130839,17865255,0.0834,1651.0,0.2414090336260979,-0.018551402007528583,0.0834,25.06,77.1,,,,,,
2026-07-30T19:22:40.953383+00:00,S017,mounted,true,healthy,none,1300,healthy_horizontal_no_load_1300rpm,403490,1314,270,1629,2143,1,0,836068,9,211,73,0,3,1659,1494,1217,60,146,1645,16383,1663,1651,1644024,800,1959,2095,526379,11951,8,382537,1496,46916,563,403392055,403491122,0,403491196,403491711,3378582236,17853307,0.0834,1651.0,0.1025988206007864,-0.12410920784871582,0.0834,25.15,77.3,,,,,,
2026-07-30T19:22:41.048757+00:00,S017,mounted,true,healthy,none,1300,healthy_horizontal_no_load_1300rpm,403590,1309,269,1637,2152,3,0,836121,9,211,73,0,3,1659,1494,1243,60,146,1642,16383,1663,1652,1644034,800,2021,2083,526333,11954,8,382537,1496,46917,563,403492115,403591169,0,403591248,403591763,3378615710,17862266,0.0834,1651.0,0.0817237555629915,-0.021602496402878035,0.0834,25.24,77.4,,,,,,
2026-07-30T19:22:41.188258+00:00,S017,mounted,true,healthy,none,1300,healthy_horizontal_no_load_1300rpm,403690,1310,269,1637,2152,6,0,836173,9,211,73,0,3,1659,1494,1241,63,139,1636,16383,1664,1652,1644471,800,1883,2149,526356,11955,8,382538,1496,46918,563,403592162,403691387,0,403691461,403691976,3380485525,17865255,0.0834,1651.0,0.19141664215809273,-0.2518492288582186,0.0834,25.43,77.8,,,,,,
2026-07-30T19:22:41.282496+00:00,S017,mounted,true,healthy,none,1300,healthy_horizontal_no_load_1300rpm,403791,1310,266,1635,2143,4,0,836226,9,211,73,0,2,1659,1494,1222,63,139,1637,16383,1664,1652,1661042,808,2015,2188,526365,11950,8,382530,1496,46919,563,403692376,403792060,0,403792069,403792584,3414768662,17850316,0.0834,1651.0,0.25793232083682005,-0.030477759832635787,0.0834,25.4,77.7,,,,,,
2026-07-30T19:22:41.375088+00:00,S017,mounted,true,healthy,none,1300,healthy_horizontal_no_load_1300rpm,403891,1309,269,1634,2148,1,0,836278,9,211,73,1,3,1659,1494,1245,67,138,1645,16383,1662,1652,1643565,800,1875,2078,526312,11955,8,382531,1496,46920,563,403792983,403892102,0,403892112,403892627,3376716845,17865255,0.0834,1651.0,0.07310131568381406,-0.26518053324968616,0.0834,25.15,77.3,,,,,,
2026-07-30T19:22:41.467865+00:00,S017,mounted,true,healthy,none,1300,healthy_horizontal_no_load_1300rpm,403991,1311,268,1635,2146,3,0,836331,9,211,73,0,2,1659,1495,1219,65,151,1643,16383,1662,1652,1644198,800,1919,2097,526341,11956,8,382534,1496,46921,563,403893029,403992134,0,403992148,403992663,3379306522,17868246,0.0834,1651.0,0.10447088624958134,-0.19212582703245218,0.0834,25.21,77.4,,,,,,
2026-07-30T19:22:41.563577+00:00,S017,mounted,true,healthy,none,1300,healthy_horizontal_no_load_1300rpm,404091,1310,270,1637,2152,6,0,836383,9,211,73,0,2,1659,1494,1248,65,151,1640,16383,1664,1655,1644632,800,2027,2083,526364,11955,8,382535,1496,46922,563,403993062,404092185,0,404092195,404092710,3381067596,17865255,0.0834,1651.0,0.08143338092848174,-0.011885749811794355,0.0834,25.3,77.5,,,,,,
2026-07-30T19:22:41.657031+00:00,S017,mounted,true,healthy,none,1300,healthy_horizontal_no_load_1300rpm,404191,1312,269,1638,2152,4,0,836436,9,211,73,2,2,1659,1494,1234,66,142,1643,16383,1664,1651,1644785,800,1987,2087,526385,11952,8,382531,1496,46923,563,404093113,404192249,0,404192259,404192774,3381708485,17856294,0.0834,1651.0,0.08897197590361428,-0.07771115662650585,0.0834,25.21,77.4,,,,,,
2026-07-30T19:22:41.750160+00:00,S017,mounted,true,healthy,none,1300,healthy_horizontal_no_load_1300rpm,404291,1351,267,1590,2084,4,0,836490,9,211,73,2,2,1659,1495,1224,66,142,1638,16383,1664,1652,1644926,800,2015,2084,526442,11956,8,382534,1496,46924,563,404193175,404292384,0,404292393,404292908,3382276474,17868246,0.0834,1651.0,0.08280932853797252,-0.0321635547005692,0.0834,25.36,77.7,,,,,,
2026-07-30T19:22:41.890459+00:00,S017,mounted,true,healthy,none,1300,healthy_horizontal_no_load_1300rpm,404391,1360,271,1572,2070,4,0,836544,9,211,73,0,2,1659,1494,1247,66,142,1634,16383,1664,1655,1644947,800,2015,2083,526494,11952,8,382530,1496,46925,563,404293310,404392444,0,404392454,404392969,3382366119,17856294,0.0834,1651.0,0.08230465060240943,-0.031039879518072855,0.0834,25.49,77.9,,,,,,
2026-07-30T19:22:41.982690+00:00,S017,mounted,true,healthy,none,1300,healthy_horizontal_no_load_1300rpm,404492,1349,271,1583,2085,6,0,836599,9,211,73,2,3,1659,1495,1227,67,141,1640,16383,1663,1651,1661345,808,1967,2083,526540,11959,8,382539,1496,46926,563,404393368,404493062,0,404493140,404493655,3415987437,17877215,0.0834,1651.0,0.08027236800735782,-0.11296689012459282,0.0834,25.3,77.5,,,,,,
2026-07-30T19:22:42.075170+00:00,S017,mounted,true,healthy,none,1300,healthy_horizontal_no_load_1300rpm,404592,1330,269,1609,2116,4,0,836652,9,211,73,1,2,1659,1494,1237,67,141,1637,16383,1664,1651,1644676,800,1994,2265,526515,11954,8,382539,1496,46927,563,404494057,404593107,0,404593185,404593700,3381312074,17862268,0.0834,1651.0,0.38503630165634917,-0.06659941258156277,0.0834,25.4,77.7,,,,,,
2026-07-30T19:22:42.167912+00:00,S017,mounted,true,healthy,none,1300,healthy_horizontal_no_load_1300rpm,404692,1323,267,1619,2124,5,0,836705,9,211,73,1,2,1659,1494,1222,64,129,1640,16383,1664,1651,1643974,800,2010,2091,526418,11952,8,382535,1496,46928,563,404594102,404693323,0,404693401,404693916,3378369454,17856292,0.0834,1651.0,0.09563930120481912,-0.03937403614457846,0.0834,25.3,77.5,,,,,,
2026-07-30T19:22:42.261383+00:00,S017,mounted,true,healthy,none,1300,healthy_horizontal_no_load_1300rpm,404792,1315,268,1629,2140,3,0,836757,9,211,73,0,2,1659,1495,1238,62,121,1637,16383,1664,1653,1644992,800,2015,2175,526468,11959,8,382544,1496,46929,563,404694318,404793383,0,404793457,404793972,3382563118,17877211,0.0834,1651.0,0.23353108997407768,-0.033005817794130365,0.0834,25.4,77.7,,,,,,
2026-07-30T19:22:42.357985+00:00,S017,mounted,true,healthy,none,1300,healthy_horizontal_no_load_1300rpm,404892,1311,269,1634,2148,2,0,836810,9,211,73,0,2,1659,1495,1261,62,121,1639,16383,1663,1652,1643976,800,2025,2145,526411,11958,8,382551,1496,46930,563,404794372,404893418,0,404893492,404894007,3378391598,17874222,0.0834,1651.0,0.1838542373306571,-0.01606516056196705,0.0834,25.33,77.6,,,,,,
2026-07-30T19:22:42.449188+00:00,S017,mounted,true,healthy,none,1300,healthy_horizontal_no_load_1300rpm,404993,1306,268,1637,2150,6,0,836863,9,211,73,2,3,1659,1495,1209,60,117,1640,16383,1662,1652,1660297,808,2021,2081,526349,11956,8,382553,1496,46931,563,404894410,404994088,0,404994102,404994617,3411666205,17868244,0.0834,1651.0,0.07781050752760077,-0.022165912679826594,0.0834,25.3,77.5,,,,,,
2026-07-30T19:22:42.589953+00:00,S017,mounted,true,healthy,none,1300,healthy_horizontal_no_load_1300rpm,405093,1292,269,1656,2177,1,0,836914,9,211,73,1,3,1658,1494,1214,60,116,1640,16383,1664,1649,1643625,800,2021,2117,526274,11955,8,382553,1496,46932,563,404995018,405094238,0,405094248,405094763,3376942597,17865255,0.0796,1651.0,0.13809142459222068,-0.021884228105395476,0.0796,25.3,77.5,,,,,,
2026-07-30T19:22:42.683584+00:00,S017,mounted,true,healthy,none,1300,healthy_horizontal_no_load_1300rpm,405193,1289,268,1669,2190,2,0,836966,9,211,73,2,2,1659,1495,1254,60,116,1640,16383,1664,1654,1644742,800,2005,2263,526351,11958,8,382559,1496,46933,563,405095169,405194251,0,405194266,405194781,3381611308,17874222,0.0834,1651.0,0.3804416452584043,-0.049385060210738185,0.0834,25.3,77.5,,,,,,
2026-07-30T19:22:42.806033+00:00,S017,mounted,true,healthy,none,1300,healthy_horizontal_no_load_1300rpm,405293,1317,270,1633,2146,4,0,837018,9,211,73,3,2,1659,1494,1213,66,118,1635,16383,1664,1652,1644250,800,2013,2103,526346,11952,8,382554,1496,46934,563,405195182,405294309,0,405294319,405294834,3379505338,17856292,0.0834,1651.0,0.1156412771084332,-0.03437354216867483,0.0834,25.46,77.8,,,,,,
2026-07-30T19:22:42.852226+00:00,S017,mounted,true,healthy,none,1300,healthy_horizontal_no_load_1300rpm,405393,1331,266,1610,2111,4,0,837072,9,211,72,0,2,1659,1494,1245,66,118,1637,16383,1662,1652,1644541,800,2014,2218,526347,11954,8,382553,1496,46935,563,405295239,405394338,0,405394353,405394868,3380724309,17862272,0.0834,1651.0,0.30670833645641604,-0.03326836356031526,0.0834,25.4,77.7,,,,,,
2026-07-30T19:22:42.993166+00:00,S017,mounted,true,healthy,none,1300,healthy_horizontal_no_load_1300rpm,405493,1331,270,1606,2113,5,0,837125,9,211,73,2,3,1659,1494,1215,63,120,1638,16383,1665,1654,1644841,800,2027,2083,526370,11951,8,382546,1496,46936,563,405395267,405494379,0,405494393,405494908,3381928015,17853313,0.0834,1651.0,0.08259517103171232,-0.010755193623964487,0.0834,25.36,77.7,,,,,,
2026-07-30T19:22:43.085131+00:00,S017,mounted,true,healthy,none,1300,healthy_horizontal_no_load_1300rpm,405593,1318,270,1624,2137,3,0,837177,9,211,73,0,2,1659,1494,1196,63,125,1639,16383,1665,1654,1644433,800,1921,2163,526387,11954,8,382545,1496,46937,563,405495310,405594424,0,405594433,405594947,3380287003,17862266,0.0834,1651.0,0.21504795164798374,-0.18825774150911867,0.0834,25.33,77.6,,,,,,
2026-07-30T19:22:43.179190+00:00,S017,mounted,true,healthy,none,1300,healthy_horizontal_no_load_1300rpm,405694,1311,268,1636,2147,2,0,837230,9,211,73,0,3,1659,1494,1205,63,125,1638,16383,1664,1652,1660921,808,2023,2231,526357,11954,8,382544,1496,46938,563,405595347,405695064,0,405695138,405695652,3414274087,17862268,0.0834,1651.0,0.3283735183202272,-0.01826939150075324,0.0834,25.36,77.7,,,,,,
2026-07-30T19:22:43.271899+00:00,S017,mounted,true,healthy,none,1300,healthy_horizontal_no_load_1300rpm,405794,1292,269,1653,2174,4,0,837282,9,211,73,3,3,1659,1494,1209,63,124,1637,16383,1663,1651,1644022,800,1839,2087,526343,11953,8,382541,1496,46939,563,405696051,405795229,0,405795303,405795818,3378614280,17859281,0.0834,1651.0,0.0886809462896343,-0.3246586390864219,0.0834,25.4,77.7,,,,,,
2026-07-30T19:22:43.365227+00:00,S017,mounted,true,healthy,none,1300,healthy_horizontal_no_load_1300rpm,405894,1276,268,1682,2207,3,0,837333,9,211,72,0,2,1659,1495,1195,61,129,1644,16383,1664,1651,1644168,800,2023,2083,526343,11956,8,382544,1496,46940,563,405796219,405895276,0,405895350,405895865,3379159668,17868244,0.0834,1651.0,0.08114305486784845,-0.01883336533957891,0.0834,25.18,77.3,,,,,,
2026-07-30T19:22:43.459712+00:00,S017,mounted,true,healthy,none,1300,healthy_horizontal_no_load_1300rpm,405994,1275,266,1680,2202,4,0,837384,9,211,73,1,3,1659,1494,1198,61,129,1643,16383,1663,1651,1644237,800,2015,2259,526345,11955,8,382545,1496,46941,563,405896264,405995337,0,405995411,405995926,3379488645,17865257,0.0834,1651.0,0.374722077540778,-0.03188270639899615,0.0834,25.21,77.4,,,,,,
2026-07-30T19:22:43.554372+00:00,S017,mounted,true,healthy,none,1300,healthy_horizontal_no_load_1300rpm,406094,1294,269,1659,2180,1,0,837436,9,211,73,2,2,1659,1494,1238,61,123,1637,16383,1664,1651,1644521,800,2018,2079,526370,11953,8,382542,1496,46942,563,405996327,406095396,0,406095470,406095984,3380618677,17859279,0.0834,1651.0,0.075347411277503,-0.02632079318999425,0.0834,25.4,77.7,,,,,,
2026-07-30T19:22:43.695971+00:00,S017,mounted,true,healthy,none,1300,healthy_horizontal_no_load_1300rpm,406195,1306,267,1641,2152,3,0,837489,9,211,73,1,2,1659,1494,1224,61,123,1639,16383,1663,1652,1660446,808,1949,2079,526346,11950,8,382534,1496,46943,563,406096386,406196039,0,406196048,406196563,3412295688,17850324,0.0834,1651.0,0.07621729891213347,-0.14050703916317975,0.0834,25.33,77.6,,,,,,
2026-07-30T19:22:43.790916+00:00,S017,mounted,true,healthy,none,1300,healthy_horizontal_no_load_1300rpm,406295,1325,268,1623,2129,2,0,837542,9,211,73,2,3,1659,1494,1222,62,124,1635,16383,1661,1652,1643815,800,2019,2079,526331,11955,8,382535,1496,46944,563,406196965,406296193,0,406296207,406296722,3377713119,17865257,0.0834,1651.0,0.07476772873274751,-0.025217054203262812,0.0834,25.46,77.8,,,,,,
2026-07-30T19:22:43.883493+00:00,S017,mounted,true,healthy,none,1300,healthy_horizontal_no_load_1300rpm,406395,1341,271,1600,2106,6,0,837595,9,211,73,2,3,1659,1495,1198,63,124,1638,16383,1663,1651,1644366,800,2021,2087,526342,11956,8,382538,1496,46945,563,406297124,406396239,0,406396249,406396764,3379975578,17868244,0.0834,1651.0,0.08780814954834382,-0.022165912679826594,0.0834,25.36,77.7,,,,,,
2026-07-30T19:22:43.976616+00:00,S017,mounted,true,healthy,none,1300,healthy_horizontal_no_load_1300rpm,406495,1346,271,1591,2094,6,0,837649,9,211,73,0,2,1659,1494,1200,63,124,1642,16383,1663,1654,1644499,800,2029,2081,526370,11950,8,382530,1496,46946,563,406397165,406496283,0,406496293,406496808,3380522725,17850316,0.0834,1651.0,0.07955151949790773,-0.007138215732217734,0.0834,25.24,77.4,,,,,,
2026-07-30T19:22:44.071178+00:00,S017,mounted,true,healthy,none,1300,healthy_horizontal_no_load_1300rpm,406595,1344,271,1592,2097,6,0,837703,9,211,73,1,2,1659,1494,1222,64,127,1644,16383,1664,1652,1644228,800,2013,2085,526346,11954,8,382530,1496,46947,563,406497211,406596308,0,406596318,406596833,3379421214,17862268,0.0834,1651.0,0.08505686046511629,-0.034934916011377215,0.0834,25.18,77.3,,,,,,
2026-07-30T19:22:44.163019+00:00,S017,mounted,true,healthy,none,1300,healthy_horizontal_no_load_1300rpm,406695,1338,271,1599,2106,4,0,837756,9,211,73,0,3,1659,1494,1201,63,129,1643,16383,1663,1651,1643905,800,2019,2161,526307,11952,8,382526,1496,46948,563,406597234,406696350,0,406696360,406696875,3378103445,17856292,0.0834,1651.0,0.21231749397590338,-0.024372554216868014,0.0834,25.21,77.4,,,,,,
2026-07-30T19:22:44.258043+00:00,S017,mounted,true,healthy,none,1300,healthy_horizontal_no_load_1300rpm,406796,1331,270,1607,2114,4,0,837810,9,211,73,1,3,1659,1494,1208,63,129,1637,16383,1663,1653,1660846,808,2027,2173,526361,11950,8,382519,1496,46949,563,406697274,406797065,0,406797138,406797654,3413935114,17850316,0.0834,1651.0,0.23292566644351442,-0.010472436317991995,0.0834,25.4,77.7,,,,,,
2026-07-30T19:22:44.394215+00:00,S017,mounted,true,healthy,none,1300,healthy_horizontal_no_load_1300rpm,406896,1315,269,1630,2142,5,0,837863,9,211,73,0,3,1659,1495,1203,62,129,1634,16383,1663,1652,1644413,800,2021,2237,526352,11957,8,382525,1496,46950,563,406798059,406897156,0,406897230,406897745,3380211869,17871233,0.0834,1651.0,0.3374374618215268,-0.02244755013799482,0.0834,25.49,77.9,,,,,,
2026-07-30T19:22:44.487026+00:00,S017,mounted,true,healthy,none,1300,healthy_horizontal_no_load_1300rpm,406996,1311,269,1636,2149,3,0,837915,9,211,73,0,3,1659,1494,1216,62,129,1640,16383,1662,1652,1644181,800,2006,2107,526323,11950,8,382518,1496,46951,563,406898144,406997202,0,406997276,406997792,3379219303,17850316,0.0834,1651.0,0.1228963871129709,-0.04548175246861952,0.0834,25.3,77.5,,,,,,
2026-07-30T19:22:44.580286+00:00,S017,mounted,true,healthy,none,1300,healthy_horizontal_no_load_1300rpm,407096,1311,268,1634,2145,2,0,837968,9,211,73,0,3,1659,1494,1222,61,119,1641,16383,1664,1654,1644599,800,2003,2085,526364,11954,8,382518,1496,46952,563,406998191,407097274,0,407097348,407097863,3380935873,17862266,0.0834,1651.0,0.08505686046511629,-0.05160044052200119,0.0834,25.27,77.5,,,,,,
2026-07-30T19:22:44.673451+00:00,S017,mounted,true,healthy,none,1300,healthy_horizontal_no_load_1300rpm,407196,1320,267,1620,2127,6,0,838021,9,211,73,0,2,1659,1494,1206,62,128,1638,16383,1664,1652,1644553,800,2029,2219,526348,11949,8,382509,1496,46953,563,407098266,407197497,0,407197571,407198086,3380774847,17847329,0.0834,1651.0,0.30992233216168685,-0.006855132061260871,0.0834,25.36,77.7,,,,,,
2026-07-30T19:22:44.768925+00:00,S017,mounted,true,healthy,none,1300,healthy_horizontal_no_load_1300rpm,407297,1322,269,1620,2130,4,0,838074,9,211,73,1,3,1659,1494,1229,62,128,1636,16383,1663,1651,1660825,808,2003,2083,526340,11954,8,382510,1496,46954,563,407198485,407298086,0,407298095,407298610,3413843325,17862270,0.0834,1651.0,0.0817237555629915,-0.05160044052200119,0.0834,25.43,77.8,,,,,,
2026-07-30T19:22:44.861745+00:00,S017,mounted,true,healthy,none,1300,healthy_horizontal_no_load_1300rpm,407397,1306,268,1640,2153,1,0,838126,9,211,73,1,3,1659,1495,1213,61,128,1636,16383,1662,1652,1644301,800,2019,2088,526346,11956,8,382515,1496,46955,563,407299015,407398119,0,407398128,407398642,3379707175,17868246,0.0834,1651.0,0.08947442321846744,-0.025498460020073832,0.0834,25.43,77.8,,,,,,
2026-07-30T19:22:45.004165+00:00,S017,mounted,true,healthy,none,1300,healthy_horizontal_no_load_1300rpm,407497,1298,268,1653,2170,2,0,838178,9,211,73,1,2,1659,1494,1221,61,125,1638,16383,1663,1652,1644347,800,1957,2089,526349,11954,8,382515,1496,46956,563,407399044,407498166,0,407498175,407498690,3379906577,17862270,0.0834,1651.0,0.09172307026936588,-0.12826185327087192,0.0834,25.36,77.7,,,,,,
2026-07-30T19:22:45.098477+00:00,S017,mounted,true,healthy,none,1300,healthy_horizontal_no_load_1300rpm,407597,1301,267,1652,2166,6,0,838231,9,211,73,1,3,1659,1495,1214,61,125,1641,16383,1662,1652,1644368,800,2017,2163,526350,11957,8,382521,1496,46957,563,407499091,407598215,0,407598229,407598744,3379997784,17871235,0.0834,1651.0,0.21414352253909819,-0.029112087396504283,0.0834,25.27,77.5,,,,,,
2026-07-30T19:22:45.191317+00:00,S017,mounted,true,healthy,none,1300,healthy_horizontal_no_load_1300rpm,407697,1323,270,1623,2133,4,0,838284,9,211,73,2,3,1659,1494,1219,61,132,1642,16383,1663,1654,1644696,800,2029,2086,526352,11953,8,382520,1496,46958,563,407599145,407698241,0,407698255,407698771,3381330654,17859281,0.0834,1651.0,0.08701425441311805,-0.007987182548314653,0.0834,25.24,77.4,,,,,,
2026-07-30T19:22:45.285188+00:00,S017,mounted,true,healthy,none,1300,healthy_horizontal_no_load_1300rpm,407797,1335,270,1604,2110,5,0,838337,9,211,73,0,3,1659,1494,1232,61,132,1639,16383,1668,1653,1644588,800,1963,2217,526386,11954,8,382520,1496,46959,563,407699172,407798384,0,407798394,407798909,3380947490,17862270,0.0834,1651.0,0.30504178400535364,-0.11826253856449753,0.0834,25.33,77.6,,,,,,
2026-07-30T19:22:45.378701+00:00,S017,mounted,true,healthy,none,1300,healthy_horizontal_no_load_1300rpm,407897,1323,269,1617,2127,1,0,838390,9,211,73,2,3,1659,1494,1226,60,127,1646,16383,1663,1654,1644068,800,1969,2083,526346,11955,8,382522,1496,46960,563,407799312,407898405,0,407898415,407898930,3378765020,17865257,0.0834,1651.0,0.08143338092848174,-0.10853770664993734,0.0834,25.12,77.2,,,,,,
2026-07-30T19:22:45.472217+00:00,S017,mounted,true,healthy,none,1300,healthy_horizontal_no_load_1300rpm,407998,1313,270,1632,2147,3,0,838443,9,211,73,1,2,1659,1494,1234,59,123,1644,16383,1663,1654,1661477,808,1979,2179,526416,11954,8,382522,1496,46961,563,407899335,407999207,0,407999281,407999796,3416557485,17862270,0.0834,1651.0,0.2417127908649821,-0.09159769934749873,0.0834,25.18,77.3,,,,,,
2026-07-30T19:22:45.566576+00:00,S017,mounted,true,healthy,none,1300,healthy_horizontal_no_load_1300rpm,408098,1310,269,1637,2152,2,0,838496,9,211,73,0,2,1659,1494,1264,59,123,1638,16383,1664,1654,1644255,800,1964,2083,526381,11955,8,382524,1496,46962,563,408000198,408099358,0,408099436,408099951,3379534255,17865261,0.0834,1651.0,0.08143338092848174,-0.11686977189460546,0.0834,25.36,77.7,,,,,,
2026-07-30T19:22:45.660385+00:00,S017,mounted,true,healthy,none,1300,healthy_horizontal_no_load_1300rpm,408198,1330,270,1611,2119,6,0,838549,9,211,73,0,3,1659,1495,1216,60,133,1637,16383,1661,1651,1644016,800,2025,2083,526340,11957,8,382530,1496,46963,563,408100351,408199402,0,408199632,408200147,3378536740,17871235,0.0834,1651.0,0.08085277736890495,-0.01578301287948536,0.0834,25.4,77.7,,,,,,
2026-07-30T19:22:45.798942+00:00,S017,mounted,true,healthy,none,1300,healthy_horizontal_no_load_1300rpm,408299,1334,270,1606,2112,4,0,838602,9,211,73,0,2,1659,1495,1246,64,138,1635,16383,1662,1651,1661054,808,1985,2102,526377,11959,8,382539,1496,46964,563,408200547,408300099,0,408300109,408300624,3414790784,17877211,0.0834,1651.0,0.11192362580483328,-0.0829814880006694,0.0834,25.46,77.8,,,,,,
2026-07-30T19:22:45.893276+00:00,S017,mounted,true,healthy,none,1300,healthy_horizontal_no_load_1300rpm,408399,1326,269,1614,2122,4,0,838656,9,211,73,1,3,1659,1494,1209,64,138,1647,16383,1664,1652,1644541,800,2017,2083,526370,11953,8,382537,1496,46965,563,408301023,408400115,0,408400130,408400645,3380697403,17859279,0.0834,1651.0,0.08201417878356887,-0.027987485066510942,0.0834,25.09,77.2,,,,,,
2026-07-30T19:22:45.987709+00:00,S017,mounted,true,healthy,none,1300,healthy_horizontal_no_load_1300rpm,408499,1315,269,1629,2141,1,0,838708,9,211,73,0,2,1659,1494,1244,63,132,1637,16383,1664,1651,1644843,800,1959,2081,526400,11954,8,382537,1496,46966,563,408401046,408500161,0,408500170,408500685,3381947259,17862268,0.0834,1651.0,0.07839065066086626,-0.12492874836874712,0.0834,25.4,77.7,,,,,,
2026-07-30T19:22:46.081410+00:00,S017,mounted,true,healthy,none,1300,healthy_horizontal_no_load_1300rpm,408599,1310,265,1643,2149,3,0,838761,9,211,72,0,2,1659,1495,1242,63,132,1644,16383,1664,1652,1644143,800,2019,2157,526335,11956,8,382540,1496,46967,563,408501088,408600199,0,408600213,408600728,3379072631,17868244,0.0834,1651.0,0.2044473064570087,-0.025498460020073832,0.0834,25.18,77.3,,,,,,
2026-07-30T19:22:46.174896+00:00,S017,mounted,true,healthy,none,1300,healthy_horizontal_no_load_1300rpm,408699,1309,268,1638,2151,6,0,838813,9,211,73,0,3,1659,1494,1232,59,125,1638,16383,1662,1652,1644102,800,1924,2091,526331,11953,8,382538,1496,46968,563,408601127,408700490,0,408700499,408701014,3378907632,17859281,0.0834,1651.0,0.09534771379569973,-0.18298982958253163,0.0834,25.36,77.7,,,,,,
2026-07-30T19:22:46.268085+00:00,S017,mounted,true,healthy,none,1300,healthy_horizontal_no_load_1300rpm,408800,1310,270,1634,2150,4,0,838866,9,211,73,0,3,1659,1494,1234,58,121,1635,16383,1664,1655,1661230,808,2021,2151,526340,11951,8,382532,1496,46969,563,408701417,408801090,0,408801164,408801679,3415514410,17853303,0.0834,1651.0,0.1959491852564641,-0.020757018408501526,0.0834,25.46,77.8,,,,,,
2026-07-30T19:22:46.407874+00:00,S017,mounted,true,healthy,none,1300,healthy_horizontal_no_load_1300rpm,408900,1320,270,1626,2138,5,0,838919,9,211,73,2,3,1659,1495,1264,58,121,1637,16383,1663,1652,1644211,800,1971,2143,526331,11956,8,382535,1496,46970,563,408802078,408901157,0,408901236,408901751,3379355823,17868246,0.0834,1651.0,0.18111947507527582,-0.10547959618601599,0.0834,25.4,77.7,,,,,,
2026-07-30T19:22:46.500360+00:00,S017,mounted,true,healthy,none,1300,healthy_horizontal_no_load_1300rpm,409000,1338,271,1603,2109,1,0,838972,9,211,73,2,2,1659,1494,1251,59,124,1627,16383,1662,1651,1644426,800,2025,2079,526335,11955,8,382536,1496,46971,563,408902152,409001217,0,409001291,409001806,3380226532,17865255,0.0834,1651.0,0.07476772873274751,-0.015218575909661247,0.0834,25.7,78.3,,,,,,
2026-07-30T19:22:46.595683+00:00,S017,mounted,true,healthy,none,1300,healthy_horizontal_no_load_1300rpm,409100,1347,270,1591,2093,1,0,839026,9,211,73,1,2,1659,1494,1229,60,124,1636,16383,1664,1654,1644743,800,1787,2087,526437,11950,8,382528,1496,46972,563,409002207,409101271,0,409101345,409101860,3381598465,17850318,0.0834,1651.0,0.08955418125523007,-0.4105789066108789,0.0834,25.43,77.8,,,,,,
2026-07-30T19:22:46.689343+00:00,S017,mounted,true,healthy,none,1300,healthy_horizontal_no_load_1300rpm,409200,1326,270,1614,2123,1,0,839080,9,211,73,1,3,1659,1495,1261,60,124,1637,16383,1663,1654,1644733,800,1991,2093,526474,11958,8,382536,1496,46973,563,409102261,409201318,0,409201396,409201911,3381486665,17874222,0.0834,1651.0,0.0972224982438532,-0.07270898996487718,0.0834,25.4,77.7,,,,,,
2026-07-30T19:22:46.781831+00:00,S017,mounted,true,healthy,none,1300,healthy_horizontal_no_load_1300rpm,409300,1314,269,1629,2141,2,0,839132,9,211,73,1,2,1659,1494,1227,66,134,1642,16383,1662,1655,1644706,800,2007,2202,526456,11952,8,382532,1496,46974,563,409202313,409301387,0,409301461,409301976,3381391642,17856290,0.0834,1651.0,0.28065757831325255,-0.04437453012048209,0.0834,25.24,77.4,,,,,,
2026-07-30T19:22:46.873942+00:00,S017,mounted,true,healthy,none,1300,healthy_horizontal_no_load_1300rpm,409400,1310,268,1635,2147,6,0,839185,9,211,73,1,2,1659,1495,1253,66,134,1642,16383,1663,1651,1644149,800,2031,2081,526413,11957,8,382537,1496,46975,563,409302377,409401451,0,409401530,409402045,3379086739,17871233,0.0834,1651.0,0.07752050873964977,-0.0057862069917207215,0.0834,25.24,77.4,,,,,,
2026-07-30T19:22:46.966363+00:00,S017,mounted,true,healthy,none,1300,healthy_horizontal_no_load_1300rpm,409501,1295,269,1654,2174,5,0,839237,9,211,73,1,2,1659,1494,1217,64,132,1638,16383,1663,1651,1660581,808,2027,2081,526349,11953,8,382535,1496,46976,563,409402447,409502074,0,409502088,409502603,3412836361,17859279,0.0834,1651.0,0.07868079503053593,-0.01132056630134759,0.0834,25.36,77.7,,,,,,
2026-07-30T19:22:47.106357+00:00,S017,mounted,true,healthy,none,1300,healthy_horizontal_no_load_1300rpm,409601,1288,269,1666,2188,2,0,839288,9,211,73,1,2,1659,1494,1213,64,123,1636,16383,1666,1650,1644089,800,1987,2212,526315,11954,8,382535,1496,46977,563,409503005,409602121,0,409602131,409602645,3378875079,17862268,0.0834,1651.0,0.2967090217500412,-0.078265279739,0.0834,25.43,77.8,,,,,,
2026-07-30T19:22:47.198416+00:00,S017,mounted,true,healthy,none,1300,healthy_horizontal_no_load_1300rpm,409701,1292,268,1665,2185,4,0,839340,9,211,73,3,2,1659,1495,1230,64,123,1643,16383,1662,1651,1644127,800,2025,2079,526341,11957,8,382540,1496,46978,563,409603046,409702180,0,409702189,409702705,3378994077,17871233,0.0834,1651.0,0.07418824011039549,-0.01578301287948536,0.0834,25.21,77.4,,,,,,
2026-07-30T19:22:47.292290+00:00,S017,mounted,true,healthy,none,1300,healthy_horizontal_no_load_1300rpm,409801,1328,268,1613,2118,4,0,839394,9,211,73,1,2,1659,1495,1251,65,126,1641,16383,1663,1651,1644298,800,2018,2111,526346,11958,8,382547,1496,46979,563,409703106,409802334,0,409802348,409802863,3379702694,17874224,0.0834,1651.0,0.12721040792774696,-0.027727125439036993,0.0834,25.27,77.5,,,,,,
2026-07-30T19:22:47.401706+00:00,S017,mounted,true,healthy,none,1300,healthy_horizontal_no_load_1300rpm,409901,1334,270,1607,2113,5,0,839447,9,211,73,1,3,1659,1494,1218,68,137,1641,16383,1663,1653,1644547,800,1959,2309,526392,11955,8,382547,1496,46980,563,409803264,409902359,0,409902373,409902888,3380814919,17865257,0.0834,1651.0,0.45804272998745255,-0.12520183713927224,0.0834,25.27,77.5,,,,,,
2026-07-30T19:22:47.496988+00:00,S017,mounted,true,healthy,none,1300,healthy_horizontal_no_load_1300rpm,410001,1322,270,1618,2129,1,0,839500,9,211,73,2,3,1659,1494,1225,68,137,1642,16383,1663,1653,1644313,800,2003,2077,526392,11955,8,382547,1496,46981,563,409903290,410002392,0,410002406,410002922,3379764421,17865257,0.0834,1651.0,0.07143490263488061,-0.051879662986198394,0.0834,25.24,77.4,,,,,,
2026-07-30T19:22:47.589990+00:00,S017,mounted,true,healthy,none,1300,healthy_horizontal_no_load_1300rpm,410102,1314,270,1630,2144,3,0,839553,9,211,73,0,2,1659,1494,1208,67,139,1643,16383,1664,1652,1661112,808,2019,2081,526404,11955,8,382547,1496,46982,563,410003323,410102994,0,410103072,410103587,3415022804,17865257,0.0834,1651.0,0.07810055483061484,-0.025217054203262812,0.0834,25.21,77.4,,,,,,
2026-07-30T19:22:47.683864+00:00,S017,mounted,true,healthy,none,1300,healthy_horizontal_no_load_1300rpm,410202,1309,269,1638,2152,6,0,839605,9,211,73,0,2,1659,1494,1230,67,139,1638,16383,1662,1649,1643940,800,2011,2085,526364,11953,8,382544,1496,46983,563,410103987,410203382,0,410203456,410203971,3378232866,17859281,0.0834,1651.0,0.08534756253660136,-0.037987636325608864,0.0834,25.36,77.7,,,,,,
2026-07-30T19:22:47.777041+00:00,S017,mounted,true,healthy,none,1300,healthy_horizontal_no_load_1300rpm,410302,1310,270,1633,2148,4,0,839658,9,211,73,0,2,1659,1494,1198,64,133,1637,16383,1663,1653,1644446,800,1970,2093,526362,11954,8,382543,1496,46984,563,410204374,410303427,0,410303505,410304020,3380322960,17862268,0.0834,1651.0,0.09838928007361547,-0.10659667140706075,0.0834,25.4,77.7,,,,,,
2026-07-30T19:22:47.886256+00:00,S017,mounted,true,healthy,none,1300,healthy_horizontal_no_load_1300rpm,410403,1309,269,1635,2149,1,0,839710,9,211,73,0,3,1659,1495,1211,65,134,1635,16383,1663,1654,1661039,808,2027,2147,526359,11957,8,382548,1496,46985,563,410304420,410404071,0,410404080,410404595,3414732075,17871233,0.0834,1651.0,0.18748537350505945,-0.012450744250230628,0.0834,25.46,77.8,,,,,,
2026-07-30T19:22:47.979071+00:00,S017,mounted,true,healthy,none,1300,healthy_horizontal_no_load_1300rpm,410503,1317,270,1629,2142,3,0,839763,9,211,73,1,3,1659,1494,1196,65,134,1631,16383,1663,1650,1644459,800,1852,2169,526366,11951,8,382541,1496,46986,563,410404995,410504109,0,410504118,410504633,3380414627,17853305,0.0834,1651.0,0.22595465961007388,-0.30247508317295635,0.0834,25.58,78.0,,,,,,
2026-07-30T19:22:48.071888+00:00,S017,mounted,true,healthy,none,1300,healthy_horizontal_no_load_1300rpm,410603,1321,270,1621,2132,2,0,839816,9,211,73,0,3,1659,1494,1206,64,134,1638,16383,1664,1654,1645160,800,2026,2169,526410,11955,8,382542,1496,46987,563,410505039,410604233,0,410604243,410604758,3383251610,17865257,0.0834,1651.0,0.22474490313676254,-0.013552162860727801,0.0834,25.36,77.7,,,,,,
2026-07-30T19:22:48.199241+00:00,S017,mounted,true,healthy,none,1300,healthy_horizontal_no_load_1300rpm,410703,1321,270,1618,2130,6,0,839869,9,211,73,2,3,1659,1494,1232,64,141,1644,16383,1664,1653,1644226,800,2021,2184,526359,11954,8,382542,1496,46988,563,410605161,410704413,0,410704422,410704937,3379417826,17862268,0.0834,1651.0,0.25004555312029453,-0.021602496402878035,0.0834,25.18,77.3,,,,,,
2026-07-30T19:22:48.307048+00:00,S017,mounted,true,healthy,none,1300,healthy_horizontal_no_load_1300rpm,410803,1313,270,1631,2146,4,0,839922,9,211,73,0,2,1659,1494,1232,64,141,1641,16383,1662,1651,1643925,800,2030,2081,526318,11952,8,382538,1496,46989,563,410705342,410804417,0,410804431,410804946,3378167689,17856292,0.0834,1651.0,0.07897098795180701,-0.006037409638554259,0.0834,25.27,77.5,,,,,,
2026-07-30T19:22:48.399554+00:00,S017,mounted,true,healthy,none,1300,healthy_horizontal_no_load_1300rpm,410904,1310,266,1638,2146,1,0,839974,9,211,73,1,2,1659,1494,1204,66,139,1643,16383,1663,1652,1660828,808,1965,2107,526341,11954,8,382538,1496,46990,563,410805345,410905047,0,410905121,410905636,3413866956,17862268,0.0834,1651.0,0.12172101438848859,-0.11492943366237274,0.0834,25.21,77.4,,,,,,
2026-07-30T19:22:48.493612+00:00,S017,mounted,true,healthy,none,1300,healthy_horizontal_no_load_1300rpm,411004,1318,267,1630,2136,3,0,840027,9,211,73,2,3,1659,1495,1221,66,139,1640,16383,1663,1651,1644261,800,1911,2147,526339,11958,8,382545,1496,46991,563,410906037,411005096,0,411005170,411005685,3379581765,17874222,0.0834,1651.0,0.18718622729553402,-0.20598858855995994,0.0834,25.3,77.5,,,,,,
2026-07-30T19:22:48.586846+00:00,S017,mounted,true,healthy,none,1300,healthy_horizontal_no_load_1300rpm,411104,1331,269,1613,2119,3,0,840081,9,211,73,1,2,1659,1494,1225,66,136,1639,16383,1662,1652,1644210,800,2023,2085,526337,11954,8,382544,1496,46992,563,411006087,411105152,0,411105231,411105746,3379337920,17862270,0.0834,1651.0,0.08505686046511629,-0.01826939150075324,0.0834,25.33,77.6,,,,,,
2026-07-30T19:22:48.681426+00:00,S017,mounted,true,healthy,none,1300,healthy_horizontal_no_load_1300rpm,411204,1335,267,1603,2103,2,0,840134,9,211,73,1,2,1659,1495,1235,66,126,1638,16383,1664,1654,1644270,800,1967,2089,526347,11958,8,382551,1496,46993,563,411106147,411205217,0,411205291,411205806,3379593516,17874222,0.0834,1651.0,0.09055851831409933,-0.11269286954340174,0.0834,25.36,77.7,,,,,,
2026-07-30T19:22:48.774980+00:00,S017,mounted,true,healthy,none,1300,healthy_horizontal_no_load_1300rpm,411304,1330,268,1611,2116,6,0,840187,9,211,73,0,3,1659,1494,1209,66,126,1644,16383,1664,1651,1643931,800,2019,2087,526338,11955,8,382551,1496,46994,563,411206211,411305281,0,411305355,411305870,3378193563,17865255,0.0834,1651.0,0.08809903312421552,-0.025217054203262812,0.0834,25.18,77.3,,,,,,
2026-07-30T19:22:48.914615+00:00,S017,mounted,true,healthy,none,1300,healthy_horizontal_no_load_1300rpm,411404,1323,270,1618,2129,4,0,840240,9,211,73,0,3,1659,1494,1199,69,140,1643,16383,1664,1650,1644166,800,1981,2087,526357,11953,8,382548,1496,46995,563,411306273,411405329,0,411405403,411405918,3379167424,17859281,0.0834,1651.0,0.0886809462896343,-0.08798839262109981,0.0834,25.21,77.4,,,,,,
2026-07-30T19:22:49.009185+00:00,S017,mounted,true,healthy,none,1300,healthy_horizontal_no_load_1300rpm,411505,1321,270,1619,2131,5,0,840293,9,211,73,2,2,1659,1494,1221,67,146,1643,16383,1662,1653,1660554,808,1949,2086,526347,11951,8,382541,1496,46996,563,411406321,411506211,0,411506221,411506736,3412740870,17853305,0.0834,1651.0,0.08759608342398106,-0.14077891582294422,0.0834,25.21,77.4,,,,,,
2026-07-30T19:22:49.102373+00:00,S017,mounted,true,healthy,none,1300,healthy_horizontal_no_load_1300rpm,411605,1307,269,1638,2154,1,0,840346,9,211,73,1,2,1659,1494,1249,67,146,1647,16383,1665,1652,1644761,800,2027,2141,526368,11954,8,382541,1496,46997,563,411507137,411606243,0,411606257,411606772,3381612197,17862266,0.0834,1651.0,0.178383797724611,-0.011603181696503206,0.0834,25.09,77.2,,,,,,
2026-07-30T19:22:49.195829+00:00,S017,mounted,true,healthy,none,1300,healthy_horizontal_no_load_1300rpm,411705,1300,270,1648,2167,2,0,840398,9,211,73,0,3,1659,1495,1213,67,150,1641,16383,1663,1653,1644393,800,2018,2205,526338,11957,8,382546,1496,46998,563,411607174,411706296,0,411706310,411706825,3380111391,17871233,0.0834,1651.0,0.28412116375344976,-0.02744595308187714,0.0834,25.27,77.5,,,,,,
2026-07-30T19:22:49.288724+00:00,S017,mounted,true,healthy,none,1300,healthy_horizontal_no_load_1300rpm,411805,1318,270,1630,2143,4,0,840450,9,211,73,2,3,1659,1494,1210,67,150,1641,16383,1662,1651,1644496,800,1987,2217,526331,11953,8,382543,1496,46999,563,411707225,411806321,0,411806331,411806846,3380543542,17859281,0.0834,1651.0,0.30535089023676054,-0.07798824136200144,0.0834,25.27,77.5,,,,,,
2026-07-30T19:22:49.382992+00:00,S017,mounted,true,healthy,none,1300,healthy_horizontal_no_load_1300rpm,411905,1331,269,1611,2118,4,0,840504,9,211,74,1,2,1659,1495,1209,66,140,1638,16383,1663,1651,1644562,800,2019,2149,526348,11956,8,382546,1496,47000,563,411807247,411906365,0,411906380,411906895,3380795636,17868244,0.0834,1651.0,0.19111711709601842,-0.025498460020073832,0.0834,25.36,77.7,,,,,,
2026-07-30T19:22:49.523200+00:00,S017,mounted,true,healthy,none,1300,healthy_horizontal_no_load_1300rpm,412005,1333,271,1606,2114,5,0,840557,9,211,73,0,2,1659,1494,1221,66,138,1642,16383,1662,1651,1645023,800,2027,2226,526347,11954,8,382545,1496,47001,563,411907296,412006407,0,412006416,412006931,3382729559,17862268,0.0834,1651.0,0.3200407560649152,-0.011603181696503206,0.0834,25.24,77.4,,,,,,
2026-07-30T19:22:49.617446+00:00,S017,mounted,true,healthy,none,1300,healthy_horizontal_no_load_1300rpm,412105,1345,270,1595,2097,5,0,840611,9,211,73,1,3,1659,1494,1242,66,138,1637,16383,1663,1651,1644663,800,2028,2210,526370,11953,8,382542,1496,47002,563,412007331,412106438,0,412106453,412106968,3381220169,17859281,0.0834,1651.0,0.2936840471011455,-0.0096538744248309,0.0834,25.4,77.7,,,,,,
2026-07-30T19:22:49.711921+00:00,S017,mounted,true,healthy,none,1300,healthy_horizontal_no_load_1300rpm,412206,1348,270,1590,2091,5,0,840665,9,211,73,1,3,1659,1494,1224,65,131,1647,16383,1664,1653,1660871,808,1943,2097,526354,11953,8,382540,1496,47003,563,412107369,412207077,0,412207151,412207666,3414042593,17859281,0.0834,1651.0,0.10534786505479765,-0.15132268392872117,0.0834,25.09,77.2,,,,,,
2026-07-30T19:22:49.806241+00:00,S017,mounted,true,healthy,none,1300,healthy_horizontal_no_load_1300rpm,412306,1339,270,1595,2099,5,0,840719,9,211,73,3,2,1659,1495,1238,64,133,1641,16383,1663,1652,1644219,800,2027,2078,526326,11957,8,382545,1496,47004,563,412208072,412307155,0,412307233,412307748,3379371427,17871233,0.0834,1651.0,0.0725221057957679,-0.012450744250230628,0.0834,25.27,77.5,,,,,,
2026-07-30T19:22:49.900916+00:00,S017,mounted,true,healthy,none,1300,healthy_horizontal_no_load_1300rpm,412406,1318,269,1625,2135,3,0,840771,9,211,73,1,3,1659,1495,1246,64,133,1640,16383,1666,1653,1644155,800,2011,2119,526339,11957,8,382549,1496,47005,563,412308150,412407216,0,412407290,412407805,3379117371,17871233,0.0834,1651.0,0.14083361269549188,-0.03910889328426892,0.0834,25.3,77.5,,,,,,
2026-07-30T19:22:49.993621+00:00,S017,mounted,true,healthy,none,1300,healthy_horizontal_no_load_1300rpm,412506,1312,268,1631,2143,2,0,840824,9,211,73,2,3,1659,1494,1216,62,129,1640,16383,1664,1654,1644231,800,1970,2079,526325,11955,8,382549,1496,47006,563,412408207,412507256,0,412507330,412507845,3379428245,17865257,0.0834,1651.0,0.07476772873274751,-0.10687129360100389,0.0834,25.3,77.5,,,,,,
2026-07-30T19:22:50.087722+00:00,S017,mounted,true,healthy,none,1300,healthy_horizontal_no_load_1300rpm,412606,1310,269,1634,2148,6,0,840877,9,211,73,0,3,1659,1495,1229,62,129,1638,16383,1663,1654,1644457,800,2029,2257,526329,11956,8,382551,1496,47007,563,412508250,412607334,0,412607564,412608079,3380391241,17868244,0.0834,1651.0,0.37107467346938705,-0.008835723318836308,0.0834,25.36,77.7,,,,,,
2026-07-30T19:22:50.182269+00:00,S017,mounted,true,healthy,none,1300,healthy_horizontal_no_load_1300rpm,412707,1312,269,1633,2147,5,0,840929,9,211,73,1,2,1659,1494,1242,63,142,1650,16383,1663,1655,1660770,808,1875,2239,526353,11951,8,382544,1496,47008,563,412608479,412708095,0,412708104,412708619,3413683062,17853303,0.0834,1651.0,0.34264261542967134,-0.2641347548322317,0.0834,25.0,77.0,,,,,,
2026-07-30T19:22:50.309385+00:00,S017,mounted,true,healthy,none,1300,healthy_horizontal_no_load_1300rpm,412807,1312,270,1634,2149,1,0,840982,9,211,73,1,3,1659,1494,1243,65,139,1643,16383,1663,1652,1644791,800,2015,2089,526387,11953,8,382541,1496,47009,563,412709021,412808140,0,412808149,412808664,3381724603,17859279,0.0834,1651.0,0.09201433004266679,-0.031320868819543435,0.0834,25.21,77.4,,,,,,
2026-07-30T19:22:50.404470+00:00,S017,mounted,true,healthy,none,1300,healthy_horizontal_no_load_1300rpm,412907,1320,269,1623,2133,3,0,841035,9,211,73,1,3,1659,1494,1212,65,139,1644,16383,1664,1652,1644293,800,2005,2095,526341,11951,8,382535,1496,47010,563,412809066,412908297,0,412908306,412908822,3379687103,17853307,0.0834,1651.0,0.1025988206007864,-0.04742855116726652,0.0834,25.18,77.3,,,,,,
2026-07-30T19:22:50.499563+00:00,S017,mounted,true,healthy,none,1300,healthy_horizontal_no_load_1300rpm,413007,1322,267,1625,2131,2,0,841088,9,211,73,1,2,1659,1494,1239,66,146,1641,16383,1663,1650,1644448,800,2003,2169,526355,11955,8,382536,1496,47011,563,412909223,413008325,0,413008339,413008854,3380336644,17865257,0.0834,1651.0,0.22474490313676254,-0.051879662986198394,0.0834,25.27,77.5,,,,,,
2026-07-30T19:22:50.591987+00:00,S017,mounted,true,healthy,none,1300,healthy_horizontal_no_load_1300rpm,413107,1319,267,1624,2131,4,0,841140,9,211,73,1,3,1659,1494,1224,64,142,1642,16383,1662,1651,1643955,800,1969,2089,526339,11952,8,382532,1496,47012,563,413009256,413108384,0,413108394,413108908,3378295419,17856292,0.0834,1651.0,0.0923056385542167,-0.10771412048192808,0.0834,25.24,77.4,,,,,,
2026-07-30T19:22:50.685218+00:00,S017,mounted,true,healthy,none,1300,healthy_horizontal_no_load_1300rpm,413208,1300,268,1647,2164,5,0,841193,9,211,73,1,3,1659,1494,1216,64,142,1637,16383,1664,1652,1660638,808,2021,2110,526342,11952,8,382528,1496,47013,563,413109309,413209088,0,413209162,413209677,3413078900,17856294,0.0834,1651.0,0.1273090963855421,-0.021038891566265594,0.0834,25.4,77.7,,,,,,
2026-07-30T19:22:50.826169+00:00,S017,mounted,true,healthy,none,1300,healthy_horizontal_no_load_1300rpm,413308,1300,269,1648,2166,3,0,841245,9,211,73,0,3,1659,1494,1235,63,135,1641,16383,1664,1652,1644885,800,2029,2139,526367,11949,8,382518,1496,47014,563,413210079,413309186,0,413309260,413309775,3382116063,17847335,0.0834,1651.0,0.17654234722570905,-0.006855132061260871,0.0834,25.27,77.5,,,,,,
2026-07-30T19:22:50.920019+00:00,S017,mounted,true,healthy,none,1300,healthy_horizontal_no_load_1300rpm,413408,1314,270,1634,2149,2,0,841298,9,211,73,2,2,1659,1494,1209,63,135,1640,16383,1663,1654,1644572,800,2022,2189,526331,11953,8,382517,1496,47015,563,413310174,413409225,0,413409303,413409818,3380841608,17859281,0.0834,1651.0,0.25868351769430253,-0.019654025683928822,0.0834,25.3,77.5,,,,,,
2026-07-30T19:22:51.012511+00:00,S017,mounted,true,healthy,none,1300,healthy_horizontal_no_load_1300rpm,413508,1322,269,1621,2131,4,0,841350,9,211,73,0,2,1659,1495,1215,64,136,1638,16383,1662,1648,1644436,800,2021,2176,526340,11956,8,382521,1496,47016,563,413410220,413509288,0,413509362,413509876,3380285644,17868246,0.0834,1651.0,0.23610650618936102,-0.022165912679826594,0.0834,25.36,77.7,,,,,,
2026-07-30T19:22:51.107422+00:00,S017,mounted,true,healthy,none,1300,healthy_horizontal_no_load_1300rpm,413608,1323,268,1623,2129,5,0,841403,9,211,73,1,2,1659,1494,1225,63,130,1639,16383,1663,1652,1644453,800,2021,2095,526343,11954,8,382521,1496,47017,563,413510276,413609331,0,413609405,413609920,3380338727,17862268,0.0834,1651.0,0.10172238497574027,-0.021602496402878035,0.0834,25.33,77.6,,,,,,
2026-07-30T19:22:51.200726+00:00,S017,mounted,true,healthy,none,1300,healthy_horizontal_no_load_1300rpm,413709,1322,270,1617,2128,5,0,841457,9,211,73,1,3,1659,1494,1206,63,130,1646,16383,1664,1650,1661281,808,1951,2241,526354,11952,8,382518,1496,47018,563,413610322,413710065,0,413710079,413710594,3415786001,17856292,0.0834,1651.0,0.34566399999999975,-0.13771708433734942,0.0834,25.12,77.2,,,,,,
2026-07-30T19:22:51.296463+00:00,S017,mounted,true,healthy,none,1300,healthy_horizontal_no_load_1300rpm,413809,1322,268,1621,2129,1,0,841510,9,211,73,1,3,1659,1494,1213,61,132,1639,16383,1664,1653,1644709,800,2029,2114,526411,11954,8,382518,1496,47019,563,413710995,413810131,0,413810145,413810660,3381394959,17862268,0.0834,1651.0,0.13338688154592582,-0.008270076794378411,0.0834,25.33,77.6,,,,,,
2026-07-30T19:22:51.391485+00:00,S017,mounted,true,healthy,none,1300,healthy_horizontal_no_load_1300rpm,413909,1319,267,1626,2132,3,0,841563,9,211,73,1,3,1659,1494,1230,63,137,1644,16383,1662,1656,1644598,800,2029,2083,526427,11953,8,382517,1496,47020,563,413811062,413910240,0,413910255,413910770,3380926004,17859281,0.0834,1651.0,0.08201417878356887,-0.007987182548314653,0.0834,25.18,77.3,,,,,,
2026-07-30T19:22:51.530891+00:00,S017,mounted,true,healthy,none,1300,healthy_horizontal_no_load_1300rpm,414009,1311,269,1633,2146,6,0,841615,9,211,73,1,2,1659,1494,1227,63,137,1640,16383,1663,1651,1644685,800,2025,2277,526429,11954,8,382517,1496,47021,563,413911171,414010281,0,414010290,414010806,3381335857,17862268,0.0834,1651.0,0.40503493106909794,-0.014936286598628001,0.0834,25.3,77.5,,,,,,
2026-07-30T19:22:51.625425+00:00,S017,mounted,true,healthy,none,1300,healthy_horizontal_no_load_1300rpm,414109,1309,270,1634,2150,5,0,841667,9,211,73,1,2,1659,1495,1203,66,142,1644,16383,1662,1653,1644235,800,2023,2141,526389,11958,8,382525,1496,47022,563,414011207,414110318,0,414110327,414110842,3379446741,17874224,0.0834,1651.0,0.17719025740090277,-0.01939715052684443,0.0834,25.18,77.3,,,,,,
2026-07-30T19:22:51.719255+00:00,S017,mounted,true,healthy,none,1300,healthy_horizontal_no_load_1300rpm,414210,1300,268,1646,2162,1,0,841720,9,211,73,2,3,1659,1494,1210,66,142,1642,16383,1662,1651,1660852,808,1993,2083,526350,11953,8,382524,1496,47023,563,414111243,414211053,0,414211127,414211642,3413957546,17859281,0.0834,1651.0,0.08201417878356887,-0.06798809010290352,0.0834,25.24,77.4,,,,,,
2026-07-30T19:22:51.810428+00:00,S017,mounted,true,healthy,none,1300,healthy_horizontal_no_load_1300rpm,414310,1298,267,1651,2165,2,0,841772,9,211,73,0,3,1659,1494,1215,63,136,1642,16383,1663,1652,1644209,800,2027,2083,526323,11954,8,382524,1496,47024,563,414212043,414311103,0,414311177,414311692,3379334211,17862266,0.0834,1651.0,0.0817237555629915,-0.011603181696503206,0.0834,25.24,77.4,,,,,,
2026-07-30T19:22:51.903304+00:00,S017,mounted,true,healthy,none,1300,healthy_horizontal_no_load_1300rpm,414410,1309,269,1642,2157,4,0,841824,9,211,73,2,2,1659,1494,1192,62,135,1637,16383,1663,1653,1644697,800,2021,2081,526354,11955,8,382526,1496,47025,563,414312092,414411153,0,414411227,414411741,3381334219,17865257,0.0834,1651.0,0.07810055483061484,-0.021884228105395476,0.0834,25.4,77.7,,,,,,
2026-07-30T19:22:52.010478+00:00,S017,mounted,true,healthy,none,1300,healthy_horizontal_no_load_1300rpm,414510,1318,267,1632,2139,5,0,841877,9,211,73,1,2,1659,1494,1193,62,135,1641,16383,1664,1652,1644525,800,2029,2085,526336,11953,8,382525,1496,47026,563,414412143,414511212,0,414511286,414511801,3380633429,17859281,0.0834,1651.0,0.08534756253660136,-0.007987182548314653,0.0834,25.27,77.5,,,,,,
2026-07-30T19:22:52.101759+00:00,S017,mounted,true,healthy,none,1300,healthy_horizontal_no_load_1300rpm,414610,1320,269,1622,2132,1,0,841930,9,211,73,1,3,1659,1494,1189,63,134,1640,16383,1664,1651,1645128,800,2021,2211,526376,11954,8,382525,1496,47027,563,414512206,414611301,0,414611375,414611890,3383148346,17862268,0.0834,1651.0,0.29504246929897926,-0.021602496402878035,0.0834,25.3,77.5,,,,,,
2026-07-30T19:22:52.194112+00:00,S017,mounted,true,healthy,none,1300,healthy_horizontal_no_load_1300rpm,414710,1323,269,1619,2128,3,0,841983,9,211,73,0,3,1659,1495,1198,63,134,1641,16383,1663,1654,1644264,800,1895,2081,526366,11957,8,382531,1496,47028,563,414612292,414711366,0,414711440,414711955,3379587892,17871233,0.0834,1651.0,0.07752050873964977,-0.23238047378104865,0.0834,25.27,77.5,,,,,,
2026-07-30T19:22:52.287503+00:00,S017,mounted,true,healthy,none,1300,healthy_horizontal_no_load_1300rpm,414810,1323,269,1620,2130,2,0,842036,9,211,73,1,2,1659,1494,1190,63,134,1633,16383,1664,1654,1644897,800,2029,2090,526432,11950,8,382523,1496,47029,563,414712355,414811435,0,414811509,414812024,3382159071,17850318,0.0834,1651.0,0.09455551213389102,-0.007138215732217734,0.0834,25.52,77.9,,,,,,
2026-07-30T19:22:52.418143+00:00,S017,mounted,true,healthy,none,1300,healthy_horizontal_no_load_1300rpm,414911,1321,269,1620,2130,6,0,842089,9,211,73,1,3,1659,1495,1203,63,124,1635,16383,1662,1651,1660303,808,1955,2091,526344,11956,8,382527,1496,47030,563,414812426,414912095,0,414912104,414912620,3411704931,17868246,0.0834,1651.0,0.09447324422883874,-0.13213997490799656,0.0834,25.46,77.8,,,,,,
2026-07-30T19:22:52.521491+00:00,S017,mounted,true,healthy,none,1300,healthy_horizontal_no_load_1300rpm,415011,1315,266,1629,2136,4,0,842142,9,211,73,0,2,1659,1495,1201,63,124,1642,16383,1664,1652,1644572,800,2023,2157,526349,11956,8,382531,1496,47031,563,414913025,415012124,0,415012139,415012654,3380831824,17868246,0.0834,1651.0,0.2044473064570087,-0.01883336533957891,0.0834,25.24,77.4,,,,,,
2026-07-30T19:22:52.615493+00:00,S017,mounted,true,healthy,none,1300,healthy_horizontal_no_load_1300rpm,415111,1312,268,1632,2144,1,0,842194,9,211,73,1,2,1659,1494,1209,64,125,1640,16383,1664,1652,1644576,800,2027,2123,526360,11953,8,382529,1496,47032,563,415013053,415112188,0,415112198,415112713,3380847750,17859281,0.0834,1651.0,0.14868185384422317,-0.01132056630134759,0.0834,25.3,77.5,,,,,,
2026-07-30T19:22:52.708978+00:00,S017,mounted,true,healthy,none,1300,healthy_horizontal_no_load_1300rpm,415211,1304,269,1643,2160,3,0,842247,9,211,73,1,3,1659,1494,1208,64,131,1635,16383,1662,1654,1644495,800,2003,2089,526352,11954,8,382529,1496,47033,563,415113118,415212230,0,415212245,415212760,3380508303,17862268,0.0834,1651.0,0.09172307026936588,-0.05160044052200119,0.0834,25.46,77.8,,,,,,
2026-07-30T19:22:52.801425+00:00,S017,mounted,true,healthy,none,1300,healthy_horizontal_no_load_1300rpm,415311,1298,269,1650,2168,4,0,842298,9,211,73,0,3,1659,1494,1229,64,131,1638,16383,1664,1652,1644144,800,1997,2239,526324,11954,8,382529,1496,47034,563,415213161,415312273,0,415312282,415312798,3379104548,17862270,0.0834,1651.0,0.3417059379287264,-0.06159975522837602,0.0834,25.36,77.7,,,,,,
2026-07-30T19:22:52.895867+00:00,S017,mounted,true,healthy,none,1300,healthy_horizontal_no_load_1300rpm,415411,1300,267,1655,2169,5,0,842351,9,211,73,1,2,1659,1494,1213,64,122,1640,16383,1664,1655,1644588,800,1955,2085,526365,11954,8,382529,1496,47035,563,415313197,415412319,0,415412334,415412849,3380898244,17862268,0.0834,1651.0,0.08505686046511629,-0.1315949581729967,0.0834,25.3,77.5,,,,,,
2026-07-30T19:22:53.036273+00:00,S017,mounted,true,healthy,none,1300,healthy_horizontal_no_load_1300rpm,415511,1325,271,1620,2132,3,0,842403,9,211,73,2,3,1659,1494,1216,62,116,1632,16383,1664,1654,1644800,800,1895,2111,526385,11955,8,382530,1496,47036,563,415413250,415512343,0,415512353,415512867,3381786598,17865257,0.0834,1651.0,0.12809294629861956,-0.23185227227101635,0.0834,25.55,78.0,,,,,,
2026-07-30T19:22:53.130938+00:00,S017,mounted,true,healthy,none,1300,healthy_horizontal_no_load_1300rpm,415611,1333,270,1610,2117,3,0,842457,9,211,73,1,2,1659,1494,1253,62,116,1633,16383,1664,1652,1644727,800,2017,2153,526387,11954,8,382530,1496,47037,563,415513269,415612401,0,415612410,415612925,3381471821,17862268,0.0834,1651.0,0.19838242713735976,-0.028268706207127625,0.0834,25.52,77.9,,,,,,
2026-07-30T19:22:53.224029+00:00,S017,mounted,true,healthy,none,1300,healthy_horizontal_no_load_1300rpm,415711,1318,268,1624,2134,2,0,842510,9,211,73,2,3,1659,1494,1215,62,116,1642,16383,1663,1652,1644567,800,1989,2295,526365,11952,8,382526,1496,47038,563,415613327,415712457,0,415712467,415712982,3380868251,17856292,0.0834,1651.0,0.43567289156626465,-0.07437749397590432,0.0834,25.24,77.4,,,,,,
2026-07-30T19:22:53.317724+00:00,S017,mounted,true,healthy,none,1300,healthy_horizontal_no_load_1300rpm,415812,1301,268,1644,2160,4,0,842562,9,211,73,2,3,1659,1494,1208,62,116,1650,16383,1662,1649,1660915,808,1897,2173,526340,11953,8,382525,1496,47039,563,415713383,415813156,0,415813230,415813744,3414249573,17859279,0.0834,1651.0,0.23201644767004082,-0.2279905102484734,0.0834,25.0,77.0,,,,,,
2026-07-30T19:22:53.411547+00:00,S017,mounted,true,healthy,none,1300,healthy_horizontal_no_load_1300rpm,415912,1299,269,1649,2168,5,0,842615,9,211,73,0,2,1659,1494,1234,64,116,1644,16383,1663,1653,1644300,800,1911,2079,526348,11955,8,382527,1496,47040,563,415814145,415913198,0,415913276,415913791,3379722854,17865255,0.0834,1651.0,0.07476772873274751,-0.20518966348808076,0.0834,25.18,77.3,,,,,,
2026-07-30T19:22:53.505260+00:00,S017,mounted,true,healthy,none,1300,healthy_horizontal_no_load_1300rpm,416012,1299,268,1651,2168,3,0,842667,9,211,73,0,3,1659,1495,1248,64,120,1641,16383,1662,1655,1644445,800,1963,2085,526347,11957,8,382533,1496,47041,563,415914190,416013250,0,416013328,416013843,3380307133,17871235,0.0834,1651.0,0.08418504599815968,-0.11908334038638468,0.0834,25.27,77.5,,,,,,
2026-07-30T19:22:53.599723+00:00,S017,mounted,true,healthy,none,1300,healthy_horizontal_no_load_1300rpm,416112,1299,269,1651,2169,6,0,842719,9,211,73,0,2,1659,1494,1232,64,120,1637,16383,1663,1652,1643888,800,1927,2149,526331,11954,8,382533,1496,47042,563,416014243,416113309,0,416113388,416113903,3378042388,17862270,0.0834,1651.0,0.19171621733311017,-0.17825842680274429,0.0834,25.4,77.7,,,,,,
2026-07-30T19:22:53.694793+00:00,S017,mounted,true,healthy,none,1300,healthy_horizontal_no_load_1300rpm,416212,1297,267,1652,2168,1,0,842770,9,211,73,1,2,1659,1494,1263,64,126,1638,16383,1664,1654,1644743,800,2028,2085,526369,11953,8,382531,1496,47043,563,416114302,416213347,0,416213421,416213936,3381525787,17859279,0.0834,1651.0,0.08534756253660136,-0.0096538744248309,0.0834,25.36,77.7,,,,,,
2026-07-30T19:22:53.835818+00:00,S017,mounted,true,healthy,none,1300,healthy_horizontal_no_load_1300rpm,416312,1298,269,1650,2168,3,0,842823,9,211,73,1,2,1659,1494,1216,66,143,1636,16383,1663,1653,1643965,800,1881,2089,526339,11954,8,382531,1496,47044,563,416214338,416313404,0,416313483,416313998,3378366693,17862268,0.0834,1651.0,0.09172307026936588,-0.254919839551615,0.0834,25.43,77.8,,,,,,
2026-07-30T19:22:53.927198+00:00,S017,mounted,true,healthy,none,1300,healthy_horizontal_no_load_1300rpm,416413,1299,269,1649,2168,6,0,842875,9,211,73,0,3,1659,1494,1232,66,143,1631,16383,1663,1656,1661322,808,1959,2191,526435,11955,8,382532,1496,47045,563,416314399,416414204,0,416414213,416414728,3415911862,17865255,0.0834,1651.0,0.2614059902132997,-0.12520183713927224,0.0834,25.58,78.0,,,,,,
2026-07-30T19:22:54.019627+00:00,S017,mounted,true,healthy,none,1300,healthy_horizontal_no_load_1300rpm,416513,1310,269,1639,2153,5,0,842927,9,211,73,2,2,1659,1494,1251,65,140,1636,16383,1663,1652,1644035,800,2029,2083,526382,11953,8,382530,1496,47046,563,416415128,416514253,0,416514262,416514779,3378619515,17859279,0.0834,1651.0,0.08201417878356887,-0.007987182548314653,0.0834,25.43,77.8,,,,,,
2026-07-30T19:22:54.114530+00:00,S017,mounted,true,healthy,none,1300,healthy_horizontal_no_load_1300rpm,416613,1320,270,1623,2135,1,0,842980,9,211,73,0,2,1659,1494,1238,65,140,1637,16383,1663,1652,1644404,800,1907,2098,526383,11953,8,382528,1496,47047,563,416515181,416614278,0,416614288,416614803,3380158952,17859279,0.0834,1651.0,0.1070145569313139,-0.2113235914833096,0.0834,25.4,77.7,,,,,,
2026-07-30T19:22:54.207732+00:00,S017,mounted,true,healthy,none,1300,healthy_horizontal_no_load_1300rpm,416713,1321,269,1620,2129,3,0,843033,9,211,73,1,3,1659,1494,1256,64,144,1640,16383,1664,1653,1644614,800,2018,2085,526376,11948,8,382516,1496,47048,563,416615206,416714355,0,416714365,416714880,3380994750,17844340,0.0834,1651.0,0.08680180281218552,-0.02491328389688663,0.0834,25.3,77.5,,,,,,
2026-07-30T19:22:54.302251+00:00,S017,mounted,true,healthy,none,1300,healthy_horizontal_no_load_1300rpm,416813,1315,267,1633,2142,2,0,843086,9,211,73,0,3,1659,1494,1222,65,143,1635,16383,1662,1650,1643685,800,1961,2083,526310,11954,8,382516,1496,47049,563,416715286,416814382,0,416814396,416814911,3377190457,17862268,0.0834,1651.0,0.0817237555629915,-0.12159564346662233,0.0834,25.46,77.8,,,,,,
2026-07-30T19:22:54.442340+00:00,S017,mounted,true,healthy,none,1300,healthy_horizontal_no_load_1300rpm,416913,1311,266,1640,2148,4,0,843138,9,211,72,1,2,1659,1494,1226,65,143,1636,16383,1663,1651,1644221,800,2029,2193,526312,11954,8,382516,1496,47050,563,416815310,416914438,0,416914448,416914963,3379417511,17862266,0.0834,1651.0,0.26504452517985566,-0.008270076794378411,0.0834,25.43,77.8,,,,,,
2026-07-30T19:22:54.535801+00:00,S017,mounted,true,healthy,none,1300,healthy_horizontal_no_load_1300rpm,417014,1309,268,1638,2151,5,0,843191,9,211,73,0,2,1659,1494,1223,65,136,1636,16383,1664,1650,1660767,808,1875,2273,526335,11954,8,382516,1496,47051,563,416915368,417015074,0,417015148,417015663,3413701993,17862270,0.0834,1651.0,0.39836872126484835,-0.2649191542579894,0.0834,25.43,77.8,,,,,,
2026-07-30T19:22:54.630316+00:00,S017,mounted,true,healthy,none,1300,healthy_horizontal_no_load_1300rpm,417114,1310,267,1638,2148,3,0,843243,9,211,73,1,2,1659,1494,1230,66,131,1642,16383,1663,1653,1644436,800,1949,2281,526354,11953,8,382515,1496,47052,563,417016062,417115149,0,417115223,417115737,3380340258,17859281,0.0834,1651.0,0.41201917033380697,-0.1413225326696228,0.0834,25.24,77.4,,,,,,
2026-07-30T19:22:54.722564+00:00,S017,mounted,true,healthy,none,1300,healthy_horizontal_no_load_1300rpm,417214,1310,266,1639,2147,2,0,843296,9,211,72,1,2,1659,1494,1227,66,131,1641,16383,1664,1651,1644671,800,2017,2211,526345,11952,8,382512,1496,47053,563,417116139,417215274,0,417215348,417215863,3381256803,17856292,0.0834,1651.0,0.29565906024096344,-0.027706216867470435,0.0834,25.27,77.5,,,,,,
2026-07-30T19:22:54.814289+00:00,S017,mounted,true,healthy,none,1300,healthy_horizontal_no_load_1300rpm,417314,1311,270,1634,2150,4,0,843348,9,211,73,0,3,1659,1494,1218,69,142,1636,16383,1664,1653,1644276,800,2015,2085,526343,11953,8,382511,1496,47054,563,417216265,417315331,0,417315405,417315920,3379613614,17859279,0.0834,1651.0,0.08534756253660136,-0.031320868819543435,0.0834,25.43,77.8,,,,,,
2026-07-30T19:22:54.907764+00:00,S017,mounted,true,healthy,none,1300,healthy_horizontal_no_load_1300rpm,417415,1308,269,1637,2152,5,0,843401,9,211,73,1,3,1659,1495,1212,69,142,1654,16383,1664,1652,1660851,808,1993,2083,526343,11957,8,382518,1496,47055,563,417316319,417416091,0,417416100,417416615,3413955447,17871233,0.0834,1651.0,0.08085277736890495,-0.06909931094756239,0.0834,24.88,76.8,,,,,,
2026-07-30T19:22:55.001089+00:00,S017,mounted,true,healthy,none,1300,healthy_horizontal_no_load_1300rpm,417515,1309,269,1637,2152,1,0,843454,9,211,73,0,2,1659,1494,1213,67,142,1649,16383,1665,1650,1644637,800,1909,2249,526347,11955,8,382520,1496,47056,563,417417017,417516128,0,417516142,417516658,3381162599,17865255,0.0834,1651.0,0.3580579470514431,-0.20852248958594766,0.0834,25.03,77.1,,,,,,
2026-07-30T19:22:55.142733+00:00,S017,mounted,true,healthy,none,1300,healthy_horizontal_no_load_1300rpm,417615,1300,270,1648,2168,2,0,843506,9,211,73,0,2,1659,1495,1248,69,149,1643,16383,1663,1653,1644500,800,1982,2089,526364,11957,8,382526,1496,47057,563,417517057,417616178,0,417616192,417616707,3380527770,17871233,0.0834,1651.0,0.09084958325666959,-0.08742678840846407,0.0834,25.21,77.4,,,,,,
2026-07-30T19:22:55.236782+00:00,S017,mounted,true,healthy,none,1300,healthy_horizontal_no_load_1300rpm,417715,1300,269,1650,2168,4,0,843558,9,211,73,0,2,1659,1495,1195,69,149,1640,16383,1664,1652,1644767,800,2001,2249,526381,11957,8,382532,1496,47058,563,417617107,417716232,0,417716247,417716762,3381662811,17871233,0.0834,1651.0,0.3574310735970556,-0.05577023643054302,0.0834,25.3,77.5,,,,,,
2026-07-30T19:22:55.329256+00:00,S017,mounted,true,healthy,none,1300,healthy_horizontal_no_load_1300rpm,417815,1304,268,1645,2159,1,0,843610,9,211,73,0,2,1659,1494,1194,71,150,1641,16383,1664,1654,1644542,800,2023,2231,526377,11953,8,382530,1496,47059,563,417717161,417816292,0,417816301,417816816,3380736574,17859279,0.0834,1651.0,0.3286845765079893,-0.017987333807412575,0.0834,25.27,77.5,,,,,,
2026-07-30T19:22:55.423860+00:00,S017,mounted,true,healthy,none,1300,healthy_horizontal_no_load_1300rpm,417915,1321,270,1620,2132,3,0,843663,9,211,73,1,3,1659,1494,1214,69,144,1656,16383,1663,1652,1643912,800,1975,2086,526349,11955,8,382531,1496,47060,563,417817216,417916330,0,417916339,417916854,3378125406,17865255,0.0834,1651.0,0.08643262007528207,-0.09853922835633666,0.0834,24.82,76.7,,,,,,
2026-07-30T19:22:55.519160+00:00,S017,mounted,true,healthy,none,1300,healthy_horizontal_no_load_1300rpm,418015,1324,267,1624,2129,2,0,843716,9,211,73,0,2,1659,1494,1199,69,144,1646,16383,1663,1652,1644452,800,2028,2205,526382,11955,8,382532,1496,47061,563,417917256,418016361,0,418016370,418016885,3380352206,17865255,0.0834,1651.0,0.2847357728983688,-0.010219336762860909,0.0834,25.12,77.2,,,,,,
2026-07-30T19:22:55.609844+00:00,S017,mounted,true,healthy,none,1300,healthy_horizontal_no_load_1300rpm,418115,1323,270,1619,2129,6,0,843769,9,211,73,0,3,1659,1495,1205,66,131,1639,16383,1664,1652,1644806,800,2019,2119,526420,11956,8,382535,1496,47062,563,418017285,418116369,0,418116383,418116898,3381789418,17868244,0.0834,1651.0,0.14112890699230496,-0.025498460020073832,0.0834,25.33,77.6,,,,,,
2026-07-30T19:22:55.703850+00:00,S017,mounted,true,healthy,none,1300,healthy_horizontal_no_load_1300rpm,418215,1322,269,1622,2131,4,0,843822,9,211,73,0,2,1659,1494,1209,66,131,1642,16383,1664,1654,1644357,800,2023,2078,526400,11952,8,382531,1496,47063,563,418117298,418216409,0,418216423,418216938,3379938699,17856290,0.0834,1651.0,0.07397049397590338,-0.017705228915663174,0.0834,25.24,77.4,,,,,,
2026-07-30T19:22:55.845117+00:00,S017,mounted,true,healthy,none,1300,healthy_horizontal_no_load_1300rpm,418316,1322,268,1620,2127,5,0,843875,9,211,73,1,2,1659,1494,1200,65,137,1640,16383,1664,1655,1661880,808,1887,2185,526510,11953,8,382529,1496,47064,563,418217337,418317096,0,418317170,418317685,3418238232,17859281,0.0834,1651.0,0.2520167501882371,-0.24465742901363674,0.0834,25.3,77.5,,,,,,
2026-07-30T19:22:55.939651+00:00,S017,mounted,true,healthy,none,1300,healthy_horizontal_no_load_1300rpm,418416,1323,269,1619,2128,1,0,843928,9,211,73,0,2,1659,1495,1216,63,134,1637,16383,1664,1653,1644670,800,2026,2159,526550,11956,8,382532,1496,47065,563,418318090,418417325,0,418417399,418417914,3381237766,17868244,0.0834,1651.0,0.2077798537972564,-0.01383454432920761,0.0834,25.4,77.7,,,,,,
2026-07-30T19:22:56.034020+00:00,S017,mounted,true,healthy,none,1300,healthy_horizontal_no_load_1300rpm,418516,1323,270,1619,2129,3,0,843981,9,211,73,0,3,1660,1494,1219,63,134,1638,16383,1663,1652,1644763,800,2002,2195,526581,11953,8,382530,1496,47066,563,418418317,418517390,0,418517464,418517979,3381636689,17859283,0.0872,1651.0,0.26868366895340046,-0.05298786321425597,0.0872,25.36,77.7,,,,,,
2026-07-30T19:22:56.128925+00:00,S017,mounted,true,healthy,none,1300,healthy_horizontal_no_load_1300rpm,418617,1311,270,1631,2146,2,0,844034,9,211,73,2,3,1659,1494,1224,65,127,1640,16383,1664,1652,1661148,808,1939,2087,526562,11955,8,382531,1496,47067,563,418518382,418618041,0,418618050,418618565,3415180904,17865259,0.0834,1651.0,0.08809903312421552,-0.1585300981179425,0.0834,25.3,77.5,,,,,,
2026-07-30T19:22:56.223344+00:00,S017,mounted,true,healthy,none,1300,healthy_horizontal_no_load_1300rpm,418717,1299,266,1656,2168,4,0,844086,9,211,73,1,2,1659,1495,1208,64,131,1647,16383,1663,1652,1643913,800,1877,2081,526521,11957,8,382536,1496,47068,563,418618967,418718108,0,418718117,418718632,3378153305,17871233,0.0834,1651.0,0.07752050873964977,-0.2623708914443421,0.0834,25.09,77.2,,,,,,
2026-07-30T19:22:56.316582+00:00,S017,mounted,true,healthy,none,1300,healthy_horizontal_no_load_1300rpm,418817,1298,269,1650,2168,1,0,844138,9,211,73,0,2,1659,1495,1227,64,131,1652,16383,1664,1651,1644027,800,2029,2083,526457,11956,8,382539,1496,47069,563,418719034,418818167,0,418818177,418818692,3378588711,17868244,0.0834,1651.0,0.08114305486784845,-0.008835723318836308,0.0834,24.94,76.9,,,,,,
2026-07-30T19:22:56.411484+00:00,S017,mounted,true,healthy,none,1300,healthy_horizontal_no_load_1300rpm,418917,1290,270,1660,2183,6,0,844189,9,211,73,1,2,1659,1495,1208,63,134,1646,16383,1664,1654,1644565,800,2027,2081,526449,11956,8,382542,1496,47070,563,418819091,418918230,0,418918240,418918754,3380790137,17868246,0.0834,1651.0,0.07781050752760077,-0.012168270659083547,0.0834,25.12,77.2,,,,,,
2026-07-30T19:22:56.550263+00:00,S017,mounted,true,healthy,none,1300,healthy_horizontal_no_load_1300rpm,419017,1283,268,1670,2192,5,0,844241,9,211,72,1,2,1659,1495,1227,63,134,1640,16383,1662,1653,1644036,800,1953,2089,526396,11957,8,382547,1496,47071,563,418919156,419018287,0,419018297,419018812,3378633866,17871233,0.0834,1651.0,0.09084958325666959,-0.13574468353265923,0.0834,25.3,77.5,,,,,,
2026-07-30T19:22:56.644838+00:00,S017,mounted,true,healthy,none,1300,healthy_horizontal_no_load_1300rpm,419117,1315,270,1639,2152,3,0,844293,9,211,73,5,2,1659,1495,1209,64,133,1641,16383,1664,1652,1644510,800,1903,2163,526412,11958,8,382553,1496,47072,563,419019217,419118314,0,419118324,419118838,3380610252,17874222,0.0834,1651.0,0.21384214701455084,-0.21931654841946813,0.0834,25.27,77.5,,,,,,
2026-07-30T19:22:56.739472+00:00,S017,mounted,true,healthy,none,1300,healthy_horizontal_no_load_1300rpm,419218,1339,271,1602,2109,3,0,844347,9,211,73,2,2,1659,1494,1244,64,133,1639,16383,1663,1653,1660770,808,2013,2089,526402,11955,8,382553,1496,47073,563,419119239,419219048,0,419219122,419219637,3413619788,17865261,0.0834,1651.0,0.09143185922208241,-0.03521553249686349,0.0834,25.33,77.6,,,,,,
2026-07-30T19:22:56.834265+00:00,S017,mounted,true,healthy,none,1300,healthy_horizontal_no_load_1300rpm,419318,1347,270,1591,2092,3,0,844401,9,211,73,0,2,1659,1494,1204,64,133,1640,16383,1664,1651,1644690,800,2019,2079,526453,11955,8,382553,1496,47074,563,419220038,419319115,0,419319189,419319704,3381312224,17865257,0.0834,1651.0,0.07476772873274751,-0.025217054203262812,0.0834,25.3,77.5,,,,,,
2026-07-30T19:22:56.926987+00:00,S017,mounted,true,healthy,none,1300,healthy_horizontal_no_load_1300rpm,419418,1330,269,1607,2114,3,0,844455,9,211,73,1,3,1659,1494,1256,65,139,1642,16383,1663,1654,1644296,800,2015,2118,526420,11955,8,382553,1496,47075,563,419320103,419419150,0,419419229,419419744,3379694544,17865255,0.0834,1651.0,0.13975783764115368,-0.03188270639899615,0.0834,25.24,77.4,,,,,,
2026-07-30T19:22:57.020519+00:00,S017,mounted,true,healthy,none,1300,healthy_horizontal_no_load_1300rpm,419518,1322,267,1618,2124,2,0,844508,9,211,73,1,2,1659,1494,1203,64,137,1638,16383,1663,1654,1644632,800,2026,2082,526412,11953,8,382550,1496,47076,563,419420145,419519207,0,419519285,419519800,3381064642,17859279,0.0834,1651.0,0.08034748690705218,-0.012987258177863836,0.0834,25.36,77.7,,,,,,
2026-07-30T19:22:57.114518+00:00,S017,mounted,true,healthy,none,1300,healthy_horizontal_no_load_1300rpm,419618,1319,270,1622,2135,4,0,844560,9,211,72,1,2,1659,1494,1214,64,137,1642,16383,1663,1652,1644441,800,1900,2149,526369,11952,8,382545,1496,47077,563,419520201,419619268,0,419619342,419619857,3380324163,17856292,0.0834,1651.0,0.19231551807228886,-0.22272548192771113,0.0834,25.24,77.4,,,,,,
2026-07-30T19:22:57.209252+00:00,S017,mounted,true,healthy,none,1300,healthy_horizontal_no_load_1300rpm,419718,1303,268,1643,2158,5,0,844613,9,211,73,1,2,1659,1494,1219,62,137,1641,16383,1664,1654,1643852,800,2013,2112,526343,11955,8,382545,1496,47078,563,419620258,419719323,0,419719402,419719917,3377870378,17865255,0.0834,1651.0,0.129759359347553,-0.03521553249686349,0.0834,25.27,77.5,,,,,,
2026-07-30T19:22:57.351678+00:00,S017,mounted,true,healthy,none,1300,healthy_horizontal_no_load_1300rpm,419818,1301,269,1649,2167,3,0,844665,9,211,73,1,2,1659,1494,1225,62,137,1637,16383,1664,1653,1644685,800,2030,2202,526379,11953,8,382542,1496,47079,563,419720319,419819391,0,419819470,419819985,3381311399,17859279,0.0834,1651.0,0.28035051208901507,-0.006320490671798407,0.0834,25.4,77.7,,,,,,
2026-07-30T19:22:57.447400+00:00,S017,mounted,true,healthy,none,1300,healthy_horizontal_no_load_1300rpm,419918,1307,270,1641,2158,6,0,844717,9,211,73,1,3,1659,1494,1243,63,134,1631,16383,1663,1653,1644096,800,1958,2085,526347,11954,8,382542,1496,47080,563,419820386,419919433,0,419919666,419920181,3378875122,17862272,0.0834,1651.0,0.08505686046511629,-0.12659530081980952,0.0834,25.58,78.0,,,,,,
2026-07-30T19:22:57.542088+00:00,S017,mounted,true,healthy,none,1300,healthy_horizontal_no_load_1300rpm,420019,1308,269,1637,2152,4,0,844770,9,211,73,0,2,1659,1494,1211,65,142,1632,16383,1662,1651,1660920,808,1965,2083,526355,11955,8,382543,1496,47081,563,419920582,420020090,0,420020104,420020620,3414234150,17865255,0.0834,1651.0,0.08143338092848174,-0.11520335884567157,0.0834,25.55,78.0,,,,,,
2026-07-30T19:22:57.635055+00:00,S017,mounted,true,healthy,none,1300,healthy_horizontal_no_load_1300rpm,420119,1311,269,1636,2150,1,0,844822,9,211,73,1,2,1659,1494,1264,65,142,1635,16383,1663,1654,1644747,800,2019,2091,526375,11953,8,382541,1496,47082,563,420021019,420120128,0,420120138,420120653,3381544731,17859281,0.0834,1651.0,0.09534771379569973,-0.024654101313478005,0.0834,25.46,77.8,,,,,,
2026-07-30T19:22:57.728486+00:00,S017,mounted,true,healthy,none,1300,healthy_horizontal_no_load_1300rpm,420219,1319,270,1624,2136,3,0,844875,9,211,73,0,2,1659,1495,1237,62,140,1649,16383,1664,1652,1644466,800,2029,2138,526364,11959,8,382550,1496,47083,563,420121054,420220219,0,420220228,420220743,3380395782,17877211,0.0834,1651.0,0.17189443005268012,-0.009683838364411557,0.0834,25.03,77.1,,,,,,
2026-07-30T19:22:57.822619+00:00,S017,mounted,true,healthy,none,1300,healthy_horizontal_no_load_1300rpm,420319,1324,267,1625,2130,2,0,844928,9,211,73,1,2,1659,1494,1261,63,131,1643,16383,1664,1651,1644664,800,1997,2155,526380,11953,8,382547,1496,47084,563,420221143,420320242,0,420320256,420320771,3381213490,17859283,0.0834,1651.0,0.2020159938927466,-0.06132132259683809,0.0834,25.21,77.4,,,,,,
2026-07-30T19:22:57.915905+00:00,S017,mounted,true,healthy,none,1300,healthy_horizontal_no_load_1300rpm,420419,1317,270,1626,2139,6,0,844981,9,211,73,0,2,1659,1494,1229,63,131,1644,16383,1664,1652,1644280,800,1927,2129,526381,11953,8,382544,1496,47085,563,420321173,420420305,0,420420471,420420986,3379651802,17859279,0.0834,1651.0,0.1586820051033211,-0.1779897539529829,0.0834,25.18,77.3,,,,,,
2026-07-30T19:22:58.056283+00:00,S017,mounted,true,healthy,none,1300,healthy_horizontal_no_load_1300rpm,420520,1311,269,1635,2149,4,0,845034,9,211,73,0,2,1659,1495,1222,62,135,1637,16383,1664,1651,1660838,808,1973,2085,526360,11956,8,382547,1496,47086,563,420421386,420520977,0,420521055,420521570,3413902932,17868246,0.0834,1651.0,0.08447560220809613,-0.1021470488457683,0.0834,25.4,77.7,,,,,,
2026-07-30T19:22:58.150001+00:00,S017,mounted,true,healthy,none,1300,healthy_horizontal_no_load_1300rpm,420620,1309,268,1637,2150,1,0,845086,9,211,73,1,3,1659,1494,1246,62,135,1634,16383,1662,1652,1644293,800,1955,2083,526327,11955,8,382547,1496,47087,563,420521969,420621099,0,420621173,420621688,3379684875,17865257,0.0834,1651.0,0.08143338092848174,-0.13186748933500647,0.0834,25.49,77.9,,,,,,
2026-07-30T19:22:58.243986+00:00,S017,mounted,true,healthy,none,1300,healthy_horizontal_no_load_1300rpm,420720,1303,270,1644,2162,2,0,845138,9,211,73,1,2,1659,1495,1238,62,140,1636,16383,1665,1653,1644371,800,1973,2293,526363,11957,8,382551,1496,47088,563,420622090,420721175,0,420721248,420721764,3380063445,17871233,0.0834,1651.0,0.43074098344066236,-0.10242199724011058,0.0834,25.43,77.8,,,,,,
2026-07-30T19:22:58.323059+00:00,S017,mounted,true,healthy,none,1300,healthy_horizontal_no_load_1300rpm,420820,1299,268,1653,2169,4,0,845190,9,211,73,1,2,1659,1495,1259,61,135,1633,16383,1664,1652,1644629,800,1987,2094,526384,11956,8,382553,1496,47089,563,420722169,420821246,0,420821320,420821835,3381064441,17868246,0.0834,1651.0,0.09947206523921004,-0.07881921746403542,0.0834,25.52,77.9,,,,,,
2026-07-30T19:22:58.416663+00:00,S017,mounted,true,healthy,none,1300,healthy_horizontal_no_load_1300rpm,420920,1299,266,1652,2164,1,0,845242,9,211,73,0,2,1659,1494,1211,61,135,1632,16383,1664,1652,1644237,800,2001,2091,526390,11955,8,382553,1496,47090,563,420822240,420921311,0,420921385,420921900,3379453043,17865257,0.0834,1651.0,0.09476468531994975,-0.05521248908406573,0.0834,25.55,78.0,,,,,,
2026-07-30T19:22:58.525966+00:00,S017,mounted,true,healthy,none,1300,healthy_horizontal_no_load_1300rpm,421020,1298,267,1654,2169,2,0,845294,9,211,73,0,2,1659,1494,1219,63,145,1631,16383,1663,1654,1644730,800,2013,2225,526381,11954,8,382552,1496,47091,563,420922303,421021369,0,421021443,421021958,3381502556,17862270,0.0834,1651.0,0.31837420361385327,-0.034934916011377215,0.0834,25.58,78.0,,,,,,
2026-07-30T19:22:58.651713+00:00,S017,mounted,true,healthy,none,1300,healthy_horizontal_no_load_1300rpm,421121,1296,265,1653,2165,4,0,845346,9,211,73,0,3,1659,1494,1233,68,150,1643,16383,1662,1653,1659991,808,1869,2079,526372,11950,8,382543,1496,47092,563,421022361,421122074,0,421122083,421122601,3410461967,17850320,0.0834,1651.0,0.07621729891213347,-0.27387586259414265,0.0834,25.21,77.4,,,,,,
2026-07-30T19:22:58.745700+00:00,S017,mounted,true,healthy,none,1300,healthy_horizontal_no_load_1300rpm,421221,1318,271,1630,2145,5,0,845399,9,211,73,3,2,1659,1494,1238,68,150,1643,16383,1665,1653,1644597,800,2004,2089,526390,11951,8,382537,1496,47093,563,421123000,421222102,0,421222111,421222626,3380938145,17853303,0.0834,1651.0,0.0925969958162498,-0.04909552196468914,0.0834,25.21,77.4,,,,,,
2026-07-30T19:22:58.853779+00:00,S017,mounted,true,healthy,none,1300,healthy_horizontal_no_load_1300rpm,421321,1331,267,1615,2118,1,0,845452,9,211,73,1,2,1659,1495,1246,67,143,1642,16383,1663,1655,1644672,800,2005,2167,526419,11957,8,382542,1496,47094,563,421223031,421322141,0,421322151,421322666,3381259234,17871233,0.0834,1651.0,0.2208080597976081,-0.04910569917203311,0.0834,25.24,77.4,,,,,,
2026-07-30T19:22:58.948632+00:00,S017,mounted,true,healthy,none,1300,healthy_horizontal_no_load_1300rpm,421421,1334,269,1607,2112,1,0,845506,9,211,73,1,2,1659,1494,1213,67,143,1639,16383,1663,1655,1644879,800,2019,2081,526462,11954,8,382542,1496,47095,563,421323067,421422198,0,421422212,421422727,3382081825,17862266,0.0834,1651.0,0.07839065066086626,-0.02493560130500283,0.0834,25.33,77.6,,,,,,
2026-07-30T19:22:59.041268+00:00,S017,mounted,true,healthy,none,1300,healthy_horizontal_no_load_1300rpm,421521,1317,271,1626,2141,2,0,845558,9,211,73,0,2,1659,1495,1209,66,141,1649,16383,1663,1651,1644172,800,2017,2213,526401,11957,8,382547,1496,47096,563,421423129,421522234,0,421522243,421522757,3379214918,17871233,0.0834,1651.0,0.2974502382704687,-0.029112087396504283,0.0834,25.03,77.1,,,,,,
2026-07-30T19:22:59.134678+00:00,S017,mounted,true,healthy,none,1300,healthy_horizontal_no_load_1300rpm,421621,1308,268,1637,2149,6,0,845611,9,211,73,1,3,1659,1495,1225,69,142,1651,16383,1664,1650,1644682,800,1995,2079,526433,11958,8,382553,1496,47097,563,421523157,421622292,0,421622302,421622817,3381279920,17874222,0.0834,1651.0,0.07389856848971332,-0.06604501003512331,0.0834,24.97,76.9,,,,,,
2026-07-30T19:22:59.227389+00:00,S017,mounted,true,healthy,none,1300,healthy_horizontal_no_load_1300rpm,421721,1311,268,1633,2144,5,0,845663,9,211,73,1,2,1659,1494,1225,69,142,1652,16383,1664,1651,1644417,800,2025,2084,526390,11952,8,382548,1496,47098,563,421623218,421722307,0,421722316,421722834,3380189503,17856294,0.0834,1651.0,0.08397148192771065,-0.014371566265060753,0.0834,24.94,76.9,,,,,,
2026-07-30T19:22:59.320642+00:00,S017,mounted,true,healthy,none,1300,healthy_horizontal_no_load_1300rpm,421821,1311,270,1634,2150,1,0,845716,9,211,73,0,2,1659,1494,1234,72,147,1648,16383,1663,1650,1643800,800,1959,2101,526334,11953,8,382545,1496,47099,563,421723236,421822347,0,421822361,421822876,3377661130,17859279,0.0834,1651.0,0.11201463256086308,-0.124655613904459,0.0834,25.06,77.1,,,,,,
2026-07-30T19:22:59.461575+00:00,S017,mounted,true,healthy,none,1300,healthy_horizontal_no_load_1300rpm,421921,1311,266,1637,2145,2,0,845768,9,211,73,1,2,1659,1495,1228,66,131,1648,16383,1662,1650,1644185,800,2011,2243,526337,11957,8,382549,1496,47100,563,421823276,421922409,0,421922419,421922933,3379275573,17871233,0.0834,1651.0,0.3474342677092914,-0.03910889328426892,0.0834,25.06,77.1,,,,,,
2026-07-30T19:22:59.556439+00:00,S017,mounted,true,healthy,none,1300,healthy_horizontal_no_load_1300rpm,422022,1328,270,1616,2125,2,0,845822,9,211,73,2,2,1659,1495,1185,66,131,1640,16383,1663,1653,1660664,808,2007,2079,526352,11957,8,382553,1496,47101,563,421923335,422023124,0,422023203,422023718,3413180228,17871235,0.0834,1651.0,0.07418824011039549,-0.045773430542778826,0.0834,25.3,77.5,,,,,,
2026-07-30T19:22:59.648777+00:00,S017,mounted,true,healthy,none,1300,healthy_horizontal_no_load_1300rpm,422122,1333,271,1606,2114,6,0,845875,9,211,73,0,2,1659,1494,1195,70,136,1646,16383,1664,1650,1644360,800,2018,2081,526353,11950,8,382544,1496,47102,563,422024119,422123227,0,422123301,422123816,3379958058,17850316,0.0834,1651.0,0.07955151949790773,-0.025476428953975283,0.0834,25.12,77.2,,,,,,
2026-07-30T19:22:59.741390+00:00,S017,mounted,true,healthy,none,1300,healthy_horizontal_no_load_1300rpm,422222,1331,270,1606,2114,4,0,845928,9,211,73,2,3,1659,1494,1219,70,136,1643,16383,1663,1652,1644565,800,1939,2093,526339,11954,8,382543,1496,47103,563,422124216,422223274,0,422223348,422223862,3380807075,17862268,0.0834,1651.0,0.09838928007361547,-0.15825979738999552,0.0834,25.21,77.4,,,,,,
2026-07-30T19:22:59.834539+00:00,S017,mounted,true,healthy,none,1300,healthy_horizontal_no_load_1300rpm,422322,1320,268,1621,2129,5,0,845981,9,211,73,2,3,1659,1494,1194,68,135,1640,16383,1665,1652,1644415,800,2013,2231,526338,11955,8,382544,1496,47104,563,422224264,422323330,0,422323404,422323919,3380233307,17865257,0.0834,1651.0,0.32806251217063975,-0.03521553249686349,0.0834,25.3,77.5,,,,,,
2026-07-30T19:22:59.926514+00:00,S017,mounted,true,healthy,none,1300,healthy_horizontal_no_load_1300rpm,422422,1312,269,1634,2148,1,0,846034,9,211,73,1,2,1659,1494,1227,69,136,1639,16383,1663,1652,1643583,800,2009,2119,526323,11955,8,382545,1496,47105,563,422324324,422423406,0,422423484,422423999,3376765395,17865255,0.0834,1651.0,0.14142425069008757,-0.04188118469259772,0.0834,25.33,77.6,,,,,,
2026-07-30T19:23:00.020735+00:00,S017,mounted,true,healthy,none,1300,healthy_horizontal_no_load_1300rpm,422523,1312,269,1636,2149,3,0,846087,9,211,73,1,2,1659,1494,1209,69,136,1635,16383,1664,1654,1660804,808,2005,2087,526342,11953,8,382542,1496,47106,563,422424401,422524063,0,422524077,422524592,3413763670,17859281,0.0834,1651.0,0.0886809462896343,-0.04798778758470679,0.0834,25.46,77.8,,,,,,
2026-07-30T19:23:00.161171+00:00,S017,mounted,true,healthy,none,1300,healthy_horizontal_no_load_1300rpm,422623,1312,267,1634,2144,6,0,846139,9,211,73,0,2,1659,1494,1203,68,139,1636,16383,1663,1652,1644075,800,1987,2083,526321,11955,8,382543,1496,47107,563,422524993,422624218,0,422624227,422624742,3378786907,17865255,0.0834,1651.0,0.08143338092848174,-0.07854227176913486,0.0834,25.43,77.8,,,,,,
2026-07-30T19:23:00.255157+00:00,S017,mounted,true,healthy,none,1300,healthy_horizontal_no_load_1300rpm,422723,1309,268,1635,2147,4,0,846192,9,211,73,1,3,1659,1494,1213,69,142,1637,16383,1663,1651,1644180,800,1932,2096,526329,11953,8,382541,1496,47108,563,422625142,422724232,0,422724246,422724761,3379225294,17859281,0.0834,1651.0,0.1036811731782814,-0.1696562945704012,0.0834,25.4,77.7,,,,,,
2026-07-30T19:23:00.347929+00:00,S017,mounted,true,healthy,none,1300,healthy_horizontal_no_load_1300rpm,422823,1311,267,1638,2148,1,0,846244,9,211,73,0,2,1659,1494,1221,69,142,1641,16383,1662,1651,1643441,800,1910,2091,526348,11950,8,382533,1496,47109,563,422725163,422824314,0,422824324,422824839,3376198365,17850316,0.0834,1651.0,0.09622262242677815,-0.20552434058577385,0.0834,25.27,77.5,,,,,,
2026-07-30T19:23:00.443077+00:00,S017,mounted,true,healthy,none,1300,healthy_horizontal_no_load_1300rpm,422924,1310,270,1634,2149,3,0,846297,9,211,73,0,2,1659,1494,1228,70,142,1639,16383,1663,1652,1660903,808,1999,2091,526343,11954,8,382533,1496,47110,563,422825239,422924849,0,422924928,422925443,3414165755,17862270,0.0834,1651.0,0.09505617517149068,-0.05826665032625078,0.0834,25.33,77.6,,,,,,
2026-07-30T19:23:00.535537+00:00,S017,mounted,true,healthy,none,1300,healthy_horizontal_no_load_1300rpm,423024,1322,270,1624,2136,6,0,846349,9,211,74,2,3,1659,1495,1226,70,142,1641,16383,1664,1650,1643903,800,1937,2083,526331,11956,8,382536,1496,47111,563,422925842,423025069,0,423025143,423025658,3378102917,17868246,0.0834,1651.0,0.08114305486784845,-0.16213290097022393,0.0834,25.27,77.5,,,,,,
2026-07-30T19:23:00.629242+00:00,S017,mounted,true,healthy,none,1300,healthy_horizontal_no_load_1300rpm,423124,1332,270,1609,2117,6,0,846403,9,211,73,1,2,1659,1494,1245,68,141,1636,16383,1664,1653,1644359,800,2015,2133,526338,11953,8,382534,1496,47112,563,423026059,423125072,0,423125151,423125666,3379954679,17859279,0.0834,1651.0,0.16534877260938652,-0.031320868819543435,0.0834,25.43,77.8,,,,,,
2026-07-30T19:23:00.769934+00:00,S017,mounted,true,healthy,none,1300,healthy_horizontal_no_load_1300rpm,423224,1332,270,1606,2113,4,0,846456,9,211,73,1,2,1659,1494,1211,68,142,1638,16383,1663,1650,1644303,800,2017,2079,526346,11953,8,382532,1496,47113,563,423126068,423225126,0,423225199,423225715,3379720347,17859281,0.0834,1651.0,0.075347411277503,-0.027987485066510942,0.0834,25.36,77.7,,,,,,
2026-07-30T19:23:00.862348+00:00,S017,mounted,true,healthy,none,1300,healthy_horizontal_no_load_1300rpm,423324,1330,269,1610,2117,4,0,846510,9,211,73,1,3,1659,1494,1206,68,142,1643,16383,1663,1652,1645004,800,1967,2085,526384,11955,8,382533,1496,47114,563,423226120,423325405,0,423325483,423325998,3382604334,17865257,0.0834,1651.0,0.08476620702634818,-0.11187053274780467,0.0834,25.21,77.4,,,,,,
2026-07-30T19:23:00.955796+00:00,S017,mounted,true,healthy,none,1300,healthy_horizontal_no_load_1300rpm,423425,1326,270,1617,2126,5,0,846563,9,211,73,1,2,1659,1495,1248,64,136,1642,16383,1662,1651,1660022,808,1999,2092,526326,11957,8,382538,1496,47115,563,423326400,423426212,0,423426221,423426736,3410550396,17871233,0.0834,1651.0,0.09584798620055146,-0.05910250505979775,0.0834,25.24,77.4,,,,,,
2026-07-30T19:23:01.050070+00:00,S017,mounted,true,healthy,none,1300,healthy_horizontal_no_load_1300rpm,423525,1319,268,1621,2130,1,0,846616,9,211,73,2,3,1659,1494,1234,63,130,1637,16383,1663,1651,1643850,800,1937,2109,526331,11954,8,382538,1496,47116,563,423427138,423526349,0,423526358,423526873,3377879610,17862270,0.0834,1651.0,0.12505411929061339,-0.1615929022921203,0.0834,25.4,77.7,,,,,,
2026-07-30T19:23:01.146521+00:00,S017,mounted,true,healthy,none,1300,healthy_horizontal_no_load_1300rpm,423625,1302,269,1645,2163,2,0,846668,9,211,73,0,3,1659,1494,1242,63,130,1635,16383,1662,1653,1644654,800,2012,2127,526363,11954,8,382538,1496,47117,563,423527275,423626406,0,423626416,423626931,3381165948,17862268,0.0834,1651.0,0.15505206340973698,-0.03660146846243917,0.0834,25.46,77.8,,,,,,
2026-07-30T19:23:01.237564+00:00,S017,mounted,true,healthy,none,1300,healthy_horizontal_no_load_1300rpm,423726,1297,267,1651,2167,4,0,846720,9,211,73,1,3,1659,1494,1226,61,128,1636,16383,1662,1653,1660547,808,1983,2159,526340,11952,8,382534,1496,47118,563,423627334,423727053,0,423727126,423727641,3412719917,17856292,0.0834,1651.0,0.20898383132530096,-0.08437848192771069,0.0834,25.43,77.8,,,,,,
2026-07-30T19:23:01.330675+00:00,S017,mounted,true,healthy,none,1300,healthy_horizontal_no_load_1300rpm,423826,1308,269,1642,2156,5,0,846773,9,211,73,1,2,1659,1494,1237,61,128,1636,16383,1663,1654,1644334,800,2021,2115,526341,11954,8,382534,1496,47119,563,423728042,423827087,0,423827166,423827681,3379853402,17862270,0.0834,1651.0,0.13505343399698821,-0.021602496402878035,0.0834,25.43,77.8,,,,,,
2026-07-30T19:23:01.472108+00:00,S017,mounted,true,healthy,none,1300,healthy_horizontal_no_load_1300rpm,423926,1320,269,1625,2135,1,0,846826,9,211,73,1,2,1659,1494,1230,63,141,1646,16383,1662,1653,1643899,800,2027,2082,526329,11955,8,382535,1496,47120,563,423828082,423927130,0,423927208,423927723,3378059941,17865255,0.0834,1651.0,0.07976696787954829,-0.011885749811794355,0.0834,25.12,77.2,,,,,,
2026-07-30T19:23:01.564862+00:00,S017,mounted,true,healthy,none,1300,healthy_horizontal_no_load_1300rpm,424026,1323,270,1618,2129,3,0,846879,9,211,73,0,3,1659,1494,1255,58,126,1638,16383,1664,1656,1644755,800,2026,2089,526385,11954,8,382535,1496,47121,563,423928125,424027187,0,424027266,424027781,3381571689,17862266,0.0834,1651.0,0.09172307026936588,-0.013269734147566048,0.0834,25.36,77.7,,,,,,
2026-07-30T19:23:01.661067+00:00,S017,mounted,true,healthy,none,1300,healthy_horizontal_no_load_1300rpm,424126,1324,270,1619,2130,6,0,846931,9,211,74,1,3,1659,1495,1213,58,126,1641,16383,1663,1651,1643736,800,1923,2079,526331,11956,8,382538,1496,47122,563,424028180,424127235,0,424127309,424127823,3377401076,17868244,0.0834,1651.0,0.07447796018735353,-0.18546073235195726,0.0834,25.27,77.5,,,,,,
2026-07-30T19:23:01.754321+00:00,S017,mounted,true,healthy,none,1300,healthy_horizontal_no_load_1300rpm,424226,1322,269,1620,2130,4,0,846984,9,211,73,0,2,1659,1495,1262,59,128,1657,16383,1664,1654,1644824,800,2027,2089,526345,11959,8,382547,1496,47123,563,424128225,424227274,0,424227348,424227862,3381857914,17877211,0.0834,1651.0,0.09026750204866607,-0.013015549711514307,0.0834,24.79,76.6,,,,,,
2026-07-30T19:23:01.846649+00:00,S017,mounted,true,healthy,none,1300,healthy_horizontal_no_load_1300rpm,424326,1320,268,1622,2130,5,0,847037,9,211,73,1,3,1659,1495,1213,62,139,1645,16383,1664,1651,1644179,800,2031,2079,526365,11959,8,382555,1496,47124,563,424228262,424327329,0,424327403,424327917,3379205213,17877211,0.0834,1651.0,0.0736089453131532,-0.006352127017309694,0.0834,25.15,77.3,,,,,,
2026-07-30T19:23:01.941185+00:00,S017,mounted,true,healthy,none,1300,healthy_horizontal_no_load_1300rpm,424426,1314,269,1631,2143,1,0,847090,9,211,73,1,2,1659,1494,1260,62,139,1641,16383,1665,1651,1643903,800,1929,2199,526325,11953,8,382552,1496,47125,563,424328318,424427386,0,424427464,424427979,3378124721,17859279,0.0834,1651.0,0.2753504364594659,-0.17465637019994995,0.0834,25.27,77.5,,,,,,
2026-07-30T19:23:02.035461+00:00,S017,mounted,true,healthy,none,1300,healthy_horizontal_no_load_1300rpm,424527,1311,270,1632,2147,3,0,847143,9,211,73,0,2,1659,1494,1212,65,144,1640,16383,1663,1652,1660813,808,2025,2081,526335,11954,8,382551,1496,47126,563,424428381,424528046,0,424528061,424528576,3413792045,17862270,0.0834,1651.0,0.07839065066086626,-0.014936286598628001,0.0834,25.3,77.5,,,,,,
2026-07-30T19:23:02.129240+00:00,S017,mounted,true,healthy,none,1300,healthy_horizontal_no_load_1300rpm,424627,1312,269,1634,2148,6,0,847195,9,211,74,1,3,1659,1494,1234,65,144,1639,16383,1664,1651,1644375,800,2003,2105,526362,11953,8,382548,1496,47127,563,424528975,424628199,0,424628209,424628724,3380026891,17859279,0.0834,1651.0,0.11868140006692851,-0.051321171337739724,0.0834,25.33,77.6,,,,,,
2026-07-30T19:23:02.273312+00:00,S017,mounted,true,healthy,none,1300,healthy_horizontal_no_load_1300rpm,424727,1311,269,1637,2150,4,0,847248,9,211,73,1,2,1659,1495,1232,59,126,1644,16383,1663,1652,1644785,800,2015,2246,526355,11956,8,382550,1496,47128,563,424629129,424728404,0,424728418,424728933,3381733557,17868244,0.0834,1651.0,0.35274566309802546,-0.0321635547005692,0.0834,25.18,77.3,,,,,,
2026-07-30T19:23:02.364566+00:00,S017,mounted,true,healthy,none,1300,healthy_horizontal_no_load_1300rpm,424828,1309,269,1635,2149,1,0,847300,9,211,73,1,3,1659,1495,1254,61,122,1645,16383,1663,1653,1661316,808,2013,2082,526415,11957,8,382554,1496,47129,563,424729334,424829063,0,424829137,424829651,3415858134,17871233,0.0834,1651.0,0.0791866430542778,-0.03577662465501419,0.0834,25.15,77.3,,,,,,
2026-07-30T19:23:02.457768+00:00,S017,mounted,true,healthy,none,1300,healthy_horizontal_no_load_1300rpm,424928,1311,269,1633,2147,3,0,847353,9,211,73,0,2,1659,1495,1219,61,122,1646,16383,1664,1649,1644034,800,2023,2091,526368,11956,8,382556,1496,47130,563,424830053,424929118,0,424929192,424929707,3378616320,17868244,0.0834,1651.0,0.09447324422883874,-0.01883336533957891,0.0834,25.12,77.2,,,,,,
2026-07-30T19:23:02.550194+00:00,S017,mounted,true,healthy,none,1300,healthy_horizontal_no_load_1300rpm,425028,1310,269,1636,2149,6,0,847405,9,211,73,0,3,1659,1494,1219,64,130,1638,16383,1664,1651,1644536,800,2007,2171,526383,11955,8,382556,1496,47131,563,424930106,425029381,0,425029455,425029971,3380691660,17865257,0.0834,1651.0,0.22807772923462988,-0.045214010790464165,0.0834,25.36,77.7,,,,,,
2026-07-30T19:23:02.643121+00:00,S017,mounted,true,healthy,none,1300,healthy_horizontal_no_load_1300rpm,425128,1312,270,1634,2149,4,0,847458,9,211,74,0,3,1659,1495,1241,64,125,1642,16383,1664,1655,1644825,800,2013,2223,526368,11956,8,382558,1496,47132,563,425030370,425129429,0,425129502,425130018,3381892285,17868244,0.0834,1651.0,0.3144213686851791,-0.03549610204081688,0.0834,25.24,77.4,,,,,,
2026-07-30T19:23:02.737457+00:00,S017,mounted,true,healthy,none,1300,healthy_horizontal_no_load_1300rpm,425229,1311,269,1635,2148,5,0,847511,9,211,73,1,3,1659,1495,1193,64,125,1644,16383,1663,1651,1660932,808,2023,2082,526382,11956,8,382560,1496,47133,563,425130417,425230076,0,425230090,425230605,3414279152,17868244,0.0834,1651.0,0.07947678119772483,-0.01883336533957891,0.0834,25.18,77.3,,,,,,
2026-07-30T19:23:02.877263+00:00,S017,mounted,true,healthy,none,1300,healthy_horizontal_no_load_1300rpm,425329,1308,267,1637,2148,3,0,847563,9,211,73,1,2,1659,1495,1208,63,124,1649,16383,1663,1653,1644065,800,1991,2079,526350,11958,8,382566,1496,47134,563,425231007,425330116,0,425330125,425330640,3378742703,17874222,0.0834,1651.0,0.07389856848971332,-0.07270898996487718,0.0834,25.03,77.1,,,,,,
2026-07-30T19:23:02.973511+00:00,S017,mounted,true,healthy,none,1300,healthy_horizontal_no_load_1300rpm,425429,1303,269,1644,2160,6,0,847615,9,211,73,1,2,1659,1494,1190,63,124,1642,16383,1663,1653,1643826,800,1895,2081,526320,11954,8,382564,1496,47135,563,425331042,425430224,0,425430233,425430748,3377781500,17862268,0.0834,1651.0,0.07839065066086626,-0.231588105236741,0.0834,25.24,77.4,,,,,,
2026-07-30T19:23:03.066759+00:00,S017,mounted,true,healthy,none,1300,healthy_horizontal_no_load_1300rpm,425529,1299,269,1650,2168,5,0,847667,9,211,73,0,2,1659,1494,1213,64,125,1642,16383,1663,1654,1644483,800,2027,2090,526323,11954,8,382562,1496,47136,563,425431150,425530282,0,425530291,425530806,3380455087,17862268,0.0834,1651.0,0.09338962272042783,-0.011603181696503206,0.0834,25.24,77.4,,,,,,
2026-07-30T19:23:03.159784+00:00,S017,mounted,true,healthy,none,1300,healthy_horizontal_no_load_1300rpm,425629,1312,269,1637,2151,1,0,847720,9,211,73,2,2,1659,1495,1214,64,133,1639,16383,1663,1652,1644352,800,1935,2123,526337,11957,8,382565,1496,47137,563,425531205,425630426,0,425630440,425630955,3379945080,17871233,0.0834,1651.0,0.14749814995400135,-0.1657351011959527,0.0834,25.33,77.6,,,,,,
2026-07-30T19:23:03.253257+00:00,S017,mounted,true,healthy,none,1300,healthy_horizontal_no_load_1300rpm,425730,1331,271,1612,2121,3,0,847773,9,211,74,2,2,1659,1494,1195,64,133,1641,16383,1663,1650,1660768,808,1905,2135,526350,11955,8,382565,1496,47138,563,425631356,425731085,0,425731159,425731674,3413643604,17865255,0.0834,1651.0,0.1680868594730236,-0.21518814178168144,0.0834,25.27,77.5,,,,,,
2026-07-30T19:23:03.346093+00:00,S017,mounted,true,healthy,none,1300,healthy_horizontal_no_load_1300rpm,425830,1334,271,1605,2113,3,0,847827,9,211,73,0,3,1659,1494,1209,66,133,1640,16383,1663,1654,1644781,800,2025,2085,526376,11955,8,382565,1496,47139,563,425732079,425831152,0,425831231,425831746,3381682369,17865255,0.0834,1651.0,0.08476620702634818,-0.015218575909661247,0.0834,25.3,77.5,,,,,,
2026-07-30T19:23:03.439472+00:00,S017,mounted,true,healthy,none,1300,healthy_horizontal_no_load_1300rpm,425930,1330,270,1608,2116,2,0,847880,9,211,73,1,3,1659,1495,1204,62,127,1655,16383,1663,1652,1644923,800,1971,2221,526407,11956,8,382566,1496,47140,563,425832145,425931183,0,425931261,425931776,3382317461,17868244,0.0834,1651.0,0.31108882134493143,-0.10547959618601599,0.0834,24.85,76.7,,,,,,
2026-07-30T19:23:03.580944+00:00,S017,mounted,true,healthy,none,1300,healthy_horizontal_no_load_1300rpm,426030,1323,270,1616,2126,6,0,847933,9,211,73,2,3,1659,1494,1211,62,127,1645,16383,1664,1654,1644511,800,2025,2097,526417,11955,8,382566,1496,47141,563,425932178,426031236,0,426031469,426031984,3380570119,17865257,0.0834,1651.0,0.10476316361355043,-0.015218575909661247,0.0834,25.15,77.3,,,,,,
2026-07-30T19:23:03.674147+00:00,S017,mounted,true,healthy,none,1300,healthy_horizontal_no_load_1300rpm,426131,1321,271,1619,2132,4,0,847986,9,211,73,1,3,1659,1495,1196,62,128,1653,16383,1663,1652,1661067,808,2017,2088,526413,11957,8,382569,1496,47142,563,426032385,426132042,0,426132052,426132567,3414835181,17871233,0.0834,1651.0,0.08918344894204244,-0.029112087396504283,0.0834,24.91,76.8,,,,,,
2026-07-30T19:23:03.768685+00:00,S017,mounted,true,healthy,none,1300,healthy_horizontal_no_load_1300rpm,426231,1315,268,1630,2141,5,0,848039,9,211,73,1,2,1659,1495,1242,62,128,1647,16383,1664,1655,1644467,800,2022,2087,526411,11957,8,382572,1496,47143,563,426132972,426232068,0,426232082,426232597,3380393367,17871233,0.0834,1651.0,0.08751731462741441,-0.020781415823367233,0.0834,25.09,77.2,,,,,,
2026-07-30T19:23:03.860729+00:00,S017,mounted,true,healthy,none,1300,healthy_horizontal_no_load_1300rpm,426331,1311,269,1635,2148,3,0,848091,9,211,73,1,3,1659,1494,1209,62,133,1644,16383,1663,1653,1644844,800,1977,2093,526432,11955,8,382572,1496,47144,563,426232998,426332116,0,426332125,426332640,3381948452,17865257,0.0834,1651.0,0.09809751141781664,-0.09520640225846977,0.0834,25.18,77.3,,,,,,
2026-07-30T19:23:03.953267+00:00,S017,mounted,true,healthy,none,1300,healthy_horizontal_no_load_1300rpm,426431,1313,270,1632,2146,2,0,848144,9,211,73,0,2,1659,1495,1214,61,131,1645,16383,1663,1651,1643976,800,1933,2079,526402,11956,8,382573,1496,47145,563,426333045,426432225,0,426432235,426432750,3378392762,17868244,0.0834,1651.0,0.07447796018735353,-0.1687979956507193,0.0834,25.15,77.3,,,,,,
2026-07-30T19:23:04.046418+00:00,S017,mounted,true,healthy,none,1300,healthy_horizontal_no_load_1300rpm,426531,1321,268,1623,2131,6,0,848197,9,211,73,0,2,1659,1494,1227,61,131,1645,16383,1663,1653,1644918,800,2029,2110,526416,11953,8,382569,1496,47146,563,426433149,426532282,0,426532447,426532962,3382246542,17859281,0.0834,1651.0,0.12701485944951063,-0.007987182548314653,0.0834,25.15,77.3,,,,,,
2026-07-30T19:23:04.141360+00:00,S017,mounted,true,healthy,none,1300,healthy_horizontal_no_load_1300rpm,426631,1322,269,1616,2125,4,0,848250,9,211,73,3,3,1659,1494,1229,61,129,1641,16383,1663,1654,1644001,800,2017,2141,526370,11953,8,382565,1496,47147,563,426533361,426632433,0,426632443,426632958,3378486533,17859279,0.0834,1651.0,0.17868230762151738,-0.027987485066510942,0.0834,25.27,77.5,,,,,,
2026-07-30T19:23:04.282234+00:00,S017,mounted,true,healthy,none,1300,healthy_horizontal_no_load_1300rpm,426732,1299,269,1648,2166,1,0,848302,9,211,73,1,3,1659,1494,1211,59,127,1638,16383,1663,1654,1660849,808,1977,2171,526346,11953,8,382561,1496,47148,563,426633360,426733065,0,426733139,426733654,3413962493,17859281,0.0834,1651.0,0.22868306391700788,-0.09465516012716524,0.0834,25.36,77.7,,,,,,
2026-07-30T19:23:04.376894+00:00,S017,mounted,true,healthy,none,1300,healthy_horizontal_no_load_1300rpm,426832,1287,268,1668,2189,2,0,848354,9,211,73,0,2,1659,1494,1241,59,127,1640,16383,1664,1654,1644446,800,2023,2082,526333,11951,8,382553,1496,47149,563,426734060,426833156,0,426833234,426833749,3380303938,17853305,0.0834,1651.0,0.0809282002342897,-0.017423076813655847,0.0834,25.3,77.5,,,,,,
2026-07-30T19:23:04.469807+00:00,S017,mounted,true,healthy,none,1300,healthy_horizontal_no_load_1300rpm,426932,1287,268,1668,2189,5,0,848405,9,211,73,0,2,1659,1494,1213,61,130,1638,16383,1663,1652,1644604,800,1939,2079,526340,11955,8,382553,1496,47150,563,426834149,426933207,0,426933281,426933795,3380967066,17865257,0.0834,1651.0,0.07476772873274751,-0.1585300981179425,0.0834,25.36,77.7,,,,,,
2026-07-30T19:23:04.563702+00:00,S017,mounted,true,healthy,none,1300,healthy_horizontal_no_load_1300rpm,427032,1304,269,1645,2161,1,0,848458,9,211,73,1,3,1659,1494,1243,61,130,1634,16383,1663,1652,1644518,800,1908,2079,526348,11955,8,382553,1496,47151,563,426934195,427033255,0,427033334,427033849,3380621008,17865257,0.0834,1651.0,0.07476772873274751,-0.21018890263488066,0.0834,25.49,77.9,,,,,,
2026-07-30T19:23:04.655684+00:00,S017,mounted,true,healthy,none,1300,healthy_horizontal_no_load_1300rpm,427132,1311,269,1635,2149,2,0,848510,9,211,73,0,3,1659,1495,1221,64,138,1637,16383,1663,1652,1644618,800,1990,2088,526343,11958,8,382559,1496,47152,563,427034250,427133311,0,427133385,427133900,3381018972,17874222,0.0834,1651.0,0.08889252333166064,-0.07437498494731587,0.0834,25.4,77.7,,,,,,
2026-07-30T19:23:04.750063+00:00,S017,mounted,true,healthy,none,1300,healthy_horizontal_no_load_1300rpm,427232,1311,269,1635,2148,6,0,848563,9,211,73,0,2,1659,1495,1224,63,136,1637,16383,1662,1652,1644170,800,1987,2090,526327,11957,8,382563,1496,47153,563,427134304,427233373,0,427233452,427233967,3379177636,17871233,0.0834,1651.0,0.09251571757129673,-0.07909611683532658,0.0834,25.4,77.7,,,,,,
2026-07-30T19:23:04.841909+00:00,S017,mounted,true,healthy,none,1300,healthy_horizontal_no_load_1300rpm,427332,1310,270,1637,2153,5,0,848615,9,211,73,1,2,1659,1495,1242,63,136,1637,16383,1662,1653,1644466,800,2027,2083,526338,11956,8,382564,1496,47154,563,427234366,427333432,0,427333506,427334021,3380381504,17868244,0.0834,1651.0,0.08114305486784845,-0.012168270659083547,0.0834,25.4,77.7,,,,,,
2026-07-30T19:23:04.981246+00:00,S017,mounted,true,healthy,none,1300,healthy_horizontal_no_load_1300rpm,427433,1308,270,1637,2153,1,0,848668,9,211,73,0,2,1659,1495,1235,63,143,1638,16383,1665,1655,1661538,808,1951,2175,526391,11957,8,382567,1496,47155,563,427334426,427434086,0,427434100,427434616,3416794390,17871233,0.0834,1651.0,0.23413713431462702,-0.13907695216191351,0.0834,25.36,77.7,,,,,,
2026-07-30T19:23:05.075711+00:00,S017,mounted,true,healthy,none,1300,healthy_horizontal_no_load_1300rpm,427533,1311,269,1634,2148,2,0,848720,9,211,73,0,3,1659,1495,1229,60,138,1644,16383,1662,1654,1645051,800,2019,2091,526447,11956,8,382568,1496,47156,563,427435015,427534135,0,427534145,427534660,3382794457,17868244,0.0834,1651.0,0.09447324422883874,-0.025498460020073832,0.0834,25.18,77.3,,,,,,
2026-07-30T19:23:05.169526+00:00,S017,mounted,true,healthy,none,1300,healthy_horizontal_no_load_1300rpm,427633,1308,269,1637,2152,6,0,848773,9,211,73,1,2,1659,1494,1249,60,138,1645,16383,1662,1653,1644360,800,2001,2141,526428,11954,8,382566,1496,47157,563,427535059,427634311,0,427634478,427634993,3379968044,17862270,0.0834,1651.0,0.178383797724611,-0.054933545424125985,0.0834,25.15,77.3,,,,,,
2026-07-30T19:23:05.262270+00:00,S017,mounted,true,healthy,none,1300,healthy_horizontal_no_load_1300rpm,427734,1318,270,1625,2137,4,0,848826,9,211,73,1,3,1659,1495,1228,60,133,1632,16383,1664,1655,1661182,808,2022,2081,526472,11959,8,382573,1496,47158,563,427635394,427735064,0,427735138,427735653,3415305520,17877211,0.0834,1651.0,0.07694065666025596,-0.02134482807927096,0.0834,25.55,78.0,,,,,,
2026-07-30T19:23:05.354977+00:00,S017,mounted,true,healthy,none,1300,healthy_horizontal_no_load_1300rpm,427834,1323,270,1623,2134,5,0,848879,9,211,74,2,3,1659,1494,1246,60,133,1639,16383,1662,1655,1644855,800,2019,2079,526521,11955,8,382573,1496,47159,563,427736054,427835105,0,427835184,427835699,3381987259,17865255,0.0834,1651.0,0.07476772873274751,-0.025217054203262812,0.0834,25.33,77.6,,,,,,
2026-07-30T19:23:05.449147+00:00,S017,mounted,true,healthy,none,1300,healthy_horizontal_no_load_1300rpm,427934,1323,267,1620,2125,1,0,848932,9,211,73,0,2,1659,1495,1211,60,132,1637,16383,1662,1655,1644428,800,2006,2086,526510,11956,8,382574,1496,47160,563,427836101,427935165,0,427935244,427935759,3380230990,17868246,0.0834,1651.0,0.08614187587821975,-0.0471600177316831,0.0834,25.4,77.7,,,,,,
2026-07-30T19:23:05.588935+00:00,S017,mounted,true,healthy,none,1300,healthy_horizontal_no_load_1300rpm,428034,1316,267,1625,2132,2,0,848984,9,211,73,2,3,1659,1494,1237,61,129,1649,16383,1663,1655,1644065,800,1921,2087,526474,11955,8,382574,1496,47161,563,427936158,428035223,0,428035297,428035812,3378757463,17865257,0.0834,1651.0,0.08809903312421552,-0.18852553299874586,0.0834,25.03,77.1,,,,,,
2026-07-30T19:23:05.684316+00:00,S017,mounted,true,healthy,none,1300,healthy_horizontal_no_load_1300rpm,428134,1307,266,1637,2147,6,0,849037,9,211,73,1,2,1659,1494,1246,61,129,1639,16383,1664,1654,1645064,800,2029,2177,526549,11955,8,382574,1496,47162,563,428036213,428135297,0,428135528,428136043,3382862250,17865257,0.0834,1651.0,0.23807620752823055,-0.008552923713927019,0.0834,25.33,77.6,,,,,,
2026-07-30T19:23:05.777643+00:00,S017,mounted,true,healthy,none,1300,healthy_horizontal_no_load_1300rpm,428235,1323,268,1625,2132,4,0,849090,9,211,73,2,2,1659,1494,1219,63,128,1644,16383,1663,1653,1660702,808,2014,2085,526526,11951,8,382566,1496,47163,563,428136444,428236080,0,428236090,428236605,3413341612,17853303,0.0834,1651.0,0.085929112626558,-0.03242581399046118,0.0834,25.18,77.3,,,,,,
2026-07-30T19:23:05.872033+00:00,S017,mounted,true,healthy,none,1300,healthy_horizontal_no_load_1300rpm,428335,1342,270,1598,2101,4,0,849144,9,211,73,1,3,1659,1494,1229,62,122,1640,16383,1663,1654,1644800,800,2023,2091,526561,11955,8,382566,1496,47164,563,428237006,428336108,0,428336122,428336637,3381759140,17865257,0.0834,1651.0,0.09476468531994975,-0.018551402007528583,0.0834,25.3,77.5,,,,,,
2026-07-30T19:23:05.966523+00:00,S017,mounted,true,healthy,none,1300,healthy_horizontal_no_load_1300rpm,428435,1349,271,1588,2091,4,0,849198,9,211,73,1,3,1659,1495,1225,62,122,1636,16383,1662,1653,1644427,800,2029,2107,526525,11957,8,382569,1496,47165,563,428337039,428436151,0,428436165,428436680,3380224729,17871233,0.0834,1651.0,0.12084000091996305,-0.009118475620975453,0.0834,25.43,77.8,,,,,,
2026-07-30T19:23:06.058569+00:00,S017,mounted,true,healthy,none,1300,healthy_horizontal_no_load_1300rpm,428535,1341,267,1594,2092,5,0,849251,9,211,73,2,2,1659,1494,1221,60,122,1638,16383,1663,1655,1645130,800,2023,2191,526556,11955,8,382569,1496,47166,563,428437082,428536209,0,428536219,428536734,3383134356,17865255,0.0834,1651.0,0.2614059902132997,-0.018551402007528583,0.0834,25.36,77.7,,,,,,
2026-07-30T19:23:06.167990+00:00,S017,mounted,true,healthy,none,1300,healthy_horizontal_no_load_1300rpm,428635,1334,270,1605,2111,5,0,849305,9,211,73,1,2,1659,1495,1227,60,122,1638,16383,1663,1653,1644071,800,1953,2083,526507,11958,8,382574,1496,47167,563,428537135,428636340,0,428636355,428636870,3378778395,17874222,0.0834,1651.0,0.08056254841946808,-0.13601679929754162,0.0834,25.36,77.7,,,,,,
2026-07-30T19:23:06.292354+00:00,S017,mounted,true,healthy,none,1300,healthy_horizontal_no_load_1300rpm,428735,1335,270,1603,2109,1,0,849358,9,211,73,0,3,1659,1494,1218,63,128,1637,16383,1663,1651,1644477,800,1927,2103,526477,11952,8,382568,1496,47168,563,428637271,428736405,0,428736415,428736930,3380453215,17856290,0.0834,1651.0,0.1156412771084332,-0.17772103614457846,0.0834,25.4,77.7,,,,,,
2026-07-30T19:23:06.387199+00:00,S017,mounted,true,healthy,none,1300,healthy_horizontal_no_load_1300rpm,428835,1329,269,1612,2118,3,0,849411,9,211,73,1,3,1659,1495,1212,60,116,1639,16383,1663,1653,1644878,800,2033,2173,526526,11958,8,382573,1496,47169,563,428737329,428836422,0,428836431,428836945,3382090196,17874222,0.0834,1651.0,0.23050209683893597,-0.002737200702458864,0.0834,25.33,77.6,,,,,,
2026-07-30T19:23:06.481662+00:00,S017,mounted,true,healthy,none,1300,healthy_horizontal_no_load_1300rpm,428936,1323,270,1621,2131,3,0,849465,9,211,73,1,2,1659,1494,1229,60,116,1638,16383,1663,1651,1660912,808,1914,2111,526521,11952,8,382567,1496,47170,563,428837347,428937063,0,428937137,428937652,3414220558,17856290,0.0834,1651.0,0.12897592771084332,-0.1993898433734942,0.0834,25.36,77.7,,,,,,
2026-07-30T19:23:06.574590+00:00,S017,mounted,true,healthy,none,1300,healthy_horizontal_no_load_1300rpm,429036,1325,269,1620,2128,2,0,849518,9,211,73,1,2,1659,1495,1206,62,120,1637,16383,1663,1651,1644850,800,1973,2335,526582,11956,8,382568,1496,47171,563,428938053,429037125,0,429037204,429037719,3382058930,17868244,0.0834,1651.0,0.5010440197390427,-0.1021470488457683,0.0834,25.4,77.7,,,,,,
2026-07-30T19:23:06.669155+00:00,S017,mounted,true,healthy,none,1300,healthy_horizontal_no_load_1300rpm,429136,1321,269,1625,2134,6,0,849571,9,211,73,1,2,1659,1494,1221,60,121,1634,16383,1662,1652,1644443,800,1959,2085,526583,11953,8,382564,1496,47172,563,429038120,429137229,0,429137307,429137822,3380295317,17859281,0.0834,1651.0,0.08534756253660136,-0.124655613904459,0.0834,25.49,77.9,,,,,,
2026-07-30T19:23:06.762940+00:00,S017,mounted,true,healthy,none,1300,healthy_horizontal_no_load_1300rpm,429236,1322,269,1620,2130,4,0,849624,9,211,73,1,2,1659,1494,1194,60,121,1639,16383,1664,1651,1644340,800,1867,2081,526531,11955,8,382564,1496,47173,563,429138224,429237276,0,429237355,429237870,3379908450,17865255,0.0834,1651.0,0.07810055483061484,-0.2785118376411546,0.0834,25.33,77.6,,,,,,
2026-07-30T19:23:06.854431+00:00,S017,mounted,true,healthy,none,1300,healthy_horizontal_no_load_1300rpm,429336,1317,269,1624,2136,1,0,849676,9,211,73,1,3,1659,1494,1211,59,120,1642,16383,1663,1652,1644274,800,1967,2091,526525,11953,8,382560,1496,47174,563,429238271,429337338,0,429337412,429337927,3379614964,17859283,0.0834,1651.0,0.09534771379569973,-0.11132207889232859,0.0834,25.24,77.4,,,,,,
2026-07-30T19:23:06.980725+00:00,S017,mounted,true,healthy,none,1300,healthy_horizontal_no_load_1300rpm,429436,1312,268,1637,2148,3,0,849729,9,211,73,1,2,1659,1494,1232,59,120,1650,16383,1663,1653,1644652,800,2026,2083,526575,11955,8,382560,1496,47175,563,429338329,429437398,0,429437472,429437987,3381156496,17865257,0.0834,1651.0,0.08143338092848174,-0.013552162860727801,0.0834,25.0,77.0,,,,,,
2026-07-30T19:23:07.088921+00:00,S017,mounted,true,healthy,none,1300,healthy_horizontal_no_load_1300rpm,429537,1311,266,1638,2146,2,0,849782,9,211,73,1,3,1659,1494,1196,58,116,1646,16383,1663,1655,1660872,808,1913,2084,526559,11955,8,382560,1496,47176,563,429438388,429538192,0,429538206,429538721,3414051064,17865255,0.0834,1651.0,0.08309979397741518,-0.20185683739021343,0.0834,25.12,77.2,,,,,,
2026-07-30T19:23:07.182333+00:00,S017,mounted,true,healthy,none,1300,healthy_horizontal_no_load_1300rpm,429637,1310,270,1637,2153,4,0,849834,9,211,73,0,3,1659,1495,1216,60,118,1639,16383,1663,1651,1644071,800,1997,2081,526516,11957,8,382564,1496,47177,563,429539123,429638262,0,429638271,429638786,3378765771,17871233,0.0834,1651.0,0.07752050873964977,-0.06243477368905248,0.0834,25.33,77.6,,,,,,
2026-07-30T19:23:07.274280+00:00,S017,mounted,true,healthy,none,1300,healthy_horizontal_no_load_1300rpm,429737,1307,266,1642,2151,1,0,849886,9,211,72,2,2,1659,1494,1223,60,118,1638,16383,1663,1653,1644267,800,2025,2081,526462,11955,8,382564,1496,47178,563,429639189,429738288,0,429738298,429738812,3379565853,17865255,0.0834,1651.0,0.07810055483061484,-0.015218575909661247,0.0834,25.36,77.7,,,,,,
2026-07-30T19:23:07.367141+00:00,S017,mounted,true,healthy,none,1300,healthy_horizontal_no_load_1300rpm,429837,1321,268,1627,2135,3,0,849939,9,211,73,1,2,1659,1495,1206,62,134,1635,16383,1664,1652,1644356,800,1927,2113,526473,11957,8,382567,1496,47179,563,429739214,429838355,0,429838364,429838879,3379972700,17871233,0.0834,1651.0,0.1308368068077277,-0.17906417571297162,0.0834,25.46,77.8,,,,,,
2026-07-30T19:23:07.459931+00:00,S017,mounted,true,healthy,none,1300,healthy_horizontal_no_load_1300rpm,429937,1333,270,1610,2117,3,0,849993,9,211,73,1,2,1659,1495,1233,61,134,1636,16383,1662,1646,1643985,800,1997,2083,526397,11957,8,382570,1496,47180,563,429839281,429938381,0,429938395,429938910,3378419135,17871233,0.0834,1651.0,0.08085277736890495,-0.06243477368905248,0.0834,25.43,77.8,,,,,,
2026-07-30T19:23:07.555262+00:00,S017,mounted,true,healthy,none,1300,healthy_horizontal_no_load_1300rpm,430037,1339,266,1603,2101,2,0,850046,9,211,73,1,2,1659,1495,1227,61,134,1630,16383,1665,1650,1644484,800,2027,2079,526384,11956,8,382571,1496,47181,563,429939312,430038440,0,430038449,430038964,3380461710,17868244,0.0834,1651.0,0.07447796018735353,-0.012168270659083547,0.0834,25.61,78.1,,,,,,
2026-07-30T19:23:07.697524+00:00,S017,mounted,true,healthy,none,1300,healthy_horizontal_no_load_1300rpm,430138,1345,266,1594,2090,2,0,850100,9,211,73,1,3,1659,1495,1209,63,128,1642,16383,1663,1650,1661278,808,2031,2082,526420,11958,8,382576,1496,47182,563,430039366,430139055,0,430139129,430139644,3415700664,17874222,0.0834,1651.0,0.07889655343702939,-0.0060691906673358,0.0834,25.24,77.4,,,,,,
2026-07-30T19:23:07.791128+00:00,S017,mounted,true,healthy,none,1300,healthy_horizontal_no_load_1300rpm,430238,1345,270,1589,2092,2,0,850154,9,211,73,1,3,1659,1495,1222,63,128,1639,16383,1666,1653,1645634,800,2023,2285,526543,11958,8,382581,1496,47183,563,430140045,430239124,0,430239198,430239712,3385264558,17874224,0.0834,1651.0,0.4170935348720519,-0.01939715052684443,0.0834,25.33,77.6,,,,,,
2026-07-30T19:23:07.884676+00:00,S017,mounted,true,healthy,none,1300,healthy_horizontal_no_load_1300rpm,430338,1343,269,1589,2091,2,0,850208,9,211,73,3,3,1659,1494,1222,64,139,1635,16383,1665,1652,1644707,800,2029,2123,526554,11952,8,382574,1496,47184,563,430240114,430339177,0,430339251,430339766,3381391169,17856294,0.0834,1651.0,0.1489779036144574,-0.007704240963855469,0.0834,25.46,77.8,,,,,,
2026-07-30T19:23:07.978358+00:00,S017,mounted,true,healthy,none,1300,healthy_horizontal_no_load_1300rpm,430438,1314,269,1628,2140,6,0,850261,9,211,73,2,3,1659,1494,1229,62,144,1636,16383,1663,1655,1645332,800,2020,2091,526595,11955,8,382574,1496,47185,563,430340167,430439231,0,430439463,430439978,3383948304,17865257,0.0834,1651.0,0.09476468531994975,-0.023550641154329366,0.0834,25.43,77.8,,,,,,
2026-07-30T19:23:08.071639+00:00,S017,mounted,true,healthy,none,1300,healthy_horizontal_no_load_1300rpm,430539,1311,270,1635,2150,4,0,850314,9,211,73,1,2,1659,1495,1235,62,144,1634,16383,1664,1650,1660592,808,1893,2143,526569,11959,8,382581,1496,47186,563,430440380,430540053,0,430540067,430540582,3412921792,17877215,0.0834,1651.0,0.18022370842043633,-0.23624020996738881,0.0834,25.49,77.9,,,,,,
2026-07-30T19:23:08.165944+00:00,S017,mounted,true,healthy,none,1300,healthy_horizontal_no_load_1300rpm,430639,1355,269,1593,2090,4,0,850368,9,211,73,5,2,1659,1495,1222,66,142,1641,16383,1663,1655,1644857,800,2015,2084,526587,11958,8,382585,1496,47187,563,430540984,430640075,0,430640090,430640605,3381992399,17874222,0.0834,1651.0,0.08222854340190677,-0.032725110386352174,0.0834,25.27,77.5,,,,,,
2026-07-30T19:23:08.308120+00:00,S017,mounted,true,healthy,none,1300,healthy_horizontal_no_load_1300rpm,430739,1377,272,1553,2047,6,0,850423,9,211,73,0,2,1659,1494,1229,63,131,1642,16383,1665,1654,1645288,800,1975,2196,526603,11954,8,382582,1496,47188,563,430641006,430740111,0,430740126,430740641,3383792764,17862270,0.0834,1651.0,0.2700441825330433,-0.09826390915174832,0.0834,25.24,77.4,,,,,,
2026-07-30T19:23:08.385377+00:00,S017,mounted,true,healthy,none,1300,healthy_horizontal_no_load_1300rpm,430839,1364,270,1561,2057,2,0,850478,9,211,73,6,3,1659,1495,1242,63,131,1646,16383,1661,1649,1644206,800,1927,2140,526495,11957,8,382584,1496,47189,563,430741040,430840192,0,430840206,430840721,3379344090,17871239,0.0834,1651.0,0.17582243330266767,-0.17906417571297162,0.0834,25.12,77.2,,,,,,
2026-07-30T19:23:08.481164+00:00,S017,mounted,true,healthy,none,1300,healthy_horizontal_no_load_1300rpm,430939,1312,268,1626,2137,6,0,850531,9,211,73,5,3,1659,1495,1221,62,129,1642,16383,1663,1652,1644041,800,1847,2079,526445,11956,8,382584,1496,47190,563,430841123,430940227,0,430940241,430940756,3378702531,17868244,0.0834,1651.0,0.07447796018735353,-0.3120975312813652,0.0834,25.24,77.4,,,,,,
2026-07-30T19:23:08.575725+00:00,S017,mounted,true,healthy,none,1300,healthy_horizontal_no_load_1300rpm,431039,1302,268,1645,2161,5,0,850583,9,211,73,1,3,1659,1494,1222,62,129,1639,16383,1662,1652,1644445,800,2031,2085,526410,11953,8,382579,1496,47191,563,430941157,431040274,0,431040283,431040798,3380301331,17859279,0.0834,1651.0,0.08534756253660136,-0.004653798795281716,0.0834,25.33,77.6,,,,,,
2026-07-30T19:23:08.670352+00:00,S017,mounted,true,healthy,none,1300,healthy_horizontal_no_load_1300rpm,431139,1308,269,1644,2158,3,0,850635,9,211,73,2,2,1659,1495,1251,65,128,1639,16383,1663,1652,1644251,800,1933,2083,526391,11956,8,382579,1496,47192,563,431041200,431140326,0,431140335,431140850,3379525065,17868246,0.0834,1651.0,0.08114305486784845,-0.1687979956507193,0.0834,25.33,77.6,,,,,,
2026-07-30T19:23:08.764313+00:00,S017,mounted,true,healthy,none,1300,healthy_horizontal_no_load_1300rpm,431239,1319,267,1626,2133,2,0,850688,9,211,73,1,2,1659,1495,1224,66,142,1640,16383,1664,1653,1644773,800,2017,2086,526410,11956,8,382579,1496,47193,563,431141255,431240373,0,431240382,431240897,3381647873,17868246,0.0834,1651.0,0.08614187587821975,-0.028831007360321514,0.0834,25.3,77.5,,,,,,
2026-07-30T19:23:08.858092+00:00,S017,mounted,true,healthy,none,1300,healthy_horizontal_no_load_1300rpm,431340,1324,269,1621,2129,6,0,850741,9,211,73,1,3,1659,1494,1233,66,142,1643,16383,1663,1651,1644440,800,2015,2083,526418,11954,8,382576,1496,47194,563,431241302,431340553,0,431340563,431341078,3380285654,17862268,0.0834,1651.0,0.0817237555629915,-0.03160181110925242,0.0834,25.21,77.4,,,,,,
2026-07-30T19:23:08.999233+00:00,S017,mounted,true,healthy,none,1300,healthy_horizontal_no_load_1300rpm,431440,1321,269,1621,2130,4,0,850794,9,211,73,0,3,1659,1495,1255,67,139,1640,16383,1664,1655,1661195,808,1951,2186,526459,11958,8,382581,1496,47195,563,431341483,431441075,0,431441149,431441664,3415404949,17874222,0.0834,1651.0,0.2521600316106367,-0.13934878926241856,0.0834,25.3,77.5,,,,,,
2026-07-30T19:23:09.094149+00:00,S017,mounted,true,healthy,none,1300,healthy_horizontal_no_load_1300rpm,431540,1324,270,1616,2126,5,0,850847,9,211,73,1,2,1659,1495,1250,67,137,1637,16383,1663,1652,1644257,800,2025,2081,526441,11957,8,382583,1496,47196,563,431442064,431541131,0,431541205,431541720,3379529149,17871235,0.0834,1651.0,0.07752050873964977,-0.01578301287948536,0.0834,25.4,77.7,,,,,,
2026-07-30T19:23:09.188580+00:00,S017,mounted,true,healthy,none,1300,healthy_horizontal_no_load_1300rpm,431640,1319,269,1621,2132,1,0,850900,9,211,73,2,2,1659,1495,1235,67,137,1640,16383,1663,1651,1643891,800,2003,2081,526354,11956,8,382583,1496,47197,563,431542122,431641182,0,431641256,431641771,3378029409,17868246,0.0834,1651.0,0.07781050752760077,-0.0521588387420544,0.0834,25.3,77.5,,,,,,
2026-07-30T19:23:09.279946+00:00,S017,mounted,true,healthy,none,1300,healthy_horizontal_no_load_1300rpm,431740,1303,269,1646,2163,2,0,850952,9,211,73,0,2,1659,1494,1267,65,139,1638,16383,1663,1653,1644393,800,1990,2078,526366,11954,8,382580,1496,47198,563,431642176,431741244,0,431741318,431741834,3380089823,17862270,0.0834,1651.0,0.07339099330767906,-0.07326562238581236,0.0834,25.36,77.7,,,,,,
2026-07-30T19:23:09.375225+00:00,S017,mounted,true,healthy,none,1300,healthy_horizontal_no_load_1300rpm,431840,1298,268,1649,2166,4,0,851004,9,211,73,1,3,1659,1495,1229,65,139,1633,16383,1663,1651,1644078,800,1839,2082,526339,11957,8,382582,1496,47199,563,431742233,431841283,0,431841357,431841872,3378860716,17871233,0.0834,1651.0,0.0791866430542778,-0.3256839954001842,0.0834,25.52,77.9,,,,,,
2026-07-30T19:23:09.468310+00:00,S017,mounted,true,healthy,none,1300,healthy_horizontal_no_load_1300rpm,431941,1304,270,1644,2163,5,0,851057,9,211,73,0,2,1659,1494,1259,65,137,1636,16383,1663,1655,1661000,808,2019,2081,526361,11953,8,382577,1496,47200,563,431842274,431942079,0,431942093,431942608,3414553484,17859279,0.0834,1651.0,0.07868079503053593,-0.024654101313478005,0.0834,25.43,77.8,,,,,,
2026-07-30T19:23:09.561424+00:00,S017,mounted,true,healthy,none,1300,healthy_horizontal_no_load_1300rpm,432041,1310,270,1634,2149,3,0,851109,9,211,73,1,3,1659,1494,1211,69,140,1642,16383,1662,1655,1644850,800,2023,2101,526389,11955,8,382576,1496,47201,563,431943007,432042357,0,432042366,432042881,3381962520,17865255,0.0834,1651.0,0.11142881580928465,-0.018551402007528583,0.0834,25.24,77.4,,,,,,
2026-07-30T19:23:09.703531+00:00,S017,mounted,true,healthy,none,1300,healthy_horizontal_no_load_1300rpm,432141,1311,269,1636,2150,2,0,851162,9,211,73,1,2,1659,1494,1247,69,140,1640,16383,1663,1651,1644521,800,2031,2082,526401,11955,8,382575,1496,47202,563,432043282,432142410,0,432142420,432142935,3380610497,17865255,0.0834,1651.0,0.07976696787954829,-0.0052200976160605705,0.0834,25.3,77.5,,,,,,
2026-07-30T19:23:09.797002+00:00,S017,mounted,true,healthy,none,1300,healthy_horizontal_no_load_1300rpm,432242,1310,269,1637,2151,6,0,851215,9,211,73,1,3,1659,1495,1221,68,144,1638,16383,1662,1653,1660889,808,2027,2085,526370,11958,8,382580,1496,47203,563,432143336,432243064,0,432243143,432243658,3414098889,17874222,0.0834,1651.0,0.08389453838434457,-0.012733170597090115,0.0834,25.36,77.7,,,,,,
2026-07-30T19:23:09.888376+00:00,S017,mounted,true,healthy,none,1300,healthy_horizontal_no_load_1300rpm,432342,1308,269,1638,2152,5,0,851267,9,211,73,1,2,1659,1494,1233,66,132,1640,16383,1663,1653,1644061,800,2018,2089,526341,11953,8,382575,1496,47204,563,432244059,432343138,0,432343212,432343727,3378732949,17859281,0.0834,1651.0,0.09201433004266679,-0.02632079318999425,0.0834,25.3,77.5,,,,,,
2026-07-30T19:23:09.981472+00:00,S017,mounted,true,healthy,none,1300,healthy_horizontal_no_load_1300rpm,432442,1309,269,1636,2151,1,0,851320,9,211,73,0,3,1659,1495,1216,66,132,1640,16383,1663,1653,1644127,800,1979,2196,526323,11957,8,382578,1496,47205,563,432344132,432443349,0,432443427,432443942,3379024003,17871235,0.0834,1651.0,0.2691259549218028,-0.09242519135234595,0.0834,25.3,77.5,,,,,,
2026-07-30T19:23:10.075000+00:00,S017,mounted,true,healthy,none,1300,healthy_horizontal_no_load_1300rpm,432542,1308,269,1636,2150,2,0,851372,9,211,73,1,2,1659,1495,1256,64,131,1641,16383,1662,1654,1644013,800,2025,2078,526357,11957,8,382580,1496,47206,563,432444342,432543406,0,432543480,432543995,3378525401,17871235,0.0834,1651.0,0.0725221057957679,-0.01578301287948536,0.0834,25.27,77.5,,,,,,
2026-07-30T19:23:10.169597+00:00,S017,mounted,true,healthy,none,1300,healthy_horizontal_no_load_1300rpm,432643,1312,269,1633,2146,6,0,851425,9,211,73,0,2,1659,1495,1206,64,131,1638,16383,1664,1649,1660528,808,2003,2086,526343,11960,8,382588,1496,47207,563,432544400,432644045,0,432644054,432644569,3412627022,17880200,0.0834,1651.0,0.08497938528428106,-0.05327507491638839,0.0834,25.36,77.7,,,,,,
2026-07-30T19:23:10.308858+00:00,S017,mounted,true,healthy,none,1300,healthy_horizontal_no_load_1300rpm,432743,1328,270,1621,2129,4,0,851478,9,211,73,3,2,1659,1494,1211,61,130,1637,16383,1663,1653,1645127,800,2029,2181,526395,11953,8,382583,1496,47208,563,432644969,432744093,0,432744102,432744617,3383125115,17859281,0.0834,1651.0,0.24534998268217167,-0.007987182548314653,0.0834,25.4,77.7,,,,,,
2026-07-30T19:23:10.402212+00:00,S017,mounted,true,healthy,none,1300,healthy_horizontal_no_load_1300rpm,432843,1332,268,1610,2113,5,0,851531,9,211,73,0,2,1659,1494,1216,63,141,1637,16383,1663,1652,1644847,800,2027,2097,526405,11955,8,382582,1496,47209,563,432745022,432844117,0,432844127,432844641,3381951381,17865257,0.0834,1651.0,0.10476316361355043,-0.011885749811794355,0.0834,25.4,77.7,,,,,,
2026-07-30T19:23:10.510530+00:00,S017,mounted,true,healthy,none,1300,healthy_horizontal_no_load_1300rpm,432943,1319,268,1620,2128,1,0,851584,9,211,72,3,3,1659,1494,1233,63,141,1633,16383,1663,1654,1644141,800,2003,2089,526350,11954,8,382579,1496,47210,563,432845040,432944247,0,432944256,432944772,3379052367,17862270,0.0834,1651.0,0.09172307026936588,-0.05160044052200119,0.0834,25.52,77.9,,,,,,
2026-07-30T19:23:10.604239+00:00,S017,mounted,true,healthy,none,1300,healthy_horizontal_no_load_1300rpm,433043,1292,268,1653,2173,2,0,851636,9,211,73,3,3,1659,1495,1229,65,146,1638,16383,1665,1652,1644584,800,1925,2265,526356,11956,8,382579,1496,47211,563,432945173,433044306,0,433044315,433044831,3380948438,17868244,0.0834,1651.0,0.3844048628303778,-0.18212818501170958,0.0834,25.36,77.7,,,,,,
2026-07-30T19:23:10.695274+00:00,S017,mounted,true,healthy,none,1300,healthy_horizontal_no_load_1300rpm,433143,1288,266,1663,2180,4,0,851688,9,211,73,1,3,1659,1495,1212,64,138,1637,16383,1662,1653,1644347,800,2019,2087,526370,11957,8,382581,1496,47212,563,433045233,433144342,0,433144352,433144867,3379904211,17871233,0.0834,1651.0,0.08751731462741441,-0.02577981876724955,0.0834,25.4,77.7,,,,,,
2026-07-30T19:23:10.790795+00:00,S017,mounted,true,healthy,none,1300,healthy_horizontal_no_load_1300rpm,433243,1299,269,1653,2172,1,0,851740,9,211,73,2,2,1659,1494,1221,64,138,1639,16383,1663,1651,1644701,800,1998,2115,526374,11954,8,382578,1496,47213,563,433145268,433244403,0,433244412,433244927,3381361085,17862268,0.0834,1651.0,0.13505343399698821,-0.05993320277731318,0.0834,25.33,77.6,,,,,,
2026-07-30T19:23:10.884952+00:00,S017,mounted,true,healthy,none,1300,healthy_horizontal_no_load_1300rpm,433344,1308,268,1642,2154,3,0,851793,9,211,73,1,2,1659,1494,1192,62,133,1638,16383,1662,1654,1660892,808,2011,2085,526399,11953,8,382573,1496,47214,563,433245329,433344977,0,433345056,433345571,3414117280,17859281,0.0834,1651.0,0.08534756253660136,-0.037987636325608864,0.0834,25.36,77.7,,,,,,
2026-07-30T19:23:10.979152+00:00,S017,mounted,true,healthy,none,1300,healthy_horizontal_no_load_1300rpm,433444,1310,269,1638,2153,6,0,851845,9,211,73,1,3,1659,1495,1209,62,133,1635,16383,1665,1653,1644769,800,2015,2197,526394,11957,8,382576,1496,47215,563,433345973,433445394,0,433445467,433445983,3381672777,17871233,0.0834,1651.0,0.2707920892364304,-0.032444356025759014,0.0834,25.46,77.8,,,,,,
2026-07-30T19:23:11.074013+00:00,S017,mounted,true,healthy,none,1300,healthy_horizontal_no_load_1300rpm,433545,1308,270,1636,2153,4,0,851898,9,211,73,1,2,1659,1495,1196,67,136,1639,16383,1662,1652,1660806,808,2027,2175,526354,11957,8,382579,1496,47216,563,433446388,433546065,0,433546075,433546590,3413779236,17871233,0.0834,1651.0,0.23413713431462702,-0.012450744250230628,0.0834,25.33,77.6,,,,,,
2026-07-30T19:23:11.168922+00:00,S017,mounted,true,healthy,none,1300,healthy_horizontal_no_load_1300rpm,433645,1310,268,1637,2149,1,0,851950,9,211,73,1,2,1659,1495,1218,64,136,1639,16383,1663,1652,1644032,800,1886,2099,526358,11956,8,382579,1496,47217,563,433546991,433646091,0,433646101,433646615,3378634278,17868246,0.0834,1651.0,0.10780343358982902,-0.24711285814653738,0.0834,25.33,77.6,,,,,,
2026-07-30T19:23:11.309614+00:00,S017,mounted,true,healthy,none,1300,healthy_horizontal_no_load_1300rpm,433745,1314,268,1634,2144,3,0,852003,9,211,73,1,2,1659,1495,1222,64,136,1640,16383,1663,1650,1644150,800,2025,2080,526336,11958,8,382583,1496,47218,563,433647017,433746142,0,433746151,433746666,3379089086,17874222,0.0834,1651.0,0.07556456347215201,-0.01606516056196705,0.0834,25.3,77.5,,,,,,
2026-07-30T19:23:11.369480+00:00,S017,mounted,true,healthy,none,1300,healthy_horizontal_no_load_1300rpm,433845,1321,270,1625,2136,2,0,852056,9,211,74,1,3,1659,1495,1246,62,128,1643,16383,1663,1650,1644076,800,1966,2094,526329,11958,8,382587,1496,47219,563,433747068,433846250,0,433846260,433846775,3378798656,17874222,0.0834,1651.0,0.0988884932262919,-0.11435886452584043,0.0834,25.21,77.4,,,,,,
2026-07-30T19:23:11.496413+00:00,S017,mounted,true,healthy,none,1300,healthy_horizontal_no_load_1300rpm,433945,1323,270,1618,2129,6,0,852109,9,211,73,1,2,1659,1494,1212,60,130,1642,16383,1663,1652,1644406,800,2023,2110,526338,11952,8,382580,1496,47220,563,433847176,433946286,0,433946453,433946968,3380144590,17856292,0.0834,1651.0,0.1273090963855421,-0.017705228915663174,0.0834,25.24,77.4,,,,,,
2026-07-30T19:23:11.604857+00:00,S017,mounted,true,healthy,none,1300,healthy_horizontal_no_load_1300rpm,434046,1311,268,1634,2146,4,0,852162,9,211,73,0,2,1659,1495,1204,60,130,1639,16383,1663,1653,1661177,808,1963,2169,526356,11957,8,382582,1496,47221,563,433947369,434047048,0,434047122,434047637,3415309965,17871235,0.0834,1651.0,0.22414032842686282,-0.11908334038638468,0.0834,25.33,77.6,,,,,,
2026-07-30T19:23:11.698515+00:00,S017,mounted,true,healthy,none,1300,healthy_horizontal_no_load_1300rpm,434146,1311,270,1633,2149,1,0,852214,9,211,73,0,3,1659,1494,1216,61,134,1640,16383,1663,1653,1644510,800,2001,2193,526341,11952,8,382575,1496,47222,563,434048036,434147087,0,434147161,434147676,3380594618,17856290,0.0834,1651.0,0.2656560963855421,-0.05437551807228935,0.0834,25.3,77.5,,,,,,
2026-07-30T19:23:11.789265+00:00,S017,mounted,true,healthy,none,1300,healthy_horizontal_no_load_1300rpm,434246,1310,269,1635,2150,3,0,852267,9,211,73,2,3,1659,1495,1221,61,134,1641,16383,1666,1650,1644074,800,2021,2171,526342,11956,8,382576,1496,47223,563,434148075,434247191,0,434247270,434247785,3378800532,17868246,0.0834,1651.0,0.22777513783874204,-0.022165912679826594,0.0834,25.27,77.5,,,,,,
2026-07-30T19:23:11.883574+00:00,S017,mounted,true,healthy,none,1300,healthy_horizontal_no_load_1300rpm,434346,1302,269,1647,2165,6,0,852319,9,211,73,1,3,1659,1495,1233,58,133,1640,16383,1664,1653,1644607,800,1997,2108,526358,11956,8,382577,1496,47224,563,434248186,434347243,0,434347321,434347837,3380970385,17868246,0.0834,1651.0,0.12279989662094337,-0.06215648076279745,0.0834,25.3,77.5,,,,,,
2026-07-30T19:23:11.977923+00:00,S017,mounted,true,healthy,none,1300,healthy_horizontal_no_load_1300rpm,434446,1297,269,1653,2172,5,0,852371,9,211,73,0,2,1659,1495,1217,60,132,1639,16383,1663,1654,1644511,800,2023,2213,526343,11957,8,382579,1496,47225,563,434348238,434447309,0,434447388,434447903,3380600599,17871233,0.0834,1651.0,0.2974502382704687,-0.019115281508739645,0.0834,25.33,77.6,,,,,,
2026-07-30T19:23:12.117325+00:00,S017,mounted,true,healthy,none,1300,healthy_horizontal_no_load_1300rpm,434546,1327,268,1623,2128,1,0,852424,9,211,73,3,2,1659,1494,1237,60,132,1640,16383,1663,1654,1644563,800,2035,2087,526336,11955,8,382578,1496,47226,563,434448302,434547359,0,434547437,434547952,3380782977,17865255,0.0834,1651.0,0.08809903312421552,0.001445554579673658,0.0834,25.3,77.5,,,,,,
2026-07-30T19:23:12.211957+00:00,S017,mounted,true,healthy,none,1300,healthy_horizontal_no_load_1300rpm,434646,1342,266,1596,2092,3,0,852477,9,211,73,0,3,1659,1495,1224,61,138,1639,16383,1663,1651,1644665,800,1929,2231,526355,11957,8,382580,1496,47227,563,434548354,434647424,0,434647498,434648012,3381260257,17871233,0.0834,1651.0,0.32744065593376215,-0.1757319070837169,0.0834,25.33,77.6,,,,,,
2026-07-30T19:23:12.305215+00:00,S017,mounted,true,healthy,none,1300,healthy_horizontal_no_load_1300rpm,434747,1348,270,1586,2087,3,0,852531,9,211,73,2,2,1659,1495,1228,63,142,1639,16383,1663,1651,1660491,808,1910,2089,526341,11958,8,382584,1496,47228,563,434648412,434748090,0,434748103,434748618,3412513411,17874222,0.0834,1651.0,0.09055851831409933,-0.20765458354239863,0.0834,25.33,77.6,,,,,,
2026-07-30T19:23:12.398570+00:00,S017,mounted,true,healthy,none,1300,healthy_horizontal_no_load_1300rpm,434847,1333,270,1608,2114,3,0,852585,9,211,73,0,3,1659,1495,1254,63,142,1643,16383,1663,1653,1644552,800,2031,2089,526369,11956,8,382584,1496,47229,563,434749020,434848136,0,434848145,434848660,3380738604,17868244,0.0834,1651.0,0.09114069688859106,-0.005503175978588626,0.0834,25.21,77.4,,,,,,
2026-07-30T19:23:12.496432+00:00,S017,mounted,true,healthy,none,1300,healthy_horizontal_no_load_1300rpm,434947,1326,266,1616,2119,2,0,852638,9,211,73,0,2,1659,1495,1237,63,145,1639,16383,1663,1653,1644076,800,2001,2087,526327,11956,8,382584,1496,47230,563,434849060,434948209,0,434948219,434948734,3378790814,17868244,0.0834,1651.0,0.08780814954834382,-0.055491386082302085,0.0834,25.33,77.6,,,,,,
2026-07-30T19:23:12.587603+00:00,S017,mounted,true,healthy,none,1300,healthy_horizontal_no_load_1300rpm,435047,1306,268,1637,2151,4,0,852690,9,211,73,2,3,1659,1495,1229,63,145,1638,16383,1663,1650,1644602,800,2029,2191,526348,11956,8,382584,1496,47231,563,434949133,435048212,0,435048222,435048737,3380969164,17868246,0.0834,1651.0,0.26110061124121753,-0.008835723318836308,0.0834,25.36,77.7,,,,,,
2026-07-30T19:23:12.680949+00:00,S017,mounted,true,healthy,none,1300,healthy_horizontal_no_load_1300rpm,435147,1287,267,1662,2181,1,0,852742,9,211,73,3,3,1659,1494,1251,63,138,1638,16383,1666,1651,1644609,800,1940,2229,526323,11954,8,382581,1496,47232,563,435049138,435148259,0,435148268,435148783,3381043297,17862270,0.0834,1651.0,0.32504041341810286,-0.15659324493893267,0.0834,25.36,77.7,,,,,,
2026-07-30T19:23:12.774061+00:00,S017,mounted,true,healthy,none,1300,healthy_horizontal_no_load_1300rpm,435247,1287,267,1666,2186,2,0,852794,9,211,73,1,3,1659,1494,1238,59,131,1629,16383,1663,1652,1644593,800,1978,2265,526337,11954,8,382578,1496,47233,563,435149185,435248389,0,435248404,435248919,3380966195,17862268,0.0834,1651.0,0.38503630165634917,-0.09326425179856157,0.0834,25.64,78.1,,,,,,
2026-07-30T19:23:12.914064+00:00,S017,mounted,true,healthy,none,1300,healthy_horizontal_no_load_1300rpm,435348,1307,270,1644,2161,4,0,852846,9,211,73,3,2,1659,1494,1240,59,131,1641,16383,1663,1652,1660739,808,2030,2199,526334,11955,8,382577,1496,47234,563,435249320,435348976,0,435349050,435349565,3413502709,17865257,0.0834,1651.0,0.2747372946047677,-0.006886510664994017,0.0834,25.27,77.5,,,,,,
2026-07-30T19:23:13.007718+00:00,S017,mounted,true,healthy,none,1300,healthy_horizontal_no_load_1300rpm,435448,1318,267,1630,2136,5,0,852899,9,211,73,1,2,1659,1494,1222,62,140,1649,16383,1663,1651,1644171,800,2014,2079,526343,11953,8,382572,1496,47235,563,435349967,435449095,0,435449169,435449684,3379174601,17859281,0.0834,1651.0,0.075347411277503,-0.03298756069605968,0.0834,25.03,77.1,,,,,,
2026-07-30T19:23:13.099554+00:00,S017,mounted,true,healthy,none,1300,healthy_horizontal_no_load_1300rpm,435548,1319,270,1626,2139,1,0,852952,9,211,73,0,2,1659,1494,1252,63,137,1650,16383,1663,1655,1644642,800,2009,2093,526399,11955,8,382572,1496,47236,563,435450089,435549339,0,435549413,435549928,3381109140,17865259,0.0834,1651.0,0.09809751141781664,-0.04188118469259772,0.0834,25.0,77.0,,,,,,
2026-07-30T19:23:13.194371+00:00,S017,mounted,true,healthy,none,1300,healthy_horizontal_no_load_1300rpm,435648,1311,270,1635,2150,3,0,853005,9,211,73,0,2,1659,1495,1230,63,137,1643,16383,1663,1651,1644671,800,2024,2106,526447,11956,8,382573,1496,47237,563,435550327,435649374,0,435649452,435649967,3381233319,17868244,0.0834,1651.0,0.11946734928069569,-0.017167091669454848,0.0834,25.21,77.4,,,,,,
2026-07-30T19:23:13.288544+00:00,S017,mounted,true,healthy,none,1300,healthy_horizontal_no_load_1300rpm,435748,1311,270,1633,2149,6,0,853057,9,211,73,0,3,1659,1495,1229,62,133,1643,16383,1663,1651,1644634,800,2002,2197,526407,11957,8,382576,1496,47238,563,435650367,435749439,0,435749513,435750028,3381101704,17871235,0.0834,1651.0,0.2707920892364304,-0.054104102115915875,0.0834,25.21,77.4,,,,,,
2026-07-30T19:23:13.381646+00:00,S017,mounted,true,healthy,none,1300,healthy_horizontal_no_load_1300rpm,435849,1312,269,1634,2148,4,0,853110,9,211,73,1,3,1659,1495,1221,62,133,1639,16383,1663,1652,1660800,808,2020,2083,526385,11958,8,382581,1496,47239,563,435750431,435850089,0,435850099,435850614,3413739282,17874222,0.0834,1651.0,0.08056254841946808,-0.024395135474159613,0.0834,25.33,77.6,,,,,,
2026-07-30T19:23:13.522780+00:00,S017,mounted,true,healthy,none,1300,healthy_horizontal_no_load_1300rpm,435949,1310,269,1637,2150,1,0,853162,9,211,73,1,3,1659,1494,1227,62,135,1637,16383,1662,1653,1644149,800,2021,2203,526338,11953,8,382576,1496,47240,563,435851015,435950157,0,435950166,435950681,3379107353,17859283,0.0834,1651.0,0.2820172039655313,-0.02132071756044507,0.0834,25.4,77.7,,,,,,
2026-07-30T19:23:13.617339+00:00,S017,mounted,true,healthy,none,1300,healthy_horizontal_no_load_1300rpm,436049,1313,270,1636,2151,3,0,853215,9,211,73,2,2,1659,1494,1253,59,130,1644,16383,1663,1653,1644351,800,2017,2181,526370,11954,8,382573,1496,47241,563,435951082,436050196,0,436050205,436050720,3379937191,17862270,0.0834,1651.0,0.2450458957671069,-0.028268706207127625,0.0834,25.18,77.3,,,,,,
2026-07-30T19:23:13.710434+00:00,S017,mounted,true,healthy,none,1300,healthy_horizontal_no_load_1300rpm,436149,1317,269,1627,2138,6,0,853267,9,211,73,0,2,1659,1495,1232,59,130,1639,16383,1663,1649,1643650,800,2025,2170,526337,11956,8,382574,1496,47242,563,436051122,436150240,0,436150250,436150769,3377061480,17868244,0.0834,1651.0,0.22610886416861797,-0.015500817999331229,0.0834,25.33,77.6,,,,,,
2026-07-30T19:23:13.804036+00:00,S017,mounted,true,healthy,none,1300,healthy_horizontal_no_load_1300rpm,436249,1322,269,1620,2130,4,0,853320,9,211,73,1,2,1659,1495,1240,60,125,1637,16383,1664,1655,1644996,800,2029,2079,526415,11956,8,382575,1496,47243,563,436151168,436250277,0,436250286,436250800,3382563576,17868244,0.0834,1651.0,0.07447796018735353,-0.008835723318836308,0.0834,25.4,77.7,,,,,,
2026-07-30T19:23:13.899806+00:00,S017,mounted,true,healthy,none,1300,healthy_horizontal_no_load_1300rpm,436349,1316,268,1624,2134,5,0,853373,9,211,73,3,3,1659,1494,1227,61,137,1637,16383,1662,1651,1643788,800,1957,2083,526344,11952,8,382569,1496,47244,563,436251202,436350354,0,436350364,436350879,3377619640,17856292,0.0834,1651.0,0.08230465060240943,-0.12771609638554215,0.0834,25.4,77.7,,,,,,
2026-07-30T19:23:13.993580+00:00,S017,mounted,true,healthy,none,1300,healthy_horizontal_no_load_1300rpm,436449,1293,268,1656,2175,3,0,853425,9,211,73,0,2,1659,1495,1225,61,137,1638,16383,1663,1652,1644181,800,1999,2263,526321,11957,8,382572,1496,47245,563,436351284,436450375,0,436450389,436450904,3379265897,17871233,0.0834,1651.0,0.38075695400184006,-0.05910250505979775,0.0834,25.36,77.7,,,,,,
2026-07-30T19:23:14.085685+00:00,S017,mounted,true,healthy,none,1300,healthy_horizontal_no_load_1300rpm,436549,1285,269,1666,2189,4,0,853476,9,211,73,1,2,1659,1494,1225,64,152,1640,16383,1663,1651,1644367,800,2019,2213,526323,11952,8,382566,1496,47246,563,436451304,436550416,0,436550425,436550940,3380004523,17856294,0.0834,1651.0,0.29899272289156587,-0.024372554216868014,0.0834,25.3,77.5,,,,,,
2026-07-30T19:23:14.227584+00:00,S017,mounted,true,healthy,none,1300,healthy_horizontal_no_load_1300rpm,436650,1294,268,1659,2177,1,0,853528,9,211,73,1,2,1659,1495,1237,64,152,1647,16383,1663,1651,1660663,808,1907,2082,526340,11956,8,382567,1496,47247,563,436551341,436651199,0,436651273,436651787,3413193819,17868244,0.0834,1651.0,0.07947678119772483,-0.21212111107393783,0.0834,25.09,77.2,,,,,,
2026-07-30T19:23:14.322484+00:00,S017,mounted,true,healthy,none,1300,healthy_horizontal_no_load_1300rpm,436750,1294,268,1654,2173,2,0,853580,9,211,73,1,2,1659,1495,1240,64,152,1646,16383,1662,1652,1644235,800,2018,2285,526336,11956,8,382568,1496,47248,563,436652189,436751277,0,436751351,436751866,3379499953,17868244,0.0834,1651.0,0.41773033623285327,-0.027164733690197895,0.0834,25.12,77.2,,,,,,
2026-07-30T19:23:14.415211+00:00,S017,mounted,true,healthy,none,1300,healthy_horizontal_no_load_1300rpm,436850,1304,269,1647,2164,4,0,853632,9,211,73,2,3,1659,1495,1221,65,149,1644,16383,1663,1651,1643819,800,1941,2083,526335,11957,8,382571,1496,47249,563,436752268,436851305,0,436851379,436851893,3377741107,17871233,0.0834,1651.0,0.08085277736890495,-0.15573829530818806,0.0834,25.18,77.3,,,,,,
2026-07-30T19:23:14.510067+00:00,S017,mounted,true,healthy,none,1300,healthy_horizontal_no_load_1300rpm,436950,1327,269,1621,2128,4,0,853686,9,211,73,3,2,1659,1495,1211,65,149,1644,16383,1661,1653,1643983,800,2003,2087,526338,11956,8,382572,1496,47250,563,436852295,436951359,0,436951437,436951952,3378408965,17868246,0.0834,1651.0,0.08780814954834382,-0.0521588387420544,0.0834,25.18,77.3,,,,,,
2026-07-30T19:23:14.589353+00:00,S017,mounted,true,healthy,none,1300,healthy_horizontal_no_load_1300rpm,437050,1334,269,1608,2112,5,0,853739,9,211,73,1,2,1659,1495,1235,65,147,1642,16383,1663,1655,1644356,800,1909,2093,526352,11957,8,382575,1496,47251,563,436952354,437051438,0,437051512,437052027,3379962146,17871233,0.0834,1651.0,0.09751412051517905,-0.20905459337626509,0.0834,25.24,77.4,,,,,,
2026-07-30T19:23:14.698955+00:00,S017,mounted,true,healthy,none,1300,healthy_horizontal_no_load_1300rpm,437151,1334,270,1608,2114,5,0,853793,9,211,73,1,2,1659,1495,1209,69,153,1638,16383,1665,1653,1661133,808,2025,2083,526381,11956,8,382576,1496,47252,563,437052432,437152092,0,437152106,437152621,3415105447,17868244,0.0834,1651.0,0.08114305486784845,-0.015500817999331229,0.0834,25.36,77.7,,,,,,
2026-07-30T19:23:14.792363+00:00,S017,mounted,true,healthy,none,1300,healthy_horizontal_no_load_1300rpm,437251,1333,269,1606,2111,1,0,853846,9,211,73,0,3,1659,1494,1213,69,153,1637,16383,1663,1651,1643866,800,2019,2085,526340,11951,8,382567,1496,47253,563,437153023,437252169,0,437252179,437252694,3377924006,17853305,0.0834,1651.0,0.085929112626558,-0.02409096000334765,0.0834,25.4,77.7,,,,,,
2026-07-30T19:23:14.886251+00:00,S017,mounted,true,healthy,none,1300,healthy_horizontal_no_load_1300rpm,437351,1336,270,1602,2107,1,0,853900,9,211,73,2,3,1659,1494,1196,66,145,1634,16383,1663,1651,1644624,800,2005,2085,526368,11955,8,382567,1496,47254,563,437253097,437352187,0,437352201,437352716,3381038814,17865257,0.0834,1651.0,0.08476620702634818,-0.0485468368883315,0.0834,25.49,77.9,,,,,,
2026-07-30T19:23:14.996253+00:00,S017,mounted,true,healthy,none,1300,healthy_horizontal_no_load_1300rpm,437451,1317,268,1624,2133,2,0,853952,9,211,73,2,2,1659,1494,1220,66,145,1637,16383,1664,1655,1643907,800,1867,2261,526331,11955,8,382567,1496,47255,563,437353118,437452258,0,437452267,437452782,3378193773,17865255,0.0834,1651.0,0.37805490363864447,-0.2785118376411546,0.0834,25.4,77.7,,,,,,
2026-07-30T19:23:15.090490+00:00,S017,mounted,true,healthy,none,1300,healthy_horizontal_no_load_1300rpm,437551,1302,267,1649,2162,4,0,854004,9,211,73,1,3,1659,1495,1217,65,156,1639,16383,1663,1651,1643864,800,2019,2083,526331,11956,8,382568,1496,47256,563,437453184,437552297,0,437552307,437552822,3377916850,17868244,0.0834,1651.0,0.08114305486784845,-0.025498460020073832,0.0834,25.33,77.6,,,,,,
2026-07-30T19:23:15.230592+00:00,S017,mounted,true,healthy,none,1300,healthy_horizontal_no_load_1300rpm,437652,1307,269,1644,2159,5,0,854057,9,211,73,2,2,1659,1495,1203,64,152,1642,16383,1662,1654,1661233,808,2027,2085,526349,11956,8,382569,1496,47257,563,437553224,437653036,0,437653115,437653630,3415510365,17868244,0.0834,1651.0,0.08447560220809613,-0.012168270659083547,0.0834,25.24,77.4,,,,,,
2026-07-30T19:23:15.325851+00:00,S017,mounted,true,healthy,none,1300,healthy_horizontal_no_load_1300rpm,437752,1317,270,1626,2140,1,0,854110,9,211,73,0,2,1659,1494,1216,64,152,1640,16383,1664,1651,1644514,800,1894,2082,526350,11952,8,382563,1496,47258,563,437654032,437753203,0,437753282,437753797,3380613700,17856292,0.0834,1651.0,0.08063781927710822,-0.2327264698795184,0.0834,25.3,77.5,,,,,,
2026-07-30T19:23:15.418464+00:00,S017,mounted,true,healthy,none,1300,healthy_horizontal_no_load_1300rpm,437852,1323,268,1622,2129,3,0,854163,9,211,73,1,2,1659,1494,1203,65,149,1642,16383,1665,1655,1644547,800,1940,2107,526376,11952,8,382557,1496,47259,563,437754196,437853374,0,437853452,437853968,3380735431,17856292,0.0834,1651.0,0.12230860240963848,-0.15605222891566317,0.0834,25.24,77.4,,,,,,
2026-07-30T19:23:15.510747+00:00,S017,mounted,true,healthy,none,1300,healthy_horizontal_no_load_1300rpm,437952,1329,270,1614,2123,2,0,854216,9,211,73,1,3,1659,1495,1196,65,147,1651,16383,1664,1651,1644434,800,2025,2109,526331,11957,8,382561,1496,47260,563,437854369,437953450,0,437953524,437954039,3380261390,17871233,0.0834,1651.0,0.12417226954921778,-0.01578301287948536,0.0834,24.97,76.9,,,,,,
2026-07-30T19:23:15.605231+00:00,S017,mounted,true,healthy,none,1300,healthy_horizontal_no_load_1300rpm,438053,1334,269,1605,2110,2,0,854270,9,211,73,0,2,1659,1494,1221,65,147,1647,16383,1664,1652,1660590,808,1879,2091,526335,11952,8,382555,1496,47261,563,437954441,438054240,0,438054255,438054770,3412909980,17856292,0.0834,1651.0,0.09563930120481912,-0.2577289397590361,0.0834,25.09,77.2,,,,,,
2026-07-30T19:23:15.699018+00:00,S017,mounted,true,healthy,none,1300,healthy_horizontal_no_load_1300rpm,438153,1331,270,1608,2116,6,0,854323,9,211,73,1,2,1659,1495,1211,65,149,1644,16383,1663,1649,1644034,800,1940,2081,526324,11958,8,382561,1496,47262,563,438055169,438154261,0,438154271,438154786,3378632206,17874222,0.0834,1651.0,0.0772305584545907,-0.15767473406924237,0.0834,25.18,77.3,,,,,,
2026-07-30T19:23:15.793733+00:00,S017,mounted,true,healthy,none,1300,healthy_horizontal_no_load_1300rpm,438253,1316,267,1631,2139,4,0,854376,9,211,73,1,2,1659,1494,1204,65,149,1641,16383,1661,1652,1643743,800,2025,2083,526316,11954,8,382559,1496,47263,563,438155188,438254288,0,438254302,438254817,3377413617,17862268,0.0834,1651.0,0.0817237555629915,-0.014936286598628001,0.0834,25.27,77.5,,,,,,
2026-07-30T19:23:15.888411+00:00,S017,mounted,true,healthy,none,1300,healthy_horizontal_no_load_1300rpm,438353,1310,268,1634,2146,1,0,854428,9,211,73,1,3,1659,1494,1224,67,144,1638,16383,1665,1650,1644441,800,2023,2117,526378,11955,8,382559,1496,47264,563,438255218,438354336,0,438354346,438354861,3380290271,17865257,0.0834,1651.0,0.13809142459222068,-0.018551402007528583,0.0834,25.36,77.7,,,,,,
2026-07-30T19:23:16.029285+00:00,S017,mounted,true,healthy,none,1300,healthy_horizontal_no_load_1300rpm,438453,1315,268,1636,2146,3,0,854481,9,211,73,1,2,1659,1494,1232,65,153,1638,16383,1662,1653,1644394,800,1918,2107,526365,11953,8,382556,1496,47265,563,438355266,438454392,0,438454406,438454921,3380115346,17859285,0.0834,1651.0,0.12201478381996145,-0.19298998084163,0.0834,25.36,77.7,,,,,,
2026-07-30T19:23:16.122918+00:00,S017,mounted,true,healthy,none,1300,healthy_horizontal_no_load_1300rpm,438553,1321,270,1622,2134,2,0,854534,9,211,73,0,2,1659,1494,1235,65,153,1637,16383,1664,1650,1643893,800,1995,2127,526336,11955,8,382556,1496,47266,563,438455323,438554446,0,438554460,438554975,3378039583,17865257,0.0834,1651.0,0.15475555508155558,-0.0652109673776664,0.0834,25.4,77.7,,,,,,
2026-07-30T19:23:16.216270+00:00,S017,mounted,true,healthy,none,1300,healthy_horizontal_no_load_1300rpm,438654,1324,271,1619,2131,6,0,854587,9,211,73,1,2,1659,1494,1248,68,163,1641,16383,1663,1648,1660347,808,1963,2083,526335,11955,8,382556,1496,47267,563,438555374,438655231,0,438655305,438655820,3411883945,17865257,0.0834,1651.0,0.08143338092848174,-0.11853618494353846,0.0834,25.27,77.5,,,,,,
2026-07-30T19:23:16.309310+00:00,S017,mounted,true,healthy,none,1300,healthy_horizontal_no_load_1300rpm,438754,1322,269,1624,2133,4,0,854640,9,211,72,1,2,1659,1494,1203,66,150,1642,16383,1663,1652,1644270,800,1895,2169,526339,11951,8,382549,1496,47268,563,438656221,438755312,0,438755386,438755901,3379634468,17853305,0.0834,1651.0,0.22595465961007388,-0.23079533888377535,0.0834,25.24,77.4,,,,,,
2026-07-30T19:23:16.401978+00:00,S017,mounted,true,healthy,none,1300,healthy_horizontal_no_load_1300rpm,438854,1321,269,1621,2130,5,0,854693,9,211,73,0,3,1659,1494,1250,66,150,1647,16383,1662,1654,1644539,800,2019,2087,526376,11952,8,382544,1496,47269,563,438756302,438855356,0,438855435,438855950,3380681743,17856292,0.0834,1651.0,0.08897197590361428,-0.024372554216868014,0.0834,25.09,77.2,,,,,,
2026-07-30T19:23:16.510858+00:00,S017,mounted,true,healthy,none,1300,healthy_horizontal_no_load_1300rpm,438954,1319,269,1621,2132,3,0,854745,9,211,73,2,3,1659,1494,1217,64,146,1647,16383,1663,1653,1643953,800,1903,2089,526340,11953,8,382541,1496,47270,563,438856349,438955404,0,438955478,438955994,3378304039,17859279,0.0834,1651.0,0.09201433004266679,-0.21799035898937502,0.0834,25.09,77.2,,,,,,
2026-07-30T19:23:16.603896+00:00,S017,mounted,true,healthy,none,1300,healthy_horizontal_no_load_1300rpm,439055,1291,269,1659,2180,2,0,854798,9,211,73,1,3,1659,1495,1232,64,146,1641,16383,1662,1650,1660549,808,2025,2087,526342,11956,8,382544,1496,47271,563,438956395,439056201,0,439056215,439056730,3412705559,17868246,0.0834,1651.0,0.08780814954834382,-0.015500817999331229,0.0834,25.27,77.5,,,,,,
2026-07-30T19:23:16.696531+00:00,S017,mounted,true,healthy,none,1300,healthy_horizontal_no_load_1300rpm,439155,1287,269,1664,2187,5,0,854849,9,211,73,0,2,1659,1494,1261,62,139,1639,16383,1664,1652,1644401,800,2023,2116,526338,11954,8,382543,1496,47272,563,439057132,439156258,0,439156268,439156782,3380122827,17862266,0.0834,1651.0,0.1367199864480506,-0.01826939150075324,0.0834,25.33,77.6,,,,,,
2026-07-30T19:23:16.835603+00:00,S017,mounted,true,healthy,none,1300,healthy_horizontal_no_load_1300rpm,439255,1306,268,1651,2164,3,0,854901,9,211,73,3,2,1659,1494,1251,60,137,1640,16383,1664,1651,1644334,800,1849,2080,526332,11954,8,382543,1496,47273,563,439157181,439256274,0,439256283,439256798,3379893136,17862270,0.0834,1651.0,0.07672409820980386,-0.30824951798561173,0.0834,25.3,77.5,,,,,,
2026-07-30T19:23:16.931229+00:00,S017,mounted,true,healthy,none,1300,healthy_horizontal_no_load_1300rpm,439355,1318,269,1626,2137,2,0,854954,9,211,73,0,2,1659,1494,1213,60,137,1641,16383,1663,1651,1644181,800,2027,2077,526336,11954,8,382543,1496,47274,563,439257200,439356332,0,439356342,439356857,3379221137,17862266,0.0834,1651.0,0.07172444085661667,-0.011603181696503206,0.0834,25.27,77.5,,,,,,
2026-07-30T19:23:17.024585+00:00,S017,mounted,true,healthy,none,1300,healthy_horizontal_no_load_1300rpm,439455,1322,269,1620,2129,6,0,855007,9,211,73,1,2,1659,1494,1258,61,131,1642,16383,1663,1651,1644539,800,1993,2143,526363,11955,8,382544,1496,47275,563,439357260,439456357,0,439456366,439456881,3380707213,17865257,0.0834,1651.0,0.1814181638644916,-0.0685437934755333,0.0834,25.24,77.4,,,,,,
2026-07-30T19:23:17.119781+00:00,S017,mounted,true,healthy,none,1300,healthy_horizontal_no_load_1300rpm,439555,1324,271,1618,2130,4,0,855060,9,211,74,0,3,1659,1494,1213,64,134,1643,16383,1664,1654,1644509,800,2023,2081,526336,11951,8,382537,1496,47276,563,439457283,439556414,0,439556423,439556938,3380563145,17853303,0.0834,1651.0,0.07926122943686664,-0.017423076813655847,0.0834,25.21,77.4,,,,,,
2026-07-30T19:23:17.211415+00:00,S017,mounted,true,healthy,none,1300,healthy_horizontal_no_load_1300rpm,439656,1322,270,1620,2131,5,0,855113,9,211,73,0,2,1659,1494,1241,64,134,1641,16383,1663,1652,1660913,808,2023,2221,526333,11952,8,382533,1496,47277,563,439557337,439657082,0,439657156,439657670,3414225029,17856292,0.0834,1651.0,0.312327373493976,-0.017705228915663174,0.0834,25.27,77.5,,,,,,
2026-07-30T19:23:17.305572+00:00,S017,mounted,true,healthy,none,1300,healthy_horizontal_no_load_1300rpm,439756,1324,270,1620,2131,1,0,855166,9,211,73,1,3,1659,1494,1230,65,137,1635,16383,1664,1653,1644704,800,1951,2085,526371,11954,8,382533,1496,47278,563,439658069,439757125,0,439757199,439757714,3381377090,17862268,0.0834,1651.0,0.08505686046511629,-0.1382611679772463,0.0834,25.46,77.8,,,,,,
2026-07-30T19:23:17.398853+00:00,S017,mounted,true,healthy,none,1300,healthy_horizontal_no_load_1300rpm,439856,1323,267,1619,2125,3,0,855219,9,211,73,0,2,1659,1495,1242,65,137,1639,16383,1665,1653,1644491,800,1940,2155,526392,11957,8,382538,1496,47279,563,439758120,439857170,0,439857244,439857759,3380511027,17871235,0.0834,1651.0,0.20081444802207926,-0.1574044296228152,0.0834,25.33,77.6,,,,,,
2026-07-30T19:23:17.539821+00:00,S017,mounted,true,healthy,none,1300,healthy_horizontal_no_load_1300rpm,439956,1323,269,1618,2128,2,0,855272,9,211,73,1,3,1659,1494,1232,65,134,1639,16383,1663,1652,1643922,800,1913,2161,526317,11952,8,382534,1496,47280,563,439858162,439957242,0,439957316,439957831,3378184394,17856292,0.0834,1651.0,0.21231749397590338,-0.2010566746987954,0.0834,25.33,77.6,,,,,,
2026-07-30T19:23:17.634589+00:00,S017,mounted,true,healthy,none,1300,healthy_horizontal_no_load_1300rpm,440057,1322,269,1619,2129,2,0,855326,9,211,73,0,3,1659,1494,1224,65,130,1644,16383,1662,1652,1660692,808,2022,2081,526326,11954,8,382534,1496,47281,563,439958231,440058210,0,440058224,440058739,3413289076,17862266,0.0834,1651.0,0.07839065066086626,-0.019935943951815638,0.0834,25.18,77.3,,,,,,
2026-07-30T19:23:17.728569+00:00,S017,mounted,true,healthy,none,1300,healthy_horizontal_no_load_1300rpm,440157,1324,269,1619,2128,6,0,855379,9,211,73,0,2,1659,1494,1247,65,130,1644,16383,1664,1652,1644399,800,2015,2081,526340,11953,8,382532,1496,47282,563,440059138,440158253,0,440158267,440158783,3380109567,17859279,0.0834,1651.0,0.07868079503053593,-0.031320868819543435,0.0834,25.18,77.3,,,,,,
2026-07-30T19:23:17.821993+00:00,S017,mounted,true,healthy,none,1300,healthy_horizontal_no_load_1300rpm,440257,1326,270,1618,2128,4,0,855432,9,211,73,1,2,1659,1495,1208,62,126,1637,16383,1663,1655,1644486,800,2023,2088,526354,11956,8,382535,1496,47283,563,440159182,440258305,0,440258319,440258834,3380472650,17868246,0.0834,1651.0,0.08947442321846744,-0.01883336533957891,0.0834,25.4,77.7,,,,,,
2026-07-30T19:23:17.915541+00:00,S017,mounted,true,healthy,none,1300,healthy_horizontal_no_load_1300rpm,440357,1332,271,1608,2117,5,0,855485,9,211,73,0,2,1659,1495,1239,59,124,1658,16383,1663,1654,1644895,800,2027,2168,526362,11957,8,382540,1496,47284,563,440259236,440358336,0,440358346,440358861,3382162745,17871233,0.0834,1651.0,0.22247419411223524,-0.012450744250230628,0.0834,24.76,76.6,,,,,,
2026-07-30T19:23:18.009910+00:00,S017,mounted,true,healthy,none,1300,healthy_horizontal_no_load_1300rpm,440457,1335,269,1606,2111,1,0,855538,9,211,73,1,2,1659,1494,1221,59,124,1644,16383,1663,1652,1644313,800,1913,2075,526340,11953,8,382538,1496,47285,563,440359260,440458383,0,440458392,440458906,3379779293,17859281,0.0834,1651.0,0.06868064377143801,-0.20132344022421167,0.0834,25.18,77.3,,,,,,
2026-07-30T19:23:18.103122+00:00,S017,mounted,true,healthy,none,1300,healthy_horizontal_no_load_1300rpm,440557,1334,268,1607,2110,1,0,855592,9,211,73,1,2,1659,1494,1214,61,127,1638,16383,1662,1654,1644538,800,2027,2091,526366,11953,8,382536,1496,47286,563,440459308,440558444,0,440558454,440558969,3380682468,17859279,0.0834,1651.0,0.09534771379569973,-0.01132056630134759,0.0834,25.36,77.7,,,,,,
2026-07-30T19:23:18.197982+00:00,S017,mounted,true,healthy,none,1300,healthy_horizontal_no_load_1300rpm,440658,1336,270,1601,2107,1,0,855646,9,211,73,1,2,1659,1494,1223,61,127,1638,16383,1664,1652,1660559,808,2027,2079,526338,11953,8,382534,1496,47287,563,440559370,440659201,0,440659280,440659795,3412750639,17859281,0.0834,1651.0,0.075347411277503,-0.01132056630134759,0.0834,25.36,77.7,,,,,,
2026-07-30T19:23:18.325392+00:00,S017,mounted,true,healthy,none,1300,healthy_horizontal_no_load_1300rpm,440758,1334,270,1604,2110,3,0,855699,9,211,73,2,3,1659,1494,1232,60,123,1644,16383,1662,1652,1643539,800,1903,2086,526306,11954,8,382534,1496,47288,563,440660196,440759279,0,440759353,440759868,3376619537,17862270,0.0834,1651.0,0.08672341291617824,-0.21825568562824182,0.0834,25.18,77.3,,,,,,
2026-07-30T19:23:18.418696+00:00,S017,mounted,true,healthy,none,1300,healthy_horizontal_no_load_1300rpm,440858,1311,270,1632,2147,2,0,855752,9,211,73,1,3,1659,1494,1234,59,122,1639,16383,1662,1654,1644218,800,2013,2083,526351,11953,8,382532,1496,47289,563,440760273,440859338,0,440859416,440859931,3379369732,17859277,0.0834,1651.0,0.08201417878356887,-0.03465425257257637,0.0834,25.33,77.6,,,,,,
2026-07-30T19:23:18.514407+00:00,S017,mounted,true,healthy,none,1300,healthy_horizontal_no_load_1300rpm,440958,1300,269,1646,2164,4,0,855804,9,211,73,0,3,1659,1494,1206,59,122,1640,16383,1663,1652,1644338,800,2025,2287,526340,11950,8,382524,1496,47290,563,440860333,440959389,0,440959467,440959983,3379915072,17850314,0.0834,1651.0,0.42297623983263577,-0.013806656903765813,0.0834,25.3,77.5,,,,,,
2026-07-30T19:23:18.609427+00:00,S017,mounted,true,healthy,none,1300,healthy_horizontal_no_load_1300rpm,441059,1315,269,1634,2146,1,0,855856,9,211,73,3,2,1659,1494,1234,60,121,1641,16383,1664,1652,1660933,808,2017,2203,526345,11954,8,382524,1496,47291,563,440960382,441060154,0,441060163,441060678,3414312259,17862266,0.0834,1651.0,0.2817100496904801,-0.028268706207127625,0.0834,25.27,77.5,,,,,,
2026-07-30T19:23:18.701113+00:00,S017,mounted,true,healthy,none,1300,healthy_horizontal_no_load_1300rpm,441159,1331,267,1610,2113,1,0,855910,9,211,73,1,2,1659,1494,1222,59,121,1640,16383,1664,1652,1643930,800,2003,2083,526305,11954,8,382524,1496,47292,563,441061079,441160235,0,441160249,441160764,3378193128,17862268,0.0834,1651.0,0.0817237555629915,-0.05160044052200119,0.0834,25.3,77.5,,,,,,
2026-07-30T19:23:18.842514+00:00,S017,mounted,true,healthy,none,1300,healthy_horizontal_no_load_1300rpm,441259,1334,271,1606,2114,3,0,855963,9,211,73,0,3,1659,1494,1203,59,121,1640,16383,1664,1653,1644270,800,2019,2093,526329,11951,8,382519,1496,47293,563,441161166,441260282,0,441260292,441260807,3379585130,17853305,0.0834,1651.0,0.09926487900594072,-0.02409096000334765,0.0834,25.3,77.5,,,,,,
2026-07-30T19:23:18.936103+00:00,S017,mounted,true,healthy,none,1300,healthy_horizontal_no_load_1300rpm,441359,1329,271,1610,2120,2,0,856016,9,211,73,1,3,1659,1493,1206,58,112,1640,16383,1663,1651,1643774,800,1903,2081,526350,11946,8,382504,1496,47294,563,441261210,441360328,0,441360338,441360853,3377566550,17838366,0.0834,1651.0,0.08071316574585641,-0.21613182872928194,0.0834,25.3,77.5,,,,,,
2026-07-30T19:23:19.029447+00:00,S017,mounted,true,healthy,none,1300,healthy_horizontal_no_load_1300rpm,441459,1325,269,1616,2125,6,0,856069,9,211,73,0,3,1659,1494,1221,58,112,1643,16383,1662,1652,1643984,800,2015,2089,526336,11954,8,382505,1496,47295,563,441361254,441460516,0,441460525,441461039,3378408688,17862268,0.0834,1651.0,0.09172307026936588,-0.03160181110925242,0.0834,25.21,77.4,,,,,,
2026-07-30T19:23:19.124077+00:00,S017,mounted,true,healthy,none,1300,healthy_horizontal_no_load_1300rpm,441560,1324,270,1620,2130,6,0,856123,9,211,73,1,3,1659,1495,1213,59,129,1638,16383,1662,1652,1660614,808,1983,2085,526335,11957,8,382512,1496,47296,563,441461439,441561238,0,441561316,441561831,3412984286,17871233,0.0834,1651.0,0.08418504599815968,-0.08576065409383649,0.0834,25.36,77.7,,,,,,
2026-07-30T19:23:19.215530+00:00,S017,mounted,true,healthy,none,1300,healthy_horizontal_no_load_1300rpm,441660,1320,270,1620,2132,4,0,856176,9,211,73,0,3,1659,1494,1211,60,136,1643,16383,1664,1653,1644328,800,1967,2127,526366,11954,8,382513,1496,47297,563,441562233,441661300,0,441661379,441661894,3379842950,17862266,0.0834,1651.0,0.15505206340973698,-0.1115963287602475,0.0834,25.21,77.4,,,,,,
2026-07-30T19:23:19.308175+00:00,S017,mounted,true,healthy,none,1300,healthy_horizontal_no_load_1300rpm,441760,1324,269,1618,2126,5,0,856229,9,211,73,1,3,1659,1494,1218,60,136,1642,16383,1663,1653,1644516,800,2003,2183,526374,11950,8,382506,1496,47298,563,441662293,441761357,0,441761436,441761951,3380615884,17850318,0.0834,1651.0,0.24959676937238484,-0.050483083347280466,0.0834,25.24,77.4,,,,,,
2026-07-30T19:23:19.403392+00:00,S017,mounted,true,healthy,none,1300,healthy_horizontal_no_load_1300rpm,441860,1314,269,1629,2141,3,0,856281,9,211,73,1,2,1659,1495,1205,59,129,1638,16383,1665,1652,1644631,800,2027,2167,526371,11956,8,382511,1496,47299,563,441762352,441861409,0,441861483,441861998,3381087259,17868246,0.0834,1651.0,0.22111004315824667,-0.012168270659083547,0.0834,25.36,77.7,,,,,,
2026-07-30T19:23:19.510469+00:00,S017,mounted,true,healthy,none,1300,healthy_horizontal_no_load_1300rpm,441961,1299,269,1649,2167,6,0,856333,9,211,73,0,2,1659,1494,1221,60,137,1639,16383,1664,1652,1660551,808,2023,2081,526345,11953,8,382511,1496,47300,563,441862403,441962209,0,441962219,441962733,3412709231,17859283,0.0834,1651.0,0.07868079503053593,-0.017987333807412575,0.0834,25.33,77.6,,,,,,
2026-07-30T19:23:19.603506+00:00,S017,mounted,true,healthy,none,1300,healthy_horizontal_no_load_1300rpm,442061,1306,270,1650,2167,4,0,856386,9,211,73,4,2,1659,1494,1216,60,137,1637,16383,1663,1652,1644235,800,2026,2082,526349,11953,8,382511,1496,47301,563,441963132,442062271,0,442062281,442062796,3379434967,17859279,0.0834,1651.0,0.08034748690705218,-0.012987258177863836,0.0834,25.4,77.7,,,,,,
2026-07-30T19:23:19.744533+00:00,S017,mounted,true,healthy,none,1300,healthy_horizontal_no_load_1300rpm,442161,1333,269,1611,2117,5,0,856439,9,211,73,1,3,1659,1494,1214,57,127,1645,16383,1662,1652,1643947,800,2019,2081,526332,11952,8,382509,1496,47302,563,442063197,442162312,0,442162321,442162836,3378255007,17856292,0.0834,1651.0,0.07897098795180701,-0.024372554216868014,0.0834,25.15,77.3,,,,,,
2026-07-30T19:23:19.839311+00:00,S017,mounted,true,healthy,none,1300,healthy_horizontal_no_load_1300rpm,442261,1345,270,1596,2098,5,0,856493,9,211,73,1,2,1659,1494,1208,57,127,1638,16383,1662,1652,1644179,800,1899,2081,526341,11953,8,382509,1496,47303,563,442163242,442262346,0,442262355,442262870,3379236981,17859285,0.0834,1651.0,0.07868079503053593,-0.2246571264954409,0.0834,25.36,77.7,,,,,,
2026-07-30T19:23:19.932442+00:00,S017,mounted,true,healthy,none,1300,healthy_horizontal_no_load_1300rpm,442361,1339,270,1594,2099,1,0,856546,9,211,73,4,2,1659,1494,1221,59,137,1638,16383,1665,1652,1644795,800,2013,2271,526353,11951,8,382505,1496,47304,563,442263272,442362388,0,442362397,442362913,3381806171,17853303,0.0834,1651.0,0.3959856809472009,-0.034092784787884245,0.0834,25.36,77.7,,,,,,
2026-07-30T19:23:20.029854+00:00,S017,mounted,true,healthy,none,1300,healthy_horizontal_no_load_1300rpm,442461,1304,269,1641,2157,3,0,856599,9,211,73,1,3,1659,1494,1221,61,145,1635,16383,1662,1652,1643695,800,2027,2235,526305,11954,8,382506,1496,47305,563,442363318,442462440,0,442462454,442462969,3377255633,17862270,0.0834,1651.0,0.3350397281244768,-0.011603181696503206,0.0834,25.46,77.8,,,,,,
2026-07-30T19:23:20.118833+00:00,S017,mounted,true,healthy,none,1300,healthy_horizontal_no_load_1300rpm,442562,1299,268,1652,2168,6,0,856651,9,211,73,0,2,1659,1494,1232,61,145,1647,16383,1663,1648,1660215,808,1959,2194,526285,11954,8,382507,1496,47306,563,442463370,442563135,0,442563209,442563724,3411371893,17862268,0.0834,1651.0,0.2667110776309185,-0.12492874836874712,0.0834,25.09,77.2,,,,,,
2026-07-30T19:23:20.211837+00:00,S017,mounted,true,healthy,none,1300,healthy_horizontal_no_load_1300rpm,442662,1319,270,1628,2140,4,0,856704,9,211,73,2,2,1659,1494,1231,62,145,1640,16383,1666,1652,1643799,800,1925,2087,526317,11952,8,382505,1496,47307,563,442564124,442663195,0,442663274,442663789,3377665543,17856292,0.0834,1651.0,0.08897197590361428,-0.18105469879518088,0.0834,25.3,77.5,,,,,,
2026-07-30T19:23:20.351444+00:00,S017,mounted,true,healthy,none,1300,healthy_horizontal_no_load_1300rpm,442762,1332,270,1609,2117,5,0,856757,9,211,73,0,2,1659,1494,1230,61,134,1638,16383,1663,1655,1644845,800,1989,2087,526371,11955,8,382508,1496,47308,563,442664190,442763236,0,442763310,442763825,3381950091,17865255,0.0834,1651.0,0.08809903312421552,-0.07520944567126753,0.0834,25.36,77.7,,,,,,
2026-07-30T19:23:20.446134+00:00,S017,mounted,true,healthy,none,1300,healthy_horizontal_no_load_1300rpm,442862,1335,269,1606,2111,1,0,856810,9,211,73,0,2,1659,1494,1257,61,134,1643,16383,1665,1653,1644588,800,1983,2081,526402,11953,8,382508,1496,47309,563,442764228,442863294,0,442863368,442863883,3380896290,17859279,0.0834,1651.0,0.07868079503053593,-0.08465500886806687,0.0834,25.21,77.4,,,,,,
2026-07-30T19:23:20.540209+00:00,S017,mounted,true,healthy,none,1300,healthy_horizontal_no_load_1300rpm,442962,1326,270,1614,2123,1,0,856864,9,211,73,1,3,1659,1494,1227,60,137,1637,16383,1663,1652,1643805,800,1911,2170,526373,11954,8,382509,1496,47310,563,442864282,442963336,0,442963414,442963929,3377710535,17862268,0.0834,1651.0,0.22671381880542052,-0.2049232660197422,0.0834,25.4,77.7,,,,,,
2026-07-30T19:23:20.634008+00:00,S017,mounted,true,healthy,none,1300,healthy_horizontal_no_load_1300rpm,443062,1324,270,1618,2129,3,0,856917,9,211,73,1,2,1659,1494,1234,60,137,1637,16383,1662,1652,1644562,800,1935,2149,526366,11953,8,382509,1496,47311,563,442964330,443063402,0,443063481,443063996,3380806268,17859279,0.0834,1651.0,0.19201584263364824,-0.16465621894085203,0.0834,25.4,77.7,,,,,,
2026-07-30T19:23:20.727636+00:00,S017,mounted,true,healthy,none,1300,healthy_horizontal_no_load_1300rpm,443163,1306,270,1635,2152,6,0,856969,9,211,73,2,3,1659,1495,1230,61,127,1637,16383,1664,1652,1660501,808,2023,2082,526347,11956,8,382514,1496,47312,563,443064397,443164046,0,443164055,443164570,3412506363,17868246,0.0834,1651.0,0.07947678119772483,-0.01883336533957891,0.0834,25.4,77.7,,,,,,
2026-07-30T19:23:20.821482+00:00,S017,mounted,true,healthy,none,1300,healthy_horizontal_no_load_1300rpm,443263,1289,267,1662,2181,5,0,857021,9,211,73,1,2,1659,1494,1242,64,126,1650,16383,1664,1651,1644753,800,2026,2285,526355,11952,8,382511,1496,47313,563,443164976,443264089,0,443264103,443264618,3381624711,17856290,0.0834,1651.0,0.41900457831325255,-0.0127047349397591,0.0834,25.0,77.0,,,,,,
2026-07-30T19:23:20.914373+00:00,S017,mounted,true,healthy,none,1300,healthy_horizontal_no_load_1300rpm,443363,1288,268,1665,2186,2,0,857072,9,211,73,0,2,1659,1495,1231,64,126,1647,16383,1664,1656,1644700,800,2027,2171,526364,11956,8,382516,1496,47314,563,443265020,443364127,0,443364136,443364651,3381363218,17868246,0.0834,1651.0,0.22777513783874204,-0.012168270659083547,0.0834,25.09,77.2,,,,,,
2026-07-30T19:23:21.042457+00:00,S017,mounted,true,healthy,none,1300,healthy_horizontal_no_load_1300rpm,443463,1293,269,1661,2181,4,0,857124,9,211,73,1,2,1659,1494,1246,64,129,1640,16383,1664,1652,1644266,800,1977,2287,526313,11954,8,382516,1496,47315,563,443365050,443464240,0,443464250,443464765,3379630992,17862268,0.0834,1651.0,0.42170045557972236,-0.09493080424962352,0.0834,25.3,77.5,,,,,,
2026-07-30T19:23:21.150064+00:00,S017,mounted,true,healthy,none,1300,healthy_horizontal_no_load_1300rpm,443563,1298,269,1653,2171,1,0,857176,9,211,73,1,2,1659,1494,1238,67,128,1640,16383,1663,1651,1644091,800,2021,2197,526311,11953,8,382515,1496,47316,563,443465170,443564433,0,443564443,443564958,3378863459,17859281,0.0834,1651.0,0.27201705270643295,-0.02132071756044507,0.0834,25.3,77.5,,,,,,
2026-07-30T19:23:21.245700+00:00,S017,mounted,true,healthy,none,1300,healthy_horizontal_no_load_1300rpm,443664,1303,270,1647,2165,3,0,857229,9,211,73,1,3,1659,1494,1273,67,128,1639,16383,1663,1652,1661104,808,2020,2233,526346,11954,8,382515,1496,47317,563,443565363,443665066,0,443665145,443665660,3415014486,17862270,0.0834,1651.0,0.331706623222352,-0.023269048853940433,0.0834,25.33,77.6,,,,,,
2026-07-30T19:23:21.339285+00:00,S017,mounted,true,healthy,none,1300,healthy_horizontal_no_load_1300rpm,443764,1308,269,1639,2154,6,0,857281,9,211,73,0,3,1659,1494,1222,64,130,1636,16383,1664,1653,1644041,800,1989,2079,526338,11953,8,382514,1496,47318,563,443666061,443765111,0,443765185,443765700,3378644771,17859279,0.0834,1651.0,0.075347411277503,-0.0746548576089685,0.0834,25.43,77.8,,,,,,
2026-07-30T19:23:21.417694+00:00,S017,mounted,true,healthy,none,1300,healthy_horizontal_no_load_1300rpm,443864,1311,269,1634,2148,5,0,857333,9,211,73,0,2,1659,1495,1261,64,130,1637,16383,1663,1653,1644067,800,2029,2083,526339,11956,8,382518,1496,47319,563,443766100,443865168,0,443865242,443865756,3378745321,17868246,0.0834,1651.0,0.08114305486784845,-0.008835723318836308,0.0834,25.4,77.7,,,,,,
2026-07-30T19:23:21.526482+00:00,S017,mounted,true,healthy,none,1300,healthy_horizontal_no_load_1300rpm,443964,1311,269,1633,2147,1,0,857386,9,211,73,0,2,1659,1494,1251,66,134,1644,16383,1664,1652,1644620,800,2013,2087,526362,11952,8,382515,1496,47320,563,443866156,443965237,0,443965311,443965826,3381018776,17856292,0.0834,1651.0,0.08897197590361428,-0.03437354216867483,0.0834,25.18,77.3,,,,,,
2026-07-30T19:23:21.619623+00:00,S017,mounted,true,healthy,none,1300,healthy_horizontal_no_load_1300rpm,444064,1311,268,1635,2147,2,0,857438,9,211,73,1,2,1659,1495,1227,64,127,1643,16383,1663,1652,1644202,800,2005,2175,526323,11957,8,382521,1496,47321,563,443966225,444065286,0,444065360,444065875,3379324210,17871233,0.0834,1651.0,0.23413713431462702,-0.04910569917203311,0.0834,25.21,77.4,,,,,,
2026-07-30T19:23:21.714631+00:00,S017,mounted,true,healthy,none,1300,healthy_horizontal_no_load_1300rpm,444165,1307,269,1637,2152,6,0,857491,9,211,73,1,3,1659,1494,1255,64,127,1639,16383,1662,1652,1660493,808,2015,2107,526335,11955,8,382523,1496,47322,563,444066277,444166051,0,444166060,444166576,3412477607,17865257,0.0834,1651.0,0.12142729410288533,-0.03188270639899615,0.0834,25.33,77.6,,,,,,
2026-07-30T19:23:21.856308+00:00,S017,mounted,true,healthy,none,1300,healthy_horizontal_no_load_1300rpm,444265,1300,268,1647,2164,5,0,857543,9,211,73,1,2,1659,1494,1227,63,138,1640,16383,1664,1652,1644146,800,2011,2089,526343,11954,8,382523,1496,47323,563,444166977,444266088,0,444266098,444266613,3379080092,17862268,0.0834,1651.0,0.09172307026936588,-0.03826802091350201,0.0834,25.3,77.5,,,,,,
2026-07-30T19:23:21.953231+00:00,S017,mounted,true,healthy,none,1300,healthy_horizontal_no_load_1300rpm,444365,1297,268,1652,2169,3,0,857595,9,211,73,0,3,1659,1494,1225,63,136,1649,16383,1664,1655,1644617,800,2005,2199,526377,11955,8,382525,1496,47324,563,444267018,444366117,0,444366126,444366641,3381037275,17865259,0.0834,1651.0,0.2747372946047677,-0.0485468368883315,0.0834,25.03,77.1,,,,,,
2026-07-30T19:23:22.046489+00:00,S017,mounted,true,healthy,none,1300,healthy_horizontal_no_load_1300rpm,444465,1313,270,1639,2153,2,0,857648,9,211,73,4,2,1659,1494,1245,63,136,1650,16383,1665,1654,1644723,800,2017,2207,526407,11954,8,382525,1496,47325,563,444367041,444466244,0,444466254,444466769,3381464989,17862268,0.0834,1651.0,0.28837625949472967,-0.028268706207127625,0.0834,25.0,77.0,,,,,,
2026-07-30T19:23:22.140902+00:00,S017,mounted,true,healthy,none,1300,healthy_horizontal_no_load_1300rpm,444565,1344,270,1594,2096,6,0,857701,9,211,73,0,3,1659,1494,1242,64,139,1646,16383,1664,1650,1644224,800,2002,2136,526353,11953,8,382524,1496,47326,563,444467170,444566446,0,444566456,444566970,3379410892,17859281,0.0834,1651.0,0.1703488482389357,-0.05298786321425597,0.0834,25.12,77.2,,,,,,
2026-07-30T19:23:22.234697+00:00,S017,mounted,true,healthy,none,1300,healthy_horizontal_no_load_1300rpm,444666,1346,269,1590,2091,2,0,857756,9,211,73,1,2,1659,1495,1188,64,139,1642,16383,1664,1654,1661168,808,2011,2089,526378,11956,8,382528,1496,47327,563,444567369,444666965,0,444667044,444667559,3415255764,17868244,0.0834,1651.0,0.09114069688859106,-0.03882864938106412,0.0834,25.24,77.4,,,,,,
2026-07-30T19:23:22.326704+00:00,S017,mounted,true,healthy,none,1300,healthy_horizontal_no_load_1300rpm,444766,1323,269,1619,2128,6,0,857809,9,211,73,1,3,1659,1494,1218,64,142,1647,16383,1663,1652,1643905,800,1866,2097,526341,11954,8,382528,1496,47328,563,444667961,444767057,0,444767136,444767651,3378115253,17862270,0.0834,1651.0,0.10505548987786506,-0.279918126317551,0.0834,25.09,77.2,,,,,,
2026-07-30T19:23:22.419742+00:00,S017,mounted,true,healthy,none,1300,healthy_horizontal_no_load_1300rpm,444866,1312,269,1632,2146,5,0,857861,9,211,73,1,2,1659,1494,1209,62,132,1645,16383,1662,1649,1643248,800,1911,2177,526268,11953,8,382526,1496,47329,563,444768052,444867159,0,444867233,444867747,3375428338,17859279,0.0834,1651.0,0.2386832151761058,-0.2046568239772446,0.0834,25.15,77.3,,,,,,
2026-07-30T19:23:22.560513+00:00,S017,mounted,true,healthy,none,1300,healthy_horizontal_no_load_1300rpm,444966,1313,270,1631,2145,1,0,857914,9,211,73,0,2,1659,1494,1211,62,132,1654,16383,1664,1650,1644057,800,2005,2085,526286,11955,8,382528,1496,47330,563,444868149,444967207,0,444967281,444967796,3378713451,17865257,0.0834,1651.0,0.08476620702634818,-0.0485468368883315,0.0834,24.88,76.8,,,,,,
2026-07-30T19:23:22.653487+00:00,S017,mounted,true,healthy,none,1300,healthy_horizontal_no_load_1300rpm,445066,1312,270,1632,2147,2,0,857966,9,211,73,1,3,1659,1494,1232,59,127,1640,16383,1663,1652,1644029,800,2019,2137,526285,11954,8,382528,1496,47331,563,444968195,445067266,0,445067340,445067854,3378593763,17862266,0.0834,1651.0,0.17171758792036096,-0.02493560130500283,0.0834,25.3,77.5,,,,,,
2026-07-30T19:23:22.747062+00:00,S017,mounted,true,healthy,none,1300,healthy_horizontal_no_load_1300rpm,445166,1311,269,1634,2147,6,0,858019,9,211,73,1,2,1659,1494,1219,62,131,1639,16383,1663,1654,1644431,800,1995,2085,526347,11951,8,382522,1496,47332,563,445068255,445167319,0,445167398,445167913,3380246717,17853303,0.0834,1651.0,0.085929112626558,-0.06409825914149492,0.0834,25.33,77.6,,,,,,
2026-07-30T19:23:22.842100+00:00,S017,mounted,true,healthy,none,1300,healthy_horizontal_no_load_1300rpm,445266,1311,266,1637,2144,5,0,858071,9,211,73,0,2,1659,1495,1226,62,131,1637,16383,1664,1651,1644224,800,2007,2087,526334,11956,8,382526,1496,47333,563,445168314,445267388,0,445267462,445267978,3379401456,17868246,0.0834,1651.0,0.08780814954834382,-0.04549374406155948,0.0834,25.4,77.7,,,,,,
2026-07-30T19:23:22.936018+00:00,S017,mounted,true,healthy,none,1300,healthy_horizontal_no_load_1300rpm,445367,1309,269,1636,2150,1,0,858124,9,211,73,1,3,1659,1494,1224,60,117,1639,16383,1665,1652,1661242,808,1989,2175,526356,11954,8,382526,1496,47334,563,445268377,445368044,0,445368054,445368569,3415568910,17862266,0.0834,1651.0,0.2350465810607325,-0.0749321748368752,0.0834,25.33,77.6,,,,,,
2026-07-30T19:23:23.031060+00:00,S017,mounted,true,healthy,none,1300,healthy_horizontal_no_load_1300rpm,445467,1310,269,1635,2150,2,0,858176,9,211,73,1,2,1659,1495,1247,60,117,1641,16383,1663,1651,1644329,800,2019,2082,526343,11956,8,382530,1496,47335,563,445368970,445468073,0,445468082,445468600,3379823731,17868246,0.0834,1651.0,0.07947678119772483,-0.025498460020073832,0.0834,25.27,77.5,,,,,,
2026-07-30T19:23:23.123724+00:00,S017,mounted,true,healthy,none,1300,healthy_horizontal_no_load_1300rpm,445567,1312,268,1634,2145,6,0,858229,9,211,73,1,2,1659,1494,1205,63,132,1643,16383,1664,1652,1644304,800,2025,2091,526361,11954,8,382530,1496,47336,563,445469001,445568396,0,445568405,445568920,3379725470,17862270,0.0834,1651.0,0.09505617517149068,-0.014936286598628001,0.0834,25.21,77.4,,,,,,
2026-07-30T19:23:23.265260+00:00,S017,mounted,true,healthy,none,1300,healthy_horizontal_no_load_1300rpm,445668,1310,269,1637,2150,4,0,858282,9,211,73,0,2,1659,1495,1198,64,132,1647,16383,1663,1651,1660535,808,2027,2188,526347,11956,8,382533,1496,47337,563,445569325,445668932,0,445669006,445669521,3412667803,17868244,0.0834,1651.0,0.2561017902308462,-0.012168270659083547,0.0834,25.09,77.2,,,,,,
2026-07-30T19:23:23.359126+00:00,S017,mounted,true,healthy,none,1300,healthy_horizontal_no_load_1300rpm,445768,1306,269,1641,2156,1,0,858334,9,211,73,1,2,1659,1494,1190,64,132,1642,16383,1662,1653,1644076,800,2026,2161,526340,11953,8,382531,1496,47338,563,445669920,445768996,0,445769070,445769585,3378795632,17859281,0.0834,1651.0,0.21201614515184408,-0.012987258177863836,0.0834,25.24,77.4,,,,,,
2026-07-30T19:23:23.453097+00:00,S017,mounted,true,healthy,none,1300,healthy_horizontal_no_load_1300rpm,445868,1299,269,1649,2168,2,0,858386,9,211,73,1,2,1659,1495,1216,65,130,1643,16383,1661,1651,1643805,800,2025,2103,526306,11959,8,382540,1496,47339,563,445769990,445869172,0,445869246,445869760,3377676485,17877211,0.0834,1651.0,0.11358948147838399,-0.016347261058617057,0.0834,25.21,77.4,,,,,,
2026-07-30T19:23:23.547501+00:00,S017,mounted,true,healthy,none,1300,healthy_horizontal_no_load_1300rpm,445968,1298,267,1652,2167,4,0,858438,9,211,73,1,3,1659,1494,1180,64,133,1637,16383,1664,1655,1644329,800,2029,2127,526345,11954,8,382540,1496,47340,563,445870162,445969223,0,445969297,445969812,3379829713,17862268,0.0834,1651.0,0.15505206340973698,-0.008270076794378411,0.0834,25.4,77.7,,,,,,
2026-07-30T19:23:23.640174+00:00,S017,mounted,true,healthy,none,1300,healthy_horizontal_no_load_1300rpm,446068,1306,269,1644,2159,1,0,858490,9,211,73,1,3,1659,1494,1208,64,133,1652,16383,1664,1652,1644843,800,2023,2173,526390,11954,8,382540,1496,47341,563,445970213,446069286,0,446069360,446069875,3381948913,17862268,0.0834,1651.0,0.2317134761586077,-0.01826939150075324,0.0834,24.94,76.9,,,,,,
2026-07-30T19:23:23.733149+00:00,S017,mounted,true,healthy,none,1300,healthy_horizontal_no_load_1300rpm,446168,1310,270,1636,2151,3,0,858543,9,211,73,0,3,1659,1494,1192,63,124,1645,16383,1661,1650,1644006,800,1943,2119,526341,11955,8,382541,1496,47342,563,446070276,446169336,0,446169410,446169925,3378514220,17865255,0.0834,1651.0,0.14142425069008757,-0.1518644459222087,0.0834,25.15,77.3,,,,,,
2026-07-30T19:23:23.826140+00:00,S017,mounted,true,healthy,none,1300,healthy_horizontal_no_load_1300rpm,446268,1322,270,1628,2139,2,0,858596,9,211,73,3,2,1659,1494,1192,63,124,1639,16383,1664,1653,1644356,800,1921,2195,526363,11955,8,382542,1496,47343,563,446170324,446269369,0,446269448,446269963,3379975622,17865257,0.0834,1651.0,0.2680716424090335,-0.18852553299874586,0.0834,25.33,77.6,,,,,,
2026-07-30T19:23:23.920636+00:00,S017,mounted,true,healthy,none,1300,healthy_horizontal_no_load_1300rpm,446368,1340,269,1603,2105,6,0,858649,9,211,73,1,2,1659,1494,1184,61,129,1638,16383,1663,1652,1644404,800,2025,2081,526365,11952,8,382538,1496,47344,563,446270364,446369425,0,446369499,446370013,3380133492,17856292,0.0834,1651.0,0.07897098795180701,-0.014371566265060753,0.0834,25.36,77.7,,,,,,
2026-07-30T19:23:24.063723+00:00,S017,mounted,true,healthy,none,1300,healthy_horizontal_no_load_1300rpm,446469,1347,270,1591,2092,2,0,858704,9,211,73,0,2,1659,1495,1213,62,130,1635,16383,1663,1651,1660673,808,2023,2087,526340,11956,8,382541,1496,47345,563,446370415,446470080,0,446470094,446470609,3413212511,17868244,0.0834,1651.0,0.08780814954834382,-0.01883336533957891,0.0834,25.46,77.8,,,,,,
2026-07-30T19:23:24.154300+00:00,S017,mounted,true,healthy,none,1300,healthy_horizontal_no_load_1300rpm,446569,1341,270,1595,2099,6,0,858757,9,211,73,1,2,1659,1494,1222,62,130,1634,16383,1664,1652,1643952,800,2023,2113,526310,11952,8,382537,1496,47346,563,446471009,446570264,0,446570273,446570788,3378282196,17856292,0.0834,1651.0,0.13230959036144574,-0.017705228915663174,0.0834,25.49,77.9,,,,,,
2026-07-30T19:23:24.247583+00:00,S017,mounted,true,healthy,none,1300,healthy_horizontal_no_load_1300rpm,446669,1337,271,1601,2108,6,0,858811,9,211,73,1,2,1659,1494,1246,62,124,1635,16383,1664,1655,1645057,800,1911,2187,526408,11952,8,382533,1496,47347,563,446571189,446670402,0,446670412,446670927,3382862299,17856302,0.0834,1651.0,0.25565510843373485,-0.20439033734939782,0.0834,25.46,77.8,,,,,,
2026-07-30T19:23:24.341039+00:00,S017,mounted,true,healthy,none,1300,healthy_horizontal_no_load_1300rpm,446769,1333,269,1605,2110,4,0,858864,9,211,73,3,3,1659,1494,1208,66,124,1635,16383,1663,1653,1644164,800,2005,2099,526371,11954,8,382533,1496,47348,563,446671329,446770449,0,446770459,446770974,3379149252,17862268,0.0834,1651.0,0.10838859477998986,-0.048267335619876395,0.0834,25.46,77.8,,,,,,
2026-07-30T19:23:24.434925+00:00,S017,mounted,true,healthy,none,1300,healthy_horizontal_no_load_1300rpm,446870,1301,268,1643,2159,5,0,858917,9,211,73,2,2,1659,1494,1208,66,124,1633,16383,1662,1651,1660151,808,2003,2087,526336,11953,8,382531,1496,47349,563,446771375,446871228,0,446871307,446871822,3411076277,17859281,0.0834,1651.0,0.0886809462896343,-0.051321171337739724,0.0834,25.52,77.9,,,,,,
2026-07-30T19:23:24.528596+00:00,S017,mounted,true,healthy,none,1300,healthy_horizontal_no_load_1300rpm,446970,1288,268,1663,2184,2,0,858968,9,211,73,1,2,1659,1494,1213,64,126,1633,16383,1663,1653,1643845,800,2005,2087,526313,11954,8,382531,1496,47350,563,446872224,446971294,0,446971368,446971883,3377843731,17862268,0.0834,1651.0,0.08838996536724109,-0.048267335619876395,0.0834,25.52,77.9,,,,,,
2026-07-30T19:23:24.668929+00:00,S017,mounted,true,healthy,none,1300,healthy_horizontal_no_load_1300rpm,447070,1291,268,1662,2182,4,0,859020,9,211,73,1,3,1659,1495,1208,64,126,1629,16383,1663,1653,1644192,800,1975,2153,526331,11956,8,382534,1496,47351,563,446972284,447071380,0,447071453,447071969,3379274900,17868244,0.0834,1651.0,0.19778221177651378,-0.09881450150552062,0.0834,25.64,78.1,,,,,,
2026-07-30T19:23:24.763950+00:00,S017,mounted,true,healthy,none,1300,healthy_horizontal_no_load_1300rpm,447171,1308,268,1642,2155,5,0,859073,9,211,73,1,3,1659,1494,1226,62,133,1634,16383,1664,1654,1660910,808,2025,2086,526343,11955,8,382535,1496,47352,563,447072374,447172108,0,447172122,447172637,3414187604,17865257,0.0834,1651.0,0.08643262007528207,-0.015218575909661247,0.0834,25.49,77.9,,,,,,
2026-07-30T19:23:24.856598+00:00,S017,mounted,true,healthy,none,1300,healthy_horizontal_no_load_1300rpm,447271,1312,269,1633,2147,3,0,859125,9,211,73,1,2,1659,1494,1242,66,135,1637,16383,1662,1649,1644323,800,1883,2087,526328,11955,8,382536,1496,47353,563,447173039,447272246,0,447272256,447272771,3379835057,17865255,0.0834,1651.0,0.08809903312421552,-0.2518492288582186,0.0834,25.4,77.7,,,,,,
2026-07-30T19:23:24.951745+00:00,S017,mounted,true,healthy,none,1300,healthy_horizontal_no_load_1300rpm,447371,1325,268,1621,2128,2,0,859178,9,211,73,2,3,1659,1495,1234,66,135,1642,16383,1662,1651,1644352,800,2017,2081,526331,11956,8,382539,1496,47354,563,447273172,447372276,0,447372285,447372799,3379921136,17868244,0.0834,1651.0,0.07781050752760077,-0.028831007360321514,0.0834,25.24,77.4,,,,,,
2026-07-30T19:23:25.043981+00:00,S017,mounted,true,healthy,none,1300,healthy_horizontal_no_load_1300rpm,447471,1333,269,1608,2113,2,0,859232,9,211,73,0,3,1659,1494,1226,63,129,1647,16383,1663,1653,1644330,800,1973,2091,526368,11953,8,382537,1496,47355,563,447373201,447472311,0,447472325,447472840,3379830148,17859279,0.0834,1651.0,0.09534771379569973,-0.10132192763323022,0.0834,25.09,77.2,,,,,,
2026-07-30T19:23:25.137959+00:00,S017,mounted,true,healthy,none,1300,healthy_horizontal_no_load_1300rpm,447571,1336,270,1602,2108,6,0,859285,9,211,73,0,2,1659,1494,1245,65,136,1641,16383,1662,1654,1644243,800,2029,2108,526335,11951,8,382531,1496,47356,563,447473240,447572511,0,447572521,447573035,3379473995,17853305,0.0834,1651.0,0.1242694409672831,-0.007421252029119252,0.0834,25.27,77.5,,,,,,
2026-07-30T19:23:25.233124+00:00,S017,mounted,true,healthy,none,1300,healthy_horizontal_no_load_1300rpm,447672,1336,270,1602,2108,6,0,859339,9,211,73,0,3,1659,1494,1242,65,136,1638,16383,1664,1648,1661824,808,1991,2202,526410,11952,8,382527,1496,47357,563,447573434,447673231,0,447673305,447673820,3417974812,17856290,0.0834,1651.0,0.28065757831325255,-0.07104383132530145,0.0834,25.36,77.7,,,,,,
2026-07-30T19:23:25.374401+00:00,S017,mounted,true,healthy,none,1300,healthy_horizontal_no_load_1300rpm,447772,1338,271,1601,2108,6,0,859393,9,211,73,1,3,1659,1494,1237,61,134,1648,16383,1663,1655,1644701,800,2023,2085,526441,11951,8,382522,1496,47358,563,447674223,447773261,0,447773339,447773854,3381353753,17853303,0.0834,1651.0,0.085929112626558,-0.017423076813655847,0.0834,25.06,77.1,,,,,,
2026-07-30T19:23:25.468850+00:00,S017,mounted,true,healthy,none,1300,healthy_horizontal_no_load_1300rpm,447872,1330,270,1610,2118,4,0,859446,9,211,73,0,3,1659,1495,1213,61,134,1644,16383,1662,1652,1644335,800,1992,2133,526426,11957,8,382528,1496,47359,563,447774256,447873326,0,447873400,447873915,3379857173,17871233,0.0834,1651.0,0.1641594931002759,-0.07076544526218953,0.0834,25.18,77.3,,,,,,
2026-07-30T19:23:25.562707+00:00,S017,mounted,true,healthy,none,1300,healthy_horizontal_no_load_1300rpm,447972,1324,268,1618,2124,5,0,859499,9,211,73,0,2,1659,1495,1226,66,141,1645,16383,1662,1653,1644085,800,2022,2081,526373,11957,8,382534,1496,47360,563,447874314,447973388,0,447973462,447973977,3378823519,17871233,0.0834,1651.0,0.07752050873964977,-0.020781415823367233,0.0834,25.15,77.3,,,,,,
2026-07-30T19:23:25.660221+00:00,S017,mounted,true,healthy,none,1300,healthy_horizontal_no_load_1300rpm,448073,1323,268,1621,2129,1,0,859552,9,211,73,0,2,1659,1495,1234,67,143,1641,16383,1664,1650,1660265,808,1879,2147,526353,11956,8,382537,1496,47361,563,447974376,448074234,0,448074244,448074759,3411593843,17868246,0.0834,1651.0,0.18778456975577118,-0.25877677383740405,0.0834,25.27,77.5,,,,,,
2026-07-30T19:23:25.751457+00:00,S017,mounted,true,healthy,none,1300,healthy_horizontal_no_load_1300rpm,448173,1314,269,1631,2144,3,0,859605,9,211,73,0,3,1659,1494,1238,67,143,1634,16383,1663,1651,1644694,800,2026,2081,526378,11955,8,382538,1496,47362,563,448075158,448174261,0,448174271,448174786,3381324286,17865255,0.0834,1651.0,0.07810055483061484,-0.013552162860727801,0.0834,25.49,77.9,,,,,,
2026-07-30T19:23:25.845293+00:00,S017,mounted,true,healthy,none,1300,healthy_horizontal_no_load_1300rpm,448273,1312,270,1630,2145,6,0,859657,9,211,73,1,2,1659,1494,1250,65,138,1637,16383,1662,1653,1643701,800,2021,2213,526318,11955,8,382539,1496,47363,563,448175186,448274285,0,448274294,448274810,3377269427,17865255,0.0834,1651.0,0.29806707728983683,-0.021884228105395476,0.0834,25.4,77.7,,,,,,
2026-07-30T19:23:25.939326+00:00,S017,mounted,true,healthy,none,1300,healthy_horizontal_no_load_1300rpm,448373,1314,270,1633,2148,4,0,859710,9,211,74,1,3,1659,1495,1240,64,139,1646,16383,1664,1654,1644111,800,1983,2243,526337,11956,8,382542,1496,47364,563,448275211,448374334,0,448374343,448374858,3378981347,17868246,0.0834,1651.0,0.34774684208765416,-0.08548431214453034,0.0834,25.12,77.2,,,,,,
2026-07-30T19:23:26.033942+00:00,S017,mounted,true,healthy,none,1300,healthy_horizontal_no_load_1300rpm,448473,1321,271,1623,2136,5,0,859763,9,211,73,1,3,1659,1494,1232,64,139,1643,16383,1664,1652,1644329,800,2011,2091,526342,11954,8,382542,1496,47365,563,448375264,448474418,0,448474428,448474943,3379832541,17862266,0.0834,1651.0,0.09505617517149068,-0.03826802091350201,0.0834,25.21,77.4,,,,,,
2026-07-30T19:23:26.175563+00:00,S017,mounted,true,healthy,none,1300,healthy_horizontal_no_load_1300rpm,448574,1321,267,1622,2128,1,0,859816,9,211,73,0,2,1659,1494,1213,63,131,1640,16383,1664,1652,1660951,808,1991,2089,526357,11955,8,382543,1496,47366,563,448475348,448575226,0,448575300,448575815,3414365561,17865255,0.0834,1651.0,0.09143185922208241,-0.07187661957340064,0.0834,25.3,77.5,,,,,,
2026-07-30T19:23:26.269309+00:00,S017,mounted,true,healthy,none,1300,healthy_horizontal_no_load_1300rpm,448674,1314,269,1630,2142,3,0,859869,9,211,73,1,3,1659,1495,1234,63,131,1638,16383,1664,1655,1644484,800,2027,2083,526339,11957,8,382548,1496,47367,563,448576215,448675271,0,448675345,448675860,3380459266,17871233,0.0834,1651.0,0.08085277736890495,-0.012450744250230628,0.0834,25.36,77.7,,,,,,
2026-07-30T19:23:26.363413+00:00,S017,mounted,true,healthy,none,1300,healthy_horizontal_no_load_1300rpm,448774,1312,269,1631,2145,2,0,859922,9,211,73,1,2,1659,1494,1229,64,139,1646,16383,1662,1651,1644034,800,1907,2086,526337,11954,8,382547,1496,47368,563,448676261,448775338,0,448775417,448775932,3378636156,17862268,0.0834,1651.0,0.08672341291617824,-0.21158947582399223,0.0834,25.12,77.2,,,,,,
2026-07-30T19:23:26.455956+00:00,S017,mounted,true,healthy,none,1300,healthy_horizontal_no_load_1300rpm,448874,1312,268,1637,2148,4,0,859974,9,211,73,1,2,1659,1495,1206,63,139,1641,16383,1662,1655,1644589,800,2029,2079,526357,11957,8,382551,1496,47369,563,448776333,448875402,0,448875476,448875991,3380890783,17871233,0.0834,1651.0,0.07418824011039549,-0.009118475620975453,0.0834,25.27,77.5,,,,,,
2026-07-30T19:23:26.548454+00:00,S017,mounted,true,healthy,none,1300,healthy_horizontal_no_load_1300rpm,448975,1320,270,1624,2136,5,0,860027,9,211,73,1,3,1659,1494,1221,63,139,1636,16383,1663,1652,1661389,808,1901,2143,526395,11954,8,382550,1496,47370,563,448876396,448976059,0,448976068,448976583,3416195219,17862270,0.0834,1651.0,0.1817169026267358,-0.22158879053036662,0.0834,25.43,77.8,,,,,,
2026-07-30T19:23:26.640553+00:00,S017,mounted,true,healthy,none,1300,healthy_horizontal_no_load_1300rpm,449075,1322,269,1621,2130,1,0,860080,9,211,73,1,3,1659,1494,1227,63,134,1636,16383,1664,1654,1643743,800,1965,2084,526320,11954,8,382549,1496,47371,563,448976985,449076233,0,449076243,449076758,3377429433,17862272,0.0834,1651.0,0.08339030801405345,-0.11492943366237274,0.0834,25.43,77.8,,,,,,
2026-07-30T19:23:26.780588+00:00,S017,mounted,true,healthy,none,1300,healthy_horizontal_no_load_1300rpm,449175,1309,268,1634,2146,3,0,860133,9,211,73,1,3,1659,1494,1228,67,144,1629,16383,1664,1652,1644204,800,2005,2133,526330,11954,8,382548,1496,47372,563,449077163,449176269,0,449176279,449176794,3379321214,17862268,0.0834,1651.0,0.16505137811611137,-0.048267335619876395,0.0834,25.64,78.1,,,,,,
2026-07-30T19:23:26.874610+00:00,S017,mounted,true,healthy,none,1300,healthy_horizontal_no_load_1300rpm,449275,1301,268,1647,2163,6,0,860185,9,211,73,1,3,1659,1494,1225,67,144,1628,16383,1663,1654,1644382,800,2012,2079,526339,11955,8,382548,1496,47373,563,449177195,449276311,0,449276320,449276835,3380046760,17865255,0.0834,1651.0,0.07476772873274751,-0.036881945545796935,0.0834,25.67,78.2,,,,,,
2026-07-30T19:23:26.969748+00:00,S017,mounted,true,healthy,none,1300,healthy_horizontal_no_load_1300rpm,449375,1300,267,1655,2169,5,0,860237,9,211,73,1,2,1659,1495,1208,67,139,1637,16383,1662,1651,1643812,800,2029,2133,526303,11956,8,382550,1496,47374,563,449277237,449376353,0,449376363,449376878,3377711580,17868244,0.0834,1651.0,0.16445673837403785,-0.008835723318836308,0.0834,25.4,77.7,,,,,,
2026-07-30T19:23:27.063807+00:00,S017,mounted,true,healthy,none,1300,healthy_horizontal_no_load_1300rpm,449475,1312,270,1634,2149,1,0,860290,9,211,73,1,2,1659,1494,1195,67,139,1636,16383,1662,1654,1644261,800,2025,2087,526335,11954,8,382549,1496,47375,563,449377279,449476391,0,449476405,449476920,3379547807,17862268,0.0834,1651.0,0.08838996536724109,-0.014936286598628001,0.0834,25.43,77.8,,,,,,
2026-07-30T19:23:27.157817+00:00,S017,mounted,true,healthy,none,1300,healthy_horizontal_no_load_1300rpm,449575,1322,270,1621,2133,3,0,860343,9,211,74,0,3,1659,1495,1219,67,137,1633,16383,1664,1655,1644356,800,2029,2214,526347,11956,8,382551,1496,47376,563,449477322,449576451,0,449576466,449576981,3379962978,17868244,0.0834,1651.0,0.29942490565406477,-0.008835723318836308,0.0834,25.52,77.9,,,,,,
2026-07-30T19:23:27.251275+00:00,S017,mounted,true,healthy,none,1300,healthy_horizontal_no_load_1300rpm,449676,1321,268,1625,2132,2,0,860396,9,211,73,0,2,1659,1494,1192,67,137,1635,16383,1663,1651,1660687,808,2015,2079,526353,11953,8,382548,1496,47377,563,449577380,449677067,0,449677145,449677660,3413276487,17859281,0.0834,1651.0,0.075347411277503,-0.031320868819543435,0.0834,25.46,77.8,,,,,,
2026-07-30T19:23:27.345176+00:00,S017,mounted,true,healthy,none,1300,healthy_horizontal_no_load_1300rpm,449776,1323,270,1620,2131,6,0,860449,9,211,73,0,2,1659,1494,1210,67,137,1636,16383,1663,1656,1644611,800,2021,2089,526365,11955,8,382548,1496,47378,563,449678060,449777133,0,449777211,449777726,3380986301,17865257,0.0834,1651.0,0.09143185922208241,-0.021884228105395476,0.0834,25.43,77.8,,,,,,
2026-07-30T19:23:27.484792+00:00,S017,mounted,true,healthy,none,1300,healthy_horizontal_no_load_1300rpm,449876,1324,270,1618,2128,4,0,860502,9,211,73,1,3,1659,1494,1179,65,147,1638,16383,1662,1652,1643828,800,2025,2079,526336,11954,8,382547,1496,47379,563,449778126,449877182,0,449877261,449877776,3377764228,17862266,0.0834,1651.0,0.07505754575874146,-0.014936286598628001,0.0834,25.36,77.7,,,,,,
2026-07-30T19:23:27.577850+00:00,S017,mounted,true,healthy,none,1300,healthy_horizontal_no_load_1300rpm,449976,1319,270,1624,2136,1,0,860554,9,211,73,1,2,1659,1494,1212,66,155,1633,16383,1663,1654,1644380,800,2029,2084,526316,11955,8,382547,1496,47380,563,449878178,449977247,0,449977321,449977836,3380033200,17865257,0.0834,1651.0,0.08309979397741518,-0.008552923713927019,0.0834,25.52,77.9,,,,,,
2026-07-30T19:23:27.671864+00:00,S017,mounted,true,healthy,none,1300,healthy_horizontal_no_load_1300rpm,450076,1313,270,1632,2147,3,0,860607,9,211,73,0,2,1659,1494,1201,66,155,1636,16383,1662,1653,1644427,800,2017,2081,526344,11955,8,382547,1496,47381,563,449978238,450077299,0,450077373,450077888,3380227067,17865255,0.0834,1651.0,0.07810055483061484,-0.02854988030112926,0.0834,25.43,77.8,,,,,,
2026-07-30T19:23:27.765191+00:00,S017,mounted,true,healthy,none,1300,healthy_horizontal_no_load_1300rpm,450176,1308,268,1639,2152,6,0,860659,9,211,73,0,2,1659,1494,1213,67,156,1639,16383,1664,1652,1643859,800,2024,2086,526319,11952,8,382542,1496,47382,563,450078287,450177375,0,450177449,450177965,3377894725,17856292,0.0834,1651.0,0.08730514457831307,-0.016038397590361964,0.0834,25.33,77.6,,,,,,
2026-07-30T19:23:27.861142+00:00,S017,mounted,true,healthy,none,1300,healthy_horizontal_no_load_1300rpm,450276,1300,268,1649,2166,4,0,860712,9,211,73,1,2,1659,1495,1198,67,156,1640,16383,1662,1651,1644038,800,2024,2079,526338,11957,8,382547,1496,47383,563,450178364,450277431,0,450277509,450278024,3378630472,17871233,0.0834,1651.0,0.07418824011039549,-0.017449147194112502,0.0834,25.3,77.5,,,,,,
2026-07-30T19:23:27.955874+00:00,S017,mounted,true,healthy,none,1300,healthy_horizontal_no_load_1300rpm,450377,1299,269,1649,2167,1,0,860764,9,211,73,1,2,1659,1495,1219,68,157,1640,16383,1662,1651,1660426,808,1879,2081,526344,11958,8,382553,1496,47384,563,450278426,450378101,0,450378115,450378630,3412234312,17874224,0.0834,1651.0,0.0772305584545907,-0.25930042799799313,0.0834,25.3,77.5,,,,,,
2026-07-30T19:23:28.049177+00:00,S017,mounted,true,healthy,none,1300,healthy_horizontal_no_load_1300rpm,450477,1303,265,1653,2163,2,0,860816,9,211,72,2,2,1659,1494,1225,66,147,1635,16383,1661,1651,1643844,800,2011,2081,526317,11953,8,382550,1496,47385,563,450379031,450478170,0,450478180,450478695,3377837162,17859281,0.0834,1651.0,0.07868079503053593,-0.037987636325608864,0.0834,25.46,77.8,,,,,,
2026-07-30T19:23:28.188106+00:00,S017,mounted,true,healthy,none,1300,healthy_horizontal_no_load_1300rpm,450577,1308,269,1642,2156,4,0,860868,9,211,73,1,2,1659,1494,1225,66,147,1639,16383,1664,1653,1644153,800,1991,2143,526353,11955,8,382550,1496,47386,563,450479096,450578196,0,450578205,450578720,3379120117,17865255,0.0834,1651.0,0.1814181638644916,-0.07187661957340064,0.0834,25.33,77.6,,,,,,
2026-07-30T19:23:28.282276+00:00,S017,mounted,true,healthy,none,1300,healthy_horizontal_no_load_1300rpm,450677,1311,270,1636,2151,5,0,860921,9,211,73,1,2,1659,1494,1245,68,148,1636,16383,1664,1648,1643794,800,1970,2091,526318,11955,8,382550,1496,47387,563,450579122,450678355,0,450678369,450678885,3377639984,17865257,0.0834,1651.0,0.09476468531994975,-0.10687129360100389,0.0834,25.43,77.8,,,,,,
2026-07-30T19:23:28.375460+00:00,S017,mounted,true,healthy,none,1300,healthy_horizontal_no_load_1300rpm,450777,1318,266,1626,2132,1,0,860974,9,211,73,0,3,1659,1494,1213,63,140,1638,16383,1663,1651,1644483,800,1999,2201,526339,11954,8,382549,1496,47388,563,450679286,450778405,0,450778420,450778935,3380476753,17862266,0.0834,1651.0,0.2783769447883553,-0.05826665032625078,0.0834,25.36,77.7,,,,,,
2026-07-30T19:23:28.469557+00:00,S017,mounted,true,healthy,none,1300,healthy_horizontal_no_load_1300rpm,450878,1322,269,1621,2131,3,0,861027,9,211,73,0,2,1659,1495,1242,63,140,1635,16383,1664,1650,1660365,808,2019,2086,526338,11956,8,382551,1496,47389,563,450779334,450879219,0,450879293,450879808,3411958735,17868244,0.0834,1651.0,0.08614187587821975,-0.025498460020073832,0.0834,25.46,77.8,,,,,,
2026-07-30T19:23:28.562783+00:00,S017,mounted,true,healthy,none,1300,healthy_horizontal_no_load_1300rpm,450978,1321,270,1622,2133,2,0,861080,9,211,73,1,2,1659,1495,1200,61,133,1637,16383,1663,1651,1644556,800,1925,2233,526371,11956,8,382553,1496,47390,563,450880208,450979302,0,450979381,450979896,3380824570,17868244,0.0834,1651.0,0.3310841053864171,-0.18212818501170958,0.0834,25.4,77.7,,,,,,
2026-07-30T19:23:28.655572+00:00,S017,mounted,true,healthy,none,1300,healthy_horizontal_no_load_1300rpm,451078,1314,270,1630,2144,4,0,861132,9,211,73,0,3,1659,1494,1214,61,133,1631,16383,1664,1651,1644369,800,1999,2087,526347,11954,8,382552,1496,47391,563,450980297,451079378,0,451079452,451079971,3379997815,17862268,0.0834,1651.0,0.08838996536724109,-0.05826665032625078,0.0834,25.58,78.0,,,,,,
2026-07-30T19:23:28.746390+00:00,S017,mounted,true,healthy,none,1300,healthy_horizontal_no_load_1300rpm,451179,1308,269,1640,2154,5,0,861185,9,211,73,1,2,1659,1494,1241,60,134,1640,16383,1663,1651,1660602,808,2015,2175,526330,11954,8,382551,1496,47392,563,451080370,451180083,0,451180092,451180607,3412941582,17862268,0.0834,1651.0,0.2350465810607325,-0.03160181110925242,0.0834,25.3,77.5,,,,,,
2026-07-30T19:23:28.886916+00:00,S017,mounted,true,healthy,none,1300,healthy_horizontal_no_load_1300rpm,451279,1286,268,1662,2183,3,0,861237,9,211,73,2,3,1659,1494,1234,59,135,1641,16383,1662,1650,1644515,800,1966,2085,526344,11953,8,382548,1496,47393,563,451181012,451280121,0,451280131,451280646,3380598023,17859279,0.0834,1651.0,0.08534756253660136,-0.11298877076884484,0.0834,25.27,77.5,,,,,,
2026-07-30T19:23:28.982072+00:00,S017,mounted,true,healthy,none,1300,healthy_horizontal_no_load_1300rpm,451379,1275,266,1680,2202,4,0,861288,9,211,73,1,3,1659,1494,1221,59,135,1640,16383,1664,1651,1643711,800,2011,2114,526304,11952,8,382543,1496,47394,563,451281047,451380208,0,451380218,451380733,3377293071,17856292,0.0834,1651.0,0.13397642168674695,-0.03770720481927725,0.0834,25.3,77.5,,,,,,
2026-07-30T19:23:29.075676+00:00,S017,mounted,true,healthy,none,1300,healthy_horizontal_no_load_1300rpm,451479,1278,267,1684,2207,3,0,861339,9,211,73,2,3,1659,1495,1230,59,132,1639,16383,1664,1655,1644501,800,2029,2251,526329,11957,8,382548,1496,47395,563,451381134,451480268,0,451480278,451480793,3380569077,17871233,0.0834,1651.0,0.3607633422263108,-0.009118475620975453,0.0834,25.33,77.6,,,,,,
2026-07-30T19:23:29.170408+00:00,S017,mounted,true,healthy,none,1300,healthy_horizontal_no_load_1300rpm,451579,1299,268,1657,2174,6,0,861391,9,211,73,3,3,1659,1494,1225,62,142,1647,16383,1662,1653,1644207,800,1941,2083,526327,11955,8,382548,1496,47396,563,451481198,451580395,0,451580405,451580920,3379340653,17865257,0.0834,1651.0,0.08143338092848174,-0.15519727202007516,0.0834,25.09,77.2,,,,,,
2026-07-30T19:23:29.262870+00:00,S017,mounted,true,healthy,none,1300,healthy_horizontal_no_load_1300rpm,451679,1305,270,1641,2158,4,0,861444,9,211,73,0,3,1659,1494,1259,62,142,1640,16383,1663,1654,1644394,800,2007,2093,526338,11954,8,382547,1496,47397,563,451581322,451680447,0,451680461,451680976,3380099300,17862268,0.0834,1651.0,0.09838928007361547,-0.0449342307177516,0.0834,25.3,77.5,,,,,,
2026-07-30T19:23:29.355556+00:00,S017,mounted,true,healthy,none,1300,healthy_horizontal_no_load_1300rpm,451780,1323,270,1623,2133,5,0,861497,9,211,73,2,3,1659,1494,1235,60,135,1643,16383,1664,1654,1660915,808,2009,2092,526392,11950,8,382538,1496,47398,563,451681375,451781067,0,451781146,451781661,3414218137,17850316,0.0834,1651.0,0.09788973271966483,-0.04048042158995813,0.0834,25.21,77.4,,,,,,
2026-07-30T19:23:29.449835+00:00,S017,mounted,true,healthy,none,1300,healthy_horizontal_no_load_1300rpm,451880,1331,270,1610,2117,1,0,861550,9,211,73,0,3,1659,1495,1242,60,135,1636,16383,1664,1653,1644006,800,2015,2169,526336,11957,8,382543,1496,47399,563,451782062,451881107,0,451881181,451881696,3378512906,17871235,0.0834,1651.0,0.22414032842686282,-0.032444356025759014,0.0834,25.43,77.8,,,,,,
2026-07-30T19:23:29.592545+00:00,S017,mounted,true,healthy,none,1300,healthy_horizontal_no_load_1300rpm,451980,1336,270,1603,2109,3,0,861603,9,211,73,1,2,1659,1495,1222,62,136,1636,16383,1664,1651,1643881,800,1943,2195,526311,11957,8,382548,1496,47400,563,451882096,451981178,0,451981252,451981766,3378015291,17871233,0.0834,1651.0,0.2674598206071752,-0.15240602667893288,0.0834,25.43,77.8,,,,,,
2026-07-30T19:23:29.687858+00:00,S017,mounted,true,healthy,none,1300,healthy_horizontal_no_load_1300rpm,452080,1321,271,1619,2132,2,0,861656,9,211,73,1,2,1659,1494,1237,64,148,1637,16383,1663,1651,1644548,800,2023,2083,526334,11954,8,382547,1496,47401,563,451982167,452081249,0,452081323,452081838,3380725734,17862268,0.0834,1651.0,0.0817237555629915,-0.01826939150075324,0.0834,25.4,77.7,,,,,,
2026-07-30T19:23:29.779891+00:00,S017,mounted,true,healthy,none,1300,healthy_horizontal_no_load_1300rpm,452180,1312,269,1633,2147,6,0,861709,9,211,73,1,2,1659,1494,1230,64,148,1637,16383,1664,1654,1644709,800,2023,2211,526388,11955,8,382547,1496,47402,563,452082239,452181489,0,452181563,452182078,3381412797,17865255,0.0834,1651.0,0.2947342511919695,-0.018551402007528583,0.0834,25.4,77.7,,,,,,
2026-07-30T19:23:29.874239+00:00,S017,mounted,true,healthy,none,1300,healthy_horizontal_no_load_1300rpm,452281,1309,268,1637,2150,4,0,861762,9,211,73,0,3,1659,1495,1259,64,143,1637,16383,1663,1654,1660584,808,1905,2083,526383,11956,8,382549,1496,47403,563,452182480,452282083,0,452282098,452282613,3412893002,17868244,0.0834,1651.0,0.08114305486784845,-0.2154536584141855,0.0834,25.4,77.7,,,,,,
2026-07-30T19:23:29.967895+00:00,S017,mounted,true,healthy,none,1300,healthy_horizontal_no_load_1300rpm,452381,1310,266,1640,2149,1,0,861814,9,211,73,0,2,1659,1495,1234,64,135,1640,16383,1662,1652,1644578,800,2015,2087,526392,11958,8,382555,1496,47404,563,452283012,452382125,0,452382134,452382649,3380849894,17874222,0.0834,1651.0,0.08722652834922195,-0.032725110386352174,0.0834,25.3,77.5,,,,,,
2026-07-30T19:23:30.063066+00:00,S017,mounted,true,healthy,none,1300,healthy_horizontal_no_load_1300rpm,452481,1311,270,1634,2150,3,0,861867,9,211,73,0,2,1659,1494,1227,64,135,1641,16383,1663,1653,1643906,800,2021,2087,526335,11954,8,382554,1496,47405,563,452383052,452482337,0,452482352,452482867,3378088040,17862270,0.0834,1651.0,0.08838996536724109,-0.021602496402878035,0.0834,25.27,77.5,,,,,,
2026-07-30T19:23:30.157494+00:00,S017,mounted,true,healthy,none,1300,healthy_horizontal_no_load_1300rpm,452581,1323,268,1628,2136,2,0,861920,9,211,73,2,2,1659,1494,1225,67,138,1640,16383,1664,1652,1644359,800,2015,2084,526361,11955,8,382554,1496,47406,563,452483266,452582373,0,452582387,452582902,3379954643,17865255,0.0834,1651.0,0.08309979397741518,-0.03188270639899615,0.0834,25.3,77.5,,,,,,
2026-07-30T19:23:30.252104+00:00,S017,mounted,true,healthy,none,1300,healthy_horizontal_no_load_1300rpm,452682,1334,270,1608,2114,6,0,861973,9,211,73,1,3,1659,1495,1251,67,138,1639,16383,1664,1652,1644506,800,2021,2141,526364,11957,8,382558,1496,47407,563,452583303,452682555,0,452682565,452683080,3380558576,17871233,0.0834,1651.0,0.1774885676172948,-0.02244755013799482,0.0834,25.33,77.6,,,,,,
2026-07-30T19:23:30.392100+00:00,S017,mounted,true,healthy,none,1300,healthy_horizontal_no_load_1300rpm,452782,1334,267,1605,2106,6,0,862027,9,211,73,0,2,1659,1495,1225,69,140,1636,16383,1662,1651,1660919,808,2023,2079,526347,11956,8,382560,1496,47408,563,452683481,452783085,0,452783164,452783679,3414225787,17868246,0.0834,1651.0,0.07447796018735353,-0.01883336533957891,0.0834,25.43,77.8,,,,,,
2026-07-30T19:23:30.485900+00:00,S017,mounted,true,healthy,none,1300,healthy_horizontal_no_load_1300rpm,452882,1325,269,1616,2125,4,0,862080,9,211,73,0,3,1659,1494,1193,67,139,1636,16383,1663,1655,1644788,800,2015,2085,526392,11954,8,382558,1496,47409,563,452784078,452883133,0,452883207,452883722,3381705908,17862268,0.0834,1651.0,0.08505686046511629,-0.03160181110925242,0.0834,25.43,77.8,,,,,,
2026-07-30T19:23:30.580376+00:00,S017,mounted,true,healthy,none,1300,healthy_horizontal_no_load_1300rpm,452982,1324,269,1617,2126,5,0,862133,9,211,73,1,2,1659,1494,1227,67,139,1631,16383,1662,1651,1644592,800,1973,2083,526437,11955,8,382558,1496,47410,563,452884121,452983199,0,452983278,452983793,3380909450,17865255,0.0834,1651.0,0.08143338092848174,-0.10187205445420311,0.0834,25.58,78.0,,,,,,
2026-07-30T19:23:30.672236+00:00,S017,mounted,true,healthy,none,1300,healthy_horizontal_no_load_1300rpm,453082,1318,270,1622,2134,3,0,862185,9,211,73,2,3,1659,1495,1219,71,146,1632,16383,1662,1653,1644075,800,2015,2080,526386,11958,8,382564,1496,47411,563,452984194,453083257,0,453083331,453083846,3378778831,17874224,0.0834,1651.0,0.07556456347215201,-0.032725110386352174,0.0834,25.55,78.0,,,,,,
2026-07-30T19:23:30.766796+00:00,S017,mounted,true,healthy,none,1300,healthy_horizontal_no_load_1300rpm,453182,1301,269,1647,2164,2,0,862238,9,211,73,0,3,1659,1494,1216,69,157,1635,16383,1663,1650,1644060,800,1933,2079,526342,11955,8,382564,1496,47412,563,453084247,453183332,0,453183410,453183925,3378730816,17865257,0.0834,1651.0,0.07476772873274751,-0.16852857641154362,0.0834,25.46,77.8,,,,,,
2026-07-30T19:23:30.859099+00:00,S017,mounted,true,healthy,none,1300,healthy_horizontal_no_load_1300rpm,453282,1302,269,1653,2170,4,0,862290,9,211,73,2,2,1659,1495,1250,69,157,1638,16383,1662,1655,1644278,800,2013,2093,526341,11960,8,382573,1496,47413,563,453184325,453283383,0,453283461,453283976,3379620162,17880200,0.0834,1651.0,0.09663939999999949,-0.036617911036789685,0.0834,25.36,77.7,,,,,,
2026-07-30T19:23:30.954687+00:00,S017,mounted,true,healthy,none,1300,healthy_horizontal_no_load_1300rpm,453382,1329,270,1616,2125,5,0,862343,9,211,73,2,2,1659,1495,1201,70,152,1635,16383,1663,1651,1644051,800,1991,2079,526314,11956,8,382574,1496,47414,563,453284378,453383422,0,453383500,453384015,3378686741,17868246,0.0834,1651.0,0.07447796018735353,-0.07215412278354005,0.0834,25.46,77.8,,,,,,
2026-07-30T19:23:31.095029+00:00,S017,mounted,true,healthy,none,1300,healthy_horizontal_no_load_1300rpm,453483,1345,270,1593,2096,5,0,862397,9,211,73,1,3,1659,1495,1229,70,152,1645,16383,1664,1650,1661326,808,2020,2179,526346,11957,8,382577,1496,47415,563,453384417,453484063,0,453484073,453484588,3415921084,17871233,0.0834,1651.0,0.24080167157313692,-0.024113684452622408,0.0834,25.15,77.3,,,,,,
2026-07-30T19:23:31.188472+00:00,S017,mounted,true,healthy,none,1300,healthy_horizontal_no_load_1300rpm,453583,1344,271,1590,2095,5,0,862451,9,211,73,1,3,1659,1494,1208,68,145,1647,16383,1663,1649,1643966,800,1973,2085,526341,11955,8,382576,1496,47416,563,453484989,453584115,0,453584129,453584644,3378345956,17865255,0.0834,1651.0,0.08476620702634818,-0.10187205445420311,0.0834,25.09,77.2,,,,,,
2026-07-30T19:23:31.287292+00:00,S017,mounted,true,healthy,none,1300,healthy_horizontal_no_load_1300rpm,453683,1317,267,1630,2137,3,0,862503,9,211,73,1,2,1659,1494,1214,69,145,1642,16383,1663,1654,1644535,800,2005,2086,526333,11955,8,382575,1496,47417,563,453585045,453684173,0,453684183,453684697,3380668309,17865259,0.0834,1651.0,0.08643262007528207,-0.0485468368883315,0.0834,25.24,77.4,,,,,,
2026-07-30T19:23:31.375302+00:00,S017,mounted,true,healthy,none,1300,healthy_horizontal_no_load_1300rpm,453783,1311,267,1637,2147,2,0,862556,9,211,72,1,2,1659,1494,1211,69,145,1639,16383,1663,1651,1643997,800,2025,2089,526327,11953,8,382571,1496,47418,563,453685099,453784231,0,453784241,453784756,3378461831,17859281,0.0834,1651.0,0.09201433004266679,-0.014653950054379639,0.0834,25.33,77.6,,,,,,
2026-07-30T19:23:31.467218+00:00,S017,mounted,true,healthy,none,1300,healthy_horizontal_no_load_1300rpm,453883,1316,270,1630,2143,6,0,862609,9,211,73,1,2,1659,1495,1198,69,139,1637,16383,1663,1647,1643900,800,2027,2143,526316,11956,8,382572,1496,47419,563,453785157,453884251,0,453884265,453884781,3378069790,17868244,0.0834,1651.0,0.18111947507527582,-0.012168270659083547,0.0834,25.4,77.7,,,,,,
2026-07-30T19:23:31.560561+00:00,S017,mounted,true,healthy,none,1300,healthy_horizontal_no_load_1300rpm,453983,1321,270,1622,2134,4,0,862662,9,211,73,0,2,1659,1495,1201,70,140,1638,16383,1663,1652,1644940,800,2029,2186,526413,11957,8,382575,1496,47420,563,453885182,453984296,0,453984310,453984825,3382368888,17871235,0.0834,1651.0,0.2524646117755287,-0.009118475620975453,0.0834,25.36,77.7,,,,,,
2026-07-30T19:23:31.700214+00:00,S017,mounted,true,healthy,none,1300,healthy_horizontal_no_load_1300rpm,454083,1324,269,1619,2128,1,0,862714,9,211,73,0,2,1659,1494,1217,70,140,1654,16383,1663,1654,1644637,800,2027,2083,526442,11953,8,382571,1496,47421,563,453985225,454084330,0,454084340,454084854,3381084637,17859281,0.0834,1651.0,0.08201417878356887,-0.01132056630134759,0.0834,24.88,76.8,,,,,,
2026-07-30T19:23:31.795213+00:00,S017,mounted,true,healthy,none,1300,healthy_horizontal_no_load_1300rpm,454183,1323,270,1620,2130,3,0,862767,9,211,73,0,3,1659,1494,1214,67,147,1641,16383,1662,1652,1643959,800,1983,2081,526386,11954,8,382569,1496,47422,563,454085254,454184355,0,454184365,454184880,3378310499,17862268,0.0834,1651.0,0.07839065066086626,-0.08493148954324958,0.0834,25.27,77.5,,,,,,
2026-07-30T19:23:31.888793+00:00,S017,mounted,true,healthy,none,1300,healthy_horizontal_no_load_1300rpm,454283,1323,271,1619,2131,2,0,862820,9,211,73,0,2,1659,1494,1224,67,147,1648,16383,1663,1652,1644210,800,1949,2185,526332,11955,8,382569,1496,47423,563,454185280,454284421,0,454284431,454284946,3379381902,17865257,0.0834,1651.0,0.25140751191969857,-0.1418659676286076,0.0834,25.06,77.1,,,,,,
2026-07-30T19:23:31.981672+00:00,S017,mounted,true,healthy,none,1300,healthy_horizontal_no_load_1300rpm,454384,1326,270,1617,2127,2,0,862874,9,211,73,2,2,1659,1494,1211,69,138,1639,16383,1665,1654,1660890,808,2027,2165,526361,11955,8,382569,1496,47424,563,454285345,454385064,0,454385142,454385657,3414131230,17865255,0.0834,1651.0,0.2180792509410283,-0.011885749811794355,0.0834,25.33,77.6,,,,,,
2026-07-30T19:23:32.076492+00:00,S017,mounted,true,healthy,none,1300,healthy_horizontal_no_load_1300rpm,454484,1334,269,1608,2113,6,0,862927,9,211,73,0,2,1659,1495,1200,67,139,1644,16383,1662,1655,1644596,800,1987,2103,526386,11957,8,382572,1496,47425,563,454386059,454485131,0,454485205,454485719,3380931304,17871235,0.0834,1651.0,0.11417546366145315,-0.07909611683532658,0.0834,25.18,77.3,,,,,,
2026-07-30T19:23:32.170249+00:00,S017,mounted,true,healthy,none,1300,healthy_horizontal_no_load_1300rpm,454584,1332,270,1606,2114,6,0,862981,9,211,73,1,2,1659,1494,1221,67,139,1644,16383,1664,1650,1644530,800,2022,2082,526355,11955,8,382572,1496,47426,563,454486118,454585182,0,454585413,454585928,3380655710,17865257,0.0834,1651.0,0.07976696787954829,-0.02021781505646203,0.0834,25.18,77.3,,,,,,
2026-07-30T19:23:32.261888+00:00,S017,mounted,true,healthy,none,1300,healthy_horizontal_no_load_1300rpm,454684,1320,270,1620,2132,4,0,863034,9,211,73,1,3,1659,1495,1195,67,136,1640,16383,1663,1650,1644317,800,2017,2086,526343,11957,8,382575,1496,47427,563,454586329,454685397,0,454685476,454685991,3379777573,17871233,0.0834,1651.0,0.08585118031278727,-0.029112087396504283,0.0834,25.3,77.5,,,,,,
2026-07-30T19:23:32.402619+00:00,S017,mounted,true,healthy,none,1300,healthy_horizontal_no_load_1300rpm,454785,1313,270,1630,2144,5,0,863087,9,211,73,1,2,1659,1494,1233,63,121,1634,16383,1663,1654,1660758,808,2027,2081,526350,11953,8,382571,1496,47428,563,454686393,454786055,0,454786069,454786584,3413560914,17859279,0.0834,1651.0,0.07868079503053593,-0.01132056630134759,0.0834,25.49,77.9,,,,,,
2026-07-30T19:23:32.495227+00:00,S017,mounted,true,healthy,none,1300,healthy_horizontal_no_load_1300rpm,454885,1311,269,1637,2151,3,0,863139,9,211,73,1,2,1659,1494,1212,63,121,1640,16383,1663,1653,1644698,800,2023,2077,526340,11953,8,382567,1496,47429,563,454786986,454886075,0,454886084,454886599,3381338276,17859277,0.0834,1651.0,0.07201402752447095,-0.017987333807412575,0.0834,25.3,77.5,,,,,,
2026-07-30T19:23:32.589913+00:00,S017,mounted,true,healthy,none,1300,healthy_horizontal_no_load_1300rpm,454985,1319,270,1624,2137,2,0,863192,9,211,73,0,3,1659,1495,1232,63,121,1639,16383,1663,1653,1644607,800,2002,2142,526362,11958,8,382572,1496,47430,563,454887004,454986389,0,454986399,454986914,3380992905,17874222,0.0834,1651.0,0.17885625238334146,-0.05438304515805337,0.0834,25.33,77.6,,,,,,
2026-07-30T19:23:32.683659+00:00,S017,mounted,true,healthy,none,1300,healthy_horizontal_no_load_1300rpm,455086,1322,269,1620,2130,6,0,863245,9,211,73,0,2,1659,1494,1221,63,121,1638,16383,1663,1655,1660432,808,2003,2081,526328,11955,8,382572,1496,47431,563,454987317,455087137,0,455087211,455087726,3412233944,17865255,0.0834,1651.0,0.07810055483061484,-0.051879662986198394,0.0834,25.36,77.7,,,,,,
2026-07-30T19:23:32.778623+00:00,S017,mounted,true,healthy,none,1300,healthy_horizontal_no_load_1300rpm,455187,1308,269,1636,2150,4,0,863298,9,211,73,1,2,1659,1495,1232,63,126,1637,16383,1662,1654,1660548,808,2011,2086,526334,11957,8,382575,1496,47432,563,455088125,455187689,0,455187698,455188213,3412700990,17871233,0.0834,1651.0,0.08585118031278727,-0.03910889328426892,0.0834,25.4,77.7,,,,,,
2026-07-30T19:23:32.872124+00:00,S017,mounted,true,healthy,none,1300,healthy_horizontal_no_load_1300rpm,455287,1302,269,1645,2162,1,0,863350,9,211,73,1,3,1659,1494,1227,63,131,1643,16383,1666,1652,1643760,800,1969,2103,526335,11955,8,382575,1496,47433,563,455188618,455287737,0,455287747,455288261,3377507738,17865257,0.0834,1651.0,0.11476164190715155,-0.10853770664993734,0.0834,25.21,77.4,,,,,,
2026-07-30T19:23:32.966123+00:00,S017,mounted,true,healthy,none,1300,healthy_horizontal_no_load_1300rpm,455387,1300,268,1652,2168,2,0,863402,9,211,73,1,3,1659,1495,1241,63,131,1636,16383,1663,1654,1644311,800,2023,2087,526337,11957,8,382578,1496,47434,563,455288663,455387785,0,455387795,455388310,3379751917,17871235,0.0834,1651.0,0.08751731462741441,-0.019115281508739645,0.0834,25.43,77.8,,,,,,
2026-07-30T19:23:33.060581+00:00,S017,mounted,true,healthy,none,1300,healthy_horizontal_no_load_1300rpm,455487,1305,270,1642,2159,6,0,863455,9,211,73,0,2,1659,1495,1217,64,131,1633,16383,1664,1652,1644143,800,2007,2086,526323,11958,8,382582,1496,47435,563,455388711,455487842,0,455487856,455488371,3379067091,17874222,0.0834,1651.0,0.08556053336678326,-0.046053070245860805,0.0834,25.52,77.9,,,,,,
2026-07-30T19:23:33.201523+00:00,S017,mounted,true,healthy,none,1300,healthy_horizontal_no_load_1300rpm,455587,1310,267,1638,2148,5,0,863507,9,211,73,0,3,1659,1495,1236,63,140,1641,16383,1663,1650,1644213,800,1919,2091,526353,11957,8,382584,1496,47436,563,455488770,455587894,0,455587903,455588418,3379372669,17871233,0.0834,1651.0,0.09418185188592432,-0.192393250229991,0.0834,25.27,77.5,,,,,,
2026-07-30T19:23:33.295768+00:00,S017,mounted,true,healthy,none,1300,healthy_horizontal_no_load_1300rpm,455687,1309,268,1637,2150,1,0,863560,9,211,73,0,3,1659,1494,1246,63,140,1638,16383,1663,1650,1643890,800,2018,2193,526332,11954,8,382581,1496,47437,563,455588821,455687940,0,455687954,455688469,3378047722,17862266,0.0834,1651.0,0.26504452517985566,-0.026602153756065228,0.0834,25.36,77.7,,,,,,
2026-07-30T19:23:33.389686+00:00,S017,mounted,true,healthy,none,1300,healthy_horizontal_no_load_1300rpm,455787,1311,268,1635,2147,2,0,863612,9,211,72,0,3,1659,1495,1237,62,130,1636,16383,1663,1652,1643985,800,1951,2079,526320,11956,8,382581,1496,47438,563,455688869,455788007,0,455788017,455788532,3378421509,17868244,0.0834,1651.0,0.07447796018735353,-0.13880506958849148,0.0834,25.43,77.8,,,,,,
2026-07-30T19:23:33.484270+00:00,S017,mounted,true,healthy,none,1300,healthy_horizontal_no_load_1300rpm,455887,1312,270,1633,2149,4,0,863664,9,211,73,1,2,1659,1494,1243,62,130,1638,16383,1663,1654,1644125,800,1929,2083,526344,11955,8,382580,1496,47439,563,455788935,455888072,0,455888082,455888596,3379005801,17865255,0.0834,1651.0,0.08143338092848174,-0.1751942286072774,0.0834,25.36,77.7,,,,,,
2026-07-30T19:23:33.578142+00:00,S017,mounted,true,healthy,none,1300,healthy_horizontal_no_load_1300rpm,455987,1310,269,1637,2151,5,0,863717,9,211,73,0,3,1659,1494,1234,64,136,1648,16383,1662,1653,1644190,800,1911,2227,526337,11954,8,382577,1496,47440,563,455888998,455988181,0,455988191,455988706,3379323684,17862268,0.0834,1651.0,0.32170730851597806,-0.2049232660197422,0.0834,25.06,77.1,,,,,,
2026-07-30T19:23:33.669313+00:00,S017,mounted,true,healthy,none,1300,healthy_horizontal_no_load_1300rpm,456087,1310,270,1634,2150,3,0,863769,9,211,73,0,2,1659,1494,1232,63,139,1644,16383,1663,1652,1644285,800,2029,2171,526320,11953,8,382572,1496,47441,563,455989105,456088208,0,456088218,456088732,3379655535,17859279,0.0834,1651.0,0.22868306391700788,-0.007987182548314653,0.0834,25.18,77.3,,,,,,
2026-07-30T19:23:33.808225+00:00,S017,mounted,true,healthy,none,1300,healthy_horizontal_no_load_1300rpm,456187,1309,270,1636,2153,2,0,863822,9,211,73,0,3,1659,1494,1251,63,139,1639,16383,1667,1654,1644539,800,2013,2177,526356,11955,8,382572,1496,47442,563,456089132,456188272,0,456188281,456188796,3380708309,17865255,0.0834,1651.0,0.23807620752823055,-0.03521553249686349,0.0834,25.33,77.6,,,,,,
2026-07-30T19:23:33.901562+00:00,S017,mounted,true,healthy,none,1300,healthy_horizontal_no_load_1300rpm,456287,1310,270,1634,2149,4,0,863874,9,211,73,1,3,1659,1495,1238,61,139,1639,16383,1665,1654,1644137,800,2013,2087,526331,11956,8,382573,1496,47443,563,456189196,456288302,0,456288311,456288826,3379042995,17868246,0.0834,1651.0,0.08780814954834382,-0.03549610204081688,0.0834,25.33,77.6,,,,,,
2026-07-30T19:23:33.996315+00:00,S017,mounted,true,healthy,none,1300,healthy_horizontal_no_load_1300rpm,456387,1311,269,1636,2150,5,0,863927,9,211,73,1,2,1659,1494,1233,62,136,1640,16383,1663,1654,1644502,800,1979,2187,526329,11952,8,382567,1496,47444,563,456289227,456388339,0,456388349,456388864,3380559162,17856294,0.0834,1651.0,0.25565510843373485,-0.09104580722891598,0.0834,25.3,77.5,,,,,,
2026-07-30T19:23:34.090274+00:00,S017,mounted,true,healthy,none,1300,healthy_horizontal_no_load_1300rpm,456487,1311,269,1635,2149,3,0,863979,9,211,73,1,2,1659,1494,1229,62,136,1639,16383,1662,1652,1644469,800,2018,2082,526342,11952,8,382561,1496,47445,563,456389265,456488375,0,456488385,456488899,3380399053,17856292,0.0834,1651.0,0.08063781927710822,-0.026039385542169224,0.0834,25.33,77.6,,,,,,
2026-07-30T19:23:34.183086+00:00,S017,mounted,true,healthy,none,1300,healthy_horizontal_no_load_1300rpm,456587,1309,268,1639,2151,2,0,864032,9,211,73,0,3,1659,1494,1248,65,135,1635,16383,1663,1654,1644725,800,2023,2185,526364,11954,8,382559,1496,47446,563,456489300,456588423,0,456588438,456588953,3381470225,17862268,0.0834,1651.0,0.2517121055713565,-0.01826939150075324,0.0834,25.46,77.8,,,,,,
2026-07-30T19:23:34.279923+00:00,S017,mounted,true,healthy,none,1300,healthy_horizontal_no_load_1300rpm,456688,1313,269,1635,2148,6,0,864085,9,211,73,1,3,1659,1495,1243,65,135,1632,16383,1663,1654,1661062,808,2009,2151,526346,11957,8,382563,1496,47447,563,456589352,456689054,0,456689286,456689801,3414820378,17871233,0.0834,1651.0,0.19414991076356936,-0.04244116191352365,0.0834,25.55,78.0,,,,,,
2026-07-30T19:23:34.374399+00:00,S017,mounted,true,healthy,none,1300,healthy_horizontal_no_load_1300rpm,456788,1321,269,1622,2132,4,0,864138,9,211,72,0,2,1659,1495,1196,63,138,1639,16383,1663,1651,1644287,800,2027,2083,526338,11956,8,382564,1496,47448,563,456690203,456789281,0,456789360,456789875,3379646821,17868246,0.0834,1651.0,0.08114305486784845,-0.012168270659083547,0.0834,25.33,77.6,,,,,,
2026-07-30T19:23:34.466411+00:00,S017,mounted,true,healthy,none,1300,healthy_horizontal_no_load_1300rpm,456888,1323,268,1624,2132,1,0,864190,9,211,73,1,3,1659,1494,1232,61,126,1636,16383,1662,1655,1644962,800,1971,2290,526367,11953,8,382560,1496,47449,563,456790274,456889329,0,456889403,456889918,3382519148,17859281,0.0834,1651.0,0.4270193972224545,-0.10465531138626316,0.0834,25.43,77.8,,,,,,
2026-07-30T19:23:34.608775+00:00,S017,mounted,true,healthy,none,1300,healthy_horizontal_no_load_1300rpm,456988,1320,270,1621,2133,3,0,864243,9,211,73,0,2,1659,1494,1235,61,126,1642,16383,1664,1652,1643742,800,1955,2079,526341,11954,8,382558,1496,47450,563,456890320,456989397,0,456989471,456989986,3377423562,17862268,0.0834,1651.0,0.07505754575874146,-0.1315949581729967,0.0834,25.24,77.4,,,,,,
2026-07-30T19:23:34.703536+00:00,S017,mounted,true,healthy,none,1300,healthy_horizontal_no_load_1300rpm,457089,1313,267,1634,2144,2,0,864296,9,211,73,0,2,1659,1495,1240,60,126,1637,16383,1663,1654,1660523,808,2029,2095,526336,11956,8,382560,1496,47451,563,456990389,457090063,0,457090072,457090587,3412598221,17868244,0.0834,1651.0,0.1011383389093341,-0.008835723318836308,0.0834,25.4,77.7,,,,,,
2026-07-30T19:23:34.797601+00:00,S017,mounted,true,healthy,none,1300,healthy_horizontal_no_load_1300rpm,457189,1312,270,1636,2151,6,0,864349,9,211,73,1,2,1659,1494,1208,59,122,1637,16383,1663,1651,1644544,800,2022,2217,526352,11955,8,382560,1496,47452,563,457090990,457190103,0,457190269,457190784,3380736592,17865257,0.0834,1651.0,0.3047327294855706,-0.02021781505646203,0.0834,25.4,77.7,,,,,,
2026-07-30T19:23:34.893925+00:00,S017,mounted,true,healthy,none,1300,healthy_horizontal_no_load_1300rpm,457289,1326,270,1617,2127,4,0,864402,9,211,73,1,3,1659,1494,1214,59,122,1635,16383,1663,1651,1644243,800,2013,2083,526332,11954,8,382558,1496,47453,563,457191186,457290263,0,457290277,457290792,3379469629,17862268,0.0834,1651.0,0.0817237555629915,-0.034934916011377215,0.0834,25.46,77.8,,,,,,
2026-07-30T19:23:34.987784+00:00,S017,mounted,true,healthy,none,1300,healthy_horizontal_no_load_1300rpm,457389,1333,269,1608,2113,5,0,864455,9,211,73,0,3,1659,1494,1229,60,124,1635,16383,1662,1651,1644106,800,1997,2080,526324,11955,8,382558,1496,47454,563,457291193,457390306,0,457390316,457390831,3378908174,17865255,0.0834,1651.0,0.07643414178168095,-0.061878141279799515,0.0834,25.46,77.8,,,,,,
2026-07-30T19:23:35.083181+00:00,S017,mounted,true,healthy,none,1300,healthy_horizontal_no_load_1300rpm,457489,1336,270,1603,2108,1,0,864508,9,211,73,1,2,1659,1494,1240,60,124,1634,16383,1664,1651,1644094,800,1947,2084,526342,11954,8,382557,1496,47455,563,457391234,457490360,0,457490369,457490885,3378878816,17862266,0.0834,1651.0,0.08339030801405345,-0.1449273777814959,0.0834,25.49,77.9,,,,,,
2026-07-30T19:23:35.176190+00:00,S017,mounted,true,healthy,none,1300,healthy_horizontal_no_load_1300rpm,457589,1327,270,1613,2122,1,0,864562,9,211,73,1,3,1659,1495,1201,61,127,1642,16383,1663,1653,1644132,800,2026,2213,526320,11956,8,382559,1496,47456,563,457491286,457590389,0,457590403,457590918,3379040204,17868244,0.0834,1651.0,0.29775863198394115,-0.01383454432920761,0.0834,25.24,77.4,,,,,,
2026-07-30T19:23:35.271370+00:00,S017,mounted,true,healthy,none,1300,healthy_horizontal_no_load_1300rpm,457690,1322,270,1620,2131,3,0,864615,9,211,73,0,2,1659,1495,1209,62,125,1644,16383,1662,1651,1660169,808,2021,2087,526306,11956,8,382561,1496,47457,563,457591320,457690981,0,457691055,457691570,3411144359,17868244,0.0834,1651.0,0.08780814954834382,-0.022165912679826594,0.0834,25.18,77.3,,,,,,
2026-07-30T19:23:35.411866+00:00,S017,mounted,true,healthy,none,1300,healthy_horizontal_no_load_1300rpm,457790,1329,270,1613,2121,2,0,864668,9,211,73,0,2,1659,1494,1217,62,125,1651,16383,1664,1651,1644203,800,1971,2154,526345,11951,8,382553,1496,47458,563,457691969,457791099,0,457791173,457791688,3379325939,17853307,0.0834,1651.0,0.2009500976487324,-0.10410555827964219,0.0834,24.97,76.9,,,,,,
2026-07-30T19:23:35.506818+00:00,S017,mounted,true,healthy,none,1300,healthy_horizontal_no_load_1300rpm,457890,1333,270,1608,2115,6,0,864721,9,211,73,1,3,1659,1495,1195,63,127,1641,16383,1663,1652,1644390,800,2022,2281,526352,11959,8,382561,1496,47459,563,457792091,457891168,0,457891242,457891761,3380132064,17877211,0.0834,1651.0,0.4101117913705159,-0.02134482807927096,0.0834,25.27,77.5,,,,,,
2026-07-30T19:23:35.599880+00:00,S017,mounted,true,healthy,none,1300,healthy_horizontal_no_load_1300rpm,457990,1338,270,1601,2106,6,0,864775,9,211,73,1,2,1659,1495,1216,65,139,1647,16383,1663,1653,1644619,800,2031,2095,526351,11956,8,382562,1496,47460,563,457892163,457991232,0,457991306,457991821,3381014783,17868246,0.0834,1651.0,0.1011383389093341,-0.005503175978588626,0.0834,25.09,77.2,,,,,,
2026-07-30T19:23:35.692761+00:00,S017,mounted,true,healthy,none,1300,healthy_horizontal_no_load_1300rpm,458090,1315,269,1625,2136,5,0,864827,9,211,73,2,3,1659,1494,1207,65,139,1646,16383,1664,1652,1644187,800,2014,2093,526334,11954,8,382560,1496,47461,563,457992223,458091274,0,458091348,458091865,3379239927,17862268,0.0834,1651.0,0.09838928007361547,-0.03326836356031526,0.0834,25.12,77.2,,,,,,
2026-07-30T19:23:35.786438+00:00,S017,mounted,true,healthy,none,1300,healthy_horizontal_no_load_1300rpm,458191,1300,268,1649,2166,1,0,864880,9,211,73,0,2,1659,1494,1200,63,126,1644,16383,1663,1650,1660798,808,2015,2174,526345,11954,8,382558,1496,47462,563,458092267,458192108,0,458192118,458192633,3413746382,17862268,0.0834,1651.0,0.2333800286096701,-0.03160181110925242,0.0834,25.18,77.3,,,,,,
2026-07-30T19:23:35.880110+00:00,S017,mounted,true,healthy,none,1300,healthy_horizontal_no_load_1300rpm,458291,1299,269,1650,2169,2,0,864932,9,211,73,0,2,1659,1494,1229,63,126,1640,16383,1663,1651,1644312,800,2022,2091,526343,11951,8,382551,1496,47463,563,458193032,458292132,0,458292141,458292656,3379757264,17853303,0.0834,1651.0,0.09593093741109504,-0.019090047611078464,0.0834,25.3,77.5,,,,,,
2026-07-30T19:23:35.973728+00:00,S017,mounted,true,healthy,none,1300,healthy_horizontal_no_load_1300rpm,458391,1299,269,1649,2167,4,0,864984,9,211,73,0,2,1659,1494,1213,61,117,1636,16383,1664,1651,1644085,800,1857,2083,526333,11954,8,382550,1496,47464,563,458293056,458392252,0,458392262,458392777,3378858429,17862268,0.0834,1651.0,0.0817237555629915,-0.2949170983771121,0.0834,25.43,77.8,,,,,,
2026-07-30T19:23:36.112911+00:00,S017,mounted,true,healthy,none,1300,healthy_horizontal_no_load_1300rpm,458491,1298,269,1651,2169,1,0,865036,9,211,73,1,2,1659,1494,1222,62,129,1642,16383,1664,1655,1644707,800,2027,2089,526356,11954,8,382549,1496,47465,563,458393176,458492299,0,458492308,458492823,3381375129,17862268,0.0834,1651.0,0.09172307026936588,-0.011603181696503206,0.0834,25.24,77.4,,,,,,
2026-07-30T19:23:36.207466+00:00,S017,mounted,true,healthy,none,1300,healthy_horizontal_no_load_1300rpm,458591,1314,270,1639,2153,3,0,865089,9,211,73,4,2,1659,1494,1221,62,129,1649,16383,1664,1652,1644183,800,1956,2159,526344,11952,8,382544,1496,47466,563,458493225,458592334,0,458592349,458592864,3379251573,17856292,0.0834,1651.0,0.20898383132530096,-0.12938292771084337,0.0834,25.03,77.1,,,,,,
2026-07-30T19:23:36.300145+00:00,S017,mounted,true,healthy,none,1300,healthy_horizontal_no_load_1300rpm,458691,1334,270,1608,2115,2,0,865142,9,211,73,1,3,1659,1495,1219,61,125,1644,16383,1664,1653,1644484,800,2015,2213,526355,11956,8,382547,1496,47467,563,458593265,458692365,0,458692379,458692894,3380485408,17868246,0.0834,1651.0,0.29775863198394115,-0.0321635547005692,0.0834,25.18,77.3,,,,,,
2026-07-30T19:23:36.393750+00:00,S017,mounted,true,healthy,none,1300,healthy_horizontal_no_load_1300rpm,458791,1333,270,1606,2113,6,0,865195,9,211,73,1,3,1659,1494,1208,62,129,1639,16383,1663,1652,1644837,800,2018,2133,526355,11952,8,382542,1496,47468,563,458693296,458792383,0,458792392,458792907,3381921621,17856292,0.0834,1651.0,0.1656462168674695,-0.026039385542169224,0.0834,25.33,77.6,,,,,,
2026-07-30T19:23:36.487685+00:00,S017,mounted,true,healthy,none,1300,healthy_horizontal_no_load_1300rpm,458891,1325,267,1615,2120,4,0,865248,9,211,73,1,2,1659,1495,1221,62,129,1639,16383,1663,1653,1644171,800,1955,2085,526339,11958,8,382549,1496,47469,563,458793312,458892434,0,458892443,458892958,3379183367,17874222,0.0834,1651.0,0.08389453838434457,-0.1326848093326647,0.0834,25.33,77.6,,,,,,
2026-07-30T19:23:36.579543+00:00,S017,mounted,true,healthy,none,1300,healthy_horizontal_no_load_1300rpm,458992,1325,268,1617,2124,4,0,865302,9,211,73,0,3,1659,1494,1209,63,127,1646,16383,1664,1653,1660881,808,2013,2083,526334,11954,8,382548,1496,47470,563,458893359,458993149,0,458993227,458993742,3414072729,17862266,0.0834,1651.0,0.0817237555629915,-0.034934916011377215,0.0834,25.12,77.2,,,,,,
2026-07-30T19:23:36.720944+00:00,S017,mounted,true,healthy,none,1300,healthy_horizontal_no_load_1300rpm,459092,1321,270,1621,2133,1,0,865354,9,211,73,1,3,1659,1494,1241,63,127,1647,16383,1664,1651,1644595,800,1961,2127,526391,11954,8,382547,1496,47471,563,458994142,459093213,0,459093287,459093802,3380937779,17862268,0.0834,1651.0,0.15505206340973698,-0.12159564346662233,0.0834,25.09,77.2,,,,,,
2026-07-30T19:23:36.815588+00:00,S017,mounted,true,healthy,none,1300,healthy_horizontal_no_load_1300rpm,459192,1312,269,1632,2145,3,0,865407,9,211,73,1,3,1659,1494,1212,63,131,1648,16383,1664,1654,1643932,800,2027,2079,526326,11955,8,382547,1496,47472,563,459094203,459193261,0,459193335,459193850,3378189918,17865255,0.0834,1651.0,0.07476772873274751,-0.011885749811794355,0.0834,25.06,77.1,,,,,,
2026-07-30T19:23:36.911501+00:00,S017,mounted,true,healthy,none,1300,healthy_horizontal_no_load_1300rpm,459292,1309,268,1638,2151,6,0,865459,9,211,73,0,2,1659,1494,1221,61,129,1644,16383,1663,1649,1643868,800,1919,2097,526338,11952,8,382542,1496,47473,563,459194255,459293325,0,459293399,459293914,3377967250,17856292,0.0834,1651.0,0.10564028915662593,-0.19105568674698814,0.0834,25.18,77.3,,,,,,
2026-07-30T19:23:37.002083+00:00,S017,mounted,true,healthy,none,1300,healthy_horizontal_no_load_1300rpm,459392,1301,267,1648,2161,4,0,865512,9,211,73,1,3,1659,1494,1222,61,129,1643,16383,1662,1655,1644014,800,2009,2079,526343,11955,8,382543,1496,47474,563,459294314,459393398,0,459393477,459393992,3378527768,17865255,0.0834,1651.0,0.07476772873274751,-0.04188118469259772,0.0834,25.21,77.4,,,,,,
2026-07-30T19:23:37.095115+00:00,S017,mounted,true,healthy,none,1300,healthy_horizontal_no_load_1300rpm,459493,1300,265,1652,2162,1,0,865564,9,211,73,0,2,1659,1494,1225,61,129,1641,16383,1664,1651,1660325,808,2029,2099,526341,11954,8,382543,1496,47475,563,459394393,459494081,0,459494091,459494606,3411788815,17862268,0.0834,1651.0,0.10838859477998986,-0.008270076794378411,0.0834,25.27,77.5,,,,,,
2026-07-30T19:23:37.188285+00:00,S017,mounted,true,healthy,none,1300,healthy_horizontal_no_load_1300rpm,459593,1298,269,1649,2167,2,0,865616,9,211,73,1,3,1659,1495,1245,59,125,1634,16383,1662,1653,1644227,800,2027,2079,526335,11956,8,382546,1496,47476,563,459495005,459594162,0,459594172,459594687,3379409419,17868246,0.0834,1651.0,0.07447796018735353,-0.012168270659083547,0.0834,25.49,77.9,,,,,,
2026-07-30T19:23:37.280974+00:00,S017,mounted,true,healthy,none,1300,healthy_horizontal_no_load_1300rpm,459693,1289,266,1663,2179,5,0,865667,9,211,73,1,2,1659,1494,1213,59,125,1634,16383,1662,1652,1643980,800,1952,2079,526297,11955,8,382546,1496,47477,563,459595088,459694216,0,459694225,459694739,3378398966,17865255,0.0834,1651.0,0.07476772873274751,-0.1368667284818068,0.0834,25.49,77.9,,,,,,
2026-07-30T19:23:37.424177+00:00,S017,mounted,true,healthy,none,1300,healthy_horizontal_no_load_1300rpm,459793,1285,268,1670,2192,3,0,865719,9,211,73,0,2,1659,1495,1249,59,118,1638,16383,1663,1651,1644785,800,1997,2159,526324,11956,8,382548,1496,47478,563,459695141,459794368,0,459794378,459794893,3381712741,17868246,0.0834,1651.0,0.2077798537972564,-0.06215648076279745,0.0834,25.36,77.7,,,,,,
2026-07-30T19:23:37.519938+00:00,S017,mounted,true,healthy,none,1300,healthy_horizontal_no_load_1300rpm,459893,1314,269,1634,2146,6,0,865771,9,211,73,2,3,1659,1494,1214,59,118,1644,16383,1664,1651,1644068,800,1983,2087,526354,11953,8,382545,1496,47479,563,459795292,459894419,0,459894429,459894944,3378762516,17859279,0.0834,1651.0,0.0886809462896343,-0.08465500886806687,0.0834,25.18,77.3,,,,,,
2026-07-30T19:23:37.614346+00:00,S017,mounted,true,healthy,none,1300,healthy_horizontal_no_load_1300rpm,459994,1331,269,1611,2117,6,0,865825,9,211,72,0,2,1659,1495,1243,59,125,1641,16383,1664,1651,1660571,808,1891,2133,526310,11956,8,382547,1496,47480,563,459895345,459995052,0,459995126,459995641,3412837333,17868246,0.0834,1651.0,0.16445673837403785,-0.2387814897959184,0.0834,25.27,77.5,,,,,,
2026-07-30T19:23:37.710184+00:00,S017,mounted,true,healthy,none,1300,healthy_horizontal_no_load_1300rpm,460094,1335,270,1605,2111,4,0,865878,9,211,73,1,2,1659,1494,1229,61,126,1634,16383,1664,1654,1644262,800,2019,2084,526348,11954,8,382546,1496,47481,563,459996041,460095102,0,460095176,460095690,3379549124,17862268,0.0834,1651.0,0.08339030801405345,-0.02493560130500283,0.0834,25.49,77.9,,,,,,
2026-07-30T19:23:37.805290+00:00,S017,mounted,true,healthy,none,1300,healthy_horizontal_no_load_1300rpm,460194,1327,269,1614,2122,4,0,865932,9,211,73,0,2,1659,1494,1237,61,126,1638,16383,1662,1653,1644059,800,1963,2137,526315,11954,8,382545,1496,47482,563,460096092,460195162,0,460195242,460195757,3378734627,17862268,0.0834,1651.0,0.17171758792036096,-0.11826253856449753,0.0834,25.36,77.7,,,,,,
2026-07-30T19:23:37.901005+00:00,S017,mounted,true,healthy,none,1300,healthy_horizontal_no_load_1300rpm,460294,1324,269,1621,2130,1,0,865984,9,211,73,1,2,1659,1494,1232,62,135,1646,16383,1662,1651,1643846,800,1993,2081,526304,11953,8,382542,1496,47483,563,460196156,460295378,0,460295452,460295968,3377846358,17859281,0.0834,1651.0,0.07868079503053593,-0.06798809010290352,0.0834,25.12,77.2,,,,,,
2026-07-30T19:23:37.994747+00:00,S017,mounted,true,healthy,none,1300,healthy_horizontal_no_load_1300rpm,460395,1319,268,1623,2132,1,0,866038,9,211,73,1,3,1659,1495,1252,63,135,1642,16383,1664,1650,1660315,808,2007,2087,526342,11956,8,382545,1496,47484,563,460296369,460396055,0,460396069,460396584,3411748057,17868246,0.0834,1651.0,0.08780814954834382,-0.04549374406155948,0.0834,25.24,77.4,,,,,,
2026-07-30T19:23:38.088332+00:00,S017,mounted,true,healthy,none,1300,healthy_horizontal_no_load_1300rpm,460495,1313,269,1632,2144,2,0,866090,9,211,73,1,3,1659,1495,1223,63,135,1639,16383,1663,1651,1644191,800,1863,2089,526314,11957,8,382549,1496,47485,563,460396986,460496226,0,460496236,460496751,3379295971,17871233,0.0834,1651.0,0.09084958325666959,-0.28569677184912656,0.0834,25.33,77.6,,,,,,
2026-07-30T19:23:38.229223+00:00,S017,mounted,true,healthy,none,1300,healthy_horizontal_no_load_1300rpm,460595,1311,265,1642,2148,6,0,866143,9,211,72,0,2,1659,1495,1235,62,126,1643,16383,1663,1652,1643924,800,1976,2078,526337,11956,8,382551,1496,47486,563,460497152,460596254,0,460596264,460596779,3378166948,17868244,0.0834,1651.0,0.07281168651722947,-0.097148227835397,0.0834,25.21,77.4,,,,,,
2026-07-30T19:23:38.338151+00:00,S017,mounted,true,healthy,none,1300,healthy_horizontal_no_load_1300rpm,460695,1317,269,1630,2141,4,0,866196,9,211,73,1,2,1659,1494,1235,62,126,1640,16383,1665,1652,1644123,800,1909,2086,526325,11952,8,382546,1496,47487,563,460597178,460696315,0,460696329,460696844,3379008051,17856292,0.0834,1651.0,0.08730514457831307,-0.20772400000000069,0.0834,25.3,77.5,,,,,,
2026-07-30T19:23:38.384312+00:00,S017,mounted,true,healthy,none,1300,healthy_horizontal_no_load_1300rpm,460796,1323,270,1620,2130,5,0,866249,9,211,73,0,2,1659,1495,1240,63,132,1648,16383,1663,1651,1660382,808,1868,2083,526339,11958,8,382552,1496,47488,563,460697246,460797064,0,460797138,460797653,3412057296,17874222,0.0834,1651.0,0.08056254841946808,-0.27762637280481695,0.0834,25.06,77.1,,,,,,
2026-07-30T19:23:38.525973+00:00,S017,mounted,true,healthy,none,1300,healthy_horizontal_no_load_1300rpm,460896,1323,269,1620,2130,1,0,866302,9,211,73,0,2,1659,1495,1217,61,126,1645,16383,1662,1649,1643632,800,2017,2167,526291,11956,8,382554,1496,47489,563,460798056,460897117,0,460897191,460897706,3376975226,17868246,0.0834,1651.0,0.22111004315824667,-0.028831007360321514,0.0834,25.15,77.3,,,,,,
2026-07-30T19:23:38.619866+00:00,S017,mounted,true,healthy,none,1300,healthy_horizontal_no_load_1300rpm,460996,1322,266,1627,2131,3,0,866355,9,211,72,0,2,1659,1495,1229,61,126,1641,16383,1663,1654,1644886,800,2019,2087,526377,11956,8,382556,1496,47490,563,460898105,460997208,0,460997282,460997797,3382112006,17868244,0.0834,1651.0,0.08780814954834382,-0.025498460020073832,0.0834,25.27,77.5,,,,,,
2026-07-30T19:23:38.712372+00:00,S017,mounted,true,healthy,none,1300,healthy_horizontal_no_load_1300rpm,461096,1324,271,1617,2129,2,0,866408,9,211,73,0,2,1659,1494,1223,61,128,1640,16383,1663,1652,1644545,800,2034,2199,526352,11952,8,382551,1496,47491,563,460998196,461097302,0,461097376,461097891,3380730487,17856292,0.0834,1651.0,0.27565708433734937,0.000629915662650582,0.0834,25.3,77.5,,,,,,
2026-07-30T19:23:38.811036+00:00,S017,mounted,true,healthy,none,1300,healthy_horizontal_no_load_1300rpm,461196,1315,268,1629,2140,6,0,866461,9,211,74,1,3,1659,1495,1240,60,124,1635,16383,1664,1650,1643898,800,1915,2135,526336,11956,8,382553,1496,47492,563,461098290,461197363,0,461197594,461198109,3378089494,17868244,0.0834,1651.0,0.16778928571428553,-0.19879092171294754,0.0834,25.46,77.8,,,,,,
2026-07-30T19:23:38.901780+00:00,S017,mounted,true,healthy,none,1300,healthy_horizontal_no_load_1300rpm,461297,1312,269,1634,2147,4,0,866514,9,211,72,0,2,1659,1495,1206,60,124,1640,16383,1662,1651,1660338,808,1925,2155,526333,11957,8,382557,1496,47493,563,461198511,461298089,0,461298103,461298618,3411865672,17871233,0.0834,1651.0,0.20081444802207926,-0.18239644434222635,0.0834,25.3,77.5,,,,,,
2026-07-30T19:23:38.995558+00:00,S017,mounted,true,healthy,none,1300,healthy_horizontal_no_load_1300rpm,461397,1308,269,1637,2151,1,0,866566,9,211,73,2,3,1658,1495,1220,60,125,1638,16383,1663,1651,1643776,800,2031,2159,526287,11957,8,382561,1496,47494,563,461299017,461398116,0,461398126,461398641,3377560674,17871235,0.0796,1651.0,0.20747898528058828,-0.0057862069917207215,0.0796,25.36,77.7,,,,,,
2026-07-30T19:23:39.088847+00:00,S017,mounted,true,healthy,none,1300,healthy_horizontal_no_load_1300rpm,461497,1293,268,1656,2175,2,0,866618,9,211,73,1,2,1659,1494,1230,60,125,1647,16383,1664,1653,1643844,800,1967,2149,526306,11954,8,382559,1496,47495,563,461399043,461498230,0,461498244,461498759,3377848538,17862268,0.0834,1651.0,0.19171621733311017,-0.1115963287602475,0.0834,25.09,77.2,,,,,,
2026-07-30T19:23:39.199169+00:00,S017,mounted,true,healthy,none,1300,healthy_horizontal_no_load_1300rpm,461597,1288,266,1666,2183,5,0,866669,9,211,73,1,2,1659,1495,1225,59,132,1643,16383,1663,1653,1644574,800,1996,2086,526340,11959,8,382567,1496,47496,563,461499161,461598299,0,461598309,461598824,3380835292,17877211,0.0834,1651.0,0.08526993502801217,-0.06465707559160494,0.0834,25.21,77.4,,,,,,
2026-07-30T19:23:39.308970+00:00,S017,mounted,true,healthy,none,1300,healthy_horizontal_no_load_1300rpm,461697,1295,269,1662,2183,3,0,866721,9,211,73,3,2,1659,1494,1236,59,124,1639,16383,1662,1654,1644236,800,2025,2229,526329,11955,8,382567,1496,47497,563,461599225,461698322,0,461698332,461698847,3379474926,17865259,0.0834,1651.0,0.3247296860727724,-0.015218575909661247,0.0834,25.33,77.6,,,,,,
2026-07-30T19:23:39.401680+00:00,S017,mounted,true,healthy,none,1300,healthy_horizontal_no_load_1300rpm,461797,1320,268,1626,2135,2,0,866774,9,211,73,0,3,1659,1494,1237,59,124,1640,16383,1662,1654,1644101,800,1917,2081,526353,11953,8,382563,1496,47498,563,461699248,461798366,0,461798375,461798890,3378918515,17859277,0.0834,1651.0,0.07868079503053593,-0.19465667271814624,0.0834,25.3,77.5,,,,,,
2026-07-30T19:23:39.496233+00:00,S017,mounted,true,healthy,none,1300,healthy_horizontal_no_load_1300rpm,461897,1324,269,1619,2128,6,0,866827,9,211,73,0,3,1659,1494,1221,62,127,1641,16383,1664,1651,1643799,800,1989,2078,526313,11955,8,382563,1496,47499,563,461799289,461898391,0,461898401,461898916,3377648047,17865257,0.0834,1651.0,0.07310131568381406,-0.07520944567126753,0.0834,25.27,77.5,,,,,,
2026-07-30T19:23:39.589134+00:00,S017,mounted,true,healthy,none,1300,healthy_horizontal_no_load_1300rpm,461998,1330,269,1613,2120,4,0,866880,9,211,73,1,3,1659,1494,1225,63,129,1640,16383,1663,1654,1661163,808,2021,2255,526336,11953,8,382559,1496,47500,563,461899315,461998989,0,461999063,461999577,3415267611,17859281,0.0834,1651.0,0.3686851815443819,-0.02132071756044507,0.0834,25.3,77.5,,,,,,
2026-07-30T19:23:39.730146+00:00,S017,mounted,true,healthy,none,1300,healthy_horizontal_no_load_1300rpm,462098,1335,270,1606,2112,4,0,866934,9,211,73,1,3,1659,1495,1187,63,129,1635,16383,1661,1653,1644355,800,2023,2078,526336,11956,8,382561,1496,47501,563,461999978,462099255,0,462099329,462099844,3379930481,17868244,0.0834,1651.0,0.07281168651722947,-0.01883336533957891,0.0834,25.46,77.8,,,,,,
2026-07-30T19:23:39.790882+00:00,S017,mounted,true,healthy,none,1300,healthy_horizontal_no_load_1300rpm,462198,1336,269,1605,2109,5,0,866987,9,211,73,1,2,1659,1494,1206,65,130,1641,16383,1663,1650,1644452,800,2027,2141,526335,11955,8,382561,1496,47502,563,462100246,462199318,0,462199392,462199907,3380340162,17865255,0.0834,1651.0,0.17808533776662427,-0.011885749811794355,0.0834,25.27,77.5,,,,,,
2026-07-30T19:23:39.931618+00:00,S017,mounted,true,healthy,none,1300,healthy_horizontal_no_load_1300rpm,462299,1326,270,1615,2124,5,0,867041,9,211,73,1,3,1659,1495,1240,65,130,1640,16383,1663,1654,1660811,808,1955,2193,526343,11958,8,382566,1496,47503,563,462200308,462300099,0,462300113,462300628,3413815741,17874222,0.0834,1651.0,0.26382199648770666,-0.1326848093326647,0.0834,25.3,77.5,,,,,,
2026-07-30T19:23:40.026197+00:00,S017,mounted,true,healthy,none,1300,healthy_horizontal_no_load_1300rpm,462399,1324,266,1620,2123,1,0,867094,9,211,73,1,2,1659,1494,1183,61,132,1635,16383,1663,1653,1644990,800,2009,2189,526371,11954,8,382564,1496,47504,563,462301029,462400147,0,462400161,462400676,3382560102,17862268,0.0834,1651.0,0.25837831537560607,-0.041601125815626805,0.0834,25.46,77.8,,,,,,
2026-07-30T19:23:40.118183+00:00,S017,mounted,true,healthy,none,1300,healthy_horizontal_no_load_1300rpm,462499,1313,269,1629,2142,2,0,867146,9,211,74,1,3,1659,1494,1208,61,131,1636,16383,1662,1652,1644229,800,2020,2282,526323,11953,8,382560,1496,47505,563,462401078,462500218,0,462500227,462500742,3379469077,17859281,0.0834,1651.0,0.4136858622103232,-0.02298740943696176,0.0834,25.43,77.8,,,,,,
2026-07-30T19:23:40.210569+00:00,S017,mounted,true,healthy,none,1300,healthy_horizontal_no_load_1300rpm,462599,1301,269,1646,2163,6,0,867199,9,211,73,0,3,1659,1494,1211,61,131,1641,16383,1661,1653,1643885,800,2021,2087,526308,11954,8,382558,1496,47506,563,462501143,462600270,0,462600284,462600799,3377997529,17862268,0.0834,1651.0,0.08838996536724109,-0.021602496402878035,0.0834,25.27,77.5,,,,,,
2026-07-30T19:23:40.305435+00:00,S017,mounted,true,healthy,none,1300,healthy_horizontal_no_load_1300rpm,462699,1300,265,1651,2162,5,0,867251,9,211,72,0,2,1659,1495,1211,63,139,1634,16383,1665,1647,1644161,800,1885,2205,526347,11956,8,382560,1496,47507,563,462601199,462700316,0,462700330,462700845,3379211613,17868248,0.0834,1651.0,0.28442844262295086,-0.248779131816661,0.0834,25.49,77.9,,,,,,
2026-07-30T19:23:40.398296+00:00,S017,mounted,true,healthy,none,1300,healthy_horizontal_no_load_1300rpm,462799,1308,269,1638,2153,3,0,867303,9,211,73,0,3,1659,1494,1216,64,147,1638,16383,1663,1652,1644162,800,2026,2083,526335,11953,8,382556,1496,47508,563,462701245,462800339,0,462800349,462800864,3379138238,17859285,0.0834,1651.0,0.08201417878356887,-0.012987258177863836,0.0834,25.36,77.7,,,,,,
2026-07-30T19:23:40.539240+00:00,S017,mounted,true,healthy,none,1300,healthy_horizontal_no_load_1300rpm,462899,1312,269,1634,2147,6,0,867355,9,211,73,1,2,1659,1494,1205,64,147,1641,16383,1664,1651,1644160,800,2014,2089,526337,11952,8,382551,1496,47509,563,462801263,462900391,0,462900401,462900915,3379135270,17856292,0.0834,1651.0,0.0923056385542167,-0.03270671084337362,0.0834,25.27,77.5,,,,,,
2026-07-30T19:23:40.633209+00:00,S017,mounted,true,healthy,none,1300,healthy_horizontal_no_load_1300rpm,462999,1311,263,1641,2143,4,0,867408,9,211,72,1,2,1659,1494,1200,62,145,1646,16383,1662,1653,1644761,800,2007,2085,526368,11954,8,382550,1496,47510,563,462901317,463000436,0,463000446,463000961,3381602907,17862270,0.0834,1651.0,0.08505686046511629,-0.0449342307177516,0.0834,25.12,77.2,,,,,,
2026-07-30T19:23:40.729778+00:00,S017,mounted,true,healthy,none,1300,healthy_horizontal_no_load_1300rpm,463100,1309,269,1637,2152,5,0,867461,9,211,73,0,2,1659,1495,1257,62,145,1660,16383,1663,1653,1660953,808,2023,2143,526362,11958,8,382556,1496,47511,563,463001362,463101051,0,463101130,463101645,3414380325,17874222,0.0834,1651.0,0.18052224736578015,-0.01939715052684443,0.0834,24.7,76.5,,,,,,
2026-07-30T19:23:40.820971+00:00,S017,mounted,true,healthy,none,1300,healthy_horizontal_no_load_1300rpm,463200,1312,269,1634,2147,3,0,867513,9,211,73,1,3,1659,1495,1232,64,144,1658,16383,1663,1655,1644727,800,1957,2147,526358,11956,8,382558,1496,47512,563,463102044,463201098,0,463201172,463201687,3381480429,17868246,0.0834,1651.0,0.18778456975577118,-0.12880742756774888,0.0834,24.76,76.6,,,,,,
2026-07-30T19:23:40.915966+00:00,S017,mounted,true,healthy,none,1300,healthy_horizontal_no_load_1300rpm,463300,1311,269,1634,2147,2,0,867566,9,211,73,1,2,1659,1494,1232,66,138,1646,16383,1662,1650,1643653,800,1951,2081,526313,11953,8,382555,1496,47513,563,463202092,463301174,0,463301253,463301768,3377060583,17859283,0.0834,1651.0,0.07868079503053593,-0.1379891489165903,0.0834,25.12,77.2,,,,,,
2026-07-30T19:23:41.008277+00:00,S017,mounted,true,healthy,none,1300,healthy_horizontal_no_load_1300rpm,463400,1311,270,1633,2148,4,0,867618,9,211,73,0,3,1659,1495,1248,66,138,1638,16383,1663,1651,1643762,800,2011,2079,526293,11958,8,382561,1496,47514,563,463302170,463401234,0,463401308,463401823,3377497434,17874222,0.0834,1651.0,0.07389856848971332,-0.039389090316106934,0.0834,25.36,77.7,,,,,,
2026-07-30T19:23:41.100644+00:00,S017,mounted,true,healthy,none,1300,healthy_horizontal_no_load_1300rpm,463500,1311,269,1634,2147,5,0,867671,9,211,73,1,2,1659,1494,1209,62,135,1638,16383,1663,1653,1644758,800,2007,2339,526345,11955,8,382561,1496,47515,563,463402226,463501293,0,463501371,463501887,3381672516,17865257,0.0834,1651.0,0.5080351214554577,-0.045214010790464165,0.0834,25.36,77.7,,,,,,
2026-07-30T19:23:41.195325+00:00,S017,mounted,true,healthy,none,1300,healthy_horizontal_no_load_1300rpm,463600,1310,268,1638,2150,3,0,867723,9,211,73,0,2,1659,1495,1225,61,133,1640,16383,1663,1652,1644123,800,2021,2191,526319,11956,8,382562,1496,47516,563,463502288,463601348,0,463601422,463601937,3379006571,17868246,0.0834,1651.0,0.26110061124121753,-0.022165912679826594,0.0834,25.3,77.5,,,,,,
2026-07-30T19:23:41.335033+00:00,S017,mounted,true,healthy,none,1300,healthy_horizontal_no_load_1300rpm,463700,1311,266,1634,2142,2,0,867776,9,211,73,1,2,1659,1495,1235,61,133,1635,16383,1663,1651,1643812,800,2007,2170,526308,11956,8,382563,1496,47517,563,463602340,463701399,0,463701478,463701993,3377715634,17868244,0.0834,1651.0,0.22610886416861797,-0.04549374406155948,0.0834,25.46,77.8,,,,,,
2026-07-30T19:23:41.428332+00:00,S017,mounted,true,healthy,none,1300,healthy_horizontal_no_load_1300rpm,463801,1327,271,1617,2128,6,0,867829,9,211,73,2,2,1659,1494,1235,62,133,1638,16383,1664,1651,1660653,808,2022,2089,526335,11952,8,382557,1496,47518,563,463702394,463802031,0,463802198,463802713,3413137627,17856294,0.0834,1651.0,0.0923056385542167,-0.019372060240964384,0.0834,25.36,77.7,,,,,,
2026-07-30T19:23:41.522064+00:00,S017,mounted,true,healthy,none,1300,healthy_horizontal_no_load_1300rpm,463901,1334,270,1607,2113,4,0,867882,9,211,73,0,3,1659,1494,1231,62,133,1637,16383,1661,1653,1644203,800,2023,2086,526330,11954,8,382556,1496,47519,563,463803115,463902066,0,463902075,463902590,3379303637,17862266,0.0834,1651.0,0.08672341291617824,-0.01826939150075324,0.0834,25.4,77.7,,,,,,
2026-07-30T19:23:41.614879+00:00,S017,mounted,true,healthy,none,1300,healthy_horizontal_no_load_1300rpm,464001,1335,267,1606,2106,4,0,867936,9,211,73,1,3,1659,1493,1248,64,144,1635,16383,1662,1652,1643954,800,2008,2077,526332,11947,8,382541,1496,47520,563,463902993,464002132,0,464002146,464002661,3378283526,17841353,0.0834,1651.0,0.07375256558131715,-0.04130692985686801,0.0834,25.46,77.8,,,,,,
2026-07-30T19:23:41.709538+00:00,S017,mounted,true,healthy,none,1300,healthy_horizontal_no_load_1300rpm,464101,1311,269,1632,2146,1,0,867988,9,211,73,1,2,1659,1494,1227,61,129,1634,16383,1663,1653,1643874,800,2013,2185,526335,11954,8,382541,1496,47521,563,464003063,464102161,0,464102171,464102686,3377973098,17862270,0.0834,1651.0,0.2517121055713565,-0.034934916011377215,0.0834,25.49,77.9,,,,,,
2026-07-30T19:23:41.802828+00:00,S017,mounted,true,healthy,none,1300,healthy_horizontal_no_load_1300rpm,464201,1300,268,1648,2165,2,0,868040,9,211,73,0,2,1659,1495,1246,61,129,1637,16383,1664,1652,1644138,800,1949,2091,526335,11956,8,382544,1496,47522,563,464103087,464202212,0,464202221,464202736,3379051974,17868246,0.0834,1651.0,0.09447324422883874,-0.14213761692873916,0.0834,25.4,77.7,,,,,,
2026-07-30T19:23:41.945887+00:00,S017,mounted,true,healthy,none,1300,healthy_horizontal_no_load_1300rpm,464301,1300,268,1649,2166,4,0,868092,9,211,73,0,2,1659,1494,1212,61,133,1637,16383,1664,1652,1644583,800,1963,2084,526363,11952,8,382539,1496,47523,563,464203139,464302255,0,464302265,464302780,3380884039,17856294,0.0834,1651.0,0.08397148192771065,-0.11771510843373534,0.0834,25.4,77.7,,,,,,
2026-07-30T19:23:42.040722+00:00,S017,mounted,true,healthy,none,1300,healthy_horizontal_no_load_1300rpm,464401,1308,269,1638,2152,5,0,868145,9,211,73,0,2,1659,1494,1248,61,136,1647,16383,1664,1650,1643920,800,1873,2081,526360,11953,8,382537,1496,47524,563,464303183,464402386,0,464402400,464402915,3378203508,17859279,0.0834,1651.0,0.07868079503053593,-0.2679911152848664,0.0834,25.09,77.2,,,,,,
2026-07-30T19:23:42.133505+00:00,S017,mounted,true,healthy,none,1300,healthy_horizontal_no_load_1300rpm,464501,1310,267,1638,2149,3,0,868197,9,211,73,1,3,1659,1494,1232,61,136,1645,16383,1665,1654,1644411,800,1880,2091,526385,11955,8,382538,1496,47525,563,464403314,464502427,0,464502436,464502951,3380193305,17865259,0.0834,1651.0,0.09476468531994975,-0.2568484680050189,0.0834,25.15,77.3,,,,,,
2026-07-30T19:23:42.227069+00:00,S017,mounted,true,healthy,none,1300,healthy_horizontal_no_load_1300rpm,464602,1311,270,1635,2150,2,0,868250,9,211,73,0,2,1659,1494,1216,59,145,1637,16383,1663,1653,1660636,808,2023,2084,526333,11955,8,382539,1496,47526,563,464503353,464603088,0,464603162,464603677,3413061072,17865257,0.0834,1651.0,0.08309979397741518,-0.018551402007528583,0.0834,25.4,77.7,,,,,,
2026-07-30T19:23:42.320625+00:00,S017,mounted,true,healthy,none,1300,healthy_horizontal_no_load_1300rpm,464702,1311,270,1634,2150,4,0,868302,9,211,73,0,2,1659,1494,1236,59,145,1635,16383,1664,1653,1644211,800,1951,2088,526346,11952,8,382535,1496,47527,563,464604076,464703147,0,464703220,464703736,3379353473,17856292,0.0834,1651.0,0.09063880722891549,-0.13771708433734942,0.0834,25.46,77.8,,,,,,
2026-07-30T19:23:42.413351+00:00,S017,mounted,true,healthy,none,1300,healthy_horizontal_no_load_1300rpm,464802,1312,266,1642,2149,5,0,868355,9,211,72,0,2,1659,1495,1238,61,146,1638,16383,1664,1653,1644176,800,1911,2267,526327,11958,8,382542,1496,47528,563,464704135,464803192,0,464803266,464803781,3379258146,17874222,0.0834,1651.0,0.38710562518815816,-0.20598858855995994,0.0834,25.36,77.7,,,,,,
2026-07-30T19:23:42.507390+00:00,S017,mounted,true,healthy,none,1300,healthy_horizontal_no_load_1300rpm,464902,1322,267,1620,2126,1,0,868408,9,211,73,1,2,1659,1495,1238,63,142,1637,16383,1662,1650,1644515,800,2017,2127,526331,11956,8,382545,1496,47529,563,464804181,464903407,0,464903481,464903996,3380594383,17868244,0.0834,1651.0,0.15445909635329524,-0.028831007360321514,0.0834,25.4,77.7,,,,,,
2026-07-30T19:23:42.603556+00:00,S017,mounted,true,healthy,none,1300,healthy_horizontal_no_load_1300rpm,465003,1324,269,1617,2126,3,0,868461,9,211,73,0,3,1659,1494,1230,63,142,1640,16383,1663,1653,1660799,808,2025,2081,526349,11954,8,382544,1496,47530,563,464904398,465004060,0,465004070,465004585,3413729317,17862268,0.0834,1651.0,0.07839065066086626,-0.014936286598628001,0.0834,25.3,77.5,,,,,,
2026-07-30T19:23:42.743447+00:00,S017,mounted,true,healthy,none,1300,healthy_horizontal_no_load_1300rpm,465103,1324,271,1616,2128,2,0,868514,9,211,73,0,3,1659,1495,1221,66,143,1643,16383,1664,1655,1644561,800,1935,2091,526383,11958,8,382551,1496,47531,563,465004988,465104089,0,465104098,465104613,3380793021,17874222,0.0834,1651.0,0.09389050827897583,-0.16600470898143493,0.0834,25.21,77.4,,,,,,
2026-07-30T19:23:42.838573+00:00,S017,mounted,true,healthy,none,1300,healthy_horizontal_no_load_1300rpm,465203,1321,270,1620,2131,6,0,868567,9,211,73,0,2,1659,1494,1237,63,136,1640,16383,1664,1654,1644170,800,2017,2085,526324,11954,8,382550,1496,47532,563,465105012,465204145,0,465204155,465204670,3379172400,17862270,0.0834,1651.0,0.08505686046511629,-0.028268706207127625,0.0834,25.3,77.5,,,,,,
2026-07-30T19:23:42.931354+00:00,S017,mounted,true,healthy,none,1300,healthy_horizontal_no_load_1300rpm,465303,1322,269,1620,2130,4,0,868620,9,211,73,0,3,1659,1494,1236,63,136,1640,16383,1662,1653,1643849,800,2023,2176,526313,11952,8,382545,1496,47533,563,465205073,465304192,0,465304201,465304716,3377863737,17856292,0.0834,1651.0,0.2373199638554211,-0.017705228915663174,0.0834,25.3,77.5,,,,,,
2026-07-30T19:23:43.024766+00:00,S017,mounted,true,healthy,none,1300,healthy_horizontal_no_load_1300rpm,465403,1321,271,1621,2134,5,0,868673,9,211,73,0,2,1659,1495,1256,63,140,1637,16383,1663,1651,1644595,800,1875,2079,526360,11958,8,382551,1496,47534,563,465305119,465404332,0,465404341,465404856,3380948775,17874222,0.0834,1651.0,0.07389856848971332,-0.26596440792774745,0.0834,25.4,77.7,,,,,,
2026-07-30T19:23:43.116654+00:00,S017,mounted,true,healthy,none,1300,healthy_horizontal_no_load_1300rpm,465503,1321,269,1623,2132,1,0,868726,9,211,73,1,2,1659,1495,1217,63,140,1636,16383,1664,1654,1644693,800,2025,2233,526375,11956,8,382553,1496,47535,563,465405259,465504396,0,465504406,465504921,3381352287,17868244,0.0834,1651.0,0.3310841053864171,-0.015500817999331229,0.0834,25.43,77.8,,,,,,
2026-07-30T19:23:43.209708+00:00,S017,mounted,true,healthy,none,1300,healthy_horizontal_no_load_1300rpm,465603,1321,268,1626,2134,3,0,868779,9,211,73,0,3,1659,1495,1213,61,128,1637,16383,1665,1655,1644755,800,2027,2143,526404,11958,8,382559,1496,47536,563,465505322,465604431,0,465604446,465604961,3381583197,17874222,0.0834,1651.0,0.18052224736578015,-0.012733170597090115,0.0834,25.4,77.7,,,,,,
2026-07-30T19:23:43.351921+00:00,S017,mounted,true,healthy,none,1300,healthy_horizontal_no_load_1300rpm,465704,1312,267,1633,2143,2,0,868832,9,211,72,1,2,1659,1494,1217,64,129,1641,16383,1663,1653,1660491,808,2003,2095,526340,11955,8,382559,1496,47537,563,465605360,465705083,0,465705161,465705677,3412475255,17865257,0.0834,1651.0,0.10143033751568398,-0.051879662986198394,0.0834,25.27,77.5,,,,,,
2026-07-30T19:23:43.446269+00:00,S017,mounted,true,healthy,none,1300,healthy_horizontal_no_load_1300rpm,465804,1311,269,1635,2149,4,0,868884,9,211,73,0,2,1659,1494,1193,64,129,1638,16383,1664,1654,1644284,800,2029,2089,526338,11953,8,382556,1496,47538,563,465706078,465805165,0,465805239,465805754,3379635396,17859279,0.0834,1651.0,0.09201433004266679,-0.007987182548314653,0.0834,25.36,77.7,,,,,,
2026-07-30T19:23:43.541795+00:00,S017,mounted,true,healthy,none,1300,healthy_horizontal_no_load_1300rpm,465904,1311,269,1634,2148,5,0,868937,9,211,73,1,3,1659,1494,1201,64,147,1639,16383,1665,1651,1644048,800,2021,2187,526330,11954,8,382555,1496,47539,563,465806157,465905385,0,465905464,465905979,3378689550,17862268,0.0834,1651.0,0.2550452104734813,-0.021602496402878035,0.0834,25.33,77.6,,,,,,
2026-07-30T19:23:43.633096+00:00,S017,mounted,true,healthy,none,1300,healthy_horizontal_no_load_1300rpm,466005,1312,267,1635,2145,3,0,868989,9,211,73,1,2,1659,1495,1190,62,131,1635,16383,1662,1653,1660832,808,1913,2085,526337,11957,8,382559,1496,47540,563,465906380,466006052,0,466006062,466006580,3413883752,17871233,0.0834,1651.0,0.08418504599815968,-0.20239005611775518,0.0834,25.46,77.8,,,,,,
2026-07-30T19:23:43.728321+00:00,S017,mounted,true,healthy,none,1300,healthy_horizontal_no_load_1300rpm,466105,1314,268,1636,2147,2,0,869042,9,211,73,3,2,1659,1495,1214,62,131,1638,16383,1663,1651,1644136,800,1912,2087,526352,11958,8,382565,1496,47541,563,466006982,466106086,0,466106096,466106611,3379071816,17874222,0.0834,1651.0,0.08722652834922195,-0.2043225935775217,0.0834,25.36,77.7,,,,,,
2026-07-30T19:23:43.822396+00:00,S017,mounted,true,healthy,none,1300,healthy_horizontal_no_load_1300rpm,466205,1344,270,1599,2102,2,0,869096,9,211,73,3,2,1659,1494,1200,61,128,1639,16383,1664,1652,1644701,800,2001,2089,526343,11949,8,382553,1496,47542,563,466107013,466206148,0,466206158,466206673,3381358027,17847327,0.0834,1651.0,0.09317985664072292,-0.053538126788852836,0.0834,25.33,77.6,,,,,,
2026-07-30T19:23:43.915068+00:00,S017,mounted,true,healthy,none,1300,healthy_horizontal_no_load_1300rpm,466305,1361,272,1573,2073,3,0,869151,9,211,73,0,3,1659,1495,1222,61,128,1641,16383,1662,1651,1643757,800,1943,2081,526295,11957,8,382557,1496,47543,563,466207078,466306250,0,466306264,466306779,3377487355,17871233,0.0834,1651.0,0.07752050873964977,-0.15240602667893288,0.0834,25.27,77.5,,,,,,
2026-07-30T19:23:44.008607+00:00,S017,mounted,true,healthy,none,1300,healthy_horizontal_no_load_1300rpm,466405,1350,270,1583,2083,3,0,869205,9,211,73,2,2,1659,1494,1214,64,133,1637,16383,1663,1653,1644580,800,2027,2206,526360,11955,8,382557,1496,47544,563,466307179,466406281,0,466406295,466406810,3380876178,17865257,0.0834,1651.0,0.2864021859473018,-0.011885749811794355,0.0834,25.4,77.7,,,,,,
2026-07-30T19:23:44.148029+00:00,S017,mounted,true,healthy,none,1300,healthy_horizontal_no_load_1300rpm,466505,1340,270,1599,2103,2,0,869258,9,211,73,1,3,1659,1494,1214,67,133,1644,16383,1663,1654,1644869,800,1995,2163,526403,11954,8,382556,1496,47545,563,466407211,466506319,0,466506329,466506844,3382068131,17862268,0.0834,1651.0,0.21504795164798374,-0.06493286013050081,0.0834,25.18,77.3,,,,,,
2026-07-30T19:23:44.241083+00:00,S017,mounted,true,healthy,none,1300,healthy_horizontal_no_load_1300rpm,466605,1338,270,1602,2108,2,0,869312,9,211,73,0,2,1659,1495,1203,67,133,1641,16383,1664,1649,1644447,800,1967,2083,526403,11956,8,382558,1496,47546,563,466507245,466606373,0,466606382,466606897,3380327331,17868244,0.0834,1651.0,0.08114305486784845,-0.11214469086651091,0.0834,25.27,77.5,,,,,,
2026-07-30T19:23:44.332725+00:00,S017,mounted,true,healthy,none,1300,healthy_horizontal_no_load_1300rpm,466705,1312,268,1627,2139,4,0,869364,9,211,73,3,3,1659,1494,1227,63,133,1638,16383,1663,1651,1643736,800,2007,2207,526333,11954,8,382557,1496,47547,563,466607297,466706396,0,466706406,466706921,3377414900,17862266,0.0834,1651.0,0.28837625949472967,-0.0449342307177516,0.0834,25.36,77.7,,,,,,
2026-07-30T19:23:44.424853+00:00,S017,mounted,true,healthy,none,1300,healthy_horizontal_no_load_1300rpm,466806,1289,268,1663,2183,1,0,869416,9,211,73,0,3,1659,1494,1221,66,137,1632,16383,1662,1650,1660526,808,1931,2081,526329,11954,8,382556,1496,47548,563,466707326,466807216,0,466807290,466807805,3412623814,17862268,0.0834,1651.0,0.07839065066086626,-0.1715922169984947,0.0834,25.55,78.0,,,,,,
2026-07-30T19:23:44.517705+00:00,S017,mounted,true,healthy,none,1300,healthy_horizontal_no_load_1300rpm,466906,1290,268,1663,2183,2,0,869468,9,211,73,0,3,1659,1494,1222,66,137,1645,16383,1663,1652,1644083,800,2025,2081,526352,11955,8,382556,1496,47549,563,466808208,466907256,0,466907335,466907850,3378818239,17865255,0.0834,1651.0,0.07810055483061484,-0.015218575909661247,0.0834,25.15,77.3,,,,,,
2026-07-30T19:23:44.611906+00:00,S017,mounted,true,healthy,none,1300,healthy_horizontal_no_load_1300rpm,467006,1297,268,1653,2171,4,0,869520,9,211,73,0,2,1659,1494,1224,62,124,1643,16383,1661,1655,1643917,800,1857,2101,526338,11954,8,382555,1496,47550,563,466908249,467007299,0,467007377,467007892,3378175659,17862270,0.0834,1651.0,0.11172169968211465,-0.2949170983771121,0.0834,25.21,77.4,,,,,,
2026-07-30T19:23:44.753372+00:00,S017,mounted,true,healthy,none,1300,healthy_horizontal_no_load_1300rpm,467106,1298,268,1654,2170,1,0,869572,9,211,73,1,3,1659,1494,1232,62,124,1642,16383,1662,1655,1644221,800,2029,2086,526324,11954,8,382554,1496,47551,563,467008292,467107357,0,467107435,467107950,3379382549,17862270,0.0834,1651.0,0.08672341291617824,-0.008270076794378411,0.0834,25.24,77.4,,,,,,
2026-07-30T19:23:44.847322+00:00,S017,mounted,true,healthy,none,1300,healthy_horizontal_no_load_1300rpm,467206,1297,269,1652,2171,2,0,869624,9,211,73,1,2,1659,1494,1236,61,138,1640,16383,1662,1654,1643903,800,2015,2077,526348,11954,8,382553,1496,47552,563,467108352,467207395,0,467207474,467207989,3378073283,17862270,0.0834,1651.0,0.07172444085661667,-0.03160181110925242,0.0834,25.3,77.5,,,,,,
2026-07-30T19:23:44.940880+00:00,S017,mounted,true,healthy,none,1300,healthy_horizontal_no_load_1300rpm,467307,1298,268,1653,2169,4,0,869676,9,211,73,0,2,1659,1495,1245,63,133,1639,16383,1664,1651,1660524,808,1929,2088,526330,11958,8,382559,1496,47553,563,467208390,467308056,0,467308065,467308580,3412628360,17874222,0.0834,1651.0,0.08889252333166064,-0.17600067887606619,0.0834,25.33,77.6,,,,,,
2026-07-30T19:23:45.034599+00:00,S017,mounted,true,healthy,none,1300,healthy_horizontal_no_load_1300rpm,467407,1301,269,1650,2168,1,0,869728,9,211,73,1,2,1659,1494,1224,63,133,1645,16383,1663,1653,1644168,800,1907,2085,526346,11955,8,382559,1496,47554,563,467308979,467408203,0,467408212,467408727,3379189532,17865257,0.0834,1651.0,0.08476620702634818,-0.21185531568381455,0.0834,25.15,77.3,,,,,,
2026-07-30T19:23:45.129781+00:00,S017,mounted,true,healthy,none,1300,healthy_horizontal_no_load_1300rpm,467507,1305,269,1644,2160,2,0,869780,9,211,73,1,2,1659,1495,1254,64,137,1642,16383,1663,1654,1643922,800,1939,2109,526326,11957,8,382563,1496,47555,563,467409129,467508245,0,467508255,467508773,3378171262,17871233,0.0834,1651.0,0.12417226954921778,-0.1590705639374428,0.0834,25.24,77.4,,,,,,
2026-07-30T19:23:45.223240+00:00,S017,mounted,true,healthy,none,1300,healthy_horizontal_no_load_1300rpm,467607,1311,267,1638,2147,6,0,869833,9,211,72,0,2,1659,1494,1251,61,133,1635,16383,1665,1649,1643989,800,1915,2089,526333,11953,8,382559,1496,47556,563,467509174,467608295,0,467608309,467608824,3378452353,17859279,0.0834,1651.0,0.09201433004266679,-0.19799005647117918,0.0834,25.46,77.8,,,,,,
2026-07-30T19:23:45.316300+00:00,S017,mounted,true,healthy,none,1300,healthy_horizontal_no_load_1300rpm,467707,1311,269,1635,2149,5,0,869885,9,211,73,1,3,1659,1495,1213,61,133,1636,16383,1662,1653,1644195,800,2023,2085,526337,11957,8,382563,1496,47557,563,467609223,467708343,0,467708353,467708868,3379278021,17871233,0.0834,1651.0,0.08418504599815968,-0.019115281508739645,0.0834,25.43,77.8,,,,,,
2026-07-30T19:23:45.457913+00:00,S017,mounted,true,healthy,none,1300,healthy_horizontal_no_load_1300rpm,467807,1311,267,1639,2148,1,0,869938,9,211,73,0,2,1659,1494,1244,60,129,1639,16383,1663,1655,1644689,800,2014,2151,526363,11955,8,382563,1496,47558,563,467709274,467808363,0,467808377,467808892,3381319123,17865257,0.0834,1651.0,0.19474946825595918,-0.03354911944793004,0.0834,25.33,77.6,,,,,,
2026-07-30T19:23:45.551072+00:00,S017,mounted,true,healthy,none,1300,healthy_horizontal_no_load_1300rpm,467907,1312,269,1634,2147,2,0,869990,9,211,73,1,2,1659,1494,1218,60,129,1638,16383,1661,1654,1644127,800,2011,2075,526316,11955,8,382563,1496,47559,563,467809292,467908410,0,467908420,467908935,3378989313,17865255,0.0834,1651.0,0.06810207653701328,-0.03854835859473038,0.0834,25.36,77.7,,,,,,
2026-07-30T19:23:45.642857+00:00,S017,mounted,true,healthy,none,1300,healthy_horizontal_no_load_1300rpm,468008,1318,267,1628,2136,6,0,870043,9,211,73,0,2,1659,1494,1222,61,133,1648,16383,1662,1652,1660325,808,1943,2083,526342,11953,8,382559,1496,47560,563,467909340,468009065,0,468009139,468009654,3411801329,17859281,0.0834,1651.0,0.08201417878356887,-0.15132268392872117,0.0834,25.06,77.1,,,,,,
2026-07-30T19:23:45.737236+00:00,S017,mounted,true,healthy,none,1300,healthy_horizontal_no_load_1300rpm,468108,1322,267,1626,2132,4,0,870096,9,211,73,1,2,1659,1494,1224,64,139,1640,16383,1664,1655,1644861,800,1983,2083,526401,11954,8,382558,1496,47561,563,468010057,468109227,0,468109301,468109816,3382013449,17862266,0.0834,1651.0,0.0817237555629915,-0.08493148954324958,0.0834,25.3,77.5,,,,,,
2026-07-30T19:23:45.832259+00:00,S017,mounted,true,healthy,none,1300,healthy_horizontal_no_load_1300rpm,468208,1324,269,1618,2127,5,0,870149,9,211,73,0,2,1659,1494,1225,64,139,1645,16383,1664,1655,1644390,800,1927,2187,526354,11953,8,382555,1496,47562,563,468110221,468209286,0,468209360,468209875,3380125230,17859279,0.0834,1651.0,0.2553501339412696,-0.1779897539529829,0.0834,25.15,77.3,,,,,,
2026-07-30T19:23:45.923887+00:00,S017,mounted,true,healthy,none,1300,healthy_horizontal_no_load_1300rpm,468308,1324,269,1622,2130,1,0,870202,9,211,73,1,3,1659,1494,1251,65,139,1637,16383,1663,1654,1643947,800,2029,2081,526312,11954,8,382554,1496,47563,563,468210274,468309343,0,468309417,468309932,3378253859,17862268,0.0834,1651.0,0.07839065066086626,-0.008270076794378411,0.0834,25.4,77.7,,,,,,
2026-07-30T19:23:46.017546+00:00,S017,mounted,true,healthy,none,1300,healthy_horizontal_no_load_1300rpm,468408,1324,268,1622,2128,3,0,870255,9,211,73,1,2,1659,1494,1221,64,136,1643,16383,1662,1653,1643935,800,1974,2123,526326,11955,8,382554,1496,47564,563,468310337,468409417,0,468409491,468410006,3378223709,17865257,0.0834,1651.0,0.1480899028858218,-0.10020564140526966,0.0834,25.21,77.4,,,,,,
2026-07-30T19:23:46.157676+00:00,S017,mounted,true,healthy,none,1300,healthy_horizontal_no_load_1300rpm,468509,1316,265,1631,2134,2,0,870308,9,211,73,1,2,1659,1494,1235,64,136,1642,16383,1661,1652,1661032,808,1939,2179,526345,11954,8,382553,1496,47565,563,468410411,468510067,0,468510077,468510591,3414728220,17862268,0.0834,1651.0,0.2417127908649821,-0.15825979738999552,0.0834,25.24,77.4,,,,,,
2026-07-30T19:23:46.251107+00:00,S017,mounted,true,healthy,none,1300,healthy_horizontal_no_load_1300rpm,468609,1313,270,1631,2145,6,0,870361,9,211,73,0,3,1659,1494,1237,63,135,1641,16383,1663,1652,1644165,800,1953,2084,526334,11954,8,382552,1496,47566,563,468510993,468610112,0,468610126,468610641,3379161579,17862270,0.0834,1651.0,0.08339030801405345,-0.1349280630751215,0.0834,25.27,77.5,,,,,,
2026-07-30T19:23:46.348476+00:00,S017,mounted,true,healthy,none,1300,healthy_horizontal_no_load_1300rpm,468709,1312,267,1633,2143,5,0,870413,9,211,73,0,2,1659,1494,1218,63,135,1640,16383,1662,1653,1644550,800,2018,2215,526331,11953,8,382549,1496,47567,563,468611041,468710226,0,468710236,468710754,3380766608,17859281,0.0834,1651.0,0.3020175064837276,-0.02632079318999425,0.0834,25.3,77.5,,,,,,
2026-07-30T19:23:46.439169+00:00,S017,mounted,true,healthy,none,1300,healthy_horizontal_no_load_1300rpm,468809,1312,268,1637,2148,1,0,870466,9,211,73,0,2,1659,1495,1240,64,134,1641,16383,1663,1654,1644218,800,2027,2081,526353,11958,8,382555,1496,47568,563,468711154,468810246,0,468810255,468810770,3379367608,17874222,0.0834,1651.0,0.0772305584545907,-0.012733170597090115,0.0834,25.27,77.5,,,,,,
2026-07-30T19:23:46.531435+00:00,S017,mounted,true,healthy,none,1300,healthy_horizontal_no_load_1300rpm,468909,1313,269,1632,2145,2,0,870518,9,211,73,0,3,1659,1495,1212,60,122,1638,16383,1663,1653,1644437,800,2011,2165,526339,11956,8,382557,1496,47569,563,468811170,468910291,0,468910301,468910816,3380294985,17868246,0.0834,1651.0,0.21777749581799943,-0.03882864938106412,0.0834,25.36,77.7,,,,,,
2026-07-30T19:23:46.626203+00:00,S017,mounted,true,healthy,none,1300,healthy_horizontal_no_load_1300rpm,469009,1315,268,1632,2143,6,0,870571,9,211,73,1,2,1659,1495,1204,60,122,1636,16383,1663,1652,1644454,800,1989,2099,526345,11958,8,382563,1496,47570,563,468911215,469010343,0,469010353,469010868,3380350374,17874222,0.0834,1651.0,0.10721846813848446,-0.07604097992975456,0.0834,25.43,77.8,,,,,,
2026-07-30T19:23:46.766415+00:00,S017,mounted,true,healthy,none,1300,healthy_horizontal_no_load_1300rpm,469110,1319,269,1624,2135,4,0,870624,9,211,73,0,3,1659,1495,1204,61,112,1651,16383,1663,1653,1660514,808,1971,2107,526347,11957,8,382566,1496,47571,563,469011270,469111143,0,469111217,469111732,3412567722,17871233,0.0834,1651.0,0.12084000091996305,-0.10575426586936576,0.0834,24.97,76.9,,,,,,
2026-07-30T19:23:46.861494+00:00,S017,mounted,true,healthy,none,1300,healthy_horizontal_no_load_1300rpm,469210,1323,270,1619,2129,5,0,870677,9,211,73,0,3,1659,1494,1208,62,122,1643,16383,1664,1653,1644488,800,2027,2087,526357,11953,8,382562,1496,47572,563,469112132,469211309,0,469211383,469211897,3380479014,17859281,0.0834,1651.0,0.0886809462896343,-0.01132056630134759,0.0834,25.21,77.4,,,,,,
2026-07-30T19:23:46.955063+00:00,S017,mounted,true,healthy,none,1300,healthy_horizontal_no_load_1300rpm,469310,1323,270,1621,2132,1,0,870730,9,211,73,1,2,1659,1495,1211,62,122,1643,16383,1664,1654,1644863,800,2007,2163,526372,11957,8,382565,1496,47573,563,469212297,469311365,0,469311439,469311954,3382033391,17871233,0.0834,1651.0,0.21414352253909819,-0.045773430542778826,0.0834,25.21,77.4,,,,,,
2026-07-30T19:23:47.047948+00:00,S017,mounted,true,healthy,none,1300,healthy_horizontal_no_load_1300rpm,469410,1324,270,1619,2129,3,0,870783,9,211,73,1,2,1659,1494,1214,58,119,1645,16383,1663,1651,1644283,800,2021,2205,526335,11953,8,382561,1496,47574,563,469312354,469411417,0,469411491,469412006,3379660873,17859281,0.0834,1651.0,0.28535058771856425,-0.02132071756044507,0.0834,25.15,77.3,,,,,,
2026-07-30T19:23:47.141729+00:00,S017,mounted,true,healthy,none,1300,healthy_horizontal_no_load_1300rpm,469511,1320,265,1629,2131,2,0,870836,9,211,72,0,2,1659,1495,1227,58,119,1637,16383,1663,1655,1660844,808,2027,2203,526333,11956,8,382562,1496,47575,563,469412408,469512076,0,469512086,469512600,3413939186,17868244,0.0834,1651.0,0.2810958952827032,-0.012168270659083547,0.0834,25.4,77.7,,,,,,
2026-07-30T19:23:47.235454+00:00,S017,mounted,true,healthy,none,1300,healthy_horizontal_no_load_1300rpm,469611,1313,271,1630,2146,6,0,870889,9,211,73,1,3,1659,1494,1200,61,130,1637,16383,1661,1651,1644099,800,2033,2267,526314,11954,8,382560,1496,47576,563,469512999,469612127,0,469612137,469612652,3378951183,17862268,0.0834,1651.0,0.38836940655847396,-0.0016038669901288216,0.0834,25.4,77.7,,,,,,
2026-07-30T19:23:47.327448+00:00,S017,mounted,true,healthy,none,1300,healthy_horizontal_no_load_1300rpm,469711,1311,269,1635,2149,4,0,870942,9,211,73,0,2,1659,1494,1183,62,128,1642,16383,1664,1654,1644391,800,1975,2089,526380,11954,8,382558,1496,47577,563,469613057,469712198,0,469712213,469712728,3380086651,17862266,0.0834,1651.0,0.09172307026936588,-0.09826390915174832,0.0834,25.24,77.4,,,,,,
2026-07-30T19:23:47.469404+00:00,S017,mounted,true,healthy,none,1300,healthy_horizontal_no_load_1300rpm,469811,1303,265,1643,2152,1,0,870994,9,211,73,2,2,1659,1494,1213,62,128,1640,16383,1669,1650,1644301,800,1859,2249,526358,11951,8,382551,1496,47578,563,469713127,469812246,0,469812261,469812776,3379808417,17853305,0.0834,1651.0,0.35931232340389885,-0.2908062875909967,0.0834,25.3,77.5,,,,,,
2026-07-30T19:23:47.563849+00:00,S017,mounted,true,healthy,none,1300,healthy_horizontal_no_load_1300rpm,469911,1288,270,1664,2188,6,0,871045,9,211,73,0,2,1659,1494,1222,62,133,1640,16383,1663,1653,1644067,800,2023,2173,526329,11955,8,382551,1496,47579,563,469813177,469912460,0,469912470,469912985,3378762985,17865257,0.0834,1651.0,0.23141055533249633,-0.018551402007528583,0.0834,25.3,77.5,,,,,,
2026-07-30T19:23:47.658571+00:00,S017,mounted,true,healthy,none,1300,healthy_horizontal_no_load_1300rpm,470012,1288,269,1665,2188,5,0,871097,9,211,73,0,2,1659,1495,1222,61,140,1647,16383,1664,1655,1660904,808,1993,2093,526330,11959,8,382559,1496,47580,563,469913383,470012970,0,470013044,470013559,3414171150,17877211,0.0834,1651.0,0.09693092474287113,-0.06965464261225884,0.0834,25.09,77.2,,,,,,
2026-07-30T19:23:47.754494+00:00,S017,mounted,true,healthy,none,1300,healthy_horizontal_no_load_1300rpm,470112,1294,269,1655,2176,3,0,871149,9,211,73,0,2,1659,1495,1238,61,140,1639,16383,1662,1651,1644140,800,2006,2079,526323,11956,8,382561,1496,47581,563,470013962,470113111,0,470113185,470113700,3379053320,17868246,0.0834,1651.0,0.07447796018735353,-0.0471600177316831,0.0834,25.33,77.6,,,,,,
2026-07-30T19:23:47.847730+00:00,S017,mounted,true,healthy,none,1300,healthy_horizontal_no_load_1300rpm,470212,1296,268,1654,2171,6,0,871201,9,211,73,1,2,1659,1494,1211,65,142,1653,16383,1663,1652,1644446,800,1929,2117,526349,11954,8,382559,1496,47582,563,470114100,470213180,0,470213259,470213774,3380320860,17862266,0.0834,1651.0,0.138386538899113,-0.1749253219006195,0.0834,24.91,76.8,,,,,,
2026-07-30T19:23:47.941358+00:00,S017,mounted,true,healthy,none,1300,healthy_horizontal_no_load_1300rpm,470312,1305,271,1644,2163,5,0,871253,9,211,73,2,2,1659,1494,1204,65,142,1642,16383,1664,1655,1644444,800,2029,2125,526336,11953,8,382556,1496,47583,563,470214176,470313249,0,470313323,470313838,3380300516,17859281,0.0834,1651.0,0.15201523759725522,-0.007987182548314653,0.0834,25.24,77.4,,,,,,
2026-07-30T19:23:48.035319+00:00,S017,mounted,true,healthy,none,1300,healthy_horizontal_no_load_1300rpm,470412,1317,270,1627,2140,1,0,871306,9,211,73,1,3,1659,1494,1204,65,142,1638,16383,1663,1653,1644190,800,2015,2254,526335,11955,8,382556,1496,47584,563,470314243,470413308,0,470413382,470413897,3379319570,17865255,0.0834,1651.0,0.36639001229611035,-0.03188270639899615,0.0834,25.36,77.7,,,,,,
2026-07-30T19:23:48.127548+00:00,S017,mounted,true,healthy,none,1300,healthy_horizontal_no_load_1300rpm,470512,1323,270,1620,2131,3,0,871359,9,211,73,1,3,1659,1495,1232,65,132,1640,16383,1662,1654,1643983,800,1919,2081,526341,11958,8,382562,1496,47585,563,470414299,470513348,0,470513427,470513942,3378421127,17874222,0.0834,1651.0,0.0772305584545907,-0.1926606287004522,0.0834,25.3,77.5,,,,,,
2026-07-30T19:23:48.270274+00:00,S017,mounted,true,healthy,none,1300,healthy_horizontal_no_load_1300rpm,470612,1323,269,1619,2128,2,0,871412,9,211,73,0,2,1659,1495,1222,65,132,1643,16383,1663,1650,1643508,800,1898,2129,526298,11958,8,382567,1496,47586,563,470514343,470613413,0,470613492,470614007,3376484098,17874222,0.0834,1651.0,0.15719831761164027,-0.2276465233316607,0.0834,25.21,77.4,,,,,,
2026-07-30T19:23:48.363447+00:00,S017,mounted,true,healthy,none,1300,healthy_horizontal_no_load_1300rpm,470713,1323,271,1619,2131,6,0,871465,9,211,73,1,2,1659,1494,1233,63,122,1641,16383,1664,1651,1660717,808,2026,2087,526339,11952,8,382561,1496,47587,563,470614406,470714070,0,470714080,470714595,3413401467,17856292,0.0834,1651.0,0.08897197590361428,-0.0127047349397591,0.0834,25.27,77.5,,,,,,
2026-07-30T19:23:48.461490+00:00,S017,mounted,true,healthy,none,1300,healthy_horizontal_no_load_1300rpm,470813,1322,269,1620,2129,4,0,871518,9,211,73,1,3,1659,1494,1235,59,121,1638,16383,1665,1652,1644215,800,2019,2123,526340,11954,8,382559,1496,47588,563,470715000,470814125,0,470814134,470814649,3379368529,17862268,0.0834,1651.0,0.1483858536054874,-0.02493560130500283,0.0834,25.36,77.7,,,,,,
2026-07-30T19:23:48.551121+00:00,S017,mounted,true,healthy,none,1300,healthy_horizontal_no_load_1300rpm,470913,1314,270,1631,2145,1,0,871570,9,211,73,0,3,1659,1494,1250,59,121,1653,16383,1663,1654,1644422,800,2013,2091,526333,11953,8,382556,1496,47589,563,470815051,470914253,0,470914262,470914781,3380203230,17859281,0.0834,1651.0,0.09534771379569973,-0.03465425257257637,0.0834,24.91,76.8,,,,,,
2026-07-30T19:23:48.643881+00:00,S017,mounted,true,healthy,none,1300,healthy_horizontal_no_load_1300rpm,471013,1312,269,1635,2148,3,0,871623,9,211,73,0,2,1659,1495,1222,58,129,1646,16383,1665,1650,1644033,800,2017,2075,526339,11957,8,382560,1496,47590,563,470915180,471014283,0,471014292,471014807,3378608281,17871233,0.0834,1651.0,0.06752370285188558,-0.029112087396504283,0.0834,25.12,77.2,,,,,,
2026-07-30T19:23:48.738356+00:00,S017,mounted,true,healthy,none,1300,healthy_horizontal_no_load_1300rpm,471113,1316,269,1630,2142,2,0,871676,9,211,73,1,3,1659,1495,1238,58,129,1647,16383,1663,1655,1644667,800,2003,2225,526370,11958,8,382566,1496,47591,563,471015210,471114318,0,471114332,471114847,3381242879,17874222,0.0834,1651.0,0.31713383592573985,-0.05271705017561468,0.0834,25.09,77.2,,,,,,
2026-07-30T19:23:48.830603+00:00,S017,mounted,true,healthy,none,1300,healthy_horizontal_no_load_1300rpm,471213,1321,270,1623,2134,4,0,871728,9,211,73,1,3,1659,1494,1251,61,139,1639,16383,1662,1652,1644212,800,2021,2081,526363,11955,8,382566,1496,47592,563,471115249,471214379,0,471214388,471214903,3379346064,17865255,0.0834,1651.0,0.07810055483061484,-0.021884228105395476,0.0834,25.33,77.6,,,,,,
2026-07-30T19:23:48.972352+00:00,S017,mounted,true,healthy,none,1300,healthy_horizontal_no_load_1300rpm,471313,1322,269,1621,2130,5,0,871781,9,211,73,1,2,1659,1494,1237,63,142,1645,16383,1663,1652,1644326,800,2015,2080,526348,11953,8,382562,1496,47593,563,471215304,471314406,0,471314415,471314930,3379820042,17859279,0.0834,1651.0,0.07701410315401969,-0.031320868819543435,0.0834,25.15,77.3,,,,,,
2026-07-30T19:23:49.066891+00:00,S017,mounted,true,healthy,none,1300,healthy_horizontal_no_load_1300rpm,471414,1323,270,1620,2131,5,0,871835,9,211,73,1,3,1659,1494,1240,63,142,1641,16383,1664,1653,1660750,808,1939,2195,526340,11952,8,382556,1496,47594,563,471315332,471415163,0,471415242,471415757,3413577362,17856290,0.0834,1651.0,0.2689897590361445,-0.15771906024096438,0.0834,25.27,77.5,,,,,,
2026-07-30T19:23:49.160651+00:00,S017,mounted,true,healthy,none,1300,healthy_horizontal_no_load_1300rpm,471514,1323,270,1617,2128,1,0,871888,9,211,73,0,3,1659,1494,1235,67,140,1641,16383,1663,1651,1644193,800,2025,2083,526338,11954,8,382555,1496,47595,563,471416158,471515356,0,471515430,471515945,3379264949,17862268,0.0834,1651.0,0.0817237555629915,-0.014936286598628001,0.0834,25.27,77.5,,,,,,
2026-07-30T19:23:49.255672+00:00,S017,mounted,true,healthy,none,1300,healthy_horizontal_no_load_1300rpm,471614,1319,269,1624,2134,3,0,871941,9,211,73,1,3,1659,1494,1243,67,141,1638,16383,1663,1651,1644127,800,1946,2155,526362,11952,8,382550,1496,47596,563,471516345,471615423,0,471615502,471616017,3379022507,17856292,0.0834,1651.0,0.20231650602409612,-0.1460512409638559,0.0834,25.36,77.7,,,,,,
2026-07-30T19:23:49.349449+00:00,S017,mounted,true,healthy,none,1300,healthy_horizontal_no_load_1300rpm,471715,1312,268,1634,2146,2,0,871994,9,211,73,1,3,1659,1495,1223,67,141,1641,16383,1662,1653,1660421,808,2025,2083,526327,11957,8,382554,1496,47597,563,471616418,471716067,0,471716081,471716596,3412183995,17871233,0.0834,1651.0,0.08085277736890495,-0.01578301287948536,0.0834,25.27,77.5,,,,,,
2026-07-30T19:23:49.444320+00:00,S017,mounted,true,healthy,none,1300,healthy_horizontal_no_load_1300rpm,471815,1312,269,1634,2147,4,0,872046,9,211,73,0,3,1659,1494,1251,65,134,1643,16383,1662,1653,1643941,800,1990,2087,526336,11954,8,382553,1496,47598,563,471716998,471816142,0,471816152,471816667,3378235863,17862270,0.0834,1651.0,0.08838996536724109,-0.07326562238581236,0.0834,25.21,77.4,,,,,,
2026-07-30T19:23:49.538842+00:00,S017,mounted,true,healthy,none,1300,healthy_horizontal_no_load_1300rpm,471915,1315,268,1633,2143,5,0,872099,9,211,73,1,2,1659,1494,1232,65,134,1635,16383,1664,1651,1644998,800,2025,2084,526396,11954,8,382552,1496,47599,563,471817070,471916227,0,471916241,471916756,3382578846,17862266,0.0834,1651.0,0.08339030801405345,-0.014936286598628001,0.0834,25.46,77.8,,,,,,
2026-07-30T19:23:49.634693+00:00,S017,mounted,true,healthy,none,1300,healthy_horizontal_no_load_1300rpm,472015,1322,269,1621,2131,1,0,872152,9,211,73,0,3,1659,1494,1240,64,124,1636,16383,1663,1652,1644541,800,1988,2265,526340,11954,8,382551,1496,47600,563,471917158,472016410,0,472016420,472016935,3380762541,17862270,0.0834,1651.0,0.38503630165634917,-0.07659872728793715,0.0834,25.43,77.8,,,,,,
2026-07-30T19:23:49.775269+00:00,S017,mounted,true,healthy,none,1300,healthy_horizontal_no_load_1300rpm,472116,1322,270,1622,2133,3,0,872205,9,211,74,0,3,1659,1494,1235,65,132,1624,16383,1663,1651,1660418,808,1963,2085,526330,11955,8,382551,1496,47601,563,472017334,472117050,0,472117124,472117639,3412173142,17865257,0.0834,1651.0,0.08476620702634818,-0.11853618494353846,0.0834,25.79,78.4,,,,,,
2026-07-30T19:23:49.868850+00:00,S017,mounted,true,healthy,none,1300,healthy_horizontal_no_load_1300rpm,472216,1314,269,1629,2142,2,0,872258,9,211,73,1,3,1659,1494,1211,65,132,1626,16383,1662,1653,1643742,800,1943,2175,526302,11955,8,382551,1496,47602,563,472118038,472217103,0,472217181,472217696,3377445598,17865259,0.0834,1651.0,0.23474338143036366,-0.1518644459222087,0.0834,25.73,78.3,,,,,,
2026-07-30T19:23:49.962516+00:00,S017,mounted,true,healthy,none,1300,healthy_horizontal_no_load_1300rpm,472316,1312,268,1633,2144,4,0,872310,9,211,73,0,3,1659,1494,1205,66,139,1633,16383,1663,1648,1643702,800,1917,2078,526294,11952,8,382546,1496,47603,563,472218098,472317185,0,472317259,472317774,3377298218,17856294,0.0834,1651.0,0.07397049397590338,-0.19438934939759056,0.0834,25.52,77.9,,,,,,
2026-07-30T19:23:50.056433+00:00,S017,mounted,true,healthy,none,1300,healthy_horizontal_no_load_1300rpm,472416,1314,270,1631,2146,5,0,872363,9,211,73,0,2,1659,1495,1229,62,135,1638,16383,1664,1651,1644229,800,2022,2221,526298,11956,8,382548,1496,47604,563,472318174,472417242,0,472417316,472417831,3379462675,17868244,0.0834,1651.0,0.31108882134493143,-0.02049963900970253,0.0834,25.36,77.7,,,,,,
2026-07-30T19:23:50.150859+00:00,S017,mounted,true,healthy,none,1300,healthy_horizontal_no_load_1300rpm,472517,1321,269,1622,2132,1,0,872416,9,211,73,1,2,1659,1494,1226,62,135,1642,16383,1662,1650,1660898,808,1927,2137,526327,11953,8,382545,1496,47605,563,472418231,472518047,0,472518056,472518572,3414159146,17859279,0.0834,1651.0,0.17201554011545195,-0.1779897539529829,0.0834,25.24,77.4,,,,,,
2026-07-30T19:23:50.244628+00:00,S017,mounted,true,healthy,none,1300,healthy_horizontal_no_load_1300rpm,472617,1324,269,1620,2129,3,0,872469,9,211,73,1,2,1659,1495,1221,65,141,1644,16383,1664,1652,1644504,800,1871,2095,526345,11956,8,382547,1496,47606,563,472518977,472618095,0,472618104,472618620,3380582058,17868244,0.0834,1651.0,0.1011383389093341,-0.27210696319839434,0.0834,25.18,77.3,,,,,,
2026-07-30T19:23:50.339830+00:00,S017,mounted,true,healthy,none,1300,healthy_horizontal_no_load_1300rpm,472717,1323,269,1621,2130,2,0,872522,9,211,73,0,3,1659,1494,1230,65,141,1648,16383,1663,1653,1643892,800,1906,2079,526334,11953,8,382544,1496,47607,563,472619025,472718110,0,472718119,472718634,3378045402,17859279,0.0834,1651.0,0.075347411277503,-0.21299028335982628,0.0834,25.06,77.1,,,,,,
2026-07-30T19:23:50.481535+00:00,S017,mounted,true,healthy,none,1300,healthy_horizontal_no_load_1300rpm,472817,1323,271,1616,2128,6,0,872575,9,211,73,1,2,1659,1495,1213,67,144,1648,16383,1663,1651,1643659,800,1983,2086,526308,11957,8,382549,1496,47608,563,472719037,472818169,0,472818179,472818694,3377079001,17871233,0.0834,1651.0,0.08585118031278727,-0.08576065409383649,0.0834,25.06,77.1,,,,,,
2026-07-30T19:23:50.574790+00:00,S017,mounted,true,healthy,none,1300,healthy_horizontal_no_load_1300rpm,472917,1322,269,1620,2129,4,0,872628,9,211,73,1,3,1659,1494,1224,70,146,1641,16383,1664,1652,1644326,800,1935,2084,526354,11953,8,382546,1496,47609,563,472819099,472918200,0,472918210,472918725,3379829014,17859279,0.0834,1651.0,0.08368087066008512,-0.16465621894085203,0.0834,25.27,77.5,,,,,,
2026-07-30T19:23:50.666851+00:00,S017,mounted,true,healthy,none,1300,healthy_horizontal_no_load_1300rpm,473017,1313,266,1633,2141,1,0,872680,9,211,73,0,2,1659,1495,1231,70,146,1645,16383,1664,1651,1644421,800,2021,2087,526351,11957,8,382550,1496,47610,563,472919126,473018346,0,473018355,473018871,3380208375,17871233,0.0834,1651.0,0.08751731462741441,-0.02244755013799482,0.0834,25.15,77.3,,,,,,
2026-07-30T19:23:50.761319+00:00,S017,mounted,true,healthy,none,1300,healthy_horizontal_no_load_1300rpm,473117,1311,268,1635,2146,3,0,872733,9,211,73,0,3,1659,1494,1221,68,144,1643,16383,1663,1650,1643778,800,1929,2095,526330,11950,8,382541,1496,47611,563,473019270,473118393,0,473118402,473118917,3377573970,17850316,0.0834,1651.0,0.10289106359832623,-0.17384924502092103,0.0834,25.21,77.4,,,,,,
2026-07-30T19:23:50.855395+00:00,S017,mounted,true,healthy,none,1300,healthy_horizontal_no_load_1300rpm,473217,1312,268,1635,2147,2,0,872786,9,211,72,0,2,1659,1494,1200,69,142,1640,16383,1662,1652,1644852,800,2003,2147,526347,11952,8,382537,1496,47612,563,473119317,473218422,0,473218437,473218952,3381988526,17856292,0.0834,1651.0,0.18898185542168688,-0.05104185542168693,0.0834,25.3,77.5,,,,,,
2026-07-30T19:23:50.962954+00:00,S017,mounted,true,healthy,none,1300,healthy_horizontal_no_load_1300rpm,473318,1311,270,1635,2150,4,0,872838,9,211,73,0,2,1659,1494,1213,69,142,1628,16383,1662,1653,1660674,808,2015,2087,526321,11954,8,382537,1496,47613,563,473219351,473319053,0,473319127,473319641,3413220504,17862268,0.0834,1651.0,0.08838996536724109,-0.03160181110925242,0.0834,25.67,78.2,,,,,,
2026-07-30T19:23:51.056912+00:00,S017,mounted,true,healthy,none,1300,healthy_horizontal_no_load_1300rpm,473418,1310,270,1635,2150,5,0,872891,9,211,73,0,2,1659,1495,1200,67,138,1638,16383,1663,1653,1644360,800,1975,2131,526334,11956,8,382540,1496,47614,563,473320041,473419106,0,473419184,473419699,3379964490,17868244,0.0834,1651.0,0.1611241910337906,-0.09881450150552062,0.0834,25.36,77.7,,,,,,
2026-07-30T19:23:51.149036+00:00,S017,mounted,true,healthy,none,1300,healthy_horizontal_no_load_1300rpm,473518,1310,269,1636,2150,3,0,872943,9,211,73,0,2,1659,1494,1218,67,138,1628,16383,1664,1651,1644216,800,2029,2079,526331,11954,8,382540,1496,47615,563,473420099,473519308,0,473519382,473519896,3379360730,17862270,0.0834,1651.0,0.07505754575874146,-0.008270076794378411,0.0834,25.67,78.2,,,,,,
2026-07-30T19:23:51.245770+00:00,S017,mounted,true,healthy,none,1300,healthy_horizontal_no_load_1300rpm,473618,1310,267,1637,2147,2,0,872996,9,211,73,1,2,1659,1494,1217,66,139,1636,16383,1664,1655,1644891,800,1971,2190,526357,11955,8,382541,1496,47616,563,473520297,473619347,0,473619421,473619936,3382162255,17865259,0.0834,1651.0,0.25973957716436624,-0.10520488055207045,0.0834,25.43,77.8,,,,,,
2026-07-30T19:23:51.385115+00:00,S017,mounted,true,healthy,none,1300,healthy_horizontal_no_load_1300rpm,473718,1314,270,1634,2148,4,0,873048,9,211,73,1,3,1659,1494,1243,65,136,1639,16383,1664,1653,1644501,800,2027,2083,526367,11952,8,382537,1496,47617,0,473620337,473719380,0,473719454,473719969,3380533559,17856292,0.0834,1651.0,0.08230465060240943,-0.011037903614457889,0.0834,25.33,77.6,,,,,,
2026-07-30T19:23:51.467271+00:00,S017,mounted,true,healthy,none,1300,healthy_horizontal_no_load_1300rpm,473818,1180,467,1622,2613,1,0,873094,9,211,120,112,25,1657,1494,1213,65,136,1646,16383,1662,1647,1640010,800,2023,2078,525883,11955,8,382538,1496,47618,0,473720366,473819436,0,473819514,473820029,3362104710,17865255,0.0758,1651.0,0.07310131568381406,-0.018551402007528583,0.0758,25.12,77.2,,,,,,
2026-07-30T19:23:51.571906+00:00,S017,mounted,true,healthy,none,1300,healthy_horizontal_no_load_1300rpm,473919,584,1803,2342,10056,2,0,873110,9,211,428,402,147,1656,1494,1224,62,123,1642,16383,1658,1643,1653863,808,2019,2067,525349,11950,8,382530,1496,47619,0,473820431,473920078,0,473920087,473920602,3385275685,17850314,0.072,1651.0,0.05621197539748923,-0.023809318661088152,0.072,25.24,77.4,,,,,,
2026-07-30T19:23:51.664967+00:00,S017,mounted,true,healthy,none,1300,healthy_horizontal_no_load_1300rpm,474019,584,1803,2342,10056,6,0,873111,9,211,428,402,147,1654,1494,1216,62,122,1641,16383,1656,1647,1636852,800,2019,2071,524908,11950,8,382522,1496,47620,0,473921006,474020148,0,474020157,474020672,3349154912,17850314,0.0644,1651.0,0.06288041656903731,-0.023809318661088152,0.0644,25.27,77.5,,,,,,
2026-07-30T19:23:51.758575+00:00,S017,mounted,true,healthy,none,1300,healthy_horizontal_no_load_1300rpm,474119,584,1803,2342,10056,6,0,873111,9,211,428,402,147,1653,1495,1214,62,122,1641,16383,1654,1645,1636459,800,2024,2067,524548,11956,8,382526,1496,47621,0,474021076,474120168,0,474120177,474120692,3347542865,17868244,0.0606,1651.0,0.05448267614586788,-0.017167091669454848,0.0606,25.27,77.5,,,,,,
2026-07-30T19:23:51.852963+00:00,S017,mounted,true,healthy,none,1300,healthy_horizontal_no_load_1300rpm,474219,584,1803,2342,10056,6,0,873111,9,211,428,402,147,1652,1494,1229,61,121,1640,16383,1654,1645,1636140,800,2019,2068,524303,11950,8,382519,1496,47622,0,474121096,474220214,0,474220223,474220739,3346238210,17850318,0.0568,1651.0,0.057879085690376364,-0.023809318661088152,0.0568,25.3,77.5,,,,,,
2026-07-30T19:23:51.946445+00:00,S017,mounted,true,healthy,none,1300,healthy_horizontal_no_load_1300rpm,474319,0,1803,2342,10056,6,0,873111,9,249,428,402,147,1652,1494,1226,61,121,1640,16351,1654,1644,1636048,800,2021,2071,524127,11952,8,382516,1496,47623,0,474221142,474320267,0,474320278,474320793,3345867268,17856290,0.0568,1651.0,0.06230267469879491,-0.021038891566265594,0.0568,25.3,77.5,,,,,,
2026-07-30T19:23:52.086365+00:00,S017,mounted,true,healthy,none,1300,healthy_horizontal_no_load_1300rpm,474419,0,1803,2342,10056,6,0,873111,9,249,428,402,147,1652,1494,1243,60,113,1640,16351,1656,1645,1636322,800,2021,2069,524020,11949,8,382507,1496,47624,0,474321192,474420331,0,474420341,474420857,3346987952,17847329,0.0568,1651.0,0.05983486040672803,-0.020193130554858385,0.0568,25.3,77.5,,,,,,
2026-07-30T19:23:52.180227+00:00,S017,mounted,true,healthy,none,1300,healthy_horizontal_no_load_1300rpm,474519,0,1803,2342,10056,6,0,873111,9,249,428,402,147,1652,1494,1211,61,119,1640,16351,1654,1646,1636163,800,2021,2068,523991,11951,8,382503,1496,47625,0,474421256,474520393,0,474520404,474520919,3346334723,17853303,0.0568,1651.0,0.05759060907037039,-0.020757018408501526,0.0568,25.3,77.5,,,,,,
