iso_time,session_id,fixture_state,valid_for_classifier,condition,severity,speed_setpoint_rpm,label,t_ms,rpm,ripple_permil,min_us,max_us,hall,illegal,edges,step,coast_ms,period_std_permil,mech1x_permil,elec_permil,accel_rms_g,accel_pk_g,temp_motor_c,temp_ambient_c,i_u_a,i_v_a,i_w_a,i_dc_a,modbus_rpm,modbus_fault
2026-06-21T03:35:52.663702+00:00,S028,commissioning_unmounted,false,phase_asymmetry,mild,1100,phase_asymmetry-mild_horizontal_no_load_1100rpm,2606484,1102,267,1957,2563,1,50,1199799,9,551,74,1,2,,,,,,,,,,
2026-06-21T03:35:52.803059+00:00,S028,commissioning_unmounted,false,phase_asymmetry,mild,1100,phase_asymmetry-mild_horizontal_no_load_1100rpm,2606584,1102,266,1949,2553,6,50,1199844,9,551,74,1,2,,,,,,,,,,
2026-06-21T03:35:52.897182+00:00,S028,commissioning_unmounted,false,phase_asymmetry,mild,1100,phase_asymmetry-mild_horizontal_no_load_1100rpm,2606684,1101,269,1949,2560,3,50,1199888,9,551,74,1,2,,,,,,,,,,
2026-06-21T03:35:52.990156+00:00,S028,commissioning_unmounted,false,phase_asymmetry,mild,1100,phase_asymmetry-mild_horizontal_no_load_1100rpm,2606784,1103,271,1946,2561,5,50,1199932,9,551,75,1,2,,,,,,,,,,
2026-06-21T03:35:53.083671+00:00,S028,commissioning_unmounted,false,phase_asymmetry,mild,1100,phase_asymmetry-mild_horizontal_no_load_1100rpm,2606884,1102,271,1951,2566,6,50,1199976,9,551,75,0,2,,,,,,,,,,
2026-06-21T03:35:53.176951+00:00,S028,commissioning_unmounted,false,phase_asymmetry,mild,1100,phase_asymmetry-mild_horizontal_no_load_1100rpm,2606984,1102,269,1954,2566,3,50,1200020,9,551,75,1,2,,,,,,,,,,
2026-06-21T03:35:53.271230+00:00,S028,commissioning_unmounted,false,phase_asymmetry,mild,1100,phase_asymmetry-mild_horizontal_no_load_1100rpm,2607084,1102,268,1949,2557,5,50,1200064,9,551,74,1,2,,,,,,,,,,
2026-06-21T03:35:53.365216+00:00,S028,commissioning_unmounted,false,phase_asymmetry,mild,1100,phase_asymmetry-mild_horizontal_no_load_1100rpm,2607184,1102,265,1959,2560,6,50,1200108,9,551,74,1,2,,,,,,,,,,
2026-06-21T03:35:53.458247+00:00,S028,commissioning_unmounted,false,phase_asymmetry,mild,1100,phase_asymmetry-mild_horizontal_no_load_1100rpm,2607284,1102,269,1946,2558,3,50,1200152,9,551,75,1,3,,,,,,,,,,
2026-06-21T03:35:53.594470+00:00,S028,commissioning_unmounted,false,phase_asymmetry,mild,1100,phase_asymmetry-mild_horizontal_no_load_1100rpm,2607384,1102,272,1946,2565,5,50,1200196,9,551,75,1,2,,,,,,,,,,
2026-06-21T03:35:53.694782+00:00,S028,commissioning_unmounted,false,phase_asymmetry,mild,1100,phase_asymmetry-mild_horizontal_no_load_1100rpm,2607484,1102,271,1949,2564,2,50,1200241,9,551,75,0,2,,,,,,,,,,
2026-06-21T03:35:53.788174+00:00,S028,commissioning_unmounted,false,phase_asymmetry,mild,1100,phase_asymmetry-mild_horizontal_no_load_1100rpm,2607584,1101,270,1949,2563,1,50,1200285,9,551,75,1,2,,,,,,,,,,
2026-06-21T03:35:53.880852+00:00,S028,commissioning_unmounted,false,phase_asymmetry,mild,1100,phase_asymmetry-mild_horizontal_no_load_1100rpm,2607684,1102,270,1949,2563,4,50,1200329,9,551,75,1,2,,,,,,,,,,
2026-06-21T03:35:53.973808+00:00,S028,commissioning_unmounted,false,phase_asymmetry,mild,1100,phase_asymmetry-mild_horizontal_no_load_1100rpm,2607784,1101,269,1946,2557,2,50,1200373,9,551,74,1,2,,,,,,,,,,
2026-06-21T03:35:54.066972+00:00,S028,commissioning_unmounted,false,phase_asymmetry,mild,1100,phase_asymmetry-mild_horizontal_no_load_1100rpm,2607884,1101,272,1949,2566,1,50,1200417,9,551,74,1,2,,,,,,,,,,
2026-06-21T03:35:54.160333+00:00,S028,commissioning_unmounted,false,phase_asymmetry,mild,1100,phase_asymmetry-mild_horizontal_no_load_1100rpm,2607984,1102,263,1962,2560,4,50,1200461,9,551,74,1,2,,,,,,,,,,
2026-06-21T03:35:54.301184+00:00,S028,commissioning_unmounted,false,phase_asymmetry,mild,1100,phase_asymmetry-mild_horizontal_no_load_1100rpm,2608084,1102,267,1949,2556,2,50,1200505,9,551,74,1,2,,,,,,,,,,
2026-06-21T03:35:54.394886+00:00,S028,commissioning_unmounted,false,phase_asymmetry,mild,1100,phase_asymmetry-mild_horizontal_no_load_1100rpm,2608184,1102,268,1954,2563,1,50,1200549,9,551,74,0,2,,,,,,,,,,
2026-06-21T03:35:54.487142+00:00,S028,commissioning_unmounted,false,phase_asymmetry,mild,1100,phase_asymmetry-mild_horizontal_no_load_1100rpm,2608284,1102,269,1949,2561,4,50,1200593,9,551,74,1,1,,,,,,,,,,
2026-06-21T03:35:54.581361+00:00,S028,commissioning_unmounted,false,phase_asymmetry,mild,1100,phase_asymmetry-mild_horizontal_no_load_1100rpm,2608384,1102,271,1949,2565,2,50,1200637,9,551,74,1,2,,,,,,,,,,
2026-06-21T03:35:54.675704+00:00,S028,commissioning_unmounted,false,phase_asymmetry,mild,1100,phase_asymmetry-mild_horizontal_no_load_1100rpm,2608484,1102,271,1944,2560,1,50,1200681,9,551,75,0,2,,,,,,,,,,
2026-06-21T03:35:54.768212+00:00,S028,commissioning_unmounted,false,phase_asymmetry,mild,1100,phase_asymmetry-mild_horizontal_no_load_1100rpm,2608584,1102,268,1949,2558,4,50,1200725,9,551,75,1,3,,,,,,,,,,
2026-06-21T03:35:54.860803+00:00,S028,commissioning_unmounted,false,phase_asymmetry,mild,1100,phase_asymmetry-mild_horizontal_no_load_1100rpm,2608684,1103,271,1946,2561,3,50,1200770,9,551,75,1,2,,,,,,,,,,
2026-06-21T03:35:54.954828+00:00,S028,commissioning_unmounted,false,phase_asymmetry,mild,1100,phase_asymmetry-mild_horizontal_no_load_1100rpm,2608784,1101,270,1949,2563,5,50,1200814,9,551,75,1,2,,,,,,,,,,
2026-06-21T03:35:55.094773+00:00,S028,commissioning_unmounted,false,phase_asymmetry,mild,1100,phase_asymmetry-mild_horizontal_no_load_1100rpm,2608884,1102,268,1949,2557,6,50,1200858,9,551,74,0,2,,,,,,,,,,
2026-06-21T03:35:55.188775+00:00,S028,commissioning_unmounted,false,phase_asymmetry,mild,1100,phase_asymmetry-mild_horizontal_no_load_1100rpm,2608984,1102,270,1949,2563,3,50,1200902,9,551,74,1,2,,,,,,,,,,
2026-06-21T03:35:55.282663+00:00,S028,commissioning_unmounted,false,phase_asymmetry,mild,1100,phase_asymmetry-mild_horizontal_no_load_1100rpm,2609084,1102,268,1954,2563,5,50,1200946,9,551,75,1,2,,,,,,,,,,
2026-06-21T03:35:55.375886+00:00,S028,commissioning_unmounted,false,phase_asymmetry,mild,1100,phase_asymmetry-mild_horizontal_no_load_1100rpm,2609184,1101,270,1952,2565,6,50,1200990,9,551,74,1,2,,,,,,,,,,
2026-06-21T03:35:55.468927+00:00,S028,commissioning_unmounted,false,phase_asymmetry,mild,1100,phase_asymmetry-mild_horizontal_no_load_1100rpm,2609284,1102,272,1946,2563,3,50,1201034,9,551,75,0,2,,,,,,,,,,
2026-06-21T03:35:55.562698+00:00,S028,commissioning_unmounted,false,phase_asymmetry,mild,1100,phase_asymmetry-mild_horizontal_no_load_1100rpm,2609384,1101,269,1949,2560,5,50,1201078,9,551,74,1,2,,,,,,,,,,
2026-06-21T03:35:55.656461+00:00,S028,commissioning_unmounted,false,phase_asymmetry,mild,1100,phase_asymmetry-mild_horizontal_no_load_1100rpm,2609484,1102,269,1949,2560,6,50,1201122,9,551,75,0,2,,,,,,,,,,
2026-06-21T03:35:55.797397+00:00,S028,commissioning_unmounted,false,phase_asymmetry,mild,1100,phase_asymmetry-mild_horizontal_no_load_1100rpm,2609584,1102,268,1956,2564,3,50,1201166,9,551,74,1,2,,,,,,,,,,
2026-06-21T03:35:55.891744+00:00,S028,commissioning_unmounted,false,phase_asymmetry,mild,1100,phase_asymmetry-mild_horizontal_no_load_1100rpm,2609684,1101,269,1951,2563,4,50,1201211,9,551,74,1,2,,,,,,,,,,
2026-06-21T03:35:55.986857+00:00,S028,commissioning_unmounted,false,phase_asymmetry,mild,1100,phase_asymmetry-mild_horizontal_no_load_1100rpm,2609784,1102,269,1949,2560,2,50,1201255,9,551,75,1,2,,,,,,,,,,
2026-06-21T03:35:56.080649+00:00,S028,commissioning_unmounted,false,phase_asymmetry,mild,1100,phase_asymmetry-mild_horizontal_no_load_1100rpm,2609884,1102,270,1949,2563,1,50,1201299,9,551,75,0,2,,,,,,,,,,
2026-06-21T03:35:56.173715+00:00,S028,commissioning_unmounted,false,phase_asymmetry,mild,1100,phase_asymmetry-mild_horizontal_no_load_1100rpm,2609984,1102,271,1946,2561,4,50,1201343,9,551,75,1,3,,,,,,,,,,
2026-06-21T03:35:56.267646+00:00,S028,commissioning_unmounted,false,phase_asymmetry,mild,1100,phase_asymmetry-mild_horizontal_no_load_1100rpm,2610084,1102,268,1954,2563,2,50,1201387,9,551,75,1,2,,,,,,,,,,
2026-06-21T03:35:56.360156+00:00,S028,commissioning_unmounted,false,phase_asymmetry,mild,1100,phase_asymmetry-mild_horizontal_no_load_1100rpm,2610184,1102,269,1949,2561,1,50,1201431,9,551,74,1,2,,,,,,,,,,
2026-06-21T03:35:56.453114+00:00,S028,commissioning_unmounted,false,phase_asymmetry,mild,1100,phase_asymmetry-mild_horizontal_no_load_1100rpm,2610284,1101,271,1951,2566,4,50,1201475,9,551,75,0,2,,,,,,,,,,
2026-06-21T03:35:56.594005+00:00,S028,commissioning_unmounted,false,phase_asymmetry,mild,1100,phase_asymmetry-mild_horizontal_no_load_1100rpm,2610384,1101,268,1954,2563,2,50,1201519,9,551,75,1,2,,,,,,,,,,
2026-06-21T03:35:56.686939+00:00,S028,commissioning_unmounted,false,phase_asymmetry,mild,1100,phase_asymmetry-mild_horizontal_no_load_1100rpm,2610484,1102,269,1952,2563,1,50,1201563,9,551,75,1,2,,,,,,,,,,
2026-06-21T03:35:56.780737+00:00,S028,commissioning_unmounted,false,phase_asymmetry,mild,1100,phase_asymmetry-mild_horizontal_no_load_1100rpm,2610584,1102,265,1957,2560,4,50,1201607,9,551,74,1,2,,,,,,,,,,
2026-06-21T03:35:56.890100+00:00,S028,commissioning_unmounted,false,phase_asymmetry,mild,1100,phase_asymmetry-mild_horizontal_no_load_1100rpm,2610684,1101,269,1951,2563,2,50,1201651,9,551,75,1,2,,,,,,,,,,
2026-06-21T03:35:56.984703+00:00,S028,commissioning_unmounted,false,phase_asymmetry,mild,1100,phase_asymmetry-mild_horizontal_no_load_1100rpm,2610784,1102,269,1952,2563,1,50,1201695,9,551,75,1,2,,,,,,,,,,
2026-06-21T03:35:57.078654+00:00,S028,commissioning_unmounted,false,phase_asymmetry,mild,1100,phase_asymmetry-mild_horizontal_no_load_1100rpm,2610884,1101,271,1949,2565,6,50,1201740,9,551,75,0,2,,,,,,,,,,
2026-06-21T03:35:57.172807+00:00,S028,commissioning_unmounted,false,phase_asymmetry,mild,1100,phase_asymmetry-mild_horizontal_no_load_1100rpm,2610984,1102,269,1954,2566,3,50,1201784,9,551,75,1,3,,,,,,,,,,
2026-06-21T03:35:57.265998+00:00,S028,commissioning_unmounted,false,phase_asymmetry,mild,1100,phase_asymmetry-mild_horizontal_no_load_1100rpm,2611084,1102,269,1954,2564,5,50,1201828,9,551,75,1,2,,,,,,,,,,
2026-06-21T03:35:57.360876+00:00,S028,commissioning_unmounted,false,phase_asymmetry,mild,1100,phase_asymmetry-mild_horizontal_no_load_1100rpm,2611184,1102,268,1951,2560,6,50,1201872,9,551,75,0,2,,,,,,,,,,
2026-06-21T03:35:57.453605+00:00,S028,commissioning_unmounted,false,phase_asymmetry,mild,1100,phase_asymmetry-mild_horizontal_no_load_1100rpm,2611284,1101,268,1954,2563,3,50,1201916,9,551,75,1,2,,,,,,,,,,
2026-06-21T03:35:57.561613+00:00,S028,commissioning_unmounted,false,phase_asymmetry,mild,1100,phase_asymmetry-mild_horizontal_no_load_1100rpm,2611384,1102,270,1954,2566,5,50,1201960,9,551,74,0,2,,,,,,,,,,
2026-06-21T03:35:57.653400+00:00,S028,commissioning_unmounted,false,phase_asymmetry,mild,1100,phase_asymmetry-mild_horizontal_no_load_1100rpm,2611484,1102,269,1954,2566,6,50,1202004,9,551,75,0,2,,,,,,,,,,
2026-06-21T03:35:57.747600+00:00,S028,commissioning_unmounted,false,phase_asymmetry,mild,1100,phase_asymmetry-mild_horizontal_no_load_1100rpm,2611584,1102,269,1954,2566,3,50,1202048,9,551,74,0,2,,,,,,,,,,
2026-06-21T03:35:57.887233+00:00,S028,commissioning_unmounted,false,phase_asymmetry,mild,1100,phase_asymmetry-mild_horizontal_no_load_1100rpm,2611684,1101,269,1951,2563,5,50,1202092,9,551,74,1,2,,,,,,,,,,
2026-06-21T03:35:57.981215+00:00,S028,commissioning_unmounted,false,phase_asymmetry,mild,1100,phase_asymmetry-mild_horizontal_no_load_1100rpm,2611784,1103,272,1946,2563,6,50,1202136,9,551,75,0,2,,,,,,,,,,
2026-06-21T03:35:58.074933+00:00,S028,commissioning_unmounted,false,phase_asymmetry,mild,1100,phase_asymmetry-mild_horizontal_no_load_1100rpm,2611884,1102,271,1946,2561,3,50,1202180,9,551,75,1,2,,,,,,,,,,
2026-06-21T03:35:58.169225+00:00,S028,commissioning_unmounted,false,phase_asymmetry,mild,1100,phase_asymmetry-mild_horizontal_no_load_1100rpm,2611984,1102,267,1957,2563,4,50,1202225,9,551,74,1,2,,,,,,,,,,
2026-06-21T03:35:58.261966+00:00,S028,commissioning_unmounted,false,phase_asymmetry,mild,1100,phase_asymmetry-mild_horizontal_no_load_1100rpm,2612084,1102,269,1949,2561,2,50,1202269,9,551,75,0,2,,,,,,,,,,
2026-06-21T03:35:58.354532+00:00,S028,commissioning_unmounted,false,phase_asymmetry,mild,1100,phase_asymmetry-mild_horizontal_no_load_1100rpm,2612184,1102,269,1946,2558,1,50,1202313,9,551,74,1,2,,,,,,,,,,
2026-06-21T03:35:58.447194+00:00,S028,commissioning_unmounted,false,phase_asymmetry,mild,1100,phase_asymmetry-mild_horizontal_no_load_1100rpm,2612284,1102,268,1949,2558,4,50,1202357,9,551,74,1,2,,,,,,,,,,
2026-06-21T03:35:58.586497+00:00,S028,commissioning_unmounted,false,phase_asymmetry,mild,1100,phase_asymmetry-mild_horizontal_no_load_1100rpm,2612384,1101,268,1949,2558,2,50,1202401,9,551,75,1,2,,,,,,,,,,
2026-06-21T03:35:58.679745+00:00,S028,commissioning_unmounted,false,phase_asymmetry,mild,1100,phase_asymmetry-mild_horizontal_no_load_1100rpm,2612484,1102,269,1949,2560,1,50,1202445,9,551,74,0,2,,,,,,,,,,
2026-06-21T03:35:58.772560+00:00,S028,commissioning_unmounted,false,phase_asymmetry,mild,1100,phase_asymmetry-mild_horizontal_no_load_1100rpm,2612584,1102,267,1957,2563,4,50,1202489,9,551,74,1,2,,,,,,,,,,
2026-06-21T03:35:58.867530+00:00,S028,commissioning_unmounted,false,phase_asymmetry,mild,1100,phase_asymmetry-mild_horizontal_no_load_1100rpm,2612684,1101,270,1952,2565,2,50,1202533,9,551,75,1,2,,,,,,,,,,
2026-06-21T03:35:58.961413+00:00,S028,commissioning_unmounted,false,phase_asymmetry,mild,1100,phase_asymmetry-mild_horizontal_no_load_1100rpm,2612784,1102,268,1949,2558,1,50,1202577,9,551,74,1,2,,,,,,,,,,
2026-06-21T03:35:59.054932+00:00,S028,commissioning_unmounted,false,phase_asymmetry,mild,1100,phase_asymmetry-mild_horizontal_no_load_1100rpm,2612884,1102,269,1946,2558,4,50,1202621,9,551,74,1,2,,,,,,,,,,
2026-06-21T03:35:59.148823+00:00,S028,commissioning_unmounted,false,phase_asymmetry,mild,1100,phase_asymmetry-mild_horizontal_no_load_1100rpm,2612984,1102,271,1946,2561,3,50,1202666,9,551,74,1,2,,,,,,,,,,
2026-06-21T03:35:59.241731+00:00,S028,commissioning_unmounted,false,phase_asymmetry,mild,1100,phase_asymmetry-mild_horizontal_no_load_1100rpm,2613084,1102,269,1951,2561,5,50,1202710,9,551,74,1,2,,,,,,,,,,
2026-06-21T03:35:59.381195+00:00,S028,commissioning_unmounted,false,phase_asymmetry,mild,1100,phase_asymmetry-mild_horizontal_no_load_1100rpm,2613184,1102,272,1946,2563,6,50,1202754,9,551,75,1,2,,,,,,,,,,
2026-06-21T03:35:59.474418+00:00,S028,commissioning_unmounted,false,phase_asymmetry,mild,1100,phase_asymmetry-mild_horizontal_no_load_1100rpm,2613284,1102,265,1960,2563,3,50,1202798,9,551,74,1,2,,,,,,,,,,
2026-06-21T03:35:59.568601+00:00,S028,commissioning_unmounted,false,phase_asymmetry,mild,1100,phase_asymmetry-mild_horizontal_no_load_1100rpm,2613384,1102,268,1955,2563,5,50,1202842,9,551,75,0,2,,,,,,,,,,
2026-06-21T03:35:59.661910+00:00,S028,commissioning_unmounted,false,phase_asymmetry,mild,1100,phase_asymmetry-mild_horizontal_no_load_1100rpm,2613484,1103,268,1954,2563,6,50,1202886,9,551,75,0,1,,,,,,,,,,
2026-06-21T03:35:59.754594+00:00,S028,commissioning_unmounted,false,phase_asymmetry,mild,1100,phase_asymmetry-mild_horizontal_no_load_1100rpm,2613584,1102,267,1957,2563,3,50,1202930,9,551,75,0,2,,,,,,,,,,
2026-06-21T03:35:59.848867+00:00,S028,commissioning_unmounted,false,phase_asymmetry,mild,1100,phase_asymmetry-mild_horizontal_no_load_1100rpm,2613684,1101,271,1949,2566,5,50,1202974,9,551,75,1,2,,,,,,,,,,
2026-06-21T03:35:59.942441+00:00,S028,commissioning_unmounted,false,phase_asymmetry,mild,1100,phase_asymmetry-mild_horizontal_no_load_1100rpm,2613784,1102,268,1954,2563,6,50,1203018,9,551,74,0,1,,,,,,,,,,
2026-06-21T03:36:00.080645+00:00,S028,commissioning_unmounted,false,phase_asymmetry,mild,1100,phase_asymmetry-mild_horizontal_no_load_1100rpm,2613884,1103,271,1949,2563,3,50,1203062,9,551,75,1,3,,,,,,,,,,
2026-06-21T03:36:00.173794+00:00,S028,commissioning_unmounted,false,phase_asymmetry,mild,1100,phase_asymmetry-mild_horizontal_no_load_1100rpm,2613984,1102,268,1949,2558,4,50,1203107,9,551,74,1,2,,,,,,,,,,
2026-06-21T03:36:00.267135+00:00,S028,commissioning_unmounted,false,phase_asymmetry,mild,1100,phase_asymmetry-mild_horizontal_no_load_1100rpm,2614084,1102,269,1954,2566,2,50,1203151,9,551,74,1,2,,,,,,,,,,
2026-06-21T03:36:00.360708+00:00,S028,commissioning_unmounted,false,phase_asymmetry,mild,1100,phase_asymmetry-mild_horizontal_no_load_1100rpm,2614184,1102,270,1951,2564,1,50,1203195,9,551,75,1,3,,,,,,,,,,
2026-06-21T03:36:00.453682+00:00,S028,commissioning_unmounted,false,phase_asymmetry,mild,1100,phase_asymmetry-mild_horizontal_no_load_1100rpm,2614284,1101,270,1952,2565,4,50,1203239,9,551,75,1,2,,,,,,,,,,
2026-06-21T03:36:00.547331+00:00,S028,commissioning_unmounted,false,phase_asymmetry,mild,1100,phase_asymmetry-mild_horizontal_no_load_1100rpm,2614384,1102,270,1949,2563,2,50,1203283,9,551,75,0,2,,,,,,,,,,
2026-06-21T03:36:00.655715+00:00,S028,commissioning_unmounted,false,phase_asymmetry,mild,1100,phase_asymmetry-mild_horizontal_no_load_1100rpm,2614484,1103,270,1947,2560,1,50,1203327,9,551,75,1,2,,,,,,,,,,
2026-06-21T03:36:00.764743+00:00,S028,commissioning_unmounted,false,phase_asymmetry,mild,1100,phase_asymmetry-mild_horizontal_no_load_1100rpm,2614584,1101,269,1952,2563,4,50,1203371,9,551,75,1,2,,,,,,,,,,
2026-06-21T03:36:00.857663+00:00,S028,commissioning_unmounted,false,phase_asymmetry,mild,1100,phase_asymmetry-mild_horizontal_no_load_1100rpm,2614684,1101,271,1951,2566,2,50,1203415,9,551,75,1,2,,,,,,,,,,
2026-06-21T03:36:00.952815+00:00,S028,commissioning_unmounted,false,phase_asymmetry,mild,1100,phase_asymmetry-mild_horizontal_no_load_1100rpm,2614784,1103,270,1949,2563,1,50,1203459,9,551,75,0,1,,,,,,,,,,
2026-06-21T03:36:01.047112+00:00,S028,commissioning_unmounted,false,phase_asymmetry,mild,1100,phase_asymmetry-mild_horizontal_no_load_1100rpm,2614884,1101,270,1949,2563,4,50,1203503,9,551,74,0,2,,,,,,,,,,
2026-06-21T03:36:01.141454+00:00,S028,commissioning_unmounted,false,phase_asymmetry,mild,1100,phase_asymmetry-mild_horizontal_no_load_1100rpm,2614984,1102,268,1956,2564,3,50,1203548,9,551,74,0,2,,,,,,,,,,
2026-06-21T03:36:01.236005+00:00,S028,commissioning_unmounted,false,phase_asymmetry,mild,1100,phase_asymmetry-mild_horizontal_no_load_1100rpm,2615084,1102,271,1946,2561,5,50,1203592,9,551,74,0,2,,,,,,,,,,
2026-06-21T03:36:01.377251+00:00,S028,commissioning_unmounted,false,phase_asymmetry,mild,1100,phase_asymmetry-mild_horizontal_no_load_1100rpm,2615184,1102,269,1952,2563,6,50,1203636,9,551,75,1,2,,,,,,,,,,
2026-06-21T03:36:01.471258+00:00,S028,commissioning_unmounted,false,phase_asymmetry,mild,1100,phase_asymmetry-mild_horizontal_no_load_1100rpm,2615284,1101,270,1949,2563,3,50,1203680,9,551,74,0,2,,,,,,,,,,
2026-06-21T03:36:01.563566+00:00,S028,commissioning_unmounted,false,phase_asymmetry,mild,1100,phase_asymmetry-mild_horizontal_no_load_1100rpm,2615384,1102,270,1949,2563,5,50,1203724,9,551,75,1,2,,,,,,,,,,
2026-06-21T03:36:01.656822+00:00,S028,commissioning_unmounted,false,phase_asymmetry,mild,1100,phase_asymmetry-mild_horizontal_no_load_1100rpm,2615484,1103,269,1951,2561,6,50,1203768,9,551,75,0,2,,,,,,,,,,
2026-06-21T03:36:01.751380+00:00,S028,commissioning_unmounted,false,phase_asymmetry,mild,1100,phase_asymmetry-mild_horizontal_no_load_1100rpm,2615584,1102,271,1951,2566,3,50,1203812,9,551,74,0,2,,,,,,,,,,
2026-06-21T03:36:01.843686+00:00,S028,commissioning_unmounted,false,phase_asymmetry,mild,1100,phase_asymmetry-mild_horizontal_no_load_1100rpm,2615684,1102,270,1949,2563,5,50,1203856,9,551,74,0,1,,,,,,,,,,
2026-06-21T03:36:01.938038+00:00,S028,commissioning_unmounted,false,phase_asymmetry,mild,1100,phase_asymmetry-mild_horizontal_no_load_1100rpm,2615784,1103,270,1946,2560,6,50,1203900,9,551,75,0,2,,,,,,,,,,
2026-06-21T03:36:02.091361+00:00,S028,commissioning_unmounted,false,phase_asymmetry,mild,1100,phase_asymmetry-mild_horizontal_no_load_1100rpm,2615884,1101,270,1948,2561,3,50,1203944,9,551,74,0,2,,,,,,,,,,
2026-06-21T03:36:02.138499+00:00,S028,commissioning_unmounted,false,phase_asymmetry,mild,1100,phase_asymmetry-mild_horizontal_no_load_1100rpm,2615984,1102,271,1947,2563,5,50,1203988,9,551,75,0,2,,,,,,,,,,
2026-06-21T03:36:02.232741+00:00,S028,commissioning_unmounted,false,phase_asymmetry,mild,1100,phase_asymmetry-mild_horizontal_no_load_1100rpm,2616084,1102,268,1952,2561,2,50,1204033,9,551,74,0,1,,,,,,,,,,
2026-06-21T03:36:02.374352+00:00,S028,commissioning_unmounted,false,phase_asymmetry,mild,1100,phase_asymmetry-mild_horizontal_no_load_1100rpm,2616184,1102,270,1952,2566,1,50,1204077,9,551,74,0,2,,,,,,,,,,
2026-06-21T03:36:02.453688+00:00,S028,commissioning_unmounted,false,phase_asymmetry,mild,1100,phase_asymmetry-mild_horizontal_no_load_1100rpm,2616284,1102,270,1947,2561,4,50,1204121,9,551,74,0,1,,,,,,,,,,
2026-06-21T03:36:02.547672+00:00,S028,commissioning_unmounted,false,phase_asymmetry,mild,1100,phase_asymmetry-mild_horizontal_no_load_1100rpm,2616384,1102,269,1952,2563,2,50,1204165,9,551,74,0,2,,,,,,,,,,
2026-06-21T03:36:02.640148+00:00,S028,commissioning_unmounted,false,phase_asymmetry,mild,1100,phase_asymmetry-mild_horizontal_no_load_1100rpm,2616484,1101,272,1946,2563,1,50,1204209,9,551,75,0,2,,,,,,,,,,
2026-06-21T03:36:02.748221+00:00,S028,commissioning_unmounted,false,phase_asymmetry,mild,1100,phase_asymmetry-mild_horizontal_no_load_1100rpm,2616584,1102,268,1949,2557,4,50,1204253,9,551,74,0,2,,,,,,,,,,
2026-06-21T03:36:02.842188+00:00,S028,commissioning_unmounted,false,phase_asymmetry,mild,1100,phase_asymmetry-mild_horizontal_no_load_1100rpm,2616684,1102,270,1949,2563,2,50,1204297,9,551,75,0,2,,,,,,,,,,
2026-06-21T03:36:02.936084+00:00,S028,commissioning_unmounted,false,phase_asymmetry,mild,1100,phase_asymmetry-mild_horizontal_no_load_1100rpm,2616784,1101,271,1951,2566,1,50,1204341,9,551,75,1,2,,,,,,,,,,
2026-06-21T03:36:03.028899+00:00,S028,commissioning_unmounted,false,phase_asymmetry,mild,1100,phase_asymmetry-mild_horizontal_no_load_1100rpm,2616884,1102,269,1954,2566,4,50,1204385,9,551,74,0,2,,,,,,,,,,
2026-06-21T03:36:03.168447+00:00,S028,commissioning_unmounted,false,phase_asymmetry,mild,1100,phase_asymmetry-mild_horizontal_no_load_1100rpm,2616984,1102,268,1949,2558,2,50,1204429,9,551,74,0,2,,,,,,,,,,
2026-06-21T03:36:03.262351+00:00,S028,commissioning_unmounted,false,phase_asymmetry,mild,1100,phase_asymmetry-mild_horizontal_no_load_1100rpm,2617084,1102,270,1947,2560,1,50,1204473,9,551,75,1,2,,,,,,,,,,
2026-06-21T03:36:03.353762+00:00,S028,commissioning_unmounted,false,phase_asymmetry,mild,1100,phase_asymmetry-mild_horizontal_no_load_1100rpm,2617184,1101,273,1948,2569,6,50,1204518,9,551,76,1,2,,,,,,,,,,
2026-06-21T03:36:03.446553+00:00,S028,commissioning_unmounted,false,phase_asymmetry,mild,1100,phase_asymmetry-mild_horizontal_no_load_1100rpm,2617284,1101,271,1949,2565,3,50,1204562,9,551,74,0,1,,,,,,,,,,
2026-06-21T03:36:03.539450+00:00,S028,commissioning_unmounted,false,phase_asymmetry,mild,1100,phase_asymmetry-mild_horizontal_no_load_1100rpm,2617384,1101,267,1951,2558,5,50,1204606,9,551,74,0,2,,,,,,,,,,
2026-06-21T03:36:03.632817+00:00,S028,commissioning_unmounted,false,phase_asymmetry,mild,1100,phase_asymmetry-mild_horizontal_no_load_1100rpm,2617484,1102,268,1954,2563,6,50,1204650,9,551,74,1,2,,,,,,,,,,
2026-06-21T03:36:03.727341+00:00,S028,commissioning_unmounted,false,phase_asymmetry,mild,1100,phase_asymmetry-mild_horizontal_no_load_1100rpm,2617584,1102,268,1949,2558,3,50,1204694,9,551,74,1,1,,,,,,,,,,
2026-06-21T03:36:03.867052+00:00,S028,commissioning_unmounted,false,phase_asymmetry,mild,1100,phase_asymmetry-mild_horizontal_no_load_1100rpm,2617684,1102,266,1956,2561,5,50,1204738,9,551,74,0,1,,,,,,,,,,
2026-06-21T03:36:03.961396+00:00,S028,commissioning_unmounted,false,phase_asymmetry,mild,1100,phase_asymmetry-mild_horizontal_no_load_1100rpm,2617784,1100,268,1956,2565,6,50,1204782,9,551,75,1,2,,,,,,,,,,
2026-06-21T03:36:04.055639+00:00,S028,commissioning_unmounted,false,phase_asymmetry,mild,1100,phase_asymmetry-mild_horizontal_no_load_1100rpm,2617884,1102,268,1954,2563,3,50,1204826,9,551,74,0,2,,,,,,,,,,
2026-06-21T03:36:04.149123+00:00,S028,commissioning_unmounted,false,phase_asymmetry,mild,1100,phase_asymmetry-mild_horizontal_no_load_1100rpm,2617984,1102,270,1946,2560,5,50,1204870,9,551,75,0,2,,,,,,,,,,
2026-06-21T03:36:04.243019+00:00,S028,commissioning_unmounted,false,phase_asymmetry,mild,1100,phase_asymmetry-mild_horizontal_no_load_1100rpm,2618084,1101,269,1949,2560,6,50,1204914,9,551,74,0,2,,,,,,,,,,
2026-06-21T03:36:04.335335+00:00,S028,commissioning_unmounted,false,phase_asymmetry,mild,1100,phase_asymmetry-mild_horizontal_no_load_1100rpm,2618184,1102,271,1944,2560,1,50,1204959,9,551,75,0,2,,,,,,,,,,
2026-06-21T03:36:04.429719+00:00,S028,commissioning_unmounted,false,phase_asymmetry,mild,1100,phase_asymmetry-mild_horizontal_no_load_1100rpm,2618284,1101,268,1949,2558,4,50,1205003,9,551,74,1,2,,,,,,,,,,
2026-06-21T03:36:04.523587+00:00,S028,commissioning_unmounted,false,phase_asymmetry,mild,1100,phase_asymmetry-mild_horizontal_no_load_1100rpm,2618384,1102,268,1951,2560,2,50,1205047,9,551,74,0,1,,,,,,,,,,
2026-06-21T03:36:04.663571+00:00,S028,commissioning_unmounted,false,phase_asymmetry,mild,1100,phase_asymmetry-mild_horizontal_no_load_1100rpm,2618484,1102,269,1946,2558,1,50,1205091,9,551,75,1,2,,,,,,,,,,
2026-06-21T03:36:04.756763+00:00,S028,commissioning_unmounted,false,phase_asymmetry,mild,1100,phase_asymmetry-mild_horizontal_no_load_1100rpm,2618584,1101,267,1955,2563,4,50,1205135,9,551,75,0,2,,,,,,,,,,
2026-06-21T03:36:04.850201+00:00,S028,commissioning_unmounted,false,phase_asymmetry,mild,1100,phase_asymmetry-mild_horizontal_no_load_1100rpm,2618684,1102,268,1954,2564,2,50,1205179,9,551,74,0,1,,,,,,,,,,
2026-06-21T03:36:04.944119+00:00,S028,commissioning_unmounted,false,phase_asymmetry,mild,1100,phase_asymmetry-mild_horizontal_no_load_1100rpm,2618784,1101,268,1954,2563,1,50,1205223,9,551,75,1,2,,,,,,,,,,
2026-06-21T03:36:05.037968+00:00,S028,commissioning_unmounted,false,phase_asymmetry,mild,1100,phase_asymmetry-mild_horizontal_no_load_1100rpm,2618884,1103,271,1946,2561,4,50,1205267,9,551,75,1,3,,,,,,,,,,
2026-06-21T03:36:05.132759+00:00,S028,commissioning_unmounted,false,phase_asymmetry,mild,1100,phase_asymmetry-mild_horizontal_no_load_1100rpm,2618984,1102,270,1946,2560,2,50,1205311,9,551,75,1,2,,,,,,,,,,
2026-06-21T03:36:05.225595+00:00,S028,commissioning_unmounted,false,phase_asymmetry,mild,1100,phase_asymmetry-mild_horizontal_no_load_1100rpm,2619084,1102,269,1946,2558,1,50,1205355,9,551,74,0,3,,,,,,,,,,
2026-06-21T03:36:05.364699+00:00,S028,commissioning_unmounted,false,phase_asymmetry,mild,1100,phase_asymmetry-mild_horizontal_no_load_1100rpm,2619184,1102,271,1946,2561,4,50,1205399,9,551,74,1,2,,,,,,,,,,
2026-06-21T03:36:05.457812+00:00,S028,commissioning_unmounted,false,phase_asymmetry,mild,1100,phase_asymmetry-mild_horizontal_no_load_1100rpm,2619284,1102,270,1952,2566,3,50,1205444,9,551,75,0,2,,,,,,,,,,
2026-06-21T03:36:05.552746+00:00,S028,commissioning_unmounted,false,phase_asymmetry,mild,1100,phase_asymmetry-mild_horizontal_no_load_1100rpm,2619384,1101,268,1956,2566,1,50,1205487,9,551,75,0,2,,,,,,,,,,
2026-06-21T03:36:05.646191+00:00,S028,commissioning_unmounted,false,phase_asymmetry,mild,1100,phase_asymmetry-mild_horizontal_no_load_1100rpm,2619484,1101,268,1952,2560,6,50,1205532,9,551,74,1,2,,,,,,,,,,
2026-06-21T03:36:05.739222+00:00,S028,commissioning_unmounted,false,phase_asymmetry,mild,1100,phase_asymmetry-mild_horizontal_no_load_1100rpm,2619584,1102,272,1946,2564,3,50,1205576,9,551,75,1,3,,,,,,,,,,
2026-06-21T03:36:05.832944+00:00,S028,commissioning_unmounted,false,phase_asymmetry,mild,1100,phase_asymmetry-mild_horizontal_no_load_1100rpm,2619684,1102,269,1947,2557,5,50,1205620,9,551,74,0,2,,,,,,,,,,
2026-06-21T03:36:05.926319+00:00,S028,commissioning_unmounted,false,phase_asymmetry,mild,1100,phase_asymmetry-mild_horizontal_no_load_1100rpm,2619784,1102,270,1949,2563,6,50,1205664,9,551,75,0,3,,,,,,,,,,
2026-06-21T03:36:06.019673+00:00,S028,commissioning_unmounted,false,phase_asymmetry,mild,1100,phase_asymmetry-mild_horizontal_no_load_1100rpm,2619884,1102,269,1947,2558,3,50,1205708,9,551,75,0,2,,,,,,,,,,
2026-06-21T03:36:06.158725+00:00,S028,commissioning_unmounted,false,phase_asymmetry,mild,1100,phase_asymmetry-mild_horizontal_no_load_1100rpm,2619984,1102,271,1946,2561,5,50,1205752,9,551,75,1,2,,,,,,,,,,
2026-06-21T03:36:06.251749+00:00,S028,commissioning_unmounted,false,phase_asymmetry,mild,1100,phase_asymmetry-mild_horizontal_no_load_1100rpm,2620084,1102,268,1951,2560,6,50,1205796,9,551,74,0,1,,,,,,,,,,
2026-06-21T03:36:06.345755+00:00,S028,commissioning_unmounted,false,phase_asymmetry,mild,1100,phase_asymmetry-mild_horizontal_no_load_1100rpm,2620184,1102,269,1954,2566,3,50,1205840,9,551,74,1,2,,,,,,,,,,
2026-06-21T03:36:06.439213+00:00,S028,commissioning_unmounted,false,phase_asymmetry,mild,1100,phase_asymmetry-mild_horizontal_no_load_1100rpm,2620284,1101,270,1952,2565,5,50,1205884,9,551,75,0,2,,,,,,,,,,
2026-06-21T03:36:06.532661+00:00,S028,commissioning_unmounted,false,phase_asymmetry,mild,1100,phase_asymmetry-mild_horizontal_no_load_1100rpm,2620384,1103,268,1954,2563,2,50,1205929,9,551,75,0,2,,,,,,,,,,
2026-06-21T03:36:06.625386+00:00,S028,commissioning_unmounted,false,phase_asymmetry,mild,1100,phase_asymmetry-mild_horizontal_no_load_1100rpm,2620484,1101,270,1949,2563,1,50,1205973,9,551,75,0,2,,,,,,,,,,
2026-06-21T03:36:06.718597+00:00,S028,commissioning_unmounted,false,phase_asymmetry,mild,1100,phase_asymmetry-mild_horizontal_no_load_1100rpm,2620584,1102,270,1946,2560,4,50,1206017,9,551,74,0,1,,,,,,,,,,
2026-06-21T03:36:06.859757+00:00,S028,commissioning_unmounted,false,phase_asymmetry,mild,1100,phase_asymmetry-mild_horizontal_no_load_1100rpm,2620684,1102,269,1952,2563,2,50,1206061,9,551,74,1,2,,,,,,,,,,
2026-06-21T03:36:06.952824+00:00,S028,commissioning_unmounted,false,phase_asymmetry,mild,1100,phase_asymmetry-mild_horizontal_no_load_1100rpm,2620784,1102,272,1944,2563,1,50,1206105,9,551,75,0,2,,,,,,,,,,
2026-06-21T03:36:07.046750+00:00,S028,commissioning_unmounted,false,phase_asymmetry,mild,1100,phase_asymmetry-mild_horizontal_no_load_1100rpm,2620884,1101,271,1951,2566,4,50,1206149,9,551,74,0,2,,,,,,,,,,
2026-06-21T03:36:07.141487+00:00,S028,commissioning_unmounted,false,phase_asymmetry,mild,1100,phase_asymmetry-mild_horizontal_no_load_1100rpm,2620984,1102,267,1954,2560,2,50,1206193,9,551,74,0,2,,,,,,,,,,
2026-06-21T03:36:07.234652+00:00,S028,commissioning_unmounted,false,phase_asymmetry,mild,1100,phase_asymmetry-mild_horizontal_no_load_1100rpm,2621084,1102,270,1949,2563,1,50,1206237,9,551,75,1,2,,,,,,,,,,
2026-06-21T03:36:07.341760+00:00,S028,commissioning_unmounted,false,phase_asymmetry,mild,1100,phase_asymmetry-mild_horizontal_no_load_1100rpm,2621184,1102,269,1946,2558,4,50,1206281,9,551,76,0,3,,,,,,,,,,
2026-06-21T03:36:07.435662+00:00,S028,commissioning_unmounted,false,phase_asymmetry,mild,1100,phase_asymmetry-mild_horizontal_no_load_1100rpm,2621284,1102,268,1956,2564,2,50,1206325,9,551,74,0,2,,,,,,,,,,
2026-06-21T03:36:07.529680+00:00,S028,commissioning_unmounted,false,phase_asymmetry,mild,1100,phase_asymmetry-mild_horizontal_no_load_1100rpm,2621384,1101,271,1949,2564,1,50,1206369,9,551,75,1,2,,,,,,,,,,
2026-06-21T03:36:07.621360+00:00,S028,commissioning_unmounted,false,phase_asymmetry,mild,1100,phase_asymmetry-mild_horizontal_no_load_1100rpm,2621484,1102,271,1944,2560,6,50,1206414,9,551,76,0,3,,,,,,,,,,
2026-06-21T03:36:07.714353+00:00,S028,commissioning_unmounted,false,phase_asymmetry,mild,1100,phase_asymmetry-mild_horizontal_no_load_1100rpm,2621584,1101,270,1952,2565,3,50,1206458,9,551,75,0,2,,,,,,,,,,
2026-06-21T03:36:07.855348+00:00,S028,commissioning_unmounted,false,phase_asymmetry,mild,1100,phase_asymmetry-mild_horizontal_no_load_1100rpm,2621684,1102,269,1946,2558,5,50,1206502,9,551,75,0,2,,,,,,,,,,
2026-06-21T03:36:07.948450+00:00,S028,commissioning_unmounted,false,phase_asymmetry,mild,1100,phase_asymmetry-mild_horizontal_no_load_1100rpm,2621784,1102,266,1952,2556,6,50,1206546,9,551,74,0,2,,,,,,,,,,
2026-06-21T03:36:08.041615+00:00,S028,commissioning_unmounted,false,phase_asymmetry,mild,1100,phase_asymmetry-mild_horizontal_no_load_1100rpm,2621884,1102,268,1949,2558,3,50,1206590,9,551,74,1,1,,,,,,,,,,
2026-06-21T03:36:08.134272+00:00,S028,commissioning_unmounted,false,phase_asymmetry,mild,1100,phase_asymmetry-mild_horizontal_no_load_1100rpm,2621984,1102,267,1954,2561,5,50,1206634,9,551,74,0,2,,,,,,,,,,
2026-06-21T03:36:08.227696+00:00,S028,commissioning_unmounted,false,phase_asymmetry,mild,1100,phase_asymmetry-mild_horizontal_no_load_1100rpm,2622084,1102,269,1951,2561,6,50,1206678,9,551,75,1,2,,,,,,,,,,
2026-06-21T03:36:08.319609+00:00,S028,commissioning_unmounted,false,phase_asymmetry,mild,1100,phase_asymmetry-mild_horizontal_no_load_1100rpm,2622184,1102,272,1946,2564,3,50,1206722,9,551,75,0,3,,,,,,,,,,
2026-06-21T03:36:08.413710+00:00,S028,commissioning_unmounted,false,phase_asymmetry,mild,1100,phase_asymmetry-mild_horizontal_no_load_1100rpm,2622284,1102,263,1962,2560,5,50,1206766,9,551,74,1,2,,,,,,,,,,
2026-06-21T03:36:08.552717+00:00,S028,commissioning_unmounted,false,phase_asymmetry,mild,1100,phase_asymmetry-mild_horizontal_no_load_1100rpm,2622384,1102,268,1954,2563,6,50,1206810,9,551,74,0,1,,,,,,,,,,
2026-06-21T03:36:08.645877+00:00,S028,commissioning_unmounted,false,phase_asymmetry,mild,1100,phase_asymmetry-mild_horizontal_no_load_1100rpm,2622484,1102,272,1943,2561,1,50,1206855,9,551,75,1,2,,,,,,,,,,
2026-06-21T03:36:08.740181+00:00,S028,commissioning_unmounted,false,phase_asymmetry,mild,1100,phase_asymmetry-mild_horizontal_no_load_1100rpm,2622584,1102,271,1943,2558,4,50,1206899,9,551,75,0,2,,,,,,,,,,
2026-06-21T03:36:08.831050+00:00,S028,commissioning_unmounted,false,phase_asymmetry,mild,1100,phase_asymmetry-mild_horizontal_no_load_1100rpm,2622684,1102,268,1952,2560,2,50,1206943,9,551,74,0,1,,,,,,,,,,
2026-06-21T03:36:08.924046+00:00,S028,commissioning_unmounted,false,phase_asymmetry,mild,1100,phase_asymmetry-mild_horizontal_no_load_1100rpm,2622784,1102,269,1946,2558,1,50,1206987,9,551,75,1,2,,,,,,,,,,
2026-06-21T03:36:09.017105+00:00,S028,commissioning_unmounted,false,phase_asymmetry,mild,1100,phase_asymmetry-mild_horizontal_no_load_1100rpm,2622884,1102,269,1946,2558,4,50,1207031,9,551,75,1,2,,,,,,,,,,
2026-06-21T03:36:09.110662+00:00,S028,commissioning_unmounted,false,phase_asymmetry,mild,1100,phase_asymmetry-mild_horizontal_no_load_1100rpm,2622984,1102,269,1954,2566,2,50,1207075,9,551,74,1,1,,,,,,,,,,
2026-06-21T03:36:09.251648+00:00,S028,commissioning_unmounted,false,phase_asymmetry,mild,1100,phase_asymmetry-mild_horizontal_no_load_1100rpm,2623084,1102,267,1954,2561,1,50,1207119,9,551,74,0,2,,,,,,,,,,
2026-06-21T03:36:09.346799+00:00,S028,commissioning_unmounted,false,phase_asymmetry,mild,1100,phase_asymmetry-mild_horizontal_no_load_1100rpm,2623184,1101,270,1949,2563,4,50,1207163,9,551,75,0,2,,,,,,,,,,
2026-06-21T03:36:09.440310+00:00,S028,commissioning_unmounted,false,phase_asymmetry,mild,1100,phase_asymmetry-mild_horizontal_no_load_1100rpm,2623284,1101,267,1956,2563,2,50,1207207,9,551,74,1,2,,,,,,,,,,
2026-06-21T03:36:09.531700+00:00,S028,commissioning_unmounted,false,phase_asymmetry,mild,1100,phase_asymmetry-mild_horizontal_no_load_1100rpm,2623384,1102,270,1946,2560,1,50,1207251,9,551,75,0,3,,,,,,,,,,
2026-06-21T03:36:09.640315+00:00,S028,commissioning_unmounted,false,phase_asymmetry,mild,1100,phase_asymmetry-mild_horizontal_no_load_1100rpm,2623484,1101,268,1957,2566,4,50,1207295,9,551,74,0,1,,,,,,,,,,
2026-06-21T03:36:09.734194+00:00,S028,commissioning_unmounted,false,phase_asymmetry,mild,1100,phase_asymmetry-mild_horizontal_no_load_1100rpm,2623584,1103,271,1946,2561,3,50,1207340,9,551,75,0,2,,,,,,,,,,
2026-06-21T03:36:09.828280+00:00,S028,commissioning_unmounted,false,phase_asymmetry,mild,1100,phase_asymmetry-mild_horizontal_no_load_1100rpm,2623684,1101,272,1949,2568,5,50,1207384,9,551,75,1,1,,,,,,,,,,
2026-06-21T03:36:09.921818+00:00,S028,commissioning_unmounted,false,phase_asymmetry,mild,1100,phase_asymmetry-mild_horizontal_no_load_1100rpm,2623784,1102,272,1946,2564,6,50,1207428,9,551,75,0,2,,,,,,,,,,
2026-06-21T03:36:10.015040+00:00,S028,commissioning_unmounted,false,phase_asymmetry,mild,1100,phase_asymmetry-mild_horizontal_no_load_1100rpm,2623884,1102,270,1949,2563,3,50,1207472,9,551,75,0,2,,,,,,,,,,
2026-06-21T03:36:10.109304+00:00,S028,commissioning_unmounted,false,phase_asymmetry,mild,1100,phase_asymmetry-mild_horizontal_no_load_1100rpm,2623984,1102,269,1952,2563,5,50,1207516,9,551,74,0,2,,,,,,,,,,
2026-06-21T03:36:10.233951+00:00,S028,commissioning_unmounted,false,phase_asymmetry,mild,1100,phase_asymmetry-mild_horizontal_no_load_1100rpm,2624084,1103,267,1954,2560,6,50,1207560,9,551,75,0,2,,,,,,,,,,
2026-06-21T03:36:10.342547+00:00,S028,commissioning_unmounted,false,phase_asymmetry,mild,1100,phase_asymmetry-mild_horizontal_no_load_1100rpm,2624184,1103,270,1947,2560,3,50,1207604,9,551,75,0,2,,,,,,,,,,
2026-06-21T03:36:10.436671+00:00,S028,commissioning_unmounted,false,phase_asymmetry,mild,1100,phase_asymmetry-mild_horizontal_no_load_1100rpm,2624284,1102,271,1946,2561,5,50,1207648,9,551,74,0,2,,,,,,,,,,
2026-06-21T03:36:10.530009+00:00,S028,commissioning_unmounted,false,phase_asymmetry,mild,1100,phase_asymmetry-mild_horizontal_no_load_1100rpm,2624384,1102,268,1954,2563,6,50,1207692,9,551,74,0,1,,,,,,,,,,
2026-06-21T03:36:10.623039+00:00,S028,commissioning_unmounted,false,phase_asymmetry,mild,1100,phase_asymmetry-mild_horizontal_no_load_1100rpm,2624484,1102,266,1959,2564,3,50,1207736,9,551,74,1,1,,,,,,,,,,
2026-06-21T03:36:10.716716+00:00,S028,commissioning_unmounted,false,phase_asymmetry,mild,1100,phase_asymmetry-mild_horizontal_no_load_1100rpm,2624584,1102,272,1949,2566,4,50,1207781,9,551,75,1,2,,,,,,,,,,
2026-06-21T03:36:10.809202+00:00,S028,commissioning_unmounted,false,phase_asymmetry,mild,1100,phase_asymmetry-mild_horizontal_no_load_1100rpm,2624684,1102,272,1946,2563,2,50,1207825,9,551,76,0,2,,,,,,,,,,
2026-06-21T03:36:10.949707+00:00,S028,commissioning_unmounted,false,phase_asymmetry,mild,1100,phase_asymmetry-mild_horizontal_no_load_1100rpm,2624784,1102,269,1946,2558,1,50,1207869,9,551,75,1,3,,,,,,,,,,
2026-06-21T03:36:11.044683+00:00,S028,commissioning_unmounted,false,phase_asymmetry,mild,1100,phase_asymmetry-mild_horizontal_no_load_1100rpm,2624884,1102,272,1946,2563,4,50,1207913,9,551,75,0,2,,,,,,,,,,
2026-06-21T03:36:11.137293+00:00,S028,commissioning_unmounted,false,phase_asymmetry,mild,1100,phase_asymmetry-mild_horizontal_no_load_1100rpm,2624984,1101,268,1954,2563,2,50,1207957,9,551,75,0,2,,,,,,,,,,
2026-06-21T03:36:11.231178+00:00,S028,commissioning_unmounted,false,phase_asymmetry,mild,1100,phase_asymmetry-mild_horizontal_no_load_1100rpm,2625084,1102,265,1960,2563,1,50,1208001,9,551,74,1,1,,,,,,,,,,
2026-06-21T03:36:11.324168+00:00,S028,commissioning_unmounted,false,phase_asymmetry,mild,1100,phase_asymmetry-mild_horizontal_no_load_1100rpm,2625184,1102,269,1949,2560,4,50,1208045,9,551,75,0,2,,,,,,,,,,
2026-06-21T03:36:11.418430+00:00,S028,commissioning_unmounted,false,phase_asymmetry,mild,1100,phase_asymmetry-mild_horizontal_no_load_1100rpm,2625284,1101,268,1949,2558,2,50,1208089,9,551,74,0,2,,,,,,,,,,
2026-06-21T03:36:11.513221+00:00,S028,commissioning_unmounted,false,phase_asymmetry,mild,1100,phase_asymmetry-mild_horizontal_no_load_1100rpm,2625384,1101,267,1957,2563,1,50,1208133,9,551,75,0,2,,,,,,,,,,
2026-06-21T03:36:11.607043+00:00,S028,commissioning_unmounted,false,phase_asymmetry,mild,1100,phase_asymmetry-mild_horizontal_no_load_1100rpm,2625484,1103,267,1954,2560,4,50,1208177,9,551,74,0,1,,,,,,,,,,
2026-06-21T03:36:11.746315+00:00,S028,commissioning_unmounted,false,phase_asymmetry,mild,1100,phase_asymmetry-mild_horizontal_no_load_1100rpm,2625584,1102,268,1949,2558,2,50,1208221,9,551,74,0,2,,,,,,,,,,
2026-06-21T03:36:11.837291+00:00,S028,commissioning_unmounted,false,phase_asymmetry,mild,1100,phase_asymmetry-mild_horizontal_no_load_1100rpm,2625684,1102,269,1946,2557,1,50,1208265,9,551,75,0,2,,,,,,,,,,
2026-06-21T03:36:11.930307+00:00,S028,commissioning_unmounted,false,phase_asymmetry,mild,1100,phase_asymmetry-mild_horizontal_no_load_1100rpm,2625784,1102,268,1949,2558,6,50,1208310,9,551,74,1,2,,,,,,,,,,
2026-06-21T03:36:12.024683+00:00,S028,commissioning_unmounted,false,phase_asymmetry,mild,1100,phase_asymmetry-mild_horizontal_no_load_1100rpm,2625884,1102,272,1946,2563,3,50,1208354,9,551,75,0,2,,,,,,,,,,
2026-06-21T03:36:12.118585+00:00,S028,commissioning_unmounted,false,phase_asymmetry,mild,1100,phase_asymmetry-mild_horizontal_no_load_1100rpm,2625984,1102,271,1946,2561,5,50,1208398,9,551,75,0,3,,,,,,,,,,
2026-06-21T03:36:12.211608+00:00,S028,commissioning_unmounted,false,phase_asymmetry,mild,1100,phase_asymmetry-mild_horizontal_no_load_1100rpm,2626084,1102,270,1952,2566,6,50,1208442,9,551,74,0,2,,,,,,,,,,
2026-06-21T03:36:12.305433+00:00,S028,commissioning_unmounted,false,phase_asymmetry,mild,1100,phase_asymmetry-mild_horizontal_no_load_1100rpm,2626184,1102,269,1951,2563,3,50,1208486,9,551,74,0,1,,,,,,,,,,
2026-06-21T03:36:12.398975+00:00,S028,commissioning_unmounted,false,phase_asymmetry,mild,1100,phase_asymmetry-mild_horizontal_no_load_1100rpm,2626284,1101,271,1949,2565,5,50,1208530,9,551,75,0,2,,,,,,,,,,
2026-06-21T03:36:12.540183+00:00,S028,commissioning_unmounted,false,phase_asymmetry,mild,1100,phase_asymmetry-mild_horizontal_no_load_1100rpm,2626384,1103,270,1951,2564,6,50,1208574,9,551,75,0,2,,,,,,,,,,
2026-06-21T03:36:12.632695+00:00,S028,commissioning_unmounted,false,phase_asymmetry,mild,1100,phase_asymmetry-mild_horizontal_no_load_1100rpm,2626484,1102,270,1949,2563,3,50,1208618,9,551,75,0,2,,,,,,,,,,
2026-06-21T03:36:12.725666+00:00,S028,commissioning_unmounted,false,phase_asymmetry,mild,1100,phase_asymmetry-mild_horizontal_no_load_1100rpm,2626584,1102,269,1952,2563,5,50,1208662,9,551,75,0,2,,,,,,,,,,
2026-06-21T03:36:12.818390+00:00,S028,commissioning_unmounted,false,phase_asymmetry,mild,1100,phase_asymmetry-mild_horizontal_no_load_1100rpm,2626684,1101,270,1952,2566,6,50,1208706,9,551,75,0,2,,,,,,,,,,
2026-06-21T03:36:12.911553+00:00,S028,commissioning_unmounted,false,phase_asymmetry,mild,1100,phase_asymmetry-mild_horizontal_no_load_1100rpm,2626784,1102,270,1944,2558,3,50,1208750,9,551,75,0,2,,,,,,,,,,
2026-06-21T03:36:13.006037+00:00,S028,commissioning_unmounted,false,phase_asymmetry,mild,1100,phase_asymmetry-mild_horizontal_no_load_1100rpm,2626884,1102,270,1946,2560,4,50,1208795,9,551,75,1,2,,,,,,,,,,
2026-06-21T03:36:13.099568+00:00,S028,commissioning_unmounted,false,phase_asymmetry,mild,1100,phase_asymmetry-mild_horizontal_no_load_1100rpm,2626984,1102,269,1951,2563,2,50,1208839,9,551,74,0,2,,,,,,,,,,
2026-06-21T03:36:13.240775+00:00,S028,commissioning_unmounted,false,phase_asymmetry,mild,1100,phase_asymmetry-mild_horizontal_no_load_1100rpm,2627084,1102,267,1957,2563,1,50,1208883,9,551,74,0,2,,,,,,,,,,
2026-06-21T03:36:13.332272+00:00,S028,commissioning_unmounted,false,phase_asymmetry,mild,1100,phase_asymmetry-mild_horizontal_no_load_1100rpm,2627184,1102,267,1949,2555,4,50,1208927,9,551,74,0,2,,,,,,,,,,
2026-06-21T03:36:13.425991+00:00,S028,commissioning_unmounted,false,phase_asymmetry,mild,1100,phase_asymmetry-mild_horizontal_no_load_1100rpm,2627284,1103,266,1948,2553,2,50,1208971,9,551,74,0,1,,,,,,,,,,
2026-06-21T03:36:13.520016+00:00,S028,commissioning_unmounted,false,phase_asymmetry,mild,1100,phase_asymmetry-mild_horizontal_no_load_1100rpm,2627384,1102,270,1946,2558,1,50,1209015,9,551,75,0,2,,,,,,,,,,
2026-06-21T03:36:13.612787+00:00,S028,commissioning_unmounted,false,phase_asymmetry,mild,1100,phase_asymmetry-mild_horizontal_no_load_1100rpm,2627484,1101,270,1949,2563,4,50,1209059,9,551,75,0,2,,,,,,,,,,
2026-06-21T03:36:13.705546+00:00,S028,commissioning_unmounted,false,phase_asymmetry,mild,1100,phase_asymmetry-mild_horizontal_no_load_1100rpm,2627584,1101,270,1952,2566,2,50,1209103,9,551,75,0,2,,,,,,,,,,
2026-06-21T03:36:13.799283+00:00,S028,commissioning_unmounted,false,phase_asymmetry,mild,1100,phase_asymmetry-mild_horizontal_no_load_1100rpm,2627684,1102,271,1947,2563,1,50,1209147,9,551,74,1,2,,,,,,,,,,
2026-06-21T03:36:13.939218+00:00,S028,commissioning_unmounted,false,phase_asymmetry,mild,1100,phase_asymmetry-mild_horizontal_no_load_1100rpm,2627784,1102,270,1949,2563,4,50,1209191,9,551,75,0,2,,,,,,,,,,
2026-06-21T03:36:14.032734+00:00,S028,commissioning_unmounted,false,phase_asymmetry,mild,1100,phase_asymmetry-mild_horizontal_no_load_1100rpm,2627884,1102,271,1946,2561,2,50,1209235,9,551,75,1,2,,,,,,,,,,
2026-06-21T03:36:14.126471+00:00,S028,commissioning_unmounted,false,phase_asymmetry,mild,1100,phase_asymmetry-mild_horizontal_no_load_1100rpm,2627984,1103,269,1952,2563,1,50,1209279,9,551,75,0,2,,,,,,,,,,
2026-06-21T03:36:14.219337+00:00,S028,commissioning_unmounted,false,phase_asymmetry,mild,1100,phase_asymmetry-mild_horizontal_no_load_1100rpm,2628084,1102,267,1949,2555,6,50,1209324,9,551,75,0,3,,,,,,,,,,
2026-06-21T03:36:14.312766+00:00,S028,commissioning_unmounted,false,phase_asymmetry,mild,1100,phase_asymmetry-mild_horizontal_no_load_1100rpm,2628184,1101,270,1952,2566,3,50,1209368,9,551,75,0,1,,,,,,,,,,
2026-06-21T03:36:14.406377+00:00,S028,commissioning_unmounted,false,phase_asymmetry,mild,1100,phase_asymmetry-mild_horizontal_no_load_1100rpm,2628284,1101,269,1954,2566,5,50,1209412,9,551,74,0,2,,,,,,,,,,
2026-06-21T03:36:14.514672+00:00,S028,commissioning_unmounted,false,phase_asymmetry,mild,1100,phase_asymmetry-mild_horizontal_no_load_1100rpm,2628384,1102,271,1946,2561,6,50,1209456,9,551,75,0,2,,,,,,,,,,
2026-06-21T03:36:14.607740+00:00,S028,commissioning_unmounted,false,phase_asymmetry,mild,1100,phase_asymmetry-mild_horizontal_no_load_1100rpm,2628484,1102,269,1954,2565,3,50,1209500,9,551,75,0,2,,,,,,,,,,
2026-06-21T03:36:14.701058+00:00,S028,commissioning_unmounted,false,phase_asymmetry,mild,1100,phase_asymmetry-mild_horizontal_no_load_1100rpm,2628584,1102,266,1954,2558,5,50,1209544,9,551,74,1,2,,,,,,,,,,
2026-06-21T03:36:14.792873+00:00,S028,commissioning_unmounted,false,phase_asymmetry,mild,1100,phase_asymmetry-mild_horizontal_no_load_1100rpm,2628684,1102,272,1946,2563,6,50,1209588,9,551,75,0,2,,,,,,,,,,
2026-06-21T03:36:14.932182+00:00,S028,commissioning_unmounted,false,phase_asymmetry,mild,1100,phase_asymmetry-mild_horizontal_no_load_1100rpm,2628784,1101,268,1956,2566,3,50,1209632,9,551,74,0,1,,,,,,,,,,
2026-06-21T03:36:15.024373+00:00,S028,commissioning_unmounted,false,phase_asymmetry,mild,1100,phase_asymmetry-mild_horizontal_no_load_1100rpm,2628884,1102,268,1954,2563,5,50,1209676,9,551,75,0,3,,,,,,,,,,
2026-06-21T03:36:15.119010+00:00,S028,commissioning_unmounted,false,phase_asymmetry,mild,1100,phase_asymmetry-mild_horizontal_no_load_1100rpm,2628984,1102,267,1954,2560,6,50,1209720,9,551,75,0,2,,,,,,,,,,
2026-06-21T03:36:15.212714+00:00,S028,commissioning_unmounted,false,phase_asymmetry,mild,1100,phase_asymmetry-mild_horizontal_no_load_1100rpm,2629084,1102,271,1946,2561,3,50,1209764,9,551,75,0,2,,,,,,,,,,
2026-06-21T03:36:15.306704+00:00,S028,commissioning_unmounted,false,phase_asymmetry,mild,1100,phase_asymmetry-mild_horizontal_no_load_1100rpm,2629184,1102,270,1951,2564,4,50,1209809,9,551,74,0,1,,,,,,,,,,
2026-06-21T03:36:15.400280+00:00,S028,commissioning_unmounted,false,phase_asymmetry,mild,1100,phase_asymmetry-mild_horizontal_no_load_1100rpm,2629284,1102,272,1946,2563,2,50,1209853,9,551,75,0,2,,,,,,,,,,
2026-06-21T03:36:15.493766+00:00,S028,commissioning_unmounted,false,phase_asymmetry,mild,1100,phase_asymmetry-mild_horizontal_no_load_1100rpm,2629384,1101,271,1949,2565,1,50,1209897,9,551,75,0,3,,,,,,,,,,
2026-06-21T03:36:15.634741+00:00,S028,commissioning_unmounted,false,phase_asymmetry,mild,1100,phase_asymmetry-mild_horizontal_no_load_1100rpm,2629484,1102,270,1946,2560,4,50,1209941,9,551,75,0,2,,,,,,,,,,
2026-06-21T03:36:15.729272+00:00,S028,commissioning_unmounted,false,phase_asymmetry,mild,1100,phase_asymmetry-mild_horizontal_no_load_1100rpm,2629584,1102,267,1957,2563,2,50,1209985,9,551,74,0,1,,,,,,,,,,
2026-06-21T03:36:15.822668+00:00,S028,commissioning_unmounted,false,phase_asymmetry,mild,1100,phase_asymmetry-mild_horizontal_no_load_1100rpm,2629684,1101,271,1946,2563,1,50,1210029,9,551,75,0,2,,,,,,,,,,
2026-06-21T03:36:15.915822+00:00,S028,commissioning_unmounted,false,phase_asymmetry,mild,1100,phase_asymmetry-mild_horizontal_no_load_1100rpm,2629784,1103,267,1949,2556,4,50,1210073,9,551,75,0,2,,,,,,,,,,
2026-06-21T03:36:16.008109+00:00,S028,commissioning_unmounted,false,phase_asymmetry,mild,1100,phase_asymmetry-mild_horizontal_no_load_1100rpm,2629884,1102,270,1947,2560,2,50,1210117,9,551,75,0,3,,,,,,,,,,
2026-06-21T03:36:16.101605+00:00,S028,commissioning_unmounted,false,phase_asymmetry,mild,1100,phase_asymmetry-mild_horizontal_no_load_1100rpm,2629984,1102,267,1957,2563,1,50,1210161,9,551,74,1,2,,,,,,,,,,
2026-06-21T03:36:16.196645+00:00,S028,commissioning_unmounted,false,phase_asymmetry,mild,1100,phase_asymmetry-mild_horizontal_no_load_1100rpm,2630084,1102,270,1949,2563,6,50,1210206,9,551,75,0,2,,,,,,,,,,
2026-06-21T03:36:16.289626+00:00,S028,commissioning_unmounted,false,phase_asymmetry,mild,1100,phase_asymmetry-mild_horizontal_no_load_1100rpm,2630184,1101,272,1949,2566,3,50,1210250,9,551,75,0,2,,,,,,,,,,
2026-06-21T03:36:16.429098+00:00,S028,commissioning_unmounted,false,phase_asymmetry,mild,1100,phase_asymmetry-mild_horizontal_no_load_1100rpm,2630284,1101,270,1946,2560,5,50,1210294,9,551,75,0,3,,,,,,,,,,
2026-06-21T03:36:16.521158+00:00,S028,commissioning_unmounted,false,phase_asymmetry,mild,1100,phase_asymmetry-mild_horizontal_no_load_1100rpm,2630384,1102,269,1951,2563,6,50,1210338,9,551,75,0,3,,,,,,,,,,
2026-06-21T03:36:16.615703+00:00,S028,commissioning_unmounted,false,phase_asymmetry,mild,1100,phase_asymmetry-mild_horizontal_no_load_1100rpm,2630484,1101,270,1952,2566,3,50,1210382,9,551,74,0,2,,,,,,,,,,
2026-06-21T03:36:16.709280+00:00,S028,commissioning_unmounted,false,phase_asymmetry,mild,1100,phase_asymmetry-mild_horizontal_no_load_1100rpm,2630584,1102,269,1952,2563,5,50,1210426,9,551,74,0,2,,,,,,,,,,
2026-06-21T03:36:16.802863+00:00,S028,commissioning_unmounted,false,phase_asymmetry,mild,1100,phase_asymmetry-mild_horizontal_no_load_1100rpm,2630684,1101,268,1954,2563,6,50,1210470,9,551,75,0,2,,,,,,,,,,
2026-06-21T03:36:16.896023+00:00,S028,commissioning_unmounted,false,phase_asymmetry,mild,1100,phase_asymmetry-mild_horizontal_no_load_1100rpm,2630784,1103,271,1944,2558,3,50,1210514,9,551,75,0,2,,,,,,,,,,
2026-06-21T03:36:16.990837+00:00,S028,commissioning_unmounted,false,phase_asymmetry,mild,1100,phase_asymmetry-mild_horizontal_no_load_1100rpm,2630884,1102,271,1952,2568,5,50,1210558,9,551,75,0,2,,,,,,,,,,
2026-06-21T03:36:17.130373+00:00,S028,commissioning_unmounted,false,phase_asymmetry,mild,1100,phase_asymmetry-mild_horizontal_no_load_1100rpm,2630984,1103,266,1949,2553,6,50,1210602,9,551,74,0,2,,,,,,,,,,
2026-06-21T03:36:17.223686+00:00,S028,commissioning_unmounted,false,phase_asymmetry,mild,1100,phase_asymmetry-mild_horizontal_no_load_1100rpm,2631084,1102,269,1946,2558,3,50,1210646,9,551,75,1,2,,,,,,,,,,
2026-06-21T03:36:17.318275+00:00,S028,commissioning_unmounted,false,phase_asymmetry,mild,1100,phase_asymmetry-mild_horizontal_no_load_1100rpm,2631184,1102,268,1949,2558,4,50,1210691,9,551,74,0,2,,,,,,,,,,
2026-06-21T03:36:17.410209+00:00,S028,commissioning_unmounted,false,phase_asymmetry,mild,1100,phase_asymmetry-mild_horizontal_no_load_1100rpm,2631284,1102,270,1949,2563,2,50,1210735,9,551,74,1,2,,,,,,,,,,
2026-06-21T03:36:17.503925+00:00,S028,commissioning_unmounted,false,phase_asymmetry,mild,1100,phase_asymmetry-mild_horizontal_no_load_1100rpm,2631384,1102,269,1954,2564,1,50,1210779,9,551,75,1,2,,,,,,,,,,
2026-06-21T03:36:17.597176+00:00,S028,commissioning_unmounted,false,phase_asymmetry,mild,1100,phase_asymmetry-mild_horizontal_no_load_1100rpm,2631484,1103,267,1949,2555,4,50,1210823,9,551,75,0,3,,,,,,,,,,
2026-06-21T03:36:17.691269+00:00,S028,commissioning_unmounted,false,phase_asymmetry,mild,1100,phase_asymmetry-mild_horizontal_no_load_1100rpm,2631584,1101,271,1951,2566,2,50,1210867,9,551,75,1,2,,,,,,,,,,
2026-06-21T03:36:17.785207+00:00,S028,commissioning_unmounted,false,phase_asymmetry,mild,1100,phase_asymmetry-mild_horizontal_no_load_1100rpm,2631684,1102,265,1952,2555,1,50,1210911,9,551,74,0,1,,,,,,,,,,
2026-06-21T03:36:17.925107+00:00,S028,commissioning_unmounted,false,phase_asymmetry,mild,1100,phase_asymmetry-mild_horizontal_no_load_1100rpm,2631784,1101,270,1946,2560,4,50,1210955,9,551,74,0,2,,,,,,,,,,
2026-06-21T03:36:18.017344+00:00,S028,commissioning_unmounted,false,phase_asymmetry,mild,1100,phase_asymmetry-mild_horizontal_no_load_1100rpm,2631884,1102,267,1957,2563,2,50,1210999,9,551,74,0,1,,,,,,,,,,
2026-06-21T03:36:18.110220+00:00,S028,commissioning_unmounted,false,phase_asymmetry,mild,1100,phase_asymmetry-mild_horizontal_no_load_1100rpm,2631984,1102,270,1949,2563,1,50,1211043,9,551,75,0,2,,,,,,,,,,
2026-06-21T03:36:18.203677+00:00,S028,commissioning_unmounted,false,phase_asymmetry,mild,1100,phase_asymmetry-mild_horizontal_no_load_1100rpm,2632084,1102,270,1949,2563,4,50,1211087,9,551,74,0,2,,,,,,,,,,
2026-06-21T03:36:18.299178+00:00,S028,commissioning_unmounted,false,phase_asymmetry,mild,1100,phase_asymmetry-mild_horizontal_no_load_1100rpm,2632184,1102,269,1947,2557,3,50,1211132,9,551,75,0,2,,,,,,,,,,
2026-06-21T03:36:18.392586+00:00,S028,commissioning_unmounted,false,phase_asymmetry,mild,1100,phase_asymmetry-mild_horizontal_no_load_1100rpm,2632284,1101,268,1954,2563,5,50,1211176,9,551,74,0,1,,,,,,,,,,
2026-06-21T03:36:18.485695+00:00,S028,commissioning_unmounted,false,phase_asymmetry,mild,1100,phase_asymmetry-mild_horizontal_no_load_1100rpm,2632384,1102,269,1947,2557,6,50,1211220,9,551,75,1,2,,,,,,,,,,
2026-06-21T03:36:18.625346+00:00,S028,commissioning_unmounted,false,phase_asymmetry,mild,1100,phase_asymmetry-mild_horizontal_no_load_1100rpm,2632484,1102,269,1946,2558,3,50,1211264,9,551,75,1,2,,,,,,,,,,
2026-06-21T03:36:18.718957+00:00,S028,commissioning_unmounted,false,phase_asymmetry,mild,1100,phase_asymmetry-mild_horizontal_no_load_1100rpm,2632584,1102,272,1946,2563,5,50,1211308,9,551,75,0,2,,,,,,,,,,
2026-06-21T03:36:18.813741+00:00,S028,commissioning_unmounted,false,phase_asymmetry,mild,1100,phase_asymmetry-mild_horizontal_no_load_1100rpm,2632684,1102,269,1954,2566,6,50,1211352,9,551,75,1,2,,,,,,,,,,
2026-06-21T03:36:18.905677+00:00,S028,commissioning_unmounted,false,phase_asymmetry,mild,1100,phase_asymmetry-mild_horizontal_no_load_1100rpm,2632784,1102,271,1946,2561,3,50,1211396,9,551,74,0,2,,,,,,,,,,
2026-06-21T03:36:19.012587+00:00,S028,commissioning_unmounted,false,phase_asymmetry,mild,1100,phase_asymmetry-mild_horizontal_no_load_1100rpm,2632884,1102,269,1949,2561,5,50,1211440,9,551,75,0,2,,,,,,,,,,
2026-06-21T03:36:19.107064+00:00,S028,commissioning_unmounted,false,phase_asymmetry,mild,1100,phase_asymmetry-mild_horizontal_no_load_1100rpm,2632984,1101,273,1946,2566,6,50,1211484,9,551,74,1,2,,,,,,,,,,
2026-06-21T03:36:19.201178+00:00,S028,commissioning_unmounted,false,phase_asymmetry,mild,1100,phase_asymmetry-mild_horizontal_no_load_1100rpm,2633084,1102,269,1949,2560,3,50,1211528,9,551,74,1,2,,,,,,,,,,
2026-06-21T03:36:19.294951+00:00,S028,commissioning_unmounted,false,phase_asymmetry,mild,1100,phase_asymmetry-mild_horizontal_no_load_1100rpm,2633184,1102,271,1949,2564,4,50,1211573,9,551,74,0,1,,,,,,,,,,
2026-06-21T03:36:19.387109+00:00,S028,commissioning_unmounted,false,phase_asymmetry,mild,1100,phase_asymmetry-mild_horizontal_no_load_1100rpm,2633284,1102,270,1951,2564,2,50,1211617,9,551,75,1,2,,,,,,,,,,
2026-06-21T03:36:19.478806+00:00,S028,commissioning_unmounted,false,phase_asymmetry,mild,1100,phase_asymmetry-mild_horizontal_no_load_1100rpm,2633384,1101,272,1951,2569,1,50,1211661,9,551,75,0,1,,,,,,,,,,
2026-06-21T03:36:19.619357+00:00,S028,commissioning_unmounted,false,phase_asymmetry,mild,1100,phase_asymmetry-mild_horizontal_no_load_1100rpm,2633484,1102,269,1946,2556,4,50,1211705,9,551,75,1,2,,,,,,,,,,
2026-06-21T03:36:19.712727+00:00,S028,commissioning_unmounted,false,phase_asymmetry,mild,1100,phase_asymmetry-mild_horizontal_no_load_1100rpm,2633584,1102,267,1957,2563,2,50,1211749,9,551,74,0,1,,,,,,,,,,
2026-06-21T03:36:19.806579+00:00,S028,commissioning_unmounted,false,phase_asymmetry,mild,1100,phase_asymmetry-mild_horizontal_no_load_1100rpm,2633684,1102,270,1952,2565,1,50,1211793,9,551,75,1,2,,,,,,,,,,
2026-06-21T03:36:19.899225+00:00,S028,commissioning_unmounted,false,phase_asymmetry,mild,1100,phase_asymmetry-mild_horizontal_no_load_1100rpm,2633784,1102,265,1954,2555,4,50,1211837,9,551,74,1,3,,,,,,,,,,
2026-06-21T03:36:19.992931+00:00,S028,commissioning_unmounted,false,phase_asymmetry,mild,1100,phase_asymmetry-mild_horizontal_no_load_1100rpm,2633884,1104,268,1954,2561,2,50,1211881,9,551,75,1,2,,,,,,,,,,
2026-06-21T03:36:20.086710+00:00,S028,commissioning_unmounted,false,phase_asymmetry,mild,1100,phase_asymmetry-mild_horizontal_no_load_1100rpm,2633984,1102,272,1949,2566,1,50,1211925,9,551,75,1,2,,,,,,,,,,
2026-06-21T03:36:20.179104+00:00,S028,commissioning_unmounted,false,phase_asymmetry,mild,1100,phase_asymmetry-mild_horizontal_no_load_1100rpm,2634084,1102,267,1957,2563,4,50,1211969,9,551,74,0,2,,,,,,,,,,
2026-06-21T03:36:20.318886+00:00,S028,commissioning_unmounted,false,phase_asymmetry,mild,1100,phase_asymmetry-mild_horizontal_no_load_1100rpm,2634184,1102,270,1949,2563,3,50,1212014,9,551,75,1,2,,,,,,,,,,
2026-06-21T03:36:20.411191+00:00,S028,commissioning_unmounted,false,phase_asymmetry,mild,1100,phase_asymmetry-mild_horizontal_no_load_1100rpm,2634284,1102,268,1954,2563,5,50,1212058,9,551,74,1,2,,,,,,,,,,
2026-06-21T03:36:20.505205+00:00,S028,commissioning_unmounted,false,phase_asymmetry,mild,1100,phase_asymmetry-mild_horizontal_no_load_1100rpm,2634384,1101,267,1957,2563,6,50,1212102,9,551,74,1,2,,,,,,,,,,
2026-06-21T03:36:20.598157+00:00,S028,commissioning_unmounted,false,phase_asymmetry,mild,1100,phase_asymmetry-mild_horizontal_no_load_1100rpm,2634484,1103,268,1954,2563,3,50,1212146,9,551,75,0,2,,,,,,,,,,
2026-06-21T03:36:20.691538+00:00,S028,commissioning_unmounted,false,phase_asymmetry,mild,1100,phase_asymmetry-mild_horizontal_no_load_1100rpm,2634584,1102,268,1949,2558,5,50,1212190,9,551,74,1,2,,,,,,,,,,
2026-06-21T03:36:20.784714+00:00,S028,commissioning_unmounted,false,phase_asymmetry,mild,1100,phase_asymmetry-mild_horizontal_no_load_1100rpm,2634684,1102,273,1946,2566,6,50,1212234,9,551,74,0,2,,,,,,,,,,
2026-06-21T03:36:20.878179+00:00,S028,commissioning_unmounted,false,phase_asymmetry,mild,1100,phase_asymmetry-mild_horizontal_no_load_1100rpm,2634784,1103,270,1951,2563,3,50,1212278,9,551,75,1,3,,,,,,,,,,
2026-06-21T03:36:21.018527+00:00,S028,commissioning_unmounted,false,phase_asymmetry,mild,1100,phase_asymmetry-mild_horizontal_no_load_1100rpm,2634884,1102,267,1957,2563,5,50,1212322,9,551,74,1,2,,,,,,,,,,
2026-06-21T03:36:21.112933+00:00,S028,commissioning_unmounted,false,phase_asymmetry,mild,1100,phase_asymmetry-mild_horizontal_no_load_1100rpm,2634984,1101,269,1954,2566,6,50,1212366,9,551,74,1,2,,,,,,,,,,
2026-06-21T03:36:21.206089+00:00,S028,commissioning_unmounted,false,phase_asymmetry,mild,1100,phase_asymmetry-mild_horizontal_no_load_1100rpm,2635084,1102,269,1949,2560,3,50,1212410,9,551,74,1,2,,,,,,,,,,
2026-06-21T03:36:21.299939+00:00,S028,commissioning_unmounted,false,phase_asymmetry,mild,1100,phase_asymmetry-mild_horizontal_no_load_1100rpm,2635184,1102,269,1949,2561,4,50,1212455,9,551,74,1,2,,,,,,,,,,
2026-06-21T03:36:21.393781+00:00,S028,commissioning_unmounted,false,phase_asymmetry,mild,1100,phase_asymmetry-mild_horizontal_no_load_1100rpm,2635284,1101,267,1959,2566,2,50,1212499,9,551,74,1,2,,,,,,,,,,
2026-06-21T03:36:21.488388+00:00,S028,commissioning_unmounted,false,phase_asymmetry,mild,1100,phase_asymmetry-mild_horizontal_no_load_1100rpm,2635384,1103,267,1954,2560,1,50,1212543,9,551,75,1,1,,,,,,,,,,
2026-06-21T03:36:21.582647+00:00,S028,commissioning_unmounted,false,phase_asymmetry,mild,1100,phase_asymmetry-mild_horizontal_no_load_1100rpm,2635484,1102,270,1949,2563,4,50,1212587,9,551,75,0,2,,,,,,,,,,
2026-06-21T03:36:21.675829+00:00,S028,commissioning_unmounted,false,phase_asymmetry,mild,1100,phase_asymmetry-mild_horizontal_no_load_1100rpm,2635584,1102,270,1946,2558,2,50,1212631,9,551,74,1,2,,,,,,,,,,
2026-06-21T03:36:21.815379+00:00,S028,commissioning_unmounted,false,phase_asymmetry,mild,1100,phase_asymmetry-mild_horizontal_no_load_1100rpm,2635684,1101,268,1956,2565,1,50,1212675,9,551,74,0,2,,,,,,,,,,
2026-06-21T03:36:21.909206+00:00,S028,commissioning_unmounted,false,phase_asymmetry,mild,1100,phase_asymmetry-mild_horizontal_no_load_1100rpm,2635784,1101,269,1954,2566,4,50,1212719,9,551,74,2,1,,,,,,,,,,
2026-06-21T03:36:22.001937+00:00,S028,commissioning_unmounted,false,phase_asymmetry,mild,1100,phase_asymmetry-mild_horizontal_no_load_1100rpm,2635884,1101,271,1952,2568,2,50,1212763,9,551,75,1,2,,,,,,,,,,
2026-06-21T03:36:22.096178+00:00,S028,commissioning_unmounted,false,phase_asymmetry,mild,1100,phase_asymmetry-mild_horizontal_no_load_1100rpm,2635984,1103,270,1946,2558,1,50,1212807,9,551,75,0,2,,,,,,,,,,
2026-06-21T03:36:22.190364+00:00,S028,commissioning_unmounted,false,phase_asymmetry,mild,1100,phase_asymmetry-mild_horizontal_no_load_1100rpm,2636084,1102,268,1954,2563,4,50,1212851,9,551,74,0,2,,,,,,,,,,
2026-06-21T03:36:22.283835+00:00,S028,commissioning_unmounted,false,phase_asymmetry,mild,1100,phase_asymmetry-mild_horizontal_no_load_1100rpm,2636184,1102,270,1949,2563,3,50,1212896,9,551,74,1,2,,,,,,,,,,
2026-06-21T03:36:22.376758+00:00,S028,commissioning_unmounted,false,phase_asymmetry,mild,1100,phase_asymmetry-mild_horizontal_no_load_1100rpm,2636284,1102,273,1949,2568,5,50,1212940,9,551,75,1,2,,,,,,,,,,
2026-06-21T03:36:22.471384+00:00,S028,commissioning_unmounted,false,phase_asymmetry,mild,1100,phase_asymmetry-mild_horizontal_no_load_1100rpm,2636384,1103,268,1952,2560,6,50,1212984,9,551,75,0,3,,,,,,,,,,
2026-06-21T03:36:22.613666+00:00,S028,commissioning_unmounted,false,phase_asymmetry,mild,1100,phase_asymmetry-mild_horizontal_no_load_1100rpm,2636484,1101,269,1954,2566,3,50,1213028,9,551,74,1,1,,,,,,,,,,
2026-06-21T03:36:22.704729+00:00,S028,commissioning_unmounted,false,phase_asymmetry,mild,1100,phase_asymmetry-mild_horizontal_no_load_1100rpm,2636584,1102,269,1954,2566,5,50,1213072,9,551,75,0,1,,,,,,,,,,
2026-06-21T03:36:22.797898+00:00,S028,commissioning_unmounted,false,phase_asymmetry,mild,1100,phase_asymmetry-mild_horizontal_no_load_1100rpm,2636684,1104,267,1952,2557,6,50,1213116,9,551,75,1,2,,,,,,,,,,
2026-06-21T03:36:22.891763+00:00,S028,commissioning_unmounted,false,phase_asymmetry,mild,1100,phase_asymmetry-mild_horizontal_no_load_1100rpm,2636784,1101,269,1949,2560,3,50,1213160,9,551,74,1,2,,,,,,,,,,
2026-06-21T03:36:22.985421+00:00,S028,commissioning_unmounted,false,phase_asymmetry,mild,1100,phase_asymmetry-mild_horizontal_no_load_1100rpm,2636884,1102,270,1952,2566,5,50,1213204,9,551,75,1,2,,,,,,,,,,
2026-06-21T03:36:23.092041+00:00,S028,commissioning_unmounted,false,phase_asymmetry,mild,1100,phase_asymmetry-mild_horizontal_no_load_1100rpm,2636984,1102,270,1946,2560,6,50,1213248,9,551,74,0,2,,,,,,,,,,
2026-06-21T03:36:23.185803+00:00,S028,commissioning_unmounted,false,phase_asymmetry,mild,1100,phase_asymmetry-mild_horizontal_no_load_1100rpm,2637084,1100,270,1952,2565,3,50,1213292,9,551,75,1,2,,,,,,,,,,
2026-06-21T03:36:23.279872+00:00,S028,commissioning_unmounted,false,phase_asymmetry,mild,1100,phase_asymmetry-mild_horizontal_no_load_1100rpm,2637184,1102,269,1955,2565,4,50,1213337,9,551,75,1,2,,,,,,,,,,
2026-06-21T03:36:23.374417+00:00,S028,commissioning_unmounted,false,phase_asymmetry,mild,1100,phase_asymmetry-mild_horizontal_no_load_1100rpm,2637284,1103,270,1947,2560,2,50,1213381,9,551,75,0,2,,,,,,,,,,
2026-06-21T03:36:23.467182+00:00,S028,commissioning_unmounted,false,phase_asymmetry,mild,1100,phase_asymmetry-mild_horizontal_no_load_1100rpm,2637384,1102,264,1954,2555,1,50,1213425,9,551,74,0,2,,,,,,,,,,
2026-06-21T03:36:23.594041+00:00,S028,commissioning_unmounted,false,phase_asymmetry,mild,1100,phase_asymmetry-mild_horizontal_no_load_1100rpm,2637484,1101,264,1960,2561,4,50,1213469,9,551,74,1,2,,,,,,,,,,
2026-06-21T03:36:23.686953+00:00,S028,commissioning_unmounted,false,phase_asymmetry,mild,1100,phase_asymmetry-mild_horizontal_no_load_1100rpm,2637584,1102,269,1954,2565,2,50,1213513,9,551,75,1,2,,,,,,,,,,
2026-06-21T03:36:23.781043+00:00,S028,commissioning_unmounted,false,phase_asymmetry,mild,1100,phase_asymmetry-mild_horizontal_no_load_1100rpm,2637684,1102,269,1949,2561,1,50,1213557,9,551,74,1,2,,,,,,,,,,
2026-06-21T03:36:23.890279+00:00,S028,commissioning_unmounted,false,phase_asymmetry,mild,1100,phase_asymmetry-mild_horizontal_no_load_1100rpm,2637784,1102,268,1955,2565,4,50,1213601,9,551,74,1,2,,,,,,,,,,
2026-06-21T03:36:23.984650+00:00,S028,commissioning_unmounted,false,phase_asymmetry,mild,1100,phase_asymmetry-mild_horizontal_no_load_1100rpm,2637884,1103,271,1946,2561,2,50,1213645,9,551,75,0,3,,,,,,,,,,
2026-06-21T03:36:24.092546+00:00,S028,commissioning_unmounted,false,phase_asymmetry,mild,1100,phase_asymmetry-mild_horizontal_no_load_1100rpm,2637984,1103,270,1946,2558,1,50,1213689,9,551,75,0,2,,,,,,,,,,
2026-06-21T03:36:24.184876+00:00,S028,commissioning_unmounted,false,phase_asymmetry,mild,1100,phase_asymmetry-mild_horizontal_no_load_1100rpm,2638084,1101,267,1956,2563,4,50,1213733,9,551,74,0,1,,,,,,,,,,
2026-06-21T03:36:24.277474+00:00,S028,commissioning_unmounted,false,phase_asymmetry,mild,1100,phase_asymmetry-mild_horizontal_no_load_1100rpm,2638184,1102,267,1957,2563,3,50,1213778,9,551,75,1,2,,,,,,,,,,
2026-06-21T03:36:24.370464+00:00,S028,commissioning_unmounted,false,phase_asymmetry,mild,1100,phase_asymmetry-mild_horizontal_no_load_1100rpm,2638284,1102,269,1946,2558,5,50,1213822,9,551,74,1,2,,,,,,,,,,
2026-06-21T03:36:24.463073+00:00,S028,commissioning_unmounted,false,phase_asymmetry,mild,1100,phase_asymmetry-mild_horizontal_no_load_1100rpm,2638384,1102,267,1957,2563,6,50,1213866,9,551,74,1,2,,,,,,,,,,
2026-06-21T03:36:24.605453+00:00,S028,commissioning_unmounted,false,phase_asymmetry,mild,1100,phase_asymmetry-mild_horizontal_no_load_1100rpm,2638484,1103,270,1948,2561,3,50,1213910,9,551,74,0,1,,,,,,,,,,
2026-06-21T03:36:24.700458+00:00,S028,commissioning_unmounted,false,phase_asymmetry,mild,1100,phase_asymmetry-mild_horizontal_no_load_1100rpm,2638584,1102,272,1946,2563,5,50,1213954,9,551,74,0,1,,,,,,,,,,
2026-06-21T03:36:24.793318+00:00,S028,commissioning_unmounted,false,phase_asymmetry,mild,1100,phase_asymmetry-mild_horizontal_no_load_1100rpm,2638684,1101,269,1951,2563,6,50,1213998,9,551,75,1,2,,,,,,,,,,
2026-06-21T03:36:24.887318+00:00,S028,commissioning_unmounted,false,phase_asymmetry,mild,1100,phase_asymmetry-mild_horizontal_no_load_1100rpm,2638784,1101,267,1957,2563,3,50,1214042,9,551,74,1,2,,,,,,,,,,
2026-06-21T03:36:24.981301+00:00,S028,commissioning_unmounted,false,phase_asymmetry,mild,1100,phase_asymmetry-mild_horizontal_no_load_1100rpm,2638884,1103,269,1951,2561,5,50,1214086,9,551,74,1,2,,,,,,,,,,
2026-06-21T03:36:25.076463+00:00,S028,commissioning_unmounted,false,phase_asymmetry,mild,1100,phase_asymmetry-mild_horizontal_no_load_1100rpm,2638984,1101,269,1949,2561,6,50,1214130,9,551,74,1,1,,,,,,,,,,
2026-06-21T03:36:25.170220+00:00,S028,commissioning_unmounted,false,phase_asymmetry,mild,1100,phase_asymmetry-mild_horizontal_no_load_1100rpm,2639084,1103,272,1946,2563,1,50,1214175,9,551,75,1,1,,,,,,,,,,
2026-06-21T03:36:25.262538+00:00,S028,commissioning_unmounted,false,phase_asymmetry,mild,1100,phase_asymmetry-mild_horizontal_no_load_1100rpm,2639184,1102,268,1952,2560,4,50,1214219,9,551,75,0,2,,,,,,,,,,
2026-06-21T03:36:25.403441+00:00,S028,commissioning_unmounted,false,phase_asymmetry,mild,1100,phase_asymmetry-mild_horizontal_no_load_1100rpm,2639284,1102,272,1946,2563,2,50,1214263,9,551,75,1,2,,,,,,,,,,
2026-06-21T03:36:25.496325+00:00,S028,commissioning_unmounted,false,phase_asymmetry,mild,1100,phase_asymmetry-mild_horizontal_no_load_1100rpm,2639384,1101,268,1956,2566,1,50,1214307,9,551,75,1,2,,,,,,,,,,
2026-06-21T03:36:25.591706+00:00,S028,commissioning_unmounted,false,phase_asymmetry,mild,1100,phase_asymmetry-mild_horizontal_no_load_1100rpm,2639484,1103,272,1943,2561,4,50,1214351,9,551,75,0,2,,,,,,,,,,
2026-06-21T03:36:25.685746+00:00,S028,commissioning_unmounted,false,phase_asymmetry,mild,1100,phase_asymmetry-mild_horizontal_no_load_1100rpm,2639584,1101,269,1954,2566,2,50,1214395,9,551,74,0,2,,,,,,,,,,
2026-06-21T03:36:25.779311+00:00,S028,commissioning_unmounted,false,phase_asymmetry,mild,1100,phase_asymmetry-mild_horizontal_no_load_1100rpm,2639684,1101,271,1952,2568,1,50,1214439,9,551,74,0,2,,,,,,,,,,
2026-06-21T03:36:25.872901+00:00,S028,commissioning_unmounted,false,phase_asymmetry,mild,1100,phase_asymmetry-mild_horizontal_no_load_1100rpm,2639784,1103,269,1952,2563,4,50,1214483,9,551,75,0,1,,,,,,,,,,
2026-06-21T03:36:25.967067+00:00,S028,commissioning_unmounted,false,phase_asymmetry,mild,1100,phase_asymmetry-mild_horizontal_no_load_1100rpm,2639884,1101,267,1957,2563,2,50,1214527,9,551,75,1,2,,,,,,,,,,
2026-06-21T03:36:26.060412+00:00,S028,commissioning_unmounted,false,phase_asymmetry,mild,1100,phase_asymmetry-mild_horizontal_no_load_1100rpm,2639984,1101,271,1952,2568,1,50,1214571,9,551,75,0,2,,,,,,,,,,
2026-06-21T03:36:26.201674+00:00,S028,commissioning_unmounted,false,phase_asymmetry,mild,1100,phase_asymmetry-mild_horizontal_no_load_1100rpm,2640084,1102,271,1951,2566,6,50,1214616,9,551,74,0,2,,,,,,,,,,
2026-06-21T03:36:26.295030+00:00,S028,commissioning_unmounted,false,phase_asymmetry,mild,1100,phase_asymmetry-mild_horizontal_no_load_1100rpm,2640184,1102,271,1951,2566,3,50,1214660,9,551,75,1,3,,,,,,,,,,
2026-06-21T03:36:26.389057+00:00,S028,commissioning_unmounted,false,phase_asymmetry,mild,1100,phase_asymmetry-mild_horizontal_no_load_1100rpm,2640284,1101,272,1949,2568,5,50,1214704,9,551,75,1,2,,,,,,,,,,
2026-06-21T03:36:26.481428+00:00,S028,commissioning_unmounted,false,phase_asymmetry,mild,1100,phase_asymmetry-mild_horizontal_no_load_1100rpm,2640384,1103,268,1947,2555,6,50,1214748,9,551,75,0,2,,,,,,,,,,
2026-06-21T03:36:26.574792+00:00,S028,commissioning_unmounted,false,phase_asymmetry,mild,1100,phase_asymmetry-mild_horizontal_no_load_1100rpm,2640484,1102,268,1949,2558,3,50,1214792,9,551,74,1,2,,,,,,,,,,
2026-06-21T03:36:26.669113+00:00,S028,commissioning_unmounted,false,phase_asymmetry,mild,1100,phase_asymmetry-mild_horizontal_no_load_1100rpm,2640584,1102,265,1952,2555,5,50,1214836,9,551,74,0,2,,,,,,,,,,
2026-06-21T03:36:26.762045+00:00,S028,commissioning_unmounted,false,phase_asymmetry,mild,1100,phase_asymmetry-mild_horizontal_no_load_1100rpm,2640685,1102,267,1960,2566,6,50,1214880,9,551,74,1,2,,,,,,,,,,
2026-06-21T03:36:26.856685+00:00,S028,commissioning_unmounted,false,phase_asymmetry,mild,1100,phase_asymmetry-mild_horizontal_no_load_1100rpm,2640785,1102,269,1946,2556,3,50,1214924,9,551,75,1,2,,,,,,,,,,
2026-06-21T03:36:26.998704+00:00,S028,commissioning_unmounted,false,phase_asymmetry,mild,1100,phase_asymmetry-mild_horizontal_no_load_1100rpm,2640885,1102,271,1949,2564,4,50,1214969,9,551,75,1,2,,,,,,,,,,
2026-06-21T03:36:27.092797+00:00,S028,commissioning_unmounted,false,phase_asymmetry,mild,1100,phase_asymmetry-mild_horizontal_no_load_1100rpm,2640985,1103,274,1943,2564,6,50,1215012,9,551,75,0,3,,,,,,,,,,
2026-06-21T03:36:27.187782+00:00,S028,commissioning_unmounted,false,phase_asymmetry,mild,1100,phase_asymmetry-mild_horizontal_no_load_1100rpm,2641085,1103,268,1947,2555,1,50,1215057,9,551,75,0,2,,,,,,,,,,
2026-06-21T03:36:27.294725+00:00,S028,commissioning_unmounted,false,phase_asymmetry,mild,1100,phase_asymmetry-mild_horizontal_no_load_1100rpm,2641185,1102,271,1946,2561,4,50,1215101,9,551,75,0,2,,,,,,,,,,
2026-06-21T03:36:27.386833+00:00,S028,commissioning_unmounted,false,phase_asymmetry,mild,1100,phase_asymmetry-mild_horizontal_no_load_1100rpm,2641285,1101,267,1952,2558,2,50,1215145,9,551,74,1,2,,,,,,,,,,
2026-06-21T03:36:27.481751+00:00,S028,commissioning_unmounted,false,phase_asymmetry,mild,1100,phase_asymmetry-mild_horizontal_no_load_1100rpm,2641385,1102,270,1947,2561,1,50,1215189,9,551,74,0,2,,,,,,,,,,
2026-06-21T03:36:27.575244+00:00,S028,commissioning_unmounted,false,phase_asymmetry,mild,1100,phase_asymmetry-mild_horizontal_no_load_1100rpm,2641485,1101,268,1954,2564,4,50,1215233,9,551,74,0,2,,,,,,,,,,
2026-06-21T03:36:27.669682+00:00,S028,commissioning_unmounted,false,phase_asymmetry,mild,1100,phase_asymmetry-mild_horizontal_no_load_1100rpm,2641585,1102,273,1948,2569,2,50,1215277,9,551,75,1,2,,,,,,,,,,
2026-06-21T03:36:27.764225+00:00,S028,commissioning_unmounted,false,phase_asymmetry,mild,1100,phase_asymmetry-mild_horizontal_no_load_1100rpm,2641685,1103,271,1943,2558,1,50,1215321,9,551,76,0,3,,,,,,,,,,
2026-06-21T03:36:27.857884+00:00,S028,commissioning_unmounted,false,phase_asymmetry,mild,1100,phase_asymmetry-mild_horizontal_no_load_1100rpm,2641785,1102,268,1954,2563,4,50,1215365,9,551,75,1,2,,,,,,,,,,
2026-06-21T03:36:27.984303+00:00,S028,commissioning_unmounted,false,phase_asymmetry,mild,1100,phase_asymmetry-mild_horizontal_no_load_1100rpm,2641885,1102,272,1946,2563,3,50,1215410,9,551,75,1,2,,,,,,,,,,
2026-06-21T03:36:28.078126+00:00,S028,commissioning_unmounted,false,phase_asymmetry,mild,1100,phase_asymmetry-mild_horizontal_no_load_1100rpm,2641985,1102,270,1946,2560,5,50,1215454,9,551,74,1,2,,,,,,,,,,
2026-06-21T03:36:28.172824+00:00,S028,commissioning_unmounted,false,phase_asymmetry,mild,1100,phase_asymmetry-mild_horizontal_no_load_1100rpm,2642085,1102,270,1949,2563,6,50,1215498,9,551,74,1,2,,,,,,,,,,
2026-06-21T03:36:28.266351+00:00,S028,commissioning_unmounted,false,phase_asymmetry,mild,1100,phase_asymmetry-mild_horizontal_no_load_1100rpm,2642185,1101,268,1956,2566,3,50,1215542,9,551,74,1,2,,,,,,,,,,
2026-06-21T03:36:28.359201+00:00,S028,commissioning_unmounted,false,phase_asymmetry,mild,1100,phase_asymmetry-mild_horizontal_no_load_1100rpm,2642285,1103,268,1955,2563,5,50,1215586,9,551,75,0,1,,,,,,,,,,
2026-06-21T03:36:28.468012+00:00,S028,commissioning_unmounted,false,phase_asymmetry,mild,1100,phase_asymmetry-mild_horizontal_no_load_1100rpm,2642385,1103,266,1949,2553,6,50,1215630,9,551,75,0,2,,,,,,,,,,
2026-06-21T03:36:28.561041+00:00,S028,commissioning_unmounted,false,phase_asymmetry,mild,1100,phase_asymmetry-mild_horizontal_no_load_1100rpm,2642485,1101,269,1954,2566,3,50,1215674,9,551,75,1,2,,,,,,,,,,
2026-06-21T03:36:28.687243+00:00,S028,commissioning_unmounted,false,phase_asymmetry,mild,1100,phase_asymmetry-mild_horizontal_no_load_1100rpm,2642585,1103,268,1946,2555,5,50,1215718,9,551,74,1,2,,,,,,,,,,
2026-06-21T03:36:28.780920+00:00,S028,commissioning_unmounted,false,phase_asymmetry,mild,1100,phase_asymmetry-mild_horizontal_no_load_1100rpm,2642685,1102,272,1946,2563,6,50,1215762,9,551,75,1,2,,,,,,,,,,
2026-06-21T03:36:28.889149+00:00,S028,commissioning_unmounted,false,phase_asymmetry,mild,1100,phase_asymmetry-mild_horizontal_no_load_1100rpm,2642785,1101,272,1949,2566,3,50,1215806,9,551,75,0,2,,,,,,,,,,
2026-06-21T03:36:28.982812+00:00,S028,commissioning_unmounted,false,phase_asymmetry,mild,1100,phase_asymmetry-mild_horizontal_no_load_1100rpm,2642885,1103,270,1946,2558,5,50,1215850,9,551,75,1,2,,,,,,,,,,
2026-06-21T03:36:29.077378+00:00,S028,commissioning_unmounted,false,phase_asymmetry,mild,1100,phase_asymmetry-mild_horizontal_no_load_1100rpm,2642985,1103,266,1957,2560,2,50,1215895,9,551,74,0,1,,,,,,,,,,
2026-06-21T03:36:29.171779+00:00,S028,commissioning_unmounted,false,phase_asymmetry,mild,1100,phase_asymmetry-mild_horizontal_no_load_1100rpm,2643085,1101,270,1946,2560,1,50,1215939,9,551,74,1,2,,,,,,,,,,
2026-06-21T03:36:29.280321+00:00,S028,commissioning_unmounted,false,phase_asymmetry,mild,1100,phase_asymmetry-mild_horizontal_no_load_1100rpm,2643185,1103,268,1946,2555,4,50,1215983,9,551,75,0,3,,,,,,,,,,
2026-06-21T03:36:29.375011+00:00,S028,commissioning_unmounted,false,phase_asymmetry,mild,1100,phase_asymmetry-mild_horizontal_no_load_1100rpm,2643285,1102,266,1955,2560,2,50,1216027,9,551,74,0,2,,,,,,,,,,
2026-06-21T03:36:29.484275+00:00,S028,commissioning_unmounted,false,phase_asymmetry,mild,1100,phase_asymmetry-mild_horizontal_no_load_1100rpm,2643385,1101,269,1954,2566,1,50,1216071,9,551,74,0,2,,,,,,,,,,
2026-06-21T03:36:29.577970+00:00,S028,commissioning_unmounted,false,phase_asymmetry,mild,1100,phase_asymmetry-mild_horizontal_no_load_1100rpm,2643485,1103,269,1947,2558,4,50,1216115,9,551,75,0,2,,,,,,,,,,
2026-06-21T03:36:29.686800+00:00,S028,commissioning_unmounted,false,phase_asymmetry,mild,1100,phase_asymmetry-mild_horizontal_no_load_1100rpm,2643585,1102,266,1957,2561,2,50,1216159,9,551,74,0,2,,,,,,,,,,
2026-06-21T03:36:29.796498+00:00,S028,commissioning_unmounted,false,phase_asymmetry,mild,1100,phase_asymmetry-mild_horizontal_no_load_1100rpm,2643685,1102,271,1946,2561,1,50,1216203,9,551,75,1,2,,,,,,,,,,
2026-06-21T03:36:29.890160+00:00,S028,commissioning_unmounted,false,phase_asymmetry,mild,1100,phase_asymmetry-mild_horizontal_no_load_1100rpm,2643785,1104,269,1946,2556,4,50,1216247,9,551,75,0,2,,,,,,,,,,
2026-06-21T03:36:29.952787+00:00,S028,commissioning_unmounted,false,phase_asymmetry,mild,1100,phase_asymmetry-mild_horizontal_no_load_1100rpm,2643885,1103,271,1943,2558,3,50,1216292,9,551,75,0,2,,,,,,,,,,
2026-06-21T03:36:30.062155+00:00,S028,commissioning_unmounted,false,phase_asymmetry,mild,1100,phase_asymmetry-mild_horizontal_no_load_1100rpm,2643985,1101,267,1949,2555,5,50,1216336,9,551,74,1,2,,,,,,,,,,
2026-06-21T03:36:30.170947+00:00,S028,commissioning_unmounted,false,phase_asymmetry,mild,1100,phase_asymmetry-mild_horizontal_no_load_1100rpm,2644085,1102,269,1946,2556,6,50,1216380,9,551,74,0,2,,,,,,,,,,
2026-06-21T03:36:30.281104+00:00,S028,commissioning_unmounted,false,phase_asymmetry,mild,1100,phase_asymmetry-mild_horizontal_no_load_1100rpm,2644185,1102,271,1946,2561,3,50,1216424,9,551,75,1,2,,,,,,,,,,
2026-06-21T03:36:30.372700+00:00,S028,commissioning_unmounted,false,phase_asymmetry,mild,1100,phase_asymmetry-mild_horizontal_no_load_1100rpm,2644285,1102,271,1946,2561,5,50,1216468,9,551,75,0,2,,,,,,,,,,
2026-06-21T03:36:30.467655+00:00,S028,commissioning_unmounted,false,phase_asymmetry,mild,1100,phase_asymmetry-mild_horizontal_no_load_1100rpm,2644385,1101,268,1947,2555,6,50,1216512,9,551,74,0,2,,,,,,,,,,
2026-06-21T03:36:30.561180+00:00,S028,commissioning_unmounted,false,phase_asymmetry,mild,1100,phase_asymmetry-mild_horizontal_no_load_1100rpm,2644485,1103,268,1947,2555,3,50,1216556,9,551,74,0,2,,,,,,,,,,
2026-06-21T03:36:30.655541+00:00,S028,commissioning_unmounted,false,phase_asymmetry,mild,1100,phase_asymmetry-mild_horizontal_no_load_1100rpm,2644585,1102,270,1946,2558,5,50,1216600,9,551,74,1,2,,,,,,,,,,
2026-06-21T03:36:30.764482+00:00,S028,commissioning_unmounted,false,phase_asymmetry,mild,1100,phase_asymmetry-mild_horizontal_no_load_1100rpm,2644685,1101,271,1949,2565,6,50,1216644,9,551,75,1,2,,,,,,,,,,
2026-06-21T03:36:30.856497+00:00,S028,commissioning_unmounted,false,phase_asymmetry,mild,1100,phase_asymmetry-mild_horizontal_no_load_1100rpm,2644785,1103,267,1949,2555,3,50,1216688,9,551,74,1,1,,,,,,,,,,
2026-06-21T03:36:30.949460+00:00,S028,commissioning_unmounted,false,phase_asymmetry,mild,1100,phase_asymmetry-mild_horizontal_no_load_1100rpm,2644885,1102,270,1952,2566,4,50,1216733,9,551,75,0,2,,,,,,,,,,
2026-06-21T03:36:31.090088+00:00,S028,commissioning_unmounted,false,phase_asymmetry,mild,1100,phase_asymmetry-mild_horizontal_no_load_1100rpm,2644985,1102,267,1952,2558,2,50,1216777,9,551,74,1,2,,,,,,,,,,
2026-06-21T03:36:31.183824+00:00,S028,commissioning_unmounted,false,phase_asymmetry,mild,1100,phase_asymmetry-mild_horizontal_no_load_1100rpm,2645085,1103,270,1946,2558,1,50,1216821,9,551,75,0,3,,,,,,,,,,
2026-06-21T03:36:31.277822+00:00,S028,commissioning_unmounted,false,phase_asymmetry,mild,1100,phase_asymmetry-mild_horizontal_no_load_1100rpm,2645185,1102,266,1949,2553,4,50,1216865,9,551,74,1,2,,,,,,,,,,
2026-06-21T03:36:31.371665+00:00,S028,commissioning_unmounted,false,phase_asymmetry,mild,1100,phase_asymmetry-mild_horizontal_no_load_1100rpm,2645285,1102,273,1943,2563,2,50,1216909,9,551,75,0,2,,,,,,,,,,
2026-06-21T03:36:31.465606+00:00,S028,commissioning_unmounted,false,phase_asymmetry,mild,1100,phase_asymmetry-mild_horizontal_no_load_1100rpm,2645385,1102,272,1947,2564,1,50,1216953,9,551,74,0,1,,,,,,,,,,
2026-06-21T03:36:31.558862+00:00,S028,commissioning_unmounted,false,phase_asymmetry,mild,1100,phase_asymmetry-mild_horizontal_no_load_1100rpm,2645485,1102,270,1947,2560,4,50,1216997,9,551,75,0,2,,,,,,,,,,
2026-06-21T03:36:31.652088+00:00,S028,commissioning_unmounted,false,phase_asymmetry,mild,1100,phase_asymmetry-mild_horizontal_no_load_1100rpm,2645585,1102,269,1949,2560,2,50,1217041,9,551,74,1,2,,,,,,,,,,
2026-06-21T03:36:31.745200+00:00,S028,commissioning_unmounted,false,phase_asymmetry,mild,1100,phase_asymmetry-mild_horizontal_no_load_1100rpm,2645685,1103,267,1949,2555,1,50,1217085,9,551,75,1,2,,,,,,,,,,
2026-06-21T03:36:31.884644+00:00,S028,commissioning_unmounted,false,phase_asymmetry,mild,1100,phase_asymmetry-mild_horizontal_no_load_1100rpm,2645785,1101,269,1954,2565,4,50,1217129,9,551,74,0,2,,,,,,,,,,
2026-06-21T03:36:31.977272+00:00,S028,commissioning_unmounted,false,phase_asymmetry,mild,1100,phase_asymmetry-mild_horizontal_no_load_1100rpm,2645885,1102,269,1952,2563,3,50,1217174,9,551,75,0,2,,,,,,,,,,
2026-06-21T03:36:32.071597+00:00,S028,commissioning_unmounted,false,phase_asymmetry,mild,1100,phase_asymmetry-mild_horizontal_no_load_1100rpm,2645985,1102,270,1946,2558,5,50,1217218,9,551,75,0,3,,,,,,,,,,
2026-06-21T03:36:32.167250+00:00,S028,commissioning_unmounted,false,phase_asymmetry,mild,1100,phase_asymmetry-mild_horizontal_no_load_1100rpm,2646085,1102,269,1946,2558,6,50,1217262,9,551,75,1,2,,,,,,,,,,
2026-06-21T03:36:32.260146+00:00,S028,commissioning_unmounted,false,phase_asymmetry,mild,1100,phase_asymmetry-mild_horizontal_no_load_1100rpm,2646185,1103,269,1951,2561,3,50,1217306,9,551,75,0,1,,,,,,,,,,
2026-06-21T03:36:32.352324+00:00,S028,commissioning_unmounted,false,phase_asymmetry,mild,1100,phase_asymmetry-mild_horizontal_no_load_1100rpm,2646285,1102,267,1956,2563,5,50,1217350,9,551,74,1,1,,,,,,,,,,
2026-06-21T03:36:32.446323+00:00,S028,commissioning_unmounted,false,phase_asymmetry,mild,1100,phase_asymmetry-mild_horizontal_no_load_1100rpm,2646385,1102,268,1952,2560,6,50,1217394,9,551,74,1,2,,,,,,,,,,
2026-06-21T03:36:32.540200+00:00,S028,commissioning_unmounted,false,phase_asymmetry,mild,1100,phase_asymmetry-mild_horizontal_no_load_1100rpm,2646485,1102,271,1944,2560,3,50,1217438,9,551,76,1,3,,,,,,,,,,
2026-06-21T03:36:32.680961+00:00,S028,commissioning_unmounted,false,phase_asymmetry,mild,1100,phase_asymmetry-mild_horizontal_no_load_1100rpm,2646585,1102,270,1946,2560,5,50,1217482,9,551,75,1,2,,,,,,,,,,
2026-06-21T03:36:32.774180+00:00,S028,commissioning_unmounted,false,phase_asymmetry,mild,1100,phase_asymmetry-mild_horizontal_no_load_1100rpm,2646685,1102,271,1946,2561,6,50,1217526,9,551,75,0,2,,,,,,,,,,
2026-06-21T03:36:32.868672+00:00,S028,commissioning_unmounted,false,phase_asymmetry,mild,1100,phase_asymmetry-mild_horizontal_no_load_1100rpm,2646785,1102,266,1957,2561,3,50,1217570,9,551,74,0,2,,,,,,,,,,
2026-06-21T03:36:32.962120+00:00,S028,commissioning_unmounted,false,phase_asymmetry,mild,1100,phase_asymmetry-mild_horizontal_no_load_1100rpm,2646885,1102,267,1956,2563,4,50,1217615,9,551,75,1,2,,,,,,,,,,
2026-06-21T03:36:33.056512+00:00,S028,commissioning_unmounted,false,phase_asymmetry,mild,1100,phase_asymmetry-mild_horizontal_no_load_1100rpm,2646985,1102,267,1956,2563,2,50,1217659,9,551,74,1,2,,,,,,,,,,
2026-06-21T03:36:33.150671+00:00,S028,commissioning_unmounted,false,phase_asymmetry,mild,1100,phase_asymmetry-mild_horizontal_no_load_1100rpm,2647085,1103,270,1946,2558,1,50,1217703,9,551,75,1,2,,,,,,,,,,
2026-06-21T03:36:33.242585+00:00,S028,commissioning_unmounted,false,phase_asymmetry,mild,1100,phase_asymmetry-mild_horizontal_no_load_1100rpm,2647185,1100,267,1957,2565,4,50,1217747,9,551,74,0,1,,,,,,,,,,
2026-06-21T03:36:33.382775+00:00,S028,commissioning_unmounted,false,phase_asymmetry,mild,1100,phase_asymmetry-mild_horizontal_no_load_1100rpm,2647285,1102,271,1951,2566,2,50,1217791,9,551,75,1,2,,,,,,,,,,
2026-06-21T03:36:33.476409+00:00,S028,commissioning_unmounted,false,phase_asymmetry,mild,1100,phase_asymmetry-mild_horizontal_no_load_1100rpm,2647385,1102,269,1949,2560,1,50,1217835,9,551,74,1,2,,,,,,,,,,
2026-06-21T03:36:33.569284+00:00,S028,commissioning_unmounted,false,phase_asymmetry,mild,1100,phase_asymmetry-mild_horizontal_no_load_1100rpm,2647485,1102,269,1954,2565,4,50,1217879,9,551,74,1,2,,,,,,,,,,
2026-06-21T03:36:33.663632+00:00,S028,commissioning_unmounted,false,phase_asymmetry,mild,1100,phase_asymmetry-mild_horizontal_no_load_1100rpm,2647585,1101,269,1951,2563,2,50,1217923,9,551,74,1,2,,,,,,,,,,
2026-06-21T03:36:33.756833+00:00,S028,commissioning_unmounted,false,phase_asymmetry,mild,1100,phase_asymmetry-mild_horizontal_no_load_1100rpm,2647685,1102,267,1954,2560,1,50,1217967,9,551,74,0,2,,,,,,,,,,
2026-06-21T03:36:33.850187+00:00,S028,commissioning_unmounted,false,phase_asymmetry,mild,1100,phase_asymmetry-mild_horizontal_no_load_1100rpm,2647785,1101,272,1949,2566,4,50,1218011,9,551,75,1,2,,,,,,,,,,
2026-06-21T03:36:33.943646+00:00,S028,commissioning_unmounted,false,phase_asymmetry,mild,1100,phase_asymmetry-mild_horizontal_no_load_1100rpm,2647885,1103,270,1946,2558,3,50,1218056,9,551,75,1,3,,,,,,,,,,
2026-06-21T03:36:34.038553+00:00,S028,commissioning_unmounted,false,phase_asymmetry,mild,1100,phase_asymmetry-mild_horizontal_no_load_1100rpm,2647985,1101,272,1951,2569,5,50,1218100,9,551,74,2,2,,,,,,,,,,
2026-06-21T03:36:34.178840+00:00,S028,commissioning_unmounted,false,phase_asymmetry,mild,1100,phase_asymmetry-mild_horizontal_no_load_1100rpm,2648085,1102,268,1954,2563,6,50,1218144,9,551,75,1,3,,,,,,,,,,
2026-06-21T03:36:34.272695+00:00,S028,commissioning_unmounted,false,phase_asymmetry,mild,1100,phase_asymmetry-mild_horizontal_no_load_1100rpm,2648185,1102,269,1949,2560,3,50,1218188,9,551,75,1,2,,,,,,,,,,
2026-06-21T03:36:34.366226+00:00,S028,commissioning_unmounted,false,phase_asymmetry,mild,1100,phase_asymmetry-mild_horizontal_no_load_1100rpm,2648285,1102,270,1947,2560,5,50,1218232,9,551,74,0,2,,,,,,,,,,
2026-06-21T03:36:34.458041+00:00,S028,commissioning_unmounted,false,phase_asymmetry,mild,1100,phase_asymmetry-mild_horizontal_no_load_1100rpm,2648385,1102,269,1951,2561,6,50,1218276,9,551,74,0,1,,,,,,,,,,
2026-06-21T03:36:34.552674+00:00,S028,commissioning_unmounted,false,phase_asymmetry,mild,1100,phase_asymmetry-mild_horizontal_no_load_1100rpm,2648485,1102,270,1952,2565,3,50,1218320,9,551,75,1,2,,,,,,,,,,
2026-06-21T03:36:34.646650+00:00,S028,commissioning_unmounted,false,phase_asymmetry,mild,1100,phase_asymmetry-mild_horizontal_no_load_1100rpm,2648585,1102,271,1944,2560,5,50,1218364,9,551,75,1,2,,,,,,,,,,
2026-06-21T03:36:34.738630+00:00,S028,commissioning_unmounted,false,phase_asymmetry,mild,1100,phase_asymmetry-mild_horizontal_no_load_1100rpm,2648685,1102,269,1954,2565,6,50,1218408,9,551,74,1,2,,,,,,,,,,
2026-06-21T03:36:34.879357+00:00,S028,commissioning_unmounted,false,phase_asymmetry,mild,1100,phase_asymmetry-mild_horizontal_no_load_1100rpm,2648785,1101,268,1954,2563,3,50,1218452,9,551,74,1,2,,,,,,,,,,
2026-06-21T03:36:34.973379+00:00,S028,commissioning_unmounted,false,phase_asymmetry,mild,1100,phase_asymmetry-mild_horizontal_no_load_1100rpm,2648885,1103,266,1957,2560,4,50,1218497,9,551,74,1,2,,,,,,,,,,
2026-06-21T03:36:35.065874+00:00,S028,commissioning_unmounted,false,phase_asymmetry,mild,1100,phase_asymmetry-mild_horizontal_no_load_1100rpm,2648985,1101,268,1954,2563,2,50,1218541,9,551,75,1,2,,,,,,,,,,
2026-06-21T03:36:35.158736+00:00,S028,commissioning_unmounted,false,phase_asymmetry,mild,1100,phase_asymmetry-mild_horizontal_no_load_1100rpm,2649085,1101,268,1949,2558,1,50,1218585,9,551,74,1,2,,,,,,,,,,
2026-06-21T03:36:35.252677+00:00,S028,commissioning_unmounted,false,phase_asymmetry,mild,1100,phase_asymmetry-mild_horizontal_no_load_1100rpm,2649185,1102,269,1949,2560,4,50,1218629,9,551,74,1,2,,,,,,,,,,
2026-06-21T03:36:35.347674+00:00,S028,commissioning_unmounted,false,phase_asymmetry,mild,1100,phase_asymmetry-mild_horizontal_no_load_1100rpm,2649285,1102,270,1946,2558,2,50,1218673,9,551,75,0,2,,,,,,,,,,
2026-06-21T03:36:35.441424+00:00,S028,commissioning_unmounted,false,phase_asymmetry,mild,1100,phase_asymmetry-mild_horizontal_no_load_1100rpm,2649385,1102,270,1952,2566,1,50,1218717,9,551,75,2,3,,,,,,,,,,
2026-06-21T03:36:35.535112+00:00,S028,commissioning_unmounted,false,phase_asymmetry,mild,1100,phase_asymmetry-mild_horizontal_no_load_1100rpm,2649485,1102,268,1954,2563,4,50,1218761,9,551,74,1,2,,,,,,,,,,
2026-06-21T03:36:35.676839+00:00,S028,commissioning_unmounted,false,phase_asymmetry,mild,1100,phase_asymmetry-mild_horizontal_no_load_1100rpm,2649585,1103,266,1957,2560,2,50,1218805,9,551,75,1,2,,,,,,,,,,
2026-06-21T03:36:35.770142+00:00,S028,commissioning_unmounted,false,phase_asymmetry,mild,1100,phase_asymmetry-mild_horizontal_no_load_1100rpm,2649685,1101,269,1949,2560,1,50,1218849,9,551,75,0,2,,,,,,,,,,
2026-06-21T03:36:35.863662+00:00,S028,commissioning_unmounted,false,phase_asymmetry,mild,1100,phase_asymmetry-mild_horizontal_no_load_1100rpm,2649785,1103,267,1954,2560,4,50,1218893,9,551,75,1,2,,,,,,,,,,
2026-06-21T03:36:35.956654+00:00,S028,commissioning_unmounted,false,phase_asymmetry,mild,1100,phase_asymmetry-mild_horizontal_no_load_1100rpm,2649885,1102,269,1954,2566,3,50,1218938,9,551,74,1,2,,,,,,,,,,
2026-06-21T03:36:36.051219+00:00,S028,commissioning_unmounted,false,phase_asymmetry,mild,1100,phase_asymmetry-mild_horizontal_no_load_1100rpm,2649985,1101,270,1952,2566,5,50,1218982,9,551,75,1,2,,,,,,,,,,
2026-06-21T03:36:36.144478+00:00,S028,commissioning_unmounted,false,phase_asymmetry,mild,1100,phase_asymmetry-mild_horizontal_no_load_1100rpm,2650085,1102,267,1957,2563,6,50,1219026,9,551,74,1,1,,,,,,,,,,
2026-06-21T03:36:36.237068+00:00,S028,commissioning_unmounted,false,phase_asymmetry,mild,1100,phase_asymmetry-mild_horizontal_no_load_1100rpm,2650185,1102,271,1946,2561,3,50,1219070,9,551,75,0,2,,,,,,,,,,
2026-06-21T03:36:36.330801+00:00,S028,commissioning_unmounted,false,phase_asymmetry,mild,1100,phase_asymmetry-mild_horizontal_no_load_1100rpm,2650285,1102,270,1952,2566,5,50,1219114,9,551,75,1,2,,,,,,,,,,
2026-06-21T03:36:36.471686+00:00,S028,commissioning_unmounted,false,phase_asymmetry,mild,1100,phase_asymmetry-mild_horizontal_no_load_1100rpm,2650385,1101,271,1948,2563,6,50,1219158,9,551,75,1,2,,,,,,,,,,
2026-06-21T03:36:36.564521+00:00,S028,commissioning_unmounted,false,phase_asymmetry,mild,1100,phase_asymmetry-mild_horizontal_no_load_1100rpm,2650485,1102,267,1957,2563,3,50,1219202,9,551,74,1,2,,,,,,,,,,
2026-06-21T03:36:36.658038+00:00,S028,commissioning_unmounted,false,phase_asymmetry,mild,1100,phase_asymmetry-mild_horizontal_no_load_1100rpm,2650585,1102,269,1946,2558,5,50,1219246,9,551,75,1,2,,,,,,,,,,
2026-06-21T03:36:36.751746+00:00,S028,commissioning_unmounted,false,phase_asymmetry,mild,1100,phase_asymmetry-mild_horizontal_no_load_1100rpm,2650685,1103,271,1944,2558,6,50,1219290,9,551,75,0,2,,,,,,,,,,
2026-06-21T03:36:36.847453+00:00,S028,commissioning_unmounted,false,phase_asymmetry,mild,1100,phase_asymmetry-mild_horizontal_no_load_1100rpm,2650785,1102,264,1959,2558,3,50,1219334,9,551,75,1,2,,,,,,,,,,
2026-06-21T03:36:36.940186+00:00,S028,commissioning_unmounted,false,phase_asymmetry,mild,1100,phase_asymmetry-mild_horizontal_no_load_1100rpm,2650885,1102,269,1951,2561,4,50,1219379,9,551,74,0,2,,,,,,,,,,
2026-06-21T03:36:37.032771+00:00,S028,commissioning_unmounted,false,phase_asymmetry,mild,1100,phase_asymmetry-mild_horizontal_no_load_1100rpm,2650985,1102,269,1952,2563,2,50,1219423,9,551,75,1,2,,,,,,,,,,
2026-06-21T03:36:37.126940+00:00,S028,commissioning_unmounted,false,phase_asymmetry,mild,1100,phase_asymmetry-mild_horizontal_no_load_1100rpm,2651085,1102,269,1951,2561,1,50,1219467,9,551,74,1,2,,,,,,,,,,
2026-06-21T03:36:37.267274+00:00,S028,commissioning_unmounted,false,phase_asymmetry,mild,1100,phase_asymmetry-mild_horizontal_no_load_1100rpm,2651185,1101,269,1954,2566,4,50,1219511,9,551,75,1,2,,,,,,,,,,
2026-06-21T03:36:37.360581+00:00,S028,commissioning_unmounted,false,phase_asymmetry,mild,1100,phase_asymmetry-mild_horizontal_no_load_1100rpm,2651285,1102,266,1951,2555,2,50,1219555,9,551,74,1,2,,,,,,,,,,
2026-06-21T03:36:37.453704+00:00,S028,commissioning_unmounted,false,phase_asymmetry,mild,1100,phase_asymmetry-mild_horizontal_no_load_1100rpm,2651385,1102,270,1949,2561,1,50,1219599,9,551,75,0,2,,,,,,,,,,
2026-06-21T03:36:37.547081+00:00,S028,commissioning_unmounted,false,phase_asymmetry,mild,1100,phase_asymmetry-mild_horizontal_no_load_1100rpm,2651485,1102,272,1946,2563,4,50,1219643,9,551,74,1,2,,,,,,,,,,
2026-06-21T03:36:37.641174+00:00,S028,commissioning_unmounted,false,phase_asymmetry,mild,1100,phase_asymmetry-mild_horizontal_no_load_1100rpm,2651585,1102,268,1952,2561,2,50,1219687,9,551,74,0,1,,,,,,,,,,
2026-06-21T03:36:37.734934+00:00,S028,commissioning_unmounted,false,phase_asymmetry,mild,1100,phase_asymmetry-mild_horizontal_no_load_1100rpm,2651685,1102,270,1949,2563,1,50,1219731,9,551,75,1,2,,,,,,,,,,
2026-06-21T03:36:37.828097+00:00,S028,commissioning_unmounted,false,phase_asymmetry,mild,1100,phase_asymmetry-mild_horizontal_no_load_1100rpm,2651785,1101,267,1956,2564,4,50,1219775,9,551,75,1,2,,,,,,,,,,
2026-06-21T03:36:37.982927+00:00,S028,commissioning_unmounted,false,phase_asymmetry,mild,1100,phase_asymmetry-mild_horizontal_no_load_1100rpm,2651885,1101,272,1949,2566,2,50,1219819,9,551,75,1,2,,,,,,,,,,
2026-06-21T03:36:38.029148+00:00,S028,commissioning_unmounted,false,phase_asymmetry,mild,1100,phase_asymmetry-mild_horizontal_no_load_1100rpm,2651985,1102,270,1949,2563,1,50,1219863,9,551,75,1,2,,,,,,,,,,
2026-06-21T03:36:38.168550+00:00,S028,commissioning_unmounted,false,phase_asymmetry,mild,1100,phase_asymmetry-mild_horizontal_no_load_1100rpm,2652085,1102,269,1952,2563,6,50,1219908,9,551,74,1,1,,,,,,,,,,
2026-06-21T03:36:38.262425+00:00,S028,commissioning_unmounted,false,phase_asymmetry,mild,1100,phase_asymmetry-mild_horizontal_no_load_1100rpm,2652185,1102,270,1946,2560,3,50,1219952,9,551,74,0,2,,,,,,,,,,
2026-06-21T03:36:38.355524+00:00,S028,commissioning_unmounted,false,phase_asymmetry,mild,1100,phase_asymmetry-mild_horizontal_no_load_1100rpm,2652285,1102,267,1957,2563,5,50,1219996,9,551,74,2,2,,,,,,,,,,
2026-06-21T03:36:38.448150+00:00,S028,commissioning_unmounted,false,phase_asymmetry,mild,1100,phase_asymmetry-mild_horizontal_no_load_1100rpm,2652385,1102,269,1946,2558,6,50,1220040,9,551,74,0,1,,,,,,,,,,
2026-06-21T03:36:38.540299+00:00,S028,commissioning_unmounted,false,phase_asymmetry,mild,1100,phase_asymmetry-mild_horizontal_no_load_1100rpm,2652485,1102,270,1952,2565,3,50,1220084,9,551,75,1,2,,,,,,,,,,
2026-06-21T03:36:38.633905+00:00,S028,commissioning_unmounted,false,phase_asymmetry,mild,1100,phase_asymmetry-mild_horizontal_no_load_1100rpm,2652585,1102,268,1952,2561,5,50,1220128,9,551,74,0,1,,,,,,,,,,
2026-06-21T03:36:38.726691+00:00,S028,commissioning_unmounted,false,phase_asymmetry,mild,1100,phase_asymmetry-mild_horizontal_no_load_1100rpm,2652685,1102,269,1951,2563,6,50,1220172,9,551,74,0,2,,,,,,,,,,
2026-06-21T03:36:38.865654+00:00,S028,commissioning_unmounted,false,phase_asymmetry,mild,1100,phase_asymmetry-mild_horizontal_no_load_1100rpm,2652785,1102,268,1954,2563,3,50,1220216,9,551,75,1,3,,,,,,,,,,
2026-06-21T03:36:38.958702+00:00,S028,commissioning_unmounted,false,phase_asymmetry,mild,1100,phase_asymmetry-mild_horizontal_no_load_1100rpm,2652885,1102,268,1955,2563,5,50,1220260,9,551,75,1,2,,,,,,,,,,
2026-06-21T03:36:39.052826+00:00,S028,commissioning_unmounted,false,phase_asymmetry,mild,1100,phase_asymmetry-mild_horizontal_no_load_1100rpm,2652985,1102,269,1951,2561,2,50,1220305,9,551,74,1,2,,,,,,,,,,
2026-06-21T03:36:39.145683+00:00,S028,commissioning_unmounted,false,phase_asymmetry,mild,1100,phase_asymmetry-mild_horizontal_no_load_1100rpm,2653085,1101,270,1949,2563,1,50,1220349,9,551,75,0,2,,,,,,,,,,
2026-06-21T03:36:39.238862+00:00,S028,commissioning_unmounted,false,phase_asymmetry,mild,1100,phase_asymmetry-mild_horizontal_no_load_1100rpm,2653185,1102,269,1952,2563,4,50,1220393,9,551,74,1,2,,,,,,,,,,
2026-06-21T03:36:39.331037+00:00,S028,commissioning_unmounted,false,phase_asymmetry,mild,1100,phase_asymmetry-mild_horizontal_no_load_1100rpm,2653285,1103,268,1946,2555,2,50,1220437,9,551,75,1,2,,,,,,,,,,
2026-06-21T03:36:39.423006+00:00,S028,commissioning_unmounted,false,phase_asymmetry,mild,1100,phase_asymmetry-mild_horizontal_no_load_1100rpm,2653385,1102,266,1948,2553,1,50,1220481,9,551,74,1,2,,,,,,,,,,
2026-06-21T03:36:39.564722+00:00,S028,commissioning_unmounted,false,phase_asymmetry,mild,1100,phase_asymmetry-mild_horizontal_no_load_1100rpm,2653485,1101,272,1949,2566,4,50,1220525,9,551,75,1,2,,,,,,,,,,
2026-06-21T03:36:39.658703+00:00,S028,commissioning_unmounted,false,phase_asymmetry,mild,1100,phase_asymmetry-mild_horizontal_no_load_1100rpm,2653585,1102,265,1949,2552,2,50,1220569,9,551,74,1,2,,,,,,,,,,
2026-06-21T03:36:39.750150+00:00,S028,commissioning_unmounted,false,phase_asymmetry,mild,1100,phase_asymmetry-mild_horizontal_no_load_1100rpm,2653685,1102,267,1957,2563,1,50,1220613,9,551,74,1,2,,,,,,,,,,
2026-06-21T03:36:39.843681+00:00,S028,commissioning_unmounted,false,phase_asymmetry,mild,1100,phase_asymmetry-mild_horizontal_no_load_1100rpm,2653785,1102,268,1949,2558,4,50,1220657,9,551,74,0,1,,,,,,,,,,
2026-06-21T03:36:39.937887+00:00,S028,commissioning_unmounted,false,phase_asymmetry,mild,1100,phase_asymmetry-mild_horizontal_no_load_1100rpm,2653885,1102,265,1959,2560,2,50,1220701,9,551,75,1,2,,,,,,,,,,
2026-06-21T03:36:40.031419+00:00,S028,commissioning_unmounted,false,phase_asymmetry,mild,1100,phase_asymmetry-mild_horizontal_no_load_1100rpm,2653985,1101,268,1954,2563,1,50,1220745,9,551,75,1,2,,,,,,,,,,
2026-06-21T03:36:40.124561+00:00,S028,commissioning_unmounted,false,phase_asymmetry,mild,1100,phase_asymmetry-mild_horizontal_no_load_1100rpm,2654085,1102,264,1960,2560,6,50,1220790,9,551,74,1,2,,,,,,,,,,
2026-06-21T03:36:40.233007+00:00,S028,commissioning_unmounted,false,phase_asymmetry,mild,1100,phase_asymmetry-mild_horizontal_no_load_1100rpm,2654185,1102,269,1948,2560,3,50,1220834,9,551,74,0,2,,,,,,,,,,
2026-06-21T03:36:40.326867+00:00,S028,commissioning_unmounted,false,phase_asymmetry,mild,1100,phase_asymmetry-mild_horizontal_no_load_1100rpm,2654285,1102,268,1954,2563,5,50,1220878,9,551,75,0,2,,,,,,,,,,
2026-06-21T03:36:40.420246+00:00,S028,commissioning_unmounted,false,phase_asymmetry,mild,1100,phase_asymmetry-mild_horizontal_no_load_1100rpm,2654385,1101,262,1962,2558,6,50,1220922,9,551,74,1,2,,,,,,,,,,
2026-06-21T03:36:40.560890+00:00,S028,commissioning_unmounted,false,phase_asymmetry,mild,1100,phase_asymmetry-mild_horizontal_no_load_1100rpm,2654485,1103,268,1954,2563,3,50,1220966,9,551,74,0,1,,,,,,,,,,
2026-06-21T03:36:40.640234+00:00,S028,commissioning_unmounted,false,phase_asymmetry,mild,1100,phase_asymmetry-mild_horizontal_no_load_1100rpm,2654585,1101,271,1949,2566,5,50,1221010,9,551,74,1,2,,,,,,,,,,
2026-06-21T03:36:40.734761+00:00,S028,commissioning_unmounted,false,phase_asymmetry,mild,1100,phase_asymmetry-mild_horizontal_no_load_1100rpm,2654685,1102,268,1954,2563,6,50,1221054,9,551,74,1,2,,,,,,,,,,
2026-06-21T03:36:40.841419+00:00,S028,commissioning_unmounted,false,phase_asymmetry,mild,1100,phase_asymmetry-mild_horizontal_no_load_1100rpm,2654785,1102,268,1954,2564,3,50,1221098,9,551,75,1,2,,,,,,,,,,
2026-06-21T03:36:40.934672+00:00,S028,commissioning_unmounted,false,phase_asymmetry,mild,1100,phase_asymmetry-mild_horizontal_no_load_1100rpm,2654885,1102,270,1944,2558,5,50,1221142,9,551,75,1,3,,,,,,,,,,
2026-06-21T03:36:41.027931+00:00,S028,commissioning_unmounted,false,phase_asymmetry,mild,1100,phase_asymmetry-mild_horizontal_no_load_1100rpm,2654985,1101,270,1947,2560,6,50,1221186,9,551,75,1,1,,,,,,,,,,
2026-06-21T03:36:41.121104+00:00,S028,commissioning_unmounted,false,phase_asymmetry,mild,1100,phase_asymmetry-mild_horizontal_no_load_1100rpm,2655085,1102,270,1946,2560,1,50,1221231,9,551,74,0,2,,,,,,,,,,
2026-06-21T03:36:41.214334+00:00,S028,commissioning_unmounted,false,phase_asymmetry,mild,1100,phase_asymmetry-mild_horizontal_no_load_1100rpm,2655185,1103,272,1944,2561,4,50,1221275,9,551,75,0,2,,,,,,,,,,
2026-06-21T03:36:41.353707+00:00,S028,commissioning_unmounted,false,phase_asymmetry,mild,1100,phase_asymmetry-mild_horizontal_no_load_1100rpm,2655285,1102,268,1954,2563,2,50,1221319,9,551,75,0,2,,,,,,,,,,
2026-06-21T03:36:41.447275+00:00,S028,commissioning_unmounted,false,phase_asymmetry,mild,1100,phase_asymmetry-mild_horizontal_no_load_1100rpm,2655385,1102,268,1949,2558,1,50,1221363,9,551,74,2,2,,,,,,,,,,
2026-06-21T03:36:41.541462+00:00,S028,commissioning_unmounted,false,phase_asymmetry,mild,1100,phase_asymmetry-mild_horizontal_no_load_1100rpm,2655485,1102,269,1949,2560,4,50,1221407,9,551,74,0,2,,,,,,,,,,
2026-06-21T03:36:41.632732+00:00,S028,commissioning_unmounted,false,phase_asymmetry,mild,1100,phase_asymmetry-mild_horizontal_no_load_1100rpm,2655585,1102,262,1957,2552,2,50,1221451,9,551,74,1,2,,,,,,,,,,
2026-06-21T03:36:41.726607+00:00,S028,commissioning_unmounted,false,phase_asymmetry,mild,1100,phase_asymmetry-mild_horizontal_no_load_1100rpm,2655685,1102,267,1949,2555,1,50,1221495,9,551,74,0,1,,,,,,,,,,
2026-06-21T03:36:41.820755+00:00,S028,commissioning_unmounted,false,phase_asymmetry,mild,1100,phase_asymmetry-mild_horizontal_no_load_1100rpm,2655785,1101,267,1957,2563,4,50,1221539,9,551,74,0,2,,,,,,,,,,
2026-06-21T03:36:41.913330+00:00,S028,commissioning_unmounted,false,phase_asymmetry,mild,1100,phase_asymmetry-mild_horizontal_no_load_1100rpm,2655885,1103,271,1946,2561,2,50,1221583,9,551,75,1,2,,,,,,,,,,
2026-06-21T03:36:42.052735+00:00,S028,commissioning_unmounted,false,phase_asymmetry,mild,1100,phase_asymmetry-mild_horizontal_no_load_1100rpm,2655985,1101,269,1954,2566,1,50,1221627,9,551,75,1,2,,,,,,,,,,
2026-06-21T03:36:42.145792+00:00,S028,commissioning_unmounted,false,phase_asymmetry,mild,1100,phase_asymmetry-mild_horizontal_no_load_1100rpm,2656085,1103,267,1948,2553,4,50,1221671,9,551,75,1,3,,,,,,,,,,
2026-06-21T03:36:42.239207+00:00,S028,commissioning_unmounted,false,phase_asymmetry,mild,1100,phase_asymmetry-mild_horizontal_no_load_1100rpm,2656185,1101,267,1957,2565,3,50,1221716,9,551,74,1,2,,,,,,,,,,
2026-06-21T03:36:42.330700+00:00,S028,commissioning_unmounted,false,phase_asymmetry,mild,1100,phase_asymmetry-mild_horizontal_no_load_1100rpm,2656285,1102,270,1948,2561,5,50,1221760,9,551,75,1,2,,,,,,,,,,
2026-06-21T03:36:42.423831+00:00,S028,commissioning_unmounted,false,phase_asymmetry,mild,1100,phase_asymmetry-mild_horizontal_no_load_1100rpm,2656385,1102,270,1946,2560,6,50,1221804,9,551,75,0,2,,,,,,,,,,
2026-06-21T03:36:42.516607+00:00,S028,commissioning_unmounted,false,phase_asymmetry,mild,1100,phase_asymmetry-mild_horizontal_no_load_1100rpm,2656485,1103,270,1946,2558,3,50,1221848,9,551,75,0,2,,,,,,,,,,
2026-06-21T03:36:42.656405+00:00,S028,commissioning_unmounted,false,phase_asymmetry,mild,1100,phase_asymmetry-mild_horizontal_no_load_1100rpm,2656585,1102,269,1954,2566,5,50,1221892,9,551,75,0,2,,,,,,,,,,
2026-06-21T03:36:42.750293+00:00,S028,commissioning_unmounted,false,phase_asymmetry,mild,1100,phase_asymmetry-mild_horizontal_no_load_1100rpm,2656685,1102,267,1957,2563,6,50,1221936,9,551,74,1,2,,,,,,,,,,
2026-06-21T03:36:42.858905+00:00,S028,commissioning_unmounted,false,phase_asymmetry,mild,1100,phase_asymmetry-mild_horizontal_no_load_1100rpm,2656785,1102,267,1952,2558,3,50,1221980,9,551,74,1,2,,,,,,,,,,
2026-06-21T03:36:42.921480+00:00,S028,commissioning_unmounted,false,phase_asymmetry,mild,1100,phase_asymmetry-mild_horizontal_no_load_1100rpm,2656885,1101,265,1959,2561,5,50,1222024,9,551,75,1,2,,,,,,,,,,
2026-06-21T03:36:43.030810+00:00,S028,commissioning_unmounted,false,phase_asymmetry,mild,1100,phase_asymmetry-mild_horizontal_no_load_1100rpm,2656985,1102,266,1957,2560,6,50,1222068,9,551,74,1,2,,,,,,,,,,
2026-06-21T03:36:43.138550+00:00,S028,commissioning_unmounted,false,phase_asymmetry,mild,1100,phase_asymmetry-mild_horizontal_no_load_1100rpm,2657085,1102,267,1954,2561,1,50,1222113,9,551,74,1,2,,,,,,,,,,
2026-06-21T03:36:43.232329+00:00,S028,commissioning_unmounted,false,phase_asymmetry,mild,1100,phase_asymmetry-mild_horizontal_no_load_1100rpm,2657185,1102,267,1957,2563,4,50,1222157,9,551,74,1,2,,,,,,,,,,
2026-06-21T03:36:43.326504+00:00,S028,commissioning_unmounted,false,phase_asymmetry,mild,1100,phase_asymmetry-mild_horizontal_no_load_1100rpm,2657285,1101,269,1954,2565,2,50,1222201,9,551,75,1,2,,,,,,,,,,
2026-06-21T03:36:43.420577+00:00,S028,commissioning_unmounted,false,phase_asymmetry,mild,1100,phase_asymmetry-mild_horizontal_no_load_1100rpm,2657385,1102,264,1952,2552,1,50,1222245,9,551,74,1,3,,,,,,,,,,
2026-06-21T03:36:43.513319+00:00,S028,commissioning_unmounted,false,phase_asymmetry,mild,1100,phase_asymmetry-mild_horizontal_no_load_1100rpm,2657485,1101,271,1951,2566,4,50,1222289,9,551,75,1,2,,,,,,,,,,
2026-06-21T03:36:43.607399+00:00,S028,commissioning_unmounted,false,phase_asymmetry,mild,1100,phase_asymmetry-mild_horizontal_no_load_1100rpm,2657585,1101,268,1954,2563,2,50,1222333,9,551,75,1,2,,,,,,,,,,
2026-06-21T03:36:43.747193+00:00,S028,commissioning_unmounted,false,phase_asymmetry,mild,1100,phase_asymmetry-mild_horizontal_no_load_1100rpm,2657685,1102,267,1949,2556,1,50,1222377,9,551,74,1,3,,,,,,,,,,
2026-06-21T03:36:43.840621+00:00,S028,commissioning_unmounted,false,phase_asymmetry,mild,1100,phase_asymmetry-mild_horizontal_no_load_1100rpm,2657785,1101,269,1949,2560,4,50,1222421,9,551,75,1,2,,,,,,,,,,
2026-06-21T03:36:43.933839+00:00,S028,commissioning_unmounted,false,phase_asymmetry,mild,1100,phase_asymmetry-mild_horizontal_no_load_1100rpm,2657885,1102,267,1956,2563,2,50,1222465,9,551,74,1,2,,,,,,,,,,
2026-06-21T03:36:44.026605+00:00,S028,commissioning_unmounted,false,phase_asymmetry,mild,1100,phase_asymmetry-mild_horizontal_no_load_1100rpm,2657985,1102,269,1946,2558,1,50,1222509,9,551,75,1,2,,,,,,,,,,
2026-06-21T03:36:44.119675+00:00,S028,commissioning_unmounted,false,phase_asymmetry,mild,1100,phase_asymmetry-mild_horizontal_no_load_1100rpm,2658085,1101,266,1949,2553,4,50,1222553,9,551,75,1,2,,,,,,,,,,
2026-06-21T03:36:44.212751+00:00,S028,commissioning_unmounted,false,phase_asymmetry,mild,1100,phase_asymmetry-mild_horizontal_no_load_1100rpm,2658185,1101,269,1949,2561,3,50,1222598,9,551,74,1,1,,,,,,,,,,
2026-06-21T03:36:44.351202+00:00,S028,commissioning_unmounted,false,phase_asymmetry,mild,1100,phase_asymmetry-mild_horizontal_no_load_1100rpm,2658285,1102,271,1946,2561,5,50,1222642,9,551,75,0,2,,,,,,,,,,
2026-06-21T03:36:44.443697+00:00,S028,commissioning_unmounted,false,phase_asymmetry,mild,1100,phase_asymmetry-mild_horizontal_no_load_1100rpm,2658385,1102,269,1947,2558,6,50,1222686,9,551,74,1,2,,,,,,,,,,
2026-06-21T03:36:44.536684+00:00,S028,commissioning_unmounted,false,phase_asymmetry,mild,1100,phase_asymmetry-mild_horizontal_no_load_1100rpm,2658485,1101,269,1954,2566,3,50,1222730,9,551,75,1,1,,,,,,,,,,
2026-06-21T03:36:44.630457+00:00,S028,commissioning_unmounted,false,phase_asymmetry,mild,1100,phase_asymmetry-mild_horizontal_no_load_1100rpm,2658585,1102,266,1956,2561,5,50,1222774,9,551,74,1,2,,,,,,,,,,
2026-06-21T03:36:44.723755+00:00,S028,commissioning_unmounted,false,phase_asymmetry,mild,1100,phase_asymmetry-mild_horizontal_no_load_1100rpm,2658685,1102,268,1954,2563,6,50,1222818,9,551,74,1,2,,,,,,,,,,
2026-06-21T03:36:44.817269+00:00,S028,commissioning_unmounted,false,phase_asymmetry,mild,1100,phase_asymmetry-mild_horizontal_no_load_1100rpm,2658785,1102,269,1949,2561,3,50,1222862,9,551,74,1,1,,,,,,,,,,
2026-06-21T03:36:44.910386+00:00,S028,commissioning_unmounted,false,phase_asymmetry,mild,1100,phase_asymmetry-mild_horizontal_no_load_1100rpm,2658885,1102,271,1948,2564,5,50,1222906,9,551,74,0,2,,,,,,,,,,
2026-06-21T03:36:45.003847+00:00,S028,commissioning_unmounted,false,phase_asymmetry,mild,1100,phase_asymmetry-mild_horizontal_no_load_1100rpm,2658985,1102,267,1951,2558,6,50,1222950,9,551,74,1,2,,,,,,,,,,
2026-06-21T03:36:45.143807+00:00,S028,commissioning_unmounted,false,phase_asymmetry,mild,1100,phase_asymmetry-mild_horizontal_no_load_1100rpm,2659085,1100,268,1952,2561,3,50,1222994,9,551,75,1,3,,,,,,,,,,
2026-06-21T03:36:45.236666+00:00,S028,commissioning_unmounted,false,phase_asymmetry,mild,1100,phase_asymmetry-mild_horizontal_no_load_1100rpm,2659185,1103,269,1946,2556,4,50,1223039,9,551,75,1,2,,,,,,,,,,
2026-06-21T03:36:45.330498+00:00,S028,commissioning_unmounted,false,phase_asymmetry,mild,1100,phase_asymmetry-mild_horizontal_no_load_1100rpm,2659285,1102,269,1952,2563,2,50,1223083,9,551,75,1,2,,,,,,,,,,
2026-06-21T03:36:45.423748+00:00,S028,commissioning_unmounted,false,phase_asymmetry,mild,1100,phase_asymmetry-mild_horizontal_no_load_1100rpm,2659385,1101,268,1957,2566,1,50,1223127,9,551,75,1,2,,,,,,,,,,
2026-06-21T03:36:45.516686+00:00,S028,commissioning_unmounted,false,phase_asymmetry,mild,1100,phase_asymmetry-mild_horizontal_no_load_1100rpm,2659485,1102,269,1946,2558,4,50,1223171,9,551,74,1,2,,,,,,,,,,
2026-06-21T03:36:45.611575+00:00,S028,commissioning_unmounted,false,phase_asymmetry,mild,1100,phase_asymmetry-mild_horizontal_no_load_1100rpm,2659585,1103,266,1955,2560,2,50,1223215,9,551,74,1,2,,,,,,,,,,
2026-06-21T03:36:45.705390+00:00,S028,commissioning_unmounted,false,phase_asymmetry,mild,1100,phase_asymmetry-mild_horizontal_no_load_1100rpm,2659685,1101,269,1954,2566,1,50,1223259,9,551,74,1,2,,,,,,,,,,
2026-06-21T03:36:45.844894+00:00,S028,commissioning_unmounted,false,phase_asymmetry,mild,1100,phase_asymmetry-mild_horizontal_no_load_1100rpm,2659785,1102,268,1948,2558,4,50,1223303,9,551,74,0,2,,,,,,,,,,
2026-06-21T03:36:45.938194+00:00,S028,commissioning_unmounted,false,phase_asymmetry,mild,1100,phase_asymmetry-mild_horizontal_no_load_1100rpm,2659885,1103,271,1943,2558,2,50,1223347,9,551,75,1,2,,,,,,,,,,
2026-06-21T03:36:46.032482+00:00,S028,commissioning_unmounted,false,phase_asymmetry,mild,1100,phase_asymmetry-mild_horizontal_no_load_1100rpm,2659985,1100,272,1949,2568,1,50,1223391,9,551,75,1,2,,,,,,,,,,
2026-06-21T03:36:46.125069+00:00,S028,commissioning_unmounted,false,phase_asymmetry,mild,1100,phase_asymmetry-mild_horizontal_no_load_1100rpm,2660085,1102,270,1951,2563,4,50,1223435,9,551,74,0,1,,,,,,,,,,
2026-06-21T03:36:46.219823+00:00,S028,commissioning_unmounted,false,phase_asymmetry,mild,1100,phase_asymmetry-mild_horizontal_no_load_1100rpm,2660185,1102,272,1946,2563,2,50,1223479,9,551,75,0,2,,,,,,,,,,
2026-06-21T03:36:46.327060+00:00,S028,commissioning_unmounted,false,phase_asymmetry,mild,1100,phase_asymmetry-mild_horizontal_no_load_1100rpm,2660285,1102,268,1949,2558,1,50,1223523,9,551,74,0,1,,,,,,,,,,
2026-06-21T03:36:46.420608+00:00,S028,commissioning_unmounted,false,phase_asymmetry,mild,1100,phase_asymmetry-mild_horizontal_no_load_1100rpm,2660385,1101,268,1957,2566,6,50,1223568,9,551,74,2,2,,,,,,,,,,
2026-06-21T03:36:46.514309+00:00,S028,commissioning_unmounted,false,phase_asymmetry,mild,1100,phase_asymmetry-mild_horizontal_no_load_1100rpm,2660485,1103,267,1952,2558,3,50,1223612,9,551,74,1,2,,,,,,,,,,
2026-06-21T03:36:46.607834+00:00,S028,commissioning_unmounted,false,phase_asymmetry,mild,1100,phase_asymmetry-mild_horizontal_no_load_1100rpm,2660585,1102,267,1957,2563,5,50,1223656,9,551,74,1,2,,,,,,,,,,
2026-06-21T03:36:46.701035+00:00,S028,commissioning_unmounted,false,phase_asymmetry,mild,1100,phase_asymmetry-mild_horizontal_no_load_1100rpm,2660685,1102,270,1949,2563,6,50,1223700,9,551,74,0,1,,,,,,,,,,
2026-06-21T03:36:46.840095+00:00,S028,commissioning_unmounted,false,phase_asymmetry,mild,1100,phase_asymmetry-mild_horizontal_no_load_1100rpm,2660785,1103,269,1952,2563,3,50,1223744,9,551,75,0,2,,,,,,,,,,
2026-06-21T03:36:46.934442+00:00,S028,commissioning_unmounted,false,phase_asymmetry,mild,1100,phase_asymmetry-mild_horizontal_no_load_1100rpm,2660885,1103,271,1944,2558,5,50,1223788,9,551,74,1,1,,,,,,,,,,
2026-06-21T03:36:47.028779+00:00,S028,commissioning_unmounted,false,phase_asymmetry,mild,1100,phase_asymmetry-mild_horizontal_no_load_1100rpm,2660985,1101,268,1949,2558,6,50,1223832,9,551,75,1,2,,,,,,,,,,
2026-06-21T03:36:47.122819+00:00,S028,commissioning_unmounted,false,phase_asymmetry,mild,1100,phase_asymmetry-mild_horizontal_no_load_1100rpm,2661085,1102,270,1944,2558,3,50,1223876,9,551,75,1,2,,,,,,,,,,
2026-06-21T03:36:47.218133+00:00,S028,commissioning_unmounted,false,phase_asymmetry,mild,1100,phase_asymmetry-mild_horizontal_no_load_1100rpm,2661185,1101,270,1952,2565,5,50,1223920,9,551,75,1,2,,,,,,,,,,
2026-06-21T03:36:47.309715+00:00,S028,commissioning_unmounted,false,phase_asymmetry,mild,1100,phase_asymmetry-mild_horizontal_no_load_1100rpm,2661285,1102,266,1951,2555,6,50,1223964,9,551,74,2,2,,,,,,,,,,
2026-06-21T03:36:47.403433+00:00,S028,commissioning_unmounted,false,phase_asymmetry,mild,1100,phase_asymmetry-mild_horizontal_no_load_1100rpm,2661385,1102,272,1946,2563,1,50,1224009,9,551,75,0,2,,,,,,,,,,
2026-06-21T03:36:47.498022+00:00,S028,commissioning_unmounted,false,phase_asymmetry,mild,1100,phase_asymmetry-mild_horizontal_no_load_1100rpm,2661485,1102,267,1949,2555,4,50,1224053,9,551,74,1,2,,,,,,,,,,
2026-06-21T03:36:47.637214+00:00,S028,commissioning_unmounted,false,phase_asymmetry,mild,1100,phase_asymmetry-mild_horizontal_no_load_1100rpm,2661585,1101,272,1948,2566,2,50,1224097,9,551,75,1,2,,,,,,,,,,
2026-06-21T03:36:47.731783+00:00,S028,commissioning_unmounted,false,phase_asymmetry,mild,1100,phase_asymmetry-mild_horizontal_no_load_1100rpm,2661685,1102,265,1957,2560,1,50,1224141,9,551,74,0,2,,,,,,,,,,
2026-06-21T03:36:47.824518+00:00,S028,commissioning_unmounted,false,phase_asymmetry,mild,1100,phase_asymmetry-mild_horizontal_no_load_1100rpm,2661785,1102,266,1954,2558,4,50,1224185,9,551,74,0,2,,,,,,,,,,
2026-06-21T03:36:47.917503+00:00,S028,commissioning_unmounted,false,phase_asymmetry,mild,1100,phase_asymmetry-mild_horizontal_no_load_1100rpm,2661885,1102,272,1949,2566,2,50,1224229,9,551,75,1,2,,,,,,,,,,
2026-06-21T03:36:48.009816+00:00,S028,commissioning_unmounted,false,phase_asymmetry,mild,1100,phase_asymmetry-mild_horizontal_no_load_1100rpm,2661985,1102,271,1946,2561,1,50,1224273,9,551,74,0,2,,,,,,,,,,
2026-06-21T03:36:48.103090+00:00,S028,commissioning_unmounted,false,phase_asymmetry,mild,1100,phase_asymmetry-mild_horizontal_no_load_1100rpm,2662085,1102,269,1946,2558,4,50,1224317,9,551,74,1,2,,,,,,,,,,
2026-06-21T03:36:48.196284+00:00,S028,commissioning_unmounted,false,phase_asymmetry,mild,1100,phase_asymmetry-mild_horizontal_no_load_1100rpm,2662185,1102,268,1949,2558,2,50,1224361,9,551,74,0,2,,,,,,,,,,
2026-06-21T03:36:48.336652+00:00,S028,commissioning_unmounted,false,phase_asymmetry,mild,1100,phase_asymmetry-mild_horizontal_no_load_1100rpm,2662285,1103,268,1947,2555,1,50,1224405,9,551,75,1,2,,,,,,,,,,
2026-06-21T03:36:48.430112+00:00,S028,commissioning_unmounted,false,phase_asymmetry,mild,1100,phase_asymmetry-mild_horizontal_no_load_1100rpm,2662385,1102,271,1947,2563,6,50,1224450,9,551,75,0,2,,,,,,,,,,
2026-06-21T03:36:48.523245+00:00,S028,commissioning_unmounted,false,phase_asymmetry,mild,1100,phase_asymmetry-mild_horizontal_no_load_1100rpm,2662485,1101,271,1954,2569,3,50,1224494,9,551,75,1,2,,,,,,,,,,
2026-06-21T03:36:48.616319+00:00,S028,commissioning_unmounted,false,phase_asymmetry,mild,1100,phase_asymmetry-mild_horizontal_no_load_1100rpm,2662585,1102,270,1949,2563,5,50,1224538,9,551,74,0,2,,,,,,,,,,
2026-06-21T03:36:48.709409+00:00,S028,commissioning_unmounted,false,phase_asymmetry,mild,1100,phase_asymmetry-mild_horizontal_no_load_1100rpm,2662685,1103,271,1946,2560,6,50,1224582,9,551,75,0,2,,,,,,,,,,
2026-06-21T03:36:48.803265+00:00,S028,commissioning_unmounted,false,phase_asymmetry,mild,1100,phase_asymmetry-mild_horizontal_no_load_1100rpm,2662785,1101,271,1949,2566,3,50,1224626,9,551,75,1,2,,,,,,,,,,
2026-06-21T03:36:48.896468+00:00,S028,commissioning_unmounted,false,phase_asymmetry,mild,1100,phase_asymmetry-mild_horizontal_no_load_1100rpm,2662885,1102,265,1956,2558,5,50,1224670,9,551,74,1,2,,,,,,,,,,
2026-06-21T03:36:49.035734+00:00,S028,commissioning_unmounted,false,phase_asymmetry,mild,1100,phase_asymmetry-mild_horizontal_no_load_1100rpm,2662985,1102,271,1946,2561,6,50,1224714,9,551,74,1,2,,,,,,,,,,
2026-06-21T03:36:49.128211+00:00,S028,commissioning_unmounted,false,phase_asymmetry,mild,1100,phase_asymmetry-mild_horizontal_no_load_1100rpm,2663085,1101,267,1956,2563,3,50,1224758,9,551,75,1,2,,,,,,,,,,
2026-06-21T03:36:49.220547+00:00,S028,commissioning_unmounted,false,phase_asymmetry,mild,1100,phase_asymmetry-mild_horizontal_no_load_1100rpm,2663185,1102,270,1949,2563,5,50,1224802,9,551,74,1,2,,,,,,,,,,
2026-06-21T03:36:49.312722+00:00,S028,commissioning_unmounted,false,phase_asymmetry,mild,1100,phase_asymmetry-mild_horizontal_no_load_1100rpm,2663285,1102,268,1949,2558,6,50,1224846,9,551,74,0,2,,,,,,,,,,
2026-06-21T03:36:49.405958+00:00,S028,commissioning_unmounted,false,phase_asymmetry,mild,1100,phase_asymmetry-mild_horizontal_no_load_1100rpm,2663385,1103,271,1947,2563,3,50,1224890,9,551,75,0,2,,,,,,,,,,
2026-06-21T03:36:49.514721+00:00,S028,commissioning_unmounted,false,phase_asymmetry,mild,1100,phase_asymmetry-mild_horizontal_no_load_1100rpm,2663485,1102,268,1954,2563,4,50,1224935,9,551,74,0,1,,,,,,,,,,
2026-06-21T03:36:49.609203+00:00,S028,commissioning_unmounted,false,phase_asymmetry,mild,1100,phase_asymmetry-mild_horizontal_no_load_1100rpm,2663585,1103,270,1946,2558,2,50,1224979,9,551,75,0,2,,,,,,,,,,
2026-06-21T03:36:49.702992+00:00,S028,commissioning_unmounted,false,phase_asymmetry,mild,1100,phase_asymmetry-mild_horizontal_no_load_1100rpm,2663685,1100,271,1951,2568,1,50,1225023,9,551,74,0,1,,,,,,,,,,
2026-06-21T03:36:49.796647+00:00,S028,commissioning_unmounted,false,phase_asymmetry,mild,1100,phase_asymmetry-mild_horizontal_no_load_1100rpm,2663785,1102,269,1949,2560,4,50,1225067,9,551,74,0,2,,,,,,,,,,
2026-06-21T03:36:49.891064+00:00,S028,commissioning_unmounted,false,phase_asymmetry,mild,1100,phase_asymmetry-mild_horizontal_no_load_1100rpm,2663885,1103,269,1947,2557,2,50,1225111,9,551,75,0,2,,,,,,,,,,
2026-06-21T03:36:49.998524+00:00,S028,commissioning_unmounted,false,phase_asymmetry,mild,1100,phase_asymmetry-mild_horizontal_no_load_1100rpm,2663985,1101,272,1946,2563,1,50,1225155,9,551,75,0,2,,,,,,,,,,
2026-06-21T03:36:50.090671+00:00,S028,commissioning_unmounted,false,phase_asymmetry,mild,1100,phase_asymmetry-mild_horizontal_no_load_1100rpm,2664085,1102,270,1949,2563,4,50,1225199,9,551,74,0,2,,,,,,,,,,
2026-06-21T03:36:50.231114+00:00,S028,commissioning_unmounted,false,phase_asymmetry,mild,1100,phase_asymmetry-mild_horizontal_no_load_1100rpm,2664185,1102,268,1947,2555,2,50,1225243,9,551,74,1,2,,,,,,,,,,
2026-06-21T03:36:50.324850+00:00,S028,commissioning_unmounted,false,phase_asymmetry,mild,1100,phase_asymmetry-mild_horizontal_no_load_1100rpm,2664285,1102,269,1949,2561,1,50,1225287,9,551,75,0,2,,,,,,,,,,
2026-06-21T03:36:50.419282+00:00,S028,commissioning_unmounted,false,phase_asymmetry,mild,1100,phase_asymmetry-mild_horizontal_no_load_1100rpm,2664385,1101,270,1949,2563,4,50,1225331,9,551,75,1,3,,,,,,,,,,
2026-06-21T03:36:50.511711+00:00,S028,commissioning_unmounted,false,phase_asymmetry,mild,1100,phase_asymmetry-mild_horizontal_no_load_1100rpm,2664485,1103,272,1943,2561,3,50,1225376,9,551,75,0,2,,,,,,,,,,
2026-06-21T03:36:50.605803+00:00,S028,commissioning_unmounted,false,phase_asymmetry,mild,1100,phase_asymmetry-mild_horizontal_no_load_1100rpm,2664585,1102,271,1946,2561,5,50,1225420,9,551,75,1,2,,,,,,,,,,
2026-06-21T03:36:50.700019+00:00,S028,commissioning_unmounted,false,phase_asymmetry,mild,1100,phase_asymmetry-mild_horizontal_no_load_1100rpm,2664685,1102,268,1948,2558,6,50,1225464,9,551,74,0,2,,,,,,,,,,
2026-06-21T03:36:50.793010+00:00,S028,commissioning_unmounted,false,phase_asymmetry,mild,1100,phase_asymmetry-mild_horizontal_no_load_1100rpm,2664785,1102,267,1954,2561,3,50,1225508,9,551,74,0,2,,,,,,,,,,
2026-06-21T03:36:50.887183+00:00,S028,commissioning_unmounted,false,phase_asymmetry,mild,1100,phase_asymmetry-mild_horizontal_no_load_1100rpm,2664885,1102,269,1949,2561,5,50,1225552,9,551,74,1,2,,,,,,,,,,
2026-06-21T03:36:51.028859+00:00,S028,commissioning_unmounted,false,phase_asymmetry,mild,1100,phase_asymmetry-mild_horizontal_no_load_1100rpm,2664985,1101,268,1954,2563,6,50,1225596,9,551,75,1,2,,,,,,,,,,
2026-06-21T03:36:51.123762+00:00,S028,commissioning_unmounted,false,phase_asymmetry,mild,1100,phase_asymmetry-mild_horizontal_no_load_1100rpm,2665085,1103,271,1947,2563,3,50,1225640,9,551,75,1,2,,,,,,,,,,
2026-06-21T03:36:51.202837+00:00,S028,commissioning_unmounted,false,phase_asymmetry,mild,1100,phase_asymmetry-mild_horizontal_no_load_1100rpm,2665185,1103,268,1947,2555,5,50,1225684,9,551,75,0,2,,,,,,,,,,
2026-06-21T03:36:51.297020+00:00,S028,commissioning_unmounted,false,phase_asymmetry,mild,1100,phase_asymmetry-mild_horizontal_no_load_1100rpm,2665285,1102,268,1952,2561,6,50,1225728,9,551,74,0,2,,,,,,,,,,
2026-06-21T03:36:51.405891+00:00,S028,commissioning_unmounted,false,phase_asymmetry,mild,1100,phase_asymmetry-mild_horizontal_no_load_1100rpm,2665385,1103,271,1946,2561,3,50,1225772,9,551,75,1,2,,,,,,,,,,
2026-06-21T03:36:51.514373+00:00,S028,commissioning_unmounted,false,phase_asymmetry,mild,1100,phase_asymmetry-mild_horizontal_no_load_1100rpm,2665485,1102,267,1957,2563,4,50,1225817,9,551,74,0,2,,,,,,,,,,
2026-06-21T03:36:51.604764+00:00,S028,commissioning_unmounted,false,phase_asymmetry,mild,1100,phase_asymmetry-mild_horizontal_no_load_1100rpm,2665585,1102,272,1949,2566,2,50,1225861,9,551,75,1,1,,,,,,,,,,
2026-06-21T03:36:51.696509+00:00,S028,commissioning_unmounted,false,phase_asymmetry,mild,1100,phase_asymmetry-mild_horizontal_no_load_1100rpm,2665685,1101,271,1951,2566,1,50,1225905,9,551,75,0,2,,,,,,,,,,
2026-06-21T03:36:51.790128+00:00,S028,commissioning_unmounted,false,phase_asymmetry,mild,1100,phase_asymmetry-mild_horizontal_no_load_1100rpm,2665785,1103,271,1944,2560,4,50,1225949,9,551,75,0,1,,,,,,,,,,
2026-06-21T03:36:51.882704+00:00,S028,commissioning_unmounted,false,phase_asymmetry,mild,1100,phase_asymmetry-mild_horizontal_no_load_1100rpm,2665885,1102,267,1954,2561,2,50,1225993,9,551,74,1,2,,,,,,,,,,
2026-06-21T03:36:52.024254+00:00,S028,commissioning_unmounted,false,phase_asymmetry,mild,1100,phase_asymmetry-mild_horizontal_no_load_1100rpm,2665985,1103,271,1946,2561,1,50,1226037,9,551,75,1,2,,,,,,,,,,
2026-06-21T03:36:52.116747+00:00,S028,commissioning_unmounted,false,phase_asymmetry,mild,1100,phase_asymmetry-mild_horizontal_no_load_1100rpm,2666085,1102,264,1954,2553,4,50,1226081,9,551,74,0,2,,,,,,,,,,
2026-06-21T03:36:52.209160+00:00,S028,commissioning_unmounted,false,phase_asymmetry,mild,1100,phase_asymmetry-mild_horizontal_no_load_1100rpm,2666185,1101,270,1947,2560,2,50,1226125,9,551,75,1,2,,,,,,,,,,
2026-06-21T03:36:52.303795+00:00,S028,commissioning_unmounted,false,phase_asymmetry,mild,1100,phase_asymmetry-mild_horizontal_no_load_1100rpm,2666285,1102,269,1954,2566,1,50,1226169,9,551,74,1,1,,,,,,,,,,
2026-06-21T03:36:52.397907+00:00,S028,commissioning_unmounted,false,phase_asymmetry,mild,1100,phase_asymmetry-mild_horizontal_no_load_1100rpm,2666385,1102,269,1949,2561,4,50,1226213,9,551,74,0,2,,,,,,,,,,
2026-06-21T03:36:52.490903+00:00,S028,commissioning_unmounted,false,phase_asymmetry,mild,1100,phase_asymmetry-mild_horizontal_no_load_1100rpm,2666485,1102,270,1944,2558,3,50,1226258,9,551,75,0,2,,,,,,,,,,
2026-06-21T03:36:52.585416+00:00,S028,commissioning_unmounted,false,phase_asymmetry,mild,1100,phase_asymmetry-mild_horizontal_no_load_1100rpm,2666585,1103,272,1943,2561,5,50,1226302,9,551,75,0,2,,,,,,,,,,
2026-06-21T03:36:52.726208+00:00,S028,commissioning_unmounted,false,phase_asymmetry,mild,1100,phase_asymmetry-mild_horizontal_no_load_1100rpm,2666685,1103,266,1949,2553,6,50,1226346,9,551,75,0,2,,,,,,,,,,
2026-06-21T03:36:52.819138+00:00,S028,commissioning_unmounted,false,phase_asymmetry,mild,1100,phase_asymmetry-mild_horizontal_no_load_1100rpm,2666785,1101,268,1954,2564,3,50,1226390,9,551,75,0,2,,,,,,,,,,
2026-06-21T03:36:52.912509+00:00,S028,commissioning_unmounted,false,phase_asymmetry,mild,1100,phase_asymmetry-mild_horizontal_no_load_1100rpm,2666885,1103,270,1951,2564,5,50,1226434,9,551,75,1,3,,,,,,,,,,
2026-06-21T03:36:53.005806+00:00,S028,commissioning_unmounted,false,phase_asymmetry,mild,1100,phase_asymmetry-mild_horizontal_no_load_1100rpm,2666985,1103,270,1951,2563,6,50,1226478,9,551,75,1,2,,,,,,,,,,
2026-06-21T03:36:53.100208+00:00,S028,commissioning_unmounted,false,phase_asymmetry,mild,1100,phase_asymmetry-mild_horizontal_no_load_1100rpm,2667085,1102,270,1944,2558,3,50,1226522,9,551,75,1,3,,,,,,,,,,
2026-06-21T03:36:53.193606+00:00,S028,commissioning_unmounted,false,phase_asymmetry,mild,1100,phase_asymmetry-mild_horizontal_no_load_1100rpm,2667185,1102,268,1949,2558,5,50,1226566,9,551,74,1,2,,,,,,,,,,
2026-06-21T03:36:53.287402+00:00,S028,commissioning_unmounted,false,phase_asymmetry,mild,1100,phase_asymmetry-mild_horizontal_no_load_1100rpm,2667285,1102,270,1951,2564,6,50,1226610,9,551,75,0,3,,,,,,,,,,
2026-06-21T03:36:53.380531+00:00,S028,commissioning_unmounted,false,phase_asymmetry,mild,1100,phase_asymmetry-mild_horizontal_no_load_1100rpm,2667385,1102,270,1949,2563,3,50,1226654,9,551,75,0,2,,,,,,,,,,
2026-06-21T03:36:53.521707+00:00,S028,commissioning_unmounted,false,phase_asymmetry,mild,1100,phase_asymmetry-mild_horizontal_no_load_1100rpm,2667485,1101,270,1951,2566,4,50,1226699,9,551,75,1,2,,,,,,,,,,
2026-06-21T03:36:53.614936+00:00,S028,commissioning_unmounted,false,phase_asymmetry,mild,1100,phase_asymmetry-mild_horizontal_no_load_1100rpm,2667585,1103,272,1944,2561,2,50,1226743,9,551,75,0,2,,,,,,,,,,
2026-06-21T03:36:53.708216+00:00,S028,commissioning_unmounted,false,phase_asymmetry,mild,1100,phase_asymmetry-mild_horizontal_no_load_1100rpm,2667685,1102,267,1949,2556,1,50,1226787,9,551,74,0,1,,,,,,,,,,
2026-06-21T03:36:53.801130+00:00,S028,commissioning_unmounted,false,phase_asymmetry,mild,1100,phase_asymmetry-mild_horizontal_no_load_1100rpm,2667785,1102,270,1951,2564,4,50,1226831,9,551,75,1,2,,,,,,,,,,
2026-06-21T03:36:53.895059+00:00,S028,commissioning_unmounted,false,phase_asymmetry,mild,1100,phase_asymmetry-mild_horizontal_no_load_1100rpm,2667885,1102,272,1946,2564,2,50,1226875,9,551,74,1,2,,,,,,,,,,
2026-06-21T03:36:53.988591+00:00,S028,commissioning_unmounted,false,phase_asymmetry,mild,1100,phase_asymmetry-mild_horizontal_no_load_1100rpm,2667985,1102,267,1951,2558,1,50,1226919,9,551,74,1,2,,,,,,,,,,
2026-06-21T03:36:54.080933+00:00,S028,commissioning_unmounted,false,phase_asymmetry,mild,1100,phase_asymmetry-mild_horizontal_no_load_1100rpm,2668085,1101,263,1962,2561,4,50,1226963,9,551,74,1,2,,,,,,,,,,
2026-06-21T03:36:54.219929+00:00,S028,commissioning_unmounted,false,phase_asymmetry,mild,1100,phase_asymmetry-mild_horizontal_no_load_1100rpm,2668185,1102,269,1951,2563,2,50,1227007,9,551,75,1,3,,,,,,,,,,
2026-06-21T03:36:54.312714+00:00,S028,commissioning_unmounted,false,phase_asymmetry,mild,1100,phase_asymmetry-mild_horizontal_no_load_1100rpm,2668285,1102,270,1947,2560,1,50,1227051,9,551,75,1,2,,,,,,,,,,
2026-06-21T03:36:54.420434+00:00,S028,commissioning_unmounted,false,phase_asymmetry,mild,1100,phase_asymmetry-mild_horizontal_no_load_1100rpm,2668385,1101,267,1957,2563,4,50,1227095,9,551,74,2,2,,,,,,,,,,
2026-06-21T03:36:54.512464+00:00,S028,commissioning_unmounted,false,phase_asymmetry,mild,1100,phase_asymmetry-mild_horizontal_no_load_1100rpm,2668485,1103,271,1946,2561,3,50,1227140,9,551,75,0,1,,,,,,,,,,
2026-06-21T03:36:54.607521+00:00,S028,commissioning_unmounted,false,phase_asymmetry,mild,1100,phase_asymmetry-mild_horizontal_no_load_1100rpm,2668585,1102,269,1949,2561,5,50,1227184,9,551,74,0,2,,,,,,,,,,
2026-06-21T03:36:54.701347+00:00,S028,commissioning_unmounted,false,phase_asymmetry,mild,1100,phase_asymmetry-mild_horizontal_no_load_1100rpm,2668685,1101,269,1949,2561,6,50,1227228,9,551,74,0,1,,,,,,,,,,
2026-06-21T03:36:54.794397+00:00,S028,commissioning_unmounted,false,phase_asymmetry,mild,1100,phase_asymmetry-mild_horizontal_no_load_1100rpm,2668785,1102,271,1946,2561,3,50,1227272,9,551,74,0,2,,,,,,,,,,
2026-06-21T03:36:54.888579+00:00,S028,commissioning_unmounted,false,phase_asymmetry,mild,1100,phase_asymmetry-mild_horizontal_no_load_1100rpm,2668885,1103,268,1948,2556,5,50,1227316,9,551,75,1,3,,,,,,,,,,
2026-06-21T03:36:54.980986+00:00,S028,commissioning_unmounted,false,phase_asymmetry,mild,1100,phase_asymmetry-mild_horizontal_no_load_1100rpm,2668985,1102,269,1946,2558,6,50,1227360,9,551,75,1,2,,,,,,,,,,
2026-06-21T03:36:55.076591+00:00,S028,commissioning_unmounted,false,phase_asymmetry,mild,1100,phase_asymmetry-mild_horizontal_no_load_1100rpm,2669085,1102,268,1954,2563,3,50,1227404,9,551,75,0,2,,,,,,,,,,
2026-06-21T03:36:55.215919+00:00,S028,commissioning_unmounted,false,phase_asymmetry,mild,1100,phase_asymmetry-mild_horizontal_no_load_1100rpm,2669185,1103,267,1957,2563,5,50,1227448,9,551,74,0,2,,,,,,,,,,
2026-06-21T03:36:55.308244+00:00,S028,commissioning_unmounted,false,phase_asymmetry,mild,1100,phase_asymmetry-mild_horizontal_no_load_1100rpm,2669285,1102,268,1954,2563,6,50,1227492,9,551,74,0,2,,,,,,,,,,
2026-06-21T03:36:55.401398+00:00,S028,commissioning_unmounted,false,phase_asymmetry,mild,1100,phase_asymmetry-mild_horizontal_no_load_1100rpm,2669385,1101,264,1959,2560,3,50,1227536,9,551,75,1,2,,,,,,,,,,
2026-06-21T03:36:55.494257+00:00,S028,commissioning_unmounted,false,phase_asymmetry,mild,1100,phase_asymmetry-mild_horizontal_no_load_1100rpm,2669485,1102,270,1946,2558,5,50,1227580,9,551,74,0,2,,,,,,,,,,
2026-06-21T03:36:55.587623+00:00,S028,commissioning_unmounted,false,phase_asymmetry,mild,1100,phase_asymmetry-mild_horizontal_no_load_1100rpm,2669585,1103,269,1951,2561,2,50,1227625,9,551,75,0,2,,,,,,,,,,
2026-06-21T03:36:55.681697+00:00,S028,commissioning_unmounted,false,phase_asymmetry,mild,1100,phase_asymmetry-mild_horizontal_no_load_1100rpm,2669685,1102,270,1949,2563,1,50,1227669,9,551,75,0,1,,,,,,,,,,
2026-06-21T03:36:55.776294+00:00,S028,commissioning_unmounted,false,phase_asymmetry,mild,1100,phase_asymmetry-mild_horizontal_no_load_1100rpm,2669785,1103,266,1955,2560,4,50,1227713,9,551,74,0,1,,,,,,,,,,
2026-06-21T03:36:55.914398+00:00,S028,commissioning_unmounted,false,phase_asymmetry,mild,1100,phase_asymmetry-mild_horizontal_no_load_1100rpm,2669885,1102,268,1949,2558,2,50,1227757,9,551,74,1,2,,,,,,,,,,
2026-06-21T03:36:56.006876+00:00,S028,commissioning_unmounted,false,phase_asymmetry,mild,1100,phase_asymmetry-mild_horizontal_no_load_1100rpm,2669985,1101,272,1951,2569,1,50,1227801,9,551,75,1,2,,,,,,,,,,
2026-06-21T03:36:56.100189+00:00,S028,commissioning_unmounted,false,phase_asymmetry,mild,1100,phase_asymmetry-mild_horizontal_no_load_1100rpm,2670085,1103,270,1946,2560,4,50,1227845,9,551,75,1,2,,,,,,,,,,
2026-06-21T03:36:56.192662+00:00,S028,commissioning_unmounted,false,phase_asymmetry,mild,1100,phase_asymmetry-mild_horizontal_no_load_1100rpm,2670185,1103,273,1944,2563,2,50,1227889,9,551,75,1,2,,,,,,,,,,
2026-06-21T03:36:56.286525+00:00,S028,commissioning_unmounted,false,phase_asymmetry,mild,1100,phase_asymmetry-mild_horizontal_no_load_1100rpm,2670285,1102,268,1948,2558,1,50,1227933,9,551,75,1,2,,,,,,,,,,
2026-06-21T03:36:56.380051+00:00,S028,commissioning_unmounted,false,phase_asymmetry,mild,1100,phase_asymmetry-mild_horizontal_no_load_1100rpm,2670385,1102,270,1951,2563,4,50,1227977,9,551,75,0,1,,,,,,,,,,
2026-06-21T03:36:56.473588+00:00,S028,commissioning_unmounted,false,phase_asymmetry,mild,1100,phase_asymmetry-mild_horizontal_no_load_1100rpm,2670485,1102,269,1951,2561,2,50,1228021,9,551,74,0,1,,,,,,,,,,
2026-06-21T03:36:56.616479+00:00,S028,commissioning_unmounted,false,phase_asymmetry,mild,1100,phase_asymmetry-mild_horizontal_no_load_1100rpm,2670585,1101,268,1955,2565,1,50,1228065,9,551,74,1,1,,,,,,,,,,
2026-06-21T03:36:56.708066+00:00,S028,commissioning_unmounted,false,phase_asymmetry,mild,1100,phase_asymmetry-mild_horizontal_no_load_1100rpm,2670685,1102,271,1946,2561,6,50,1228110,9,551,75,1,2,,,,,,,,,,
2026-06-21T03:36:56.800726+00:00,S028,commissioning_unmounted,false,phase_asymmetry,mild,1100,phase_asymmetry-mild_horizontal_no_load_1100rpm,2670785,1102,270,1949,2563,3,50,1228154,9,551,75,1,2,,,,,,,,,,
2026-06-21T03:36:56.894594+00:00,S028,commissioning_unmounted,false,phase_asymmetry,mild,1100,phase_asymmetry-mild_horizontal_no_load_1100rpm,2670885,1101,270,1952,2566,5,50,1228198,9,551,75,1,2,,,,,,,,,,
2026-06-21T03:36:56.987812+00:00,S028,commissioning_unmounted,false,phase_asymmetry,mild,1100,phase_asymmetry-mild_horizontal_no_load_1100rpm,2670985,1102,269,1949,2560,6,50,1228242,9,551,75,1,2,,,,,,,,,,
2026-06-21T03:36:57.081438+00:00,S028,commissioning_unmounted,false,phase_asymmetry,mild,1100,phase_asymmetry-mild_horizontal_no_load_1100rpm,2671085,1102,267,1949,2556,3,50,1228286,9,551,74,1,2,,,,,,,,,,
2026-06-21T03:36:57.175580+00:00,S028,commissioning_unmounted,false,phase_asymmetry,mild,1100,phase_asymmetry-mild_horizontal_no_load_1100rpm,2671185,1101,268,1954,2563,5,50,1228330,9,551,74,1,2,,,,,,,,,,
2026-06-21T03:36:57.267951+00:00,S028,commissioning_unmounted,false,phase_asymmetry,mild,1100,phase_asymmetry-mild_horizontal_no_load_1100rpm,2671285,1101,269,1954,2566,6,50,1228374,9,551,75,1,2,,,,,,,,,,
2026-06-21T03:36:57.409102+00:00,S028,commissioning_unmounted,false,phase_asymmetry,mild,1100,phase_asymmetry-mild_horizontal_no_load_1100rpm,2671385,1102,272,1951,2569,3,50,1228418,9,551,75,1,2,,,,,,,,,,
2026-06-21T03:36:57.503934+00:00,S028,commissioning_unmounted,false,phase_asymmetry,mild,1100,phase_asymmetry-mild_horizontal_no_load_1100rpm,2671485,1101,269,1954,2566,5,50,1228462,9,551,75,1,2,,,,,,,,,,
2026-06-21T03:36:57.596345+00:00,S028,commissioning_unmounted,false,phase_asymmetry,mild,1100,phase_asymmetry-mild_horizontal_no_load_1100rpm,2671585,1103,269,1946,2556,6,50,1228506,9,551,74,0,2,,,,,,,,,,
2026-06-21T03:36:57.690161+00:00,S028,commissioning_unmounted,false,phase_asymmetry,mild,1100,phase_asymmetry-mild_horizontal_no_load_1100rpm,2671685,1102,267,1954,2561,3,50,1228550,9,551,74,1,2,,,,,,,,,,
2026-06-21T03:36:57.784795+00:00,S028,commissioning_unmounted,false,phase_asymmetry,mild,1100,phase_asymmetry-mild_horizontal_no_load_1100rpm,2671785,1101,267,1957,2563,4,50,1228595,9,551,74,1,2,,,,,,,,,,
2026-06-21T03:36:57.877606+00:00,S028,commissioning_unmounted,false,phase_asymmetry,mild,1100,phase_asymmetry-mild_horizontal_no_load_1100rpm,2671885,1101,267,1952,2560,2,50,1228639,9,551,75,1,2,,,,,,,,,,
2026-06-21T03:36:57.971303+00:00,S028,commissioning_unmounted,false,phase_asymmetry,mild,1100,phase_asymmetry-mild_horizontal_no_load_1100rpm,2671985,1102,270,1948,2561,1,50,1228683,9,551,74,0,2,,,,,,,,,,
2026-06-21T03:36:58.064377+00:00,S028,commissioning_unmounted,false,phase_asymmetry,mild,1100,phase_asymmetry-mild_horizontal_no_load_1100rpm,2672085,1101,271,1949,2566,4,50,1228727,9,551,75,1,2,,,,,,,,,,
2026-06-21T03:36:58.203716+00:00,S028,commissioning_unmounted,false,phase_asymmetry,mild,1100,phase_asymmetry-mild_horizontal_no_load_1100rpm,2672185,1102,268,1954,2563,2,50,1228771,9,551,75,1,2,,,,,,,,,,
2026-06-21T03:36:58.297662+00:00,S028,commissioning_unmounted,false,phase_asymmetry,mild,1100,phase_asymmetry-mild_horizontal_no_load_1100rpm,2672285,1102,269,1954,2566,1,50,1228815,9,551,75,1,2,,,,,,,,,,
2026-06-21T03:36:58.392887+00:00,S028,commissioning_unmounted,false,phase_asymmetry,mild,1100,phase_asymmetry-mild_horizontal_no_load_1100rpm,2672385,1102,271,1946,2561,4,50,1228859,9,551,75,0,2,,,,,,,,,,
2026-06-21T03:36:58.487408+00:00,S028,commissioning_unmounted,false,phase_asymmetry,mild,1100,phase_asymmetry-mild_horizontal_no_load_1100rpm,2672485,1101,267,1957,2563,2,50,1228903,9,551,75,2,2,,,,,,,,,,
2026-06-21T03:36:58.579728+00:00,S028,commissioning_unmounted,false,phase_asymmetry,mild,1100,phase_asymmetry-mild_horizontal_no_load_1100rpm,2672585,1102,270,1946,2560,1,50,1228947,9,551,75,0,2,,,,,,,,,,
2026-06-21T03:36:58.673440+00:00,S028,commissioning_unmounted,false,phase_asymmetry,mild,1100,phase_asymmetry-mild_horizontal_no_load_1100rpm,2672685,1102,269,1949,2561,4,50,1228991,9,551,74,1,2,,,,,,,,,,
2026-06-21T03:36:58.765719+00:00,S028,commissioning_unmounted,false,phase_asymmetry,mild,1100,phase_asymmetry-mild_horizontal_no_load_1100rpm,2672785,1102,268,1946,2555,3,50,1229036,9,551,75,1,2,,,,,,,,,,
2026-06-21T03:36:58.921755+00:00,S028,commissioning_unmounted,false,phase_asymmetry,mild,1100,phase_asymmetry-mild_horizontal_no_load_1100rpm,2672885,1102,267,1957,2563,5,50,1229080,9,551,74,0,2,,,,,,,,,,
2026-06-21T03:36:58.983751+00:00,S028,commissioning_unmounted,false,phase_asymmetry,mild,1100,phase_asymmetry-mild_horizontal_no_load_1100rpm,2672985,1103,268,1947,2555,6,50,1229124,9,551,75,0,2,,,,,,,,,,
2026-06-21T03:36:59.077852+00:00,S028,commissioning_unmounted,false,phase_asymmetry,mild,1100,phase_asymmetry-mild_horizontal_no_load_1100rpm,2673085,1101,271,1949,2565,3,50,1229168,9,551,75,2,2,,,,,,,,,,
2026-06-21T03:36:59.171581+00:00,S028,commissioning_unmounted,false,phase_asymmetry,mild,1100,phase_asymmetry-mild_horizontal_no_load_1100rpm,2673185,1102,267,1957,2563,5,50,1229212,9,551,74,1,1,,,,,,,,,,
2026-06-21T03:36:59.265720+00:00,S028,commissioning_unmounted,false,phase_asymmetry,mild,1100,phase_asymmetry-mild_horizontal_no_load_1100rpm,2673285,1102,266,1949,2552,6,50,1229256,9,551,73,1,1,,,,,,,,,,
2026-06-21T03:36:59.405716+00:00,S028,commissioning_unmounted,false,phase_asymmetry,mild,1100,phase_asymmetry-mild_horizontal_no_load_1100rpm,2673385,1102,269,1949,2561,3,50,1229300,9,551,75,1,2,,,,,,,,,,
2026-06-21T03:36:59.467026+00:00,S028,commissioning_unmounted,false,phase_asymmetry,mild,1100,phase_asymmetry-mild_horizontal_no_load_1100rpm,2673485,1103,271,1946,2561,5,50,1229344,9,551,75,1,2,,,,,,,,,,
2026-06-21T03:36:59.560103+00:00,S028,commissioning_unmounted,false,phase_asymmetry,mild,1100,phase_asymmetry-mild_horizontal_no_load_1100rpm,2673585,1102,271,1946,2561,6,50,1229388,9,551,74,1,2,,,,,,,,,,
2026-06-21T03:36:59.700317+00:00,S028,commissioning_unmounted,false,phase_asymmetry,mild,1100,phase_asymmetry-mild_horizontal_no_load_1100rpm,2673685,1103,268,1947,2555,3,50,1229432,9,551,75,1,3,,,,,,,,,,
2026-06-21T03:36:59.793655+00:00,S028,commissioning_unmounted,false,phase_asymmetry,mild,1100,phase_asymmetry-mild_horizontal_no_load_1100rpm,2673785,1102,269,1954,2566,4,50,1229477,9,551,75,1,2,,,,,,,,,,
2026-06-21T03:36:59.889060+00:00,S028,commissioning_unmounted,false,phase_asymmetry,mild,1100,phase_asymmetry-mild_horizontal_no_load_1100rpm,2673885,1102,269,1954,2566,2,50,1229521,9,551,75,1,2,,,,,,,,,,
2026-06-21T03:36:59.981169+00:00,S028,commissioning_unmounted,false,phase_asymmetry,mild,1100,phase_asymmetry-mild_horizontal_no_load_1100rpm,2673985,1101,267,1957,2563,1,50,1229565,9,551,74,1,2,,,,,,,,,,
2026-06-21T03:37:00.075838+00:00,S028,commissioning_unmounted,false,phase_asymmetry,mild,1100,phase_asymmetry-mild_horizontal_no_load_1100rpm,2674085,1102,272,1951,2569,4,50,1229609,9,551,75,1,2,,,,,,,,,,
2026-06-21T03:37:00.169473+00:00,S028,commissioning_unmounted,false,phase_asymmetry,mild,1100,phase_asymmetry-mild_horizontal_no_load_1100rpm,2674185,1102,269,1952,2563,2,50,1229653,9,551,75,1,2,,,,,,,,,,
2026-06-21T03:37:00.263185+00:00,S028,commissioning_unmounted,false,phase_asymmetry,mild,1100,phase_asymmetry-mild_horizontal_no_load_1100rpm,2674285,1102,269,1951,2563,1,50,1229697,9,551,75,0,3,,,,,,,,,,
2026-06-21T03:37:00.357183+00:00,S028,commissioning_unmounted,false,phase_asymmetry,mild,1100,phase_asymmetry-mild_horizontal_no_load_1100rpm,2674385,1101,271,1954,2569,4,50,1229741,9,551,74,1,1,,,,,,,,,,
2026-06-21T03:37:00.497862+00:00,S028,commissioning_unmounted,false,phase_asymmetry,mild,1100,phase_asymmetry-mild_horizontal_no_load_1100rpm,2674485,1101,270,1952,2566,2,50,1229785,9,551,74,0,2,,,,,,,,,,
2026-06-21T03:37:00.590203+00:00,S028,commissioning_unmounted,false,phase_asymmetry,mild,1100,phase_asymmetry-mild_horizontal_no_load_1100rpm,2674585,1102,270,1949,2563,1,50,1229829,9,551,75,1,2,,,,,,,,,,
2026-06-21T03:37:00.681580+00:00,S028,commissioning_unmounted,false,phase_asymmetry,mild,1100,phase_asymmetry-mild_horizontal_no_load_1100rpm,2674685,1102,269,1952,2563,4,50,1229873,9,551,75,1,2,,,,,,,,,,
2026-06-21T03:37:00.775805+00:00,S028,commissioning_unmounted,false,phase_asymmetry,mild,1100,phase_asymmetry-mild_horizontal_no_load_1100rpm,2674785,1102,268,1949,2558,3,50,1229918,9,551,74,0,2,,,,,,,,,,
2026-06-21T03:37:00.869470+00:00,S028,commissioning_unmounted,false,phase_asymmetry,mild,1100,phase_asymmetry-mild_horizontal_no_load_1100rpm,2674885,1102,270,1946,2560,5,50,1229962,9,551,75,0,2,,,,,,,,,,
2026-06-21T03:37:00.963509+00:00,S028,commissioning_unmounted,false,phase_asymmetry,mild,1100,phase_asymmetry-mild_horizontal_no_load_1100rpm,2674985,1101,263,1962,2561,6,50,1230006,9,551,74,1,3,,,,,,,,,,
2026-06-21T03:37:01.057114+00:00,S028,commissioning_unmounted,false,phase_asymmetry,mild,1100,phase_asymmetry-mild_horizontal_no_load_1100rpm,2675085,1103,269,1949,2560,3,50,1230050,9,551,75,1,2,,,,,,,,,,
2026-06-21T03:37:01.197887+00:00,S028,commissioning_unmounted,false,phase_asymmetry,mild,1100,phase_asymmetry-mild_horizontal_no_load_1100rpm,2675185,1102,271,1946,2561,5,50,1230094,9,551,74,1,2,,,,,,,,,,
2026-06-21T03:37:01.290019+00:00,S028,commissioning_unmounted,false,phase_asymmetry,mild,1100,phase_asymmetry-mild_horizontal_no_load_1100rpm,2675285,1102,268,1954,2563,6,50,1230138,9,551,74,1,2,,,,,,,,,,
2026-06-21T03:37:01.381165+00:00,S028,commissioning_unmounted,false,phase_asymmetry,mild,1100,phase_asymmetry-mild_horizontal_no_load_1100rpm,2675385,1103,267,1957,2563,3,50,1230182,9,551,74,1,1,,,,,,,,,,
2026-06-21T03:37:01.475762+00:00,S028,commissioning_unmounted,false,phase_asymmetry,mild,1100,phase_asymmetry-mild_horizontal_no_load_1100rpm,2675485,1102,271,1948,2563,5,50,1230226,9,551,75,1,2,,,,,,,,,,
2026-06-21T03:37:01.569522+00:00,S028,commissioning_unmounted,false,phase_asymmetry,mild,1100,phase_asymmetry-mild_horizontal_no_load_1100rpm,2675585,1102,268,1954,2563,6,50,1230270,9,551,74,1,2,,,,,,,,,,
2026-06-21T03:37:01.663211+00:00,S028,commissioning_unmounted,false,phase_asymmetry,mild,1100,phase_asymmetry-mild_horizontal_no_load_1100rpm,2675685,1102,271,1951,2566,3,50,1230314,9,551,75,1,2,,,,,,,,,,
2026-06-21T03:37:01.757115+00:00,S028,commissioning_unmounted,false,phase_asymmetry,mild,1100,phase_asymmetry-mild_horizontal_no_load_1100rpm,2675785,1102,266,1949,2553,4,50,1230359,9,551,74,1,2,,,,,,,,,,
2026-06-21T03:37:01.898055+00:00,S028,commissioning_unmounted,false,phase_asymmetry,mild,1100,phase_asymmetry-mild_horizontal_no_load_1100rpm,2675885,1101,273,1948,2569,2,50,1230403,9,551,75,1,2,,,,,,,,,,
2026-06-21T03:37:01.991291+00:00,S028,commissioning_unmounted,false,phase_asymmetry,mild,1100,phase_asymmetry-mild_horizontal_no_load_1100rpm,2675985,1102,272,1948,2566,1,50,1230447,9,551,75,1,2,,,,,,,,,,
2026-06-21T03:37:02.085682+00:00,S028,commissioning_unmounted,false,phase_asymmetry,mild,1100,phase_asymmetry-mild_horizontal_no_load_1100rpm,2676085,1102,267,1957,2563,4,50,1230491,9,551,74,1,1,,,,,,,,,,
2026-06-21T03:37:02.179822+00:00,S028,commissioning_unmounted,false,phase_asymmetry,mild,1100,phase_asymmetry-mild_horizontal_no_load_1100rpm,2676185,1102,270,1952,2566,2,50,1230535,9,551,75,1,2,,,,,,,,,,
2026-06-21T03:37:02.274892+00:00,S028,commissioning_unmounted,false,phase_asymmetry,mild,1100,phase_asymmetry-mild_horizontal_no_load_1100rpm,2676285,1102,268,1954,2563,1,50,1230579,9,551,75,1,2,,,,,,,,,,
2026-06-21T03:37:02.367332+00:00,S028,commissioning_unmounted,false,phase_asymmetry,mild,1100,phase_asymmetry-mild_horizontal_no_load_1100rpm,2676385,1103,271,1944,2558,4,50,1230623,9,551,75,0,2,,,,,,,,,,
2026-06-21T03:37:02.461541+00:00,S028,commissioning_unmounted,false,phase_asymmetry,mild,1100,phase_asymmetry-mild_horizontal_no_load_1100rpm,2676485,1101,272,1949,2568,2,50,1230667,9,551,74,1,1,,,,,,,,,,
2026-06-21T03:37:02.554401+00:00,S028,commissioning_unmounted,false,phase_asymmetry,mild,1100,phase_asymmetry-mild_horizontal_no_load_1100rpm,2676585,1102,269,1954,2565,1,50,1230711,9,551,75,0,2,,,,,,,,,,
2026-06-21T03:37:02.693081+00:00,S028,commissioning_unmounted,false,phase_asymmetry,mild,1100,phase_asymmetry-mild_horizontal_no_load_1100rpm,2676685,1102,270,1948,2561,4,50,1230755,9,551,75,1,2,,,,,,,,,,
2026-06-21T03:37:02.787544+00:00,S028,commissioning_unmounted,false,phase_asymmetry,mild,1100,phase_asymmetry-mild_horizontal_no_load_1100rpm,2676785,1102,269,1947,2558,3,50,1230800,9,551,75,1,3,,,,,,,,,,
2026-06-21T03:37:02.880708+00:00,S028,commissioning_unmounted,false,phase_asymmetry,mild,1100,phase_asymmetry-mild_horizontal_no_load_1100rpm,2676885,1101,267,1957,2563,5,50,1230844,9,551,75,1,2,,,,,,,,,,
2026-06-21T03:37:02.973356+00:00,S028,commissioning_unmounted,false,phase_asymmetry,mild,1100,phase_asymmetry-mild_horizontal_no_load_1100rpm,2676985,1102,265,1959,2561,6,50,1230888,9,551,74,1,2,,,,,,,,,,
2026-06-21T03:37:03.066856+00:00,S028,commissioning_unmounted,false,phase_asymmetry,mild,1100,phase_asymmetry-mild_horizontal_no_load_1100rpm,2677085,1102,272,1948,2566,3,50,1230932,9,551,74,1,2,,,,,,,,,,
2026-06-21T03:37:03.161168+00:00,S028,commissioning_unmounted,false,phase_asymmetry,mild,1100,phase_asymmetry-mild_horizontal_no_load_1100rpm,2677185,1102,269,1948,2558,5,50,1230976,9,551,74,1,2,,,,,,,,,,
2026-06-21T03:37:03.254723+00:00,S028,commissioning_unmounted,false,phase_asymmetry,mild,1100,phase_asymmetry-mild_horizontal_no_load_1100rpm,2677285,1102,269,1952,2563,6,50,1231020,9,551,74,1,2,,,,,,,,,,
2026-06-21T03:37:03.349623+00:00,S028,commissioning_unmounted,false,phase_asymmetry,mild,1100,phase_asymmetry-mild_horizontal_no_load_1100rpm,2677385,1103,268,1952,2560,3,50,1231064,9,551,75,1,2,,,,,,,,,,
2026-06-21T03:37:03.490153+00:00,S028,commissioning_unmounted,false,phase_asymmetry,mild,1100,phase_asymmetry-mild_horizontal_no_load_1100rpm,2677485,1101,265,1960,2563,5,50,1231108,9,551,74,1,1,,,,,,,,,,
2026-06-21T03:37:03.581929+00:00,S028,commissioning_unmounted,false,phase_asymmetry,mild,1100,phase_asymmetry-mild_horizontal_no_load_1100rpm,2677585,1102,272,1949,2566,6,50,1231152,9,551,75,1,2,,,,,,,,,,
2026-06-21T03:37:03.675485+00:00,S028,commissioning_unmounted,false,phase_asymmetry,mild,1100,phase_asymmetry-mild_horizontal_no_load_1100rpm,2677685,1102,269,1951,2561,3,50,1231196,9,551,75,0,2,,,,,,,,,,
2026-06-21T03:37:03.769481+00:00,S028,commissioning_unmounted,false,phase_asymmetry,mild,1100,phase_asymmetry-mild_horizontal_no_load_1100rpm,2677785,1102,271,1951,2566,4,50,1231241,9,551,75,1,2,,,,,,,,,,
2026-06-21T03:37:03.862685+00:00,S028,commissioning_unmounted,false,phase_asymmetry,mild,1100,phase_asymmetry-mild_horizontal_no_load_1100rpm,2677885,1102,270,1949,2561,2,50,1231285,9,551,75,0,2,,,,,,,,,,
2026-06-21T03:37:03.955542+00:00,S028,commissioning_unmounted,false,phase_asymmetry,mild,1100,phase_asymmetry-mild_horizontal_no_load_1100rpm,2677985,1102,271,1949,2565,1,50,1231329,9,551,75,1,2,,,,,,,,,,
2026-06-21T03:37:04.049613+00:00,S028,commissioning_unmounted,false,phase_asymmetry,mild,1100,phase_asymmetry-mild_horizontal_no_load_1100rpm,2678085,1101,269,1949,2560,4,50,1231373,9,551,74,1,2,,,,,,,,,,
2026-06-21T03:37:04.188163+00:00,S028,commissioning_unmounted,false,phase_asymmetry,mild,1100,phase_asymmetry-mild_horizontal_no_load_1100rpm,2678185,1102,268,1954,2563,2,50,1231417,9,551,74,1,2,,,,,,,,,,
2026-06-21T03:37:04.281732+00:00,S028,commissioning_unmounted,false,phase_asymmetry,mild,1100,phase_asymmetry-mild_horizontal_no_load_1100rpm,2678285,1101,271,1946,2561,1,50,1231461,9,551,74,1,2,,,,,,,,,,
2026-06-21T03:37:04.374681+00:00,S028,commissioning_unmounted,false,phase_asymmetry,mild,1100,phase_asymmetry-mild_horizontal_no_load_1100rpm,2678385,1102,264,1959,2560,4,50,1231505,9,551,74,1,2,,,,,,,,,,
2026-06-21T03:37:04.468567+00:00,S028,commissioning_unmounted,false,phase_asymmetry,mild,1100,phase_asymmetry-mild_horizontal_no_load_1100rpm,2678485,1102,269,1952,2563,2,50,1231549,9,551,75,1,2,,,,,,,,,,
2026-06-21T03:37:04.593054+00:00,S028,commissioning_unmounted,false,phase_asymmetry,mild,1100,phase_asymmetry-mild_horizontal_no_load_1100rpm,2678585,1102,268,1949,2558,1,50,1231593,9,551,75,0,2,,,,,,,,,,
2026-06-21T03:37:04.686520+00:00,S028,commissioning_unmounted,false,phase_asymmetry,mild,1100,phase_asymmetry-mild_horizontal_no_load_1100rpm,2678685,1103,268,1952,2561,4,50,1231637,9,551,75,1,2,,,,,,,,,,
2026-06-21T03:37:04.780174+00:00,S028,commissioning_unmounted,false,phase_asymmetry,mild,1100,phase_asymmetry-mild_horizontal_no_load_1100rpm,2678785,1102,266,1956,2561,3,50,1231682,9,551,75,1,2,,,,,,,,,,
2026-06-21T03:37:04.872277+00:00,S028,commissioning_unmounted,false,phase_asymmetry,mild,1100,phase_asymmetry-mild_horizontal_no_load_1100rpm,2678885,1102,268,1954,2563,5,50,1231726,9,551,74,1,2,,,,,,,,,,
2026-06-21T03:37:04.964775+00:00,S028,commissioning_unmounted,false,phase_asymmetry,mild,1100,phase_asymmetry-mild_horizontal_no_load_1100rpm,2678985,1102,265,1959,2560,6,50,1231770,9,551,74,1,1,,,,,,,,,,
2026-06-21T03:37:05.058599+00:00,S028,commissioning_unmounted,false,phase_asymmetry,mild,1100,phase_asymmetry-mild_horizontal_no_load_1100rpm,2679085,1103,269,1947,2557,3,50,1231814,9,551,75,0,2,,,,,,,,,,
2026-06-21T03:37:05.152815+00:00,S028,commissioning_unmounted,false,phase_asymmetry,mild,1100,phase_asymmetry-mild_horizontal_no_load_1100rpm,2679185,1102,270,1951,2564,5,50,1231858,9,551,75,0,2,,,,,,,,,,
2026-06-21T03:37:05.245499+00:00,S028,commissioning_unmounted,false,phase_asymmetry,mild,1100,phase_asymmetry-mild_horizontal_no_load_1100rpm,2679285,1102,272,1948,2566,6,50,1231902,9,551,75,1,2,,,,,,,,,,
2026-06-21T03:37:05.385644+00:00,S028,commissioning_unmounted,false,phase_asymmetry,mild,1100,phase_asymmetry-mild_horizontal_no_load_1100rpm,2679385,1102,268,1949,2557,3,50,1231946,9,551,74,1,2,,,,,,,,,,
2026-06-21T03:37:05.478953+00:00,S028,commissioning_unmounted,false,phase_asymmetry,mild,1100,phase_asymmetry-mild_horizontal_no_load_1100rpm,2679485,1102,269,1954,2566,5,50,1231990,9,551,74,0,2,,,,,,,,,,
2026-06-21T03:37:05.571711+00:00,S028,commissioning_unmounted,false,phase_asymmetry,mild,1100,phase_asymmetry-mild_horizontal_no_load_1100rpm,2679585,1102,270,1952,2565,6,50,1232034,9,551,75,1,2,,,,,,,,,,
2026-06-21T03:37:05.665184+00:00,S028,commissioning_unmounted,false,phase_asymmetry,mild,1100,phase_asymmetry-mild_horizontal_no_load_1100rpm,2679685,1102,269,1954,2566,3,50,1232078,9,551,74,1,2,,,,,,,,,,
2026-06-21T03:37:05.757926+00:00,S028,commissioning_unmounted,false,phase_asymmetry,mild,1100,phase_asymmetry-mild_horizontal_no_load_1100rpm,2679785,1102,268,1954,2563,4,50,1232123,9,551,74,1,2,,,,,,,,,,
2026-06-21T03:37:05.851955+00:00,S028,commissioning_unmounted,false,phase_asymmetry,mild,1100,phase_asymmetry-mild_horizontal_no_load_1100rpm,2679885,1102,268,1952,2560,2,50,1232167,9,551,74,0,2,,,,,,,,,,
2026-06-21T03:37:05.945992+00:00,S028,commissioning_unmounted,false,phase_asymmetry,mild,1100,phase_asymmetry-mild_horizontal_no_load_1100rpm,2679985,1102,267,1957,2563,1,50,1232211,9,551,75,1,3,,,,,,,,,,
2026-06-21T03:37:06.085315+00:00,S028,commissioning_unmounted,false,phase_asymmetry,mild,1100,phase_asymmetry-mild_horizontal_no_load_1100rpm,2680085,1101,272,1948,2566,4,50,1232255,9,551,75,1,2,,,,,,,,,,
2026-06-21T03:37:06.178583+00:00,S028,commissioning_unmounted,false,phase_asymmetry,mild,1100,phase_asymmetry-mild_horizontal_no_load_1100rpm,2680185,1101,268,1954,2563,2,50,1232299,9,551,74,1,2,,,,,,,,,,
2026-06-21T03:37:06.272097+00:00,S028,commissioning_unmounted,false,phase_asymmetry,mild,1100,phase_asymmetry-mild_horizontal_no_load_1100rpm,2680285,1102,270,1946,2560,1,50,1232343,9,551,75,1,2,,,,,,,,,,
2026-06-21T03:37:06.366343+00:00,S028,commissioning_unmounted,false,phase_asymmetry,mild,1100,phase_asymmetry-mild_horizontal_no_load_1100rpm,2680385,1102,265,1957,2558,4,50,1232387,9,551,74,1,2,,,,,,,,,,
2026-06-21T03:37:06.460298+00:00,S028,commissioning_unmounted,false,phase_asymmetry,mild,1100,phase_asymmetry-mild_horizontal_no_load_1100rpm,2680485,1102,269,1949,2561,2,50,1232431,9,551,75,1,2,,,,,,,,,,
2026-06-21T03:37:06.554685+00:00,S028,commissioning_unmounted,false,phase_asymmetry,mild,1100,phase_asymmetry-mild_horizontal_no_load_1100rpm,2680585,1102,270,1951,2563,1,50,1232475,9,551,75,0,2,,,,,,,,,,
2026-06-21T03:37:06.647945+00:00,S028,commissioning_unmounted,false,phase_asymmetry,mild,1100,phase_asymmetry-mild_horizontal_no_load_1100rpm,2680685,1102,270,1951,2564,4,50,1232519,9,551,75,1,2,,,,,,,,,,
2026-06-21T03:37:06.740886+00:00,S028,commissioning_unmounted,false,phase_asymmetry,mild,1100,phase_asymmetry-mild_horizontal_no_load_1100rpm,2680785,1102,268,1949,2558,3,50,1232564,9,551,74,1,2,,,,,,,,,,
2026-06-21T03:37:06.881295+00:00,S028,commissioning_unmounted,false,phase_asymmetry,mild,1100,phase_asymmetry-mild_horizontal_no_load_1100rpm,2680885,1102,269,1949,2560,5,50,1232608,9,551,75,2,3,,,,,,,,,,
2026-06-21T03:37:06.974583+00:00,S028,commissioning_unmounted,false,phase_asymmetry,mild,1100,phase_asymmetry-mild_horizontal_no_load_1100rpm,2680985,1102,272,1947,2565,6,50,1232652,9,551,75,0,2,,,,,,,,,,
2026-06-21T03:37:07.066538+00:00,S028,commissioning_unmounted,false,phase_asymmetry,mild,1100,phase_asymmetry-mild_horizontal_no_load_1100rpm,2681085,1102,268,1949,2558,3,50,1232696,9,551,74,1,2,,,,,,,,,,
2026-06-21T03:37:07.160485+00:00,S028,commissioning_unmounted,false,phase_asymmetry,mild,1100,phase_asymmetry-mild_horizontal_no_load_1100rpm,2681185,1102,270,1952,2565,5,50,1232740,9,551,75,1,2,,,,,,,,,,
2026-06-21T03:37:07.254688+00:00,S028,commissioning_unmounted,false,phase_asymmetry,mild,1100,phase_asymmetry-mild_horizontal_no_load_1100rpm,2681285,1102,267,1957,2563,6,50,1232784,9,551,74,1,2,,,,,,,,,,
2026-06-21T03:37:07.347002+00:00,S028,commissioning_unmounted,false,phase_asymmetry,mild,1100,phase_asymmetry-mild_horizontal_no_load_1100rpm,2681385,1102,265,1959,2561,3,50,1232828,9,551,74,1,2,,,,,,,,,,
2026-06-21T03:37:07.441808+00:00,S028,commissioning_unmounted,false,phase_asymmetry,mild,1100,phase_asymmetry-mild_horizontal_no_load_1100rpm,2681485,1101,263,1962,2560,5,50,1232872,9,551,74,1,1,,,,,,,,,,
2026-06-21T03:37:07.536685+00:00,S028,commissioning_unmounted,false,phase_asymmetry,mild,1100,phase_asymmetry-mild_horizontal_no_load_1100rpm,2681585,1102,268,1954,2563,6,50,1232916,9,551,75,1,2,,,,,,,,,,
2026-06-21T03:37:07.677186+00:00,S028,commissioning_unmounted,false,phase_asymmetry,mild,1100,phase_asymmetry-mild_horizontal_no_load_1100rpm,2681685,1101,269,1954,2566,3,50,1232960,9,551,75,1,2,,,,,,,,,,
2026-06-21T03:37:07.770336+00:00,S028,commissioning_unmounted,false,phase_asymmetry,mild,1100,phase_asymmetry-mild_horizontal_no_load_1100rpm,2681785,1102,268,1954,2563,4,50,1233005,9,551,75,0,2,,,,,,,,,,
2026-06-21T03:37:07.862173+00:00,S028,commissioning_unmounted,false,phase_asymmetry,mild,1100,phase_asymmetry-mild_horizontal_no_load_1100rpm,2681885,1102,272,1949,2566,2,50,1233049,9,551,75,0,2,,,,,,,,,,
2026-06-21T03:37:07.955845+00:00,S028,commissioning_unmounted,false,phase_asymmetry,mild,1100,phase_asymmetry-mild_horizontal_no_load_1100rpm,2681985,1101,270,1951,2566,1,50,1233093,9,551,75,1,2,,,,,,,,,,
2026-06-21T03:37:08.051232+00:00,S028,commissioning_unmounted,false,phase_asymmetry,mild,1100,phase_asymmetry-mild_horizontal_no_load_1100rpm,2682085,1102,271,1949,2565,4,50,1233137,9,551,75,1,2,,,,,,,,,,
2026-06-21T03:37:08.145424+00:00,S028,commissioning_unmounted,false,phase_asymmetry,mild,1100,phase_asymmetry-mild_horizontal_no_load_1100rpm,2682185,1101,267,1951,2558,2,50,1233181,9,551,74,1,2,,,,,,,,,,
2026-06-21T03:37:08.238093+00:00,S028,commissioning_unmounted,false,phase_asymmetry,mild,1100,phase_asymmetry-mild_horizontal_no_load_1100rpm,2682285,1103,271,1946,2561,1,50,1233225,9,551,75,1,2,,,,,,,,,,
2026-06-21T03:37:08.378595+00:00,S028,commissioning_unmounted,false,phase_asymmetry,mild,1100,phase_asymmetry-mild_horizontal_no_load_1100rpm,2682385,1101,271,1949,2566,4,50,1233269,9,551,75,1,2,,,,,,,,,,
2026-06-21T03:37:08.470802+00:00,S028,commissioning_unmounted,false,phase_asymmetry,mild,1100,phase_asymmetry-mild_horizontal_no_load_1100rpm,2682485,1102,268,1948,2558,2,50,1233313,9,551,75,1,2,,,,,,,,,,
2026-06-21T03:37:08.564297+00:00,S028,commissioning_unmounted,false,phase_asymmetry,mild,1100,phase_asymmetry-mild_horizontal_no_load_1100rpm,2682585,1102,270,1946,2558,1,50,1233357,9,551,74,0,2,,,,,,,,,,
2026-06-21T03:37:08.657556+00:00,S028,commissioning_unmounted,false,phase_asymmetry,mild,1100,phase_asymmetry-mild_horizontal_no_load_1100rpm,2682685,1102,268,1954,2563,4,50,1233401,9,551,75,0,2,,,,,,,,,,
2026-06-21T03:37:08.751250+00:00,S028,commissioning_unmounted,false,phase_asymmetry,mild,1100,phase_asymmetry-mild_horizontal_no_load_1100rpm,2682785,1102,268,1956,2564,3,50,1233446,9,551,75,1,2,,,,,,,,,,
2026-06-21T03:37:08.843845+00:00,S028,commissioning_unmounted,false,phase_asymmetry,mild,1100,phase_asymmetry-mild_horizontal_no_load_1100rpm,2682885,1102,268,1954,2563,5,50,1233490,9,551,75,1,2,,,,,,,,,,
2026-06-21T03:37:08.937433+00:00,S028,commissioning_unmounted,false,phase_asymmetry,mild,1100,phase_asymmetry-mild_horizontal_no_load_1100rpm,2682985,1101,267,1957,2563,6,50,1233534,9,551,74,1,3,,,,,,,,,,
2026-06-21T03:37:09.093250+00:00,S028,commissioning_unmounted,false,phase_asymmetry,mild,1100,phase_asymmetry-mild_horizontal_no_load_1100rpm,2683085,1102,269,1949,2560,3,50,1233578,9,551,74,1,2,,,,,,,,,,
2026-06-21T03:37:09.155641+00:00,S028,commissioning_unmounted,false,phase_asymmetry,mild,1100,phase_asymmetry-mild_horizontal_no_load_1100rpm,2683185,1102,270,1952,2565,5,50,1233622,9,551,75,0,2,,,,,,,,,,
2026-06-21T03:37:09.265359+00:00,S028,commissioning_unmounted,false,phase_asymmetry,mild,1100,phase_asymmetry-mild_horizontal_no_load_1100rpm,2683285,1102,267,1957,2563,6,50,1233666,9,551,75,1,3,,,,,,,,,,
2026-06-21T03:37:09.359306+00:00,S028,commissioning_unmounted,false,phase_asymmetry,mild,1100,phase_asymmetry-mild_horizontal_no_load_1100rpm,2683385,1102,270,1949,2563,3,50,1233710,9,551,75,1,2,,,,,,,,,,
2026-06-21T03:37:09.468619+00:00,S028,commissioning_unmounted,false,phase_asymmetry,mild,1100,phase_asymmetry-mild_horizontal_no_load_1100rpm,2683485,1103,267,1954,2561,5,50,1233754,9,551,74,1,2,,,,,,,,,,
2026-06-21T03:37:09.531101+00:00,S028,commissioning_unmounted,false,phase_asymmetry,mild,1100,phase_asymmetry-mild_horizontal_no_load_1100rpm,2683585,1102,270,1949,2563,6,50,1233798,9,551,75,0,3,,,,,,,,,,
2026-06-21T03:37:09.671815+00:00,S028,commissioning_unmounted,false,phase_asymmetry,mild,1100,phase_asymmetry-mild_horizontal_no_load_1100rpm,2683685,1102,269,1946,2558,3,50,1233842,9,551,75,1,3,,,,,,,,,,
2026-06-21T03:37:09.766204+00:00,S028,commissioning_unmounted,false,phase_asymmetry,mild,1100,phase_asymmetry-mild_horizontal_no_load_1100rpm,2683785,1101,268,1954,2564,4,50,1233887,9,551,75,1,2,,,,,,,,,,
2026-06-21T03:37:09.860394+00:00,S028,commissioning_unmounted,false,phase_asymmetry,mild,1100,phase_asymmetry-mild_horizontal_no_load_1100rpm,2683885,1102,271,1951,2566,2,50,1233931,9,551,75,0,2,,,,,,,,,,
2026-06-21T03:37:09.953311+00:00,S028,commissioning_unmounted,false,phase_asymmetry,mild,1100,phase_asymmetry-mild_horizontal_no_load_1100rpm,2683985,1102,269,1949,2561,1,50,1233975,9,551,74,1,2,,,,,,,,,,
2026-06-21T03:37:10.061130+00:00,S028,commissioning_unmounted,false,phase_asymmetry,mild,1100,phase_asymmetry-mild_horizontal_no_load_1100rpm,2684085,1102,270,1952,2566,4,50,1234019,9,551,75,0,3,,,,,,,,,,
2026-06-21T03:37:10.153723+00:00,S028,commissioning_unmounted,false,phase_asymmetry,mild,1100,phase_asymmetry-mild_horizontal_no_load_1100rpm,2684185,1102,270,1947,2561,2,50,1234063,9,551,75,1,2,,,,,,,,,,
2026-06-21T03:37:10.246865+00:00,S028,commissioning_unmounted,false,phase_asymmetry,mild,1100,phase_asymmetry-mild_horizontal_no_load_1100rpm,2684285,1101,267,1957,2563,1,50,1234107,9,551,74,0,2,,,,,,,,,,
2026-06-21T03:37:10.341633+00:00,S028,commissioning_unmounted,false,phase_asymmetry,mild,1100,phase_asymmetry-mild_horizontal_no_load_1100rpm,2684385,1102,269,1951,2563,4,50,1234151,9,551,75,1,3,,,,,,,,,,
2026-06-21T03:37:10.435963+00:00,S028,commissioning_unmounted,false,phase_asymmetry,mild,1100,phase_asymmetry-mild_horizontal_no_load_1100rpm,2684485,1101,269,1954,2566,2,50,1234195,9,551,74,0,2,,,,,,,,,,
2026-06-21T03:37:10.528910+00:00,S028,commissioning_unmounted,false,phase_asymmetry,mild,1100,phase_asymmetry-mild_horizontal_no_load_1100rpm,2684585,1103,269,1949,2560,1,50,1234239,9,551,75,1,3,,,,,,,,,,
2026-06-21T03:37:10.668371+00:00,S028,commissioning_unmounted,false,phase_asymmetry,mild,1100,phase_asymmetry-mild_horizontal_no_load_1100rpm,2684685,1102,269,1952,2563,4,50,1234283,9,551,75,0,2,,,,,,,,,,
2026-06-21T03:37:10.762572+00:00,S028,commissioning_unmounted,false,phase_asymmetry,mild,1100,phase_asymmetry-mild_horizontal_no_load_1100rpm,2684785,1102,268,1954,2563,3,50,1234328,9,551,75,1,2,,,,,,,,,,
2026-06-21T03:37:10.856089+00:00,S028,commissioning_unmounted,false,phase_asymmetry,mild,1100,phase_asymmetry-mild_horizontal_no_load_1100rpm,2684885,1102,269,1954,2566,5,50,1234372,9,551,75,0,2,,,,,,,,,,
2026-06-21T03:37:10.950208+00:00,S028,commissioning_unmounted,false,phase_asymmetry,mild,1100,phase_asymmetry-mild_horizontal_no_load_1100rpm,2684985,1103,269,1952,2563,6,50,1234416,9,551,75,1,2,,,,,,,,,,
2026-06-21T03:37:11.043345+00:00,S028,commissioning_unmounted,false,phase_asymmetry,mild,1100,phase_asymmetry-mild_horizontal_no_load_1100rpm,2685085,1101,267,1957,2563,3,50,1234460,9,551,74,0,2,,,,,,,,,,
2026-06-21T03:37:11.136745+00:00,S028,commissioning_unmounted,false,phase_asymmetry,mild,1100,phase_asymmetry-mild_horizontal_no_load_1100rpm,2685185,1101,271,1952,2568,5,50,1234504,9,551,75,1,2,,,,,,,,,,
2026-06-21T03:37:11.231464+00:00,S028,commissioning_unmounted,false,phase_asymmetry,mild,1100,phase_asymmetry-mild_horizontal_no_load_1100rpm,2685285,1102,268,1946,2555,6,50,1234548,9,551,75,1,3,,,,,,,,,,
2026-06-21T03:37:11.372909+00:00,S028,commissioning_unmounted,false,phase_asymmetry,mild,1100,phase_asymmetry-mild_horizontal_no_load_1100rpm,2685385,1102,270,1947,2561,3,50,1234592,9,551,75,0,2,,,,,,,,,,
2026-06-21T03:37:11.466808+00:00,S028,commissioning_unmounted,false,phase_asymmetry,mild,1100,phase_asymmetry-mild_horizontal_no_load_1100rpm,2685485,1101,269,1954,2566,5,50,1234636,9,551,74,0,2,,,,,,,,,,
2026-06-21T03:37:11.560995+00:00,S028,commissioning_unmounted,false,phase_asymmetry,mild,1100,phase_asymmetry-mild_horizontal_no_load_1100rpm,2685585,1102,268,1952,2560,6,50,1234680,9,551,74,1,2,,,,,,,,,,
2026-06-21T03:37:11.654375+00:00,S028,commissioning_unmounted,false,phase_asymmetry,mild,1100,phase_asymmetry-mild_horizontal_no_load_1100rpm,2685685,1101,270,1952,2565,3,50,1234724,9,551,75,0,2,,,,,,,,,,
2026-06-21T03:37:11.750285+00:00,S028,commissioning_unmounted,false,phase_asymmetry,mild,1100,phase_asymmetry-mild_horizontal_no_load_1100rpm,2685785,1102,267,1957,2563,4,50,1234769,9,551,75,0,2,,,,,,,,,,
2026-06-21T03:37:11.842740+00:00,S028,commissioning_unmounted,false,phase_asymmetry,mild,1100,phase_asymmetry-mild_horizontal_no_load_1100rpm,2685885,1101,267,1956,2563,2,50,1234813,9,551,74,1,1,,,,,,,,,,
2026-06-21T03:37:11.935683+00:00,S028,commissioning_unmounted,false,phase_asymmetry,mild,1100,phase_asymmetry-mild_horizontal_no_load_1100rpm,2685985,1101,270,1948,2561,1,50,1234857,9,551,74,0,2,,,,,,,,,,
2026-06-21T03:37:12.028785+00:00,S028,commissioning_unmounted,false,phase_asymmetry,mild,1100,phase_asymmetry-mild_horizontal_no_load_1100rpm,2686085,1102,269,1954,2565,4,50,1234901,9,551,75,0,2,,,,,,,,,,
2026-06-21T03:37:12.168500+00:00,S028,commissioning_unmounted,false,phase_asymmetry,mild,1100,phase_asymmetry-mild_horizontal_no_load_1100rpm,2686185,1101,267,1957,2564,2,50,1234945,9,551,75,1,2,,,,,,,,,,
2026-06-21T03:37:12.260672+00:00,S028,commissioning_unmounted,false,phase_asymmetry,mild,1100,phase_asymmetry-mild_horizontal_no_load_1100rpm,2686285,1103,268,1949,2557,1,50,1234989,9,551,74,0,2,,,,,,,,,,
2026-06-21T03:37:12.354837+00:00,S028,commissioning_unmounted,false,phase_asymmetry,mild,1100,phase_asymmetry-mild_horizontal_no_load_1100rpm,2686385,1102,266,1949,2553,4,50,1235033,9,551,74,1,2,,,,,,,,,,
2026-06-21T03:37:12.447867+00:00,S028,commissioning_unmounted,false,phase_asymmetry,mild,1100,phase_asymmetry-mild_horizontal_no_load_1100rpm,2686485,1102,268,1949,2558,2,50,1235077,9,551,75,2,2,,,,,,,,,,
2026-06-21T03:37:12.540141+00:00,S028,commissioning_unmounted,false,phase_asymmetry,mild,1100,phase_asymmetry-mild_horizontal_no_load_1100rpm,2686585,1102,269,1949,2560,1,50,1235121,9,551,74,1,2,,,,,,,,,,
2026-06-21T03:37:12.633965+00:00,S028,commissioning_unmounted,false,phase_asymmetry,mild,1100,phase_asymmetry-mild_horizontal_no_load_1100rpm,2686685,1102,269,1949,2560,4,50,1235165,9,551,74,1,3,,,,,,,,,,
2026-06-21T03:37:12.727321+00:00,S028,commissioning_unmounted,false,phase_asymmetry,mild,1100,phase_asymmetry-mild_horizontal_no_load_1100rpm,2686785,1102,269,1954,2566,3,50,1235210,9,551,75,1,2,,,,,,,,,,
2026-06-21T03:37:12.821434+00:00,S028,commissioning_unmounted,false,phase_asymmetry,mild,1100,phase_asymmetry-mild_horizontal_no_load_1100rpm,2686885,1100,272,1951,2569,5,50,1235254,9,551,75,1,2,,,,,,,,,,
2026-06-21T03:37:12.961855+00:00,S028,commissioning_unmounted,false,phase_asymmetry,mild,1100,phase_asymmetry-mild_horizontal_no_load_1100rpm,2686985,1102,269,1949,2561,6,50,1235298,9,551,75,0,2,,,,,,,,,,
2026-06-21T03:37:13.055625+00:00,S028,commissioning_unmounted,false,phase_asymmetry,mild,1100,phase_asymmetry-mild_horizontal_no_load_1100rpm,2687085,1102,269,1949,2561,3,50,1235342,9,551,75,1,2,,,,,,,,,,
2026-06-21T03:37:13.150158+00:00,S028,commissioning_unmounted,false,phase_asymmetry,mild,1100,phase_asymmetry-mild_horizontal_no_load_1100rpm,2687185,1101,270,1949,2563,5,50,1235386,9,551,74,0,2,,,,,,,,,,
2026-06-21T03:37:13.243339+00:00,S028,commissioning_unmounted,false,phase_asymmetry,mild,1100,phase_asymmetry-mild_horizontal_no_load_1100rpm,2687285,1104,268,1948,2556,6,50,1235430,9,551,75,1,1,,,,,,,,,,
2026-06-21T03:37:13.337121+00:00,S028,commissioning_unmounted,false,phase_asymmetry,mild,1100,phase_asymmetry-mild_horizontal_no_load_1100rpm,2687385,1102,270,1952,2566,3,50,1235474,9,551,75,1,2,,,,,,,,,,
2026-06-21T03:37:13.429640+00:00,S028,commissioning_unmounted,false,phase_asymmetry,mild,1100,phase_asymmetry-mild_horizontal_no_load_1100rpm,2687485,1101,269,1954,2566,5,50,1235518,9,551,75,0,2,,,,,,,,,,
2026-06-21T03:37:13.522700+00:00,S028,commissioning_unmounted,false,phase_asymmetry,mild,1100,phase_asymmetry-mild_horizontal_no_load_1100rpm,2687585,1102,268,1946,2555,6,50,1235562,9,551,75,0,3,,,,,,,,,,
2026-06-21T03:37:13.663896+00:00,S028,commissioning_unmounted,false,phase_asymmetry,mild,1100,phase_asymmetry-mild_horizontal_no_load_1100rpm,2687685,1102,267,1957,2563,3,50,1235606,9,551,75,2,2,,,,,,,,,,
2026-06-21T03:37:13.757696+00:00,S028,commissioning_unmounted,false,phase_asymmetry,mild,1100,phase_asymmetry-mild_horizontal_no_load_1100rpm,2687785,1102,269,1947,2558,4,50,1235651,9,551,75,1,2,,,,,,,,,,
2026-06-21T03:37:13.851395+00:00,S028,commissioning_unmounted,false,phase_asymmetry,mild,1100,phase_asymmetry-mild_horizontal_no_load_1100rpm,2687885,1103,270,1946,2558,2,50,1235695,9,551,75,0,2,,,,,,,,,,
2026-06-21T03:37:13.945520+00:00,S028,commissioning_unmounted,false,phase_asymmetry,mild,1100,phase_asymmetry-mild_horizontal_no_load_1100rpm,2687985,1102,270,1949,2563,1,50,1235739,9,551,75,0,2,,,,,,,,,,
2026-06-21T03:37:14.037296+00:00,S028,commissioning_unmounted,false,phase_asymmetry,mild,1100,phase_asymmetry-mild_horizontal_no_load_1100rpm,2688085,1101,272,1949,2568,4,50,1235783,9,551,75,0,2,,,,,,,,,,
2026-06-21T03:37:14.131707+00:00,S028,commissioning_unmounted,false,phase_asymmetry,mild,1100,phase_asymmetry-mild_horizontal_no_load_1100rpm,2688185,1102,269,1949,2560,2,50,1235827,9,551,75,0,2,,,,,,,,,,
2026-06-21T03:37:14.225345+00:00,S028,commissioning_unmounted,false,phase_asymmetry,mild,1100,phase_asymmetry-mild_horizontal_no_load_1100rpm,2688285,1102,267,1957,2563,1,50,1235871,9,551,74,0,2,,,,,,,,,,
2026-06-21T03:37:14.317905+00:00,S028,commissioning_unmounted,false,phase_asymmetry,mild,1100,phase_asymmetry-mild_horizontal_no_load_1100rpm,2688385,1102,269,1954,2566,4,50,1235915,9,551,74,1,2,,,,,,,,,,
2026-06-21T03:37:14.459098+00:00,S028,commissioning_unmounted,false,phase_asymmetry,mild,1100,phase_asymmetry-mild_horizontal_no_load_1100rpm,2688485,1103,270,1946,2558,2,50,1235959,9,551,75,0,2,,,,,,,,,,
2026-06-21T03:37:14.553246+00:00,S028,commissioning_unmounted,false,phase_asymmetry,mild,1100,phase_asymmetry-mild_horizontal_no_load_1100rpm,2688585,1102,268,1949,2558,1,50,1236003,9,551,74,0,1,,,,,,,,,,
2026-06-21T03:37:14.646795+00:00,S028,commissioning_unmounted,false,phase_asymmetry,mild,1100,phase_asymmetry-mild_horizontal_no_load_1100rpm,2688685,1101,272,1946,2563,4,50,1236047,9,551,75,1,2,,,,,,,,,,
2026-06-21T03:37:14.739214+00:00,S028,commissioning_unmounted,false,phase_asymmetry,mild,1100,phase_asymmetry-mild_horizontal_no_load_1100rpm,2688785,1103,267,1948,2555,3,50,1236092,9,551,75,1,2,,,,,,,,,,
2026-06-21T03:37:14.831722+00:00,S028,commissioning_unmounted,false,phase_asymmetry,mild,1100,phase_asymmetry-mild_horizontal_no_load_1100rpm,2688885,1102,270,1952,2565,5,50,1236136,9,551,75,1,3,,,,,,,,,,
2026-06-21T03:37:14.925194+00:00,S028,commissioning_unmounted,false,phase_asymmetry,mild,1100,phase_asymmetry-mild_horizontal_no_load_1100rpm,2688985,1102,269,1954,2566,6,50,1236180,9,551,75,1,2,,,,,,,,,,
2026-06-21T03:37:15.019244+00:00,S028,commissioning_unmounted,false,phase_asymmetry,mild,1100,phase_asymmetry-mild_horizontal_no_load_1100rpm,2689085,1102,268,1946,2555,3,50,1236224,9,551,74,0,2,,,,,,,,,,
2026-06-21T03:37:15.159223+00:00,S028,commissioning_unmounted,false,phase_asymmetry,mild,1100,phase_asymmetry-mild_horizontal_no_load_1100rpm,2689185,1103,271,1946,2561,5,50,1236268,9,551,75,0,2,,,,,,,,,,
2026-06-21T03:37:15.252747+00:00,S028,commissioning_unmounted,false,phase_asymmetry,mild,1100,phase_asymmetry-mild_horizontal_no_load_1100rpm,2689285,1102,268,1949,2557,6,50,1236312,9,551,75,0,2,,,,,,,,,,
2026-06-21T03:37:15.345731+00:00,S028,commissioning_unmounted,false,phase_asymmetry,mild,1100,phase_asymmetry-mild_horizontal_no_load_1100rpm,2689385,1102,269,1951,2563,3,50,1236356,9,551,74,1,2,,,,,,,,,,
2026-06-21T03:37:15.439904+00:00,S028,commissioning_unmounted,false,phase_asymmetry,mild,1100,phase_asymmetry-mild_horizontal_no_load_1100rpm,2689485,1102,266,1955,2560,5,50,1236400,9,551,75,0,2,,,,,,,,,,
2026-06-21T03:37:15.532744+00:00,S028,commissioning_unmounted,false,phase_asymmetry,mild,1100,phase_asymmetry-mild_horizontal_no_load_1100rpm,2689585,1102,271,1949,2565,6,50,1236444,9,551,74,2,2,,,,,,,,,,
2026-06-21T03:37:15.626423+00:00,S028,commissioning_unmounted,false,phase_asymmetry,mild,1100,phase_asymmetry-mild_horizontal_no_load_1100rpm,2689685,1102,267,1949,2555,3,50,1236488,9,551,74,1,2,,,,,,,,,,
2026-06-21T03:37:15.720662+00:00,S028,commissioning_unmounted,false,phase_asymmetry,mild,1100,phase_asymmetry-mild_horizontal_no_load_1100rpm,2689785,1103,270,1946,2558,4,50,1236533,9,551,75,1,2,,,,,,,,,,
2026-06-21T03:37:15.813549+00:00,S028,commissioning_unmounted,false,phase_asymmetry,mild,1100,phase_asymmetry-mild_horizontal_no_load_1100rpm,2689885,1102,269,1951,2563,2,50,1236577,9,551,75,0,2,,,,,,,,,,
2026-06-21T03:37:15.955523+00:00,S028,commissioning_unmounted,false,phase_asymmetry,mild,1100,phase_asymmetry-mild_horizontal_no_load_1100rpm,2689985,1102,268,1954,2563,1,50,1236621,9,551,75,0,3,,,,,,,,,,
2026-06-21T03:37:16.047824+00:00,S028,commissioning_unmounted,false,phase_asymmetry,mild,1100,phase_asymmetry-mild_horizontal_no_load_1100rpm,2690085,1102,269,1949,2560,4,50,1236665,9,551,74,0,2,,,,,,,,,,
2026-06-21T03:37:16.141197+00:00,S028,commissioning_unmounted,false,phase_asymmetry,mild,1100,phase_asymmetry-mild_horizontal_no_load_1100rpm,2690185,1101,271,1952,2568,2,50,1236709,9,551,75,1,2,,,,,,,,,,
2026-06-21T03:37:16.234701+00:00,S028,commissioning_unmounted,false,phase_asymmetry,mild,1100,phase_asymmetry-mild_horizontal_no_load_1100rpm,2690285,1102,269,1946,2558,1,50,1236753,9,551,74,1,2,,,,,,,,,,
2026-06-21T03:37:16.329086+00:00,S028,commissioning_unmounted,false,phase_asymmetry,mild,1100,phase_asymmetry-mild_horizontal_no_load_1100rpm,2690385,1103,267,1956,2563,4,50,1236797,9,551,75,0,1,,,,,,,,,,
2026-06-21T03:37:16.422881+00:00,S028,commissioning_unmounted,false,phase_asymmetry,mild,1100,phase_asymmetry-mild_horizontal_no_load_1100rpm,2690485,1102,272,1947,2564,2,50,1236841,9,551,74,0,1,,,,,,,,,,
2026-06-21T03:37:16.516124+00:00,S028,commissioning_unmounted,false,phase_asymmetry,mild,1100,phase_asymmetry-mild_horizontal_no_load_1100rpm,2690585,1102,268,1947,2555,1,50,1236885,9,551,74,1,2,,,,,,,,,,
2026-06-21T03:37:16.670394+00:00,S028,commissioning_unmounted,false,phase_asymmetry,mild,1100,phase_asymmetry-mild_horizontal_no_load_1100rpm,2690685,1103,270,1948,2561,4,50,1236929,9,551,75,0,2,,,,,,,,,,
2026-06-21T03:37:16.716692+00:00,S028,commissioning_unmounted,false,phase_asymmetry,mild,1100,phase_asymmetry-mild_horizontal_no_load_1100rpm,2690785,1102,268,1955,2563,3,50,1236974,9,551,74,1,1,,,,,,,,,,
2026-06-21T03:37:16.810319+00:00,S028,commissioning_unmounted,false,phase_asymmetry,mild,1100,phase_asymmetry-mild_horizontal_no_load_1100rpm,2690885,1101,269,1949,2561,5,50,1237018,9,551,74,1,1,,,,,,,,,,
2026-06-21T03:37:16.950178+00:00,S028,commissioning_unmounted,false,phase_asymmetry,mild,1100,phase_asymmetry-mild_horizontal_no_load_1100rpm,2690985,1102,270,1949,2563,6,50,1237062,9,551,75,1,2,,,,,,,,,,
2026-06-21T03:37:17.043025+00:00,S028,commissioning_unmounted,false,phase_asymmetry,mild,1100,phase_asymmetry-mild_horizontal_no_load_1100rpm,2691085,1102,270,1948,2561,3,50,1237106,9,551,74,0,2,,,,,,,,,,
2026-06-21T03:37:17.136015+00:00,S028,commissioning_unmounted,false,phase_asymmetry,mild,1100,phase_asymmetry-mild_horizontal_no_load_1100rpm,2691185,1101,269,1949,2560,5,50,1237150,9,551,74,0,2,,,,,,,,,,
2026-06-21T03:37:17.228225+00:00,S028,commissioning_unmounted,false,phase_asymmetry,mild,1100,phase_asymmetry-mild_horizontal_no_load_1100rpm,2691285,1104,268,1946,2553,6,50,1237194,9,551,75,0,2,,,,,,,,,,
2026-06-21T03:37:17.321599+00:00,S028,commissioning_unmounted,false,phase_asymmetry,mild,1100,phase_asymmetry-mild_horizontal_no_load_1100rpm,2691385,1102,266,1957,2561,3,50,1237238,9,551,74,0,2,,,,,,,,,,
2026-06-21T03:37:17.415097+00:00,S028,commissioning_unmounted,false,phase_asymmetry,mild,1100,phase_asymmetry-mild_horizontal_no_load_1100rpm,2691485,1102,267,1957,2563,5,50,1237282,9,551,74,2,2,,,,,,,,,,
2026-06-21T03:37:17.508755+00:00,S028,commissioning_unmounted,false,phase_asymmetry,mild,1100,phase_asymmetry-mild_horizontal_no_load_1100rpm,2691585,1102,272,1943,2561,6,50,1237326,9,551,75,1,2,,,,,,,,,,
2026-06-21T03:37:17.650905+00:00,S028,commissioning_unmounted,false,phase_asymmetry,mild,1100,phase_asymmetry-mild_horizontal_no_load_1100rpm,2691685,1100,265,1960,2563,3,50,1237370,9,551,74,1,2,,,,,,,,,,
2026-06-21T03:37:17.743642+00:00,S028,commissioning_unmounted,false,phase_asymmetry,mild,1100,phase_asymmetry-mild_horizontal_no_load_1100rpm,2691785,1102,265,1957,2558,4,50,1237415,9,551,74,0,2,,,,,,,,,,
2026-06-21T03:37:17.837201+00:00,S028,commissioning_unmounted,false,phase_asymmetry,mild,1100,phase_asymmetry-mild_horizontal_no_load_1100rpm,2691885,1102,267,1954,2561,2,50,1237459,9,551,74,0,1,,,,,,,,,,
2026-06-21T03:37:17.931757+00:00,S028,commissioning_unmounted,false,phase_asymmetry,mild,1100,phase_asymmetry-mild_horizontal_no_load_1100rpm,2691985,1102,270,1952,2566,1,50,1237503,9,551,75,0,3,,,,,,,,,,
2026-06-21T03:37:18.024957+00:00,S028,commissioning_unmounted,false,phase_asymmetry,mild,1100,phase_asymmetry-mild_horizontal_no_load_1100rpm,2692085,1103,269,1951,2561,4,50,1237547,9,551,75,1,2,,,,,,,,,,
2026-06-21T03:37:18.118393+00:00,S028,commissioning_unmounted,false,phase_asymmetry,mild,1100,phase_asymmetry-mild_horizontal_no_load_1100rpm,2692185,1102,267,1954,2560,2,50,1237591,9,551,75,0,2,,,,,,,,,,
2026-06-21T03:37:18.212103+00:00,S028,commissioning_unmounted,false,phase_asymmetry,mild,1100,phase_asymmetry-mild_horizontal_no_load_1100rpm,2692285,1102,269,1952,2563,1,50,1237635,9,551,75,0,2,,,,,,,,,,
2026-06-21T03:37:18.306234+00:00,S028,commissioning_unmounted,false,phase_asymmetry,mild,1100,phase_asymmetry-mild_horizontal_no_load_1100rpm,2692385,1103,267,1951,2558,4,50,1237679,9,551,74,0,2,,,,,,,,,,
2026-06-21T03:37:18.447330+00:00,S028,commissioning_unmounted,false,phase_asymmetry,mild,1100,phase_asymmetry-mild_horizontal_no_load_1100rpm,2692485,1102,268,1954,2563,2,50,1237723,9,551,75,0,2,,,,,,,,,,
2026-06-21T03:37:18.541823+00:00,S028,commissioning_unmounted,false,phase_asymmetry,mild,1100,phase_asymmetry-mild_horizontal_no_load_1100rpm,2692585,1102,269,1952,2563,1,50,1237767,9,551,74,0,2,,,,,,,,,,
2026-06-21T03:37:18.624760+00:00,S028,commissioning_unmounted,false,phase_asymmetry,mild,1100,phase_asymmetry-mild_horizontal_no_load_1100rpm,2692685,1103,268,1952,2560,6,50,1237812,9,551,75,0,2,,,,,,,,,,
2026-06-21T03:37:18.728706+00:00,S028,commissioning_unmounted,false,phase_asymmetry,mild,1100,phase_asymmetry-mild_horizontal_no_load_1100rpm,2692785,1103,267,1951,2558,3,50,1237856,9,551,75,1,2,,,,,,,,,,
2026-06-21T03:37:18.820629+00:00,S028,commissioning_unmounted,false,phase_asymmetry,mild,1100,phase_asymmetry-mild_horizontal_no_load_1100rpm,2692886,1102,270,1946,2560,5,50,1237900,9,551,75,0,2,,,,,,,,,,
2026-06-21T03:37:18.915419+00:00,S028,commissioning_unmounted,false,phase_asymmetry,mild,1100,phase_asymmetry-mild_horizontal_no_load_1100rpm,2692986,1102,269,1949,2560,6,50,1237944,9,551,74,0,2,,,,,,,,,,
2026-06-21T03:37:19.007850+00:00,S028,commissioning_unmounted,false,phase_asymmetry,mild,1100,phase_asymmetry-mild_horizontal_no_load_1100rpm,2693086,1102,268,1955,2563,3,50,1237988,9,551,74,0,2,,,,,,,,,,
2026-06-21T03:37:19.149786+00:00,S028,commissioning_unmounted,false,phase_asymmetry,mild,1100,phase_asymmetry-mild_horizontal_no_load_1100rpm,2693186,1102,269,1946,2558,5,50,1238032,9,551,75,1,2,,,,,,,,,,
2026-06-21T03:37:19.243914+00:00,S028,commissioning_unmounted,false,phase_asymmetry,mild,1100,phase_asymmetry-mild_horizontal_no_load_1100rpm,2693286,1102,268,1954,2563,6,50,1238076,9,551,74,0,1,,,,,,,,,,
2026-06-21T03:37:19.334493+00:00,S028,commissioning_unmounted,false,phase_asymmetry,mild,1100,phase_asymmetry-mild_horizontal_no_load_1100rpm,2693386,1103,272,1946,2563,3,50,1238120,9,551,75,1,2,,,,,,,,,,
2026-06-21T03:37:19.429566+00:00,S028,commissioning_unmounted,false,phase_asymmetry,mild,1100,phase_asymmetry-mild_horizontal_no_load_1100rpm,2693486,1102,267,1946,2553,5,50,1238164,9,551,74,1,1,,,,,,,,,,
2026-06-21T03:37:19.524070+00:00,S028,commissioning_unmounted,false,phase_asymmetry,mild,1100,phase_asymmetry-mild_horizontal_no_load_1100rpm,2693586,1102,267,1956,2563,2,50,1238209,9,551,74,0,2,,,,,,,,,,
2026-06-21T03:37:19.617010+00:00,S028,commissioning_unmounted,false,phase_asymmetry,mild,1100,phase_asymmetry-mild_horizontal_no_load_1100rpm,2693686,1102,270,1947,2560,1,50,1238253,9,551,74,0,2,,,,,,,,,,
2026-06-21T03:37:19.710574+00:00,S028,commissioning_unmounted,false,phase_asymmetry,mild,1100,phase_asymmetry-mild_horizontal_no_load_1100rpm,2693786,1103,269,1954,2564,4,50,1238297,9,551,75,0,1,,,,,,,,,,
2026-06-21T03:37:19.805302+00:00,S028,commissioning_unmounted,false,phase_asymmetry,mild,1100,phase_asymmetry-mild_horizontal_no_load_1100rpm,2693886,1102,270,1946,2558,2,50,1238341,9,551,75,0,2,,,,,,,,,,
2026-06-21T03:37:19.944720+00:00,S028,commissioning_unmounted,false,phase_asymmetry,mild,1100,phase_asymmetry-mild_horizontal_no_load_1100rpm,2693986,1102,267,1954,2560,1,50,1238385,9,551,74,1,2,,,,,,,,,,
2026-06-21T03:37:20.038119+00:00,S028,commissioning_unmounted,false,phase_asymmetry,mild,1100,phase_asymmetry-mild_horizontal_no_load_1100rpm,2694086,1102,268,1954,2563,4,50,1238429,9,551,75,1,3,,,,,,,,,,
2026-06-21T03:37:20.131753+00:00,S028,commissioning_unmounted,false,phase_asymmetry,mild,1100,phase_asymmetry-mild_horizontal_no_load_1100rpm,2694186,1103,267,1956,2563,2,50,1238473,9,551,75,1,2,,,,,,,,,,
2026-06-21T03:37:20.226198+00:00,S028,commissioning_unmounted,false,phase_asymmetry,mild,1100,phase_asymmetry-mild_horizontal_no_load_1100rpm,2694286,1102,269,1949,2560,1,50,1238517,9,551,75,1,2,,,,,,,,,,
2026-06-21T03:37:20.320837+00:00,S028,commissioning_unmounted,false,phase_asymmetry,mild,1100,phase_asymmetry-mild_horizontal_no_load_1100rpm,2694386,1102,268,1952,2560,4,50,1238561,9,551,74,1,2,,,,,,,,,,
2026-06-21T03:37:20.414662+00:00,S028,commissioning_unmounted,false,phase_asymmetry,mild,1100,phase_asymmetry-mild_horizontal_no_load_1100rpm,2694486,1102,271,1946,2561,3,50,1238606,9,551,74,0,2,,,,,,,,,,
2026-06-21T03:37:20.508525+00:00,S028,commissioning_unmounted,false,phase_asymmetry,mild,1100,phase_asymmetry-mild_horizontal_no_load_1100rpm,2694586,1103,270,1947,2561,5,50,1238650,9,551,75,0,2,,,,,,,,,,
2026-06-21T03:37:20.602103+00:00,S028,commissioning_unmounted,false,phase_asymmetry,mild,1100,phase_asymmetry-mild_horizontal_no_load_1100rpm,2694686,1102,269,1949,2560,6,50,1238694,9,551,75,1,2,,,,,,,,,,
2026-06-21T03:37:20.742785+00:00,S028,commissioning_unmounted,false,phase_asymmetry,mild,1100,phase_asymmetry-mild_horizontal_no_load_1100rpm,2694786,1104,269,1948,2558,3,50,1238738,9,551,74,0,2,,,,,,,,,,
2026-06-21T03:37:20.835678+00:00,S028,commissioning_unmounted,false,phase_asymmetry,mild,1100,phase_asymmetry-mild_horizontal_no_load_1100rpm,2694886,1103,271,1946,2561,5,50,1238782,9,551,75,1,2,,,,,,,,,,
2026-06-21T03:37:20.928956+00:00,S028,commissioning_unmounted,false,phase_asymmetry,mild,1100,phase_asymmetry-mild_horizontal_no_load_1100rpm,2694986,1102,272,1946,2564,6,50,1238826,9,551,75,1,2,,,,,,,,,,
2026-06-21T03:37:21.022795+00:00,S028,commissioning_unmounted,false,phase_asymmetry,mild,1100,phase_asymmetry-mild_horizontal_no_load_1100rpm,2695086,1102,270,1949,2563,3,50,1238870,9,551,75,0,2,,,,,,,,,,
2026-06-21T03:37:21.117267+00:00,S028,commissioning_unmounted,false,phase_asymmetry,mild,1100,phase_asymmetry-mild_horizontal_no_load_1100rpm,2695186,1103,267,1957,2563,5,50,1238914,9,551,74,0,1,,,,,,,,,,
2026-06-21T03:37:21.209791+00:00,S028,commissioning_unmounted,false,phase_asymmetry,mild,1100,phase_asymmetry-mild_horizontal_no_load_1100rpm,2695286,1102,268,1954,2563,6,50,1238958,9,551,74,1,2,,,,,,,,,,
2026-06-21T03:37:21.303275+00:00,S028,commissioning_unmounted,false,phase_asymmetry,mild,1100,phase_asymmetry-mild_horizontal_no_load_1100rpm,2695386,1102,271,1947,2563,3,50,1239002,9,551,75,1,3,,,,,,,,,,
2026-06-21T03:37:21.443527+00:00,S028,commissioning_unmounted,false,phase_asymmetry,mild,1100,phase_asymmetry-mild_horizontal_no_load_1100rpm,2695486,1103,270,1946,2558,4,50,1239047,9,551,74,0,1,,,,,,,,,,
2026-06-21T03:37:21.536691+00:00,S028,commissioning_unmounted,false,phase_asymmetry,mild,1100,phase_asymmetry-mild_horizontal_no_load_1100rpm,2695586,1102,267,1957,2563,2,50,1239091,9,551,74,0,2,,,,,,,,,,
2026-06-21T03:37:21.631889+00:00,S028,commissioning_unmounted,false,phase_asymmetry,mild,1100,phase_asymmetry-mild_horizontal_no_load_1100rpm,2695686,1102,273,1944,2563,1,50,1239135,9,551,74,0,2,,,,,,,,,,
2026-06-21T03:37:21.724646+00:00,S028,commissioning_unmounted,false,phase_asymmetry,mild,1100,phase_asymmetry-mild_horizontal_no_load_1100rpm,2695786,1102,269,1952,2563,4,50,1239179,9,551,74,0,2,,,,,,,,,,
2026-06-21T03:37:21.817160+00:00,S028,commissioning_unmounted,false,phase_asymmetry,mild,1100,phase_asymmetry-mild_horizontal_no_load_1100rpm,2695886,1102,267,1957,2563,2,50,1239223,9,551,75,0,2,,,,,,,,,,
2026-06-21T03:37:21.911501+00:00,S028,commissioning_unmounted,false,phase_asymmetry,mild,1100,phase_asymmetry-mild_horizontal_no_load_1100rpm,2695986,1102,269,1946,2558,1,50,1239267,9,551,75,1,2,,,,,,,,,,
2026-06-21T03:37:22.005758+00:00,S028,commissioning_unmounted,false,phase_asymmetry,mild,1100,phase_asymmetry-mild_horizontal_no_load_1100rpm,2696086,1103,269,1951,2561,4,50,1239311,9,551,75,0,1,,,,,,,,,,
2026-06-21T03:37:22.099358+00:00,S028,commissioning_unmounted,false,phase_asymmetry,mild,1100,phase_asymmetry-mild_horizontal_no_load_1100rpm,2696186,1101,273,1946,2566,2,50,1239355,9,551,76,0,2,,,,,,,,,,
2026-06-21T03:37:22.238711+00:00,S028,commissioning_unmounted,false,phase_asymmetry,mild,1100,phase_asymmetry-mild_horizontal_no_load_1100rpm,2696286,1103,268,1947,2556,1,50,1239399,9,551,75,0,2,,,,,,,,,,
2026-06-21T03:37:22.330165+00:00,S028,commissioning_unmounted,false,phase_asymmetry,mild,1100,phase_asymmetry-mild_horizontal_no_load_1100rpm,2696386,1102,270,1949,2563,6,50,1239444,9,551,74,0,2,,,,,,,,,,
2026-06-21T03:37:22.424624+00:00,S028,commissioning_unmounted,false,phase_asymmetry,mild,1100,phase_asymmetry-mild_horizontal_no_load_1100rpm,2696486,1103,273,1943,2563,3,50,1239488,9,551,75,0,2,,,,,,,,,,
2026-06-21T03:37:22.518364+00:00,S028,commissioning_unmounted,false,phase_asymmetry,mild,1100,phase_asymmetry-mild_horizontal_no_load_1100rpm,2696586,1103,269,1947,2558,5,50,1239532,9,551,75,0,2,,,,,,,,,,
2026-06-21T03:37:22.611776+00:00,S028,commissioning_unmounted,false,phase_asymmetry,mild,1100,phase_asymmetry-mild_horizontal_no_load_1100rpm,2696686,1103,269,1951,2561,6,50,1239576,9,551,74,1,1,,,,,,,,,,
2026-06-21T03:37:22.704645+00:00,S028,commissioning_unmounted,false,phase_asymmetry,mild,1100,phase_asymmetry-mild_horizontal_no_load_1100rpm,2696786,1102,268,1952,2560,3,50,1239620,9,551,74,1,2,,,,,,,,,,
2026-06-21T03:37:22.796987+00:00,S028,commissioning_unmounted,false,phase_asymmetry,mild,1100,phase_asymmetry-mild_horizontal_no_load_1100rpm,2696886,1103,269,1946,2556,5,50,1239664,9,551,74,0,2,,,,,,,,,,
2026-06-21T03:37:22.937420+00:00,S028,commissioning_unmounted,false,phase_asymmetry,mild,1100,phase_asymmetry-mild_horizontal_no_load_1100rpm,2696986,1102,272,1949,2566,6,50,1239708,9,551,75,0,2,,,,,,,,,,
2026-06-21T03:37:23.046812+00:00,S028,commissioning_unmounted,false,phase_asymmetry,mild,1100,phase_asymmetry-mild_horizontal_no_load_1100rpm,2697086,1101,270,1952,2565,3,50,1239752,9,551,74,0,2,,,,,,,,,,
2026-06-21T03:37:23.093602+00:00,S028,commissioning_unmounted,false,phase_asymmetry,mild,1100,phase_asymmetry-mild_horizontal_no_load_1100rpm,2697186,1101,268,1948,2558,4,50,1239797,9,551,74,1,2,,,,,,,,,,
2026-06-21T03:37:23.234091+00:00,S028,commissioning_unmounted,false,phase_asymmetry,mild,1100,phase_asymmetry-mild_horizontal_no_load_1100rpm,2697286,1102,268,1952,2560,2,50,1239841,9,551,75,1,2,,,,,,,,,,
2026-06-21T03:37:23.343089+00:00,S028,commissioning_unmounted,false,phase_asymmetry,mild,1100,phase_asymmetry-mild_horizontal_no_load_1100rpm,2697386,1102,266,1949,2553,1,50,1239885,9,551,74,1,2,,,,,,,,,,
2026-06-21T03:37:23.422608+00:00,S028,commissioning_unmounted,false,phase_asymmetry,mild,1100,phase_asymmetry-mild_horizontal_no_load_1100rpm,2697486,1102,269,1949,2560,4,50,1239929,9,551,74,1,1,,,,,,,,,,
2026-06-21T03:37:23.517606+00:00,S028,commissioning_unmounted,false,phase_asymmetry,mild,1100,phase_asymmetry-mild_horizontal_no_load_1100rpm,2697586,1102,270,1949,2561,2,50,1239973,9,551,74,0,2,,,,,,,,,,
2026-06-21T03:37:23.610224+00:00,S028,commissioning_unmounted,false,phase_asymmetry,mild,1100,phase_asymmetry-mild_horizontal_no_load_1100rpm,2697686,1102,269,1949,2560,1,50,1240017,9,551,75,1,2,,,,,,,,,,
2026-06-21T03:37:23.702571+00:00,S028,commissioning_unmounted,false,phase_asymmetry,mild,1100,phase_asymmetry-mild_horizontal_no_load_1100rpm,2697786,1102,268,1954,2563,4,50,1240061,9,551,74,1,2,,,,,,,,,,
2026-06-21T03:37:23.796665+00:00,S028,commissioning_unmounted,false,phase_asymmetry,mild,1100,phase_asymmetry-mild_horizontal_no_load_1100rpm,2697886,1102,268,1947,2555,2,50,1240105,9,551,74,1,2,,,,,,,,,,
2026-06-21T03:37:23.905670+00:00,S028,commissioning_unmounted,false,phase_asymmetry,mild,1100,phase_asymmetry-mild_horizontal_no_load_1100rpm,2697986,1103,265,1959,2561,1,50,1240149,9,551,75,1,2,,,,,,,,,,
2026-06-21T03:37:24.045518+00:00,S028,commissioning_unmounted,false,phase_asymmetry,mild,1100,phase_asymmetry-mild_horizontal_no_load_1100rpm,2698086,1102,268,1952,2560,4,50,1240193,9,551,75,1,2,,,,,,,,,,
2026-06-21T03:37:24.092028+00:00,S028,commissioning_unmounted,false,phase_asymmetry,mild,1100,phase_asymmetry-mild_horizontal_no_load_1100rpm,2698186,1103,272,1946,2563,3,50,1240238,9,551,75,0,2,,,,,,,,,,
2026-06-21T03:37:24.231018+00:00,S028,commissioning_unmounted,false,phase_asymmetry,mild,1100,phase_asymmetry-mild_horizontal_no_load_1100rpm,2698286,1102,271,1946,2561,5,50,1240282,9,551,75,0,2,,,,,,,,,,
2026-06-21T03:37:24.325510+00:00,S028,commissioning_unmounted,false,phase_asymmetry,mild,1100,phase_asymmetry-mild_horizontal_no_load_1100rpm,2698386,1102,270,1947,2560,6,50,1240326,9,551,75,1,2,,,,,,,,,,
2026-06-21T03:37:24.418826+00:00,S028,commissioning_unmounted,false,phase_asymmetry,mild,1100,phase_asymmetry-mild_horizontal_no_load_1100rpm,2698486,1102,270,1951,2563,3,50,1240370,9,551,75,0,3,,,,,,,,,,
2026-06-21T03:37:24.511768+00:00,S028,commissioning_unmounted,false,phase_asymmetry,mild,1100,phase_asymmetry-mild_horizontal_no_load_1100rpm,2698586,1102,268,1954,2563,5,50,1240414,9,551,75,1,2,,,,,,,,,,
2026-06-21T03:37:24.604572+00:00,S028,commissioning_unmounted,false,phase_asymmetry,mild,1100,phase_asymmetry-mild_horizontal_no_load_1100rpm,2698686,1102,268,1949,2558,6,50,1240458,9,551,75,0,2,,,,,,,,,,
2026-06-21T03:37:24.697183+00:00,S028,commissioning_unmounted,false,phase_asymmetry,mild,1100,phase_asymmetry-mild_horizontal_no_load_1100rpm,2698786,1103,266,1957,2560,3,50,1240502,9,551,74,0,1,,,,,,,,,,
2026-06-21T03:37:24.788424+00:00,S028,commissioning_unmounted,false,phase_asymmetry,mild,1100,phase_asymmetry-mild_horizontal_no_load_1100rpm,2698886,1103,268,1946,2555,5,50,1240546,9,551,75,0,2,,,,,,,,,,
2026-06-21T03:37:24.929212+00:00,S028,commissioning_unmounted,false,phase_asymmetry,mild,1100,phase_asymmetry-mild_horizontal_no_load_1100rpm,2698986,1102,269,1949,2560,6,50,1240590,9,551,74,1,2,,,,,,,,,,
2026-06-21T03:37:25.023637+00:00,S028,commissioning_unmounted,false,phase_asymmetry,mild,1100,phase_asymmetry-mild_horizontal_no_load_1100rpm,2699086,1102,270,1947,2560,1,50,1240635,9,551,74,1,2,,,,,,,,,,
2026-06-21T03:37:25.118832+00:00,S028,commissioning_unmounted,false,phase_asymmetry,mild,1100,phase_asymmetry-mild_horizontal_no_load_1100rpm,2699186,1103,267,1949,2555,4,50,1240679,9,551,74,0,2,,,,,,,,,,
2026-06-21T03:37:25.212408+00:00,S028,commissioning_unmounted,false,phase_asymmetry,mild,1100,phase_asymmetry-mild_horizontal_no_load_1100rpm,2699286,1103,270,1951,2563,2,50,1240723,9,551,75,0,1,,,,,,,,,,
2026-06-21T03:37:25.305556+00:00,S028,commissioning_unmounted,false,phase_asymmetry,mild,1100,phase_asymmetry-mild_horizontal_no_load_1100rpm,2699386,1103,267,1954,2560,1,50,1240767,9,551,74,0,1,,,,,,,,,,
2026-06-21T03:37:25.401758+00:00,S028,commissioning_unmounted,false,phase_asymmetry,mild,1100,phase_asymmetry-mild_horizontal_no_load_1100rpm,2699486,1103,272,1943,2561,4,50,1240811,9,551,75,0,2,,,,,,,,,,
2026-06-21T03:37:25.494784+00:00,S028,commissioning_unmounted,false,phase_asymmetry,mild,1100,phase_asymmetry-mild_horizontal_no_load_1100rpm,2699586,1102,271,1949,2565,2,50,1240855,9,551,75,1,2,,,,,,,,,,
2026-06-21T03:37:25.588805+00:00,S028,commissioning_unmounted,false,phase_asymmetry,mild,1100,phase_asymmetry-mild_horizontal_no_load_1100rpm,2699686,1101,269,1954,2566,1,50,1240899,9,551,75,1,2,,,,,,,,,,
2026-06-21T03:37:25.727783+00:00,S028,commissioning_unmounted,false,phase_asymmetry,mild,1100,phase_asymmetry-mild_horizontal_no_load_1100rpm,2699786,1102,268,1954,2563,4,50,1240943,9,551,74,0,1,,,,,,,,,,
2026-06-21T03:37:25.821813+00:00,S028,commissioning_unmounted,false,phase_asymmetry,mild,1100,phase_asymmetry-mild_horizontal_no_load_1100rpm,2699886,1102,269,1952,2563,3,50,1240988,9,551,74,0,2,,,,,,,,,,
2026-06-21T03:37:25.914435+00:00,S028,commissioning_unmounted,false,phase_asymmetry,mild,1100,phase_asymmetry-mild_horizontal_no_load_1100rpm,2699986,1103,268,1951,2560,5,50,1241032,9,551,74,0,1,,,,,,,,,,
2026-06-21T03:37:26.004319+00:00,S028,commissioning_unmounted,false,phase_asymmetry,mild,1100,phase_asymmetry-mild_horizontal_no_load_1100rpm,2700086,1103,271,1946,2560,6,50,1241076,9,551,75,0,2,,,,,,,,,,
2026-06-21T03:37:26.097776+00:00,S028,commissioning_unmounted,false,phase_asymmetry,mild,1100,phase_asymmetry-mild_horizontal_no_load_1100rpm,2700186,1102,271,1947,2563,3,50,1241120,9,551,74,0,2,,,,,,,,,,
2026-06-21T03:37:26.191205+00:00,S028,commissioning_unmounted,false,phase_asymmetry,mild,1100,phase_asymmetry-mild_horizontal_no_load_1100rpm,2700286,1102,269,1947,2558,5,50,1241164,9,551,75,1,3,,,,,,,,,,
2026-06-21T03:37:26.285424+00:00,S028,commissioning_unmounted,false,phase_asymmetry,mild,1100,phase_asymmetry-mild_horizontal_no_load_1100rpm,2700386,1102,266,1952,2556,6,50,1241208,9,551,74,0,2,,,,,,,,,,
2026-06-21T03:37:26.425869+00:00,S028,commissioning_unmounted,false,phase_asymmetry,mild,1100,phase_asymmetry-mild_horizontal_no_load_1100rpm,2700486,1103,270,1946,2558,3,50,1241252,9,551,75,0,2,,,,,,,,,,
2026-06-21T03:37:26.521510+00:00,S028,commissioning_unmounted,false,phase_asymmetry,mild,1100,phase_asymmetry-mild_horizontal_no_load_1100rpm,2700586,1102,269,1949,2560,5,50,1241296,9,551,75,0,2,,,,,,,,,,
2026-06-21T03:37:26.615981+00:00,S028,commissioning_unmounted,false,phase_asymmetry,mild,1100,phase_asymmetry-mild_horizontal_no_load_1100rpm,2700686,1103,269,1949,2560,6,50,1241340,9,551,75,0,2,,,,,,,,,,
2026-06-21T03:37:26.707648+00:00,S028,commissioning_unmounted,false,phase_asymmetry,mild,1100,phase_asymmetry-mild_horizontal_no_load_1100rpm,2700786,1102,270,1947,2560,1,50,1241385,9,551,75,0,2,,,,,,,,,,
2026-06-21T03:37:26.801579+00:00,S028,commissioning_unmounted,false,phase_asymmetry,mild,1100,phase_asymmetry-mild_horizontal_no_load_1100rpm,2700886,1101,267,1957,2563,4,50,1241429,9,551,75,1,2,,,,,,,,,,
2026-06-21T03:37:26.895881+00:00,S028,commissioning_unmounted,false,phase_asymmetry,mild,1100,phase_asymmetry-mild_horizontal_no_load_1100rpm,2700986,1102,269,1946,2558,2,50,1241473,9,551,74,1,2,,,,,,,,,,
2026-06-21T03:37:26.991049+00:00,S028,commissioning_unmounted,false,phase_asymmetry,mild,1100,phase_asymmetry-mild_horizontal_no_load_1100rpm,2701086,1102,269,1946,2558,1,50,1241517,9,551,74,1,2,,,,,,,,,,
2026-06-21T03:37:27.131659+00:00,S028,commissioning_unmounted,false,phase_asymmetry,mild,1100,phase_asymmetry-mild_horizontal_no_load_1100rpm,2701186,1102,271,1946,2561,4,50,1241561,9,551,75,0,2,,,,,,,,,,
2026-06-21T03:37:27.226265+00:00,S028,commissioning_unmounted,false,phase_asymmetry,mild,1100,phase_asymmetry-mild_horizontal_no_load_1100rpm,2701286,1103,267,1946,2553,2,50,1241605,9,551,74,0,1,,,,,,,,,,
2026-06-21T03:37:27.318349+00:00,S028,commissioning_unmounted,false,phase_asymmetry,mild,1100,phase_asymmetry-mild_horizontal_no_load_1100rpm,2701386,1103,272,1943,2561,1,50,1241649,9,551,75,0,3,,,,,,,,,,
2026-06-21T03:37:27.411795+00:00,S028,commissioning_unmounted,false,phase_asymmetry,mild,1100,phase_asymmetry-mild_horizontal_no_load_1100rpm,2701486,1102,268,1954,2563,4,50,1241693,9,551,74,1,2,,,,,,,,,,
2026-06-21T03:37:27.506753+00:00,S028,commissioning_unmounted,false,phase_asymmetry,mild,1100,phase_asymmetry-mild_horizontal_no_load_1100rpm,2701586,1102,269,1952,2563,2,50,1241737,9,551,74,1,2,,,,,,,,,,
2026-06-21T03:37:27.599066+00:00,S028,commissioning_unmounted,false,phase_asymmetry,mild,1100,phase_asymmetry-mild_horizontal_no_load_1100rpm,2701686,1102,265,1960,2561,5,50,1241782,9,551,74,1,2,,,,,,,,,,
2026-06-21T03:37:27.693693+00:00,S028,commissioning_unmounted,false,phase_asymmetry,mild,1100,phase_asymmetry-mild_horizontal_no_load_1100rpm,2701786,1102,269,1951,2561,6,50,1241826,9,551,74,1,2,,,,,,,,,,
2026-06-21T03:37:27.788546+00:00,S028,commissioning_unmounted,false,phase_asymmetry,mild,1100,phase_asymmetry-mild_horizontal_no_load_1100rpm,2701886,1102,268,1946,2555,3,50,1241870,9,551,74,1,2,,,,,,,,,,
2026-06-21T03:37:27.882161+00:00,S028,commissioning_unmounted,false,phase_asymmetry,mild,1100,phase_asymmetry-mild_horizontal_no_load_1100rpm,2701986,1102,269,1946,2558,5,50,1241914,9,551,75,1,2,,,,,,,,,,
2026-06-21T03:37:28.022251+00:00,S028,commissioning_unmounted,false,phase_asymmetry,mild,1100,phase_asymmetry-mild_horizontal_no_load_1100rpm,2702086,1103,267,1949,2555,6,50,1241958,9,551,74,1,2,,,,,,,,,,
2026-06-21T03:37:28.114446+00:00,S028,commissioning_unmounted,false,phase_asymmetry,mild,1100,phase_asymmetry-mild_horizontal_no_load_1100rpm,2702186,1102,268,1954,2563,3,50,1242002,9,551,74,1,2,,,,,,,,,,
2026-06-21T03:37:28.209299+00:00,S028,commissioning_unmounted,false,phase_asymmetry,mild,1100,phase_asymmetry-mild_horizontal_no_load_1100rpm,2702286,1102,271,1946,2561,5,50,1242046,9,551,75,0,2,,,,,,,,,,
2026-06-21T03:37:28.303185+00:00,S028,commissioning_unmounted,false,phase_asymmetry,mild,1100,phase_asymmetry-mild_horizontal_no_load_1100rpm,2702386,1102,267,1956,2563,6,50,1242090,9,551,74,1,2,,,,,,,,,,
2026-06-21T03:37:28.396460+00:00,S028,commissioning_unmounted,false,phase_asymmetry,mild,1100,phase_asymmetry-mild_horizontal_no_load_1100rpm,2702486,1102,269,1947,2558,3,50,1242134,9,551,75,1,2,,,,,,,,,,
2026-06-21T03:37:28.489307+00:00,S028,commissioning_unmounted,false,phase_asymmetry,mild,1100,phase_asymmetry-mild_horizontal_no_load_1100rpm,2702586,1102,269,1949,2560,4,50,1242179,9,551,74,0,2,,,,,,,,,,
2026-06-21T03:37:28.580277+00:00,S028,commissioning_unmounted,false,phase_asymmetry,mild,1100,phase_asymmetry-mild_horizontal_no_load_1100rpm,2702686,1103,267,1957,2563,2,50,1242223,9,551,75,0,2,,,,,,,,,,
2026-06-21T03:37:28.718885+00:00,S028,commissioning_unmounted,false,phase_asymmetry,mild,1100,phase_asymmetry-mild_horizontal_no_load_1100rpm,2702786,1103,269,1947,2557,1,50,1242267,9,551,75,1,2,,,,,,,,,,
2026-06-21T03:37:28.813040+00:00,S028,commissioning_unmounted,false,phase_asymmetry,mild,1100,phase_asymmetry-mild_horizontal_no_load_1100rpm,2702886,1102,272,1948,2566,4,50,1242311,9,551,75,0,2,,,,,,,,,,
2026-06-21T03:37:28.907701+00:00,S028,commissioning_unmounted,false,phase_asymmetry,mild,1100,phase_asymmetry-mild_horizontal_no_load_1100rpm,2702986,1103,267,1952,2558,2,50,1242355,9,551,74,1,1,,,,,,,,,,
2026-06-21T03:37:29.001705+00:00,S028,commissioning_unmounted,false,phase_asymmetry,mild,1100,phase_asymmetry-mild_horizontal_no_load_1100rpm,2703086,1102,270,1946,2560,1,50,1242399,9,551,75,0,2,,,,,,,,,,
2026-06-21T03:37:29.094956+00:00,S028,commissioning_unmounted,false,phase_asymmetry,mild,1100,phase_asymmetry-mild_horizontal_no_load_1100rpm,2703186,1102,269,1947,2558,4,50,1242443,9,551,74,0,1,,,,,,,,,,
2026-06-21T03:37:29.189356+00:00,S028,commissioning_unmounted,false,phase_asymmetry,mild,1100,phase_asymmetry-mild_horizontal_no_load_1100rpm,2703286,1102,269,1946,2558,2,50,1242487,9,551,74,1,2,,,,,,,,,,
2026-06-21T03:37:29.281470+00:00,S028,commissioning_unmounted,false,phase_asymmetry,mild,1100,phase_asymmetry-mild_horizontal_no_load_1100rpm,2703386,1102,272,1946,2563,1,50,1242531,9,551,74,1,1,,,,,,,,,,
2026-06-21T03:37:29.422731+00:00,S028,commissioning_unmounted,false,phase_asymmetry,mild,1100,phase_asymmetry-mild_horizontal_no_load_1100rpm,2703486,1102,269,1949,2560,4,50,1242575,9,551,74,0,2,,,,,,,,,,
2026-06-21T03:37:29.517179+00:00,S028,commissioning_unmounted,false,phase_asymmetry,mild,1100,phase_asymmetry-mild_horizontal_no_load_1100rpm,2703586,1102,271,1951,2566,3,50,1242620,9,551,75,1,2,,,,,,,,,,
2026-06-21T03:37:29.610110+00:00,S028,commissioning_unmounted,false,phase_asymmetry,mild,1100,phase_asymmetry-mild_horizontal_no_load_1100rpm,2703686,1102,269,1952,2563,5,50,1242664,9,551,74,1,2,,,,,,,,,,
2026-06-21T03:37:29.705399+00:00,S028,commissioning_unmounted,false,phase_asymmetry,mild,1100,phase_asymmetry-mild_horizontal_no_load_1100rpm,2703786,1102,270,1952,2566,6,50,1242708,9,551,74,1,2,,,,,,,,,,
2026-06-21T03:37:29.800146+00:00,S028,commissioning_unmounted,false,phase_asymmetry,mild,1100,phase_asymmetry-mild_horizontal_no_load_1100rpm,2703886,1102,265,1954,2556,3,50,1242752,9,551,74,1,2,,,,,,,,,,
2026-06-21T03:37:29.893364+00:00,S028,commissioning_unmounted,false,phase_asymmetry,mild,1100,phase_asymmetry-mild_horizontal_no_load_1100rpm,2703986,1103,266,1957,2561,5,50,1242796,9,551,74,0,2,,,,,,,,,,
2026-06-21T03:37:29.987291+00:00,S028,commissioning_unmounted,false,phase_asymmetry,mild,1100,phase_asymmetry-mild_horizontal_no_load_1100rpm,2704086,1102,272,1949,2566,6,50,1242840,9,551,76,0,2,,,,,,,,,,
2026-06-21T03:37:30.080618+00:00,S028,commissioning_unmounted,false,phase_asymmetry,mild,1100,phase_asymmetry-mild_horizontal_no_load_1100rpm,2704186,1102,268,1954,2563,3,50,1242884,9,551,74,0,2,,,,,,,,,,
2026-06-21T03:37:30.173589+00:00,S028,commissioning_unmounted,false,phase_asymmetry,mild,1100,phase_asymmetry-mild_horizontal_no_load_1100rpm,2704286,1102,271,1948,2564,5,50,1242928,9,551,75,0,2,,,,,,,,,,
2026-06-21T03:37:30.312360+00:00,S028,commissioning_unmounted,false,phase_asymmetry,mild,1100,phase_asymmetry-mild_horizontal_no_load_1100rpm,2704386,1102,269,1949,2560,6,50,1242972,9,551,74,0,2,,,,,,,,,,
2026-06-21T03:37:30.406068+00:00,S028,commissioning_unmounted,false,phase_asymmetry,mild,1100,phase_asymmetry-mild_horizontal_no_load_1100rpm,2704486,1102,271,1946,2561,1,50,1243017,9,551,74,0,2,,,,,,,,,,
2026-06-21T03:37:30.502231+00:00,S028,commissioning_unmounted,false,phase_asymmetry,mild,1100,phase_asymmetry-mild_horizontal_no_load_1100rpm,2704586,1102,271,1946,2561,4,50,1243061,9,551,75,0,2,,,,,,,,,,
2026-06-21T03:37:30.594662+00:00,S028,commissioning_unmounted,false,phase_asymmetry,mild,1100,phase_asymmetry-mild_horizontal_no_load_1100rpm,2704686,1102,273,1943,2563,2,50,1243105,9,551,75,0,2,,,,,,,,,,
2026-06-21T03:37:30.688945+00:00,S028,commissioning_unmounted,false,phase_asymmetry,mild,1100,phase_asymmetry-mild_horizontal_no_load_1100rpm,2704786,1102,272,1943,2561,1,50,1243149,9,551,75,0,3,,,,,,,,,,
2026-06-21T03:37:30.782253+00:00,S028,commissioning_unmounted,false,phase_asymmetry,mild,1100,phase_asymmetry-mild_horizontal_no_load_1100rpm,2704886,1103,268,1949,2558,4,50,1243193,9,551,75,0,2,,,,,,,,,,
2026-06-21T03:37:30.877326+00:00,S028,commissioning_unmounted,false,phase_asymmetry,mild,1100,phase_asymmetry-mild_horizontal_no_load_1100rpm,2704986,1102,265,1957,2560,2,50,1243237,9,551,74,0,2,,,,,,,,,,
2026-06-21T03:37:30.972811+00:00,S028,commissioning_unmounted,false,phase_asymmetry,mild,1100,phase_asymmetry-mild_horizontal_no_load_1100rpm,2705086,1103,272,1943,2561,1,50,1243281,9,551,75,0,3,,,,,,,,,,
2026-06-21T03:37:31.112342+00:00,S028,commissioning_unmounted,false,phase_asymmetry,mild,1100,phase_asymmetry-mild_horizontal_no_load_1100rpm,2705186,1102,267,1957,2563,4,50,1243325,9,551,74,0,1,,,,,,,,,,
2026-06-21T03:37:31.207626+00:00,S028,commissioning_unmounted,false,phase_asymmetry,mild,1100,phase_asymmetry-mild_horizontal_no_load_1100rpm,2705286,1101,268,1949,2558,2,50,1243369,9,551,74,1,2,,,,,,,,,,
2026-06-21T03:37:31.301372+00:00,S028,commissioning_unmounted,false,phase_asymmetry,mild,1100,phase_asymmetry-mild_horizontal_no_load_1100rpm,2705386,1103,270,1946,2560,5,50,1243414,9,551,75,0,2,,,,,,,,,,
2026-06-21T03:37:31.391868+00:00,S028,commissioning_unmounted,false,phase_asymmetry,mild,1100,phase_asymmetry-mild_horizontal_no_load_1100rpm,2705486,1101,272,1949,2568,6,50,1243458,9,551,75,1,2,,,,,,,,,,
2026-06-21T03:37:31.489020+00:00,S028,commissioning_unmounted,false,phase_asymmetry,mild,1100,phase_asymmetry-mild_horizontal_no_load_1100rpm,2705586,1102,268,1954,2563,3,50,1243502,9,551,75,0,2,,,,,,,,,,
2026-06-21T03:37:31.583992+00:00,S028,commissioning_unmounted,false,phase_asymmetry,mild,1100,phase_asymmetry-mild_horizontal_no_load_1100rpm,2705686,1103,267,1947,2552,5,50,1243546,9,551,74,0,2,,,,,,,,,,
2026-06-21T03:37:31.679511+00:00,S028,commissioning_unmounted,false,phase_asymmetry,mild,1100,phase_asymmetry-mild_horizontal_no_load_1100rpm,2705786,1102,269,1952,2563,6,50,1243590,9,551,74,0,2,,,,,,,,,,
2026-06-21T03:37:31.771284+00:00,S028,commissioning_unmounted,false,phase_asymmetry,mild,1100,phase_asymmetry-mild_horizontal_no_load_1100rpm,2705886,1102,271,1947,2563,3,50,1243634,9,551,74,0,1,,,,,,,,,,
2026-06-21T03:37:31.912329+00:00,S028,commissioning_unmounted,false,phase_asymmetry,mild,1100,phase_asymmetry-mild_horizontal_no_load_1100rpm,2705986,1102,267,1949,2555,5,50,1243678,9,551,74,0,2,,,,,,,,,,
2026-06-21T03:37:32.005424+00:00,S028,commissioning_unmounted,false,phase_asymmetry,mild,1100,phase_asymmetry-mild_horizontal_no_load_1100rpm,2706086,1102,269,1951,2563,6,50,1243722,9,551,75,1,2,,,,,,,,,,
2026-06-21T03:37:32.098648+00:00,S028,commissioning_unmounted,false,phase_asymmetry,mild,1100,phase_asymmetry-mild_horizontal_no_load_1100rpm,2706186,1103,272,1943,2560,3,50,1243766,9,551,75,1,2,,,,,,,,,,
2026-06-21T03:37:32.192311+00:00,S028,commissioning_unmounted,false,phase_asymmetry,mild,1100,phase_asymmetry-mild_horizontal_no_load_1100rpm,2706286,1103,271,1944,2560,4,50,1243811,9,551,75,0,2,,,,,,,,,,
2026-06-21T03:37:32.285194+00:00,S028,commissioning_unmounted,false,phase_asymmetry,mild,1100,phase_asymmetry-mild_horizontal_no_load_1100rpm,2706386,1102,271,1946,2561,2,50,1243855,9,551,74,1,2,,,,,,,,,,
2026-06-21T03:37:32.381235+00:00,S028,commissioning_unmounted,false,phase_asymmetry,mild,1100,phase_asymmetry-mild_horizontal_no_load_1100rpm,2706486,1102,268,1954,2563,1,50,1243899,9,551,75,1,2,,,,,,,,,,
2026-06-21T03:37:32.474436+00:00,S028,commissioning_unmounted,false,phase_asymmetry,mild,1100,phase_asymmetry-mild_horizontal_no_load_1100rpm,2706586,1103,266,1954,2558,4,50,1243943,9,551,75,0,2,,,,,,,,,,
2026-06-21T03:37:32.567762+00:00,S028,commissioning_unmounted,false,phase_asymmetry,mild,1100,phase_asymmetry-mild_horizontal_no_load_1100rpm,2706686,1102,267,1954,2561,2,50,1243987,9,551,75,1,2,,,,,,,,,,
2026-06-21T03:37:32.708357+00:00,S028,commissioning_unmounted,false,phase_asymmetry,mild,1100,phase_asymmetry-mild_horizontal_no_load_1100rpm,2706786,1102,265,1957,2560,1,50,1244031,9,551,75,0,2,,,,,,,,,,
2026-06-21T03:37:32.801283+00:00,S028,commissioning_unmounted,false,phase_asymmetry,mild,1100,phase_asymmetry-mild_horizontal_no_load_1100rpm,2706886,1102,270,1949,2561,4,50,1244075,9,551,75,0,2,,,,,,,,,,
2026-06-21T03:37:32.894344+00:00,S028,commissioning_unmounted,false,phase_asymmetry,mild,1100,phase_asymmetry-mild_horizontal_no_load_1100rpm,2706986,1102,271,1944,2560,2,50,1244119,9,551,74,1,2,,,,,,,,,,
2026-06-21T03:37:32.987898+00:00,S028,commissioning_unmounted,false,phase_asymmetry,mild,1100,phase_asymmetry-mild_horizontal_no_load_1100rpm,2707086,1102,268,1946,2555,1,50,1244163,9,551,74,1,2,,,,,,,,,,
2026-06-21T03:37:33.082277+00:00,S028,commissioning_unmounted,false,phase_asymmetry,mild,1100,phase_asymmetry-mild_horizontal_no_load_1100rpm,2707186,1102,269,1948,2560,4,50,1244207,9,551,74,0,1,,,,,,,,,,
2026-06-21T03:37:33.174508+00:00,S028,commissioning_unmounted,false,phase_asymmetry,mild,1100,phase_asymmetry-mild_horizontal_no_load_1100rpm,2707286,1102,267,1949,2555,3,50,1244252,9,551,74,0,2,,,,,,,,,,
2026-06-21T03:37:33.268408+00:00,S028,commissioning_unmounted,false,phase_asymmetry,mild,1100,phase_asymmetry-mild_horizontal_no_load_1100rpm,2707386,1102,270,1949,2563,5,50,1244296,9,551,75,1,2,,,,,,,,,,
2026-06-21T03:37:33.409523+00:00,S028,commissioning_unmounted,false,phase_asymmetry,mild,1100,phase_asymmetry-mild_horizontal_no_load_1100rpm,2707486,1102,270,1947,2560,6,50,1244340,9,551,75,0,2,,,,,,,,,,
2026-06-21T03:37:33.503273+00:00,S028,commissioning_unmounted,false,phase_asymmetry,mild,1100,phase_asymmetry-mild_horizontal_no_load_1100rpm,2707586,1102,269,1952,2563,3,50,1244384,9,551,75,0,2,,,,,,,,,,
2026-06-21T03:37:33.596388+00:00,S028,commissioning_unmounted,false,phase_asymmetry,mild,1100,phase_asymmetry-mild_horizontal_no_load_1100rpm,2707686,1103,270,1946,2560,5,50,1244428,9,551,75,0,2,,,,,,,,,,
2026-06-21T03:37:33.690210+00:00,S028,commissioning_unmounted,false,phase_asymmetry,mild,1100,phase_asymmetry-mild_horizontal_no_load_1100rpm,2707786,1102,268,1949,2558,6,50,1244472,9,551,74,0,2,,,,,,,,,,
2026-06-21T03:37:33.783217+00:00,S028,commissioning_unmounted,false,phase_asymmetry,mild,1100,phase_asymmetry-mild_horizontal_no_load_1100rpm,2707886,1103,272,1943,2561,3,50,1244516,9,551,75,0,2,,,,,,,,,,
2026-06-21T03:37:33.876723+00:00,S028,commissioning_unmounted,false,phase_asymmetry,mild,1100,phase_asymmetry-mild_horizontal_no_load_1100rpm,2707986,1102,270,1952,2565,5,50,1244560,9,551,75,0,3,,,,,,,,,,
2026-06-21T03:37:33.971070+00:00,S028,commissioning_unmounted,false,phase_asymmetry,mild,1100,phase_asymmetry-mild_horizontal_no_load_1100rpm,2708086,1102,271,1946,2561,6,50,1244604,9,551,75,1,2,,,,,,,,,,
2026-06-21T03:37:34.065209+00:00,S028,commissioning_unmounted,false,phase_asymmetry,mild,1100,phase_asymmetry-mild_horizontal_no_load_1100rpm,2708186,1103,267,1946,2552,1,50,1244649,9,551,74,1,2,,,,,,,,,,
2026-06-21T03:37:34.207786+00:00,S028,commissioning_unmounted,false,phase_asymmetry,mild,1100,phase_asymmetry-mild_horizontal_no_load_1100rpm,2708286,1102,270,1946,2560,4,50,1244693,9,551,74,0,2,,,,,,,,,,
2026-06-21T03:37:34.302318+00:00,S028,commissioning_unmounted,false,phase_asymmetry,mild,1100,phase_asymmetry-mild_horizontal_no_load_1100rpm,2708386,1102,264,1959,2558,2,50,1244737,9,551,74,1,2,,,,,,,,,,
2026-06-21T03:37:34.397145+00:00,S028,commissioning_unmounted,false,phase_asymmetry,mild,1100,phase_asymmetry-mild_horizontal_no_load_1100rpm,2708486,1103,271,1943,2558,1,50,1244781,9,551,75,0,2,,,,,,,,,,
2026-06-21T03:37:34.491838+00:00,S028,commissioning_unmounted,false,phase_asymmetry,mild,1100,phase_asymmetry-mild_horizontal_no_load_1100rpm,2708586,1102,264,1959,2558,4,50,1244825,9,551,74,1,3,,,,,,,,,,
2026-06-21T03:37:34.586240+00:00,S028,commissioning_unmounted,false,phase_asymmetry,mild,1100,phase_asymmetry-mild_horizontal_no_load_1100rpm,2708686,1103,272,1946,2563,2,50,1244869,9,551,75,0,2,,,,,,,,,,
2026-06-21T03:37:34.680157+00:00,S028,commissioning_unmounted,false,phase_asymmetry,mild,1100,phase_asymmetry-mild_horizontal_no_load_1100rpm,2708786,1103,270,1946,2560,1,50,1244913,9,551,75,1,2,,,,,,,,,,
2026-06-21T03:37:34.774450+00:00,S028,commissioning_unmounted,false,phase_asymmetry,mild,1100,phase_asymmetry-mild_horizontal_no_load_1100rpm,2708886,1103,269,1946,2556,4,50,1244957,9,551,75,0,2,,,,,,,,,,
2026-06-21T03:37:34.867865+00:00,S028,commissioning_unmounted,false,phase_asymmetry,mild,1100,phase_asymmetry-mild_horizontal_no_load_1100rpm,2708986,1102,269,1949,2560,3,50,1245002,9,551,74,1,1,,,,,,,,,,
2026-06-21T03:37:34.961679+00:00,S028,commissioning_unmounted,false,phase_asymmetry,mild,1100,phase_asymmetry-mild_horizontal_no_load_1100rpm,2709086,1102,271,1946,2561,5,50,1245046,9,551,75,0,2,,,,,,,,,,
2026-06-21T03:37:35.100379+00:00,S028,commissioning_unmounted,false,phase_asymmetry,mild,1100,phase_asymmetry-mild_horizontal_no_load_1100rpm,2709186,1102,268,1952,2561,6,50,1245090,9,551,74,0,1,,,,,,,,,,
2026-06-21T03:37:35.194727+00:00,S028,commissioning_unmounted,false,phase_asymmetry,mild,1100,phase_asymmetry-mild_horizontal_no_load_1100rpm,2709286,1101,266,1957,2561,3,50,1245134,9,551,74,1,2,,,,,,,,,,
2026-06-21T03:37:35.289019+00:00,S028,commissioning_unmounted,false,phase_asymmetry,mild,1100,phase_asymmetry-mild_horizontal_no_load_1100rpm,2709386,1103,271,1946,2561,5,50,1245178,9,551,75,1,2,,,,,,,,,,
2026-06-21T03:37:35.381204+00:00,S028,commissioning_unmounted,false,phase_asymmetry,mild,1100,phase_asymmetry-mild_horizontal_no_load_1100rpm,2709486,1103,265,1955,2557,6,50,1245222,9,551,74,0,2,,,,,,,,,,
2026-06-21T03:37:35.475706+00:00,S028,commissioning_unmounted,false,phase_asymmetry,mild,1100,phase_asymmetry-mild_horizontal_no_load_1100rpm,2709586,1102,270,1947,2560,3,50,1245266,9,551,75,1,2,,,,,,,,,,
2026-06-21T03:37:35.569935+00:00,S028,commissioning_unmounted,false,phase_asymmetry,mild,1100,phase_asymmetry-mild_horizontal_no_load_1100rpm,2709686,1103,272,1944,2561,5,50,1245310,9,551,75,0,2,,,,,,,,,,
2026-06-21T03:37:35.662664+00:00,S028,commissioning_unmounted,false,phase_asymmetry,mild,1100,phase_asymmetry-mild_horizontal_no_load_1100rpm,2709786,1102,271,1946,2561,6,50,1245354,9,551,75,0,3,,,,,,,,,,
2026-06-21T03:37:35.801935+00:00,S028,commissioning_unmounted,false,phase_asymmetry,mild,1100,phase_asymmetry-mild_horizontal_no_load_1100rpm,2709886,1102,270,1951,2563,1,50,1245399,9,551,75,1,2,,,,,,,,,,
2026-06-21T03:37:35.894591+00:00,S028,commissioning_unmounted,false,phase_asymmetry,mild,1100,phase_asymmetry-mild_horizontal_no_load_1100rpm,2709986,1102,272,1949,2566,4,50,1245443,9,551,75,1,2,,,,,,,,,,
2026-06-21T03:37:35.987799+00:00,S028,commissioning_unmounted,false,phase_asymmetry,mild,1100,phase_asymmetry-mild_horizontal_no_load_1100rpm,2710086,1103,271,1944,2558,2,50,1245487,9,551,75,1,3,,,,,,,,,,
2026-06-21T03:37:36.081349+00:00,S028,commissioning_unmounted,false,phase_asymmetry,mild,1100,phase_asymmetry-mild_horizontal_no_load_1100rpm,2710186,1102,271,1946,2561,1,50,1245531,9,551,75,0,2,,,,,,,,,,
2026-06-21T03:37:36.173399+00:00,S028,commissioning_unmounted,false,phase_asymmetry,mild,1100,phase_asymmetry-mild_horizontal_no_load_1100rpm,2710286,1102,268,1954,2563,4,50,1245575,9,551,75,0,2,,,,,,,,,,
2026-06-21T03:37:36.267329+00:00,S028,commissioning_unmounted,false,phase_asymmetry,mild,1100,phase_asymmetry-mild_horizontal_no_load_1100rpm,2710386,1103,270,1951,2563,2,50,1245619,9,551,75,0,2,,,,,,,,,,
2026-06-21T03:37:36.362014+00:00,S028,commissioning_unmounted,false,phase_asymmetry,mild,1100,phase_asymmetry-mild_horizontal_no_load_1100rpm,2710486,1101,270,1948,2561,1,50,1245663,9,551,74,1,2,,,,,,,,,,
2026-06-21T03:37:36.456582+00:00,S028,commissioning_unmounted,false,phase_asymmetry,mild,1100,phase_asymmetry-mild_horizontal_no_load_1100rpm,2710586,1102,265,1957,2560,4,50,1245707,9,551,74,1,2,,,,,,,,,,
2026-06-21T03:37:36.596755+00:00,S028,commissioning_unmounted,false,phase_asymmetry,mild,1100,phase_asymmetry-mild_horizontal_no_load_1100rpm,2710686,1103,271,1946,2561,2,50,1245751,9,551,76,0,2,,,,,,,,,,
2026-06-21T03:37:36.690441+00:00,S028,commissioning_unmounted,false,phase_asymmetry,mild,1100,phase_asymmetry-mild_horizontal_no_load_1100rpm,2710786,1102,269,1949,2561,5,50,1245796,9,551,74,0,1,,,,,,,,,,
2026-06-21T03:37:36.784428+00:00,S028,commissioning_unmounted,false,phase_asymmetry,mild,1100,phase_asymmetry-mild_horizontal_no_load_1100rpm,2710886,1102,271,1951,2566,6,50,1245840,9,551,75,1,1,,,,,,,,,,
2026-06-21T03:37:36.877738+00:00,S028,commissioning_unmounted,false,phase_asymmetry,mild,1100,phase_asymmetry-mild_horizontal_no_load_1100rpm,2710986,1103,272,1943,2561,3,50,1245884,9,551,75,1,2,,,,,,,,,,
2026-06-21T03:37:36.971224+00:00,S028,commissioning_unmounted,false,phase_asymmetry,mild,1100,phase_asymmetry-mild_horizontal_no_load_1100rpm,2711086,1102,270,1946,2560,5,50,1245928,9,551,74,0,2,,,,,,,,,,
2026-06-21T03:37:37.061996+00:00,S028,commissioning_unmounted,false,phase_asymmetry,mild,1100,phase_asymmetry-mild_horizontal_no_load_1100rpm,2711186,1102,267,1956,2563,6,50,1245972,9,551,75,1,2,,,,,,,,,,
2026-06-21T03:37:37.172492+00:00,S028,commissioning_unmounted,false,phase_asymmetry,mild,1100,phase_asymmetry-mild_horizontal_no_load_1100rpm,2711286,1102,272,1944,2561,3,50,1246016,9,551,75,0,2,,,,,,,,,,
2026-06-21T03:37:37.266670+00:00,S028,commissioning_unmounted,false,phase_asymmetry,mild,1100,phase_asymmetry-mild_horizontal_no_load_1100rpm,2711386,1103,268,1952,2560,5,50,1246060,9,551,74,0,1,,,,,,,,,,
2026-06-21T03:37:37.360985+00:00,S028,commissioning_unmounted,false,phase_asymmetry,mild,1100,phase_asymmetry-mild_horizontal_no_load_1100rpm,2711486,1101,271,1951,2566,6,50,1246104,9,551,74,1,1,,,,,,,,,,
2026-06-21T03:37:37.456139+00:00,S028,commissioning_unmounted,false,phase_asymmetry,mild,1100,phase_asymmetry-mild_horizontal_no_load_1100rpm,2711586,1103,270,1949,2561,3,50,1246148,9,551,74,0,2,,,,,,,,,,
2026-06-21T03:37:37.596971+00:00,S028,commissioning_unmounted,false,phase_asymmetry,mild,1100,phase_asymmetry-mild_horizontal_no_load_1100rpm,2711686,1102,268,1947,2555,4,50,1246193,9,551,74,1,2,,,,,,,,,,
2026-06-21T03:37:37.691161+00:00,S028,commissioning_unmounted,false,phase_asymmetry,mild,1100,phase_asymmetry-mild_horizontal_no_load_1100rpm,2711786,1101,264,1960,2560,2,50,1246237,9,551,74,1,2,,,,,,,,,,
2026-06-21T03:37:37.784828+00:00,S028,commissioning_unmounted,false,phase_asymmetry,mild,1100,phase_asymmetry-mild_horizontal_no_load_1100rpm,2711886,1101,268,1954,2563,1,50,1246281,9,551,75,0,2,,,,,,,,,,
2026-06-21T03:37:37.877829+00:00,S028,commissioning_unmounted,false,phase_asymmetry,mild,1100,phase_asymmetry-mild_horizontal_no_load_1100rpm,2711986,1103,270,1946,2560,4,50,1246325,9,551,75,0,2,,,,,,,,,,
2026-06-21T03:37:37.973453+00:00,S028,commissioning_unmounted,false,phase_asymmetry,mild,1100,phase_asymmetry-mild_horizontal_no_load_1100rpm,2712086,1102,268,1946,2555,2,50,1246369,9,551,74,1,2,,,,,,,,,,
2026-06-21T03:37:38.067321+00:00,S028,commissioning_unmounted,false,phase_asymmetry,mild,1100,phase_asymmetry-mild_horizontal_no_load_1100rpm,2712186,1102,269,1946,2558,1,50,1246413,9,551,74,1,2,,,,,,,,,,
2026-06-21T03:37:38.160324+00:00,S028,commissioning_unmounted,false,phase_asymmetry,mild,1100,phase_asymmetry-mild_horizontal_no_load_1100rpm,2712286,1103,271,1943,2558,4,50,1246457,9,551,75,0,2,,,,,,,,,,
2026-06-21T03:37:38.252701+00:00,S028,commissioning_unmounted,false,phase_asymmetry,mild,1100,phase_asymmetry-mild_horizontal_no_load_1100rpm,2712386,1102,269,1954,2566,2,50,1246501,9,551,75,1,2,,,,,,,,,,
2026-06-21T03:37:38.392646+00:00,S028,commissioning_unmounted,false,phase_asymmetry,mild,1100,phase_asymmetry-mild_horizontal_no_load_1100rpm,2712486,1102,269,1947,2557,1,50,1246545,9,551,74,1,1,,,,,,,,,,
2026-06-21T03:37:38.487361+00:00,S028,commissioning_unmounted,false,phase_asymmetry,mild,1100,phase_asymmetry-mild_horizontal_no_load_1100rpm,2712586,1102,272,1946,2563,4,50,1246589,9,551,75,0,2,,,,,,,,,,
2026-06-21T03:37:38.582023+00:00,S028,commissioning_unmounted,false,phase_asymmetry,mild,1100,phase_asymmetry-mild_horizontal_no_load_1100rpm,2712686,1103,270,1944,2558,3,50,1246634,9,551,75,1,2,,,,,,,,,,
2026-06-21T03:37:38.674787+00:00,S028,commissioning_unmounted,false,phase_asymmetry,mild,1100,phase_asymmetry-mild_horizontal_no_load_1100rpm,2712786,1102,272,1946,2563,5,50,1246678,9,551,74,0,1,,,,,,,,,,
2026-06-21T03:37:38.769244+00:00,S028,commissioning_unmounted,false,phase_asymmetry,mild,1100,phase_asymmetry-mild_horizontal_no_load_1100rpm,2712886,1102,270,1951,2564,6,50,1246722,9,551,75,0,2,,,,,,,,,,
2026-06-21T03:37:38.861734+00:00,S028,commissioning_unmounted,false,phase_asymmetry,mild,1100,phase_asymmetry-mild_horizontal_no_load_1100rpm,2712986,1102,272,1946,2563,3,50,1246766,9,551,75,1,2,,,,,,,,,,
2026-06-21T03:37:38.954624+00:00,S028,commissioning_unmounted,false,phase_asymmetry,mild,1100,phase_asymmetry-mild_horizontal_no_load_1100rpm,2713086,1102,272,1949,2566,5,50,1246810,9,551,75,1,2,,,,,,,,,,
2026-06-21T03:37:39.095160+00:00,S028,commissioning_unmounted,false,phase_asymmetry,mild,1100,phase_asymmetry-mild_horizontal_no_load_1100rpm,2713186,1101,268,1952,2561,6,50,1246854,9,551,74,1,2,,,,,,,,,,
2026-06-21T03:37:39.190874+00:00,S028,commissioning_unmounted,false,phase_asymmetry,mild,1100,phase_asymmetry-mild_horizontal_no_load_1100rpm,2713286,1102,270,1944,2558,3,50,1246898,9,551,75,1,2,,,,,,,,,,
2026-06-21T03:37:39.282866+00:00,S028,commissioning_unmounted,false,phase_asymmetry,mild,1100,phase_asymmetry-mild_horizontal_no_load_1100rpm,2713386,1102,268,1951,2560,5,50,1246942,9,551,74,0,1,,,,,,,,,,
2026-06-21T03:37:39.376294+00:00,S028,commissioning_unmounted,false,phase_asymmetry,mild,1100,phase_asymmetry-mild_horizontal_no_load_1100rpm,2713486,1103,270,1944,2558,6,50,1246986,9,551,75,0,2,,,,,,,,,,
2026-06-21T03:37:39.468320+00:00,S028,commissioning_unmounted,false,phase_asymmetry,mild,1100,phase_asymmetry-mild_horizontal_no_load_1100rpm,2713586,1101,271,1949,2566,3,50,1247030,9,551,75,1,2,,,,,,,,,,
2026-06-21T03:37:39.577219+00:00,S028,commissioning_unmounted,false,phase_asymmetry,mild,1100,phase_asymmetry-mild_horizontal_no_load_1100rpm,2713686,1102,268,1954,2563,4,50,1247075,9,551,74,0,2,,,,,,,,,,
2026-06-21T03:37:39.669510+00:00,S028,commissioning_unmounted,false,phase_asymmetry,mild,1100,phase_asymmetry-mild_horizontal_no_load_1100rpm,2713786,1102,270,1951,2564,2,50,1247119,9,551,75,0,2,,,,,,,,,,
2026-06-21T03:37:39.762211+00:00,S028,commissioning_unmounted,false,phase_asymmetry,mild,1100,phase_asymmetry-mild_horizontal_no_load_1100rpm,2713886,1103,270,1949,2561,1,50,1247163,9,551,75,0,2,,,,,,,,,,
2026-06-21T03:37:39.855821+00:00,S028,commissioning_unmounted,false,phase_asymmetry,mild,1100,phase_asymmetry-mild_horizontal_no_load_1100rpm,2713986,1102,272,1949,2566,4,50,1247207,9,551,75,1,3,,,,,,,,,,
2026-06-21T03:37:39.949701+00:00,S028,commissioning_unmounted,false,phase_asymmetry,mild,1100,phase_asymmetry-mild_horizontal_no_load_1100rpm,2714086,1103,267,1954,2561,2,50,1247251,9,551,74,1,1,,,,,,,,,,
2026-06-21T03:37:40.087763+00:00,S028,commissioning_unmounted,false,phase_asymmetry,mild,1100,phase_asymmetry-mild_horizontal_no_load_1100rpm,2714186,1102,268,1952,2560,1,50,1247295,9,551,75,1,2,,,,,,,,,,
2026-06-21T03:37:40.181700+00:00,S028,commissioning_unmounted,false,phase_asymmetry,mild,1100,phase_asymmetry-mild_horizontal_no_load_1100rpm,2714286,1101,269,1949,2561,4,50,1247339,9,551,74,1,2,,,,,,,,,,
2026-06-21T03:37:40.275695+00:00,S028,commissioning_unmounted,false,phase_asymmetry,mild,1100,phase_asymmetry-mild_horizontal_no_load_1100rpm,2714386,1103,270,1946,2558,2,50,1247383,9,551,75,0,3,,,,,,,,,,
2026-06-21T03:37:40.369367+00:00,S028,commissioning_unmounted,false,phase_asymmetry,mild,1100,phase_asymmetry-mild_horizontal_no_load_1100rpm,2714486,1103,270,1947,2560,1,50,1247427,9,551,75,0,2,,,,,,,,,,
2026-06-21T03:37:40.462638+00:00,S028,commissioning_unmounted,false,phase_asymmetry,mild,1100,phase_asymmetry-mild_horizontal_no_load_1100rpm,2714586,1101,268,1954,2563,4,50,1247471,9,551,75,0,2,,,,,,,,,,
2026-06-21T03:37:40.557824+00:00,S028,commissioning_unmounted,false,phase_asymmetry,mild,1100,phase_asymmetry-mild_horizontal_no_load_1100rpm,2714686,1103,267,1952,2558,3,50,1247516,9,551,74,0,1,,,,,,,,,,
2026-06-21T03:37:40.650488+00:00,S028,commissioning_unmounted,false,phase_asymmetry,mild,1100,phase_asymmetry-mild_horizontal_no_load_1100rpm,2714786,1102,268,1954,2563,5,50,1247560,9,551,74,1,2,,,,,,,,,,
2026-06-21T03:37:40.788530+00:00,S028,commissioning_unmounted,false,phase_asymmetry,mild,1100,phase_asymmetry-mild_horizontal_no_load_1100rpm,2714886,1102,269,1949,2560,6,50,1247604,9,551,74,0,2,,,,,,,,,,
2026-06-21T03:37:40.883641+00:00,S028,commissioning_unmounted,false,phase_asymmetry,mild,1100,phase_asymmetry-mild_horizontal_no_load_1100rpm,2714986,1102,267,1957,2563,3,50,1247648,9,551,75,0,2,,,,,,,,,,
2026-06-21T03:37:40.977737+00:00,S028,commissioning_unmounted,false,phase_asymmetry,mild,1100,phase_asymmetry-mild_horizontal_no_load_1100rpm,2715086,1102,269,1946,2558,5,50,1247692,9,551,74,0,1,,,,,,,,,,
2026-06-21T03:37:41.071211+00:00,S028,commissioning_unmounted,false,phase_asymmetry,mild,1100,phase_asymmetry-mild_horizontal_no_load_1100rpm,2715186,1102,271,1946,2561,6,50,1247736,9,551,75,1,1,,,,,,,,,,
2026-06-21T03:37:41.165451+00:00,S028,commissioning_unmounted,false,phase_asymmetry,mild,1100,phase_asymmetry-mild_horizontal_no_load_1100rpm,2715286,1102,265,1959,2561,3,50,1247780,9,551,74,1,2,,,,,,,,,,
2026-06-21T03:37:41.257930+00:00,S028,commissioning_unmounted,false,phase_asymmetry,mild,1100,phase_asymmetry-mild_horizontal_no_load_1100rpm,2715386,1103,272,1943,2561,5,50,1247824,9,551,75,0,3,,,,,,,,,,
2026-06-21T03:37:41.352081+00:00,S028,commissioning_unmounted,false,phase_asymmetry,mild,1100,phase_asymmetry-mild_horizontal_no_load_1100rpm,2715486,1102,271,1946,2561,6,50,1247868,9,551,75,1,3,,,,,,,,,,
2026-06-21T03:37:41.446125+00:00,S028,commissioning_unmounted,false,phase_asymmetry,mild,1100,phase_asymmetry-mild_horizontal_no_load_1100rpm,2715586,1102,269,1952,2563,1,50,1247913,9,551,75,1,2,,,,,,,,,,
2026-06-21T03:37:41.586417+00:00,S028,commissioning_unmounted,false,phase_asymmetry,mild,1100,phase_asymmetry-mild_horizontal_no_load_1100rpm,2715686,1103,270,1946,2560,4,50,1247957,9,551,75,0,2,,,,,,,,,,
2026-06-21T03:37:41.680233+00:00,S028,commissioning_unmounted,false,phase_asymmetry,mild,1100,phase_asymmetry-mild_horizontal_no_load_1100rpm,2715786,1103,266,1949,2552,2,50,1248001,9,551,74,0,2,,,,,,,,,,
2026-06-21T03:37:41.774840+00:00,S028,commissioning_unmounted,false,phase_asymmetry,mild,1100,phase_asymmetry-mild_horizontal_no_load_1100rpm,2715886,1102,269,1949,2561,1,50,1248045,9,551,74,0,2,,,,,,,,,,
2026-06-21T03:37:41.867361+00:00,S028,commissioning_unmounted,false,phase_asymmetry,mild,1100,phase_asymmetry-mild_horizontal_no_load_1100rpm,2715986,1102,270,1946,2560,4,50,1248089,9,551,75,0,2,,,,,,,,,,
2026-06-21T03:37:41.959501+00:00,S028,commissioning_unmounted,false,phase_asymmetry,mild,1100,phase_asymmetry-mild_horizontal_no_load_1100rpm,2716086,1102,269,1947,2558,2,50,1248133,9,551,75,1,2,,,,,,,,,,
2026-06-21T03:37:42.054815+00:00,S028,commissioning_unmounted,false,phase_asymmetry,mild,1100,phase_asymmetry-mild_horizontal_no_load_1100rpm,2716186,1101,272,1949,2566,1,50,1248177,9,551,75,1,2,,,,,,,,,,
2026-06-21T03:37:42.147460+00:00,S028,commissioning_unmounted,false,phase_asymmetry,mild,1100,phase_asymmetry-mild_horizontal_no_load_1100rpm,2716286,1103,269,1951,2561,4,50,1248221,9,551,75,0,1,,,,,,,,,,
2026-06-21T03:37:42.240894+00:00,S028,commissioning_unmounted,false,phase_asymmetry,mild,1100,phase_asymmetry-mild_horizontal_no_load_1100rpm,2716386,1102,267,1954,2561,2,50,1248265,9,551,75,0,2,,,,,,,,,,
2026-06-21T03:37:42.380939+00:00,S028,commissioning_unmounted,false,phase_asymmetry,mild,1100,phase_asymmetry-mild_horizontal_no_load_1100rpm,2716486,1102,268,1952,2560,1,50,1248309,9,551,74,1,2,,,,,,,,,,
2026-06-21T03:37:42.474709+00:00,S028,commissioning_unmounted,false,phase_asymmetry,mild,1100,phase_asymmetry-mild_horizontal_no_load_1100rpm,2716586,1102,271,1946,2561,4,50,1248353,9,551,74,0,1,,,,,,,,,,
2026-06-21T03:37:42.567273+00:00,S028,commissioning_unmounted,false,phase_asymmetry,mild,1100,phase_asymmetry-mild_horizontal_no_load_1100rpm,2716686,1103,271,1946,2560,3,50,1248398,9,551,75,0,3,,,,,,,,,,
2026-06-21T03:37:42.661075+00:00,S028,commissioning_unmounted,false,phase_asymmetry,mild,1100,phase_asymmetry-mild_horizontal_no_load_1100rpm,2716786,1102,268,1956,2564,5,50,1248442,9,551,74,0,2,,,,,,,,,,
2026-06-21T03:37:42.754690+00:00,S028,commissioning_unmounted,false,phase_asymmetry,mild,1100,phase_asymmetry-mild_horizontal_no_load_1100rpm,2716886,1102,269,1951,2563,6,50,1248486,9,551,75,0,2,,,,,,,,,,
2026-06-21T03:37:42.849760+00:00,S028,commissioning_unmounted,false,phase_asymmetry,mild,1100,phase_asymmetry-mild_horizontal_no_load_1100rpm,2716986,1102,271,1946,2561,3,50,1248530,9,551,75,0,2,,,,,,,,,,
2026-06-21T03:37:42.944774+00:00,S028,commissioning_unmounted,false,phase_asymmetry,mild,1100,phase_asymmetry-mild_horizontal_no_load_1100rpm,2717086,1102,267,1956,2563,5,50,1248574,9,551,74,0,1,,,,,,,,,,
2026-06-21T03:37:43.038774+00:00,S028,commissioning_unmounted,false,phase_asymmetry,mild,1100,phase_asymmetry-mild_horizontal_no_load_1100rpm,2717186,1101,267,1956,2563,6,50,1248618,9,551,74,0,2,,,,,,,,,,
2026-06-21T03:37:43.177466+00:00,S028,commissioning_unmounted,false,phase_asymmetry,mild,1100,phase_asymmetry-mild_horizontal_no_load_1100rpm,2717286,1102,270,1949,2563,3,50,1248662,9,551,74,0,1,,,,,,,,,,
2026-06-21T03:37:43.271766+00:00,S028,commissioning_unmounted,false,phase_asymmetry,mild,1100,phase_asymmetry-mild_horizontal_no_load_1100rpm,2717386,1102,269,1951,2563,5,50,1248706,9,551,74,1,2,,,,,,,,,,
2026-06-21T03:37:43.365909+00:00,S028,commissioning_unmounted,false,phase_asymmetry,mild,1100,phase_asymmetry-mild_horizontal_no_load_1100rpm,2717486,1102,270,1951,2564,6,50,1248750,9,551,75,0,2,,,,,,,,,,
2026-06-21T03:37:43.460564+00:00,S028,commissioning_unmounted,false,phase_asymmetry,mild,1100,phase_asymmetry-mild_horizontal_no_load_1100rpm,2717586,1101,269,1952,2563,3,50,1248794,9,551,75,0,2,,,,,,,,,,
2026-06-21T03:37:43.555325+00:00,S028,commissioning_unmounted,false,phase_asymmetry,mild,1100,phase_asymmetry-mild_horizontal_no_load_1100rpm,2717686,1101,267,1956,2563,4,50,1248839,9,551,74,0,1,,,,,,,,,,
2026-06-21T03:37:43.649836+00:00,S028,commissioning_unmounted,false,phase_asymmetry,mild,1100,phase_asymmetry-mild_horizontal_no_load_1100rpm,2717786,1102,269,1951,2563,2,50,1248883,9,551,75,0,2,,,,,,,,,,
2026-06-21T03:37:43.742338+00:00,S028,commissioning_unmounted,false,phase_asymmetry,mild,1100,phase_asymmetry-mild_horizontal_no_load_1100rpm,2717886,1102,269,1952,2563,1,50,1248927,9,551,74,0,2,,,,,,,,,,
2026-06-21T03:37:43.881039+00:00,S028,commissioning_unmounted,false,phase_asymmetry,mild,1100,phase_asymmetry-mild_horizontal_no_load_1100rpm,2717986,1102,271,1946,2561,4,50,1248971,9,551,75,0,2,,,,,,,,,,
2026-06-21T03:37:43.974230+00:00,S028,commissioning_unmounted,false,phase_asymmetry,mild,1100,phase_asymmetry-mild_horizontal_no_load_1100rpm,2718086,1102,268,1952,2560,2,50,1249015,9,551,74,0,2,,,,,,,,,,
2026-06-21T03:37:44.068636+00:00,S028,commissioning_unmounted,false,phase_asymmetry,mild,1100,phase_asymmetry-mild_horizontal_no_load_1100rpm,2718186,1102,270,1946,2560,1,50,1249059,9,551,74,0,1,,,,,,,,,,
2026-06-21T03:37:44.161286+00:00,S028,commissioning_unmounted,false,phase_asymmetry,mild,1100,phase_asymmetry-mild_horizontal_no_load_1100rpm,2718286,1102,268,1955,2563,4,50,1249103,9,551,75,1,3,,,,,,,,,,
2026-06-21T03:37:44.255784+00:00,S028,commissioning_unmounted,false,phase_asymmetry,mild,1100,phase_asymmetry-mild_horizontal_no_load_1100rpm,2718386,1101,269,1946,2558,2,50,1249147,9,551,74,1,2,,,,,,,,,,
2026-06-21T03:37:44.349147+00:00,S028,commissioning_unmounted,false,phase_asymmetry,mild,1100,phase_asymmetry-mild_horizontal_no_load_1100rpm,2718486,1102,270,1946,2560,1,50,1249191,9,551,74,1,2,,,,,,,,,,
2026-06-21T03:37:44.443038+00:00,S028,commissioning_unmounted,false,phase_asymmetry,mild,1100,phase_asymmetry-mild_horizontal_no_load_1100rpm,2718586,1102,271,1951,2566,6,50,1249236,9,551,75,1,2,,,,,,,,,,
2026-06-21T03:37:44.537961+00:00,S028,commissioning_unmounted,false,phase_asymmetry,mild,1100,phase_asymmetry-mild_horizontal_no_load_1100rpm,2718686,1101,268,1954,2563,3,50,1249280,9,551,74,1,2,,,,,,,,,,
2026-06-21T03:37:44.679443+00:00,S028,commissioning_unmounted,false,phase_asymmetry,mild,1100,phase_asymmetry-mild_horizontal_no_load_1100rpm,2718786,1102,270,1946,2560,5,50,1249324,9,551,74,0,1,,,,,,,,,,
2026-06-21T03:37:44.773161+00:00,S028,commissioning_unmounted,false,phase_asymmetry,mild,1100,phase_asymmetry-mild_horizontal_no_load_1100rpm,2718886,1102,267,1954,2560,6,50,1249368,9,551,74,0,1,,,,,,,,,,
2026-06-21T03:37:44.864688+00:00,S028,commissioning_unmounted,false,phase_asymmetry,mild,1100,phase_asymmetry-mild_horizontal_no_load_1100rpm,2718986,1102,269,1952,2563,3,50,1249412,9,551,74,0,2,,,,,,,,,,
2026-06-21T03:37:44.957810+00:00,S028,commissioning_unmounted,false,phase_asymmetry,mild,1100,phase_asymmetry-mild_horizontal_no_load_1100rpm,2719086,1102,271,1946,2561,5,50,1249456,9,551,74,1,2,,,,,,,,,,
2026-06-21T03:37:45.051303+00:00,S028,commissioning_unmounted,false,phase_asymmetry,mild,1100,phase_asymmetry-mild_horizontal_no_load_1100rpm,2719186,1103,270,1947,2561,6,50,1249500,9,551,75,0,2,,,,,,,,,,
2026-06-21T03:37:45.146407+00:00,S028,commissioning_unmounted,false,phase_asymmetry,mild,1100,phase_asymmetry-mild_horizontal_no_load_1100rpm,2719286,1103,270,1946,2558,3,50,1249544,9,551,75,0,2,,,,,,,,,,
2026-06-21T03:37:45.238734+00:00,S028,commissioning_unmounted,false,phase_asymmetry,mild,1100,phase_asymmetry-mild_horizontal_no_load_1100rpm,2719386,1103,269,1944,2555,5,50,1249588,9,551,75,1,2,,,,,,,,,,
2026-06-21T03:37:45.331579+00:00,S028,commissioning_unmounted,false,phase_asymmetry,mild,1100,phase_asymmetry-mild_horizontal_no_load_1100rpm,2719486,1102,270,1947,2560,6,50,1249632,9,551,74,0,1,,,,,,,,,,
2026-06-21T03:37:45.472385+00:00,S028,commissioning_unmounted,false,phase_asymmetry,mild,1100,phase_asymmetry-mild_horizontal_no_load_1100rpm,2719586,1102,272,1948,2566,1,50,1249677,9,551,74,1,1,,,,,,,,,,
2026-06-21T03:37:45.565333+00:00,S028,commissioning_unmounted,false,phase_asymmetry,mild,1100,phase_asymmetry-mild_horizontal_no_load_1100rpm,2719686,1102,268,1952,2560,4,50,1249721,9,551,74,0,3,,,,,,,,,,
2026-06-21T03:37:45.657671+00:00,S028,commissioning_unmounted,false,phase_asymmetry,mild,1100,phase_asymmetry-mild_horizontal_no_load_1100rpm,2719786,1103,270,1946,2558,2,50,1249765,9,551,75,0,3,,,,,,,,,,
2026-06-21T03:37:45.750786+00:00,S028,commissioning_unmounted,false,phase_asymmetry,mild,1100,phase_asymmetry-mild_horizontal_no_load_1100rpm,2719886,1103,271,1947,2561,1,50,1249809,9,551,75,0,2,,,,,,,,,,
2026-06-21T03:37:45.843634+00:00,S028,commissioning_unmounted,false,phase_asymmetry,mild,1100,phase_asymmetry-mild_horizontal_no_load_1100rpm,2719986,1101,271,1949,2566,4,50,1249853,9,551,75,0,2,,,,,,,,,,
2026-06-21T03:37:45.937283+00:00,S028,commissioning_unmounted,false,phase_asymmetry,mild,1100,phase_asymmetry-mild_horizontal_no_load_1100rpm,2720086,1101,267,1957,2563,2,50,1249897,9,551,75,0,2,,,,,,,,,,
2026-06-21T03:37:46.044628+00:00,S028,commissioning_unmounted,false,phase_asymmetry,mild,1100,phase_asymmetry-mild_horizontal_no_load_1100rpm,2720186,1102,268,1954,2563,1,50,1249941,9,551,75,0,2,,,,,,,,,,
2026-06-21T03:37:46.139532+00:00,S028,commissioning_unmounted,false,phase_asymmetry,mild,1100,phase_asymmetry-mild_horizontal_no_load_1100rpm,2720286,1101,268,1954,2564,4,50,1249985,9,551,74,0,1,,,,,,,,,,
2026-06-21T03:37:46.233058+00:00,S028,commissioning_unmounted,false,phase_asymmetry,mild,1100,phase_asymmetry-mild_horizontal_no_load_1100rpm,2720386,1102,270,1949,2563,2,50,1250029,9,551,75,0,2,,,,,,,,,,
2026-06-21T03:37:46.373662+00:00,S028,commissioning_unmounted,false,phase_asymmetry,mild,1100,phase_asymmetry-mild_horizontal_no_load_1100rpm,2720486,1102,268,1954,2563,1,50,1250073,9,551,74,1,2,,,,,,,,,,
2026-06-21T03:37:46.466702+00:00,S028,commissioning_unmounted,false,phase_asymmetry,mild,1100,phase_asymmetry-mild_horizontal_no_load_1100rpm,2720586,1102,271,1946,2561,6,50,1250118,9,551,74,1,2,,,,,,,,,,
2026-06-21T03:37:46.559350+00:00,S028,commissioning_unmounted,false,phase_asymmetry,mild,1100,phase_asymmetry-mild_horizontal_no_load_1100rpm,2720686,1102,269,1949,2560,3,50,1250162,9,551,74,0,2,,,,,,,,,,
2026-06-21T03:37:46.653236+00:00,S028,commissioning_unmounted,false,phase_asymmetry,mild,1100,phase_asymmetry-mild_horizontal_no_load_1100rpm,2720786,1102,267,1949,2555,5,50,1250206,9,551,74,1,2,,,,,,,,,,
2026-06-21T03:37:46.734248+00:00,S028,commissioning_unmounted,false,phase_asymmetry,mild,1100,phase_asymmetry-mild_horizontal_no_load_1100rpm,2720886,1102,272,1949,2566,6,50,1250250,9,551,75,1,2,,,,,,,,,,
2026-06-21T03:37:46.828201+00:00,S028,commissioning_unmounted,false,phase_asymmetry,mild,1100,phase_asymmetry-mild_horizontal_no_load_1100rpm,2720986,1102,269,1948,2560,3,50,1250294,9,551,75,1,2,,,,,,,,,,
2026-06-21T03:37:46.936862+00:00,S028,commissioning_unmounted,false,phase_asymmetry,mild,1100,phase_asymmetry-mild_horizontal_no_load_1100rpm,2721086,1103,266,1949,2552,5,50,1250338,9,551,74,1,2,,,,,,,,,,
2026-06-21T03:37:47.077863+00:00,S028,commissioning_unmounted,false,phase_asymmetry,mild,1100,phase_asymmetry-mild_horizontal_no_load_1100rpm,2721186,1102,271,1946,2561,6,50,1250382,9,551,75,0,2,,,,,,,,,,
2026-06-21T03:37:47.172754+00:00,S028,commissioning_unmounted,false,phase_asymmetry,mild,1100,phase_asymmetry-mild_horizontal_no_load_1100rpm,2721286,1102,270,1947,2561,3,50,1250426,9,551,75,1,2,,,,,,,,,,
2026-06-21T03:37:47.266773+00:00,S028,commissioning_unmounted,false,phase_asymmetry,mild,1100,phase_asymmetry-mild_horizontal_no_load_1100rpm,2721386,1103,270,1949,2561,5,50,1250470,9,551,75,0,2,,,,,,,,,,
2026-06-21T03:37:47.360196+00:00,S028,commissioning_unmounted,false,phase_asymmetry,mild,1100,phase_asymmetry-mild_horizontal_no_load_1100rpm,2721486,1102,268,1949,2558,6,50,1250514,9,551,75,1,2,,,,,,,,,,
2026-06-21T03:37:47.467758+00:00,S028,commissioning_unmounted,false,phase_asymmetry,mild,1100,phase_asymmetry-mild_horizontal_no_load_1100rpm,2721586,1101,272,1946,2563,1,50,1250559,9,551,75,1,2,,,,,,,,,,
2026-06-21T03:37:47.561165+00:00,S028,commissioning_unmounted,false,phase_asymmetry,mild,1100,phase_asymmetry-mild_horizontal_no_load_1100rpm,2721686,1102,266,1956,2561,4,50,1250603,9,551,74,1,2,,,,,,,,,,
2026-06-21T03:37:47.654343+00:00,S028,commissioning_unmounted,false,phase_asymmetry,mild,1100,phase_asymmetry-mild_horizontal_no_load_1100rpm,2721786,1103,270,1946,2558,2,50,1250647,9,551,75,0,2,,,,,,,,,,
2026-06-21T03:37:47.747816+00:00,S028,commissioning_unmounted,false,phase_asymmetry,mild,1100,phase_asymmetry-mild_horizontal_no_load_1100rpm,2721886,1102,269,1949,2561,1,50,1250691,9,551,74,0,2,,,,,,,,,,
2026-06-21T03:37:47.843092+00:00,S028,commissioning_unmounted,false,phase_asymmetry,mild,1100,phase_asymmetry-mild_horizontal_no_load_1100rpm,2721986,1103,267,1954,2561,4,50,1250735,9,551,74,0,2,,,,,,,,,,
2026-06-21T03:37:47.982942+00:00,S028,commissioning_unmounted,false,phase_asymmetry,mild,1100,phase_asymmetry-mild_horizontal_no_load_1100rpm,2722086,1102,271,1946,2561,2,50,1250779,9,551,74,0,1,,,,,,,,,,
2026-06-21T03:37:48.029660+00:00,S028,commissioning_unmounted,false,phase_asymmetry,mild,1100,phase_asymmetry-mild_horizontal_no_load_1100rpm,2722186,1102,268,1954,2563,1,50,1250823,9,551,74,1,2,,,,,,,,,,
2026-06-21T03:37:48.123276+00:00,S028,commissioning_unmounted,false,phase_asymmetry,mild,1100,phase_asymmetry-mild_horizontal_no_load_1100rpm,2722286,1101,269,1949,2560,4,50,1250867,9,551,74,1,1,,,,,,,,,,
2026-06-21T03:37:48.263815+00:00,S028,commissioning_unmounted,false,phase_asymmetry,mild,1100,phase_asymmetry-mild_horizontal_no_load_1100rpm,2722386,1103,269,1944,2555,2,50,1250911,9,551,75,0,2,,,,,,,,,,
2026-06-21T03:37:48.357837+00:00,S028,commissioning_unmounted,false,phase_asymmetry,mild,1100,phase_asymmetry-mild_horizontal_no_load_1100rpm,2722486,1101,273,1946,2566,5,50,1250956,9,551,75,1,2,,,,,,,,,,
2026-06-21T03:37:48.437665+00:00,S028,commissioning_unmounted,false,phase_asymmetry,mild,1100,phase_asymmetry-mild_horizontal_no_load_1100rpm,2722586,1102,269,1952,2563,6,50,1251000,9,551,75,0,2,,,,,,,,,,
2026-06-21T03:37:48.543628+00:00,S028,commissioning_unmounted,false,phase_asymmetry,mild,1100,phase_asymmetry-mild_horizontal_no_load_1100rpm,2722686,1102,268,1954,2563,3,50,1251044,9,551,75,1,2,,,,,,,,,,
2026-06-21T03:37:48.639238+00:00,S028,commissioning_unmounted,false,phase_asymmetry,mild,1100,phase_asymmetry-mild_horizontal_no_load_1100rpm,2722786,1101,265,1959,2561,5,50,1251088,9,551,74,1,2,,,,,,,,,,
2026-06-21T03:37:48.733195+00:00,S028,commissioning_unmounted,false,phase_asymmetry,mild,1100,phase_asymmetry-mild_horizontal_no_load_1100rpm,2722886,1102,264,1960,2560,6,50,1251132,9,551,74,1,2,,,,,,,,,,
2026-06-21T03:37:48.826613+00:00,S028,commissioning_unmounted,false,phase_asymmetry,mild,1100,phase_asymmetry-mild_horizontal_no_load_1100rpm,2722986,1103,264,1951,2550,3,50,1251176,9,551,74,1,2,,,,,,,,,,
2026-06-21T03:37:48.966450+00:00,S028,commissioning_unmounted,false,phase_asymmetry,mild,1100,phase_asymmetry-mild_horizontal_no_load_1100rpm,2723086,1102,271,1949,2565,5,50,1251220,9,551,75,0,2,,,,,,,,,,
2026-06-21T03:37:49.060778+00:00,S028,commissioning_unmounted,false,phase_asymmetry,mild,1100,phase_asymmetry-mild_horizontal_no_load_1100rpm,2723186,1101,271,1951,2566,6,50,1251264,9,551,75,1,2,,,,,,,,,,
2026-06-21T03:37:49.154019+00:00,S028,commissioning_unmounted,false,phase_asymmetry,mild,1100,phase_asymmetry-mild_horizontal_no_load_1100rpm,2723286,1103,266,1949,2553,3,50,1251308,9,551,74,1,2,,,,,,,,,,
2026-06-21T03:37:49.247654+00:00,S028,commissioning_unmounted,false,phase_asymmetry,mild,1100,phase_asymmetry-mild_horizontal_no_load_1100rpm,2723386,1102,269,1954,2566,4,50,1251353,9,551,74,1,2,,,,,,,,,,
2026-06-21T03:37:49.340450+00:00,S028,commissioning_unmounted,false,phase_asymmetry,mild,1100,phase_asymmetry-mild_horizontal_no_load_1100rpm,2723486,1103,271,1943,2558,2,50,1251397,9,551,75,0,2,,,,,,,,,,
2026-06-21T03:37:49.434776+00:00,S028,commissioning_unmounted,false,phase_asymmetry,mild,1100,phase_asymmetry-mild_horizontal_no_load_1100rpm,2723586,1101,267,1957,2563,1,50,1251441,9,551,75,1,2,,,,,,,,,,
2026-06-21T03:37:49.528336+00:00,S028,commissioning_unmounted,false,phase_asymmetry,mild,1100,phase_asymmetry-mild_horizontal_no_load_1100rpm,2723686,1102,268,1954,2563,4,50,1251485,9,551,74,1,1,,,,,,,,,,
2026-06-21T03:37:49.620748+00:00,S028,commissioning_unmounted,false,phase_asymmetry,mild,1100,phase_asymmetry-mild_horizontal_no_load_1100rpm,2723786,1102,266,1954,2558,2,50,1251529,9,551,74,1,2,,,,,,,,,,
2026-06-21T03:37:49.762382+00:00,S028,commissioning_unmounted,false,phase_asymmetry,mild,1100,phase_asymmetry-mild_horizontal_no_load_1100rpm,2723886,1102,270,1951,2563,1,50,1251573,9,551,75,0,1,,,,,,,,,,
2026-06-21T03:37:49.854069+00:00,S028,commissioning_unmounted,false,phase_asymmetry,mild,1100,phase_asymmetry-mild_horizontal_no_load_1100rpm,2723986,1102,271,1944,2560,4,50,1251617,9,551,74,0,1,,,,,,,,,,
2026-06-21T03:37:49.949196+00:00,S028,commissioning_unmounted,false,phase_asymmetry,mild,1100,phase_asymmetry-mild_horizontal_no_load_1100rpm,2724086,1102,265,1956,2558,2,50,1251661,9,551,74,1,2,,,,,,,,,,
2026-06-21T03:37:50.041688+00:00,S028,commissioning_unmounted,false,phase_asymmetry,mild,1100,phase_asymmetry-mild_horizontal_no_load_1100rpm,2724186,1103,270,1946,2558,1,50,1251705,9,551,74,0,1,,,,,,,,,,
2026-06-21T03:37:50.134735+00:00,S028,commissioning_unmounted,false,phase_asymmetry,mild,1100,phase_asymmetry-mild_horizontal_no_load_1100rpm,2724286,1103,272,1943,2561,4,50,1251749,9,551,75,0,3,,,,,,,,,,
2026-06-21T03:37:50.227970+00:00,S028,commissioning_unmounted,false,phase_asymmetry,mild,1100,phase_asymmetry-mild_horizontal_no_load_1100rpm,2724386,1101,270,1947,2560,3,50,1251794,9,551,74,0,2,,,,,,,,,,
2026-06-21T03:37:50.366996+00:00,S028,commissioning_unmounted,false,phase_asymmetry,mild,1100,phase_asymmetry-mild_horizontal_no_load_1100rpm,2724486,1103,268,1947,2555,5,50,1251838,9,551,75,1,2,,,,,,,,,,
2026-06-21T03:37:50.460187+00:00,S028,commissioning_unmounted,false,phase_asymmetry,mild,1100,phase_asymmetry-mild_horizontal_no_load_1100rpm,2724586,1102,266,1954,2558,6,50,1251882,9,551,74,0,1,,,,,,,,,,
2026-06-21T03:37:50.555247+00:00,S028,commissioning_unmounted,false,phase_asymmetry,mild,1100,phase_asymmetry-mild_horizontal_no_load_1100rpm,2724686,1102,270,1951,2564,3,50,1251926,9,551,75,0,2,,,,,,,,,,
2026-06-21T03:37:50.649835+00:00,S028,commissioning_unmounted,false,phase_asymmetry,mild,1100,phase_asymmetry-mild_horizontal_no_load_1100rpm,2724786,1102,269,1951,2561,5,50,1251970,9,551,75,0,2,,,,,,,,,,
2026-06-21T03:37:50.742516+00:00,S028,commissioning_unmounted,false,phase_asymmetry,mild,1100,phase_asymmetry-mild_horizontal_no_load_1100rpm,2724886,1102,270,1949,2563,6,50,1252014,9,551,75,1,2,,,,,,,,,,
2026-06-21T03:37:50.836664+00:00,S028,commissioning_unmounted,false,phase_asymmetry,mild,1100,phase_asymmetry-mild_horizontal_no_load_1100rpm,2724986,1101,268,1954,2563,3,50,1252058,9,551,74,0,2,,,,,,,,,,
2026-06-21T03:37:50.930471+00:00,S028,commissioning_unmounted,false,phase_asymmetry,mild,1100,phase_asymmetry-mild_horizontal_no_load_1100rpm,2725086,1102,268,1951,2561,5,50,1252102,9,551,75,1,2,,,,,,,,,,
2026-06-21T03:37:51.024695+00:00,S028,commissioning_unmounted,false,phase_asymmetry,mild,1100,phase_asymmetry-mild_horizontal_no_load_1100rpm,2725186,1102,269,1949,2561,6,50,1252146,9,551,74,0,1,,,,,,,,,,
2026-06-21T03:37:51.117768+00:00,S028,commissioning_unmounted,false,phase_asymmetry,mild,1100,phase_asymmetry-mild_horizontal_no_load_1100rpm,2725286,1102,268,1946,2556,3,50,1252190,9,551,74,1,2,,,,,,,,,,
2026-06-21T03:37:51.259178+00:00,S028,commissioning_unmounted,false,phase_asymmetry,mild,1100,phase_asymmetry-mild_horizontal_no_load_1100rpm,2725386,1102,270,1947,2560,4,50,1252235,9,551,75,0,2,,,,,,,,,,
2026-06-21T03:37:51.352494+00:00,S028,commissioning_unmounted,false,phase_asymmetry,mild,1100,phase_asymmetry-mild_horizontal_no_load_1100rpm,2725486,1103,269,1951,2561,2,50,1252279,9,551,74,0,1,,,,,,,,,,
2026-06-21T03:37:51.443731+00:00,S028,commissioning_unmounted,false,phase_asymmetry,mild,1100,phase_asymmetry-mild_horizontal_no_load_1100rpm,2725586,1102,269,1954,2564,1,50,1252323,9,551,74,0,2,,,,,,,,,,
2026-06-21T03:37:51.536829+00:00,S028,commissioning_unmounted,false,phase_asymmetry,mild,1100,phase_asymmetry-mild_horizontal_no_load_1100rpm,2725686,1103,270,1946,2558,4,50,1252367,9,551,75,0,2,,,,,,,,,,
2026-06-21T03:37:51.631590+00:00,S028,commissioning_unmounted,false,phase_asymmetry,mild,1100,phase_asymmetry-mild_horizontal_no_load_1100rpm,2725786,1101,269,1951,2563,2,50,1252411,9,551,75,1,3,,,,,,,,,,
2026-06-21T03:37:51.724727+00:00,S028,commissioning_unmounted,false,phase_asymmetry,mild,1100,phase_asymmetry-mild_horizontal_no_load_1100rpm,2725886,1102,268,1954,2563,1,50,1252455,9,551,74,0,2,,,,,,,,,,
2026-06-21T03:37:51.818350+00:00,S028,commissioning_unmounted,false,phase_asymmetry,mild,1100,phase_asymmetry-mild_horizontal_no_load_1100rpm,2725986,1102,268,1952,2560,4,50,1252499,9,551,74,1,2,,,,,,,,,,
2026-06-21T03:37:51.959152+00:00,S028,commissioning_unmounted,false,phase_asymmetry,mild,1100,phase_asymmetry-mild_horizontal_no_load_1100rpm,2726086,1102,270,1947,2560,2,50,1252543,9,551,75,0,2,,,,,,,,,,
2026-06-21T03:37:52.053204+00:00,S028,commissioning_unmounted,false,phase_asymmetry,mild,1100,phase_asymmetry-mild_horizontal_no_load_1100rpm,2726186,1102,270,1948,2561,1,50,1252587,9,551,74,0,2,,,,,,,,,,
2026-06-21T03:37:52.145872+00:00,S028,commissioning_unmounted,false,phase_asymmetry,mild,1100,phase_asymmetry-mild_horizontal_no_load_1100rpm,2726286,1102,269,1952,2563,4,50,1252631,9,551,75,1,2,,,,,,,,,,
2026-06-21T03:37:52.240336+00:00,S028,commissioning_unmounted,false,phase_asymmetry,mild,1100,phase_asymmetry-mild_horizontal_no_load_1100rpm,2726386,1102,269,1952,2563,3,50,1252676,9,551,75,1,2,,,,,,,,,,
2026-06-21T03:37:52.332458+00:00,S028,commissioning_unmounted,false,phase_asymmetry,mild,1100,phase_asymmetry-mild_horizontal_no_load_1100rpm,2726486,1103,270,1947,2560,5,50,1252720,9,551,75,0,2,,,,,,,,,,
2026-06-21T03:37:52.425721+00:00,S028,commissioning_unmounted,false,phase_asymmetry,mild,1100,phase_asymmetry-mild_horizontal_no_load_1100rpm,2726586,1102,269,1949,2561,6,50,1252764,9,551,74,0,2,,,,,,,,,,
2026-06-21T03:37:52.519713+00:00,S028,commissioning_unmounted,false,phase_asymmetry,mild,1100,phase_asymmetry-mild_horizontal_no_load_1100rpm,2726686,1102,267,1952,2558,3,50,1252808,9,551,74,0,2,,,,,,,,,,
2026-06-21T03:37:52.613791+00:00,S028,commissioning_unmounted,false,phase_asymmetry,mild,1100,phase_asymmetry-mild_horizontal_no_load_1100rpm,2726786,1102,270,1949,2563,5,50,1252852,9,551,75,1,3,,,,,,,,,,
2026-06-21T03:37:52.754769+00:00,S028,commissioning_unmounted,false,phase_asymmetry,mild,1100,phase_asymmetry-mild_horizontal_no_load_1100rpm,2726886,1102,269,1954,2565,6,50,1252896,9,551,75,1,2,,,,,,,,,,
2026-06-21T03:37:52.846509+00:00,S028,commissioning_unmounted,false,phase_asymmetry,mild,1100,phase_asymmetry-mild_horizontal_no_load_1100rpm,2726986,1103,271,1947,2563,3,50,1252940,9,551,75,1,2,,,,,,,,,,
2026-06-21T03:37:52.939188+00:00,S028,commissioning_unmounted,false,phase_asymmetry,mild,1100,phase_asymmetry-mild_horizontal_no_load_1100rpm,2727086,1102,267,1949,2555,5,50,1252984,9,551,74,1,2,,,,,,,,,,
2026-06-21T03:37:53.034943+00:00,S028,commissioning_unmounted,false,phase_asymmetry,mild,1100,phase_asymmetry-mild_horizontal_no_load_1100rpm,2727186,1101,270,1948,2561,6,50,1253028,9,551,74,1,1,,,,,,,,,,
2026-06-21T03:37:53.127070+00:00,S028,commissioning_unmounted,false,phase_asymmetry,mild,1100,phase_asymmetry-mild_horizontal_no_load_1100rpm,2727286,1102,268,1946,2555,1,50,1253073,9,551,75,1,3,,,,,,,,,,
2026-06-21T03:37:53.221958+00:00,S028,commissioning_unmounted,false,phase_asymmetry,mild,1100,phase_asymmetry-mild_horizontal_no_load_1100rpm,2727386,1102,267,1952,2558,4,50,1253117,9,551,74,1,2,,,,,,,,,,
2026-06-21T03:37:53.316747+00:00,S028,commissioning_unmounted,false,phase_asymmetry,mild,1100,phase_asymmetry-mild_horizontal_no_load_1100rpm,2727486,1103,265,1957,2558,2,50,1253161,9,551,74,1,2,,,,,,,,,,
2026-06-21T03:37:53.411940+00:00,S028,commissioning_unmounted,false,phase_asymmetry,mild,1100,phase_asymmetry-mild_horizontal_no_load_1100rpm,2727586,1102,268,1947,2555,1,50,1253205,9,551,74,1,1,,,,,,,,,,
2026-06-21T03:37:53.552823+00:00,S028,commissioning_unmounted,false,phase_asymmetry,mild,1100,phase_asymmetry-mild_horizontal_no_load_1100rpm,2727686,1101,270,1954,2568,4,50,1253249,9,551,75,1,2,,,,,,,,,,
2026-06-21T03:37:53.646672+00:00,S028,commissioning_unmounted,false,phase_asymmetry,mild,1100,phase_asymmetry-mild_horizontal_no_load_1100rpm,2727786,1102,265,1959,2561,2,50,1253293,9,551,74,0,2,,,,,,,,,,
2026-06-21T03:37:53.741222+00:00,S028,commissioning_unmounted,false,phase_asymmetry,mild,1100,phase_asymmetry-mild_horizontal_no_load_1100rpm,2727886,1102,272,1944,2561,1,50,1253337,9,551,75,1,1,,,,,,,,,,
2026-06-21T03:37:53.834700+00:00,S028,commissioning_unmounted,false,phase_asymmetry,mild,1100,phase_asymmetry-mild_horizontal_no_load_1100rpm,2727986,1103,266,1949,2552,4,50,1253381,9,551,74,2,2,,,,,,,,,,
2026-06-21T03:37:53.927483+00:00,S028,commissioning_unmounted,false,phase_asymmetry,mild,1100,phase_asymmetry-mild_horizontal_no_load_1100rpm,2728086,1102,264,1960,2560,2,50,1253425,9,551,74,1,1,,,,,,,,,,
2026-06-21T03:37:54.022410+00:00,S028,commissioning_unmounted,false,phase_asymmetry,mild,1100,phase_asymmetry-mild_horizontal_no_load_1100rpm,2728186,1102,268,1948,2558,1,50,1253469,9,551,74,1,1,,,,,,,,,,
2026-06-21T03:37:54.116781+00:00,S028,commissioning_unmounted,false,phase_asymmetry,mild,1100,phase_asymmetry-mild_horizontal_no_load_1100rpm,2728286,1101,268,1957,2566,6,50,1253514,9,551,74,1,1,,,,,,,,,,
2026-06-21T03:37:54.210164+00:00,S028,commissioning_unmounted,false,phase_asymmetry,mild,1100,phase_asymmetry-mild_horizontal_no_load_1100rpm,2728386,1103,272,1946,2563,3,50,1253558,9,551,75,1,2,,,,,,,,,,
2026-06-21T03:37:54.349814+00:00,S028,commissioning_unmounted,false,phase_asymmetry,mild,1100,phase_asymmetry-mild_horizontal_no_load_1100rpm,2728486,1103,268,1946,2555,5,50,1253602,9,551,75,0,3,,,,,,,,,,
2026-06-21T03:37:54.443624+00:00,S028,commissioning_unmounted,false,phase_asymmetry,mild,1100,phase_asymmetry-mild_horizontal_no_load_1100rpm,2728586,1102,267,1949,2555,6,50,1253646,9,551,74,1,2,,,,,,,,,,
2026-06-21T03:37:54.536030+00:00,S028,commissioning_unmounted,false,phase_asymmetry,mild,1100,phase_asymmetry-mild_horizontal_no_load_1100rpm,2728686,1101,267,1957,2563,3,50,1253690,9,551,74,1,2,,,,,,,,,,
2026-06-21T03:37:54.629149+00:00,S028,commissioning_unmounted,false,phase_asymmetry,mild,1100,phase_asymmetry-mild_horizontal_no_load_1100rpm,2728786,1102,270,1948,2560,5,50,1253734,9,551,74,0,2,,,,,,,,,,
2026-06-21T03:37:54.724001+00:00,S028,commissioning_unmounted,false,phase_asymmetry,mild,1100,phase_asymmetry-mild_horizontal_no_load_1100rpm,2728886,1102,266,1956,2561,6,50,1253778,9,551,74,1,1,,,,,,,,,,
2026-06-21T03:37:54.818351+00:00,S028,commissioning_unmounted,false,phase_asymmetry,mild,1100,phase_asymmetry-mild_horizontal_no_load_1100rpm,2728986,1102,271,1951,2566,3,50,1253822,9,551,75,1,2,,,,,,,,,,
2026-06-21T03:37:54.911643+00:00,S028,commissioning_unmounted,false,phase_asymmetry,mild,1100,phase_asymmetry-mild_horizontal_no_load_1100rpm,2729086,1103,270,1947,2561,5,50,1253866,9,551,75,0,2,,,,,,,,,,
2026-06-21T03:37:55.051379+00:00,S028,commissioning_unmounted,false,phase_asymmetry,mild,1100,phase_asymmetry-mild_horizontal_no_load_1100rpm,2729186,1102,267,1951,2558,2,50,1253911,9,551,75,1,2,,,,,,,,,,
2026-06-21T03:37:55.145423+00:00,S028,commissioning_unmounted,false,phase_asymmetry,mild,1100,phase_asymmetry-mild_horizontal_no_load_1100rpm,2729286,1102,269,1947,2558,1,50,1253955,9,551,75,0,2,,,,,,,,,,
2026-06-21T03:37:55.238034+00:00,S028,commissioning_unmounted,false,phase_asymmetry,mild,1100,phase_asymmetry-mild_horizontal_no_load_1100rpm,2729386,1102,270,1952,2565,4,50,1253999,9,551,75,0,3,,,,,,,,,,
2026-06-21T03:37:55.330651+00:00,S028,commissioning_unmounted,false,phase_asymmetry,mild,1100,phase_asymmetry-mild_horizontal_no_load_1100rpm,2729486,1102,267,1949,2555,2,50,1254043,9,551,74,1,2,,,,,,,,,,
2026-06-21T03:37:55.422695+00:00,S028,commissioning_unmounted,false,phase_asymmetry,mild,1100,phase_asymmetry-mild_horizontal_no_load_1100rpm,2729586,1102,270,1948,2561,1,50,1254087,9,551,74,0,2,,,,,,,,,,
2026-06-21T03:37:55.515807+00:00,S028,commissioning_unmounted,false,phase_asymmetry,mild,1100,phase_asymmetry-mild_horizontal_no_load_1100rpm,2729686,1102,267,1951,2558,4,50,1254131,9,551,74,1,2,,,,,,,,,,
2026-06-21T03:37:55.610347+00:00,S028,commissioning_unmounted,false,phase_asymmetry,mild,1100,phase_asymmetry-mild_horizontal_no_load_1100rpm,2729786,1103,267,1954,2561,2,50,1254175,9,551,75,1,2,,,,,,,,,,
2026-06-21T03:37:55.703261+00:00,S028,commissioning_unmounted,false,phase_asymmetry,mild,1100,phase_asymmetry-mild_horizontal_no_load_1100rpm,2729886,1101,271,1951,2566,1,50,1254219,9,551,75,1,2,,,,,,,,,,
2026-06-21T03:37:55.812835+00:00,S028,commissioning_unmounted,false,phase_asymmetry,mild,1100,phase_asymmetry-mild_horizontal_no_load_1100rpm,2729986,1102,272,1946,2563,4,50,1254263,9,551,75,0,2,,,,,,,,,,
2026-06-21T03:37:55.905947+00:00,S028,commissioning_unmounted,false,phase_asymmetry,mild,1100,phase_asymmetry-mild_horizontal_no_load_1100rpm,2730086,1103,269,1947,2558,3,50,1254308,9,551,75,1,2,,,,,,,,,,
2026-06-21T03:37:56.013936+00:00,S028,commissioning_unmounted,false,phase_asymmetry,mild,1100,phase_asymmetry-mild_horizontal_no_load_1100rpm,2730186,1101,267,1957,2565,5,50,1254352,9,551,74,1,2,,,,,,,,,,
2026-06-21T03:37:56.108432+00:00,S028,commissioning_unmounted,false,phase_asymmetry,mild,1100,phase_asymmetry-mild_horizontal_no_load_1100rpm,2730286,1102,272,1948,2566,6,50,1254396,9,551,75,0,2,,,,,,,,,,
2026-06-21T03:37:56.203676+00:00,S028,commissioning_unmounted,false,phase_asymmetry,mild,1100,phase_asymmetry-mild_horizontal_no_load_1100rpm,2730386,1102,269,1954,2566,3,50,1254440,9,551,75,1,2,,,,,,,,,,
2026-06-21T03:37:56.358378+00:00,S028,commissioning_unmounted,false,phase_asymmetry,mild,1100,phase_asymmetry-mild_horizontal_no_load_1100rpm,2730486,1103,269,1947,2558,5,50,1254484,9,551,74,1,1,,,,,,,,,,
2026-06-21T03:37:56.405118+00:00,S028,commissioning_unmounted,false,phase_asymmetry,mild,1100,phase_asymmetry-mild_horizontal_no_load_1100rpm,2730586,1101,266,1957,2561,6,50,1254528,9,551,74,1,2,,,,,,,,,,
2026-06-21T03:37:56.543492+00:00,S028,commissioning_unmounted,false,phase_asymmetry,mild,1100,phase_asymmetry-mild_horizontal_no_load_1100rpm,2730686,1102,267,1954,2560,3,50,1254572,9,551,74,1,2,,,,,,,,,,
2026-06-21T03:37:56.637415+00:00,S028,commissioning_unmounted,false,phase_asymmetry,mild,1100,phase_asymmetry-mild_horizontal_no_load_1100rpm,2730786,1102,268,1949,2558,5,50,1254616,9,551,74,1,1,,,,,,,,,,
2026-06-21T03:37:56.731261+00:00,S028,commissioning_unmounted,false,phase_asymmetry,mild,1100,phase_asymmetry-mild_horizontal_no_load_1100rpm,2730886,1102,267,1957,2563,6,50,1254660,9,551,74,1,2,,,,,,,,,,
2026-06-21T03:37:56.824786+00:00,S028,commissioning_unmounted,false,phase_asymmetry,mild,1100,phase_asymmetry-mild_horizontal_no_load_1100rpm,2730986,1102,267,1951,2558,3,50,1254704,9,551,74,0,2,,,,,,,,,,
2026-06-21T03:37:56.917796+00:00,S028,commissioning_unmounted,false,phase_asymmetry,mild,1100,phase_asymmetry-mild_horizontal_no_load_1100rpm,2731086,1103,269,1951,2561,4,50,1254749,9,551,75,1,3,,,,,,,,,,
2026-06-21T03:37:57.011417+00:00,S028,commissioning_unmounted,false,phase_asymmetry,mild,1100,phase_asymmetry-mild_horizontal_no_load_1100rpm,2731186,1102,269,1949,2560,2,50,1254793,9,551,74,1,2,,,,,,,,,,
2026-06-21T03:37:57.104983+00:00,S028,commissioning_unmounted,false,phase_asymmetry,mild,1100,phase_asymmetry-mild_horizontal_no_load_1100rpm,2731286,1102,265,1957,2558,1,50,1254837,9,551,74,1,2,,,,,,,,,,
2026-06-21T03:37:57.243942+00:00,S028,commissioning_unmounted,false,phase_asymmetry,mild,1100,phase_asymmetry-mild_horizontal_no_load_1100rpm,2731386,1103,271,1943,2558,4,50,1254881,9,551,75,1,2,,,,,,,,,,
2026-06-21T03:37:57.336626+00:00,S028,commissioning_unmounted,false,phase_asymmetry,mild,1100,phase_asymmetry-mild_horizontal_no_load_1100rpm,2731486,1102,266,1954,2558,2,50,1254925,9,551,74,1,2,,,,,,,,,,
2026-06-21T03:37:57.429916+00:00,S028,commissioning_unmounted,false,phase_asymmetry,mild,1100,phase_asymmetry-mild_horizontal_no_load_1100rpm,2731586,1103,268,1946,2555,1,50,1254969,9,551,75,1,2,,,,,,,,,,
2026-06-21T03:37:57.522857+00:00,S028,commissioning_unmounted,false,phase_asymmetry,mild,1100,phase_asymmetry-mild_horizontal_no_load_1100rpm,2731686,1102,268,1954,2563,4,50,1255013,9,551,74,1,2,,,,,,,,,,
2026-06-21T03:37:57.617446+00:00,S028,commissioning_unmounted,false,phase_asymmetry,mild,1100,phase_asymmetry-mild_horizontal_no_load_1100rpm,2731786,1102,269,1951,2563,2,50,1255057,9,551,75,0,2,,,,,,,,,,
2026-06-21T03:37:57.711066+00:00,S028,commissioning_unmounted,false,phase_asymmetry,mild,1100,phase_asymmetry-mild_horizontal_no_load_1100rpm,2731886,1102,263,1960,2558,1,50,1255101,9,551,74,1,2,,,,,,,,,,
2026-06-21T03:37:57.804117+00:00,S028,commissioning_unmounted,false,phase_asymmetry,mild,1100,phase_asymmetry-mild_horizontal_no_load_1100rpm,2731986,1102,271,1951,2566,6,50,1255146,9,551,75,1,2,,,,,,,,,,
2026-06-21T03:37:57.896855+00:00,S028,commissioning_unmounted,false,phase_asymmetry,mild,1100,phase_asymmetry-mild_horizontal_no_load_1100rpm,2732086,1102,269,1951,2563,3,50,1255190,9,551,75,1,3,,,,,,,,,,
2026-06-21T03:37:58.038146+00:00,S028,commissioning_unmounted,false,phase_asymmetry,mild,1100,phase_asymmetry-mild_horizontal_no_load_1100rpm,2732186,1102,269,1951,2561,5,50,1255234,9,551,74,0,1,,,,,,,,,,
2026-06-21T03:37:58.131456+00:00,S028,commissioning_unmounted,false,phase_asymmetry,mild,1100,phase_asymmetry-mild_horizontal_no_load_1100rpm,2732286,1102,271,1951,2566,6,50,1255278,9,551,75,1,2,,,,,,,,,,
2026-06-21T03:37:58.225675+00:00,S028,commissioning_unmounted,false,phase_asymmetry,mild,1100,phase_asymmetry-mild_horizontal_no_load_1100rpm,2732386,1102,269,1949,2560,3,50,1255322,9,551,74,1,2,,,,,,,,,,
2026-06-21T03:37:58.318409+00:00,S028,commissioning_unmounted,false,phase_asymmetry,mild,1100,phase_asymmetry-mild_horizontal_no_load_1100rpm,2732486,1103,272,1946,2563,5,50,1255366,9,551,75,0,2,,,,,,,,,,
2026-06-21T03:37:58.413052+00:00,S028,commissioning_unmounted,false,phase_asymmetry,mild,1100,phase_asymmetry-mild_horizontal_no_load_1100rpm,2732586,1103,268,1947,2555,6,50,1255410,9,551,75,0,3,,,,,,,,,,
2026-06-21T03:37:58.505731+00:00,S028,commissioning_unmounted,false,phase_asymmetry,mild,1100,phase_asymmetry-mild_horizontal_no_load_1100rpm,2732686,1102,269,1949,2561,3,50,1255454,9,551,74,0,1,,,,,,,,,,
2026-06-21T03:37:58.600571+00:00,S028,commissioning_unmounted,false,phase_asymmetry,mild,1100,phase_asymmetry-mild_horizontal_no_load_1100rpm,2732786,1102,269,1949,2560,5,50,1255498,9,551,75,1,3,,,,,,,,,,
2026-06-21T03:37:58.694494+00:00,S028,commissioning_unmounted,false,phase_asymmetry,mild,1100,phase_asymmetry-mild_horizontal_no_load_1100rpm,2732886,1103,270,1947,2561,2,50,1255543,9,551,75,0,2,,,,,,,,,,
2026-06-21T03:37:58.832608+00:00,S028,commissioning_unmounted,false,phase_asymmetry,mild,1100,phase_asymmetry-mild_horizontal_no_load_1100rpm,2732986,1102,269,1949,2561,1,50,1255587,9,551,74,1,2,,,,,,,,,,
2026-06-21T03:37:58.925731+00:00,S028,commissioning_unmounted,false,phase_asymmetry,mild,1100,phase_asymmetry-mild_horizontal_no_load_1100rpm,2733086,1102,267,1954,2561,4,50,1255631,9,551,74,0,2,,,,,,,,,,
2026-06-21T03:37:59.019339+00:00,S028,commissioning_unmounted,false,phase_asymmetry,mild,1100,phase_asymmetry-mild_horizontal_no_load_1100rpm,2733186,1102,266,1957,2561,2,50,1255675,9,551,74,0,2,,,,,,,,,,
2026-06-21T03:37:59.113728+00:00,S028,commissioning_unmounted,false,phase_asymmetry,mild,1100,phase_asymmetry-mild_horizontal_no_load_1100rpm,2733286,1102,270,1948,2561,1,50,1255719,9,551,74,1,2,,,,,,,,,,
2026-06-21T03:37:59.206906+00:00,S028,commissioning_unmounted,false,phase_asymmetry,mild,1100,phase_asymmetry-mild_horizontal_no_load_1100rpm,2733386,1102,269,1949,2560,4,50,1255763,9,551,74,0,1,,,,,,,,,,
2026-06-21T03:37:59.300131+00:00,S028,commissioning_unmounted,false,phase_asymmetry,mild,1100,phase_asymmetry-mild_horizontal_no_load_1100rpm,2733486,1103,271,1946,2561,2,50,1255807,9,551,75,1,2,,,,,,,,,,
2026-06-21T03:37:59.393778+00:00,S028,commissioning_unmounted,false,phase_asymmetry,mild,1100,phase_asymmetry-mild_horizontal_no_load_1100rpm,2733586,1102,267,1957,2563,1,50,1255851,9,551,74,0,1,,,,,,,,,,
2026-06-21T03:37:59.534696+00:00,S028,commissioning_unmounted,false,phase_asymmetry,mild,1100,phase_asymmetry-mild_horizontal_no_load_1100rpm,2733686,1101,271,1951,2568,4,50,1255895,9,551,76,0,3,,,,,,,,,,
2026-06-21T03:37:59.627834+00:00,S028,commissioning_unmounted,false,phase_asymmetry,mild,1100,phase_asymmetry-mild_horizontal_no_load_1100rpm,2733786,1103,267,1957,2563,3,50,1255940,9,551,75,0,2,,,,,,,,,,
2026-06-21T03:37:59.723939+00:00,S028,commissioning_unmounted,false,phase_asymmetry,mild,1100,phase_asymmetry-mild_horizontal_no_load_1100rpm,2733886,1103,269,1952,2563,5,50,1255984,9,551,75,0,2,,,,,,,,,,
2026-06-21T03:37:59.817521+00:00,S028,commissioning_unmounted,false,phase_asymmetry,mild,1100,phase_asymmetry-mild_horizontal_no_load_1100rpm,2733986,1101,267,1949,2555,6,50,1256028,9,551,74,0,2,,,,,,,,,,
2026-06-21T03:37:59.910800+00:00,S028,commissioning_unmounted,false,phase_asymmetry,mild,1100,phase_asymmetry-mild_horizontal_no_load_1100rpm,2734086,1102,269,1952,2563,3,50,1256072,9,551,75,0,2,,,,,,,,,,
2026-06-21T03:38:00.004659+00:00,S028,commissioning_unmounted,false,phase_asymmetry,mild,1100,phase_asymmetry-mild_horizontal_no_load_1100rpm,2734186,1102,270,1946,2560,5,50,1256116,9,551,75,1,3,,,,,,,,,,
2026-06-21T03:38:00.099190+00:00,S028,commissioning_unmounted,false,phase_asymmetry,mild,1100,phase_asymmetry-mild_horizontal_no_load_1100rpm,2734286,1102,268,1949,2558,6,50,1256160,9,551,74,0,2,,,,,,,,,,
2026-06-21T03:38:00.193069+00:00,S028,commissioning_unmounted,false,phase_asymmetry,mild,1100,phase_asymmetry-mild_horizontal_no_load_1100rpm,2734386,1102,269,1946,2556,3,50,1256204,9,551,75,0,2,,,,,,,,,,
2026-06-21T03:38:00.335265+00:00,S028,commissioning_unmounted,false,phase_asymmetry,mild,1100,phase_asymmetry-mild_horizontal_no_load_1100rpm,2734486,1103,268,1952,2560,5,50,1256248,9,551,75,0,1,,,,,,,,,,
2026-06-21T03:38:00.428729+00:00,S028,commissioning_unmounted,false,phase_asymmetry,mild,1100,phase_asymmetry-mild_horizontal_no_load_1100rpm,2734586,1102,266,1956,2561,6,50,1256292,9,551,74,1,2,,,,,,,,,,
2026-06-21T03:38:00.522867+00:00,S028,commissioning_unmounted,false,phase_asymmetry,mild,1100,phase_asymmetry-mild_horizontal_no_load_1100rpm,2734686,1102,270,1946,2560,3,50,1256336,9,551,74,0,2,,,,,,,,,,
2026-06-21T03:38:00.616475+00:00,S028,commissioning_unmounted,false,phase_asymmetry,mild,1100,phase_asymmetry-mild_horizontal_no_load_1100rpm,2734786,1103,271,1946,2561,4,50,1256381,9,551,75,0,2,,,,,,,,,,
2026-06-21T03:38:00.709472+00:00,S028,commissioning_unmounted,false,phase_asymmetry,mild,1100,phase_asymmetry-mild_horizontal_no_load_1100rpm,2734886,1102,272,1943,2561,2,50,1256425,9,551,75,1,2,,,,,,,,,,
2026-06-21T03:38:00.802770+00:00,S028,commissioning_unmounted,false,phase_asymmetry,mild,1100,phase_asymmetry-mild_horizontal_no_load_1100rpm,2734986,1102,270,1949,2563,1,50,1256469,9,551,75,1,2,,,,,,,,,,
2026-06-21T03:38:00.896805+00:00,S028,commissioning_unmounted,false,phase_asymmetry,mild,1100,phase_asymmetry-mild_horizontal_no_load_1100rpm,2735086,1103,267,1954,2561,4,50,1256513,9,551,74,1,2,,,,,,,,,,
2026-06-21T03:38:00.991165+00:00,S028,commissioning_unmounted,false,phase_asymmetry,mild,1100,phase_asymmetry-mild_horizontal_no_load_1100rpm,2735186,1101,271,1946,2561,2,50,1256557,9,551,74,0,2,,,,,,,,,,
2026-06-21T03:38:01.131374+00:00,S028,commissioning_unmounted,false,phase_asymmetry,mild,1100,phase_asymmetry-mild_horizontal_no_load_1100rpm,2735286,1102,268,1954,2563,1,50,1256601,9,551,75,0,2,,,,,,,,,,
2026-06-21T03:38:01.224740+00:00,S028,commissioning_unmounted,false,phase_asymmetry,mild,1100,phase_asymmetry-mild_horizontal_no_load_1100rpm,2735386,1102,269,1949,2560,4,50,1256645,9,551,74,0,2,,,,,,,,,,
2026-06-21T03:38:01.317481+00:00,S028,commissioning_unmounted,false,phase_asymmetry,mild,1100,phase_asymmetry-mild_horizontal_no_load_1100rpm,2735486,1102,266,1956,2561,2,50,1256689,9,551,74,0,2,,,,,,,,,,
2026-06-21T03:38:01.411696+00:00,S028,commissioning_unmounted,false,phase_asymmetry,mild,1100,phase_asymmetry-mild_horizontal_no_load_1100rpm,2735586,1102,271,1948,2564,1,50,1256733,9,551,75,0,2,,,,,,,,,,
2026-06-21T03:38:01.504768+00:00,S028,commissioning_unmounted,false,phase_asymmetry,mild,1100,phase_asymmetry-mild_horizontal_no_load_1100rpm,2735686,1102,269,1946,2558,4,50,1256777,9,551,74,0,2,,,,,,,,,,
2026-06-21T03:38:01.597946+00:00,S028,commissioning_unmounted,false,phase_asymmetry,mild,1100,phase_asymmetry-mild_horizontal_no_load_1100rpm,2735786,1102,268,1954,2563,3,50,1256822,9,551,74,0,2,,,,,,,,,,
2026-06-21T03:38:01.692915+00:00,S028,commissioning_unmounted,false,phase_asymmetry,mild,1100,phase_asymmetry-mild_horizontal_no_load_1100rpm,2735886,1102,271,1951,2566,5,50,1256866,9,551,74,0,2,,,,,,,,,,
2026-06-21T03:38:01.786341+00:00,S028,commissioning_unmounted,false,phase_asymmetry,mild,1100,phase_asymmetry-mild_horizontal_no_load_1100rpm,2735986,1103,269,1947,2557,6,50,1256910,9,551,75,0,2,,,,,,,,,,
2026-06-21T03:38:01.926005+00:00,S028,commissioning_unmounted,false,phase_asymmetry,mild,1100,phase_asymmetry-mild_horizontal_no_load_1100rpm,2736086,1102,267,1954,2561,3,50,1256954,9,551,74,0,1,,,,,,,,,,
2026-06-21T03:38:02.020447+00:00,S028,commissioning_unmounted,false,phase_asymmetry,mild,1100,phase_asymmetry-mild_horizontal_no_load_1100rpm,2736186,1102,269,1949,2561,5,50,1256998,9,551,75,0,2,,,,,,,,,,
2026-06-21T03:38:02.113314+00:00,S028,commissioning_unmounted,false,phase_asymmetry,mild,1100,phase_asymmetry-mild_horizontal_no_load_1100rpm,2736286,1102,268,1957,2566,6,50,1257042,9,551,74,0,1,,,,,,,,,,
2026-06-21T03:38:02.206629+00:00,S028,commissioning_unmounted,false,phase_asymmetry,mild,1100,phase_asymmetry-mild_horizontal_no_load_1100rpm,2736386,1103,271,1944,2560,3,50,1257086,9,551,76,0,2,,,,,,,,,,
2026-06-21T03:38:02.299571+00:00,S028,commissioning_unmounted,false,phase_asymmetry,mild,1100,phase_asymmetry-mild_horizontal_no_load_1100rpm,2736486,1101,269,1951,2563,5,50,1257130,9,551,75,0,2,,,,,,,,,,
2026-06-21T03:38:02.391971+00:00,S028,commissioning_unmounted,false,phase_asymmetry,mild,1100,phase_asymmetry-mild_horizontal_no_load_1100rpm,2736586,1102,271,1946,2561,6,50,1257174,9,551,74,0,2,,,,,,,,,,
2026-06-21T03:38:02.486084+00:00,S028,commissioning_unmounted,false,phase_asymmetry,mild,1100,phase_asymmetry-mild_horizontal_no_load_1100rpm,2736686,1102,268,1957,2565,3,50,1257218,9,551,75,1,2,,,,,,,,,,
2026-06-21T03:38:02.626898+00:00,S028,commissioning_unmounted,false,phase_asymmetry,mild,1100,phase_asymmetry-mild_horizontal_no_load_1100rpm,2736786,1102,269,1949,2560,4,50,1257263,9,551,74,0,2,,,,,,,,,,
2026-06-21T03:38:02.720990+00:00,S028,commissioning_unmounted,false,phase_asymmetry,mild,1100,phase_asymmetry-mild_horizontal_no_load_1100rpm,2736886,1102,269,1951,2561,2,50,1257307,9,551,74,0,2,,,,,,,,,,
2026-06-21T03:38:02.813609+00:00,S028,commissioning_unmounted,false,phase_asymmetry,mild,1100,phase_asymmetry-mild_horizontal_no_load_1100rpm,2736986,1103,272,1943,2561,1,50,1257351,9,551,75,1,2,,,,,,,,,,
2026-06-21T03:38:02.906799+00:00,S028,commissioning_unmounted,false,phase_asymmetry,mild,1100,phase_asymmetry-mild_horizontal_no_load_1100rpm,2737086,1102,268,1954,2563,4,50,1257395,9,551,74,1,1,,,,,,,,,,
2026-06-21T03:38:03.000263+00:00,S028,commissioning_unmounted,false,phase_asymmetry,mild,1100,phase_asymmetry-mild_horizontal_no_load_1100rpm,2737186,1101,267,1951,2558,2,50,1257439,9,551,75,1,2,,,,,,,,,,
2026-06-21T03:38:03.124361+00:00,S028,commissioning_unmounted,false,phase_asymmetry,mild,1100,phase_asymmetry-mild_horizontal_no_load_1100rpm,2737286,1102,270,1946,2560,1,50,1257483,9,551,75,0,2,,,,,,,,,,
2026-06-21T03:38:03.203084+00:00,S028,commissioning_unmounted,false,phase_asymmetry,mild,1100,phase_asymmetry-mild_horizontal_no_load_1100rpm,2737386,1102,267,1957,2563,4,50,1257527,9,551,74,2,1,,,,,,,,,,
2026-06-21T03:38:03.297993+00:00,S028,commissioning_unmounted,false,phase_asymmetry,mild,1100,phase_asymmetry-mild_horizontal_no_load_1100rpm,2737486,1101,271,1951,2566,2,50,1257571,9,551,74,1,2,,,,,,,,,,
2026-06-21T03:38:03.391247+00:00,S028,commissioning_unmounted,false,phase_asymmetry,mild,1100,phase_asymmetry-mild_horizontal_no_load_1100rpm,2737586,1102,266,1957,2561,1,50,1257615,9,551,74,1,2,,,,,,,,,,
2026-06-21T03:38:03.485306+00:00,S028,commissioning_unmounted,false,phase_asymmetry,mild,1100,phase_asymmetry-mild_horizontal_no_load_1100rpm,2737686,1102,265,1957,2560,4,50,1257659,9,551,74,1,2,,,,,,,,,,
2026-06-21T03:38:03.640222+00:00,S028,commissioning_unmounted,false,phase_asymmetry,mild,1100,phase_asymmetry-mild_horizontal_no_load_1100rpm,2737786,1101,266,1957,2561,3,50,1257704,9,551,74,1,2,,,,,,,,,,
2026-06-21T03:38:03.702246+00:00,S028,commissioning_unmounted,false,phase_asymmetry,mild,1100,phase_asymmetry-mild_horizontal_no_load_1100rpm,2737886,1103,268,1954,2563,5,50,1257748,9,551,75,0,2,,,,,,,,,,
2026-06-21T03:38:03.795599+00:00,S028,commissioning_unmounted,false,phase_asymmetry,mild,1100,phase_asymmetry-mild_horizontal_no_load_1100rpm,2737986,1102,264,1959,2560,6,50,1257792,9,551,74,1,2,,,,,,,,,,
2026-06-21T03:38:03.888333+00:00,S028,commissioning_unmounted,false,phase_asymmetry,mild,1100,phase_asymmetry-mild_horizontal_no_load_1100rpm,2738086,1102,267,1957,2563,3,50,1257836,9,551,74,0,2,,,,,,,,,,
2026-06-21T03:38:03.981254+00:00,S028,commissioning_unmounted,false,phase_asymmetry,mild,1100,phase_asymmetry-mild_horizontal_no_load_1100rpm,2738186,1102,269,1954,2566,5,50,1257880,9,551,75,1,2,,,,,,,,,,
2026-06-21T03:38:04.119507+00:00,S028,commissioning_unmounted,false,phase_asymmetry,mild,1100,phase_asymmetry-mild_horizontal_no_load_1100rpm,2738286,1102,268,1949,2558,6,50,1257924,9,551,74,1,1,,,,,,,,,,
2026-06-21T03:38:04.212736+00:00,S028,commissioning_unmounted,false,phase_asymmetry,mild,1100,phase_asymmetry-mild_horizontal_no_load_1100rpm,2738386,1101,267,1957,2563,3,50,1257968,9,551,74,0,1,,,,,,,,,,
2026-06-21T03:38:04.306271+00:00,S028,commissioning_unmounted,false,phase_asymmetry,mild,1100,phase_asymmetry-mild_horizontal_no_load_1100rpm,2738486,1102,270,1946,2560,5,50,1258012,9,551,75,0,2,,,,,,,,,,
2026-06-21T03:38:04.399201+00:00,S028,commissioning_unmounted,false,phase_asymmetry,mild,1100,phase_asymmetry-mild_horizontal_no_load_1100rpm,2738586,1102,269,1949,2560,6,50,1258056,9,551,74,1,2,,,,,,,,,,
2026-06-21T03:38:04.493670+00:00,S028,commissioning_unmounted,false,phase_asymmetry,mild,1100,phase_asymmetry-mild_horizontal_no_load_1100rpm,2738686,1102,269,1951,2563,3,50,1258100,9,551,75,1,2,,,,,,,,,,
2026-06-21T03:38:04.587090+00:00,S028,commissioning_unmounted,false,phase_asymmetry,mild,1100,phase_asymmetry-mild_horizontal_no_load_1100rpm,2738786,1102,269,1952,2563,4,50,1258145,9,551,75,0,2,,,,,,,,,,
2026-06-21T03:38:04.681421+00:00,S028,commissioning_unmounted,false,phase_asymmetry,mild,1100,phase_asymmetry-mild_horizontal_no_load_1100rpm,2738886,1103,269,1947,2557,2,50,1258189,9,551,75,0,2,,,,,,,,,,
2026-06-21T03:38:04.820281+00:00,S028,commissioning_unmounted,false,phase_asymmetry,mild,1100,phase_asymmetry-mild_horizontal_no_load_1100rpm,2738986,1102,265,1957,2560,1,50,1258233,9,551,74,0,2,,,,,,,,,,
2026-06-21T03:38:04.914599+00:00,S028,commissioning_unmounted,false,phase_asymmetry,mild,1100,phase_asymmetry-mild_horizontal_no_load_1100rpm,2739086,1101,269,1954,2565,4,50,1258277,9,551,74,1,2,,,,,,,,,,
2026-06-21T03:38:05.007338+00:00,S028,commissioning_unmounted,false,phase_asymmetry,mild,1100,phase_asymmetry-mild_horizontal_no_load_1100rpm,2739186,1102,267,1957,2563,2,50,1258321,9,551,74,1,2,,,,,,,,,,
2026-06-21T03:38:05.101157+00:00,S028,commissioning_unmounted,false,phase_asymmetry,mild,1100,phase_asymmetry-mild_horizontal_no_load_1100rpm,2739286,1102,268,1954,2563,1,50,1258365,9,551,75,0,2,,,,,,,,,,
2026-06-21T03:38:05.195725+00:00,S028,commissioning_unmounted,false,phase_asymmetry,mild,1100,phase_asymmetry-mild_horizontal_no_load_1100rpm,2739386,1103,268,1954,2563,4,50,1258409,9,551,74,0,2,,,,,,,,,,
2026-06-21T03:38:05.289498+00:00,S028,commissioning_unmounted,false,phase_asymmetry,mild,1100,phase_asymmetry-mild_horizontal_no_load_1100rpm,2739486,1103,270,1949,2563,2,50,1258453,9,551,74,1,1,,,,,,,,,,
2026-06-21T03:38:05.382709+00:00,S028,commissioning_unmounted,false,phase_asymmetry,mild,1100,phase_asymmetry-mild_horizontal_no_load_1100rpm,2739586,1102,271,1949,2564,1,50,1258497,9,551,75,0,2,,,,,,,,,,
2026-06-21T03:38:05.475653+00:00,S028,commissioning_unmounted,false,phase_asymmetry,mild,1100,phase_asymmetry-mild_horizontal_no_load_1100rpm,2739686,1102,271,1951,2566,4,50,1258541,9,551,75,1,3,,,,,,,,,,
2026-06-21T03:38:05.616912+00:00,S028,commissioning_unmounted,false,phase_asymmetry,mild,1100,phase_asymmetry-mild_horizontal_no_load_1100rpm,2739786,1101,267,1954,2560,3,50,1258586,9,551,74,1,2,,,,,,,,,,
2026-06-21T03:38:05.710487+00:00,S028,commissioning_unmounted,false,phase_asymmetry,mild,1100,phase_asymmetry-mild_horizontal_no_load_1100rpm,2739886,1102,268,1949,2558,5,50,1258630,9,551,74,1,2,,,,,,,,,,
2026-06-21T03:38:05.801941+00:00,S028,commissioning_unmounted,false,phase_asymmetry,mild,1100,phase_asymmetry-mild_horizontal_no_load_1100rpm,2739986,1102,269,1954,2566,6,50,1258674,9,551,75,1,2,,,,,,,,,,
2026-06-21T03:38:05.895695+00:00,S028,commissioning_unmounted,false,phase_asymmetry,mild,1100,phase_asymmetry-mild_horizontal_no_load_1100rpm,2740086,1102,269,1951,2561,3,50,1258718,9,551,75,1,2,,,,,,,,,,
2026-06-21T03:38:05.989757+00:00,S028,commissioning_unmounted,false,phase_asymmetry,mild,1100,phase_asymmetry-mild_horizontal_no_load_1100rpm,2740186,1102,269,1952,2563,5,50,1258762,9,551,75,0,3,,,,,,,,,,
2026-06-21T03:38:06.082717+00:00,S028,commissioning_unmounted,false,phase_asymmetry,mild,1100,phase_asymmetry-mild_horizontal_no_load_1100rpm,2740286,1102,270,1952,2566,6,50,1258806,9,551,75,1,2,,,,,,,,,,
2026-06-21T03:38:06.175792+00:00,S028,commissioning_unmounted,false,phase_asymmetry,mild,1100,phase_asymmetry-mild_horizontal_no_load_1100rpm,2740386,1102,267,1949,2555,3,50,1258850,9,551,75,1,2,,,,,,,,,,
2026-06-21T03:38:06.315081+00:00,S028,commissioning_unmounted,false,phase_asymmetry,mild,1100,phase_asymmetry-mild_horizontal_no_load_1100rpm,2740486,1102,270,1952,2565,5,50,1258894,9,551,75,0,2,,,,,,,,,,
2026-06-21T03:38:06.409127+00:00,S028,commissioning_unmounted,false,phase_asymmetry,mild,1100,phase_asymmetry-mild_horizontal_no_load_1100rpm,2740586,1102,272,1946,2563,6,50,1258938,9,551,74,0,1,,,,,,,,,,
2026-06-21T03:38:06.504436+00:00,S028,commissioning_unmounted,false,phase_asymmetry,mild,1100,phase_asymmetry-mild_horizontal_no_load_1100rpm,2740686,1102,268,1954,2563,3,50,1258982,9,551,74,0,2,,,,,,,,,,
2026-06-21T03:38:06.599845+00:00,S028,commissioning_unmounted,false,phase_asymmetry,mild,1100,phase_asymmetry-mild_horizontal_no_load_1100rpm,2740786,1102,269,1951,2563,4,50,1259027,9,551,75,0,2,,,,,,,,,,
2026-06-21T03:38:06.692871+00:00,S028,commissioning_unmounted,false,phase_asymmetry,mild,1100,phase_asymmetry-mild_horizontal_no_load_1100rpm,2740886,1101,271,1951,2566,2,50,1259071,9,551,75,1,2,,,,,,,,,,
2026-06-21T03:38:06.785862+00:00,S028,commissioning_unmounted,false,phase_asymmetry,mild,1100,phase_asymmetry-mild_horizontal_no_load_1100rpm,2740986,1102,269,1954,2565,1,50,1259115,9,551,75,1,3,,,,,,,,,,
2026-06-21T03:38:06.879818+00:00,S028,commissioning_unmounted,false,phase_asymmetry,mild,1100,phase_asymmetry-mild_horizontal_no_load_1100rpm,2741086,1102,265,1957,2558,4,50,1259159,9,551,74,1,2,,,,,,,,,,
2026-06-21T03:38:06.972818+00:00,S028,commissioning_unmounted,false,phase_asymmetry,mild,1100,phase_asymmetry-mild_horizontal_no_load_1100rpm,2741186,1102,269,1954,2565,2,50,1259203,9,551,74,0,2,,,,,,,,,,
2026-06-21T03:38:07.112432+00:00,S028,commissioning_unmounted,false,phase_asymmetry,mild,1100,phase_asymmetry-mild_horizontal_no_load_1100rpm,2741286,1102,272,1946,2563,1,50,1259247,9,551,75,0,2,,,,,,,,,,
2026-06-21T03:38:07.205709+00:00,S028,commissioning_unmounted,false,phase_asymmetry,mild,1100,phase_asymmetry-mild_horizontal_no_load_1100rpm,2741386,1102,269,1951,2563,4,50,1259291,9,551,75,0,3,,,,,,,,,,
2026-06-21T03:38:07.298805+00:00,S028,commissioning_unmounted,false,phase_asymmetry,mild,1100,phase_asymmetry-mild_horizontal_no_load_1100rpm,2741486,1102,271,1948,2563,2,50,1259335,9,551,74,1,2,,,,,,,,,,
2026-06-21T03:38:07.391870+00:00,S028,commissioning_unmounted,false,phase_asymmetry,mild,1100,phase_asymmetry-mild_horizontal_no_load_1100rpm,2741586,1101,267,1957,2563,1,50,1259379,9,551,74,1,1,,,,,,,,,,
2026-06-21T03:38:07.486549+00:00,S028,commissioning_unmounted,false,phase_asymmetry,mild,1100,phase_asymmetry-mild_horizontal_no_load_1100rpm,2741686,1102,269,1949,2561,4,50,1259423,9,551,74,0,2,,,,,,,,,,
2026-06-21T03:38:07.580422+00:00,S028,commissioning_unmounted,false,phase_asymmetry,mild,1100,phase_asymmetry-mild_horizontal_no_load_1100rpm,2741786,1102,268,1956,2564,3,50,1259468,9,551,74,0,2,,,,,,,,,,
2026-06-21T03:38:07.672700+00:00,S028,commissioning_unmounted,false,phase_asymmetry,mild,1100,phase_asymmetry-mild_horizontal_no_load_1100rpm,2741886,1102,270,1949,2561,5,50,1259512,9,551,75,1,2,,,,,,,,,,
2026-06-21T03:38:07.812736+00:00,S028,commissioning_unmounted,false,phase_asymmetry,mild,1100,phase_asymmetry-mild_horizontal_no_load_1100rpm,2741986,1102,269,1949,2560,6,50,1259556,9,551,74,0,2,,,,,,,,,,
2026-06-21T03:38:07.905906+00:00,S028,commissioning_unmounted,false,phase_asymmetry,mild,1100,phase_asymmetry-mild_horizontal_no_load_1100rpm,2742086,1102,269,1952,2563,3,50,1259600,9,551,75,0,2,,,,,,,,,,
2026-06-21T03:38:07.968335+00:00,S028,commissioning_unmounted,false,phase_asymmetry,mild,1100,phase_asymmetry-mild_horizontal_no_load_1100rpm,2742186,1103,272,1946,2563,5,50,1259644,9,551,75,0,2,,,,,,,,,,
2026-06-21T03:38:08.078399+00:00,S028,commissioning_unmounted,false,phase_asymmetry,mild,1100,phase_asymmetry-mild_horizontal_no_load_1100rpm,2742286,1102,268,1949,2557,6,50,1259688,9,551,75,0,2,,,,,,,,,,
2026-06-21T03:38:08.186963+00:00,S028,commissioning_unmounted,false,phase_asymmetry,mild,1100,phase_asymmetry-mild_horizontal_no_load_1100rpm,2742386,1101,270,1952,2565,3,50,1259732,9,551,74,0,2,,,,,,,,,,
2026-06-21T03:38:08.280387+00:00,S028,commissioning_unmounted,false,phase_asymmetry,mild,1100,phase_asymmetry-mild_horizontal_no_load_1100rpm,2742486,1102,267,1956,2563,5,50,1259776,9,551,74,0,1,,,,,,,,,,
2026-06-21T03:38:08.373784+00:00,S028,commissioning_unmounted,false,phase_asymmetry,mild,1100,phase_asymmetry-mild_horizontal_no_load_1100rpm,2742586,1103,271,1946,2561,6,50,1259820,9,551,75,0,2,,,,,,,,,,
2026-06-21T03:38:08.468601+00:00,S028,commissioning_unmounted,false,phase_asymmetry,mild,1100,phase_asymmetry-mild_horizontal_no_load_1100rpm,2742686,1102,269,1952,2563,3,50,1259864,9,551,74,0,2,,,,,,,,,,
2026-06-21T03:38:08.575956+00:00,S028,commissioning_unmounted,false,phase_asymmetry,mild,1100,phase_asymmetry-mild_horizontal_no_load_1100rpm,2742786,1102,270,1949,2563,4,50,1259909,9,551,75,0,3,,,,,,,,,,
2026-06-21T03:38:08.670049+00:00,S028,commissioning_unmounted,false,phase_asymmetry,mild,1100,phase_asymmetry-mild_horizontal_no_load_1100rpm,2742886,1102,266,1954,2558,2,50,1259953,9,551,74,0,2,,,,,,,,,,
2026-06-21T03:38:08.809622+00:00,S028,commissioning_unmounted,false,phase_asymmetry,mild,1100,phase_asymmetry-mild_horizontal_no_load_1100rpm,2742986,1102,273,1943,2563,1,50,1259997,9,551,75,0,2,,,,,,,,,,
2026-06-21T03:38:08.903370+00:00,S028,commissioning_unmounted,false,phase_asymmetry,mild,1100,phase_asymmetry-mild_horizontal_no_load_1100rpm,2743086,1102,271,1946,2561,4,50,1260041,9,551,74,0,2,,,,,,,,,,
2026-06-21T03:38:08.996898+00:00,S028,commissioning_unmounted,false,phase_asymmetry,mild,1100,phase_asymmetry-mild_horizontal_no_load_1100rpm,2743186,1102,271,1946,2561,2,50,1260085,9,551,75,0,3,,,,,,,,,,
2026-06-21T03:38:09.090683+00:00,S028,commissioning_unmounted,false,phase_asymmetry,mild,1100,phase_asymmetry-mild_horizontal_no_load_1100rpm,2743286,1103,272,1946,2563,1,50,1260129,9,551,75,0,2,,,,,,,,,,
2026-06-21T03:38:09.183647+00:00,S028,commissioning_unmounted,false,phase_asymmetry,mild,1100,phase_asymmetry-mild_horizontal_no_load_1100rpm,2743386,1102,268,1954,2563,4,50,1260173,9,551,74,0,2,,,,,,,,,,
2026-06-21T03:38:09.276490+00:00,S028,commissioning_unmounted,false,phase_asymmetry,mild,1100,phase_asymmetry-mild_horizontal_no_load_1100rpm,2743486,1103,266,1954,2557,2,50,1260217,9,551,75,0,2,,,,,,,,,,
2026-06-21T03:38:09.368656+00:00,S028,commissioning_unmounted,false,phase_asymmetry,mild,1100,phase_asymmetry-mild_horizontal_no_load_1100rpm,2743586,1102,269,1951,2563,1,50,1260261,9,551,74,0,2,,,,,,,,,,
2026-06-21T03:38:09.507895+00:00,S028,commissioning_unmounted,false,phase_asymmetry,mild,1100,phase_asymmetry-mild_horizontal_no_load_1100rpm,2743686,1102,269,1952,2563,4,50,1260305,9,551,74,0,2,,,,,,,,,,
2026-06-21T03:38:09.600714+00:00,S028,commissioning_unmounted,false,phase_asymmetry,mild,1100,phase_asymmetry-mild_horizontal_no_load_1100rpm,2743786,1102,269,1946,2558,3,50,1260350,9,551,74,1,2,,,,,,,,,,
2026-06-21T03:38:09.693987+00:00,S028,commissioning_unmounted,false,phase_asymmetry,mild,1100,phase_asymmetry-mild_horizontal_no_load_1100rpm,2743886,1102,269,1946,2556,5,50,1260394,9,551,75,1,2,,,,,,,,,,
2026-06-21T03:38:09.787110+00:00,S028,commissioning_unmounted,false,phase_asymmetry,mild,1100,phase_asymmetry-mild_horizontal_no_load_1100rpm,2743986,1102,269,1954,2564,6,50,1260438,9,551,74,0,2,,,,,,,,,,
2026-06-21T03:38:09.880304+00:00,S028,commissioning_unmounted,false,phase_asymmetry,mild,1100,phase_asymmetry-mild_horizontal_no_load_1100rpm,2744086,1102,269,1946,2558,3,50,1260482,9,551,74,1,2,,,,,,,,,,
2026-06-21T03:38:09.974221+00:00,S028,commissioning_unmounted,false,phase_asymmetry,mild,1100,phase_asymmetry-mild_horizontal_no_load_1100rpm,2744186,1102,272,1946,2563,5,50,1260526,9,551,75,0,2,,,,,,,,,,
2026-06-21T03:38:10.067649+00:00,S028,commissioning_unmounted,false,phase_asymmetry,mild,1100,phase_asymmetry-mild_horizontal_no_load_1100rpm,2744286,1102,267,1957,2563,6,50,1260570,9,551,74,0,2,,,,,,,,,,
2026-06-21T03:38:10.160957+00:00,S028,commissioning_unmounted,false,phase_asymmetry,mild,1100,phase_asymmetry-mild_horizontal_no_load_1100rpm,2744386,1102,269,1946,2558,3,50,1260614,9,551,75,0,3,,,,,,,,,,
2026-06-21T03:38:10.302261+00:00,S028,commissioning_unmounted,false,phase_asymmetry,mild,1100,phase_asymmetry-mild_horizontal_no_load_1100rpm,2744486,1102,269,1949,2560,5,50,1260658,9,551,75,0,2,,,,,,,,,,
2026-06-21T03:38:10.395836+00:00,S028,commissioning_unmounted,false,phase_asymmetry,mild,1100,phase_asymmetry-mild_horizontal_no_load_1100rpm,2744586,1102,269,1949,2560,6,50,1260702,9,551,74,1,2,,,,,,,,,,
2026-06-21T03:38:10.489281+00:00,S028,commissioning_unmounted,false,phase_asymmetry,mild,1100,phase_asymmetry-mild_horizontal_no_load_1100rpm,2744686,1102,267,1957,2563,1,50,1260747,9,551,74,0,1,,,,,,,,,,
2026-06-21T03:38:10.583065+00:00,S028,commissioning_unmounted,false,phase_asymmetry,mild,1100,phase_asymmetry-mild_horizontal_no_load_1100rpm,2744786,1102,270,1947,2561,4,50,1260791,9,551,74,0,1,,,,,,,,,,
2026-06-21T03:38:10.675496+00:00,S028,commissioning_unmounted,false,phase_asymmetry,mild,1100,phase_asymmetry-mild_horizontal_no_load_1100rpm,2744886,1102,271,1946,2561,2,50,1260835,9,551,75,1,2,,,,,,,,,,
2026-06-21T03:38:10.768772+00:00,S028,commissioning_unmounted,false,phase_asymmetry,mild,1100,phase_asymmetry-mild_horizontal_no_load_1100rpm,2744986,1101,272,1949,2566,1,50,1260879,9,551,75,0,2,,,,,,,,,,
2026-06-21T03:38:10.862604+00:00,S028,commissioning_unmounted,false,phase_asymmetry,mild,1100,phase_asymmetry-mild_horizontal_no_load_1100rpm,2745086,1102,267,1957,2563,4,50,1260923,9,551,74,1,2,,,,,,,,,,
2026-06-21T03:38:11.004985+00:00,S028,commissioning_unmounted,false,phase_asymmetry,mild,1100,phase_asymmetry-mild_horizontal_no_load_1100rpm,2745186,1102,270,1946,2558,2,50,1260967,9,551,74,0,2,,,,,,,,,,
2026-06-21T03:38:11.096968+00:00,S028,commissioning_unmounted,false,phase_asymmetry,mild,1100,phase_asymmetry-mild_horizontal_no_load_1100rpm,2745286,1102,268,1955,2563,1,50,1261011,9,551,74,0,2,,,,,,,,,,
2026-06-21T03:38:11.190769+00:00,S028,commissioning_unmounted,false,phase_asymmetry,mild,1100,phase_asymmetry-mild_horizontal_no_load_1100rpm,2745386,1102,271,1946,2561,4,50,1261055,9,551,74,1,1,,,,,,,,,,
2026-06-21T03:38:11.283250+00:00,S028,commissioning_unmounted,false,phase_asymmetry,mild,1100,phase_asymmetry-mild_horizontal_no_load_1100rpm,2745486,1102,265,1959,2561,2,50,1261099,9,551,74,1,2,,,,,,,,,,
2026-06-21T03:38:11.377448+00:00,S028,commissioning_unmounted,false,phase_asymmetry,mild,1100,phase_asymmetry-mild_horizontal_no_load_1100rpm,2745586,1102,270,1949,2563,1,50,1261143,9,551,75,0,2,,,,,,,,,,
2026-06-21T03:38:11.471058+00:00,S028,commissioning_unmounted,false,phase_asymmetry,mild,1100,phase_asymmetry-mild_horizontal_no_load_1100rpm,2745686,1102,268,1952,2560,6,50,1261188,9,551,74,1,2,,,,,,,,,,
2026-06-21T03:38:11.563710+00:00,S028,commissioning_unmounted,false,phase_asymmetry,mild,1100,phase_asymmetry-mild_horizontal_no_load_1100rpm,2745786,1102,270,1946,2558,3,50,1261232,9,551,75,0,2,,,,,,,,,,
2026-06-21T03:38:11.658449+00:00,S028,commissioning_unmounted,false,phase_asymmetry,mild,1100,phase_asymmetry-mild_horizontal_no_load_1100rpm,2745886,1102,267,1957,2563,5,50,1261276,9,551,74,0,1,,,,,,,,,,
2026-06-21T03:38:11.797565+00:00,S028,commissioning_unmounted,false,phase_asymmetry,mild,1100,phase_asymmetry-mild_horizontal_no_load_1100rpm,2745986,1101,269,1949,2560,6,50,1261320,9,551,75,0,2,,,,,,,,,,
2026-06-21T03:38:11.893335+00:00,S028,commissioning_unmounted,false,phase_asymmetry,mild,1100,phase_asymmetry-mild_horizontal_no_load_1100rpm,2746086,1102,270,1949,2563,3,50,1261364,9,551,75,0,2,,,,,,,,,,
2026-06-21T03:38:11.986225+00:00,S028,commissioning_unmounted,false,phase_asymmetry,mild,1100,phase_asymmetry-mild_horizontal_no_load_1100rpm,2746186,1102,272,1949,2566,5,50,1261408,9,551,75,1,3,,,,,,,,,,
2026-06-21T03:38:12.080663+00:00,S028,commissioning_unmounted,false,phase_asymmetry,mild,1100,phase_asymmetry-mild_horizontal_no_load_1100rpm,2746286,1102,269,1951,2563,6,50,1261452,9,551,75,0,2,,,,,,,,,,
2026-06-21T03:38:12.172986+00:00,S028,commissioning_unmounted,false,phase_asymmetry,mild,1100,phase_asymmetry-mild_horizontal_no_load_1100rpm,2746387,1102,271,1947,2563,3,50,1261496,9,551,75,1,2,,,,,,,,,,
2026-06-21T03:38:12.267258+00:00,S028,commissioning_unmounted,false,phase_asymmetry,mild,1100,phase_asymmetry-mild_horizontal_no_load_1100rpm,2746487,1102,268,1954,2563,5,50,1261540,9,551,75,0,2,,,,,,,,,,
2026-06-21T03:38:12.360963+00:00,S028,commissioning_unmounted,false,phase_asymmetry,mild,1100,phase_asymmetry-mild_horizontal_no_load_1100rpm,2746587,1102,269,1952,2563,6,50,1261584,9,551,75,0,2,,,,,,,,,,
2026-06-21T03:38:12.454206+00:00,S028,commissioning_unmounted,false,phase_asymmetry,mild,1100,phase_asymmetry-mild_horizontal_no_load_1100rpm,2746687,1102,269,1949,2561,3,50,1261628,9,551,74,0,2,,,,,,,,,,
2026-06-21T03:38:12.594609+00:00,S028,commissioning_unmounted,false,phase_asymmetry,mild,1100,phase_asymmetry-mild_horizontal_no_load_1100rpm,2746787,1102,269,1952,2563,4,50,1261673,9,551,75,0,2,,,,,,,,,,
2026-06-21T03:38:12.687757+00:00,S028,commissioning_unmounted,false,phase_asymmetry,mild,1100,phase_asymmetry-mild_horizontal_no_load_1100rpm,2746887,1102,269,1952,2563,2,50,1261717,9,551,75,0,2,,,,,,,,,,
2026-06-21T03:38:12.781023+00:00,S028,commissioning_unmounted,false,phase_asymmetry,mild,1100,phase_asymmetry-mild_horizontal_no_load_1100rpm,2746987,1102,269,1949,2560,1,50,1261761,9,551,74,1,2,,,,,,,,,,
2026-06-21T03:38:12.889842+00:00,S028,commissioning_unmounted,false,phase_asymmetry,mild,1100,phase_asymmetry-mild_horizontal_no_load_1100rpm,2747087,1102,267,1954,2560,4,50,1261805,9,551,74,0,1,,,,,,,,,,
2026-06-21T03:38:12.982745+00:00,S028,commissioning_unmounted,false,phase_asymmetry,mild,1100,phase_asymmetry-mild_horizontal_no_load_1100rpm,2747187,1102,270,1949,2563,2,50,1261849,9,551,75,0,2,,,,,,,,,,
2026-06-21T03:38:13.077348+00:00,S028,commissioning_unmounted,false,phase_asymmetry,mild,1100,phase_asymmetry-mild_horizontal_no_load_1100rpm,2747287,1102,271,1948,2563,1,50,1261893,9,551,74,1,1,,,,,,,,,,
2026-06-21T03:38:13.172632+00:00,S028,commissioning_unmounted,false,phase_asymmetry,mild,1100,phase_asymmetry-mild_horizontal_no_load_1100rpm,2747387,1102,270,1952,2566,4,50,1261937,9,551,75,0,2,,,,,,,,,,
2026-06-21T03:38:13.266642+00:00,S028,commissioning_unmounted,false,phase_asymmetry,mild,1100,phase_asymmetry-mild_horizontal_no_load_1100rpm,2747487,1102,270,1946,2560,2,50,1261981,9,551,75,0,2,,,,,,,,,,
2026-06-21T03:38:13.361683+00:00,S028,commissioning_unmounted,false,phase_asymmetry,mild,1100,phase_asymmetry-mild_horizontal_no_load_1100rpm,2747587,1102,267,1954,2560,1,50,1262025,9,551,74,1,2,,,,,,,,,,
2026-06-21T03:38:13.456109+00:00,S028,commissioning_unmounted,false,phase_asymmetry,mild,1100,phase_asymmetry-mild_horizontal_no_load_1100rpm,2747687,1100,271,1949,2566,4,50,1262069,9,551,74,0,1,,,,,,,,,,
2026-06-21T03:38:13.595744+00:00,S028,commissioning_unmounted,false,phase_asymmetry,mild,1100,phase_asymmetry-mild_horizontal_no_load_1100rpm,2747787,1099,269,1959,2571,2,50,1262113,9,551,74,1,2,,,,,,,,,,
2026-06-21T03:38:13.687757+00:00,S028,commissioning_unmounted,false,phase_asymmetry,mild,1100,phase_asymmetry-mild_horizontal_no_load_1100rpm,2747887,1100,272,1949,2568,1,50,1262157,9,551,75,0,1,,,,,,,,,,
2026-06-21T03:38:13.783546+00:00,S028,commissioning_unmounted,false,phase_asymmetry,mild,1100,phase_asymmetry-mild_horizontal_no_load_1100rpm,2747987,1099,265,1967,2571,4,50,1262201,9,551,74,1,2,,,,,,,,,,
2026-06-21T03:38:13.877273+00:00,S028,commissioning_unmounted,false,phase_asymmetry,mild,1100,phase_asymmetry-mild_horizontal_no_load_1100rpm,2748087,1101,267,1957,2563,3,50,1262246,9,551,74,1,2,,,,,,,,,,
2026-06-21T03:38:13.970279+00:00,S028,commissioning_unmounted,false,phase_asymmetry,mild,1100,phase_asymmetry-mild_horizontal_no_load_1100rpm,2748187,1101,269,1954,2566,5,50,1262290,9,551,75,1,2,,,,,,,,,,
2026-06-21T03:38:14.063695+00:00,S028,commissioning_unmounted,false,phase_asymmetry,mild,1100,phase_asymmetry-mild_horizontal_no_load_1100rpm,2748287,1102,269,1952,2563,6,50,1262334,9,551,75,0,2,,,,,,,,,,
2026-06-21T03:38:14.157090+00:00,S028,commissioning_unmounted,false,phase_asymmetry,mild,1100,phase_asymmetry-mild_horizontal_no_load_1100rpm,2748387,1102,271,1951,2566,3,50,1262378,9,551,75,1,2,,,,,,,,,,
2026-06-21T03:38:14.264995+00:00,S028,commissioning_unmounted,false,phase_asymmetry,mild,1100,phase_asymmetry-mild_horizontal_no_load_1100rpm,2748487,1102,271,1946,2561,5,50,1262422,9,551,75,1,1,,,,,,,,,,
2026-06-21T03:38:14.391010+00:00,S028,commissioning_unmounted,false,phase_asymmetry,mild,1100,phase_asymmetry-mild_horizontal_no_load_1100rpm,2748587,1102,271,1946,2561,6,50,1262466,9,551,75,1,2,,,,,,,,,,
2026-06-21T03:38:14.485453+00:00,S028,commissioning_unmounted,false,phase_asymmetry,mild,1100,phase_asymmetry-mild_horizontal_no_load_1100rpm,2748687,1102,268,1949,2558,3,50,1262510,9,551,74,1,2,,,,,,,,,,
2026-06-21T03:38:14.578501+00:00,S028,commissioning_unmounted,false,phase_asymmetry,mild,1100,phase_asymmetry-mild_horizontal_no_load_1100rpm,2748787,1101,269,1949,2560,5,50,1262554,9,551,75,1,2,,,,,,,,,,
2026-06-21T03:38:14.672190+00:00,S028,commissioning_unmounted,false,phase_asymmetry,mild,1100,phase_asymmetry-mild_horizontal_no_load_1100rpm,2748887,1102,270,1949,2563,6,50,1262598,9,551,74,0,1,,,,,,,,,,
2026-06-21T03:38:14.765819+00:00,S028,commissioning_unmounted,false,phase_asymmetry,mild,1100,phase_asymmetry-mild_horizontal_no_load_1100rpm,2748987,1102,267,1949,2555,3,50,1262642,9,551,75,1,2,,,,,,,,,,
2026-06-21T03:38:14.860411+00:00,S028,commissioning_unmounted,false,phase_asymmetry,mild,1100,phase_asymmetry-mild_horizontal_no_load_1100rpm,2749087,1102,268,1949,2558,4,50,1262687,9,551,74,0,2,,,,,,,,,,
2026-06-21T03:38:14.954115+00:00,S028,commissioning_unmounted,false,phase_asymmetry,mild,1100,phase_asymmetry-mild_horizontal_no_load_1100rpm,2749187,1102,266,1954,2558,2,50,1262731,9,551,74,0,2,,,,,,,,,,
2026-06-21T03:38:15.046990+00:00,S028,commissioning_unmounted,false,phase_asymmetry,mild,1100,phase_asymmetry-mild_horizontal_no_load_1100rpm,2749287,1102,269,1952,2563,1,50,1262775,9,551,75,1,2,,,,,,,,,,
2026-06-21T03:38:15.155860+00:00,S028,commissioning_unmounted,false,phase_asymmetry,mild,1100,phase_asymmetry-mild_horizontal_no_load_1100rpm,2749387,1102,270,1949,2563,4,50,1262819,9,551,75,0,2,,,,,,,,,,
2026-06-21T03:38:15.265618+00:00,S028,commissioning_unmounted,false,phase_asymmetry,mild,1100,phase_asymmetry-mild_horizontal_no_load_1100rpm,2749487,1102,269,1954,2564,2,50,1262863,9,551,75,0,2,,,,,,,,,,
2026-06-21T03:38:15.374087+00:00,S028,commissioning_unmounted,false,phase_asymmetry,mild,1100,phase_asymmetry-mild_horizontal_no_load_1100rpm,2749587,1102,271,1949,2565,1,50,1262907,9,551,75,0,2,,,,,,,,,,
2026-06-21T03:38:15.467846+00:00,S028,commissioning_unmounted,false,phase_asymmetry,mild,1100,phase_asymmetry-mild_horizontal_no_load_1100rpm,2749687,1102,272,1946,2563,4,50,1262951,9,551,75,0,2,,,,,,,,,,
2026-06-21T03:38:15.576949+00:00,S028,commissioning_unmounted,false,phase_asymmetry,mild,1100,phase_asymmetry-mild_horizontal_no_load_1100rpm,2749787,1102,267,1957,2564,2,50,1262995,9,551,74,0,1,,,,,,,,,,
2026-06-21T03:38:15.669683+00:00,S028,commissioning_unmounted,false,phase_asymmetry,mild,1100,phase_asymmetry-mild_horizontal_no_load_1100rpm,2749887,1102,269,1952,2563,1,50,1263039,9,551,75,0,2,,,,,,,,,,
2026-06-21T03:38:15.762832+00:00,S028,commissioning_unmounted,false,phase_asymmetry,mild,1100,phase_asymmetry-mild_horizontal_no_load_1100rpm,2749987,1102,269,1949,2561,4,50,1263083,9,551,74,1,2,,,,,,,,,,
2026-06-21T03:38:15.856745+00:00,S028,commissioning_unmounted,false,phase_asymmetry,mild,1100,phase_asymmetry-mild_horizontal_no_load_1100rpm,2750087,1103,268,1946,2555,2,50,1263127,9,551,75,1,2,,,,,,,,,,
2026-06-21T03:38:15.949580+00:00,S028,commissioning_unmounted,false,phase_asymmetry,mild,1100,phase_asymmetry-mild_horizontal_no_load_1100rpm,2750187,1101,271,1946,2561,5,50,1263172,9,551,74,0,2,,,,,,,,,,
2026-06-21T03:38:16.043933+00:00,S028,commissioning_unmounted,false,phase_asymmetry,mild,1100,phase_asymmetry-mild_horizontal_no_load_1100rpm,2750287,1102,268,1952,2560,6,50,1263216,9,551,74,1,2,,,,,,,,,,
2026-06-21T03:38:16.182816+00:00,S028,commissioning_unmounted,false,phase_asymmetry,mild,1100,phase_asymmetry-mild_horizontal_no_load_1100rpm,2750387,1102,270,1946,2560,3,50,1263260,9,551,75,0,2,,,,,,,,,,
2026-06-21T03:38:16.275988+00:00,S028,commissioning_unmounted,false,phase_asymmetry,mild,1100,phase_asymmetry-mild_horizontal_no_load_1100rpm,2750487,1102,268,1955,2565,5,50,1263304,9,551,74,0,2,,,,,,,,,,
2026-06-21T03:38:16.368056+00:00,S028,commissioning_unmounted,false,phase_asymmetry,mild,1100,phase_asymmetry-mild_horizontal_no_load_1100rpm,2750587,1102,269,1952,2563,6,50,1263348,9,551,75,0,2,,,,,,,,,,
2026-06-21T03:38:16.461634+00:00,S028,commissioning_unmounted,false,phase_asymmetry,mild,1100,phase_asymmetry-mild_horizontal_no_load_1100rpm,2750687,1102,267,1957,2563,3,50,1263392,9,551,74,1,2,,,,,,,,,,
2026-06-21T03:38:16.555502+00:00,S028,commissioning_unmounted,false,phase_asymmetry,mild,1100,phase_asymmetry-mild_horizontal_no_load_1100rpm,2750787,1102,269,1952,2563,5,50,1263436,9,551,75,0,2,,,,,,,,,,
2026-06-21T03:38:16.648693+00:00,S028,commissioning_unmounted,false,phase_asymmetry,mild,1100,phase_asymmetry-mild_horizontal_no_load_1100rpm,2750887,1101,269,1952,2563,6,50,1263480,9,551,75,0,2,,,,,,,,,,
2026-06-21T03:38:16.787654+00:00,S028,commissioning_unmounted,false,phase_asymmetry,mild,1100,phase_asymmetry-mild_horizontal_no_load_1100rpm,2750987,1102,269,1954,2566,3,50,1263524,9,551,74,1,2,,,,,,,,,,
2026-06-21T03:38:16.879859+00:00,S028,commissioning_unmounted,false,phase_asymmetry,mild,1100,phase_asymmetry-mild_horizontal_no_load_1100rpm,2751087,1103,271,1944,2560,4,50,1263569,9,551,75,0,2,,,,,,,,,,
2026-06-21T03:38:16.974709+00:00,S028,commissioning_unmounted,false,phase_asymmetry,mild,1100,phase_asymmetry-mild_horizontal_no_load_1100rpm,2751187,1102,271,1946,2561,6,50,1263612,9,551,75,1,2,,,,,,,,,,
2026-06-21T03:38:17.067240+00:00,S028,commissioning_unmounted,false,phase_asymmetry,mild,1100,phase_asymmetry-mild_horizontal_no_load_1100rpm,2751287,1102,267,1957,2563,1,50,1263657,9,551,74,0,2,,,,,,,,,,
2026-06-21T03:38:17.160746+00:00,S028,commissioning_unmounted,false,phase_asymmetry,mild,1100,phase_asymmetry-mild_horizontal_no_load_1100rpm,2751387,1102,273,1946,2566,4,50,1263701,9,551,75,1,3,,,,,,,,,,
2026-06-21T03:38:17.254286+00:00,S028,commissioning_unmounted,false,phase_asymmetry,mild,1100,phase_asymmetry-mild_horizontal_no_load_1100rpm,2751487,1102,268,1949,2558,2,50,1263745,9,551,75,1,2,,,,,,,,,,
2026-06-21T03:38:17.347450+00:00,S028,commissioning_unmounted,false,phase_asymmetry,mild,1100,phase_asymmetry-mild_horizontal_no_load_1100rpm,2751587,1102,267,1956,2563,1,50,1263789,9,551,74,0,2,,,,,,,,,,
2026-06-21T03:38:17.441465+00:00,S028,commissioning_unmounted,false,phase_asymmetry,mild,1100,phase_asymmetry-mild_horizontal_no_load_1100rpm,2751687,1102,271,1946,2561,4,50,1263833,9,551,74,0,2,,,,,,,,,,
2026-06-21T03:38:17.583737+00:00,S028,commissioning_unmounted,false,phase_asymmetry,mild,1100,phase_asymmetry-mild_horizontal_no_load_1100rpm,2751787,1101,269,1952,2563,2,50,1263877,9,551,75,0,2,,,,,,,,,,
2026-06-21T03:38:17.675632+00:00,S028,commissioning_unmounted,false,phase_asymmetry,mild,1100,phase_asymmetry-mild_horizontal_no_load_1100rpm,2751887,1102,270,1946,2560,1,50,1263921,9,551,74,0,2,,,,,,,,,,
2026-06-21T03:38:17.770886+00:00,S028,commissioning_unmounted,false,phase_asymmetry,mild,1100,phase_asymmetry-mild_horizontal_no_load_1100rpm,2751987,1102,272,1944,2561,4,50,1263965,9,551,75,0,2,,,,,,,,,,
2026-06-21T03:38:17.864635+00:00,S028,commissioning_unmounted,false,phase_asymmetry,mild,1100,phase_asymmetry-mild_horizontal_no_load_1100rpm,2752087,1102,270,1951,2563,2,50,1264009,9,551,75,0,2,,,,,,,,,,
2026-06-21T03:38:17.958410+00:00,S028,commissioning_unmounted,false,phase_asymmetry,mild,1100,phase_asymmetry-mild_horizontal_no_load_1100rpm,2752187,1102,271,1946,2561,5,50,1264054,9,551,74,1,2,,,,,,,,,,
2026-06-21T03:38:18.052726+00:00,S028,commissioning_unmounted,false,phase_asymmetry,mild,1100,phase_asymmetry-mild_horizontal_no_load_1100rpm,2752287,1102,270,1949,2563,6,50,1264098,9,551,75,0,2,,,,,,,,,,
2026-06-21T03:38:18.146705+00:00,S028,commissioning_unmounted,false,phase_asymmetry,mild,1100,phase_asymmetry-mild_horizontal_no_load_1100rpm,2752387,1102,271,1951,2566,3,50,1264142,9,551,75,0,2,,,,,,,,,,
2026-06-21T03:38:18.240247+00:00,S028,commissioning_unmounted,false,phase_asymmetry,mild,1100,phase_asymmetry-mild_horizontal_no_load_1100rpm,2752487,1101,269,1952,2563,5,50,1264186,9,551,75,0,2,,,,,,,,,,
2026-06-21T03:38:18.379730+00:00,S028,commissioning_unmounted,false,phase_asymmetry,mild,1100,phase_asymmetry-mild_horizontal_no_load_1100rpm,2752587,1102,270,1946,2560,6,50,1264230,9,551,74,0,2,,,,,,,,,,
2026-06-21T03:38:18.472683+00:00,S028,commissioning_unmounted,false,phase_asymmetry,mild,1100,phase_asymmetry-mild_horizontal_no_load_1100rpm,2752687,1102,270,1951,2563,3,50,1264274,9,551,75,0,3,,,,,,,,,,
2026-06-21T03:38:18.566061+00:00,S028,commissioning_unmounted,false,phase_asymmetry,mild,1100,phase_asymmetry-mild_horizontal_no_load_1100rpm,2752787,1102,270,1949,2563,5,50,1264318,9,551,75,0,2,,,,,,,,,,
2026-06-21T03:38:18.659421+00:00,S028,commissioning_unmounted,false,phase_asymmetry,mild,1100,phase_asymmetry-mild_horizontal_no_load_1100rpm,2752887,1102,272,1946,2563,6,50,1264362,9,551,75,0,1,,,,,,,,,,
2026-06-21T03:38:18.753701+00:00,S028,commissioning_unmounted,false,phase_asymmetry,mild,1100,phase_asymmetry-mild_horizontal_no_load_1100rpm,2752987,1102,268,1954,2563,3,50,1264406,9,551,74,0,2,,,,,,,,,,
2026-06-21T03:38:18.846085+00:00,S028,commissioning_unmounted,false,phase_asymmetry,mild,1100,phase_asymmetry-mild_horizontal_no_load_1100rpm,2753087,1101,269,1949,2560,5,50,1264450,9,551,75,0,2,,,,,,,,,,
2026-06-21T03:38:18.939329+00:00,S028,commissioning_unmounted,false,phase_asymmetry,mild,1100,phase_asymmetry-mild_horizontal_no_load_1100rpm,2753187,1102,272,1947,2564,2,50,1264495,9,551,74,0,2,,,,,,,,,,
2026-06-21T03:38:19.078646+00:00,S028,commissioning_unmounted,false,phase_asymmetry,mild,1100,phase_asymmetry-mild_horizontal_no_load_1100rpm,2753287,1102,271,1948,2564,1,50,1264539,9,551,75,0,3,,,,,,,,,,
2026-06-21T03:38:19.172683+00:00,S028,commissioning_unmounted,false,phase_asymmetry,mild,1100,phase_asymmetry-mild_horizontal_no_load_1100rpm,2753387,1102,269,1949,2560,4,50,1264583,9,551,74,0,2,,,,,,,,,,
2026-06-21T03:38:19.267717+00:00,S028,commissioning_unmounted,false,phase_asymmetry,mild,1100,phase_asymmetry-mild_horizontal_no_load_1100rpm,2753487,1102,268,1955,2563,2,50,1264627,9,551,74,0,2,,,,,,,,,,
2026-06-21T03:38:19.361665+00:00,S028,commissioning_unmounted,false,phase_asymmetry,mild,1100,phase_asymmetry-mild_horizontal_no_load_1100rpm,2753587,1102,270,1949,2563,1,50,1264671,9,551,75,0,2,,,,,,,,,,
2026-06-21T03:38:19.455516+00:00,S028,commissioning_unmounted,false,phase_asymmetry,mild,1100,phase_asymmetry-mild_horizontal_no_load_1100rpm,2753687,1101,270,1949,2563,4,50,1264715,9,551,74,0,2,,,,,,,,,,
2026-06-21T03:38:19.547561+00:00,S028,commissioning_unmounted,false,phase_asymmetry,mild,1100,phase_asymmetry-mild_horizontal_no_load_1100rpm,2753787,1102,271,1947,2563,2,50,1264759,9,551,74,0,1,,,,,,,,,,
2026-06-21T03:38:19.653540+00:00,S028,commissioning_unmounted,false,phase_asymmetry,mild,1100,phase_asymmetry-mild_horizontal_no_load_1100rpm,2753887,1102,271,1947,2563,1,50,1264803,9,551,75,0,2,,,,,,,,,,
2026-06-21T03:38:19.745503+00:00,S028,commissioning_unmounted,false,phase_asymmetry,mild,1100,phase_asymmetry-mild_horizontal_no_load_1100rpm,2753987,1102,271,1951,2566,4,50,1264847,9,551,75,0,2,,,,,,,,,,
2026-06-21T03:38:19.837924+00:00,S028,commissioning_unmounted,false,phase_asymmetry,mild,1100,phase_asymmetry-mild_horizontal_no_load_1100rpm,2754087,1102,270,1949,2563,2,50,1264891,9,551,75,0,2,,,,,,,,,,
2026-06-21T03:38:19.931881+00:00,S028,commissioning_unmounted,false,phase_asymmetry,mild,1100,phase_asymmetry-mild_horizontal_no_load_1100rpm,2754187,1102,273,1943,2563,1,50,1264935,9,551,75,0,2,,,,,,,,,,
2026-06-21T03:38:20.072953+00:00,S028,commissioning_unmounted,false,phase_asymmetry,mild,1100,phase_asymmetry-mild_horizontal_no_load_1100rpm,2754287,1101,268,1954,2563,4,50,1264979,9,551,75,0,2,,,,,,,,,,
2026-06-21T03:38:20.165942+00:00,S028,commissioning_unmounted,false,phase_asymmetry,mild,1100,phase_asymmetry-mild_horizontal_no_load_1100rpm,2754387,1101,269,1952,2563,3,50,1265024,9,551,74,0,2,,,,,,,,,,
2026-06-21T03:38:20.259233+00:00,S028,commissioning_unmounted,false,phase_asymmetry,mild,1100,phase_asymmetry-mild_horizontal_no_load_1100rpm,2754487,1102,268,1954,2564,5,50,1265068,9,551,74,0,2,,,,,,,,,,
2026-06-21T03:38:20.351334+00:00,S028,commissioning_unmounted,false,phase_asymmetry,mild,1100,phase_asymmetry-mild_horizontal_no_load_1100rpm,2754587,1103,267,1949,2556,6,50,1265112,9,551,74,0,2,,,,,,,,,,
2026-06-21T03:38:20.443611+00:00,S028,commissioning_unmounted,false,phase_asymmetry,mild,1100,phase_asymmetry-mild_horizontal_no_load_1100rpm,2754687,1102,268,1954,2563,3,50,1265156,9,551,75,0,2,,,,,,,,,,
2026-06-21T03:38:20.536984+00:00,S028,commissioning_unmounted,false,phase_asymmetry,mild,1100,phase_asymmetry-mild_horizontal_no_load_1100rpm,2754787,1102,271,1946,2561,5,50,1265200,9,551,75,0,3,,,,,,,,,,
2026-06-21T03:38:20.631189+00:00,S028,commissioning_unmounted,false,phase_asymmetry,mild,1100,phase_asymmetry-mild_horizontal_no_load_1100rpm,2754887,1102,269,1951,2563,6,50,1265244,9,551,75,0,2,,,,,,,,,,
2026-06-21T03:38:20.772184+00:00,S028,commissioning_unmounted,false,phase_asymmetry,mild,1100,phase_asymmetry-mild_horizontal_no_load_1100rpm,2754987,1101,268,1955,2565,3,50,1265288,9,551,75,0,2,,,,,,,,,,
2026-06-21T03:38:20.865427+00:00,S028,commissioning_unmounted,false,phase_asymmetry,mild,1100,phase_asymmetry-mild_horizontal_no_load_1100rpm,2755087,1102,269,1949,2561,5,50,1265332,9,551,74,1,1,,,,,,,,,,
2026-06-21T03:38:20.957474+00:00,S028,commissioning_unmounted,false,phase_asymmetry,mild,1100,phase_asymmetry-mild_horizontal_no_load_1100rpm,2755187,1102,267,1949,2556,6,50,1265376,9,551,74,0,2,,,,,,,,,,
2026-06-21T03:38:21.051231+00:00,S028,commissioning_unmounted,false,phase_asymmetry,mild,1100,phase_asymmetry-mild_horizontal_no_load_1100rpm,2755287,1102,272,1947,2564,3,50,1265420,9,551,75,0,1,,,,,,,,,,
2026-06-21T03:38:21.143740+00:00,S028,commissioning_unmounted,false,phase_asymmetry,mild,1100,phase_asymmetry-mild_horizontal_no_load_1100rpm,2755387,1102,267,1954,2561,4,50,1265465,9,551,74,0,1,,,,,,,,,,
2026-06-21T03:38:21.237436+00:00,S028,commissioning_unmounted,false,phase_asymmetry,mild,1100,phase_asymmetry-mild_horizontal_no_load_1100rpm,2755487,1101,269,1948,2560,2,50,1265509,9,551,74,0,2,,,,,,,,,,
2026-06-21T03:38:21.331548+00:00,S028,commissioning_unmounted,false,phase_asymmetry,mild,1100,phase_asymmetry-mild_horizontal_no_load_1100rpm,2755587,1102,270,1949,2563,1,50,1265553,9,551,75,0,2,,,,,,,,,,
2026-06-21T03:38:21.469443+00:00,S028,commissioning_unmounted,false,phase_asymmetry,mild,1100,phase_asymmetry-mild_horizontal_no_load_1100rpm,2755687,1102,269,1954,2566,4,50,1265597,9,551,75,1,3,,,,,,,,,,
2026-06-21T03:38:21.530832+00:00,S028,commissioning_unmounted,false,phase_asymmetry,mild,1100,phase_asymmetry-mild_horizontal_no_load_1100rpm,2755787,1102,267,1954,2561,2,50,1265641,9,551,74,0,1,,,,,,,,,,
2026-06-21T03:38:21.673574+00:00,S028,commissioning_unmounted,false,phase_asymmetry,mild,1100,phase_asymmetry-mild_horizontal_no_load_1100rpm,2755887,1103,268,1947,2555,1,50,1265685,9,551,75,0,3,,,,,,,,,,
2026-06-21T03:38:21.766792+00:00,S028,commissioning_unmounted,false,phase_asymmetry,mild,1100,phase_asymmetry-mild_horizontal_no_load_1100rpm,2755987,1102,270,1946,2560,4,50,1265729,9,551,74,0,2,,,,,,,,,,
2026-06-21T03:38:21.860492+00:00,S028,commissioning_unmounted,false,phase_asymmetry,mild,1100,phase_asymmetry-mild_horizontal_no_load_1100rpm,2756087,1102,267,1951,2558,2,50,1265773,9,551,75,0,2,,,,,,,,,,
2026-06-21T03:38:21.952971+00:00,S028,commissioning_unmounted,false,phase_asymmetry,mild,1100,phase_asymmetry-mild_horizontal_no_load_1100rpm,2756187,1102,266,1954,2558,1,50,1265817,9,551,74,0,2,,,,,,,,,,
2026-06-21T03:38:22.061784+00:00,S028,commissioning_unmounted,false,phase_asymmetry,mild,1100,phase_asymmetry-mild_horizontal_no_load_1100rpm,2756287,1102,264,1960,2560,4,50,1265861,9,551,74,0,2,,,,,,,,,,
2026-06-21T03:38:22.154569+00:00,S028,commissioning_unmounted,false,phase_asymmetry,mild,1100,phase_asymmetry-mild_horizontal_no_load_1100rpm,2756387,1102,271,1946,2561,3,50,1265906,9,551,74,0,2,,,,,,,,,,
2026-06-21T03:38:22.246527+00:00,S028,commissioning_unmounted,false,phase_asymmetry,mild,1100,phase_asymmetry-mild_horizontal_no_load_1100rpm,2756487,1102,270,1949,2563,5,50,1265950,9,551,75,0,3,,,,,,,,,,
2026-06-21T03:38:22.338286+00:00,S028,commissioning_unmounted,false,phase_asymmetry,mild,1100,phase_asymmetry-mild_horizontal_no_load_1100rpm,2756587,1101,270,1949,2563,6,50,1265994,9,551,75,1,2,,,,,,,,,,
2026-06-21T03:38:22.431567+00:00,S028,commissioning_unmounted,false,phase_asymmetry,mild,1100,phase_asymmetry-mild_horizontal_no_load_1100rpm,2756687,1102,268,1946,2555,3,50,1266038,9,551,74,1,2,,,,,,,,,,
2026-06-21T03:38:22.527059+00:00,S028,commissioning_unmounted,false,phase_asymmetry,mild,1100,phase_asymmetry-mild_horizontal_no_load_1100rpm,2756787,1103,266,1951,2555,5,50,1266082,9,551,74,1,2,,,,,,,,,,
2026-06-21T03:38:22.666304+00:00,S028,commissioning_unmounted,false,phase_asymmetry,mild,1100,phase_asymmetry-mild_horizontal_no_load_1100rpm,2756887,1101,268,1949,2558,6,50,1266126,9,551,74,1,2,,,,,,,,,,
2026-06-21T03:38:22.760413+00:00,S028,commissioning_unmounted,false,phase_asymmetry,mild,1100,phase_asymmetry-mild_horizontal_no_load_1100rpm,2756987,1102,267,1954,2561,3,50,1266170,9,551,74,1,2,,,,,,,,,,
2026-06-21T03:38:22.854446+00:00,S028,commissioning_unmounted,false,phase_asymmetry,mild,1100,phase_asymmetry-mild_horizontal_no_load_1100rpm,2757087,1103,266,1948,2553,5,50,1266214,9,551,74,1,2,,,,,,,,,,
2026-06-21T03:38:22.945580+00:00,S028,commissioning_unmounted,false,phase_asymmetry,mild,1100,phase_asymmetry-mild_horizontal_no_load_1100rpm,2757187,1102,271,1951,2566,6,50,1266258,9,551,75,1,2,,,,,,,,,,
2026-06-21T03:38:23.039057+00:00,S028,commissioning_unmounted,false,phase_asymmetry,mild,1100,phase_asymmetry-mild_horizontal_no_load_1100rpm,2757287,1102,263,1962,2560,3,50,1266302,9,551,74,1,2,,,,,,,,,,
2026-06-21T03:38:23.132322+00:00,S028,commissioning_unmounted,false,phase_asymmetry,mild,1100,phase_asymmetry-mild_horizontal_no_load_1100rpm,2757387,1102,268,1954,2563,5,50,1266346,9,551,75,1,3,,,,,,,,,,
2026-06-21T03:38:23.226623+00:00,S028,commissioning_unmounted,false,phase_asymmetry,mild,1100,phase_asymmetry-mild_horizontal_no_load_1100rpm,2757487,1102,271,1946,2561,2,50,1266391,9,551,74,1,2,,,,,,,,,,
2026-06-21T03:38:23.366740+00:00,S028,commissioning_unmounted,false,phase_asymmetry,mild,1100,phase_asymmetry-mild_horizontal_no_load_1100rpm,2757587,1101,265,1959,2561,1,50,1266435,9,551,74,1,2,,,,,,,,,,
2026-06-21T03:38:23.459352+00:00,S028,commissioning_unmounted,false,phase_asymmetry,mild,1100,phase_asymmetry-mild_horizontal_no_load_1100rpm,2757687,1103,272,1946,2564,4,50,1266479,9,551,75,0,2,,,,,,,,,,
2026-06-21T03:38:23.553074+00:00,S028,commissioning_unmounted,false,phase_asymmetry,mild,1100,phase_asymmetry-mild_horizontal_no_load_1100rpm,2757787,1102,270,1952,2566,2,50,1266523,9,551,75,1,3,,,,,,,,,,
2026-06-21T03:38:23.644670+00:00,S028,commissioning_unmounted,false,phase_asymmetry,mild,1100,phase_asymmetry-mild_horizontal_no_load_1100rpm,2757887,1102,269,1954,2566,1,50,1266567,9,551,75,1,2,,,,,,,,,,
2026-06-21T03:38:23.736772+00:00,S028,commissioning_unmounted,false,phase_asymmetry,mild,1100,phase_asymmetry-mild_horizontal_no_load_1100rpm,2757987,1102,269,1952,2563,4,50,1266611,9,551,75,1,3,,,,,,,,,,
2026-06-21T03:38:23.828779+00:00,S028,commissioning_unmounted,false,phase_asymmetry,mild,1100,phase_asymmetry-mild_horizontal_no_load_1100rpm,2758087,1102,267,1957,2563,2,50,1266655,9,551,74,0,1,,,,,,,,,,
2026-06-21T03:38:23.921577+00:00,S028,commissioning_unmounted,false,phase_asymmetry,mild,1100,phase_asymmetry-mild_horizontal_no_load_1100rpm,2758187,1101,272,1951,2569,1,50,1266699,9,551,75,1,2,,,,,,,,,,
2026-06-21T03:38:24.031028+00:00,S028,commissioning_unmounted,false,phase_asymmetry,mild,1100,phase_asymmetry-mild_horizontal_no_load_1100rpm,2758287,1102,270,1952,2565,4,50,1266743,9,551,75,1,2,,,,,,,,,,
2026-06-21T03:38:24.137407+00:00,S028,commissioning_unmounted,false,phase_asymmetry,mild,1100,phase_asymmetry-mild_horizontal_no_load_1100rpm,2758387,1101,268,1949,2558,2,50,1266787,9,551,74,1,2,,,,,,,,,,
2026-06-21T03:38:24.228842+00:00,S028,commissioning_unmounted,false,phase_asymmetry,mild,1100,phase_asymmetry-mild_horizontal_no_load_1100rpm,2758487,1102,269,1954,2566,1,50,1266831,9,551,75,1,2,,,,,,,,,,
2026-06-21T03:38:24.323322+00:00,S028,commissioning_unmounted,false,phase_asymmetry,mild,1100,phase_asymmetry-mild_horizontal_no_load_1100rpm,2758587,1103,272,1949,2566,6,50,1266876,9,551,75,1,3,,,,,,,,,,
2026-06-21T03:38:24.462894+00:00,S028,commissioning_unmounted,false,phase_asymmetry,mild,1100,phase_asymmetry-mild_horizontal_no_load_1100rpm,2758687,1102,268,1952,2561,3,50,1266920,9,551,74,0,2,,,,,,,,,,
2026-06-21T03:38:24.555663+00:00,S028,commissioning_unmounted,false,phase_asymmetry,mild,1100,phase_asymmetry-mild_horizontal_no_load_1100rpm,2758787,1102,270,1946,2558,5,50,1266964,9,551,74,1,2,,,,,,,,,,
2026-06-21T03:38:24.649879+00:00,S028,commissioning_unmounted,false,phase_asymmetry,mild,1100,phase_asymmetry-mild_horizontal_no_load_1100rpm,2758887,1102,269,1946,2556,6,50,1267008,9,551,75,1,2,,,,,,,,,,
2026-06-21T03:38:24.741265+00:00,S028,commissioning_unmounted,false,phase_asymmetry,mild,1100,phase_asymmetry-mild_horizontal_no_load_1100rpm,2758987,1102,268,1954,2563,3,50,1267052,9,551,74,0,1,,,,,,,,,,
2026-06-21T03:38:24.833326+00:00,S028,commissioning_unmounted,false,phase_asymmetry,mild,1100,phase_asymmetry-mild_horizontal_no_load_1100rpm,2759087,1102,268,1954,2563,5,50,1267096,9,551,75,1,2,,,,,,,,,,
2026-06-21T03:38:24.926274+00:00,S028,commissioning_unmounted,false,phase_asymmetry,mild,1100,phase_asymmetry-mild_horizontal_no_load_1100rpm,2759187,1102,266,1957,2560,6,50,1267140,9,551,75,1,2,,,,,,,,,,
2026-06-21T03:38:25.018765+00:00,S028,commissioning_unmounted,false,phase_asymmetry,mild,1100,phase_asymmetry-mild_horizontal_no_load_1100rpm,2759287,1101,267,1948,2556,3,50,1267184,9,551,74,1,2,,,,,,,,,,
2026-06-21T03:38:25.160768+00:00,S028,commissioning_unmounted,false,phase_asymmetry,mild,1100,phase_asymmetry-mild_horizontal_no_load_1100rpm,2759387,1102,270,1946,2560,5,50,1267228,9,551,75,1,2,,,,,,,,,,
2026-06-21T03:38:25.254712+00:00,S028,commissioning_unmounted,false,phase_asymmetry,mild,1100,phase_asymmetry-mild_horizontal_no_load_1100rpm,2759487,1102,268,1949,2558,6,50,1267272,9,551,75,1,2,,,,,,,,,,
2026-06-21T03:38:25.348075+00:00,S028,commissioning_unmounted,false,phase_asymmetry,mild,1100,phase_asymmetry-mild_horizontal_no_load_1100rpm,2759587,1102,266,1951,2556,1,50,1267317,9,551,74,0,1,,,,,,,,,,
2026-06-21T03:38:25.439482+00:00,S028,commissioning_unmounted,false,phase_asymmetry,mild,1100,phase_asymmetry-mild_horizontal_no_load_1100rpm,2759687,1102,269,1952,2563,4,50,1267361,9,551,75,1,2,,,,,,,,,,
2026-06-21T03:38:25.532927+00:00,S028,commissioning_unmounted,false,phase_asymmetry,mild,1100,phase_asymmetry-mild_horizontal_no_load_1100rpm,2759787,1102,270,1949,2563,2,50,1267405,9,551,75,0,2,,,,,,,,,,
2026-06-21T03:38:25.626772+00:00,S028,commissioning_unmounted,false,phase_asymmetry,mild,1100,phase_asymmetry-mild_horizontal_no_load_1100rpm,2759887,1101,265,1957,2560,1,50,1267449,9,551,74,1,2,,,,,,,,,,
2026-06-21T03:38:25.720022+00:00,S028,commissioning_unmounted,false,phase_asymmetry,mild,1100,phase_asymmetry-mild_horizontal_no_load_1100rpm,2759987,1103,266,1949,2553,4,50,1267493,9,551,74,0,1,,,,,,,,,,
2026-06-21T03:38:25.873996+00:00,S028,commissioning_unmounted,false,phase_asymmetry,mild,1100,phase_asymmetry-mild_horizontal_no_load_1100rpm,2760087,1102,266,1956,2561,2,50,1267537,9,551,74,0,2,,,,,,,,,,
2026-06-21T03:38:25.920360+00:00,S028,commissioning_unmounted,false,phase_asymmetry,mild,1100,phase_asymmetry-mild_horizontal_no_load_1100rpm,2760187,1102,264,1960,2560,1,50,1267581,9,551,74,0,2,,,,,,,,,,
2026-06-21T03:38:26.030742+00:00,S028,commissioning_unmounted,false,phase_asymmetry,mild,1100,phase_asymmetry-mild_horizontal_no_load_1100rpm,2760287,1102,268,1954,2563,4,50,1267625,9,551,75,1,3,,,,,,,,,,
2026-06-21T03:38:26.125606+00:00,S028,commissioning_unmounted,false,phase_asymmetry,mild,1100,phase_asymmetry-mild_horizontal_no_load_1100rpm,2760387,1102,268,1949,2557,3,50,1267670,9,551,74,1,2,,,,,,,,,,
2026-06-21T03:38:26.232170+00:00,S028,commissioning_unmounted,false,phase_asymmetry,mild,1100,phase_asymmetry-mild_horizontal_no_load_1100rpm,2760487,1102,270,1949,2563,1,50,1267713,9,551,75,1,2,,,,,,,,,,
2026-06-21T03:38:26.326688+00:00,S028,commissioning_unmounted,false,phase_asymmetry,mild,1100,phase_asymmetry-mild_horizontal_no_load_1100rpm,2760587,1102,272,1949,2566,6,50,1267758,9,551,75,0,2,,,,,,,,,,
2026-06-21T03:38:26.420958+00:00,S028,commissioning_unmounted,false,phase_asymmetry,mild,1100,phase_asymmetry-mild_horizontal_no_load_1100rpm,2760687,1103,271,1946,2561,3,50,1267802,9,551,75,1,2,,,,,,,,,,
2026-06-21T03:38:26.514447+00:00,S028,commissioning_unmounted,false,phase_asymmetry,mild,1100,phase_asymmetry-mild_horizontal_no_load_1100rpm,2760787,1102,270,1946,2560,5,50,1267846,9,551,74,1,2,,,,,,,,,,
2026-06-21T03:38:26.656799+00:00,S028,commissioning_unmounted,false,phase_asymmetry,mild,1100,phase_asymmetry-mild_horizontal_no_load_1100rpm,2760887,1101,269,1951,2563,6,50,1267890,9,551,75,0,2,,,,,,,,,,
2026-06-21T03:38:26.751978+00:00,S028,commissioning_unmounted,false,phase_asymmetry,mild,1100,phase_asymmetry-mild_horizontal_no_load_1100rpm,2760987,1102,273,1946,2566,3,50,1267934,9,551,75,1,2,,,,,,,,,,
2026-06-21T03:38:26.843694+00:00,S028,commissioning_unmounted,false,phase_asymmetry,mild,1100,phase_asymmetry-mild_horizontal_no_load_1100rpm,2761087,1101,271,1951,2566,5,50,1267978,9,551,74,1,2,,,,,,,,,,
2026-06-21T03:38:26.939337+00:00,S028,commissioning_unmounted,false,phase_asymmetry,mild,1100,phase_asymmetry-mild_horizontal_no_load_1100rpm,2761187,1102,271,1952,2568,6,50,1268022,9,551,75,2,2,,,,,,,,,,
2026-06-21T03:38:27.034689+00:00,S028,commissioning_unmounted,false,phase_asymmetry,mild,1100,phase_asymmetry-mild_horizontal_no_load_1100rpm,2761287,1101,267,1956,2563,3,50,1268066,9,551,74,1,2,,,,,,,,,,
2026-06-21T03:38:27.126494+00:00,S028,commissioning_unmounted,false,phase_asymmetry,mild,1100,phase_asymmetry-mild_horizontal_no_load_1100rpm,2761387,1103,270,1946,2558,5,50,1268110,9,551,75,1,1,,,,,,,,,,
2026-06-21T03:38:27.220706+00:00,S028,commissioning_unmounted,false,phase_asymmetry,mild,1100,phase_asymmetry-mild_horizontal_no_load_1100rpm,2761487,1103,264,1955,2555,2,50,1268155,9,551,74,1,2,,,,,,,,,,
2026-06-21T03:38:27.314760+00:00,S028,commissioning_unmounted,false,phase_asymmetry,mild,1100,phase_asymmetry-mild_horizontal_no_load_1100rpm,2761587,1102,267,1957,2563,1,50,1268199,9,551,75,0,2,,,,,,,,,,
2026-06-21T03:38:27.409184+00:00,S028,commissioning_unmounted,false,phase_asymmetry,mild,1100,phase_asymmetry-mild_horizontal_no_load_1100rpm,2761687,1102,268,1949,2558,4,50,1268243,9,551,74,1,2,,,,,,,,,,
2026-06-21T03:38:27.550481+00:00,S028,commissioning_unmounted,false,phase_asymmetry,mild,1100,phase_asymmetry-mild_horizontal_no_load_1100rpm,2761787,1102,268,1949,2558,2,50,1268287,9,551,74,0,2,,,,,,,,,,
2026-06-21T03:38:27.644335+00:00,S028,commissioning_unmounted,false,phase_asymmetry,mild,1100,phase_asymmetry-mild_horizontal_no_load_1100rpm,2761887,1101,271,1949,2566,1,50,1268331,9,551,75,0,2,,,,,,,,,,
2026-06-21T03:38:27.737184+00:00,S028,commissioning_unmounted,false,phase_asymmetry,mild,1100,phase_asymmetry-mild_horizontal_no_load_1100rpm,2761987,1101,269,1954,2566,4,50,1268375,9,551,75,0,2,,,,,,,,,,
2026-06-21T03:38:27.827874+00:00,S028,commissioning_unmounted,false,phase_asymmetry,mild,1100,phase_asymmetry-mild_horizontal_no_load_1100rpm,2762087,1102,270,1949,2563,2,50,1268419,9,551,75,0,2,,,,,,,,,,
2026-06-21T03:38:27.921521+00:00,S028,commissioning_unmounted,false,phase_asymmetry,mild,1100,phase_asymmetry-mild_horizontal_no_load_1100rpm,2762187,1103,264,1960,2560,1,50,1268463,9,551,75,1,2,,,,,,,,,,
2026-06-21T03:38:28.030838+00:00,S028,commissioning_unmounted,false,phase_asymmetry,mild,1100,phase_asymmetry-mild_horizontal_no_load_1100rpm,2762287,1102,267,1954,2561,4,50,1268507,9,551,75,0,2,,,,,,,,,,
2026-06-21T03:38:28.139227+00:00,S028,commissioning_unmounted,false,phase_asymmetry,mild,1100,phase_asymmetry-mild_horizontal_no_load_1100rpm,2762387,1102,271,1946,2561,2,50,1268551,9,551,74,0,1,,,,,,,,,,
2026-06-21T03:38:28.233301+00:00,S028,commissioning_unmounted,false,phase_asymmetry,mild,1100,phase_asymmetry-mild_horizontal_no_load_1100rpm,2762487,1101,271,1949,2566,1,50,1268595,9,551,75,1,2,,,,,,,,,,
2026-06-21T03:38:28.328366+00:00,S028,commissioning_unmounted,false,phase_asymmetry,mild,1100,phase_asymmetry-mild_horizontal_no_load_1100rpm,2762587,1102,271,1951,2566,6,50,1268640,9,551,75,1,2,,,,,,,,,,
2026-06-21T03:38:28.422680+00:00,S028,commissioning_unmounted,false,phase_asymmetry,mild,1100,phase_asymmetry-mild_horizontal_no_load_1100rpm,2762687,1101,271,1949,2565,3,50,1268684,9,551,75,0,2,,,,,,,,,,
2026-06-21T03:38:28.516478+00:00,S028,commissioning_unmounted,false,phase_asymmetry,mild,1100,phase_asymmetry-mild_horizontal_no_load_1100rpm,2762787,1102,267,1957,2563,5,50,1268728,9,551,74,1,2,,,,,,,,,,
2026-06-21T03:38:28.609701+00:00,S028,commissioning_unmounted,false,phase_asymmetry,mild,1100,phase_asymmetry-mild_horizontal_no_load_1100rpm,2762887,1102,269,1949,2561,6,50,1268772,9,551,75,1,3,,,,,,,,,,
2026-06-21T03:38:28.716493+00:00,S028,commissioning_unmounted,false,phase_asymmetry,mild,1100,phase_asymmetry-mild_horizontal_no_load_1100rpm,2762987,1102,270,1951,2564,3,50,1268816,9,551,75,0,2,,,,,,,,,,
2026-06-21T03:38:28.808094+00:00,S028,commissioning_unmounted,false,phase_asymmetry,mild,1100,phase_asymmetry-mild_horizontal_no_load_1100rpm,2763087,1102,269,1949,2560,5,50,1268860,9,551,74,1,2,,,,,,,,,,
2026-06-21T03:38:28.947748+00:00,S028,commissioning_unmounted,false,phase_asymmetry,mild,1100,phase_asymmetry-mild_horizontal_no_load_1100rpm,2763187,1101,271,1951,2568,6,50,1268904,9,551,75,1,2,,,,,,,,,,
2026-06-21T03:38:29.039994+00:00,S028,commissioning_unmounted,false,phase_asymmetry,mild,1100,phase_asymmetry-mild_horizontal_no_load_1100rpm,2763287,1101,267,1957,2563,3,50,1268948,9,551,74,1,2,,,,,,,,,,
2026-06-21T03:38:29.133761+00:00,S028,commissioning_unmounted,false,phase_asymmetry,mild,1100,phase_asymmetry-mild_horizontal_no_load_1100rpm,2763387,1101,271,1952,2568,5,50,1268992,9,551,75,1,2,,,,,,,,,,
2026-06-21T03:38:29.227555+00:00,S028,commissioning_unmounted,false,phase_asymmetry,mild,1100,phase_asymmetry-mild_horizontal_no_load_1100rpm,2763487,1103,270,1951,2563,6,50,1269036,9,551,75,1,2,,,,,,,,,,
2026-06-21T03:38:29.321337+00:00,S028,commissioning_unmounted,false,phase_asymmetry,mild,1100,phase_asymmetry-mild_horizontal_no_load_1100rpm,2763587,1102,272,1949,2566,1,50,1269081,9,551,75,1,2,,,,,,,,,,
2026-06-21T03:38:29.413757+00:00,S028,commissioning_unmounted,false,phase_asymmetry,mild,1100,phase_asymmetry-mild_horizontal_no_load_1100rpm,2763687,1101,269,1947,2558,4,50,1269125,9,551,75,1,3,,,,,,,,,,
2026-06-21T03:38:29.506840+00:00,S028,commissioning_unmounted,false,phase_asymmetry,mild,1100,phase_asymmetry-mild_horizontal_no_load_1100rpm,2763787,1103,267,1954,2561,2,50,1269169,9,551,75,0,2,,,,,,,,,,
2026-06-21T03:38:29.648239+00:00,S028,commissioning_unmounted,false,phase_asymmetry,mild,1100,phase_asymmetry-mild_horizontal_no_load_1100rpm,2763887,1101,269,1954,2565,1,50,1269213,9,551,74,1,2,,,,,,,,,,
2026-06-21T03:38:29.740857+00:00,S028,commissioning_unmounted,false,phase_asymmetry,mild,1100,phase_asymmetry-mild_horizontal_no_load_1100rpm,2763987,1101,273,1946,2566,4,50,1269257,9,551,76,0,2,,,,,,,,,,
2026-06-21T03:38:29.834218+00:00,S028,commissioning_unmounted,false,phase_asymmetry,mild,1100,phase_asymmetry-mild_horizontal_no_load_1100rpm,2764087,1102,269,1951,2563,2,50,1269301,9,551,75,1,2,,,,,,,,,,
2026-06-21T03:38:29.928511+00:00,S028,commissioning_unmounted,false,phase_asymmetry,mild,1100,phase_asymmetry-mild_horizontal_no_load_1100rpm,2764187,1102,272,1949,2566,1,50,1269345,9,551,75,1,2,,,,,,,,,,
2026-06-21T03:38:30.021643+00:00,S028,commissioning_unmounted,false,phase_asymmetry,mild,1100,phase_asymmetry-mild_horizontal_no_load_1100rpm,2764287,1102,268,1952,2560,4,50,1269389,9,551,74,0,2,,,,,,,,,,
2026-06-21T03:38:30.115387+00:00,S028,commissioning_unmounted,false,phase_asymmetry,mild,1100,phase_asymmetry-mild_horizontal_no_load_1100rpm,2764387,1101,268,1949,2558,2,50,1269433,9,551,74,1,2,,,,,,,,,,
2026-06-21T03:38:30.207604+00:00,S028,commissioning_unmounted,false,phase_asymmetry,mild,1100,phase_asymmetry-mild_horizontal_no_load_1100rpm,2764487,1102,269,1951,2563,1,50,1269477,9,551,75,0,2,,,,,,,,,,
2026-06-21T03:38:30.301100+00:00,S028,commissioning_unmounted,false,phase_asymmetry,mild,1100,phase_asymmetry-mild_horizontal_no_load_1100rpm,2764587,1102,270,1946,2560,4,50,1269521,9,551,74,0,2,,,,,,,,,,
2026-06-21T03:38:30.441750+00:00,S028,commissioning_unmounted,false,phase_asymmetry,mild,1100,phase_asymmetry-mild_horizontal_no_load_1100rpm,2764687,1102,270,1952,2566,3,50,1269566,9,551,75,1,2,,,,,,,,,,
2026-06-21T03:38:30.535689+00:00,S028,commissioning_unmounted,false,phase_asymmetry,mild,1100,phase_asymmetry-mild_horizontal_no_load_1100rpm,2764787,1102,272,1946,2563,5,50,1269610,9,551,75,1,2,,,,,,,,,,
2026-06-21T03:38:30.628113+00:00,S028,commissioning_unmounted,false,phase_asymmetry,mild,1100,phase_asymmetry-mild_horizontal_no_load_1100rpm,2764887,1102,270,1948,2561,6,50,1269654,9,551,74,0,2,,,,,,,,,,
2026-06-21T03:38:30.723615+00:00,S028,commissioning_unmounted,false,phase_asymmetry,mild,1100,phase_asymmetry-mild_horizontal_no_load_1100rpm,2764987,1103,267,1951,2558,3,50,1269698,9,551,74,1,2,,,,,,,,,,
2026-06-21T03:38:30.817546+00:00,S028,commissioning_unmounted,false,phase_asymmetry,mild,1100,phase_asymmetry-mild_horizontal_no_load_1100rpm,2765087,1102,269,1952,2563,5,50,1269742,9,551,75,1,2,,,,,,,,,,
2026-06-21T03:38:30.911023+00:00,S028,commissioning_unmounted,false,phase_asymmetry,mild,1100,phase_asymmetry-mild_horizontal_no_load_1100rpm,2765187,1102,268,1949,2558,6,50,1269786,9,551,74,0,2,,,,,,,,,,
2026-06-21T03:38:31.004032+00:00,S028,commissioning_unmounted,false,phase_asymmetry,mild,1100,phase_asymmetry-mild_horizontal_no_load_1100rpm,2765287,1102,271,1946,2561,3,50,1269830,9,551,76,2,3,,,,,,,,,,
2026-06-21T03:38:31.144160+00:00,S028,commissioning_unmounted,false,phase_asymmetry,mild,1100,phase_asymmetry-mild_horizontal_no_load_1100rpm,2765387,1102,267,1957,2563,5,50,1269874,9,551,74,1,2,,,,,,,,,,
2026-06-21T03:38:31.236730+00:00,S028,commissioning_unmounted,false,phase_asymmetry,mild,1100,phase_asymmetry-mild_horizontal_no_load_1100rpm,2765487,1103,268,1955,2563,6,50,1269918,9,551,75,1,2,,,,,,,,,,
2026-06-21T03:38:31.331725+00:00,S028,commissioning_unmounted,false,phase_asymmetry,mild,1100,phase_asymmetry-mild_horizontal_no_load_1100rpm,2765587,1103,271,1944,2560,3,50,1269962,9,551,75,1,2,,,,,,,,,,
2026-06-21T03:38:31.425782+00:00,S028,commissioning_unmounted,false,phase_asymmetry,mild,1100,phase_asymmetry-mild_horizontal_no_load_1100rpm,2765687,1103,270,1954,2566,4,50,1270007,9,551,75,0,2,,,,,,,,,,
2026-06-21T03:38:31.519322+00:00,S028,commissioning_unmounted,false,phase_asymmetry,mild,1100,phase_asymmetry-mild_horizontal_no_load_1100rpm,2765787,1102,269,1946,2558,2,50,1270051,9,551,75,1,2,,,,,,,,,,
2026-06-21T03:38:31.613746+00:00,S028,commissioning_unmounted,false,phase_asymmetry,mild,1100,phase_asymmetry-mild_horizontal_no_load_1100rpm,2765887,1102,269,1954,2565,1,50,1270095,9,551,75,0,2,,,,,,,,,,
2026-06-21T03:38:31.706863+00:00,S028,commissioning_unmounted,false,phase_asymmetry,mild,1100,phase_asymmetry-mild_horizontal_no_load_1100rpm,2765987,1102,268,1954,2563,4,50,1270139,9,551,74,1,2,,,,,,,,,,
2026-06-21T03:38:31.801324+00:00,S028,commissioning_unmounted,false,phase_asymmetry,mild,1100,phase_asymmetry-mild_horizontal_no_load_1100rpm,2766087,1102,270,1952,2566,2,50,1270183,9,551,75,1,3,,,,,,,,,,
2026-06-21T03:38:31.940293+00:00,S028,commissioning_unmounted,false,phase_asymmetry,mild,1100,phase_asymmetry-mild_horizontal_no_load_1100rpm,2766187,1102,267,1955,2561,1,50,1270227,9,551,75,0,2,,,,,,,,,,
2026-06-21T03:38:32.033513+00:00,S028,commissioning_unmounted,false,phase_asymmetry,mild,1100,phase_asymmetry-mild_horizontal_no_load_1100rpm,2766287,1102,273,1949,2569,4,50,1270271,9,551,74,1,2,,,,,,,,,,
2026-06-21T03:38:32.127499+00:00,S028,commissioning_unmounted,false,phase_asymmetry,mild,1100,phase_asymmetry-mild_horizontal_no_load_1100rpm,2766387,1102,270,1952,2565,2,50,1270315,9,551,75,1,2,,,,,,,,,,
2026-06-21T03:38:32.219654+00:00,S028,commissioning_unmounted,false,phase_asymmetry,mild,1100,phase_asymmetry-mild_horizontal_no_load_1100rpm,2766487,1102,269,1947,2558,1,50,1270359,9,551,74,0,2,,,,,,,,,,
2026-06-21T03:38:32.314462+00:00,S028,commissioning_unmounted,false,phase_asymmetry,mild,1100,phase_asymmetry-mild_horizontal_no_load_1100rpm,2766587,1102,273,1946,2566,6,50,1270404,9,551,75,1,2,,,,,,,,,,
2026-06-21T03:38:32.408427+00:00,S028,commissioning_unmounted,false,phase_asymmetry,mild,1100,phase_asymmetry-mild_horizontal_no_load_1100rpm,2766687,1102,271,1951,2566,3,50,1270448,9,551,75,1,2,,,,,,,,,,
2026-06-21T03:38:32.500454+00:00,S028,commissioning_unmounted,false,phase_asymmetry,mild,1100,phase_asymmetry-mild_horizontal_no_load_1100rpm,2766787,1102,270,1949,2563,5,50,1270492,9,551,74,0,2,,,,,,,,,,
2026-06-21T03:38:32.607951+00:00,S028,commissioning_unmounted,false,phase_asymmetry,mild,1100,phase_asymmetry-mild_horizontal_no_load_1100rpm,2766887,1101,265,1959,2561,6,50,1270536,9,551,74,0,2,,,,,,,,,,
2026-06-21T03:38:32.701744+00:00,S028,commissioning_unmounted,false,phase_asymmetry,mild,1100,phase_asymmetry-mild_horizontal_no_load_1100rpm,2766987,1102,269,1947,2557,3,50,1270580,9,551,74,0,2,,,,,,,,,,
2026-06-21T03:38:32.796708+00:00,S028,commissioning_unmounted,false,phase_asymmetry,mild,1100,phase_asymmetry-mild_horizontal_no_load_1100rpm,2767087,1103,267,1954,2561,5,50,1270624,9,551,75,0,2,,,,,,,,,,
2026-06-21T03:38:32.905213+00:00,S028,commissioning_unmounted,false,phase_asymmetry,mild,1100,phase_asymmetry-mild_horizontal_no_load_1100rpm,2767187,1101,268,1948,2558,6,50,1270668,9,551,74,1,2,,,,,,,,,,
2026-06-21T03:38:32.998537+00:00,S028,commissioning_unmounted,false,phase_asymmetry,mild,1100,phase_asymmetry-mild_horizontal_no_load_1100rpm,2767287,1102,267,1957,2563,3,50,1270712,9,551,74,1,1,,,,,,,,,,
2026-06-21T03:38:33.093257+00:00,S028,commissioning_unmounted,false,phase_asymmetry,mild,1100,phase_asymmetry-mild_horizontal_no_load_1100rpm,2767387,1103,269,1947,2557,5,50,1270756,9,551,75,1,2,,,,,,,,,,
2026-06-21T03:38:33.235858+00:00,S028,commissioning_unmounted,false,phase_asymmetry,mild,1100,phase_asymmetry-mild_horizontal_no_load_1100rpm,2767487,1102,267,1954,2560,2,50,1270801,9,551,74,1,2,,,,,,,,,,
2026-06-21T03:38:33.329880+00:00,S028,commissioning_unmounted,false,phase_asymmetry,mild,1100,phase_asymmetry-mild_horizontal_no_load_1100rpm,2767587,1103,270,1946,2558,1,50,1270845,9,551,75,0,2,,,,,,,,,,
2026-06-21T03:38:33.424521+00:00,S028,commissioning_unmounted,false,phase_asymmetry,mild,1100,phase_asymmetry-mild_horizontal_no_load_1100rpm,2767687,1102,267,1951,2557,4,50,1270889,9,551,74,0,2,,,,,,,,,,
2026-06-21T03:38:33.517489+00:00,S028,commissioning_unmounted,false,phase_asymmetry,mild,1100,phase_asymmetry-mild_horizontal_no_load_1100rpm,2767787,1102,269,1946,2558,2,50,1270933,9,551,74,2,2,,,,,,,,,,
2026-06-21T03:38:33.610424+00:00,S028,commissioning_unmounted,false,phase_asymmetry,mild,1100,phase_asymmetry-mild_horizontal_no_load_1100rpm,2767887,1102,269,1951,2561,1,50,1270977,9,551,74,1,2,,,,,,,,,,
2026-06-21T03:38:33.705517+00:00,S028,commissioning_unmounted,false,phase_asymmetry,mild,1100,phase_asymmetry-mild_horizontal_no_load_1100rpm,2767987,1103,270,1946,2558,4,50,1271021,9,551,75,0,2,,,,,,,,,,
2026-06-21T03:38:33.798297+00:00,S028,commissioning_unmounted,false,phase_asymmetry,mild,1100,phase_asymmetry-mild_horizontal_no_load_1100rpm,2768087,1102,270,1949,2563,2,50,1271065,9,551,75,1,2,,,,,,,,,,
2026-06-21T03:38:33.891640+00:00,S028,commissioning_unmounted,false,phase_asymmetry,mild,1100,phase_asymmetry-mild_horizontal_no_load_1100rpm,2768187,1103,269,1952,2563,1,50,1271109,9,551,75,1,3,,,,,,,,,,
2026-06-21T03:38:34.032726+00:00,S028,commissioning_unmounted,false,phase_asymmetry,mild,1100,phase_asymmetry-mild_horizontal_no_load_1100rpm,2768287,1102,268,1956,2564,4,50,1271153,9,551,74,0,1,,,,,,,,,,
2026-06-21T03:38:34.126410+00:00,S028,commissioning_unmounted,false,phase_asymmetry,mild,1100,phase_asymmetry-mild_horizontal_no_load_1100rpm,2768387,1102,269,1949,2560,3,50,1271198,9,551,75,1,2,,,,,,,,,,
2026-06-21T03:38:34.218636+00:00,S028,commissioning_unmounted,false,phase_asymmetry,mild,1100,phase_asymmetry-mild_horizontal_no_load_1100rpm,2768487,1102,269,1946,2558,5,50,1271242,9,551,75,1,2,,,,,,,,,,
2026-06-21T03:38:34.312613+00:00,S028,commissioning_unmounted,false,phase_asymmetry,mild,1100,phase_asymmetry-mild_horizontal_no_load_1100rpm,2768587,1102,272,1949,2566,6,50,1271286,9,551,74,0,1,,,,,,,,,,
2026-06-21T03:38:34.406349+00:00,S028,commissioning_unmounted,false,phase_asymmetry,mild,1100,phase_asymmetry-mild_horizontal_no_load_1100rpm,2768687,1102,265,1951,2552,3,50,1271330,9,551,73,1,1,,,,,,,,,,
2026-06-21T03:38:34.500129+00:00,S028,commissioning_unmounted,false,phase_asymmetry,mild,1100,phase_asymmetry-mild_horizontal_no_load_1100rpm,2768787,1102,266,1957,2561,5,50,1271374,9,551,74,1,2,,,,,,,,,,
2026-06-21T03:38:34.595292+00:00,S028,commissioning_unmounted,false,phase_asymmetry,mild,1100,phase_asymmetry-mild_horizontal_no_load_1100rpm,2768887,1101,269,1949,2560,6,50,1271418,9,551,74,1,2,,,,,,,,,,
2026-06-21T03:38:34.734455+00:00,S028,commissioning_unmounted,false,phase_asymmetry,mild,1100,phase_asymmetry-mild_horizontal_no_load_1100rpm,2768987,1102,269,1946,2558,3,50,1271462,9,551,74,1,2,,,,,,,,,,
2026-06-21T03:38:34.827931+00:00,S028,commissioning_unmounted,false,phase_asymmetry,mild,1100,phase_asymmetry-mild_horizontal_no_load_1100rpm,2769087,1102,269,1949,2560,5,50,1271506,9,551,74,1,2,,,,,,,,,,
2026-06-21T03:38:34.921666+00:00,S028,commissioning_unmounted,false,phase_asymmetry,mild,1100,phase_asymmetry-mild_horizontal_no_load_1100rpm,2769187,1102,269,1954,2564,6,50,1271550,9,551,75,1,2,,,,,,,,,,
2026-06-21T03:38:35.046417+00:00,S028,commissioning_unmounted,false,phase_asymmetry,mild,1100,phase_asymmetry-mild_horizontal_no_load_1100rpm,2769287,1102,268,1954,2563,3,50,1271594,9,551,74,1,2,,,,,,,,,,
2026-06-21T03:38:35.108423+00:00,S028,commissioning_unmounted,false,phase_asymmetry,mild,1100,phase_asymmetry-mild_horizontal_no_load_1100rpm,2769387,1103,271,1946,2561,4,50,1271639,9,551,75,1,2,,,,,,,,,,
2026-06-21T03:38:35.202230+00:00,S028,commissioning_unmounted,false,phase_asymmetry,mild,1100,phase_asymmetry-mild_horizontal_no_load_1100rpm,2769487,1102,265,1955,2557,2,50,1271683,9,551,74,1,1,,,,,,,,,,
2026-06-21T03:38:35.296655+00:00,S028,commissioning_unmounted,false,phase_asymmetry,mild,1100,phase_asymmetry-mild_horizontal_no_load_1100rpm,2769587,1102,272,1944,2561,1,50,1271727,9,551,75,1,2,,,,,,,,,,
2026-06-21T03:38:35.405830+00:00,S028,commissioning_unmounted,false,phase_asymmetry,mild,1100,phase_asymmetry-mild_horizontal_no_load_1100rpm,2769687,1102,268,1949,2558,4,50,1271771,9,551,74,1,2,,,,,,,,,,
2026-06-21T03:38:35.513785+00:00,S028,commissioning_unmounted,false,phase_asymmetry,mild,1100,phase_asymmetry-mild_horizontal_no_load_1100rpm,2769787,1102,269,1946,2557,2,50,1271815,9,551,74,1,2,,,,,,,,,,
2026-06-21T03:38:35.606489+00:00,S028,commissioning_unmounted,false,phase_asymmetry,mild,1100,phase_asymmetry-mild_horizontal_no_load_1100rpm,2769887,1102,270,1948,2561,1,50,1271859,9,551,74,2,2,,,,,,,,,,
2026-06-21T03:38:35.699761+00:00,S028,commissioning_unmounted,false,phase_asymmetry,mild,1100,phase_asymmetry-mild_horizontal_no_load_1100rpm,2769987,1102,267,1949,2555,4,50,1271903,9,551,74,1,2,,,,,,,,,,
2026-06-21T03:38:35.792896+00:00,S028,commissioning_unmounted,false,phase_asymmetry,mild,1100,phase_asymmetry-mild_horizontal_no_load_1100rpm,2770087,1102,270,1954,2568,2,50,1271947,9,551,74,1,2,,,,,,,,,,
2026-06-21T03:38:35.887623+00:00,S028,commissioning_unmounted,false,phase_asymmetry,mild,1100,phase_asymmetry-mild_horizontal_no_load_1100rpm,2770187,1103,270,1946,2560,1,50,1271991,9,551,75,1,2,,,,,,,,,,
2026-06-21T03:38:36.026695+00:00,S028,commissioning_unmounted,false,phase_asymmetry,mild,1100,phase_asymmetry-mild_horizontal_no_load_1100rpm,2770287,1101,272,1949,2566,4,50,1272035,9,551,75,0,2,,,,,,,,,,
2026-06-21T03:38:36.119140+00:00,S028,commissioning_unmounted,false,phase_asymmetry,mild,1100,phase_asymmetry-mild_horizontal_no_load_1100rpm,2770387,1102,269,1954,2566,2,50,1272079,9,551,74,0,1,,,,,,,,,,
2026-06-21T03:38:36.210618+00:00,S028,commissioning_unmounted,false,phase_asymmetry,mild,1100,phase_asymmetry-mild_horizontal_no_load_1100rpm,2770487,1102,269,1952,2563,5,50,1272124,9,551,75,1,2,,,,,,,,,,
2026-06-21T03:38:36.303877+00:00,S028,commissioning_unmounted,false,phase_asymmetry,mild,1100,phase_asymmetry-mild_horizontal_no_load_1100rpm,2770587,1102,270,1946,2560,6,50,1272168,9,551,75,0,2,,,,,,,,,,
2026-06-21T03:38:36.397225+00:00,S028,commissioning_unmounted,false,phase_asymmetry,mild,1100,phase_asymmetry-mild_horizontal_no_load_1100rpm,2770687,1102,268,1952,2560,3,50,1272212,9,551,75,1,2,,,,,,,,,,
2026-06-21T03:38:36.490667+00:00,S028,commissioning_unmounted,false,phase_asymmetry,mild,1100,phase_asymmetry-mild_horizontal_no_load_1100rpm,2770787,1102,270,1946,2558,5,50,1272256,9,551,74,0,3,,,,,,,,,,
2026-06-21T03:38:36.583717+00:00,S028,commissioning_unmounted,false,phase_asymmetry,mild,1100,phase_asymmetry-mild_horizontal_no_load_1100rpm,2770887,1102,270,1949,2563,6,50,1272300,9,551,75,0,2,,,,,,,,,,
2026-06-21T03:38:36.723178+00:00,S028,commissioning_unmounted,false,phase_asymmetry,mild,1100,phase_asymmetry-mild_horizontal_no_load_1100rpm,2770987,1102,267,1956,2563,3,50,1272344,9,551,75,1,2,,,,,,,,,,
2026-06-21T03:38:36.818120+00:00,S028,commissioning_unmounted,false,phase_asymmetry,mild,1100,phase_asymmetry-mild_horizontal_no_load_1100rpm,2771087,1102,267,1954,2560,5,50,1272388,9,551,75,1,2,,,,,,,,,,
2026-06-21T03:38:36.910641+00:00,S028,commissioning_unmounted,false,phase_asymmetry,mild,1100,phase_asymmetry-mild_horizontal_no_load_1100rpm,2771187,1102,267,1954,2560,6,50,1272432,9,551,74,1,2,,,,,,,,,,
2026-06-21T03:38:37.004802+00:00,S028,commissioning_unmounted,false,phase_asymmetry,mild,1100,phase_asymmetry-mild_horizontal_no_load_1100rpm,2771287,1102,268,1952,2560,3,50,1272476,9,551,74,1,2,,,,,,,,,,
2026-06-21T03:38:37.097024+00:00,S028,commissioning_unmounted,false,phase_asymmetry,mild,1100,phase_asymmetry-mild_horizontal_no_load_1100rpm,2771387,1103,269,1947,2557,4,50,1272521,9,551,74,1,2,,,,,,,,,,
2026-06-21T03:38:37.189274+00:00,S028,commissioning_unmounted,false,phase_asymmetry,mild,1100,phase_asymmetry-mild_horizontal_no_load_1100rpm,2771487,1102,270,1949,2563,2,50,1272565,9,551,75,1,2,,,,,,,,,,
2026-06-21T03:38:37.282359+00:00,S028,commissioning_unmounted,false,phase_asymmetry,mild,1100,phase_asymmetry-mild_horizontal_no_load_1100rpm,2771587,1102,270,1952,2566,1,50,1272609,9,551,75,1,2,,,,,,,,,,
2026-06-21T03:38:37.423737+00:00,S028,commissioning_unmounted,false,phase_asymmetry,mild,1100,phase_asymmetry-mild_horizontal_no_load_1100rpm,2771687,1102,270,1946,2560,4,50,1272653,9,551,75,1,2,,,,,,,,,,
2026-06-21T03:38:37.517352+00:00,S028,commissioning_unmounted,false,phase_asymmetry,mild,1100,phase_asymmetry-mild_horizontal_no_load_1100rpm,2771787,1102,270,1949,2563,2,50,1272697,9,551,75,1,2,,,,,,,,,,
2026-06-21T03:38:37.610234+00:00,S028,commissioning_unmounted,false,phase_asymmetry,mild,1100,phase_asymmetry-mild_horizontal_no_load_1100rpm,2771887,1102,269,1946,2558,1,50,1272741,9,551,74,0,1,,,,,,,,,,
2026-06-21T03:38:37.703722+00:00,S028,commissioning_unmounted,false,phase_asymmetry,mild,1100,phase_asymmetry-mild_horizontal_no_load_1100rpm,2771987,1103,268,1949,2557,4,50,1272785,9,551,75,0,2,,,,,,,,,,
2026-06-21T03:38:37.797390+00:00,S028,commissioning_unmounted,false,phase_asymmetry,mild,1100,phase_asymmetry-mild_horizontal_no_load_1100rpm,2772087,1102,269,1949,2560,2,50,1272829,9,551,74,1,2,,,,,,,,,,
2026-06-21T03:38:37.892038+00:00,S028,commissioning_unmounted,false,phase_asymmetry,mild,1100,phase_asymmetry-mild_horizontal_no_load_1100rpm,2772187,1102,271,1951,2566,1,50,1272873,9,551,75,1,2,,,,,,,,,,
2026-06-21T03:38:37.985357+00:00,S028,commissioning_unmounted,false,phase_asymmetry,mild,1100,phase_asymmetry-mild_horizontal_no_load_1100rpm,2772287,1102,267,1954,2561,4,50,1272917,9,551,75,0,2,,,,,,,,,,
2026-06-21T03:38:38.125286+00:00,S028,commissioning_unmounted,false,phase_asymmetry,mild,1100,phase_asymmetry-mild_horizontal_no_load_1100rpm,2772387,1103,270,1949,2561,3,50,1272962,9,551,74,0,2,,,,,,,,,,
2026-06-21T03:38:38.218758+00:00,S028,commissioning_unmounted,false,phase_asymmetry,mild,1100,phase_asymmetry-mild_horizontal_no_load_1100rpm,2772487,1103,269,1952,2563,5,50,1273006,9,551,75,1,3,,,,,,,,,,
2026-06-21T03:38:38.279316+00:00,S028,commissioning_unmounted,false,phase_asymmetry,mild,1100,phase_asymmetry-mild_horizontal_no_load_1100rpm,2772587,1103,266,1952,2557,6,50,1273050,9,551,75,0,2,,,,,,,,,,
2026-06-21T03:38:38.418743+00:00,S028,commissioning_unmounted,false,phase_asymmetry,mild,1100,phase_asymmetry-mild_horizontal_no_load_1100rpm,2772687,1102,268,1954,2563,3,50,1273094,9,551,75,1,3,,,,,,,,,,
2026-06-21T03:38:38.510174+00:00,S028,commissioning_unmounted,false,phase_asymmetry,mild,1100,phase_asymmetry-mild_horizontal_no_load_1100rpm,2772787,1102,267,1954,2560,5,50,1273138,9,551,74,1,2,,,,,,,,,,
2026-06-21T03:38:38.604219+00:00,S028,commissioning_unmounted,false,phase_asymmetry,mild,1100,phase_asymmetry-mild_horizontal_no_load_1100rpm,2772887,1102,269,1949,2560,6,50,1273182,9,551,74,1,2,,,,,,,,,,
2026-06-21T03:38:38.696855+00:00,S028,commissioning_unmounted,false,phase_asymmetry,mild,1100,phase_asymmetry-mild_horizontal_no_load_1100rpm,2772987,1103,267,1949,2555,3,50,1273226,9,551,74,1,1,,,,,,,,,,
2026-06-21T03:38:38.791352+00:00,S028,commissioning_unmounted,false,phase_asymmetry,mild,1100,phase_asymmetry-mild_horizontal_no_load_1100rpm,2773087,1102,268,1954,2563,5,50,1273270,9,551,74,0,2,,,,,,,,,,
2026-06-21T03:38:38.882792+00:00,S028,commissioning_unmounted,false,phase_asymmetry,mild,1100,phase_asymmetry-mild_horizontal_no_load_1100rpm,2773187,1102,269,1949,2560,6,50,1273314,9,551,74,0,1,,,,,,,,,,
2026-06-21T03:38:38.976839+00:00,S028,commissioning_unmounted,false,phase_asymmetry,mild,1100,phase_asymmetry-mild_horizontal_no_load_1100rpm,2773287,1102,269,1951,2563,1,50,1273359,9,551,75,1,2,,,,,,,,,,
2026-06-21T03:38:39.118674+00:00,S028,commissioning_unmounted,false,phase_asymmetry,mild,1100,phase_asymmetry-mild_horizontal_no_load_1100rpm,2773387,1102,269,1949,2561,4,50,1273403,9,551,74,0,2,,,,,,,,,,
2026-06-21T03:38:39.212198+00:00,S028,commissioning_unmounted,false,phase_asymmetry,mild,1100,phase_asymmetry-mild_horizontal_no_load_1100rpm,2773487,1102,270,1948,2561,2,50,1273447,9,551,74,0,1,,,,,,,,,,
2026-06-21T03:38:39.306544+00:00,S028,commissioning_unmounted,false,phase_asymmetry,mild,1100,phase_asymmetry-mild_horizontal_no_load_1100rpm,2773587,1102,268,1949,2558,1,50,1273491,9,551,75,1,2,,,,,,,,,,
2026-06-21T03:38:39.399248+00:00,S028,commissioning_unmounted,false,phase_asymmetry,mild,1100,phase_asymmetry-mild_horizontal_no_load_1100rpm,2773687,1102,272,1949,2566,4,50,1273535,9,551,75,1,2,,,,,,,,,,
2026-06-21T03:38:39.493644+00:00,S028,commissioning_unmounted,false,phase_asymmetry,mild,1100,phase_asymmetry-mild_horizontal_no_load_1100rpm,2773787,1102,269,1949,2561,2,50,1273579,9,551,74,1,2,,,,,,,,,,
2026-06-21T03:38:39.587783+00:00,S028,commissioning_unmounted,false,phase_asymmetry,mild,1100,phase_asymmetry-mild_horizontal_no_load_1100rpm,2773887,1102,269,1949,2561,1,50,1273623,9,551,74,1,2,,,,,,,,,,
2026-06-21T03:38:39.681263+00:00,S028,commissioning_unmounted,false,phase_asymmetry,mild,1100,phase_asymmetry-mild_horizontal_no_load_1100rpm,2773987,1102,270,1949,2563,4,50,1273667,9,551,74,1,2,,,,,,,,,,
2026-06-21T03:38:39.774088+00:00,S028,commissioning_unmounted,false,phase_asymmetry,mild,1100,phase_asymmetry-mild_horizontal_no_load_1100rpm,2774087,1102,266,1949,2553,2,50,1273711,9,551,75,1,2,,,,,,,,,,
2026-06-21T03:38:39.913700+00:00,S028,commissioning_unmounted,false,phase_asymmetry,mild,1100,phase_asymmetry-mild_horizontal_no_load_1100rpm,2774187,1102,271,1952,2568,1,50,1273755,9,551,74,1,2,,,,,,,,,,
2026-06-21T03:38:40.006568+00:00,S028,commissioning_unmounted,false,phase_asymmetry,mild,1100,phase_asymmetry-mild_horizontal_no_load_1100rpm,2774287,1102,270,1947,2561,6,50,1273800,9,551,74,1,2,,,,,,,,,,
2026-06-21T03:38:40.099716+00:00,S028,commissioning_unmounted,false,phase_asymmetry,mild,1100,phase_asymmetry-mild_horizontal_no_load_1100rpm,2774387,1102,271,1949,2565,3,50,1273844,9,551,75,1,2,,,,,,,,,,
2026-06-21T03:38:40.192236+00:00,S028,commissioning_unmounted,false,phase_asymmetry,mild,1100,phase_asymmetry-mild_horizontal_no_load_1100rpm,2774487,1102,269,1952,2563,5,50,1273888,9,551,75,0,2,,,,,,,,,,
2026-06-21T03:38:40.288735+00:00,S028,commissioning_unmounted,false,phase_asymmetry,mild,1100,phase_asymmetry-mild_horizontal_no_load_1100rpm,2774587,1102,267,1954,2560,6,50,1273932,9,551,74,0,2,,,,,,,,,,
2026-06-21T03:38:40.381206+00:00,S028,commissioning_unmounted,false,phase_asymmetry,mild,1100,phase_asymmetry-mild_horizontal_no_load_1100rpm,2774687,1102,269,1951,2563,3,50,1273976,9,551,75,0,2,,,,,,,,,,
2026-06-21T03:38:40.473594+00:00,S028,commissioning_unmounted,false,phase_asymmetry,mild,1100,phase_asymmetry-mild_horizontal_no_load_1100rpm,2774787,1103,270,1949,2563,5,50,1274020,9,551,75,1,2,,,,,,,,,,
2026-06-21T03:38:40.613649+00:00,S028,commissioning_unmounted,false,phase_asymmetry,mild,1100,phase_asymmetry-mild_horizontal_no_load_1100rpm,2774887,1102,269,1947,2558,6,50,1274064,9,551,75,1,2,,,,,,,,,,
2026-06-21T03:38:40.707280+00:00,S028,commissioning_unmounted,false,phase_asymmetry,mild,1100,phase_asymmetry-mild_horizontal_no_load_1100rpm,2774987,1102,270,1951,2563,3,50,1274108,9,551,75,1,2,,,,,,,,,,
2026-06-21T03:38:40.800219+00:00,S028,commissioning_unmounted,false,phase_asymmetry,mild,1100,phase_asymmetry-mild_horizontal_no_load_1100rpm,2775087,1102,267,1949,2555,4,50,1274153,9,551,74,0,1,,,,,,,,,,
2026-06-21T03:38:40.892685+00:00,S028,commissioning_unmounted,false,phase_asymmetry,mild,1100,phase_asymmetry-mild_horizontal_no_load_1100rpm,2775187,1102,268,1951,2560,2,50,1274197,9,551,75,0,2,,,,,,,,,,
2026-06-21T03:38:40.985669+00:00,S028,commissioning_unmounted,false,phase_asymmetry,mild,1100,phase_asymmetry-mild_horizontal_no_load_1100rpm,2775287,1102,269,1951,2563,1,50,1274241,9,551,75,1,2,,,,,,,,,,
2026-06-21T03:38:41.078277+00:00,S028,commissioning_unmounted,false,phase_asymmetry,mild,1100,phase_asymmetry-mild_horizontal_no_load_1100rpm,2775387,1102,271,1946,2561,4,50,1274285,9,551,75,1,2,,,,,,,,,,
2026-06-21T03:38:41.171602+00:00,S028,commissioning_unmounted,false,phase_asymmetry,mild,1100,phase_asymmetry-mild_horizontal_no_load_1100rpm,2775487,1102,270,1946,2558,2,50,1274329,9,551,75,1,3,,,,,,,,,,
2026-06-21T03:38:41.312415+00:00,S028,commissioning_unmounted,false,phase_asymmetry,mild,1100,phase_asymmetry-mild_horizontal_no_load_1100rpm,2775587,1102,269,1954,2564,1,50,1274373,9,551,75,1,2,,,,,,,,,,
2026-06-21T03:38:41.406441+00:00,S028,commissioning_unmounted,false,phase_asymmetry,mild,1100,phase_asymmetry-mild_horizontal_no_load_1100rpm,2775687,1101,273,1946,2566,4,50,1274417,9,551,75,0,2,,,,,,,,,,
2026-06-21T03:38:41.502693+00:00,S028,commissioning_unmounted,false,phase_asymmetry,mild,1100,phase_asymmetry-mild_horizontal_no_load_1100rpm,2775787,1102,268,1949,2558,2,50,1274461,9,551,75,0,3,,,,,,,,,,
2026-06-21T03:38:41.597710+00:00,S028,commissioning_unmounted,false,phase_asymmetry,mild,1100,phase_asymmetry-mild_horizontal_no_load_1100rpm,2775887,1102,267,1954,2561,1,50,1274505,9,551,74,0,1,,,,,,,,,,
2026-06-21T03:38:41.692993+00:00,S028,commissioning_unmounted,false,phase_asymmetry,mild,1100,phase_asymmetry-mild_horizontal_no_load_1100rpm,2775987,1102,269,1949,2561,4,50,1274549,9,551,75,1,2,,,,,,,,,,
2026-06-21T03:38:41.785377+00:00,S028,commissioning_unmounted,false,phase_asymmetry,mild,1100,phase_asymmetry-mild_horizontal_no_load_1100rpm,2776087,1102,272,1949,2566,3,50,1274594,9,551,75,0,2,,,,,,,,,,
2026-06-21T03:38:41.878543+00:00,S028,commissioning_unmounted,false,phase_asymmetry,mild,1100,phase_asymmetry-mild_horizontal_no_load_1100rpm,2776187,1102,271,1949,2565,5,50,1274638,9,551,75,1,2,,,,,,,,,,
2026-06-21T03:38:41.971191+00:00,S028,commissioning_unmounted,false,phase_asymmetry,mild,1100,phase_asymmetry-mild_horizontal_no_load_1100rpm,2776287,1102,268,1954,2563,6,50,1274682,9,551,74,0,2,,,,,,,,,,
2026-06-21T03:38:42.111308+00:00,S028,commissioning_unmounted,false,phase_asymmetry,mild,1100,phase_asymmetry-mild_horizontal_no_load_1100rpm,2776387,1103,270,1954,2566,3,50,1274726,9,551,75,1,3,,,,,,,,,,
2026-06-21T03:38:42.203837+00:00,S028,commissioning_unmounted,false,phase_asymmetry,mild,1100,phase_asymmetry-mild_horizontal_no_load_1100rpm,2776487,1101,272,1948,2566,5,50,1274770,9,551,75,1,1,,,,,,,,,,
2026-06-21T03:38:42.310715+00:00,S028,commissioning_unmounted,false,phase_asymmetry,mild,1100,phase_asymmetry-mild_horizontal_no_load_1100rpm,2776587,1102,270,1949,2563,6,50,1274814,9,551,75,1,2,,,,,,,,,,
2026-06-21T03:38:42.402475+00:00,S028,commissioning_unmounted,false,phase_asymmetry,mild,1100,phase_asymmetry-mild_horizontal_no_load_1100rpm,2776687,1102,269,1955,2565,3,50,1274858,9,551,74,1,1,,,,,,,,,,
2026-06-21T03:38:42.494368+00:00,S028,commissioning_unmounted,false,phase_asymmetry,mild,1100,phase_asymmetry-mild_horizontal_no_load_1100rpm,2776787,1102,268,1954,2563,5,50,1274902,9,551,75,1,2,,,,,,,,,,
2026-06-21T03:38:42.587456+00:00,S028,commissioning_unmounted,false,phase_asymmetry,mild,1100,phase_asymmetry-mild_horizontal_no_load_1100rpm,2776887,1102,269,1954,2566,6,50,1274946,9,551,75,1,2,,,,,,,,,,
2026-06-21T03:38:42.681929+00:00,S028,commissioning_unmounted,false,phase_asymmetry,mild,1100,phase_asymmetry-mild_horizontal_no_load_1100rpm,2776987,1102,269,1949,2560,3,50,1274990,9,551,74,0,2,,,,,,,,,,
2026-06-21T03:38:42.775302+00:00,S028,commissioning_unmounted,false,phase_asymmetry,mild,1100,phase_asymmetry-mild_horizontal_no_load_1100rpm,2777087,1102,268,1946,2555,4,50,1275035,9,551,74,0,2,,,,,,,,,,
2026-06-21T03:38:42.867989+00:00,S028,commissioning_unmounted,false,phase_asymmetry,mild,1100,phase_asymmetry-mild_horizontal_no_load_1100rpm,2777187,1102,270,1949,2563,2,50,1275079,9,551,75,1,2,,,,,,,,,,
2026-06-21T03:38:43.007256+00:00,S028,commissioning_unmounted,false,phase_asymmetry,mild,1100,phase_asymmetry-mild_horizontal_no_load_1100rpm,2777287,1102,265,1959,2561,1,50,1275123,9,551,75,1,2,,,,,,,,,,
2026-06-21T03:38:43.101257+00:00,S028,commissioning_unmounted,false,phase_asymmetry,mild,1100,phase_asymmetry-mild_horizontal_no_load_1100rpm,2777387,1101,269,1954,2566,4,50,1275167,9,551,75,1,2,,,,,,,,,,
2026-06-21T03:38:43.187739+00:00,S028,commissioning_unmounted,false,phase_asymmetry,mild,1100,phase_asymmetry-mild_horizontal_no_load_1100rpm,2777487,1102,264,1959,2558,2,50,1275211,9,551,74,1,2,,,,,,,,,,
2026-06-21T03:38:43.288228+00:00,S028,commissioning_unmounted,false,phase_asymmetry,mild,1100,phase_asymmetry-mild_horizontal_no_load_1100rpm,2777587,1102,270,1946,2560,1,50,1275255,9,551,75,0,2,,,,,,,,,,
2026-06-21T03:38:43.381654+00:00,S028,commissioning_unmounted,false,phase_asymmetry,mild,1100,phase_asymmetry-mild_horizontal_no_load_1100rpm,2777687,1102,269,1949,2560,4,50,1275299,9,551,74,1,2,,,,,,,,,,
2026-06-21T03:38:43.474802+00:00,S028,commissioning_unmounted,false,phase_asymmetry,mild,1100,phase_asymmetry-mild_horizontal_no_load_1100rpm,2777787,1102,270,1949,2563,2,50,1275343,9,551,74,0,1,,,,,,,,,,
2026-06-21T03:38:43.568810+00:00,S028,commissioning_unmounted,false,phase_asymmetry,mild,1100,phase_asymmetry-mild_horizontal_no_load_1100rpm,2777887,1101,267,1957,2563,1,50,1275387,9,551,74,0,2,,,,,,,,,,
2026-06-21T03:38:43.707998+00:00,S028,commissioning_unmounted,false,phase_asymmetry,mild,1100,phase_asymmetry-mild_horizontal_no_load_1100rpm,2777987,1102,268,1952,2560,4,50,1275431,9,551,74,0,1,,,,,,,,,,
2026-06-21T03:38:43.802250+00:00,S028,commissioning_unmounted,false,phase_asymmetry,mild,1100,phase_asymmetry-mild_horizontal_no_load_1100rpm,2778087,1102,264,1961,2561,3,50,1275476,9,551,74,1,1,,,,,,,,,,
2026-06-21T03:38:43.894500+00:00,S028,commissioning_unmounted,false,phase_asymmetry,mild,1100,phase_asymmetry-mild_horizontal_no_load_1100rpm,2778187,1102,269,1954,2565,5,50,1275520,9,551,74,1,2,,,,,,,,,,
2026-06-21T03:38:43.988684+00:00,S028,commissioning_unmounted,false,phase_asymmetry,mild,1100,phase_asymmetry-mild_horizontal_no_load_1100rpm,2778287,1102,268,1946,2555,6,50,1275564,9,551,74,1,2,,,,,,,,,,
2026-06-21T03:38:44.083297+00:00,S028,commissioning_unmounted,false,phase_asymmetry,mild,1100,phase_asymmetry-mild_horizontal_no_load_1100rpm,2778387,1102,268,1949,2558,3,50,1275608,9,551,74,1,2,,,,,,,,,,
2026-06-21T03:38:44.174269+00:00,S028,commissioning_unmounted,false,phase_asymmetry,mild,1100,phase_asymmetry-mild_horizontal_no_load_1100rpm,2778487,1102,269,1949,2561,5,50,1275652,9,551,74,0,2,,,,,,,,,,
2026-06-21T03:38:44.268382+00:00,S028,commissioning_unmounted,false,phase_asymmetry,mild,1100,phase_asymmetry-mild_horizontal_no_load_1100rpm,2778587,1102,269,1949,2560,6,50,1275696,9,551,74,1,2,,,,,,,,,,
2026-06-21T03:38:44.362085+00:00,S028,commissioning_unmounted,false,phase_asymmetry,mild,1100,phase_asymmetry-mild_horizontal_no_load_1100rpm,2778687,1101,267,1956,2563,3,50,1275740,9,551,74,1,1,,,,,,,,,,
2026-06-21T03:38:44.502196+00:00,S028,commissioning_unmounted,false,phase_asymmetry,mild,1100,phase_asymmetry-mild_horizontal_no_load_1100rpm,2778787,1102,272,1949,2566,5,50,1275784,9,551,75,0,2,,,,,,,,,,
2026-06-21T03:38:44.594352+00:00,S028,commissioning_unmounted,false,phase_asymmetry,mild,1100,phase_asymmetry-mild_horizontal_no_load_1100rpm,2778887,1102,269,1949,2561,6,50,1275828,9,551,74,1,1,,,,,,,,,,
2026-06-21T03:38:44.688412+00:00,S028,commissioning_unmounted,false,phase_asymmetry,mild,1100,phase_asymmetry-mild_horizontal_no_load_1100rpm,2778987,1102,270,1947,2561,3,50,1275872,9,551,74,1,2,,,,,,,,,,
2026-06-21T03:38:44.781588+00:00,S028,commissioning_unmounted,false,phase_asymmetry,mild,1100,phase_asymmetry-mild_horizontal_no_load_1100rpm,2779087,1102,269,1954,2566,5,50,1275916,9,551,75,2,3,,,,,,,,,,
2026-06-21T03:38:44.875480+00:00,S028,commissioning_unmounted,false,phase_asymmetry,mild,1100,phase_asymmetry-mild_horizontal_no_load_1100rpm,2779187,1102,265,1956,2558,2,50,1275961,9,551,74,0,2,,,,,,,,,,
2026-06-21T03:38:44.968749+00:00,S028,commissioning_unmounted,false,phase_asymmetry,mild,1100,phase_asymmetry-mild_horizontal_no_load_1100rpm,2779287,1102,265,1955,2557,1,50,1276005,9,551,75,1,2,,,,,,,,,,
2026-06-21T03:38:45.062387+00:00,S028,commissioning_unmounted,false,phase_asymmetry,mild,1100,phase_asymmetry-mild_horizontal_no_load_1100rpm,2779387,1101,271,1951,2568,4,50,1276049,9,551,75,0,2,,,,,,,,,,
2026-06-21T03:38:45.185931+00:00,S028,commissioning_unmounted,false,phase_asymmetry,mild,1100,phase_asymmetry-mild_horizontal_no_load_1100rpm,2779487,1102,269,1954,2566,2,50,1276093,9,551,74,0,2,,,,,,,,,,
2026-06-21T03:38:45.280476+00:00,S028,commissioning_unmounted,false,phase_asymmetry,mild,1100,phase_asymmetry-mild_horizontal_no_load_1100rpm,2779587,1102,269,1949,2561,1,50,1276137,9,551,74,0,1,,,,,,,,,,
2026-06-21T03:38:45.360629+00:00,S028,commissioning_unmounted,false,phase_asymmetry,mild,1100,phase_asymmetry-mild_horizontal_no_load_1100rpm,2779687,1101,271,1949,2566,4,50,1276181,9,551,75,0,2,,,,,,,,,,
2026-06-21T03:38:45.500405+00:00,S028,commissioning_unmounted,false,phase_asymmetry,mild,1100,phase_asymmetry-mild_horizontal_no_load_1100rpm,2779787,1102,269,1946,2558,2,50,1276225,9,551,75,0,2,,,,,,,,,,
2026-06-21T03:38:45.560720+00:00,S028,commissioning_unmounted,false,phase_asymmetry,mild,1100,phase_asymmetry-mild_horizontal_no_load_1100rpm,2779887,1102,269,1951,2563,1,50,1276269,9,551,75,1,2,,,,,,,,,,
2026-06-21T03:38:45.700473+00:00,S028,commissioning_unmounted,false,phase_asymmetry,mild,1100,phase_asymmetry-mild_horizontal_no_load_1100rpm,2779987,1102,270,1949,2563,4,50,1276313,9,551,75,1,2,,,,,,,,,,
2026-06-21T03:38:45.794465+00:00,S028,commissioning_unmounted,false,phase_asymmetry,mild,1100,phase_asymmetry-mild_horizontal_no_load_1100rpm,2780087,1103,271,1946,2561,2,50,1276357,9,551,75,0,2,,,,,,,,,,
2026-06-21T03:38:45.888653+00:00,S028,commissioning_unmounted,false,phase_asymmetry,mild,1100,phase_asymmetry-mild_horizontal_no_load_1100rpm,2780187,1102,270,1947,2560,1,50,1276401,9,551,75,0,2,,,,,,,,,,
2026-06-21T03:38:45.981702+00:00,S028,commissioning_unmounted,false,phase_asymmetry,mild,1100,phase_asymmetry-mild_horizontal_no_load_1100rpm,2780287,1102,267,1957,2563,6,50,1276446,9,551,74,1,2,,,,,,,,,,
2026-06-21T03:38:46.074705+00:00,S028,commissioning_unmounted,false,phase_asymmetry,mild,1100,phase_asymmetry-mild_horizontal_no_load_1100rpm,2780387,1101,268,1954,2563,3,50,1276490,9,551,75,0,2,,,,,,,,,,
2026-06-21T03:38:46.168363+00:00,S028,commissioning_unmounted,false,phase_asymmetry,mild,1100,phase_asymmetry-mild_horizontal_no_load_1100rpm,2780487,1102,269,1949,2560,5,50,1276534,9,551,75,0,2,,,,,,,,,,
2026-06-21T03:38:46.261037+00:00,S028,commissioning_unmounted,false,phase_asymmetry,mild,1100,phase_asymmetry-mild_horizontal_no_load_1100rpm,2780587,1101,269,1949,2560,6,50,1276578,9,551,74,0,2,,,,,,,,,,
2026-06-21T03:38:46.399768+00:00,S028,commissioning_unmounted,false,phase_asymmetry,mild,1100,phase_asymmetry-mild_horizontal_no_load_1100rpm,2780687,1102,267,1957,2563,3,50,1276622,9,551,74,1,2,,,,,,,,,,
2026-06-21T03:38:46.493441+00:00,S028,commissioning_unmounted,false,phase_asymmetry,mild,1100,phase_asymmetry-mild_horizontal_no_load_1100rpm,2780787,1102,272,1946,2563,5,50,1276666,9,551,75,0,2,,,,,,,,,,
2026-06-21T03:38:46.588240+00:00,S028,commissioning_unmounted,false,phase_asymmetry,mild,1100,phase_asymmetry-mild_horizontal_no_load_1100rpm,2780887,1103,270,1947,2560,6,50,1276710,9,551,75,0,3,,,,,,,,,,
2026-06-21T03:38:46.681229+00:00,S028,commissioning_unmounted,false,phase_asymmetry,mild,1100,phase_asymmetry-mild_horizontal_no_load_1100rpm,2780987,1102,268,1951,2561,3,50,1276754,9,551,74,1,2,,,,,,,,,,
2026-06-21T03:38:46.773641+00:00,S028,commissioning_unmounted,false,phase_asymmetry,mild,1100,phase_asymmetry-mild_horizontal_no_load_1100rpm,2781087,1103,270,1944,2558,5,50,1276798,9,551,75,1,2,,,,,,,,,,
2026-06-21T03:38:46.867199+00:00,S028,commissioning_unmounted,false,phase_asymmetry,mild,1100,phase_asymmetry-mild_horizontal_no_load_1100rpm,2781187,1101,267,1957,2563,6,50,1276842,9,551,74,1,2,,,,,,,,,,
2026-06-21T03:38:47.008072+00:00,S028,commissioning_unmounted,false,phase_asymmetry,mild,1100,phase_asymmetry-mild_horizontal_no_load_1100rpm,2781287,1102,269,1957,2568,3,50,1276886,9,551,74,1,2,,,,,,,,,,
2026-06-21T03:38:47.054890+00:00,S028,commissioning_unmounted,false,phase_asymmetry,mild,1100,phase_asymmetry-mild_horizontal_no_load_1100rpm,2781387,1102,268,1949,2558,4,50,1276931,9,551,75,1,2,,,,,,,,,,
2026-06-21T03:38:47.195135+00:00,S028,commissioning_unmounted,false,phase_asymmetry,mild,1100,phase_asymmetry-mild_horizontal_no_load_1100rpm,2781487,1101,268,1954,2564,2,50,1276975,9,551,75,0,2,,,,,,,,,,
2026-06-21T03:38:47.290143+00:00,S028,commissioning_unmounted,false,phase_asymmetry,mild,1100,phase_asymmetry-mild_horizontal_no_load_1100rpm,2781587,1102,272,1946,2563,1,50,1277019,9,551,74,1,2,,,,,,,,,,
2026-06-21T03:38:47.383820+00:00,S028,commissioning_unmounted,false,phase_asymmetry,mild,1100,phase_asymmetry-mild_horizontal_no_load_1100rpm,2781687,1102,271,1947,2563,4,50,1277063,9,551,75,0,2,,,,,,,,,,
2026-06-21T03:38:47.476610+00:00,S028,commissioning_unmounted,false,phase_asymmetry,mild,1100,phase_asymmetry-mild_horizontal_no_load_1100rpm,2781787,1102,264,1960,2560,2,50,1277107,9,551,74,1,2,,,,,,,,,,
2026-06-21T03:38:47.570368+00:00,S028,commissioning_unmounted,false,phase_asymmetry,mild,1100,phase_asymmetry-mild_horizontal_no_load_1100rpm,2781887,1102,273,1947,2566,1,50,1277151,9,551,75,0,2,,,,,,,,,,
2026-06-21T03:38:47.664365+00:00,S028,commissioning_unmounted,false,phase_asymmetry,mild,1100,phase_asymmetry-mild_horizontal_no_load_1100rpm,2781987,1101,272,1949,2566,4,50,1277195,9,551,75,1,2,,,,,,,,,,
2026-06-21T03:38:47.756315+00:00,S028,commissioning_unmounted,false,phase_asymmetry,mild,1100,phase_asymmetry-mild_horizontal_no_load_1100rpm,2782087,1102,269,1949,2560,2,50,1277239,9,551,74,0,2,,,,,,,,,,
2026-06-21T03:38:47.850753+00:00,S028,commissioning_unmounted,false,phase_asymmetry,mild,1100,phase_asymmetry-mild_horizontal_no_load_1100rpm,2782187,1102,268,1952,2560,1,50,1277283,9,551,75,1,2,,,,,,,,,,
2026-06-21T03:38:47.990391+00:00,S028,commissioning_unmounted,false,phase_asymmetry,mild,1100,phase_asymmetry-mild_horizontal_no_load_1100rpm,2782287,1102,270,1949,2563,4,50,1277327,9,551,75,0,2,,,,,,,,,,
2026-06-21T03:38:48.084120+00:00,S028,commissioning_unmounted,false,phase_asymmetry,mild,1100,phase_asymmetry-mild_horizontal_no_load_1100rpm,2782387,1101,267,1957,2563,3,50,1277372,9,551,74,0,2,,,,,,,,,,
2026-06-21T03:38:48.178395+00:00,S028,commissioning_unmounted,false,phase_asymmetry,mild,1100,phase_asymmetry-mild_horizontal_no_load_1100rpm,2782487,1102,270,1948,2561,5,50,1277416,9,551,75,1,2,,,,,,,,,,
2026-06-21T03:38:48.271434+00:00,S028,commissioning_unmounted,false,phase_asymmetry,mild,1100,phase_asymmetry-mild_horizontal_no_load_1100rpm,2782587,1102,271,1948,2563,6,50,1277460,9,551,74,0,1,,,,,,,,,,
2026-06-21T03:38:48.364228+00:00,S028,commissioning_unmounted,false,phase_asymmetry,mild,1100,phase_asymmetry-mild_horizontal_no_load_1100rpm,2782687,1102,267,1954,2561,3,50,1277504,9,551,74,0,1,,,,,,,,,,
2026-06-21T03:38:48.457320+00:00,S028,commissioning_unmounted,false,phase_asymmetry,mild,1100,phase_asymmetry-mild_horizontal_no_load_1100rpm,2782787,1102,268,1954,2563,5,50,1277548,9,551,75,0,2,,,,,,,,,,
2026-06-21T03:38:48.550769+00:00,S028,commissioning_unmounted,false,phase_asymmetry,mild,1100,phase_asymmetry-mild_horizontal_no_load_1100rpm,2782887,1102,267,1951,2558,6,50,1277592,9,551,75,1,2,,,,,,,,,,
2026-06-21T03:38:48.693626+00:00,S028,commissioning_unmounted,false,phase_asymmetry,mild,1100,phase_asymmetry-mild_horizontal_no_load_1100rpm,2782987,1101,268,1954,2563,3,50,1277636,9,551,74,1,2,,,,,,,,,,
2026-06-21T03:38:48.786414+00:00,S028,commissioning_unmounted,false,phase_asymmetry,mild,1100,phase_asymmetry-mild_horizontal_no_load_1100rpm,2783087,1102,270,1949,2563,5,50,1277680,9,551,75,1,2,,,,,,,,,,
2026-06-21T03:38:48.879786+00:00,S028,commissioning_unmounted,false,phase_asymmetry,mild,1100,phase_asymmetry-mild_horizontal_no_load_1100rpm,2783187,1102,268,1949,2558,6,50,1277724,9,551,75,1,2,,,,,,,,,,
2026-06-21T03:38:48.974342+00:00,S028,commissioning_unmounted,false,phase_asymmetry,mild,1100,phase_asymmetry-mild_horizontal_no_load_1100rpm,2783287,1102,267,1957,2563,3,50,1277768,9,551,74,1,2,,,,,,,,,,
2026-06-21T03:38:49.066179+00:00,S028,commissioning_unmounted,false,phase_asymmetry,mild,1100,phase_asymmetry-mild_horizontal_no_load_1100rpm,2783387,1102,269,1951,2563,4,50,1277813,9,551,75,1,3,,,,,,,,,,
2026-06-21T03:38:49.160624+00:00,S028,commissioning_unmounted,false,phase_asymmetry,mild,1100,phase_asymmetry-mild_horizontal_no_load_1100rpm,2783487,1102,269,1954,2566,2,50,1277857,9,551,74,1,2,,,,,,,,,,
2026-06-21T03:38:49.252956+00:00,S028,commissioning_unmounted,false,phase_asymmetry,mild,1100,phase_asymmetry-mild_horizontal_no_load_1100rpm,2783587,1101,267,1957,2563,1,50,1277901,9,551,75,0,2,,,,,,,,,,
2026-06-21T03:38:49.347273+00:00,S028,commissioning_unmounted,false,phase_asymmetry,mild,1100,phase_asymmetry-mild_horizontal_no_load_1100rpm,2783687,1101,269,1949,2560,4,50,1277945,9,551,74,0,2,,,,,,,,,,
2026-06-21T03:38:49.486455+00:00,S028,commissioning_unmounted,false,phase_asymmetry,mild,1100,phase_asymmetry-mild_horizontal_no_load_1100rpm,2783787,1102,268,1954,2563,2,50,1277989,9,551,75,1,2,,,,,,,,,,
2026-06-21T03:38:49.578028+00:00,S028,commissioning_unmounted,false,phase_asymmetry,mild,1100,phase_asymmetry-mild_horizontal_no_load_1100rpm,2783887,1103,270,1946,2560,1,50,1278033,9,551,75,1,1,,,,,,,,,,
2026-06-21T03:38:49.687791+00:00,S028,commissioning_unmounted,false,phase_asymmetry,mild,1100,phase_asymmetry-mild_horizontal_no_load_1100rpm,2783987,1102,266,1954,2558,4,50,1278077,9,551,74,1,2,,,,,,,,,,
2026-06-21T03:38:49.779279+00:00,S028,commissioning_unmounted,false,phase_asymmetry,mild,1100,phase_asymmetry-mild_horizontal_no_load_1100rpm,2784087,1102,270,1949,2563,2,50,1278121,9,551,75,0,2,,,,,,,,,,
2026-06-21T03:38:49.873455+00:00,S028,commissioning_unmounted,false,phase_asymmetry,mild,1100,phase_asymmetry-mild_horizontal_no_load_1100rpm,2784187,1102,270,1951,2564,1,50,1278165,9,551,75,1,3,,,,,,,,,,
2026-06-21T03:38:49.967594+00:00,S028,commissioning_unmounted,false,phase_asymmetry,mild,1100,phase_asymmetry-mild_horizontal_no_load_1100rpm,2784287,1102,268,1952,2560,4,50,1278209,9,551,75,0,3,,,,,,,,,,
2026-06-21T03:38:50.060217+00:00,S028,commissioning_unmounted,false,phase_asymmetry,mild,1100,phase_asymmetry-mild_horizontal_no_load_1100rpm,2784387,1102,269,1955,2565,3,50,1278254,9,551,75,1,3,,,,,,,,,,
2026-06-21T03:38:50.152514+00:00,S028,commissioning_unmounted,false,phase_asymmetry,mild,1100,phase_asymmetry-mild_horizontal_no_load_1100rpm,2784487,1102,270,1948,2561,5,50,1278298,9,551,75,0,2,,,,,,,,,,
2026-06-21T03:38:50.247361+00:00,S028,commissioning_unmounted,false,phase_asymmetry,mild,1100,phase_asymmetry-mild_horizontal_no_load_1100rpm,2784587,1102,272,1946,2563,6,50,1278342,9,551,75,0,2,,,,,,,,,,
2026-06-21T03:38:50.387722+00:00,S028,commissioning_unmounted,false,phase_asymmetry,mild,1100,phase_asymmetry-mild_horizontal_no_load_1100rpm,2784687,1102,267,1954,2561,3,50,1278386,9,551,74,0,2,,,,,,,,,,
2026-06-21T03:38:50.481550+00:00,S028,commissioning_unmounted,false,phase_asymmetry,mild,1100,phase_asymmetry-mild_horizontal_no_load_1100rpm,2784787,1103,267,1956,2563,5,50,1278430,9,551,75,0,2,,,,,,,,,,
2026-06-21T03:38:50.576442+00:00,S028,commissioning_unmounted,false,phase_asymmetry,mild,1100,phase_asymmetry-mild_horizontal_no_load_1100rpm,2784887,1102,268,1954,2563,6,50,1278474,9,551,74,0,2,,,,,,,,,,
2026-06-21T03:38:50.669317+00:00,S028,commissioning_unmounted,false,phase_asymmetry,mild,1100,phase_asymmetry-mild_horizontal_no_load_1100rpm,2784987,1103,268,1956,2564,3,50,1278518,9,551,75,0,2,,,,,,,,,,
2026-06-21T03:38:50.761827+00:00,S028,commissioning_unmounted,false,phase_asymmetry,mild,1100,phase_asymmetry-mild_horizontal_no_load_1100rpm,2785087,1102,270,1947,2560,5,50,1278562,9,551,75,1,2,,,,,,,,,,
2026-06-21T03:38:50.855788+00:00,S028,commissioning_unmounted,false,phase_asymmetry,mild,1100,phase_asymmetry-mild_horizontal_no_load_1100rpm,2785187,1102,267,1956,2563,6,50,1278606,9,551,74,0,2,,,,,,,,,,
2026-06-21T03:38:50.949678+00:00,S028,commissioning_unmounted,false,phase_asymmetry,mild,1100,phase_asymmetry-mild_horizontal_no_load_1100rpm,2785287,1102,270,1948,2561,3,50,1278650,9,551,74,0,2,,,,,,,,,,
2026-06-21T03:38:51.044698+00:00,S028,commissioning_unmounted,false,phase_asymmetry,mild,1100,phase_asymmetry-mild_horizontal_no_load_1100rpm,2785387,1102,271,1951,2566,4,50,1278695,9,551,75,0,2,,,,,,,,,,
2026-06-21T03:38:51.183828+00:00,S028,commissioning_unmounted,false,phase_asymmetry,mild,1100,phase_asymmetry-mild_horizontal_no_load_1100rpm,2785487,1102,270,1946,2558,2,50,1278739,9,551,74,0,2,,,,,,,,,,
2026-06-21T03:38:51.277848+00:00,S028,commissioning_unmounted,false,phase_asymmetry,mild,1100,phase_asymmetry-mild_horizontal_no_load_1100rpm,2785587,1102,266,1952,2557,1,50,1278783,9,551,75,0,2,,,,,,,,,,
2026-06-21T03:38:51.369522+00:00,S028,commissioning_unmounted,false,phase_asymmetry,mild,1100,phase_asymmetry-mild_horizontal_no_load_1100rpm,2785687,1102,268,1954,2563,4,50,1278827,9,551,74,0,1,,,,,,,,,,
2026-06-21T03:38:51.464876+00:00,S028,commissioning_unmounted,false,phase_asymmetry,mild,1100,phase_asymmetry-mild_horizontal_no_load_1100rpm,2785787,1103,267,1954,2560,2,50,1278871,9,551,75,0,2,,,,,,,,,,
2026-06-21T03:38:51.558793+00:00,S028,commissioning_unmounted,false,phase_asymmetry,mild,1100,phase_asymmetry-mild_horizontal_no_load_1100rpm,2785887,1103,266,1949,2553,1,50,1278915,9,551,74,0,1,,,,,,,,,,
2026-06-21T03:38:51.652665+00:00,S028,commissioning_unmounted,false,phase_asymmetry,mild,1100,phase_asymmetry-mild_horizontal_no_load_1100rpm,2785987,1102,268,1946,2555,4,50,1278959,9,551,74,0,2,,,,,,,,,,
2026-06-21T03:38:51.747727+00:00,S028,commissioning_unmounted,false,phase_asymmetry,mild,1100,phase_asymmetry-mild_horizontal_no_load_1100rpm,2786087,1102,270,1948,2561,2,50,1279003,9,551,74,0,1,,,,,,,,,,
2026-06-21T03:38:51.841521+00:00,S028,commissioning_unmounted,false,phase_asymmetry,mild,1100,phase_asymmetry-mild_horizontal_no_load_1100rpm,2786187,1102,270,1949,2563,1,50,1279047,9,551,74,0,2,,,,,,,,,,
2026-06-21T03:38:51.980880+00:00,S028,commissioning_unmounted,false,phase_asymmetry,mild,1100,phase_asymmetry-mild_horizontal_no_load_1100rpm,2786287,1102,269,1951,2563,4,50,1279091,9,551,75,1,2,,,,,,,,,,
2026-06-21T03:38:52.075151+00:00,S028,commissioning_unmounted,false,phase_asymmetry,mild,1100,phase_asymmetry-mild_horizontal_no_load_1100rpm,2786387,1103,269,1947,2557,3,50,1279136,9,551,74,1,2,,,,,,,,,,
2026-06-21T03:38:52.166879+00:00,S028,commissioning_unmounted,false,phase_asymmetry,mild,1100,phase_asymmetry-mild_horizontal_no_load_1100rpm,2786487,1102,271,1946,2561,5,50,1279180,9,551,75,0,2,,,,,,,,,,
2026-06-21T03:38:52.260236+00:00,S028,commissioning_unmounted,false,phase_asymmetry,mild,1100,phase_asymmetry-mild_horizontal_no_load_1100rpm,2786587,1102,270,1946,2560,6,50,1279224,9,551,74,1,1,,,,,,,,,,
2026-06-21T03:38:52.351703+00:00,S028,commissioning_unmounted,false,phase_asymmetry,mild,1100,phase_asymmetry-mild_horizontal_no_load_1100rpm,2786687,1102,272,1946,2563,3,50,1279268,9,551,75,0,2,,,,,,,,,,
2026-06-21T03:38:52.444954+00:00,S028,commissioning_unmounted,false,phase_asymmetry,mild,1100,phase_asymmetry-mild_horizontal_no_load_1100rpm,2786787,1102,270,1947,2561,5,50,1279312,9,551,74,1,2,,,,,,,,,,
2026-06-21T03:38:52.537666+00:00,S028,commissioning_unmounted,false,phase_asymmetry,mild,1100,phase_asymmetry-mild_horizontal_no_load_1100rpm,2786887,1102,265,1955,2557,6,50,1279356,9,551,74,1,2,,,,,,,,,,
2026-06-21T03:38:52.679721+00:00,S028,commissioning_unmounted,false,phase_asymmetry,mild,1100,phase_asymmetry-mild_horizontal_no_load_1100rpm,2786987,1102,268,1949,2558,3,50,1279400,9,551,75,1,2,,,,,,,,,,
2026-06-21T03:38:52.773694+00:00,S028,commissioning_unmounted,false,phase_asymmetry,mild,1100,phase_asymmetry-mild_horizontal_no_load_1100rpm,2787087,1103,268,1946,2555,5,50,1279444,9,551,75,1,2,,,,,,,,,,
2026-06-21T03:38:52.866660+00:00,S028,commissioning_unmounted,false,phase_asymmetry,mild,1100,phase_asymmetry-mild_horizontal_no_load_1100rpm,2787187,1102,268,1954,2563,6,50,1279488,9,551,75,1,2,,,,,,,,,,
2026-06-21T03:38:52.960253+00:00,S028,commissioning_unmounted,false,phase_asymmetry,mild,1100,phase_asymmetry-mild_horizontal_no_load_1100rpm,2787287,1102,268,1954,2563,3,50,1279532,9,551,74,1,2,,,,,,,,,,
2026-06-21T03:38:53.054010+00:00,S028,commissioning_unmounted,false,phase_asymmetry,mild,1100,phase_asymmetry-mild_horizontal_no_load_1100rpm,2787387,1102,270,1949,2563,1,50,1279575,9,551,75,1,2,,,,,,,,,,
2026-06-21T03:38:53.146989+00:00,S028,commissioning_unmounted,false,phase_asymmetry,mild,1100,phase_asymmetry-mild_horizontal_no_load_1100rpm,2787487,862,822,2109,4493,5,50,1279594,9,551,202,190,53,,,,,,,,,,
2026-06-21T03:38:53.241222+00:00,S028,commissioning_unmounted,false,phase_asymmetry,mild,1100,phase_asymmetry-mild_horizontal_no_load_1100rpm,2787587,862,822,2109,4493,5,50,1279594,9,551,202,190,53,,,,,,,,,,
2026-06-21T03:38:53.335706+00:00,S028,commissioning_unmounted,false,phase_asymmetry,mild,1100,phase_asymmetry-mild_horizontal_no_load_1100rpm,2787687,862,822,2109,4493,5,50,1279594,9,551,202,190,53,,,,,,,,,,
2026-06-21T03:38:53.477742+00:00,S028,commissioning_unmounted,false,phase_asymmetry,mild,1100,phase_asymmetry-mild_horizontal_no_load_1100rpm,2787787,0,822,2109,4493,5,50,1279594,9,370,202,190,53,,,,,,,,,,
2026-06-21T03:38:53.573851+00:00,S028,commissioning_unmounted,false,phase_asymmetry,mild,1100,phase_asymmetry-mild_horizontal_no_load_1100rpm,2787887,0,822,2109,4493,5,50,1279594,9,370,202,190,53,,,,,,,,,,
2026-06-21T03:38:53.657130+00:00,S028,commissioning_unmounted,false,phase_asymmetry,mild,1100,phase_asymmetry-mild_horizontal_no_load_1100rpm,2787987,0,822,2109,4493,5,50,1279594,9,370,202,190,53,,,,,,,,,,
