iso_time,session_id,fixture_state,valid_for_classifier,condition,severity,speed_setpoint_rpm,label,t_ms,rpm,ripple_permil,min_us,max_us,hall,illegal,edges,step,coast_ms,period_std_permil,mech1x_permil,elec_permil,i_dc_mv,adc_vref_raw,adc_pc0_mv,accel_rms_mg,accel_pk_mg,temp_mv,sensor_status,i_dc_peak_mv,i_dc_min_mv,i_adc_raw_sum,i_adc_raw_count,i_adc_raw_min,i_adc_raw_max,i_adc_ema_q8,vref_adc_raw_sum,vref_adc_raw_count,vref_adc_ema_q8,vref_factory_cal_raw,frame_seq,pwm_ticks,i_adc_window_start_us,i_adc_window_end_us,i_adc_fail_count,vref_window_start_us,vref_window_end_us,i_adc_raw_sumsq,vref_adc_raw_sumsq,accel_x_mg,accel_y_mg,accel_z_mg,i_dc_a,i_dc_zero_mv,i_dc_peak_a,i_dc_min_a,i_dc_a_signed,temp_motor_c,temp_motor_f,temp_ambient_c,i_u_a,i_v_a,i_w_a,modbus_rpm,modbus_fault
2026-07-30T23:16:03.712456+00:00,S053,mounted,true,rotor_drag,mild,900,rotor_drag-mild_horizontal_no_load_0900rpm,3006466,952,398,2212,3257,1,3,1653638,9,123,90,56,8,1745,1494,1248,311,1254,1629,16383,1747,1738,1726445,800,1997,2339,553683,11950,8,382575,1496,115770,390,3006368048,3006467142,0,3006467151,3006467666,3725900047,17850318,-90,50,1038,0.1479,1720.0,0.5096659750627612,-0.060485745104602806,0.1479,25.64,78.1,,,,,,
2026-07-30T23:16:03.806963+00:00,S053,mounted,true,rotor_drag,mild,900,rotor_drag-mild_horizontal_no_load_0900rpm,3006567,954,272,2242,2955,6,3,1653677,9,123,73,15,3,1744,1494,1206,249,972,1630,16383,1745,1737,1743326,808,1946,2362,553309,11954,8,382573,1496,115771,390,3006468097,3006567771,0,3006567845,3006568360,3761491066,17862270,-86,43,1036,0.1441,1720.0,0.5466918894094026,-0.1465939302325583,0.1441,25.61,78.1,,,,,,
2026-07-30T23:16:03.901385+00:00,S053,mounted,true,rotor_drag,mild,900,rotor_drag-mild_horizontal_no_load_0900rpm,3006667,922,288,2229,3010,6,3,1653713,9,123,78,50,5,1743,1495,1211,201,760,1638,16383,1743,1736,1725563,800,2133,2185,552987,11957,8,382576,1496,115772,390,3006568790,3006667847,0,3006667921,3006668436,3721993537,17871233,-76,30,1041,0.1403,1720.0,0.25079847746090156,0.1641594931002759,0.1403,25.36,77.7,,,,,,
2026-07-30T23:16:03.995499+00:00,S053,mounted,true,rotor_drag,mild,900,rotor_drag-mild_horizontal_no_load_0900rpm,3006767,900,265,2376,3112,6,3,1653749,9,123,72,10,3,1742,1494,1233,201,760,1635,16383,1744,1736,1725601,800,1951,2207,552817,11955,8,382575,1496,115773,390,3006668865,3006767905,0,3006767979,3006768494,3722205861,17865257,-96,28,1043,0.1365,1720.0,0.28806859899623527,-0.13853314153074026,0.1365,25.46,77.8,,,,,,
2026-07-30T23:16:04.104259+00:00,S053,mounted,true,rotor_drag,mild,900,rotor_drag-mild_horizontal_no_load_0900rpm,3006867,901,293,2382,3196,6,3,1653785,9,123,77,26,1,1742,1494,1222,167,599,1633,16383,1747,1736,1726244,800,2131,2315,552719,11954,8,382573,1496,115774,390,3006768924,3006868001,0,3006868075,3006868590,3724960194,17862268,-91,27,1037,0.1365,1720.0,0.4683639242094695,0.16171827321398657,0.1365,25.52,77.9,,,,,,
2026-07-30T23:16:04.197052+00:00,S053,mounted,true,rotor_drag,mild,900,rotor_drag-mild_horizontal_no_load_0900rpm,3006968,912,270,2335,3075,2,3,1653822,9,123,73,13,3,1741,1494,1250,167,599,1638,16383,1743,1735,1743066,808,2124,2341,552628,11955,8,382573,1496,115775,390,3006869023,3006968909,0,3006968918,3006969433,3760312162,17865255,-90,25,1033,0.1327,1720.0,0.5113679475533246,0.14975631593475525,0.1327,25.36,77.7,,,,,,
2026-07-30T23:16:04.337510+00:00,S053,mounted,true,rotor_drag,mild,900,rotor_drag-mild_horizontal_no_load_0900rpm,3007068,911,261,2357,3073,3,3,1653859,9,123,72,8,3,1741,1495,1237,139,473,1636,16383,1744,1736,1726166,800,2093,2333,552604,11956,8,382574,1496,115776,390,3006969867,3007069124,0,3007069133,3007069648,3724627842,17868244,-90,29,1029,0.1327,1720.0,0.49771147239879543,0.09780579156908642,0.1327,25.43,77.8,,,,,,
2026-07-30T23:16:04.431295+00:00,S053,mounted,true,rotor_drag,mild,900,rotor_drag-mild_horizontal_no_load_0900rpm,3007169,923,264,2344,3059,1,3,1653896,9,123,73,9,3,1741,1494,1240,117,390,1633,16383,1744,1734,1742279,808,2120,2177,552444,11952,8,382568,1496,115777,390,3007070077,3007169687,0,3007169761,3007170276,3756885577,17856294,-81,23,1039,0.1327,1720.0,0.2389867951807223,0.1439774096385542,0.1327,25.52,77.9,,,,,,
2026-07-30T23:16:04.513044+00:00,S053,mounted,true,rotor_drag,mild,900,rotor_drag-mild_horizontal_no_load_0900rpm,3007269,926,259,2324,3024,5,3,1653933,9,123,73,8,5,1741,1494,1233,117,390,1630,16383,1743,1736,1724688,800,2043,2185,552372,11954,8,382566,1496,115778,390,3007170705,3007269921,0,3007269995,3007270510,3718232900,17862272,-85,21,1045,0.1327,1720.0,0.2517121055713565,0.015061657520495153,0.1327,25.61,78.1,,,,,,
2026-07-30T23:16:04.621448+00:00,S053,mounted,true,rotor_drag,mild,900,rotor_drag-mild_horizontal_no_load_0900rpm,3007369,925,270,2310,3041,4,3,1653970,9,123,73,12,4,1740,1494,1229,101,326,1629,16383,1744,1732,1724314,800,2054,2277,552211,11954,8,382564,1496,115779,390,3007270943,3007370032,0,3007370106,3007370621,3716635578,17862270,-80,32,1036,0.1289,1720.0,0.40503493106909794,0.033393734482181525,0.1289,25.64,78.1,,,,,,
2026-07-30T23:16:04.713433+00:00,S053,mounted,true,rotor_drag,mild,900,rotor_drag-mild_horizontal_no_load_0900rpm,3007469,898,257,2397,3113,4,3,1654006,9,123,73,7,4,1740,1495,1224,91,277,1631,16383,1743,1736,1724724,800,2127,2191,552189,11958,8,382569,1496,115780,390,3007371051,3007470123,0,3007470197,3007470712,3718373888,17874224,-78,25,1039,0.1289,1720.0,0.2604900065228297,0.15386632764676378,0.1289,25.58,78.0,,,,,,
2026-07-30T23:16:04.805318+00:00,S053,mounted,true,rotor_drag,mild,900,rotor_drag-mild_horizontal_no_load_0900rpm,3007570,899,263,2383,3115,4,3,1654042,9,123,73,9,2,1740,1494,1251,91,277,1631,16383,1744,1734,1742516,808,2108,2339,552187,11954,8,382567,1496,115781,390,3007471140,3007570801,0,3007570811,3007571326,3757951604,17862268,-86,36,1042,0.1289,1720.0,0.5083611830349675,0.12338756683955143,0.1289,25.58,78.0,,,,,,
2026-07-30T23:16:04.898458+00:00,S053,mounted,true,rotor_drag,mild,900,rotor_drag-mild_horizontal_no_load_0900rpm,3007670,909,270,2366,3109,6,3,1654079,9,123,75,15,4,1740,1495,1227,82,236,1632,16383,1742,1724,1724248,800,1990,2181,552138,11958,8,382572,1496,115782,390,3007571753,3007670878,0,3007670893,3007671408,3716376574,17874222,-83,38,1031,0.1289,1720.0,0.24383005669844415,-0.07437498494731587,0.1289,25.55,78.0,,,,,,
2026-07-30T23:16:05.040664+00:00,S053,mounted,true,rotor_drag,mild,900,rotor_drag-mild_horizontal_no_load_0900rpm,3007770,914,278,2329,3092,6,3,1654115,9,123,74,20,2,1740,1494,1253,82,236,1631,16383,1743,1737,1724950,800,2121,2178,552193,11954,8,382570,1496,115783,390,3007671837,3007770905,0,3007770914,3007771429,3719349608,17862268,-82,35,1047,0.1289,1720.0,0.2400462384139197,0.1450527487033626,0.1289,25.58,78.0,,,,,,
2026-07-30T23:16:05.133964+00:00,S053,mounted,true,rotor_drag,mild,900,rotor_drag-mild_horizontal_no_load_0900rpm,3007870,913,300,2329,3152,2,3,1654152,9,123,76,26,1,1740,1494,1242,76,204,1630,16383,1744,1737,1725791,800,2134,2297,552228,11953,8,382566,1496,115784,390,3007771858,3007870941,0,3007870956,3007871471,3722995367,17859281,-75,36,1031,0.1289,1720.0,0.4386862403580687,0.16701546448590276,0.1289,25.61,78.1,,,,,,
2026-07-30T23:16:05.227369+00:00,S053,mounted,true,rotor_drag,mild,900,rotor_drag-mild_horizontal_no_load_0900rpm,3007970,923,278,2316,3070,3,3,1654189,9,123,74,19,3,1740,1494,1223,70,177,1633,16383,1743,1734,1724719,800,1997,2175,552180,11951,8,382558,1496,115785,390,3007871899,3007970975,0,3007970990,3007971505,3718386343,17853311,-61,19,1043,0.1289,1720.0,0.23595648439461137,-0.06076431754664924,0.1289,25.52,77.9,,,,,,
2026-07-30T23:16:05.321221+00:00,S053,mounted,true,rotor_drag,mild,900,rotor_drag-mild_horizontal_no_load_0900rpm,3008070,926,280,2280,3036,1,3,1654226,9,123,73,21,0,1740,1494,1232,70,177,1634,16383,1746,1736,1725236,800,1981,2298,552190,11952,8,382553,1496,115786,390,3007971933,3008071018,0,3008071028,3008071543,3720632448,17856292,-71,19,1034,0.1289,1720.0,0.4406733855421683,-0.08771214457831356,0.1289,25.49,77.9,,,,,,
2026-07-30T23:16:05.414597+00:00,S053,mounted,true,rotor_drag,mild,900,rotor_drag-mild_horizontal_no_load_0900rpm,3008170,915,315,2297,3157,1,3,1654262,9,123,77,17,7,1741,1494,1250,66,166,1630,16383,1746,1738,1727013,800,2113,2179,552383,11954,8,382552,1496,115787,390,3008071969,3008171041,0,3008171050,3008171565,3728255503,17862270,-82,32,1024,0.1327,1720.0,0.2417127908649821,0.13172032909486298,0.1327,25.61,78.1,,,,,,
2026-07-30T23:16:05.507833+00:00,S053,mounted,true,rotor_drag,mild,900,rotor_drag-mild_horizontal_no_load_0900rpm,3008270,867,338,2402,3378,3,3,1654297,9,123,106,89,17,1743,1495,1234,91,261,1629,16383,1755,1739,1733009,800,2103,2195,553135,11957,8,382556,1496,115788,390,3008171994,3008271090,0,3008271104,3008271619,3754209445,17871233,-74,13,1036,0.1403,1720.0,0.2674598206071752,0.11417546366145315,0.1403,25.64,78.1,,,,,,
2026-07-30T23:16:05.601896+00:00,S053,mounted,true,rotor_drag,mild,900,rotor_drag-mild_horizontal_no_load_0900rpm,3008371,881,363,2300,3330,2,3,1654332,9,123,103,76,22,1746,1495,1214,91,261,1630,16383,1783,1741,1753984,808,2099,2417,554015,11956,8,382558,1496,115789,390,3008272051,3008371682,0,3008371756,3008372271,3807682710,17868244,-121,48,1091,0.1517,1720.0,0.6376784606891936,0.10780343358982902,0.1517,25.61,78.1,,,,,,
2026-07-30T23:16:05.743892+00:00,S053,mounted,true,rotor_drag,mild,900,rotor_drag-mild_horizontal_no_load_0900rpm,3008471,889,399,2349,3471,6,3,1654367,9,123,119,97,18,1748,1495,1215,225,1035,1632,16383,1765,1743,1738315,800,2137,2220,554760,11957,8,382562,1496,115790,390,3008372703,3008471768,0,3008471842,3008472357,3777251947,17871233,-89,11,1068,0.1593,1720.0,0.30911317847286046,0.17082403035878535,0.1593,25.55,78.0,,,,,,
2026-07-30T23:16:05.838573+00:00,S053,mounted,true,rotor_drag,mild,900,rotor_drag-mild_horizontal_no_load_0900rpm,3008571,898,489,2204,3565,6,3,1654403,9,123,137,115,22,1751,1494,1237,225,1035,1632,16383,1768,1744,1740416,800,2139,2215,555527,11955,8,382562,1496,115791,390,3008472790,3008571852,0,3008571926,3008572441,3786396164,17865257,-77,43,1057,0.1706,1720.0,0.3013999033877037,0.17475251166875783,0.1706,25.55,78.0,,,,,,
2026-07-30T23:16:05.931714+00:00,S053,mounted,true,rotor_drag,mild,900,rotor_drag-mild_horizontal_no_load_0900rpm,3008671,897,487,2290,3648,2,3,1654440,9,123,113,100,28,1749,1495,1239,194,882,1631,16383,1755,1738,1731535,800,2139,2358,555073,11957,8,382565,1496,115792,390,3008572875,3008671929,0,3008672003,3008672518,3747878699,17871235,-75,15,1046,0.1631,1720.0,0.539039713891444,0.17415629898804008,0.1631,25.58,78.0,,,,,,
2026-07-30T23:16:06.028851+00:00,S053,mounted,true,rotor_drag,mild,900,rotor_drag-mild_horizontal_no_load_0900rpm,3008771,945,326,2304,3166,3,3,1654477,9,123,81,30,15,1746,1495,1224,160,692,1631,16383,1746,1734,1726046,800,2131,2180,554219,11956,8,382566,1496,115793,390,3008672951,3008771996,0,3008772070,3008772588,3724078938,17868246,-81,18,1035,0.1517,1720.0,0.24277160086985594,0.1611241910337906,0.1517,25.58,78.0,,,,,,
2026-07-30T23:16:06.118424+00:00,S053,mounted,true,rotor_drag,mild,900,rotor_drag-mild_horizontal_no_load_0900rpm,3008871,930,274,2268,3006,5,3,1654515,9,123,73,21,1,1744,1495,1221,160,692,1629,16383,1743,1735,1725283,800,2125,2187,553565,11958,8,382571,1496,115794,390,3008773019,3008872087,0,3008872166,3008872681,3720785683,17874222,-87,29,1044,0.1441,1720.0,0.2538260265930754,0.1505343376818864,0.1441,25.64,78.1,,,,,,
2026-07-30T23:16:06.211434+00:00,S053,mounted,true,rotor_drag,mild,900,rotor_drag-mild_horizontal_no_load_0900rpm,3008972,927,270,2293,3022,5,3,1654551,9,123,73,14,1,1743,1494,1227,134,544,1626,16383,1743,1737,1742319,808,2117,2195,553144,11953,8,382567,1496,115795,390,3008873110,3008972762,0,3008972772,3008973286,3757065505,17859281,-86,15,1041,0.1403,1720.0,0.26868366895340046,0.1386817025851248,0.1403,25.73,78.3,,,,,,
2026-07-30T23:16:06.304276+00:00,S053,mounted,true,rotor_drag,mild,900,rotor_drag-mild_horizontal_no_load_0900rpm,3009072,902,263,2367,3098,4,3,1654588,9,123,73,14,2,1742,1494,1218,115,436,1630,16383,1743,1734,1725279,800,1971,2180,552882,11952,8,382561,1496,115796,390,3008973716,3009072826,0,3009072840,3009073355,3720821667,17856296,-96,42,1036,0.1365,1720.0,0.24398728915662593,-0.10438045783132566,0.1365,25.61,78.1,,,,,,
2026-07-30T23:16:06.444431+00:00,S053,mounted,true,rotor_drag,mild,900,rotor_drag-mild_horizontal_no_load_0900rpm,3009172,900,277,2364,3133,5,3,1654623,9,123,73,17,3,1742,1495,1217,115,436,1631,16383,1744,1735,1725850,800,2127,2241,552702,11957,8,382564,1496,115797,390,3009073785,3009172863,0,3009172876,3009173391,3723237640,17871235,-96,39,1042,0.1365,1720.0,0.3441019990800367,0.15416268721251125,0.1365,25.58,78.0,,,,,,
2026-07-30T23:16:06.538847+00:00,S053,mounted,true,rotor_drag,mild,900,rotor_drag-mild_horizontal_no_load_0900rpm,3009272,887,271,2389,3154,5,3,1654659,9,123,73,18,2,1741,1494,1242,104,363,1635,16383,1744,1737,1725315,800,2127,2180,552576,11955,8,382564,1496,115798,390,3009173821,3009272979,0,3009272988,3009273503,3720923137,17865257,-78,25,1037,0.1327,1720.0,0.24307544667503134,0.15475555508155558,0.1327,25.46,77.8,,,,,,
2026-07-30T23:16:06.631502+00:00,S053,mounted,true,rotor_drag,mild,900,rotor_drag-mild_horizontal_no_load_0900rpm,3009372,886,267,2406,3159,5,3,1654695,9,123,72,12,1,1741,1494,1213,104,363,1633,16383,1745,1734,1725292,800,2075,2185,552463,11952,8,382558,1496,115799,390,3009273937,3009373043,0,3009373058,3009373573,3720834650,17856294,-53,23,1049,0.1327,1720.0,0.2523214457831324,0.06896999999999975,0.1327,25.52,77.9,,,,,,
2026-07-30T23:16:06.724231+00:00,S053,mounted,true,rotor_drag,mild,900,rotor_drag-mild_horizontal_no_load_0900rpm,3009472,889,262,2419,3157,1,3,1654730,9,123,74,12,6,1741,1494,1222,91,300,1633,16383,1743,1737,1725467,800,2087,2181,552447,11954,8,382557,1496,115800,390,3009374003,3009473076,0,3009473086,3009473601,3721581659,17862268,-52,23,1045,0.1327,1720.0,0.2450458957671069,0.08838996536724109,0.1327,25.52,77.9,,,,,,
2026-07-30T23:16:06.818633+00:00,S053,mounted,true,rotor_drag,mild,900,rotor_drag-mild_horizontal_no_load_0900rpm,3009572,899,264,2377,3111,1,3,1654766,9,123,72,10,2,1741,1495,1236,82,253,1629,16383,1744,1734,1724835,800,2065,2179,552375,11957,8,382561,1496,115801,390,3009474033,3009573107,0,3009573116,3009573631,3718862075,17871233,-51,25,1043,0.1327,1720.0,0.24080167157313692,0.05086235970561148,0.1327,25.64,78.1,,,,,,
2026-07-30T23:16:06.911609+00:00,S053,mounted,true,rotor_drag,mild,900,rotor_drag-mild_horizontal_no_load_0900rpm,3009673,900,263,2387,3119,5,3,1654803,9,123,73,7,2,1740,1495,1214,82,253,1630,16383,1744,1735,1742238,808,2121,2319,552304,11957,8,382564,1496,115802,390,3009574064,3009673759,0,3009673838,3009674353,3756739380,17871233,-56,10,1049,0.1289,1720.0,0.4740604756209752,0.14416588132474661,0.1289,25.61,78.1,,,,,,
2026-07-30T23:16:07.005113+00:00,S053,mounted,true,rotor_drag,mild,900,rotor_drag-mild_horizontal_no_load_0900rpm,3009773,903,279,2365,3137,5,3,1654839,9,123,75,20,4,1740,1494,1204,73,218,1634,16383,1743,1736,1724931,800,2121,2261,552239,11954,8,382562,1496,115803,390,3009674781,3009773838,0,3009773912,3009774427,3719277185,17862268,-67,27,1046,0.1289,1720.0,0.3783700918520996,0.1450527487033626,0.1289,25.49,77.9,,,,,,
2026-07-30T23:16:07.145462+00:00,S053,mounted,true,rotor_drag,mild,900,rotor_drag-mild_horizontal_no_load_0900rpm,3009873,914,268,2333,3067,4,3,1654876,9,123,73,14,3,1740,1495,1215,69,197,1631,16383,1743,1735,1724786,800,2099,2335,552189,11957,8,382565,1496,115804,390,3009774855,3009873911,0,3009873985,3009874500,3718678352,17871233,-84,39,1040,0.1289,1720.0,0.5007186246550135,0.10751092640294324,0.1289,25.58,78.0,,,,,,
2026-07-30T23:16:07.239267+00:00,S053,mounted,true,rotor_drag,mild,900,rotor_drag-mild_horizontal_no_load_0900rpm,3009973,914,270,2336,3076,4,3,1654912,9,123,73,13,3,1740,1494,1217,69,197,1626,16383,1743,1734,1724908,800,2049,2267,552184,11953,8,382561,1496,115805,390,3009874929,3009973990,0,3009974064,3009974579,3719197564,17859279,-79,33,1049,0.1289,1720.0,0.3886854840625782,0.025346654982012495,0.1289,25.73,78.3,,,,,,
2026-07-30T23:16:07.333830+00:00,S053,mounted,true,rotor_drag,mild,900,rotor_drag-mild_horizontal_no_load_0900rpm,3010073,929,271,2293,3024,2,3,1654950,9,123,73,12,2,1740,1494,1225,66,183,1629,16383,1743,1736,1725242,800,2131,2177,552192,11955,8,382561,1496,115806,390,3009975012,3010074053,0,3010074132,3010074647,3720605984,17865257,-74,35,1042,0.1289,1720.0,0.23807620752823055,0.16142120727728937,0.1289,25.64,78.1,,,,,,
2026-07-30T23:16:07.428764+00:00,S053,mounted,true,rotor_drag,mild,900,rotor_drag-mild_horizontal_no_load_0900rpm,3010173,927,270,2307,3035,3,3,1654987,9,123,73,12,2,1740,1495,1214,66,183,1631,16383,1743,1737,1724930,800,2087,2181,552188,11959,8,382568,1496,115807,390,3010075075,3010174144,0,3010174378,3010174893,3719267034,17877211,-68,26,1049,0.1289,1720.0,0.24352622401538593,0.08693579070156332,0.1289,25.58,78.0,,,,,,
2026-07-30T23:16:07.520005+00:00,S053,mounted,true,rotor_drag,mild,900,rotor_drag-mild_horizontal_no_load_0900rpm,3010274,919,262,2305,3018,3,3,1655023,9,123,72,17,2,1740,1494,1240,65,172,1629,16383,1742,1734,1741351,808,2033,2185,552101,11954,8,382566,1496,115808,390,3010175322,3010274790,0,3010274799,3010275314,3752901893,17862268,-69,39,1045,0.1289,1720.0,0.2517121055713565,-0.0016038669901288216,0.1289,25.64,78.1,,,,,,
2026-07-30T23:16:07.612337+00:00,S053,mounted,true,rotor_drag,mild,900,rotor_drag-mild_horizontal_no_load_0900rpm,3010374,885,268,2404,3162,3,3,1655059,9,123,73,13,2,1740,1494,1211,59,146,1630,16383,1743,1735,1724589,800,2085,2341,552054,11953,8,382562,1496,115809,390,3010275743,3010374821,0,3010374991,3010375506,3717861601,17859281,-64,20,1052,0.1289,1720.0,0.5120206829247884,0.08534756253660136,0.1289,25.61,78.1,,,,,,
2026-07-30T23:16:07.706258+00:00,S053,mounted,true,rotor_drag,mild,900,rotor_drag-mild_horizontal_no_load_0900rpm,3010474,886,260,2410,3144,2,3,1655094,9,123,71,9,2,1740,1495,1239,59,146,1634,16383,1746,1734,1724969,800,1953,2179,552121,11956,8,382563,1496,115810,390,3010375935,3010474980,0,3010474995,3010475510,3719474119,17868246,-72,19,1042,0.1289,1720.0,0.24110532719973232,-0.13547252224824424,0.1289,25.49,77.9,,,,,,
2026-07-30T23:16:07.848562+00:00,S053,mounted,true,rotor_drag,mild,900,rotor_drag-mild_horizontal_no_load_0900rpm,3010574,866,380,2388,3486,6,3,1655129,9,123,97,16,37,1742,1495,1229,67,166,1632,16383,1762,1737,1731331,800,2141,2280,552800,11957,8,382566,1496,115811,390,3010475937,3010575022,0,3010575031,3010575546,3746960321,17871233,7,41,1055,0.1365,1720.0,0.4090812373505055,0.1774885676172948,0.1365,25.55,78.0,,,,,,
2026-07-30T23:16:07.943125+00:00,S053,mounted,true,rotor_drag,mild,900,rotor_drag-mild_horizontal_no_load_0900rpm,3010674,910,420,2307,3461,6,3,1655165,9,123,133,114,27,1744,1495,1238,110,327,1631,16383,1763,1740,1733688,800,1987,2201,553494,11958,8,382571,1496,115812,390,3010575974,3010675087,0,3010675097,3010675612,3757205748,17874222,-38,-7,1047,0.1441,1720.0,0.2771499563472153,-0.0793729698946315,0.1441,25.58,78.0,,,,,,
2026-07-30T23:16:08.036968+00:00,S053,mounted,true,rotor_drag,mild,900,rotor_drag-mild_horizontal_no_load_0900rpm,3010774,929,394,2254,3315,6,3,1655201,9,123,113,79,38,1744,1495,1249,110,327,1631,16383,1752,1738,1729605,800,2137,2373,553528,11957,8,382574,1496,115813,390,3010676048,3010775105,0,3010775119,3010775634,3739510895,17871233,-96,-44,1049,0.1441,1720.0,0.5640317286108556,0.17082403035878535,0.1441,25.58,78.0,,,,,,
2026-07-30T23:16:08.131366+00:00,S053,mounted,true,rotor_drag,mild,900,rotor_drag-mild_horizontal_no_load_0900rpm,3010875,880,561,2308,3901,4,3,1655236,9,123,150,135,14,1747,1495,1232,179,730,1631,16383,1762,1739,1754747,808,2139,2203,554401,11956,8,382575,1496,115814,390,3010776067,3010875685,0,3010875764,3010876279,3810888543,17868244,-127,-56,1032,0.1555,1720.0,0.2810958952827032,0.1744543803947809,0.1555,25.58,78.0,,,,,,
2026-07-30T23:16:08.226634+00:00,S053,mounted,true,rotor_drag,mild,900,rotor_drag-mild_horizontal_no_load_0900rpm,3010975,861,453,2375,3692,5,3,1655271,9,123,133,99,16,1749,1495,1219,179,730,1638,16383,1766,1739,1738441,800,2091,2354,555060,11956,8,382576,1496,115815,390,3010876713,3010975943,0,3010976017,3010976532,3777853325,17868246,-94,-72,1041,0.1631,1720.0,0.532703219471395,0.09447324422883874,0.1631,25.36,77.7,,,,,,
2026-07-30T23:16:08.319573+00:00,S053,mounted,true,rotor_drag,mild,900,rotor_drag-mild_horizontal_no_load_0900rpm,3011075,901,516,2265,3697,1,3,1655306,9,123,130,105,47,1752,1494,1227,254,1091,1639,16383,1768,1744,1742779,800,2015,2209,555961,11953,8,382571,1496,115816,390,3010976964,3011076039,0,3011076113,3011076628,3796710947,17859279,-63,33,1044,0.1744,1720.0,0.2920173552246297,-0.031320868819543435,0.1744,25.33,77.6,,,,,,
2026-07-30T23:16:08.413793+00:00,S053,mounted,true,rotor_drag,mild,900,rotor_drag-mild_horizontal_no_load_0900rpm,3011176,912,501,2263,3636,5,3,1655343,9,123,128,96,42,1752,1495,1233,248,979,1637,16383,1764,1741,1755419,808,1995,2367,556084,11957,8,382574,1496,115817,390,3011077066,3011176758,0,3011176767,3011177283,3813886495,17871233,-92,99,1095,0.1744,1720.0,0.554034922723091,-0.06576704231830766,0.1744,25.4,77.7,,,,,,
2026-07-30T23:16:08.552159+00:00,S053,mounted,true,rotor_drag,mild,900,rotor_drag-mild_horizontal_no_load_0900rpm,3011276,905,402,2347,3458,5,3,1655379,9,123,118,83,31,1753,1495,1248,248,979,1634,16383,1761,1743,1738850,800,2137,2333,556219,11957,8,382577,1496,115818,390,3011177715,3011276807,0,3011276816,3011277331,3779572940,17871233,-147,-8,1073,0.1782,1720.0,0.49738635602575876,0.17082403035878535,0.1782,25.49,77.9,,,,,,
2026-07-30T23:16:08.645533+00:00,S053,mounted,true,rotor_drag,mild,900,rotor_drag-mild_horizontal_no_load_0900rpm,3011376,927,417,2280,3404,6,3,1655417,9,123,115,82,28,1752,1495,1235,362,1635,1645,16383,1760,1740,1736675,800,1929,2331,556138,11956,8,382577,1496,115819,390,3011277763,3011376868,0,3011376878,3011377393,3770241519,17868244,-112,-41,1057,0.1744,1720.0,0.49437892505854775,-0.17546309033121466,0.1744,25.15,77.3,,,,,,
2026-07-30T23:16:08.737758+00:00,S053,mounted,true,rotor_drag,mild,900,rotor_drag-mild_horizontal_no_load_0900rpm,3011476,940,386,2244,3272,2,3,1655454,9,123,117,73,38,1753,1495,1258,337,1466,1641,16383,1763,1742,1739500,800,2068,2326,556327,11958,8,382581,1496,115820,390,3011377828,3011476940,0,3011476950,3011477465,3782423404,17874222,-85,5,1058,0.1782,1720.0,0.48539932915203154,0.055572623682889954,0.1782,25.27,77.5,,,,,,
2026-07-30T23:16:08.832195+00:00,S053,mounted,true,rotor_drag,mild,900,rotor_drag-mild_horizontal_no_load_0900rpm,3011576,925,367,2232,3223,1,3,1655492,9,123,108,63,39,1753,1495,1254,337,1466,1647,16383,1766,1742,1738234,800,2147,2271,556301,11956,8,382581,1496,115821,390,3011477897,3011576984,0,3011576993,3011577508,3776908136,17868246,-122,-4,1022,0.1782,1720.0,0.3944025048511204,0.18778456975577118,0.1782,25.09,77.2,,,,,,
2026-07-30T23:16:08.924705+00:00,S053,mounted,true,rotor_drag,mild,900,rotor_drag-mild_horizontal_no_load_0900rpm,3011676,914,394,2299,3376,3,3,1655527,9,123,113,69,58,1753,1494,1242,652,3194,1640,16375,1767,1742,1737761,800,2137,2204,556259,11954,8,382578,1496,115822,390,3011577942,3011677023,0,3011677032,3011677547,3774838711,17862266,-112,250,967,0.1782,1720.0,0.28337660214154203,0.17171758792036096,0.1782,25.3,77.5,,,,,,
2026-07-30T23:16:09.018287+00:00,S053,mounted,true,rotor_drag,mild,900,rotor_drag-mild_horizontal_no_load_0900rpm,3011776,888,379,2385,3452,3,3,1655563,9,123,114,76,60,1752,1495,1242,652,3194,1638,16375,1765,1742,1735776,800,2029,2207,556030,11956,8,382578,1496,115823,390,3011677981,3011777047,0,3011777056,3011777571,3766249198,17868244,-158,181,989,0.1744,1720.0,0.28776098996319854,-0.008835723318836308,0.1744,25.36,77.7,,,,,,
2026-07-30T23:16:09.113267+00:00,S053,mounted,true,rotor_drag,mild,900,rotor_drag-mild_horizontal_no_load_0900rpm,3011876,871,382,2430,3526,6,3,1655597,9,123,112,78,63,1752,1495,1243,585,2865,1634,16383,1761,1742,1737071,800,2129,2385,556006,11956,8,382578,1496,115824,390,3011778005,3011877097,0,3011877107,3011877622,3771899105,17868244,-124,153,955,0.1744,1720.0,0.5843577032452321,0.15779164369354293,0.1744,25.49,77.9,,,,,,
2026-07-30T23:16:09.253402+00:00,S053,mounted,true,rotor_drag,mild,900,rotor_drag-mild_horizontal_no_load_0900rpm,3011977,855,419,2404,3629,6,3,1655633,9,123,120,96,66,1752,1495,1232,626,2972,1634,16383,1765,1741,1753579,808,2136,2355,555897,11956,8,382578,1496,115825,390,3011878056,3011977672,0,3011977750,3011978266,3805912797,17868244,-47,182,972,0.1744,1720.0,0.5343694931415186,0.16945555938440915,0.1744,25.49,77.9,,,,,,
2026-07-30T23:16:09.347639+00:00,S053,mounted,true,rotor_drag,mild,900,rotor_drag-mild_horizontal_no_load_0900rpm,3012077,868,442,2359,3632,5,3,1655667,9,123,127,102,81,1751,1495,1221,626,2972,1629,16383,1760,1739,1734272,800,2133,2377,555630,11957,8,382580,1496,115826,390,3011978699,3012077790,0,3012077863,3012078381,3759734974,17871235,-90,157,973,0.1706,1720.0,0.5706962658693646,0.1641594931002759,0.1706,25.64,78.1,,,,,,
2026-07-30T23:16:09.441438+00:00,S053,mounted,true,rotor_drag,mild,900,rotor_drag-mild_horizontal_no_load_0900rpm,3012177,906,407,2315,3439,4,3,1655704,9,123,98,55,39,1747,1495,1222,710,3460,1634,16375,1746,1735,1724983,800,2082,2271,554457,11956,8,382580,1496,115827,390,3012078815,3012177867,0,3012177941,3012178456,3719521337,17868248,-103,89,1000,0.1555,1720.0,0.3944025048511204,0.07947678119772483,0.1555,25.49,77.9,,,,,,
2026-07-30T23:16:09.532929+00:00,S053,mounted,true,rotor_drag,mild,900,rotor_drag-mild_horizontal_no_load_0900rpm,3012277,902,268,2336,3080,4,3,1655740,9,123,73,23,1,1744,1495,1243,547,2631,1629,16383,1742,1733,1723530,800,2119,2186,553572,11958,8,382584,1496,115828,390,3012178890,3012277968,0,3012278041,3012278557,3713229332,17874222,-102,61,1014,0.1441,1720.0,0.2521600316106367,0.14053836778725515,0.1441,25.64,78.1,,,,,,
2026-07-30T23:16:09.627257+00:00,S053,mounted,true,rotor_drag,mild,900,rotor_drag-mild_horizontal_no_load_0900rpm,3012377,903,256,2376,3086,6,3,1655777,9,123,74,13,5,1742,1495,1229,547,2631,1629,16383,1742,1733,1723905,800,1955,2355,552963,11956,8,382584,1496,115829,390,3012278989,3012378073,0,3012378147,3012378662,3714946495,17868244,-89,56,1026,0.1365,1720.0,0.5343694931415186,-0.13213997490799656,0.1365,25.64,78.1,,,,,,
2026-07-30T23:16:09.720604+00:00,S053,mounted,true,rotor_drag,mild,900,rotor_drag-mild_horizontal_no_load_0900rpm,3012478,940,258,2278,2966,3,3,1655815,9,123,73,9,3,1741,1495,1225,421,1991,1636,16383,1742,1734,1740524,808,2067,2351,552511,11960,8,382592,1496,115830,390,3012379093,3012478745,0,3012478754,3012479269,3749368630,17880200,-97,60,1035,0.1327,1720.0,0.5263942280936451,0.053330773913043306,0.1327,25.43,77.8,,,,,,
2026-07-30T23:16:09.813875+00:00,S053,mounted,true,rotor_drag,mild,900,rotor_drag-mild_horizontal_no_load_0900rpm,3012578,940,263,2274,2975,5,3,1655853,9,123,72,11,1,1740,1495,1246,421,1991,1633,16383,1741,1732,1722673,800,2071,2177,552151,11958,8,382596,1496,115831,390,3012479699,3012578791,0,3012578806,3012579321,3709546479,17874222,-93,52,1034,0.1289,1720.0,0.23716607676869028,0.06057060863020558,0.1289,25.52,77.9,,,,,,
2026-07-30T23:16:09.954209+00:00,S053,mounted,true,rotor_drag,mild,900,rotor_drag-mild_horizontal_no_load_0900rpm,3012678,903,282,2316,3099,5,3,1655889,9,123,74,29,0,1739,1494,1217,328,1519,1629,16383,1741,1730,1722068,800,2071,2253,551840,11954,8,382592,1496,115832,390,3012579752,3012678815,0,3012678829,3012679345,3706952756,17862268,-82,29,1037,0.1251,1720.0,0.36503767224359995,0.06172512615024228,0.1251,25.64,78.1,,,,,,
2026-07-30T23:16:10.045670+00:00,S053,mounted,true,rotor_drag,mild,900,rotor_drag-mild_horizontal_no_load_0900rpm,3012778,900,258,2377,3095,5,3,1655925,9,123,73,11,2,1738,1494,1224,262,1172,1643,16383,1740,1733,1721485,800,1997,2175,551585,11955,8,382590,1496,115833,390,3012679773,3012778851,0,3012778866,3012779381,3704445735,17865257,-94,40,1037,0.1213,1720.0,0.23474338143036366,-0.061878141279799515,0.1213,25.21,77.4,,,,,,
2026-07-30T23:16:10.138391+00:00,S053,mounted,true,rotor_drag,mild,900,rotor_drag-mild_horizontal_no_load_0900rpm,3012878,898,258,2374,3094,1,3,1655960,9,123,72,14,2,1737,1495,1230,262,1172,1641,16383,1741,1731,1720964,800,2067,2173,551358,11957,8,382592,1496,115834,390,3012779811,3012878917,0,3012878926,3012879441,3702187738,17871235,-88,18,1033,0.1175,1720.0,0.23080486568537273,0.05419462833486621,0.1175,25.27,77.5,,,,,,
2026-07-30T23:16:10.233024+00:00,S053,mounted,true,rotor_drag,mild,900,rotor_drag-mild_horizontal_no_load_0900rpm,3012978,874,252,2457,3179,3,3,1655995,9,123,73,8,4,1737,1495,1235,211,914,1634,16383,1739,1730,1720716,800,2059,2175,551188,11957,8,382594,1496,115835,390,3012879872,3012978965,0,3012978974,3012979489,3701124356,17871235,-78,-3,1037,0.1175,1720.0,0.23413713431462702,0.04086555381784729,0.1175,25.49,77.9,,,,,,
2026-07-30T23:16:10.326750+00:00,S053,mounted,true,rotor_drag,mild,900,rotor_drag-mild_horizontal_no_load_0900rpm,3013078,866,278,2447,3249,2,3,1656030,9,123,73,24,9,1737,1495,1237,173,718,1628,16383,1745,1730,1722723,800,2074,2184,551312,11957,8,382595,1496,115836,390,3012979921,3013078982,0,3013078996,3013079511,3709775247,17871233,-87,-17,1044,0.1175,1720.0,0.24913234314627353,0.065857568537258,0.1175,25.67,78.2,,,,,,
2026-07-30T23:16:10.421001+00:00,S053,mounted,true,rotor_drag,mild,900,rotor_drag-mild_horizontal_no_load_0900rpm,3013178,884,384,2383,3471,2,3,1656066,9,123,104,84,37,1740,1495,1258,173,718,1616,16383,1763,1734,1731925,800,2131,2201,552318,11959,8,382600,1496,115837,390,3013079942,3013179015,0,3013179024,3013179540,3749560915,17877211,-101,-75,1031,0.1289,1720.0,0.27684333748641166,0.16023344033782072,0.1289,26.04,78.9,,,,,,
2026-07-30T23:16:10.563572+00:00,S053,mounted,true,rotor_drag,mild,900,rotor_drag-mild_horizontal_no_load_0900rpm,3013279,896,528,2239,3712,6,3,1656101,9,123,132,129,10,1744,1494,1220,176,675,1628,16383,1766,1742,1754137,808,1981,2219,553509,11955,8,382598,1496,115838,390,3013179973,3013279794,0,3013279868,3013280387,3808285285,17865257,-111,-11,1025,0.1441,1720.0,0.3080655555834375,-0.08854075006273554,0.1441,25.67,78.2,,,,,,
2026-07-30T23:16:10.655838+00:00,S053,mounted,true,rotor_drag,mild,900,rotor_drag-mild_horizontal_no_load_0900rpm,3013379,914,355,2318,3291,3,3,1656139,9,123,94,80,16,1746,1494,1227,176,675,1624,16383,1763,1740,1736523,800,2034,2203,554247,11951,8,382588,1496,115839,390,3013280822,3013380056,0,3013380130,3013380645,3769508689,17853303,-120,44,1020,0.1517,1720.0,0.28263166672245,0.0009136019579947252,0.1517,25.79,78.4,,,,,,
2026-07-30T23:16:10.750846+00:00,S053,mounted,true,rotor_drag,mild,900,rotor_drag-mild_horizontal_no_load_0900rpm,3013479,903,354,2346,3326,2,3,1656174,9,123,106,98,26,1748,1495,1232,167,593,1629,16383,1763,1738,1737277,800,2093,2327,554804,11957,8,382590,1496,115840,390,3013381078,3013480150,0,3013480224,3013480739,3772785089,17871233,-80,62,1008,0.1593,1720.0,0.4873895501379941,0.09751412051517905,0.1593,25.64,78.1,,,,,,
2026-07-30T23:16:10.842122+00:00,S053,mounted,true,rotor_drag,mild,900,rotor_drag-mild_horizontal_no_load_0900rpm,3013580,885,440,2353,3596,3,3,1656211,9,123,121,118,35,1749,1495,1215,206,784,1630,16383,1763,1737,1751926,808,2095,2199,554943,11957,8,382592,1496,115841,390,3013481171,3013580775,0,3013580952,3013581467,3798675732,17871233,-95,-18,1022,0.1631,1720.0,0.2741243578656851,0.10084638914443422,0.1631,25.61,78.1,,,,,,
2026-07-30T23:16:10.935712+00:00,S053,mounted,true,rotor_drag,mild,900,rotor_drag-mild_horizontal_no_load_0900rpm,3013680,888,543,2190,3719,2,3,1656246,9,123,141,141,39,1749,1495,1232,206,784,1622,16383,1762,1740,1735478,800,2125,2351,555128,11958,8,382596,1496,115842,390,3013581901,3013680957,0,3013680966,3013681481,3764971824,17874222,-109,127,966,0.1631,1720.0,0.5270492037129952,0.1505343376818864,0.1631,25.85,78.5,,,,,,
2026-07-30T23:16:11.029292+00:00,S053,mounted,true,rotor_drag,mild,900,rotor_drag-mild_horizontal_no_load_0900rpm,3013780,936,522,2136,3532,1,3,1656284,9,123,124,106,42,1749,1494,1233,414,1997,1628,16375,1763,1737,1734276,800,2029,2201,555161,11954,8,382592,1496,115843,390,3013681916,3013780991,0,3013781000,3013781515,3759776678,17862268,-77,95,1001,0.1631,1720.0,0.2783769447883553,-0.008270076794378411,0.1631,25.67,78.2,,,,,,
2026-07-30T23:16:11.121571+00:00,S053,mounted,true,rotor_drag,mild,900,rotor_drag-mild_horizontal_no_load_0900rpm,3013880,939,543,2138,3583,5,3,1656321,9,123,126,106,49,1749,1494,1219,404,1995,1630,16383,1764,1736,1734843,800,2062,2207,555206,11955,8,382590,1496,115844,390,3013781953,3013881073,0,3013881082,3013881597,3762196287,17865257,-100,7,1034,0.1631,1720.0,0.28806859899623527,0.04643870690087848,0.1631,25.61,78.1,,,,,,
2026-07-30T23:16:11.263851+00:00,S053,mounted,true,rotor_drag,mild,900,rotor_drag-mild_horizontal_no_load_0900rpm,3013981,884,574,2286,3908,5,3,1656357,9,123,127,102,48,1749,1495,1224,404,1995,1623,16383,1760,1735,1749278,808,2133,2198,554936,11959,8,382596,1496,115845,390,3013882031,3013981608,0,3013981682,3013982196,3787172672,17877211,-46,127,986,0.1631,1720.0,0.27184577046575775,0.16356515168492303,0.1631,25.82,78.5,,,,,,
2026-07-30T23:16:11.356413+00:00,S053,mounted,true,rotor_drag,mild,900,rotor_drag-mild_horizontal_no_load_0900rpm,3014081,887,552,2262,3818,1,3,1656392,9,123,123,102,41,1749,1495,1232,487,2483,1623,16383,1762,1738,1734975,800,2143,2201,555036,11956,8,382596,1496,115846,390,3013982631,3014081661,0,3014081735,3014082250,3762751155,17868244,-114,55,999,0.1631,1720.0,0.2777633479424555,0.18111947507527582,0.1631,25.82,78.5,,,,,,
2026-07-30T23:16:11.449701+00:00,S053,mounted,true,rotor_drag,mild,900,rotor_drag-mild_horizontal_no_load_0900rpm,3014181,906,528,2181,3639,5,3,1656429,9,123,125,109,27,1749,1495,1208,487,2483,1628,16383,1761,1738,1734161,800,2121,2427,555011,11956,8,382596,1496,115847,390,3014082684,3014181754,0,3014181828,3014182343,3759291285,17868246,-53,97,1017,0.1631,1720.0,0.6543411973904316,0.14446145433255264,0.1631,25.67,78.2,,,,,,
2026-07-30T23:16:11.557657+00:00,S053,mounted,true,rotor_drag,mild,900,rotor_drag-mild_horizontal_no_load_0900rpm,3014281,936,547,2138,3598,4,3,1656466,9,123,117,90,32,1750,1494,1201,484,2338,1635,16383,1763,1742,1737022,800,2122,2202,555349,11955,8,382594,1496,115848,390,3014182777,3014281854,0,3014281927,3014282443,3771640986,17865257,-71,67,1013,0.1669,1720.0,0.27973653375156804,0.1464234898368879,0.1669,25.46,77.8,,,,,,
2026-07-30T23:16:11.638787+00:00,S053,mounted,true,rotor_drag,mild,900,rotor_drag-mild_horizontal_no_load_0900rpm,3014381,923,596,2150,3765,2,3,1656504,9,123,125,100,40,1750,1495,1220,444,2114,1631,16383,1765,1740,1735020,800,2131,2387,555321,11957,8,382595,1496,115849,390,3014282876,3014381915,0,3014381994,3014382509,3763034878,17871233,-23,75,1023,0.1669,1720.0,0.5873576090156392,0.16082722447102116,0.1669,25.58,78.0,,,,,,
2026-07-30T23:16:11.731201+00:00,S053,mounted,true,rotor_drag,mild,900,rotor_drag-mild_horizontal_no_load_0900rpm,3014481,917,555,2225,3740,6,3,1656539,9,123,116,86,37,1751,1495,1222,444,2114,1629,16383,1765,1738,1737817,800,2109,2209,555627,11956,8,382595,1496,115850,390,3014382944,3014482005,0,3014482079,3014482594,3775104059,17868244,-63,84,1009,0.1706,1720.0,0.2910935373034458,0.12446617029106699,0.1706,25.64,78.1,,,,,,
2026-07-30T23:16:11.824489+00:00,S053,mounted,true,rotor_drag,mild,900,rotor_drag-mild_horizontal_no_load_0900rpm,3014581,881,551,2247,3811,6,3,1656575,9,123,133,121,63,1750,1495,1208,445,2127,1628,16383,1766,1739,1734409,800,1967,2206,555501,11958,8,382598,1496,115851,390,3014483027,3014582079,0,3014582153,3014582668,3760345615,17874230,-46,77,1035,0.1669,1720.0,0.28547993125940785,-0.11269286954340174,0.1669,25.67,78.2,,,,,,
2026-07-30T23:16:11.966409+00:00,S053,mounted,true,rotor_drag,mild,900,rotor_drag-mild_horizontal_no_load_0900rpm,3014682,882,486,2248,3628,4,3,1656610,9,123,130,126,63,1751,1494,1211,388,1777,1625,16383,1770,1740,1755262,808,2137,2209,555730,11952,8,382590,1496,115852,390,3014583102,3014682766,0,3014682776,3014683291,3813152054,17856296,-66,-17,1059,0.1706,1720.0,0.292325397590361,0.17231354216867434,0.1706,25.76,78.4,,,,,,
2026-07-30T23:16:12.059450+00:00,S053,mounted,true,rotor_drag,mild,900,rotor_drag-mild_horizontal_no_load_0900rpm,3014782,894,445,2274,3521,6,3,1656647,9,123,118,109,58,1751,1495,1253,388,1777,1629,16383,1767,1738,1734512,800,2087,2205,555576,11956,8,382590,1496,115853,390,3014683725,3014782825,0,3014782834,3014783349,3760758752,17868246,-31,63,1064,0.1706,1720.0,0.28442844262295086,0.08780814954834382,0.1706,25.64,78.1,,,,,,
2026-07-30T23:16:12.167558+00:00,S053,mounted,true,rotor_drag,mild,900,rotor_drag-mild_horizontal_no_load_0900rpm,3014882,895,432,2309,3517,4,3,1656682,9,123,108,97,43,1751,1494,1206,340,1486,1625,16383,1765,1741,1736675,800,1979,2379,555673,11954,8,382587,1496,115854,390,3014783784,3014882837,0,3014882846,3014883361,3770228687,17862270,-64,38,1064,0.1706,1720.0,0.5750232810774634,-0.09159769934749873,0.1706,25.76,78.4,,,,,,
2026-07-30T23:16:12.262691+00:00,S053,mounted,true,rotor_drag,mild,900,rotor_drag-mild_horizontal_no_load_0900rpm,3014982,903,374,2330,3366,6,3,1656719,9,123,104,97,46,1751,1495,1237,340,1486,1626,16383,1766,1742,1736109,800,2078,2375,555665,11956,8,382587,1496,115855,390,3014883794,3014982872,0,3014982886,3014983401,3767713843,17868244,-69,-5,1059,0.1706,1720.0,0.5676949665439945,0.07281168651722947,0.1706,25.73,78.3,,,,,,
2026-07-30T23:16:12.355576+00:00,S053,mounted,true,rotor_drag,mild,900,rotor_drag-mild_horizontal_no_load_0900rpm,3015082,901,385,2318,3387,4,3,1656754,9,123,104,98,49,1752,1495,1232,285,1174,1634,16383,1768,1744,1739334,800,2131,2205,556017,11956,8,382587,1496,115856,390,3014983834,3015082951,0,3015082961,3015083476,3781696474,17868244,-19,63,1068,0.1744,1720.0,0.28442844262295086,0.1611241910337906,0.1744,25.49,77.9,,,,,,
2026-07-30T23:16:12.433801+00:00,S053,mounted,true,rotor_drag,mild,900,rotor_drag-mild_horizontal_no_load_0900rpm,3015182,909,404,2267,3378,6,3,1656791,9,123,111,117,29,1753,1495,1249,266,1058,1630,16383,1769,1743,1738760,800,1953,2355,556223,11957,8,382589,1496,115857,390,3015083909,3015182974,0,3015182984,3015183499,3779294696,17871235,-65,21,1029,0.1782,1720.0,0.5340413109475621,-0.13574468353265923,0.1782,25.61,78.1,,,,,,
2026-07-30T23:16:12.542347+00:00,S053,mounted,true,rotor_drag,mild,900,rotor_drag-mild_horizontal_no_load_0900rpm,3015282,913,398,2264,3354,6,3,1656827,9,123,113,121,28,1754,1494,1227,266,1058,1641,16383,1771,1742,1742215,800,2087,2317,556695,11952,8,382582,1496,115858,390,3015183933,3015283022,0,3015283031,3015283546,3794287593,17856292,-115,18,1025,0.182,1720.0,0.4723431807228913,0.08897197590361428,0.182,25.27,77.5,,,,,,
2026-07-30T23:16:12.681011+00:00,S053,mounted,true,rotor_drag,mild,900,rotor_drag-mild_horizontal_no_load_0900rpm,3015382,915,467,2203,3480,2,3,1656864,9,123,117,124,46,1755,1495,1238,237,885,1644,16383,1776,1742,1740491,800,1943,2223,556872,11957,8,382584,1496,115859,390,3015283982,3015383063,0,3015383072,3015383587,3786838611,17871233,-65,134,1050,0.1858,1720.0,0.3141115814167432,-0.15240602667893288,0.1858,25.18,77.3,,,,,,
2026-07-30T23:16:12.728830+00:00,S053,mounted,true,rotor_drag,mild,900,rotor_drag-mild_horizontal_no_load_0900rpm,3015482,913,409,2192,3313,2,3,1656900,9,123,109,107,45,1756,1495,1254,228,769,1640,16383,1780,1745,1745211,800,1967,2427,557373,11956,8,382584,1496,115860,390,3015384026,3015483111,0,3015483120,3015483635,3807539561,17868246,-66,76,1027,0.1896,1720.0,0.6543411973904316,-0.11214469086651091,0.1896,25.3,77.5,,,,,,
2026-07-30T23:16:12.869848+00:00,S053,mounted,true,rotor_drag,mild,900,rotor_drag-mild_horizontal_no_load_0900rpm,3015582,900,427,2219,3404,3,3,1656937,9,123,106,86,44,1756,1495,1263,228,769,1635,16383,1776,1744,1741156,800,2145,2227,557380,11957,8,382586,1496,115861,390,3015484068,3015583137,0,3015583152,3015583667,3789644552,17871233,-36,100,1043,0.1896,1720.0,0.32077611867525313,0.18415310487580472,0.1896,25.46,77.8,,,,,,
2026-07-30T23:16:12.964865+00:00,S053,mounted,true,rotor_drag,mild,900,rotor_drag-mild_horizontal_no_load_0900rpm,3015683,898,453,2222,3483,2,3,1656972,9,123,106,83,39,1757,1495,1217,239,806,1635,16383,1776,1745,1761970,808,2093,2223,557682,11957,8,382588,1496,115862,390,3015584100,3015683769,0,3015683843,3015684358,3842371056,17871233,-89,-7,1051,0.1934,1720.0,0.3141115814167432,0.09751412051517905,0.1934,25.46,77.8,,,,,,
2026-07-30T23:16:13.042496+00:00,S053,mounted,true,rotor_drag,mild,900,rotor_drag-mild_horizontal_no_load_0900rpm,3015783,912,472,2204,3499,3,3,1657009,9,123,107,72,42,1757,1494,1242,239,806,1630,16383,1774,1746,1741893,800,2107,2339,557656,11955,8,382587,1496,115863,390,3015684793,3015783878,0,3015783952,3015784467,3792863061,17865257,-55,53,1082,0.1934,1720.0,0.5080351214554577,0.12142729410288533,0.1934,25.61,78.1,,,,,,
2026-07-30T23:16:13.138024+00:00,S053,mounted,true,rotor_drag,mild,900,rotor_drag-mild_horizontal_no_load_0900rpm,3015883,914,490,2199,3540,3,3,1657045,9,123,110,81,45,1759,1495,1234,238,748,1626,16383,1775,1749,1747109,800,2149,2229,558137,11957,8,382589,1496,115864,390,3015784899,3015883961,0,3015884035,3015884550,3815578571,17871233,55,166,1081,0.201,1720.0,0.3241083873045074,0.19081764213431462,0.201,25.73,78.3,,,,,,
2026-07-30T23:16:13.231712+00:00,S053,mounted,true,rotor_drag,mild,900,rotor_drag-mild_horizontal_no_load_0900rpm,3015984,914,530,2194,3645,1,3,1657082,9,123,118,96,44,1759,1495,1241,229,744,1627,16383,1771,1746,1760703,808,2126,2223,558079,11958,8,382593,1496,115865,390,3015884986,3015984907,0,3015984916,3015985431,3836823955,17874222,-40,59,1037,0.201,1720.0,0.3138018459608629,0.1522003326643251,0.201,25.7,78.3,,,,,,
2026-07-30T23:16:13.371244+00:00,S053,mounted,true,rotor_drag,mild,900,rotor_drag-mild_horizontal_no_load_0900rpm,3016084,889,569,2210,3811,3,3,1657117,9,123,130,116,50,1760,1494,1238,229,744,1626,16383,1775,1748,1747523,800,2069,2275,558500,11955,8,382591,1496,115866,390,3015985863,3016084946,0,3016084955,3016085470,3817422169,17865259,-20,83,1061,0.2048,1720.0,0.4013846863237136,0.0581035982434126,0.2048,25.73,78.3,,,,,,
2026-07-30T23:16:13.465657+00:00,S053,mounted,true,rotor_drag,mild,900,rotor_drag-mild_horizontal_no_load_0900rpm,3016184,884,522,2185,3661,1,3,1657154,9,123,135,132,44,1760,1495,1259,255,875,1627,16383,1778,1746,1743624,800,2142,2287,558407,11957,8,382593,1496,115867,390,3016085907,3016184998,0,3016185012,3016185527,3800419810,17871235,2,131,1040,0.2048,1720.0,0.4207441775528977,0.17915470193192284,0.2048,25.7,78.3,,,,,,
2026-07-30T23:16:13.574552+00:00,S053,mounted,true,rotor_drag,mild,900,rotor_drag-mild_horizontal_no_load_0900rpm,3016284,886,505,2200,3625,2,3,1657188,9,123,134,140,39,1760,1495,1255,319,1086,1625,16375,1780,1748,1747514,800,2015,2223,558691,11956,8,382593,1496,115868,390,3016185960,3016285021,0,3016285030,3016285545,3817419458,17868246,-35,105,1043,0.2048,1720.0,0.3144213686851791,-0.0321635547005692,0.2048,25.76,78.4,,,,,,
2026-07-30T23:16:13.635741+00:00,S053,mounted,true,rotor_drag,mild,900,rotor_drag-mild_horizontal_no_load_0900rpm,3016384,916,444,2165,3378,1,3,1657226,9,123,125,130,43,1760,1495,1227,319,1086,1627,16375,1781,1746,1745511,800,2151,2237,558673,11956,8,382593,1496,115869,390,3016285980,3016385080,0,3016385089,3016385604,3808640499,17868246,-5,161,1042,0.2048,1720.0,0.337749200066912,0.1944496644362661,0.2048,25.7,78.3,,,,,,
2026-07-30T23:16:13.774871+00:00,S053,mounted,true,rotor_drag,mild,900,rotor_drag-mild_horizontal_no_load_0900rpm,3016484,916,456,2164,3408,1,3,1657262,9,123,123,128,39,1761,1495,1249,368,1181,1625,16375,1781,1750,1748652,800,2141,2231,559000,11959,8,382598,1496,115870,390,3016386038,3016485115,0,3016485124,3016485639,3822367030,17877211,-107,72,1020,0.2086,1720.0,0.3268190076929507,0.17689199707333358,0.2086,25.76,78.4,,,,,,
2026-07-30T23:16:13.869051+00:00,S053,mounted,true,rotor_drag,mild,900,rotor_drag-mild_horizontal_no_load_0900rpm,3016585,883,455,2227,3516,1,3,1657298,9,123,128,142,40,1761,1495,1216,368,1181,1630,16375,1779,1746,1761398,808,2145,2229,558770,11957,8,382599,1496,115871,390,3016486075,3016585750,0,3016585823,3016586339,3839887078,17871235,-148,71,1076,0.2086,1720.0,0.3241083873045074,0.18415310487580472,0.2086,25.61,78.1,,,,,,
2026-07-30T23:16:13.963882+00:00,S053,mounted,true,rotor_drag,mild,900,rotor_drag-mild_horizontal_no_load_0900rpm,3016685,877,492,2197,3600,2,3,1657332,9,123,133,143,41,1761,1494,1218,374,1175,1627,16383,1784,1746,1748051,800,2151,2371,558993,11955,8,382597,1496,115872,390,3016586774,3016685840,0,3016685914,3016686429,3819783621,17865255,-85,51,1082,0.2086,1720.0,0.5613603390213293,0.19474946825595918,0.2086,25.7,78.3,,,,,,
2026-07-30T23:16:14.045443+00:00,S053,mounted,true,rotor_drag,mild,900,rotor_drag-mild_horizontal_no_load_0900rpm,3016785,886,497,2099,3503,3,3,1657369,9,123,131,133,47,1761,1495,1219,373,1187,1628,16383,1784,1749,1746527,800,2139,2228,559020,11958,8,382600,1496,115873,390,3016686863,3016785913,0,3016785987,3016786502,3813096619,17874222,-140,56,1082,0.2086,1720.0,0.3221318208730555,0.17385826743602584,0.2086,25.67,78.2,,,,,,
2026-07-30T23:16:14.150204+00:00,S053,mounted,true,rotor_drag,mild,900,rotor_drag-mild_horizontal_no_load_0900rpm,3016885,944,448,2027,3214,1,3,1657406,9,123,122,121,34,1762,1495,1237,373,1187,1629,16383,1788,1750,1747582,800,2095,2305,559141,11956,8,382600,1496,115874,390,3016786937,3016885990,0,3016886063,3016886579,3817749144,17868246,-216,-151,1071,0.2124,1720.0,0.4510558096353292,0.1011383389093341,0.2124,25.64,78.1,,,,,,
2026-07-30T23:16:14.244464+00:00,S053,mounted,true,rotor_drag,mild,900,rotor_drag-mild_horizontal_no_load_0900rpm,3016985,943,439,2025,3188,6,3,1657445,9,123,117,111,25,1761,1495,1222,417,1459,1636,16375,1779,1749,1744464,800,2123,2227,558869,11956,8,382600,1496,115875,390,3016887019,3016986075,0,3016986154,3016986669,3804061652,17868244,-190,-76,1034,0.2086,1720.0,0.32108646336567404,0.14779400167279988,0.2086,25.43,77.8,,,,,,
2026-07-30T23:16:14.336951+00:00,S053,mounted,true,rotor_drag,mild,900,rotor_drag-mild_horizontal_no_load_0900rpm,3017086,940,414,2029,3132,2,3,1657482,9,123,112,102,22,1761,1495,1217,492,2026,1636,16375,1780,1749,1764660,808,2147,2233,558961,11959,8,382605,1496,115876,390,3016987105,3017086763,0,3017086777,3017087292,3854133404,17877211,-45,-100,1103,0.2086,1720.0,0.330150719040053,0.18688713111464184,0.2086,25.43,77.8,,,,,,
2026-07-30T23:16:14.477522+00:00,S053,mounted,true,rotor_drag,mild,900,rotor_drag-mild_horizontal_no_load_0900rpm,3017186,925,459,2056,3296,3,3,1657519,9,123,114,104,18,1760,1494,1221,492,2026,1643,16375,1775,1747,1743061,800,2139,2225,558595,11955,8,382603,1496,115877,390,3017087728,3017186967,0,3017186977,3017187492,3797930097,17865257,-1,-76,1107,0.2048,1720.0,0.31806403387703863,0.17475251166875783,0.2048,25.21,77.4,,,,,,
2026-07-30T23:16:14.571734+00:00,S053,mounted,true,rotor_drag,mild,900,rotor_drag-mild_horizontal_no_load_0900rpm,3017286,906,479,2128,3449,3,3,1657555,9,123,113,84,8,1759,1495,1245,433,1661,1631,16383,1775,1744,1742110,800,1947,2217,558317,11957,8,382604,1496,115878,390,3017187929,3017286999,0,3017287008,3017287523,3793907028,17871233,-52,0,1088,0.201,1720.0,0.3041147755289786,-0.14574148942042342,0.201,25.58,78.0,,,,,,
2026-07-30T23:16:14.665820+00:00,S053,mounted,true,rotor_drag,mild,900,rotor_drag-mild_horizontal_no_load_0900rpm,3017386,865,576,2146,3810,2,3,1657590,9,123,133,107,9,1758,1495,1238,433,1661,1627,16383,1781,1745,1740103,800,2142,2223,557886,11960,8,382611,1496,115879,390,3017287952,3017387032,0,3017387041,3017387557,3785071753,17880200,-51,97,1066,0.1972,1720.0,0.3131825304347826,0.17825950301003335,0.1972,25.7,78.3,,,,,,
2026-07-30T23:16:14.760371+00:00,S053,mounted,true,rotor_drag,mild,900,rotor_drag-mild_horizontal_no_load_0900rpm,3017486,867,585,2166,3853,6,3,1657625,9,123,139,106,13,1758,1494,1232,401,1613,1629,16383,1778,1746,1742959,800,1997,2390,557861,11954,8,382606,1496,115880,390,3017387990,3017487086,0,3017487100,3017487615,3797624419,17862266,-148,59,1002,0.1972,1720.0,0.5933553580391497,-0.06159975522837602,0.1972,25.64,78.1,,,,,,
2026-07-30T23:16:14.852733+00:00,S053,mounted,true,rotor_drag,mild,900,rotor_drag-mild_horizontal_no_load_0900rpm,3017587,880,533,2216,3730,6,3,1657661,9,123,122,83,20,1757,1494,1222,416,1738,1619,16383,1777,1746,1757733,808,2133,2405,557564,11955,8,382604,1496,115881,390,3017488050,3017587757,0,3017587831,3017588346,3824016679,17865257,-179,41,1025,0.1934,1720.0,0.6180183826850687,0.1647540333751567,0.1934,25.94,78.7,,,,,,
2026-07-30T23:16:14.944540+00:00,S053,mounted,true,rotor_drag,mild,900,rotor_drag-mild_horizontal_no_load_0900rpm,3017687,892,619,2163,3897,4,3,1657696,9,123,136,97,17,1757,1495,1201,416,1738,1630,16383,1780,1744,1742753,800,1973,2231,557640,11957,8,382605,1496,115882,390,3017588780,3017687822,0,3017687896,3017688411,3796659097,17871233,-96,69,1039,0.1934,1720.0,0.32744065593376215,-0.10242199724011058,0.1934,25.61,78.1,,,,,,
2026-07-30T23:16:15.038255+00:00,S053,mounted,true,rotor_drag,mild,900,rotor_drag-mild_horizontal_no_load_0900rpm,3017787,909,560,2142,3681,6,3,1657733,9,123,125,81,9,1756,1495,1217,353,1412,1621,16383,1776,1746,1739944,800,2143,2221,557414,11959,8,382610,1496,115883,390,3017688848,3017787904,0,3017787978,3017788493,3784355198,17877211,-84,48,1041,0.1896,1720.0,0.3101604509574374,0.18022370842043633,0.1896,25.88,78.6,,,,,,
2026-07-30T23:16:15.178816+00:00,S053,mounted,true,rotor_drag,mild,900,rotor_drag-mild_horizontal_no_load_0900rpm,3017887,913,550,2118,3626,6,3,1657769,9,123,124,81,8,1757,1495,1211,310,1198,1639,16383,1778,1742,1742097,800,2055,2387,557500,11956,8,382609,1496,115884,390,3017788925,3017887975,0,3017888049,3017888564,3793829453,17868244,-52,42,1043,0.1934,1720.0,0.5876902505854797,0.03448739210438223,0.1934,25.33,77.6,,,,,,
2026-07-30T23:16:15.272287+00:00,S053,mounted,true,rotor_drag,mild,900,rotor_drag-mild_horizontal_no_load_0900rpm,3017987,909,583,2076,3679,2,3,1657806,9,123,136,95,12,1756,1495,1203,310,1198,1630,16383,1775,1743,1739044,800,1950,2440,557212,11959,8,382613,1496,115885,390,3017888996,3017988064,0,3017988138,3017988653,3780576576,17877211,-68,49,1040,0.1896,1720.0,0.6749828434651723,-0.14128643657496465,0.1896,25.61,78.1,,,,,,
2026-07-30T23:16:15.366448+00:00,S053,mounted,true,rotor_drag,mild,900,rotor_drag-mild_horizontal_no_load_0900rpm,3018088,921,505,2066,3438,3,3,1657843,9,123,128,94,15,1756,1495,1216,292,1145,1628,16383,1775,1742,1760237,808,2031,2437,557417,11956,8,382612,1496,115886,390,3017989090,3018088735,0,3018088911,3018089426,3834927541,17868246,-156,34,1019,0.1896,1720.0,0.6710039340916696,-0.005503175978588626,0.1896,25.67,78.2,,,,,,
2026-07-30T23:16:15.459836+00:00,S053,mounted,true,rotor_drag,mild,900,rotor_drag-mild_horizontal_no_load_0900rpm,3018188,925,502,2046,3402,1,3,1657880,9,123,128,98,16,1755,1495,1203,292,1145,1622,16383,1773,1741,1738476,800,2091,2429,557108,11956,8,382611,1496,115887,390,3018089861,3018188914,0,3018188923,3018189439,3778067630,17868246,-215,96,1046,0.1858,1720.0,0.6576737447306789,0.09447324422883874,0.1858,25.85,78.5,,,,,,
2026-07-30T23:16:15.553504+00:00,S053,mounted,true,rotor_drag,mild,900,rotor_drag-mild_horizontal_no_load_0900rpm,3018288,921,486,2022,3342,5,3,1657917,9,123,129,104,24,1755,1495,1218,296,1135,1621,16383,1771,1741,1739926,800,1971,2215,557083,11958,8,382613,1496,115888,390,3018189873,3018288986,0,3018288996,3018289511,3784374444,17874222,-274,55,1020,0.1858,1720.0,0.3004738861013543,-0.10602888961364787,0.1858,25.88,78.6,,,,,,
2026-07-30T23:16:15.647371+00:00,S053,mounted,true,rotor_drag,mild,900,rotor_drag-mild_horizontal_no_load_0900rpm,3018388,913,501,1997,3370,5,3,1657953,9,123,134,113,28,1754,1494,1216,333,1290,1621,16375,1769,1738,1736836,800,1986,2321,556703,11954,8,382608,1496,115889,390,3018289946,3018389011,0,3018389020,3018389535,3770925108,17862270,-193,25,1041,0.182,1720.0,0.47836323891584387,-0.07993183219006195,0.182,25.88,78.6,,,,,,
2026-07-30T23:16:15.777312+00:00,S053,mounted,true,rotor_drag,mild,900,rotor_drag-mild_horizontal_no_load_0900rpm,3018488,899,532,2039,3519,5,3,1657989,9,123,131,115,26,1754,1495,1219,333,1290,1623,16375,1771,1736,1739329,800,2058,2323,556755,11957,8,382609,1496,115890,390,3018389971,3018489044,0,3018489053,3018489568,3781764177,17871233,-218,43,1015,0.182,1720.0,0.4807250128794842,0.0391994195032197,0.182,25.82,78.5,,,,,,
2026-07-30T23:16:15.879124+00:00,S053,mounted,true,rotor_drag,mild,900,rotor_drag-mild_horizontal_no_load_0900rpm,3018588,898,542,2011,3518,5,3,1658025,9,123,133,117,27,1753,1494,1220,326,1249,1626,16383,1769,1738,1735808,800,1979,2337,556382,11955,8,382606,1496,115891,390,3018490007,3018589093,0,3018589102,3018589618,3766485398,17865257,-139,32,1052,0.1782,1720.0,0.5047022953575908,-0.09187357616060243,0.1782,25.73,78.3,,,,,,
2026-07-30T23:16:15.973601+00:00,S053,mounted,true,rotor_drag,mild,900,rotor_drag-mild_horizontal_no_load_0900rpm,3018689,920,554,1952,3457,4,3,1658062,9,123,132,118,25,1753,1495,1209,293,1106,1624,16383,1772,1737,1755782,808,2039,2351,556428,11957,8,382607,1496,115892,390,3018590057,3018689693,0,3018689766,3018690282,3815516214,17871233,-194,-9,1027,0.1782,1720.0,0.5273767736890522,0.007542867525298647,0.1782,25.79,78.4,,,,,,
2026-07-30T23:16:16.067753+00:00,S053,mounted,true,rotor_drag,mild,900,rotor_drag-mild_horizontal_no_load_0900rpm,3018789,929,550,1937,3416,6,3,1658099,9,123,130,119,25,1752,1495,1225,293,1106,1623,16383,1765,1737,1735010,800,2097,2335,556060,11957,8,382608,1496,115893,390,3018690720,3018789776,0,3018789850,3018790365,3762987064,17871233,-157,9,1019,0.1744,1720.0,0.5007186246550135,0.10417865777368895,0.1744,25.82,78.5,,,,,,
2026-07-30T23:16:16.160734+00:00,S053,mounted,true,rotor_drag,mild,900,rotor_drag-mild_horizontal_no_load_0900rpm,3018889,930,546,1963,3432,3,3,1658137,9,123,126,115,26,1752,1495,1250,269,959,1621,16383,1772,1738,1737414,800,2123,2213,556061,11956,8,382607,1496,115894,390,3018790800,3018889855,0,3018889929,3018890444,3773397890,17868246,-124,-11,1012,0.1744,1720.0,0.29775863198394115,0.14779400167279988,0.1744,25.88,78.6,,,,,,
2026-07-30T23:16:16.254090+00:00,S053,mounted,true,rotor_drag,mild,900,rotor_drag-mild_horizontal_no_load_0900rpm,3018989,941,529,1951,3357,1,3,1658174,9,123,124,112,24,1751,1495,1213,269,959,1620,16383,1767,1736,1733784,800,2092,2206,555727,11957,8,382608,1496,115895,390,3018890879,3018989925,0,3018989999,3018990514,3757633196,17871233,-6,39,1048,0.1706,1720.0,0.2857872980680769,0.09584798620055146,0.1706,25.91,78.6,,,,,,
2026-07-30T23:16:16.347414+00:00,S053,mounted,true,rotor_drag,mild,900,rotor_drag-mild_horizontal_no_load_0900rpm,3019089,942,535,1973,3392,4,3,1658212,9,123,127,113,25,1750,1494,1232,285,977,1623,16383,1767,1735,1734510,800,2135,2309,555529,11954,8,382603,1496,115896,390,3018990946,3019089994,0,3019090068,3019090583,3760821502,17862270,-106,32,1053,0.1669,1720.0,0.45836460950309466,0.16838448301823616,0.1669,25.82,78.5,,,,,,
2026-07-30T23:16:16.488765+00:00,S053,mounted,true,rotor_drag,mild,900,rotor_drag-mild_horizontal_no_load_0900rpm,3019189,924,550,1975,3463,4,3,1658248,9,123,133,119,29,1750,1495,1230,319,1107,1623,16383,1768,1736,1735115,800,2136,2212,555468,11960,8,382610,1496,115897,390,3019091018,3019190086,0,3019190160,3019190675,3763400717,17880200,-165,-71,1030,0.1669,1720.0,0.2948596501672238,0.16826520468227413,0.1669,25.82,78.5,,,,,,
2026-07-30T23:16:16.583063+00:00,S053,mounted,true,rotor_drag,mild,900,rotor_drag-mild_horizontal_no_load_0900rpm,3019290,910,537,2042,3517,2,3,1658286,9,123,128,107,29,1750,1494,1250,319,1107,1628,16383,1769,1737,1750549,808,2129,2206,555253,11955,8,382607,1496,115898,390,3019191111,3019290777,0,3019290792,3019291307,3792725809,17865255,-84,78,1045,0.1669,1720.0,0.2864021859473018,0.15808838117942248,0.1669,25.67,78.2,,,,,,
2026-07-30T23:16:16.676592+00:00,S053,mounted,true,rotor_drag,mild,900,rotor_drag-mild_horizontal_no_load_0900rpm,3019390,906,551,2045,3565,6,3,1658321,9,123,133,110,29,1750,1495,1243,345,1303,1622,16383,1765,1736,1735493,800,2127,2205,555299,11958,8,382610,1496,115899,390,3019291741,3019390941,0,3019390950,3019391466,3765028003,17874222,9,124,1054,0.1669,1720.0,0.28381393627696916,0.15386632764676378,0.1669,25.85,78.5,,,,,,
2026-07-30T23:16:16.769083+00:00,S053,mounted,true,rotor_drag,mild,900,rotor_drag-mild_horizontal_no_load_0900rpm,3019490,886,522,2107,3581,2,3,1658358,9,123,134,106,31,1749,1494,1246,311,1179,1618,16383,1765,1734,1732806,800,2113,2221,555070,11953,8,382603,1496,115900,390,3019391899,3019491002,0,3019491016,3019491531,3753391612,17859279,-15,15,1075,0.1631,1720.0,0.31201765774282597,0.13201493507905937,0.1631,25.97,78.8,,,,,,
2026-07-30T23:16:16.864181+00:00,S053,mounted,true,rotor_drag,mild,900,rotor_drag-mild_horizontal_no_load_0900rpm,3019590,896,489,2125,3488,6,3,1658393,9,123,133,94,25,1749,1495,1251,311,1179,1620,16383,1760,1736,1733002,800,2078,2367,554929,11956,8,382603,1496,115901,390,3019491965,3019591038,0,3019591047,3019591563,3754250808,17868244,-19,-33,1067,0.1631,1720.0,0.5543647771830043,0.07281168651722947,0.1631,25.91,78.6,,,,,,
2026-07-30T23:16:16.957212+00:00,S053,mounted,true,rotor_drag,mild,900,rotor_drag-mild_horizontal_no_load_0900rpm,3019690,912,504,2061,3443,2,3,1658430,9,123,133,85,33,1748,1495,1236,288,1129,1623,16383,1761,1733,1732651,800,2127,2205,554829,11958,8,382606,1496,115902,390,3019591996,3019691063,0,3019691073,3019691588,3752707001,17874222,2,59,1073,0.1593,1720.0,0.28381393627696916,0.15386632764676378,0.1593,25.82,78.5,,,,,,
2026-07-30T23:16:17.048192+00:00,S053,mounted,true,rotor_drag,mild,900,rotor_drag-mild_horizontal_no_load_0900rpm,3019790,930,508,2019,3386,2,3,1658466,9,123,139,111,22,1749,1494,1258,288,1129,1621,16383,1766,1730,1734966,800,2085,2205,554978,11954,8,382602,1496,115903,390,3019692019,3019791120,0,3019791130,3019791645,3762748686,17862268,-76,-6,1066,0.1631,1720.0,0.2850431545926049,0.08505686046511629,0.1631,25.88,78.6,,,,,,
2026-07-30T23:16:17.190184+00:00,S053,mounted,true,rotor_drag,mild,900,rotor_drag-mild_horizontal_no_load_0900rpm,3019891,930,528,2013,3432,1,3,1658504,9,123,142,133,28,1749,1494,1224,276,1059,1622,16383,1772,1737,1753129,808,1973,2311,555191,11953,8,382596,1496,115904,390,3019792079,3019891771,0,3019891845,3019892360,3803977585,17859279,-152,-48,1047,0.1631,1720.0,0.4620199266292975,-0.10132192763323022,0.1631,25.85,78.5,,,,,,
2026-07-30T23:16:17.287122+00:00,S053,mounted,true,rotor_drag,mild,900,rotor_drag-mild_horizontal_no_load_0900rpm,3019991,906,554,2058,3588,1,3,1658540,9,123,149,144,24,1751,1494,1220,278,1100,1622,16383,1772,1737,1739140,800,2131,2225,555698,11955,8,382594,1496,115905,390,3019892796,3019991862,0,3019991936,3019992451,3780891074,17865259,-252,-74,1003,0.1706,1720.0,0.31806403387703863,0.16142120727728937,0.1706,25.85,78.5,,,,,,
2026-07-30T23:16:17.376251+00:00,S053,mounted,true,rotor_drag,mild,900,rotor_drag-mild_horizontal_no_load_0900rpm,3020091,913,618,2028,3721,5,3,1658577,9,123,151,136,12,1751,1494,1237,278,1100,1622,16383,1767,1735,1735695,800,2041,2239,555651,11953,8,382588,1496,115906,390,3019992887,3020091952,0,3020092026,3020092541,3765935315,17859283,-184,6,1053,0.1706,1720.0,0.3420181115201202,0.01201311996988208,0.1706,25.85,78.5,,,,,,
2026-07-30T23:16:17.469166+00:00,S053,mounted,true,rotor_drag,mild,900,rotor_drag-mild_horizontal_no_load_0900rpm,3020191,904,597,2071,3724,1,3,1658612,9,123,143,116,12,1752,1494,1224,274,1067,1623,16383,1771,1737,1739334,800,2133,2229,555941,11953,8,382583,1496,115907,390,3020092975,3020192028,0,3020192102,3020192617,3781731378,17859283,-125,21,1058,0.1744,1720.0,0.3253511927549564,0.16534877260938652,0.1744,25.82,78.5,,,,,,
2026-07-30T23:16:17.560940+00:00,S053,mounted,true,rotor_drag,mild,900,rotor_drag-mild_horizontal_no_load_0900rpm,3020291,907,621,2029,3742,5,3,1658649,9,123,147,119,11,1752,1495,1253,254,956,1614,16383,1770,1736,1736325,800,2135,2213,555864,11956,8,382583,1496,115908,390,3020193053,3020292111,0,3020292185,3020292700,3768658203,17868246,-75,29,1067,0.1744,1720.0,0.29775863198394115,0.16778928571428553,0.1744,26.1,79.0,,,,,,
2026-07-30T23:16:17.655240+00:00,S053,mounted,true,rotor_drag,mild,900,rotor_drag-mild_horizontal_no_load_0900rpm,3020392,911,594,2049,3678,5,3,1658685,9,123,141,124,8,1753,1494,1227,254,956,1618,16383,1772,1737,1757482,808,1939,2218,556242,11953,8,382578,1496,115909,390,3020293136,3020392816,0,3020392825,3020393340,3822898992,17859283,-119,58,1012,0.1782,1720.0,0.3070175821132768,-0.15798945143478615,0.1782,25.97,78.8,,,,,,
2026-07-30T23:16:17.794906+00:00,S053,mounted,true,rotor_drag,mild,900,rotor_drag-mild_horizontal_no_load_0900rpm,3020492,914,560,2029,3562,6,3,1658723,9,123,140,130,12,1753,1495,1243,312,1354,1620,16383,1776,1740,1738446,800,2131,2437,556265,11957,8,382580,1496,115910,390,3020393773,3020492928,0,3020492943,3020493458,3777986480,17871233,-70,42,1035,0.1782,1720.0,0.6706643247470101,0.16082722447102116,0.1782,25.91,78.6,,,,,,
2026-07-30T23:16:17.889484+00:00,S053,mounted,true,rotor_drag,mild,900,rotor_drag-mild_horizontal_no_load_0900rpm,3020593,920,509,2032,3414,6,3,1658759,9,123,141,142,11,1755,1495,1195,312,1354,1624,16383,1779,1741,1762700,808,2027,2223,557031,11956,8,382580,1496,115911,390,3020493892,3020593751,0,3020593825,3020594340,3845644856,17868246,-60,53,1047,0.1858,1720.0,0.3144213686851791,-0.012168270659083547,0.1858,25.79,78.4,,,,,,
2026-07-30T23:16:17.983287+00:00,S053,mounted,true,rotor_drag,mild,900,rotor_drag-mild_horizontal_no_load_0900rpm,3020693,923,498,2020,3368,3,3,1658797,9,123,144,152,14,1757,1495,1204,270,1129,1624,16383,1786,1741,1744313,800,2133,2304,557421,11956,8,382580,1496,115912,390,3020594774,3020693846,0,3020693920,3020694435,3803534333,17868246,-66,28,1034,0.1934,1720.0,0.44938953596520514,0.16445673837403785,0.1934,25.79,78.4,,,,,,
2026-07-30T23:16:18.075736+00:00,S053,mounted,true,rotor_drag,mild,900,rotor_drag-mild_horizontal_no_load_0900rpm,3020793,933,530,1998,3418,3,3,1658833,9,123,151,167,13,1760,1494,1217,281,1126,1619,16383,1791,1742,1751518,800,2111,2363,558415,11952,8,382573,1496,115913,390,3020694869,3020793919,0,3020793993,3020794507,3835079744,17856290,-123,90,1022,0.2048,1720.0,0.5490174216867465,0.12897592771084332,0.2048,25.94,78.7,,,,,,
2026-07-30T23:16:18.169925+00:00,S053,mounted,true,rotor_drag,mild,900,rotor_drag-mild_horizontal_no_load_0900rpm,3020893,896,565,2070,3647,1,3,1658870,9,123,144,134,24,1761,1494,1207,281,1126,1619,16383,1803,1744,1749083,800,2007,2307,558904,11952,8,382567,1496,115914,390,3020794943,3020894014,0,3020894088,3020894603,3824458693,17856294,-117,17,1035,0.2086,1720.0,0.4556748674698796,-0.04437453012048209,0.2086,25.94,78.7,,,,,,
2026-07-30T23:16:18.264656+00:00,S053,mounted,true,rotor_drag,mild,900,rotor_drag-mild_horizontal_no_load_0900rpm,3020993,902,624,1940,3669,1,3,1658906,9,123,154,167,17,1767,1495,1227,264,1036,1620,16383,1819,1750,1763073,800,2043,2543,560712,11957,8,382570,1496,115915,390,3020895042,3020994087,0,3020994161,3020994676,3886140137,17871233,-39,-27,1024,0.2314,1720.0,0.8472745620975157,0.014207404783808109,0.2314,25.91,78.6,,,,,,
2026-07-30T23:16:18.356314+00:00,S053,mounted,true,rotor_drag,mild,900,rotor_drag-mild_horizontal_no_load_0900rpm,3021094,910,727,1883,3879,5,3,1658943,9,123,171,186,27,1769,1495,1230,375,1583,1621,16383,1818,1746,1776489,808,2084,2287,561446,11956,8,382571,1496,115916,390,3020995114,3021094768,0,3021094783,3021095298,3906315671,17868250,53,-119,1012,0.239,1720.0,0.42106288357310095,0.08280932853797252,0.239,25.88,78.6,,,,,,
2026-07-30T23:16:18.497794+00:00,S053,mounted,true,rotor_drag,mild,900,rotor_drag-mild_horizontal_no_load_0900rpm,3021194,868,617,2037,3815,3,3,1658977,9,123,179,164,22,1775,1495,1238,375,1583,1622,16383,1822,1755,1772775,800,2001,2439,563393,11956,8,382572,1496,115917,390,3021095733,3021194807,0,3021194816,3021195331,3929102481,17868244,-14,12,1027,0.2617,1720.0,0.6743364814319168,-0.055491386082302085,0.2617,25.85,78.5,,,,,,
2026-07-30T23:16:18.591355+00:00,S053,mounted,true,rotor_drag,mild,900,rotor_drag-mild_horizontal_no_load_0900rpm,3021294,878,612,2061,3803,3,3,1659013,9,123,181,184,23,1778,1495,1221,344,1390,1619,16383,1834,1757,1768127,800,2163,2327,564195,11956,8,382573,1496,115918,390,3021195765,3021294869,0,3021294878,3021295393,3908378301,17868246,-113,-9,1021,0.2731,1720.0,0.4877138303780524,0.21444494847775175,0.2731,25.94,78.7,,,,,,
2026-07-30T23:16:18.688286+00:00,S053,mounted,true,rotor_drag,mild,900,rotor_drag-mild_horizontal_no_load_0900rpm,3021394,882,667,1962,3852,6,3,1659047,9,123,200,185,8,1781,1495,1245,344,1390,1618,16383,1828,1755,1773612,800,2003,2299,565265,11957,8,382576,1496,115919,390,3021295828,3021394949,0,3021394959,3021395474,3932625640,17871233,-193,-14,1019,0.2845,1720.0,0.440737789328427,-0.052437967801287844,0.2845,25.97,78.8,,,,,,
2026-07-30T23:16:18.778594+00:00,S053,mounted,true,rotor_drag,mild,900,rotor_drag-mild_horizontal_no_load_0900rpm,3021494,924,624,1974,3663,1,3,1659086,9,123,171,128,10,1774,1494,1201,352,1396,1615,16383,1813,1731,1746125,800,2113,2395,563104,11954,8,382573,1496,115920,390,3021395909,3021495006,0,3021495015,3021495530,3811644753,17862270,-121,24,1018,0.2579,1720.0,0.6016881202944617,0.13172032909486298,0.2579,26.07,78.9,,,,,,
2026-07-30T23:16:18.873475+00:00,S053,mounted,true,rotor_drag,mild,900,rotor_drag-mild_horizontal_no_load_0900rpm,3021594,970,297,2085,2851,6,3,1659125,9,123,77,44,8,1760,1495,1203,303,1155,1616,16383,1738,1721,1714113,800,1929,2225,558459,11958,8,382578,1496,115921,390,3021495965,3021595042,0,3021595051,3021595566,3672822191,17874222,-89,10,1043,0.2048,1720.0,0.31713383592573985,-0.17600067887606619,0.2048,26.04,78.9,,,,,,
2026-07-30T23:16:18.966997+00:00,S053,mounted,true,rotor_drag,mild,900,rotor_drag-mild_horizontal_no_load_0900rpm,3021694,940,261,2291,2985,3,3,1659163,9,123,73,6,4,1749,1495,1208,303,1155,1622,16383,1730,1723,1712804,800,2063,2164,555155,11957,8,382580,1496,115922,390,3021596001,3021695247,0,3021695256,3021695771,3667162376,17871235,-84,21,1040,0.1631,1720.0,0.21580965685372533,0.04753009107635631,0.1631,25.85,78.5,,,,,,
2026-07-30T23:16:19.059986+00:00,S053,mounted,true,rotor_drag,mild,900,rotor_drag-mild_horizontal_no_load_0900rpm,3021795,921,275,2285,3032,1,3,1659200,9,123,73,25,1,1742,1495,1214,241,893,1622,16383,1730,1721,1729409,808,2108,2176,552836,11957,8,382582,1496,115923,390,3021696201,3021795782,0,3021795855,3021796370,3701589067,17871235,-77,24,1047,0.1365,1720.0,0.2358032686292546,0.12250613523459064,0.1365,25.85,78.5,,,,,,
2026-07-30T23:16:19.199480+00:00,S053,mounted,true,rotor_drag,mild,900,rotor_drag-mild_horizontal_no_load_0900rpm,3021895,903,261,2359,3082,1,3,1659236,9,123,72,11,3,1737,1495,1221,195,704,1621,16383,1731,1708,1712495,800,1935,2166,551322,11957,8,382584,1496,115924,390,3021796800,3021895880,0,3021895954,3021896469,3665907523,17871233,-85,28,1038,0.1175,1720.0,0.21914192548298006,-0.1657351011959527,0.1175,25.88,78.6,,,,,,
2026-07-30T23:16:19.293562+00:00,S053,mounted,true,rotor_drag,mild,900,rotor_drag-mild_horizontal_no_load_0900rpm,3021995,916,267,2354,3083,5,3,1659273,9,123,87,45,21,1735,1495,1208,195,704,1617,16383,1733,1725,1713945,800,1955,2303,550457,11956,8,382584,1496,115925,390,3021896898,3021995965,0,3021996039,3021996554,3672116409,17868244,-81,4,1050,0.1099,1720.0,0.4477232622950815,-0.13213997490799656,0.1099,26.01,78.8,,,,,,
2026-07-30T23:16:19.401861+00:00,S053,mounted,true,rotor_drag,mild,900,rotor_drag-mild_horizontal_no_load_0900rpm,3022095,934,275,2255,2992,4,3,1659310,9,123,73,22,2,1732,1494,1216,170,600,1632,16383,1731,1722,1712677,800,1970,2321,549740,11954,8,382581,1496,115926,390,3021996984,3022096039,0,3022096113,3022096628,3666675195,17862270,-83,26,1040,0.0985,1720.0,0.47836323891584387,-0.10659667140706075,0.0985,25.55,78.0,,,,,,
2026-07-30T23:16:19.464148+00:00,S053,mounted,true,rotor_drag,mild,900,rotor_drag-mild_horizontal_no_load_0900rpm,3022195,922,261,2325,3035,6,3,1659347,9,123,71,3,4,1731,1495,1221,170,600,1627,16383,1736,1724,1713347,800,2073,2167,549321,11957,8,382583,1496,115927,390,3022097057,3022196153,0,3022196227,3022196742,3669491711,17871235,-116,62,1051,0.0947,1720.0,0.2208080597976081,0.06419143422263085,0.0947,25.7,78.3,,,,,,
2026-07-30T23:16:19.602304+00:00,S053,mounted,true,rotor_drag,mild,900,rotor_drag-mild_horizontal_no_load_0900rpm,3022296,828,412,2405,3649,1,3,1659380,9,123,117,110,25,1735,1495,1236,186,673,1620,16383,1778,1730,1745600,808,2042,2219,550663,11959,8,382589,1496,115928,390,3022197172,3022296775,0,3022296784,3022297299,3771383854,17877213,-106,33,1052,0.1099,1720.0,0.3068287396103351,0.011972285391754767,0.1099,25.91,78.6,,,,,,
2026-07-30T23:16:19.697575+00:00,S053,mounted,true,rotor_drag,mild,900,rotor_drag-mild_horizontal_no_load_0900rpm,3022396,865,722,2186,4274,3,3,1659415,9,123,204,215,33,1743,1495,1225,166,590,1617,16383,1790,1736,1745637,800,2133,2381,553275,11959,8,382595,1496,115929,390,3022297733,3022396867,0,3022396877,3022397392,3809391343,17877211,-121,40,1030,0.1403,1720.0,0.5766973587256459,0.16356515168492303,0.1403,26.01,78.8,,,,,,
2026-07-30T23:16:19.789894+00:00,S053,mounted,true,rotor_drag,mild,900,rotor_drag-mild_horizontal_no_load_0900rpm,3022496,892,811,2064,4335,3,3,1659451,9,123,206,235,34,1748,1495,1238,166,590,1616,16383,1794,1735,1742510,800,2067,2243,554725,11956,8,382595,1496,115930,390,3022397830,3022497057,0,3022497066,3022497581,3795756304,17868244,-92,-19,1024,0.1593,1720.0,0.34774684208765416,0.05448267614586788,0.1593,26.04,78.9,,,,,,
2026-07-30T23:16:19.882311+00:00,S053,mounted,true,rotor_drag,mild,900,rotor_drag-mild_horizontal_no_load_0900rpm,3022596,871,774,2114,4336,4,3,1659484,9,123,204,232,25,1752,1495,1229,168,608,1621,16383,1789,1741,1747200,800,2043,2239,556148,11957,8,382596,1496,115931,390,3022498015,3022597084,0,3022597093,3022597608,3816240244,17871233,-92,-10,1035,0.1744,1720.0,0.34076973045078196,0.014207404783808109,0.1744,25.88,78.6,,,,,,
2026-07-30T23:16:19.974784+00:00,S053,mounted,true,rotor_drag,mild,900,rotor_drag-mild_horizontal_no_load_0900rpm,3022696,853,656,2133,4056,4,3,1659520,9,123,184,207,27,1754,1494,1230,161,547,1623,16383,1781,1741,1741149,800,2011,2235,556588,11955,8,382594,1496,115932,390,3022598042,3022697119,0,3022697128,3022697644,3789766841,17865255,-29,-6,1033,0.182,1720.0,0.334728164366374,-0.03854835859473038,0.182,25.82,78.5,,,,,,
2026-07-30T23:16:20.068958+00:00,S053,mounted,true,rotor_drag,mild,900,rotor_drag-mild_horizontal_no_load_0900rpm,3022797,885,489,2191,3574,5,3,1659555,9,123,140,139,15,1756,1494,1237,161,547,1620,16383,1781,1741,1763487,808,2131,2309,557330,11954,8,382590,1496,115933,390,3022698076,3022797789,0,3022797863,3022798378,3849097043,17862270,-82,22,1027,0.1896,1720.0,0.45836460950309466,0.16171827321398657,0.1896,25.91,78.6,,,,,,
2026-07-30T23:16:20.162209+00:00,S053,mounted,true,rotor_drag,mild,900,rotor_drag-mild_horizontal_no_load_0900rpm,3022897,925,556,2085,3588,4,3,1659592,9,123,152,166,12,1757,1494,1225,167,596,1615,16383,1791,1741,1742606,800,2123,2367,557512,11953,8,382585,1496,115934,390,3022798811,3022897871,0,3022897945,3022898460,3796170744,17859279,-123,12,1024,0.1934,1720.0,0.5553546717142135,0.14868185384422317,0.1934,26.07,78.9,,,,,,
2026-07-30T23:16:20.300665+00:00,S053,mounted,true,rotor_drag,mild,900,rotor_drag-mild_horizontal_no_load_0900rpm,3022997,866,688,2139,4124,1,3,1659626,9,123,193,204,32,1758,1494,1232,167,596,1615,16383,1788,1738,1744509,800,2122,2238,557767,11952,8,382578,1496,115935,390,3022898894,3022997976,0,3022998050,3022998565,3804442675,17856292,-83,35,1027,0.1972,1720.0,0.3406635060240961,0.1473110722891562,0.1972,26.07,78.9,,,,,,
2026-07-30T23:16:20.394982+00:00,S053,mounted,true,rotor_drag,mild,900,rotor_drag-mild_horizontal_no_load_0900rpm,3023097,876,653,2170,4032,1,3,1659662,9,123,169,167,29,1758,1495,1243,159,547,1619,16383,1787,1738,1743172,800,2142,2319,557861,11957,8,382580,1496,115936,390,3022998998,3023098062,0,3023098136,3023098651,3798600986,17871233,-102,36,1034,0.1972,1720.0,0.4740604756209752,0.17915470193192284,0.1972,25.94,78.7,,,,,,
2026-07-30T23:16:20.488621+00:00,S053,mounted,true,rotor_drag,mild,900,rotor_drag-mild_horizontal_no_load_0900rpm,3023198,905,591,2125,3757,1,3,1659698,9,123,160,157,33,1760,1495,1229,221,780,1616,16383,1800,1740,1766439,808,1935,2309,558493,11960,8,382588,1496,115937,390,3023099085,3023198766,0,3023198784,3023199299,3862192951,17880200,-33,-44,1087,0.2048,1720.0,0.45643413979933056,-0.16654378929765912,0.2048,26.04,78.9,,,,,,
2026-07-30T23:16:20.580645+00:00,S053,mounted,true,rotor_drag,mild,900,rotor_drag-mild_horizontal_no_load_0900rpm,3023298,872,668,2187,4101,5,3,1659735,9,123,183,166,48,1761,1495,1265,221,780,1616,16383,1796,1742,1748483,800,2139,2471,558909,11957,8,382590,1496,115938,390,3023199733,3023298806,0,3023298820,3023299335,3821881131,17871233,-30,-13,1070,0.2086,1720.0,0.7273128914443419,0.17415629898804008,0.2086,26.04,78.9,,,,,,
2026-07-30T23:16:20.675424+00:00,S053,mounted,true,rotor_drag,mild,900,rotor_drag-mild_horizontal_no_load_0900rpm,3023398,919,538,2114,3577,1,3,1659770,9,123,158,147,35,1763,1495,1249,226,769,1613,16383,1802,1740,1751740,800,2143,2417,559514,11957,8,382592,1496,115939,390,3023299769,3023398859,0,3023398869,3023399384,3836189152,17871233,-82,49,1016,0.2162,1720.0,0.6373416384544619,0.18082083624655,0.2162,26.13,79.0,,,,,,
2026-07-30T23:16:20.768339+00:00,S053,mounted,true,rotor_drag,mild,900,rotor_drag-mild_horizontal_no_load_0900rpm,3023498,901,690,2084,4000,5,3,1659807,9,123,187,175,44,1764,1494,1248,242,872,1611,16383,1806,1739,1750537,800,1999,2535,559807,11954,8,382588,1496,115940,390,3023399817,3023498894,0,3023498903,3023499418,3831017525,17862270,-126,21,1017,0.22,1720.0,0.8350054634431991,-0.05826665032625078,0.22,26.19,79.1,,,,,,
2026-07-30T23:16:20.908454+00:00,S053,mounted,true,rotor_drag,mild,900,rotor_drag-mild_horizontal_no_load_0900rpm,3023598,944,493,2069,3375,4,3,1659844,9,123,148,125,23,1766,1495,1235,242,872,1611,16383,1794,1742,1753722,800,1935,2245,560341,11956,8,382588,1496,115941,390,3023499852,3023598914,0,3023598924,3023599438,3844731430,17868244,-107,63,1037,0.2276,1720.0,0.35107938942790184,-0.1654654483104716,0.2276,26.19,79.1,,,,,,
2026-07-30T23:16:21.003129+00:00,S053,mounted,true,rotor_drag,mild,900,rotor_drag-mild_horizontal_no_load_0900rpm,3023698,963,609,2041,3622,3,3,1659883,9,123,154,153,38,1766,1494,1237,210,708,1611,16383,1794,1740,1750262,800,2061,2337,560330,11955,8,382587,1496,115942,390,3023599872,3023698949,0,3023699124,3023699639,3829629042,17865255,-75,82,1051,0.2276,1720.0,0.5047022953575908,0.04477229385194459,0.2276,26.19,79.1,,,,,,
2026-07-30T23:16:21.096208+00:00,S053,mounted,true,rotor_drag,mild,900,rotor_drag-mild_horizontal_no_load_0900rpm,3023798,982,514,1950,3258,5,3,1659921,9,123,154,162,29,1768,1494,1238,210,708,1610,16383,1801,1736,1758040,800,2117,2255,561154,11953,8,382582,1496,115943,390,3023700072,3023799146,0,3023799155,3023799670,3863780262,17859279,-88,72,1043,0.2352,1720.0,0.3686851815443819,0.1386817025851248,0.2352,26.22,79.2,,,,,,
2026-07-30T23:16:21.191828+00:00,S053,mounted,true,rotor_drag,mild,900,rotor_drag-mild_horizontal_no_load_0900rpm,3023899,875,702,2032,4037,4,3,1659958,9,123,204,214,20,1767,1495,1253,198,712,1616,16383,1801,1735,1766511,808,1981,2253,560759,11956,8,382582,1496,115944,390,3023800103,3023899762,0,3023899841,3023900356,3862569309,17868246,-118,94,1020,0.2314,1720.0,0.36440957878889213,-0.08881685948477802,0.2314,26.04,78.9,,,,,,
2026-07-30T23:16:21.284311+00:00,S053,mounted,true,rotor_drag,mild,900,rotor_drag-mild_horizontal_no_load_0900rpm,3023999,860,825,2028,4424,2,3,1659990,9,123,238,255,17,1770,1494,1240,202,731,1610,16383,1816,1736,1759260,800,2019,2270,561611,11953,8,382577,1496,115945,390,3023900790,3023999852,0,3023999926,3024000441,3869499642,17859279,-98,94,1033,0.2428,1720.0,0.3936855596921274,-0.024654101313478005,0.2428,26.22,79.2,,,,,,
2026-07-30T23:16:21.377832+00:00,S053,mounted,true,rotor_drag,mild,900,rotor_drag-mild_horizontal_no_load_0900rpm,3024099,836,864,2014,4596,2,3,1660026,9,123,247,255,13,1768,1495,1183,202,731,1604,16383,1813,1732,1748125,800,2113,2457,560972,11959,8,382583,1496,115946,390,3024000874,3024099933,0,3024100006,3024100522,3820664081,17877211,-53,45,1056,0.2352,1720.0,0.7033023899155442,0.1302480382138973,0.2352,26.4,79.5,,,,,,
2026-07-30T23:16:21.471230+00:00,S053,mounted,true,rotor_drag,mild,900,rotor_drag-mild_horizontal_no_load_0900rpm,3024200,880,866,1944,4401,6,3,1660061,9,123,222,235,3,1767,1495,1225,186,645,1605,16383,1809,1734,1769242,808,2065,2267,560881,11956,8,382583,1496,115947,390,3024100955,3024200794,0,3024200808,3024201323,3874625296,17868246,-79,25,1056,0.2314,1720.0,0.387737410170625,0.0511501288056202,0.2314,26.37,79.5,,,,,,
2026-07-30T23:16:21.611321+00:00,S053,mounted,true,rotor_drag,mild,900,rotor_drag-mild_horizontal_no_load_0900rpm,3024300,926,730,1921,3893,3,3,1660099,9,123,183,196,12,1765,1495,1257,230,950,1605,16383,1801,1730,1744362,800,2125,2389,560102,11956,8,382583,1496,115948,390,3024201755,3024300988,0,3024300998,3024301513,3804064420,17868244,20,-75,1068,0.2238,1720.0,0.5910227979257274,0.15112654901304756,0.2238,26.37,79.5,,,,,,
2026-07-30T23:16:21.705360+00:00,S053,mounted,true,rotor_drag,mild,900,rotor_drag-mild_horizontal_no_load_0900rpm,3024400,922,579,2018,3587,2,3,1660134,9,123,162,173,9,1762,1494,1245,230,950,1601,16383,1786,1729,1741253,800,2091,2285,559212,11953,8,382578,1496,115949,390,3024301946,3024401026,0,3024401035,3024401550,3790370601,17859283,30,-43,1050,0.2124,1720.0,0.4186859378398724,0.09534771379569973,0.2124,26.5,79.7,,,,,,
2026-07-30T23:16:21.797886+00:00,S053,mounted,true,rotor_drag,mild,900,rotor_drag-mild_horizontal_no_load_0900rpm,3024500,888,572,2133,3744,3,3,1660171,9,123,168,179,24,1758,1495,1217,216,827,1602,16383,1780,1728,1734582,800,2129,2235,557941,11957,8,382580,1496,115950,390,3024401982,3024501211,0,3024501220,3024501735,3761301740,17871235,-5,46,1013,0.1972,1720.0,0.33410519319227205,0.15749495584176598,0.1972,26.46,79.6,,,,,,
2026-07-30T23:16:21.890104+00:00,S053,mounted,true,rotor_drag,mild,900,rotor_drag-mild_horizontal_no_load_0900rpm,3024601,886,450,2146,3416,6,3,1660205,9,123,135,112,25,1760,1495,1225,216,827,1608,16383,1798,1734,1763501,808,2114,2257,558422,11956,8,382580,1496,115951,390,3024502167,3024601785,0,3024601859,3024602374,3849402201,17868244,6,41,1032,0.2048,1720.0,0.37107467346938705,0.13279753864168597,0.2048,26.28,79.3,,,,,,
2026-07-30T23:16:21.983354+00:00,S053,mounted,true,rotor_drag,mild,900,rotor_drag-mild_horizontal_no_load_0900rpm,3024701,869,548,2164,3740,4,3,1660240,9,123,153,180,27,1770,1495,1221,219,916,1602,16383,1848,1747,1774129,800,2141,2411,561724,11958,8,382584,1496,115952,390,3024602805,3024701870,0,3024701944,3024702459,3935585971,17874222,-59,44,1021,0.2428,1720.0,0.6270089026593073,0.17719025740090277,0.2428,26.46,79.6,,,,,,
2026-07-30T23:16:22.076161+00:00,S053,mounted,true,rotor_drag,mild,900,rotor_drag-mild_horizontal_no_load_0900rpm,3024801,968,531,1865,3235,3,3,1660279,9,123,116,64,21,1767,1495,1224,200,825,1604,16383,1783,1735,1745384,800,2117,2377,560677,11957,8,382586,1496,115953,390,3024702892,3024801976,0,3024802050,3024802565,3808217296,17871233,-82,93,1025,0.2314,1720.0,0.5706962658693646,0.1375013440662367,0.2314,26.4,79.5,,,,,,
2026-07-30T23:16:22.216484+00:00,S053,mounted,true,rotor_drag,mild,900,rotor_drag-mild_horizontal_no_load_0900rpm,3024901,936,505,2071,3421,1,3,1660316,9,123,101,76,49,1762,1495,1223,200,825,1604,16383,1771,1737,1737912,800,2099,2374,559178,11957,8,382588,1496,115954,390,3024802997,3024902057,0,3024902131,3024902646,3775637690,17871235,-77,54,1029,0.2124,1720.0,0.5656978629254827,0.10751092640294324,0.2124,26.4,79.5,,,,,,
2026-07-30T23:16:22.310522+00:00,S053,mounted,true,rotor_drag,mild,900,rotor_drag-mild_horizontal_no_load_0900rpm,3025001,896,509,2270,3690,3,3,1660351,9,123,127,125,36,1759,1495,1208,174,698,1603,16383,1777,1732,1738804,800,2063,2353,558287,11956,8,382588,1496,115955,390,3024903082,3025002151,0,3025002225,3025002740,3779593640,17868246,-79,23,1042,0.201,1720.0,0.5310369458012709,0.047817581465372516,0.201,26.43,79.6,,,,,,
2026-07-30T23:16:22.403536+00:00,S053,mounted,true,rotor_drag,mild,900,rotor_drag-mild_horizontal_no_load_0900rpm,3025102,885,516,2154,3612,1,3,1660388,9,123,132,115,66,1756,1494,1205,168,670,1604,16383,1776,1729,1750961,808,2110,2225,557172,11955,8,382587,1496,115956,390,3025003173,3025102788,0,3025102803,3025103318,3794580495,17865257,-93,20,1024,0.1896,1720.0,0.31806403387703863,0.1264265332496861,0.1896,26.4,79.5,,,,,,
2026-07-30T23:16:22.496821+00:00,S053,mounted,true,rotor_drag,mild,900,rotor_drag-mild_horizontal_no_load_0900rpm,3025202,867,611,2101,3862,3,3,1660423,9,123,133,125,61,1753,1495,1235,168,670,1602,16383,1769,1731,1731857,800,2115,2213,556241,11957,8,382589,1496,115957,390,3025103751,3025202855,0,3025202865,3025203380,3749340727,17871233,-106,22,1024,0.1782,1720.0,0.2974502382704687,0.13416907543698242,0.1782,26.46,79.6,,,,,,
2026-07-30T23:16:22.589511+00:00,S053,mounted,true,rotor_drag,mild,900,rotor_drag-mild_horizontal_no_load_0900rpm,3025302,888,510,2063,3499,6,3,1660457,9,123,122,117,27,1753,1494,1217,144,550,1601,16383,1776,1729,1737067,800,2037,2220,556253,11955,8,382588,1496,115958,390,3025203814,3025303053,0,3025303063,3025303578,3772004169,17865255,-94,20,1042,0.1782,1720.0,0.30973196863237096,0.00477838067754055,0.1782,26.5,79.7,,,,,,
2026-07-30T23:16:22.684383+00:00,S053,mounted,true,rotor_drag,mild,900,rotor_drag-mild_horizontal_no_load_0900rpm,3025403,905,433,2060,3256,3,3,1660495,9,123,114,117,29,1750,1495,1235,144,550,1604,16383,1770,1728,1746906,808,1973,2343,555399,11959,8,382594,1496,115959,390,3025304011,3025403870,0,3025403944,3025404459,3777094674,17877211,-131,43,1031,0.1669,1720.0,0.5133948431306963,-0.10297175608328457,0.1669,26.4,79.5,,,,,,
2026-07-30T23:16:22.778345+00:00,S053,mounted,true,rotor_drag,mild,900,rotor_drag-mild_horizontal_no_load_0900rpm,3025503,896,551,2034,3570,3,3,1660531,9,123,155,157,28,1750,1495,1202,128,448,1600,16383,1774,1729,1736003,800,2113,2231,555519,11956,8,382594,1496,115960,390,3025404893,3025504136,0,3025504210,3025504725,3767391805,17868248,-119,26,1038,0.1669,1720.0,0.3277515580461694,0.13113126497156236,0.1669,26.53,79.7,,,,,,
2026-07-30T23:16:22.923721+00:00,S053,mounted,true,rotor_drag,mild,900,rotor_drag-mild_horizontal_no_load_0900rpm,3025604,885,546,1991,3535,5,3,1660569,9,123,160,166,28,1750,1494,1241,123,402,1597,16383,1795,1725,1751662,808,2100,2246,555443,11955,8,382592,1496,115961,390,3025505159,3025604800,0,3025604814,3025605329,3797823348,17865261,-100,28,1039,0.1669,1720.0,0.35305870790464233,0.10976240276035121,0.1669,26.62,79.9,,,,,,
2026-07-30T23:16:23.013827+00:00,S053,mounted,true,rotor_drag,mild,900,rotor_drag-mild_horizontal_no_load_0900rpm,3025704,868,668,2306,4230,3,3,1660603,9,123,194,212,29,1749,1495,1220,123,402,1603,16383,1788,1720,1731186,800,2109,2411,554974,11958,8,382596,1496,115962,390,3025605763,3025705008,0,3025705018,3025705533,3746702704,17874222,-96,25,1048,0.1631,1720.0,0.6270089026593073,0.12387841796287002,0.1631,26.43,79.6,,,,,,
2026-07-30T23:16:23.108255+00:00,S053,mounted,true,rotor_drag,mild,900,rotor_drag-mild_horizontal_no_load_0900rpm,3025804,836,931,2155,4939,5,3,1660635,9,123,246,294,48,1752,1495,1229,117,353,1605,16383,1799,1728,1743049,800,1983,2247,555957,11958,8,382599,1496,115963,390,3025705966,3025805010,0,3025805019,3025805534,3798287527,17874222,-56,17,1059,0.1744,1720.0,0.3537857255393875,-0.08603694982438537,0.1744,26.37,79.5,,,,,,
2026-07-30T23:16:23.202542+00:00,S053,mounted,true,rotor_drag,mild,900,rotor_drag-mild_horizontal_no_load_0900rpm,3025904,891,944,2018,4667,5,3,1660671,9,123,227,268,12,1750,1495,1220,145,544,1608,16383,1779,1725,1731926,800,1903,2301,555487,11958,8,382602,1496,115964,390,3025805967,3025905109,0,3025905118,3025905633,3749914900,17874228,-38,-17,1055,0.1669,1720.0,0.4437494545910683,-0.21931654841946813,0.1669,26.28,79.3,,,,,,
2026-07-30T23:16:23.293986+00:00,S053,mounted,true,rotor_drag,mild,900,rotor_drag-mild_horizontal_no_load_0900rpm,3026005,886,606,2179,3888,1,3,1660706,9,123,195,208,44,1751,1495,1210,145,544,1605,16383,1779,1731,1754574,808,2009,2231,555615,11958,8,382605,1496,115965,390,3025906071,3026005783,0,3026005862,3026006377,3810442664,17874222,-34,-16,1055,0.1706,1720.0,0.3271298058203711,-0.042721080280983426,0.1706,26.37,79.5,,,,,,
2026-07-30T23:16:23.388087+00:00,S053,mounted,true,rotor_drag,mild,900,rotor_drag-mild_horizontal_no_load_0900rpm,3026105,879,630,2189,3982,1,3,1660742,9,123,179,184,46,1751,1495,1208,145,541,1602,16383,1789,1732,1737314,800,2132,2241,555823,11958,8,382608,1496,115966,390,3026006811,3026105881,0,3026105955,3026106470,3773219188,17874222,-31,10,1054,0.1706,1720.0,0.3437897556447562,0.16219630255895634,0.1706,26.46,79.6,,,,,,
2026-07-30T23:16:23.481706+00:00,S053,mounted,true,rotor_drag,mild,900,rotor_drag-mild_horizontal_no_load_0900rpm,3026205,853,784,2091,4387,3,3,1660777,9,123,185,165,27,1752,1495,1230,145,541,1601,16383,1783,1734,1738844,800,2131,2245,556002,11956,8,382607,1496,115967,390,3026106906,3026205987,0,3026206061,3026206576,3779795720,17868244,-39,12,1044,0.1744,1720.0,0.35107938942790184,0.1611241910337906,0.1744,26.5,79.7,,,,,,
2026-07-30T23:16:23.622793+00:00,S053,mounted,true,rotor_drag,mild,900,rotor_drag-mild_horizontal_no_load_0900rpm,3026305,841,884,2045,4671,4,3,1660810,9,123,214,184,38,1756,1495,1214,169,638,1609,16383,1806,1735,1749873,800,2141,2269,557395,11956,8,382607,1496,115968,390,3026207009,3026306053,0,3026306127,3026306642,3828178611,17868244,-39,46,1033,0.1896,1720.0,0.3910699575108727,0.17778692773502813,0.1896,26.25,79.2,,,,,,
2026-07-30T23:16:23.716967+00:00,S053,mounted,true,rotor_drag,mild,900,rotor_drag-mild_horizontal_no_load_0900rpm,3026405,854,966,2133,4959,1,3,1660844,9,123,219,126,51,1759,1495,1233,158,559,1605,16383,1817,1738,1748296,800,2057,2383,558135,11959,8,382612,1496,115969,390,3026307079,3026406152,0,3026406226,3026406741,3821192716,17877211,-65,55,1037,0.201,1720.0,0.5800290700727486,0.036960120495024285,0.201,26.37,79.5,,,,,,
2026-07-30T23:16:23.809078+00:00,S053,mounted,true,rotor_drag,mild,900,rotor_drag-mild_horizontal_no_load_0900rpm,3026506,911,785,1928,4082,4,3,1660882,9,123,180,83,37,1761,1495,1228,158,559,1603,16383,1800,1742,1767837,808,1945,2295,558868,11957,8,382612,1496,115970,390,3026407174,3026506804,0,3026506819,3026507334,3868362491,17871233,-59,99,1017,0.2086,1720.0,0.4340732520699171,-0.14907375804967815,0.2086,26.43,79.6,,,,,,
2026-07-30T23:16:23.903193+00:00,S053,mounted,true,rotor_drag,mild,900,rotor_drag-mild_horizontal_no_load_0900rpm,3026606,920,623,1874,3566,4,3,1660918,9,123,156,75,40,1761,1495,1225,234,996,1602,16383,1787,1739,1746359,800,2001,2331,558984,11956,8,382611,1496,115971,390,3026507766,3026606818,0,3026606827,3026607342,3812577491,17868246,-53,37,1027,0.2086,1720.0,0.49437892505854775,-0.055491386082302085,0.2086,26.46,79.6,,,,,,
2026-07-30T23:16:23.997141+00:00,S053,mounted,true,rotor_drag,mild,900,rotor_drag-mild_horizontal_no_load_0900rpm,3026706,916,596,1923,3548,6,3,1660955,9,123,149,37,43,1762,1494,1251,229,948,1604,16383,1783,1735,1747141,800,1945,2359,559071,11955,8,382608,1496,115972,390,3026607778,3026706882,0,3026706891,3026707406,3816022817,17865257,-34,20,1056,0.2124,1720.0,0.541363382434128,-0.14853161982434182,0.2124,26.4,79.5,,,,,,
2026-07-30T23:16:24.089731+00:00,S053,mounted,true,rotor_drag,mild,900,rotor_drag-mild_horizontal_no_load_0900rpm,3026806,937,613,1848,3485,2,3,1660992,9,123,151,24,32,1762,1495,1245,229,948,1607,16383,1796,1735,1748775,800,1971,2393,559325,11956,8,382607,1496,115973,390,3026707842,3026806916,0,3026806926,3026807440,3823232755,17868248,-35,89,1046,0.2124,1720.0,0.5976878926062223,-0.10547959618601599,0.2124,26.31,79.4,,,,,,
2026-07-30T23:16:24.199399+00:00,S053,mounted,true,rotor_drag,mild,900,rotor_drag-mild_horizontal_no_load_0900rpm,3026906,911,592,1899,3522,3,3,1661029,9,123,153,56,40,1762,1494,1245,226,836,1605,16383,1797,1734,1745540,800,2049,2257,559148,11955,8,382605,1496,115974,390,3026807872,3026906951,0,3026906960,3026907475,3808933212,17865257,-6,68,1049,0.2124,1720.0,0.3713892514429107,0.02477533726474279,0.2124,26.37,79.5,,,,,,
2026-07-30T23:16:24.293196+00:00,S053,mounted,true,rotor_drag,mild,900,rotor_drag-mild_horizontal_no_load_0900rpm,3027006,940,520,1969,3352,5,3,1661067,9,123,134,52,54,1762,1495,1245,226,836,1608,16383,1788,1740,1746649,800,1935,2251,559103,11957,8,382606,1496,115975,390,3026907910,3027007004,0,3027007013,3027007528,3813824783,17871233,2,19,1044,0.2124,1720.0,0.3607633422263108,-0.1657351011959527,0.2124,26.28,79.3,,,,,,
2026-07-30T23:16:24.419030+00:00,S053,mounted,true,rotor_drag,mild,900,rotor_drag-mild_horizontal_no_load_0900rpm,3027106,951,477,2001,3255,6,3,1661105,9,123,128,61,55,1761,1494,1229,257,957,1606,16383,1788,1738,1745066,800,2128,2233,558859,11955,8,382604,1496,115976,390,3027007958,3027107044,0,3027107054,3027107569,3806798268,17865261,-85,-96,1019,0.2086,1720.0,0.33139533826850665,0.15642196813048947,0.2086,26.34,79.4,,,,,,
2026-07-30T23:16:24.511334+00:00,S053,mounted,true,rotor_drag,mild,900,rotor_drag-mild_horizontal_no_load_0900rpm,3027206,964,488,1948,3213,1,3,1661144,9,123,124,82,47,1761,1495,1225,348,1517,1604,16383,1789,1742,1746993,800,1997,2248,558977,11956,8,382604,1496,115977,390,3027108005,3027207084,0,3027207099,3027207614,3815366291,17868246,114,45,1077,0.2086,1720.0,0.35607821043827315,-0.06215648076279745,0.2086,26.4,79.5,,,,,,
2026-07-30T23:16:24.620472+00:00,S053,mounted,true,rotor_drag,mild,900,rotor_drag-mild_horizontal_no_load_0900rpm,3027307,883,620,1982,3738,3,3,1661179,9,123,156,139,25,1760,1495,1234,348,1517,1599,16383,1785,1734,1759528,808,2103,2401,558517,11957,8,382605,1496,115978,390,3027208047,3027307714,0,3027307788,3027308303,3831920402,17871235,36,17,1060,0.2048,1720.0,0.6106834894204223,0.11417546366145315,0.2048,26.56,79.8,,,,,,
2026-07-30T23:16:24.701167+00:00,S053,mounted,true,rotor_drag,mild,900,rotor_drag-mild_horizontal_no_load_0900rpm,3027407,896,578,1929,3542,3,3,1661215,9,123,158,164,9,1760,1495,1235,523,2371,1602,16375,1783,1736,1743700,800,1947,2317,558460,11958,8,382608,1496,115979,390,3027308741,3027407808,0,3027407881,3027408396,3801006428,17874222,4,6,1038,0.2048,1720.0,0.4704053743100851,-0.14601276919217288,0.2048,26.46,79.6,,,,,,
2026-07-30T23:16:24.806842+00:00,S053,mounted,true,rotor_drag,mild,900,rotor_drag-mild_horizontal_no_load_0900rpm,3027507,911,508,2158,3552,3,3,1661251,9,123,153,161,11,1757,1494,1240,487,2126,1603,16383,1781,1728,1736289,800,2125,2235,557620,11955,8,382605,1496,115980,390,3027408827,3027507876,0,3027507950,3027508465,3768642859,17865255,-143,-11,1004,0.1934,1720.0,0.334728164366374,0.1514227289836887,0.1934,26.43,79.6,,,,,,
2026-07-30T23:16:24.899662+00:00,S053,mounted,true,rotor_drag,mild,900,rotor_drag-mild_horizontal_no_load_0900rpm,3027607,938,514,2106,3477,5,3,1661289,9,123,154,155,25,1757,1495,1225,487,2126,1605,16383,1778,1730,1740871,800,2129,2239,557486,11958,8,382608,1496,115981,390,3027508901,3027607972,0,3027608046,3027608561,3788553559,17874222,-142,-60,1022,0.1934,1720.0,0.34045776567987973,0.15719831761164027,0.1934,26.37,79.5,,,,,,
2026-07-30T23:16:24.993005+00:00,S053,mounted,true,rotor_drag,mild,900,rotor_drag-mild_horizontal_no_load_0900rpm,3027707,920,544,2116,3596,4,3,1661326,9,123,143,136,32,1753,1495,1232,415,1792,1615,16383,1773,1716,1729474,800,1931,2323,556261,11958,8,382611,1496,115982,390,3027608997,3027708087,0,3027708161,3027708676,3739297538,17874222,-143,0,1009,0.1782,1720.0,0.48040134420471636,-0.1726686889111897,0.1782,26.07,78.9,,,,,,
2026-07-30T23:16:25.087429+00:00,S053,mounted,true,rotor_drag,mild,900,rotor_drag-mild_horizontal_no_load_0900rpm,3027808,933,470,2100,3359,2,3,1661364,9,123,140,130,42,1751,1495,1249,415,1792,1611,16383,1777,1725,1751503,808,2023,2221,555832,11958,8,382613,1496,115983,390,3027709109,3027808788,0,3027808798,3027809313,3797018835,17874222,-187,-47,1003,0.1706,1720.0,0.31046985599598553,-0.01939715052684443,0.1706,26.19,79.1,,,,,,
2026-07-30T23:16:25.227990+00:00,S053,mounted,true,rotor_drag,mild,900,rotor_drag-mild_horizontal_no_load_0900rpm,3027908,931,587,2104,3681,3,3,1661401,9,123,159,165,50,1750,1494,1258,355,1479,1607,16383,1774,1724,1732869,800,2118,2217,555452,11955,8,382610,1496,115984,390,3027809749,3027908790,0,3027908805,3027909320,3753831337,17865257,-147,-9,1025,0.1669,1720.0,0.3047327294855706,0.13975783764115368,0.1669,26.31,79.4,,,,,,
2026-07-30T23:16:25.320678+00:00,S053,mounted,true,rotor_drag,mild,900,rotor_drag-mild_horizontal_no_load_0900rpm,3028008,937,730,2065,4011,1,3,1661438,9,123,180,183,53,1749,1494,1237,298,1187,1606,16383,1779,1721,1732216,800,1951,2227,555130,11953,8,382603,1496,115985,390,3027909755,3028008847,0,3028008857,3028009372,3751100448,17859283,-98,-96,1033,0.1631,1720.0,0.32201780900192434,-0.1379891489165903,0.1631,26.34,79.4,,,,,,
2026-07-30T23:16:25.414805+00:00,S053,mounted,true,rotor_drag,mild,900,rotor_drag-mild_horizontal_no_load_0900rpm,3028108,844,703,2265,4348,2,3,1661472,9,123,176,162,51,1746,1495,1235,298,1187,1616,16383,1778,1719,1725424,800,2111,2379,554207,11957,8,382604,1496,115986,390,3028009807,3028108876,0,3028108890,3028109406,3721672444,17871233,-36,-88,1053,0.1517,1720.0,0.5740285344986198,0.12750453817847252,0.1517,26.04,78.9,,,,,,
2026-07-30T23:16:25.508264+00:00,S053,mounted,true,rotor_drag,mild,900,rotor_drag-mild_horizontal_no_load_0900rpm,3028208,849,629,2242,4095,5,3,1661505,9,123,172,171,42,1746,1495,1235,299,1157,1615,16383,1774,1721,1730826,800,2119,2289,554189,11957,8,382605,1496,115987,390,3028109840,3028208942,0,3028208951,3028209466,3745014230,17871235,12,-33,1080,0.1517,1720.0,0.42407644618215246,0.14083361269549188,0.1517,26.07,78.9,,,,,,
2026-07-30T23:16:25.603646+00:00,S053,mounted,true,rotor_drag,mild,900,rotor_drag-mild_horizontal_no_load_0900rpm,3028308,854,795,2147,4472,1,3,1661540,9,123,229,239,62,1744,1494,1240,337,1288,1603,16383,1771,1721,1725968,800,2113,2219,553613,11954,8,382601,1496,115988,390,3028209904,3028308960,0,3028308970,3028309485,3724029150,17862268,-11,-142,1092,0.1441,1720.0,0.30837488890747844,0.13172032909486298,0.1441,26.43,79.6,,,,,,
2026-07-30T23:16:25.697330+00:00,S053,mounted,true,rotor_drag,mild,900,rotor_drag-mild_horizontal_no_load_0900rpm,3028408,859,837,2056,4492,6,3,1661573,9,123,240,261,54,1746,1494,1230,337,1288,1599,16383,1783,1720,1735364,800,2117,2267,554163,11955,8,382599,1496,115989,390,3028309921,3028409012,0,3028409021,3028409537,3764730702,17865255,-125,-99,1066,0.1517,1720.0,0.3880533819322456,0.13809142459222068,0.1517,26.56,79.8,,,,,,
2026-07-30T23:16:25.789855+00:00,S053,mounted,true,rotor_drag,mild,900,rotor_drag-mild_horizontal_no_load_0900rpm,3028508,885,704,2043,4031,3,3,1661611,9,123,212,232,37,1745,1495,1227,341,1223,1602,16383,1773,1717,1726866,800,2103,2225,553698,11958,8,382602,1496,115990,390,3028409972,3028509219,0,3028509229,3028509744,3727942810,17874222,-43,-152,1081,0.1479,1720.0,0.31713383592573985,0.11388244806823877,0.1479,26.46,79.6,,,,,,
2026-07-30T23:16:25.929694+00:00,S053,mounted,true,rotor_drag,mild,900,rotor_drag-mild_horizontal_no_load_0900rpm,3028609,876,703,2058,4063,6,3,1661645,9,123,207,225,25,1744,1495,1229,341,1223,1602,16383,1770,1717,1745523,808,2099,2221,553455,11956,8,382602,1496,115991,390,3028510180,3028609788,0,3028609862,3028610377,3771140139,17868244,-66,-64,1103,0.1441,1720.0,0.31108882134493143,0.10780343358982902,0.1441,26.46,79.6,,,,,,
2026-07-30T23:16:26.021141+00:00,S053,mounted,true,rotor_drag,mild,900,rotor_drag-mild_horizontal_no_load_0900rpm,3028709,871,743,2048,4181,6,3,1661681,9,123,207,218,30,1743,1494,1224,332,1196,1600,16383,1772,1713,1725004,800,2095,2276,553058,11954,8,382598,1496,115992,390,3028610811,3028709872,0,3028709954,3028710469,3719931924,17862270,-46,-91,1086,0.1403,1720.0,0.40336837861803554,0.10172238497574027,0.1403,26.53,79.7,,,,,,
2026-07-30T23:16:26.114397+00:00,S053,mounted,true,rotor_drag,mild,900,rotor_drag-mild_horizontal_no_load_0900rpm,3028809,850,694,2053,4093,1,3,1661714,9,123,212,228,47,1741,1495,1222,381,1485,1591,16383,1761,1712,1721303,800,1951,2209,552386,11956,8,382598,1496,115993,390,3028710904,3028809957,0,3028810031,3028810546,3703978673,17868244,-82,0,1062,0.1327,1720.0,0.2910935373034458,-0.13880506958849148,0.1327,26.8,80.2,,,,,,
2026-07-30T23:16:26.207730+00:00,S053,mounted,true,rotor_drag,mild,900,rotor_drag-mild_horizontal_no_load_0900rpm,3028909,846,720,2033,4162,2,3,1661748,9,123,217,216,60,1741,1495,1220,381,1485,1594,16383,1769,1717,1727392,800,2103,2215,552608,11959,8,382603,1496,115994,390,3028810977,3028910027,0,3028910100,3028910616,3730166206,17877211,-34,21,1039,0.1327,1720.0,0.30016531691613,0.11358948147838399,0.1327,26.71,80.1,,,,,,
2026-07-30T23:16:26.301222+00:00,S053,mounted,true,rotor_drag,mild,900,rotor_drag-mild_horizontal_no_load_0900rpm,3029009,859,753,2007,4199,6,3,1661783,9,123,225,219,60,1739,1495,1215,343,1334,1588,16383,1763,1714,1720318,800,1941,2201,551959,11957,8,382604,1496,115995,390,3028911053,3029010128,0,3029010202,3029010721,3699689168,17871233,-33,-30,1055,0.1251,1720.0,0.27745662649493985,-0.15573829530818806,0.1251,26.89,80.4,,,,,,
2026-07-30T23:16:26.394809+00:00,S053,mounted,true,rotor_drag,mild,900,rotor_drag-mild_horizontal_no_load_0900rpm,3029110,832,825,2069,4547,3,3,1661815,9,123,243,231,66,1742,1494,1209,615,2935,1595,16375,1779,1713,1748926,808,2113,2223,552693,11952,8,382596,1496,115996,390,3029011155,3029110824,0,3029110834,3029111349,3785966176,17856292,-150,131,1014,0.1365,1720.0,0.3156610361445784,0.13230959036144574,0.1365,26.68,80.0,,,,,,
2026-07-30T23:16:26.533609+00:00,S053,mounted,true,rotor_drag,mild,900,rotor_drag-mild_horizontal_no_load_0900rpm,3029210,783,1088,2184,5656,3,3,1661845,9,123,291,283,88,1748,1494,1214,615,2935,1598,16375,1797,1717,1744076,800,2113,2251,554583,11954,8,382592,1496,115997,390,3029111785,3029210895,0,3029210904,3029211419,3802864178,17862266,-139,41,1012,0.1593,1720.0,0.36170456734147516,0.13172032909486298,0.1593,26.59,79.9,,,,,,
2026-07-30T23:16:26.628666+00:00,S053,mounted,true,rotor_drag,mild,900,rotor_drag-mild_horizontal_no_load_0900rpm,3029310,759,1261,2008,6163,4,3,1661878,9,123,314,305,68,1753,1494,1212,636,3123,1601,16383,1810,1725,1747960,800,2111,2339,556355,11954,8,382588,1496,115998,390,3029211856,3029310934,0,3029310943,3029311458,3820092822,17862268,-125,-30,1046,0.1782,1720.0,0.5083611830349675,0.12838722419273818,0.1782,26.5,79.7,,,,,,
2026-07-30T23:16:26.721299+00:00,S053,mounted,true,rotor_drag,mild,900,rotor_drag-mild_horizontal_no_load_0900rpm,3029410,575,1299,1861,7500,1,3,1661900,9,123,356,373,18,1778,1495,1214,636,3123,1597,16383,1866,1732,1810442,800,2145,2365,564207,11956,8,382588,1496,115999,390,3029311895,3029410987,0,3029410996,3029411511,4098474300,17868246,-109,-25,1036,0.2731,1720.0,0.5510322298427566,0.1844520224155235,0.2731,26.62,79.9,,,,,,
2026-07-30T23:16:26.815320+00:00,S053,mounted,true,rotor_drag,mild,900,rotor_drag-mild_horizontal_no_load_0900rpm,3029510,695,1419,1986,7086,1,3,1661930,9,123,403,484,100,1813,1495,1232,524,2569,1600,16383,1965,1791,1866472,800,2176,2467,575286,11957,8,382590,1496,116000,390,3029411948,3029511027,0,3029511041,3029511556,4358087690,17871233,-66,68,1007,0.4059,1720.0,0.7206483541858324,0.2358032686292546,0.4059,26.53,79.7,,,,,,
2026-07-30T23:16:26.908637+00:00,S053,mounted,true,rotor_drag,mild,900,rotor_drag-mild_horizontal_no_load_0900rpm,3029610,995,724,1927,3745,3,3,1661971,9,123,184,133,44,1805,1495,1242,444,2137,1601,16383,1879,1754,1776574,800,2011,2367,572918,11958,8,382594,1496,116001,390,3029511993,3029611085,0,3029611262,3029611777,3946491722,17874224,-129,12,1010,0.3756,1720.0,0.5537051234320121,-0.039389090316106934,0.3756,26.5,79.7,,,,,,
2026-07-30T23:16:27.002540+00:00,S053,mounted,true,rotor_drag,mild,900,rotor_drag-mild_horizontal_no_load_0900rpm,3029711,808,975,2163,5179,6,3,1662005,9,123,270,267,62,1793,1495,1225,444,2137,1605,16383,1813,1738,1769521,808,2127,2283,568991,11956,8,382594,1496,116002,390,3029612212,3029711917,0,3029711991,3029712506,3875765061,17868244,-67,35,1040,0.33,1720.0,0.4143977888926056,0.15445909635329524,0.33,26.37,79.5,,,,,,
2026-07-30T23:16:27.095765+00:00,S053,mounted,true,rotor_drag,mild,900,rotor_drag-mild_horizontal_no_load_0900rpm,3029811,789,991,2108,5247,3,3,1662037,9,123,281,307,58,1789,1495,1200,370,1697,1601,16383,1816,1746,1766906,800,2125,2441,567890,11957,8,382595,1496,116003,390,3029712940,3029812027,0,3029812106,3029812621,3903050136,17871233,-67,39,1048,0.3149,1720.0,0.6773288620055196,0.15083041858325652,0.3149,26.5,79.7,,,,,,
2026-07-30T23:16:27.236027+00:00,S053,mounted,true,rotor_drag,mild,900,rotor_drag-mild_horizontal_no_load_0900rpm,3029911,935,624,2012,3679,5,3,1662075,9,123,166,153,37,1781,1494,1205,299,1324,1606,16383,1794,1739,1749977,800,2033,2243,565354,11955,8,382593,1496,116004,390,3029813055,3029912110,0,3029912184,3029912699,3828353075,17865257,-81,30,1033,0.2845,1720.0,0.34805946875784155,-0.0018872715181936783,0.2845,26.34,79.4,,,,,,
2026-07-30T23:16:27.329585+00:00,S053,mounted,true,rotor_drag,mild,900,rotor_drag-mild_horizontal_no_load_0900rpm,3030012,884,682,2162,4092,3,3,1662109,9,123,195,188,38,1777,1494,1237,299,1324,1608,16383,1811,1739,1769352,808,2087,2262,563905,11955,8,382591,1496,116005,390,3029913133,3030012789,0,3030012803,3030013318,3874930950,17865259,-109,27,1042,0.2693,1720.0,0.3797213166875779,0.08809903312421552,0.2693,26.28,79.3,,,,,,
2026-07-30T23:16:27.423012+00:00,S053,mounted,true,rotor_drag,mild,900,rotor_drag-mild_horizontal_no_load_0900rpm,3030112,847,836,2185,4654,2,3,1662144,9,123,226,236,34,1774,1495,1240,260,1125,1612,16383,1818,1750,1752824,800,2147,2271,563035,11957,8,382593,1496,116006,390,3030013754,3030112837,0,3030112846,3030113361,3840946812,17871241,-68,37,1047,0.2579,1720.0,0.394086028518859,0.18748537350505945,0.2579,26.16,79.1,,,,,,
2026-07-30T23:16:27.516710+00:00,S053,mounted,true,rotor_drag,mild,900,rotor_drag-mild_horizontal_no_load_0900rpm,3030212,757,1123,2225,5934,3,3,1662175,9,123,322,366,38,1774,1495,1221,260,1125,1608,16383,1830,1742,1759458,800,2145,2293,563080,11957,8,382594,1496,116007,390,3030113796,3030212859,0,3030212868,3030213383,3870449888,17871233,-59,32,1037,0.2579,1720.0,0.43074098344066236,0.18415310487580472,0.2579,26.28,79.3,,,,,,
2026-07-30T23:16:27.610310+00:00,S053,mounted,true,rotor_drag,mild,900,rotor_drag-mild_horizontal_no_load_0900rpm,3030312,763,1260,2142,6270,2,3,1662204,9,123,313,363,57,1779,1495,1251,232,992,1611,16383,1839,1743,1774168,800,2135,2319,564628,11956,8,382594,1496,116008,390,3030213818,3030312922,0,3030312932,3030313447,3935596718,17868244,-149,10,1027,0.2769,1720.0,0.4743836410170621,0.16778928571428553,0.2769,26.19,79.1,,,,,,
2026-07-30T23:16:27.703243+00:00,S053,mounted,true,rotor_drag,mild,900,rotor_drag-mild_horizontal_no_load_0900rpm,3030412,820,1103,1940,5303,5,3,1662237,9,123,278,327,52,1782,1495,1232,242,1102,1611,16383,1828,1746,1772186,800,2157,2403,565547,11958,8,382597,1496,116009,390,3030313882,3030412975,0,3030412985,3030413500,3926464464,17874222,-116,-1,1034,0.2883,1720.0,0.6136809427997987,0.2038461771199196,0.2883,26.19,79.1,,,,,,
2026-07-30T23:16:27.844523+00:00,S053,mounted,true,rotor_drag,mild,900,rotor_drag-mild_horizontal_no_load_0900rpm,3030512,855,1056,2016,5102,5,3,1662273,9,123,240,260,49,1780,1494,1243,242,1102,1612,16383,1831,1746,1760569,800,2115,2298,564911,11953,8,382591,1496,116010,390,3030413936,3030513003,0,3030513012,3030513527,3875064355,17859281,-91,20,1030,0.2807,1720.0,0.44035293223458494,0.13534831883209186,0.2807,26.16,79.1,,,,,,
2026-07-30T23:16:27.938797+00:00,S053,mounted,true,rotor_drag,mild,900,rotor_drag-mild_horizontal_no_load_0900rpm,3030612,914,635,2201,3936,5,3,1662309,9,123,154,129,24,1774,1495,1233,212,917,1621,16383,1805,1742,1746672,800,2147,2267,562951,11956,8,382591,1496,116011,390,3030513962,3030613036,0,3030613050,3030613566,3813962750,17868246,-99,17,1021,0.2579,1720.0,0.387737410170625,0.18778456975577118,0.2579,25.88,78.6,,,,,,
2026-07-30T23:16:28.031679+00:00,S053,mounted,true,rotor_drag,mild,900,rotor_drag-mild_horizontal_no_load_0900rpm,3030712,924,482,2021,3325,6,3,1662347,9,123,127,108,14,1762,1494,1241,210,919,1621,16383,1758,1721,1721719,800,2098,2187,559048,11955,8,382590,1496,116012,390,3030613999,3030713079,0,3030713089,3030713604,3705546071,17865257,-119,31,1028,0.2124,1720.0,0.25474033801756546,0.10642957666248387,0.2124,25.88,78.6,,,,,,
2026-07-30T23:16:28.126944+00:00,S053,mounted,true,rotor_drag,mild,900,rotor_drag-mild_horizontal_no_load_0900rpm,3030812,872,313,2475,3374,4,3,1662382,9,123,86,45,12,1751,1495,1217,210,919,1623,16383,1733,1725,1713634,800,2113,2229,555632,11958,8,382594,1496,116013,390,3030714038,3030813123,0,3030813138,3030813653,3670724140,17874222,-104,17,1026,0.1706,1720.0,0.3237978158554937,0.1305423978926239,0.1706,25.82,78.5,,,,,,
2026-07-30T23:16:28.219806+00:00,S053,mounted,true,rotor_drag,mild,900,rotor_drag-mild_horizontal_no_load_0900rpm,3030913,887,277,2401,3182,4,3,1662418,9,123,75,13,5,1744,1495,1237,173,724,1629,16383,1732,1724,1731489,808,2083,2299,553379,11957,8,382595,1496,116014,390,3030814085,3030913761,0,3030913834,3030914350,3710519867,17871233,-92,28,1029,0.1441,1720.0,0.440737789328427,0.08085277736890495,0.1441,25.64,78.1,,,,,,
2026-07-30T23:16:28.312543+00:00,S053,mounted,true,rotor_drag,mild,900,rotor_drag-mild_horizontal_no_load_0900rpm,3031013,908,257,2363,3071,4,3,1662454,9,123,73,15,2,1739,1494,1249,173,724,1624,16383,1733,1725,1715184,800,2110,2305,551938,11954,8,382591,1496,116015,390,3030914779,3031013819,0,3031013893,3031014408,3677382778,17862266,-79,54,1022,0.1251,1720.0,0.45169839969884507,0.12672067174167623,0.1251,25.79,78.4,,,,,,
2026-07-30T23:16:28.405814+00:00,S053,mounted,true,rotor_drag,mild,900,rotor_drag-mild_horizontal_no_load_0900rpm,3031113,892,511,2374,3807,6,3,1662485,9,123,118,113,30,1742,1495,1225,146,569,1625,16383,1787,1730,1731645,800,2131,2225,552781,11957,8,382593,1496,116016,390,3031014838,3031113910,0,3031113984,3031114499,3748568737,17871233,-105,38,1027,0.1365,1720.0,0.31744385004599796,0.16082722447102116,0.1365,25.76,78.4,,,,,,
2026-07-30T23:16:28.547202+00:00,S053,mounted,true,rotor_drag,mild,900,rotor_drag-mild_horizontal_no_load_0900rpm,3031213,751,929,2072,5163,5,3,1662519,9,123,256,336,29,1752,1494,1241,187,844,1623,16383,1807,1741,1757486,800,2147,2435,556075,11955,8,382591,1496,116017,390,3031114937,3031213996,0,3031214075,3031214590,3861410120,17865257,-89,34,1024,0.1744,1720.0,0.6680107741530739,0.18808381606022584,0.1744,25.82,78.5,,,,,,
2026-07-30T23:16:28.639911+00:00,S053,mounted,true,rotor_drag,mild,900,rotor_drag-mild_horizontal_no_load_0900rpm,3031313,1197,262,1779,2327,6,3,1662563,9,123,80,48,4,1746,1495,1232,187,844,1623,16383,1767,1724,1718354,800,2113,2200,554077,11956,8,382591,1496,116018,390,3031215023,3031314104,0,3031314178,3031314693,3691066532,17868246,-77,65,1028,0.1517,1720.0,0.2760970742723319,0.13113126497156236,0.1517,25.82,78.5,,,,,,
2026-07-30T23:16:28.732521+00:00,S053,mounted,true,rotor_drag,mild,900,rotor_drag-mild_horizontal_no_load_0900rpm,3031414,819,393,2568,3767,1,3,1662596,9,123,115,119,1,1743,1495,1248,220,992,1624,16383,1760,1725,1738112,808,2065,2357,553087,11958,8,382595,1496,116019,390,3031315124,3031414883,0,3031414897,3031415412,3739092530,17874222,-83,39,1023,0.1403,1720.0,0.537045173607626,0.05057463873557433,0.1403,25.79,78.4,,,,,,
2026-07-30T23:16:28.828541+00:00,S053,mounted,true,rotor_drag,mild,900,rotor_drag-mild_horizontal_no_load_0900rpm,3031514,950,610,2016,3622,3,3,1662631,9,123,164,157,43,1743,1495,1256,192,812,1625,16383,1760,1726,1728194,800,2123,2207,553035,11957,8,382596,1496,116020,390,3031415844,3031514911,0,3031514921,3031515435,3733505286,17871235,-69,46,1041,0.1403,1720.0,0.2874534323827045,0.14749814995400135,0.1403,25.76,78.4,,,,,,
2026-07-30T23:16:28.920237+00:00,S053,mounted,true,rotor_drag,mild,900,rotor_drag-mild_horizontal_no_load_0900rpm,3031614,870,750,2128,4282,3,3,1662667,9,123,180,210,23,1741,1495,1245,192,812,1627,16383,1751,1729,1723930,800,2046,2187,552657,11959,8,382601,1496,116021,390,3031515868,3031615124,0,3031615134,3031615649,3715011984,17877211,-72,38,1038,0.1327,1720.0,0.2535213580566933,0.018635708085960268,0.1327,25.7,78.3,,,,,,
2026-07-30T23:16:29.013955+00:00,S053,mounted,true,rotor_drag,mild,900,rotor_drag-mild_horizontal_no_load_0900rpm,3031714,870,769,1958,4170,2,3,1662702,9,123,185,233,8,1742,1495,1246,172,733,1629,16383,1757,1729,1727218,800,2114,2195,552725,11958,8,382604,1496,116022,390,3031616082,3031715135,0,3031715145,3031715660,3729226188,17874224,-60,33,1055,0.1365,1720.0,0.26715398645258404,0.13220839287506259,0.1365,25.64,78.1,,,,,,
2026-07-30T23:16:29.109257+00:00,S053,mounted,true,rotor_drag,mild,900,rotor_drag-mild_horizontal_no_load_0900rpm,3031815,960,578,1855,3360,5,3,1662741,9,123,146,174,9,1742,1495,1220,172,733,1637,16383,1760,1727,1746626,808,2003,2241,552968,11956,8,382604,1496,116023,390,3031716095,3031815783,0,3031815862,3031816377,3775777408,17868246,-57,78,1038,0.1365,1720.0,0.34441429474740737,-0.0521588387420544,0.1365,25.4,77.7,,,,,,
2026-07-30T23:16:29.247910+00:00,S053,mounted,true,rotor_drag,mild,900,rotor_drag-mild_horizontal_no_load_0900rpm,3031915,887,684,1942,3868,1,3,1662776,9,123,193,246,26,1743,1494,1212,151,612,1630,16383,1769,1729,1730044,800,2123,2207,553189,11955,8,382602,1496,116024,390,3031816809,3031915873,0,3031915952,3031916467,3741498476,17865255,-59,55,1030,0.1403,1720.0,0.28806859899623527,0.1480899028858218,0.1403,25.61,78.1,,,,,,
2026-07-30T23:16:29.341630+00:00,S053,mounted,true,rotor_drag,mild,900,rotor_drag-mild_horizontal_no_load_0900rpm,3032015,886,636,1926,3720,1,3,1662812,9,123,180,234,19,1745,1494,1212,140,530,1628,16383,1767,1729,1734366,800,2129,2347,553820,11954,8,382598,1496,116025,390,3031916900,3032015953,0,3032016027,3032016542,3760244156,17862270,-73,68,1024,0.1479,1720.0,0.5216936026434666,0.15838516831186178,0.1479,25.67,78.2,,,,,,
2026-07-30T23:16:29.435719+00:00,S053,mounted,true,rotor_drag,mild,900,rotor_drag-mild_horizontal_no_load_0900rpm,3032115,920,598,1853,3477,5,3,1662849,9,123,175,225,15,1746,1494,1253,140,530,1629,16383,1770,1733,1733789,800,2086,2347,554146,11954,8,382594,1496,116026,390,3032016975,3032116056,0,3032116135,3032116650,3757739297,17862270,-77,65,1031,0.1517,1720.0,0.5216936026434666,0.08672341291617824,0.1517,25.64,78.1,,,,,,
2026-07-30T23:16:29.529482+00:00,S053,mounted,true,rotor_drag,mild,900,rotor_drag-mild_horizontal_no_load_0900rpm,3032215,897,608,1858,3552,5,3,1662885,9,123,171,220,6,1750,1494,1219,150,516,1626,16383,1775,1732,1741231,800,1981,2299,555242,11954,8,382590,1496,116027,390,3032117083,3032216151,0,3032216225,3032216740,3790135365,17862268,-59,3,1040,0.1669,1720.0,0.4416990849924707,-0.08826459444537393,0.1669,25.73,78.3,,,,,,
2026-07-30T23:16:29.621533+00:00,S053,mounted,true,rotor_drag,mild,900,rotor_drag-mild_horizontal_no_load_0900rpm,3032316,902,606,1872,3552,5,3,1662921,9,123,162,205,4,1751,1495,1232,171,614,1627,16383,1775,1736,1755419,808,2013,2397,555596,11958,8,382594,1496,116028,390,3032217174,3032316791,0,3032316800,3032317319,3814047557,17874222,-65,20,1032,0.1706,1720.0,0.6036849729051679,-0.036057100351229554,0.1706,25.7,78.3,,,,,,
2026-07-30T23:16:29.714266+00:00,S053,mounted,true,rotor_drag,mild,900,rotor_drag-mild_horizontal_no_load_0900rpm,3032416,914,586,1912,3516,4,3,1662958,9,123,163,201,12,1753,1495,1221,171,614,1629,16383,1779,1738,1743471,800,2127,2380,556386,11959,8,382599,1496,116029,390,3032317751,3032416829,0,3032416838,3032417353,3799876957,17877211,-84,44,1026,0.1782,1720.0,0.5750315030520943,0.15357001764361566,0.1782,25.64,78.1,,,,,,
2026-07-30T23:16:29.807739+00:00,S053,mounted,true,rotor_drag,mild,900,rotor_drag-mild_horizontal_no_load_0900rpm,3032516,905,644,1849,3627,4,3,1662994,9,123,173,207,14,1753,1495,1249,192,742,1630,16383,1778,1734,1738821,800,1994,2303,556390,11958,8,382602,1496,116030,390,3032417786,3032516878,0,3032516888,3032517403,3779610411,17874222,-96,2,1030,0.1782,1720.0,0.4470814445559457,-0.067711005017562,0.1782,25.61,78.1,,,,,,
2026-07-30T23:16:29.949249+00:00,S053,mounted,true,rotor_drag,mild,900,rotor_drag-mild_horizontal_no_load_0900rpm,3032616,895,589,1928,3574,6,3,1663031,9,123,162,200,9,1754,1495,1232,192,742,1626,16383,1775,1735,1740601,800,2077,2233,556663,11956,8,382602,1496,116031,390,3032517835,3032616918,0,3032616928,3032617443,3787329175,17868250,-64,15,1034,0.182,1720.0,0.3310841053864171,0.07114541284710585,0.182,25.73,78.3,,,,,,
2026-07-30T23:16:30.043126+00:00,S053,mounted,true,rotor_drag,mild,900,rotor_drag-mild_horizontal_no_load_0900rpm,3032716,925,509,1921,3298,6,3,1663067,9,123,138,166,14,1754,1495,1230,191,713,1628,16383,1771,1738,1739020,800,2135,2213,556669,11958,8,382605,1496,116032,390,3032617875,3032716961,0,3032716970,3032717485,3780372670,17874222,-93,-55,1030,0.182,1720.0,0.2971418961364778,0.16719428750627152,0.182,25.67,78.2,,,,,,
2026-07-30T23:16:30.137440+00:00,S053,mounted,true,rotor_drag,mild,900,rotor_drag-mild_horizontal_no_load_0900rpm,3032816,935,467,1986,3235,3,3,1663105,9,123,128,149,10,1754,1495,1224,194,742,1629,16383,1773,1739,1740377,800,2134,2219,556800,11959,8,382610,1496,116033,390,3032717919,3032817016,0,3032817026,3032817541,3786293277,17877211,-112,-8,1016,0.182,1720.0,0.3068287396103351,0.16523100735847462,0.182,25.64,78.1,,,,,,
2026-07-30T23:16:30.231901+00:00,S053,mounted,true,rotor_drag,mild,900,rotor_drag-mild_horizontal_no_load_0900rpm,3032916,932,430,2040,3193,3,3,1663141,9,123,123,137,6,1754,1494,1225,194,742,1629,16383,1768,1739,1738175,800,2059,2213,556677,11953,8,382603,1496,116034,390,3032817974,3032917052,0,3032917061,3032917576,3776687403,17859277,-66,37,1042,0.182,1720.0,0.29868412273069467,0.04201357374717585,0.182,25.64,78.1,,,,,,
2026-07-30T23:16:30.325407+00:00,S053,mounted,true,rotor_drag,mild,900,rotor_drag-mild_horizontal_no_load_0900rpm,3033016,932,440,1986,3167,5,3,1663179,9,123,120,131,16,1755,1495,1234,239,932,1628,16383,1775,1742,1742488,800,2044,2342,557043,11956,8,382603,1496,116035,390,3032918008,3033017064,0,3033017074,3033017589,3795517194,17868244,-49,9,1044,0.1858,1720.0,0.5127079354299093,0.016158381733020644,0.1858,25.67,78.2,,,,,,
2026-07-30T23:16:30.422840+00:00,S053,mounted,true,rotor_drag,mild,900,rotor_drag-mild_horizontal_no_load_0900rpm,3033116,945,446,1973,3153,4,3,1663216,9,123,119,133,12,1756,1495,1240,226,819,1635,16383,1772,1742,1742161,800,2135,2213,557234,11959,8,382608,1496,116036,390,3033018021,3033117126,0,3033117141,3033117656,3794024475,17877211,-49,31,1050,0.1896,1720.0,0.29683360556902727,0.16689686303202578,0.1896,25.46,77.8,,,,,,
2026-07-30T23:16:30.512090+00:00,S053,mounted,true,rotor_drag,mild,900,rotor_drag-mild_horizontal_no_load_0900rpm,3033217,928,427,2049,3200,2,3,1663254,9,123,115,123,13,1756,1495,1188,226,819,1633,16383,1775,1742,1758534,808,2123,2331,557279,11957,8,382609,1496,116037,390,3033118089,3033217758,0,3033217832,3033218347,3827434526,17871233,-49,80,1054,0.1896,1720.0,0.494054087396504,0.14749814995400135,0.1896,25.52,77.9,,,,,,
2026-07-30T23:16:30.652581+00:00,S053,mounted,true,rotor_drag,mild,900,rotor_drag-mild_horizontal_no_load_0900rpm,3033317,944,427,2037,3169,3,3,1663291,9,123,115,117,13,1758,1494,1227,211,764,1626,16383,1775,1743,1746579,800,2145,2228,557861,11955,8,382606,1496,116038,390,3033218780,3033318005,0,3033318079,3033318594,3813285405,17865259,-92,76,1031,0.1972,1720.0,0.32306327302383897,0.1847509899623585,0.1972,25.73,78.3,,,,,,
2026-07-30T23:16:30.746059+00:00,S053,mounted,true,rotor_drag,mild,900,rotor_drag-mild_horizontal_no_load_0900rpm,3033417,944,419,2080,3191,5,3,1663329,9,123,108,109,18,1758,1495,1208,211,764,1627,16383,1770,1744,1742391,800,1963,2216,557857,11957,8,382607,1496,116039,390,3033319027,3033418087,0,3033418161,3033418676,3795046939,17871233,-104,31,1036,0.1972,1720.0,0.30244864121435144,-0.11908334038638468,0.1972,25.7,78.3,,,,,,
2026-07-30T23:16:30.840057+00:00,S053,mounted,true,rotor_drag,mild,900,rotor_drag-mild_horizontal_no_load_0900rpm,3033518,929,395,2147,3210,4,3,1663366,9,123,100,87,27,1761,1495,1199,183,624,1631,16383,1792,1750,1771705,808,2113,2377,559021,11956,8,382607,1496,116040,390,3033419111,3033518772,0,3033518786,3033519301,3885014561,17868244,-111,23,1029,0.2086,1720.0,0.5710275138842418,0.13113126497156236,0.2086,25.58,78.0,,,,,,
2026-07-30T23:16:30.933521+00:00,S053,mounted,true,rotor_drag,mild,900,rotor_drag-mild_horizontal_no_load_0900rpm,3033618,939,517,2062,3439,1,3,1663406,9,123,128,99,13,1762,1495,1204,155,526,1629,16383,1800,1735,1748889,800,2127,2251,559178,11958,8,382610,1496,116041,390,3033519735,3033618789,0,3033618799,3033619314,3823710267,17874222,-76,7,999,0.2124,1720.0,0.3604497054691418,0.15386632764676378,0.2124,25.64,78.1,,,,,,
2026-07-30T23:16:31.043339+00:00,S053,mounted,true,rotor_drag,mild,900,rotor_drag-mild_horizontal_no_load_0900rpm,3033718,906,503,1951,3340,3,3,1663441,9,123,134,148,25,1756,1495,1221,155,526,1633,16383,1775,1733,1728280,800,2101,2271,557292,11958,8,382612,1496,116042,390,3033619744,3033718847,0,3033718861,3033719376,3733890606,17874222,-121,21,1012,0.1896,1720.0,0.3937696051179125,0.1105504581033614,0.1896,25.52,77.9,,,,,,
2026-07-30T23:16:31.136270+00:00,S053,mounted,true,rotor_drag,mild,900,rotor_drag-mild_horizontal_no_load_0900rpm,3033818,709,1209,1875,6140,4,3,1663474,9,123,337,444,47,1757,1495,1230,180,608,1632,16383,1794,1735,1745814,800,2127,2259,557636,11960,8,382618,1496,116043,390,3033719811,3033818891,0,3033818900,3033819415,3810421480,17880200,-97,92,1007,0.1934,1720.0,0.3731483204013375,0.15327375719063507,0.1934,25.55,78.0,,,,,,
2026-07-30T23:16:31.214123+00:00,S053,mounted,true,rotor_drag,mild,900,rotor_drag-mild_horizontal_no_load_0900rpm,3033918,948,293,2274,3047,6,3,1663511,9,123,81,46,3,1752,1494,1219,177,640,1630,16383,1753,1736,1727559,800,2041,2385,556084,11955,8,382615,1496,116044,390,3033819850,3033918925,0,3033918934,3033919449,3730696341,17865257,-101,55,1019,0.1744,1720.0,0.5846901217063984,0.011444032873274335,0.1744,25.61,78.1,,,,,,
2026-07-30T23:16:31.355138+00:00,S053,mounted,true,rotor_drag,mild,900,rotor_drag-mild_horizontal_no_load_0900rpm,3034018,899,281,2387,3169,6,3,1663547,9,123,76,23,4,1748,1495,1217,177,640,1632,16383,1744,1735,1725196,800,2125,2271,554826,11957,8,382615,1496,116045,390,3033919880,3034018949,0,3034018958,3034019474,3720425736,17871233,-94,65,1024,0.1593,1720.0,0.394086028518859,0.15083041858325652,0.1593,25.55,78.0,,,,,,
2026-07-30T23:16:31.464252+00:00,S053,mounted,true,rotor_drag,mild,900,rotor_drag-mild_horizontal_no_load_0900rpm,3034118,891,262,2503,3239,4,3,1663582,9,123,77,35,1,1746,1494,1224,146,509,1632,16383,1752,1735,1727618,800,2053,2190,554252,11954,8,382610,1496,116046,390,3034019903,3034118993,0,3034119002,3034119516,3730898572,17862270,-99,55,1023,0.1517,1720.0,0.2600448678266689,0.031727182031118684,0.1517,25.55,78.0,,,,,,
2026-07-30T23:16:31.510818+00:00,S053,mounted,true,rotor_drag,mild,900,rotor_drag-mild_horizontal_no_load_0900rpm,3034218,893,377,2399,3456,4,3,1663618,9,123,105,103,3,1746,1494,1230,146,509,1633,16383,1754,1738,1731200,800,2083,2191,554256,11954,8,382605,1496,116047,390,3034119946,3034219041,0,3034219051,3034219566,3746376596,17862270,-100,66,1027,0.1517,1720.0,0.26171142027773087,0.0817237555629915,0.1517,25.52,77.9,,,,,,
2026-07-30T23:16:31.652154+00:00,S053,mounted,true,rotor_drag,mild,900,rotor_drag-mild_horizontal_no_load_0900rpm,3034318,896,381,2328,3391,4,3,1663654,9,123,93,64,12,1748,1495,1257,131,459,1635,16383,1761,1742,1737328,800,2013,2203,554894,11956,8,382605,1496,116048,390,3034219999,3034319102,0,3034319111,3034319626,3772983524,17868244,-99,40,1033,0.1593,1720.0,0.2810958952827032,-0.03549610204081688,0.1593,25.46,77.8,,,,,,
2026-07-30T23:16:31.747314+00:00,S053,mounted,true,rotor_drag,mild,900,rotor_drag-mild_horizontal_no_load_0900rpm,3034418,886,431,2334,3549,4,3,1663690,9,123,109,60,10,1755,1494,1231,112,375,1634,16383,1781,1755,1753817,800,2147,2345,556950,11955,8,382603,1496,116049,390,3034320057,3034419130,0,3034419144,3034419659,3844953201,17865259,-87,28,1026,0.1858,1720.0,0.5180335997490588,0.18808381606022584,0.1858,25.49,77.9,,,,,,
2026-07-30T23:16:31.854918+00:00,S053,mounted,true,rotor_drag,mild,900,rotor_drag-mild_horizontal_no_load_0900rpm,3034519,938,575,1917,3451,2,3,1663728,9,123,147,178,4,1760,1495,1241,112,375,1636,16383,1789,1748,1771767,808,2097,2239,558429,11956,8,382603,1496,116050,390,3034420091,3034519775,0,3034519854,3034520369,3885306297,17868244,-97,66,1038,0.2048,1720.0,0.3410817474071597,0.10447088624958134,0.2048,25.43,77.8,,,,,,
2026-07-30T23:16:31.948761+00:00,S053,mounted,true,rotor_drag,mild,900,rotor_drag-mild_horizontal_no_load_0900rpm,3034619,836,673,2135,4147,5,3,1663761,9,123,182,225,35,1765,1495,1225,106,352,1632,16383,1798,1753,1761330,800,2009,2353,560184,11956,8,382603,1496,116051,390,3034520801,3034619866,0,3034619939,3034620454,3878134364,17868244,-81,-5,1047,0.2238,1720.0,0.5310369458012709,-0.0421611967213118,0.2238,25.55,78.0,,,,,,
2026-07-30T23:16:32.043095+00:00,S053,mounted,true,rotor_drag,mild,900,rotor_drag-mild_horizontal_no_load_0900rpm,3034719,905,591,2041,3674,5,3,1663797,9,123,156,176,33,1773,1494,1216,101,317,1630,16383,1809,1763,1773058,800,2095,2301,562598,11955,8,382601,1496,116052,390,3034620887,3034719936,0,3034720015,3034720531,3929981784,17865257,-66,-16,1058,0.2541,1720.0,0.444711425595985,0.10143033751568398,0.2541,25.61,78.1,,,,,,
2026-07-30T23:16:32.135861+00:00,S053,mounted,true,rotor_drag,mild,900,rotor_drag-mild_horizontal_no_load_0900rpm,3034819,826,1064,1792,5012,1,3,1663832,9,123,316,413,78,1775,1494,1219,101,317,1646,16383,1838,1746,1764164,800,2140,2325,563347,11954,8,382597,1496,116053,390,3034720964,3034820034,0,3034820113,3034820628,3891191422,17862270,-89,103,1038,0.2617,1720.0,0.48502944872009346,0.17671724527354815,0.2617,25.12,77.2,,,,,,
2026-07-30T23:16:32.228622+00:00,S053,mounted,true,rotor_drag,mild,900,rotor_drag-mild_horizontal_no_load_0900rpm,3034919,900,853,1856,4225,2,3,1663866,9,123,238,273,77,1774,1495,1237,167,548,1637,16383,1807,1746,1756129,800,1932,2265,562923,11956,8,382597,1496,116054,390,3034821063,3034920116,0,3034920190,3034920705,3855400169,17868246,-82,62,1031,0.2579,1720.0,0.3844048628303778,-0.1704642693208429,0.2579,25.4,77.7,,,,,,
2026-07-30T23:16:32.322659+00:00,S053,mounted,true,rotor_drag,mild,900,rotor_drag-mild_horizontal_no_load_0900rpm,3035020,909,364,2257,3259,1,3,1663904,9,123,97,57,17,1768,1495,1262,167,548,1638,16383,1773,1740,1758777,808,2049,2391,561038,11957,8,382598,1496,116055,390,3034921138,3035020777,0,3035020791,3035021307,3828544607,17871235,-126,217,1019,0.2352,1720.0,0.5940221462741491,0.024204210671572746,0.2352,25.36,77.7,,,,,,
2026-07-30T23:16:32.464777+00:00,S053,mounted,true,rotor_drag,mild,900,rotor_drag-mild_horizontal_no_load_0900rpm,3035120,906,506,2073,3469,2,3,1663938,9,123,131,152,26,1764,1495,1235,325,1229,1638,16383,1775,1744,1741436,800,2135,2221,559921,11956,8,382598,1496,116056,390,3035021740,3035120894,0,3035120903,3035121418,3790859856,17868244,-144,189,1016,0.22,1720.0,0.31108882134493143,0.16778928571428553,0.22,25.36,77.7,,,,,,
2026-07-30T23:16:32.556257+00:00,S053,mounted,true,rotor_drag,mild,900,rotor_drag-mild_horizontal_no_load_0900rpm,3035220,865,507,2127,3593,2,3,1663974,9,123,159,196,40,1762,1495,1241,344,1467,1635,16383,1780,1740,1742310,800,2035,2235,559230,11957,8,382599,1496,116057,390,3035121855,3035221077,0,3035221086,3035221601,3794755634,17871235,-160,73,1014,0.2124,1720.0,0.33410519319227205,0.0008783302667891846,0.2124,25.46,77.8,,,,,,
2026-07-30T23:16:32.650196+00:00,S053,mounted,true,rotor_drag,mild,900,rotor_drag-mild_horizontal_no_load_0900rpm,3035320,891,561,1936,3511,4,3,1664008,9,123,162,205,20,1763,1495,1224,344,1467,1636,16383,1788,1744,1748757,800,2073,2429,559368,11957,8,382600,1496,116058,390,3035222036,3035321091,0,3035321101,3035321616,3823030223,17871233,-97,17,1031,0.2162,1720.0,0.6573352502299903,0.06419143422263085,0.2162,25.43,77.8,,,,,,
2026-07-30T23:16:32.744577+00:00,S053,mounted,true,rotor_drag,mild,900,rotor_drag-mild_horizontal_no_load_0900rpm,3035421,925,499,2032,3379,3,3,1664047,9,123,135,154,32,1762,1495,1247,303,1231,1636,16383,1781,1746,1761917,808,2131,2219,559049,11957,8,382601,1496,116059,390,3035322051,3035421679,0,3035421753,3035422268,3842182233,17871243,-147,208,1026,0.2124,1720.0,0.3074470441582333,0.16082722447102116,0.2124,25.43,77.8,,,,,,
2026-07-30T23:16:32.837618+00:00,S053,mounted,true,rotor_drag,mild,900,rotor_drag-mild_horizontal_no_load_0900rpm,3035521,899,587,1982,3613,2,3,1664082,9,123,157,187,28,1763,1494,1211,558,2277,1638,16375,1785,1745,1750809,800,2073,2383,559446,11954,8,382597,1496,116060,390,3035422704,3035521783,0,3035521857,3035522372,3831922891,17862270,-141,296,1005,0.2162,1720.0,0.581689490881713,0.06505823105236708,0.2162,25.36,77.7,,,,,,
2026-07-30T23:16:32.931416+00:00,S053,mounted,true,rotor_drag,mild,900,rotor_drag-mild_horizontal_no_load_0900rpm,3035621,909,584,1906,3511,3,3,1664119,9,123,162,198,25,1762,1495,1219,558,2277,1638,16375,1786,1746,1746410,800,2133,2299,559269,11959,8,382602,1496,116061,390,3035522809,3035622036,0,3035622110,3035622625,3812642332,17877213,-118,213,997,0.2124,1720.0,0.4400971934944393,0.16356515168492303,0.2124,25.36,77.7,,,,,,
2026-07-30T23:16:33.024555+00:00,S053,mounted,true,rotor_drag,mild,900,rotor_drag-mild_horizontal_no_load_0900rpm,3035721,890,631,1954,3728,2,3,1664154,9,123,172,210,27,1765,1495,1220,562,2485,1638,16383,1796,1747,1755486,800,1951,2415,560147,11958,8,382605,1496,116062,390,3035623064,3035722116,0,3035722190,3035722705,3852589550,17874222,-108,110,1011,0.2238,1720.0,0.6336728825890612,-0.13934878926241856,0.2238,25.36,77.7,,,,,,
2026-07-30T23:16:33.165237+00:00,S053,mounted,true,rotor_drag,mild,900,rotor_drag-mild_horizontal_no_load_0900rpm,3035822,899,569,1927,3511,1,3,1664192,9,123,171,217,29,1766,1495,1256,562,2485,1638,16383,1790,1749,1769535,808,2051,2237,560389,11958,8,382608,1496,116063,390,3035723142,3035822931,0,3035822941,3035823456,3875612689,17874222,-95,103,1009,0.2276,1720.0,0.33712577571500235,0.02725070898143489,0.2276,25.36,77.7,,,,,,
2026-07-30T23:16:33.259871+00:00,S053,mounted,true,rotor_drag,mild,900,rotor_drag-mild_horizontal_no_load_0900rpm,3035922,1514,437,1299,2021,5,3,1664247,9,123,121,134,9,1769,1495,1237,505,2308,1644,16383,1809,1757,1762522,800,2107,2270,561531,11956,8,382607,1496,116064,390,3035823891,3035922978,0,3035922988,3035923503,3883391558,17868244,-114,70,1003,0.239,1720.0,0.3927362311809963,0.12113362295081931,0.239,25.18,77.3,,,,,,
2026-07-30T23:16:33.353243+00:00,S053,mounted,true,rotor_drag,mild,900,rotor_drag-mild_horizontal_no_load_0900rpm,3036022,1121,490,1672,2765,6,3,1664291,9,123,142,170,14,1770,1495,1237,425,1897,1639,16383,1791,1754,1755485,800,2001,2293,561588,11958,8,382610,1496,116065,390,3035923938,3036023015,0,3036023024,3036023539,3852373779,17874222,-84,21,1003,0.2428,1720.0,0.43042149473156055,-0.05604904014049206,0.2428,25.33,77.6,,,,,,
2026-07-30T23:16:33.446163+00:00,S053,mounted,true,rotor_drag,mild,900,rotor_drag-mild_horizontal_no_load_0900rpm,3036122,1023,492,1816,3018,2,3,1664322,9,123,144,173,22,1769,1495,1259,425,1897,1637,16383,1786,1742,1751732,800,2142,2369,561288,11959,8,382614,1496,116066,390,3036023974,3036123065,0,3036123074,3036123589,3835911860,17877211,-83,21,1012,0.239,1720.0,0.5567070906430298,0.17855785274688474,0.239,25.4,77.7,,,,,,
2026-07-30T23:16:33.538427+00:00,S053,mounted,true,rotor_drag,mild,900,rotor_drag-mild_horizontal_no_load_0900rpm,3036223,830,511,2271,3810,2,3,1664358,9,123,126,68,44,1768,1495,1208,341,1482,1639,16383,1787,1746,1768907,808,2103,2255,561046,11957,8,382614,1496,116067,390,3036124025,3036223921,0,3036223995,3036224510,3872788517,17871233,-107,34,1022,0.2352,1720.0,0.36742787948482025,0.11417546366145315,0.2352,25.33,77.6,,,,,,
2026-07-30T23:16:33.634611+00:00,S053,mounted,true,rotor_drag,mild,900,rotor_drag-mild_horizontal_no_load_0900rpm,3036323,936,523,1918,3315,2,3,1664394,9,123,155,192,17,1769,1495,1222,285,1222,1636,16383,1796,1752,1756451,800,2095,2251,561398,11956,8,382613,1496,116068,390,3036224945,3036324023,0,3036324097,3036324612,3856611453,17868246,-110,48,1017,0.239,1720.0,0.36107703144864445,0.1011383389093341,0.239,25.43,77.8,,,,,,
2026-07-30T23:16:33.726811+00:00,S053,mounted,true,rotor_drag,mild,900,rotor_drag-mild_horizontal_no_load_0900rpm,3036424,931,544,1922,3383,5,3,1664433,9,123,157,189,15,1768,1495,1219,285,1222,1633,16383,1786,1748,1768775,808,2151,2423,561064,11956,8,382612,1496,116069,390,3036325051,3036424780,0,3036424794,3036425309,3872332707,17868246,-104,133,1026,0.2352,1720.0,0.6476761027099363,0.1944496644362661,0.2352,25.52,77.9,,,,,,
2026-07-30T23:16:33.867605+00:00,S053,mounted,true,rotor_drag,mild,900,rotor_drag-mild_horizontal_no_load_0900rpm,3036524,911,545,1963,3460,5,3,1664469,9,123,155,190,16,1768,1495,1222,246,1053,1633,16383,1784,1748,1753236,800,2131,2373,561091,11956,8,382611,1496,116070,390,3036425746,3036524807,0,3036524821,3036525336,3842496550,17868244,-102,113,1023,0.2352,1720.0,0.5643624192037469,0.1611241910337906,0.2352,25.52,77.9,,,,,,
2026-07-30T23:16:33.961490+00:00,S053,mounted,true,rotor_drag,mild,900,rotor_drag-mild_horizontal_no_load_0900rpm,3036624,929,494,1978,3309,4,3,1664506,9,123,138,163,9,1766,1494,1216,246,1053,1638,16383,1778,1745,1746018,800,2151,2223,560372,11955,8,382608,1496,116071,390,3036525773,3036624862,0,3036624872,3036625387,3810860522,17865257,-68,76,1043,0.2276,1720.0,0.31473120777917174,0.19474946825595918,0.2276,25.36,77.7,,,,,,
2026-07-30T23:16:34.044374+00:00,S053,mounted,true,rotor_drag,mild,900,rotor_drag-mild_horizontal_no_load_0900rpm,3036724,936,514,1971,3344,2,3,1664544,9,123,142,168,13,1765,1495,1216,233,977,1638,16383,1782,1748,1750284,800,2139,2228,560309,11958,8,382611,1496,116072,390,3036625820,3036724920,0,3036724934,3036725449,3829517020,17874222,-83,14,1045,0.2238,1720.0,0.3221318208730555,0.17385826743602584,0.2238,25.36,77.7,,,,,,
2026-07-30T23:16:34.149547+00:00,S053,mounted,true,rotor_drag,mild,900,rotor_drag-mild_horizontal_no_load_0900rpm,3036824,929,543,1944,3406,3,3,1664581,9,123,146,177,10,1764,1495,1237,214,864,1637,16383,1779,1746,1746997,800,2099,2291,559921,11957,8,382611,1496,116073,390,3036725883,3036824971,0,3036824985,3036825500,3815171517,17871233,-88,-20,1035,0.22,1720.0,0.4274087148114072,0.10751092640294324,0.22,25.4,77.7,,,,,,
2026-07-30T23:16:34.244307+00:00,S053,mounted,true,rotor_drag,mild,900,rotor_drag-mild_horizontal_no_load_0900rpm,3036924,933,464,2017,3261,5,3,1664619,9,123,131,153,14,1764,1494,1241,214,864,1642,16383,1783,1746,1748343,800,2035,2398,559778,11954,8,382606,1496,116074,390,3036825934,3036924998,0,3036925012,3036925527,3821144433,17862266,-121,-26,1032,0.22,1720.0,0.6066877776476489,0.0017292379119959733,0.22,25.24,77.4,,,,,,
2026-07-30T23:16:34.336712+00:00,S053,mounted,true,rotor_drag,mild,900,rotor_drag-mild_horizontal_no_load_0900rpm,3037024,915,499,2061,3424,1,3,1664654,9,123,135,155,17,1763,1495,1203,195,794,1643,16383,1777,1747,1747954,800,2013,2419,559678,11959,8,382611,1496,116075,390,3036925962,3037025033,0,3037025042,3037025557,3819409738,17877211,-103,-26,1018,0.2162,1720.0,0.639999874320595,-0.03633752914123267,0.2162,25.21,77.4,,,,,,
2026-07-30T23:16:34.430156+00:00,S053,mounted,true,rotor_drag,mild,900,rotor_drag-mild_horizontal_no_load_0900rpm,3037124,915,524,2026,3459,4,3,1664692,9,123,136,158,12,1764,1495,1221,164,627,1639,16383,1779,1750,1749751,800,1945,2215,559859,11957,8,382611,1496,116076,390,3037025996,3037125080,0,3037125095,3037125610,3827219659,17871233,-105,17,1016,0.22,1720.0,0.30078250689972386,-0.14907375804967815,0.22,25.33,77.6,,,,,,
2026-07-30T23:16:34.570360+00:00,S053,mounted,true,rotor_drag,mild,900,rotor_drag-mild_horizontal_no_load_0900rpm,3037224,909,482,2148,3475,5,3,1664727,9,123,124,128,18,1766,1495,1224,164,627,1632,16383,1781,1755,1756103,800,2167,2223,560582,11957,8,382611,1496,116077,390,3037126044,3037225151,0,3037225160,3037225675,3854935967,17871235,-125,20,1013,0.2276,1720.0,0.3141115814167432,0.2208080597976081,0.2276,25.55,78.0,,,,,,
2026-07-30T23:16:34.664553+00:00,S053,mounted,true,rotor_drag,mild,900,rotor_drag-mild_horizontal_no_load_0900rpm,3037325,916,320,2270,3144,4,3,1664764,9,123,81,21,32,1765,1495,1212,145,548,1642,16383,1769,1749,1763951,808,1919,2213,560058,11958,8,382613,1496,116078,390,3037226113,3037325940,0,3037326014,3037326529,3851028243,17874222,-87,27,1023,0.2238,1720.0,0.2971418961364778,-0.1926606287004522,0.2238,25.24,77.4,,,,,,
2026-07-30T23:16:34.758928+00:00,S053,mounted,true,rotor_drag,mild,900,rotor_drag-mild_horizontal_no_load_0900rpm,3037425,901,330,2316,3233,4,3,1664800,9,123,80,42,9,1763,1495,1219,145,548,1631,16383,1771,1750,1744156,800,2026,2217,559504,11958,8,382615,1496,116079,390,3037326959,3037426002,0,3037426076,3037426591,3802693438,17874222,-108,23,1020,0.2162,1720.0,0.30380587606623166,-0.014399165579528805,0.2162,25.58,78.0,,,,,,
2026-07-30T23:16:34.853167+00:00,S053,mounted,true,rotor_drag,mild,900,rotor_drag-mild_horizontal_no_load_0900rpm,3037525,905,400,2110,3216,2,3,1664838,9,123,115,120,9,1764,1495,1227,130,467,1636,16383,1787,1750,1750006,800,2103,2345,559718,11957,8,382615,1496,116080,390,3037427021,3037526075,0,3037526149,3037526664,3828333594,17871235,-112,107,1019,0.22,1720.0,0.5173799678012876,0.11417546366145315,0.22,25.43,77.8,,,,,,
2026-07-30T23:16:34.946558+00:00,S053,mounted,true,rotor_drag,mild,900,rotor_drag-mild_horizontal_no_load_0900rpm,3037626,928,471,2006,3274,2,3,1664874,9,123,135,155,21,1766,1494,1229,157,606,1640,16383,1787,1751,1773754,808,1959,2233,560529,11955,8,382612,1496,116081,390,3037527099,3037626767,0,3037626782,3037627297,3894081194,17865257,-158,94,1015,0.2276,1720.0,0.33139533826850665,-0.12520183713927224,0.2276,25.3,77.5,,,,,,
2026-07-30T23:16:35.074345+00:00,S053,mounted,true,rotor_drag,mild,900,rotor_drag-mild_horizontal_no_load_0900rpm,3037726,944,520,1895,3272,1,3,1664912,9,123,156,193,1,1767,1495,1246,157,606,1648,16383,1788,1752,1752802,800,2062,2242,560705,11958,8,382614,1496,116082,390,3037627731,3037726969,0,3037726978,3037727493,3840604968,17874222,-140,17,1019,0.2314,1720.0,0.3454557506271949,0.0455766537882587,0.2314,25.06,77.1,,,,,,
2026-07-30T23:16:35.167617+00:00,S053,mounted,true,rotor_drag,mild,900,rotor_drag-mild_horizontal_no_load_0900rpm,3037826,950,513,1890,3241,1,3,1664948,9,123,147,174,12,1770,1495,1238,145,560,1641,16383,1793,1757,1761553,800,2163,2253,561742,11957,8,382614,1496,116083,390,3037727930,3037827002,0,3037827011,3037827527,3879009389,17871233,-131,6,1019,0.2428,1720.0,0.3640956108555655,0.21414352253909819,0.2428,25.27,77.5,,,,,,
2026-07-30T23:16:35.261548+00:00,S053,mounted,true,rotor_drag,mild,900,rotor_drag-mild_horizontal_no_load_0900rpm,3037926,914,548,1979,3479,4,3,1664986,9,123,154,187,0,1771,1495,1248,127,459,1640,16383,1794,1751,1757176,800,2031,2243,561976,11956,8,382613,1496,116084,390,3037827960,3037927046,0,3037927056,3037927571,3859873468,17868246,-123,-16,1010,0.2465,1720.0,0.34774684208765416,-0.005503175978588626,0.2465,25.3,77.5,,,,,,
2026-07-30T23:16:35.369337+00:00,S053,mounted,true,rotor_drag,mild,900,rotor_drag-mild_horizontal_no_load_0900rpm,3038026,899,625,1963,3699,5,3,1665021,9,123,168,201,9,1774,1495,1231,127,459,1638,16383,1795,1754,1765115,800,2052,2413,562951,11956,8,382612,1496,116085,390,3037928002,3038027074,0,3038027083,3038027598,3894850883,17868244,-107,31,1019,0.2579,1720.0,0.6310133660086983,0.02948857109401093,0.2579,25.36,77.7,,,,,,
2026-07-30T23:16:35.462776+00:00,S053,mounted,true,rotor_drag,mild,900,rotor_drag-mild_horizontal_no_load_0900rpm,3038126,897,556,2002,3551,4,3,1665058,9,123,154,188,13,1773,1495,1245,113,378,1636,16383,1796,1755,1757953,800,2165,2245,562838,11957,8,382612,1496,116086,390,3038028031,3038127119,0,3038127129,3038127644,3863221527,17871235,-88,0,1021,0.2541,1720.0,0.3507665363385466,0.21747579116835292,0.2541,25.43,77.8,,,,,,
2026-07-30T23:16:35.555383+00:00,S053,mounted,true,rotor_drag,mild,900,rotor_drag-mild_horizontal_no_load_0900rpm,3038227,894,598,1994,3667,4,3,1665094,9,123,162,195,17,1775,1494,1220,113,378,1636,16383,1792,1754,1780927,808,2163,2244,563349,11955,8,382609,1496,116087,390,3038128074,3038227765,0,3038227839,3038228354,3925553697,17865259,-87,11,1036,0.2617,1720.0,0.349725881806775,0.21474642484316142,0.2617,25.43,77.8,,,,,,
2026-07-30T23:16:35.651085+00:00,S053,mounted,true,rotor_drag,mild,900,rotor_drag-mild_horizontal_no_load_0900rpm,3038327,875,597,2044,3751,4,3,1665130,9,123,163,201,17,1775,1495,1251,107,352,1635,16383,1797,1757,1759346,800,2161,2243,563294,11956,8,382608,1496,116088,390,3038228787,3038327859,0,3038327933,3038328448,3869349236,17868246,-79,21,1044,0.2617,1720.0,0.34774684208765416,0.21111240113750407,0.2617,25.46,77.8,,,,,,
2026-07-30T23:16:35.744674+00:00,S053,mounted,true,rotor_drag,mild,900,rotor_drag-mild_horizontal_no_load_0900rpm,3038427,909,512,2018,3426,5,3,1665165,9,123,139,151,6,1776,1494,1229,113,409,1635,16383,1793,1757,1763325,800,1967,2403,563643,11954,8,382603,1496,116089,390,3038328881,3038427954,0,3038428028,3038428542,3886907043,17862268,-76,54,1048,0.2655,1720.0,0.6150205399029609,-0.1115963287602475,0.2655,25.46,77.8,,,,,,
2026-07-30T23:16:35.838939+00:00,S053,mounted,true,rotor_drag,mild,900,rotor_drag-mild_horizontal_no_load_0900rpm,3038527,929,509,1991,3360,2,3,1665204,9,123,143,150,16,1776,1494,1246,113,409,1632,16383,1791,1757,1760025,800,2112,2249,563535,11954,8,382599,1496,116090,390,3038428974,3038528028,0,3038528106,3038528621,3872309275,17862270,-94,26,1042,0.2655,1720.0,0.35837146243935036,0.13005377664380102,0.2655,25.55,78.0,,,,,,
2026-07-30T23:16:35.932461+00:00,S053,mounted,true,rotor_drag,mild,900,rotor_drag-mild_horizontal_no_load_0900rpm,3038627,952,483,1966,3233,3,3,1665241,9,123,134,150,4,1776,1495,1216,110,372,1638,16383,1788,1754,1760552,800,2037,2379,563512,11959,8,382604,1496,116091,390,3038529054,3038628112,0,3038628186,3038628701,3874661108,17877211,-93,0,1032,0.2655,1720.0,0.5733656473785431,0.003643007023998557,0.2655,25.36,77.7,,,,,,
2026-07-30T23:16:36.075277+00:00,S053,mounted,true,rotor_drag,mild,900,rotor_drag-mild_horizontal_no_load_0900rpm,3038728,935,463,2020,3258,5,3,1665279,9,123,125,131,6,1775,1495,1253,108,339,1638,16383,1788,1758,1775848,808,2165,2241,563263,11957,8,382605,1496,116092,390,3038629133,3038728780,0,3038728789,3038729304,3903170434,17871233,-112,26,1030,0.2617,1720.0,0.3441019990800367,0.21747579116835292,0.2617,25.36,77.7,,,,,,
2026-07-30T23:16:36.167013+00:00,S053,mounted,true,rotor_drag,mild,900,rotor_drag-mild_horizontal_no_load_0900rpm,3038828,963,413,1980,3054,2,3,1665318,9,123,120,125,7,1774,1495,1238,108,339,1636,16383,1789,1757,1757504,800,2156,2427,563008,11958,8,382608,1496,116093,390,3038729738,3038828833,0,3038828842,3038829357,3861210820,17874222,-126,76,1022,0.2579,1720.0,0.6536648223783237,0.2021801821374809,0.2579,25.43,77.8,,,,,,
2026-07-30T23:16:36.261763+00:00,S053,mounted,true,rotor_drag,mild,900,rotor_drag-mild_horizontal_no_load_0900rpm,3038928,934,419,2070,3191,3,3,1665355,9,123,117,103,17,1774,1495,1254,117,425,1645,16383,1788,1761,1759933,800,2119,2243,563142,11958,8,382611,1496,116094,390,3038829790,3038929024,0,3038929034,3038929549,3871825031,17874222,-84,40,1019,0.2579,1720.0,0.3471217456096336,0.14053836778725515,0.2579,25.15,77.3,,,,,,
2026-07-30T23:16:36.355861+00:00,S053,mounted,true,rotor_drag,mild,900,rotor_drag-mild_horizontal_no_load_0900rpm,3039028,934,484,2021,3318,5,3,1665393,9,123,132,135,9,1775,1494,1233,117,425,1640,16383,1797,1761,1762593,800,1997,2255,563483,11955,8,382608,1496,116095,390,3038929982,3039029040,0,3039029050,3039029565,3883681951,17865257,-92,107,1018,0.2617,1720.0,0.3680564253450438,-0.061878141279799515,0.2617,25.3,77.5,,,,,,
2026-07-30T23:16:36.449766+00:00,S053,mounted,true,rotor_drag,mild,900,rotor_drag-mild_horizontal_no_load_0900rpm,3039128,921,512,1986,3376,5,3,1665429,9,123,142,149,10,1780,1495,1270,120,436,1643,16383,1811,1765,1774455,800,2165,2343,564927,11958,8,382611,1496,116096,390,3039030002,3039129085,0,3039129094,3039129609,3936111387,17874222,-89,99,1019,0.2807,1720.0,0.513721243853487,0.21717413697942733,0.2807,25.21,77.4,,,,,,
2026-07-30T23:16:36.542591+00:00,S053,mounted,true,rotor_drag,mild,900,rotor_drag-mild_horizontal_no_load_0900rpm,3039228,916,562,1919,3454,4,3,1665466,9,123,158,172,7,1786,1495,1240,111,368,1640,16383,1834,1767,1781861,800,2043,2301,566779,11958,8,382613,1496,116097,390,3039130046,3039229121,0,3039229130,3039229645,3969251233,17874222,-55,40,1029,0.3035,1720.0,0.4437494545910683,0.013922749121926259,0.3035,25.3,77.5,,,,,,
2026-07-30T23:16:36.651809+00:00,S053,mounted,true,rotor_drag,mild,900,rotor_drag-mild_horizontal_no_load_0900rpm,3039329,900,542,2019,3525,4,3,1665502,9,123,144,154,22,1795,1494,1219,111,368,1637,16383,1854,1787,1816371,808,2197,2339,569718,11955,8,382610,1496,116098,390,3039230081,3039329783,0,3039329862,3039330377,4083670093,17865257,-84,58,1009,0.3376,1720.0,0.5080351214554577,0.27140446850690036,0.3376,25.4,77.7,,,,,,
2026-07-30T23:16:36.745001+00:00,S053,mounted,true,rotor_drag,mild,900,rotor_drag-mild_horizontal_no_load_0900rpm,3039429,916,535,2049,3509,6,3,1665539,9,123,128,115,24,1799,1494,1240,116,380,1628,16383,1850,1787,1790527,800,2189,2311,570811,11955,8,382607,1496,116099,390,3039330810,3039429860,0,3039429933,3039430448,4007868215,17865257,-81,73,1016,0.3528,1720.0,0.4613755560853199,0.2580731641154328,0.3528,25.67,78.2,,,,,,
2026-07-30T23:16:36.885125+00:00,S053,mounted,true,rotor_drag,mild,900,rotor_drag-mild_horizontal_no_load_0900rpm,3039529,908,597,2146,3790,6,3,1665575,9,123,160,89,37,1801,1495,1238,108,352,1632,16383,1833,1790,1792009,800,2193,2430,571689,11958,8,382610,1496,116100,390,3039430882,3039529952,0,3039530026,3039530541,4014413623,17874222,-49,48,1019,0.3604,1720.0,0.6586628073256398,0.26382199648770666,0.3604,25.55,78.0,,,,,,
2026-07-30T23:16:36.977922+00:00,S053,mounted,true,rotor_drag,mild,900,rotor_drag-mild_horizontal_no_load_0900rpm,3039629,928,460,2130,3369,3,3,1665613,9,123,123,53,34,1799,1494,1225,108,352,1637,16383,1821,1775,1778776,800,1995,2277,570869,11955,8,382607,1496,116101,390,3039530973,3039630020,0,3039630099,3039630614,3955334602,17865257,-33,43,1026,0.3528,1720.0,0.4047175124215805,-0.0652109673776664,0.3528,25.4,77.7,,,,,,
2026-07-30T23:16:37.071281+00:00,S053,mounted,true,rotor_drag,mild,900,rotor_drag-mild_horizontal_no_load_0900rpm,3039729,903,649,2222,4018,3,3,1665649,9,123,149,96,39,1800,1494,1228,100,297,1633,16383,1822,1782,1787947,800,1973,2294,571390,11952,8,382599,1496,116102,390,3039631046,3039730117,0,3039730196,3039730711,3996322247,17856290,-62,69,1021,0.3566,1720.0,0.43400606024096344,-0.10104679518072324,0.3566,25.52,77.9,,,,,,
2026-07-30T23:16:37.165532+00:00,S053,mounted,true,rotor_drag,mild,900,rotor_drag-mild_horizontal_no_load_0900rpm,3039830,922,475,2254,3541,1,3,1665686,9,123,125,78,31,1801,1495,1237,100,297,1637,16383,1825,1784,1804597,808,2072,2346,571558,11956,8,382599,1496,116103,390,3039731143,3039830777,0,3039830786,3039831301,4030687641,17868244,-70,118,1032,0.3604,1720.0,0.5193730301104047,0.06281404449648686,0.3604,25.4,77.7,,,,,,
2026-07-30T23:16:37.260635+00:00,S053,mounted,true,rotor_drag,mild,900,rotor_drag-mild_horizontal_no_load_0900rpm,3039930,921,620,2014,3697,1,3,1665722,9,123,136,45,26,1802,1494,1235,100,304,1640,16383,1821,1781,1787815,800,2191,2285,571729,11954,8,382595,1496,116104,390,3039831735,3039930811,0,3039930821,3039931336,3995596859,17862270,-45,23,1028,0.3642,1720.0,0.41836735067759756,0.26171142027773087,0.3642,25.3,77.5,,,,,,
2026-07-30T23:16:37.370147+00:00,S053,mounted,true,rotor_drag,mild,900,rotor_drag-mild_horizontal_no_load_0900rpm,3040030,911,623,2016,3727,5,3,1665759,9,123,143,55,39,1802,1495,1239,105,330,1641,16383,1833,1779,1788641,800,2127,2293,572024,11956,8,382595,1496,116105,390,3039931768,3040030877,0,3040030887,3040031402,3999327959,17868244,-71,67,1028,0.3642,1720.0,0.43106052559384356,0.15445909635329524,0.3642,25.27,77.5,,,,,,
2026-07-30T23:16:37.477263+00:00,S053,mounted,true,rotor_drag,mild,900,rotor_drag-mild_horizontal_no_load_0900rpm,3040130,932,446,2215,3413,5,3,1665795,9,123,135,94,38,1802,1495,1230,105,330,1652,16383,1830,1784,1786458,800,1989,2291,571958,11957,8,382596,1496,116106,390,3040031834,3040130912,0,3040130922,3040131437,3989625248,17871235,-77,-34,1029,0.3642,1720.0,0.4274087148114072,-0.07576384820607229,0.3642,24.94,76.9,,,,,,
2026-07-30T23:16:37.572116+00:00,S053,mounted,true,rotor_drag,mild,900,rotor_drag-mild_horizontal_no_load_0900rpm,3040230,883,489,2321,3705,4,3,1665832,9,123,141,87,35,1802,1494,1222,101,294,1643,16383,1827,1781,1784457,800,2193,2473,571736,11954,8,382592,1496,116107,390,3040131873,3040230970,0,3040230979,3040231494,3980654665,17862268,-63,22,1047,0.3642,1720.0,0.7316792114773296,0.26504452517985566,0.3642,25.21,77.4,,,,,,
2026-07-30T23:16:37.665786+00:00,S053,mounted,true,rotor_drag,mild,900,rotor_drag-mild_horizontal_no_load_0900rpm,3040330,898,475,2182,3504,5,3,1665867,9,123,132,75,27,1801,1495,1241,99,274,1635,16383,1823,1783,1783986,800,2190,2287,571505,11956,8,382592,1496,116108,390,3040231926,3040331005,0,3040331014,3040331529,3978494712,17868244,-102,0,1020,0.3604,1720.0,0.42106288357310095,0.2594343375710939,0.3604,25.46,77.8,,,,,,
2026-07-30T23:16:37.759050+00:00,S053,mounted,true,rotor_drag,mild,900,rotor_drag-mild_horizontal_no_load_0900rpm,3040430,888,527,2219,3704,5,3,1665903,9,123,146,98,21,1798,1495,1224,99,274,1631,16383,1821,1768,1775791,800,2001,2491,570476,11958,8,382596,1496,116109,390,3040331962,3040431046,0,3040431056,3040431571,3942250041,17874222,-81,12,1044,0.349,1720.0,0.7602885012543901,-0.05604904014049206,0.349,25.58,78.0,,,,,,
2026-07-30T23:16:37.852292+00:00,S053,mounted,true,rotor_drag,mild,900,rotor_drag-mild_horizontal_no_load_0900rpm,3040530,872,544,2268,3828,1,3,1665938,9,123,126,76,16,1797,1495,1250,106,315,1630,16383,1819,1779,1779194,800,2187,2279,570158,11958,8,382599,1496,116110,390,3040432005,3040531119,0,3040531128,3040531643,3957110686,17874222,-99,50,1035,0.3452,1720.0,0.40709756497742067,0.2538260265930754,0.3452,25.61,78.1,,,,,,
2026-07-30T23:16:37.946559+00:00,S053,mounted,true,rotor_drag,mild,900,rotor_drag-mild_horizontal_no_load_0900rpm,3040631,888,578,2179,3807,5,3,1665975,9,123,127,68,13,1794,1495,1229,106,315,1631,16383,1825,1771,1792822,808,2175,2279,569478,11957,8,382600,1496,116111,390,3040532075,3040631667,0,3040631745,3040632260,3978265334,17871237,-111,28,1031,0.3338,1720.0,0.40741510303587836,0.23413713431462702,0.3338,25.58,78.0,,,,,,
2026-07-30T23:16:38.086456+00:00,S053,mounted,true,rotor_drag,mild,900,rotor_drag-mild_horizontal_no_load_0900rpm,3040731,884,560,2233,3816,1,3,1666010,9,123,125,72,25,1792,1494,1220,113,356,1630,16383,1813,1771,1771172,800,2171,2271,568597,11954,8,382596,1496,116112,390,3040632693,3040731774,0,3040731853,3040732368,3921523188,17862268,-108,22,1043,0.3262,1720.0,0.39503561636272355,0.22838037125648247,0.3262,25.61,78.1,,,,,,
2026-07-30T23:16:38.180720+00:00,S053,mounted,true,rotor_drag,mild,900,rotor_drag-mild_horizontal_no_load_0900rpm,3040831,887,564,2207,3797,3,3,1666045,9,123,135,70,32,1789,1495,1229,105,309,1624,16383,1814,1763,1769317,800,2129,2271,567865,11956,8,382596,1496,116113,390,3040732801,3040831856,0,3040831930,3040832445,3913362793,17868244,-82,34,988,0.3149,1720.0,0.3944025048511204,0.15779164369354293,0.3149,25.79,78.4,,,,,,
2026-07-30T23:16:38.274488+00:00,S053,mounted,true,rotor_drag,mild,900,rotor_drag-mild_horizontal_no_load_0900rpm,3040931,933,491,2032,3348,5,3,1666083,9,123,125,122,17,1779,1495,1204,105,309,1633,16383,1779,1744,1743151,800,1956,2237,564675,11956,8,382596,1496,116114,390,3040832876,3040931928,0,3040932002,3040932517,3798386817,17868244,-68,94,1003,0.2769,1720.0,0.337749200066912,-0.1304737012378725,0.2769,25.52,77.9,,,,,,
2026-07-30T23:16:38.365393+00:00,S053,mounted,true,rotor_drag,mild,900,rotor_drag-mild_horizontal_no_load_0900rpm,3041031,897,467,2203,3505,5,3,1666119,9,123,100,77,18,1772,1494,1224,157,594,1631,16383,1766,1744,1742522,800,2133,2347,562421,11955,8,382594,1496,116115,390,3040932950,3041032021,0,3041032095,3041032610,3795577572,17865257,-64,47,1012,0.2503,1720.0,0.5213664258469257,0.1647540333751567,0.2503,25.58,78.0,,,,,,
2026-07-30T23:16:38.460245+00:00,S053,mounted,true,rotor_drag,mild,900,rotor_drag-mild_horizontal_no_load_0900rpm,3041131,933,485,2182,3481,6,3,1666157,9,123,115,114,12,1764,1495,1209,156,627,1629,16383,1753,1740,1731802,800,2135,2187,559774,11956,8,382594,1496,116116,390,3041033046,3041132120,0,3041132194,3041132709,3748964214,17868246,-71,58,1028,0.22,1720.0,0.2544355165607226,0.16778928571428553,0.22,25.64,78.1,,,,,,
2026-07-30T23:16:38.552842+00:00,S053,mounted,true,rotor_drag,mild,900,rotor_drag-mild_horizontal_no_load_0900rpm,3041232,926,344,2172,3101,2,3,1666194,9,123,83,63,2,1758,1495,1222,156,627,1638,16383,1748,1742,1747445,808,2109,2188,557836,11956,8,382594,1496,116117,390,3041133142,3041232775,0,3041232785,3041233303,3779201401,17868244,-86,50,1020,0.1972,1720.0,0.2561017902308462,0.12446617029106699,0.1972,25.36,77.7,,,,,,
2026-07-30T23:16:38.647229+00:00,S053,mounted,true,rotor_drag,mild,900,rotor_drag-mild_horizontal_no_load_0900rpm,3041332,926,256,2350,3042,3,3,1666231,9,123,73,2,5,1754,1494,1236,133,507,1639,16383,1748,1742,1729831,800,2124,2189,556502,11953,8,382588,1496,116118,390,3041233732,3041332941,0,3041332950,3041333466,3740426403,17859279,-85,36,1027,0.182,1720.0,0.25868351769430253,0.1503485457207394,0.182,25.33,77.6,,,,,,
2026-07-30T23:16:38.788838+00:00,S053,mounted,true,rotor_drag,mild,900,rotor_drag-mild_horizontal_no_load_0900rpm,3041432,913,256,2361,3064,1,3,1666268,9,123,73,3,3,1751,1494,1238,133,507,1637,16383,1748,1742,1730052,800,2135,2183,555629,11955,8,382587,1496,116119,390,3041333898,3041432974,0,3041432984,3041433499,3741381750,17865255,-60,26,1045,0.1706,1720.0,0.24807468582183168,0.1680868594730236,0.1706,25.4,77.7,,,,,,
2026-07-30T23:16:38.881605+00:00,S053,mounted,true,rotor_drag,mild,900,rotor_drag-mild_horizontal_no_load_0900rpm,3041532,915,257,2356,3059,3,3,1666303,9,123,72,4,3,1750,1495,1241,111,401,1634,16383,1761,1741,1731794,800,2123,2199,555217,11958,8,382591,1496,116120,390,3041433928,3041533035,0,3041533045,3041533560,3748955436,17874222,-84,60,1035,0.1669,1720.0,0.2738179663823379,0.14720234771700902,0.1669,25.49,77.9,,,,,,
2026-07-30T23:16:38.975573+00:00,S053,mounted,true,rotor_drag,mild,900,rotor_drag-mild_horizontal_no_load_0900rpm,3041633,840,581,2266,3995,2,3,1666338,9,123,138,149,16,1755,1494,1212,105,358,1634,16383,1784,1747,1767012,808,2085,2409,556833,11954,8,382588,1496,116121,390,3041533989,3041633765,0,3041633843,3041634359,3864482086,17862268,-82,53,1025,0.1858,1720.0,0.6250198546093362,0.08505686046511629,0.1858,25.49,77.9,,,,,,
2026-07-30T23:16:39.066872+00:00,S053,mounted,true,rotor_drag,mild,900,rotor_drag-mild_horizontal_no_load_0900rpm,3041733,944,438,2069,3229,1,3,1666376,9,123,111,52,20,1757,1494,1229,105,358,1634,16383,1776,1751,1748468,800,2147,2363,557670,11955,8,382587,1496,116122,390,3041634792,3041734009,0,3041734083,3041734598,3821560214,17865255,-137,-26,1031,0.1934,1720.0,0.5480290346298617,0.18808381606022584,0.1934,25.49,77.9,,,,,,
2026-07-30T23:16:39.161145+00:00,S053,mounted,true,rotor_drag,mild,900,rotor_drag-mild_horizontal_no_load_0900rpm,3041833,930,568,1977,3504,4,3,1666414,9,123,141,142,14,1757,1495,1233,116,404,1633,16383,1768,1746,1740871,800,1955,2207,557485,11959,8,382593,1496,116123,390,3041735032,3041834080,0,3041834154,3041834669,3788429471,17877211,-114,34,1038,0.1934,1720.0,0.28683847152771946,-0.13295715820720844,0.1934,25.52,77.9,,,,,,
2026-07-30T23:16:39.256640+00:00,S053,mounted,true,rotor_drag,mild,900,rotor_drag-mild_horizontal_no_load_0900rpm,3041934,897,444,2249,3487,5,3,1666449,9,123,112,102,18,1758,1495,1241,147,476,1636,16383,1775,1750,1762653,808,2145,2221,557870,11958,8,382596,1496,116124,390,3041835103,3041934923,0,3041934932,3041935447,3845326419,17874222,-163,53,1042,0.1972,1720.0,0.31046985599598553,0.1838542373306571,0.1972,25.43,77.8,,,,,,
2026-07-30T23:16:39.396687+00:00,S053,mounted,true,rotor_drag,mild,900,rotor_drag-mild_horizontal_no_load_0900rpm,3042034,918,562,1871,3402,4,3,1666486,9,123,164,208,15,1760,1495,1246,147,476,1637,16383,1784,1746,1749497,800,2141,2227,558566,11958,8,382599,1496,116125,390,3041935882,3042034957,0,3042034966,3042035481,3826133163,17874222,-162,48,1034,0.2048,1720.0,0.3204658258906168,0.17719025740090277,0.2048,25.4,77.7,,,,,,
2026-07-30T23:16:39.489844+00:00,S053,mounted,true,rotor_drag,mild,900,rotor_drag-mild_horizontal_no_load_0900rpm,3042134,935,547,1976,3438,6,3,1666523,9,123,134,143,14,1759,1495,1219,149,497,1633,16383,1768,1748,1741307,800,2135,2219,558181,11957,8,382600,1496,116126,390,3042035916,3042135025,0,3042135039,3042135554,3790260757,17871233,-112,17,1039,0.201,1720.0,0.3074470441582333,0.16749176172953018,0.201,25.52,77.9,,,,,,
2026-07-30T23:16:39.583171+00:00,S053,mounted,true,rotor_drag,mild,900,rotor_drag-mild_horizontal_no_load_0900rpm,3042234,919,394,2236,3308,2,3,1666560,9,123,115,115,7,1759,1495,1249,149,497,1630,16383,1777,1750,1744873,800,2075,2230,558282,11958,8,382603,1496,116127,390,3042135988,3042235054,0,3042235063,3042235578,3805833365,17874224,-92,13,1071,0.201,1720.0,0.3254638108379324,0.06723458855995945,0.201,25.61,78.1,,,,,,
2026-07-30T23:16:39.677786+00:00,S053,mounted,true,rotor_drag,mild,900,rotor_drag-mild_horizontal_no_load_0900rpm,3042334,918,539,2181,3649,2,3,1666596,9,123,145,163,9,1762,1495,1229,157,488,1631,16383,1788,1756,1754397,800,2147,2383,559336,11956,8,382603,1496,116128,390,3042236011,3042335077,0,3042335087,3042335602,3847578235,17868244,-120,48,1066,0.2124,1720.0,0.5810251559049848,0.18778456975577118,0.2124,25.58,78.0,,,,,,
2026-07-30T23:16:39.772474+00:00,S053,mounted,true,rotor_drag,mild,900,rotor_drag-mild_horizontal_no_load_0900rpm,3042434,924,419,2101,3235,1,3,1666634,9,123,87,36,15,1763,1494,1254,178,545,1632,16383,1774,1752,1748146,800,2039,2383,559449,11954,8,382599,1496,116129,390,3042336035,3042435142,0,3042435152,3042435667,3820133458,17862268,-105,67,1073,0.2162,1720.0,0.581689490881713,0.008395447716245563,0.2162,25.55,78.0,,,,,,
2026-07-30T23:16:39.867920+00:00,S053,mounted,true,rotor_drag,mild,900,rotor_drag-mild_horizontal_no_load_0900rpm,3042535,941,444,2043,3224,4,3,1666672,9,123,102,82,12,1764,1495,1230,178,545,1634,16383,1779,1755,1767698,808,2123,2345,559695,11956,8,382599,1496,116130,390,3042436099,3042535761,0,3042535834,3042536349,3867386404,17868244,-74,54,1055,0.22,1720.0,0.5177067564402806,0.14779400167279988,0.22,25.49,77.9,,,,,,
2026-07-30T23:16:39.960401+00:00,S053,mounted,true,rotor_drag,mild,900,rotor_drag-mild_horizontal_no_load_0900rpm,3042635,930,447,2139,3341,6,3,1666709,9,123,123,127,12,1763,1495,1234,192,685,1632,16383,1781,1749,1746491,800,2149,2375,559432,11958,8,382602,1496,116131,390,3042536781,3042635836,0,3042635910,3042636425,3812939171,17874222,-92,90,1016,0.2162,1720.0,0.5670330832915198,0.19051821726041096,0.2162,25.55,78.0,,,,,,
2026-07-30T23:16:40.102784+00:00,S053,mounted,true,rotor_drag,mild,900,rotor_drag-mild_horizontal_no_load_0900rpm,3042735,918,565,2142,3680,2,3,1666746,9,123,152,173,11,1763,1495,1229,240,881,1633,16383,1780,1749,1748875,800,2155,2337,559522,11958,8,382605,1496,116132,390,3042636858,3042735906,0,3042735985,3042736500,3823368561,17874222,-88,50,1018,0.2162,1720.0,0.5037252739588558,0.2005141871550422,0.2162,25.52,77.9,,,,,,
2026-07-30T23:16:40.196302+00:00,S053,mounted,true,rotor_drag,mild,900,rotor_drag-mild_horizontal_no_load_0900rpm,3042836,901,476,2215,3535,3,3,1666783,9,123,131,145,4,1763,1495,1258,240,881,1635,16383,1784,1749,1765838,808,2125,2241,559550,11956,8,382605,1496,116133,390,3042736933,3042836788,0,3042836797,3042837312,3859290224,17868246,-135,47,1018,0.2162,1720.0,0.34441429474740737,0.15112654901304756,0.2162,25.46,77.8,,,,,,
2026-07-30T23:16:40.290374+00:00,S053,mounted,true,rotor_drag,mild,900,rotor_drag-mild_horizontal_no_load_0900rpm,3042936,914,586,2045,3648,3,3,1666819,9,123,183,230,10,1762,1494,1234,235,804,1632,16383,1774,1743,1745437,800,2151,2219,559229,11954,8,382601,1496,116134,390,3042837745,3042936979,0,3042936989,3042937504,3808314505,17862268,-113,44,1035,0.2124,1720.0,0.30837488890747844,0.19504932223523497,0.2124,25.55,78.0,,,,,,
2026-07-30T23:16:40.383949+00:00,S053,mounted,true,rotor_drag,mild,900,rotor_drag-mild_horizontal_no_load_0900rpm,3043036,938,357,2144,3098,5,3,1666857,9,123,111,80,26,1762,1494,1254,235,804,1629,16383,1778,1752,1746636,800,2146,2381,559161,11955,8,382599,1496,116135,390,3042937938,3043037033,0,3043037047,3043037562,3813548626,17865255,-121,59,1046,0.2124,1720.0,0.5780244695106651,0.18641740301129195,0.2124,25.64,78.1,,,,,,
2026-07-30T23:16:40.478208+00:00,S053,mounted,true,rotor_drag,mild,900,rotor_drag-mild_horizontal_no_load_0900rpm,3043136,909,518,2204,3630,4,3,1666894,9,123,137,145,6,1762,1495,1241,224,714,1632,16383,1779,1749,1746329,800,2149,2275,559102,11959,8,382604,1496,116136,390,3043037995,3043137085,0,3043137095,3043137610,3812202555,17877211,-112,27,1032,0.2124,1720.0,0.4001166573292081,0.1902188424617437,0.2124,25.55,78.0,,,,,,
2026-07-30T23:16:40.572408+00:00,S053,mounted,true,rotor_drag,mild,900,rotor_drag-mild_horizontal_no_load_0900rpm,3043236,917,367,2201,3201,2,3,1666932,9,123,87,54,20,1762,1495,1235,245,919,1638,16383,1778,1750,1746361,800,2147,2219,559043,11957,8,382605,1496,116137,390,3043138043,3043237116,0,3043237130,3043237645,3812303715,17871233,-84,14,998,0.2124,1720.0,0.3074470441582333,0.18748537350505945,0.2124,25.36,77.7,,,,,,
2026-07-30T23:16:40.666176+00:00,S053,mounted,true,rotor_drag,mild,900,rotor_drag-mild_horizontal_no_load_0900rpm,3043337,935,330,2211,3093,3,3,1666969,9,123,90,50,16,1760,1494,1221,245,919,1635,16383,1767,1749,1760565,808,2155,2219,558688,11955,8,382603,1496,116138,390,3043238075,3043337744,0,3043337818,3043338333,3836185919,17865259,-101,34,1017,0.2048,1720.0,0.3080655555834375,0.2014151204516934,0.2048,25.46,77.8,,,,,,
2026-07-30T23:16:40.806925+00:00,S053,mounted,true,rotor_drag,mild,900,rotor_drag-mild_horizontal_no_load_0900rpm,3043437,927,413,2182,3296,5,3,1667007,9,123,124,114,10,1760,1495,1238,248,898,1636,16383,1773,1750,1745367,800,2151,2215,558713,11958,8,382606,1496,116139,390,3043338765,3043437839,0,3043437913,3043438432,3807970047,17874222,-120,18,1068,0.2048,1720.0,0.3004738861013543,0.19385020722528834,0.2048,25.43,77.8,,,,,,
2026-07-30T23:16:40.899007+00:00,S053,mounted,true,rotor_drag,mild,900,rotor_drag-mild_horizontal_no_load_0900rpm,3043537,916,523,2101,3528,6,3,1667045,9,123,141,159,16,1761,1495,1227,251,893,1637,16383,1782,1746,1746085,800,2122,2373,558754,11958,8,382609,1496,116140,390,3043438866,3043537945,0,3043538024,3043538539,3811190989,17874222,-92,57,1022,0.2086,1720.0,0.5637010933266433,0.14553635273457033,0.2086,25.4,77.7,,,,,,
2026-07-30T23:16:40.992225+00:00,S053,mounted,true,rotor_drag,mild,900,rotor_drag-mild_horizontal_no_load_0900rpm,3043637,988,435,2016,3117,3,3,1667083,9,123,128,136,23,1762,1495,1238,251,893,1634,16383,1783,1747,1751267,800,2137,2232,559258,11956,8,382608,1496,116141,390,3043538972,3043638191,0,3043638265,3043638780,3833851791,17868246,-97,-11,981,0.2124,1720.0,0.329417831716293,0.1711218330545332,0.2124,25.49,77.9,,,,,,
2026-07-30T23:16:41.084968+00:00,S053,mounted,true,rotor_drag,mild,900,rotor_drag-mild_horizontal_no_load_0900rpm,3043738,903,482,2103,3438,1,3,1667120,9,123,143,169,20,1761,1495,1241,239,806,1637,16383,1766,1746,1759722,808,2145,2205,558750,11956,8,382607,1496,116142,390,3043639213,3043738787,0,3043738796,3043739311,3832531760,17868248,-127,28,1011,0.2086,1720.0,0.28442844262295086,0.1844520224155235,0.2086,25.4,77.7,,,,,,
2026-07-30T23:16:41.176771+00:00,S053,mounted,true,rotor_drag,mild,900,rotor_drag-mild_horizontal_no_load_0900rpm,3043838,876,419,2211,3408,1,3,1667156,9,123,121,127,13,1758,1495,1231,239,806,1638,16383,1771,1742,1738037,800,2011,2329,558035,11956,8,382607,1496,116143,390,3043739746,3043838817,0,3043838826,3043839341,3776129709,17868244,-84,43,1011,0.1972,1720.0,0.49104637771830006,-0.03882864938106412,0.1972,25.36,77.7,,,,,,
2026-07-30T23:16:41.271273+00:00,S053,mounted,true,rotor_drag,mild,900,rotor_drag-mild_horizontal_no_load_0900rpm,3043938,877,606,2129,3857,1,3,1667192,9,123,151,164,10,1758,1495,1238,238,874,1640,16383,1775,1746,1742952,800,2147,2303,558013,11956,8,382607,1496,116144,390,3043839778,3043938879,0,3043938889,3043939403,3797464734,17868244,-81,56,991,0.1972,1720.0,0.4477232622950815,0.18778456975577118,0.1972,25.3,77.5,,,,,,
2026-07-30T23:16:41.363513+00:00,S053,mounted,true,rotor_drag,mild,900,rotor_drag-mild_horizontal_no_load_0900rpm,3044038,918,450,2137,3363,1,3,1667228,9,123,142,166,3,1758,1494,1237,253,859,1636,16383,1768,1743,1742089,800,1998,2207,557905,11953,8,382601,1496,116145,390,3043939835,3044038929,0,3044038939,3044039454,3793724585,17859281,-86,70,1009,0.1972,1720.0,0.28868397147159675,-0.0596546307203214,0.1972,25.43,77.8,,,,,,
2026-07-30T23:16:41.504210+00:00,S053,mounted,true,rotor_drag,mild,900,rotor_drag-mild_horizontal_no_load_0900rpm,3044138,981,397,2063,3076,2,3,1667268,9,123,113,85,19,1755,1495,1233,253,859,1637,16383,1766,1739,1734434,800,1965,2213,556989,11957,8,382602,1496,116146,390,3044039886,3044138976,0,3044138991,3044139506,3760456464,17871233,-69,18,1008,0.1858,1720.0,0.2974502382704687,-0.11575107175712995,0.1858,25.4,77.7,,,,,,
2026-07-30T23:16:41.599362+00:00,S053,mounted,true,rotor_drag,mild,900,rotor_drag-mild_horizontal_no_load_0900rpm,3044238,891,451,2209,3474,6,3,1667303,9,123,120,117,14,1755,1494,1224,216,704,1638,16383,1767,1744,1739386,800,1989,2324,556922,11954,8,382598,1496,116147,390,3044139938,3044239008,0,3044239023,3044239538,3781952300,17862268,-112,51,1028,0.1858,1720.0,0.4833628962690306,-0.0749321748368752,0.1858,25.36,77.7,,,,,,
2026-07-30T23:16:41.694358+00:00,S053,mounted,true,rotor_drag,mild,900,rotor_drag-mild_horizontal_no_load_0900rpm,3044338,905,395,2170,3262,2,3,1667340,9,123,99,74,12,1755,1495,1219,255,806,1638,16383,1767,1744,1740669,800,2137,2206,556989,11956,8,382598,1496,116148,390,3044239972,3044339052,0,3044339066,3044339581,3787503319,17868246,-116,59,1036,0.1858,1720.0,0.2860947162930745,0.1711218330545332,0.1858,25.36,77.7,,,,,,
2026-07-30T23:16:41.786314+00:00,S053,mounted,true,rotor_drag,mild,900,rotor_drag-mild_horizontal_no_load_0900rpm,3044438,916,410,2208,3327,6,3,1667375,9,123,125,126,23,1756,1495,1219,255,806,1635,16383,1768,1746,1744075,800,1962,2214,557399,11959,8,382603,1496,116149,390,3044340013,3044439093,0,3044439103,3044439618,3802422793,17877213,-56,14,1044,0.1896,1720.0,0.2984994612425784,-0.12129616849234903,0.1896,25.46,77.8,,,,,,
2026-07-30T23:16:41.880957+00:00,S053,mounted,true,rotor_drag,mild,900,rotor_drag-mild_horizontal_no_load_0900rpm,3044539,906,326,2259,3159,6,3,1667411,9,123,100,82,5,1757,1495,1224,232,733,1638,16383,1771,1750,1760700,808,2057,2214,557607,11957,8,382604,1496,116150,390,3044440055,3044539761,0,3044539835,3044540350,3836802582,17871233,-85,66,1051,0.1934,1720.0,0.29911637258509627,0.037533285188592114,0.1934,25.36,77.7,,,,,,
2026-07-30T23:16:41.975186+00:00,S053,mounted,true,rotor_drag,mild,900,rotor_drag-mild_horizontal_no_load_0900rpm,3044639,872,610,2061,3809,2,3,1667448,9,123,158,187,15,1757,1494,1209,232,733,1639,16383,1768,1743,1740837,800,2119,2283,557523,11953,8,382598,1496,116151,390,3044540781,3044639854,0,3044639927,3044640442,3788257337,17859281,-94,31,1030,0.1934,1720.0,0.4153525540868399,0.14201508633815774,0.1934,25.33,77.6,,,,,,
2026-07-30T23:16:42.068524+00:00,S053,mounted,true,rotor_drag,mild,900,rotor_drag-mild_horizontal_no_load_0900rpm,3044739,890,422,2210,3397,3,3,1667485,9,123,87,30,23,1757,1494,1228,251,916,1652,16383,1770,1746,1743781,800,2083,2210,557695,11953,8,382592,1496,116152,390,3044640876,3044740060,0,3044740134,3044740649,3801055071,17859279,-88,107,1011,0.1934,1720.0,0.2936840471011455,0.08201417878356887,0.1934,24.94,76.9,,,,,,
2026-07-30T23:16:42.210117+00:00,S053,mounted,true,rotor_drag,mild,900,rotor_drag-mild_horizontal_no_load_0900rpm,3044840,927,390,2217,3269,1,3,1667522,9,123,117,111,16,1758,1495,1235,264,985,1637,16383,1769,1750,1762215,808,2153,2223,557933,11956,8,382592,1496,116153,390,3044741081,3044840762,0,3044840771,3044841286,3843394259,17868244,-63,44,1024,0.1972,1720.0,0.3144213686851791,0.19778221177651378,0.1972,25.4,77.7,,,,,,
2026-07-30T23:16:42.305074+00:00,S053,mounted,true,rotor_drag,mild,900,rotor_drag-mild_horizontal_no_load_0900rpm,3044940,972,457,2044,3221,5,3,1667559,9,123,113,102,9,1757,1495,1221,264,985,1634,16383,1772,1745,1741408,800,1983,2414,557735,11957,8,382594,1496,116154,390,3044841719,3044940878,0,3044940888,3044941403,3790847776,17871233,-91,19,1009,0.1934,1720.0,0.6323432355105796,-0.08576065409383649,0.1934,25.49,77.9,,,,,,
2026-07-30T23:16:42.398524+00:00,S053,mounted,true,rotor_drag,mild,900,rotor_drag-mild_horizontal_no_load_0900rpm,3045040,928,582,1975,3542,6,3,1667597,9,123,153,176,10,1758,1495,1240,243,853,1634,16383,1776,1746,1743267,800,2005,2359,557829,11959,8,382599,1496,116155,390,3044941835,3045040943,0,3045040952,3045041468,3798902611,17877211,-55,-56,969,0.1972,1720.0,0.540048533907517,-0.04966437452964323,0.1972,25.49,77.9,,,,,,
2026-07-30T23:16:42.493431+00:00,S053,mounted,true,rotor_drag,mild,900,rotor_drag-mild_horizontal_no_load_0900rpm,3045140,934,383,2208,3233,3,3,1667635,9,123,109,93,5,1758,1495,1217,286,1115,1634,16383,1767,1746,1742000,800,1939,2207,557795,11959,8,382604,1496,116156,390,3045041900,3045140977,0,3045141151,3045141666,3793335746,17877211,-66,-26,1029,0.1972,1720.0,0.28683847152771946,-0.1596108489840291,0.1972,25.49,77.9,,,,,,
2026-07-30T23:16:42.588125+00:00,S053,mounted,true,rotor_drag,mild,900,rotor_drag-mild_horizontal_no_load_0900rpm,3045241,955,424,2096,3207,5,3,1667673,9,123,112,96,21,1757,1495,1232,286,1115,1633,16383,1774,1744,1757672,808,2145,2365,557501,11958,8,382607,1496,116157,390,3045142099,3045241747,0,3045241821,3045242335,3823706050,17874222,-88,-44,999,0.1934,1720.0,0.5503731334671347,0.1838542373306571,0.1934,25.52,77.9,,,,,,
2026-07-30T23:16:42.681196+00:00,S053,mounted,true,rotor_drag,mild,900,rotor_drag-mild_horizontal_no_load_0900rpm,3045341,930,563,2000,3514,6,3,1667711,9,123,150,179,17,1756,1495,1238,279,1076,1636,16383,1768,1740,1739656,800,2131,2265,557288,11958,8,382610,1496,116158,390,3045242768,3045341832,0,3045341906,3045342421,3783111706,17874222,-79,-18,1047,0.1896,1720.0,0.38377363522328123,0.16053030757651765,0.1896,25.43,77.8,,,,,,
2026-07-30T23:16:42.774513+00:00,S053,mounted,true,rotor_drag,mild,900,rotor_drag-mild_horizontal_no_load_0900rpm,3045441,925,482,2116,3419,2,3,1667748,9,123,116,109,9,1756,1495,1245,279,1076,1630,16383,1772,1748,1742596,800,2147,2213,557416,11957,8,382610,1496,116159,390,3045342856,3045441910,0,3045441984,3045442499,3795886892,17871233,-42,108,976,0.1896,1720.0,0.2974502382704687,0.18748537350505945,0.1896,25.61,78.1,,,,,,
2026-07-30T23:16:42.868553+00:00,S053,mounted,true,rotor_drag,mild,900,rotor_drag-mild_horizontal_no_load_0900rpm,3045541,942,407,2062,3144,3,3,1667785,9,123,116,131,7,1756,1495,1212,333,1404,1629,16383,1771,1742,1740679,800,2145,2361,557295,11956,8,382609,1496,116160,390,3045442936,3045542011,0,3045542085,3045542601,3787587629,17868244,-73,121,1026,0.1896,1720.0,0.5443671351622612,0.1844520224155235,0.1896,25.64,78.1,,,,,,
2026-07-30T23:16:43.007064+00:00,S053,mounted,true,rotor_drag,mild,900,rotor_drag-mild_horizontal_no_load_0900rpm,3045641,933,467,1998,3250,1,3,1667822,9,123,122,117,10,1753,1494,1212,295,1175,1630,16383,1766,1732,1731959,800,2123,2395,556298,11955,8,382606,1496,116161,390,3045543035,3045642093,0,3045642167,3045642682,3749785209,17865259,-79,64,1032,0.1782,1720.0,0.6013542521957338,0.1480899028858218,0.1782,25.61,78.1,,,,,,
2026-07-30T23:16:43.102063+00:00,S053,mounted,true,rotor_drag,mild,900,rotor_drag-mild_horizontal_no_load_0900rpm,3045742,919,513,2064,3460,5,3,1667859,9,123,135,150,6,1752,1495,1235,295,1175,1626,16383,1763,1738,1751888,808,2127,2307,555923,11958,8,382609,1496,116162,390,3045643116,3045742936,0,3045742945,3045743460,3798534584,17874222,-94,69,1064,0.1744,1720.0,0.45374542448569954,0.15386632764676378,0.1744,25.73,78.3,,,,,,
2026-07-30T23:16:43.196722+00:00,S053,mounted,true,rotor_drag,mild,900,rotor_drag-mild_horizontal_no_load_0900rpm,3045842,878,409,2143,3308,1,3,1667894,9,123,101,63,9,1750,1495,1255,296,1162,1625,16383,1760,1736,1733070,800,2134,2375,555475,11957,8,382609,1496,116163,390,3045743893,3045842952,0,3045842961,3045843477,3754552176,17871233,-80,88,1093,0.1669,1720.0,0.5673639972401099,0.16582562741490303,0.1669,25.76,78.4,,,,,,
2026-07-30T23:16:43.290877+00:00,S053,mounted,true,rotor_drag,mild,900,rotor_drag-mild_horizontal_no_load_0900rpm,3045942,906,525,2164,3613,1,3,1667930,9,123,126,117,23,1750,1495,1222,271,1003,1627,16383,1762,1736,1733801,800,2067,2321,555268,11957,8,382609,1496,116164,390,3045843909,3045943015,0,3045943024,3045943539,3757726165,17871233,-65,25,1069,0.1669,1720.0,0.4773927442502295,0.05419462833486621,0.1669,25.7,78.3,,,,,,
2026-07-30T23:16:43.383297+00:00,S053,mounted,true,rotor_drag,mild,900,rotor_drag-mild_horizontal_no_load_0900rpm,3046042,871,489,2175,3578,2,3,1667964,9,123,133,149,13,1749,1495,1258,271,1003,1624,16383,1762,1734,1731916,800,2045,2387,554981,11958,8,382611,1496,116165,390,3045943974,3046043065,0,3046043075,3046043590,3749598196,17874222,-48,95,1093,0.1631,1720.0,0.5870250230807827,0.01725473908680364,0.1631,25.79,78.4,,,,,,
2026-07-30T23:16:43.475653+00:00,S053,mounted,true,rotor_drag,mild,900,rotor_drag-mild_horizontal_no_load_0900rpm,3046142,874,316,2367,3272,2,3,1668000,9,123,86,50,10,1750,1494,1228,293,1057,1626,16383,1764,1742,1736270,800,1941,2345,555281,11955,8,382608,1496,116166,390,3046044028,3046143094,0,3046143103,3046143617,3768446262,17865257,-44,70,1082,0.1669,1720.0,0.5180335997490588,-0.15519727202007516,0.1669,25.73,78.3,,,,,,
2026-07-30T23:16:43.569441+00:00,S053,mounted,true,rotor_drag,mild,900,rotor_drag-mild_horizontal_no_load_0900rpm,3046242,902,393,2183,3273,2,3,1668036,9,123,111,117,9,1750,1494,1233,293,1057,1624,16383,1763,1739,1736838,800,1959,2323,555523,11954,8,382603,1496,116167,390,3046144049,3046243103,0,3046243113,3046243628,3770898816,17862266,-57,70,1068,0.1669,1720.0,0.48169634381796866,-0.12492874836874712,0.1669,25.79,78.4,,,,,,
2026-07-30T23:16:43.700752+00:00,S053,mounted,true,rotor_drag,mild,900,rotor_drag-mild_horizontal_no_load_0900rpm,3046343,892,553,2231,3782,3,3,1668073,9,123,127,128,7,1750,1495,1241,254,906,1622,16383,1767,1738,1751064,808,2077,2205,555390,11957,8,382604,1496,116168,390,3046244060,3046343760,0,3046343834,3046344349,3794934814,17871233,-52,62,1050,0.1669,1720.0,0.28412116375344976,0.07085597148114076,0.1669,25.85,78.5,,,,,,
2026-07-30T23:16:43.805105+00:00,S053,mounted,true,rotor_drag,mild,900,rotor_drag-mild_horizontal_no_load_0900rpm,3046443,902,539,2180,3673,2,3,1668108,9,123,120,117,4,1750,1495,1219,234,826,1629,16383,1761,1741,1736479,800,2073,2363,555517,11957,8,382605,1496,116169,390,3046344781,3046443827,0,3046443901,3046444418,3769349987,17871233,-84,36,1039,0.1669,1720.0,0.547370385464581,0.06419143422263085,0.1669,25.64,78.1,,,,,,
2026-07-30T23:16:43.899049+00:00,S053,mounted,true,rotor_drag,mild,900,rotor_drag-mild_horizontal_no_load_0900rpm,3046543,901,532,2185,3662,3,3,1668145,9,123,118,113,7,1750,1495,1245,234,826,1629,16383,1762,1740,1733695,800,2093,2365,555326,11958,8,382608,1496,116170,390,3046444850,3046543911,0,3046543985,3046544500,3757267675,17874222,-85,68,1045,0.1669,1720.0,0.5503731334671347,0.0972224982438532,0.1669,25.64,78.1,,,,,,
2026-07-30T23:16:43.990248+00:00,S053,mounted,true,rotor_drag,mild,900,rotor_drag-mild_horizontal_no_load_0900rpm,3046643,863,525,2272,3793,6,3,1668179,9,123,115,110,4,1750,1494,1235,210,724,1626,16383,1759,1740,1734338,800,2127,2201,555263,11955,8,382605,1496,116171,390,3046544936,3046644016,0,3046644089,3046644604,3759989694,17865257,-89,31,1040,0.1669,1720.0,0.2780701207026346,0.15475555508155558,0.1669,25.73,78.3,,,,,,
2026-07-30T23:16:44.084069+00:00,S053,mounted,true,rotor_drag,mild,900,rotor_drag-mild_horizontal_no_load_0900rpm,3046743,864,463,2320,3661,4,3,1668214,9,123,103,89,8,1749,1495,1217,194,624,1624,16383,1758,1737,1732376,800,1945,2201,555042,11958,8,382608,1496,116172,390,3046645036,3046744082,0,3046744156,3046744671,3751527338,17874222,-86,-28,999,0.1631,1720.0,0.2771499563472153,-0.1493447591570498,0.1631,25.79,78.4,,,,,,
2026-07-30T23:16:44.177752+00:00,S053,mounted,true,rotor_drag,mild,900,rotor_drag-mild_horizontal_no_load_0900rpm,3046844,875,520,2331,3816,5,3,1668249,9,123,126,121,15,1749,1495,1262,194,624,1628,16383,1759,1736,1750372,808,2119,2219,554924,11957,8,382609,1496,116173,390,3046745105,3046844777,0,3046844787,3046845302,3791915838,17871233,-80,54,1031,0.1631,1720.0,0.3074470441582333,0.14083361269549188,0.1631,25.67,78.2,,,,,,
2026-07-30T23:16:44.317539+00:00,S053,mounted,true,rotor_drag,mild,900,rotor_drag-mild_horizontal_no_load_0900rpm,3046944,903,515,2204,3632,4,3,1668286,9,123,118,116,4,1749,1495,1240,207,690,1626,16383,1761,1732,1734206,800,1975,2199,555002,11956,8,382608,1496,116174,390,3046845735,3046944809,0,3046944818,3046945333,3759457894,17868244,-71,-33,981,0.1631,1720.0,0.27443080060220826,-0.09881450150552062,0.1631,25.73,78.3,,,,,,
2026-07-30T23:16:44.409694+00:00,S053,mounted,true,rotor_drag,mild,900,rotor_drag-mild_horizontal_no_load_0900rpm,3047044,898,515,2215,3648,5,3,1668321,9,123,119,117,2,1749,1495,1232,207,690,1627,16383,1765,1737,1735199,800,2107,2209,555129,11957,8,382609,1496,116175,390,3046945765,3047044880,0,3047044889,3047045405,3763747237,17871235,-82,65,1037,0.1631,1720.0,0.29078570101195966,0.12084000091996305,0.1631,25.7,78.3,,,,,,
2026-07-30T23:16:44.504898+00:00,S053,mounted,true,rotor_drag,mild,900,rotor_drag-mild_horizontal_no_load_0900rpm,3047144,898,523,2169,3626,4,3,1668358,9,123,125,136,2,1750,1495,1235,200,708,1625,16383,1763,1738,1735419,800,2024,2299,555274,11956,8,382608,1496,116176,390,3047045837,3047144911,0,3047144920,3047145435,3764730647,17868244,-22,69,1060,0.1669,1720.0,0.4410581676145866,-0.017167091669454848,0.1669,25.76,78.4,,,,,,
2026-07-30T23:16:44.599748+00:00,S053,mounted,true,rotor_drag,mild,900,rotor_drag-mild_horizontal_no_load_0900rpm,3047244,907,569,2079,3648,4,3,1668394,9,123,133,151,4,1750,1495,1230,215,773,1625,16383,1767,1736,1735991,800,2099,2343,555425,11958,8,382611,1496,116177,390,3047145867,3047244973,0,3047244983,3047245498,3767242455,17874224,-20,-10,1030,0.1669,1720.0,0.513721243853487,0.10721846813848446,0.1669,25.76,78.4,,,,,,
2026-07-30T23:16:44.696384+00:00,S053,mounted,true,rotor_drag,mild,900,rotor_drag-mild_horizontal_no_load_0900rpm,3047344,889,615,2093,3823,4,3,1668430,9,123,140,155,11,1751,1495,1249,215,773,1639,16383,1771,1739,1737728,800,2139,2357,555714,11957,8,382611,1496,116178,390,3047245930,3047345024,0,3047345033,3047345548,3774775188,17871233,-81,15,1052,0.1706,1720.0,0.5373735795768164,0.17415629898804008,0.1706,25.33,77.6,,,,,,
2026-07-30T23:16:44.789265+00:00,S053,mounted,true,rotor_drag,mild,900,rotor_drag-mild_horizontal_no_load_0900rpm,3047444,874,588,2207,3888,1,3,1668464,9,123,137,151,14,1751,1495,1232,242,905,1630,16383,1771,1737,1736244,800,2053,2415,555683,11958,8,382613,1496,116179,390,3047345985,3047445059,0,3047445069,3047445584,3768367076,17874222,-94,5,1058,0.1706,1720.0,0.6336728825890612,0.03058269894631227,0.1706,25.61,78.1,,,,,,
2026-07-30T23:16:44.883095+00:00,S053,mounted,true,rotor_drag,mild,900,rotor_drag-mild_horizontal_no_load_0900rpm,3047544,867,615,2163,3935,1,3,1668500,9,123,143,160,8,1751,1495,1230,241,863,1624,16383,1767,1738,1737369,800,2007,2215,555852,11957,8,382613,1496,116180,390,3047446016,3047545108,0,3047545122,3047545637,3773212819,17871233,-63,32,1078,0.1706,1720.0,0.30078250689972386,-0.045773430542778826,0.1706,25.79,78.4,,,,,,
2026-07-30T23:16:44.975536+00:00,S053,mounted,true,rotor_drag,mild,900,rotor_drag-mild_horizontal_no_load_0900rpm,3047644,880,542,2200,3741,3,3,1668535,9,123,141,153,25,1751,1494,1253,241,863,1624,16383,1773,1738,1735742,800,2091,2314,555726,11955,8,382610,1496,116181,390,3047546069,3047645150,0,3047645160,3047645675,3766162884,17865257,-23,0,1042,0.1706,1720.0,0.4663747952321202,0.09476468531994975,0.1706,25.79,78.4,,,,,,
2026-07-30T23:16:45.115206+00:00,S053,mounted,true,rotor_drag,mild,900,rotor_drag-mild_horizontal_no_load_0900rpm,3047745,890,568,2128,3723,3,3,1668571,9,123,162,188,22,1752,1495,1208,236,807,1615,16383,1771,1737,1756742,808,2099,2243,556068,11957,8,382610,1496,116182,390,3047646108,3047745945,0,3047746019,3047746534,3819646584,17871235,-93,44,1073,0.1744,1720.0,0.3474342677092914,0.10751092640294324,0.1744,26.07,78.9,,,,,,
2026-07-30T23:16:45.210138+00:00,S053,mounted,true,rotor_drag,mild,900,rotor_drag-mild_horizontal_no_load_0900rpm,3047845,888,576,2053,3675,3,3,1668607,9,123,166,206,18,1751,1494,1225,236,807,1619,16383,1771,1737,1733796,800,1971,2215,555715,11954,8,382605,1496,116183,390,3047746967,3047846021,0,3047846095,3047846610,3757769668,17862268,-113,28,1052,0.1706,1720.0,0.30170867910322885,-0.10493011895599791,0.1706,25.94,78.7,,,,,,
2026-07-30T23:16:45.301945+00:00,S053,mounted,true,rotor_drag,mild,900,rotor_drag-mild_horizontal_no_load_0900rpm,3047945,892,599,2117,3795,3,3,1668643,9,123,171,200,24,1752,1494,1202,286,997,1622,16383,1771,1738,1738392,800,2133,2377,555940,11953,8,382599,1496,116184,390,3047847048,3047946096,0,3047946336,3047946851,3777730068,17859281,-90,-10,1044,0.1744,1720.0,0.5720215904793773,0.16534877260938652,0.1744,25.85,78.5,,,,,,
2026-07-30T23:16:45.395209+00:00,S053,mounted,true,rotor_drag,mild,900,rotor_drag-mild_horizontal_no_load_0900rpm,3048046,902,557,2108,3653,3,3,1668679,9,123,159,187,20,1750,1495,1222,280,954,1624,16383,1769,1735,1749882,808,1953,2207,555493,11958,8,382602,1496,116185,390,3047947285,3048046793,0,3048046803,3048047317,3789908514,17874222,-77,73,1079,0.1669,1720.0,0.28714592624184654,-0.13601679929754162,0.1669,25.79,78.4,,,,,,
2026-07-30T23:16:45.491855+00:00,S053,mounted,true,rotor_drag,mild,900,rotor_drag-mild_horizontal_no_load_0900rpm,3048146,917,518,2097,3510,1,3,1668716,9,123,145,169,16,1751,1494,1227,280,954,1621,16383,1773,1738,1737198,800,2138,2219,555677,11955,8,382600,1496,116186,390,3048047750,3048146818,0,3048146832,3048147347,3772439958,17865255,-147,108,1046,0.1706,1720.0,0.3080655555834375,0.17308609861982438,0.1706,25.88,78.6,,,,,,
2026-07-30T23:16:45.580619+00:00,S053,mounted,true,rotor_drag,mild,900,rotor_drag-mild_horizontal_no_load_0900rpm,3048246,906,551,2057,3577,1,3,1668752,9,123,159,192,18,1750,1495,1212,327,1156,1626,16383,1767,1737,1732795,800,2133,2211,555341,11957,8,382601,1496,116187,390,3048147783,3048246842,0,3048246852,3048247367,3753329847,17871233,-114,-6,997,0.1669,1720.0,0.29411796964121395,0.1641594931002759,0.1669,25.73,78.3,,,,,,
2026-07-30T23:16:45.722037+00:00,S053,mounted,true,rotor_drag,mild,900,rotor_drag-mild_horizontal_no_load_0900rpm,3048346,907,586,2070,3687,1,3,1668788,9,123,172,207,16,1751,1495,1232,340,1274,1619,16383,1775,1733,1738133,800,2137,2218,555696,11959,8,382606,1496,116188,390,3048247800,3048346890,0,3048346899,3048347415,3776541019,17877213,-139,32,1022,0.1706,1720.0,0.3051628839367839,0.17022857437912853,0.1706,25.94,78.7,,,,,,
2026-07-30T23:16:45.816326+00:00,S053,mounted,true,rotor_drag,mild,900,rotor_drag-mild_horizontal_no_load_0900rpm,3048446,895,611,2079,3785,1,3,1668824,9,123,182,219,35,1750,1494,1230,340,1274,1626,16383,1774,1735,1733626,800,1953,2419,555397,11955,8,382604,1496,116189,390,3048347853,3048446925,0,3048446935,3048447450,3757177884,17865261,-83,6,1029,0.1669,1720.0,0.6413481653701378,-0.1352003154328738,0.1669,25.73,78.3,,,,,,
2026-07-30T23:16:45.909100+00:00,S053,mounted,true,rotor_drag,mild,900,rotor_drag-mild_horizontal_no_load_0900rpm,3048546,893,562,2108,3681,1,3,1668860,9,123,174,207,41,1751,1495,1216,334,1165,1625,16383,1774,1735,1738702,800,2075,2379,555766,11956,8,382604,1496,116190,390,3048447887,3048546986,0,3048547000,3048547515,3779080356,17868246,-55,-28,1042,0.1706,1720.0,0.5743600612244895,0.06781286550685817,0.1706,25.76,78.4,,,,,,
2026-07-30T23:16:46.003559+00:00,S053,mounted,true,rotor_drag,mild,900,rotor_drag-mild_horizontal_no_load_0900rpm,3048646,885,600,2094,3789,1,3,1668896,9,123,182,218,41,1751,1494,1236,334,1165,1623,16383,1775,1733,1734324,800,2109,2215,555560,11955,8,382602,1496,116191,390,3048547950,3048647037,0,3048647047,3048647562,3760028786,17865257,-33,-3,1081,0.1706,1720.0,0.3013999033877037,0.12476012020075222,0.1706,25.82,78.5,,,,,,
2026-07-30T23:16:46.096021+00:00,S053,mounted,true,rotor_drag,mild,900,rotor_drag-mild_horizontal_no_load_0900rpm,3048746,905,606,2062,3737,3,3,1668931,9,123,178,212,31,1752,1495,1229,331,1118,1621,16383,1777,1736,1741286,800,2091,2317,556136,11958,8,382605,1496,116192,390,3048647995,3048747241,0,3048747251,3048747766,3790314170,17874222,-64,23,1047,0.1744,1720.0,0.4704053743100851,0.09389050827897583,0.1744,25.88,78.6,,,,,,
2026-07-30T23:16:46.190943+00:00,S053,mounted,true,rotor_drag,mild,900,rotor_drag-mild_horizontal_no_load_0900rpm,3048847,899,582,2073,3693,1,3,1668968,9,123,178,216,28,1751,1495,1216,305,965,1621,16383,1769,1735,1751861,808,2079,2334,555802,11958,8,382608,1496,116193,390,3048748203,3048847776,0,3048847850,3048848365,3798496535,17874222,-32,65,1076,0.1706,1720.0,0.4987272890115402,0.07389856848971332,0.1706,25.88,78.6,,,,,,
2026-07-30T23:16:46.284104+00:00,S053,mounted,true,rotor_drag,mild,900,rotor_drag-mild_horizontal_no_load_0900rpm,3048947,895,563,2070,3642,3,3,1669003,9,123,173,210,31,1752,1494,1229,305,965,1625,16383,1775,1735,1739510,800,2131,2303,556100,11953,8,382601,1496,116194,390,3048848798,3048947853,0,3048947927,3048948442,3782551528,17859279,-72,88,1064,0.1744,1720.0,0.44868639161716706,0.16201538885635358,0.1744,25.76,78.4,,,,,,
2026-07-30T23:16:46.425720+00:00,S053,mounted,true,rotor_drag,mild,900,rotor_drag-mild_horizontal_no_load_0900rpm,3049047,891,563,2087,3667,1,3,1669040,9,123,171,207,31,1751,1495,1232,284,846,1626,16383,1770,1733,1733155,800,1999,2213,555699,11958,8,382604,1496,116195,390,3048948875,3049047956,0,3049048030,3049048545,3754952025,17874222,-65,72,1052,0.1706,1720.0,0.2971418961364778,-0.05938103010536944,0.1706,25.73,78.3,,,,,,
2026-07-30T23:16:46.518381+00:00,S053,mounted,true,rotor_drag,mild,900,rotor_drag-mild_horizontal_no_load_0900rpm,3049147,898,523,2153,3611,3,3,1669075,9,123,151,170,36,1752,1494,1232,280,878,1617,16383,1774,1738,1738972,800,2127,2433,556006,11954,8,382600,1496,116196,390,3049048979,3049148202,0,3049148276,3049148791,3780247476,17862268,-59,19,1039,0.1744,1720.0,0.6650171134348328,0.15505206340973698,0.1744,26.01,78.8,,,,,,
2026-07-30T23:16:46.612646+00:00,S053,mounted,true,rotor_drag,mild,900,rotor_drag-mild_horizontal_no_load_0900rpm,3049248,871,569,2094,3727,3,3,1669111,9,123,167,196,36,1751,1494,1232,280,878,1610,16383,1776,1738,1751987,808,2141,2379,555728,11954,8,382596,1496,116197,390,3049149224,3049248792,0,3049248801,3049249316,3799032011,17862270,-81,-39,1001,0.1706,1720.0,0.5750232810774634,0.178383797724611,0.1706,26.22,79.2,,,,,,
2026-07-30T23:16:46.705146+00:00,S053,mounted,true,rotor_drag,mild,900,rotor_drag-mild_horizontal_no_load_0900rpm,3049348,870,541,2124,3680,4,3,1669144,9,123,168,205,26,1752,1494,1230,272,850,1618,16383,1778,1736,1739473,800,1945,2329,556054,11953,8,382590,1496,116198,390,3049249750,3049348834,0,3049348843,3049349358,3782452825,17859279,-71,27,1009,0.1744,1720.0,0.4920203804065926,-0.14798930017568868,0.1744,25.97,78.8,,,,,,
2026-07-30T23:16:46.797185+00:00,S053,mounted,true,rotor_drag,mild,900,rotor_drag-mild_horizontal_no_load_0900rpm,3049448,870,562,2136,3751,6,3,1669181,9,123,171,208,26,1751,1494,1250,272,850,1622,16383,1771,1734,1733241,800,1999,2214,555648,11952,8,382583,1496,116199,390,3049349791,3049448849,0,3049448858,3049449373,3755325137,17856292,-91,68,1078,0.1706,1720.0,0.3006595542168671,-0.05770918072289177,0.1706,25.85,78.5,,,,,,
2026-07-30T23:16:46.891403+00:00,S053,mounted,true,rotor_drag,mild,900,rotor_drag-mild_horizontal_no_load_0900rpm,3049548,917,479,2100,3407,6,3,1669217,9,123,143,159,34,1752,1495,1245,268,800,1623,16383,1771,1738,1739165,800,2131,2221,555962,11957,8,382585,1496,116200,390,3049449806,3049548914,0,3049548929,3049549444,3781036949,17871233,-90,58,1087,0.1744,1720.0,0.3107793127874885,0.16082722447102116,0.1744,25.82,78.5,,,,,,
2026-07-30T23:16:47.032088+00:00,S053,mounted,true,rotor_drag,mild,900,rotor_drag-mild_horizontal_no_load_0900rpm,3049648,927,546,2009,3483,3,3,1669255,9,123,168,204,28,1751,1494,1221,273,788,1630,16383,1767,1734,1734066,800,2087,2207,555682,11953,8,382580,1496,116201,390,3049549877,3049648949,0,3049648959,3049649474,3758884950,17859277,-79,84,1098,0.1706,1720.0,0.28868397147159675,0.0886809462896343,0.1706,25.61,78.1,,,,,,
2026-07-30T23:16:47.127722+00:00,S053,mounted,true,rotor_drag,mild,900,rotor_drag-mild_horizontal_no_load_0900rpm,3049748,928,518,2033,3430,2,3,1669290,9,123,163,193,21,1752,1494,1248,273,788,1644,16383,1768,1736,1738636,800,1986,2421,555969,11954,8,382577,1496,116202,390,3049649907,3049748988,0,3049748998,3049749513,3778818270,17862270,-107,102,1057,0.1744,1720.0,0.6450184840220841,-0.07993183219006195,0.1744,25.18,77.3,,,,,,
2026-07-30T23:16:47.222459+00:00,S053,mounted,true,rotor_drag,mild,900,rotor_drag-mild_horizontal_no_load_0900rpm,3049849,889,531,2095,3589,3,3,1669327,9,123,159,192,33,1751,1494,1247,262,728,1633,16383,1775,1738,1750790,808,2141,2217,555603,11954,8,382574,1496,116203,390,3049749948,3049849760,0,3049849834,3049850349,3793786806,17862270,-55,22,1033,0.1706,1720.0,0.30504178400535364,0.178383797724611,0.1706,25.52,77.9,,,,,,
2026-07-30T23:16:47.316160+00:00,S053,mounted,true,rotor_drag,mild,900,rotor_drag-mild_horizontal_no_load_0900rpm,3049949,888,520,2101,3564,2,3,1669362,9,123,159,190,36,1752,1495,1205,238,682,1622,16383,1776,1736,1740423,800,2139,2229,556093,11957,8,382577,1496,116204,390,3049850782,3049949862,0,3049949935,3049950450,3786508993,17871233,-38,57,1044,0.1744,1720.0,0.3241083873045074,0.17415629898804008,0.1744,25.85,78.5,,,,,,
2026-07-30T23:16:47.408216+00:00,S053,mounted,true,rotor_drag,mild,900,rotor_drag-mild_horizontal_no_load_0900rpm,3050049,921,537,2040,3499,1,3,1669400,9,123,149,170,45,1752,1495,1218,238,682,1622,16383,1776,1736,1736132,800,1994,2217,556005,11958,8,382581,1496,116205,390,3049950884,3050050107,0,3050050181,3050050696,3767884802,17874222,-100,77,987,0.1744,1720.0,0.30380587606623166,-0.067711005017562,0.1744,25.85,78.5,,,,,,
2026-07-30T23:16:47.501976+00:00,S053,mounted,true,rotor_drag,mild,900,rotor_drag-mild_horizontal_no_load_0900rpm,3050150,920,500,2056,3415,5,3,1669437,9,123,149,166,47,1753,1494,1253,228,617,1622,16383,1777,1737,1757630,808,2031,2227,556324,11954,8,382578,1496,116206,390,3050051129,3050150793,0,3050150807,3050151322,3823522280,17862270,-161,94,1003,0.1782,1720.0,0.32170730851597806,-0.0049369718922536165,0.1782,25.85,78.5,,,,,,
2026-07-30T23:16:47.594464+00:00,S053,mounted,true,rotor_drag,mild,900,rotor_drag-mild_horizontal_no_load_0900rpm,3050250,920,503,2060,3428,4,3,1669474,9,123,152,172,45,1752,1494,1238,228,617,1629,16383,1776,1734,1736146,800,2120,2341,556084,11953,8,382573,1496,116207,390,3050151757,3050250843,0,3050250853,3050251368,3767971248,17859279,-140,101,1019,0.1744,1720.0,0.5120206829247884,0.14368177821467398,0.1744,25.64,78.1,,,,,,
2026-07-30T23:16:47.733539+00:00,S053,mounted,true,rotor_drag,mild,900,rotor_drag-mild_horizontal_no_load_0900rpm,3050350,911,535,2053,3522,4,3,1669510,9,123,153,177,48,1753,1494,1257,266,802,1625,16383,1777,1733,1740534,800,2009,2447,556402,11954,8,382571,1496,116208,390,3050251803,3050350892,0,3050350902,3050351417,3787112200,17862266,-84,64,1029,0.1782,1720.0,0.6883488477497073,-0.041601125815626805,0.1782,25.76,78.4,,,,,,
2026-07-30T23:16:47.829331+00:00,S053,mounted,true,rotor_drag,mild,900,rotor_drag-mild_horizontal_no_load_0900rpm,3050450,921,538,2045,3506,6,3,1669547,9,123,147,165,47,1753,1494,1254,241,721,1622,16383,1772,1736,1736222,800,2135,2215,556158,11954,8,382569,1496,116209,390,3050351850,3050450905,0,3050450915,3050451430,3768230050,17862270,-39,72,1011,0.1782,1720.0,0.30170867910322885,0.16838448301823616,0.1782,25.85,78.5,,,,,,
2026-07-30T23:16:47.922134+00:00,S053,mounted,true,rotor_drag,mild,900,rotor_drag-mild_horizontal_no_load_0900rpm,3050550,918,503,2052,3422,2,3,1669584,9,123,142,158,46,1754,1494,1244,241,721,1624,16383,1777,1738,1740998,800,2133,2225,556522,11953,8,382565,1496,116210,390,3050451867,3050550947,0,3050550957,3050551472,3789009346,17859279,-71,6,1015,0.182,1720.0,0.3186844252488914,0.16534877260938652,0.182,25.79,78.4,,,,,,
2026-07-30T23:16:48.016065+00:00,S053,mounted,true,rotor_drag,mild,900,rotor_drag-mild_horizontal_no_load_0900rpm,3050650,914,499,2093,3458,2,3,1669620,9,123,140,150,49,1753,1495,1238,235,679,1625,16383,1776,1737,1735940,800,1945,2415,556198,11957,8,382568,1496,116211,390,3050551904,3050650971,0,3050650980,3050651494,3767183876,17871233,-77,-4,1029,0.1782,1720.0,0.6340093698252067,-0.14907375804967815,0.1782,25.76,78.4,,,,,,
2026-07-30T23:16:48.110969+00:00,S053,mounted,true,rotor_drag,mild,900,rotor_drag-mild_horizontal_no_load_0900rpm,3050750,909,582,2156,3757,3,3,1669657,9,123,137,131,51,1753,1494,1237,225,634,1623,16383,1776,1738,1738931,800,2101,2383,556285,11955,8,382568,1496,116212,390,3050651927,3050751021,0,3050751036,3050751551,3780111363,17865255,-71,42,1036,0.1782,1720.0,0.5813572956085316,0.11142881580928465,0.1782,25.82,78.5,,,,,,
2026-07-30T23:16:48.204769+00:00,S053,mounted,true,rotor_drag,mild,900,rotor_drag-mild_horizontal_no_load_0900rpm,3050850,898,540,2166,3670,3,3,1669693,9,123,133,132,48,1752,1495,1244,225,634,1607,16383,1772,1737,1735784,800,2001,2365,556041,11957,8,382571,1496,116213,390,3050751984,3050851039,0,3050851053,3050851568,3766398524,17871233,-104,39,1011,0.1744,1720.0,0.5507026540938358,-0.05577023643054302,0.1744,26.31,79.4,,,,,,
2026-07-30T23:16:48.298453+00:00,S053,mounted,true,rotor_drag,mild,900,rotor_drag-mild_horizontal_no_load_0900rpm,3050950,904,487,2156,3503,3,3,1669729,9,123,133,132,54,1753,1495,1248,252,763,1623,16383,1774,1737,1739069,800,2074,2211,556236,11956,8,382572,1496,116214,390,3050852003,3050951107,0,3050951116,3050951631,3780598215,17868246,-105,20,1042,0.1782,1720.0,0.29442608464369346,0.06614659183673455,0.1782,25.82,78.5,,,,,,
2026-07-30T23:16:48.391894+00:00,S053,mounted,true,rotor_drag,mild,900,rotor_drag-mild_horizontal_no_load_0900rpm,3051051,906,459,2135,3404,2,3,1669764,9,123,137,147,42,1751,1495,1217,252,763,1622,16383,1767,1737,1751073,808,1969,2217,555811,11957,8,382575,1496,116215,390,3050952065,3051051754,0,3051051828,3051052343,3795047719,17871235,-135,52,1054,0.1706,1720.0,0.3041147755289786,-0.10908653449862005,0.1706,25.85,78.5,,,,,,
2026-07-30T23:16:48.533731+00:00,S053,mounted,true,rotor_drag,mild,900,rotor_drag-mild_horizontal_no_load_0900rpm,3051151,872,549,2148,3722,2,3,1669800,9,123,158,180,48,1752,1495,1211,251,756,1620,16383,1775,1735,1736483,800,2123,2217,555860,11959,8,382582,1496,116216,390,3051052778,3051151911,0,3051151984,3051152500,3769387643,17877211,-88,18,1039,0.1744,1720.0,0.3034970282632323,0.14690659494941016,0.1744,25.91,78.6,,,,,,
2026-07-30T23:16:48.629002+00:00,S053,mounted,true,rotor_drag,mild,900,rotor_drag-mild_horizontal_no_load_0900rpm,3051251,878,555,2114,3695,6,3,1669835,9,123,160,185,51,1751,1494,1227,258,783,1621,16383,1771,1734,1735137,800,2121,2211,555683,11955,8,382581,1496,116217,390,3051152933,3051251991,0,3051252065,3051252580,3763534055,17865257,-131,6,1035,0.1706,1720.0,0.2947342511919695,0.14475707678795446,0.1706,25.88,78.6,,,,,,
2026-07-30T23:16:48.719943+00:00,S053,mounted,true,rotor_drag,mild,900,rotor_drag-mild_horizontal_no_load_0900rpm,3051351,915,537,2058,3526,2,3,1669872,9,123,152,174,46,1752,1495,1214,258,783,1620,16383,1780,1736,1740506,800,2138,2221,556150,11960,8,382589,1496,116218,390,3051253013,3051352072,0,3051352145,3051352660,3786886926,17880200,-95,-34,997,0.1744,1720.0,0.3098510976588629,0.17159663745819342,0.1744,25.91,78.6,,,,,,
2026-07-30T23:16:48.815829+00:00,S053,mounted,true,rotor_drag,mild,900,rotor_drag-mild_horizontal_no_load_0900rpm,3051452,924,532,2048,3489,3,3,1669909,9,123,145,164,41,1752,1494,1225,310,1145,1618,16383,1775,1739,1754170,808,2003,2258,556067,11954,8,382586,1496,116219,390,3051353097,3051452740,0,3051452749,3051453264,3808500134,17862270,-120,-72,990,0.1744,1720.0,0.3733704344989124,-0.05160044052200119,0.1744,25.97,78.8,,,,,,
2026-07-30T23:16:48.908762+00:00,S053,mounted,true,rotor_drag,mild,900,rotor_drag-mild_horizontal_no_load_0900rpm,3051552,908,577,2067,3658,1,3,1669946,9,123,150,167,45,1753,1494,1241,306,1208,1621,16383,1772,1736,1737801,800,1951,2234,556159,11955,8,382585,1496,116220,390,3051453703,3051552799,0,3051552809,3051553324,3775157701,17865257,-100,-93,980,0.1782,1720.0,0.3330617513174401,-0.13853314153074026,0.1782,25.88,78.6,,,,,,
2026-07-30T23:16:49.002370+00:00,S053,mounted,true,rotor_drag,mild,900,rotor_drag-mild_horizontal_no_load_0900rpm,3051652,899,569,2133,3715,1,3,1669982,9,123,145,156,46,1751,1495,1225,306,1208,1622,16383,1771,1737,1733050,800,2085,2207,555684,11957,8,382587,1496,116221,390,3051553759,3051652948,0,3051652957,3051653472,3754456616,17871233,-87,-7,1022,0.1706,1720.0,0.2874534323827045,0.08418504599815968,0.1706,25.85,78.5,,,,,,
2026-07-30T23:16:49.095154+00:00,S053,mounted,true,rotor_drag,mild,900,rotor_drag-mild_horizontal_no_load_0900rpm,3051752,889,588,2143,3798,1,3,1670018,9,123,142,140,45,1751,1495,1221,282,1035,1618,16383,1768,1736,1735200,800,2129,2343,555553,11956,8,382587,1496,116222,390,3051653906,3051752957,0,3051752971,3051753486,3763813972,17868244,-69,39,1049,0.1706,1720.0,0.514374209100033,0.15779164369354293,0.1706,25.97,78.8,,,,,,
2026-07-30T23:16:49.237550+00:00,S053,mounted,true,rotor_drag,mild,900,rotor_drag-mild_horizontal_no_load_0900rpm,3051852,936,449,2088,3287,5,3,1670055,9,123,121,113,42,1750,1495,1232,282,1035,1619,16383,1767,1734,1735089,800,2122,2330,555476,11956,8,382587,1496,116223,390,3051753920,3051853022,0,3051853031,3051853546,3763348007,17868244,-84,0,1039,0.1669,1720.0,0.4927126513884237,0.14612772800267626,0.1669,25.94,78.7,,,,,,
2026-07-30T23:16:49.327635+00:00,S053,mounted,true,rotor_drag,mild,900,rotor_drag-mild_horizontal_no_load_0900rpm,3051952,950,518,2029,3392,2,3,1670094,9,123,135,146,35,1750,1495,1245,318,1298,1620,16383,1770,1734,1733391,800,2063,2223,555281,11956,8,382587,1496,116224,390,3051853977,3051953031,0,3051953040,3051953555,3755962625,17868244,-70,49,1062,0.1669,1720.0,0.3144213686851791,0.047817581465372516,0.1669,25.91,78.6,,,,,,
2026-07-30T23:16:49.420900+00:00,S053,mounted,true,rotor_drag,mild,900,rotor_drag-mild_horizontal_no_load_0900rpm,3052052,945,588,2001,3557,3,3,1670131,9,123,147,162,35,1751,1495,1224,315,1170,1621,16383,1771,1736,1737828,800,1983,2297,555583,11959,8,382593,1496,116225,390,3051953990,3052053236,0,3052053245,3052053760,3775264584,17877219,-84,64,1022,0.1706,1720.0,0.43676548214733657,-0.08631319934777215,0.1706,25.88,78.6,,,,,,
2026-07-30T23:16:49.516112+00:00,S053,mounted,true,rotor_drag,mild,900,rotor_drag-mild_horizontal_no_load_0900rpm,3052153,937,581,2037,3588,4,3,1670170,9,123,145,152,36,1750,1494,1209,315,1170,1621,16383,1769,1733,1750147,808,2127,2210,555258,11955,8,382591,1496,116226,390,3052054198,3052153805,0,3052153879,3052154394,3790978371,17865259,-70,81,1080,0.1669,1720.0,0.29306783814303605,0.15475555508155558,0.1669,25.88,78.6,,,,,,
2026-07-30T23:16:49.608989+00:00,S053,mounted,true,rotor_drag,mild,900,rotor_drag-mild_horizontal_no_load_0900rpm,3052253,941,497,2060,3381,6,3,1670207,9,123,133,144,33,1750,1494,1206,316,1072,1615,16383,1771,1736,1736633,800,2137,2207,555450,11955,8,382590,1496,116227,390,3052154829,3052253899,0,3052253973,3052254488,3770000969,17865259,-85,11,1028,0.1669,1720.0,0.28806859899623527,0.17141968557089093,0.1669,26.07,78.9,,,,,,
2026-07-30T23:16:49.703411+00:00,S053,mounted,true,rotor_drag,mild,900,rotor_drag-mild_horizontal_no_load_0900rpm,3052353,948,499,2037,3352,3,3,1670245,9,123,131,141,31,1749,1495,1201,317,1017,1615,16383,1771,1735,1732768,800,2107,2367,555172,11956,8,382590,1496,116228,390,3052254925,3052353988,0,3052354062,3052354576,3753288082,17868244,-30,95,1075,0.1631,1720.0,0.5543647771830043,0.12113362295081931,0.1631,26.07,78.9,,,,,,
2026-07-30T23:16:49.797407+00:00,S053,mounted,true,rotor_drag,mild,900,rotor_drag-mild_horizontal_no_load_0900rpm,3052453,955,570,1986,3480,4,3,1670284,9,123,146,167,29,1750,1494,1196,317,1017,1619,16383,1768,1734,1735461,800,2111,2297,555252,11954,8,382587,1496,116229,390,3052355011,3052454077,0,3052454151,3052454666,3764976097,17862268,-53,62,1052,0.1669,1720.0,0.4383659800903459,0.12838722419273818,0.1669,25.94,78.7,,,,,,
2026-07-30T23:16:49.938012+00:00,S053,mounted,true,rotor_drag,mild,900,rotor_drag-mild_horizontal_no_load_0900rpm,3052554,953,608,1987,3583,6,3,1670321,9,123,154,170,31,1749,1495,1227,322,1115,1630,16383,1765,1734,1750334,808,2127,2204,555066,11959,8,382593,1496,116230,390,3052455104,3052554786,0,3052554795,3052555310,3791802848,17877211,-66,3,1027,0.1631,1720.0,0.28184090450706556,0.15357001764361566,0.1631,25.61,78.1,,,,,,
2026-07-30T23:16:50.033969+00:00,S053,mounted,true,rotor_drag,mild,900,rotor_drag-mild_horizontal_no_load_0900rpm,3052654,919,470,2115,3393,3,3,1670359,9,123,127,139,25,1748,1495,1216,322,1115,1623,16383,1768,1730,1731215,800,2127,2398,554773,11958,8,382596,1496,116231,390,3052555743,3052654824,0,3052654833,3052655348,3746556739,17874222,-56,23,1003,0.1593,1720.0,0.6053509678876066,0.15386632764676378,0.1593,25.82,78.5,,,,,,
2026-07-30T23:16:50.125524+00:00,S053,mounted,true,rotor_drag,mild,900,rotor_drag-mild_horizontal_no_load_0900rpm,3052754,913,488,2109,3445,2,3,1670394,9,123,129,139,27,1748,1495,1215,287,933,1621,16383,1762,1732,1734310,800,2039,2211,554885,11959,8,382601,1496,116232,390,3052655782,3052754860,0,3052754869,3052755388,3759938166,17877211,-63,45,1048,0.1593,1720.0,0.29350189422192496,0.006974718371100863,0.1593,25.88,78.6,,,,,,
2026-07-30T23:16:50.219071+00:00,S053,mounted,true,rotor_drag,mild,900,rotor_drag-mild_horizontal_no_load_0900rpm,3052854,920,484,2098,3413,1,3,1670432,9,123,130,141,30,1748,1495,1233,278,830,1623,16383,1773,1734,1731477,800,2131,2209,554674,11956,8,382601,1496,116233,390,3052755821,3052855030,0,3052855039,3052855554,3747643105,17868244,-45,78,1080,0.1593,1720.0,0.2910935373034458,0.1611241910337906,0.1593,25.82,78.5,,,,,,
2026-07-30T23:16:50.311650+00:00,S053,mounted,true,rotor_drag,mild,900,rotor_drag-mild_horizontal_no_load_0900rpm,3052954,931,487,2059,3367,5,3,1670469,9,123,134,150,29,1749,1495,1251,278,830,1621,16383,1766,1735,1735430,800,2138,2443,554907,11956,8,382601,1496,116234,390,3052855987,3052955089,0,3052955099,3052955614,3764872432,17868244,-40,104,1105,0.1631,1720.0,0.6810015761124122,0.17278810672465683,0.1631,25.88,78.6,,,,,,
2026-07-30T23:16:50.404204+00:00,S053,mounted,true,rotor_drag,mild,900,rotor_drag-mild_horizontal_no_load_0900rpm,3053054,932,495,2055,3384,6,3,1670507,9,123,137,156,29,1748,1494,1227,274,771,1612,16383,1768,1730,1731174,800,2045,2209,554642,11954,8,382597,1496,116235,390,3052956048,3053055140,0,3053055149,3053055664,3746351286,17862270,-84,69,1067,0.1593,1720.0,0.29170936439685446,0.018394762422619504,0.1593,26.16,79.1,,,,,,
2026-07-30T23:16:50.544230+00:00,S053,mounted,true,rotor_drag,mild,900,rotor_drag-mild_horizontal_no_load_0900rpm,3053155,945,516,2010,3376,3,3,1670545,9,123,144,166,33,1749,1495,1237,249,671,1617,16383,1773,1733,1753255,808,2083,2415,554948,11958,8,382600,1496,116236,390,3053056097,3053155758,0,3053155832,3053156347,3804625751,17874222,-80,86,1064,0.1631,1720.0,0.6336728825890612,0.08056254841946808,0.1631,26.01,78.8,,,,,,
2026-07-30T23:16:50.637877+00:00,S053,mounted,true,rotor_drag,mild,900,rotor_drag-mild_horizontal_no_load_0900rpm,3053255,951,508,2001,3336,1,3,1670582,9,123,143,167,31,1747,1494,1233,249,671,1617,16383,1765,1731,1729306,800,2099,2205,554500,11953,8,382594,1496,116237,390,3053156781,3053255845,0,3053255919,3053256434,3738264214,17859279,-65,76,1077,0.1555,1720.0,0.28535058771856425,0.10868124880783014,0.1555,26.01,78.8,,,,,,
2026-07-30T23:16:50.744099+00:00,S053,mounted,true,rotor_drag,mild,900,rotor_drag-mild_horizontal_no_load_0900rpm,3053355,939,506,2004,3352,6,3,1670621,9,123,142,166,26,1747,1494,1219,241,647,1619,16383,1769,1732,1731644,800,2116,2208,554419,11955,8,382592,1496,116238,390,3053256870,3053355925,0,3053356004,3053356519,3748398114,17865255,-74,-16,993,0.1555,1720.0,0.28973501204516916,0.13642501154328723,0.1555,25.94,78.7,,,,,,
2026-07-30T23:16:50.838284+00:00,S053,mounted,true,rotor_drag,mild,900,rotor_drag-mild_horizontal_no_load_0900rpm,3053455,930,458,2047,3277,6,3,1670657,9,123,138,158,32,1747,1494,1222,241,647,1622,16383,1764,1730,1732002,800,2108,2203,554385,11953,8,382586,1496,116239,390,3053356951,3053456001,0,3053456075,3053456590,3749935438,17859281,-80,41,995,0.1555,1720.0,0.2820172039655313,0.1236814756964777,0.1555,25.85,78.5,,,,,,
2026-07-30T23:16:50.930667+00:00,S053,mounted,true,rotor_drag,mild,900,rotor_drag-mild_horizontal_no_load_0900rpm,3053555,918,521,2005,3423,3,3,1670695,9,123,151,180,29,1746,1494,1224,222,612,1619,16383,1766,1733,1730338,800,2109,2206,554239,11955,8,382585,1496,116240,390,3053457022,3053556070,0,3053556144,3053556659,3742758688,17865255,-68,127,1037,0.1517,1720.0,0.2864021859473018,0.12476012020075222,0.1517,25.94,78.7,,,,,,
2026-07-30T23:16:51.025769+00:00,S053,mounted,true,rotor_drag,mild,900,rotor_drag-mild_horizontal_no_load_0900rpm,3053656,928,525,2030,3446,3,3,1670731,9,123,147,174,29,1747,1494,1259,224,610,1614,16383,1767,1732,1751109,808,2131,2209,554506,11955,8,382584,1496,116241,390,3053557097,3053656913,0,3053656923,3053657439,3795186959,17865257,-120,120,1082,0.1555,1720.0,0.2914014250941026,0.16142120727728937,0.1555,26.1,79.0,,,,,,
2026-07-30T23:16:51.123225+00:00,S053,mounted,true,rotor_drag,mild,900,rotor_drag-mild_horizontal_no_load_0900rpm,3053756,932,483,2035,3330,4,3,1670770,9,123,135,152,26,1746,1495,1219,224,610,1620,16383,1761,1730,1746437,808,2131,2355,554154,11957,8,382586,1496,116242,390,3053657874,3053757346,0,3053757420,3053757935,3774963195,17871233,-102,53,1094,0.1517,1720.0,0.5340413109475621,0.16082722447102116,0.1517,25.91,78.6,,,,,,
2026-07-30T23:16:51.213471+00:00,S053,mounted,true,rotor_drag,mild,900,rotor_drag-mild_horizontal_no_load_0900rpm,3053856,923,477,2060,3353,4,3,1670806,9,123,132,152,21,1747,1494,1241,220,618,1624,16383,1767,1732,1732741,800,2123,2269,554300,11955,8,382585,1496,116243,390,3053758369,3053857412,0,3053857485,3053858001,3753138577,17865257,-114,-34,1029,0.1555,1720.0,0.3913862080301129,0.1480899028858218,0.1555,25.79,78.4,,,,,,
2026-07-30T23:16:51.352844+00:00,S053,mounted,true,rotor_drag,mild,900,rotor_drag-mild_horizontal_no_load_0900rpm,3053956,934,493,2040,3359,2,3,1670844,9,123,136,158,20,1745,1494,1223,190,521,1621,16383,1761,1733,1727260,800,2136,2199,553824,11954,8,382582,1496,116244,390,3053858439,3053957461,0,3053957535,3053958050,3729384788,17862270,-106,-87,984,0.1479,1720.0,0.2750438398862305,0.170051035469299,0.1479,25.88,78.6,,,,,,
2026-07-30T23:16:51.447896+00:00,S053,mounted,true,rotor_drag,mild,900,rotor_drag-mild_horizontal_no_load_0900rpm,3054056,927,473,2062,3338,3,3,1670881,9,123,131,151,21,1746,1495,1227,190,521,1619,16383,1760,1730,1731512,800,1969,2357,553951,11957,8,382584,1496,116245,390,3053958484,3054057488,0,3054057562,3054058077,3747868012,17871233,-81,-109,958,0.1517,1720.0,0.5373735795768164,-0.10908653449862005,0.1517,25.94,78.7,,,,,,
2026-07-30T23:16:51.539479+00:00,S053,mounted,true,rotor_drag,mild,900,rotor_drag-mild_horizontal_no_load_0900rpm,3054156,929,472,2069,3341,1,3,1670918,9,123,130,147,19,1745,1495,1217,176,478,1621,16383,1759,1732,1727930,800,1961,2255,553684,11956,8,382584,1496,116246,390,3054058511,3054157526,0,3054157600,3054158115,3732356046,17868244,-44,-26,956,0.1479,1720.0,0.3677421261291398,-0.12214233288725396,0.1479,25.88,78.6,,,,,,
2026-07-30T23:16:51.633567+00:00,S053,mounted,true,rotor_drag,mild,900,rotor_drag-mild_horizontal_no_load_0900rpm,3054257,931,513,2016,3393,4,3,1670956,9,123,147,175,25,1746,1495,1238,176,478,1618,16383,1766,1730,1732153,800,2126,2203,553956,11957,8,382586,1496,116247,390,3054158547,3054257597,0,3054257676,3054258191,3750598615,17871233,-41,-16,952,0.1517,1720.0,0.280788895124195,0.1524965528978841,0.1517,25.97,78.8,,,,,,
2026-07-30T23:16:51.727615+00:00,S053,mounted,true,rotor_drag,mild,900,rotor_drag-mild_horizontal_no_load_0900rpm,3054357,930,532,2032,3463,4,3,1670992,9,123,150,182,19,1745,1495,1233,176,457,1619,16383,1766,1732,1729973,800,2129,2205,553857,11956,8,382586,1496,116248,390,3054258624,3054357621,0,3054357694,3054358210,3741158165,17868244,-92,19,997,0.1479,1720.0,0.28442844262295086,0.15779164369354293,0.1479,25.94,78.7,,,,,,
2026-07-30T23:16:51.822939+00:00,S053,mounted,true,rotor_drag,mild,900,rotor_drag-mild_horizontal_no_load_0900rpm,3054457,938,530,2023,3435,2,3,1671030,9,123,146,168,28,1746,1494,1249,185,455,1616,16383,1769,1730,1731997,800,2117,2211,554049,11954,8,382583,1496,116249,390,3054358642,3054457664,0,3054457738,3054458253,3749955079,17862270,-105,81,1027,0.1517,1720.0,0.29504246929897926,0.138386538899113,0.1517,26.04,78.9,,,,,,
2026-07-30T23:16:51.917149+00:00,S053,mounted,true,rotor_drag,mild,900,rotor_drag-mild_horizontal_no_load_0900rpm,3054557,944,513,2001,3359,3,3,1671067,9,123,146,167,23,1746,1495,1240,185,455,1619,16383,1768,1732,1732855,800,1925,2210,554229,11956,8,382583,1496,116250,390,3054458687,3054557916,0,3054557990,3054558505,3753697403,17868246,-109,21,1035,0.1517,1720.0,0.29275981097356985,-0.18212818501170958,0.1517,25.94,78.7,,,,,,
2026-07-30T23:16:52.011214+00:00,S053,mounted,true,rotor_drag,mild,900,rotor_drag-mild_horizontal_no_load_0900rpm,3054657,940,518,2003,3380,5,3,1671105,9,123,146,164,25,1746,1494,1201,215,504,1616,16383,1768,1731,1729117,800,2103,2385,553971,11952,8,382576,1496,116251,390,3054558939,3054657992,0,3054658066,3054658582,3737493171,17856290,-93,37,1019,0.1517,1720.0,0.5856877108433736,0.1156412771084332,0.1517,26.04,78.9,,,,,,
2026-07-30T23:16:52.165936+00:00,S053,mounted,true,rotor_drag,mild,900,rotor_drag-mild_horizontal_no_load_0900rpm,3054757,918,586,2050,3645,5,3,1671141,9,123,148,158,21,1747,1495,1214,219,530,1619,16383,1769,1734,1734704,800,2123,2214,554400,11957,8,382579,1496,116252,390,3054659015,3054758094,0,3054758168,3054758683,3761655972,17871233,-109,22,1006,0.1555,1720.0,0.29911637258509627,0.14749814995400135,0.1555,25.94,78.7,,,,,,
2026-07-30T23:16:52.260029+00:00,S053,mounted,true,rotor_drag,mild,900,rotor_drag-mild_horizontal_no_load_0900rpm,3054858,933,577,1973,3518,2,3,1671180,9,123,158,190,8,1746,1495,1246,219,530,1617,16383,1768,1730,1746421,808,1933,2211,554136,11956,8,382579,1496,116253,390,3054759121,3054858754,0,3054858763,3054859278,3774955231,17868244,-120,67,1066,0.1517,1720.0,0.29442608464369346,-0.1687979956507193,0.1517,26.01,78.8,,,,,,
2026-07-30T23:16:52.340118+00:00,S053,mounted,true,rotor_drag,mild,900,rotor_drag-mild_horizontal_no_load_0900rpm,3054958,952,654,2037,3754,2,3,1671216,9,123,148,137,46,1746,1495,1229,223,568,1616,16383,1764,1730,1731189,800,1975,2325,554111,11958,8,382583,1496,116254,390,3054859711,3054958807,0,3054958821,3054959336,3746492299,17874222,-129,51,1095,0.1517,1720.0,0.48373333416959374,-0.099364909683894,0.1517,26.04,78.9,,,,,,
2026-07-30T23:16:52.433340+00:00,S053,mounted,true,rotor_drag,mild,900,rotor_drag-mild_horizontal_no_load_0900rpm,3055058,899,543,2301,3813,3,3,1671253,9,123,129,94,4,1744,1495,1254,223,568,1613,16383,1755,1730,1725387,800,2125,2186,553503,11958,8,382587,1496,116255,390,3054959771,3055058852,0,3055058866,3055059381,3721272787,17874222,-114,27,1057,0.1441,1720.0,0.2521600316106367,0.1505343376818864,0.1441,26.13,79.0,,,,,,
2026-07-30T23:16:52.527656+00:00,S053,mounted,true,rotor_drag,mild,900,rotor_drag-mild_horizontal_no_load_0900rpm,3055158,907,685,2099,3986,2,3,1671288,9,123,195,216,23,1745,1494,1233,226,615,1614,16383,1767,1731,1733022,800,2004,2209,553859,11953,8,382582,1496,116256,390,3055059813,3055158888,0,3055158903,3055159418,3754396648,17859291,-114,18,1038,0.1479,1720.0,0.2920173552246297,-0.04965447946122348,0.1479,26.1,79.0,,,,,,
2026-07-30T23:16:52.636355+00:00,S053,mounted,true,rotor_drag,mild,900,rotor_drag-mild_horizontal_no_load_0900rpm,3055258,889,700,2149,4117,2,3,1671324,9,123,178,180,46,1744,1495,1243,200,527,1616,16383,1762,1730,1727423,800,2115,2329,553542,11957,8,382584,1496,116257,390,3055159852,3055258902,0,3055258917,3055259432,3730184315,17871233,-107,15,1029,0.1441,1720.0,0.49072181876724885,0.13416907543698242,0.1441,26.04,78.9,,,,,,
2026-07-30T23:16:52.729316+00:00,S053,mounted,true,rotor_drag,mild,900,rotor_drag-mild_horizontal_no_load_0900rpm,3055358,849,626,2286,4129,1,3,1671356,9,123,178,196,39,1745,1494,1214,200,527,1626,16383,1763,1730,1730583,800,2112,2317,553674,11955,8,382583,1496,116258,390,3055259866,3055358944,0,3055358953,3055359469,3743863701,17865257,-95,-1,1041,0.1479,1720.0,0.47137403437892056,0.129759359347553,0.1479,25.73,78.3,,,,,,
2026-07-30T23:16:52.822111+00:00,S053,mounted,true,rotor_drag,mild,900,rotor_drag-mild_horizontal_no_load_0900rpm,3055458,868,537,2331,3878,5,3,1671393,9,123,154,160,28,1745,1495,1225,171,440,1619,16383,1763,1733,1729631,800,2003,2203,553716,11956,8,382583,1496,116259,390,3055359901,3055458993,0,3055459002,3055459518,3739684517,17868246,-86,6,1044,0.1479,1720.0,0.2810958952827032,-0.0521588387420544,0.1479,25.94,78.7,,,,,,
2026-07-30T23:16:52.914954+00:00,S053,mounted,true,rotor_drag,mild,900,rotor_drag-mild_horizontal_no_load_0900rpm,3055558,932,524,1937,3342,5,3,1671429,9,123,155,193,22,1747,1495,1251,173,454,1625,16383,1772,1730,1737598,800,1931,2236,554546,11956,8,382583,1496,116260,390,3055459950,3055559044,0,3055559054,3055559569,3774335346,17868244,-71,5,1062,0.1555,1720.0,0.3360829263967884,-0.17213054299096697,0.1555,25.76,78.4,,,,,,
2026-07-30T23:16:53.045501+00:00,S053,mounted,true,rotor_drag,mild,900,rotor_drag-mild_horizontal_no_load_0900rpm,3055658,929,528,1916,3339,6,3,1671467,9,123,147,171,9,1749,1494,1242,173,454,1623,16383,1778,1735,1738556,800,2127,2229,555168,11953,8,382578,1496,116261,390,3055560001,3055659078,0,3055659092,3055659607,3778441848,17859279,-135,23,1081,0.1631,1720.0,0.3253511927549564,0.15534862135028815,0.1631,25.82,78.5,,,,,,
2026-07-30T23:16:53.148431+00:00,S053,mounted,true,rotor_drag,mild,900,rotor_drag-mild_horizontal_no_load_0900rpm,3055758,928,823,1865,4083,4,3,1671502,9,123,210,246,47,1751,1495,1240,215,691,1610,16383,1789,1734,1741367,800,2063,2237,555818,11959,8,382584,1496,116262,390,3055660040,3055759135,0,3055759145,3055759660,3790797897,17877211,-82,1,1066,0.1706,1720.0,0.3368141417342585,0.046955254536332536,0.1706,26.22,79.2,,,,,,
2026-07-30T23:16:53.246261+00:00,S053,mounted,true,rotor_drag,mild,900,rotor_drag-mild_horizontal_no_load_0900rpm,3055859,842,869,2201,4779,1,3,1671536,9,123,224,227,74,1749,1495,1203,215,691,1610,16383,1765,1730,1746734,808,2115,2205,555099,11958,8,382588,1496,116263,390,3055760092,3055859771,0,3055859845,3055860360,3776254346,17874222,-2,10,1035,0.1631,1720.0,0.28381393627696916,0.13387438785750128,0.1631,26.22,79.2,,,,,,
2026-07-30T23:16:53.337009+00:00,S053,mounted,true,rotor_drag,mild,900,rotor_drag-mild_horizontal_no_load_0900rpm,3055959,784,552,2281,4041,6,3,1671569,9,123,155,157,55,1754,1495,1209,187,584,1610,16383,1794,1743,1749990,800,2149,2243,556735,11959,8,382594,1496,116264,390,3055860792,3055959868,0,3055959942,3055960457,3828319006,17877211,-30,139,1000,0.182,1720.0,0.3468092757755663,0.1902188424617437,0.182,26.22,79.2,,,,,,
2026-07-30T23:16:53.430853+00:00,S053,mounted,true,rotor_drag,mild,900,rotor_drag-mild_horizontal_no_load_0900rpm,3056059,890,637,2128,3917,6,3,1671605,9,123,155,147,19,1758,1495,1213,237,931,1624,16383,1786,1744,1749310,800,2131,2339,557848,11960,8,382601,1496,116265,390,3055960891,3056059959,0,3056060033,3056060548,3825331992,17880200,-24,91,1012,0.1972,1720.0,0.5064056314381267,0.159936622742475,0.1972,25.79,78.4,,,,,,
2026-07-30T23:16:53.525697+00:00,S053,mounted,true,rotor_drag,mild,900,rotor_drag-mild_horizontal_no_load_0900rpm,3056159,888,574,2175,3792,6,3,1671641,9,123,141,137,36,1762,1495,1216,237,931,1622,16383,1792,1751,1755412,800,2033,2245,559177,11957,8,382602,1496,116266,390,3056060981,3056160120,0,3056160193,3056160708,3852065994,17871235,-23,94,1040,0.2124,1720.0,0.3507665363385466,-0.0024539383624659905,0.2124,25.85,78.5,,,,,,
2026-07-30T23:16:53.618465+00:00,S053,mounted,true,rotor_drag,mild,900,rotor_drag-mild_horizontal_no_load_0900rpm,3056260,906,466,2075,3361,3,3,1671679,9,123,123,99,41,1766,1495,1208,242,949,1618,16383,1800,1756,1775812,808,2149,2253,560349,11956,8,382602,1496,116267,390,3056161142,3056260783,0,3056260793,3056261308,3903080870,17868244,-69,17,1027,0.2276,1720.0,0.36440957878889213,0.19111711709601842,0.2276,25.97,78.8,,,,,,
2026-07-30T23:16:53.758879+00:00,S053,mounted,true,rotor_drag,mild,900,rotor_drag-mild_horizontal_no_load_0900rpm,3056360,890,673,2037,3926,6,3,1671713,9,123,167,188,44,1778,1495,1209,219,836,1614,16383,1850,1760,1788005,800,2125,2343,564346,11958,8,382605,1496,116268,390,3056261740,3056360824,0,3056360839,3056361354,3997015717,17874222,-55,20,1035,0.2731,1720.0,0.513721243853487,0.1505343376818864,0.2731,26.1,79.0,,,,,,
2026-07-30T23:16:53.852393+00:00,S053,mounted,true,rotor_drag,mild,900,rotor_drag-mild_horizontal_no_load_0900rpm,3056460,918,675,1750,3588,3,3,1671751,9,123,208,260,19,1785,1495,1209,219,836,1610,16383,1853,1764,1784751,800,2173,2410,566603,11956,8,382605,1496,116269,390,3056361787,3056460875,0,3056460884,3056461400,3982667309,17868246,-92,12,1034,0.2997,1720.0,0.626014544998327,0.23110768517898972,0.2997,26.22,79.2,,,,,,
2026-07-30T23:16:53.946386+00:00,S053,mounted,true,rotor_drag,mild,900,rotor_drag-mild_horizontal_no_load_0900rpm,3056560,895,684,1875,3786,3,3,1671787,9,123,185,213,31,1788,1495,1214,239,967,1610,16383,1828,1762,1779966,800,2167,2443,567605,11957,8,382606,1496,116270,390,3056461833,3056561082,0,3056561091,3056561606,3960969960,17871233,-88,60,1024,0.3111,1720.0,0.6806611306347738,0.2208080597976081,0.3111,26.22,79.2,,,,,,
2026-07-30T23:16:54.038410+00:00,S053,mounted,true,rotor_drag,mild,900,rotor_drag-mild_horizontal_no_load_0900rpm,3056660,904,726,1911,3920,5,3,1671825,9,123,182,209,17,1789,1494,1212,239,967,1610,16383,1839,1754,1774091,800,2149,2323,567702,11955,8,382604,1496,116271,390,3056562040,3056661112,0,3056661121,3056661636,3934958393,17865257,-89,69,1032,0.3149,1720.0,0.4813725126725217,0.19141664215809273,0.3149,26.22,79.2,,,,,,
2026-07-30T23:16:54.132032+00:00,S053,mounted,true,rotor_drag,mild,900,rotor_drag-mild_horizontal_no_load_0900rpm,3056760,963,914,1760,4132,1,3,1671860,9,123,226,264,58,1787,1495,1248,211,864,1608,16383,1848,1747,1768460,800,2067,2313,567169,11959,8,382609,1496,116272,390,3056662070,3056761132,0,3056761141,3056761657,3910284212,17877211,-76,78,1029,0.3073,1720.0,0.46341917292415724,0.05361867723053715,0.3073,26.28,79.3,,,,,,
2026-07-30T23:16:54.226680+00:00,S053,mounted,true,rotor_drag,mild,900,rotor_drag-mild_horizontal_no_load_0900rpm,3056861,990,489,2013,3248,6,3,1671899,9,123,120,100,41,1777,1494,1207,180,697,1608,16383,1795,1737,1757866,808,2141,2239,563829,11954,8,382604,1496,116273,390,3056762090,3056861801,0,3056861880,3056862395,3824652444,17862268,-108,35,1008,0.2693,1720.0,0.3417059379287264,0.178383797724611,0.2693,26.28,79.3,,,,,,
2026-07-30T23:16:54.321969+00:00,S053,mounted,true,rotor_drag,mild,900,rotor_drag-mild_horizontal_no_load_0900rpm,3056961,858,764,2036,4261,3,3,1671931,9,123,187,196,37,1773,1494,1222,180,697,1611,16383,1804,1737,1751285,800,2101,2259,562804,11955,8,382602,1496,116274,390,3056862830,3056961887,0,3056961961,3056962476,3834154271,17865257,-105,-6,1010,0.2541,1720.0,0.374722077540778,0.11142881580928465,0.2541,26.19,79.1,,,,,,
2026-07-30T23:16:54.464292+00:00,S053,mounted,true,rotor_drag,mild,900,rotor_drag-mild_horizontal_no_load_0900rpm,3057061,950,566,2188,3679,5,3,1671969,9,123,141,135,39,1768,1495,1221,155,589,1607,16383,1795,1736,1741688,800,2064,2243,561017,11958,8,382605,1496,116275,390,3056962909,3057061974,0,3057062053,3057062568,3792145856,17874222,-89,5,1035,0.2352,1720.0,0.3471217456096336,0.04890864375313564,0.2352,26.31,79.4,,,,,,
2026-07-30T23:16:54.572498+00:00,S053,mounted,true,rotor_drag,mild,900,rotor_drag-mild_horizontal_no_load_0900rpm,3057161,881,684,2305,4245,1,3,1672004,9,123,160,132,46,1764,1495,1225,135,477,1609,16383,1779,1735,1740744,800,2045,2365,559756,11956,8,382605,1496,116276,390,3057063000,3057162073,0,3057162147,3057162662,3788021732,17868246,-101,4,1026,0.22,1720.0,0.5510322298427566,0.017824655403144707,0.22,26.25,79.2,,,,,,
2026-07-30T23:16:54.619434+00:00,S053,mounted,true,rotor_drag,mild,900,rotor_drag-mild_horizontal_no_load_0900rpm,3057262,928,452,2218,3437,4,3,1672042,9,123,130,108,33,1762,1495,1240,135,477,1610,16383,1783,1739,1759833,808,2124,2227,559119,11959,8,382610,1496,116277,390,3057163095,3057262752,0,3057262762,3057263277,3833135061,17877211,-77,0,1035,0.2124,1720.0,0.32015558499874563,0.14857245062296132,0.2124,26.22,79.2,,,,,,
2026-07-30T23:16:54.774850+00:00,S053,mounted,true,rotor_drag,mild,900,rotor_drag-mild_horizontal_no_load_0900rpm,3057362,936,635,2216,3911,4,3,1672078,9,123,140,126,49,1761,1495,1217,123,402,1614,16383,1789,1741,1744906,800,2125,2247,558868,11957,8,382610,1496,116278,390,3057263708,3057362783,0,3057362798,3057363313,3806194140,17871233,-83,-20,1031,0.2086,1720.0,0.3540988049678009,0.15083041858325652,0.2086,26.1,79.0,,,,,,
2026-07-30T23:16:54.868357+00:00,S053,mounted,true,rotor_drag,mild,900,rotor_drag-mild_horizontal_no_load_0900rpm,3057462,920,535,2324,3779,5,3,1672113,9,123,135,123,37,1761,1495,1245,123,402,1611,16383,1789,1735,1743841,800,2139,2242,558757,11957,8,382610,1496,116279,390,3057363747,3057462835,0,3057462845,3057463360,3801590315,17871233,-98,-20,1033,0.2086,1720.0,0.34576813339466383,0.17415629898804008,0.2086,26.19,79.1,,,,,,
2026-07-30T23:16:54.962165+00:00,S053,mounted,true,rotor_drag,mild,900,rotor_drag-mild_horizontal_no_load_0900rpm,3057562,834,883,2432,5080,3,3,1672147,9,123,202,200,55,1759,1495,1240,109,327,1607,16383,1800,1735,1741819,800,2111,2413,558279,11958,8,382612,1496,116280,390,3057463794,3057562874,0,3057562884,3057563399,3792927943,17874222,-80,22,1032,0.201,1720.0,0.6303408926241838,0.12721040792774696,0.201,26.31,79.4,,,,,,
2026-07-30T23:16:55.045041+00:00,S053,mounted,true,rotor_drag,mild,900,rotor_drag-mild_horizontal_no_load_0900rpm,3057662,831,812,2467,4909,4,3,1672180,9,123,185,134,60,1757,1495,1214,97,283,1611,16383,1782,1732,1737939,800,2051,2359,557602,11956,8,382611,1496,116281,390,3057563832,3057662911,0,3057662920,3057663435,3775821219,17868244,-99,39,1031,0.1934,1720.0,0.5410345878220135,0.02782229742388731,0.1934,26.19,79.1,,,,,,
2026-07-30T23:16:55.148641+00:00,S053,mounted,true,rotor_drag,mild,900,rotor_drag-mild_horizontal_no_load_0900rpm,3057762,827,704,2465,4592,1,3,1672214,9,123,168,148,59,1753,1494,1244,97,283,1611,16383,1772,1730,1729721,800,2127,2407,556285,11954,8,382606,1496,116282,390,3057663867,3057762940,0,3057762950,3057763465,3740193589,17862270,-102,35,1046,0.1782,1720.0,0.6216867497072105,0.15505206340973698,0.1782,26.19,79.1,,,,,,
2026-07-30T23:16:55.229486+00:00,S053,mounted,true,rotor_drag,mild,900,rotor_drag-mild_horizontal_no_load_0900rpm,3057862,909,744,2160,4208,3,3,1672249,9,123,188,207,45,1751,1495,1241,94,270,1613,16383,1779,1727,1734151,800,2103,2223,555850,11957,8,382607,1496,116283,390,3057763901,3057863115,0,3057863125,3057863640,3759378707,17871235,-92,55,1037,0.1706,1720.0,0.3141115814167432,0.11417546366145315,0.1706,26.13,79.0,,,,,,
2026-07-30T23:16:55.336031+00:00,S053,mounted,true,rotor_drag,mild,900,rotor_drag-mild_horizontal_no_load_0900rpm,3057963,858,726,2320,4433,3,3,1672285,9,123,187,193,71,1752,1494,1229,86,246,1621,16383,1783,1736,1755426,808,2139,2255,556014,11954,8,382603,1496,116284,390,3057864072,3057963697,0,3057963771,3057964286,3813978234,17862270,-82,39,1037,0.1744,1720.0,0.3683707771457252,0.17505069282248575,0.1744,25.88,78.6,,,,,,
2026-07-30T23:16:55.428883+00:00,S053,mounted,true,rotor_drag,mild,900,rotor_drag-mild_horizontal_no_load_0900rpm,3058063,876,881,2036,4552,4,3,1672318,9,123,202,207,25,1761,1494,1217,86,246,1606,16383,1821,1756,1766758,800,2159,2281,559006,11954,8,382599,1496,116285,390,3057964718,3058063776,0,3058063855,3058064370,3902345830,17862270,-115,37,1026,0.2086,1720.0,0.41170114087334797,0.20838174184373415,0.2086,26.34,79.4,,,,,,
2026-07-30T23:16:55.570613+00:00,S053,mounted,true,rotor_drag,mild,900,rotor_drag-mild_horizontal_no_load_0900rpm,3058163,892,446,2308,3558,3,3,1672351,9,123,117,88,15,1769,1495,1236,96,249,1610,16383,1859,1758,1769215,800,2023,2333,561531,11958,8,382602,1496,116286,390,3058064803,3058163865,0,3058163939,3058164454,3913606041,17874222,-97,15,1027,0.239,1720.0,0.4970612940291015,-0.01939715052684443,0.239,26.22,79.2,,,,,,
2026-07-30T23:16:55.665112+00:00,S053,mounted,true,rotor_drag,mild,900,rotor_drag-mild_horizontal_no_load_0900rpm,3058263,586,807,2268,5713,2,3,1672380,9,123,283,377,42,1799,1495,1250,96,249,1603,16383,1941,1742,1845646,800,2141,2603,571001,11959,8,382607,1496,116287,390,3058164886,3058263949,0,3058264023,3058264538,4262025052,17877211,-79,6,1006,0.3528,1720.0,0.9465173182540338,0.17689199707333358,0.3528,26.43,79.6,,,,,,
2026-07-30T23:16:55.758346+00:00,S053,mounted,true,rotor_drag,mild,900,rotor_drag-mild_horizontal_no_load_0900rpm,3058363,951,397,2210,3253,5,3,1672419,9,123,119,130,12,1784,1495,1232,125,409,1601,16383,1787,1734,1740434,800,1964,2409,566319,11956,8,382607,1496,116288,390,3058264969,3058364037,0,3058364111,3058364626,3786913900,17868246,-64,-9,1012,0.2959,1720.0,0.6243482713282029,-0.11714351187688221,0.2959,26.5,79.7,,,,,,
2026-07-30T23:16:55.851783+00:00,S053,mounted,true,rotor_drag,mild,900,rotor_drag-mild_horizontal_no_load_0900rpm,3058463,952,334,2282,3161,4,3,1672456,9,123,105,102,9,1765,1495,1250,130,467,1602,16383,1731,1716,1708678,800,1917,2165,560049,11959,8,382612,1496,116289,390,3058365059,3058464134,0,3058464208,3058464723,3649570992,17877211,-73,6,1022,0.2238,1720.0,0.21687253323856526,-0.19625967380215759,0.2238,26.46,79.6,,,,,,
2026-07-30T23:16:55.944558+00:00,S053,mounted,true,rotor_drag,mild,900,rotor_drag-mild_horizontal_no_load_0900rpm,3058564,875,281,2425,3228,4,3,1672492,9,123,76,9,16,1752,1495,1241,130,467,1603,16383,1732,1719,1727035,808,2029,2165,555930,11957,8,382612,1496,116290,390,3058465153,3058564786,0,3058564795,3058565310,3691451743,17871233,-108,43,1000,0.1744,1720.0,0.21747579116835292,-0.009118475620975453,0.1744,26.43,79.6,,,,,,
2026-07-30T23:16:56.036836+00:00,S053,mounted,true,rotor_drag,mild,900,rotor_drag-mild_horizontal_no_load_0900rpm,3058664,927,290,2296,3079,4,3,1672528,9,123,86,29,20,1744,1494,1235,122,406,1604,16383,1740,1721,1713990,800,2111,2167,553537,11955,8,382609,1496,116291,390,3058565741,3058664827,0,3058664836,3058665351,3672260514,17865257,-116,47,1020,0.1441,1720.0,0.22141207703889565,0.12809294629861956,0.1441,26.4,79.5,,,,,,
2026-07-30T23:16:56.130300+00:00,S053,mounted,true,rotor_drag,mild,900,rotor_drag-mild_horizontal_no_load_0900rpm,3058764,903,294,2372,3188,6,3,1672565,9,123,81,52,19,1745,1494,1256,138,459,1605,16383,1760,1734,1731033,800,2119,2209,553719,11955,8,382606,1496,116292,390,3058665783,3058764890,0,3058764905,3058765420,3745685309,17865255,-84,85,1013,0.1479,1720.0,0.2914014250941026,0.14142425069008757,0.1479,26.37,79.5,,,,,,
2026-07-30T23:16:56.269844+00:00,S053,mounted,true,rotor_drag,mild,900,rotor_drag-mild_horizontal_no_load_0900rpm,3058864,920,361,2167,3149,6,3,1672601,9,123,102,94,10,1747,1495,1230,138,459,1608,16383,1764,1735,1736481,800,2137,2209,554392,11956,8,382606,1496,116293,390,3058765851,3058864903,0,3058864913,3058865428,3769334807,17868244,-79,54,1029,0.1555,1720.0,0.2910935373034458,0.1711218330545332,0.1555,26.28,79.3,,,,,,
2026-07-30T23:16:56.364767+00:00,S053,mounted,true,rotor_drag,mild,900,rotor_drag-mild_horizontal_no_load_0900rpm,3058964,917,381,2129,3167,6,3,1672637,9,123,115,125,23,1748,1495,1254,127,406,1598,16383,1767,1733,1735707,800,2139,2211,554741,11956,8,382606,1496,116294,390,3058865860,3058964961,0,3058964970,3058965486,3765990841,17868244,-105,31,1022,0.1593,1720.0,0.29442608464369346,0.1744543803947809,0.1593,26.59,79.9,,,,,,
2026-07-30T23:16:56.458942+00:00,S053,mounted,true,rotor_drag,mild,900,rotor_drag-mild_horizontal_no_load_0900rpm,3059064,895,298,2290,3123,6,3,1672673,9,123,94,84,16,1747,1494,1258,127,406,1594,16383,1758,1737,1731115,800,2037,2207,554524,11954,8,382602,1496,116295,390,3058965920,3059064994,0,3059065003,3059065518,3746054007,17862268,-110,41,1028,0.1555,1720.0,0.28837625949472967,0.005062342814120768,0.1555,26.71,80.1,,,,,,
2026-07-30T23:16:56.552867+00:00,S053,mounted,true,rotor_drag,mild,900,rotor_drag-mild_horizontal_no_load_0900rpm,3059164,931,298,2322,3124,2,3,1672710,9,123,90,26,31,1747,1494,1237,122,378,1607,16383,1759,1738,1731387,800,2133,2375,554383,11954,8,382598,1496,116296,390,3059065951,3059165052,0,3059165062,3059165577,3747243793,17862268,-136,106,1026,0.1555,1720.0,0.5683570712732138,0.16505137811611137,0.1555,26.31,79.4,,,,,,
2026-07-30T23:16:56.646399+00:00,S053,mounted,true,rotor_drag,mild,900,rotor_drag-mild_horizontal_no_load_0900rpm,3059264,902,351,2286,3260,3,3,1672747,9,123,93,55,4,1745,1494,1252,179,711,1606,16383,1754,1731,1727289,800,1981,2373,553902,11955,8,382596,1496,116297,390,3059166013,3059265266,0,3059265275,3059265790,3729579065,17865255,-123,-42,1023,0.1479,1720.0,0.5646931651191966,-0.08854075006273554,0.1479,26.34,79.4,,,,,,
2026-07-30T23:16:56.739903+00:00,S053,mounted,true,rotor_drag,mild,900,rotor_drag-mild_horizontal_no_load_0900rpm,3059365,876,445,2162,3433,5,3,1672785,9,123,122,135,23,1748,1494,1225,179,711,1600,16383,1783,1730,1755826,808,1969,2385,554783,11953,8,382590,1496,116298,390,3059266222,3059365777,0,3059365856,3059366371,3815947470,17859279,-115,17,1023,0.1593,1720.0,0.5853551254915081,-0.10798869513929565,0.1593,26.53,79.7,,,,,,
2026-07-30T23:16:56.835087+00:00,S053,mounted,true,rotor_drag,mild,900,rotor_drag-mild_horizontal_no_load_0900rpm,3059465,996,381,2009,2966,6,3,1672823,9,123,113,95,15,1748,1494,1233,161,577,1601,16383,1767,1733,1733710,800,2137,2213,554751,11953,8,382585,1496,116299,390,3059366805,3059465885,0,3059465959,3059466474,3757315830,17859285,-100,29,1046,0.1593,1720.0,0.29868412273069467,0.17201554011545195,0.1593,26.5,79.7,,,,,,
2026-07-30T23:16:56.976844+00:00,S053,mounted,true,rotor_drag,mild,900,rotor_drag-mild_horizontal_no_load_0900rpm,3059565,938,314,2246,3084,3,3,1672861,9,123,88,34,12,1748,1494,1206,176,617,1603,16383,1766,1735,1733724,800,1968,2201,554800,11955,8,382584,1496,116300,390,3059466907,3059565952,0,3059566026,3059566543,3757408308,17865255,-108,46,1055,0.1593,1720.0,0.2780701207026346,-0.11020411969887123,0.1593,26.43,79.6,,,,,,
2026-07-30T23:16:57.070823+00:00,S053,mounted,true,rotor_drag,mild,900,rotor_drag-mild_horizontal_no_load_0900rpm,3059666,913,347,2191,3141,5,3,1672899,9,123,92,34,28,1748,1494,1224,176,617,1605,16383,1763,1737,1748547,808,1919,2214,554700,11955,8,382583,1496,116301,390,3059566975,3059666760,0,3059666769,3059667284,3784086709,17865257,-101,40,1054,0.1593,1720.0,0.2997334903387703,-0.1918583590966123,0.1593,26.37,79.5,,,,,,
2026-07-30T23:16:57.163862+00:00,S053,mounted,true,rotor_drag,mild,900,rotor_drag-mild_horizontal_no_load_0900rpm,3059766,914,338,2136,3061,5,3,1672935,9,123,101,65,33,1748,1495,1241,184,729,1608,16383,1766,1733,1733408,800,1981,2227,554693,11957,8,382585,1496,116302,390,3059667716,3059766873,0,3059766882,3059767397,3756048904,17871233,-97,39,1035,0.1593,1720.0,0.32077611867525313,-0.08909292272309122,0.1593,26.28,79.3,,,,,,
2026-07-30T23:16:57.257640+00:00,S053,mounted,true,rotor_drag,mild,900,rotor_drag-mild_horizontal_no_load_0900rpm,3059866,908,348,2256,3214,4,3,1672972,9,123,113,104,25,1749,1494,1204,184,729,1611,16383,1770,1734,1734565,800,2131,2389,554883,11955,8,382584,1496,116303,390,3059767833,3059866948,0,3059866957,3059867472,3761080855,17865257,-102,51,1023,0.1631,1720.0,0.5913557739021327,0.16142120727728937,0.1631,26.19,79.1,,,,,,
2026-07-30T23:16:57.351206+00:00,S053,mounted,true,rotor_drag,mild,900,rotor_drag-mild_horizontal_no_load_0900rpm,3059966,895,386,2253,3331,5,3,1673007,9,123,122,98,23,1750,1495,1216,166,625,1605,16383,1771,1734,1736897,800,2104,2213,555215,11956,8,382584,1496,116304,390,3059867910,3059966979,0,3059966988,3059967503,3771216441,17868246,-101,46,1024,0.1669,1720.0,0.29775863198394115,0.11613480194044801,0.1669,26.37,79.5,,,,,,
2026-07-30T23:16:57.444048+00:00,S053,mounted,true,rotor_drag,mild,900,rotor_drag-mild_horizontal_no_load_0900rpm,3060066,875,484,2271,3655,5,3,1673043,9,123,132,109,45,1753,1494,1216,148,549,1602,16383,1787,1735,1742841,800,1975,2287,556181,11949,8,382571,1496,116305,390,3059967940,3060067035,0,3060067044,3060067559,3797090785,17847329,-65,18,1027,0.1782,1720.0,0.42329531935726816,-0.09688662189304553,0.1782,26.46,79.6,,,,,,
2026-07-30T23:16:57.535658+00:00,S053,mounted,true,rotor_drag,mild,900,rotor_drag-mild_horizontal_no_load_0900rpm,3060166,873,546,2209,3773,1,3,1673078,9,123,142,135,41,1755,1495,1216,148,549,1600,16383,1785,1738,1744874,800,2135,2423,556943,11957,8,382574,1496,116306,390,3060067992,3060167099,0,3060167109,3060167624,3806048188,17871233,-86,13,1022,0.1858,1720.0,0.6473384443422256,0.16749176172953018,0.1858,26.53,79.7,,,,,,
2026-07-30T23:16:57.676131+00:00,S053,mounted,true,rotor_drag,mild,900,rotor_drag-mild_horizontal_no_load_0900rpm,3060266,868,682,2078,4042,2,3,1673112,9,123,177,198,23,1759,1494,1235,140,495,1597,16383,1796,1739,1752962,800,2143,2325,558327,11953,8,382570,1496,116307,390,3060168057,3060267129,0,3060267138,3060267653,3841421952,17859283,-109,109,1046,0.201,1720.0,0.48535361290052714,0.18201569137455031,0.201,26.62,79.9,,,,,,
2026-07-30T23:16:57.770641+00:00,S053,mounted,true,rotor_drag,mild,900,rotor_drag-mild_horizontal_no_load_0900rpm,3060367,841,684,2184,4215,2,3,1673148,9,123,182,213,23,1760,1495,1203,160,603,1600,16383,1791,1737,1762383,808,2045,2407,558428,11957,8,382573,1496,116308,390,3060268089,3060367768,0,3060367842,3060368357,3844527723,17871235,-76,35,1027,0.2048,1720.0,0.6206802953081869,0.01753967341306284,0.2048,26.53,79.7,,,,,,
2026-07-30T23:16:57.862754+00:00,S053,mounted,true,rotor_drag,mild,900,rotor_drag-mild_horizontal_no_load_0900rpm,3060467,882,734,2110,4189,4,3,1673182,9,123,205,254,15,1764,1495,1189,160,603,1596,16383,1803,1738,1755934,800,1937,2271,559723,11956,8,382574,1496,116309,390,3060368790,3060467891,0,3060467965,3060468480,3854674504,17868244,-57,14,1030,0.22,1720.0,0.3944025048511204,-0.16213290097022393,0.22,26.65,80.0,,,,,,
2026-07-30T23:16:57.956105+00:00,S053,mounted,true,rotor_drag,mild,900,rotor_drag-mild_horizontal_no_load_0900rpm,3060567,955,596,1989,3549,3,3,1673221,9,123,172,191,31,1762,1495,1190,145,520,1601,16383,1800,1732,1744317,800,1939,2377,559180,11956,8,382575,1496,116310,390,3060468913,3060568059,0,3060568133,3060568648,3803852123,17868244,-92,-22,1015,0.2124,1720.0,0.5710275138842418,-0.1588003536299767,0.2124,26.5,79.7,,,,,,
2026-07-30T23:16:58.049450+00:00,S053,mounted,true,rotor_drag,mild,900,rotor_drag-mild_horizontal_no_load_0900rpm,3060668,899,656,1976,3801,2,3,1673256,9,123,204,251,20,1765,1495,1219,145,520,1603,16383,1792,1738,1773784,808,2107,2255,560130,11957,8,382578,1496,116311,390,3060569082,3060668745,0,3060668755,3060669270,3894360856,17871233,-76,-4,1029,0.2238,1720.0,0.36742787948482025,0.12084000091996305,0.2238,26.43,79.6,,,,,,
2026-07-30T23:16:58.143258+00:00,S053,mounted,true,rotor_drag,mild,900,rotor_drag-mild_horizontal_no_load_0900rpm,3060768,894,608,2066,3766,3,3,1673293,9,123,197,226,21,1768,1495,1242,140,457,1617,16383,1815,1744,1759179,800,2139,2421,561075,11960,8,382586,1496,116312,390,3060669703,3060768792,0,3060768802,3060769317,3868979647,17880200,-95,31,1040,0.2352,1720.0,0.6429943752508356,0.17326235384615352,0.2352,26.01,78.8,,,,,,
2026-07-30T23:16:58.236093+00:00,S053,mounted,true,rotor_drag,mild,900,rotor_drag-mild_horizontal_no_load_0900rpm,3060868,895,811,2100,4366,6,3,1673327,9,123,219,257,64,1770,1495,1233,140,467,1617,16383,1803,1741,1757639,800,1927,2427,561569,11958,8,382590,1496,116313,390,3060769750,3060868823,0,3060868832,3060869347,3862226433,17874222,-98,6,1026,0.2428,1720.0,0.6536648223783237,-0.17933266884094357,0.2428,26.01,78.8,,,,,,
2026-07-30T23:16:58.376298+00:00,S053,mounted,true,rotor_drag,mild,900,rotor_drag-mild_horizontal_no_load_0900rpm,3060968,901,716,1981,3969,1,3,1673366,9,123,209,265,41,1768,1494,1234,140,467,1609,16383,1794,1739,1748949,800,2143,2371,560938,11955,8,382589,1496,116314,390,3060869779,3060968867,0,3060968882,3060969397,3823957511,17865257,-102,30,1025,0.2352,1720.0,0.5613603390213293,0.1814181638644916,0.2352,26.25,79.2,,,,,,
2026-07-30T23:16:58.469735+00:00,S053,mounted,true,rotor_drag,mild,900,rotor_drag-mild_horizontal_no_load_0900rpm,3061068,901,742,1950,4008,6,3,1673399,9,123,209,259,45,1768,1494,1224,130,419,1608,16383,1793,1738,1752846,800,2141,2243,560990,11954,8,382586,1496,116315,390,3060969831,3061068915,0,3061068925,3061069440,3840966008,17862270,-109,59,1024,0.2352,1720.0,0.348372147732976,0.178383797724611,0.2352,26.28,79.3,,,,,,
2026-07-30T23:16:58.563340+00:00,S053,mounted,true,rotor_drag,mild,900,rotor_drag-mild_horizontal_no_load_0900rpm,3061168,885,735,2068,4143,3,3,1673437,9,123,210,266,36,1767,1495,1227,154,603,1606,16383,1802,1734,1749814,800,1945,2407,560790,11956,8,382586,1496,116316,390,3061069874,3061168965,0,3061168980,3061169495,3827981224,17868244,-74,2,1029,0.2314,1720.0,0.6210157239879557,-0.14880271160923453,0.2314,26.34,79.4,,,,,,
2026-07-30T23:16:58.661257+00:00,S053,mounted,true,rotor_drag,mild,900,rotor_drag-mild_horizontal_no_load_0900rpm,3061268,867,1148,1965,5274,4,3,1673470,9,123,296,350,63,1768,1495,1233,154,603,1605,16383,1813,1738,1756072,800,2142,2333,561156,11956,8,382586,1496,116317,390,3061169927,3061268989,0,3061268998,3061269513,3855382346,17868244,-46,-8,1032,0.2352,1720.0,0.49771147239879543,0.1794532014051522,0.2352,26.37,79.5,,,,,,
2026-07-30T23:16:58.751487+00:00,S053,mounted,true,rotor_drag,mild,900,rotor_drag-mild_horizontal_no_load_0900rpm,3061368,923,590,2107,3706,4,3,1673506,9,123,174,215,32,1764,1495,1240,166,653,1602,16383,1788,1733,1740164,800,2117,2245,559917,11957,8,382588,1496,116318,390,3061269947,3061369062,0,3061369071,3061369586,3785617122,17871233,-72,-2,1040,0.22,1720.0,0.3507665363385466,0.1375013440662367,0.22,26.46,79.6,,,,,,
2026-07-30T23:16:58.844830+00:00,S053,mounted,true,rotor_drag,mild,900,rotor_drag-mild_horizontal_no_load_0900rpm,3061468,889,689,2022,3961,5,3,1673541,9,123,202,254,2,1764,1494,1241,166,653,1601,16383,1788,1738,1748388,800,2137,2251,559722,11955,8,382587,1496,116319,390,3061370019,3061469088,0,3061469102,3061469617,3821467296,17865257,-70,2,1035,0.22,1720.0,0.36139077314930956,0.17141968557089093,0.22,26.5,79.7,,,,,,
2026-07-30T23:16:58.936489+00:00,S053,mounted,true,rotor_drag,mild,900,rotor_drag-mild_horizontal_no_load_0900rpm,3061568,891,851,1887,4272,5,3,1673577,9,123,254,327,29,1768,1495,1208,166,644,1601,16383,1817,1738,1761566,800,2125,2309,561047,11959,8,382593,1496,116320,390,3061470048,3061569152,0,3061569161,3061569676,3879561744,17877211,-94,-36,1022,0.2352,1720.0,0.4567557502299522,0.1502383062965129,0.2352,26.5,79.7,,,,,,
2026-07-30T23:16:59.077290+00:00,S053,mounted,true,rotor_drag,mild,900,rotor_drag-mild_horizontal_no_load_0900rpm,3061669,883,728,2021,4082,5,3,1673613,9,123,200,250,26,1766,1494,1220,151,563,1596,16383,1802,1737,1765177,808,1969,2250,560526,11953,8,382587,1496,116321,390,3061570110,3061669794,0,3061669868,3061670383,3856785343,17859283,-65,-1,1029,0.2276,1720.0,0.3603517221618002,-0.10798869513929565,0.2276,26.65,80.0,,,,,,
2026-07-30T23:16:59.173288+00:00,S053,mounted,true,rotor_drag,mild,900,rotor_drag-mild_horizontal_no_load_0900rpm,3061769,893,705,2045,4018,5,3,1673649,9,123,190,234,34,1767,1494,1221,151,563,1598,16383,1797,1738,1751927,800,1958,2247,560670,11953,8,382582,1496,116322,390,3061670816,3061770007,0,3061770086,3061770601,3837123581,17859283,-97,8,1036,0.2314,1720.0,0.35535164653225104,-0.12632230578097614,0.2314,26.59,79.9,,,,,,
2026-07-30T23:16:59.267940+00:00,S053,mounted,true,rotor_drag,mild,900,rotor_drag-mild_horizontal_no_load_0900rpm,3061869,891,798,1959,4198,1,3,1673684,9,123,208,267,35,1765,1495,1243,156,552,1598,16383,1792,1738,1746809,800,1939,2255,560187,11959,8,382588,1496,116323,390,3061771033,3061870087,0,3061870161,3061870675,3814693411,17877211,-108,-1,1035,0.2238,1720.0,0.3667995438581819,-0.1596108489840291,0.2238,26.59,79.9,,,,,,
2026-07-30T23:16:59.364295+00:00,S053,mounted,true,rotor_drag,mild,900,rotor_drag-mild_horizontal_no_load_0900rpm,3061970,846,788,2131,4459,3,3,1673719,9,123,206,259,34,1773,1495,1259,142,494,1598,16383,1831,1744,1790832,808,2149,2383,562666,11957,8,382590,1496,116324,390,3061871109,3061970861,0,3061970876,3061971391,3969892920,17871233,-81,0,1043,0.2541,1720.0,0.5806930717571293,0.19081764213431462,0.2541,26.59,79.9,,,,,,
2026-07-30T23:16:59.460861+00:00,S053,mounted,true,rotor_drag,mild,900,rotor_drag-mild_horizontal_no_load_0900rpm,3062070,924,741,2037,4042,5,3,1673757,9,123,183,220,40,1772,1494,1241,142,494,1603,16383,1814,1741,1753469,800,2135,2266,562240,11955,8,382589,1496,116325,390,3061971821,3062070940,0,3062070949,3062071464,3843748847,17865259,-103,22,1061,0.2503,1720.0,0.38638696888331214,0.1680868594730236,0.2503,26.43,79.6,,,,,,
2026-07-30T23:16:59.553670+00:00,S053,mounted,true,rotor_drag,mild,900,rotor_drag-mild_horizontal_no_load_0900rpm,3062170,905,816,2055,4309,1,3,1673792,9,123,208,244,53,1773,1494,1239,151,514,1605,16383,1820,1740,1761377,800,2121,2494,562781,11954,8,382586,1496,116326,390,3062071899,3062170987,0,3062171001,3062171516,3878827749,17862272,-77,40,1049,0.2541,1720.0,0.7666768129496404,0.1450527487033626,0.2541,26.37,79.5,,,,,,
2026-07-30T23:16:59.646496+00:00,S053,mounted,true,rotor_drag,mild,900,rotor_drag-mild_horizontal_no_load_0900rpm,3062270,853,741,2170,4339,3,3,1673827,9,123,215,244,46,1771,1495,1237,151,514,1604,16383,1808,1734,1749343,800,2063,2263,561870,11957,8,382588,1496,116327,390,3062171949,3062271024,0,3062271033,3062271548,3825814921,17871235,-65,23,1044,0.2465,1720.0,0.38075695400184006,0.04753009107635631,0.2465,26.4,79.5,,,,,,
2026-07-30T23:16:59.787450+00:00,S053,mounted,true,rotor_drag,mild,900,rotor_drag-mild_horizontal_no_load_0900rpm,3062370,912,700,1932,3850,3,3,1673863,9,123,235,301,11,1773,1494,1250,143,480,1605,16383,1820,1738,1763293,800,1926,2395,562700,11955,8,382587,1496,116328,390,3062271981,3062371084,0,3062371093,3062371608,3887298057,17865257,-51,40,1052,0.2541,1720.0,0.6013542521957338,-0.18019346775407818,0.2541,26.37,79.5,,,,,,
2026-07-30T23:16:59.880972+00:00,S053,mounted,true,rotor_drag,mild,900,rotor_drag-mild_horizontal_no_load_0900rpm,3062470,917,1031,1932,4743,3,3,1673899,9,123,269,338,17,1774,1495,1238,152,458,1597,16383,1836,1738,1759236,800,1919,2297,562866,11957,8,382589,1496,116329,390,3062372041,3062471094,0,3062471104,3062471618,3869734406,17871235,-95,48,1028,0.2579,1720.0,0.4374055206991718,-0.192393250229991,0.2579,26.62,79.9,,,,,,
2026-07-30T23:16:59.974031+00:00,S053,mounted,true,rotor_drag,mild,900,rotor_drag-mild_horizontal_no_load_0900rpm,3062570,874,662,2139,4031,6,3,1673933,9,123,186,222,31,1774,1495,1261,152,458,1604,16383,1815,1737,1759492,800,2141,2415,563044,11956,8,382589,1496,116330,390,3062472052,3062571147,0,3062571161,3062571676,3870376950,17868246,-97,20,1034,0.2579,1720.0,0.6343459133489455,0.17778692773502813,0.2579,26.4,79.5,,,,,,
2026-07-30T23:17:00.066690+00:00,S053,mounted,true,rotor_drag,mild,900,rotor_drag-mild_horizontal_no_load_0900rpm,3062671,868,827,2084,4466,6,3,1673969,9,123,229,292,35,1774,1495,1229,133,395,1605,16383,1817,1736,1774336,808,2141,2359,562875,11958,8,382593,1496,116331,390,3062572109,3062671774,0,3062671853,3062672368,3897263160,17874222,-91,17,1045,0.2579,1720.0,0.5403771635725034,0.17719025740090277,0.2579,26.37,79.5,,,,,,
2026-07-30T23:17:00.160938+00:00,S053,mounted,true,rotor_drag,mild,900,rotor_drag-mild_horizontal_no_load_0900rpm,3062771,886,869,2024,4475,1,3,1674002,9,123,254,310,53,1774,1495,1218,122,362,1602,16383,1819,1737,1759388,800,2133,2463,562872,11957,8,382594,1496,116332,390,3062672801,3062771935,0,3062772009,3062772524,3870194612,17871233,-101,-3,1042,0.2579,1720.0,0.7139838169273229,0.1641594931002759,0.2579,26.46,79.6,,,,,,
2026-07-30T23:17:00.255263+00:00,S053,mounted,true,rotor_drag,mild,900,rotor_drag-mild_horizontal_no_load_0900rpm,3062871,846,826,2064,4505,1,3,1674038,9,123,239,281,54,1775,1494,1219,122,362,1602,16383,1816,1742,1761613,800,2143,2293,563266,11955,8,382592,1496,116333,390,3062772958,3062872012,0,3062872086,3062872601,3879808829,17865257,-112,1,1016,0.2617,1720.0,0.43138012120451696,0.1814181638644916,0.2617,26.46,79.6,,,,,,
2026-07-30T23:17:00.346848+00:00,S053,mounted,true,rotor_drag,mild,900,rotor_drag-mild_horizontal_no_load_0900rpm,3062971,932,725,1969,3915,1,3,1674074,9,123,192,235,35,1774,1494,1221,121,336,1598,16383,1808,1744,1757086,800,2143,2271,562952,11953,8,382586,1496,116334,390,3062873034,3062972094,0,3062972168,3062972683,3859732112,17859279,-34,17,1041,0.2579,1720.0,0.3953522515686436,0.18201569137455031,0.2579,26.59,79.9,,,,,,
2026-07-30T23:17:00.487894+00:00,S053,mounted,true,rotor_drag,mild,900,rotor_drag-mild_horizontal_no_load_0900rpm,3063072,910,703,2067,3998,6,3,1674113,9,123,182,213,22,1771,1495,1237,121,336,1603,16383,1806,1739,1769137,808,2139,2379,562149,11957,8,382588,1496,116335,390,3062973116,3063072773,0,3063072782,3063073297,3874212917,17871233,-43,43,1063,0.2465,1720.0,0.5740285344986198,0.17415629898804008,0.2465,26.43,79.6,,,,,,
2026-07-30T23:17:00.581189+00:00,S053,mounted,true,rotor_drag,mild,900,rotor_drag-mild_horizontal_no_load_0900rpm,3063172,930,857,2004,4306,4,3,1674148,9,123,216,259,43,1772,1495,1254,137,355,1597,16383,1810,1742,1756374,800,1993,2265,562210,11956,8,382588,1496,116336,390,3063073731,3063172795,0,3063172804,3063173319,3856699544,17868246,-68,23,1045,0.2503,1720.0,0.3844048628303778,-0.06882157544329237,0.2503,26.62,79.9,,,,,,
2026-07-30T23:17:00.677025+00:00,S053,mounted,true,rotor_drag,mild,900,rotor_drag-mild_horizontal_no_load_0900rpm,3063272,936,640,2072,3781,3,3,1674187,9,123,175,204,19,1770,1494,1225,143,396,1599,16383,1800,1742,1750407,800,2055,2263,561606,11955,8,382587,1496,116337,390,3063173756,3063272925,0,3063272934,3063273449,3830378395,17865257,-110,47,1027,0.2428,1720.0,0.38138772973651136,0.03477381555834347,0.2428,26.56,79.8,,,,,,
2026-07-30T23:17:00.770200+00:00,S053,mounted,true,rotor_drag,mild,900,rotor_drag-mild_horizontal_no_load_0900rpm,3063372,821,868,2186,4830,4,3,1674220,9,123,238,293,29,1771,1495,1241,143,396,1602,16383,1812,1750,1759502,800,2147,2373,562135,11956,8,382587,1496,116338,390,3063273883,3063372966,0,3063372976,3063373491,3870305074,17868246,-115,4,1025,0.2465,1720.0,0.5643624192037469,0.18778456975577118,0.2465,26.46,79.6,,,,,,
2026-07-30T23:17:00.861863+00:00,S053,mounted,true,rotor_drag,mild,900,rotor_drag-mild_horizontal_no_load_0900rpm,3063472,925,594,2096,3702,6,3,1674257,9,123,168,203,31,1770,1495,1225,168,451,1601,16383,1810,1743,1750993,800,2007,2377,561607,11957,8,382589,1496,116339,390,3063373924,3063472999,0,3063473008,3063473524,3833017387,17871235,-94,30,1028,0.2428,1720.0,0.5706962658693646,-0.045773430542778826,0.2428,26.5,79.7,,,,,,
2026-07-30T23:17:00.955463+00:00,S053,mounted,true,rotor_drag,mild,900,rotor_drag-mild_horizontal_no_load_0900rpm,3063573,900,721,2065,4068,4,3,1674292,9,123,184,203,26,1770,1495,1200,181,575,1602,16383,1800,1747,1771767,808,2081,2283,561628,11956,8,382589,1496,116340,390,3063473957,3063573765,0,3063573839,3063574354,3885490091,17868244,-112,-3,1024,0.2428,1720.0,0.4143977888926056,0.07781050752760077,0.2428,26.46,79.6,,,,,,
2026-07-30T23:17:01.096532+00:00,S053,mounted,true,rotor_drag,mild,900,rotor_drag-mild_horizontal_no_load_0900rpm,3063673,934,576,2023,3565,3,3,1674331,9,123,166,202,33,1769,1494,1223,181,575,1603,16383,1803,1743,1752047,800,2137,2257,561340,11955,8,382588,1496,116341,390,3063574787,3063673858,0,3063673932,3063674447,3837546441,17865257,-27,-17,1050,0.239,1720.0,0.3713892514429107,0.17141968557089093,0.239,26.43,79.6,,,,,,
2026-07-30T23:17:01.190471+00:00,S053,mounted,true,rotor_drag,mild,900,rotor_drag-mild_horizontal_no_load_0900rpm,3063773,884,786,1982,4205,2,3,1674366,9,123,201,258,32,1770,1494,1221,232,833,1603,16383,1796,1745,1756446,800,2151,2355,561587,11955,8,382587,1496,116342,390,3063674885,3063773969,0,3063774048,3063774563,3856818520,17865257,-88,10,1045,0.2428,1720.0,0.5346977302383937,0.19474946825595918,0.2428,26.43,79.6,,,,,,
2026-07-30T23:17:01.284434+00:00,S053,mounted,true,rotor_drag,mild,900,rotor_drag-mild_horizontal_no_load_0900rpm,3063873,924,495,2065,3404,1,3,1674404,9,123,139,154,28,1769,1494,1206,232,833,1603,16383,1797,1747,1754226,800,2151,2251,561528,11954,8,382584,1496,116343,390,3063774997,3063874075,0,3063874149,3063874664,3846980792,17862268,-111,4,1029,0.239,1720.0,0.36170456734147516,0.19504932223523497,0.239,26.43,79.6,,,,,,
2026-07-30T23:17:01.377319+00:00,S053,mounted,true,rotor_drag,mild,900,rotor_drag-mild_horizontal_no_load_0900rpm,3063974,929,458,2126,3359,1,3,1674440,9,123,115,94,21,1767,1495,1204,304,1075,1609,16383,1789,1746,1766360,808,1979,2229,560916,11958,8,382588,1496,116344,390,3063875097,3063974763,0,3063974772,3063975287,3861640382,17874222,-127,70,1012,0.2314,1720.0,0.3237978158554937,-0.09270092975413968,0.2314,26.25,79.2,,,,,,
2026-07-30T23:17:01.469923+00:00,S053,mounted,true,rotor_drag,mild,900,rotor_drag-mild_horizontal_no_load_0900rpm,3064074,917,488,2096,3428,4,3,1674478,9,123,120,123,21,1764,1494,1210,346,1443,1606,16383,1786,1740,1741926,800,2050,2239,559789,11953,8,382583,1496,116345,390,3063975726,3064074793,0,3064074802,3064075317,3793138048,17859279,-125,59,1010,0.22,1720.0,0.3420181115201202,0.027013346858529186,0.22,26.34,79.4,,,,,,
2026-07-30T23:17:01.563963+00:00,S053,mounted,true,rotor_drag,mild,900,rotor_drag-mild_horizontal_no_load_0900rpm,3064174,863,644,2034,3899,1,3,1674512,9,123,166,191,19,1765,1495,1225,346,1443,1611,16383,1793,1742,1752048,800,2149,2387,560135,11956,8,382583,1496,116346,390,3064075752,3064174860,0,3064174869,3064175384,3837385348,17868244,-110,10,1033,0.2238,1720.0,0.5876902505854797,0.19111711709601842,0.2238,26.19,79.1,,,,,,
2026-07-30T23:17:01.659296+00:00,S053,mounted,true,rotor_drag,mild,900,rotor_drag-mild_horizontal_no_load_0900rpm,3064274,883,535,2158,3671,1,3,1674548,9,123,129,136,10,1764,1495,1240,323,1405,1608,16383,1778,1741,1745729,800,2043,2291,559725,11958,8,382587,1496,116347,390,3064175820,3064274881,0,3064274890,3064275404,3809735425,17874222,-45,-4,1053,0.22,1720.0,0.42708950476668317,0.013922749121926259,0.22,26.28,79.3,,,,,,
2026-07-30T23:17:01.753893+00:00,S053,mounted,true,rotor_drag,mild,900,rotor_drag-mild_horizontal_no_load_0900rpm,3064374,885,502,2210,3628,1,3,1674584,9,123,125,128,18,1765,1495,1201,303,1263,1603,16383,1788,1752,1753829,800,1959,2253,560277,11957,8,382589,1496,116348,390,3064275838,3064374902,0,3064374917,3064375432,3845177587,17871233,-66,6,1040,0.2238,1720.0,0.3640956108555655,-0.1257478776448946,0.2238,26.43,79.6,,,,,,
2026-07-30T23:17:01.896517+00:00,S053,mounted,true,rotor_drag,mild,900,rotor_drag-mild_horizontal_no_load_0900rpm,3064474,920,459,2183,3432,5,3,1674621,9,123,108,84,4,1765,1494,1228,303,1263,1602,16383,1781,1748,1749262,800,1965,2389,560105,11954,8,382586,1496,116349,390,3064375865,3064474971,0,3064474981,3064475496,3825182932,17862270,-117,109,1033,0.2238,1720.0,0.5916888055880873,-0.11492943366237274,0.2238,26.46,79.6,,,,,,
2026-07-30T23:17:01.990868+00:00,S053,mounted,true,rotor_drag,mild,900,rotor_drag-mild_horizontal_no_load_0900rpm,3064574,894,455,2192,3466,5,3,1674657,9,123,116,66,8,1766,1494,1209,331,1354,1604,16383,1788,1753,1752443,800,2153,2243,560368,11955,8,382585,1496,116350,390,3064475930,3064575000,0,3064575009,3064575524,3838988103,17865255,-123,55,1028,0.2276,1720.0,0.34805946875784155,0.19808229435382652,0.2276,26.4,79.5,,,,,,
2026-07-30T23:17:02.085069+00:00,S053,mounted,true,rotor_drag,mild,900,rotor_drag-mild_horizontal_no_load_0900rpm,3064674,912,423,2190,3349,4,3,1674694,9,123,104,54,12,1766,1494,1230,331,1354,1608,16383,1786,1754,1752519,800,1921,2435,560532,11955,8,382584,1496,116351,390,3064575958,3064675052,0,3064675061,3064675576,3839435605,17865257,-42,64,1051,0.2276,1720.0,0.6680107741530739,-0.18852553299874586,0.2276,26.28,79.3,,,,,,
2026-07-30T23:17:02.178356+00:00,S053,mounted,true,rotor_drag,mild,900,rotor_drag-mild_horizontal_no_load_0900rpm,3064774,915,478,2179,3487,6,3,1674731,9,123,107,52,15,1767,1495,1241,305,1248,1605,16383,1790,1755,1754405,800,2151,2399,560813,11956,8,382584,1496,116352,390,3064676009,3064775097,0,3064775112,3064775627,3847687723,17868246,-76,52,1047,0.2314,1720.0,0.6076855346269654,0.1944496644362661,0.2314,26.37,79.5,,,,,,
2026-07-30T23:17:02.270082+00:00,S053,mounted,true,rotor_drag,mild,900,rotor_drag-mild_horizontal_no_load_0900rpm,3064874,890,452,2170,3440,6,3,1674767,9,123,111,71,12,1768,1494,1221,358,1516,1609,16383,1792,1751,1753129,800,2157,2243,560931,11954,8,382581,1496,116353,390,3064776060,3064875137,0,3064875151,3064875666,3842001877,17862268,-89,35,1031,0.2352,1720.0,0.348372147732976,0.20504863694160935,0.2352,26.25,79.2,,,,,,
2026-07-30T23:17:02.363658+00:00,S053,mounted,true,rotor_drag,mild,900,rotor_drag-mild_horizontal_no_load_0900rpm,3064975,885,518,2235,3699,6,3,1674803,9,123,120,36,18,1770,1495,1217,358,1516,1607,16383,1801,1756,1776597,808,2153,2383,561593,11956,8,382581,1496,116354,390,3064876099,3064975764,0,3064975838,3064976353,3906567751,17868244,-108,42,1025,0.2428,1720.0,0.5810251559049848,0.19778221177651378,0.2428,26.31,79.4,,,,,,
2026-07-30T23:17:02.456928+00:00,S053,mounted,true,rotor_drag,mild,900,rotor_drag-mild_horizontal_no_load_0900rpm,3065075,885,458,2302,3596,4,3,1674838,9,123,112,44,33,1770,1495,1192,305,1269,1604,16383,1790,1751,1755934,800,2069,2377,561738,11957,8,382583,1496,116355,390,3064976787,3065075872,0,3065075946,3065076461,3854364466,17871233,-155,-9,1026,0.2428,1720.0,0.5706962658693646,0.057526896964120944,0.2428,26.4,79.5,,,,,,
2026-07-30T23:17:02.599558+00:00,S053,mounted,true,rotor_drag,mild,900,rotor_drag-mild_horizontal_no_load_0900rpm,3065175,892,460,2236,3526,4,3,1674874,9,123,133,42,40,1771,1494,1225,308,1255,1608,16383,1798,1752,1756440,800,2069,2269,561882,11951,8,382574,1496,116356,390,3065076898,3065175969,0,3065176043,3065176558,3856601868,17853305,-130,-14,1030,0.2465,1720.0,0.3926517393523552,0.05925757986779345,0.2465,26.28,79.3,,,,,,
2026-07-30T23:17:02.693905+00:00,S053,mounted,true,rotor_drag,mild,900,rotor_drag-mild_horizontal_no_load_0900rpm,3065275,898,490,2243,3606,4,3,1674910,9,123,131,38,53,1770,1495,1224,308,1255,1603,16383,1790,1749,1752957,800,2140,2275,561611,11957,8,382577,1496,116357,390,3065176992,3065276045,0,3065276124,3065276639,3841284075,17871233,-134,-45,1022,0.2428,1720.0,0.4007505657773689,0.17582243330266767,0.2428,26.43,79.6,,,,,,
2026-07-30T23:17:02.785754+00:00,S053,mounted,true,rotor_drag,mild,900,rotor_drag-mild_horizontal_no_load_0900rpm,3065375,897,479,2287,3622,4,3,1674946,9,123,128,37,55,1768,1495,1242,267,1055,1602,16383,1779,1745,1748532,800,2121,2227,561028,11956,8,382577,1496,116358,390,3065277074,3065376151,0,3065376225,3065376740,3821857006,17868246,-89,38,1045,0.2352,1720.0,0.32108646336567404,0.14446145433255264,0.2352,26.46,79.6,,,,,,
2026-07-30T23:17:02.881211+00:00,S053,mounted,true,rotor_drag,mild,900,rotor_drag-mild_horizontal_no_load_0900rpm,3065476,914,547,2113,3609,4,3,1674982,9,123,132,62,46,1765,1495,1237,267,1055,1603,16383,1781,1741,1760800,808,2133,2241,560043,11958,8,382581,1496,116359,390,3065377173,3065476790,0,3065476799,3065477314,3837340576,17874222,-122,19,1034,0.2238,1720.0,0.3437897556447562,0.16386229754139503,0.2238,26.43,79.6,,,,,,
2026-07-30T23:17:02.973227+00:00,S053,mounted,true,rotor_drag,mild,900,rotor_drag-mild_horizontal_no_load_0900rpm,3065576,903,472,2253,3562,4,3,1675018,9,123,126,47,21,1765,1495,1230,255,1028,1609,16383,1784,1742,1749226,800,2135,2239,560033,11958,8,382585,1496,116360,390,3065477748,3065576833,0,3065576842,3065577357,3824910688,17874224,-83,25,1036,0.2238,1720.0,0.34045776567987973,0.16719428750627152,0.2238,26.25,79.2,,,,,,
2026-07-30T23:17:03.067049+00:00,S053,mounted,true,rotor_drag,mild,900,rotor_drag-mild_horizontal_no_load_0900rpm,3065676,879,450,2268,3547,4,3,1675054,9,123,130,7,18,1764,1494,1229,228,846,1608,16383,1781,1746,1748659,800,2145,2229,559936,11955,8,382584,1496,116361,390,3065577790,3065676893,0,3065676908,3065677423,3822429443,17865257,-127,44,1031,0.22,1720.0,0.3247296860727724,0.1847509899623585,0.22,26.28,79.3,,,,,,
2026-07-30T23:17:03.158990+00:00,S053,mounted,true,rotor_drag,mild,900,rotor_drag-mild_horizontal_no_load_0900rpm,3065776,878,399,2373,3510,5,3,1675089,9,123,111,41,15,1766,1494,1253,228,846,1608,16383,1782,1751,1753074,800,2050,2247,560373,11953,8,382579,1496,116362,390,3065677855,3065776952,0,3065776962,3065777477,3841749426,17859281,-115,35,1040,0.2276,1720.0,0.35535164653225104,0.027013346858529186,0.2276,26.28,79.3,,,,,,
2026-07-30T23:17:03.299471+00:00,S053,mounted,true,rotor_drag,mild,900,rotor_drag-mild_horizontal_no_load_0900rpm,3065876,882,353,2398,3399,5,3,1675125,9,123,109,57,16,1766,1494,1250,208,757,1607,16383,1781,1747,1750094,800,2127,2391,560333,11955,8,382578,1496,116363,390,3065777910,3065876986,0,3065877000,3065877515,3828742226,17865257,-86,20,1050,0.2276,1720.0,0.5946886,0.15475555508155558,0.2276,26.31,79.4,,,,,,
2026-07-30T23:17:03.393609+00:00,S053,mounted,true,rotor_drag,mild,900,rotor_drag-mild_horizontal_no_load_0900rpm,3065976,913,429,2225,3399,5,3,1675161,9,123,118,15,42,1766,1495,1222,189,659,1606,16383,1784,1752,1751181,800,2149,2235,560397,11957,8,382580,1496,116364,390,3065877947,3065977006,0,3065977016,3065977530,3833433629,17871233,-99,-25,1030,0.2276,1720.0,0.33410519319227205,0.19081764213431462,0.2276,26.34,79.4,,,,,,
2026-07-30T23:17:03.488655+00:00,S053,mounted,true,rotor_drag,mild,900,rotor_drag-mild_horizontal_no_load_0900rpm,3066076,899,389,2364,3445,4,3,1675198,9,123,119,47,30,1766,1494,1230,189,659,1597,16383,1782,1747,1751210,800,2141,2229,560455,11955,8,382579,1496,116365,390,3065977962,3066077075,0,3066077089,3066077604,3833569526,17865259,-94,38,1032,0.2276,1720.0,0.3247296860727724,0.17808533776662427,0.2276,26.62,79.9,,,,,,
2026-07-30T23:17:03.581470+00:00,S053,mounted,true,rotor_drag,mild,900,rotor_drag-mild_horizontal_no_load_0900rpm,3066176,915,459,2255,3509,4,3,1675234,9,123,125,28,49,1766,1494,1250,181,622,1600,16383,1781,1746,1749486,800,2015,2321,560298,11955,8,382578,1496,116366,390,3066078036,3066177121,0,3066177131,3066177646,3826071602,17865257,-88,39,1029,0.2276,1720.0,0.4780396865746548,-0.03188270639899615,0.2276,26.53,79.7,,,,,,
2026-07-30T23:17:03.676569+00:00,S053,mounted,true,rotor_drag,mild,900,rotor_drag-mild_horizontal_no_load_0900rpm,3066277,896,454,2247,3516,4,3,1675270,9,123,125,82,31,1765,1494,1246,181,622,1602,16383,1780,1745,1766817,808,2017,2455,560202,11955,8,382577,1496,116367,390,3066178078,3066277761,0,3066277835,3066278350,3863721121,17865257,-110,64,1039,0.2238,1720.0,0.7013390351317437,-0.02854988030112926,0.2238,26.46,79.6,,,,,,
2026-07-30T23:17:03.770400+00:00,S053,mounted,true,rotor_drag,mild,900,rotor_drag-mild_horizontal_no_load_0900rpm,3066377,910,384,2330,3386,6,3,1675307,9,123,107,18,38,1764,1495,1235,182,638,1599,16383,1779,1747,1745332,800,2149,2365,559706,11956,8,382577,1496,116368,390,3066278783,3066377864,0,3066377943,3066378458,3807882872,17868244,-53,65,1049,0.22,1720.0,0.5510322298427566,0.19111711709601842,0.22,26.56,79.8,,,,,,
2026-07-30T23:17:03.863514+00:00,S053,mounted,true,rotor_drag,mild,900,rotor_drag-mild_horizontal_no_load_0900rpm,3066477,897,395,2304,3407,4,3,1675342,9,123,113,56,27,1764,1495,1239,169,555,1603,16383,1782,1746,1749411,800,2095,2239,559827,11957,8,382579,1496,116369,390,3066378890,3066477954,0,3066478028,3066478543,3825718435,17871233,-16,59,1065,0.22,1720.0,0.34076973045078196,0.10084638914443422,0.22,26.43,79.6,,,,,,
2026-07-30T23:17:04.003421+00:00,S053,mounted,true,rotor_drag,mild,900,rotor_drag-mild_horizontal_no_load_0900rpm,3066577,936,380,2209,3225,2,3,1675380,9,123,124,59,45,1762,1494,1222,169,555,1603,16383,1778,1735,1742684,800,2071,2223,559119,11950,8,382568,1496,116370,390,3066478975,3066578112,0,3066578191,3066578706,3796374456,17850314,-48,65,1069,0.2124,1720.0,0.3162811810878656,0.06288041656903731,0.2124,26.43,79.6,,,,,,
2026-07-30T23:17:04.097261+00:00,S053,mounted,true,rotor_drag,mild,900,rotor_drag-mild_horizontal_no_load_0900rpm,3066678,905,539,2237,3726,6,3,1675415,9,123,128,74,38,1757,1495,1225,168,550,1614,16383,1770,1728,1749290,808,2067,2254,557558,11956,8,382569,1496,116371,390,3066579138,3066678956,0,3066678966,3066679481,3787347078,17868246,-42,52,1062,0.1934,1720.0,0.36607585245901575,0.05448267614586788,0.1934,26.1,79.0,,,,,,
2026-07-30T23:17:04.192856+00:00,S053,mounted,true,rotor_drag,mild,900,rotor_drag-mild_horizontal_no_load_0900rpm,3066778,868,493,2292,3713,4,3,1675450,9,123,129,65,32,1758,1495,1244,156,515,1609,16383,1801,1738,1744813,800,1939,2259,558010,11956,8,382570,1496,116372,390,3066679913,3066779086,0,3066779100,3066779615,3805888949,17868248,-83,41,1029,0.1972,1720.0,0.37440722080963473,-0.1588003536299767,0.1972,26.25,79.2,,,,,,
2026-07-30T23:17:04.291139+00:00,S053,mounted,true,rotor_drag,mild,900,rotor_drag-mild_horizontal_no_load_0900rpm,3066879,915,419,2170,3317,6,3,1675487,9,123,118,97,34,1762,1495,1240,156,515,1606,16383,1797,1750,1772882,808,2145,2265,559248,11957,8,382573,1496,116373,390,3066780047,3066879765,0,3066879839,3066880354,3890228620,17871233,-83,64,1034,0.2124,1720.0,0.38408922263109435,0.18415310487580472,0.2124,26.34,79.4,,,,,,
2026-07-30T23:17:04.381893+00:00,S053,mounted,true,rotor_drag,mild,900,rotor_drag-mild_horizontal_no_load_0900rpm,3066979,892,441,2206,3441,4,3,1675522,9,123,117,103,25,1766,1495,1207,156,513,1604,16383,1792,1752,1758187,800,1957,2467,560359,11958,8,382578,1496,116374,390,3066880786,3066979829,0,3066979903,3066980418,3864372867,17874222,-89,3,1031,0.2276,1720.0,0.7203046216758651,-0.12935281936778775,0.2276,26.4,79.5,,,,,,
2026-07-30T23:17:04.474929+00:00,S053,mounted,true,rotor_drag,mild,900,rotor_drag-mild_horizontal_no_load_0900rpm,3067079,917,381,2261,3301,6,3,1675559,9,123,106,45,39,1767,1494,1217,156,513,1603,16383,1792,1754,1755765,800,2115,2411,560879,11954,8,382575,1496,116375,390,3066980850,3067079919,0,3067079993,3067080508,3853604491,17862270,-115,-15,1024,0.2314,1720.0,0.628352959511461,0.13505343399698821,0.2314,26.43,79.6,,,,,,
2026-07-30T23:17:04.568646+00:00,S053,mounted,true,rotor_drag,mild,900,rotor_drag-mild_horizontal_no_load_0900rpm,3067179,933,402,2234,3311,3,3,1675597,9,123,105,20,35,1767,1494,1202,153,488,1609,16383,1783,1750,1749866,800,2103,2239,560629,11954,8,382573,1496,116376,390,3067080942,3067180021,0,3067180095,3067180609,3827683472,17862270,-89,-46,1035,0.2314,1720.0,0.3417059379287264,0.11505480458423945,0.2314,26.25,79.2,,,,,,
2026-07-30T23:17:04.709259+00:00,S053,mounted,true,rotor_drag,mild,900,rotor_drag-mild_horizontal_no_load_0900rpm,3067280,954,507,2079,3408,5,3,1675635,9,123,130,94,50,1767,1495,1201,153,461,1608,16383,1791,1751,1770990,808,1935,2427,560765,11957,8,382576,1496,116377,390,3067181041,3067280769,0,3067280779,3067281293,3882021772,17871235,-15,-51,1057,0.2314,1720.0,0.654002981600736,-0.1657351011959527,0.2314,26.28,79.3,,,,,,
2026-07-30T23:17:04.803486+00:00,S053,mounted,true,rotor_drag,mild,900,rotor_drag-mild_horizontal_no_load_0900rpm,3067380,954,419,2152,3251,2,3,1675674,9,123,111,77,31,1766,1494,1212,153,461,1610,16383,1776,1746,1748378,800,2065,2229,560401,11955,8,382575,1496,116378,390,3067281726,3067380944,0,3067380954,3067381469,3821197194,17865255,-59,-17,1044,0.2276,1720.0,0.3247296860727724,0.05143794604767837,0.2276,26.22,79.2,,,,,,
2026-07-30T23:17:04.897419+00:00,S053,mounted,true,rotor_drag,mild,900,rotor_drag-mild_horizontal_no_load_0900rpm,3067480,938,295,2327,3113,3,3,1675711,9,123,93,61,25,1764,1494,1238,187,593,1601,16383,1774,1746,1744472,800,2143,2227,559699,11953,8,382571,1496,116379,390,3067381901,3067481148,0,3067481163,3067481678,3804100376,17859279,-13,47,1059,0.22,1720.0,0.32201780900192434,0.18201569137455031,0.22,26.5,79.7,,,,,,
2026-07-30T23:17:04.989835+00:00,S053,mounted,true,rotor_drag,mild,900,rotor_drag-mild_horizontal_no_load_0900rpm,3067581,879,552,2142,3713,3,3,1675747,9,123,146,128,45,1762,1494,1212,184,635,1605,16383,1776,1743,1759375,808,1969,2229,559089,11955,8,382571,1496,116380,390,3067482108,3067581936,0,3067582009,3067582524,3831211301,17865255,-42,12,1044,0.2124,1720.0,0.3247296860727724,-0.10853770664993734,0.2124,26.37,79.5,,,,,,
2026-07-30T23:17:05.083558+00:00,S053,mounted,true,rotor_drag,mild,900,rotor_drag-mild_horizontal_no_load_0900rpm,3067681,877,528,2137,3641,6,3,1675781,9,123,147,141,46,1762,1495,1208,184,635,1607,16383,1779,1741,1747283,800,2081,2423,559151,11959,8,382578,1496,116381,390,3067582958,3067682023,0,3067682097,3067682612,3816493957,17877211,-49,27,1044,0.2124,1720.0,0.6466632970148005,0.07694065666025596,0.2124,26.31,79.4,,,,,,
2026-07-30T23:17:05.176703+00:00,S053,mounted,true,rotor_drag,mild,900,rotor_drag-mild_horizontal_no_load_0900rpm,3067781,882,549,2102,3657,2,3,1675818,9,123,152,151,47,1765,1495,1196,177,576,1601,16383,1793,1746,1754581,800,2141,2300,559972,11956,8,382578,1496,116382,390,3067683045,3067782112,0,3067782186,3067782701,3848441445,17868244,-76,-6,1037,0.2238,1720.0,0.4427244412847102,0.17778692773502813,0.2238,26.5,79.7,,,,,,
2026-07-30T23:17:05.269448+00:00,S053,mounted,true,rotor_drag,mild,900,rotor_drag-mild_horizontal_no_load_0900rpm,3067882,910,393,2249,3330,3,3,1675855,9,123,102,64,32,1767,1495,1216,177,576,1601,16383,1791,1756,1772918,808,2154,2244,560601,11957,8,382580,1496,116383,390,3067783137,3067882777,0,3067882792,3067883307,3890293016,17871235,-74,61,1043,0.2314,1720.0,0.34910040202391857,0.19914831370745167,0.2314,26.5,79.7,,,,,,
2026-07-30T23:17:05.410998+00:00,S053,mounted,true,rotor_drag,mild,900,rotor_drag-mild_horizontal_no_load_0900rpm,3067982,901,427,2328,3513,3,3,1675891,9,123,122,52,54,1769,1494,1228,166,519,1607,16383,1797,1757,1757612,800,1943,2411,561290,11955,8,382579,1496,116384,390,3067883739,3067982920,0,3067982929,3067983444,3861863206,17865257,-55,48,1047,0.239,1720.0,0.6280168609786703,-0.1518644459222087,0.239,26.31,79.4,,,,,,
2026-07-30T23:17:05.504220+00:00,S053,mounted,true,rotor_drag,mild,900,rotor_drag-mild_horizontal_no_load_0900rpm,3068082,910,587,2121,3733,2,3,1675926,9,123,146,70,34,1770,1494,1232,166,512,1607,16383,1797,1750,1757956,800,1946,2341,561769,11955,8,382578,1496,116385,390,3067983876,3068082944,0,3068082953,3068083468,3863347482,17865257,-3,48,1065,0.2428,1720.0,0.5113679475533246,-0.14686520677540793,0.2428,26.31,79.4,,,,,,
2026-07-30T23:17:05.598645+00:00,S053,mounted,true,rotor_drag,mild,900,rotor_drag-mild_horizontal_no_load_0900rpm,3068182,906,642,2289,4061,3,3,1675963,9,123,154,113,34,1770,1495,1221,166,512,1603,16383,1804,1744,1753350,800,1953,2357,561539,11956,8,382578,1496,116386,390,3068083898,3068182975,0,3068182985,3068183500,3843160026,17868244,-45,36,1048,0.2428,1720.0,0.5377020404817663,-0.13547252224824424,0.2428,26.43,79.6,,,,,,
2026-07-30T23:17:05.692243+00:00,S053,mounted,true,rotor_drag,mild,900,rotor_drag-mild_horizontal_no_load_0900rpm,3068282,916,559,2271,3797,3,3,1675999,9,123,132,94,42,1768,1495,1244,167,533,1600,16383,1788,1750,1749026,800,2149,2318,560971,11957,8,382580,1496,116387,390,3068183936,3068283028,0,3068283037,3068283552,3824039206,17871233,-56,77,1071,0.2352,1720.0,0.4723943413063476,0.19081764213431462,0.2352,26.53,79.7,,,,,,
2026-07-30T23:17:05.785811+00:00,S053,mounted,true,rotor_drag,mild,900,rotor_drag-mild_horizontal_no_load_0900rpm,3068382,902,578,2133,3736,1,3,1676036,9,123,128,101,39,1767,1495,1229,223,918,1601,16383,1786,1747,1750375,800,2146,2231,560781,11957,8,382582,1496,116388,390,3068283984,3068383050,0,3068383059,3068383574,3829959741,17871235,-34,21,1060,0.2314,1720.0,0.32744065593376215,0.18581923919043186,0.2314,26.5,79.7,,,,,,
2026-07-30T23:17:05.879344+00:00,S053,mounted,true,rotor_drag,mild,900,rotor_drag-mild_horizontal_no_load_0900rpm,3068482,917,669,2107,3932,1,3,1676072,9,123,145,115,28,1768,1494,1214,223,918,1601,16383,1788,1747,1755815,800,2079,2239,561159,11953,8,382577,1496,116389,390,3068384007,3068483090,0,3068483099,3068483614,3853815087,17859283,-50,20,1051,0.2352,1720.0,0.3420181115201202,0.075347411277503,0.2352,26.5,79.7,,,,,,
2026-07-30T23:17:05.972514+00:00,S053,mounted,true,rotor_drag,mild,900,rotor_drag-mild_horizontal_no_load_0900rpm,3068582,895,726,2143,4171,5,3,1676109,9,123,162,137,37,1767,1495,1241,205,782,1603,16383,1788,1743,1749327,800,1973,2345,560745,11956,8,382577,1496,116390,390,3068484047,3068583117,0,3068583127,3068583642,3825528865,17868246,-46,39,1059,0.2314,1720.0,0.5177067564402806,-0.1021470488457683,0.2314,26.43,79.6,,,,,,
2026-07-30T23:17:06.113477+00:00,S053,mounted,true,rotor_drag,mild,900,rotor_drag-mild_horizontal_no_load_0900rpm,3068683,881,710,2103,4117,3,3,1676143,9,123,161,144,29,1767,1495,1201,205,782,1599,16383,1784,1742,1770065,808,2123,2369,560724,11957,8,382579,1496,116391,390,3068584075,3068683742,0,3068683816,3068684330,3877887129,17871235,-65,25,1038,0.2314,1720.0,0.5573671913523457,0.14749814995400135,0.2314,26.56,79.8,,,,,,
2026-07-30T23:17:06.208573+00:00,S053,mounted,true,rotor_drag,mild,900,rotor_drag-mild_horizontal_no_load_0900rpm,3068783,875,699,2044,4042,1,3,1676180,9,123,178,178,24,1765,1494,1201,290,1141,1605,16383,1781,1741,1746532,800,2138,2239,560152,11952,8,382572,1496,116392,390,3068684763,3068783890,0,3068783964,3068784479,3813182686,17856292,-50,-3,1053,0.2238,1720.0,0.34233033734939733,0.17398037349397555,0.2238,26.37,79.5,,,,,,
2026-07-30T23:17:06.301856+00:00,S053,mounted,true,rotor_drag,mild,900,rotor_drag-mild_horizontal_no_load_0900rpm,3068883,887,666,2033,3909,3,3,1676215,9,123,174,159,26,1765,1494,1240,255,957,1598,16383,1784,1739,1749241,800,2127,2351,560017,11955,8,382572,1496,116393,390,3068784912,3068883959,0,3068884038,3068884553,3825050017,17865257,-35,20,1072,0.2238,1720.0,0.5280320780426595,0.15475555508155558,0.2238,26.59,79.9,,,,,,
2026-07-30T23:17:06.394901+00:00,S053,mounted,true,rotor_drag,mild,900,rotor_drag-mild_horizontal_no_load_0900rpm,3068983,897,611,2086,3789,1,3,1676252,9,123,161,148,25,1764,1494,1211,255,957,1600,16383,1780,1739,1746948,800,2105,2391,559731,11954,8,382570,1496,116394,390,3068884986,3068984038,0,3068984116,3068984632,3815034988,17862272,-92,37,1052,0.22,1720.0,0.5950219104902121,0.11838790948636424,0.22,26.53,79.7,,,,,,
2026-07-30T23:17:06.489676+00:00,S053,mounted,true,rotor_drag,mild,900,rotor_drag-mild_horizontal_no_load_0900rpm,3069083,899,672,2002,3872,3,3,1676287,9,123,166,158,20,1763,1495,1215,235,852,1598,16383,1785,1735,1745374,800,2121,2235,559380,11956,8,382571,1496,116395,390,3068985065,3069084115,0,3069084194,3069084709,3808152610,17868244,-63,55,1057,0.2162,1720.0,0.3344166527266643,0.14446145433255264,0.2162,26.59,79.9,,,,,,
2026-07-30T23:17:06.584314+00:00,S053,mounted,true,rotor_drag,mild,900,rotor_drag-mild_horizontal_no_load_0900rpm,3069184,897,683,2058,3962,3,3,1676323,9,123,156,134,17,1762,1495,1232,206,715,1599,16383,1781,1739,1763666,808,2097,2315,559207,11957,8,382574,1496,116396,390,3069085142,3069184785,0,3069184795,3069185313,3849903250,17871235,-51,23,1056,0.2124,1720.0,0.4673959383624653,0.10417865777368895,0.2124,26.56,79.8,,,,,,
2026-07-30T23:17:06.678977+00:00,S053,mounted,true,rotor_drag,mild,900,rotor_drag-mild_horizontal_no_load_0900rpm,3069284,890,710,2074,4070,2,3,1676358,9,123,159,145,22,1762,1495,1247,206,715,1597,16383,1784,1739,1747357,800,2074,2309,559218,11956,8,382575,1496,116397,390,3069185746,3069284852,0,3069284861,3069285376,3816851185,17868246,-38,41,1043,0.2124,1720.0,0.45772090431582413,0.06614659183673455,0.2124,26.62,79.9,,,,,,
2026-07-30T23:17:06.774971+00:00,S053,mounted,true,rotor_drag,mild,900,rotor_drag-mild_horizontal_no_load_0900rpm,3069384,896,764,2018,4150,3,3,1676395,9,123,161,147,30,1761,1494,1253,188,658,1608,16383,1785,1739,1744658,800,2133,2227,558973,11955,8,382575,1496,116398,390,3069285813,3069385051,0,3069385060,3069385575,3804996274,17865259,-96,25,1019,0.2086,1720.0,0.32139685997490597,0.1647540333751567,0.2086,26.28,79.3,,,,,,
2026-07-30T23:17:06.915331+00:00,S053,mounted,true,rotor_drag,mild,900,rotor_drag-mild_horizontal_no_load_0900rpm,3069484,898,717,2043,4038,2,3,1676430,9,123,151,131,23,1761,1495,1251,188,658,1604,16383,1779,1734,1743902,800,2099,2394,558723,11956,8,382576,1496,116399,390,3069386008,3069485084,0,3069485094,3069485608,3801773680,17868244,-80,35,1041,0.2086,1720.0,0.5993541662763464,0.10780343358982902,0.2086,26.4,79.5,,,,,,
2026-07-30T23:17:07.008542+00:00,S053,mounted,true,rotor_drag,mild,900,rotor_drag-mild_horizontal_no_load_0900rpm,3069584,896,743,1988,4062,3,3,1676467,9,123,155,142,28,1760,1494,1233,175,581,1600,16383,1782,1737,1741828,800,2087,2367,558381,11950,8,382565,1496,116400,390,3069486041,3069585270,0,3069585279,3069585794,3792705018,17850318,-78,-15,1038,0.2048,1720.0,0.5563450632635982,0.08955418125523007,0.2048,26.53,79.7,,,,,,
2026-07-30T23:17:07.102375+00:00,S053,mounted,true,rotor_drag,mild,900,rotor_drag-mild_horizontal_no_load_0900rpm,3069685,892,727,2068,4104,2,3,1676502,9,123,158,151,15,1759,1494,1225,161,481,1602,16383,1776,1734,1758854,808,2129,2223,558087,11952,8,382559,1496,116401,390,3069586232,3069685781,0,3069685855,3069686370,3828911290,17856292,-100,39,1039,0.201,1720.0,0.3156610361445784,0.15897889156626466,0.201,26.46,79.6,,,,,,
2026-07-30T23:17:07.196062+00:00,S053,mounted,true,rotor_drag,mild,900,rotor_drag-mild_horizontal_no_load_0900rpm,3069785,897,719,2061,4064,3,3,1676539,9,123,154,148,24,1757,1495,1230,161,481,1604,16383,1780,1735,1739034,800,1960,2233,557660,11957,8,382563,1496,116402,390,3069686808,3069786030,0,3069786104,3069786619,3780524454,17871235,-92,12,1055,0.1934,1720.0,0.3307729245630173,-0.12408174333026745,0.1934,26.4,79.5,,,,,,
2026-07-30T23:17:07.289290+00:00,S053,mounted,true,rotor_drag,mild,900,rotor_drag-mild_horizontal_no_load_0900rpm,3069885,909,684,2044,3925,3,3,1676575,9,123,145,133,27,1757,1495,1235,170,579,1601,16383,1782,1730,1741021,800,2131,2367,557517,11956,8,382564,1496,116403,390,3069787052,3069886115,0,3069886194,3069886709,3789259963,17868246,-62,23,1047,0.1934,1720.0,0.5543647771830043,0.1611241910337906,0.1934,26.5,79.7,,,,,,
2026-07-30T23:17:07.383458+00:00,S053,mounted,true,rotor_drag,mild,900,rotor_drag-mild_horizontal_no_load_0900rpm,3069986,907,555,2131,3661,1,3,1676612,9,123,133,124,31,1757,1495,1236,221,871,1595,16383,1779,1737,1758037,808,2085,2227,557421,11956,8,382565,1496,116404,390,3069887143,3069986781,0,3069986791,3069987306,3825297027,17868244,-87,22,1029,0.1934,1720.0,0.32108646336567404,0.08447560220809613,0.1934,26.68,80.0,,,,,,
2026-07-30T23:17:07.523729+00:00,S053,mounted,true,rotor_drag,mild,900,rotor_drag-mild_horizontal_no_load_0900rpm,3070086,925,597,2050,3665,1,3,1676648,9,123,145,149,33,1756,1494,1240,221,871,1600,16383,1791,1734,1741160,800,2138,2239,557370,11954,8,382563,1496,116405,390,3069987739,3070086832,0,3070086841,3070087356,3789789080,17862270,-152,29,1016,0.1896,1720.0,0.3417059379287264,0.17338414037142336,0.1896,26.53,79.7,,,,,,
2026-07-30T23:17:07.617132+00:00,S053,mounted,true,rotor_drag,mild,900,rotor_drag-mild_horizontal_no_load_0900rpm,3070186,919,709,1981,3910,4,3,1676686,9,123,172,187,30,1755,1495,1235,274,1123,1604,16383,1778,1731,1736034,800,2115,2375,556807,11956,8,382564,1496,116406,390,3070087790,3070186861,0,3070186870,3070187385,3767531416,17868246,-98,-1,1053,0.1858,1720.0,0.5676949665439945,0.1344638123118096,0.1858,26.4,79.5,,,,,,
2026-07-30T23:17:07.698217+00:00,S053,mounted,true,rotor_drag,mild,900,rotor_drag-mild_horizontal_no_load_0900rpm,3070286,901,877,1967,4399,1,3,1676720,9,123,211,246,29,1755,1494,1254,274,1123,1605,16383,1787,1726,1740085,800,2037,2327,556813,11955,8,382564,1496,116407,390,3070187818,3070286926,0,3070286935,3070287451,3785253945,17865259,-41,-50,1045,0.1858,1720.0,0.48803816486825546,0.00477838067754055,0.1858,26.37,79.5,,,,,,
2026-07-30T23:17:07.802836+00:00,S053,mounted,true,rotor_drag,mild,900,rotor_drag-mild_horizontal_no_load_0900rpm,3070386,826,836,2173,4702,3,3,1676755,9,123,197,229,21,1753,1495,1238,260,1076,1600,16383,1776,1727,1734343,800,2113,2344,556302,11956,8,382565,1496,116408,390,3070287885,3070387128,0,3070387138,3070387653,3760177645,17868244,-62,-19,1037,0.1782,1720.0,0.516040482770157,0.13113126497156236,0.1782,26.53,79.7,,,,,,
2026-07-30T23:17:07.896274+00:00,S053,mounted,true,rotor_drag,mild,900,rotor_drag-mild_horizontal_no_load_0900rpm,3070487,833,834,2153,4655,6,3,1676789,9,123,185,207,25,1751,1494,1215,232,935,1595,16383,1772,1725,1750116,808,2085,2310,555713,11955,8,382565,1496,116409,390,3070388091,3070487672,0,3070487751,3070488266,3791007964,17865257,-71,-13,1036,0.1706,1720.0,0.45970914303638644,0.08476620702634818,0.1706,26.68,80.0,,,,,,
2026-07-30T23:17:07.988719+00:00,S053,mounted,true,rotor_drag,mild,900,rotor_drag-mild_horizontal_no_load_0900rpm,3070587,846,752,2181,4403,5,3,1676823,9,123,161,170,14,1752,1494,1255,232,935,1599,16383,1776,1736,1739339,800,2005,2217,556095,11954,8,382563,1496,116410,390,3070488700,3070587770,0,3070587844,3070588362,3781868523,17862268,-70,4,1034,0.1744,1720.0,0.30504178400535364,-0.048267335619876395,0.1744,26.56,79.8,,,,,,
2026-07-30T23:17:08.082195+00:00,S053,mounted,true,rotor_drag,mild,900,rotor_drag-mild_horizontal_no_load_0900rpm,3070687,910,644,2110,3881,4,3,1676860,9,123,141,148,13,1752,1494,1204,203,776,1601,16383,1770,1735,1734833,800,2011,2313,555826,11953,8,382559,1496,116411,390,3070588794,3070687850,0,3070687924,3070688439,3762280513,17859279,-96,21,1031,0.1744,1720.0,0.4653533103823304,-0.037987636325608864,0.1744,26.5,79.7,,,,,,
2026-07-30T23:17:08.223825+00:00,S053,mounted,true,rotor_drag,mild,900,rotor_drag-mild_horizontal_no_load_0900rpm,3070787,918,571,2144,3700,6,3,1676897,9,123,126,127,6,1753,1495,1221,181,642,1594,16383,1777,1739,1739638,800,2109,2275,556160,11956,8,382561,1496,116412,390,3070688872,3070787940,0,3070788014,3070788529,3783094790,17868246,-67,17,1047,0.1782,1720.0,0.4010675995316153,0.12446617029106699,0.1782,26.71,80.1,,,,,,
2026-07-30T23:17:08.316838+00:00,S053,mounted,true,rotor_drag,mild,900,rotor_drag-mild_horizontal_no_load_0900rpm,3070887,904,517,2200,3630,6,3,1676933,9,123,129,134,3,1752,1495,1205,181,642,1600,16383,1773,1739,1736173,800,2139,2315,555984,11956,8,382562,1496,116413,390,3070788961,3070888018,0,3070888092,3070888607,3768041579,17868246,-84,-12,1043,0.1744,1720.0,0.4677185463365672,0.1744543803947809,0.1744,26.53,79.7,,,,,,
2026-07-30T23:17:08.401960+00:00,S053,mounted,true,rotor_drag,mild,900,rotor_drag-mild_horizontal_no_load_0900rpm,3070987,904,496,2225,3596,6,3,1676969,9,123,124,126,5,1753,1494,1204,157,533,1611,16383,1780,1734,1739062,800,1971,2385,556217,11954,8,382560,1496,116414,390,3070889039,3070988120,0,3070988194,3070988709,3780707054,17862270,-60,15,1032,0.1782,1720.0,0.5850225957838378,-0.10493011895599791,0.1782,26.19,79.1,,,,,,
2026-07-30T23:17:08.504091+00:00,S053,mounted,true,rotor_drag,mild,900,rotor_drag-mild_horizontal_no_load_0900rpm,3071088,899,571,2150,3737,6,3,1677005,9,123,138,153,5,1753,1494,1210,157,533,1605,16383,1778,1738,1754225,808,2089,2377,556127,11955,8,382560,1496,116415,390,3070989141,3071088794,0,3071088804,3071089319,3808804657,17865255,-94,27,1029,0.1782,1720.0,0.5713588173149309,0.09143185922208241,0.1782,26.37,79.5,,,,,,
2026-07-30T23:17:08.598663+00:00,S053,mounted,true,rotor_drag,mild,900,rotor_drag-mild_horizontal_no_load_0900rpm,3071188,880,587,2147,3816,4,3,1677040,9,123,155,181,4,1756,1495,1221,166,625,1610,16383,1782,1739,1747741,800,2049,2245,557267,11957,8,382564,1496,116416,390,3071089754,3071188931,0,3071188941,3071189456,3818505977,17871233,-87,94,1034,0.1896,1720.0,0.3507665363385466,0.024204210671572746,0.1896,26.22,79.2,,,,,,
2026-07-30T23:17:08.692039+00:00,S053,mounted,true,rotor_drag,mild,900,rotor_drag-mild_horizontal_no_load_0900rpm,3071288,903,505,2095,3493,6,3,1677077,9,123,132,152,4,1757,1495,1208,170,649,1606,16383,1785,1743,1744243,800,1989,2356,557570,11956,8,382565,1496,116417,390,3071189888,3071288967,0,3071288982,3071289497,3803279635,17868244,-53,78,1047,0.1934,1720.0,0.5360357668116422,-0.07548667012378774,0.1934,26.34,79.4,,,,,,
2026-07-30T23:17:08.785493+00:00,S053,mounted,true,rotor_drag,mild,900,rotor_drag-mild_horizontal_no_load_0900rpm,3071388,875,543,2129,3680,4,3,1677112,9,123,154,184,15,1761,1495,1206,170,649,1599,16383,1793,1752,1754331,800,2125,2299,558828,11959,8,382572,1496,116418,390,3071289929,3071389025,0,3071389035,3071389550,3847365107,17877211,-58,118,1056,0.2086,1720.0,0.4400971934944393,0.1502383062965129,0.2086,26.56,79.8,,,,,,
2026-07-30T23:17:08.926608+00:00,S053,mounted,true,rotor_drag,mild,900,rotor_drag-mild_horizontal_no_load_0900rpm,3071488,885,530,2119,3616,4,3,1677148,9,123,146,170,19,1760,1495,1214,169,609,1603,16383,1788,1739,1742053,800,2020,2247,558443,11956,8,382573,1496,116419,390,3071389984,3071489079,0,3071489088,3071489603,3793739397,17868248,-79,55,1030,0.2048,1720.0,0.3544119367681495,-0.023832186349950213,0.2048,26.43,79.6,,,,,,
2026-07-30T23:17:09.021306+00:00,S053,mounted,true,rotor_drag,mild,900,rotor_drag-mild_horizontal_no_load_0900rpm,3071588,886,543,1999,3533,5,3,1677183,9,123,160,197,15,1760,1494,1217,153,564,1603,16383,1790,1736,1746355,800,2049,2519,558603,11953,8,382569,1496,116420,390,3071490037,3071589107,0,3071589121,3071589636,3812648249,17859281,-66,28,1031,0.2048,1720.0,0.8086918369446998,0.025346654982012495,0.2048,26.43,79.6,,,,,,
2026-07-30T23:17:09.116094+00:00,S053,mounted,true,rotor_drag,mild,900,rotor_drag-mild_horizontal_no_load_0900rpm,3071689,882,652,1949,3797,4,3,1677220,9,123,175,220,19,1760,1495,1207,153,564,1609,16383,1801,1738,1760079,808,2131,2261,558397,11957,8,382572,1496,116421,390,3071590070,3071689671,0,3071689745,3071690260,3834422879,17871233,-61,49,1027,0.2048,1720.0,0.3774246853725849,0.16082722447102116,0.2048,26.25,79.2,,,,,,
2026-07-30T23:17:09.210928+00:00,S053,mounted,true,rotor_drag,mild,900,rotor_drag-mild_horizontal_no_load_0900rpm,3071789,919,663,1893,3696,5,3,1677255,9,123,180,228,12,1761,1494,1232,144,538,1607,16383,1797,1739,1748986,800,2139,2367,558891,11952,8,382566,1496,116422,390,3071690692,3071789790,0,3071789864,3071790379,3824052180,17856292,-88,55,1022,0.2086,1720.0,0.5556847469879513,0.17564720481927676,0.2086,26.31,79.4,,,,,,
2026-07-30T23:17:09.302919+00:00,S053,mounted,true,rotor_drag,mild,900,rotor_drag-mild_horizontal_no_load_0900rpm,3071889,905,627,1952,3683,6,3,1677293,9,123,167,205,9,1761,1494,1210,144,538,1603,16383,1797,1742,1744414,800,2141,2413,558676,11952,8,382560,1496,116423,390,3071790812,3071889901,0,3071889980,3071890495,3804127614,17856292,-95,28,1028,0.2086,1720.0,0.6323589879518074,0.17898086746987962,0.2086,26.43,79.6,,,,,,
2026-07-30T23:17:09.396660+00:00,S053,mounted,true,rotor_drag,mild,900,rotor_drag-mild_horizontal_no_load_0900rpm,3071989,874,654,2025,3896,1,3,1677326,9,123,180,222,13,1761,1494,1198,145,560,1603,16383,1791,1740,1747609,800,2138,2244,558868,11954,8,382558,1496,116424,390,3071890927,3071989993,0,3071990067,3071990582,3817964753,17862268,-65,41,1030,0.2086,1720.0,0.3500387001840388,0.17338414037142336,0.2086,26.43,79.6,,,,,,
2026-07-30T23:17:09.489383+00:00,S053,mounted,true,rotor_drag,mild,900,rotor_drag-mild_horizontal_no_load_0900rpm,3072089,867,686,2025,4003,1,3,1677362,9,123,177,215,19,1759,1495,1202,144,584,1594,16383,1785,1739,1739695,800,2091,2349,558250,11956,8,382560,1496,116425,390,3071991015,3072090097,0,3072090170,3072090685,3783450373,17868244,-83,37,1038,0.201,1720.0,0.524371851120776,0.09447324422883874,0.201,26.71,80.1,,,,,,
2026-07-30T23:17:09.631146+00:00,S053,mounted,true,rotor_drag,mild,900,rotor_drag-mild_horizontal_no_load_0900rpm,3072190,877,623,2000,3776,3,3,1677397,9,123,162,189,5,1758,1495,1242,144,584,1615,16383,1780,1737,1759470,808,2138,2373,558003,11956,8,382562,1496,116426,390,3072091119,3072190932,0,3072190941,3072191457,3831696244,17868244,-43,21,1044,0.1972,1720.0,0.5643624192037469,0.17278810672465683,0.1972,26.07,78.9,,,,,,
2026-07-30T23:17:09.725197+00:00,S053,mounted,true,rotor_drag,mild,900,rotor_drag-mild_horizontal_no_load_0900rpm,3072290,889,612,2012,3732,1,3,1677434,9,123,164,201,7,1756,1495,1207,140,510,1609,16383,1776,1734,1736466,800,1911,2217,557346,11958,8,382567,1496,116427,390,3072191889,3072290976,0,3072290986,3072291501,3769439264,17874222,-97,38,1028,0.1896,1720.0,0.30380587606623166,-0.20598858855995994,0.1896,26.25,79.2,,,,,,
2026-07-30T23:17:09.819655+00:00,S053,mounted,true,rotor_drag,mild,900,rotor_drag-mild_horizontal_no_load_0900rpm,3072390,915,575,2017,3589,3,3,1677469,9,123,148,171,1,1755,1494,1240,124,427,1605,16383,1778,1734,1738077,800,2015,2221,557042,11953,8,382563,1496,116428,390,3072291933,3072391022,0,3072391031,3072391546,3776423875,17859283,-85,1,1036,0.1858,1720.0,0.31201765774282597,-0.031320868819543435,0.1858,26.37,79.5,,,,,,
2026-07-30T23:17:09.916954+00:00,S053,mounted,true,rotor_drag,mild,900,rotor_drag-mild_horizontal_no_load_0900rpm,3072490,888,561,2062,3642,1,3,1677506,9,123,151,176,10,1755,1495,1243,124,427,1609,16383,1777,1739,1739880,800,2103,2349,556997,11956,8,382564,1496,116429,390,3072391977,3072491048,0,3072491062,3072491577,3784293602,17868246,-60,-37,1037,0.1858,1720.0,0.524371851120776,0.11446852827032439,0.1858,26.25,79.2,,,,,,
2026-07-30T23:17:10.006541+00:00,S053,mounted,true,rotor_drag,mild,900,rotor_drag-mild_horizontal_no_load_0900rpm,3072590,891,539,2090,3602,2,3,1677540,9,123,146,172,6,1754,1494,1217,124,430,1607,16383,1776,1734,1737667,800,2103,2359,556673,11954,8,382562,1496,116430,390,3072492011,3072591093,0,3072591103,3072591618,3774617731,17862270,-77,-44,1046,0.182,1720.0,0.541692232056215,0.11505480458423945,0.182,26.31,79.4,,,,,,
2026-07-30T23:17:10.099463+00:00,S053,mounted,true,rotor_drag,mild,900,rotor_drag-mild_horizontal_no_load_0900rpm,3072690,888,507,2047,3474,3,3,1677577,9,123,146,172,15,1754,1494,1238,124,430,1600,16383,1781,1738,1739498,800,2127,2233,556745,11955,8,382562,1496,116431,390,3072592050,3072691134,0,3072691148,3072691663,3782552698,17865259,-54,-23,1045,0.182,1720.0,0.33139533826850665,0.15475555508155558,0.182,26.53,79.7,,,,,,
2026-07-30T23:17:10.194230+00:00,S053,mounted,true,rotor_drag,mild,900,rotor_drag-mild_horizontal_no_load_0900rpm,3072791,905,512,2014,3429,2,3,1677612,9,123,144,167,19,1754,1495,1230,130,377,1595,16383,1784,1737,1757200,808,2003,2235,556704,11956,8,382563,1496,116432,390,3072692097,3072791778,0,3072791852,3072792367,3821747396,17868246,-95,55,1049,0.182,1720.0,0.3344166527266643,-0.0521588387420544,0.182,26.68,80.0,,,,,,
2026-07-30T23:17:10.336774+00:00,S053,mounted,true,rotor_drag,mild,900,rotor_drag-mild_horizontal_no_load_0900rpm,3072891,904,537,1984,3469,3,3,1677649,9,123,163,200,11,1753,1495,1243,190,790,1598,16383,1780,1730,1735314,800,2133,2423,556220,11957,8,382566,1496,116433,390,3072792800,3072891851,0,3072891925,3072892439,3764461756,17871235,-89,64,1041,0.1782,1720.0,0.6473384443422256,0.1641594931002759,0.1782,26.59,79.9,,,,,,
2026-07-30T23:17:10.429665+00:00,S053,mounted,true,rotor_drag,mild,900,rotor_drag-mild_horizontal_no_load_0900rpm,3072991,889,586,1975,3623,2,3,1677684,9,123,171,215,10,1749,1494,1232,190,790,1592,16383,1768,1726,1728027,800,2115,2205,555145,11954,8,382564,1496,116434,390,3072892872,3072991947,0,3072992026,3072992541,3732830517,17862268,-71,57,1029,0.1631,1720.0,0.2850431545926049,0.13505343399698821,0.1631,26.77,80.2,,,,,,
2026-07-30T23:17:10.523219+00:00,S053,mounted,true,rotor_drag,mild,900,rotor_drag-mild_horizontal_no_load_0900rpm,3073091,823,616,2122,3992,5,3,1677717,9,123,180,225,12,1749,1494,1243,161,645,1612,16383,1773,1725,1731797,800,1907,2297,554961,11955,8,382564,1496,116435,390,3072992974,3073092022,0,3073092095,3073092610,3749297229,17865255,-80,31,1037,0.1631,1720.0,0.43804577340025075,-0.21185531568381455,0.1631,26.16,79.1,,,,,,
2026-07-30T23:17:10.615447+00:00,S053,mounted,true,rotor_drag,mild,900,rotor_drag-mild_horizontal_no_load_0900rpm,3073191,841,632,2184,4063,5,3,1677753,9,123,183,208,26,1747,1494,1217,142,528,1604,16383,1769,1727,1728461,800,2122,2214,554398,11954,8,382562,1496,116436,390,3073093044,3073192110,0,3073192184,3073192699,3734714359,17862270,-84,49,1036,0.1555,1720.0,0.30004212665216645,0.146719301154425,0.1555,26.4,79.5,,,,,,
2026-07-30T23:17:10.706993+00:00,S053,mounted,true,rotor_drag,mild,900,rotor_drag-mild_horizontal_no_load_0900rpm,3073292,897,692,2066,3997,3,3,1677787,9,123,209,239,34,1747,1495,1232,142,528,1601,16383,1767,1727,1748413,808,2125,2431,554240,11957,8,382565,1496,116437,390,3073193132,3073292964,0,3073292973,3073293488,3783625797,17871233,-72,58,1040,0.1555,1720.0,0.6606675188592455,0.15083041858325652,0.1555,26.5,79.7,,,,,,
2026-07-30T23:17:10.800737+00:00,S053,mounted,true,rotor_drag,mild,900,rotor_drag-mild_horizontal_no_load_0900rpm,3073392,900,553,2077,3614,1,3,1677824,9,123,150,167,21,1744,1494,1267,124,466,1606,16383,1759,1725,1723021,800,2119,2200,553409,11955,8,382565,1496,116438,390,3073293922,3073392987,0,3073392996,3073393511,3711175683,17865259,-84,101,1048,0.1441,1720.0,0.27640370765370115,0.14142425069008757,0.1441,26.34,79.4,,,,,,
2026-07-30T23:17:10.940139+00:00,S053,mounted,true,rotor_drag,mild,900,rotor_drag-mild_horizontal_no_load_0900rpm,3073492,903,477,2030,3352,3,3,1677859,9,123,125,141,4,1746,1495,1235,124,466,1604,16383,1771,1731,1733913,800,2125,2210,553924,11957,8,382568,1496,116439,390,3073393946,3073493002,0,3073493011,3073493526,3758244629,17871235,-121,87,1026,0.1517,1720.0,0.2924518353265868,0.15083041858325652,0.1517,26.4,79.5,,,,,,
2026-07-30T23:17:11.032472+00:00,S053,mounted,true,rotor_drag,mild,900,rotor_drag-mild_horizontal_no_load_0900rpm,3073592,900,546,2048,3566,5,3,1677897,9,123,156,185,10,1745,1494,1242,181,732,1604,16383,1772,1726,1728195,800,1917,2335,553682,11952,8,382562,1496,116440,390,3073493959,3073593062,0,3073593071,3073593586,3733695635,17856292,-101,73,1025,0.1479,1720.0,0.5023461445783126,-0.19438934939759056,0.1479,26.4,79.5,,,,,,
2026-07-30T23:17:11.125160+00:00,S053,mounted,true,rotor_drag,mild,900,rotor_drag-mild_horizontal_no_load_0900rpm,3073692,921,574,2045,3604,1,3,1677932,9,123,146,168,14,1747,1494,1242,192,785,1604,16383,1781,1731,1735019,800,1901,2375,554275,11955,8,382562,1496,116441,390,3073594021,3073693104,0,3073693114,3073693629,3763429757,17865259,-98,29,1025,0.1555,1720.0,0.5680259912170635,-0.22185379397741567,0.1555,26.4,79.5,,,,,,
2026-07-30T23:17:11.219230+00:00,S053,mounted,true,rotor_drag,mild,900,rotor_drag-mild_horizontal_no_load_0900rpm,3073793,912,654,1988,3780,4,3,1677970,9,123,156,175,11,1745,1495,1200,192,785,1607,16383,1772,1725,1742850,808,2123,2221,553632,11957,8,382565,1496,116442,390,3073694062,3073793689,0,3073793763,3073794277,3759555546,17871233,-42,36,1057,0.1479,1720.0,0.3107793127874885,0.14749814995400135,0.1479,26.31,79.4,,,,,,
2026-07-30T23:17:11.314213+00:00,S053,mounted,true,rotor_drag,mild,900,rotor_drag-mild_horizontal_no_load_0900rpm,3073893,905,625,2074,3801,5,3,1678005,9,123,155,176,21,1743,1495,1225,185,713,1601,16383,1763,1726,1725746,800,2079,2335,553234,11958,8,382570,1496,116443,390,3073794710,3073893793,0,3073893867,3073894382,3722973016,17874222,-65,12,1062,0.1403,1720.0,0.5003932839939789,0.07389856848971332,0.1403,26.5,79.7,,,,,,
2026-07-30T23:17:11.408208+00:00,S053,mounted,true,rotor_drag,mild,900,rotor_drag-mild_horizontal_no_load_0900rpm,3073993,908,564,2014,3568,4,3,1678042,9,123,147,171,14,1741,1495,1229,174,668,1603,16383,1765,1720,1721903,800,1911,2363,552560,11956,8,382571,1496,116444,390,3073894819,3073993902,0,3073993975,3073994490,3706510827,17868246,-104,59,1052,0.1327,1720.0,0.5476996825025089,-0.20545601639344246,0.1327,26.43,79.6,,,,,,
2026-07-30T23:17:11.501471+00:00,S053,mounted,true,rotor_drag,mild,900,rotor_drag-mild_horizontal_no_load_0900rpm,3074093,900,536,1918,3405,5,3,1678077,9,123,139,163,30,1743,1495,1217,174,668,1602,16383,1768,1730,1730416,800,1923,2209,553034,11956,8,382572,1496,116445,390,3073994925,3074093974,0,3074094048,3074094563,3743180786,17868244,-86,65,1053,0.1403,1720.0,0.2910935373034458,-0.18546073235195726,0.1403,26.46,79.6,,,,,,
2026-07-30T23:17:11.643420+00:00,S053,mounted,true,rotor_drag,mild,900,rotor_drag-mild_horizontal_no_load_0900rpm,3074193,896,519,2055,3503,4,3,1678114,9,123,128,135,33,1742,1495,1230,157,570,1602,16383,1759,1726,1724107,800,2115,2205,552701,11956,8,382573,1496,116446,390,3074094996,3074194056,0,3074194130,3074194645,3715803029,17868244,-86,49,1033,0.1365,1720.0,0.28442844262295086,0.1344638123118096,0.1365,26.46,79.6,,,,,,
2026-07-30T23:17:11.736848+00:00,S053,mounted,true,rotor_drag,mild,900,rotor_drag-mild_horizontal_no_load_0900rpm,3074294,939,443,1981,3162,6,3,1678151,9,123,108,93,19,1742,1495,1229,157,570,1597,16383,1756,1730,1744259,808,2127,2202,552738,11958,8,382578,1496,116447,390,3074195078,3074294753,0,3074294763,3074295278,3765508007,17874222,-61,32,1031,0.1365,1720.0,0.2788159513296531,0.15386632764676378,0.1365,26.62,79.9,,,,,,
2026-07-30T23:17:11.830216+00:00,S053,mounted,true,rotor_drag,mild,900,rotor_drag-mild_horizontal_no_load_0900rpm,3074394,930,424,2033,3173,2,3,1678188,9,123,104,82,26,1740,1495,1232,148,506,1602,16383,1753,1727,1722846,800,2043,2315,552274,11958,8,382582,1496,116448,390,3074295710,3074394803,0,3074394813,3074395328,3710379034,17874224,-63,-11,1023,0.1289,1720.0,0.46707338434520773,0.013922749121926259,0.1289,26.46,79.6,,,,,,
2026-07-30T23:17:11.922913+00:00,S053,mounted,true,rotor_drag,mild,900,rotor_drag-mild_horizontal_no_load_0900rpm,3074494,928,467,2048,3308,3,3,1678225,9,123,111,104,6,1739,1494,1238,137,423,1601,16383,1758,1725,1723051,800,2075,2313,552013,11955,8,382581,1496,116449,390,3074395764,3074494953,0,3074494963,3074495478,3711289981,17865255,-84,8,1015,0.1251,1720.0,0.4647083821831868,0.06810207653701328,0.1251,26.5,79.7,,,,,,
2026-07-30T23:17:12.015700+00:00,S053,mounted,true,rotor_drag,mild,900,rotor_drag-mild_horizontal_no_load_0900rpm,3074594,892,495,2118,3506,2,3,1678260,9,123,107,92,14,1739,1495,1251,137,423,1595,16383,1752,1727,1722578,800,1975,2298,551830,11957,8,382583,1496,116450,390,3074495909,3074594995,0,3074595004,3074595519,3709249072,17871235,-86,68,1028,0.1251,1720.0,0.43907165501379897,-0.09908972861085585,0.1251,26.68,80.0,,,,,,
2026-07-30T23:17:12.109346+00:00,S053,mounted,true,rotor_drag,mild,900,rotor_drag-mild_horizontal_no_load_0900rpm,3074694,887,404,2200,3339,1,3,1678286,9,123,106,107,7,1749,1494,1225,127,380,1596,16383,1810,1723,1750914,800,1938,2362,554905,11954,8,382580,1496,116451,390,3074595951,3074695022,0,3074695032,3074695546,3833340106,17862268,-64,33,1040,0.1631,1720.0,0.5466918894094026,-0.15992634984105747,0.1631,26.65,80.0,,,,,,
2026-07-30T23:17:12.202779+00:00,S053,mounted,true,rotor_drag,mild,900,rotor_drag-mild_horizontal_no_load_0900rpm,3074794,906,890,1752,4209,4,3,1678324,9,123,269,337,44,1748,1494,1225,148,459,1603,16383,1789,1716,1732370,800,2030,2323,554718,11953,8,382575,1496,116452,390,3074695978,3074795085,0,3074795094,3074795609,3752029940,17859279,-81,71,1038,0.1593,1720.0,0.4820202291474942,-0.006320490671798407,0.1593,26.43,79.6,,,,,,
2026-07-30T23:17:12.343012+00:00,S053,mounted,true,rotor_drag,mild,900,rotor_drag-mild_horizontal_no_load_0900rpm,3074894,960,589,1931,3466,5,3,1678359,9,123,167,210,19,1742,1495,1217,148,459,1600,16383,1746,1717,1715878,800,2103,2179,552945,11956,8,382576,1496,116453,390,3074796046,3074895109,0,3074895119,3074895634,3680414914,17868244,-102,29,1035,0.1365,1720.0,0.24110532719973232,0.11446852827032439,0.1365,26.53,79.7,,,,,,
2026-07-30T23:17:12.438376+00:00,S053,mounted,true,rotor_drag,mild,900,rotor_drag-mild_horizontal_no_load_0900rpm,3074995,900,330,2316,3233,4,3,1678396,9,123,85,43,20,1737,1495,1201,152,479,1603,16383,1736,1718,1729507,808,2011,2171,551357,11957,8,382579,1496,116454,390,3074896068,3074995767,0,3074995841,3074996355,3702055857,17871233,-112,-5,1038,0.1175,1720.0,0.2274725970561171,-0.03910889328426892,0.1175,26.43,79.6,,,,,,
2026-07-30T23:17:12.530889+00:00,S053,mounted,true,rotor_drag,mild,900,rotor_drag-mild_horizontal_no_load_0900rpm,3075095,1069,276,1973,2619,1,3,1678436,9,123,82,57,3,1733,1495,1232,152,479,1600,16383,1742,1711,1708066,800,2007,2251,549814,11957,8,382581,1496,116455,390,3074996786,3075095882,0,3075095956,3075096471,3647035966,17871235,-144,88,1120,0.1023,1720.0,0.3607633422263108,-0.045773430542778826,0.1023,26.53,79.7,,,,,,
2026-07-30T23:17:12.624876+00:00,S053,mounted,true,rotor_drag,mild,900,rotor_drag-mild_horizontal_no_load_0900rpm,3075195,866,354,2291,3314,3,3,1678471,9,123,89,80,1,1727,1495,1221,293,1158,1599,16383,1717,1710,1699622,800,2091,2343,547947,11958,8,382585,1496,116456,390,3075096903,3075195946,0,3075196019,3075196534,3610977898,17874222,-106,72,1078,0.0796,1720.0,0.513721243853487,0.09389050827897583,0.0796,26.56,79.8,,,,,,
2026-07-30T23:17:12.717415+00:00,S053,mounted,true,rotor_drag,mild,900,rotor_drag-mild_horizontal_no_load_0900rpm,3075295,942,289,2291,3059,5,3,1678509,9,123,78,27,6,1722,1495,1206,240,900,1598,16383,1717,1709,1698700,800,1943,2145,546606,11958,8,382589,1496,116457,390,3075196966,3075296039,0,3075296113,3075296628,3607048086,17874222,-89,78,1086,0.0606,1720.0,0.1838542373306571,-0.1526767491219272,0.0606,26.59,79.9,,,,,,
2026-07-30T23:17:12.811112+00:00,S053,mounted,true,rotor_drag,mild,900,rotor_drag-mild_horizontal_no_load_0900rpm,3075395,951,263,2252,2943,6,3,1678547,9,123,73,6,2,1720,1495,1222,240,900,1596,16383,1717,1710,1699148,800,1959,2303,545720,11958,8,382593,1496,116458,390,3075297062,3075396131,0,3075396205,3075396720,3608971664,17874222,-74,55,1072,0.053,1720.0,0.4470814445559457,-0.12602082940291037,0.053,26.65,80.0,,,,,,
2026-07-30T23:17:12.904921+00:00,S053,mounted,true,rotor_drag,mild,900,rotor_drag-mild_horizontal_no_load_0900rpm,3075496,953,259,2258,2938,1,3,1678586,9,123,72,4,1,1718,1494,1232,213,814,1594,16383,1717,1709,1715472,808,2095,2154,545053,11952,8,382585,1496,116459,390,3075397153,3075496966,0,3075496976,3075497491,3642167196,17856294,-63,44,1050,0.0454,1720.0,0.2006496746987949,0.10230662650602351,0.0454,26.71,80.1,,,,,,
2026-07-30T23:17:13.042199+00:00,S053,mounted,true,rotor_drag,mild,900,rotor_drag-mild_horizontal_no_load_0900rpm,3075596,934,271,2251,2977,1,3,1678622,9,123,75,37,6,1716,1494,1231,179,640,1595,16383,1717,1707,1698104,800,1955,2229,544602,11955,8,382584,1496,116460,390,3075497919,3075596992,0,3075597007,3075597522,3604518126,17865257,-81,45,1044,0.0378,1720.0,0.3247296860727724,-0.13186748933500647,0.0378,26.68,80.0,,,,,,
2026-07-30T23:17:13.136823+00:00,S053,mounted,true,rotor_drag,mild,900,rotor_drag-mild_horizontal_no_load_0900rpm,3075696,877,258,2422,3159,3,3,1678657,9,123,72,14,5,1715,1495,1249,179,640,1593,16383,1719,1706,1698967,800,2095,2153,544367,11958,8,382588,1496,116461,390,3075597952,3075697044,0,3075697059,3075697574,3608146825,17874222,-93,42,1034,0.034,1720.0,0.19718219719016528,0.10055448820873059,0.034,26.74,80.1,,,,,,
2026-07-30T23:17:13.230239+00:00,S053,mounted,true,rotor_drag,mild,900,rotor_drag-mild_horizontal_no_load_0900rpm,3075796,863,380,2257,3357,2,3,1678692,9,123,91,34,14,1717,1495,1230,148,519,1596,16383,1726,1713,1705959,800,2079,2298,544915,11957,8,382590,1496,116462,390,3075698003,3075797079,0,3075797089,3075797604,3637952237,17871233,-93,63,1032,0.0416,1720.0,0.43907165501379897,0.07418824011039549,0.0416,26.65,80.0,,,,,,
2026-07-30T23:17:13.323732+00:00,S053,mounted,true,rotor_drag,mild,900,rotor_drag-mild_horizontal_no_load_0900rpm,3075896,919,329,2179,3074,3,3,1678729,9,123,81,37,13,1719,1495,1244,148,519,1597,16383,1733,1716,1708700,800,2103,2181,545546,11958,8,382594,1496,116463,390,3075798035,3075897146,0,3075897156,3075897671,3649623972,17874222,-93,85,1016,0.0492,1720.0,0.24383005669844415,0.11388244806823877,0.0492,26.62,79.9,,,,,,
2026-07-30T23:17:13.419280+00:00,S053,mounted,true,rotor_drag,mild,900,rotor_drag-mild_horizontal_no_load_0900rpm,3075997,926,361,2174,3149,3,3,1678765,9,123,82,43,13,1720,1495,1237,133,442,1596,16383,1728,1713,1724170,808,2063,2157,545817,11956,8,382594,1496,116464,390,3075898102,3075997861,0,3075997935,3075998450,3679212894,17868246,-106,82,1012,0.053,1720.0,0.2044473064570087,0.047817581465372516,0.053,26.65,80.0,,,,,,
2026-07-30T23:17:13.513997+00:00,S053,mounted,true,rotor_drag,mild,900,rotor_drag-mild_horizontal_no_load_0900rpm,3076097,903,442,2102,3325,1,3,1678802,9,123,90,55,7,1722,1494,1241,129,448,1594,16383,1736,1719,1712671,800,2105,2176,546590,11954,8,382590,1496,116465,390,3075998882,3076097930,0,3076098004,3076098519,3666615367,17862266,-84,102,1025,0.0606,1720.0,0.2367131335117949,0.11838790948636424,0.0606,26.71,80.1,,,,,,
2026-07-30T23:17:13.607367+00:00,S053,mounted,true,rotor_drag,mild,900,rotor_drag-mild_horizontal_no_load_0900rpm,3076197,895,447,2172,3423,1,3,1678838,9,123,94,38,6,1725,1494,1224,129,448,1596,16383,1738,1720,1715531,800,2037,2279,547390,11955,8,382589,1496,116466,390,3076098950,3076198013,0,3076198092,3076198607,3678901825,17865263,-79,90,1032,0.072,1720.0,0.40805033851944783,0.00477838067754055,0.072,26.65,80.0,,,,,,
2026-07-30T23:17:13.749040+00:00,S053,mounted,true,rotor_drag,mild,900,rotor_drag-mild_horizontal_no_load_0900rpm,3076297,874,498,2219,3644,1,3,1678874,9,123,112,95,31,1728,1494,1238,117,376,1600,16383,1763,1719,1719348,800,1886,2319,548375,11955,8,382588,1496,116467,390,3076199037,3076298105,0,3076298184,3076298699,3695488902,17865257,-74,76,1036,0.0834,1720.0,0.47470686047678745,-0.2468499897114178,0.0834,26.53,79.7,,,,,,
2026-07-30T23:17:13.842737+00:00,S053,mounted,true,rotor_drag,mild,900,rotor_drag-mild_horizontal_no_load_0900rpm,3076398,917,550,2010,3508,1,3,1678910,9,123,122,108,25,1730,1495,1238,108,332,1595,16383,1755,1722,1737446,808,2091,2329,549045,11958,8,382592,1496,116468,390,3076299131,3076398780,0,3076398790,3076399305,3736207636,17874222,-85,36,1030,0.091,1720.0,0.4903973140993476,0.09389050827897583,0.091,26.68,80.0,,,,,,
2026-07-30T23:17:13.937830+00:00,S053,mounted,true,rotor_drag,mild,900,rotor_drag-mild_horizontal_no_load_0900rpm,3076498,925,507,2019,3390,5,3,1678947,9,123,119,113,22,1732,1495,1259,108,332,1602,16383,1755,1722,1720752,800,2115,2197,549573,11956,8,382592,1496,116469,390,3076399738,3076498913,0,3076498922,3076499438,3701372380,17868246,-88,2,1031,0.0985,1720.0,0.2710982532619606,0.1344638123118096,0.0985,26.46,79.6,,,,,,
2026-07-30T23:17:14.032576+00:00,S053,mounted,true,rotor_drag,mild,900,rotor_drag-mild_horizontal_no_load_0900rpm,3076598,922,424,2075,3224,5,3,1678983,9,123,97,73,15,1733,1494,1229,99,276,1597,16383,1751,1725,1719504,800,1957,2187,549830,11955,8,382590,1496,116470,390,3076499870,3076598969,0,3076598979,3076599494,3695993880,17865255,-91,22,1040,0.1023,1720.0,0.25474033801756546,-0.12853466323713958,0.1023,26.62,79.9,,,,,,
2026-07-30T23:17:14.126891+00:00,S053,mounted,true,rotor_drag,mild,900,rotor_drag-mild_horizontal_no_load_0900rpm,3076698,935,363,2131,3103,6,3,1679021,9,123,93,65,22,1733,1495,1253,99,276,1592,16383,1751,1717,1718199,800,2051,2299,549840,11956,8,382590,1496,116471,390,3076599927,3076699070,0,3076699080,3076699595,3690404931,17868246,-77,59,1043,0.1023,1720.0,0.4410581676145866,0.02782229742388731,0.1023,26.77,80.2,,,,,,
2026-07-30T23:17:14.220113+00:00,S053,mounted,true,rotor_drag,mild,900,rotor_drag-mild_horizontal_no_load_0900rpm,3076798,917,442,2036,3241,6,3,1679057,9,123,117,130,14,1732,1494,1258,98,258,1595,16383,1749,1715,1715482,800,2049,2183,549565,11955,8,382589,1496,116472,390,3076700024,3076799097,0,3076799106,3076799621,3678728462,17865257,-90,50,1049,0.0985,1720.0,0.24807468582183168,0.02477533726474279,0.0985,26.68,80.0,,,,,,
2026-07-30T23:17:14.312473+00:00,S053,mounted,true,rotor_drag,mild,900,rotor_drag-mild_horizontal_no_load_0900rpm,3076899,925,411,2081,3192,3,3,1679095,9,123,119,134,10,1729,1494,1241,90,223,1592,16383,1739,1712,1724760,808,2099,2273,548592,11955,8,382588,1496,116473,390,3076800053,3076899784,0,3076899858,3076900373,3681796090,17865257,-85,8,1037,0.0872,1720.0,0.3980518602258467,0.10809598971141732,0.0872,26.77,80.2,,,,,,
2026-07-30T23:17:14.452854+00:00,S053,mounted,true,rotor_drag,mild,900,rotor_drag-mild_horizontal_no_load_0900rpm,3076999,922,413,2186,3306,3,3,1679131,9,123,93,62,18,1727,1494,1212,90,223,1591,16383,1733,1715,1708425,800,2099,2165,548023,11955,8,382587,1496,116474,390,3076900804,3076999858,0,3076999932,3077000447,3648450949,17865257,-90,34,1024,0.0796,1720.0,0.2180792509410283,0.10809598971141732,0.0796,26.8,80.2,,,,,,
2026-07-30T23:17:14.545506+00:00,S053,mounted,true,rotor_drag,mild,900,rotor_drag-mild_horizontal_no_load_0900rpm,3077099,909,375,2227,3259,1,3,1679168,9,123,89,49,23,1725,1495,1237,90,221,1607,16383,1734,1714,1706478,800,1911,2167,547437,11958,8,382591,1496,116475,390,3077000877,3077099956,0,3077100030,3077100545,3640194468,17874222,-95,19,1032,0.072,1720.0,0.22050612694430471,-0.20598858855995994,0.072,26.31,79.4,,,,,,
2026-07-30T23:17:14.638619+00:00,S053,mounted,true,rotor_drag,mild,900,rotor_drag-mild_horizontal_no_load_0900rpm,3077199,900,363,2209,3218,1,3,1679204,9,123,86,43,14,1724,1494,1241,89,219,1599,16383,1731,1717,1708173,800,2023,2255,547242,11954,8,382588,1496,116476,390,3077100979,3077200051,0,3077200125,3077200640,3647395193,17862268,-100,18,1031,0.0682,1720.0,0.3683707771457252,-0.01826939150075324,0.0682,26.56,79.8,,,,,,
2026-07-30T23:17:14.732665+00:00,S053,mounted,true,rotor_drag,mild,900,rotor_drag-mild_horizontal_no_load_0900rpm,3077299,900,428,2153,3341,1,3,1679240,9,123,91,57,8,1723,1495,1239,89,219,1588,16383,1729,1713,1707103,800,2099,2337,546941,11959,8,382594,1496,116477,390,3077201071,3077300134,0,3077300207,3077300723,3642866145,17877211,-82,3,1030,0.0644,1720.0,0.5033997090893885,0.10692605878417893,0.0644,26.89,80.4,,,,,,
2026-07-30T23:17:14.827310+00:00,S053,mounted,true,rotor_drag,mild,900,rotor_drag-mild_horizontal_no_load_0900rpm,3077400,912,344,2182,3127,5,3,1679277,9,123,85,54,5,1723,1495,1229,86,218,1595,16383,1729,1716,1725320,808,2111,2159,546883,11957,8,382595,1496,116478,390,3077301154,3077400930,0,3077400939,3077401454,3684115702,17871235,-74,72,1032,0.0644,1720.0,0.20747898528058828,0.12750453817847252,0.0644,26.68,80.0,,,,,,
2026-07-30T23:17:14.922550+00:00,S053,mounted,true,rotor_drag,mild,900,rotor_drag-mild_horizontal_no_load_0900rpm,3077500,912,333,2204,3117,4,3,1679314,9,123,83,54,5,1723,1494,1212,86,218,1591,16383,1732,1716,1707935,800,2005,2367,546826,11955,8,382593,1496,116479,390,3077401883,3077500995,0,3077501004,3077501519,3646424551,17865259,-55,57,1041,0.0644,1720.0,0.554694686825596,-0.0485468368883315,0.0644,26.8,80.2,,,,,,
2026-07-30T23:17:15.014741+00:00,S053,mounted,true,rotor_drag,mild,900,rotor_drag-mild_horizontal_no_load_0900rpm,3077600,916,350,2195,3150,4,3,1679350,9,123,88,67,8,1724,1495,1255,86,228,1580,16383,1736,1717,1711210,800,2107,2172,547124,11957,8,382594,1496,116480,390,3077501948,3077601018,0,3077601028,3077601543,3660360346,17871233,-80,16,1029,0.0682,1720.0,0.2291387313707447,0.12084000091996305,0.0682,27.14,80.9,,,,,,
2026-07-30T23:17:15.153276+00:00,S053,mounted,true,rotor_drag,mild,900,rotor_drag-mild_horizontal_no_load_0900rpm,3077700,914,338,2212,3138,6,3,1679387,9,123,87,69,12,1726,1495,1220,85,203,1589,16383,1738,1719,1714704,800,2099,2351,547666,11956,8,382594,1496,116481,390,3077601971,3077701078,0,3077701087,3077701602,3675400476,17868246,-98,-22,1028,0.0758,1720.0,0.5277043984610232,0.10780343358982902,0.0758,26.86,80.4,,,,,,
2026-07-30T23:17:15.248276+00:00,S053,mounted,true,rotor_drag,mild,900,rotor_drag-mild_horizontal_no_load_0900rpm,3077800,907,372,2197,3223,6,3,1679423,9,123,94,81,12,1730,1495,1222,85,203,1594,16383,1758,1726,1723196,800,1916,2318,548976,11956,8,382594,1496,116482,390,3077702032,3077801129,0,3077801138,3077801653,3711971740,17868244,-79,30,1043,0.091,1720.0,0.4727173673469385,-0.19712464804282348,0.091,26.71,80.1,,,,,,
2026-07-30T23:17:15.341689+00:00,S053,mounted,true,rotor_drag,mild,900,rotor_drag-mild_horizontal_no_load_0900rpm,3077901,911,416,2138,3281,2,3,1679460,9,123,101,92,15,1733,1494,1206,81,196,1596,16383,1762,1726,1742689,808,1965,2199,550057,11955,8,382592,1496,116483,390,3077802083,3077901753,0,3077901827,3077902342,3758776229,17865257,-77,45,1047,0.1023,1720.0,0.2747372946047677,-0.11520335884567157,0.1023,26.65,80.0,,,,,,
2026-07-30T23:17:15.434121+00:00,S053,mounted,true,rotor_drag,mild,900,rotor_drag-mild_horizontal_no_load_0900rpm,3078001,924,455,2032,3264,1,3,1679498,9,123,116,125,15,1737,1495,1219,89,246,1605,16383,1764,1729,1729582,800,2035,2215,551209,11957,8,382594,1496,116484,390,3077902773,3078001911,0,3078001990,3078002505,3739500058,17871233,-67,40,1038,0.1175,1720.0,0.30078250689972386,0.0008783302667891846,0.1175,26.37,79.5,,,,,,
2026-07-30T23:17:15.531459+00:00,S053,mounted,true,rotor_drag,mild,900,rotor_drag-mild_horizontal_no_load_0900rpm,3078101,929,476,2016,3297,1,3,1679534,9,123,119,129,19,1738,1494,1225,89,246,1601,16383,1767,1725,1726942,800,1919,2392,551633,11951,8,382584,1496,116485,390,3078002937,3078102019,0,3078102093,3078102608,3728296844,17853315,-62,20,1041,0.1213,1720.0,0.5976891474353612,-0.19078803974562808,0.1213,26.5,79.7,,,,,,
2026-07-30T23:17:15.620928+00:00,S053,mounted,true,rotor_drag,mild,900,rotor_drag-mild_horizontal_no_load_0900rpm,3078201,902,518,2031,3467,5,3,1679571,9,123,132,145,20,1739,1495,1221,91,244,1602,16383,1765,1726,1725714,800,2115,2203,551891,11956,8,382584,1496,116486,390,3078103040,3078202104,0,3078202178,3078202693,3722760356,17868246,-75,29,1043,0.1251,1720.0,0.2810958952827032,0.1344638123118096,0.1251,26.46,79.6,,,,,,
2026-07-30T23:17:15.761550+00:00,S053,mounted,true,rotor_drag,mild,900,rotor_drag-mild_horizontal_no_load_0900rpm,3078302,885,492,2114,3506,1,3,1679606,9,123,128,139,29,1740,1495,1225,91,244,1598,16383,1763,1728,1745871,808,2127,2375,552291,11958,8,382588,1496,116487,390,3078203125,3078302796,0,3078302806,3078303321,3772593417,17874222,-71,40,1022,0.1289,1720.0,0.5670330832915198,0.15386632764676378,0.1289,26.59,79.9,,,,,,
2026-07-30T23:17:15.855473+00:00,S053,mounted,true,rotor_drag,mild,900,rotor_drag-mild_horizontal_no_load_0900rpm,3078402,912,495,1981,3340,4,3,1679644,9,123,132,155,13,1740,1495,1208,91,228,1587,16383,1763,1721,1725597,800,2065,2277,552295,11958,8,382592,1496,116488,390,3078303753,3078403000,0,3078403010,3078403525,3722375569,17874222,-72,36,1051,0.1289,1720.0,0.4037655750125433,0.05057463873557433,0.1289,26.93,80.5,,,,,,
2026-07-30T23:17:15.949677+00:00,S053,mounted,true,rotor_drag,mild,900,rotor_drag-mild_horizontal_no_load_0900rpm,3078502,962,441,1943,3090,6,3,1679681,9,123,133,156,15,1740,1494,1233,121,396,1592,16383,1763,1721,1723192,800,2049,2293,552059,11954,8,382588,1496,116489,390,3078403957,3078503030,0,3078503039,3078503554,3711966762,17862268,-96,37,1005,0.1289,1720.0,0.4316997702860963,0.025060972226869094,0.1289,26.77,80.2,,,,,,
2026-07-30T23:17:16.042604+00:00,S053,mounted,true,rotor_drag,mild,900,rotor_drag-mild_horizontal_no_load_0900rpm,3078603,957,607,1966,3552,5,3,1679721,9,123,158,189,3,1738,1495,1221,121,396,1596,16383,1763,1721,1735029,808,1917,2265,551399,11956,8,382588,1496,116490,390,3078503991,3078603780,0,3078603854,3078604369,3725854695,17868244,-52,18,1035,0.1213,1720.0,0.3844048628303778,-0.19545837437269986,0.1213,26.65,80.0,,,,,,
2026-07-30T23:17:16.136269+00:00,S053,mounted,true,rotor_drag,mild,900,rotor_drag-mild_horizontal_no_load_0900rpm,3078703,1043,344,2143,2967,2,3,1679760,9,123,95,57,21,1734,1494,1200,123,385,1598,16383,1755,1712,1711897,800,1995,2285,550211,11952,8,382581,1496,116491,390,3078604801,3078703861,0,3078703934,3078704449,3663487165,17856294,-42,48,1061,0.1061,1720.0,0.41900457831325255,-0.06437650602409661,0.1061,26.59,79.9,,,,,,
2026-07-30T23:17:16.230189+00:00,S053,mounted,true,rotor_drag,mild,900,rotor_drag-mild_horizontal_no_load_0900rpm,3078803,869,426,2173,3398,4,3,1679794,9,123,109,110,17,1728,1495,1207,146,546,1598,16383,1722,1709,1701018,800,1982,2207,548378,11957,8,382583,1496,116492,390,3078704881,3078803938,0,3078804012,3078804527,3616892506,17871235,-58,52,1043,0.0834,1720.0,0.2874534323827045,-0.08742678840846407,0.0834,26.59,79.9,,,,,,
2026-07-30T23:17:16.323360+00:00,S053,mounted,true,rotor_drag,mild,900,rotor_drag-mild_horizontal_no_load_0900rpm,3078903,883,258,2449,3180,4,3,1679830,9,123,73,2,3,1724,1494,1212,146,546,1599,16383,1721,1711,1700974,800,1973,2157,547121,11955,8,382582,1496,116493,390,3078804967,3078904031,0,3078904105,3078904620,3616711184,17865255,-67,50,1033,0.0682,1720.0,0.20474794654956074,-0.10187205445420311,0.0682,26.56,79.8,,,,,,
2026-07-30T23:17:16.465216+00:00,S053,mounted,true,rotor_drag,mild,900,rotor_drag-mild_horizontal_no_load_0900rpm,3079003,898,257,2410,3126,4,3,1679866,9,123,73,1,3,1721,1494,1197,126,448,1593,16383,1719,1712,1701065,800,2091,2239,546273,11954,8,382579,1496,116494,390,3078905048,3079004089,0,3079004163,3079004678,3617076703,17862270,-89,51,1029,0.0568,1720.0,0.3417059379287264,0.09505617517149068,0.0568,26.74,80.1,,,,,,
2026-07-30T23:17:16.560659+00:00,S053,mounted,true,rotor_drag,mild,900,rotor_drag-mild_horizontal_no_load_0900rpm,3079104,869,348,2317,3319,5,3,1679901,9,123,90,63,3,1721,1495,1235,126,448,1593,16383,1728,1711,1720751,808,2031,2160,546020,11958,8,382583,1496,116495,390,3079005107,3079104823,0,3079104832,3079105347,3664659141,17874222,-89,50,1021,0.0568,1720.0,0.20884416206723477,-0.0060691906673358,0.0568,26.74,80.1,,,,,,
2026-07-30T23:17:16.653962+00:00,S053,mounted,true,rotor_drag,mild,900,rotor_drag-mild_horizontal_no_load_0900rpm,3079204,826,650,2198,4166,1,3,1679936,9,123,178,221,11,1724,1494,1224,145,522,1587,16383,1747,1713,1717159,800,2097,2320,547216,11952,8,382576,1496,116496,390,3079105777,3079204840,0,3079204849,3079205364,3685998105,17856296,-77,37,1049,0.0682,1720.0,0.4773436746987949,0.10564028915662593,0.0682,26.93,80.5,,,,,,
2026-07-30T23:17:16.748116+00:00,S053,mounted,true,rotor_drag,mild,900,rotor_drag-mild_horizontal_no_load_0900rpm,3079304,920,466,2069,3335,5,3,1679973,9,123,107,79,15,1727,1495,1238,193,838,1596,16383,1746,1721,1717717,800,2053,2333,548032,11957,8,382579,1496,116497,390,3079205797,3079304877,0,3079304891,3079305406,3688333451,17871233,-111,89,1046,0.0796,1720.0,0.49738635602575876,0.03086874793008265,0.0796,26.65,80.0,,,,,,
2026-07-30T23:17:16.841557+00:00,S053,mounted,true,rotor_drag,mild,900,rotor_drag-mild_horizontal_no_load_0900rpm,3079404,931,411,2080,3184,4,3,1680010,9,123,99,96,8,1728,1494,1225,193,838,1604,16383,1743,1722,1715014,800,2107,2175,548327,11953,8,382574,1496,116498,390,3079305840,3079404934,0,3079404943,3079405458,3676655864,17859289,-86,33,1030,0.0834,1720.0,0.23534983142307375,0.12201478381996145,0.0834,26.4,79.5,,,,,,
2026-07-30T23:17:16.937865+00:00,S053,mounted,true,rotor_drag,mild,900,rotor_drag-mild_horizontal_no_load_0900rpm,3079504,941,327,2160,3029,2,3,1680048,9,123,82,53,11,1729,1494,1254,170,703,1605,16383,1738,1722,1715851,800,2071,2299,548611,11952,8,382568,1496,116499,390,3079405892,3079504959,0,3079504969,3079505484,3680269201,17856294,-100,40,1035,0.0872,1720.0,0.44234021686746994,0.06230267469879491,0.0872,26.37,79.5,,,,,,
2026-07-30T23:17:17.030595+00:00,S053,mounted,true,rotor_drag,mild,900,rotor_drag-mild_horizontal_no_load_0900rpm,3079604,927,366,2146,3133,3,3,1680085,9,123,89,66,11,1729,1495,1255,152,608,1600,16383,1738,1720,1713280,800,2110,2169,548535,11956,8,382569,1496,116500,390,3079505916,3079604999,0,3079605008,3079605523,3669211716,17868246,-76,35,1051,0.0872,1720.0,0.22444259049849435,0.1261324439611906,0.0872,26.53,79.7,,,,,,
2026-07-30T23:17:17.171185+00:00,S053,mounted,true,rotor_drag,mild,900,rotor_drag-mild_horizontal_no_load_0900rpm,3079704,929,501,2045,3393,1,3,1680122,9,123,115,101,20,1730,1494,1221,152,608,1597,16383,1743,1719,1716753,800,2113,2179,548856,11955,8,382569,1496,116501,390,3079605954,3079705035,0,3079705045,3079705560,3684134869,17865259,-71,26,1060,0.091,1720.0,0.2414090336260979,0.13142577239648645,0.091,26.62,79.9,,,,,,
2026-07-30T23:17:17.265543+00:00,S053,mounted,true,rotor_drag,mild,900,rotor_drag-mild_horizontal_no_load_0900rpm,3079804,883,551,2134,3695,2,3,1680156,9,123,134,150,14,1732,1494,1230,137,506,1597,16383,1772,1718,1721553,800,2099,2227,549597,11952,8,382563,1496,116502,390,3079705993,3079805058,0,3079805072,3079805588,3704903039,17856292,-36,49,1091,0.0985,1720.0,0.32232836144578325,0.10897395180722835,0.0985,26.62,79.9,,,,,,
2026-07-30T23:17:17.359646+00:00,S053,mounted,true,rotor_drag,mild,900,rotor_drag-mild_horizontal_no_load_0900rpm,3079904,836,895,2082,4758,2,3,1680186,9,123,227,265,28,1739,1494,1238,137,506,1598,16383,1789,1716,1736950,800,2111,2239,551850,11955,8,382563,1496,116503,390,3079806021,3079905115,0,3079905125,3079905640,3771994854,17865257,-74,32,1073,0.1251,1720.0,0.3413938165621073,0.12809294629861956,0.1251,26.59,79.9,,,,,,
2026-07-30T23:17:17.453269+00:00,S053,mounted,true,rotor_drag,mild,900,rotor_drag-mild_horizontal_no_load_0900rpm,3080005,825,1112,1866,5234,2,3,1680222,9,123,317,400,49,1740,1494,1275,163,602,1600,16383,1782,1716,1742388,808,2042,2227,552020,11955,8,382563,1496,116504,390,3079906073,3080005791,0,3080005864,3080006380,3757891820,17865255,-96,79,1055,0.1289,1720.0,0.32139685997490597,0.01311044592220778,0.1289,26.53,79.7,,,,,,
2026-07-30T23:17:17.545130+00:00,S053,mounted,true,rotor_drag,mild,900,rotor_drag-mild_horizontal_no_load_0900rpm,3080105,894,797,1862,4091,5,3,1680255,9,123,234,296,30,1740,1495,1221,182,752,1607,16383,1766,1715,1726212,800,2063,2409,552136,11957,8,382566,1496,116505,390,3080006814,3080105870,0,3080105944,3080106458,3725200648,17871233,-78,45,1056,0.1289,1720.0,0.6240125639374421,0.04753009107635631,0.1289,26.31,79.4,,,,,,
2026-07-30T23:17:17.638150+00:00,S053,mounted,true,rotor_drag,mild,900,rotor_drag-mild_horizontal_no_load_0900rpm,3080205,885,687,2009,3950,6,3,1680293,9,123,213,263,21,1739,1495,1232,182,752,1600,16383,1768,1716,1722431,800,1951,2327,551917,11956,8,382567,1496,116506,390,3080106891,3080205983,0,3080206056,3080206572,3708855173,17868244,-90,27,1030,0.1251,1720.0,0.4877138303780524,-0.13880506958849148,0.1251,26.53,79.7,,,,,,
2026-07-30T23:17:17.731124+00:00,S053,mounted,true,rotor_drag,mild,900,rotor_drag-mild_horizontal_no_load_0900rpm,3080305,869,776,2006,4238,1,3,1680326,9,123,239,300,24,1740,1495,1229,165,665,1594,16383,1766,1715,1725716,800,1970,2215,552036,11958,8,382572,1496,116507,390,3080207005,3080306061,0,3080306135,3080306650,3722989090,17874222,-64,32,1056,0.1289,1720.0,0.3004738861013543,-0.10769488459608656,0.1289,26.71,80.1,,,,,,
2026-07-30T23:17:17.871769+00:00,S053,mounted,true,rotor_drag,mild,900,rotor_drag-mild_horizontal_no_load_0900rpm,3080406,891,742,1959,4041,4,3,1680364,9,123,218,274,26,1739,1495,1230,150,579,1594,16383,1763,1717,1741444,808,1930,2205,552007,11956,8,382573,1496,116508,390,3080307087,3080406749,0,3080406763,3080407278,3753584962,17868244,-68,46,1047,0.1251,1720.0,0.28442844262295086,-0.1737968166610906,0.1251,26.71,80.1,,,,,,
2026-07-30T23:17:17.967293+00:00,S053,mounted,true,rotor_drag,mild,900,rotor_drag-mild_horizontal_no_load_0900rpm,3080506,885,761,1971,4122,1,3,1680398,9,123,222,280,30,1740,1494,1250,150,579,1595,16383,1769,1716,1725475,800,2117,2377,552078,11954,8,382571,1496,116509,390,3080407712,3080506786,0,3080506796,3080507311,3721961921,17862268,-55,-5,1044,0.1289,1720.0,0.5716901761753386,0.138386538899113,0.1289,26.68,80.0,,,,,,
2026-07-30T23:17:18.061023+00:00,S053,mounted,true,rotor_drag,mild,900,rotor_drag-mild_horizontal_no_load_0900rpm,3080606,899,766,1906,4036,5,3,1680435,9,123,225,286,28,1742,1494,1247,137,496,1603,16383,1776,1717,1729632,800,2104,2220,552653,11954,8,382569,1496,116510,390,3080507743,3080606858,0,3080606867,3080607382,3739890288,17862270,-69,1,1046,0.1365,1720.0,0.31004144135854084,0.11672135703530184,0.1365,26.43,79.6,,,,,,
2026-07-30T23:17:18.154669+00:00,S053,mounted,true,rotor_drag,mild,900,rotor_drag-mild_horizontal_no_load_0900rpm,3080706,892,807,1904,4166,1,3,1680470,9,123,234,298,26,1742,1494,1216,137,496,1599,16383,1778,1718,1727142,800,2118,2279,552704,11955,8,382569,1496,116511,390,3080607814,3080706953,0,3080706962,3080707477,3729180936,17865255,-93,23,1032,0.1365,1720.0,0.40805033851944783,0.13975783764115368,0.1365,26.56,79.8,,,,,,
2026-07-30T23:17:18.247986+00:00,S053,mounted,true,rotor_drag,mild,900,rotor_drag-mild_horizontal_no_load_0900rpm,3080806,853,818,1980,4378,2,3,1680504,9,123,239,306,28,1744,1494,1242,127,418,1595,16383,1774,1719,1732243,800,2117,2218,553301,11955,8,382569,1496,116512,390,3080707911,3080806992,0,3080807002,3080807517,3751223789,17865257,-67,-24,1048,0.1441,1720.0,0.30639914253450407,0.13809142459222068,0.1441,26.68,80.0,,,,,,
2026-07-30T23:17:18.341978+00:00,S053,mounted,true,rotor_drag,mild,900,rotor_drag-mild_horizontal_no_load_0900rpm,3080906,858,723,2030,4137,6,3,1680539,9,123,201,251,27,1742,1494,1216,128,445,1595,16383,1774,1718,1724496,800,2115,2221,552826,11954,8,382567,1496,116513,390,3080807954,3080907042,0,3080907052,3080907567,3717685236,17862270,-95,47,1047,0.1365,1720.0,0.31170799380960323,0.13505343399698821,0.1365,26.68,80.0,,,,,,
2026-07-30T23:17:18.435483+00:00,S053,mounted,true,rotor_drag,mild,900,rotor_drag-mild_horizontal_no_load_0900rpm,3081006,855,742,2086,4255,1,3,1680572,9,123,205,257,32,1744,1494,1222,128,445,1599,16383,1772,1722,1732960,800,1971,2247,553451,11954,8,382565,1496,116514,390,3080908000,3081007090,0,3081007100,3081007615,3754311370,17862266,-82,-27,1054,0.1441,1720.0,0.35503835753722557,-0.10493011895599791,0.1441,26.56,79.8,,,,,,
2026-07-30T23:17:18.576709+00:00,S053,mounted,true,rotor_drag,mild,900,rotor_drag-mild_horizontal_no_load_0900rpm,3081106,902,733,1997,4029,4,3,1680610,9,123,193,238,33,1743,1494,1225,157,631,1597,16383,1772,1720,1724648,800,2097,2233,552991,11953,8,382561,1496,116515,390,3081008048,3081107149,0,3081107158,3081107673,3718294998,17859281,-64,3,1045,0.1403,1720.0,0.3320179602610218,0.10534786505479765,0.1403,26.62,79.9,,,,,,
2026-07-30T23:17:18.670531+00:00,S053,mounted,true,rotor_drag,mild,900,rotor_drag-mild_horizontal_no_load_0900rpm,3081207,883,774,2059,4250,1,3,1680644,9,123,207,255,34,1744,1494,1230,174,750,1596,16383,1773,1720,1749296,808,1963,2359,553450,11955,8,382561,1496,116516,390,3081108105,3081207893,0,3081207967,3081208482,3787614410,17865257,-105,64,1009,0.1441,1720.0,0.541363382434128,-0.11853618494353846,0.1441,26.65,80.0,,,,,,
2026-07-30T23:17:18.765333+00:00,S053,mounted,true,rotor_drag,mild,900,rotor_drag-mild_horizontal_no_load_0900rpm,3081307,898,723,2038,4050,4,3,1680682,9,123,194,239,33,1742,1495,1225,174,750,1595,16383,1766,1722,1723898,800,2111,2203,552896,11957,8,382564,1496,116517,390,3081208916,3081307984,0,3081308058,3081308573,3715024580,17871235,-81,77,1005,0.1365,1720.0,0.280788895124195,0.12750453817847252,0.1365,26.68,80.0,,,,,,
2026-07-30T23:17:18.857932+00:00,S053,mounted,true,rotor_drag,mild,900,rotor_drag-mild_horizontal_no_load_0900rpm,3081407,897,721,2038,4048,1,3,1680716,9,123,201,251,34,1743,1494,1208,211,978,1594,16383,1768,1721,1729748,800,2075,2355,553105,11955,8,382564,1496,116518,390,3081309006,3081408077,0,3081408151,3081408666,3740416138,17865257,-86,-2,1031,0.1403,1720.0,0.5346977302383937,0.06810207653701328,0.1403,26.71,80.1,,,,,,
2026-07-30T23:17:18.954670+00:00,S053,mounted,true,rotor_drag,mild,900,rotor_drag-mild_horizontal_no_load_0900rpm,3081508,893,774,1989,4157,4,3,1680754,9,123,219,274,32,1742,1495,1209,211,978,1597,16383,1770,1720,1741027,808,2021,2215,552652,11957,8,382567,1496,116519,390,3081409098,3081508752,0,3081508762,3081509277,3751750683,17871235,-103,-2,1031,0.1365,1720.0,0.30078250689972386,-0.02244755013799482,0.1365,26.62,79.9,,,,,,
2026-07-30T23:17:19.042346+00:00,S053,mounted,true,rotor_drag,mild,900,rotor_drag-mild_horizontal_no_load_0900rpm,3081608,880,814,1974,4285,3,3,1680787,9,123,236,298,34,1743,1495,1232,194,843,1604,16383,1781,1717,1731570,800,1935,2357,553174,11958,8,382572,1496,116520,390,3081509710,3081608904,0,3081608914,3081609429,3748366740,17874222,-50,10,1045,0.1403,1720.0,0.537045173607626,-0.16600470898143493,0.1403,26.4,79.5,,,,,,
2026-07-30T23:17:19.135835+00:00,S053,mounted,true,rotor_drag,mild,900,rotor_drag-mild_horizontal_no_load_0900rpm,3081708,880,838,1928,4308,5,3,1680825,9,123,249,314,34,1743,1494,1227,182,733,1599,16383,1775,1721,1728406,800,2093,2227,553239,11955,8,382572,1496,116521,390,3081609866,3081708956,0,3081708965,3081709480,3734578164,17865255,-75,47,1053,0.1403,1720.0,0.32139685997490597,0.09809751141781664,0.1403,26.56,79.8,,,,,,
2026-07-30T23:17:19.280910+00:00,S053,mounted,true,rotor_drag,mild,900,rotor_drag-mild_horizontal_no_load_0900rpm,3081808,890,786,1944,4153,2,3,1680858,9,123,236,299,26,1745,1495,1219,182,733,1596,16383,1785,1719,1734860,800,2117,2431,553897,11956,8,382573,1496,116522,390,3081709913,3081809012,0,3081809021,3081809536,3762726276,17868246,-75,-22,1042,0.1479,1720.0,0.661006292070927,0.13779635965205728,0.1479,26.65,80.0,,,,,,
2026-07-30T23:17:19.370948+00:00,S053,mounted,true,rotor_drag,mild,900,rotor_drag-mild_horizontal_no_load_0900rpm,3081909,892,902,1805,4331,5,3,1680897,9,123,265,343,36,1745,1495,1203,194,723,1594,16383,1779,1718,1747348,808,2027,2229,553914,11956,8,382574,1496,116523,390,3081809973,3081909799,0,3081909878,3081910393,3779226716,17868246,-63,-6,1051,0.1479,1720.0,0.3244190107059217,-0.012168270659083547,0.1479,26.71,80.1,,,,,,
2026-07-30T23:17:19.464975+00:00,S053,mounted,true,rotor_drag,mild,900,rotor_drag-mild_horizontal_no_load_0900rpm,3082009,897,860,1857,4255,2,3,1680930,9,123,251,326,35,1747,1495,1193,188,704,1591,16383,1780,1723,1733660,800,1919,2340,554252,11957,8,382577,1496,116524,390,3081910826,3082009869,0,3082009942,3082010458,3757615296,17871235,-42,46,1045,0.1555,1720.0,0.5090492962281505,-0.192393250229991,0.1555,26.8,80.2,,,,,,
2026-07-30T23:17:19.557661+00:00,S053,mounted,true,rotor_drag,mild,900,rotor_drag-mild_horizontal_no_load_0900rpm,3082109,879,880,1882,4383,3,3,1680967,9,123,252,326,35,1747,1494,1208,188,704,1593,16383,1783,1721,1732294,800,2019,2229,554418,11955,8,382576,1496,116525,390,3082010894,3082110101,0,3082110175,3082110690,3751530338,17865257,-57,64,1048,0.1555,1720.0,0.3247296860727724,-0.025217054203262812,0.1555,26.74,80.1,,,,,,
2026-07-30T23:17:19.666065+00:00,S053,mounted,true,rotor_drag,mild,900,rotor_drag-mild_horizontal_no_load_0900rpm,3082210,863,906,1902,4524,6,3,1681001,9,123,261,337,39,1747,1494,1232,193,712,1592,16383,1784,1720,1750609,808,2103,2235,554485,11951,8,382567,1496,116526,390,3082111123,3082210926,0,3082210941,3082211456,3793358585,17853303,-48,68,1060,0.1555,1720.0,0.33597473223997953,0.11593458698016867,0.1555,26.77,80.2,,,,,,
2026-07-30T23:17:19.777178+00:00,S053,mounted,true,rotor_drag,mild,900,rotor_drag-mild_horizontal_no_load_0900rpm,3082310,855,880,1943,4517,5,3,1681035,9,123,251,323,37,1750,1494,1224,193,712,1590,16383,1786,1724,1739211,800,2123,2318,555232,11953,8,382563,1496,116527,390,3082211889,3082310965,0,3082310980,3082311495,3781620007,17859285,-61,46,1051,0.1669,1720.0,0.4736867697649121,0.14868185384422317,0.1669,26.83,80.3,,,,,,
2026-07-30T23:17:19.870691+00:00,S053,mounted,true,rotor_drag,mild,900,rotor_drag-mild_horizontal_no_load_0900rpm,3082410,862,830,1941,4348,1,3,1681070,9,123,240,309,31,1747,1495,1219,193,737,1601,16383,1783,1722,1727826,800,1983,2257,554501,11956,8,382564,1496,116528,390,3082311928,3082411023,0,3082411033,3082411548,3732248260,17868246,-45,65,1046,0.1555,1720.0,0.37107467346938705,-0.08548431214453034,0.1555,26.5,79.7,,,,,,
2026-07-30T23:17:19.964271+00:00,S053,mounted,true,rotor_drag,mild,900,rotor_drag-mild_horizontal_no_load_0900rpm,3082510,872,818,1975,4320,6,3,1681103,9,123,222,278,38,1749,1495,1247,185,702,1594,16383,1784,1722,1736769,800,1989,2233,554983,11957,8,382567,1496,116529,390,3082411981,3082511075,0,3082511085,3082511600,3770973243,17871233,-57,81,1055,0.1631,1720.0,0.3307729245630173,-0.07576384820607229,0.1631,26.71,80.1,,,,,,
2026-07-30T23:17:20.073315+00:00,S053,mounted,true,rotor_drag,mild,900,rotor_drag-mild_horizontal_no_load_0900rpm,3082610,877,717,1980,4025,2,3,1681140,9,123,199,248,31,1746,1494,1221,185,702,1598,16383,1779,1723,1725678,800,1963,2219,554162,11954,8,382565,1496,116530,390,3082512037,3082611094,0,3082611104,3082611619,3722834156,17862268,-47,5,1035,0.1517,1720.0,0.30837488890747844,-0.11826253856449753,0.1517,26.59,79.9,,,,,,
2026-07-30T23:17:20.181264+00:00,S053,mounted,true,rotor_drag,mild,900,rotor_drag-mild_horizontal_no_load_0900rpm,3082711,899,708,1971,3941,6,3,1681175,9,123,185,227,41,1747,1495,1219,185,740,1603,16383,1776,1722,1749170,808,1954,2221,554289,11958,8,382570,1496,116531,390,3082612051,3082711774,0,3082711848,3082712363,3787015760,17874222,-36,27,1050,0.1555,1720.0,0.31046985599598553,-0.13435080431510293,0.1555,26.43,79.6,,,,,,
2026-07-30T23:17:20.275545+00:00,S053,mounted,true,rotor_drag,mild,900,rotor_drag-mild_horizontal_no_load_0900rpm,3082811,893,681,1961,3867,2,3,1681212,9,123,186,229,37,1744,1494,1237,199,781,1600,16383,1771,1723,1723990,800,2121,2286,553490,11955,8,382570,1496,116532,390,3082712796,3082811871,0,3082811945,3082812460,3715477030,17865259,-53,9,1057,0.1441,1720.0,0.41971522986198195,0.14475707678795446,0.1441,26.53,79.7,,,,,,
2026-07-30T23:17:20.367941+00:00,S053,mounted,true,rotor_drag,mild,900,rotor_drag-mild_horizontal_no_load_0900rpm,3082911,888,619,2014,3755,4,3,1681246,9,123,168,201,39,1744,1494,1217,199,781,1594,16383,1767,1722,1729499,800,1911,2207,553530,11951,8,382562,1496,116533,390,3082812892,3082911948,0,3082912022,3082912537,3739289925,17853305,-63,2,1065,0.1441,1720.0,0.2892995499121409,-0.2041238061250108,0.1441,26.71,80.1,,,,,,
2026-07-30T23:17:20.461903+00:00,S053,mounted,true,rotor_drag,mild,900,rotor_drag-mild_horizontal_no_load_0900rpm,3083011,906,612,1994,3682,2,3,1681284,9,123,163,196,41,1742,1494,1242,194,789,1599,16383,1759,1719,1721498,800,2071,2203,552722,11953,8,382558,1496,116534,390,3082912969,3083012036,0,3083012110,3083012625,3704645694,17859281,-61,-2,1040,0.1365,1720.0,0.2820172039655313,0.06201387626537258,0.1365,26.56,79.8,,,,,,
2026-07-30T23:17:20.553904+00:00,S053,mounted,true,rotor_drag,mild,900,rotor_drag-mild_horizontal_no_load_0900rpm,3083111,905,515,2050,3475,6,3,1681319,9,123,139,161,31,1741,1494,1225,194,789,1597,16383,1757,1722,1725416,800,2121,2325,552546,11955,8,382558,1496,116535,390,3083013058,3083112128,0,3083112202,3083112717,3721519304,17865255,-10,34,1046,0.1327,1720.0,0.484705338770389,0.14475707678795446,0.1327,26.62,79.9,,,,,,
2026-07-30T23:17:20.646645+00:00,S053,mounted,true,rotor_drag,mild,900,rotor_drag-mild_horizontal_no_load_0900rpm,3083212,907,530,2026,3487,2,3,1681356,9,123,141,166,35,1739,1495,1235,186,728,1592,16383,1756,1718,1736064,808,2061,2191,551811,11956,8,382560,1496,116536,390,3083113150,3083212790,0,3083212799,3083213315,3730243760,17868246,-54,-17,1070,0.1251,1720.0,0.26110061124121753,0.04448503412512528,0.1251,26.77,80.2,,,,,,
2026-07-30T23:17:20.789295+00:00,S053,mounted,true,rotor_drag,mild,900,rotor_drag-mild_horizontal_no_load_0900rpm,3083312,903,411,2197,3335,6,3,1681391,9,123,100,71,9,1738,1494,1267,243,911,1592,16383,1754,1724,1721950,800,2033,2367,551578,11952,8,382554,1496,116537,390,3083213748,3083312836,0,3083312846,3083313361,3706587828,17856292,-25,28,1071,0.1213,1720.0,0.5556847469879513,-0.0010369156626506282,0.1213,26.77,80.2,,,,,,
2026-07-30T23:17:20.881966+00:00,S053,mounted,true,rotor_drag,mild,900,rotor_drag-mild_horizontal_no_load_0900rpm,3083412,896,533,2159,3647,2,3,1681428,9,123,132,107,14,1737,1494,1250,243,911,1592,16383,1755,1725,1720495,800,1901,2185,551325,11954,8,382553,1496,116538,390,3083313792,3083412895,0,3083412905,3083413420,3700287879,17862266,-49,73,984,0.1175,1720.0,0.2517121055713565,-0.22158879053036662,0.1175,26.77,80.2,,,,,,
2026-07-30T23:17:20.976002+00:00,S053,mounted,true,rotor_drag,mild,900,rotor_drag-mild_horizontal_no_load_0900rpm,3083512,911,424,2188,3353,2,3,1681464,9,123,99,73,14,1737,1495,1219,250,951,1591,16383,1753,1724,1720695,800,1979,2270,551169,11958,8,382559,1496,116539,390,3083413852,3083512957,0,3083512967,3083513482,3701123239,17874222,-38,-29,1050,0.1175,1720.0,0.3921036101354738,-0.09270092975413968,0.1175,26.8,80.2,,,,,,
2026-07-30T23:17:21.070112+00:00,S053,mounted,true,rotor_drag,mild,900,rotor_drag-mild_horizontal_no_load_0900rpm,3083612,913,454,2187,3430,3,3,1681501,9,123,106,79,13,1736,1495,1251,315,1389,1596,16383,1747,1726,1718742,800,1999,2293,550831,11957,8,382563,1496,116540,390,3083513913,3083612993,0,3083613002,3083613517,3692725098,17871233,-32,-58,1050,0.1137,1720.0,0.43074098344066236,-0.05910250505979775,0.1137,26.65,80.0,,,,,,
2026-07-30T23:17:21.163562+00:00,S053,mounted,true,rotor_drag,mild,900,rotor_drag-mild_horizontal_no_load_0900rpm,3083712,916,416,2247,3384,3,3,1681537,9,123,98,75,7,1736,1495,1250,315,1389,1597,16383,1747,1726,1720404,800,2109,2183,550774,11956,8,382564,1496,116541,390,3083613951,3083713021,0,3083713031,3083713546,3699821546,17868244,-33,5,995,0.1137,1720.0,0.24777042188022724,0.12446617029106699,0.1137,26.62,79.9,,,,,,
2026-07-30T23:17:21.257974+00:00,S053,mounted,true,rotor_drag,mild,900,rotor_drag-mild_horizontal_no_load_0900rpm,3083812,914,434,2245,3432,1,3,1681574,9,123,103,86,4,1735,1494,1240,500,2438,1592,16383,1742,1723,1716878,800,1983,2179,550414,11954,8,382562,1496,116542,390,3083713975,3083813083,0,3083813093,3083813608,3684690368,17862266,-111,51,1027,0.1099,1720.0,0.2417127908649821,-0.08493148954324958,0.1099,26.77,80.2,,,,,,
2026-07-30T23:17:21.350972+00:00,S053,mounted,true,rotor_drag,mild,900,rotor_drag-mild_horizontal_no_load_0900rpm,3083912,923,403,2307,3398,5,3,1681611,9,123,100,72,3,1734,1494,1238,500,2438,1591,16383,1742,1723,1717272,800,2116,2171,550158,11954,8,382560,1496,116543,390,3083814041,3083913113,0,3083913122,3083913638,3686331064,17862268,-36,38,1032,0.1061,1720.0,0.22838037125648247,0.1367199864480506,0.1061,26.8,80.2,,,,,,
2026-07-30T23:17:21.491212+00:00,S053,mounted,true,rotor_drag,mild,900,rotor_drag-mild_horizontal_no_load_0900rpm,3084013,949,337,2288,3177,2,3,1681650,9,123,82,34,13,1733,1495,1238,436,2141,1589,16383,1738,1723,1733689,808,2022,2347,549924,11958,8,382566,1496,116544,390,3083914070,3084013744,0,3084013823,3084014338,3720005641,17874222,-68,13,1028,0.1023,1720.0,0.5203852237832409,-0.021063145509282677,0.1023,26.86,80.4,,,,,,
2026-07-30T23:17:21.583779+00:00,S053,mounted,true,rotor_drag,mild,900,rotor_drag-mild_horizontal_no_load_0900rpm,3084113,954,308,2223,3031,1,3,1681688,9,123,88,49,18,1733,1495,1237,369,1780,1589,16383,1742,1719,1716608,800,2107,2178,549784,11956,8,382567,1496,116545,390,3084014770,3084113997,0,3084114071,3084114586,3683503264,17868244,-91,-34,1044,0.1023,1720.0,0.23943905352960826,0.12113362295081931,0.1023,26.86,80.4,,,,,,
2026-07-30T23:17:21.679129+00:00,S053,mounted,true,rotor_drag,mild,900,rotor_drag-mild_horizontal_no_load_0900rpm,3084213,872,424,2348,3565,3,3,1681723,9,123,100,85,8,1732,1495,1245,369,1780,1588,16383,1747,1722,1717416,800,2041,2314,549776,11957,8,382570,1496,116546,390,3084115019,3084214079,0,3084214153,3084214668,3687032848,17871233,-77,-36,1035,0.0985,1720.0,0.4657298040478377,0.010875136154553822,0.0985,26.89,80.4,,,,,,
2026-07-30T23:17:21.774195+00:00,S053,mounted,true,rotor_drag,mild,900,rotor_drag-mild_horizontal_no_load_0900rpm,3084314,886,380,2333,3405,3,3,1681759,9,123,95,30,10,1733,1494,1240,301,1375,1592,16383,1747,1726,1737927,808,2116,2345,550067,11955,8,382570,1496,116547,390,3084215101,3084314767,0,3084314776,3084315291,3738217049,17865257,-84,-5,1020,0.1023,1720.0,0.5180335997490588,0.13642501154328723,0.1023,26.77,80.2,,,,,,
2026-07-30T23:17:21.867863+00:00,S053,mounted,true,rotor_drag,mild,900,rotor_drag-mild_horizontal_no_load_0900rpm,3084414,883,405,2322,3468,2,3,1681794,9,123,90,23,3,1734,1494,1229,254,1126,1591,16383,1743,1724,1720740,800,2049,2367,550272,11955,8,382570,1496,116548,390,3084315722,3084414813,0,3084414822,3084415337,3701317890,17865257,-81,33,1027,0.1061,1720.0,0.554694686825596,0.02477533726474279,0.1061,26.8,80.2,,,,,,
2026-07-30T23:17:21.963203+00:00,S053,mounted,true,rotor_drag,mild,900,rotor_drag-mild_horizontal_no_load_0900rpm,3084514,892,345,2327,3296,2,3,1681830,9,123,84,25,15,1735,1495,1234,254,1126,1592,16383,1748,1725,1721593,800,2047,2357,550476,11957,8,382573,1496,116549,390,3084415767,3084514984,0,3084514993,3084515508,3704978753,17871233,-67,10,1033,0.1099,1720.0,0.5373735795768164,0.020871942042318015,0.1099,26.77,80.2,,,,,,
2026-07-30T23:17:22.103950+00:00,S053,mounted,true,rotor_drag,mild,900,rotor_drag-mild_horizontal_no_load_0900rpm,3084614,885,333,2337,3279,6,3,1681865,9,123,93,24,10,1737,1494,1222,224,954,1593,16383,1748,1727,1726074,800,2117,2345,551115,11951,8,382565,1496,116550,390,3084515944,3084615050,0,3084615060,3084615575,3724282694,17853305,-88,16,1034,0.1175,1720.0,0.5193415199564888,0.139272178144088,0.1175,26.74,80.1,,,,,,
2026-07-30T23:17:22.150480+00:00,S053,mounted,true,rotor_drag,mild,900,rotor_drag-mild_horizontal_no_load_0900rpm,3084715,897,361,2315,3322,2,3,1681902,9,123,92,32,17,1738,1495,1230,224,954,1593,16383,1751,1730,1743479,808,1969,2187,551609,11957,8,382568,1496,116551,390,3084616006,3084715770,0,3084715844,3084716359,3762161843,17871233,-111,31,1035,0.1213,1720.0,0.2541307460901563,-0.10908653449862005,0.1213,26.74,80.1,,,,,,
2026-07-30T23:17:22.293593+00:00,S053,mounted,true,rotor_drag,mild,900,rotor_drag-mild_horizontal_no_load_0900rpm,3084815,898,342,2312,3266,6,3,1681937,9,123,82,26,11,1740,1494,1227,190,755,1596,16383,1751,1730,1726874,800,1923,2199,552004,11955,8,382568,1496,116552,390,3084716791,3084815851,0,3084815925,3084816440,3727750394,17865255,-99,44,1032,0.1289,1720.0,0.2747372946047677,-0.18519270690087852,0.1289,26.65,80.0,,,,,,
2026-07-30T23:17:22.387546+00:00,S053,mounted,true,rotor_drag,mild,900,rotor_drag-mild_horizontal_no_load_0900rpm,3084915,895,355,2317,3308,6,3,1681973,9,123,94,34,6,1740,1494,1221,171,635,1592,16383,1749,1729,1724716,800,1953,2187,552037,11954,8,382566,1496,116553,390,3084816871,3084916101,0,3084916175,3084916690,3718433024,17862268,-67,-7,1053,0.1289,1720.0,0.2550452104734813,-0.1349280630751215,0.1289,26.77,80.2,,,,,,
2026-07-30T23:17:22.482440+00:00,S053,mounted,true,rotor_drag,mild,900,rotor_drag-mild_horizontal_no_load_0900rpm,3085016,902,360,2288,3286,2,3,1682010,9,123,99,58,0,1741,1494,1224,171,635,1593,16383,1751,1734,1746735,808,2121,2381,552560,11952,8,382560,1496,116554,390,3084917120,3085016762,0,3085016776,3085017291,3776249565,17856292,-70,-9,1052,0.1327,1720.0,0.5790203855421687,0.14564424096385498,0.1327,26.74,80.1,,,,,,
2026-07-30T23:17:22.575867+00:00,S053,mounted,true,rotor_drag,mild,900,rotor_drag-mild_horizontal_no_load_0900rpm,3085116,921,397,2268,3346,2,3,1682046,9,123,103,44,12,1743,1494,1216,153,513,1593,16383,1762,1734,1731460,800,1907,2293,553046,11955,8,382560,1496,116555,390,3085017718,3085116943,0,3085116952,3085117467,3747649824,17865257,-44,-30,1054,0.1403,1720.0,0.43138012120451696,-0.21185531568381455,0.1403,26.74,80.1,,,,,,
2026-07-30T23:17:22.668580+00:00,S053,mounted,true,rotor_drag,mild,900,rotor_drag-mild_horizontal_no_load_0900rpm,3085216,953,313,2238,3059,1,3,1682084,9,123,85,53,12,1739,1495,1250,141,435,1593,16383,1746,1719,1717885,800,2101,2350,551941,11957,8,382564,1496,116556,390,3085117900,3085216984,0,3085216993,3085217508,3689072551,17871233,-39,-14,1062,0.1251,1720.0,0.5257106393744246,0.11084319503219842,0.1251,26.74,80.1,,,,,,
2026-07-30T23:17:22.762298+00:00,S053,mounted,true,rotor_drag,mild,900,rotor_drag-mild_horizontal_no_load_0900rpm,3085316,1001,346,2045,2911,6,3,1682123,9,123,92,76,9,1731,1494,1238,141,435,1593,16383,1729,1706,1699351,800,1957,2157,549326,11954,8,382562,1496,116557,390,3085217939,3085317016,0,3085317026,3085317541,3609846593,17862270,-40,-9,1058,0.0947,1720.0,0.20504863694160935,-0.12826185327087192,0.0947,26.74,80.1,,,,,,
2026-07-30T23:17:22.854646+00:00,S053,mounted,true,rotor_drag,mild,900,rotor_drag-mild_horizontal_no_load_0900rpm,3085416,941,260,2270,2962,3,3,1682161,9,123,72,8,0,1725,1494,1234,133,435,1593,16383,1716,1706,1697931,800,2094,2216,547434,11954,8,382560,1496,116558,390,3085317971,3085417089,0,3085417104,3085417619,3603755159,17862268,-63,24,1045,0.072,1720.0,0.30337523155429125,0.10005583252467742,0.072,26.74,80.1,,,,,,
2026-07-30T23:17:22.995989+00:00,S053,mounted,true,rotor_drag,mild,900,rotor_drag-mild_horizontal_no_load_0900rpm,3085516,947,262,2291,2984,5,3,1682199,9,123,74,9,5,1721,1494,1219,133,435,1588,16383,1718,1709,1698163,800,2079,2267,546184,11955,8,382560,1496,116559,390,3085418045,3085517117,0,3085517132,3085517647,3604752169,17865255,-81,44,1038,0.0568,1720.0,0.3880533819322456,0.07476772873274751,0.0568,26.89,80.4,,,,,,
2026-07-30T23:17:23.093269+00:00,S053,mounted,true,rotor_drag,mild,900,rotor_drag-mild_horizontal_no_load_0900rpm,3085617,955,253,2269,2933,6,3,1682237,9,123,72,0,4,1718,1494,1235,113,355,1590,16383,1716,1709,1715074,808,2089,2295,545308,11955,8,382560,1496,116560,390,3085518075,3085617763,0,3085617837,3085618352,3640514512,17865257,-70,55,1045,0.0454,1720.0,0.4347129473023834,0.09143185922208241,0.0454,26.83,80.3,,,,,,
2026-07-30T23:17:23.183383+00:00,S053,mounted,true,rotor_drag,mild,900,rotor_drag-mild_horizontal_no_load_0900rpm,3085717,941,258,2272,2957,3,3,1682275,9,123,72,15,1,1717,1494,1234,97,290,1589,16383,1716,1707,1697540,800,1902,2299,544705,11955,8,382560,1496,116561,390,3085618782,3085717989,0,3085718063,3085718578,3602162710,17865259,-58,46,1044,0.0416,1720.0,0.44137859949811764,-0.22018738092848222,0.0416,26.86,80.4,,,,,,
2026-07-30T23:17:23.292483+00:00,S053,mounted,true,rotor_drag,mild,900,rotor_drag-mild_horizontal_no_load_0900rpm,3085817,908,260,2378,3094,1,3,1682312,9,123,73,5,3,1715,1494,1224,97,290,1593,16383,1716,1708,1697326,800,1901,2147,544281,11952,8,382554,1496,116562,390,3085719006,3085818062,0,3085818141,3085818656,3601237586,17856292,-52,66,1032,0.034,1720.0,0.18898185542168688,-0.22105865060240992,0.034,26.74,80.1,,,,,,
2026-07-30T23:17:23.399739+00:00,S053,mounted,true,rotor_drag,mild,900,rotor_drag-mild_horizontal_no_load_0900rpm,3085918,912,256,2353,3054,1,3,1682348,9,123,73,7,3,1714,1494,1245,88,247,1592,16383,1715,1708,1714836,808,2076,2232,543993,11955,8,382554,1496,116563,390,3085819083,3085918755,0,3085918764,3085919278,3639490522,17865257,-52,60,1039,0.0302,1720.0,0.3297289252195732,0.06976848958594672,0.0302,26.77,80.2,,,,,,
2026-07-30T23:17:23.493372+00:00,S053,mounted,true,rotor_drag,mild,900,rotor_drag-mild_horizontal_no_load_0900rpm,3086018,904,253,2346,3047,1,3,1682384,9,123,73,24,2,1714,1494,1235,77,207,1594,16383,1715,1708,1696997,800,2075,2147,543731,11951,8,382547,1496,116564,390,3085919706,3086018787,0,3086018797,3086019312,3599785369,17853313,-55,66,1041,0.0302,1720.0,0.1892813020667723,0.06925940465233005,0.0302,26.71,80.1,,,,,,
2026-07-30T23:17:23.603337+00:00,S053,mounted,true,rotor_drag,mild,900,rotor_drag-mild_horizontal_no_load_0900rpm,3086118,884,252,2449,3163,1,3,1682420,9,123,72,0,4,1713,1495,1224,77,207,1598,16383,1716,1707,1697239,800,1973,2149,543618,11957,8,382551,1496,116565,390,3086019740,3086118835,0,3086118850,3086119365,3600834923,17871235,-45,50,1041,0.0264,1720.0,0.19081764213431462,-0.10242199724011058,0.0264,26.59,79.9,,,,,,
2026-07-30T23:17:23.698072+00:00,S053,mounted,true,rotor_drag,mild,900,rotor_drag-mild_horizontal_no_load_0900rpm,3086218,886,251,2434,3144,3,3,1682455,9,123,73,10,3,1713,1494,1246,72,179,1596,16383,1715,1707,1697216,800,2019,2143,543482,11955,8,382551,1496,116566,390,3086119790,3086218869,0,3086218878,3086219393,3600727918,17865257,-58,61,1031,0.0264,1720.0,0.1814181638644916,-0.025217054203262812,0.0264,26.65,80.0,,,,,,
2026-07-30T23:17:23.791989+00:00,S053,mounted,true,rotor_drag,mild,900,rotor_drag-mild_horizontal_no_load_0900rpm,3086318,931,260,2282,2980,1,3,1682492,9,123,72,15,0,1713,1494,1219,72,179,1594,16383,1717,1705,1698062,800,2100,2155,543490,11951,8,382544,1496,116567,0,3086219822,3086318911,0,3086318921,3086319436,3604301628,17853307,-40,39,1040,0.0264,1720.0,0.202617068446155,0.11093367458790038,0.0264,26.71,80.1,,,,,,
2026-07-30T23:17:23.887839+00:00,S053,mounted,true,rotor_drag,mild,900,rotor_drag-mild_horizontal_no_load_0900rpm,3086418,926,260,2330,3034,3,3,1682527,9,123,73,2,3,1712,1494,1234,68,167,1598,16383,1717,1704,1695784,800,2095,2153,543280,11950,8,382535,1496,116568,0,3086319858,3086418948,0,3086418957,3086419472,3594643882,17850316,-39,45,1040,0.0226,1720.0,0.19958346058577403,0.10289106359832623,0.0226,26.59,79.9,,,,,,
2026-07-30T23:17:23.979834+00:00,S053,mounted,true,rotor_drag,mild,900,rotor_drag-mild_horizontal_no_load_0900rpm,3086518,926,260,2330,3034,6,3,1682537,9,123,73,2,3,1711,1494,1232,64,150,1596,16383,1710,1702,1692542,800,2091,2135,542793,11949,8,382525,1496,116569,0,3086419895,3086519010,0,3086519020,3086519535,3580902454,17847329,-50,66,1035,0.0188,1720.0,0.16987334797891007,0.09651435626412219,0.0188,26.65,80.0,,,,,,
2026-07-30T23:17:24.073748+00:00,S053,mounted,true,rotor_drag,mild,900,rotor_drag-mild_horizontal_no_load_0900rpm,3086618,926,260,2330,3034,6,3,1682537,9,123,73,2,3,1709,1494,1234,64,150,1595,16383,1710,1701,1691176,800,2093,2137,542324,11952,8,382522,1496,116570,0,3086519958,3086619049,0,3086619058,3086619573,3575126598,17856290,-46,62,1043,0.0113,1720.0,0.17231354216867434,0.09897296385542154,0.0113,26.68,80.0,,,,,,
2026-07-30T23:17:24.166191+00:00,S053,mounted,true,rotor_drag,mild,900,rotor_drag-mild_horizontal_no_load_0900rpm,3086718,926,260,2330,3034,6,3,1682537,9,123,73,2,3,1708,1494,1256,65,143,1594,16383,1709,1702,1691475,800,2095,2133,542036,11953,8,382521,1496,116571,0,3086619997,3086719096,0,3086719105,3086719620,3576390261,17859281,-58,59,1041,0.0075,1720.0,0.16534877260938652,0.10201448130176471,0.0075,26.71,80.1,,,,,,
2026-07-30T23:17:24.260976+00:00,S053,mounted,true,rotor_drag,mild,900,rotor_drag-mild_horizontal_no_load_0900rpm,3086818,0,260,2330,3034,6,3,1682537,9,170,73,2,3,1708,1494,1227,65,137,1594,16351,1709,1702,1691300,800,2091,2141,541838,11952,8,382518,1496,116572,0,3086720043,3086819114,0,3086819124,3086819639,3575650746,17856294,-39,75,1034,0.0075,1720.0,0.17898086746987962,0.09563930120481912,0.0075,26.71,80.1,,,,,,
2026-07-30T23:17:24.401922+00:00,S053,mounted,true,rotor_drag,mild,900,rotor_drag-mild_horizontal_no_load_0900rpm,3086919,0,260,2330,3034,6,3,1682537,9,170,73,2,3,1707,1495,1243,65,137,1593,16351,1709,1701,1708512,808,2093,2137,541701,11959,8,382528,1496,116573,0,3086820058,3086919759,0,3086919834,3086920349,3612669294,17877211,-29,59,1045,0.0037,1720.0,0.17022857437912853,0.09693092474287113,0.0037,26.74,80.1,,,,,,
2026-07-30T23:17:24.496640+00:00,S053,mounted,true,rotor_drag,mild,900,rotor_drag-mild_horizontal_no_load_0900rpm,3087019,0,260,2330,3034,6,3,1682537,9,170,73,2,3,1707,1494,1232,65,132,1593,16351,1710,1702,1691647,800,2095,2146,541646,11952,8,382524,1496,116574,0,3086920768,3087019829,0,3087019904,3087020419,3577117699,17856292,-25,58,1042,0.0037,1720.0,0.18731502409638567,0.10230662650602351,0.0037,26.74,80.1,,,,,,
2026-07-30T23:17:24.589874+00:00,S053,mounted,true,rotor_drag,mild,900,rotor_drag-mild_horizontal_no_load_0900rpm,3087119,0,260,2330,3034,6,3,1682537,9,170,73,2,3,1707,1494,1226,65,132,1593,16351,1709,1702,1691858,800,2093,2141,541618,11951,8,382519,1496,116575,0,3087020838,3087119895,0,3087119970,3087120485,3578007982,17853303,-10,35,1052,0.0037,1720.0,0.1792794772822357,0.09926487900594072,0.0037,26.74,80.1,,,,,,
