iso_time,session_id,fixture_state,valid_for_classifier,condition,severity,speed_setpoint_rpm,label,t_ms,rpm,ripple_permil,min_us,max_us,hall,illegal,edges,step,coast_ms,period_std_permil,mech1x_permil,elec_permil,i_dc_mv,adc_vref_raw,adc_pc0_mv,accel_rms_mg,accel_pk_mg,temp_mv,sensor_status,i_dc_peak_mv,i_dc_min_mv,i_adc_raw_sum,i_adc_raw_count,i_adc_raw_min,i_adc_raw_max,i_adc_ema_q8,vref_adc_raw_sum,vref_adc_raw_count,vref_adc_ema_q8,vref_factory_cal_raw,frame_seq,pwm_ticks,i_adc_window_start_us,i_adc_window_end_us,i_adc_fail_count,vref_window_start_us,vref_window_end_us,i_adc_raw_sumsq,vref_adc_raw_sumsq,accel_x_mg,accel_y_mg,accel_z_mg,i_dc_a,i_dc_zero_mv,i_dc_peak_a,i_dc_min_a,i_dc_a_signed,temp_motor_c,temp_motor_f,temp_ambient_c,i_u_a,i_v_a,i_w_a,modbus_rpm,modbus_fault
2026-07-30T22:18:01.599689+00:00,S043,mounted,true,orientation_change,mild,1300,orientation_change-mild_horizontal_no_load_1300rpm,3827536,1323,268,1624,2131,1,3,982112,9,4250908,73,1,2,1678,1495,1234,73,164,1715,16383,1682,1670,1662982,800,1892,2111,532458,11956,8,382515,1496,81091,563,3827438246,3827537316,0,3827537395,3827537910,3456970600,17868244,973,78,48,0.0834,1670.0,0.12779871763131467,-0.23711521612579478,0.0834,23.04,73.5,,,,,,
2026-07-30T22:18:01.692640+00:00,S043,mounted,true,orientation_change,mild,1300,orientation_change-mild_horizontal_no_load_1300rpm,3827636,1333,268,1611,2115,3,3,982165,9,4250908,73,1,2,1678,1494,1233,74,171,1703,16383,1681,1673,1663614,800,2046,2107,532466,11954,8,382515,1496,81092,563,3827538340,3827637395,0,3827637469,3827637984,3459553990,17862268,967,84,53,0.0834,1670.0,0.12172101438848859,0.020061314873682345,0.0834,23.4,74.1,,,,,,
2026-07-30T22:18:01.788252+00:00,S043,mounted,true,orientation_change,mild,1300,orientation_change-mild_horizontal_no_load_1300rpm,3827737,1337,268,1603,2105,3,3,982219,9,4250908,73,0,2,1678,1495,1226,74,171,1701,16383,1684,1672,1680930,808,1923,2271,532502,11956,8,382519,1496,81093,563,3827638413,3827738091,0,3827738101,3827738616,3497048670,17868244,988,78,58,0.0834,1670.0,0.3944025048511204,-0.18546073235195726,0.0834,23.46,74.2,,,,,,
2026-07-30T22:18:01.927892+00:00,S043,mounted,true,orientation_change,mild,1300,orientation_change-mild_horizontal_no_load_1300rpm,3827837,1331,269,1611,2116,2,3,982272,9,4250908,73,0,2,1678,1494,1235,71,168,1704,16383,1681,1673,1663218,800,2027,2103,532481,11954,8,382519,1496,81094,563,3827739043,3827838122,0,3827838131,3827838646,3457904938,17862268,994,71,60,0.0834,1670.0,0.11505480458423945,-0.011603181696503206,0.0834,23.37,74.1,,,,,,
2026-07-30T22:18:02.022267+00:00,S043,mounted,true,orientation_change,mild,1300,orientation_change-mild_horizontal_no_load_1300rpm,3827937,1325,265,1622,2123,6,3,982325,9,4250908,73,0,2,1678,1494,1238,71,168,1706,16383,1681,1675,1663820,800,2062,2105,532490,11955,8,382521,1496,81095,563,3827839077,3827938171,0,3827938180,3827938695,3460403360,17865259,983,61,58,0.0834,1670.0,0.11809446800501888,0.04643870690087848,0.0834,23.31,74.0,,,,,,
2026-07-30T22:18:02.116329+00:00,S043,mounted,true,orientation_change,mild,1300,orientation_change-mild_horizontal_no_load_1300rpm,3828037,1323,268,1621,2129,4,3,982378,9,4250908,73,0,2,1678,1495,1222,73,166,1704,16383,1680,1675,1663415,800,2045,2287,532476,11957,8,382527,1496,81096,563,3827939126,3828038200,0,3828038209,3828038725,3458761071,17871233,986,62,53,0.0834,1670.0,0.4207441775528977,0.01753967341306284,0.0834,23.37,74.1,,,,,,
2026-07-30T22:18:02.208992+00:00,S043,mounted,true,orientation_change,mild,1300,orientation_change-mild_horizontal_no_load_1300rpm,3828137,1316,268,1629,2138,5,3,982431,9,4250908,73,0,2,1678,1494,1255,75,178,1707,16383,1685,1675,1663823,800,2045,2251,532502,11950,8,382520,1496,81097,563,3828039155,3828138216,0,3828138230,3828138745,3460447853,17850326,987,60,54,0.0834,1670.0,0.3629602692887026,0.01953554895397458,0.0834,23.28,73.9,,,,,,
2026-07-30T22:18:02.305776+00:00,S043,mounted,true,orientation_change,mild,1300,orientation_change-mild_horizontal_no_load_1300rpm,3828237,1315,267,1633,2141,3,3,982483,9,4250908,73,0,2,1678,1494,1219,75,178,1708,16383,1682,1673,1663351,800,2022,2111,532477,11954,8,382520,1496,81098,563,3828139173,3828238274,0,3828238284,3828238799,3458464853,17862270,990,64,53,0.0834,1670.0,0.12838722419273818,-0.019935943951815638,0.0834,23.25,73.8,,,,,,
2026-07-30T22:18:02.397101+00:00,S043,mounted,true,orientation_change,mild,1300,orientation_change-mild_horizontal_no_load_1300rpm,3828337,1308,268,1638,2150,2,3,982536,9,4250908,73,1,2,1678,1494,1220,74,168,1705,16383,1681,1673,1663072,800,1925,2103,532471,11953,8,382519,1496,81099,563,3828239226,3828338293,0,3828338307,3828338822,3457344850,17859283,984,67,55,0.0834,1670.0,0.11534801631389602,-0.18132313770601582,0.0834,23.34,74.0,,,,,,
2026-07-30T22:18:02.504573+00:00,S043,mounted,true,orientation_change,mild,1300,orientation_change-mild_horizontal_no_load_1300rpm,3828437,1300,266,1651,2164,4,3,982588,9,4250908,73,0,2,1678,1494,1213,75,165,1704,16383,1682,1674,1663836,800,2055,2367,532478,11955,8,382521,1496,81100,563,3828339252,3828438346,0,3828438360,3828438875,3460551892,17865257,982,64,58,0.0834,1670.0,0.554694686825596,0.03477381555834347,0.0834,23.37,74.1,,,,,,
2026-07-30T22:18:02.598282+00:00,S043,mounted,true,orientation_change,mild,1300,orientation_change-mild_horizontal_no_load_1300rpm,3828537,1300,265,1658,2168,1,3,982640,9,4250908,72,1,2,1678,1494,1251,75,165,1707,16383,1681,1672,1663134,800,1919,2107,532488,11948,8,382510,1496,81101,563,3828439302,3828538377,0,3828538392,3828538907,3457583378,17844340,986,63,68,0.0834,1670.0,0.12348436859725487,-0.18998482992969556,0.0834,23.28,73.9,,,,,,
2026-07-30T22:18:02.692571+00:00,S043,mounted,true,orientation_change,mild,1300,orientation_change-mild_horizontal_no_load_1300rpm,3828637,1309,267,1641,2152,2,3,982692,9,4250908,73,1,2,1678,1494,1213,75,155,1712,16383,1681,1674,1663498,800,2017,2109,532481,11952,8,382508,1496,81102,563,3828539336,3828638436,0,3828638445,3828638960,3459069908,17856294,978,70,68,0.0834,1670.0,0.1256422650602409,-0.027706216867470435,0.0834,23.13,73.6,,,,,,
2026-07-30T22:18:02.801396+00:00,S043,mounted,true,orientation_change,mild,1300,orientation_change-mild_horizontal_no_load_1300rpm,3828738,1313,267,1635,2144,6,3,982745,9,4250908,73,1,2,1678,1494,1218,75,155,1703,16383,1681,1673,1679997,808,1971,2099,532473,11954,8,382509,1496,81103,563,3828639390,3828739142,0,3828739216,3828739731,3493103417,17862270,983,64,64,0.0834,1670.0,0.10838859477998986,-0.10493011895599791,0.0834,23.4,74.1,,,,,,
2026-07-30T22:18:02.940833+00:00,S043,mounted,true,orientation_change,mild,1300,orientation_change-mild_horizontal_no_load_1300rpm,3828838,1314,268,1633,2144,4,3,982798,9,4250908,73,0,2,1678,1494,1202,74,149,1705,16383,1681,1673,1663244,800,2043,2209,532476,11955,8,382512,1496,81104,563,3828740164,3828839257,0,3828839336,3828839851,3458025860,17865255,990,74,59,0.0834,1670.0,0.2914014250941026,0.014776858971141227,0.0834,23.34,74.0,,,,,,
2026-07-30T22:18:03.034561+00:00,S043,mounted,true,orientation_change,mild,1300,orientation_change-mild_horizontal_no_load_1300rpm,3828938,1322,268,1623,2130,5,3,982851,9,4250908,73,0,2,1678,1494,1232,74,140,1705,16383,1681,1673,1663396,800,2041,2103,532476,11953,8,382511,1496,81105,563,3828840278,3828939334,0,3828939565,3828940080,3458641622,17859279,994,66,71,0.0834,1670.0,0.11534801631389602,0.01201311996988208,0.0834,23.34,74.0,,,,,,
2026-07-30T22:18:03.131313+00:00,S043,mounted,true,orientation_change,mild,1300,orientation_change-mild_horizontal_no_load_1300rpm,3829039,1322,266,1621,2125,1,3,982904,9,4250908,73,1,2,1678,1494,1227,74,140,1707,16383,1681,1672,1679815,808,1907,2249,532479,11955,8,382514,1496,81106,563,3828940507,3829040103,0,3829040113,3829040628,3492404977,17865259,1001,50,78,0.0834,1670.0,0.3580579470514431,-0.21185531568381455,0.0834,23.28,73.9,,,,,,
2026-07-30T22:18:03.222877+00:00,S043,mounted,true,orientation_change,mild,1300,orientation_change-mild_horizontal_no_load_1300rpm,3829139,1301,267,1648,2161,2,3,982956,9,4250908,73,1,3,1678,1495,1230,73,146,1709,16383,1681,1673,1662994,800,2025,2213,532445,11958,8,382522,1496,81107,563,3829041058,3829140159,0,3829140168,3829140683,3456996578,17874222,1007,49,69,0.0834,1670.0,0.2971418961364778,-0.01606516056196705,0.0834,23.22,73.8,,,,,,
2026-07-30T22:18:03.301936+00:00,S043,mounted,true,orientation_change,mild,1300,orientation_change-mild_horizontal_no_load_1300rpm,3829239,1290,267,1663,2181,4,3,983008,9,4250908,73,0,3,1678,1494,1238,73,149,1708,16383,1681,1672,1663437,800,2046,2109,532471,11954,8,382522,1496,81108,563,3829141117,3829240254,0,3829240263,3829240778,3458814633,17862268,993,56,59,0.0834,1670.0,0.12505411929061339,0.020061314873682345,0.0834,23.25,73.8,,,,,,
2026-07-30T22:18:03.410246+00:00,S043,mounted,true,orientation_change,mild,1300,orientation_change-mild_horizontal_no_load_1300rpm,3829339,1292,267,1664,2182,1,3,983060,9,4250908,73,2,2,1678,1494,1216,73,149,1704,16383,1682,1674,1663643,800,2038,2103,532485,11952,8,382519,1496,81109,563,3829241206,3829340290,0,3829340305,3829340820,3459673189,17856290,992,68,56,0.0834,1670.0,0.1156412771084332,0.0072972409638554225,0.0834,23.37,74.1,,,,,,
2026-07-30T22:18:03.504194+00:00,S043,mounted,true,orientation_change,mild,1300,orientation_change-mild_horizontal_no_load_1300rpm,3829440,1314,267,1636,2144,3,3,983113,9,4250908,73,1,2,1678,1494,1245,72,139,1701,16383,1682,1675,1680286,808,2055,2202,532472,11953,8,382518,1496,81110,563,3829341249,3829441163,0,3829441242,3829441757,3494308852,17859277,1001,65,48,0.0834,1670.0,0.28035051208901507,0.03534680624111086,0.0834,23.46,74.2,,,,,,
2026-07-30T22:18:03.599385+00:00,S043,mounted,true,orientation_change,mild,1300,orientation_change-mild_horizontal_no_load_1300rpm,3829540,1323,269,1621,2130,2,3,983166,9,4250908,73,0,2,1678,1494,1221,72,139,1701,16383,1681,1674,1663644,800,2047,2262,532482,11955,8,382520,1496,81111,563,3829442187,3829541245,0,3829541324,3829541839,3459709276,17865257,996,54,56,0.0834,1670.0,0.3797213166875779,0.021442511166875455,0.0834,23.46,74.2,,,,,,
2026-07-30T22:18:03.754591+00:00,S043,mounted,true,orientation_change,mild,1300,orientation_change-mild_horizontal_no_load_1300rpm,3829640,1312,268,1632,2143,4,3,983218,9,4250908,73,1,3,1678,1494,1205,77,153,1703,16383,1682,1672,1663376,800,1931,2099,532481,11953,8,382519,1496,81112,563,3829542266,3829641324,0,3829641398,3829641913,3458584998,17859279,989,59,52,0.0834,1670.0,0.10868124880783014,-0.17132298644691746,0.0834,23.4,74.1,,,,,,
2026-07-30T22:18:03.801953+00:00,S043,mounted,true,orientation_change,mild,1300,orientation_change-mild_horizontal_no_load_1300rpm,3829740,1301,265,1650,2159,1,3,983270,9,4250908,73,1,2,1678,1495,1226,75,165,1703,16383,1681,1672,1663296,800,2025,2107,532480,11957,8,382525,1496,81113,563,3829642342,3829741415,0,3829741489,3829742004,3458232256,17871233,1000,61,53,0.0834,1670.0,0.12084000091996305,-0.01578301287948536,0.0834,23.4,74.1,,,,,,
2026-07-30T22:18:03.956662+00:00,S043,mounted,true,orientation_change,mild,1300,orientation_change-mild_horizontal_no_load_1300rpm,3829841,1301,266,1653,2164,3,3,983323,9,4250908,73,2,2,1678,1494,1242,75,165,1699,16383,1681,1670,1679684,808,1885,2225,532468,11954,8,382525,1496,81114,563,3829742434,3829842192,0,3829842201,3829842716,3491856872,17862268,991,60,49,0.0834,1670.0,0.31837420361385327,-0.24825362974736498,0.0834,23.52,74.3,,,,,,
2026-07-30T22:18:04.003492+00:00,S043,mounted,true,orientation_change,mild,1300,orientation_change-mild_horizontal_no_load_1300rpm,3829941,1315,268,1634,2145,2,3,983376,9,4250908,73,2,2,1678,1495,1211,74,162,1702,16383,1682,1671,1663514,800,1943,2107,532486,11959,8,382535,1496,81115,563,3829843146,3829942220,0,3829942234,3829942749,3459162918,17877211,988,68,55,0.0834,1670.0,0.12025290417258949,-0.1529474262898236,0.0834,23.43,74.2,,,,,,
2026-07-30T22:18:04.134128+00:00,S043,mounted,true,orientation_change,mild,1300,orientation_change-mild_horizontal_no_load_1300rpm,3830041,1323,268,1622,2130,6,3,983429,9,4250908,73,1,2,1678,1494,1219,75,151,1700,16383,1682,1674,1663807,800,1951,2113,532505,11955,8,382536,1496,81116,563,3829943178,3830042277,0,3830042296,3830042811,3460367075,17865255,992,66,70,0.0834,1670.0,0.13142577239648645,-0.13853314153074026,0.0834,23.49,74.3,,,,,,
2026-07-30T22:18:04.241957+00:00,S043,mounted,true,orientation_change,mild,1300,orientation_change-mild_horizontal_no_load_1300rpm,3830141,1324,266,1622,2126,4,3,983482,9,4250908,73,1,2,1678,1494,1231,75,151,1704,16383,1683,1673,1663492,800,1948,2107,532492,11954,8,382536,1496,81117,563,3830043240,3830142324,0,3830142339,3830142854,3459059252,17862268,982,69,65,0.0834,1670.0,0.12172101438848859,-0.1432608253304335,0.0834,23.37,74.1,,,,,,
2026-07-30T22:18:04.333049+00:00,S043,mounted,true,orientation_change,mild,1300,orientation_change-mild_horizontal_no_load_1300rpm,3830241,1324,266,1620,2123,1,3,983534,9,4250908,73,0,2,1678,1494,1219,71,153,1709,16383,1681,1673,1663621,800,1948,2225,532492,11954,8,382536,1496,81118,563,3830143283,3830242355,0,3830242365,3830242879,3459626885,17862270,981,65,74,0.0834,1670.0,0.31837420361385327,-0.1432608253304335,0.0834,23.22,73.8,,,,,,
2026-07-30T22:18:04.424649+00:00,S043,mounted,true,orientation_change,mild,1300,orientation_change-mild_horizontal_no_load_1300rpm,3830341,1324,267,1619,2124,3,3,983587,9,4250908,73,0,2,1678,1494,1216,71,153,1704,16383,1681,1674,1663825,800,2039,2106,532502,11952,8,382532,1496,81119,563,3830243306,3830342379,0,3830342388,3830342904,3460425481,17856292,988,60,73,0.0834,1670.0,0.12064177108433727,0.008964072289156633,0.0834,23.37,74.1,,,,,,
2026-07-30T22:18:04.519393+00:00,S043,mounted,true,orientation_change,mild,1300,orientation_change-mild_horizontal_no_load_1300rpm,3830441,1324,268,1620,2127,3,3,983641,9,4250908,73,0,2,1678,1495,1219,72,154,1707,16383,1681,1672,1663959,800,2037,2107,532503,11956,8,382535,1496,81120,563,3830343331,3830442445,0,3830442460,3830442975,3460985021,17868244,991,71,62,0.0834,1670.0,0.12113362295081931,0.004494466042154421,0.0834,23.28,73.9,,,,,,
2026-07-30T22:18:04.612353+00:00,S043,mounted,true,orientation_change,mild,1300,orientation_change-mild_horizontal_no_load_1300rpm,3830542,1326,268,1618,2125,2,3,983694,9,4250908,73,2,2,1678,1494,1245,71,154,1707,16383,1681,1672,1680254,808,1970,2199,532485,11953,8,382533,1496,81121,563,3830443402,3830543063,0,3830543136,3830543651,3494185946,17859279,989,58,56,0.0834,1670.0,0.2753504364594659,-0.10632200326277941,0.0834,23.28,73.9,,,,,,
2026-07-30T22:18:04.705513+00:00,S043,mounted,true,orientation_change,mild,1300,orientation_change-mild_horizontal_no_load_1300rpm,3830642,1324,269,1618,2126,6,3,983747,9,4250908,73,0,2,1678,1494,1242,71,154,1707,16383,1681,1673,1663922,800,2018,2289,532485,11953,8,382531,1496,81122,563,3830544081,3830643141,0,3830643215,3830643730,3460924108,17859281,983,57,53,0.0834,1670.0,0.4253527053459383,-0.02632079318999425,0.0834,23.28,73.9,,,,,,
2026-07-30T22:18:04.845504+00:00,S043,mounted,true,orientation_change,mild,1300,orientation_change-mild_horizontal_no_load_1300rpm,3830742,1325,267,1618,2123,4,3,983800,9,4250908,73,0,2,1678,1495,1205,72,142,1706,16383,1683,1674,1663864,800,1940,2256,532471,11956,8,382534,1496,81123,563,3830644157,3830743242,0,3830743316,3830743831,3460649978,17868244,996,46,68,0.0834,1670.0,0.36940839979926343,-0.15713407995985262,0.0834,23.31,74.0,,,,,,
2026-07-30T22:18:04.939087+00:00,S043,mounted,true,orientation_change,mild,1300,orientation_change-mild_horizontal_no_load_1300rpm,3830842,1324,269,1619,2127,5,3,983853,9,4250908,73,1,2,1678,1494,1243,72,142,1708,16383,1681,1673,1663398,800,2045,2107,532474,11953,8,382532,1496,81124,563,3830744258,3830843342,0,3830843416,3830843931,3458651496,17859279,994,59,68,0.0834,1670.0,0.12201478381996145,0.018679887475947066,0.0834,23.25,73.8,,,,,,
2026-07-30T22:18:05.032145+00:00,S043,mounted,true,orientation_change,mild,1300,orientation_change-mild_horizontal_no_load_1300rpm,3830942,1321,268,1621,2129,1,3,983906,9,4250908,73,1,3,1678,1494,1213,72,142,1704,16383,1682,1672,1663433,800,1987,2110,532477,11952,8,382528,1496,81125,563,3830844364,3830943456,0,3830943530,3830944045,3458816181,17856292,993,51,65,0.0834,1670.0,0.1273090963855421,-0.07771115662650585,0.0834,23.37,74.1,,,,,,
2026-07-30T22:18:05.127791+00:00,S043,mounted,true,orientation_change,mild,1300,orientation_change-mild_horizontal_no_load_1300rpm,3831043,1314,267,1633,2142,3,3,983959,9,4250908,73,0,2,1678,1495,1248,74,153,1709,16383,1681,1669,1679927,808,1989,2239,532483,11956,8,382532,1496,81126,563,3830944474,3831044096,0,3831044105,3831044620,3492852625,17868246,992,54,72,0.0834,1670.0,0.3410817474071597,-0.07548667012378774,0.0834,23.22,73.8,,,,,,
2026-07-30T22:18:05.221152+00:00,S043,mounted,true,orientation_change,mild,1300,orientation_change-mild_horizontal_no_load_1300rpm,3831143,1313,267,1634,2143,6,3,984011,9,4250908,73,1,2,1678,1494,1242,74,153,1710,16383,1683,1676,1663735,800,2013,2299,532517,11955,8,382533,1496,81127,563,3831045047,3831144376,0,3831144386,3831144900,3460110295,17865257,984,65,53,0.0834,1670.0,0.44137859949811764,-0.03521553249686349,0.0834,23.19,73.7,,,,,,
2026-07-30T22:18:05.314589+00:00,S043,mounted,true,orientation_change,mild,1300,orientation_change-mild_horizontal_no_load_1300rpm,3831243,1312,268,1634,2145,4,3,984064,9,4250908,73,1,2,1678,1494,1206,74,160,1706,16383,1682,1672,1663870,800,1967,2298,532498,11953,8,382531,1496,81128,563,3831145329,3831244416,0,3831244426,3831244941,3460711162,17859279,980,72,54,0.0834,1670.0,0.44035293223458494,-0.11132207889232859,0.0834,23.31,74.0,,,,,,
2026-07-30T22:18:05.455955+00:00,S043,mounted,true,orientation_change,mild,1300,orientation_change-mild_horizontal_no_load_1300rpm,3831344,1311,267,1639,2148,5,3,984117,9,4250908,73,1,2,1678,1495,1235,74,159,1702,16383,1682,1670,1680302,808,2043,2263,532479,11958,8,382538,1496,81129,563,3831245370,3831345058,0,3831345137,3831345652,3494408720,17874222,986,61,59,0.0834,1670.0,0.3804416452584043,0.013922749121926259,0.0834,23.43,74.2,,,,,,
2026-07-30T22:18:05.549226+00:00,S043,mounted,true,orientation_change,mild,1300,orientation_change-mild_horizontal_no_load_1300rpm,3831444,1313,269,1634,2146,3,3,984169,9,4250908,73,1,2,1678,1494,1236,74,159,1715,16383,1681,1672,1663007,800,2049,2107,532460,11954,8,382538,1496,81130,563,3831346081,3831445141,0,3831445215,3831445729,3457025501,17862268,983,66,64,0.0834,1670.0,0.12172101438848859,0.025060972226869094,0.0834,23.04,73.5,,,,,,
2026-07-30T22:18:05.643132+00:00,S043,mounted,true,orientation_change,mild,1300,orientation_change-mild_horizontal_no_load_1300rpm,3831544,1322,267,1623,2128,2,3,984222,9,4250908,73,1,2,1678,1494,1222,72,155,1714,16383,1683,1673,1663650,800,2053,2103,532489,11953,8,382536,1496,81131,563,3831446158,3831545391,0,3831545465,3831545979,3459697378,17859281,981,66,57,0.0834,1670.0,0.11534801631389602,0.032013422488077925,0.0834,23.07,73.5,,,,,,
2026-07-30T22:18:05.738233+00:00,S043,mounted,true,orientation_change,mild,1300,orientation_change-mild_horizontal_no_load_1300rpm,3831645,1324,268,1619,2126,2,3,984276,9,4250908,73,0,2,1678,1494,1209,73,160,1711,16383,1681,1673,1680243,808,1985,2105,532474,11949,8,382526,1496,81132,563,3831546408,3831646154,0,3831646168,3831646684,3494125903,17847329,986,68,55,0.0834,1670.0,0.1198558536279184,-0.08021412377604831,0.0834,23.16,73.7,,,,,,
2026-07-30T22:18:05.832238+00:00,S043,mounted,true,orientation_change,mild,1300,orientation_change-mild_horizontal_no_load_1300rpm,3831745,1330,269,1615,2121,6,3,984329,9,4250908,73,2,2,1678,1495,1234,73,160,1710,16383,1681,1673,1663625,800,2053,2106,532479,11958,8,382534,1496,81133,563,3831647111,3831746219,0,3831746228,3831746743,3459593691,17874222,982,66,60,0.0834,1670.0,0.11888043301555395,0.03058269894631227,0.0834,23.19,73.7,,,,,,
2026-07-30T22:18:05.926038+00:00,S043,mounted,true,orientation_change,mild,1300,orientation_change-mild_horizontal_no_load_1300rpm,3831845,1337,268,1604,2106,6,3,984383,9,4250908,73,0,2,1678,1494,1242,72,155,1706,16383,1681,1672,1663673,800,2043,2109,532472,11952,8,382530,1496,81134,563,3831747176,3831846257,0,3831846271,3831846786,3459797279,17856294,992,66,61,0.0834,1670.0,0.1256422650602409,0.01563139759036103,0.0834,23.31,74.0,,,,,,
2026-07-30T22:18:06.019986+00:00,S043,mounted,true,orientation_change,mild,1300,orientation_change-mild_horizontal_no_load_1300rpm,3831945,1337,268,1603,2105,4,3,984436,9,4250908,73,0,2,1678,1494,1211,72,155,1705,16383,1681,1674,1663339,800,1833,2109,532486,11953,8,382528,1496,81135,563,3831847214,3831946300,0,3831946310,3831946825,3458464803,17859281,984,67,62,0.0834,1670.0,0.12534816757299438,-0.33465879034552026,0.0834,23.34,74.0,,,,,,
2026-07-30T22:18:06.130283+00:00,S043,mounted,true,orientation_change,mild,1300,orientation_change-mild_horizontal_no_load_1300rpm,3832045,1337,269,1602,2106,4,3,984490,9,4250908,73,1,2,1678,1494,1211,75,151,1711,16383,1683,1675,1663936,800,2051,2295,532486,11953,8,382526,1496,81136,563,3831947256,3832046348,0,3832046362,3832046877,3460936226,17859281,985,61,60,0.0834,1670.0,0.43535285660503575,0.028680038735045432,0.0834,23.16,73.7,,,,,,
2026-07-30T22:18:06.221504+00:00,S043,mounted,true,orientation_change,mild,1300,orientation_change-mild_horizontal_no_load_1300rpm,3832145,1337,270,1601,2106,5,3,984543,9,4250908,73,0,2,1678,1494,1234,77,161,1702,16383,1681,1674,1664084,800,2051,2230,532498,11953,8,382525,1496,81137,563,3832047307,3832146386,0,3832146395,3832146910,3461527158,17859279,991,55,67,0.0834,1670.0,0.3270178846314731,0.028680038735045432,0.0834,23.43,74.2,,,,,,
2026-07-30T22:18:06.314868+00:00,S043,mounted,true,orientation_change,mild,1300,orientation_change-mild_horizontal_no_load_1300rpm,3832245,1327,268,1614,2119,1,3,984596,9,4250908,73,1,3,1678,1495,1229,77,161,1703,16383,1682,1673,1662783,800,1938,2099,532440,11956,8,382529,1496,81138,563,3832147341,3832246444,0,3832246453,3832246968,3456117489,17868244,982,70,59,0.0834,1670.0,0.10780343358982902,-0.1604666273001003,0.0834,23.4,74.1,,,,,,
2026-07-30T22:18:06.454657+00:00,S043,mounted,true,orientation_change,mild,1300,orientation_change-mild_horizontal_no_load_1300rpm,3832346,1315,266,1631,2138,3,3,984649,9,4250908,73,0,3,1678,1495,1205,73,166,1707,16383,1682,1673,1680230,808,1975,2104,532479,11956,8,382532,1496,81139,563,3832247401,3832347072,0,3832347146,3832347661,3494071370,17868246,971,67,64,0.0834,1670.0,0.11613480194044801,-0.09881450150552062,0.0834,23.28,73.9,,,,,,
2026-07-30T22:18:06.550057+00:00,S043,mounted,true,orientation_change,mild,1300,orientation_change-mild_horizontal_no_load_1300rpm,3832446,1314,265,1633,2137,2,3,984702,9,4250908,73,1,2,1678,1495,1201,73,167,1704,16383,1683,1672,1663659,800,2047,2293,532481,11956,8,382535,1496,81140,563,3832348087,3832447298,0,3832447372,3832447887,3459786061,17868244,975,80,61,0.0834,1670.0,0.43106052559384356,0.021157202743391945,0.0834,23.37,74.1,,,,,,
2026-07-30T22:18:06.645352+00:00,S043,mounted,true,orientation_change,mild,1300,orientation_change-mild_horizontal_no_load_1300rpm,3832546,1310,267,1638,2147,4,3,984754,9,4250908,73,0,2,1678,1495,1211,73,167,1718,16383,1685,1674,1663599,800,1878,2243,532484,11957,8,382540,1496,81141,563,3832448316,3832547396,0,3832547470,3832547984,3459617079,17871233,979,78,66,0.0834,1670.0,0.3474342677092914,-0.26070475712971497,0.0834,22.95,73.3,,,,,,
2026-07-30T22:18:06.737086+00:00,S043,mounted,true,orientation_change,mild,1300,orientation_change-mild_horizontal_no_load_1300rpm,3832647,1313,264,1634,2138,5,3,984807,9,4250908,73,1,3,1678,1495,1196,76,173,1712,16383,1694,1672,1680349,808,1935,2255,532532,11957,8,382545,1496,81142,563,3832548411,3832648088,0,3832648098,3832648613,3494656465,17871233,987,68,74,0.0834,1670.0,0.36742787948482025,-0.1657351011959527,0.0834,23.13,73.6,,,,,,
2026-07-30T22:18:06.829767+00:00,S043,mounted,true,orientation_change,mild,1300,orientation_change-mild_horizontal_no_load_1300rpm,3832747,1311,266,1635,2142,1,3,984860,9,4250908,73,0,2,1678,1494,1205,76,173,1711,16383,1681,1672,1663598,800,2025,2106,532509,11949,8,382534,1496,81143,563,3832649042,3832748131,0,3832748145,3832748660,3459484054,17847329,979,70,55,0.0834,1670.0,0.12152310343961803,-0.013524131308059406,0.0834,23.16,73.7,,,,,,
2026-07-30T22:18:06.924328+00:00,S043,mounted,true,orientation_change,mild,1300,orientation_change-mild_horizontal_no_load_1300rpm,3832847,1312,268,1635,2147,2,3,984912,9,4250908,73,1,2,1678,1495,1209,77,183,1706,16383,1681,1672,1663286,800,1869,2107,532461,11956,8,382537,1496,81144,563,3832749088,3832848168,0,3832848178,3832848693,3458234618,17868244,979,75,62,0.0834,1670.0,0.12113362295081931,-0.2754395105386416,0.0834,23.31,74.0,,,,,,
2026-07-30T22:18:07.018489+00:00,S043,mounted,true,orientation_change,mild,1300,orientation_change-mild_horizontal_no_load_1300rpm,3832947,1311,268,1636,2148,6,3,984965,9,4250908,73,0,2,1678,1495,1208,77,185,1708,16383,1684,1674,1664037,800,2029,2255,532504,11956,8,382540,1496,81145,563,3832849122,3832948199,0,3832948214,3832948729,3461350253,17868244,981,74,58,0.0834,1670.0,0.3677421261291398,-0.008835723318836308,0.0834,23.25,73.8,,,,,,
2026-07-30T22:18:07.157733+00:00,S043,mounted,true,orientation_change,mild,1300,orientation_change-mild_horizontal_no_load_1300rpm,3833047,1311,268,1635,2146,5,3,985017,9,4250908,73,0,2,1678,1494,1213,77,185,1703,16383,1681,1672,1663769,800,1963,2285,532485,11954,8,382540,1496,81146,563,3832949156,3833048268,0,3833048277,3833048792,3460256855,17862268,987,72,56,0.0834,1670.0,0.41836735067759756,-0.11826253856449753,0.0834,23.4,74.1,,,,,,
2026-07-30T22:18:07.253395+00:00,S043,mounted,true,orientation_change,mild,1300,orientation_change-mild_horizontal_no_load_1300rpm,3833147,1313,268,1636,2147,1,3,985070,9,4250908,73,1,2,1678,1495,1225,73,178,1705,16383,1681,1673,1663741,800,2035,2107,532488,11957,8,382545,1496,81147,563,3833049219,3833148297,0,3833148312,3833148827,3460079055,17871235,989,74,54,0.0834,1670.0,0.12084000091996305,0.0008783302667891846,0.0834,23.34,74.0,,,,,,
2026-07-30T22:18:07.346641+00:00,S043,mounted,true,orientation_change,mild,1300,orientation_change-mild_horizontal_no_load_1300rpm,3833247,1312,268,1634,2145,2,3,985122,9,4250908,73,1,2,1678,1495,1234,69,166,1710,16383,1682,1671,1663611,800,2049,2342,532439,11958,8,382551,1496,81148,563,3833149256,3833248339,0,3833248349,3833248864,3459665995,17874222,989,77,56,0.0834,1670.0,0.5120552488710484,0.02391871901655751,0.0834,23.19,73.7,,,,,,
2026-07-30T22:18:07.440963+00:00,S043,mounted,true,orientation_change,mild,1300,orientation_change-mild_horizontal_no_load_1300rpm,3833347,1321,266,1624,2128,6,3,985175,9,4250908,73,1,2,1678,1494,1213,69,166,1708,16383,1681,1673,1663186,800,1843,2202,532469,11954,8,382550,1496,81149,563,3833249293,3833348360,0,3833348370,3833348885,3457874254,17862266,991,63,59,0.0834,1670.0,0.28004349723941724,-0.3182488326919861,0.0834,23.25,73.8,,,,,,
2026-07-30T22:18:07.534163+00:00,S043,mounted,true,orientation_change,mild,1300,orientation_change-mild_horizontal_no_load_1300rpm,3833447,1323,269,1620,2130,4,3,985228,9,4250908,73,1,2,1678,1494,1225,70,163,1723,16383,1681,1673,1663152,800,1985,2211,532454,11951,8,382543,1496,81150,563,3833349317,3833448430,0,3833448439,3833448954,3457659948,17853307,992,64,55,0.0834,1670.0,0.29596743310183227,-0.08076796711572287,0.0834,22.8,73.0,,,,,,
2026-07-30T22:18:07.626971+00:00,S043,mounted,true,orientation_change,mild,1300,orientation_change-mild_horizontal_no_load_1300rpm,3833548,1318,268,1625,2134,5,3,985281,9,4250908,73,1,2,1678,1495,1230,70,163,1716,16383,1681,1675,1680076,808,1991,2217,532475,11957,8,382548,1496,81151,563,3833449387,3833549056,0,3833549129,3833549645,3493446674,17871235,994,73,57,0.0834,1670.0,0.3041147755289786,-0.07243157957681712,0.0834,23.01,73.4,,,,,,
2026-07-30T22:18:07.719193+00:00,S043,mounted,true,orientation_change,mild,1300,orientation_change-mild_horizontal_no_load_1300rpm,3833648,1314,269,1631,2143,1,3,985334,9,4250908,73,0,2,1678,1494,1246,72,165,1713,16383,1682,1672,1663654,800,2055,2103,532479,11953,8,382545,1496,81152,563,3833550074,3833649230,0,3833649304,3833649819,3459711002,17859281,991,62,58,0.0834,1670.0,0.11534801631389602,0.03534680624111086,0.0834,23.1,73.6,,,,,,
2026-07-30T22:18:07.860193+00:00,S043,mounted,true,orientation_change,mild,1300,orientation_change-mild_horizontal_no_load_1300rpm,3833748,1314,270,1630,2144,3,3,985387,9,4250908,73,0,2,1678,1494,1237,75,168,1712,16383,1681,1673,1664108,800,2039,2355,532505,11950,8,382536,1496,81153,563,3833650246,3833749308,0,3833749387,3833749902,3461682886,17850314,994,64,62,0.0834,1670.0,0.5363397397489535,0.00953288719665224,0.0834,23.13,73.6,,,,,,
2026-07-30T22:18:07.952751+00:00,S043,mounted,true,orientation_change,mild,1300,orientation_change-mild_horizontal_no_load_1300rpm,3833848,1324,269,1621,2130,2,3,985440,9,4250908,73,2,2,1678,1494,1238,75,168,1716,16383,1681,1672,1663603,800,2039,2273,532480,11952,8,382532,1496,81154,563,3833750329,3833849406,0,3833849485,3833850000,3459545951,17856298,991,60,66,0.0834,1670.0,0.3990026024096385,0.008964072289156633,0.0834,23.01,73.4,,,,,,
2026-07-30T22:18:08.047342+00:00,S043,mounted,true,orientation_change,mild,1300,orientation_change-mild_horizontal_no_load_1300rpm,3833949,1336,267,1606,2106,6,3,985493,9,4250908,73,0,2,1678,1495,1235,79,165,1713,16383,1681,1674,1680230,808,2051,2107,532470,11957,8,382537,1496,81155,563,3833850430,3833950084,0,3833950093,3833950608,3494060262,17871233,993,54,76,0.0834,1670.0,0.12084000091996305,0.027536479300827477,0.0834,23.1,73.6,,,,,,
2026-07-30T22:18:08.141029+00:00,S043,mounted,true,orientation_change,mild,1300,orientation_change-mild_horizontal_no_load_1300rpm,3834049,1328,267,1613,2116,6,3,985547,9,4250908,73,2,3,1678,1494,1246,75,155,1706,16383,1681,1675,1663347,800,1873,2206,532473,11954,8,382537,1496,81156,563,3833951035,3834050106,0,3834050120,3834050635,3458505341,17862270,995,57,68,0.0834,1670.0,0.28670970704366683,-0.2682522591601142,0.0834,23.31,74.0,,,,,,
2026-07-30T22:18:08.234592+00:00,S043,mounted,true,orientation_change,mild,1300,orientation_change-mild_horizontal_no_load_1300rpm,3834149,1315,268,1629,2140,5,3,985599,9,4250908,73,0,2,1678,1495,1225,75,155,1713,16383,1683,1672,1663475,800,1967,2191,532474,11956,8,382540,1496,81157,563,3834051064,3834150170,0,3834150179,3834150695,3459005515,17868244,990,45,65,0.0834,1670.0,0.26110061124121753,-0.11214469086651091,0.0834,23.1,73.6,,,,,,
2026-07-30T22:18:08.329491+00:00,S043,mounted,true,orientation_change,mild,1300,orientation_change-mild_horizontal_no_load_1300rpm,3834249,1312,267,1634,2144,1,3,985652,9,4250908,73,0,2,1678,1494,1243,80,168,1706,16383,1681,1674,1663771,800,2023,2103,532477,11950,8,382532,1496,81158,563,3834151122,3834250187,0,3834250197,3834250712,3460206419,17850316,1000,51,75,0.0834,1670.0,0.11622794594142238,-0.017140877489540074,0.0834,23.31,74.0,,,,,,
2026-07-30T22:18:08.423909+00:00,S043,mounted,true,orientation_change,mild,1300,orientation_change-mild_horizontal_no_load_1300rpm,3834349,1311,269,1636,2149,2,3,985704,9,4250908,73,1,2,1678,1494,1222,80,168,1709,16383,1684,1673,1664103,800,2051,2279,532503,11953,8,382530,1496,81159,563,3834251140,3834350220,0,3834350230,3834350745,3461628547,17859281,998,52,74,0.0834,1670.0,0.40868578658077404,0.028680038735045432,0.0834,23.22,73.8,,,,,,
2026-07-30T22:18:08.565820+00:00,S043,mounted,true,orientation_change,mild,1300,orientation_change-mild_horizontal_no_load_1300rpm,3834449,1311,267,1637,2147,6,3,985757,9,4250908,73,0,2,1678,1495,1224,74,156,1706,16383,1681,1671,1663513,800,1917,2177,532488,11956,8,382533,1496,81160,563,3834351174,3834450280,0,3834450290,3834450805,3459179661,17868244,989,49,65,0.0834,1670.0,0.23777277985948464,-0.19545837437269986,0.0834,23.31,74.0,,,,,,
2026-07-30T22:18:08.659327+00:00,S043,mounted,true,orientation_change,mild,1300,orientation_change-mild_horizontal_no_load_1300rpm,3834549,1314,269,1632,2144,4,3,985810,9,4250908,73,1,2,1678,1494,1222,72,145,1704,16383,1681,1673,1663519,800,1899,2107,532480,11948,8,382521,1496,81161,563,3834451232,3834550316,0,3834550330,3834550845,3459186267,17844340,988,52,71,0.0834,1670.0,0.12348436859725487,-0.2233326170070309,0.0834,23.37,74.1,,,,,,
2026-07-30T22:18:08.754025+00:00,S043,mounted,true,orientation_change,mild,1300,orientation_change-mild_horizontal_no_load_1300rpm,3834649,1322,268,1624,2131,1,3,985862,9,4250908,73,0,2,1678,1494,1240,72,145,1706,16383,1681,1673,1663276,800,2049,2107,532478,11954,8,382521,1496,81162,563,3834551274,3834650360,0,3834650370,3834650885,3458142764,17862266,980,78,61,0.0834,1670.0,0.12172101438848859,0.025060972226869094,0.0834,23.31,74.0,,,,,,
2026-07-30T22:18:08.848609+00:00,S043,mounted,true,orientation_change,mild,1300,orientation_change-mild_horizontal_no_load_1300rpm,3834749,1323,269,1620,2129,3,3,985915,9,4250908,73,0,2,1678,1494,1209,72,138,1705,16383,1682,1675,1663851,800,2019,2245,532504,11952,8,382518,1496,81163,563,3834651312,3834750401,0,3834750410,3834750925,3460563303,17856294,985,74,54,0.0834,1670.0,0.3523313253012046,-0.024372554216868014,0.0834,23.34,74.0,,,,,,
2026-07-30T22:18:08.941910+00:00,S043,mounted,true,orientation_change,mild,1300,orientation_change-mild_horizontal_no_load_1300rpm,3834849,1323,268,1621,2128,2,3,985968,9,4250908,73,1,2,1678,1495,1255,71,141,1706,16383,1681,1673,1663293,800,1970,2327,532472,11957,8,382524,1496,81164,563,3834751352,3834850439,0,3834850448,3834850963,3458308493,17871233,983,70,59,0.0834,1670.0,0.4873895501379941,-0.1074204001839929,0.0834,23.31,74.0,,,,,,
2026-07-30T22:18:09.034121+00:00,S043,mounted,true,orientation_change,mild,1300,orientation_change-mild_horizontal_no_load_1300rpm,3834950,1315,268,1630,2140,6,3,986021,9,4250908,73,0,2,1678,1494,1224,71,141,1700,16383,1681,1673,1680367,808,2056,2246,532466,11951,8,382519,1496,81165,563,3834851393,3834951061,0,3834951135,3834951650,3494661655,17853303,995,59,66,0.0834,1670.0,0.35431141101163055,0.03758695950129676,0.0834,23.49,74.3,,,,,,
2026-07-30T22:18:09.129163+00:00,S043,mounted,true,orientation_change,mild,1300,orientation_change-mild_horizontal_no_load_1300rpm,3835050,1312,268,1634,2146,4,3,986074,9,4250908,73,0,2,1678,1495,1232,67,138,1703,16383,1681,1673,1663073,800,1935,2101,532467,11956,8,382523,1496,81166,563,3834952081,3835051162,0,3835051236,3835051751,3457324617,17868244,992,57,67,0.0834,1670.0,0.1111359809300767,-0.1654654483104716,0.0834,23.4,74.1,,,,,,
2026-07-30T22:18:09.266551+00:00,S043,mounted,true,orientation_change,mild,1300,orientation_change-mild_horizontal_no_load_1300rpm,3835150,1318,269,1626,2136,5,3,986127,9,4250908,73,1,2,1678,1494,1240,67,138,1698,16383,1682,1674,1663279,800,1994,2103,532487,11955,8,382525,1496,81167,563,3835052178,3835151253,0,3835151332,3835151847,3458162537,17865255,996,60,60,0.0834,1670.0,0.11476164190715155,-0.06687738042659985,0.0834,23.55,74.4,,,,,,
2026-07-30T22:18:09.361553+00:00,S043,mounted,true,orientation_change,mild,1300,orientation_change-mild_horizontal_no_load_1300rpm,3835250,1323,266,1623,2127,1,3,986180,9,4250908,73,0,2,1678,1494,1201,67,143,1705,16383,1682,1673,1663445,800,2048,2103,532463,11951,8,382520,1496,81168,563,3835152277,3835251325,0,3835251404,3835251919,3458847017,17853305,999,55,66,0.0834,1670.0,0.11593458698016867,0.024251193121914483,0.0834,23.34,74.0,,,,,,
2026-07-30T22:18:09.455776+00:00,S043,mounted,true,orientation_change,mild,1300,orientation_change-mild_horizontal_no_load_1300rpm,3835351,1322,266,1624,2128,3,3,986233,9,4250908,73,0,2,1678,1494,1227,68,134,1705,16383,1681,1673,1680211,808,2055,2125,532482,11954,8,382520,1496,81169,563,3835252346,3835352216,0,3835352225,3835352740,3493986407,17862270,993,65,63,0.0834,1670.0,0.1517189585076122,0.03506028693324348,0.0834,23.34,74.0,,,,,,
2026-07-30T22:18:09.550345+00:00,S043,mounted,true,orientation_change,mild,1300,orientation_change-mild_horizontal_no_load_1300rpm,3835451,1313,268,1631,2142,6,3,986285,9,4250908,73,0,2,1678,1494,1226,68,134,1702,16383,1681,1673,1663449,800,1943,2105,532486,11953,8,382519,1496,81170,563,3835353167,3835452408,0,3835452418,3835452932,3458895651,17859279,1008,49,83,0.0834,1670.0,0.11868140006692851,-0.15132268392872117,0.0834,23.43,74.2,,,,,,
2026-07-30T22:18:09.642862+00:00,S043,mounted,true,orientation_change,mild,1300,orientation_change-mild_horizontal_no_load_1300rpm,3835552,1313,268,1632,2143,4,3,986338,9,4250908,73,0,2,1678,1494,1226,71,154,1705,16383,1682,1674,1680212,808,2048,2113,532493,11952,8,382516,1496,81171,563,3835453360,3835553034,0,3835553108,3835553623,3493990980,17856292,992,55,79,0.0834,1670.0,0.13230959036144574,0.02396555421686708,0.0834,23.34,74.0,,,,,,
2026-07-30T22:18:09.735463+00:00,S043,mounted,true,orientation_change,mild,1300,orientation_change-mild_horizontal_no_load_1300rpm,3835652,1318,267,1630,2137,5,3,986391,9,4250908,73,1,2,1678,1494,1218,72,156,1704,16383,1682,1673,1663321,800,2052,2113,532465,11954,8,382516,1496,81172,563,3835554050,3835653128,0,3835653202,3835653716,3458329995,17862268,983,62,65,0.0834,1670.0,0.13172032909486298,0.03006062958005673,0.0834,23.37,74.1,,,,,,
2026-07-30T22:18:09.829104+00:00,S043,mounted,true,orientation_change,mild,1300,orientation_change-mild_horizontal_no_load_1300rpm,3835752,1322,267,1625,2130,1,3,986444,9,4250908,73,0,3,1678,1495,1226,72,156,1705,16383,1681,1672,1663245,800,1965,2125,532455,11956,8,382520,1496,81173,563,3835654146,3835753210,0,3835753284,3835753799,3458030007,17868244,987,64,68,0.0834,1670.0,0.15112654901304756,-0.11547723820675859,0.0834,23.34,74.0,,,,,,
2026-07-30T22:18:09.970181+00:00,S043,mounted,true,orientation_change,mild,1300,orientation_change-mild_horizontal_no_load_1300rpm,3835852,1323,269,1620,2128,3,3,986497,9,4250908,73,0,2,1678,1494,1214,70,151,1706,16383,1683,1674,1663470,800,2056,2102,532481,11955,8,382522,1496,81174,563,3835754230,3835853282,0,3835853356,3835853871,3458949550,17865255,984,69,67,0.0834,1670.0,0.1130952288582181,0.036440228607276914,0.0834,23.31,74.0,,,,,,
2026-07-30T22:18:10.063093+00:00,S043,mounted,true,orientation_change,mild,1300,orientation_change-mild_horizontal_no_load_1300rpm,3835953,1315,266,1631,2138,2,3,986550,9,4250908,73,0,2,1678,1494,1203,70,151,1704,16383,1681,1673,1680063,808,2009,2107,532480,11953,8,382521,1496,81175,563,3835854302,3835954148,0,3835954158,3835954672,3493371457,17859279,973,65,64,0.0834,1670.0,0.12201478381996145,-0.04132102007864136,0.0834,23.37,74.1,,,,,,
2026-07-30T22:18:10.155230+00:00,S043,mounted,true,orientation_change,mild,1300,orientation_change-mild_horizontal_no_load_1300rpm,3836053,1311,268,1636,2147,6,3,986603,9,4250908,73,0,3,1678,1494,1212,71,164,1706,16383,1681,1673,1663093,800,1887,2109,532473,11955,8,382523,1496,81176,563,3835955099,3836054160,0,3836054175,3836054690,3457428613,17865257,973,67,72,0.0834,1670.0,0.12476012020075222,-0.2451835766624848,0.0834,23.31,74.0,,,,,,
2026-07-30T22:18:10.250232+00:00,S043,mounted,true,orientation_change,mild,1300,orientation_change-mild_horizontal_no_load_1300rpm,3836153,1311,268,1636,2147,5,3,986655,9,4250908,73,0,2,1678,1494,1219,70,156,1699,16383,1682,1674,1663615,800,2027,2247,532483,11954,8,382523,1496,81177,563,3836055117,3836154196,0,3836154206,3836154720,3459589823,17862268,981,67,61,0.0834,1670.0,0.35503835753722557,-0.011603181696503206,0.0834,23.52,74.3,,,,,,
2026-07-30T22:18:10.344547+00:00,S043,mounted,true,orientation_change,mild,1300,orientation_change-mild_horizontal_no_load_1300rpm,3836253,1312,267,1636,2146,1,3,986708,9,4250908,73,0,2,1678,1495,1212,70,156,1699,16383,1681,1673,1663437,800,1999,2107,532471,11957,8,382529,1496,81178,563,3836155147,3836254231,0,3836254245,3836254761,3458824215,17871233,997,58,67,0.0834,1670.0,0.12084000091996305,-0.05910250505979775,0.0834,23.52,74.3,,,,,,
2026-07-30T22:18:10.437917+00:00,S043,mounted,true,orientation_change,mild,1300,orientation_change-mild_horizontal_no_load_1300rpm,3836353,1312,267,1635,2145,2,3,986760,9,4250908,73,0,2,1678,1494,1216,71,155,1706,16383,1681,1675,1663462,800,1979,2110,532493,11951,8,382523,1496,81179,563,3836255188,3836354282,0,3836354291,3836354806,3458933808,17853305,1009,55,68,0.0834,1670.0,0.12760338256212878,-0.09076979190025947,0.0834,23.31,74.0,,,,,,
2026-07-30T22:18:10.532130+00:00,S043,mounted,true,orientation_change,mild,1300,orientation_change-mild_horizontal_no_load_1300rpm,3836453,1312,268,1635,2146,6,3,986813,9,4250908,73,0,2,1678,1494,1232,70,151,1711,16383,1682,1673,1663342,800,2026,2123,532464,11954,8,382523,1496,81180,563,3836355235,3836454320,0,3836454335,3836454850,3458425668,17862268,1014,45,76,0.0834,1670.0,0.1483858536054874,-0.013269734147566048,0.0834,23.16,73.7,,,,,,
2026-07-30T22:18:10.674126+00:00,S043,mounted,true,orientation_change,mild,1300,orientation_change-mild_horizontal_no_load_1300rpm,3836553,1312,268,1635,2147,5,3,986865,9,4250908,73,0,2,1678,1494,1222,70,151,1701,16383,1681,1673,1663235,800,2012,2103,532456,11953,8,382522,1496,81181,563,3836455278,3836554390,0,3836554400,3836554914,3457977217,17859281,996,52,70,0.0834,1670.0,0.11534801631389602,-0.03632094444909262,0.0834,23.46,74.2,,,,,,
2026-07-30T22:18:10.767840+00:00,S043,mounted,true,orientation_change,mild,1300,orientation_change-mild_horizontal_no_load_1300rpm,3836653,1314,267,1634,2143,1,3,986918,9,4250908,73,1,2,1678,1494,1216,75,154,1703,16383,1682,1674,1664174,800,1989,2295,532479,11955,8,382524,1496,81182,563,3836555341,3836654417,0,3836654427,3836654942,3461950822,17865257,1001,56,69,0.0834,1670.0,0.4347129473023834,-0.07520944567126753,0.0834,23.4,74.1,,,,,,
2026-07-30T22:18:10.863432+00:00,S043,mounted,true,orientation_change,mild,1300,orientation_change-mild_horizontal_no_load_1300rpm,3836754,1321,268,1624,2132,3,3,986971,9,4250908,73,0,2,1678,1494,1215,75,154,1704,16383,1682,1673,1680238,808,2057,2105,532498,11951,8,382519,1496,81183,563,3836655372,3836754971,0,3836755045,3836755560,3494090122,17853303,985,62,59,0.0834,1670.0,0.11926852857501435,0.039253930298719375,0.0834,23.37,74.1,,,,,,
2026-07-30T22:18:10.957162+00:00,S043,mounted,true,orientation_change,mild,1300,orientation_change-mild_horizontal_no_load_1300rpm,3836854,1323,267,1621,2127,2,3,987024,9,4250908,73,1,3,1678,1494,1211,77,158,1708,16383,1682,1675,1663615,800,2041,2109,532489,11953,8,382518,1496,81184,563,3836755987,3836855101,0,3836855175,3836855690,3459553235,17859279,990,52,68,0.0834,1670.0,0.12534816757299438,0.01201311996988208,0.0834,23.25,73.8,,,,,,
2026-07-30T22:18:11.051557+00:00,S043,mounted,true,orientation_change,mild,1300,orientation_change-mild_horizontal_no_load_1300rpm,3836954,1301,267,1646,2160,4,3,987076,9,4250908,73,2,3,1678,1495,1247,77,155,1706,16383,1683,1671,1663218,800,1939,2327,532481,11957,8,382524,1496,81185,563,3836856123,3836955204,0,3836955278,3836955793,3458001864,17871233,975,65,54,0.0834,1670.0,0.4873895501379941,-0.1590705639374428,0.0834,23.31,74.0,,,,,,
2026-07-30T22:18:11.145814+00:00,S043,mounted,true,orientation_change,mild,1300,orientation_change-mild_horizontal_no_load_1300rpm,3837054,1291,267,1660,2177,1,3,987128,9,4250908,73,1,2,1678,1494,1234,77,155,1705,16383,1681,1669,1662717,800,2023,2101,532423,11952,8,382521,1496,81186,563,3836956222,3837055292,0,3837055366,3837055881,3455822733,17856290,966,82,50,0.0834,1670.0,0.11230761445783077,-0.017705228915663174,0.0834,23.34,74.0,,,,,,
2026-07-30T22:18:11.238482+00:00,S043,mounted,true,orientation_change,mild,1300,orientation_change-mild_horizontal_no_load_1300rpm,3837154,1290,267,1668,2185,2,3,987180,9,4250908,73,3,2,1678,1495,1209,75,151,1705,16383,1682,1674,1663815,800,2045,2299,532483,11957,8,382527,1496,81187,563,3837056314,3837155395,0,3837155474,3837155989,3460435015,17871233,985,62,55,0.0834,1670.0,0.440737789328427,0.01753967341306284,0.0834,23.34,74.0,,,,,,
2026-07-30T22:18:11.380376+00:00,S043,mounted,true,orientation_change,mild,1300,orientation_change-mild_horizontal_no_load_1300rpm,3837255,1313,266,1638,2146,6,3,987233,9,4250908,73,1,2,1678,1494,1239,75,147,1706,16383,1681,1672,1680278,808,1983,2243,532479,11955,8,382529,1496,81188,563,3837156418,3837256204,0,3837256218,3837256733,3494299258,17865255,981,56,53,0.0834,1670.0,0.34805946875784155,-0.0852079239648682,0.0834,23.31,74.0,,,,,,
2026-07-30T22:18:11.473923+00:00,S043,mounted,true,orientation_change,mild,1300,orientation_change-mild_horizontal_no_load_1300rpm,3837355,1322,268,1623,2130,4,3,987286,9,4250908,73,0,2,1678,1494,1196,75,147,1704,16383,1681,1674,1663151,800,1917,2109,532480,11955,8,382530,1496,81189,563,3837257162,3837356259,0,3837356274,3837356789,3457671507,17865257,979,50,63,0.0834,1670.0,0.12476012020075222,-0.1951911851944792,0.0834,23.37,74.1,,,,,,
2026-07-30T22:18:11.570729+00:00,S043,mounted,true,orientation_change,mild,1300,orientation_change-mild_horizontal_no_load_1300rpm,3837455,1318,268,1623,2133,1,3,987338,9,4250908,73,2,3,1678,1494,1234,76,154,1708,16383,1681,1673,1663155,800,2048,2113,532444,11951,8,382524,1496,81190,563,3837357216,3837456283,0,3837456293,3837456808,3457642765,17853305,990,58,70,0.0834,1670.0,0.13260429495439707,0.024251193121914483,0.0834,23.25,73.8,,,,,,
2026-07-30T22:18:11.675982+00:00,S043,mounted,true,orientation_change,mild,1300,orientation_change-mild_horizontal_no_load_1300rpm,3837556,1291,267,1661,2178,3,3,987391,9,4250908,73,1,3,1678,1494,1255,76,154,1701,16383,1681,1671,1679428,808,2041,2101,532388,11955,8,382526,1496,81191,563,3837457240,3837557216,0,3837557294,3837557809,3490729192,17865257,1001,53,78,0.0834,1670.0,0.11142881580928465,0.011444032873274335,0.0834,23.46,74.2,,,,,,
2026-07-30T22:18:11.773416+00:00,S043,mounted,true,orientation_change,mild,1300,orientation_change-mild_horizontal_no_load_1300rpm,3837656,1289,267,1665,2184,4,3,987442,9,4250908,73,0,2,1678,1494,1206,76,156,1706,16383,1681,1675,1663074,800,1989,2103,532401,11955,8,382528,1496,81192,563,3837558240,3837657316,0,3837657390,3837657905,3457315708,17865257,987,57,68,0.0834,1670.0,0.11476164190715155,-0.07520944567126753,0.0834,23.31,74.0,,,,,,
2026-07-30T22:18:11.861331+00:00,S043,mounted,true,orientation_change,mild,1300,orientation_change-mild_horizontal_no_load_1300rpm,3837757,1294,266,1659,2174,1,3,987494,9,4250908,73,1,2,1678,1494,1222,74,170,1705,16383,1681,1675,1679980,808,2045,2109,532436,11955,8,382530,1496,81193,563,3837658336,3837758059,0,3837758069,3837758584,3493020742,17865257,973,66,65,0.0834,1670.0,0.12476012020075222,0.018109685069008563,0.0834,23.34,74.0,,,,,,
2026-07-30T22:18:11.955530+00:00,S043,mounted,true,orientation_change,mild,1300,orientation_change-mild_horizontal_no_load_1300rpm,3837857,1298,267,1651,2165,2,3,987546,9,4250908,73,0,2,1678,1494,1264,74,170,1710,16383,1681,1671,1663168,800,1923,2143,532439,11954,8,382530,1496,81194,563,3837759017,3837858083,0,3837858093,3837858608,3457721188,17862268,968,77,49,0.0834,1670.0,0.1817169026267358,-0.18492463660699388,0.0834,23.19,73.7,,,,,,
2026-07-30T22:18:12.048156+00:00,S043,mounted,true,orientation_change,mild,1300,orientation_change-mild_horizontal_no_load_1300rpm,3837957,1302,268,1651,2166,4,3,987598,9,4250908,73,1,2,1678,1494,1231,72,154,1703,16383,1681,1673,1662957,800,2011,2107,532409,11955,8,382531,1496,81195,563,3837859034,3837958135,0,3837958144,3837958659,3456826695,17865257,974,75,56,0.0834,1670.0,0.12142729410288533,-0.03854835859473038,0.0834,23.4,74.1,,,,,,
2026-07-30T22:18:12.188545+00:00,S043,mounted,true,orientation_change,mild,1300,orientation_change-mild_horizontal_no_load_1300rpm,3838057,1320,268,1626,2134,5,3,987651,9,4250908,73,1,2,1678,1494,1219,69,154,1708,16383,1682,1674,1663422,800,1977,2257,532432,11954,8,382531,1496,81196,563,3837959088,3838058418,0,3838058428,3838058943,3458792552,17862270,984,76,57,0.0834,1670.0,0.37170388204785,-0.09493080424962352,0.0834,23.25,73.8,,,,,,
2026-07-30T22:18:12.281642+00:00,S043,mounted,true,orientation_change,mild,1300,orientation_change-mild_horizontal_no_load_1300rpm,3838157,1323,268,1622,2129,1,3,987704,9,4250908,73,0,2,1678,1494,1227,69,154,1705,16383,1682,1673,1663536,800,1885,2105,532487,11949,8,382521,1496,81197,563,3838059372,3838158443,0,3838158453,3838158968,3459263160,17847337,978,88,49,0.0834,1670.0,0.1198558536279184,-0.24693910494602056,0.0834,23.34,74.0,,,,,,
2026-07-30T22:18:12.375714+00:00,S043,mounted,true,orientation_change,mild,1300,orientation_change-mild_horizontal_no_load_1300rpm,3838258,1311,268,1636,2148,3,3,987757,9,4250908,73,0,3,1678,1494,1244,67,152,1706,16383,1681,1673,1679961,808,1938,2203,532473,11954,8,382521,1496,81198,563,3838159399,3838259062,0,3838259136,3838259651,3492989815,17862270,1004,66,63,0.0834,1670.0,0.2817100496904801,-0.15992634984105747,0.0834,23.31,74.0,,,,,,
2026-07-30T22:18:12.468987+00:00,S043,mounted,true,orientation_change,mild,1300,orientation_change-mild_horizontal_no_load_1300rpm,3838358,1300,267,1650,2164,6,3,987809,9,4250908,73,1,2,1678,1494,1226,67,152,1712,16383,1681,1674,1663508,800,2052,2107,532497,11951,8,382516,1496,81199,563,3838260079,3838359156,0,3838359230,3838359745,3459108844,17853303,1009,48,73,0.0834,1670.0,0.12260247016985959,0.030919076311605398,0.0834,23.13,73.6,,,,,,
2026-07-30T22:18:12.562701+00:00,S043,mounted,true,orientation_change,mild,1300,orientation_change-mild_horizontal_no_load_1300rpm,3838458,1300,266,1651,2164,5,3,987861,9,4250908,73,0,2,1678,1494,1212,68,149,1716,16383,1683,1671,1663754,800,1998,2286,532486,11953,8,382515,1496,81200,563,3838360179,3838459255,0,3838459329,3838459844,3460190860,17859281,998,54,58,0.0834,1670.0,0.4203526297163891,-0.0596546307203214,0.0834,23.01,73.4,,,,,,
2026-07-30T22:18:12.653974+00:00,S043,mounted,true,orientation_change,mild,1300,orientation_change-mild_horizontal_no_load_1300rpm,3838558,1307,266,1642,2152,1,3,987914,9,4250908,73,1,2,1678,1495,1219,68,153,1711,16383,1682,1671,1663697,800,2041,2103,532482,11956,8,382519,1496,81201,563,3838460271,3838559328,0,3838559407,3838559922,3459892767,17868244,996,44,69,0.0834,1670.0,0.11446852827032439,0.011159560722649342,0.0834,23.16,73.7,,,,,,
2026-07-30T22:18:12.748317+00:00,S043,mounted,true,orientation_change,mild,1300,orientation_change-mild_horizontal_no_load_1300rpm,3838659,1312,267,1637,2147,2,3,987966,9,4250908,73,1,2,1678,1494,1241,68,153,1710,16383,1682,1669,1680102,808,1874,2319,532459,11952,8,382516,1496,81202,563,3838560351,3838660145,0,3838660154,3838660669,3493705710,17856292,985,65,57,0.0834,1670.0,0.4756768433734937,-0.26606309638554215,0.0834,23.19,73.7,,,,,,
2026-07-30T22:18:12.889675+00:00,S043,mounted,true,orientation_change,mild,1300,orientation_change-mild_horizontal_no_load_1300rpm,3838759,1312,267,1637,2147,6,3,988019,9,4250908,73,1,2,1678,1494,1206,67,157,1709,16383,1681,1672,1663608,800,2048,2235,532451,11954,8,382516,1496,81203,563,3838661098,3838760208,0,3838760217,3838760732,3459556016,17862268,992,53,62,0.0834,1670.0,0.3350397281244768,0.02339441977580714,0.0834,23.22,73.8,,,,,,
2026-07-30T22:18:12.984047+00:00,S043,mounted,true,orientation_change,mild,1300,orientation_change-mild_horizontal_no_load_1300rpm,3838859,1311,268,1637,2149,5,3,988071,9,4250908,73,1,2,1678,1494,1222,70,159,1705,16383,1681,1674,1663166,800,1869,2219,532472,11955,8,382518,1496,81204,563,3838761161,3838860232,0,3838860241,3838860757,3457753206,17865257,984,59,53,0.0834,1670.0,0.3080655555834375,-0.2751790115432877,0.0834,23.34,74.0,,,,,,
2026-07-30T22:18:13.076115+00:00,S043,mounted,true,orientation_change,mild,1300,orientation_change-mild_horizontal_no_load_1300rpm,3838959,1310,266,1639,2148,1,3,988124,9,4250908,73,0,2,1678,1494,1213,70,159,1706,16383,1682,1673,1663334,800,2057,2105,532453,11951,8,382513,1496,81205,563,3838861186,3838960264,0,3838960274,3838960789,3458385860,17853303,977,71,53,0.0834,1670.0,0.11926852857501435,0.039253930298719375,0.0834,23.31,74.0,,,,,,
2026-07-30T22:18:13.170723+00:00,S043,mounted,true,orientation_change,mild,1300,orientation_change-mild_horizontal_no_load_1300rpm,3839060,1317,268,1630,2139,3,3,988177,9,4250908,73,1,2,1678,1495,1230,73,154,1704,16383,1682,1674,1679914,808,1910,2107,532477,11956,8,382517,1496,81206,563,3838961216,3839060977,0,3839061051,3839061566,3492774338,17868244,983,66,56,0.0834,1670.0,0.12113362295081931,-0.20712229006356653,0.0834,23.37,74.1,,,,,,
2026-07-30T22:18:13.264590+00:00,S043,mounted,true,orientation_change,mild,1300,orientation_change-mild_horizontal_no_load_1300rpm,3839160,1324,268,1619,2125,2,3,988230,9,4250908,73,1,2,1678,1494,1222,73,154,1705,16383,1681,1675,1663827,800,2055,2102,532495,11950,8,382510,1496,81207,563,3839061999,3839161201,0,3839161275,3839161790,3460431301,17850318,978,66,64,0.0834,1670.0,0.11456083564853525,0.036206651882845,0.0834,23.34,74.0,,,,,,
2026-07-30T22:18:13.357674+00:00,S043,mounted,true,orientation_change,mild,1300,orientation_change-mild_horizontal_no_load_1300rpm,3839260,1322,267,1622,2128,6,3,988283,9,4250908,73,0,2,1678,1494,1215,79,168,1707,16383,1681,1673,1662844,800,1899,2103,532479,11952,8,382508,1496,81208,563,3839162223,3839261283,0,3839261357,3839261872,3456411766,17856290,985,63,63,0.0834,1670.0,0.1156412771084332,-0.22439231325301234,0.0834,23.28,73.9,,,,,,
2026-07-30T22:18:13.453139+00:00,S043,mounted,true,orientation_change,mild,1300,orientation_change-mild_horizontal_no_load_1300rpm,3839360,1315,267,1631,2140,4,3,988336,9,4250908,73,0,3,1678,1494,1209,81,170,1704,16383,1681,1673,1663488,800,2052,2109,532480,11953,8,382508,1496,81209,563,3839262299,3839361354,0,3839361433,3839361948,3459029634,17859279,979,76,64,0.0834,1670.0,0.12534816757299438,0.03034673061156168,0.0834,23.37,74.1,,,,,,
2026-07-30T22:18:13.547631+00:00,S043,mounted,true,orientation_change,mild,1300,orientation_change-mild_horizontal_no_load_1300rpm,3839460,1310,266,1636,2144,1,3,988388,9,4250908,73,1,3,1678,1494,1218,81,170,1703,16383,1682,1671,1663643,800,2027,2110,532474,11955,8,382511,1496,81210,563,3839362375,3839461424,0,3839461498,3839462013,3459672447,17865257,975,81,56,0.0834,1670.0,0.1264265332496861,-0.011885749811794355,0.0834,23.4,74.1,,,,,,
2026-07-30T22:18:13.688907+00:00,S043,mounted,true,orientation_change,mild,1300,orientation_change-mild_horizontal_no_load_1300rpm,3839561,1315,269,1631,2142,3,3,988441,9,4250908,73,1,2,1678,1495,1201,80,181,1707,16383,1681,1672,1680042,808,2045,2111,532480,11956,8,382516,1496,81211,563,3839462446,3839562107,0,3839562116,3839562631,3493280012,17868244,982,64,59,0.0834,1670.0,0.12779871763131467,0.017824655403144707,0.0834,23.28,73.9,,,,,,
2026-07-30T22:18:13.781455+00:00,S043,mounted,true,orientation_change,mild,1300,orientation_change-mild_horizontal_no_load_1300rpm,3839661,1323,266,1622,2126,2,3,988494,9,4250908,73,1,3,1678,1494,1221,82,190,1707,16383,1681,1670,1663187,800,1942,2099,532461,11955,8,382518,1496,81212,563,3839563060,3839662303,0,3839662313,3839662827,3457795105,17865257,974,59,55,0.0834,1670.0,0.10809598971141732,-0.15353085897114216,0.0834,23.28,73.9,,,,,,
2026-07-30T22:18:13.875003+00:00,S043,mounted,true,orientation_change,mild,1300,orientation_change-mild_horizontal_no_load_1300rpm,3839761,1321,268,1621,2129,6,3,988547,9,4250908,73,2,3,1678,1494,1209,82,190,1712,16383,1681,1674,1663398,800,2045,2107,532490,11955,8,382520,1496,81213,563,3839663256,3839762346,0,3839762355,3839762870,3458657632,17865257,981,62,48,0.0834,1670.0,0.12142729410288533,0.018109685069008563,0.0834,23.13,73.6,,,,,,
2026-07-30T22:18:13.967081+00:00,S043,mounted,true,orientation_change,mild,1300,orientation_change-mild_horizontal_no_load_1300rpm,3839861,1298,267,1650,2165,5,3,988599,9,4250908,73,2,3,1678,1495,1217,82,186,1715,16383,1683,1673,1663492,800,2013,2261,532477,11956,8,382524,1496,81214,563,3839763303,3839862418,0,3839862428,3839862943,3459097220,17868244,993,63,67,0.0834,1670.0,0.3777397681498824,-0.03549610204081688,0.0834,23.04,73.5,,,,,,
2026-07-30T22:18:14.060675+00:00,S043,mounted,true,orientation_change,mild,1300,orientation_change-mild_horizontal_no_load_1300rpm,3839961,1288,267,1667,2186,3,3,988651,9,4250908,73,0,2,1678,1494,1230,82,186,1707,16383,1681,1672,1663236,800,2018,2267,532472,11953,8,382523,1496,81215,563,3839863375,3839962430,0,3839962444,3839962959,3458020284,17859281,975,80,52,0.0834,1670.0,0.3886854840625782,-0.02632079318999425,0.0834,23.28,73.9,,,,,,
2026-07-30T22:18:14.153565+00:00,S043,mounted,true,orientation_change,mild,1300,orientation_change-mild_horizontal_no_load_1300rpm,3840062,1303,267,1656,2170,6,3,988703,9,4250908,73,7,2,1678,1495,1233,77,171,1714,16383,1681,1674,1680345,808,1962,2107,532490,11956,8,382527,1496,81216,563,3839963387,3840063081,0,3840063155,3840063669,3494555361,17868244,983,82,54,0.0834,1670.0,0.12113362295081931,-0.1204760592171299,0.0834,23.07,73.5,,,,,,
2026-07-30T22:18:14.295828+00:00,S043,mounted,true,orientation_change,mild,1300,orientation_change-mild_horizontal_no_load_1300rpm,3840162,1352,269,1588,2086,6,3,988757,9,4250908,73,2,2,1678,1495,1234,73,166,1710,16383,1684,1672,1663221,800,1895,2123,532472,11956,8,382531,1496,81217,563,3840064099,3840163179,0,3840163253,3840163767,3457951267,17868244,993,73,61,0.0834,1670.0,0.14779400167279988,-0.23211639511542348,0.0834,23.19,73.7,,,,,,
2026-07-30T22:18:14.389305+00:00,S043,mounted,true,orientation_change,mild,1300,orientation_change-mild_horizontal_no_load_1300rpm,3840262,1360,269,1574,2069,2,3,988812,9,4250908,73,1,2,1678,1494,1230,73,166,1704,16383,1682,1672,1663463,800,1937,2165,532482,11954,8,382531,1496,81218,563,3840164197,3840263277,0,3840263356,3840263871,3458951091,17862268,995,69,67,0.0834,1670.0,0.21838105655010853,-0.1615929022921203,0.0834,23.37,74.1,,,,,,
2026-07-30T22:18:14.483923+00:00,S043,mounted,true,orientation_change,mild,1300,orientation_change-mild_horizontal_no_load_1300rpm,3840362,1334,267,1605,2106,6,3,988865,9,4250908,73,3,3,1678,1494,1250,73,171,1704,16383,1682,1672,1663596,800,1899,2151,532489,11953,8,382529,1496,81219,563,3840264301,3840363368,0,3840363441,3840363956,3459517200,17859281,988,58,69,0.0834,1670.0,0.19534922638668073,-0.2246571264954409,0.0834,23.37,74.1,,,,,,
2026-07-30T22:18:14.576727+00:00,S043,mounted,true,orientation_change,mild,1300,orientation_change-mild_horizontal_no_load_1300rpm,3840463,1317,267,1628,2136,4,3,988918,9,4250908,73,1,3,1678,1494,1240,72,157,1703,16383,1681,1673,1680052,808,2043,2107,532475,11952,8,382525,1496,81220,563,3840364385,3840464071,0,3840464081,3840464595,3493324632,17856294,997,49,79,0.0834,1670.0,0.12230860240963848,0.01563139759036103,0.0834,23.4,74.1,,,,,,
2026-07-30T22:18:14.660237+00:00,S043,mounted,true,orientation_change,mild,1300,orientation_change-mild_horizontal_no_load_1300rpm,3840563,1315,268,1632,2142,5,3,988971,9,4250908,73,1,2,1678,1494,1211,72,157,1697,16383,1682,1674,1663531,800,2041,2109,532495,11955,8,382527,1496,81221,563,3840465024,3840564377,0,3840564387,3840564902,3459209367,17865255,999,55,72,0.0834,1670.0,0.12476012020075222,0.011444032873274335,0.0834,23.58,74.4,,,,,,
2026-07-30T22:18:14.764238+00:00,S043,mounted,true,orientation_change,mild,1300,orientation_change-mild_horizontal_no_load_1300rpm,3840663,1322,268,1622,2129,1,3,989024,9,4250908,73,0,2,1678,1494,1222,73,158,1712,16383,1682,1673,1663531,800,1925,2202,532473,11953,8,382526,1496,81222,563,3840565335,3840664400,0,3840664410,3840664925,3459242591,17859279,989,58,70,0.0834,1670.0,0.28035051208901507,-0.18132313770601582,0.0834,23.13,73.6,,,,,,
2026-07-30T22:18:14.858087+00:00,S043,mounted,true,orientation_change,mild,1300,orientation_change-mild_horizontal_no_load_1300rpm,3840764,1325,268,1617,2123,3,3,989077,9,4250908,73,0,2,1678,1494,1258,73,158,1708,16383,1681,1673,1680269,808,1935,2257,532491,11954,8,382526,1496,81223,563,3840665352,3840764999,0,3840765073,3840765588,3494285545,17862270,982,52,68,0.0834,1670.0,0.37170388204785,-0.1649260071942451,0.0834,23.25,73.8,,,,,,
2026-07-30T22:18:14.998294+00:00,S043,mounted,true,orientation_change,mild,1300,orientation_change-mild_horizontal_no_load_1300rpm,3840864,1323,265,1621,2122,2,3,989130,9,4250908,73,0,2,1678,1495,1240,76,163,1714,16383,1681,1672,1663284,800,2011,2201,532485,11956,8,382530,1496,81224,563,3840766018,3840865085,0,3840865159,3840865675,3458199086,17868244,984,55,70,0.0834,1670.0,0.2777633479424555,-0.03882864938106412,0.0834,23.07,73.5,,,,,,
2026-07-30T22:18:15.091523+00:00,S043,mounted,true,orientation_change,mild,1300,orientation_change-mild_horizontal_no_load_1300rpm,3840964,1323,266,1626,2129,6,3,989183,9,4250908,73,1,2,1678,1494,1243,75,163,1708,16383,1681,1673,1663211,800,2054,2121,532476,11955,8,382531,1496,81225,563,3840866102,3840965192,0,3840965266,3840965781,3457872817,17865257,979,55,63,0.0834,1670.0,0.14475707678795446,0.03310740250941002,0.0834,23.25,73.8,,,,,,
2026-07-30T22:18:15.184689+00:00,S043,mounted,true,orientation_change,mild,1300,orientation_change-mild_horizontal_no_load_1300rpm,3841064,1324,268,1620,2127,4,3,989236,9,4250908,73,1,2,1678,1494,1220,75,163,1710,16383,1682,1673,1663738,800,2043,2323,532472,11952,8,382527,1496,81226,563,3840966210,3841065272,0,3841065346,3841065861,3460122024,17856294,969,75,54,0.0834,1670.0,0.48234416867469854,0.01563139759036103,0.0834,23.19,73.7,,,,,,
2026-07-30T22:18:15.277710+00:00,S043,mounted,true,orientation_change,mild,1300,orientation_change-mild_horizontal_no_load_1300rpm,3841164,1323,268,1622,2129,5,3,989289,9,4250908,73,0,2,1678,1495,1232,75,174,1707,16383,1682,1674,1662977,800,2051,2111,532453,11957,8,382533,1496,81227,563,3841066291,3841165355,0,3841165428,3841165944,3456903549,17871233,974,82,54,0.0834,1670.0,0.12750453817847252,0.027536479300827477,0.0834,23.28,73.9,,,,,,
2026-07-30T22:18:15.371847+00:00,S043,mounted,true,orientation_change,mild,1300,orientation_change-mild_horizontal_no_load_1300rpm,3841264,1325,267,1621,2125,1,3,989342,9,4250908,73,0,2,1678,1494,1243,74,170,1708,16383,1681,1673,1663044,800,2031,2103,532445,11954,8,382533,1496,81228,563,3841166371,3841265418,0,3841265492,3841266007,3457177556,17862270,966,84,43,0.0834,1670.0,0.11505480458423945,-0.0049369718922536165,0.0834,23.25,73.8,,,,,,
2026-07-30T22:18:15.464836+00:00,S043,mounted,true,orientation_change,mild,1300,orientation_change-mild_horizontal_no_load_1300rpm,3841365,1324,268,1621,2127,1,3,989396,9,4250908,73,0,3,1678,1494,1216,74,170,1711,16383,1682,1673,1680294,808,2052,2105,532476,11949,8,382523,1496,81229,563,3841266434,3841366216,0,3841366231,3841366746,3494330650,17847329,974,67,51,0.0834,1670.0,0.1198558536279184,0.03149161360783337,0.0834,23.16,73.7,,,,,,
2026-07-30T22:18:15.559685+00:00,S043,mounted,true,orientation_change,mild,1300,orientation_change-mild_horizontal_no_load_1300rpm,3841465,1323,268,1621,2127,3,3,989449,9,4250908,73,1,2,1678,1494,1264,70,175,1707,16383,1682,1673,1663667,800,1919,2223,532507,11955,8,382525,1496,81230,563,3841367173,3841466365,0,3841466380,3841466895,3459823559,17865259,996,52,61,0.0834,1670.0,0.31473120777917174,-0.1918583590966123,0.0834,23.28,73.9,,,,,,
2026-07-30T22:18:15.699833+00:00,S043,mounted,true,orientation_change,mild,1300,orientation_change-mild_horizontal_no_load_1300rpm,3841565,1323,269,1620,2128,2,3,989502,9,4250908,73,0,2,1678,1494,1230,70,175,1705,16383,1681,1673,1663104,800,2043,2113,532480,11952,8,382522,1496,81231,563,3841467324,3841566398,0,3841566412,3841566927,3457429944,17856290,989,51,69,0.0834,1670.0,0.13230959036144574,0.01563139759036103,0.0834,23.34,74.0,,,,,,
2026-07-30T22:18:15.793472+00:00,S043,mounted,true,orientation_change,mild,1300,orientation_change-mild_horizontal_no_load_1300rpm,3841666,1323,268,1621,2127,6,3,989555,9,4250908,73,1,2,1678,1494,1218,69,163,1709,16383,1681,1675,1680438,808,1938,2315,532476,11952,8,382519,1496,81232,563,3841567354,3841666980,0,3841667059,3841667574,3494999828,17856294,981,56,61,0.0834,1670.0,0.46900951807228886,-0.1593858915662656,0.0834,23.22,73.8,,,,,,
2026-07-30T22:18:15.886348+00:00,S043,mounted,true,orientation_change,mild,1300,orientation_change-mild_horizontal_no_load_1300rpm,3841766,1324,264,1619,2118,4,3,989608,9,4250908,73,0,2,1678,1495,1234,69,153,1702,16383,1682,1673,1663446,800,1981,2189,532465,11957,8,382525,1496,81233,563,3841668003,3841767096,0,3841767170,3841767685,3458875672,17871235,998,44,63,0.0834,1670.0,0.257463014719411,-0.08909292272309122,0.0834,23.43,74.2,,,,,,
2026-07-30T22:18:15.979414+00:00,S043,mounted,true,orientation_change,mild,1300,orientation_change-mild_horizontal_no_load_1300rpm,3841866,1324,269,1619,2127,5,3,989661,9,4250908,73,1,2,1678,1495,1238,69,153,1702,16383,1681,1674,1662995,800,1873,2103,532467,11959,8,382535,1496,81234,563,3841768112,3841867201,0,3841867274,3841867789,3457019633,17877219,983,54,61,0.0834,1670.0,0.11358948147838399,-0.269557323438415,0.0834,23.43,74.2,,,,,,
2026-07-30T22:18:16.073705+00:00,S043,mounted,true,orientation_change,mild,1300,orientation_change-mild_horizontal_no_load_1300rpm,3841966,1324,267,1621,2126,1,3,989714,9,4250908,73,0,2,1678,1495,1221,71,156,1707,16383,1682,1673,1663512,800,2045,2287,532488,11956,8,382538,1496,81235,563,3841868219,3841967297,0,3841967371,3841967886,3459167952,17868244,988,54,49,0.0834,1670.0,0.42106288357310095,0.017824655403144707,0.0834,23.28,73.9,,,,,,
2026-07-30T22:18:16.166686+00:00,S043,mounted,true,orientation_change,mild,1300,orientation_change-mild_horizontal_no_load_1300rpm,3842067,1324,266,1619,2122,3,3,989767,9,4250908,73,0,2,1678,1494,1243,73,154,1707,16383,1682,1672,1680329,808,2034,2109,532503,11953,8,382536,1496,81236,563,3841968313,3842068104,0,3842068114,3842068629,3494475875,17859279,981,66,48,0.0834,1670.0,0.12534816757299438,0.00034627683426746714,0.0834,23.28,73.9,,,,,,
2026-07-30T22:18:16.306664+00:00,S043,mounted,true,orientation_change,mild,1300,orientation_change-mild_horizontal_no_load_1300rpm,3842167,1324,269,1619,2128,2,3,989820,9,4250908,73,0,2,1678,1494,1212,73,154,1704,16383,1681,1674,1663957,800,2045,2331,532498,11950,8,382528,1496,81237,563,3842069056,3842168120,0,3842168130,3842168647,3461038777,17850316,963,80,50,0.0834,1670.0,0.4963290927196651,0.01953554895397458,0.0834,23.37,74.1,,,,,,
2026-07-30T22:18:16.401332+00:00,S043,mounted,true,orientation_change,mild,1300,orientation_change-mild_horizontal_no_load_1300rpm,3842267,1324,265,1625,2126,6,3,989873,9,4250908,73,0,3,1678,1495,1222,73,152,1710,16383,1681,1673,1663597,800,2025,2295,532477,11956,8,382532,1496,81238,563,3842169074,3842268161,0,3842268170,3842268687,3459575381,17868246,983,66,64,0.0834,1670.0,0.43439307293409124,-0.015500817999331229,0.0834,23.19,73.7,,,,,,
2026-07-30T22:18:16.496222+00:00,S043,mounted,true,orientation_change,mild,1300,orientation_change-mild_horizontal_no_load_1300rpm,3842367,1324,269,1622,2130,4,3,989926,9,4250908,73,1,2,1678,1494,1249,73,152,1703,16383,1683,1671,1663740,800,1858,2331,532471,11953,8,382530,1496,81239,563,3842269114,3842368199,0,3842368208,3842368723,3460240794,17859283,989,56,67,0.0834,1670.0,0.4953537641596246,-0.292991493432611,0.0834,23.4,74.1,,,,,,
2026-07-30T22:18:16.588166+00:00,S043,mounted,true,orientation_change,mild,1300,orientation_change-mild_horizontal_no_load_1300rpm,3842467,1304,267,1643,2155,5,3,989979,9,4250908,73,1,3,1678,1494,1205,75,159,1703,16383,1681,1669,1663364,800,2042,2223,532456,11953,8,382528,1496,81240,563,3842369153,3842468343,0,3842468511,3842469026,3458529916,17859281,998,57,74,0.0834,1670.0,0.31535104149585846,0.013679811846398326,0.0834,23.4,74.1,,,,,,
2026-07-30T22:18:16.681636+00:00,S043,mounted,true,orientation_change,mild,1300,orientation_change-mild_horizontal_no_load_1300rpm,3842568,1300,263,1657,2164,3,3,990031,9,4250908,73,0,2,1678,1495,1206,76,168,1707,16383,1681,1672,1680128,808,2049,2179,532473,11956,8,382532,1496,81241,563,3842469455,3842569086,0,3842569160,3842569675,3493648048,17868244,982,73,62,0.0834,1670.0,0.24110532719973232,0.024489750083639628,0.0834,23.28,73.9,,,,,,
2026-07-30T22:18:16.775224+00:00,S043,mounted,true,orientation_change,mild,1300,orientation_change-mild_horizontal_no_load_1300rpm,3842668,1295,267,1655,2171,6,3,990083,9,4250908,73,1,3,1678,1494,1226,76,168,1705,16383,1682,1674,1663692,800,2026,2111,532486,11949,8,382522,1496,81242,563,3842570105,3842669187,0,3842669261,3842669776,3459875690,17847329,986,64,65,0.0834,1670.0,0.12985935249811664,-0.011856881496359772,0.0834,23.34,74.0,,,,,,
2026-07-30T22:18:16.869131+00:00,S043,mounted,true,orientation_change,mild,1300,orientation_change-mild_horizontal_no_load_1300rpm,3842768,1288,268,1665,2185,5,3,990135,9,4250908,73,0,2,1678,1494,1187,72,166,1706,16383,1681,1672,1663196,800,2003,2159,532475,11952,8,382519,1496,81243,563,3842670205,3842769285,0,3842769364,3842769879,3457824002,17856290,988,56,68,0.0834,1670.0,0.20898383132530096,-0.05104185542168693,0.0834,23.31,74.0,,,,,,
2026-07-30T22:18:17.009389+00:00,S043,mounted,true,orientation_change,mild,1300,orientation_change-mild_horizontal_no_load_1300rpm,3842868,1287,266,1669,2187,2,3,990186,9,4250908,73,0,2,1678,1494,1214,72,159,1710,16383,1683,1673,1663555,800,1933,2165,532478,11954,8,382519,1496,81244,563,3842770306,3842869407,0,3842869481,3842869996,3459333813,17862268,986,60,69,0.0834,1670.0,0.21838105655010853,-0.1682591120963699,0.0834,23.19,73.7,,,,,,
2026-07-30T22:18:17.103245+00:00,S043,mounted,true,orientation_change,mild,1300,orientation_change-mild_horizontal_no_load_1300rpm,3842969,1299,267,1654,2168,6,3,990239,9,4250908,73,1,2,1678,1495,1217,72,159,1710,16383,1681,1673,1680186,808,2042,2295,532483,11957,8,382525,1496,81245,563,3842870423,3842970094,0,3842970109,3842970624,3493925002,17871233,990,58,71,0.0834,1670.0,0.4340732520699171,0.012541270469180965,0.0834,23.19,73.7,,,,,,
2026-07-30T22:18:17.196611+00:00,S043,mounted,true,orientation_change,mild,1300,orientation_change-mild_horizontal_no_load_1300rpm,3843069,1309,268,1638,2150,5,3,990291,9,4250908,73,1,2,1678,1495,1208,71,172,1704,16383,1681,1673,1663465,800,1953,2105,532479,11956,8,382529,1496,81246,563,3842971053,3843070406,0,3843070415,3843070930,3458960581,17868244,979,64,66,0.0834,1670.0,0.11780107561057207,-0.13547252224824424,0.0834,23.37,74.1,,,,,,
2026-07-30T22:18:17.289164+00:00,S043,mounted,true,orientation_change,mild,1300,orientation_change-mild_horizontal_no_load_1300rpm,3843169,1310,269,1636,2149,3,3,990343,9,4250908,73,0,2,1678,1494,1219,71,172,1701,16383,1681,1675,1663784,800,2055,2305,532488,11954,8,382529,1496,81247,563,3843071363,3843170432,0,3843170441,3843170956,3460302802,17862266,982,65,78,0.0834,1670.0,0.45169839969884507,0.03506028693324348,0.0834,23.46,74.2,,,,,,
2026-07-30T22:18:17.387070+00:00,S043,mounted,true,orientation_change,mild,1300,orientation_change-mild_horizontal_no_load_1300rpm,3843270,1312,268,1635,2146,2,3,990396,9,4250908,73,1,2,1678,1495,1214,69,162,1704,16383,1682,1674,1680399,808,1943,2111,532496,11957,8,382534,1496,81248,563,3843171383,3843271059,0,3843271133,3843271648,3494783921,17871233,980,60,67,0.0834,1670.0,0.12750453817847252,-0.15240602667893288,0.0834,23.37,74.1,,,,,,
2026-07-30T22:18:17.474710+00:00,S043,mounted,true,orientation_change,mild,1300,orientation_change-mild_horizontal_no_load_1300rpm,3843370,1311,267,1636,2146,6,3,990449,9,4250908,73,0,3,1678,1495,1209,72,162,1704,16383,1683,1671,1663052,800,1928,2100,532468,11957,8,382539,1496,81249,563,3843272077,3843371211,0,3843371285,3843371800,3457238046,17871233,989,66,64,0.0834,1670.0,0.10917706071757127,-0.17739804139834447,0.0834,23.37,74.1,,,,,,
2026-07-30T22:18:17.617097+00:00,S043,mounted,true,orientation_change,mild,1300,orientation_change-mild_horizontal_no_load_1300rpm,3843470,1320,267,1627,2134,4,3,990502,9,4250908,73,2,2,1678,1494,1203,72,162,1705,16383,1682,1669,1663219,800,1863,2105,532491,11950,8,382531,1496,81250,563,3843372227,3843471277,0,3843471356,3843471871,3457988231,17850314,989,74,61,0.0834,1670.0,0.1195621665271962,-0.283878524351465,0.0834,23.34,74.0,,,,,,
2026-07-30T22:18:17.710366+00:00,S043,mounted,true,orientation_change,mild,1300,orientation_change-mild_horizontal_no_load_1300rpm,3843570,1335,269,1607,2111,5,3,990555,9,4250908,73,0,2,1678,1494,1219,75,169,1704,16383,1681,1673,1663146,800,1983,2103,532482,11954,8,382531,1496,81251,563,3843472300,3843571512,0,3843571586,3843572105,3457613452,17862268,982,61,65,0.0834,1670.0,0.11505480458423945,-0.08493148954324958,0.0834,23.37,74.1,,,,,,
2026-07-30T22:18:17.803171+00:00,S043,mounted,true,orientation_change,mild,1300,orientation_change-mild_horizontal_no_load_1300rpm,3843671,1334,267,1610,2111,5,3,990609,9,4250908,73,0,2,1678,1495,1226,74,169,1708,16383,1684,1672,1680225,808,2007,2103,532468,11957,8,382536,1496,81252,563,3843572532,3843672233,0,3843672243,3843672758,3494056329,17871233,990,58,68,0.0834,1670.0,0.11417546366145315,-0.045773430542778826,0.0834,23.25,73.8,,,,,,
2026-07-30T22:18:17.895483+00:00,S043,mounted,true,orientation_change,mild,1300,orientation_change-mild_horizontal_no_load_1300rpm,3843771,1320,268,1622,2131,1,3,990662,9,4250908,73,1,3,1678,1494,1246,74,169,1709,16383,1681,1674,1663370,800,2047,2207,532487,11955,8,382537,1496,81253,563,3843673189,3843772265,0,3843772274,3843772789,3458562918,17865255,1007,43,76,0.0834,1670.0,0.28806859899623527,0.021442511166875455,0.0834,23.22,73.8,,,,,,
2026-07-30T22:18:18.002553+00:00,S043,mounted,true,orientation_change,mild,1300,orientation_change-mild_horizontal_no_load_1300rpm,3843871,1314,267,1632,2141,2,3,990714,9,4250908,73,0,2,1678,1495,1231,77,176,1701,16383,1681,1673,1663878,800,1967,2257,532505,11957,8,382542,1496,81254,563,3843773220,3843872292,0,3843872302,3843872816,3460690608,17871233,999,44,69,0.0834,1670.0,0.3707601481140754,-0.11241880312787478,0.0834,23.46,74.2,,,,,,
2026-07-30T22:18:18.095599+00:00,S043,mounted,true,orientation_change,mild,1300,orientation_change-mild_horizontal_no_load_1300rpm,3843971,1313,265,1635,2140,6,3,990767,9,4250908,73,1,2,1678,1495,1223,77,176,1708,16383,1681,1673,1663197,800,2056,2103,532484,11956,8,382545,1496,81255,563,3843873243,3843972332,0,3843972341,3843972857,3457815777,17868248,1004,51,72,0.0834,1670.0,0.11446852827032439,0.036153665774506294,0.0834,23.25,73.8,,,,,,
2026-07-30T22:18:18.189880+00:00,S043,mounted,true,orientation_change,mild,1300,orientation_change-mild_horizontal_no_load_1300rpm,3844072,1312,267,1636,2145,4,3,990820,9,4250908,73,1,2,1678,1495,1214,77,174,1705,16383,1682,1671,1663687,800,1817,2267,532468,11956,8,382547,1496,81256,563,3843973287,3844072534,0,3844072548,3844073063,3459998573,17868244,1001,67,64,0.0834,1670.0,0.387737410170625,-0.36208574138507865,0.0834,23.34,74.0,,,,,,
2026-07-30T22:18:18.316152+00:00,S043,mounted,true,orientation_change,mild,1300,orientation_change-mild_horizontal_no_load_1300rpm,3844172,1312,268,1635,2146,1,3,990872,9,4250908,73,1,2,1678,1494,1229,77,173,1705,16383,1681,1672,1679866,808,1895,2131,532476,11952,8,382542,1496,81257,563,3844073494,3844173070,0,3844173144,3844173659,3492590206,17856290,992,48,71,0.0834,1670.0,0.16231255421686708,-0.23105963855421718,0.0834,23.34,74.0,,,,,,
2026-07-30T22:18:18.409894+00:00,S043,mounted,true,orientation_change,mild,1300,orientation_change-mild_horizontal_no_load_1300rpm,3844272,1311,268,1637,2148,3,3,990925,9,4250908,73,1,2,1678,1494,1263,77,173,1702,16383,1681,1673,1663034,800,2047,2106,532458,11955,8,382543,1496,81258,563,3844174092,3844273164,0,3844273238,3844273753,3457138206,17865255,996,43,85,0.0834,1670.0,0.11976088105395233,0.021442511166875455,0.0834,23.43,74.2,,,,,,
2026-07-30T22:18:18.505641+00:00,S043,mounted,true,orientation_change,mild,1300,orientation_change-mild_horizontal_no_load_1300rpm,3844372,1311,267,1637,2147,6,3,990977,9,4250908,73,0,2,1678,1494,1233,76,168,1701,16383,1681,1673,1662984,800,1987,2103,532465,11954,8,382543,1496,81259,563,3844274182,3844373222,0,3844373296,3844373811,3456946668,17862268,992,47,77,0.0834,1670.0,0.11505480458423945,-0.078265279739,0.0834,23.46,74.2,,,,,,
2026-07-30T22:18:18.599584+00:00,S043,mounted,true,orientation_change,mild,1300,orientation_change-mild_horizontal_no_load_1300rpm,3844472,1312,268,1635,2146,4,3,991030,9,4250908,73,0,3,1678,1494,1246,75,168,1703,16383,1682,1673,1663897,800,2049,2237,532481,11951,8,382537,1496,81260,563,3844374238,3844473312,0,3844473386,3844473901,3460777027,17853303,979,52,71,0.0834,1670.0,0.33930867383482566,0.0259181639193371,0.0834,23.4,74.1,,,,,,
2026-07-30T22:18:18.693342+00:00,S043,mounted,true,orientation_change,mild,1300,orientation_change-mild_horizontal_no_load_1300rpm,3844572,1311,267,1637,2147,1,3,991082,9,4250908,73,1,2,1678,1494,1238,75,168,1703,16383,1681,1672,1663412,800,2053,2305,532434,11953,8,382535,1496,81261,563,3844474328,3844573388,0,3844573462,3844573976,3458760508,17859279,978,56,57,0.0834,1670.0,0.45201977537019955,0.032013422488077925,0.0834,23.4,74.1,,,,,,
2026-07-30T22:18:18.786580+00:00,S043,mounted,true,orientation_change,mild,1300,orientation_change-mild_horizontal_no_load_1300rpm,3844673,1311,268,1636,2148,3,3,991135,9,4250908,73,1,2,1678,1494,1232,74,157,1712,16383,1682,1672,1679952,808,1943,2254,532459,11953,8,382533,1496,81262,563,3844574405,3844674088,0,3844674098,3844674613,3492958000,17859277,991,57,70,0.0834,1670.0,0.36701848966786565,-0.15132268392872117,0.0834,23.13,73.6,,,,,,
2026-07-30T22:18:18.880063+00:00,S043,mounted,true,orientation_change,mild,1300,orientation_change-mild_horizontal_no_load_1300rpm,3844773,1311,266,1637,2145,2,3,991188,9,4250908,73,1,2,1678,1495,1248,74,157,1712,16383,1681,1673,1663502,800,2051,2103,532469,11958,8,382540,1496,81263,563,3844675046,3844774156,0,3844774170,3844774685,3459081916,17874222,989,50,63,0.0834,1670.0,0.11388244806823877,0.02725070898143489,0.0834,23.13,73.6,,,,,,
2026-07-30T22:18:19.022148+00:00,S043,mounted,true,orientation_change,mild,1300,orientation_change-mild_horizontal_no_load_1300rpm,3844873,1311,267,1635,2145,4,3,991240,9,4250908,73,0,2,1678,1495,1208,74,156,1703,16383,1682,1672,1663731,800,2025,2342,532454,11958,8,382547,1496,81264,563,3844775115,3844874199,0,3844874209,3844874724,3460133257,17874222,987,55,61,0.0834,1670.0,0.5120552488710484,-0.01606516056196705,0.0834,23.4,74.1,,,,,,
2026-07-30T22:18:19.117269+00:00,S043,mounted,true,orientation_change,mild,1300,orientation_change-mild_horizontal_no_load_1300rpm,3844973,1312,267,1635,2145,5,3,991293,9,4250908,74,0,2,1678,1494,1249,75,166,1704,16383,1680,1672,1663495,800,2031,2315,532454,11955,8,382547,1496,81265,563,3844875154,3844974222,0,3844974237,3844974752,3459155795,17865257,986,64,59,0.0834,1670.0,0.4680412082810541,-0.0052200976160605705,0.0834,23.37,74.1,,,,,,
2026-07-30T22:18:19.211404+00:00,S043,mounted,true,orientation_change,mild,1300,orientation_change-mild_horizontal_no_load_1300rpm,3845073,1311,268,1638,2149,3,3,991345,9,4250908,73,1,2,1678,1494,1229,75,166,1706,16383,1681,1673,1663579,800,2035,2118,532488,11951,8,382540,1496,81266,563,3844975179,3845074264,0,3845074273,3845074788,3459408159,17853305,997,51,57,0.0834,1670.0,0.14093914894151105,0.002580572755417787,0.0834,23.31,74.0,,,,,,
2026-07-30T22:18:19.304063+00:00,S043,mounted,true,orientation_change,mild,1300,orientation_change-mild_horizontal_no_load_1300rpm,3845174,1312,267,1636,2146,2,3,991398,9,4250908,73,1,2,1678,1494,1213,72,158,1703,16383,1681,1673,1679767,808,1989,2141,532480,11951,8,382534,1496,81267,563,3845075221,3845174974,0,3845175048,3845175563,3492145313,17853303,1000,50,55,0.0834,1670.0,0.1792794772822357,-0.07410008392603151,0.0834,23.4,74.1,,,,,,
2026-07-30T22:18:19.398514+00:00,S043,mounted,true,orientation_change,mild,1300,orientation_change-mild_horizontal_no_load_1300rpm,3845274,1311,265,1639,2145,4,3,991450,9,4250908,73,1,2,1678,1494,1234,72,151,1702,16383,1681,1672,1663045,800,2046,2101,532447,11955,8,382535,1496,81268,563,3845175997,3845275072,0,3845275146,3845275661,3457183915,17865257,998,39,70,0.0834,1670.0,0.11142881580928465,0.01977609811794201,0.0834,23.43,74.2,,,,,,
2026-07-30T22:18:19.492007+00:00,S043,mounted,true,orientation_change,mild,1300,orientation_change-mild_horizontal_no_load_1300rpm,3845374,1310,267,1637,2147,5,3,991503,9,4250908,73,0,2,1678,1494,1222,72,151,1695,16383,1681,1673,1663096,800,2053,2123,532452,11950,8,382527,1496,81269,563,3845276091,3845375153,0,3845375227,3845375742,3457397156,17850324,1000,43,78,0.0834,1670.0,0.14957015179916278,0.03287243129707074,0.0834,23.64,74.6,,,,,,
2026-07-30T22:18:19.586952+00:00,S043,mounted,true,orientation_change,mild,1300,orientation_change-mild_horizontal_no_load_1300rpm,3845474,1310,267,1638,2148,3,3,991555,9,4250908,73,0,2,1678,1494,1242,73,148,1703,16383,1681,1673,1663012,800,1928,2101,532452,11953,8,382526,1496,81270,563,3845376174,3845475220,0,3845475294,3845475809,3457090838,17859281,995,62,80,0.0834,1670.0,0.11201463256086308,-0.17632306207646664,0.0834,23.4,74.1,,,,,,
2026-07-30T22:18:19.680516+00:00,S043,mounted,true,orientation_change,mild,1300,orientation_change-mild_horizontal_no_load_1300rpm,3845574,1297,267,1652,2167,6,3,991607,9,4250908,73,3,3,1678,1494,1201,73,148,1705,16383,1681,1673,1663182,800,1882,2295,532453,11953,8,382525,1496,81271,563,3845476236,3845575336,0,3845575410,3845575929,3457881840,17859283,992,58,72,0.0834,1670.0,0.43535285660503575,-0.25299088839621886,0.0834,23.34,74.0,,,,,,
2026-07-30T22:18:19.824626+00:00,S043,mounted,true,orientation_change,mild,1300,orientation_change-mild_horizontal_no_load_1300rpm,3845674,1278,267,1677,2200,1,3,991658,9,4250908,73,1,3,1678,1495,1230,72,141,1698,16383,1681,1676,1663706,800,2030,2398,532476,11956,8,382529,1496,81272,563,3845576358,3845675437,0,3845675510,3845676026,3460032776,17868246,1002,64,70,0.0834,1670.0,0.6060192609568413,-0.007169449648712245,0.0834,23.55,74.4,,,,,,
2026-07-30T22:18:19.917336+00:00,S043,mounted,true,orientation_change,mild,1300,orientation_change-mild_horizontal_no_load_1300rpm,3845775,1287,268,1672,2193,2,3,991710,9,4250908,73,5,2,1678,1495,1230,69,139,1696,16383,1681,1672,1679873,808,2049,2103,532460,11956,8,382532,1496,81273,563,3845676456,3845776212,0,3845776222,3845776737,3492578621,17868244,995,55,62,0.0834,1670.0,0.11446852827032439,0.024489750083639628,0.0834,23.61,74.5,,,,,,
2026-07-30T22:18:20.010685+00:00,S043,mounted,true,orientation_change,mild,1300,orientation_change-mild_horizontal_no_load_1300rpm,3845875,1321,267,1626,2133,6,3,991763,9,4250908,73,3,2,1678,1494,1235,69,139,1702,16383,1682,1673,1663847,800,2041,2307,532493,11954,8,382532,1496,81274,563,3845777166,3845876253,0,3845876262,3845876777,3460573713,17862268,999,58,64,0.0834,1670.0,0.45503150460096986,0.011728552618370358,0.0834,23.43,74.2,,,,,,
2026-07-30T22:18:20.104803+00:00,S043,mounted,true,orientation_change,mild,1300,orientation_change-mild_horizontal_no_load_1300rpm,3845975,1332,267,1612,2114,4,3,991816,9,4250908,73,1,2,1678,1495,1209,70,132,1704,16383,1681,1674,1663795,800,2049,2117,532485,11956,8,382535,1496,81275,563,3845877207,3845976288,0,3845976298,3845976813,3460303077,17868244,991,55,62,0.0834,1670.0,0.13779635965205728,0.024489750083639628,0.0834,23.37,74.1,,,,,,
2026-07-30T22:18:20.197330+00:00,S043,mounted,true,orientation_change,mild,1300,orientation_change-mild_horizontal_no_load_1300rpm,3846075,1333,268,1609,2112,5,3,991869,9,4250908,73,0,2,1678,1495,1222,69,133,1701,16383,1681,1670,1663411,800,1947,2107,532497,11956,8,382538,1496,81276,563,3845977246,3846076334,0,3846076344,3846076859,3458726041,17868246,994,64,64,0.0834,1670.0,0.12113362295081931,-0.14547016426898685,0.0834,23.46,74.2,,,,,,
2026-07-30T22:18:20.290563+00:00,S043,mounted,true,orientation_change,mild,1300,orientation_change-mild_horizontal_no_load_1300rpm,3846175,1325,266,1620,2123,5,3,991923,9,4250908,73,0,3,1678,1494,1211,69,133,1705,16383,1682,1674,1663481,800,1917,2111,532486,11955,8,382539,1496,81277,563,3846077286,3846176394,0,3846176561,3846177076,3459023695,17865257,989,72,51,0.0834,1670.0,0.12809294629861956,-0.1951911851944792,0.0834,23.34,74.0,,,,,,
2026-07-30T22:18:20.383838+00:00,S043,mounted,true,orientation_change,mild,1300,orientation_change-mild_horizontal_no_load_1300rpm,3846276,1323,268,1621,2128,1,3,991976,9,4250908,73,0,2,1678,1495,1200,68,143,1702,16383,1682,1673,1680138,808,2046,2109,532487,11957,8,382544,1496,81278,563,3846177503,3846277083,0,3846277157,3846277672,3493680156,17871233,996,60,70,0.0834,1670.0,0.12417226954921778,0.01920580772769087,0.0834,23.43,74.2,,,,,,
2026-07-30T22:18:20.526295+00:00,S043,mounted,true,orientation_change,mild,1300,orientation_change-mild_horizontal_no_load_1300rpm,3846376,1315,266,1630,2137,3,3,992029,9,4250908,73,0,2,1678,1494,1226,68,143,1704,16383,1683,1673,1663906,800,2043,2483,532474,11950,8,382535,1496,81279,563,3846278100,3846377163,0,3846377242,3846377757,3460933362,17850318,990,54,65,0.0834,1670.0,0.7497298572384938,0.016201328368200762,0.0834,23.37,74.1,,,,,,
2026-07-30T22:18:20.620869+00:00,S043,mounted,true,orientation_change,mild,1300,orientation_change-mild_horizontal_no_load_1300rpm,3846476,1311,267,1635,2145,6,3,992081,9,4250908,73,1,3,1678,1494,1208,74,163,1705,16383,1681,1673,1663293,800,2047,2103,532462,11955,8,382536,1496,81280,563,3846378184,3846477242,0,3846477316,3846477831,3458217149,17865255,987,62,67,0.0834,1670.0,0.11476164190715155,0.021442511166875455,0.0834,23.34,74.0,,,,,,
2026-07-30T22:18:20.715523+00:00,S043,mounted,true,orientation_change,mild,1300,orientation_change-mild_horizontal_no_load_1300rpm,3846576,1311,267,1636,2145,4,3,992134,9,4250908,73,1,2,1678,1495,1206,74,164,1704,16383,1682,1672,1663898,800,2011,2165,532495,11959,8,382545,1496,81281,563,3846478264,3846577337,0,3846577416,3846577931,3460740070,17877211,987,74,51,0.0834,1670.0,0.21687253323856526,-0.03966924048833542,0.0834,23.37,74.1,,,,,,
2026-07-30T22:18:20.809223+00:00,S043,mounted,true,orientation_change,mild,1300,orientation_change-mild_horizontal_no_load_1300rpm,3846676,1311,268,1635,2147,1,3,992186,9,4250908,73,1,2,1678,1494,1204,74,164,1708,16383,1683,1672,1663662,800,1990,2197,532475,11955,8,382545,1496,81282,563,3846578360,3846677418,0,3846677492,3846678007,3459780116,17865257,993,52,76,0.0834,1670.0,0.27140446850690036,-0.07354303262233408,0.0834,23.25,73.8,,,,,,
2026-07-30T22:18:20.903859+00:00,S043,mounted,true,orientation_change,mild,1300,orientation_change-mild_horizontal_no_load_1300rpm,3846777,1310,268,1637,2149,3,3,992239,9,4250908,73,0,3,1678,1494,1221,75,157,1706,16383,1682,1674,1680103,808,1845,2103,532485,11954,8,382544,1496,81283,563,3846678440,3846778087,0,3846778097,3846778612,3493588717,17862266,980,66,57,0.0834,1670.0,0.11505480458423945,-0.3149157277898613,0.0834,23.31,74.0,,,,,,
2026-07-30T22:18:20.999108+00:00,S043,mounted,true,orientation_change,mild,1300,orientation_change-mild_horizontal_no_load_1300rpm,3846877,1305,267,1643,2155,6,3,992291,9,4250908,73,1,2,1678,1495,1203,76,160,1703,16383,1681,1673,1663350,800,1907,2291,532476,11956,8,382547,1496,81284,563,3846779039,3846878211,0,3846878220,3846878735,3458530280,17868244,979,59,53,0.0834,1670.0,0.4277279782535959,-0.21212111107393783,0.0834,23.4,74.1,,,,,,
2026-07-30T22:18:21.092739+00:00,S043,mounted,true,orientation_change,mild,1300,orientation_change-mild_horizontal_no_load_1300rpm,3846977,1300,267,1651,2166,5,3,992343,9,4250908,72,1,2,1678,1495,1196,76,160,1706,16383,1681,1671,1663370,800,2053,2102,532479,11956,8,382549,1496,81285,563,3846879168,3846978280,0,3846978290,3846978805,3458532094,17868244,987,65,53,0.0834,1670.0,0.11280225460020032,0.031154844764134992,0.0834,23.31,74.0,,,,,,
2026-07-30T22:18:21.185824+00:00,S043,mounted,true,orientation_change,mild,1300,orientation_change-mild_horizontal_no_load_1300rpm,3847077,1300,267,1651,2165,3,3,992395,9,4250908,73,0,2,1678,1494,1195,75,157,1705,16383,1681,1670,1663747,800,1999,2266,532507,11954,8,382548,1496,81286,563,3846979234,3847078333,0,3847078342,3847078857,3460171869,17862268,996,56,63,0.0834,1670.0,0.3867028541074111,-0.05826665032625078,0.0834,23.34,74.0,,,,,,
2026-07-30T22:18:21.326459+00:00,S043,mounted,true,orientation_change,mild,1300,orientation_change-mild_horizontal_no_load_1300rpm,3847177,1321,269,1624,2134,2,3,992448,9,4250908,73,2,2,1678,1494,1206,75,157,1704,16383,1681,1674,1663746,800,2051,2105,532501,11955,8,382548,1496,81287,563,3847079284,3847178377,0,3847178387,3847178901,3460095486,17865255,986,62,54,0.0834,1670.0,0.11809446800501888,0.028108163362609684,0.0834,23.37,74.1,,,,,,
2026-07-30T22:18:21.419958+00:00,S043,mounted,true,orientation_change,mild,1300,orientation_change-mild_horizontal_no_load_1300rpm,3847277,1334,268,1609,2111,2,3,992502,9,4250908,73,1,2,1678,1494,1203,78,158,1702,16383,1680,1672,1663681,800,2051,2303,532477,11954,8,382547,1496,81288,563,3847179330,3847278429,0,3847278444,3847278959,3459876939,17862270,991,62,56,0.0834,1670.0,0.44836529479672027,0.02839407712899389,0.0834,23.43,74.2,,,,,,
2026-07-30T22:18:21.513146+00:00,S043,mounted,true,orientation_change,mild,1300,orientation_change-mild_horizontal_no_load_1300rpm,3847378,1332,267,1612,2113,6,3,992555,9,4250908,73,0,2,1678,1494,1238,81,165,1706,16383,1682,1675,1680137,808,2048,2226,532476,11953,8,382544,1496,81289,563,3847279388,3847379049,0,3847379123,3847379638,3493698849,17859279,985,62,62,0.0834,1670.0,0.32035111712540765,0.02367996310549625,0.0834,23.31,74.0,,,,,,
2026-07-30T22:18:21.606516+00:00,S043,mounted,true,orientation_change,mild,1300,orientation_change-mild_horizontal_no_load_1300rpm,3847478,1326,266,1619,2122,4,3,992608,9,4250908,73,0,2,1678,1494,1209,81,165,1701,16383,1681,1674,1663288,800,1926,2327,532474,11953,8,382541,1496,81290,563,3847380066,3847479126,0,3847479200,3847479715,3458278404,17859277,996,55,69,0.0834,1670.0,0.48868699665355964,-0.1796564458294987,0.0834,23.46,74.2,,,,,,
2026-07-30T22:18:21.699265+00:00,S043,mounted,true,orientation_change,mild,1300,orientation_change-mild_horizontal_no_load_1300rpm,3847578,1324,267,1620,2125,5,3,992661,9,4250908,73,0,2,1678,1494,1206,79,154,1702,16383,1680,1673,1663692,800,2051,2329,532482,11954,8,382541,1496,81291,563,3847480142,3847579201,0,3847579275,3847579789,3459935118,17862268,994,48,72,0.0834,1670.0,0.49169565852434305,0.02839407712899389,0.0834,23.43,74.2,,,,,,
2026-07-30T22:18:21.793397+00:00,S043,mounted,true,orientation_change,mild,1300,orientation_change-mild_horizontal_no_load_1300rpm,3847678,1326,268,1617,2124,1,3,992714,9,4250908,73,0,2,1678,1495,1235,79,151,1701,16383,1682,1672,1663043,800,1975,2211,532428,11957,8,382546,1496,81292,563,3847580216,3847679289,0,3847679362,3847679877,3457217065,17871235,985,59,66,0.0834,1670.0,0.29411796964121395,-0.09908972861085585,0.0834,23.46,74.2,,,,,,
2026-07-30T22:18:21.934774+00:00,S043,mounted,true,orientation_change,mild,1300,orientation_change-mild_horizontal_no_load_1300rpm,3847779,1324,267,1619,2124,1,3,992768,9,4250908,73,0,2,1678,1494,1225,79,151,1698,16383,1680,1671,1679796,808,2050,2370,532422,11954,8,382545,1496,81293,563,3847680304,3847780092,0,3847780101,3847780616,3492345558,17862268,980,61,61,0.0834,1670.0,0.5600243090179018,0.026727524677931935,0.0834,23.55,74.4,,,,,,
2026-07-30T22:18:22.029062+00:00,S043,mounted,true,orientation_change,mild,1300,orientation_change-mild_horizontal_no_load_1300rpm,3847879,1325,268,1619,2125,3,3,992821,9,4250908,73,0,2,1678,1494,1248,76,149,1701,16383,1680,1671,1663262,800,2031,2114,532439,11955,8,382545,1496,81294,563,3847781044,3847880120,0,3847880129,3847880644,3458091654,17865257,978,68,54,0.0834,1670.0,0.13309218544542034,-0.0052200976160605705,0.0834,23.46,74.2,,,,,,
2026-07-30T22:18:22.121469+00:00,S043,mounted,true,orientation_change,mild,1300,orientation_change-mild_horizontal_no_load_1300rpm,3847979,1324,268,1619,2126,2,3,992874,9,4250908,73,0,2,1678,1494,1208,76,149,1699,16383,1683,1674,1664232,800,2050,2393,532503,11954,8,382544,1496,81295,563,3847881072,3847980179,0,3847980189,3847980704,3462260148,17862268,992,48,69,0.0834,1670.0,0.5983550153923369,0.026727524677931935,0.0834,23.52,74.3,,,,,,
2026-07-30T22:18:22.214305+00:00,S043,mounted,true,orientation_change,mild,1300,orientation_change-mild_horizontal_no_load_1300rpm,3848079,1324,267,1620,2125,6,3,992927,9,4250908,73,0,2,1678,1494,1250,75,150,1704,16383,1682,1672,1663396,800,2007,2101,532473,11955,8,382545,1496,81296,563,3847981131,3848080190,0,3848080200,3848080715,3458654954,17865255,987,55,61,0.0834,1670.0,0.11142881580928465,-0.045214010790464165,0.0834,23.37,74.1,,,,,,
2026-07-30T22:18:22.309146+00:00,S043,mounted,true,orientation_change,mild,1300,orientation_change-mild_horizontal_no_load_1300rpm,3848179,1316,267,1630,2138,4,3,992980,9,4250908,73,0,2,1678,1495,1211,72,145,1703,16383,1681,1673,1663482,800,1932,2107,532470,11958,8,382551,1496,81297,563,3848081142,3848180243,0,3848180257,3848180772,3459024608,17874222,993,61,65,0.0834,1670.0,0.12054642799799264,-0.171002693928751,0.0834,23.4,74.1,,,,,,
2026-07-30T22:18:22.402455+00:00,S043,mounted,true,orientation_change,mild,1300,orientation_change-mild_horizontal_no_load_1300rpm,3848279,1312,267,1634,2144,1,3,993032,9,4250908,73,0,2,1678,1494,1240,72,145,1703,16383,1684,1674,1663511,800,2055,2187,532469,11953,8,382548,1496,81298,563,3848181200,3848280287,0,3848280297,3848280812,3459130861,17859279,987,66,58,0.0834,1670.0,0.2553501339412696,0.03534680624111086,0.0834,23.4,74.1,,,,,,
2026-07-30T22:18:22.496190+00:00,S043,mounted,true,orientation_change,mild,1300,orientation_change-mild_horizontal_no_load_1300rpm,3848379,1311,267,1637,2147,3,3,993085,9,4250908,73,0,2,1678,1494,1244,75,147,1705,16383,1682,1673,1663155,800,1879,2295,532484,11955,8,382548,1496,81299,563,3848281242,3848380314,0,3848380328,3848380843,3457732983,17865263,989,63,63,0.0834,1670.0,0.4347129473023834,-0.2585148810539528,0.0834,23.34,74.0,,,,,,
2026-07-30T22:18:22.637037+00:00,S043,mounted,true,orientation_change,mild,1300,orientation_change-mild_horizontal_no_load_1300rpm,3848479,1310,267,1637,2147,6,3,993137,9,4250908,73,0,2,1678,1494,1230,73,142,1704,16383,1683,1673,1663695,800,2015,2197,532489,11955,8,382548,1496,81300,563,3848381270,3848480360,0,3848480369,3848480884,3459905071,17865255,1008,49,66,0.0834,1670.0,0.27140446850690036,-0.03188270639899615,0.0834,23.37,74.1,,,,,,
2026-07-30T22:18:22.731214+00:00,S043,mounted,true,orientation_change,mild,1300,orientation_change-mild_horizontal_no_load_1300rpm,3848579,1310,267,1638,2148,4,3,993190,9,4250908,73,0,2,1678,1494,1231,73,142,1703,16383,1681,1675,1663144,800,2049,2102,532480,11952,8,382543,1496,81301,563,3848481316,3848580382,0,3848580397,3848580912,3457592016,17856290,992,70,63,0.0834,1670.0,0.11397444578313198,0.02563238554216829,0.0834,23.4,74.1,,,,,,
2026-07-30T22:18:22.824140+00:00,S043,mounted,true,orientation_change,mild,1300,orientation_change-mild_horizontal_no_load_1300rpm,3848679,1313,266,1634,2142,1,3,993242,9,4250908,73,0,2,1678,1494,1248,72,137,1693,16383,1683,1673,1663817,800,2049,2251,532492,11955,8,382544,1496,81302,563,3848581339,3848680446,0,3848680455,3848680970,3460425309,17865257,997,70,63,0.0834,1670.0,0.36139077314930956,0.02477533726474279,0.0834,23.7,74.7,,,,,,
2026-07-30T22:18:22.916479+00:00,S043,mounted,true,orientation_change,mild,1300,orientation_change-mild_horizontal_no_load_1300rpm,3848780,1311,267,1635,2145,3,3,993295,9,4250908,73,0,3,1678,1494,1238,72,137,1699,16383,1682,1675,1680095,808,2055,2103,532483,11955,8,382545,1496,81303,563,3848681401,3848781083,0,3848781157,3848781672,3493496507,17865259,988,81,49,0.0834,1670.0,0.11476164190715155,0.03477381555834347,0.0834,23.52,74.3,,,,,,
2026-07-30T22:18:23.012142+00:00,S043,mounted,true,orientation_change,mild,1300,orientation_change-mild_horizontal_no_load_1300rpm,3848880,1311,268,1634,2145,6,3,993347,9,4250908,73,1,2,1678,1494,1238,71,140,1706,16383,1680,1674,1663205,800,2027,2111,532448,11955,8,382545,1496,81304,563,3848782099,3848881200,0,3848881273,3848881788,3457848843,17865257,989,79,44,0.0834,1670.0,0.12809294629861956,-0.011885749811794355,0.0834,23.31,74.0,,,,,,
2026-07-30T22:18:23.105020+00:00,S043,mounted,true,orientation_change,mild,1300,orientation_change-mild_horizontal_no_load_1300rpm,3848980,1312,267,1635,2145,4,3,993400,9,4250908,73,1,2,1678,1494,1246,74,146,1705,16383,1682,1673,1663614,800,2013,2271,532470,11954,8,382544,1496,81305,563,3848882217,3848981296,0,3848981369,3848981885,3459590386,17862268,994,58,58,0.0834,1670.0,0.39503561636272355,-0.034934916011377215,0.0834,23.34,74.0,,,,,,
2026-07-30T22:18:23.199322+00:00,S043,mounted,true,orientation_change,mild,1300,orientation_change-mild_horizontal_no_load_1300rpm,3849080,1311,269,1635,2148,5,3,993453,9,4250908,73,0,2,1678,1494,1247,74,146,1704,16383,1683,1673,1663913,800,2055,2282,532475,11953,8,382541,1496,81306,563,3848982317,3849081388,0,3849081467,3849081982,3460906513,17859291,1010,43,80,0.0834,1670.0,0.4136858622103232,0.03534680624111086,0.0834,23.37,74.1,,,,,,
2026-07-30T22:18:23.340850+00:00,S043,mounted,true,orientation_change,mild,1300,orientation_change-mild_horizontal_no_load_1300rpm,3849181,1311,268,1636,2148,3,3,993505,9,4250908,73,1,2,1678,1494,1229,71,152,1708,16383,1681,1673,1679803,808,2051,2099,532475,11954,8,382541,1496,81307,563,3849082410,3849182083,0,3849182092,3849182608,3492282131,17862268,999,45,78,0.0834,1670.0,0.10838859477998986,0.02839407712899389,0.0834,23.25,73.8,,,,,,
2026-07-30T22:18:23.436346+00:00,S043,mounted,true,orientation_change,mild,1300,orientation_change-mild_horizontal_no_load_1300rpm,3849281,1311,268,1635,2146,2,3,993558,9,4250908,73,0,2,1678,1495,1229,75,164,1707,16383,1681,1673,1663041,800,2013,2103,532475,11956,8,382544,1496,81308,563,3849183037,3849282260,0,3849282270,3849282785,3457170525,17868244,992,59,65,0.0834,1670.0,0.11446852827032439,-0.03549610204081688,0.0834,23.28,73.9,,,,,,
2026-07-30T22:18:23.529327+00:00,S043,mounted,true,orientation_change,mild,1300,orientation_change-mild_horizontal_no_load_1300rpm,3849381,1312,267,1636,2146,4,3,993610,9,4250908,73,1,2,1678,1495,1216,75,164,1712,16383,1681,1675,1663684,800,1971,2199,532491,11957,8,382549,1496,81309,563,3849283212,3849382298,0,3849382307,3849382822,3459864510,17871235,1001,51,67,0.0834,1670.0,0.2741243578656851,-0.10575426586936576,0.0834,23.13,73.6,,,,,,
2026-07-30T22:18:23.623872+00:00,S043,mounted,true,orientation_change,mild,1300,orientation_change-mild_horizontal_no_load_1300rpm,3849481,1316,267,1631,2138,5,3,993663,9,4250908,73,1,2,1678,1494,1230,77,162,1708,16383,1683,1673,1663835,800,2035,2279,532479,11953,8,382546,1496,81310,563,3849383252,3849482346,0,3849482355,3849482870,3460515383,17859279,1000,45,80,0.0834,1670.0,0.40868578658077404,0.0020129687107837135,0.0834,23.25,73.8,,,,,,
2026-07-30T22:18:23.716624+00:00,S043,mounted,true,orientation_change,mild,1300,orientation_change-mild_horizontal_no_load_1300rpm,3849581,1323,268,1620,2127,1,3,993716,9,4250908,73,0,2,1678,1494,1240,77,162,1717,16383,1684,1674,1663247,800,1970,2103,532475,11951,8,382539,1496,81311,563,3849483300,3849582413,0,3849582422,3849582937,3458034953,17853305,988,60,74,0.0834,1670.0,0.11593458698016867,-0.1057725290770648,0.0834,22.98,73.4,,,,,,
2026-07-30T22:18:23.811078+00:00,S043,mounted,true,orientation_change,mild,1300,orientation_change-mild_horizontal_no_load_1300rpm,3849681,1323,268,1621,2127,3,3,993769,9,4250908,73,0,2,1678,1495,1229,78,163,1708,16383,1681,1672,1662967,800,1905,2099,532445,11956,8,382542,1496,81312,563,3849583368,3849682431,0,3849682440,3849682955,3456895225,17868244,985,71,59,0.0834,1670.0,0.10780343358982902,-0.2154536584141855,0.0834,23.25,73.8,,,,,,
2026-07-30T22:18:23.904834+00:00,S043,mounted,true,orientation_change,mild,1300,orientation_change-mild_horizontal_no_load_1300rpm,3849782,1324,267,1621,2126,3,3,993823,9,4250908,73,0,2,1678,1494,1213,73,152,1703,16383,1681,1673,1679783,808,2025,2182,532453,11953,8,382540,1496,81313,563,3849683386,3849783227,0,3849783306,3849783821,3492213385,17859281,984,67,58,0.0834,1670.0,0.24701667455868792,-0.014653950054379639,0.0834,23.4,74.1,,,,,,
2026-07-30T22:18:23.999573+00:00,S043,mounted,true,orientation_change,mild,1300,orientation_change-mild_horizontal_no_load_1300rpm,3849882,1324,269,1618,2126,6,3,993875,9,4250908,73,0,2,1678,1494,1221,73,152,1705,16383,1682,1674,1663217,800,2037,2251,532447,11953,8,382538,1496,81314,563,3849784248,3849883303,0,3849883377,3849883891,3457931251,17859283,982,64,55,0.0834,1670.0,0.36201841403831647,0.00534635246381665,0.0834,23.34,74.0,,,,,,
2026-07-30T22:18:24.128351+00:00,S043,mounted,true,orientation_change,mild,1300,orientation_change-mild_horizontal_no_load_1300rpm,3849982,1321,267,1624,2131,4,3,993928,9,4250908,73,0,2,1678,1494,1221,69,153,1710,16383,1681,1672,1663451,800,2039,2169,532488,11952,8,382534,1496,81315,563,3849884318,3849983401,0,3849983475,3849983992,3458878855,17856290,983,70,61,0.0834,1670.0,0.22565214457831306,0.008964072289156633,0.0834,23.19,73.7,,,,,,
2026-07-30T22:18:24.235304+00:00,S043,mounted,true,orientation_change,mild,1300,orientation_change-mild_horizontal_no_load_1300rpm,3850083,1312,268,1636,2147,5,3,993981,9,4250908,73,1,2,1678,1494,1216,70,157,1704,16383,1682,1673,1680163,808,1995,2281,532479,11951,8,382528,1496,81316,563,3849984420,3850084069,0,3850084078,3850084593,3493831051,17853305,995,59,61,0.0834,1670.0,0.4126553889214293,-0.06409825914149492,0.0834,23.37,74.1,,,,,,
2026-07-30T22:18:24.328086+00:00,S043,mounted,true,orientation_change,mild,1300,orientation_change-mild_horizontal_no_load_1300rpm,3850183,1311,268,1637,2149,1,3,994034,9,4250908,73,1,2,1678,1494,1234,70,157,1705,16383,1681,1675,1664051,800,2051,2379,532481,11955,8,382530,1496,81317,563,3850085022,3850184121,0,3850184136,3850184651,3461488573,17865257,987,60,57,0.0834,1670.0,0.5746916434127978,0.028108163362609684,0.0834,23.34,74.0,,,,,,
2026-07-30T22:18:24.420703+00:00,S043,mounted,true,orientation_change,mild,1300,orientation_change-mild_horizontal_no_load_1300rpm,3850283,1319,269,1627,2137,3,3,994087,9,4250908,73,1,2,1678,1495,1230,69,142,1703,16383,1681,1673,1663658,800,1973,2258,532488,11956,8,382533,1496,81318,563,3850185080,3850284291,0,3850284306,3850284821,3459811362,17868244,993,54,63,0.0834,1670.0,0.3727409471395111,-0.1021470488457683,0.0834,23.4,74.1,,,,,,
2026-07-30T22:18:24.512631+00:00,S043,mounted,true,orientation_change,mild,1300,orientation_change-mild_horizontal_no_load_1300rpm,3850383,1323,269,1620,2128,6,3,994139,9,4250908,73,0,2,1678,1494,1209,69,142,1703,16383,1682,1673,1663567,800,2015,2199,532487,11950,8,382525,1496,81319,563,3850285250,3850384380,0,3850384390,3850384905,3459377451,17850314,992,50,61,0.0834,1670.0,0.2762705340585776,-0.030477759832635787,0.0834,23.4,74.1,,,,,,
2026-07-30T22:18:24.607934+00:00,S043,mounted,true,orientation_change,mild,1300,orientation_change-mild_horizontal_no_load_1300rpm,3850483,1321,268,1622,2130,4,3,994192,9,4250908,73,1,3,1678,1495,1211,72,144,1711,16383,1682,1673,1663439,800,1927,2267,532470,11956,8,382529,1496,81320,563,3850385332,3850484400,0,3850484409,3850484925,3458878455,17868246,999,52,73,0.0834,1670.0,0.387737410170625,-0.1787956376714619,0.0834,23.16,73.7,,,,,,
2026-07-30T22:18:24.701022+00:00,S043,mounted,true,orientation_change,mild,1300,orientation_change-mild_horizontal_no_load_1300rpm,3850583,1306,267,1640,2151,5,3,994245,9,4250908,73,1,3,1678,1495,1238,74,153,1700,16383,1681,1673,1663654,800,2029,2229,532485,11958,8,382536,1496,81321,563,3850485354,3850584423,0,3850584437,3850584952,3459776940,17874222,999,51,70,0.0834,1670.0,0.3237978158554937,-0.009401180632212736,0.0834,23.49,74.3,,,,,,
2026-07-30T22:18:24.842180+00:00,S043,mounted,true,orientation_change,mild,1300,orientation_change-mild_horizontal_no_load_1300rpm,3850684,1301,268,1647,2162,3,3,994297,9,4250908,73,0,2,1678,1495,1234,74,153,1697,16383,1681,1675,1680235,808,2028,2185,532481,11957,8,382541,1496,81322,563,3850585381,3850685099,0,3850685173,3850685688,3494098595,17871233,995,53,65,0.0834,1670.0,0.25079847746090156,-0.010784609935602596,0.0834,23.58,74.4,,,,,,
2026-07-30T22:18:24.935316+00:00,S043,mounted,true,orientation_change,mild,1300,orientation_change-mild_horizontal_no_load_1300rpm,3850784,1319,266,1628,2133,2,3,994350,9,4250908,73,3,2,1678,1495,1223,72,140,1703,16383,1681,1665,1663146,800,1935,2105,532443,11957,8,382546,1496,81323,563,3850686119,3850785348,0,3850785427,3850785942,3457634720,17871235,1003,53,71,0.0834,1670.0,0.11750773229070788,-0.1657351011959527,0.0834,23.4,74.1,,,,,,
2026-07-30T22:18:25.029293+00:00,S043,mounted,true,orientation_change,mild,1300,orientation_change-mild_horizontal_no_load_1300rpm,3850884,1331,269,1611,2117,6,3,994403,9,4250908,73,1,2,1678,1494,1215,75,153,1700,16383,1681,1673,1663631,800,2049,2249,532453,11953,8,382543,1496,81324,563,3850786372,3850885432,0,3850885506,3850886021,3459649673,17859277,997,49,76,0.0834,1670.0,0.35868503028528353,0.025346654982012495,0.0834,23.49,74.3,,,,,,
2026-07-30T22:18:25.122043+00:00,S043,mounted,true,orientation_change,mild,1300,orientation_change-mild_horizontal_no_load_1300rpm,3850985,1333,268,1608,2112,6,3,994457,9,4250908,73,0,2,1678,1495,1229,75,153,1701,16383,1681,1675,1680133,808,2045,2110,532482,11956,8,382546,1496,81325,563,3850886451,3850986093,0,3850986108,3850986623,3493657939,17868244,1001,50,83,0.0834,1670.0,0.1261324439611906,0.017824655403144707,0.0834,23.46,74.2,,,,,,
2026-07-30T22:18:25.214675+00:00,S043,mounted,true,orientation_change,mild,1300,orientation_change-mild_horizontal_no_load_1300rpm,3851085,1307,267,1638,2149,5,3,994509,9,4250908,73,2,3,1678,1494,1231,74,157,1701,16383,1680,1672,1662570,800,1926,2104,532438,11955,8,382546,1496,81326,563,3850987051,3851086141,0,3851086151,3851086666,3455234684,17865255,999,54,78,0.0834,1670.0,0.11642805495608544,-0.18019346775407818,0.0834,23.46,74.2,,,,,,
2026-07-30T22:18:25.307380+00:00,S043,mounted,true,orientation_change,mild,1300,orientation_change-mild_horizontal_no_load_1300rpm,3851185,1290,266,1663,2180,2,3,994560,9,4250908,73,0,2,1678,1494,1242,74,157,1711,16383,1681,1673,1662590,800,1997,2231,532404,11949,8,382535,1496,81327,563,3851087095,3851186183,0,3851186193,3851186707,3455321352,17847329,989,60,65,0.0834,1670.0,0.3299293299020838,-0.060207126035651815,0.0834,23.16,73.7,,,,,,
2026-07-30T22:18:25.448550+00:00,S043,mounted,true,orientation_change,mild,1300,orientation_change-mild_horizontal_no_load_1300rpm,3851285,1314,268,1637,2147,6,3,994613,9,4250908,73,5,1,1678,1494,1205,72,153,1707,16383,1681,1674,1663744,800,2051,2103,532482,11951,8,382529,1496,81328,563,3851187134,3851286248,0,3851286263,3851286778,3460088808,17853305,1000,58,71,0.0834,1670.0,0.11593458698016867,0.02925210551418278,0.0834,23.28,73.9,,,,,,
2026-07-30T22:18:25.540477+00:00,S043,mounted,true,orientation_change,mild,1300,orientation_change-mild_horizontal_no_load_1300rpm,3851385,1338,269,1602,2105,4,3,994666,9,4250908,73,1,2,1678,1494,1209,74,156,1707,16383,1681,1673,1662860,800,1999,2123,532440,11953,8,382527,1496,81329,563,3851287208,3851386287,0,3851386296,3851386811,3456427374,17859281,999,69,62,0.0834,1670.0,0.14868185384422317,-0.057987938843805154,0.0834,23.28,73.9,,,,,,
2026-07-30T22:18:25.635023+00:00,S043,mounted,true,orientation_change,mild,1300,orientation_change-mild_horizontal_no_load_1300rpm,3851485,1348,268,1591,2088,4,3,994720,9,4250908,73,1,2,1678,1494,1211,74,156,1703,16383,1681,1673,1663255,800,2046,2109,532466,11953,8,382526,1496,81330,563,3851387244,3851486346,0,3851486356,3851486871,3458057835,17859281,991,65,49,0.0834,1670.0,0.12534816757299438,0.020346579352463312,0.0834,23.4,74.1,,,,,,
2026-07-30T22:18:25.729419+00:00,S043,mounted,true,orientation_change,mild,1300,orientation_change-mild_horizontal_no_load_1300rpm,3851585,1330,267,1611,2114,5,3,994773,9,4250908,73,2,3,1678,1494,1238,72,143,1699,16383,1681,1672,1663130,800,2023,2102,532475,11954,8,382526,1496,81331,563,3851487300,3851586351,0,3851586360,3851586875,3457541020,17862270,994,69,50,0.0834,1670.0,0.11338825213317705,-0.01826939150075324,0.0834,23.52,74.3,,,,,,
2026-07-30T22:18:25.823226+00:00,S043,mounted,true,orientation_change,mild,1300,orientation_change-mild_horizontal_no_load_1300rpm,3851685,1316,267,1629,2137,1,3,994826,9,4250908,73,1,3,1678,1494,1227,75,148,1701,16383,1681,1673,1663361,800,2053,2152,532479,11953,8,382525,1496,81332,563,3851587304,3851686401,0,3851686410,3851686925,3458501261,17859279,1003,70,55,0.0834,1670.0,0.19701591826319742,0.032013422488077925,0.0834,23.46,74.2,,,,,,
2026-07-30T22:18:25.916623+00:00,S043,mounted,true,orientation_change,mild,1300,orientation_change-mild_horizontal_no_load_1300rpm,3851786,1315,267,1634,2142,3,3,994879,9,4250908,73,1,2,1678,1494,1238,75,148,1700,16383,1681,1673,1679985,808,2043,2101,532480,11949,8,382516,1496,81333,563,3851687355,3851787082,0,3851787155,3851787671,3493042039,17847329,992,72,63,0.0834,1670.0,0.11318685438111986,0.016486365302535777,0.0834,23.49,74.3,,,,,,
2026-07-30T22:18:26.011713+00:00,S043,mounted,true,orientation_change,mild,1300,orientation_change-mild_horizontal_no_load_1300rpm,3851886,1321,266,1626,2130,2,3,994932,9,4250908,72,1,2,1678,1494,1250,72,148,1715,16383,1683,1673,1663597,800,2013,2237,532479,11954,8,382516,1496,81334,563,3851788101,3851887203,0,3851887282,3851887797,3459512925,17862270,985,56,60,0.0834,1670.0,0.3383728330266016,-0.034934916011377215,0.0834,23.04,73.5,,,,,,
2026-07-30T22:18:26.149614+00:00,S043,mounted,true,orientation_change,mild,1300,orientation_change-mild_horizontal_no_load_1300rpm,3851986,1324,268,1619,2125,6,3,994985,9,4250908,73,1,3,1678,1494,1237,72,148,1714,16383,1681,1673,1663232,800,2035,2102,532454,11954,8,382516,1496,81335,563,3851888227,3851987295,0,3851987374,3851987889,3457961822,17862268,1001,45,67,0.0834,1670.0,0.11338825213317705,0.0017292379119959733,0.0834,23.07,73.5,,,,,,
2026-07-30T22:18:26.243949+00:00,S043,mounted,true,orientation_change,mild,1300,orientation_change-mild_horizontal_no_load_1300rpm,3852086,1319,268,1626,2135,4,3,995038,9,4250908,73,0,3,1678,1494,1238,77,160,1714,16383,1681,1673,1663326,800,2045,2109,532475,11954,8,382516,1496,81336,563,3851988319,3852087371,0,3852087450,3852087965,3458350982,17862270,988,52,65,0.0834,1670.0,0.12505411929061339,0.018394762422619504,0.0834,23.07,73.5,,,,,,
2026-07-30T22:18:26.337769+00:00,S043,mounted,true,orientation_change,mild,1300,orientation_change-mild_horizontal_no_load_1300rpm,3852187,1312,264,1639,2143,1,3,995090,9,4250908,73,0,2,1678,1494,1240,79,172,1704,16383,1681,1673,1679960,808,2005,2102,532469,11951,8,382511,1496,81337,563,3852088392,3852188037,0,3852188046,3852188561,3492939556,17853305,992,63,68,0.0834,1670.0,0.11426761618274561,-0.04742855116726652,0.0834,23.37,74.1,,,,,,
2026-07-30T22:18:26.430641+00:00,S043,mounted,true,orientation_change,mild,1300,orientation_change-mild_horizontal_no_load_1300rpm,3852287,1312,268,1634,2145,3,3,995143,9,4250908,73,1,2,1678,1494,1238,79,172,1699,16383,1681,1675,1663936,800,2053,2105,532496,11951,8,382507,1496,81338,563,3852188988,3852288083,0,3852288092,3852288607,3460890274,17853303,1002,58,67,0.0834,1670.0,0.11926852857501435,0.03258604710902846,0.0834,23.52,74.3,,,,,,
2026-07-30T22:18:26.524908+00:00,S043,mounted,true,orientation_change,mild,1300,orientation_change-mild_horizontal_no_load_1300rpm,3852387,1303,267,1647,2160,6,3,995195,9,4250908,73,0,2,1678,1494,1239,80,170,1702,16383,1681,1673,1663147,800,2043,2103,532472,11951,8,382503,1496,81339,563,3852289038,3852388246,0,3852388255,3852388770,3457607419,17853305,1007,57,69,0.0834,1670.0,0.11593458698016867,0.015916339134800506,0.0834,23.43,74.2,,,,,,
2026-07-30T22:18:26.618053+00:00,S043,mounted,true,orientation_change,mild,1300,orientation_change-mild_horizontal_no_load_1300rpm,3852487,1303,267,1647,2160,5,3,995247,9,4250908,73,1,2,1678,1494,1234,81,163,1702,16383,1682,1671,1663289,800,1929,2103,532468,11954,8,382504,1496,81340,563,3852389202,3852488296,0,3852488306,3852488820,3458218523,17862270,984,63,58,0.0834,1670.0,0.11505480458423945,-0.1749253219006195,0.0834,23.43,74.2,,,,,,
2026-07-30T22:18:26.710770+00:00,S043,mounted,true,orientation_change,mild,1300,orientation_change-mild_horizontal_no_load_1300rpm,3852587,1304,265,1649,2158,3,3,995299,9,4250908,73,2,2,1678,1494,1234,81,163,1705,16383,1681,1672,1662893,800,2023,2289,532442,11953,8,382504,1496,81341,563,3852489249,3852588331,0,3852588341,3852588856,3456615589,17859279,983,63,55,0.0834,1670.0,0.4253527053459383,-0.017987333807412575,0.0834,23.34,74.0,,,,,,
2026-07-30T22:18:26.850287+00:00,S043,mounted,true,orientation_change,mild,1300,orientation_change-mild_horizontal_no_load_1300rpm,3852687,1317,268,1630,2139,2,3,995352,9,4250908,73,1,2,1678,1494,1227,81,165,1707,16383,1682,1673,1662557,800,1925,2107,532446,11950,8,382498,1496,81342,563,3852589285,3852688382,0,3852688391,3852688906,3455191445,17850316,984,67,56,0.0834,1670.0,0.1228963871129709,-0.18051768619246866,0.0834,23.28,73.9,,,,,,
2026-07-30T22:18:26.944321+00:00,S043,mounted,true,orientation_change,mild,1300,orientation_change-mild_horizontal_no_load_1300rpm,3852787,1323,269,1619,2127,6,3,995405,9,4250908,73,1,2,1678,1494,1238,81,165,1706,16383,1682,1673,1663520,800,1918,2196,532481,11955,8,382501,1496,81343,563,3852689339,3852788408,0,3852788418,3852788933,3459203992,17865259,985,63,58,0.0834,1670.0,0.2697380554579669,-0.19352477214554575,0.0834,23.31,74.0,,,,,,
2026-07-30T22:18:27.037090+00:00,S043,mounted,true,orientation_change,mild,1300,orientation_change-mild_horizontal_no_load_1300rpm,3852888,1317,267,1628,2135,4,3,995458,9,4250908,73,0,3,1678,1494,1221,82,168,1705,16383,1681,1673,1679711,808,1957,2111,532495,11953,8,382501,1496,81344,563,3852789366,3852889064,0,3852889138,3852889653,3491921811,17859279,987,60,59,0.0834,1670.0,0.12868155132602643,-0.12798899765749194,0.0834,23.34,74.0,,,,,,
2026-07-30T22:18:27.131252+00:00,S043,mounted,true,orientation_change,mild,1300,orientation_change-mild_horizontal_no_load_1300rpm,3852988,1313,265,1638,2144,5,3,995511,9,4250908,73,0,2,1678,1494,1219,81,161,1711,16383,1682,1673,1663439,800,2048,2270,532478,11952,8,382499,1496,81345,563,3852890083,3852989151,0,3852989230,3852989745,3458873449,17856290,1004,44,69,0.0834,1670.0,0.39400210843373484,0.02396555421686708,0.0834,23.16,73.7,,,,,,
2026-07-30T22:18:27.225921+00:00,S043,mounted,true,orientation_change,mild,1300,orientation_change-mild_horizontal_no_load_1300rpm,3853088,1312,267,1637,2147,3,3,995563,9,4250908,73,1,2,1678,1494,1218,81,161,1701,16383,1682,1673,1663272,800,2045,2103,532458,11953,8,382499,1496,81346,563,3852990173,3853089304,0,3853089378,3853089893,3458128712,17859279,995,44,68,0.0834,1670.0,0.11534801631389602,0.018679887475947066,0.0834,23.46,74.2,,,,,,
2026-07-30T22:18:27.320264+00:00,S043,mounted,true,orientation_change,mild,1300,orientation_change-mild_horizontal_no_load_1300rpm,3853188,1320,267,1627,2134,2,3,995616,9,4250908,73,2,2,1678,1494,1226,81,159,1702,16383,1682,1673,1663401,800,2051,2107,532486,11953,8,382499,1496,81347,563,3853090322,3853189387,0,3853189461,3853189975,3458666829,17859283,995,53,62,0.0834,1670.0,0.12201478381996145,0.028680038735045432,0.0834,23.43,74.2,,,,,,
2026-07-30T22:18:27.413775+00:00,S043,mounted,true,orientation_change,mild,1300,orientation_change-mild_horizontal_no_load_1300rpm,3853289,1325,269,1618,2126,2,3,995670,9,4250908,73,0,2,1678,1494,1247,79,160,1697,16383,1682,1673,1680194,808,2039,2103,532488,11953,8,382499,1496,81348,563,3853190404,3853290059,0,3853290077,3853290592,3493913546,17859281,1007,57,60,0.0834,1670.0,0.11534801631389602,0.008679736216849143,0.0834,23.58,74.4,,,,,,
2026-07-30T22:18:27.555515+00:00,S043,mounted,true,orientation_change,mild,1300,orientation_change-mild_horizontal_no_load_1300rpm,3853389,1317,267,1628,2136,4,3,995722,9,4250908,73,0,2,1678,1494,1218,79,160,1694,16383,1681,1671,1662862,800,1967,2105,532462,11952,8,382497,1496,81349,563,3853291020,3853390124,0,3853390133,3853390647,3456432272,17856292,988,70,50,0.0834,1670.0,0.11897493975903606,-0.1110477831325305,0.0834,23.67,74.6,,,,,,
2026-07-30T22:18:27.647744+00:00,S043,mounted,true,orientation_change,mild,1300,orientation_change-mild_horizontal_no_load_1300rpm,3853489,1311,267,1635,2145,5,3,995775,9,4250908,73,0,2,1678,1494,1230,77,157,1704,16383,1682,1672,1663199,800,2002,2111,532464,11952,8,382495,1496,81350,563,3853391075,3853490166,0,3853490175,3853490690,3457833357,17856292,993,70,56,0.0834,1670.0,0.12897592771084332,-0.05270868674698814,0.0834,23.37,74.1,,,,,,
2026-07-30T22:18:27.741916+00:00,S043,mounted,true,orientation_change,mild,1300,orientation_change-mild_horizontal_no_load_1300rpm,3853589,1312,267,1636,2146,3,3,995827,9,4250908,74,1,3,1678,1494,1226,77,157,1703,16383,1682,1673,1663264,800,2039,2257,532458,11949,8,382488,1496,81351,563,3853491117,3853590226,0,3853590235,3853590750,3458126718,17847329,990,63,56,0.0834,1670.0,0.3732778250062765,0.009817366055736798,0.0834,23.4,74.1,,,,,,
2026-07-30T22:18:27.834033+00:00,S043,mounted,true,orientation_change,mild,1300,orientation_change-mild_horizontal_no_load_1300rpm,3853689,1318,267,1630,2138,2,3,995880,9,4250908,73,1,2,1678,1494,1230,79,161,1703,16383,1681,1673,1663293,800,1961,2109,532478,11954,8,382490,1496,81352,563,3853591180,3853690249,0,3853690259,3853690774,3458225635,17862268,980,68,53,0.0834,1670.0,0.12505411929061339,-0.12159564346662233,0.0834,23.4,74.1,,,,,,
2026-07-30T22:18:27.928364+00:00,S043,mounted,true,orientation_change,mild,1300,orientation_change-mild_horizontal_no_load_1300rpm,3853789,1324,269,1618,2126,6,3,995933,9,4250908,73,0,2,1678,1494,1237,81,163,1707,16383,1682,1672,1663057,800,2055,2109,532444,11955,8,382494,1496,81353,563,3853691204,3853790306,0,3853790316,3853790831,3457233457,17865257,983,61,59,0.0834,1670.0,0.12476012020075222,0.03477381555834347,0.0834,23.28,73.9,,,,,,
2026-07-30T22:18:28.023384+00:00,S043,mounted,true,orientation_change,mild,1300,orientation_change-mild_horizontal_no_load_1300rpm,3853889,1319,266,1626,2131,4,3,995986,9,4250908,73,0,2,1678,1494,1248,81,163,1715,16383,1682,1673,1663738,800,2050,2243,532473,11955,8,382498,1496,81354,563,3853791262,3853890346,0,3853890355,3853890871,3460091876,17865255,983,56,61,0.0834,1670.0,0.34805946875784155,0.026441750313676238,0.0834,23.04,73.5,,,,,,
2026-07-30T22:18:28.118813+00:00,S043,mounted,true,orientation_change,mild,1300,orientation_change-mild_horizontal_no_load_1300rpm,3853989,1313,268,1633,2144,5,3,996039,9,4250908,73,0,3,1678,1494,1214,76,148,1711,16383,1683,1670,1663259,800,2007,2179,532479,11948,8,382488,1496,81355,563,3853891298,3853990397,0,3853990412,3853990927,3458093203,17844340,973,71,59,0.0834,1670.0,0.24353640207566096,-0.043254566789420856,0.0834,23.16,73.7,,,,,,
2026-07-30T22:18:28.260031+00:00,S043,mounted,true,orientation_change,mild,1300,orientation_change-mild_horizontal_no_load_1300rpm,3854089,1311,269,1636,2149,3,3,996091,9,4250908,73,1,2,1678,1494,1206,76,158,1712,16383,1682,1673,1664005,800,2045,2291,532481,11951,8,382485,1496,81356,563,3853991354,3854090424,0,3854090434,3854090949,3461348677,17853303,980,59,53,0.0834,1670.0,0.4293250968956568,0.019250280729646185,0.0834,23.13,73.6,,,,,,
2026-07-30T22:18:28.354587+00:00,S043,mounted,true,orientation_change,mild,1300,orientation_change-mild_horizontal_no_load_1300rpm,3854190,1331,269,1617,2123,3,3,996145,9,4250908,73,5,2,1678,1494,1205,76,158,1720,16383,1683,1672,1680126,808,2039,2102,532483,11952,8,382484,1496,81357,563,3854091382,3854191071,0,3854191145,3854191660,3493631122,17856292,979,71,52,0.0834,1670.0,0.11397444578313198,0.008964072289156633,0.0834,22.89,73.2,,,,,,
2026-07-30T22:18:28.449023+00:00,S043,mounted,true,orientation_change,mild,1300,orientation_change-mild_horizontal_no_load_1300rpm,3854290,1356,269,1581,2078,3,3,996199,9,4250908,73,1,2,1678,1494,1226,74,168,1713,16383,1682,1673,1663412,800,1823,2293,532479,11948,8,382475,1496,81358,563,3854192089,3854291299,0,3854291372,3854291888,3458832146,17844340,983,56,66,0.0834,1670.0,0.4336187884164713,-0.35005420790090414,0.0834,23.1,73.6,,,,,,
2026-07-30T22:18:28.542149+00:00,S043,mounted,true,orientation_change,mild,1300,orientation_change-mild_horizontal_no_load_1300rpm,3854390,1358,269,1574,2070,1,3,996254,9,4250908,73,2,3,1678,1494,1213,74,168,1714,16383,1682,1674,1663614,800,2039,2229,532480,11953,8,382476,1496,81359,563,3854292317,3854391388,0,3854391467,3854391982,3459576602,17859281,986,58,57,0.0834,1670.0,0.3253511927549564,0.008679736216849143,0.0834,23.07,73.5,,,,,,
2026-07-30T22:18:28.637664+00:00,S043,mounted,true,orientation_change,mild,1300,orientation_change-mild_horizontal_no_load_1300rpm,3854491,1329,268,1612,2116,3,3,996307,9,4250908,73,1,3,1678,1494,1211,73,161,1705,16383,1681,1675,1680126,808,2045,2109,532476,11953,8,382477,1496,81360,563,3854392412,3854492084,0,3854492094,3854492609,3493633606,17859279,1003,44,66,0.0834,1670.0,0.12534816757299438,0.018679887475947066,0.0834,23.34,74.0,,,,,,
2026-07-30T22:18:28.728915+00:00,S043,mounted,true,orientation_change,mild,1300,orientation_change-mild_horizontal_no_load_1300rpm,3854591,1316,265,1630,2135,2,3,996360,9,4250908,73,1,3,1678,1494,1226,73,152,1706,16383,1682,1674,1663333,800,2037,2106,532475,11951,8,382475,1496,81361,563,3854493043,3854592123,0,3854592137,3854592652,3458386465,17853305,992,55,67,0.0834,1670.0,0.12093549937243697,0.005914514350263023,0.0834,23.31,74.0,,,,,,
2026-07-30T22:18:28.822404+00:00,S043,mounted,true,orientation_change,mild,1300,orientation_change-mild_horizontal_no_load_1300rpm,3854691,1312,268,1635,2146,4,3,996412,9,4250908,73,0,2,1678,1494,1222,73,152,1712,16383,1682,1673,1663236,800,2041,2133,532464,11953,8,382476,1496,81362,563,3854593082,3854692164,0,3854692173,3854692688,3457986954,17859281,995,51,70,0.0834,1670.0,0.16534877260938652,0.01201311996988208,0.0834,23.13,73.6,,,,,,
2026-07-30T22:18:28.962742+00:00,S043,mounted,true,orientation_change,mild,1300,orientation_change-mild_horizontal_no_load_1300rpm,3854791,1311,267,1637,2146,5,3,996465,9,4250908,73,1,2,1678,1494,1224,71,157,1711,16383,1682,1674,1663818,800,2022,2233,532486,11954,8,382479,1496,81363,563,3854693115,3854792297,0,3854792312,3854792827,3460425586,17862266,994,47,72,0.0834,1670.0,0.331706623222352,-0.019935943951815638,0.0834,23.16,73.7,,,,,,
2026-07-30T22:18:29.057592+00:00,S043,mounted,true,orientation_change,mild,1300,orientation_change-mild_horizontal_no_load_1300rpm,3854891,1311,267,1637,2147,3,3,996517,9,4250908,72,0,2,1678,1495,1214,73,150,1707,16383,1682,1673,1663205,800,2061,2103,532469,11957,8,382488,1496,81364,563,3854793256,3854892330,0,3854892340,3854892855,3457846619,17871233,1002,47,80,0.0834,1670.0,0.11417546366145315,0.04419782244710202,0.0834,23.28,73.9,,,,,,
2026-07-30T22:18:29.150814+00:00,S043,mounted,true,orientation_change,mild,1300,orientation_change-mild_horizontal_no_load_1300rpm,3854991,1312,268,1635,2146,2,3,996570,9,4250908,74,0,2,1678,1494,1232,73,150,1707,16383,1681,1672,1663163,800,2031,2109,532470,11954,8,382490,1496,81365,563,3854893283,3854992404,0,3854992414,3854992929,3457679283,17862270,1006,56,74,0.0834,1670.0,0.12505411929061339,-0.0049369718922536165,0.0834,23.28,73.9,,,,,,
2026-07-30T22:18:29.245592+00:00,S043,mounted,true,orientation_change,mild,1300,orientation_change-mild_horizontal_no_load_1300rpm,3855091,1312,268,1635,2146,4,3,996622,9,4250908,73,1,2,1678,1495,1214,70,140,1710,16383,1682,1674,1663827,800,2047,2103,532497,11956,8,382496,1496,81366,563,3854993357,3855092430,0,3855092440,3855092954,3460436719,17868244,1002,71,69,0.0834,1670.0,0.11446852827032439,0.021157202743391945,0.0834,23.19,73.7,,,,,,
2026-07-30T22:18:29.337783+00:00,S043,mounted,true,orientation_change,mild,1300,orientation_change-mild_horizontal_no_load_1300rpm,3855192,1311,268,1637,2149,5,3,996675,9,4250908,73,0,2,1678,1494,1234,70,140,1710,16383,1682,1673,1680044,808,1846,2189,532475,11951,8,382492,1496,81367,563,3855093384,3855193252,0,3855193326,3855193841,3493357130,17853303,985,69,56,0.0834,1670.0,0.25929407555853023,-0.3124769079574934,0.0834,23.19,73.7,,,,,,
2026-07-30T22:18:29.429742+00:00,S043,mounted,true,orientation_change,mild,1300,orientation_change-mild_horizontal_no_load_1300rpm,3855292,1311,264,1638,2143,1,3,996728,9,4250908,73,1,2,1678,1494,1224,69,137,1714,16383,1682,1674,1663848,800,2043,2287,532477,11955,8,382496,1496,81368,563,3855194268,3855293339,0,3855293418,3855293933,3460566650,17865257,992,69,58,0.0834,1670.0,0.42138164291091584,0.014776858971141227,0.0834,23.07,73.5,,,,,,
2026-07-30T22:18:29.524258+00:00,S043,mounted,true,orientation_change,mild,1300,orientation_change-mild_horizontal_no_load_1300rpm,3855392,1311,268,1638,2150,2,3,996780,9,4250908,73,1,2,1678,1494,1243,69,145,1707,16383,1681,1672,1662915,800,1959,2101,532471,11954,8,382498,1496,81369,563,3855294362,3855393440,0,3855393514,3855394028,3456655769,17862268,978,59,59,0.0834,1670.0,0.11172169968211465,-0.12492874836874712,0.0834,23.28,73.9,,,,,,
2026-07-30T22:18:29.665540+00:00,S043,mounted,true,orientation_change,mild,1300,orientation_change-mild_horizontal_no_load_1300rpm,3855493,1311,268,1636,2147,6,3,996833,9,4250908,73,1,2,1678,1495,1212,69,145,1708,16383,1681,1672,1679373,808,1839,2213,532453,11956,8,382503,1496,81370,563,3855394457,3855494082,0,3855494092,3855494607,3490577979,17868244,980,69,57,0.0834,1670.0,0.29775863198394115,-0.3254277206423555,0.0834,23.25,73.8,,,,,,
2026-07-30T22:18:29.759875+00:00,S043,mounted,true,orientation_change,mild,1300,orientation_change-mild_horizontal_no_load_1300rpm,3855593,1312,266,1639,2146,5,3,996885,9,4250908,72,0,2,1678,1494,1209,73,159,1706,16383,1681,1673,1663280,800,2031,2193,532478,11953,8,382503,1496,81371,563,3855495036,3855594128,0,3855594138,3855594653,3458190642,17859279,983,71,59,0.0834,1670.0,0.26535028520036796,-0.004653798795281716,0.0834,23.31,74.0,,,,,,
2026-07-30T22:18:29.852644+00:00,S043,mounted,true,orientation_change,mild,1300,orientation_change-mild_horizontal_no_load_1300rpm,3855693,1312,268,1636,2148,1,3,996938,9,4250908,73,0,2,1678,1494,1239,72,149,1711,16383,1681,1673,1663760,800,2045,2251,532477,11952,8,382501,1496,81372,563,3855595080,3855694157,0,3855694166,3855694681,3460186446,17856292,980,75,59,0.0834,1670.0,0.36233231325301185,0.01896506024096345,0.0834,23.16,73.7,,,,,,
2026-07-30T22:18:29.947599+00:00,S043,mounted,true,orientation_change,mild,1300,orientation_change-mild_horizontal_no_load_1300rpm,3855793,1302,267,1648,2162,2,3,996990,9,4250908,73,0,2,1678,1494,1227,72,149,1706,16383,1682,1674,1663479,800,2051,2221,532475,11949,8,382493,1496,81373,563,3855695109,3855794336,0,3855794346,3855794864,3459008941,17847327,982,71,67,0.0834,1670.0,0.31325683178508656,0.029824363796133735,0.0834,23.31,74.0,,,,,,
2026-07-30T22:18:30.041470+00:00,S043,mounted,true,orientation_change,mild,1300,orientation_change-mild_horizontal_no_load_1300rpm,3855893,1300,266,1650,2163,4,3,997042,9,4250908,73,0,2,1678,1494,1255,71,145,1704,16383,1682,1673,1663287,800,2030,2167,532474,11951,8,382490,1496,81374,563,3855795291,3855894375,0,3855894385,3855894900,3458201739,17853303,984,75,53,0.0834,1670.0,0.22262071801522865,-0.00575428123169619,0.0834,23.37,74.1,,,,,,
2026-07-30T22:18:30.133683+00:00,S043,mounted,true,orientation_change,mild,1300,orientation_change-mild_horizontal_no_load_1300rpm,3855993,1302,268,1650,2165,1,3,997094,9,4250908,73,2,2,1678,1494,1240,71,145,1700,16383,1682,1672,1663291,800,1997,2247,532457,11953,8,382490,1496,81375,563,3855895330,3855994408,0,3855994418,3855994932,3458242727,17859283,996,54,66,0.0834,1670.0,0.35535164653225104,-0.06132132259683809,0.0834,23.49,74.3,,,,,,
2026-07-30T22:18:30.227933+00:00,S043,mounted,true,orientation_change,mild,1300,orientation_change-mild_horizontal_no_load_1300rpm,3856094,1310,267,1639,2149,3,3,997147,9,4250908,73,0,2,1678,1494,1232,70,147,1702,16383,1681,1673,1680035,808,1933,2289,532471,11953,8,382490,1496,81376,563,3855995361,3856095049,0,3856095123,3856095638,3493320905,17859281,1001,43,69,0.0834,1670.0,0.4253527053459383,-0.16798960269388452,0.0834,23.43,74.2,,,,,,
2026-07-30T22:18:30.369308+00:00,S043,mounted,true,orientation_change,mild,1300,orientation_change-mild_horizontal_no_load_1300rpm,3856194,1311,268,1637,2148,2,3,997200,9,4250908,73,0,2,1678,1494,1239,72,147,1706,16383,1682,1672,1663365,800,1941,2213,532486,11954,8,382492,1496,81377,563,3856096070,3856195127,0,3856195206,3856195721,3458558171,17862268,998,49,64,0.0834,1670.0,0.29837557420110405,-0.15492669248787072,0.0834,23.31,74.0,,,,,,
2026-07-30T22:18:30.461750+00:00,S043,mounted,true,orientation_change,mild,1300,orientation_change-mild_horizontal_no_load_1300rpm,3856294,1329,269,1615,2121,6,3,997253,9,4250908,73,2,2,1678,1494,1229,72,147,1703,16383,1682,1672,1663419,800,1951,2159,532480,11951,8,382489,1496,81378,563,3856196148,3856295199,0,3856295278,3856295793,3458763135,17853303,997,56,70,0.0834,1670.0,0.20928495163584637,-0.13744497422809854,0.0834,23.4,74.1,,,,,,
2026-07-30T22:18:30.556511+00:00,S043,mounted,true,orientation_change,mild,1300,orientation_change-mild_horizontal_no_load_1300rpm,3856394,1335,269,1607,2111,4,3,997306,9,4250908,73,1,2,1678,1495,1239,76,166,1707,16383,1681,1670,1663223,800,2031,2111,532482,11956,8,382495,1496,81379,563,3856296222,3856395309,0,3856395383,3856395898,3457928397,17868246,983,56,67,0.0834,1670.0,0.12779871763131467,-0.005503175978588626,0.0834,23.28,73.9,,,,,,
2026-07-30T22:18:30.650498+00:00,S043,mounted,true,orientation_change,mild,1300,orientation_change-mild_horizontal_no_load_1300rpm,3856494,1336,267,1605,2106,4,3,997360,9,4250908,73,0,3,1678,1494,1229,78,169,1708,16383,1681,1673,1663189,800,2043,2159,532462,11951,8,382492,1496,81380,563,3856396331,3856495408,0,3856495487,3856496002,3457791997,17853305,983,70,68,0.0834,1670.0,0.20928495163584637,0.015916339134800506,0.0834,23.25,73.8,,,,,,
2026-07-30T22:18:30.744862+00:00,S043,mounted,true,orientation_change,mild,1300,orientation_change-mild_horizontal_no_load_1300rpm,3856595,1328,266,1614,2115,5,3,997413,9,4250908,73,0,3,1678,1494,1232,78,169,1702,16383,1682,1672,1679982,808,2009,2102,532469,11954,8,382494,1496,81381,563,3856496429,3856596070,0,3856596079,3856596594,3493041738,17862268,979,69,49,0.0834,1670.0,0.11338825213317705,-0.041601125815626805,0.0834,23.43,74.2,,,,,,
2026-07-30T22:18:30.837594+00:00,S043,mounted,true,orientation_change,mild,1300,orientation_change-mild_horizontal_no_load_1300rpm,3856695,1325,268,1618,2125,1,3,997466,9,4250908,73,0,2,1678,1494,1229,75,170,1702,16383,1682,1672,1663544,800,2029,2101,532495,11953,8,382494,1496,81382,563,3856597025,3856696139,0,3856696149,3856696664,3459261088,17859281,979,74,57,0.0834,1670.0,0.11201463256086308,-0.007987182548314653,0.0834,23.43,74.2,,,,,,
2026-07-30T22:18:30.976692+00:00,S043,mounted,true,orientation_change,mild,1300,orientation_change-mild_horizontal_no_load_1300rpm,3856795,1318,268,1625,2134,3,3,997519,9,4250908,73,1,3,1678,1494,1244,75,170,1701,16383,1682,1674,1663623,800,2005,2247,532492,11951,8,382491,1496,81383,563,3856697095,3856796323,0,3856796333,3856796848,3459622771,17853303,974,78,53,0.0834,1670.0,0.3559783818090536,-0.04742855116726652,0.0834,23.46,74.2,,,,,,
2026-07-30T22:18:31.069476+00:00,S043,mounted,true,orientation_change,mild,1300,orientation_change-mild_horizontal_no_load_1300rpm,3856895,1312,267,1635,2145,2,3,997572,9,4250908,73,0,3,1678,1495,1239,73,168,1702,16383,1682,1674,1663403,800,1870,2287,532482,11956,8,382497,1496,81384,563,3856797280,3856896379,0,3856896393,3856896908,3458755481,17868246,989,65,61,0.0834,1670.0,0.42106288357310095,-0.27377323686851796,0.0834,23.43,74.2,,,,,,
2026-07-30T22:18:31.162354+00:00,S043,mounted,true,orientation_change,mild,1300,orientation_change-mild_horizontal_no_load_1300rpm,3856995,1311,267,1637,2146,4,3,997624,9,4250908,73,0,2,1678,1494,1227,73,167,1705,16383,1681,1673,1663437,800,2047,2107,532488,11953,8,382497,1496,81385,563,3856897335,3856996410,0,3856996419,3856996934,3458812209,17859279,988,53,53,0.0834,1670.0,0.12201478381996145,0.022013271228980003,0.0834,23.34,74.0,,,,,,
2026-07-30T22:18:31.255315+00:00,S043,mounted,true,orientation_change,mild,1300,orientation_change-mild_horizontal_no_load_1300rpm,3857096,1319,268,1626,2135,5,3,997677,9,4250908,73,1,2,1678,1495,1205,73,167,1705,16383,1690,1673,1680022,808,2023,2273,532482,11956,8,382502,1496,81386,563,3856997365,3857097044,0,3857097118,3857097632,3493268728,17868244,999,53,50,0.0834,1670.0,0.39773505219136807,-0.01883336533957891,0.0834,23.34,74.0,,,,,,
2026-07-30T22:18:31.348720+00:00,S043,mounted,true,orientation_change,mild,1300,orientation_change-mild_horizontal_no_load_1300rpm,3857196,1324,266,1622,2125,1,3,997730,9,4250908,73,0,2,1678,1494,1214,75,164,1704,16383,1681,1672,1663444,800,2014,2107,532477,11948,8,382492,1496,81387,563,3857098061,3857197131,0,3857197205,3857197719,3458847308,17844348,999,45,63,0.0834,1670.0,0.12348436859725487,-0.031582841312354226,0.0834,23.37,74.1,,,,,,
2026-07-30T22:18:31.442258+00:00,S043,mounted,true,orientation_change,mild,1300,orientation_change-mild_horizontal_no_load_1300rpm,3857296,1317,268,1626,2135,3,3,997783,9,4250908,73,0,2,1678,1494,1200,72,154,1707,16383,1682,1673,1663453,800,1924,2184,532480,11955,8,382496,1496,81388,563,3857198146,3857297362,0,3857297436,3857297951,3458917369,17865257,985,62,55,0.0834,1670.0,0.24974109887076468,-0.18352629385194508,0.0834,23.28,73.9,,,,,,
2026-07-30T22:18:31.582027+00:00,S043,mounted,true,orientation_change,mild,1300,orientation_change-mild_horizontal_no_load_1300rpm,3857396,1313,267,1634,2144,2,3,997836,9,4250908,73,0,2,1678,1494,1209,72,154,1702,16383,1682,1675,1663523,800,2047,2172,532480,11954,8,382498,1496,81389,563,3857298378,3857397442,0,3857397521,3857398036,3459177277,17862268,985,67,55,0.0834,1670.0,0.23004692370754531,0.0217278673247443,0.0834,23.43,74.2,,,,,,
2026-07-30T22:18:31.676194+00:00,S043,mounted,true,orientation_change,mild,1300,orientation_change-mild_horizontal_no_load_1300rpm,3857497,1310,266,1638,2147,6,3,997889,9,4250908,73,0,2,1678,1494,1222,70,141,1702,16383,1682,1672,1679755,808,2033,2101,532481,11952,8,382496,1496,81390,563,3857398463,3857498170,0,3857498185,3857498700,3492090371,17856292,981,63,63,0.0834,1670.0,0.11230761445783077,-0.0010369156626506282,0.0834,23.43,74.2,,,,,,
2026-07-30T22:18:31.769596+00:00,S043,mounted,true,orientation_change,mild,1300,orientation_change-mild_horizontal_no_load_1300rpm,3857597,1311,268,1635,2147,5,3,997941,9,4250908,73,0,2,1678,1494,1219,70,141,1702,16383,1682,1671,1662651,800,1871,2111,532425,11954,8,382498,1496,81391,563,3857499127,3857598215,0,3857598224,3857598739,3455609043,17862270,976,67,61,0.0834,1670.0,0.12838722419273818,-0.271585364062239,0.0834,23.43,74.2,,,,,,
2026-07-30T22:18:31.862994+00:00,S043,mounted,true,orientation_change,mild,1300,orientation_change-mild_horizontal_no_load_1300rpm,3857697,1311,268,1636,2148,1,3,997994,9,4250908,73,1,2,1678,1494,1226,72,161,1706,16383,1682,1672,1663147,800,1831,2219,532455,11955,8,382501,1496,81392,563,3857599170,3857698256,0,3857698271,3857698786,3457692043,17865255,983,58,64,0.0834,1670.0,0.3080655555834375,-0.33850270740276045,0.0834,23.31,74.0,,,,,,
2026-07-30T22:18:31.957805+00:00,S043,mounted,true,orientation_change,mild,1300,orientation_change-mild_horizontal_no_load_1300rpm,3857797,1319,268,1629,2138,2,3,998046,9,4250908,73,2,2,1678,1494,1218,75,162,1706,16383,1682,1673,1663410,800,2011,2105,532484,11953,8,382501,1496,81393,563,3857699215,3857798426,0,3857798436,3857798951,3458710688,17859281,985,71,58,0.0834,1670.0,0.11868140006692851,-0.037987636325608864,0.0834,23.31,74.0,,,,,,
2026-07-30T22:18:32.050778+00:00,S043,mounted,true,orientation_change,mild,1300,orientation_change-mild_horizontal_no_load_1300rpm,3857898,1331,269,1612,2117,2,3,998100,9,4250908,73,1,2,1678,1495,1222,75,162,1707,16383,1681,1673,1680040,808,1905,2110,532474,11957,8,382508,1496,81394,563,3857799380,3857899080,0,3857899154,3857899669,3493300390,17871239,976,74,47,0.0834,1670.0,0.12583840386384493,-0.215719130634775,0.0834,23.28,73.9,,,,,,
2026-07-30T22:18:32.158906+00:00,S043,mounted,true,orientation_change,mild,1300,orientation_change-mild_horizontal_no_load_1300rpm,3857998,1335,266,1607,2106,6,3,998153,9,4250908,73,0,2,1678,1495,1208,73,156,1712,16383,1681,1673,1663454,800,1905,2148,532480,11957,8,382515,1496,81395,563,3857900099,3857999184,0,3857999258,3857999772,3458921570,17871233,973,83,39,0.0834,1670.0,0.18915150781968704,-0.215719130634775,0.0834,23.13,73.6,,,,,,
2026-07-30T22:18:32.252191+00:00,S043,mounted,true,orientation_change,mild,1300,orientation_change-mild_horizontal_no_load_1300rpm,3858098,1328,269,1611,2117,6,3,998207,9,4250908,73,1,3,1678,1494,1218,74,151,1708,16383,1681,1673,1663242,800,1943,2108,532489,11954,8,382515,1496,81396,563,3858000199,3858099266,0,3858099344,3858099859,3458023472,17862266,995,68,57,0.0834,1670.0,0.12338756683955143,-0.15159358758574548,0.0834,23.25,73.8,,,,,,
2026-07-30T22:18:32.345476+00:00,S043,mounted,true,orientation_change,mild,1300,orientation_change-mild_horizontal_no_load_1300rpm,3858199,1314,267,1633,2141,4,3,998260,9,4250908,73,1,2,1678,1494,1222,74,151,1700,16383,1681,1674,1679967,808,1883,2297,532493,11953,8,382514,1496,81397,563,3858100288,3858200210,0,3858200224,3858200739,3493105277,17859279,996,58,61,0.0834,1670.0,0.4386862403580687,-0.2513241965197026,0.0834,23.49,74.3,,,,,,
2026-07-30T22:18:32.485945+00:00,S043,mounted,true,orientation_change,mild,1300,orientation_change-mild_horizontal_no_load_1300rpm,3858299,1311,268,1635,2146,1,3,998312,9,4250908,73,1,2,1678,1494,1235,70,158,1701,16383,1681,1670,1663250,800,1939,2199,532468,11952,8,382511,1496,81398,563,3858201169,3858300256,0,3858300266,3858300781,3458089732,17856288,993,83,48,0.0834,1670.0,0.27565708433734937,-0.15771906024096438,0.0834,23.46,74.2,,,,,,
2026-07-30T22:18:32.565401+00:00,S043,mounted,true,orientation_change,mild,1300,orientation_change-mild_horizontal_no_load_1300rpm,3858399,1311,267,1636,2146,3,3,998365,9,4250908,73,0,2,1678,1494,1243,70,158,1704,16383,1681,1674,1663720,800,2057,2109,532482,11953,8,382511,1496,81399,563,3858301214,3858400304,0,3858400318,3858400833,3459988712,17859281,984,85,50,0.0834,1670.0,0.12534816757299438,0.0386801899941438,0.0834,23.37,74.1,,,,,,
2026-07-30T22:18:32.674637+00:00,S043,mounted,true,orientation_change,mild,1300,orientation_change-mild_horizontal_no_load_1300rpm,3858499,1310,267,1637,2148,6,3,998417,9,4250908,73,0,2,1678,1494,1219,68,152,1705,16383,1681,1674,1663207,800,1995,2116,532470,11954,8,382512,1496,81400,563,3858401260,3858500358,0,3858500367,3858500882,3457863093,17862268,979,77,61,0.0834,1670.0,0.1367199864480506,-0.06493286013050081,0.0834,23.34,74.0,,,,,,
2026-07-30T22:18:32.767699+00:00,S043,mounted,true,orientation_change,mild,1300,orientation_change-mild_horizontal_no_load_1300rpm,3858599,1314,265,1634,2139,4,3,998470,9,4250908,73,1,2,1678,1494,1226,69,146,1701,16383,1681,1675,1663497,800,2031,2103,532487,11952,8,382509,1496,81401,563,3858501313,3858600386,0,3858600401,3858600916,3459063879,17856300,980,75,61,0.0834,1670.0,0.1156412771084332,-0.0043705783132530485,0.0834,23.46,74.2,,,,,,
2026-07-30T22:18:32.861788+00:00,S043,mounted,true,orientation_change,mild,1300,orientation_change-mild_horizontal_no_load_1300rpm,3858699,1323,268,1621,2129,5,3,998523,9,4250908,73,0,2,1678,1494,1247,69,146,1700,16383,1681,1673,1663835,800,1919,2291,532487,11952,8,382507,1496,81402,563,3858601345,3858700431,0,3858700598,3858701113,3460564761,17856292,970,73,61,0.0834,1670.0,0.4290055662650598,-0.19105568674698814,0.0834,23.49,74.3,,,,,,
2026-07-30T22:18:32.969583+00:00,S043,mounted,true,orientation_change,mild,1300,orientation_change-mild_horizontal_no_load_1300rpm,3858800,1324,267,1619,2123,1,3,998576,9,4250908,73,1,2,1678,1494,1226,70,143,1700,16383,1681,1673,1679712,808,2003,2101,532474,11954,8,382508,1496,81403,563,3858701540,3858801090,0,3858801164,3858801679,3491917402,17862266,974,76,55,0.0834,1670.0,0.11172169968211465,-0.05160044052200119,0.0834,23.49,74.3,,,,,,
2026-07-30T22:18:33.064023+00:00,S043,mounted,true,orientation_change,mild,1300,orientation_change-mild_horizontal_no_load_1300rpm,3858900,1309,267,1637,2148,3,3,998629,9,4250908,73,1,3,1678,1494,1245,74,149,1711,16383,1681,1673,1663559,800,2029,2228,532475,11954,8,382509,1496,81404,563,3858802108,3858901186,0,3858901264,3858901779,3459353767,17862268,981,70,62,0.0834,1670.0,0.32337386096704,-0.008270076794378411,0.0834,23.16,73.7,,,,,,
2026-07-30T22:18:33.158049+00:00,S043,mounted,true,orientation_change,mild,1300,orientation_change-mild_horizontal_no_load_1300rpm,3859000,1302,266,1649,2160,6,3,998681,9,4250908,73,1,2,1678,1494,1227,74,149,1702,16383,1681,1673,1663230,800,2046,2106,532468,11952,8,382507,1496,81405,563,3858902209,3859001275,0,3859001354,3859001869,3457954108,17856294,978,77,56,0.0834,1670.0,0.12064177108433727,0.02063189156626466,0.0834,23.43,74.2,,,,,,
2026-07-30T22:18:33.252078+00:00,S043,mounted,true,orientation_change,mild,1300,orientation_change-mild_horizontal_no_load_1300rpm,3859100,1303,268,1651,2166,5,3,998733,9,4250908,73,3,1,1678,1494,1237,73,147,1700,16383,1681,1673,1663640,800,2047,2104,532488,11952,8,382505,1496,81406,563,3859002298,3859101351,0,3859101425,3859101940,3459661808,17856292,984,68,58,0.0834,1670.0,0.1173081084337344,0.02229872289156587,0.0834,23.49,74.3,,,,,,
2026-07-30T22:18:33.346079+00:00,S043,mounted,true,orientation_change,mild,1300,orientation_change-mild_horizontal_no_load_1300rpm,3859200,1332,265,1618,2116,1,3,998786,9,4250908,73,3,2,1678,1494,1230,73,147,1701,16383,1682,1672,1663465,800,1959,2217,532470,11949,8,382497,1496,81407,563,3859102369,3859201435,0,3859201509,3859202024,3458980393,17847329,997,62,70,0.0834,1670.0,0.3065878325382876,-0.123562618880241,0.0834,23.46,74.2,,,,,,
2026-07-30T22:18:33.484936+00:00,S043,mounted,true,orientation_change,mild,1300,orientation_change-mild_horizontal_no_load_1300rpm,3859301,1348,269,1589,2089,5,3,998841,9,4250908,73,0,2,1678,1494,1261,74,152,1704,16383,1681,1670,1679950,808,2045,2115,532480,11955,8,382500,1496,81408,563,3859202453,3859302091,0,3859302105,3859302620,3492897112,17865255,993,54,77,0.0834,1670.0,0.1347585984943538,0.018109685069008563,0.0834,23.37,74.1,,,,,,
2026-07-30T22:18:33.567617+00:00,S043,mounted,true,orientation_change,mild,1300,orientation_change-mild_horizontal_no_load_1300rpm,3859401,1327,267,1611,2115,1,3,998894,9,4250908,73,3,3,1678,1494,1219,77,144,1705,16383,1682,1672,1662770,800,2001,2205,532421,11952,8,382498,1496,81409,563,3859303047,3859402131,0,3859402141,3859402656,3456069602,17856292,991,59,71,0.0834,1670.0,0.2856580722891562,-0.05437551807228935,0.0834,23.34,74.0,,,,,,
2026-07-30T22:18:33.672817+00:00,S043,mounted,true,orientation_change,mild,1300,orientation_change-mild_horizontal_no_load_1300rpm,3859501,1306,268,1641,2154,2,3,998946,9,4250908,73,1,3,1678,1494,1247,77,144,1704,16383,1682,1672,1663315,800,2020,2263,532410,11951,8,382494,1496,81410,563,3859403085,3859502186,0,3859502196,3859502711,3458360189,17853303,992,57,68,0.0834,1670.0,0.3826499145678186,-0.022423989205924588,0.0834,23.37,74.1,,,,,,
2026-07-30T22:18:33.766248+00:00,S043,mounted,true,orientation_change,mild,1300,orientation_change-mild_horizontal_no_load_1300rpm,3859601,1302,267,1646,2160,4,3,998998,9,4250908,73,0,3,1678,1494,1228,78,141,1711,16383,1682,1673,1663005,800,1939,2127,532413,11955,8,382498,1496,81411,563,3859503140,3859602223,0,3859602232,3859602750,3457037167,17865255,978,59,66,0.0834,1670.0,0.15475555508155558,-0.1585300981179425,0.0834,23.16,73.7,,,,,,
2026-07-30T22:18:33.858651+00:00,S043,mounted,true,orientation_change,mild,1300,orientation_change-mild_horizontal_no_load_1300rpm,3859701,1318,268,1627,2136,5,3,999051,9,4250908,73,1,2,1678,1494,1241,79,145,1707,16383,1681,1672,1663082,800,1899,2107,532402,11953,8,382498,1496,81412,563,3859603177,3859702431,0,3859702440,3859702955,3457368420,17859279,983,69,62,0.0834,1670.0,0.12201478381996145,-0.2246571264954409,0.0834,23.28,73.9,,,,,,
2026-07-30T22:18:33.952367+00:00,S043,mounted,true,orientation_change,mild,1300,orientation_change-mild_horizontal_no_load_1300rpm,3859802,1323,268,1622,2129,1,3,999104,9,4250908,73,0,2,1678,1494,1222,79,145,1705,16383,1681,1673,1680365,808,2036,2258,532479,11955,8,382501,1496,81413,563,3859703388,3859802988,0,3859803062,3859803577,3494656813,17865257,984,58,64,0.0834,1670.0,0.37305566449184413,0.003111967628607104,0.0834,23.34,74.0,,,,,,
2026-07-30T22:18:34.093088+00:00,S043,mounted,true,orientation_change,mild,1300,orientation_change-mild_horizontal_no_load_1300rpm,3859902,1324,268,1619,2125,3,3,999157,9,4250908,73,0,2,1678,1494,1211,76,138,1708,16383,1681,1673,1663525,800,2047,2105,532477,11955,8,382504,1496,81414,563,3859804005,3859903102,0,3859903176,3859903691,3459180947,17865255,979,74,53,0.0834,1670.0,0.11809446800501888,0.021442511166875455,0.0834,23.25,73.8,,,,,,
2026-07-30T22:18:34.188010+00:00,S043,mounted,true,orientation_change,mild,1300,orientation_change-mild_horizontal_no_load_1300rpm,3860002,1324,267,1621,2125,2,3,999210,9,4250908,73,1,2,1678,1494,1239,76,138,1704,16383,1681,1671,1662963,800,1919,2211,532475,11954,8,382505,1496,81415,563,3859904118,3860003185,0,3860003259,3860003773,3456908063,17862266,984,65,60,0.0834,1670.0,0.29504246929897926,-0.19159084641124302,0.0834,23.37,74.1,,,,,,
2026-07-30T22:18:34.285764+00:00,S043,mounted,true,orientation_change,mild,1300,orientation_change-mild_horizontal_no_load_1300rpm,3860102,1323,268,1621,2128,6,3,999263,9,4250908,73,0,2,1678,1494,1250,73,142,1707,16383,1681,1675,1663542,800,2053,2113,532478,11953,8,382505,1496,81416,563,3860004202,3860103277,0,3860103350,3860103865,3459249204,17859277,991,59,58,0.0834,1670.0,0.13201493507905937,0.032013422488077925,0.0834,23.28,73.9,,,,,,
2026-07-30T22:18:34.375427+00:00,S043,mounted,true,orientation_change,mild,1300,orientation_change-mild_horizontal_no_load_1300rpm,3860202,1333,269,1609,2114,6,3,999317,9,4250908,73,1,2,1678,1494,1209,72,144,1704,16383,1681,1672,1663717,800,2049,2103,532486,11955,8,382508,1496,81417,563,3860104292,3860203348,0,3860203427,3860203942,3459978507,17865255,998,72,56,0.0834,1670.0,0.11476164190715155,0.02477533726474279,0.0834,23.37,74.1,,,,,,
2026-07-30T22:18:34.467948+00:00,S043,mounted,true,orientation_change,mild,1300,orientation_change-mild_horizontal_no_load_1300rpm,3860302,1335,267,1608,2109,4,3,999370,9,4250908,73,1,2,1678,1494,1239,72,144,1702,16383,1682,1670,1663429,800,1897,2195,532486,11955,8,382511,1496,81418,563,3860204371,3860303431,0,3860303505,3860304020,3458834427,17865259,995,73,50,0.0834,1670.0,0.2680716424090335,-0.22851944617314945,0.0834,23.43,74.2,,,,,,
2026-07-30T22:18:34.560422+00:00,S043,mounted,true,orientation_change,mild,1300,orientation_change-mild_horizontal_no_load_1300rpm,3860403,1336,267,1604,2104,4,3,999424,9,4250908,73,0,2,1678,1495,1232,73,143,1703,16383,1681,1673,1680075,808,2039,2279,532473,11956,8,382516,1496,81419,563,3860304453,3860404089,0,3860404099,3860404614,3493461569,17868244,986,69,56,0.0834,1670.0,0.40773269421211067,0.00782701338240166,0.0834,23.4,74.1,,,,,,
2026-07-30T22:18:34.654454+00:00,S043,mounted,true,orientation_change,mild,1300,orientation_change-mild_horizontal_no_load_1300rpm,3860503,1328,268,1614,2119,5,3,999477,9,4250908,73,0,2,1678,1494,1224,73,146,1704,16383,1682,1674,1663796,800,2005,2237,532479,11955,8,382518,1496,81420,563,3860405041,3860504119,0,3860504129,3860504644,3460335746,17865257,1004,62,76,0.0834,1670.0,0.3380609904642409,-0.0485468368883315,0.0834,23.37,74.1,,,,,,
2026-07-30T22:18:34.795669+00:00,S043,mounted,true,orientation_change,mild,1300,orientation_change-mild_horizontal_no_load_1300rpm,3860603,1326,269,1617,2124,1,3,999530,9,4250908,73,0,2,1678,1494,1218,73,146,1706,16383,1682,1674,1663743,800,2047,2182,532482,11952,8,382515,1496,81421,563,3860505076,3860604194,0,3860604203,3860604718,3460096821,17856292,993,55,66,0.0834,1670.0,0.24732095180722835,0.02229872289156587,0.0834,23.31,74.0,,,,,,
2026-07-30T22:18:34.889146+00:00,S043,mounted,true,orientation_change,mild,1300,orientation_change-mild_horizontal_no_load_1300rpm,3860703,1324,268,1618,2125,3,3,999583,9,4250908,73,0,3,1678,1495,1237,73,145,1708,16383,1694,1673,1663780,800,1917,2359,532468,11956,8,382519,1496,81422,563,3860605149,3860704377,0,3860704386,3860704900,3460435108,17868250,1005,45,71,0.0834,1670.0,0.5410345878220135,-0.19545837437269986,0.0834,23.25,73.8,,,,,,
2026-07-30T22:18:34.983037+00:00,S043,mounted,true,orientation_change,mild,1300,orientation_change-mild_horizontal_no_load_1300rpm,3860803,1325,268,1618,2124,2,3,999636,9,4250908,73,1,2,1678,1494,1232,73,145,1708,16383,1681,1673,1662853,800,1965,2103,532451,11954,8,382519,1496,81423,563,3860705329,3860804399,0,3860804408,3860804923,3456395657,17862268,1016,27,89,0.0834,1670.0,0.11505480458423945,-0.11492943366237274,0.0834,23.25,73.8,,,,,,
2026-07-30T22:18:35.076015+00:00,S043,mounted,true,orientation_change,mild,1300,orientation_change-mild_horizontal_no_load_1300rpm,3860904,1324,268,1618,2125,2,3,999690,9,4250908,73,1,3,1678,1494,1226,78,148,1707,16383,1682,1672,1679773,808,1975,2109,532448,11955,8,382521,1496,81424,563,3860805354,3860905035,0,3860905114,3860905629,3492170699,17865255,1005,48,74,0.0834,1670.0,0.12476012020075222,-0.09853922835633666,0.0834,23.28,73.9,,,,,,
2026-07-30T22:18:35.171350+00:00,S043,mounted,true,orientation_change,mild,1300,orientation_change-mild_horizontal_no_load_1300rpm,3861004,1316,267,1628,2136,4,3,999742,9,4250908,73,1,2,1678,1494,1229,77,150,1706,16383,1681,1674,1663208,800,2047,2109,532477,11954,8,382521,1496,81425,563,3860906059,3861005249,0,3861005322,3861005838,3457861786,17862270,999,45,68,0.0834,1670.0,0.12505411929061339,0.0217278673247443,0.0834,23.31,74.0,,,,,,
2026-07-30T22:18:35.266413+00:00,S043,mounted,true,orientation_change,mild,1300,orientation_change-mild_horizontal_no_load_1300rpm,3861104,1312,267,1635,2145,5,3,999795,9,4250908,73,0,2,1678,1494,1213,77,150,1707,16383,1682,1674,1663350,800,2060,2105,532470,11954,8,382521,1496,81426,563,3861006267,3861105495,0,3861105568,3861106084,3458449946,17862268,998,55,69,0.0834,1670.0,0.11838790948636424,0.04339304918855591,0.0834,23.28,73.9,,,,,,
2026-07-30T22:18:35.361035+00:00,S043,mounted,true,orientation_change,mild,1300,orientation_change-mild_horizontal_no_load_1300rpm,3861205,1329,268,1619,2123,1,3,999848,9,4250908,73,4,2,1678,1494,1221,76,151,1704,16383,1681,1673,1680391,808,1938,2233,532490,11955,8,382523,1496,81427,563,3861106511,3861206091,0,3861206100,3861206615,3494802003,17865255,986,65,65,0.0834,1670.0,0.33139533826850665,-0.16019651116687594,0.0834,23.37,74.1,,,,,,
2026-07-30T22:18:35.487385+00:00,S043,mounted,true,orientation_change,mild,1300,orientation_change-mild_horizontal_no_load_1300rpm,3861305,1353,269,1585,2083,1,3,999902,9,4250908,73,2,2,1678,1495,1200,75,145,1706,16383,1682,1672,1663421,800,1979,2351,532466,11956,8,382527,1496,81428,563,3861207048,3861306120,0,3861306130,3861306645,3458850195,17868246,995,60,61,0.0834,1670.0,0.5277043984610232,-0.0921494068250257,0.0834,23.31,74.0,,,,,,
2026-07-30T22:18:35.580457+00:00,S043,mounted,true,orientation_change,mild,1300,orientation_change-mild_horizontal_no_load_1300rpm,3861405,1360,271,1574,2072,5,3,999957,9,4250908,73,1,2,1678,1494,1208,75,145,1709,16383,1682,1674,1664275,800,2005,2235,532512,11954,8,382527,1496,81429,563,3861307074,3861406174,0,3861406188,3861406703,3462333437,17862266,1006,40,77,0.0834,1670.0,0.3350397281244768,-0.048267335619876395,0.0834,23.22,73.8,,,,,,
2026-07-30T22:18:35.675103+00:00,S043,mounted,true,orientation_change,mild,1300,orientation_change-mild_horizontal_no_load_1300rpm,3861505,1348,267,1586,2082,1,3,1000010,9,4250908,73,3,3,1678,1494,1208,77,146,1712,16383,1682,1674,1663147,800,2022,2103,532470,11955,8,382529,1496,81430,563,3861407134,3861506209,0,3861506218,3861506733,3457608919,17865257,985,60,66,0.0834,1670.0,0.11476164190715155,-0.02021781505646203,0.0834,23.13,73.6,,,,,,
2026-07-30T22:18:35.783872+00:00,S043,mounted,true,orientation_change,mild,1300,orientation_change-mild_horizontal_no_load_1300rpm,3861605,1327,268,1616,2121,1,3,1000064,9,4250908,73,0,3,1678,1494,1208,77,146,1714,16383,1681,1673,1663365,800,2049,2213,532473,11953,8,382527,1496,81431,563,3861507164,3861606367,0,3861606381,3861606897,3458549749,17859279,986,71,55,0.0834,1670.0,0.29868412273069467,0.025346654982012495,0.0834,23.07,73.5,,,,,,
2026-07-30T22:18:35.878178+00:00,S043,mounted,true,orientation_change,mild,1300,orientation_change-mild_horizontal_no_load_1300rpm,3861705,1326,268,1617,2123,3,3,1000117,9,4250908,73,0,2,1678,1494,1205,77,148,1707,16383,1681,1675,1663593,800,2045,2105,532487,11952,8,382524,1496,81432,563,3861607325,3861706410,0,3861706419,3861706934,3459459113,17856292,996,56,69,0.0834,1670.0,0.11897493975903606,0.01896506024096345,0.0834,23.28,73.9,,,,,,
2026-07-30T22:18:35.972420+00:00,S043,mounted,true,orientation_change,mild,1300,orientation_change-mild_horizontal_no_load_1300rpm,3861806,1324,268,1620,2127,2,3,1000170,9,4250908,73,0,2,1678,1494,1228,77,157,1703,16383,1682,1670,1680007,808,2045,2211,532458,11954,8,382524,1496,81433,563,3861707363,3861806964,0,3861807037,3861807552,3493168265,17862268,987,57,70,0.0834,1670.0,0.29504246929897926,0.018394762422619504,0.0834,23.4,74.1,,,,,,
2026-07-30T22:18:36.065564+00:00,S043,mounted,true,orientation_change,mild,1300,orientation_change-mild_horizontal_no_load_1300rpm,3861906,1325,267,1619,2124,6,3,1000223,9,4250908,73,0,2,1678,1495,1234,77,157,1705,16383,1682,1673,1663374,800,2047,2103,532477,11956,8,382528,1496,81434,563,3861807984,3861907084,0,3861907158,3861907673,3458550366,17868244,1000,59,70,0.0834,1670.0,0.11446852827032439,0.021157202743391945,0.0834,23.34,74.0,,,,,,
2026-07-30T22:18:36.177630+00:00,S043,mounted,true,orientation_change,mild,1300,orientation_change-mild_horizontal_no_load_1300rpm,3862006,1318,267,1626,2133,4,3,1000276,9,4250908,73,1,2,1678,1494,1213,75,149,1706,16383,1682,1673,1663107,800,2041,2105,532469,11953,8,382526,1496,81435,563,3861908102,3862007169,0,3862007243,3862007758,3457441901,17859279,996,60,72,0.0834,1670.0,0.11868140006692851,0.01201311996988208,0.0834,23.31,74.0,,,,,,
2026-07-30T22:18:36.265980+00:00,S043,mounted,true,orientation_change,mild,1300,orientation_change-mild_horizontal_no_load_1300rpm,3862106,1312,268,1632,2144,5,3,1000329,9,4250908,73,0,2,1678,1494,1240,76,152,1706,16383,1681,1673,1662707,800,1899,2121,532459,11948,8,382515,1496,81436,563,3862008192,3862107254,0,3862107332,3862107848,3455822273,17844342,978,66,57,0.0834,1670.0,0.14682781955138902,-0.2233326170070309,0.0834,23.31,74.0,,,,,,
2026-07-30T22:18:36.360185+00:00,S043,mounted,true,orientation_change,mild,1300,orientation_change-mild_horizontal_no_load_1300rpm,3862206,1310,266,1639,2148,3,3,1000381,9,4250908,73,0,2,1678,1494,1209,76,152,1705,16383,1681,1674,1663345,800,2045,2103,532473,11950,8,382508,1496,81437,563,3862108276,3862207354,0,3862207428,3862207943,3458428821,17850318,987,47,64,0.0834,1670.0,0.11622794594142238,0.01953554895397458,0.0834,23.34,74.0,,,,,,
2026-07-30T22:18:36.500827+00:00,S043,mounted,true,orientation_change,mild,1300,orientation_change-mild_horizontal_no_load_1300rpm,3862306,1304,267,1646,2159,6,3,1000433,9,4250908,73,0,2,1678,1494,1209,76,162,1701,16383,1682,1673,1663806,800,2051,2299,532501,11953,8,382508,1496,81438,563,3862208375,3862307447,0,3862307521,3862308036,3460398546,17859279,980,52,72,0.0834,1670.0,0.44201962411110163,0.028680038735045432,0.0834,23.46,74.2,,,,,,
2026-07-30T22:18:36.594746+00:00,S043,mounted,true,orientation_change,mild,1300,orientation_change-mild_horizontal_no_load_1300rpm,3862407,1301,266,1649,2161,4,3,1000486,9,4250908,73,1,3,1678,1495,1216,76,162,1697,16383,1681,1674,1680140,808,2042,2235,532458,11956,8,382513,1496,81439,563,3862308464,3862408149,0,3862408159,3862408674,3493710080,17868244,987,52,76,0.0834,1670.0,0.3344166527266643,0.012825834392772961,0.0834,23.58,74.4,,,,,,
2026-07-30T22:18:36.689201+00:00,S043,mounted,true,orientation_change,mild,1300,orientation_change-mild_horizontal_no_load_1300rpm,3862507,1299,268,1652,2168,1,3,1000538,9,4250908,73,1,2,1678,1494,1261,78,165,1700,16383,1681,1673,1663108,800,2053,2105,532471,11955,8,382515,1496,81440,563,3862409104,3862508226,0,3862508235,3862508750,3457445238,17865255,988,46,77,0.0834,1670.0,0.11809446800501888,0.031440989460476576,0.0834,23.49,74.3,,,,,,
2026-07-30T22:18:36.782901+00:00,S043,mounted,true,orientation_change,mild,1300,orientation_change-mild_horizontal_no_load_1300rpm,3862607,1300,268,1652,2168,2,3,1000590,9,4250908,73,2,2,1678,1494,1222,75,157,1703,16383,1681,1674,1663077,800,1915,2336,532456,11954,8,382515,1496,81441,563,3862509181,3862608414,0,3862608423,3862608938,3457408637,17862268,990,52,67,0.0834,1670.0,0.5033615256817798,-0.1982570562154926,0.0834,23.4,74.1,,,,,,
2026-07-30T22:18:36.877389+00:00,S043,mounted,true,orientation_change,mild,1300,orientation_change-mild_horizontal_no_load_1300rpm,3862708,1300,268,1650,2166,4,3,1000642,9,4250908,73,0,2,1678,1494,1219,75,157,1701,16383,1680,1673,1679935,808,2055,2251,532441,11950,8,382508,1496,81442,563,3862609369,3862708992,0,3862709066,3862709581,3492861475,17850316,985,67,59,0.0834,1670.0,0.3629602692887026,0.036206651882845,0.0834,23.46,74.2,,,,,,
2026-07-30T22:18:36.971536+00:00,S043,mounted,true,orientation_change,mild,1300,orientation_change-mild_horizontal_no_load_1300rpm,3862808,1312,265,1642,2147,5,3,1000695,9,4250908,73,2,2,1678,1495,1234,80,176,1704,16383,1681,1674,1663247,800,2033,2286,532440,11956,8,382513,1496,81443,563,3862710013,3862809067,0,3862809147,3862809662,3458069159,17868244,986,67,65,0.0834,1670.0,0.41939660990297734,-0.0021706286383409434,0.0834,23.37,74.1,,,,,,
2026-07-30T22:18:37.078300+00:00,S043,mounted,true,orientation_change,mild,1300,orientation_change-mild_horizontal_no_load_1300rpm,3862908,1320,267,1626,2133,1,3,1000748,9,4250908,73,1,2,1678,1494,1243,78,165,1699,16383,1681,1674,1663547,800,2047,2135,532472,11954,8,382513,1496,81444,563,3862810092,3862909150,0,3862909229,3862909744,3459277617,17862266,982,60,62,0.0834,1670.0,0.16838448301823616,0.0217278673247443,0.0834,23.52,74.3,,,,,,
2026-07-30T22:18:37.169735+00:00,S043,mounted,true,orientation_change,mild,1300,orientation_change-mild_horizontal_no_load_1300rpm,3863008,1323,268,1620,2127,3,3,1000801,9,4250908,73,1,2,1678,1494,1233,78,165,1711,16383,1681,1673,1663605,800,2029,2103,532479,11953,8,382512,1496,81445,563,3862910175,3863009234,0,3863009313,3863009828,3459516223,17859281,986,62,60,0.0834,1670.0,0.11534801631389602,-0.007987182548314653,0.0834,23.16,73.7,,,,,,
2026-07-30T22:18:37.311921+00:00,S043,mounted,true,orientation_change,mild,1300,orientation_change-mild_horizontal_no_load_1300rpm,3863108,1304,268,1644,2159,6,3,1000853,9,4250908,73,0,2,1678,1495,1239,77,173,1711,16383,1682,1670,1663573,800,2045,2347,532484,11956,8,382517,1496,81446,563,3863010258,3863109328,0,3863109402,3863109917,3459476207,17868246,986,65,55,0.0834,1670.0,0.5210393037805283,0.017824655403144707,0.0834,23.16,73.7,,,,,,
2026-07-30T22:18:37.406695+00:00,S043,mounted,true,orientation_change,mild,1300,orientation_change-mild_horizontal_no_load_1300rpm,3863208,1300,265,1654,2164,5,3,1000905,9,4250908,73,0,2,1678,1494,1206,77,173,1709,16383,1682,1673,1663188,800,2050,2130,532479,11955,8,382519,1496,81447,563,3863110345,3863209397,0,3863209471,3863209986,3457781602,17865255,994,56,62,0.0834,1670.0,0.15975479422835592,0.026441750313676238,0.0834,23.22,73.8,,,,,,
2026-07-30T22:18:37.500292+00:00,S043,mounted,true,orientation_change,mild,1300,orientation_change-mild_horizontal_no_load_1300rpm,3863309,1295,266,1656,2171,3,3,1000957,9,4250908,73,1,3,1678,1494,1243,76,165,1708,16383,1681,1673,1679636,808,1971,2105,532454,11954,8,382519,1496,81448,563,3863210418,3863310086,0,3863310096,3863310611,3491604034,17862270,974,83,47,0.0834,1670.0,0.11838790948636424,-0.10493011895599791,0.0834,23.25,73.8,,,,,,
2026-07-30T22:18:37.593250+00:00,S043,mounted,true,orientation_change,mild,1300,orientation_change-mild_horizontal_no_load_1300rpm,3863409,1289,267,1665,2183,6,3,1001009,9,4250908,73,1,2,1678,1494,1211,74,161,1709,16383,1681,1673,1662973,800,2057,2105,532419,11952,8,382516,1496,81449,563,3863311045,3863410115,0,3863410129,3863410645,3456884191,17856290,989,72,53,0.0834,1670.0,0.11897493975903606,0.03896703614457797,0.0834,23.22,73.8,,,,,,
2026-07-30T22:18:37.686620+00:00,S043,mounted,true,orientation_change,mild,1300,orientation_change-mild_horizontal_no_load_1300rpm,3863509,1288,266,1666,2183,1,3,1001060,9,4250908,73,0,2,1678,1494,1232,74,161,1703,16383,1682,1673,1663332,800,1931,2219,532447,11950,8,382509,1496,81450,563,3863411075,3863510179,0,3863510188,3863510702,3458430000,17850316,976,80,52,0.0834,1670.0,0.309612739916318,-0.17051502443514677,0.0834,23.4,74.1,,,,,,
2026-07-30T22:18:37.780352+00:00,S043,mounted,true,orientation_change,mild,1300,orientation_change-mild_horizontal_no_load_1300rpm,3863609,1301,267,1651,2165,2,3,1001112,9,4250908,73,1,2,1678,1495,1227,71,149,1705,16383,1681,1672,1663162,800,1915,2279,532481,11958,8,382518,1496,81451,563,3863511131,3863610217,0,3863610227,3863610741,3457745484,17874222,965,88,54,0.0834,1670.0,0.40709756497742067,-0.19932460863020607,0.0834,23.34,74.0,,,,,,
2026-07-30T22:18:37.873902+00:00,S043,mounted,true,orientation_change,mild,1300,orientation_change-mild_horizontal_no_load_1300rpm,3863709,1311,267,1636,2146,6,3,1001165,9,4250908,73,1,2,1678,1494,1248,73,154,1706,16383,1681,1672,1663381,800,1969,2199,532471,11953,8,382517,1496,81452,563,3863611172,3863710250,0,3863710259,3863710774,3458607453,17859279,979,66,65,0.0834,1670.0,0.2753504364594659,-0.10798869513929565,0.0834,23.31,74.0,,,,,,
2026-07-30T22:18:37.968296+00:00,S043,mounted,true,orientation_change,mild,1300,orientation_change-mild_horizontal_no_load_1300rpm,3863809,1315,267,1634,2143,4,3,1001218,9,4250908,73,2,2,1678,1494,1213,73,154,1705,16383,1684,1673,1663491,800,1983,2265,532479,11955,8,382519,1496,81453,563,3863711205,3863810277,0,3863810291,3863810806,3459109087,17865257,986,68,67,0.0834,1670.0,0.3847205558343787,-0.0852079239648682,0.0834,23.34,74.0,,,,,,
2026-07-30T22:18:38.108658+00:00,S043,mounted,true,orientation_change,mild,1300,orientation_change-mild_horizontal_no_load_1300rpm,3863909,1321,268,1624,2132,1,3,1001270,9,4250908,73,0,2,1678,1494,1233,74,154,1704,16383,1682,1673,1663675,800,2039,2377,532466,11954,8,382519,1496,81454,563,3863811237,3863910338,0,3863910348,3863910866,3459915035,17862268,986,73,58,0.0834,1670.0,0.5716901761753386,0.008395447716245563,0.0834,23.37,74.1,,,,,,
2026-07-30T22:18:38.202998+00:00,S043,mounted,true,orientation_change,mild,1300,orientation_change-mild_horizontal_no_load_1300rpm,3864009,1325,268,1618,2124,3,3,1001323,9,4250908,73,0,2,1678,1493,1213,74,154,1702,16383,1681,1674,1663168,800,2022,2097,532477,11947,8,382506,1496,81455,563,3863911295,3864010413,0,3864010422,3864010941,3457696228,17841359,1000,55,62,0.0834,1670.0,0.10710314396919696,-0.017961524985352195,0.0834,23.43,74.2,,,,,,
2026-07-30T22:18:38.295730+00:00,S043,mounted,true,orientation_change,mild,1300,orientation_change-mild_horizontal_no_load_1300rpm,3864110,1320,267,1625,2132,3,3,1001377,9,4250908,73,0,2,1678,1494,1237,73,143,1703,16383,1681,1675,1680106,808,2058,2184,532475,11953,8,382506,1496,81456,563,3864011370,3864111067,0,3864111146,3864111661,3493555454,17859279,1007,63,64,0.0834,1670.0,0.2503500583117204,0.040346881870660045,0.0834,23.4,74.1,,,,,,
2026-07-30T22:18:38.388041+00:00,S043,mounted,true,orientation_change,mild,1300,orientation_change-mild_horizontal_no_load_1300rpm,3864210,1312,266,1634,2142,6,3,1001429,9,4250908,73,0,3,1678,1495,1230,69,136,1711,16383,1682,1674,1663405,800,1823,2235,532468,11958,8,382515,1496,81457,563,3864112090,3864211150,0,3864211224,3864211739,3458791335,17874222,986,84,52,0.0834,1670.0,0.33379378575012497,-0.3525961470145509,0.0834,23.16,73.7,,,,,,
2026-07-30T22:18:38.482849+00:00,S043,mounted,true,orientation_change,mild,1300,orientation_change-mild_horizontal_no_load_1300rpm,3864310,1312,268,1635,2146,4,3,1001482,9,4250908,73,1,2,1678,1494,1234,69,136,1706,16383,1683,1673,1663114,800,2021,2210,532456,11953,8,382514,1496,81458,563,3864212171,3864311250,0,3864311329,3864311844,3457497266,17859281,999,67,58,0.0834,1670.0,0.2936840471011455,-0.02132071756044507,0.0834,23.31,74.0,,,,,,
2026-07-30T22:18:38.575707+00:00,S043,mounted,true,orientation_change,mild,1300,orientation_change-mild_horizontal_no_load_1300rpm,3864410,1304,267,1647,2159,1,3,1001534,9,4250908,73,0,2,1678,1494,1230,72,137,1705,16383,1682,1671,1663582,800,2045,2287,532459,11951,8,382509,1496,81459,563,3864312274,3864411326,0,3864411400,3864411915,3459464478,17853303,995,62,57,0.0834,1670.0,0.4226572137059659,0.019250280729646185,0.0834,23.34,74.0,,,,,,
2026-07-30T22:18:38.716870+00:00,S043,mounted,true,orientation_change,mild,1300,orientation_change-mild_horizontal_no_load_1300rpm,3864510,1300,264,1652,2160,2,3,1001586,9,4250908,73,0,2,1678,1494,1227,75,150,1710,16383,1681,1673,1663313,800,2035,2210,532477,11951,8,382505,1496,81460,563,3864412344,3864511410,0,3864511484,3864511999,3458316047,17853303,992,65,60,0.0834,1670.0,0.2943004623044092,0.002580572755417787,0.0834,23.19,73.7,,,,,,
2026-07-30T22:18:38.809672+00:00,S043,mounted,true,orientation_change,mild,1300,orientation_change-mild_horizontal_no_load_1300rpm,3864611,1302,267,1649,2163,4,3,1001638,9,4250908,73,1,2,1678,1495,1224,75,150,1716,16383,1682,1672,1679913,808,1937,2253,532449,11958,8,382514,1496,81461,563,3864512427,3864612100,0,3864612109,3864612626,3492807587,17874222,997,65,64,0.0834,1670.0,0.3637816954340187,-0.16267271901655844,0.0834,23.01,73.4,,,,,,
2026-07-30T22:18:38.905540+00:00,S043,mounted,true,orientation_change,mild,1300,orientation_change-mild_horizontal_no_load_1300rpm,3864711,1311,267,1637,2147,5,3,1001691,9,4250908,73,1,2,1678,1495,1217,79,154,1706,16383,1681,1674,1663384,800,2049,2105,532471,11957,8,382520,1496,81462,563,3864613056,3864712383,0,3864712392,3864712907,3458594108,17871233,993,58,66,0.0834,1670.0,0.11750773229070788,0.024204210671572746,0.0834,23.31,74.0,,,,,,
2026-07-30T22:18:38.999318+00:00,S043,mounted,true,orientation_change,mild,1300,orientation_change-mild_horizontal_no_load_1300rpm,3864811,1311,267,1637,2147,3,3,1001743,9,4250908,73,0,3,1678,1494,1230,79,154,1704,16383,1680,1674,1663391,800,2045,2205,532467,11952,8,382517,1496,81463,563,3864713342,3864812384,0,3864812393,3864812908,3458638015,17856292,1000,62,71,0.0834,1670.0,0.2856580722891562,0.01896506024096345,0.0834,23.37,74.1,,,,,,
2026-07-30T22:18:39.092303+00:00,S043,mounted,true,orientation_change,mild,1300,orientation_change-mild_horizontal_no_load_1300rpm,3864912,1312,266,1635,2143,2,3,1001796,9,4250908,73,0,2,1678,1494,1232,75,154,1705,16383,1681,1673,1679952,808,2035,2191,532477,11955,8,382519,1496,81464,563,3864813337,3864912968,0,3864913042,3864913557,3492919588,17865257,997,52,67,0.0834,1670.0,0.2614059902132997,0.001445554579673658,0.0834,23.34,74.0,,,,,,
2026-07-30T22:18:39.184994+00:00,S043,mounted,true,orientation_change,mild,1300,orientation_change-mild_horizontal_no_load_1300rpm,3865012,1312,266,1635,2143,6,3,1001849,9,4250908,73,1,2,1678,1495,1238,79,158,1700,16383,1682,1673,1663535,800,1893,2263,532490,11957,8,382525,1496,81465,563,3864913985,3865013218,0,3865013292,3865013807,3459290515,17871235,995,48,69,0.0834,1670.0,0.38075695400184006,-0.23571274241030382,0.0834,23.49,74.3,,,,,,
2026-07-30T22:18:39.278435+00:00,S043,mounted,true,orientation_change,mild,1300,orientation_change-mild_horizontal_no_load_1300rpm,3865112,1313,267,1634,2144,5,3,1001901,9,4250908,73,1,2,1678,1494,1235,79,158,1704,16383,1681,1673,1663056,800,1886,2121,532477,11954,8,382525,1496,81466,563,3865014237,3865113288,0,3865113362,3865113876,3457271452,17862266,988,55,64,0.0834,1670.0,0.1450527487033626,-0.24658707729630258,0.0834,23.37,74.1,,,,,,
2026-07-30T22:18:39.419608+00:00,S043,mounted,true,orientation_change,mild,1300,orientation_change-mild_horizontal_no_load_1300rpm,3865212,1313,267,1632,2141,1,3,1001954,9,4250908,73,0,2,1678,1494,1222,80,160,1700,16383,1681,1673,1662917,800,2045,2105,532431,11955,8,382527,1496,81467,563,3865114307,3865213357,0,3865213431,3865213946,3456654177,17865257,993,64,68,0.0834,1670.0,0.11809446800501888,0.018109685069008563,0.0834,23.49,74.3,,,,,,
2026-07-30T22:18:39.514655+00:00,S043,mounted,true,orientation_change,mild,1300,orientation_change-mild_horizontal_no_load_1300rpm,3865313,1313,269,1633,2145,3,3,1002007,9,4250908,73,0,2,1678,1494,1237,82,166,1716,16383,1681,1673,1680148,808,1962,2365,532453,11950,8,382520,1496,81468,563,3865214374,3865314073,0,3865314083,3865314598,3493813384,17850316,986,74,60,0.0834,1670.0,0.553010842677824,-0.11883460535564927,0.0834,23.01,73.4,,,,,,
2026-07-30T22:18:39.608693+00:00,S043,mounted,true,orientation_change,mild,1300,orientation_change-mild_horizontal_no_load_1300rpm,3865413,1312,267,1636,2146,6,3,1002059,9,4250908,73,1,2,1678,1494,1260,82,166,1706,16383,1681,1674,1663107,800,2055,2113,532447,11951,8,382515,1496,81469,563,3865315026,3865414191,0,3865414201,3865414716,3457444059,17853305,996,79,60,0.0834,1670.0,0.13260429495439707,0.035919988703873695,0.0834,23.31,74.0,,,,,,
2026-07-30T22:18:39.701369+00:00,S043,mounted,true,orientation_change,mild,1300,orientation_change-mild_horizontal_no_load_1300rpm,3865513,1311,268,1636,2147,4,3,1002112,9,4250908,73,0,2,1678,1494,1229,80,165,1707,16383,1680,1673,1663124,800,2015,2111,532454,11953,8,382514,1496,81470,563,3865415146,3865514220,0,3865514229,3865514744,3457521130,17859279,994,74,64,0.0834,1670.0,0.12868155132602643,-0.031320868819543435,0.0834,23.28,73.9,,,,,,
2026-07-30T22:18:39.794923+00:00,S043,mounted,true,orientation_change,mild,1300,orientation_change-mild_horizontal_no_load_1300rpm,3865613,1311,267,1637,2147,1,3,1002164,9,4250908,73,0,2,1678,1494,1229,80,165,1709,16383,1682,1674,1663255,800,2052,2108,532476,11954,8,382514,1496,81471,563,3865515173,3865614271,0,3865614280,3865614794,3458055515,17862266,986,79,58,0.0834,1670.0,0.12338756683955143,0.03006062958005673,0.0834,23.22,73.8,,,,,,
2026-07-30T22:18:39.886281+00:00,S043,mounted,true,orientation_change,mild,1300,orientation_change-mild_horizontal_no_load_1300rpm,3865713,1312,268,1635,2146,3,3,1002217,9,4250908,73,0,2,1678,1494,1230,82,161,1705,16383,1680,1673,1662952,800,2013,2101,532465,11954,8,382514,1496,81472,563,3865615223,3865714293,0,3865714303,3865714818,3456806338,17862272,985,80,59,0.0834,1670.0,0.11172169968211465,-0.034934916011377215,0.0834,23.34,74.0,,,,,,
2026-07-30T22:18:39.979948+00:00,S043,mounted,true,orientation_change,mild,1300,orientation_change-mild_horizontal_no_load_1300rpm,3865814,1312,265,1639,2144,2,3,1002270,9,4250908,72,0,2,1678,1495,1268,78,152,1706,16383,1681,1674,1679738,808,2047,2235,532471,11957,8,382520,1496,81473,563,3865715246,3865815158,0,3865815232,3865815747,3492042412,17871233,982,68,66,0.0834,1670.0,0.33410519319227205,0.020871942042318015,0.0834,23.31,74.0,,,,,,
2026-07-30T22:18:40.120638+00:00,S043,mounted,true,orientation_change,mild,1300,orientation_change-mild_horizontal_no_load_1300rpm,3865914,1312,266,1637,2145,4,3,1002322,9,4250908,73,0,2,1678,1494,1244,78,152,1704,16383,1681,1673,1662713,800,1913,2101,532422,11955,8,382522,1496,81474,563,3865816179,3865915233,0,3865915307,3865915823,3455829665,17865255,984,74,69,0.0834,1670.0,0.11142881580928465,-0.20185683739021343,0.0834,23.37,74.1,,,,,,
2026-07-30T22:18:40.212917+00:00,S043,mounted,true,orientation_change,mild,1300,orientation_change-mild_horizontal_no_load_1300rpm,3866014,1311,268,1636,2148,5,3,1002375,9,4250908,73,0,2,1678,1494,1216,76,155,1704,16383,1681,1672,1663467,800,2049,2273,532439,11954,8,382522,1496,81475,563,3865916251,3866015319,0,3866015393,3866015908,3458974019,17862270,979,60,72,0.0834,1670.0,0.39836872126484835,0.025060972226869094,0.0834,23.37,74.1,,,,,,
2026-07-30T22:18:40.307583+00:00,S043,mounted,true,orientation_change,mild,1300,orientation_change-mild_horizontal_no_load_1300rpm,3866114,1311,268,1636,2147,1,3,1002428,9,4250908,73,0,2,1678,1494,1251,76,151,1694,16383,1682,1673,1663428,800,2011,2101,532458,11953,8,382521,1496,81476,563,3866016340,3866115387,0,3866115466,3866115981,3458781644,17859281,988,59,62,0.0834,1670.0,0.11201463256086308,-0.037987636325608864,0.0834,23.67,74.6,,,,,,
2026-07-30T22:18:40.400059+00:00,S043,mounted,true,orientation_change,mild,1300,orientation_change-mild_horizontal_no_load_1300rpm,3866215,1319,268,1628,2136,3,3,1002481,9,4250908,73,1,2,1678,1494,1232,76,151,1701,16383,1682,1674,1680389,808,2025,2242,532482,11954,8,382521,1496,81477,563,3866116409,3866216232,0,3866216241,3866216756,3494753251,17862268,986,65,50,0.0834,1670.0,0.346705595281914,-0.014936286598628001,0.0834,23.46,74.2,,,,,,
2026-07-30T22:18:40.493095+00:00,S043,mounted,true,orientation_change,mild,1300,orientation_change-mild_horizontal_no_load_1300rpm,3866315,1325,268,1618,2125,2,3,1002534,9,4250908,73,0,2,1678,1494,1245,74,156,1703,16383,1681,1673,1663538,800,2053,2103,532482,11953,8,382520,1496,81478,563,3866217187,3866316248,0,3866316263,3866316778,3459233748,17859281,997,61,67,0.0834,1670.0,0.11534801631389602,0.032013422488077925,0.0834,23.4,74.1,,,,,,
2026-07-30T22:18:40.587424+00:00,S043,mounted,true,orientation_change,mild,1300,orientation_change-mild_horizontal_no_load_1300rpm,3866415,1322,267,1622,2128,6,3,1002587,9,4250908,73,0,3,1678,1494,1237,74,156,1701,16383,1681,1672,1662967,800,1941,2279,532460,11954,8,382520,1496,81479,563,3866317206,3866416296,0,3866416310,3866416825,3456954065,17862270,996,64,69,0.0834,1670.0,0.40836803597122273,-0.15492669248787072,0.0834,23.46,74.2,,,,,,
2026-07-30T22:18:40.727117+00:00,S043,mounted,true,orientation_change,mild,1300,orientation_change-mild_horizontal_no_load_1300rpm,3866515,1315,266,1631,2137,5,3,1002639,9,4250908,73,1,3,1678,1494,1219,73,155,1705,16383,1681,1674,1663561,800,1953,2351,532497,11955,8,382522,1496,81480,563,3866417254,3866516325,0,3866516334,3866516850,3459427099,17865255,994,65,67,0.0834,1670.0,0.5280320780426595,-0.1352003154328738,0.0834,23.34,74.0,,,,,,
2026-07-30T22:18:40.820383+00:00,S043,mounted,true,orientation_change,mild,1300,orientation_change-mild_horizontal_no_load_1300rpm,3866615,1311,266,1638,2145,1,3,1002692,9,4250908,73,0,2,1678,1495,1244,76,162,1705,16383,1681,1673,1662751,800,1983,2273,532452,11956,8,382526,1496,81481,563,3866517280,3866616375,0,3866616384,3866616899,3456015719,17868244,990,56,68,0.0834,1670.0,0.39773505219136807,-0.08548431214453034,0.0834,23.34,74.0,,,,,,
2026-07-30T22:18:40.914621+00:00,S043,mounted,true,orientation_change,mild,1300,orientation_change-mild_horizontal_no_load_1300rpm,3866716,1318,268,1628,2138,3,3,1002745,9,4250908,73,1,2,1678,1494,1209,76,162,1713,16383,1681,1673,1680160,808,1971,2279,532472,11953,8,382525,1496,81482,563,3866617328,3866717066,0,3866717140,3866717655,3493830826,17859279,996,58,73,0.0834,1670.0,0.40868578658077404,-0.10465531138626316,0.0834,23.1,73.6,,,,,,
2026-07-30T22:18:41.007867+00:00,S043,mounted,true,orientation_change,mild,1300,orientation_change-mild_horizontal_no_load_1300rpm,3866816,1324,269,1618,2126,2,3,1002798,9,4250908,73,0,2,1678,1494,1217,74,152,1716,16383,1682,1674,1664106,800,2041,2313,532505,11953,8,382524,1496,81483,563,3866718089,3866817313,0,3866817387,3866817902,3461691592,17859281,992,58,67,0.0834,1670.0,0.4653533103823304,0.01201311996988208,0.0834,23.01,73.4,,,,,,
2026-07-30T22:18:41.102558+00:00,S043,mounted,true,orientation_change,mild,1300,orientation_change-mild_horizontal_no_load_1300rpm,3866916,1325,268,1620,2126,6,3,1002851,9,4250908,74,1,3,1678,1494,1240,74,146,1715,16383,1681,1674,1663695,800,1915,2117,532526,11955,8,382526,1496,81484,563,3866818334,3866917408,0,3866917482,3866917997,3459933605,17865257,1002,48,64,0.0834,1670.0,0.13809142459222068,-0.19852401129234654,0.0834,23.04,73.5,,,,,,
2026-07-30T22:18:41.197315+00:00,S043,mounted,true,orientation_change,mild,1300,orientation_change-mild_horizontal_no_load_1300rpm,3867017,1324,268,1619,2125,4,3,1002904,9,4250908,73,1,2,1678,1494,1214,74,146,1708,16383,1682,1673,1679964,808,2009,2105,532467,11953,8,382525,1496,81485,563,3866918432,3867018067,0,3867018077,3867018592,3492961534,17859279,997,63,63,0.0834,1670.0,0.11868140006692851,-0.04132102007864136,0.0834,23.25,73.8,,,,,,
2026-07-30T22:18:41.289288+00:00,S043,mounted,true,orientation_change,mild,1300,orientation_change-mild_horizontal_no_load_1300rpm,3867117,1325,268,1618,2125,4,3,1002958,9,4250908,73,0,2,1678,1494,1205,74,138,1713,16383,1681,1673,1663777,800,1947,2279,532487,11952,8,382522,1496,81486,563,3867019022,3867118100,0,3867118114,3867118629,3460298499,17856292,991,58,69,0.0834,1670.0,0.40900359036144573,-0.14438440963855426,0.0834,23.1,73.6,,,,,,
2026-07-30T22:18:41.429839+00:00,S043,mounted,true,orientation_change,mild,1300,orientation_change-mild_horizontal_no_load_1300rpm,3867217,1324,263,1620,2118,1,3,1003010,9,4250908,73,0,2,1678,1494,1222,74,138,1712,16383,1681,1673,1663560,800,1946,2109,532476,11953,8,382521,1496,81487,563,3867119057,3867218159,0,3867218168,3867218683,3459349254,17859281,988,72,61,0.0834,1670.0,0.12534816757299438,-0.14632260829917199,0.0834,23.13,73.6,,,,,,
2026-07-30T22:18:41.526046+00:00,S043,mounted,true,orientation_change,mild,1300,orientation_change-mild_horizontal_no_load_1300rpm,3867317,1325,265,1618,2118,1,3,1003064,9,4250908,73,0,2,1678,1495,1203,74,145,1705,16383,1681,1673,1662904,800,2048,2101,532437,11957,8,382527,1496,81488,563,3867219111,3867318319,0,3867318334,3867318849,3456595218,17871233,973,65,56,0.0834,1670.0,0.11084319503219842,0.022538076356945602,0.0834,23.34,74.0,,,,,,
2026-07-30T22:18:41.617673+00:00,S043,mounted,true,orientation_change,mild,1300,orientation_change-mild_horizontal_no_load_1300rpm,3867417,1324,267,1619,2123,3,3,1003117,9,4250908,73,0,3,1678,1494,1224,73,151,1705,16383,1681,1673,1663348,800,1938,2295,532448,11954,8,382527,1496,81489,563,3867319277,3867418364,0,3867418378,3867418894,3458525690,17862268,987,63,61,0.0834,1670.0,0.4350328751882211,-0.15992634984105747,0.0834,23.34,74.0,,,,,,
2026-07-30T22:18:41.713474+00:00,S043,mounted,true,orientation_change,mild,1300,orientation_change-mild_horizontal_no_load_1300rpm,3867517,1326,268,1616,2122,2,3,1003170,9,4250908,73,1,2,1678,1494,1238,73,151,1704,16383,1681,1673,1663137,800,2029,2153,532461,11954,8,382527,1496,81490,563,3867419322,3867518399,0,3867518413,3867518928,3457576691,17862268,988,66,61,0.0834,1670.0,0.19838242713735976,-0.008270076794378411,0.0834,23.37,74.1,,,,,,
2026-07-30T22:18:41.810281+00:00,S043,mounted,true,orientation_change,mild,1300,orientation_change-mild_horizontal_no_load_1300rpm,3867618,1324,268,1620,2126,6,3,1003223,9,4250908,73,0,2,1678,1495,1213,73,148,1700,16383,1681,1672,1679965,808,2034,2106,532470,11957,8,382533,1496,81491,563,3867519358,3867619052,0,3867619126,3867619641,3492965325,17871233,979,73,50,0.0834,1670.0,0.11917386660533591,-0.0007878040478379589,0.0834,23.49,74.3,,,,,,
2026-07-30T22:18:41.899452+00:00,S043,mounted,true,orientation_change,mild,1300,orientation_change-mild_horizontal_no_load_1300rpm,3867718,1319,268,1624,2132,4,3,1003276,9,4250908,73,0,2,1678,1494,1221,70,152,1709,16383,1681,1672,1663186,800,2041,2141,532474,11953,8,382531,1496,81492,563,3867620069,3867719151,0,3867719225,3867719740,3457778504,17859279,976,63,52,0.0834,1670.0,0.17868230762151738,0.01201311996988208,0.0834,23.22,73.8,,,,,,
2026-07-30T22:18:41.991408+00:00,S043,mounted,true,orientation_change,mild,1300,orientation_change-mild_horizontal_no_load_1300rpm,3867818,1312,267,1632,2142,1,3,1003328,9,4250908,73,0,2,1678,1495,1230,70,152,1698,16383,1681,1673,1663725,800,2047,2243,532492,11956,8,382534,1496,81493,563,3867720168,3867819234,0,3867819308,3867819823,3460038577,17868244,981,67,41,0.0834,1670.0,0.34774684208765416,0.021157202743391945,0.0834,23.55,74.4,,,,,,
2026-07-30T22:18:42.131527+00:00,S043,mounted,true,orientation_change,mild,1300,orientation_change-mild_horizontal_no_load_1300rpm,3867918,1311,267,1637,2147,3,3,1003381,9,4250908,73,0,2,1678,1494,1221,74,170,1706,16383,1681,1675,1663506,800,2015,2105,532483,11950,8,382526,1496,81494,563,3867820252,3867919326,0,3867919400,3867919915,3459106416,17850316,986,68,59,0.0834,1670.0,0.1195621665271962,-0.030477759832635787,0.0834,23.31,74.0,,,,,,
2026-07-30T22:18:42.225355+00:00,S043,mounted,true,orientation_change,mild,1300,orientation_change-mild_horizontal_no_load_1300rpm,3868018,1318,268,1628,2137,2,3,1003434,9,4250908,73,1,2,1678,1494,1209,74,170,1702,16383,1681,1673,1663066,800,2056,2112,532464,11952,8,382523,1496,81495,563,3867920347,3868019405,0,3868019479,3868019994,3457267914,17856292,993,58,63,0.0834,1670.0,0.13064275903614453,0.03730020481927676,0.0834,23.43,74.2,,,,,,
2026-07-30T22:18:42.318698+00:00,S043,mounted,true,orientation_change,mild,1300,orientation_change-mild_horizontal_no_load_1300rpm,3868119,1323,268,1620,2128,6,3,1003487,9,4250908,73,1,2,1678,1494,1235,74,172,1712,16383,1681,1673,1679425,808,1877,2209,532456,11955,8,382525,1496,81496,563,3868020424,3868120090,0,3868120099,3868120614,3490809571,17865257,990,58,68,0.0834,1670.0,0.2914014250941026,-0.2618477071518197,0.0834,23.13,73.6,,,,,,
2026-07-30T22:18:42.413749+00:00,S043,mounted,true,orientation_change,mild,1300,orientation_change-mild_horizontal_no_load_1300rpm,3868219,1319,268,1623,2132,4,3,1003540,9,4250908,73,1,3,1678,1494,1235,76,168,1704,16383,1681,1673,1662935,800,2039,2105,532456,11955,8,382527,1496,81497,563,3868121048,3868220128,0,3868220137,3868220652,3456725763,17865259,1015,39,78,0.0834,1670.0,0.11809446800501888,0.008111206775407886,0.0834,23.37,74.1,,,,,,
2026-07-30T22:18:42.506349+00:00,S043,mounted,true,orientation_change,mild,1300,orientation_change-mild_horizontal_no_load_1300rpm,3868319,1305,267,1642,2154,1,3,1003592,9,4250908,73,1,3,1678,1494,1247,76,168,1702,16383,1682,1673,1663612,800,1887,2287,532479,11952,8,382524,1496,81498,563,3868221084,3868320174,0,3868320183,3868320698,3459654996,17856292,990,60,61,0.0834,1670.0,0.42233824096385497,-0.24439428915662686,0.0834,23.43,74.2,,,,,,
2026-07-30T22:18:42.601289+00:00,S043,mounted,true,orientation_change,mild,1300,orientation_change-mild_horizontal_no_load_1300rpm,3868419,1301,267,1647,2161,3,3,1003645,9,4250908,73,0,2,1678,1494,1207,74,170,1705,16383,1682,1673,1663412,800,2027,2273,532470,11952,8,382521,1496,81499,563,3868321128,3868420203,0,3868420218,3868420733,3458767248,17856294,987,64,67,0.0834,1670.0,0.3990026024096385,-0.011037903614457889,0.0834,23.34,74.0,,,,,,
2026-07-30T22:18:42.694778+00:00,S043,mounted,true,orientation_change,mild,1300,orientation_change-mild_horizontal_no_load_1300rpm,3868519,1300,266,1652,2165,4,3,1003696,9,4250908,73,1,3,1678,1494,1245,72,155,1706,16383,1685,1674,1663897,800,2051,2251,532508,11954,8,382521,1496,81500,563,3868421161,3868520342,0,3868520351,3868520866,3460788967,17862268,995,57,77,0.0834,1670.0,0.36170456734147516,0.02839407712899389,0.0834,23.31,74.0,,,,,,
2026-07-30T22:18:42.837045+00:00,S043,mounted,true,orientation_change,mild,1300,orientation_change-mild_horizontal_no_load_1300rpm,3868619,1299,266,1653,2166,5,3,1003749,9,4250908,73,0,2,1678,1495,1224,72,155,1710,16383,1683,1673,1663702,800,2053,2143,532496,11957,8,382527,1496,81501,563,3868521297,3868620395,0,3868620409,3868620924,3459923180,17871233,986,59,71,0.0834,1670.0,0.18082083624655,0.03086874793008265,0.0834,23.19,73.7,,,,,,
2026-07-30T22:18:42.931271+00:00,S043,mounted,true,orientation_change,mild,1300,orientation_change-mild_horizontal_no_load_1300rpm,3868719,1298,267,1652,2166,3,3,1003801,9,4250908,73,0,3,1678,1494,1237,74,169,1706,16383,1681,1673,1663519,800,2053,2217,532478,11951,8,382522,1496,81502,563,3868621352,3868720450,0,3868720465,3868720980,3459180479,17853305,997,46,71,0.0834,1670.0,0.3059692578863693,0.03258604710902846,0.0834,23.31,74.0,,,,,,
2026-07-30T22:18:43.024709+00:00,S043,mounted,true,orientation_change,mild,1300,orientation_change-mild_horizontal_no_load_1300rpm,3868820,1325,265,1621,2122,2,3,1003854,9,4250908,73,2,2,1678,1494,1232,74,169,1698,16383,1682,1673,1680357,808,2051,2239,532490,11952,8,382519,1496,81503,563,3868721408,3868821072,0,3868821151,3868821666,3494613299,17856292,994,59,70,0.0834,1670.0,0.34233033734939733,0.02896604819277071,0.0834,23.55,74.4,,,,,,
2026-07-30T22:18:43.117122+00:00,S043,mounted,true,orientation_change,mild,1300,orientation_change-mild_horizontal_no_load_1300rpm,3868920,1334,265,1609,2107,6,3,1003907,9,4250908,73,0,2,1678,1494,1229,75,160,1701,16383,1681,1673,1663325,800,1998,2105,532485,11951,8,382514,1496,81504,563,3868822096,3868921145,0,3868921218,3868921733,3458358829,17853305,990,59,65,0.0834,1670.0,0.11926852857501435,-0.05909734674922662,0.0834,23.46,74.2,,,,,,
2026-07-30T22:18:43.209804+00:00,S043,mounted,true,orientation_change,mild,1300,orientation_change-mild_horizontal_no_load_1300rpm,3869020,1335,269,1605,2109,6,3,1003961,9,4250908,73,0,3,1678,1494,1230,74,154,1708,16383,1682,1673,1663042,800,1843,2283,532478,11955,8,382516,1496,81505,563,3868922165,3869021214,0,3869021293,3869021808,3457271282,17865255,974,72,65,0.0834,1670.0,0.4147159907151816,-0.31850575081555865,0.0834,23.25,73.8,,,,,,
2026-07-30T22:18:43.303351+00:00,S043,mounted,true,orientation_change,mild,1300,orientation_change-mild_horizontal_no_load_1300rpm,3869120,1328,268,1616,2122,4,3,1004014,9,4250908,73,0,2,1678,1494,1237,74,154,1706,16383,1682,1671,1663713,800,2019,2227,532473,11955,8,382518,1496,81506,563,3869022236,3869121284,0,3869121362,3869121878,3459989415,17865257,985,57,76,0.0834,1670.0,0.32139685997490597,-0.025217054203262812,0.0834,23.31,74.0,,,,,,
2026-07-30T22:18:43.397239+00:00,S043,mounted,true,orientation_change,mild,1300,orientation_change-mild_horizontal_no_load_1300rpm,3869221,1326,268,1616,2122,5,3,1004067,9,4250908,73,0,3,1678,1494,1235,76,162,1704,16383,1681,1675,1663658,800,2045,2178,532484,11954,8,382518,1496,81507,563,3869122306,3869221536,0,3869221610,3869222125,3459740482,17862270,993,41,79,0.0834,1670.0,0.2400462384139197,0.018394762422619504,0.0834,23.37,74.1,,,,,,
2026-07-30T22:18:43.538720+00:00,S043,mounted,true,orientation_change,mild,1300,orientation_change-mild_horizontal_no_load_1300rpm,3869321,1318,268,1626,2136,1,3,1004120,9,4250908,73,0,2,1678,1495,1235,75,166,1704,16383,1683,1672,1680434,808,1973,2289,532498,11956,8,382522,1496,81508,563,3869222557,3869322106,0,3869322115,3869322630,3494969210,17868244,992,40,84,0.0834,1670.0,0.42439543091334864,-0.1021470488457683,0.0834,23.37,74.1,,,,,,
2026-07-30T22:18:43.631815+00:00,S043,mounted,true,orientation_change,mild,1300,orientation_change-mild_horizontal_no_load_1300rpm,3869421,1313,269,1633,2145,3,3,1004173,9,4250908,73,0,2,1678,1494,1254,75,166,1710,16383,1681,1673,1662948,800,1846,2131,532468,11952,8,382519,1496,81509,563,3869323059,3869422131,0,3869422146,3869422661,3456874010,17856290,993,58,72,0.0834,1670.0,0.16231255421686708,-0.31273437349397604,0.0834,23.19,73.7,,,,,,
2026-07-30T22:18:43.726133+00:00,S043,mounted,true,orientation_change,mild,1300,orientation_change-mild_horizontal_no_load_1300rpm,3869521,1313,267,1635,2144,6,3,1004225,9,4250908,73,0,2,1678,1494,1217,73,161,1708,16383,1681,1673,1663524,800,2009,2106,532448,11954,8,382519,1496,81510,563,3869423089,3869522185,0,3869522195,3869522710,3459180414,17862268,995,50,77,0.0834,1670.0,0.12005446193742664,-0.041601125815626805,0.0834,23.25,73.8,,,,,,
2026-07-30T22:18:43.819941+00:00,S043,mounted,true,orientation_change,mild,1300,orientation_change-mild_horizontal_no_load_1300rpm,3869621,1321,267,1624,2130,4,3,1004278,9,4250908,73,1,2,1678,1495,1237,73,161,1707,16383,1681,1673,1663272,800,2058,2119,532479,11956,8,382523,1496,81511,563,3869523139,3869622240,0,3869622249,3869622764,3458129696,17868246,986,59,76,0.0834,1670.0,0.14112890699230496,0.039486213114753976,0.0834,23.28,73.9,,,,,,
2026-07-30T22:18:43.911295+00:00,S043,mounted,true,orientation_change,mild,1300,orientation_change-mild_horizontal_no_load_1300rpm,3869721,1324,267,1619,2124,5,3,1004331,9,4250908,73,0,2,1678,1494,1258,76,184,1721,16383,1682,1674,1663644,800,2061,2105,532483,11954,8,382523,1496,81512,563,3869623198,3869722457,0,3869722467,3869722981,3459673466,17862266,993,45,77,0.0834,1670.0,0.11838790948636424,0.04505960163961831,0.0834,22.86,73.1,,,,,,
2026-07-30T22:18:44.003622+00:00,S043,mounted,true,orientation_change,mild,1300,orientation_change-mild_horizontal_no_load_1300rpm,3869822,1320,268,1626,2135,1,3,1004384,9,4250908,73,0,2,1678,1494,1208,78,177,1712,16383,1681,1673,1679623,808,1985,2103,532449,11950,8,382516,1496,81513,563,3869723409,3869823074,0,3869823148,3869823663,3491547371,17850316,991,59,63,0.0834,1670.0,0.11622794594142238,-0.08049106861924704,0.0834,23.13,73.6,,,,,,
2026-07-30T22:18:44.143801+00:00,S043,mounted,true,orientation_change,mild,1300,orientation_change-mild_horizontal_no_load_1300rpm,3869922,1313,267,1635,2144,3,3,1004437,9,4250908,73,0,2,1678,1494,1230,78,177,1707,16383,1681,1668,1662715,800,1951,2103,532410,11954,8,382516,1496,81514,563,3869824091,3869923161,0,3869923235,3869923750,3455848901,17862270,994,65,64,0.0834,1670.0,0.11505480458423945,-0.1382611679772463,0.0834,23.28,73.9,,,,,,
2026-07-30T22:18:44.237209+00:00,S043,mounted,true,orientation_change,mild,1300,orientation_change-mild_horizontal_no_load_1300rpm,3870022,1313,267,1634,2144,2,3,1004490,9,4250908,73,1,2,1678,1494,1226,73,178,1706,16383,1681,1673,1662797,800,1919,2194,532396,11951,8,382511,1496,81515,563,3869924182,3870023235,0,3870023313,3870023829,3456205045,17853303,994,57,68,0.0834,1670.0,0.26762892954564466,-0.19078803974562808,0.0834,23.31,74.0,,,,,,
2026-07-30T22:18:44.343985+00:00,S043,mounted,true,orientation_change,mild,1300,orientation_change-mild_horizontal_no_load_1300rpm,3870122,1324,268,1619,2126,6,3,1004543,9,4250908,73,1,2,1678,1494,1229,75,169,1707,16383,1681,1673,1663396,800,2019,2106,532428,11953,8,382511,1496,81516,563,3870024259,3870123316,0,3870123395,3870123910,3458645820,17859279,992,67,66,0.0834,1670.0,0.1203480919434452,-0.024654101313478005,0.0834,23.28,73.9,,,,,,
2026-07-30T22:18:44.437905+00:00,S043,mounted,true,orientation_change,mild,1300,orientation_change-mild_horizontal_no_load_1300rpm,3870222,1335,268,1606,2108,4,3,1004596,9,4250908,73,1,3,1678,1494,1226,75,169,1703,16383,1682,1673,1663469,800,2029,2099,532477,11952,8,382509,1496,81517,563,3870124341,3870223407,0,3870223481,3870223996,3458945255,17856292,1002,61,81,0.0834,1670.0,0.10897395180722835,-0.007704240963855469,0.0834,23.4,74.1,,,,,,
2026-07-30T22:18:44.531359+00:00,S043,mounted,true,orientation_change,mild,1300,orientation_change-mild_horizontal_no_load_1300rpm,3870323,1332,265,1607,2106,4,3,1004650,9,4250908,73,1,3,1678,1495,1216,76,165,1705,16383,1681,1672,1679879,808,2005,2151,532477,11956,8,382514,1496,81518,563,3870224431,3870324075,0,3870324084,3870324599,3492616011,17868244,998,41,74,0.0834,1670.0,0.1944496644362661,-0.048826291401807165,0.0834,23.34,74.0,,,,,,
2026-07-30T22:18:44.624833+00:00,S043,mounted,true,orientation_change,mild,1300,orientation_change-mild_horizontal_no_load_1300rpm,3870423,1318,268,1625,2134,5,3,1004703,9,4250908,73,0,3,1678,1494,1211,76,165,1713,16383,1682,1673,1662849,800,1865,2103,532465,11954,8,382514,1496,81519,563,3870325030,3870424127,0,3870424142,3870424657,3456416603,17862268,997,52,71,0.0834,1670.0,0.11505480458423945,-0.2815846787686134,0.0834,23.1,73.6,,,,,,
2026-07-30T22:18:44.716483+00:00,S043,mounted,true,orientation_change,mild,1300,orientation_change-mild_horizontal_no_load_1300rpm,3870523,1314,267,1633,2142,3,3,1004755,9,4250908,73,0,2,1678,1494,1212,74,154,1706,16383,1681,1674,1663191,800,1849,2343,532463,11951,8,382509,1496,81520,563,3870425085,3870524317,0,3870524327,3870524841,3457915773,17853303,997,46,63,0.0834,1670.0,0.5160075783616427,-0.30747599556522465,0.0834,23.31,74.0,,,,,,
2026-07-30T22:18:44.811044+00:00,S043,mounted,true,orientation_change,mild,1300,orientation_change-mild_horizontal_no_load_1300rpm,3870623,1317,269,1629,2140,2,3,1004808,9,4250908,73,1,2,1678,1494,1226,76,158,1706,16383,1682,1674,1663507,800,1963,2157,532469,11951,8,382505,1496,81521,563,3870525269,3870624364,0,3870624374,3870624889,3459135311,17853305,991,46,75,0.0834,1670.0,0.2059510100410007,-0.11744132465902446,0.0834,23.31,74.0,,,,,,
2026-07-30T22:18:44.951455+00:00,S043,mounted,true,orientation_change,mild,1300,orientation_change-mild_horizontal_no_load_1300rpm,3870723,1324,268,1620,2127,6,3,1004861,9,4250908,73,1,2,1678,1494,1230,76,158,1704,16383,1682,1672,1663718,800,1955,2367,532464,11953,8,382505,1496,81522,563,3870625323,3870724405,0,3870724415,3870724930,3460115956,17859281,987,53,63,0.0834,1670.0,0.5553546717142135,-0.13132238141052488,0.0834,23.37,74.1,,,,,,
2026-07-30T22:18:45.044894+00:00,S043,mounted,true,orientation_change,mild,1300,orientation_change-mild_horizontal_no_load_1300rpm,3870823,1325,268,1618,2125,4,3,1004914,9,4250908,73,1,2,1678,1494,1201,70,145,1701,16383,1682,1673,1662671,800,1838,2107,532456,11951,8,382501,1496,81523,563,3870725360,3870824448,0,3870824458,3870824973,3455733321,17853305,998,48,65,0.0834,1670.0,0.12260247016985959,-0.32581267433687566,0.0834,23.46,74.2,,,,,,
2026-07-30T22:18:45.139620+00:00,S043,mounted,true,orientation_change,mild,1300,orientation_change-mild_horizontal_no_load_1300rpm,3870924,1323,268,1620,2128,5,3,1004967,9,4250908,73,0,2,1678,1494,1218,74,148,1708,16383,1682,1671,1679567,808,1901,2109,532449,11954,8,382502,1496,81524,563,3870825403,3870925086,0,3870925160,3870925674,3491348021,17862268,994,49,77,0.0834,1670.0,0.12505411929061339,-0.22158879053036662,0.0834,23.25,73.8,,,,,,
2026-07-30T22:18:45.232660+00:00,S043,mounted,true,orientation_change,mild,1300,orientation_change-mild_horizontal_no_load_1300rpm,3871024,1325,268,1616,2123,1,3,1005020,9,4250908,73,1,3,1678,1494,1232,74,148,1707,16383,1682,1673,1662928,800,1839,2103,532476,11948,8,382492,1496,81525,563,3870926103,3871025169,0,3871025243,3871025761,3456756404,17844342,989,51,68,0.0834,1670.0,0.11681481118178727,-0.3233759782390364,0.0834,23.28,73.9,,,,,,
2026-07-30T22:18:45.327101+00:00,S043,mounted,true,orientation_change,mild,1300,orientation_change-mild_horizontal_no_load_1300rpm,3871124,1320,269,1622,2131,3,3,1005073,9,4250908,73,1,3,1678,1494,1211,74,153,1718,16383,1681,1673,1663037,800,1967,2103,532466,11953,8,382492,1496,81526,563,3871026192,3871125253,0,3871125327,3871125842,3457163651,17859281,987,78,63,0.0834,1670.0,0.11534801631389602,-0.11132207889232859,0.0834,22.95,73.3,,,,,,
2026-07-30T22:18:45.420096+00:00,S043,mounted,true,orientation_change,mild,1300,orientation_change-mild_horizontal_no_load_1300rpm,3871225,1303,267,1646,2160,2,3,1005126,9,4250908,73,1,2,1678,1494,1227,74,153,1707,16383,1682,1673,1679993,808,1834,2279,532478,11953,8,382492,1496,81527,563,3871126276,3871226220,0,3871226235,3871226750,3493222309,17859283,990,73,65,0.0834,1670.0,0.40868578658077404,-0.332992098469004,0.0834,23.28,73.9,,,,,,
2026-07-30T22:18:45.512323+00:00,S043,mounted,true,orientation_change,mild,1300,orientation_change-mild_horizontal_no_load_1300rpm,3871325,1301,268,1648,2164,4,3,1005178,9,4250908,73,1,2,1678,1495,1209,74,159,1705,16383,1682,1675,1663391,800,2009,2255,532483,11956,8,382498,1496,81528,563,3871227180,3871326265,0,3871326274,3871326790,3458663503,17868244,1001,64,65,0.0834,1670.0,0.3677421261291398,-0.0421611967213118,0.0834,23.34,74.0,,,,,,
2026-07-30T22:18:45.652095+00:00,S043,mounted,true,orientation_change,mild,1300,orientation_change-mild_horizontal_no_load_1300rpm,3871425,1321,268,1627,2135,5,3,1005231,9,4250908,73,3,2,1678,1494,1248,74,164,1705,16383,1682,1674,1663076,800,1997,2103,532455,11951,8,382494,1496,81529,563,3871327221,3871426289,0,3871426303,3871426819,3457322746,17853305,1007,47,80,0.0834,1670.0,0.11593458698016867,-0.06076431754664924,0.0834,23.34,74.0,,,,,,
2026-07-30T22:18:45.745882+00:00,S043,mounted,true,orientation_change,mild,1300,orientation_change-mild_horizontal_no_load_1300rpm,3871525,1333,268,1609,2113,1,3,1005284,9,4250908,73,0,2,1678,1495,1201,74,164,1707,16383,1682,1673,1662964,800,2026,2103,532438,11957,8,382502,1496,81530,563,3871427250,3871526320,0,3871526329,3871526844,3456853366,17871233,999,53,61,0.0834,1670.0,0.11417546366145315,-0.014116878564857771,0.0834,23.28,73.9,,,,,,
2026-07-30T22:18:45.840305+00:00,S043,mounted,true,orientation_change,mild,1300,orientation_change-mild_horizontal_no_load_1300rpm,3871625,1335,269,1606,2110,3,3,1005337,9,4250908,73,1,2,1678,1494,1232,76,166,1714,16383,1681,1671,1663446,800,1935,2103,532493,11953,8,382502,1496,81531,563,3871527276,3871626377,0,3871626386,3871626901,3458873238,17859283,997,57,63,0.0834,1670.0,0.11534801631389602,-0.16465621894085203,0.0834,23.07,73.5,,,,,,
2026-07-30T22:18:45.932929+00:00,S043,mounted,true,orientation_change,mild,1300,orientation_change-mild_horizontal_no_load_1300rpm,3871726,1337,268,1605,2107,3,3,1005391,9,4250908,73,1,2,1678,1494,1243,77,163,1708,16383,1681,1673,1680080,808,2049,2107,532465,11954,8,382503,1496,81532,563,3871627331,3871727093,0,3871727167,3871727682,3493435480,17862268,1000,71,55,0.0834,1670.0,0.12172101438848859,0.025060972226869094,0.0834,23.25,73.8,,,,,,
2026-07-30T22:18:46.025458+00:00,S043,mounted,true,orientation_change,mild,1300,orientation_change-mild_horizontal_no_load_1300rpm,3871826,1338,268,1602,2104,3,3,1005445,9,4250908,73,1,2,1678,1494,1232,77,163,1708,16383,1681,1674,1663266,800,1983,2107,532477,11949,8,382495,1496,81533,563,3871728114,3871827200,0,3871827274,3871827789,3458108560,17847329,993,61,66,0.0834,1670.0,0.12319035325131811,-0.08354862339944802,0.0834,23.25,73.8,,,,,,
2026-07-30T22:18:46.118143+00:00,S043,mounted,true,orientation_change,mild,1300,orientation_change-mild_horizontal_no_load_1300rpm,3871926,1328,268,1614,2119,2,3,1005498,9,4250908,73,0,3,1678,1495,1242,75,159,1707,16383,1683,1673,1663462,800,1893,2275,532484,11956,8,382501,1496,81534,563,3871828219,3871927277,0,3871927351,3871927866,3459019604,17868246,984,64,61,0.0834,1670.0,0.4010675995316153,-0.23544894245567072,0.0834,23.28,73.9,,,,,,
2026-07-30T22:18:46.259042+00:00,S043,mounted,true,orientation_change,mild,1300,orientation_change-mild_horizontal_no_load_1300rpm,3872026,1316,269,1628,2139,6,3,1005551,9,4250908,73,0,3,1678,1494,1211,75,159,1703,16383,1685,1673,1662929,800,1951,2199,532456,11951,8,382497,1496,81535,563,3871928294,3872027386,0,3872027460,3872027975,3456731285,17853303,990,62,61,0.0834,1670.0,0.27596378353275863,-0.13744497422809854,0.0834,23.4,74.1,,,,,,
2026-07-30T22:18:46.351933+00:00,S043,mounted,true,orientation_change,mild,1300,orientation_change-mild_horizontal_no_load_1300rpm,3872127,1310,267,1637,2147,4,3,1005604,9,4250908,73,1,2,1678,1494,1239,71,160,1703,16383,1682,1671,1680096,808,1915,2369,532453,11954,8,382498,1496,81536,563,3872028403,3872128197,0,3872128211,3872128726,3493631532,17862266,986,63,66,0.0834,1670.0,0.558357756566839,-0.1982570562154926,0.0834,23.4,74.1,,,,,,
2026-07-30T22:18:46.447377+00:00,S043,mounted,true,orientation_change,mild,1300,orientation_change-mild_horizontal_no_load_1300rpm,3872227,1303,267,1645,2158,1,3,1005656,9,4250908,73,1,2,1678,1494,1236,74,155,1704,16383,1681,1674,1663389,800,2058,2123,532479,11955,8,382501,1496,81537,563,3872129157,3872228234,0,3872228243,3872228758,3458613221,17865255,988,55,63,0.0834,1670.0,0.1480899028858218,0.03977305470514425,0.0834,23.37,74.1,,,,,,
2026-07-30T22:18:46.540635+00:00,S043,mounted,true,orientation_change,mild,1300,orientation_change-mild_horizontal_no_load_1300rpm,3872327,1301,268,1647,2162,2,3,1005708,9,4250908,73,0,3,1678,1494,1244,74,155,1702,16383,1681,1672,1663115,800,2045,2119,532443,11953,8,382501,1496,81538,563,3872229189,3872328277,0,3872328286,3872328801,3457479765,17859281,995,57,63,0.0834,1670.0,0.14201508633815774,0.018679887475947066,0.0834,23.43,74.2,,,,,,
2026-07-30T22:18:46.633548+00:00,S043,mounted,true,orientation_change,mild,1300,orientation_change-mild_horizontal_no_load_1300rpm,3872427,1305,269,1647,2163,4,3,1005760,9,4250908,73,2,2,1678,1494,1237,72,152,1708,16383,1681,1673,1663137,800,2015,2105,532446,11953,8,382501,1496,81539,563,3872329233,3872428343,0,3872428352,3872428867,3457573723,17859279,986,67,55,0.0834,1670.0,0.11868140006692851,-0.031320868819543435,0.0834,23.25,73.8,,,,,,
2026-07-30T22:18:46.725768+00:00,S043,mounted,true,orientation_change,mild,1300,orientation_change-mild_horizontal_no_load_1300rpm,3872527,1317,264,1631,2133,5,3,1005813,9,4250908,73,0,2,1678,1494,1239,73,159,1707,16383,1685,1674,1663564,800,2023,2247,532480,11950,8,382495,1496,81540,563,3872429297,3872528376,0,3872528386,3872528901,3459375660,17850316,978,60,54,0.0834,1670.0,0.35629182811715454,-0.017140877489540074,0.0834,23.28,73.9,,,,,,
2026-07-30T22:18:46.818536+00:00,S043,mounted,true,orientation_change,mild,1300,orientation_change-mild_horizontal_no_load_1300rpm,3872627,1324,268,1621,2127,1,3,1005866,9,4250908,73,1,2,1678,1494,1251,73,159,1702,16383,1682,1674,1663586,800,2057,2227,532466,11949,8,382488,1496,81541,563,3872529333,3872628427,0,3872628436,3872628951,3459455646,17847329,974,63,60,0.0834,1670.0,0.32326033065528437,0.03982786266633154,0.0834,23.43,74.2,,,,,,
2026-07-30T22:18:46.959677+00:00,S043,mounted,true,orientation_change,mild,1300,orientation_change-mild_horizontal_no_load_1300rpm,3872728,1332,267,1612,2114,1,3,1005920,9,4250908,73,0,2,1678,1494,1226,72,163,1697,16383,1682,1674,1680167,808,2039,2120,532485,11954,8,382490,1496,81542,563,3872629385,3872729078,0,3872729157,3872729672,3493805819,17862268,988,62,55,0.0834,1670.0,0.1433861962523002,0.008395447716245563,0.0834,23.58,74.4,,,,,,
2026-07-30T22:18:47.053328+00:00,S043,mounted,true,orientation_change,mild,1300,orientation_change-mild_horizontal_no_load_1300rpm,3872828,1336,269,1606,2110,3,3,1005973,9,4250908,73,1,2,1678,1494,1247,72,163,1708,16383,1682,1673,1663641,800,2045,2127,532487,11952,8,382489,1496,81543,563,3872730101,3872829156,0,3872829230,3872829745,3459668547,17856292,984,55,58,0.0834,1670.0,0.15564522891566224,0.01896506024096345,0.0834,23.25,73.8,,,,,,
2026-07-30T22:18:47.145673+00:00,S043,mounted,true,orientation_change,mild,1300,orientation_change-mild_horizontal_no_load_1300rpm,3872928,1336,264,1605,2099,3,3,1006027,9,4250908,73,1,2,1678,1494,1230,74,170,1705,16383,1680,1673,1663184,800,2030,2107,532466,11955,8,382493,1496,81544,563,3872830179,3872929257,0,3872929336,3872929851,3457761956,17865259,990,59,61,0.0834,1670.0,0.12142729410288533,-0.006886510664994017,0.0834,23.34,74.0,,,,,,
2026-07-30T22:18:47.239190+00:00,S043,mounted,true,orientation_change,mild,1300,orientation_change-mild_horizontal_no_load_1300rpm,3873028,1321,267,1623,2130,6,3,1006079,9,4250908,73,0,2,1678,1495,1237,71,170,1705,16383,1682,1673,1662951,800,1971,2103,532468,11956,8,382499,1496,81545,563,3872930282,3873029365,0,3873029438,3873029953,3456810415,17868244,988,52,52,0.0834,1670.0,0.11446852827032439,-0.10547959618601599,0.0834,23.34,74.0,,,,,,
2026-07-30T22:18:47.330988+00:00,S043,mounted,true,orientation_change,mild,1300,orientation_change-mild_horizontal_no_load_1300rpm,3873129,1312,265,1640,2146,4,3,1006132,9,4250908,72,1,2,1678,1494,1232,71,170,1702,16383,1682,1672,1679725,808,2031,2105,532443,11953,8,382499,1496,81546,563,3873030381,3873130063,0,3873130072,3873130587,3491966161,17859279,995,44,73,0.0834,1670.0,0.11868140006692851,-0.004653798795281716,0.0834,23.43,74.2,,,,,,
2026-07-30T22:18:47.426967+00:00,S043,mounted,true,orientation_change,mild,1300,orientation_change-mild_horizontal_no_load_1300rpm,3873229,1310,265,1639,2146,5,3,1006185,9,4250908,73,0,2,1678,1494,1239,71,175,1704,16383,1681,1673,1662716,800,1878,2119,532395,11953,8,382499,1496,81547,563,3873131017,3873230214,0,3873230228,3873230743,3455877112,17859277,994,48,71,0.0834,1670.0,0.14201508633815774,-0.2596576559022843,0.0834,23.37,74.1,,,,,,
2026-07-30T22:18:47.520047+00:00,S043,mounted,true,orientation_change,mild,1300,orientation_change-mild_horizontal_no_load_1300rpm,3873329,1311,269,1635,2148,3,3,1006237,9,4250908,73,0,2,1678,1494,1234,74,176,1704,16383,1682,1674,1663363,800,2035,2109,532475,11953,8,382499,1496,81548,563,3873231172,3873330244,0,3873330253,3873330768,3458509813,17859281,985,62,50,0.0834,1670.0,0.12534816757299438,0.0020129687107837135,0.0834,23.37,74.1,,,,,,
2026-07-30T22:18:47.660922+00:00,S043,mounted,true,orientation_change,mild,1300,orientation_change-mild_horizontal_no_load_1300rpm,3873429,1314,267,1631,2140,2,3,1006290,9,4250908,73,0,2,1678,1494,1240,74,176,1706,16383,1681,1674,1663042,800,1985,2171,532444,11954,8,382500,1496,81549,563,3873331196,3873430286,0,3873430296,3873430811,3457183942,17862268,996,49,69,0.0834,1670.0,0.22838037125648247,-0.08159838464112479,0.0834,23.31,74.0,,,,,,
2026-07-30T22:18:47.754695+00:00,S043,mounted,true,orientation_change,mild,1300,orientation_change-mild_horizontal_no_load_1300rpm,3873529,1333,269,1611,2116,6,3,1006343,9,4250908,73,2,2,1678,1495,1203,73,179,1708,16383,1681,1672,1663756,800,2054,2284,532479,11956,8,382505,1496,81550,563,3873431243,3873530324,0,3873530333,3873530848,3460183850,17868244,982,62,57,0.0834,1670.0,0.41606406256272965,0.03282111843425861,0.0834,23.25,73.8,,,,,,
2026-07-30T22:18:47.847559+00:00,S043,mounted,true,orientation_change,mild,1300,orientation_change-mild_horizontal_no_load_1300rpm,3873629,1350,269,1588,2087,6,3,1006397,9,4250908,73,1,2,1678,1494,1206,73,179,1700,16383,1681,1674,1663582,800,1989,2275,532479,11953,8,382505,1496,81551,563,3873531279,3873630387,0,3873630397,3873630912,3459476818,17859281,978,73,55,0.0834,1670.0,0.40201901907470905,-0.0746548576089685,0.0834,23.49,74.3,,,,,,
2026-07-30T22:18:47.943143+00:00,S043,mounted,true,orientation_change,mild,1300,orientation_change-mild_horizontal_no_load_1300rpm,3873729,1339,270,1598,2102,6,3,1006451,9,4250908,73,2,3,1678,1494,1221,70,166,1702,16383,1681,1673,1663413,800,2031,2329,532474,11954,8,382506,1496,81552,563,3873631342,3873730409,0,3873730419,3873730934,3458779125,17862268,984,84,57,0.0834,1670.0,0.49169565852434305,-0.0049369718922536165,0.0834,23.43,74.2,,,,,,
2026-07-30T22:18:48.037482+00:00,S043,mounted,true,orientation_change,mild,1300,orientation_change-mild_horizontal_no_load_1300rpm,3873829,1319,268,1624,2132,4,3,1006504,9,4250908,73,1,3,1678,1494,1209,71,175,1700,16383,1682,1673,1663687,800,2051,2170,532482,11955,8,382509,1496,81553,563,3873731368,3873830434,0,3873830444,3873830959,3459862425,17865257,980,71,58,0.0834,1670.0,0.22641131618569643,0.028108163362609684,0.0834,23.49,74.3,,,,,,
2026-07-30T22:18:48.130319+00:00,S043,mounted,true,orientation_change,mild,1300,orientation_change-mild_horizontal_no_load_1300rpm,3873930,1314,267,1634,2143,5,3,1006557,9,4250908,73,0,2,1678,1494,1201,71,175,1705,16383,1681,1672,1679455,808,1896,2111,532464,11955,8,382512,1496,81554,563,3873831389,3873931085,0,3873931159,3873931674,3490909751,17865255,991,65,72,0.0834,1670.0,0.12809294629861956,-0.2301858592220829,0.0834,23.34,74.0,,,,,,
2026-07-30T22:18:48.225611+00:00,S043,mounted,true,orientation_change,mild,1300,orientation_change-mild_horizontal_no_load_1300rpm,3874030,1312,265,1640,2145,3,3,1006609,9,4250908,73,0,2,1678,1493,1227,69,157,1710,16383,1681,1673,1662569,800,1933,2099,532390,11947,8,382499,1496,81555,563,3873932103,3874031184,0,3874031258,3874031773,3455226651,17841353,992,64,68,0.0834,1670.0,0.1104382018079848,-0.1663715988114176,0.0834,23.19,73.7,,,,,,
2026-07-30T22:18:48.366998+00:00,S043,mounted,true,orientation_change,mild,1300,orientation_change-mild_horizontal_no_load_1300rpm,3874130,1313,265,1634,2139,2,3,1006662,9,4250908,73,1,2,1678,1494,1223,68,165,1710,16383,1681,1673,1663517,800,2049,2125,532447,11952,8,382497,1496,81556,563,3874032201,3874131427,0,3874131501,3874132016,3459148019,17856292,991,55,72,0.0834,1670.0,0.15231156626505982,0.02563238554216829,0.0834,23.19,73.7,,,,,,
2026-07-30T22:18:48.459969+00:00,S043,mounted,true,orientation_change,mild,1300,orientation_change-mild_horizontal_no_load_1300rpm,3874231,1311,266,1638,2146,6,3,1006715,9,4250908,73,1,2,1678,1495,1219,68,165,1707,16383,1682,1674,1679965,808,2013,2103,532466,11956,8,382502,1496,81557,563,3874132450,3874232081,0,3874232095,3874232610,3492966347,17868244,985,62,59,0.0834,1670.0,0.11446852827032439,-0.03549610204081688,0.0834,23.28,73.9,,,,,,
2026-07-30T22:18:48.556056+00:00,S043,mounted,true,orientation_change,mild,1300,orientation_change-mild_horizontal_no_load_1300rpm,3874331,1312,266,1639,2146,5,3,1006767,9,4250908,73,1,2,1678,1494,1222,69,168,1711,16383,1682,1673,1663489,800,1907,2107,532501,11952,8,382500,1496,81558,563,3874233041,3874332139,0,3874332148,3874332663,3459069351,17856290,987,66,63,0.0834,1670.0,0.12230860240963848,-0.21105766265060222,0.0834,23.16,73.7,,,,,,
2026-07-30T22:18:48.647887+00:00,S043,mounted,true,orientation_change,mild,1300,orientation_change-mild_horizontal_no_load_1300rpm,3874431,1310,266,1638,2147,1,3,1006820,9,4250908,72,0,2,1678,1494,1248,69,168,1708,16383,1684,1673,1663506,800,2051,2297,532475,11952,8,382498,1496,81559,563,3874333093,3874432176,0,3874432191,3874432706,3459152678,17856292,985,52,65,0.0834,1670.0,0.4390065542168671,0.02896604819277071,0.0834,23.25,73.8,,,,,,
2026-07-30T22:18:48.741215+00:00,S043,mounted,true,orientation_change,mild,1300,orientation_change-mild_horizontal_no_load_1300rpm,3874531,1310,267,1638,2149,2,3,1006872,9,4250908,73,0,2,1678,1494,1206,70,156,1708,16383,1681,1673,1663162,800,2027,2109,532463,11955,8,382501,1496,81560,563,3874433134,3874532212,0,3874532222,3874532736,3457679434,17865259,989,58,64,0.0834,1670.0,0.12476012020075222,-0.011885749811794355,0.0834,23.25,73.8,,,,,,
2026-07-30T22:18:48.835290+00:00,S043,mounted,true,orientation_change,mild,1300,orientation_change-mild_horizontal_no_load_1300rpm,3874631,1312,268,1635,2147,6,3,1006925,9,4250908,73,0,2,1678,1494,1227,68,145,1709,16383,1681,1673,1663005,800,1919,2122,532459,11954,8,382502,1496,81561,563,3874533165,3874632262,0,3874632271,3874632787,3457060885,17862266,985,53,66,0.0834,1670.0,0.146719301154425,-0.19159084641124302,0.0834,23.22,73.8,,,,,,
2026-07-30T22:18:48.927548+00:00,S043,mounted,true,orientation_change,mild,1300,orientation_change-mild_horizontal_no_load_1300rpm,3874731,1311,267,1638,2147,5,3,1006977,9,4250908,73,1,2,1678,1494,1205,68,145,1715,16383,1682,1671,1663123,800,2043,2245,532471,11951,8,382498,1496,81562,563,3874633215,3874732272,0,3874732281,3874732795,3457538277,17853305,981,55,66,0.0834,1670.0,0.35264444021420793,0.015916339134800506,0.0834,23.04,73.5,,,,,,
2026-07-30T22:18:49.068324+00:00,S043,mounted,true,orientation_change,mild,1300,orientation_change-mild_horizontal_no_load_1300rpm,3874831,1311,266,1638,2145,1,3,1007030,9,4250908,73,0,2,1678,1494,1226,67,140,1708,16383,1682,1674,1663615,800,2053,2109,532487,11953,8,382498,1496,81563,563,3874733226,3874832339,0,3874832353,3874832868,3459554307,17859281,973,60,60,0.0834,1670.0,0.12534816757299438,0.032013422488077925,0.0834,23.25,73.8,,,,,,
2026-07-30T22:18:49.161832+00:00,S043,mounted,true,orientation_change,mild,1300,orientation_change-mild_horizontal_no_load_1300rpm,3874931,1312,266,1638,2145,2,3,1007082,9,4250908,73,1,2,1678,1494,1219,66,146,1703,16383,1682,1673,1663658,800,2053,2106,532483,11951,8,382494,1496,81564,563,3874833297,3874932387,0,3874932396,3874932912,3459730074,17853303,977,70,68,0.0834,1670.0,0.12093549937243697,0.03258604710902846,0.0834,23.4,74.1,,,,,,
2026-07-30T22:18:49.254057+00:00,S043,mounted,true,orientation_change,mild,1300,orientation_change-mild_horizontal_no_load_1300rpm,3875031,1313,269,1634,2146,6,3,1007135,9,4250908,73,1,2,1678,1495,1224,66,146,1709,16383,1681,1672,1662711,800,2043,2103,532438,11956,8,382500,1496,81565,563,3874933342,3875032407,0,3875032416,3875032931,3455800127,17868244,983,59,70,0.0834,1670.0,0.11446852827032439,0.014492108062897024,0.0834,23.22,73.8,,,,,,
2026-07-30T22:18:49.348230+00:00,S043,mounted,true,orientation_change,mild,1300,orientation_change-mild_horizontal_no_load_1300rpm,3875132,1325,266,1622,2125,4,3,1007188,9,4250908,73,1,2,1678,1494,1256,67,156,1699,16383,1684,1672,1680432,808,1974,2255,532479,11954,8,382501,1496,81566,563,3875033362,3875133042,0,3875133116,3875133631,3494942860,17862268,995,66,61,0.0834,1670.0,0.3683707771457252,-0.09993046160281116,0.0834,23.52,74.3,,,,,,
2026-07-30T22:18:49.441723+00:00,S043,mounted,true,orientation_change,mild,1300,orientation_change-mild_horizontal_no_load_1300rpm,3875232,1325,267,1618,2122,5,3,1007241,9,4250908,73,1,3,1678,1494,1242,67,156,1700,16383,1681,1673,1663060,800,2001,2101,532465,11955,8,382504,1496,81567,563,3875134065,3875233121,0,3875233195,3875233710,3457256764,17865257,989,82,45,0.0834,1670.0,0.11142881580928465,-0.05521248908406573,0.0834,23.49,74.3,,,,,,
2026-07-30T22:18:49.535872+00:00,S043,mounted,true,orientation_change,mild,1300,orientation_change-mild_horizontal_no_load_1300rpm,3875332,1317,270,1626,2139,1,3,1007294,9,4250908,73,0,2,1678,1494,1227,69,166,1707,16383,1684,1673,1663222,800,2047,2110,532458,11955,8,382507,1496,81568,563,3875234140,3875333220,0,3875333294,3875333809,3457922180,17865255,981,71,50,0.0834,1670.0,0.1264265332496861,0.021442511166875455,0.0834,23.28,73.9,,,,,,
2026-07-30T22:18:49.629786+00:00,S043,mounted,true,orientation_change,mild,1300,orientation_change-mild_horizontal_no_load_1300rpm,3875432,1312,266,1632,2140,3,3,1007347,9,4250908,73,0,3,1678,1494,1239,70,182,1706,16383,1681,1675,1663393,800,2051,2117,532481,11953,8,382507,1496,81569,563,3875334237,3875433307,0,3875433386,3875433901,3458630219,17859279,978,63,62,0.0834,1670.0,0.1386817025851248,0.028680038735045432,0.0834,23.31,74.0,,,,,,
2026-07-30T22:18:49.769856+00:00,S043,mounted,true,orientation_change,mild,1300,orientation_change-mild_horizontal_no_load_1300rpm,3875532,1313,267,1636,2145,6,3,1007399,9,4250908,73,1,2,1678,1494,1256,70,182,1703,16383,1681,1673,1662753,800,1973,2167,532424,11955,8,382510,1496,81570,563,3875434329,3875533384,0,3875533458,3875533973,3455998065,17865255,986,57,67,0.0834,1670.0,0.22141207703889565,-0.10187205445420311,0.0834,23.4,74.1,,,,,,
2026-07-30T22:18:49.862085+00:00,S043,mounted,true,orientation_change,mild,1300,orientation_change-mild_horizontal_no_load_1300rpm,3875633,1322,267,1626,2132,4,3,1007452,9,4250908,73,1,2,1678,1494,1218,73,187,1706,16383,1682,1673,1679944,808,1933,2287,532453,11950,8,382504,1496,81571,563,3875534407,3875634086,0,3875634096,3875634610,3492949992,17850316,987,67,72,0.0834,1670.0,0.42297623983263577,-0.1671808038493725,0.0834,23.31,74.0,,,,,,
2026-07-30T22:18:49.956698+00:00,S043,mounted,true,orientation_change,mild,1300,orientation_change-mild_horizontal_no_load_1300rpm,3875733,1324,268,1618,2124,5,3,1007505,9,4250908,73,0,2,1678,1495,1240,73,169,1700,16383,1680,1673,1662735,800,2035,2105,532417,11956,8,382509,1496,81572,563,3875635040,3875734128,0,3875734137,3875734652,3455893505,17868246,983,79,62,0.0834,1670.0,0.11780107561057207,0.001161918701906739,0.0834,23.49,74.3,,,,,,
2026-07-30T22:18:50.049816+00:00,S043,mounted,true,orientation_change,mild,1300,orientation_change-mild_horizontal_no_load_1300rpm,3875833,1323,268,1622,2128,1,3,1007558,9,4250908,73,0,2,1678,1494,1238,73,169,1704,16383,1681,1672,1663318,800,1961,2101,532447,11952,8,382507,1496,81573,563,3875735080,3875834213,0,3875834222,3875834741,3458330620,17856290,964,80,51,0.0834,1670.0,0.11230761445783077,-0.12104877108433776,0.0834,23.37,74.1,,,,,,
2026-07-30T22:18:50.143644+00:00,S043,mounted,true,orientation_change,mild,1300,orientation_change-mild_horizontal_no_load_1300rpm,3875933,1324,268,1619,2126,3,3,1007611,9,4250908,73,0,2,1678,1494,1227,73,168,1687,16383,1682,1673,1663032,800,1845,2101,532468,11955,8,382510,1496,81574,563,3875835169,3875934242,0,3875934252,3875934766,3457199984,17865255,979,70,52,0.0834,1670.0,0.11142881580928465,-0.31517292471769176,0.0834,23.88,75.0,,,,,,
2026-07-30T22:18:50.238452+00:00,S043,mounted,true,orientation_change,mild,1300,orientation_change-mild_horizontal_no_load_1300rpm,3876033,1324,267,1619,2124,2,3,1007664,9,4250908,73,0,2,1678,1495,1251,73,168,1703,16383,1682,1673,1663408,800,2041,2153,532472,11958,8,382519,1496,81575,563,3875935194,3876034295,0,3876034304,3876034820,3458704604,17874230,992,57,74,0.0834,1670.0,0.19718219719016528,0.010590759157049767,0.0834,23.4,74.1,,,,,,
2026-07-30T22:18:50.376986+00:00,S043,mounted,true,orientation_change,mild,1300,orientation_change-mild_horizontal_no_load_1300rpm,3876133,1324,269,1619,2127,6,3,1007717,9,4250908,73,1,2,1678,1494,1213,76,187,1709,16383,1681,1673,1663566,800,1967,2254,532482,11954,8,382519,1496,81576,563,3876035248,3876134348,0,3876134357,3876134871,3459413058,17862268,993,65,67,0.0834,1670.0,0.3667042246946628,-0.1115963287602475,0.0834,23.22,73.8,,,,,,
2026-07-30T22:18:50.470657+00:00,S043,mounted,true,orientation_change,mild,1300,orientation_change-mild_horizontal_no_load_1300rpm,3876233,1325,268,1618,2125,4,3,1007770,9,4250908,73,0,2,1678,1494,1241,78,183,1708,16383,1681,1673,1663266,800,2047,2277,532453,11954,8,382519,1496,81577,563,3876135302,3876234371,0,3876234381,3876234896,3458145716,17862270,993,64,62,0.0834,1670.0,0.40503493106909794,0.0217278673247443,0.0834,23.25,73.8,,,,,,
2026-07-30T22:18:50.564986+00:00,S043,mounted,true,orientation_change,mild,1300,orientation_change-mild_horizontal_no_load_1300rpm,3876333,1317,268,1625,2134,5,3,1007823,9,4250908,73,1,3,1678,1495,1221,78,183,1707,16383,1681,1672,1663130,800,2047,2207,532465,11957,8,382525,1496,81578,563,3876235324,3876334442,0,3876334451,3876334966,3457552920,17871233,994,64,56,0.0834,1670.0,0.2874534323827045,0.020871942042318015,0.0834,23.28,73.9,,,,,,
2026-07-30T22:18:50.656946+00:00,S043,mounted,true,orientation_change,mild,1300,orientation_change-mild_horizontal_no_load_1300rpm,3876434,1305,268,1643,2157,1,3,1007876,9,4250908,73,0,3,1678,1495,1209,74,175,1707,16383,1681,1674,1679539,808,2048,2099,532437,11956,8,382529,1496,81579,563,3876335396,3876435052,0,3876435131,3876435646,3491190127,17868244,998,51,66,0.0834,1670.0,0.10780343358982902,0.02282347641351601,0.0834,23.28,73.9,,,,,,
2026-07-30T22:18:50.751581+00:00,S043,mounted,true,orientation_change,mild,1300,orientation_change-mild_horizontal_no_load_1300rpm,3876534,1302,267,1647,2161,2,3,1007928,9,4250908,73,1,2,1678,1494,1229,71,165,1716,16383,1682,1674,1663583,800,2047,2243,532473,11952,8,382525,1496,81580,563,3876436074,3876535266,0,3876535340,3876535855,3459448193,17856290,1006,55,74,0.0834,1670.0,0.34899766265060217,0.02229872289156587,0.0834,23.01,73.4,,,,,,
2026-07-30T22:18:50.845631+00:00,S043,mounted,true,orientation_change,mild,1300,orientation_change-mild_horizontal_no_load_1300rpm,3876634,1308,266,1642,2152,4,3,1007980,9,4250908,73,1,2,1678,1494,1224,71,165,1709,16383,1681,1676,1663618,800,1915,2199,532469,11954,8,382525,1496,81581,563,3876536286,3876635376,0,3876635450,3876635965,3459604878,17862268,1001,59,67,0.0834,1670.0,0.2750438398862305,-0.1982570562154926,0.0834,23.22,73.8,,,,,,
2026-07-30T22:18:50.939295+00:00,S043,mounted,true,orientation_change,mild,1300,orientation_change-mild_horizontal_no_load_1300rpm,3876735,1312,268,1633,2145,5,3,1008033,9,4250908,73,0,2,1678,1494,1229,72,163,1701,16383,1681,1673,1680045,808,1987,2107,532470,11955,8,382527,1496,81582,563,3876636400,3876736219,0,3876736229,3876736744,3493306597,17865257,991,68,69,0.0834,1670.0,0.12142729410288533,-0.07854227176913486,0.0834,23.46,74.2,,,,,,
2026-07-30T22:18:51.094049+00:00,S043,mounted,true,orientation_change,mild,1300,orientation_change-mild_horizontal_no_load_1300rpm,3876835,1312,267,1637,2147,1,3,1008086,9,4250908,73,0,2,1678,1494,1232,72,163,1693,16383,1681,1673,1663229,800,1819,2241,532480,11953,8,382526,1496,81583,563,3876737176,3876836261,0,3876836275,3876836790,3458047279,17859279,998,59,71,0.0834,1670.0,0.3453514952731531,-0.35799247661674904,0.0834,23.7,74.7,,,,,,
2026-07-30T22:18:51.177886+00:00,S043,mounted,true,orientation_change,mild,1300,orientation_change-mild_horizontal_no_load_1300rpm,3876935,1319,268,1627,2135,2,3,1008138,9,4250908,73,1,2,1678,1494,1232,72,156,1697,16383,1681,1673,1663441,800,2042,2237,532459,11954,8,382526,1496,81584,563,3876837218,3876936300,0,3876936310,3876936824,3458877457,17862268,992,59,67,0.0834,1670.0,0.3383728330266016,0.013395105069432756,0.0834,23.58,74.4,,,,,,
2026-07-30T22:18:51.268271+00:00,S043,mounted,true,orientation_change,mild,1300,orientation_change-mild_horizontal_no_load_1300rpm,3877035,1323,268,1619,2126,6,3,1008191,9,4250908,73,0,2,1678,1495,1213,71,161,1703,16383,1680,1675,1663340,800,2037,2110,532474,11957,8,382532,1496,81585,563,3876937254,3877036347,0,3877036356,3877036872,3458412028,17871233,992,76,62,0.0834,1670.0,0.12583840386384493,0.004210598896043916,0.0834,23.4,74.1,,,,,,
2026-07-30T22:18:51.361240+00:00,S043,mounted,true,orientation_change,mild,1300,orientation_change-mild_horizontal_no_load_1300rpm,3877135,1317,268,1626,2135,4,3,1008244,9,4250908,73,0,3,1678,1494,1204,71,161,1700,16383,1681,1673,1663660,800,2037,2103,532499,11952,8,382528,1496,81586,563,3877037300,3877136371,0,3877136381,3877136896,3459744814,17856290,996,67,62,0.0834,1670.0,0.1156412771084332,0.005630409638554212,0.0834,23.49,74.3,,,,,,
2026-07-30T22:18:51.471028+00:00,S043,mounted,true,orientation_change,mild,1300,orientation_change-mild_horizontal_no_load_1300rpm,3877235,1313,267,1634,2143,5,3,1008297,9,4250908,73,0,2,1678,1494,1211,71,151,1699,16383,1682,1673,1663367,800,2037,2213,532465,11954,8,382528,1496,81587,563,3877137324,3877236430,0,3877236440,3877236955,3458540185,17862268,999,63,79,0.0834,1670.0,0.29837557420110405,0.005062342814120768,0.0834,23.52,74.3,,,,,,
2026-07-30T22:18:51.565204+00:00,S043,mounted,true,orientation_change,mild,1300,orientation_change-mild_horizontal_no_load_1300rpm,3877336,1313,267,1633,2143,1,3,1008350,9,4250908,73,0,2,1678,1495,1203,69,145,1703,16383,1681,1672,1679921,808,1913,2107,532467,11956,8,382532,1496,81588,563,3877237383,3877337075,0,3877337154,3877337669,3492806783,17868246,993,70,62,0.0834,1670.0,0.12113362295081931,-0.20212346905319523,0.0834,23.4,74.1,,,,,,
2026-07-30T22:18:51.672789+00:00,S043,mounted,true,orientation_change,mild,1300,orientation_change-mild_horizontal_no_load_1300rpm,3877436,1312,267,1635,2145,2,3,1008402,9,4250908,73,1,2,1678,1495,1227,69,145,1704,16383,1682,1672,1663211,800,1883,2201,532458,11957,8,382537,1496,81589,563,3877338098,3877437152,0,3877437226,3877437741,3457930527,17871233,994,68,62,0.0834,1670.0,0.27745662649493985,-0.2523740855565779,0.0834,23.37,74.1,,,,,,
2026-07-30T22:18:51.764683+00:00,S043,mounted,true,orientation_change,mild,1300,orientation_change-mild_horizontal_no_load_1300rpm,3877536,1312,266,1637,2145,6,3,1008455,9,4250908,73,0,2,1678,1495,1199,71,138,1705,16383,1681,1672,1663377,800,2003,2317,532455,11956,8,382540,1496,81590,563,3877438171,3877537241,0,3877537314,3877537829,3458626805,17868246,996,73,56,0.0834,1670.0,0.4710510936768144,-0.0521588387420544,0.0834,23.34,74.0,,,,,,
2026-07-30T22:18:51.858064+00:00,S043,mounted,true,orientation_change,mild,1300,orientation_change-mild_horizontal_no_load_1300rpm,3877636,1322,268,1626,2134,4,3,1008508,9,4250908,72,3,2,1678,1495,1213,71,138,1704,16383,1681,1673,1663390,800,2023,2109,532475,11956,8,382543,1496,81591,563,3877538258,3877637324,0,3877637403,3877637918,3458622356,17868248,983,63,61,0.0834,1670.0,0.12446617029106699,-0.01883336533957891,0.0834,23.37,74.1,,,,,,
2026-07-30T22:18:51.949479+00:00,S043,mounted,true,orientation_change,mild,1300,orientation_change-mild_horizontal_no_load_1300rpm,3877736,1334,268,1608,2111,5,3,1008561,9,4250908,73,1,2,1678,1494,1242,70,140,1702,16383,1682,1674,1663470,800,1917,2249,532480,11955,8,382544,1496,81592,563,3877638348,3877737442,0,3877737516,3877738031,3459030060,17865261,998,41,70,0.0834,1670.0,0.3580579470514431,-0.1951911851944792,0.0834,23.43,74.2,,,,,,
2026-07-30T22:18:52.043350+00:00,S043,mounted,true,orientation_change,mild,1300,orientation_change-mild_horizontal_no_load_1300rpm,3877837,1336,266,1606,2105,5,3,1008615,9,4250908,73,1,2,1678,1494,1201,70,154,1702,16383,1681,1673,1680005,808,2006,2218,532487,11952,8,382539,1496,81593,563,3877738465,3877838068,0,3877838083,3877838598,3493151275,17856288,983,51,58,0.0834,1670.0,0.3073268795180719,-0.0460413614457833,0.0834,23.43,74.2,,,,,,
2026-07-30T22:18:52.182715+00:00,S043,mounted,true,orientation_change,mild,1300,orientation_change-mild_horizontal_no_load_1300rpm,3877937,1326,268,1614,2119,1,3,1008668,9,4250908,73,1,2,1678,1494,1208,70,154,1702,16383,1684,1673,1663653,800,2050,2207,532484,11955,8,382540,1496,81594,563,3877839028,3877938140,0,3877938150,3877938665,3459744951,17865261,978,70,49,0.0834,1670.0,0.28806859899623527,0.026441750313676238,0.0834,23.43,74.2,,,,,,
2026-07-30T22:18:52.276107+00:00,S043,mounted,true,orientation_change,mild,1300,orientation_change-mild_horizontal_no_load_1300rpm,3878037,1315,266,1631,2137,2,3,1008720,9,4250908,73,1,3,1678,1494,1219,73,155,1704,16383,1681,1673,1662843,800,2037,2109,532448,11952,8,382536,1496,81595,563,3877939095,3878038179,0,3878038188,3878038703,3456346271,17856292,979,73,46,0.0834,1670.0,0.1256422650602409,0.005630409638554212,0.0834,23.37,74.1,,,,,,
2026-07-30T22:18:52.370528+00:00,S043,mounted,true,orientation_change,mild,1300,orientation_change-mild_horizontal_no_load_1300rpm,3878137,1312,267,1636,2145,6,3,1008773,9,4250908,73,1,2,1678,1495,1234,72,150,1713,16383,1683,1673,1663633,800,2045,2231,532485,11956,8,382539,1496,81596,563,3878039134,3878138228,0,3878138237,3878138752,3459652179,17868246,989,62,53,0.0834,1670.0,0.3277515580461694,0.017824655403144707,0.0834,23.1,73.6,,,,,,
2026-07-30T22:18:52.465247+00:00,S043,mounted,true,orientation_change,mild,1300,orientation_change-mild_horizontal_no_load_1300rpm,3878237,1311,268,1636,2148,4,3,1008826,9,4250908,73,0,2,1678,1494,1237,72,150,1705,16383,1685,1672,1663144,800,1919,2325,532435,11952,8,382535,1496,81597,563,3878139183,3878238258,0,3878238272,3878238787,3457700582,17856294,996,57,56,0.0834,1670.0,0.48567783132530096,-0.19105568674698814,0.0834,23.34,74.0,,,,,,
2026-07-30T22:18:52.560065+00:00,S043,mounted,true,orientation_change,mild,1300,orientation_change-mild_horizontal_no_load_1300rpm,3878337,1312,265,1636,2142,1,3,1008878,9,4250908,73,1,2,1678,1494,1243,70,152,1703,16383,1681,1673,1663068,800,2024,2098,532435,11951,8,382529,1496,81598,563,3878239215,3878338310,0,3878338319,3878338834,3457282540,17853303,982,65,52,0.0834,1670.0,0.1075997329930547,-0.015756106016232785,0.0834,23.4,74.1,,,,,,
2026-07-30T22:18:52.652403+00:00,S043,mounted,true,orientation_change,mild,1300,orientation_change-mild_horizontal_no_load_1300rpm,3878437,1311,267,1637,2147,3,3,1008931,9,4250908,73,0,2,1678,1494,1232,70,152,1700,16383,1681,1673,1663014,800,1959,2103,532433,11954,8,382529,1496,81599,563,3878339265,3878438345,0,3878438360,3878438875,3457070224,17862266,993,57,67,0.0834,1670.0,0.11505480458423945,-0.12492874836874712,0.0834,23.49,74.3,,,,,,
2026-07-30T22:18:52.746731+00:00,S043,mounted,true,orientation_change,mild,1300,orientation_change-mild_horizontal_no_load_1300rpm,3878537,1312,267,1638,2148,6,3,1008983,9,4250908,73,1,2,1678,1495,1241,72,154,1708,16383,1681,1672,1663319,800,2044,2113,532454,11956,8,382532,1496,81600,563,3878439303,3878538422,0,3878538431,3878538946,3458322949,17868246,996,59,72,0.0834,1670.0,0.13113126497156236,0.016158381733020644,0.0834,23.25,73.8,,,,,,
2026-07-30T22:18:52.887007+00:00,S043,mounted,true,orientation_change,mild,1300,orientation_change-mild_horizontal_no_load_1300rpm,3878638,1311,267,1634,2144,4,3,1009036,9,4250908,73,0,3,1678,1494,1216,71,148,1701,16383,1681,1673,1679631,808,2041,2143,532433,11953,8,382530,1496,81601,563,3878539377,3878639098,0,3878639172,3878639687,3491579387,17859279,989,61,55,0.0834,1670.0,0.18201569137455031,0.01201311996988208,0.0834,23.46,74.2,,,,,,
2026-07-30T22:18:52.981319+00:00,S043,mounted,true,orientation_change,mild,1300,orientation_change-mild_horizontal_no_load_1300rpm,3878738,1303,267,1646,2158,1,3,1009088,9,4250908,73,0,2,1678,1494,1221,71,148,1707,16383,1681,1674,1663106,800,2022,2103,532450,11954,8,382530,1496,81602,563,3878640115,3878739181,0,3878739254,3878739769,3457441392,17862268,997,49,77,0.0834,1670.0,0.11505480458423945,-0.019935943951815638,0.0834,23.28,73.9,,,,,,
2026-07-30T22:18:53.078860+00:00,S043,mounted,true,orientation_change,mild,1300,orientation_change-mild_horizontal_no_load_1300rpm,3878838,1302,267,1647,2160,2,3,1009140,9,4250908,73,0,3,1678,1495,1248,70,150,1702,16383,1681,1670,1663130,800,1874,2263,532472,11958,8,382537,1496,81603,563,3878740201,3878839276,0,3878839350,3878839865,3457742644,17874222,992,65,75,0.0834,1670.0,0.3804416452584043,-0.2676304029101857,0.0834,23.43,74.2,,,,,,
2026-07-30T22:18:53.166720+00:00,S043,mounted,true,orientation_change,mild,1300,orientation_change-mild_horizontal_no_load_1300rpm,3878938,1306,264,1653,2159,6,3,1009193,9,4250908,73,4,1,1678,1495,1246,70,151,1707,16383,1680,1672,1663572,800,1969,2141,532487,11959,8,382546,1496,81604,563,3878840293,3878939354,0,3878939433,3878939948,3459391978,17877211,987,64,66,0.0834,1670.0,0.17689199707333358,-0.10963517877749007,0.0834,23.28,73.9,,,,,,
2026-07-30T22:18:53.258064+00:00,S043,mounted,true,orientation_change,mild,1300,orientation_change-mild_horizontal_no_load_1300rpm,3879039,1334,268,1610,2113,4,3,1009246,9,4250908,73,2,2,1678,1494,1209,70,151,1706,16383,1682,1672,1680097,808,2029,2367,532476,11949,8,382535,1496,81605,563,3878940379,3879040037,0,3879040046,3879040561,3493596885,17847327,987,61,67,0.0834,1670.0,0.556675304293246,-0.006855132061260871,0.0834,23.31,74.0,,,,,,
2026-07-30T22:18:53.351227+00:00,S043,mounted,true,orientation_change,mild,1300,orientation_change-mild_horizontal_no_load_1300rpm,3879139,1349,270,1589,2090,4,3,1009300,9,4250908,73,1,2,1678,1495,1238,69,150,1702,16383,1681,1672,1663181,800,1993,2275,532465,11957,8,382540,1496,81606,563,3879040992,3879140240,0,3879140249,3879140764,3457799457,17871235,976,60,54,0.0834,1670.0,0.4007505657773689,-0.06909931094756239,0.0834,23.43,74.2,,,,,,
2026-07-30T22:18:53.492611+00:00,S043,mounted,true,orientation_change,mild,1300,orientation_change-mild_horizontal_no_load_1300rpm,3879239,1343,269,1594,2095,4,3,1009354,9,4250908,73,1,2,1678,1495,1222,69,150,1699,16383,1681,1672,1663431,800,1997,2103,532484,11956,8,382543,1496,81607,563,3879141195,3879240293,0,3879240302,3879240817,3458796833,17868246,997,57,60,0.0834,1670.0,0.11446852827032439,-0.06215648076279745,0.0834,23.52,74.3,,,,,,
2026-07-30T22:18:53.586586+00:00,S043,mounted,true,orientation_change,mild,1300,orientation_change-mild_horizontal_no_load_1300rpm,3879339,1338,268,1603,2104,4,3,1009408,9,4250908,73,0,2,1678,1494,1219,74,141,1700,16383,1682,1673,1662936,800,1975,2111,532484,11954,8,382543,1496,81608,563,3879241251,3879340356,0,3879340366,3879340881,3456758612,17862266,980,63,55,0.0834,1670.0,0.12838722419273818,-0.09826390915174832,0.0834,23.49,74.3,,,,,,
2026-07-30T22:18:53.679259+00:00,S043,mounted,true,orientation_change,mild,1300,orientation_change-mild_horizontal_no_load_1300rpm,3879439,1336,267,1607,2108,5,3,1009461,9,4250908,73,1,2,1678,1494,1260,72,143,1707,16383,1681,1674,1663547,800,1892,2111,532475,11953,8,382541,1496,81609,563,3879341309,3879440382,0,3879440392,3879440907,3459307559,17859279,990,56,65,0.0834,1670.0,0.12868155132602643,-0.2363239696310555,0.0834,23.28,73.9,,,,,,
2026-07-30T22:18:53.771797+00:00,S043,mounted,true,orientation_change,mild,1300,orientation_change-mild_horizontal_no_load_1300rpm,3879539,1323,268,1620,2128,1,3,1009514,9,4250908,73,1,2,1678,1494,1219,72,143,1704,16383,1681,1672,1663735,800,2057,2341,532477,11954,8,382541,1496,81610,563,3879441337,3879540424,0,3879540434,3879540949,3460116957,17862268,988,58,54,0.0834,1670.0,0.5116942879370923,0.03839339183536872,0.0834,23.37,74.1,,,,,,
2026-07-30T22:18:53.865734+00:00,S043,mounted,true,orientation_change,mild,1300,orientation_change-mild_horizontal_no_load_1300rpm,3879640,1312,267,1634,2144,3,3,1009567,9,4250908,73,0,2,1678,1494,1244,69,137,1701,16383,1682,1672,1679870,808,1939,2172,532476,11950,8,382533,1496,81611,563,3879541383,3879641069,0,3879641143,3879641658,3492604270,17850318,994,68,60,0.0834,1670.0,0.2312585561506273,-0.1571781420920506,0.0834,23.46,74.2,,,,,,
2026-07-30T22:18:53.959381+00:00,S043,mounted,true,orientation_change,mild,1300,orientation_change-mild_horizontal_no_load_1300rpm,3879740,1311,266,1637,2145,6,3,1009619,9,4250908,73,1,2,1678,1495,1223,69,137,1698,16383,1681,1673,1663246,800,2053,2113,532463,11959,8,382542,1496,81612,563,3879642087,3879741203,0,3879741277,3879741791,3458021398,17877211,1000,59,69,0.0834,1670.0,0.1302480382138973,0.030296697800819228,0.0834,23.55,74.4,,,,,,
2026-07-30T22:18:54.052570+00:00,S043,mounted,true,orientation_change,mild,1300,orientation_change-mild_horizontal_no_load_1300rpm,3879840,1311,269,1634,2147,4,3,1009672,9,4250908,73,0,2,1678,1494,1216,69,137,1702,16383,1681,1672,1663087,800,1971,2265,532473,11950,8,382534,1496,81613,563,3879742223,3879841282,0,3879841356,3879841871,3457411059,17850316,1002,72,66,0.0834,1670.0,0.3862998133891211,-0.10383061271966554,0.0834,23.43,74.2,,,,,,
2026-07-30T22:18:54.195919+00:00,S043,mounted,true,orientation_change,mild,1300,orientation_change-mild_horizontal_no_load_1300rpm,3879940,1311,268,1636,2148,1,3,1009724,9,4250908,73,0,2,1678,1495,1222,71,148,1709,16383,1681,1669,1663676,800,1933,2223,532493,11957,8,382539,1496,81614,563,3879842300,3879941369,0,3879941443,3879941957,3459855100,17871233,987,74,61,0.0834,1670.0,0.3141115814167432,-0.16906736982520698,0.0834,23.22,73.8,,,,,,
2026-07-30T22:18:54.290161+00:00,S043,mounted,true,orientation_change,mild,1300,orientation_change-mild_horizontal_no_load_1300rpm,3880041,1310,268,1637,2148,3,3,1009777,9,4250908,73,0,2,1678,1494,1209,71,148,1699,16383,1682,1672,1679950,808,1993,2239,532484,11955,8,382540,1496,81615,563,3879942385,3880042051,0,3880042061,3880042575,3492968478,17865257,989,62,57,0.0834,1670.0,0.3413938165621073,-0.0685437934755333,0.0834,23.52,74.3,,,,,,
2026-07-30T22:18:54.384057+00:00,S043,mounted,true,orientation_change,mild,1300,orientation_change-mild_horizontal_no_load_1300rpm,3880141,1310,267,1636,2147,2,3,1009830,9,4250908,73,0,2,1678,1495,1205,69,146,1700,16383,1682,1672,1663696,800,2039,2187,532471,11956,8,382543,1496,81616,563,3880043003,3880142222,0,3880142236,3880142751,3459910260,17868244,991,64,68,0.0834,1670.0,0.2544355165607226,0.00782701338240166,0.0834,23.49,74.3,,,,,,
2026-07-30T22:18:54.477355+00:00,S043,mounted,true,orientation_change,mild,1300,orientation_change-mild_horizontal_no_load_1300rpm,3880241,1314,267,1637,2145,4,3,1009882,9,4250908,73,1,2,1678,1494,1227,68,140,1699,16383,1683,1674,1663867,800,2061,2106,532486,11954,8,382543,1496,81617,563,3880143180,3880242281,0,3880242290,3880242805,3460600855,17862268,987,70,65,0.0834,1670.0,0.12005446193742664,0.04505960163961831,0.0834,23.52,74.3,,,,,,
2026-07-30T22:18:54.570915+00:00,S043,mounted,true,orientation_change,mild,1300,orientation_change-mild_horizontal_no_load_1300rpm,3880341,1321,268,1624,2131,5,3,1009935,9,4250908,73,1,2,1678,1494,1201,68,140,1693,16383,1682,1672,1663064,800,2029,2175,532440,11953,8,382541,1496,81618,563,3880243236,3880342313,0,3880342323,3880342838,3457280868,17859281,991,67,57,0.0834,1670.0,0.23534983142307375,-0.007987182548314653,0.0834,23.7,74.7,,,,,,
2026-07-30T22:18:54.663649+00:00,S043,mounted,true,orientation_change,mild,1300,orientation_change-mild_horizontal_no_load_1300rpm,3880441,1326,268,1617,2124,1,3,1009988,9,4250908,73,1,2,1678,1494,1213,66,137,1700,16383,1681,1674,1663158,800,2035,2113,532428,11952,8,382537,1496,81619,563,3880343268,3880442356,0,3880442366,3880442881,3457655678,17856290,987,64,67,0.0834,1670.0,0.13230959036144574,0.002296746987951792,0.0834,23.49,74.3,,,,,,
2026-07-30T22:18:54.757800+00:00,S043,mounted,true,orientation_change,mild,1300,orientation_change-mild_horizontal_no_load_1300rpm,3880541,1320,268,1624,2132,3,3,1010041,9,4250908,73,0,2,1678,1494,1229,70,142,1696,16383,1681,1672,1663123,800,2041,2103,532460,11954,8,382537,1496,81620,563,3880443311,3880542391,0,3880542400,3880542916,3457508529,17862268,982,62,64,0.0834,1670.0,0.11505480458423945,0.011728552618370358,0.0834,23.61,74.5,,,,,,
2026-07-30T22:18:54.900555+00:00,S043,mounted,true,orientation_change,mild,1300,orientation_change-mild_horizontal_no_load_1300rpm,3880642,1312,267,1637,2146,2,3,1010094,9,4250908,72,1,2,1678,1494,1208,70,142,1701,16383,1681,1672,1679887,808,1923,2199,532482,11954,8,382537,1496,81621,563,3880543348,3880643164,0,3880643238,3880643753,3492680769,17862270,991,53,70,0.0834,1670.0,0.2750438398862305,-0.18492463660699388,0.0834,23.46,74.2,,,,,,
2026-07-30T22:18:54.995103+00:00,S043,mounted,true,orientation_change,mild,1300,orientation_change-mild_horizontal_no_load_1300rpm,3880742,1312,265,1642,2148,6,3,1010147,9,4250908,72,2,2,1678,1494,1242,75,145,1714,16383,1681,1672,1662985,800,1941,2099,532469,11952,8,382533,1496,81622,563,3880644187,3880743246,0,3880743325,3880743840,3456957277,17856292,989,56,68,0.0834,1670.0,0.10897395180722835,-0.15438539759036196,0.0834,23.07,73.5,,,,,,
2026-07-30T22:18:55.088289+00:00,S043,mounted,true,orientation_change,mild,1300,orientation_change-mild_horizontal_no_load_1300rpm,3880842,1328,269,1615,2122,4,3,1010200,9,4250908,73,1,2,1678,1494,1184,75,145,1719,16383,1680,1672,1663019,800,2041,2123,532464,11952,8,382529,1496,81623,563,3880744271,3880843343,0,3880843417,3880843932,3457085509,17856290,993,48,71,0.0834,1670.0,0.1489779036144574,0.012297734939758609,0.0834,22.92,73.3,,,,,,
2026-07-30T22:18:55.182526+00:00,S043,mounted,true,orientation_change,mild,1300,orientation_change-mild_horizontal_no_load_1300rpm,3880942,1335,268,1607,2110,5,3,1010253,9,4250908,73,1,2,1678,1494,1194,76,143,1703,16383,1681,1671,1664233,800,2027,2326,532489,11952,8,382525,1496,81624,563,3880844362,3880943420,0,3880943494,3880944008,3462221879,17856290,991,55,68,0.0834,1670.0,0.48734466265060217,-0.011037903614457889,0.0834,23.4,74.1,,,,,,
2026-07-30T22:18:55.276848+00:00,S043,mounted,true,orientation_change,mild,1300,orientation_change-mild_horizontal_no_load_1300rpm,3881043,1331,268,1609,2113,5,3,1010307,9,4250908,73,0,3,1678,1494,1208,73,138,1708,16383,1681,1673,1680322,808,2021,2159,532482,11952,8,382522,1496,81625,563,3880944439,3881044233,0,3881044243,3881044758,3494458012,17856290,993,70,65,0.0834,1670.0,0.20898383132530096,-0.021038891566265594,0.0834,23.25,73.8,,,,,,
2026-07-30T22:18:55.370147+00:00,S043,mounted,true,orientation_change,mild,1300,orientation_change-mild_horizontal_no_load_1300rpm,3881143,1326,268,1618,2124,1,3,1010360,9,4250908,73,0,2,1678,1494,1227,73,138,1708,16383,1681,1673,1663229,800,2055,2110,532472,11951,8,382517,1496,81626,563,3881045186,3881144266,0,3881144276,3881144791,3457949795,17853305,995,61,71,0.0834,1670.0,0.12760338256212878,0.035919988703873695,0.0834,23.25,73.8,,,,,,
2026-07-30T22:18:55.464259+00:00,S043,mounted,true,orientation_change,mild,1300,orientation_change-mild_horizontal_no_load_1300rpm,3881243,1325,269,1618,2126,3,3,1010413,9,4250908,73,0,2,1678,1494,1216,68,143,1701,16383,1681,1670,1662900,800,1945,2101,532446,11953,8,382516,1496,81627,563,3881145223,3881244302,0,3881244311,3881244826,3456607472,17859281,995,63,68,0.0834,1670.0,0.11201463256086308,-0.14798930017568868,0.0834,23.46,74.2,,,,,,
2026-07-30T22:18:55.558106+00:00,S043,mounted,true,orientation_change,mild,1300,orientation_change-mild_horizontal_no_load_1300rpm,3881343,1318,267,1627,2134,2,3,1010466,9,4250908,73,1,3,1678,1494,1211,67,145,1702,16383,1681,1674,1663848,800,2059,2199,532494,11952,8,382513,1496,81628,563,3881245258,3881344346,0,3881344356,3881344871,3460535514,17856292,997,69,66,0.0834,1670.0,0.27565708433734937,0.04230069879518039,0.0834,23.43,74.2,,,,,,
2026-07-30T22:18:55.697380+00:00,S043,mounted,true,orientation_change,mild,1300,orientation_change-mild_horizontal_no_load_1300rpm,3881443,1313,266,1634,2142,4,3,1010518,9,4250908,73,0,3,1678,1494,1235,67,145,1703,16383,1681,1673,1662905,800,2043,2101,532449,11951,8,382508,1496,81629,563,3881345302,3881444387,0,3881444396,3881444911,3456602159,17853303,1004,53,70,0.0834,1670.0,0.112600645385323,0.015916339134800506,0.0834,23.4,74.1,,,,,,
2026-07-30T22:18:55.791391+00:00,S043,mounted,true,orientation_change,mild,1300,orientation_change-mild_horizontal_no_load_1300rpm,3881544,1312,268,1632,2144,5,3,1010571,9,4250908,73,1,2,1678,1494,1221,70,150,1702,16383,1682,1673,1663172,800,1986,2105,532479,11954,8,382509,1496,81630,563,3881445340,3881544570,0,3881544580,3881545095,3457731128,17862270,998,62,76,0.0834,1670.0,0.11838790948636424,-0.07993183219006195,0.0834,23.43,74.2,,,,,,
2026-07-30T22:18:55.886573+00:00,S043,mounted,true,orientation_change,mild,1300,orientation_change-mild_horizontal_no_load_1300rpm,3881644,1311,268,1636,2148,1,3,1010624,9,4250908,72,0,2,1678,1494,1237,70,150,1700,16383,1682,1673,1680064,808,2037,2251,532473,11955,8,382512,1496,81631,563,3881545529,3881645104,0,3881645178,3881645693,3493432160,17865257,1000,62,68,0.0834,1670.0,0.36139077314930956,0.00477838067754055,0.0834,23.49,74.3,,,,,,
2026-07-30T22:18:55.979112+00:00,S043,mounted,true,orientation_change,mild,1300,orientation_change-mild_horizontal_no_load_1300rpm,3881744,1312,268,1634,2145,2,3,1010676,9,4250908,73,1,2,1678,1494,1232,69,154,1702,16383,1681,1673,1663427,800,2019,2103,532464,11955,8,382515,1496,81632,563,3881646122,3881745200,0,3881745274,3881745789,3458772321,17865257,991,65,69,0.0834,1670.0,0.11476164190715155,-0.025217054203262812,0.0834,23.43,74.2,,,,,,
2026-07-30T22:18:56.074314+00:00,S043,mounted,true,orientation_change,mild,1300,orientation_change-mild_horizontal_no_load_1300rpm,3881844,1311,265,1639,2145,6,3,1010729,9,4250908,73,1,2,1678,1494,1253,71,156,1711,16383,1681,1673,1663579,800,1963,2291,532460,11952,8,382512,1496,81633,563,3881746220,3881845283,0,3881845357,3881845872,3459462117,17856290,1006,61,71,0.0834,1670.0,0.4290055662650598,-0.11771510843373534,0.0834,23.16,73.7,,,,,,
2026-07-30T22:18:56.169123+00:00,S043,mounted,true,orientation_change,mild,1300,orientation_change-mild_horizontal_no_load_1300rpm,3881944,1311,267,1638,2147,5,3,1010781,9,4250908,73,1,2,1678,1494,1226,71,156,1709,16383,1681,1672,1663587,800,2011,2121,532483,11954,8,382513,1496,81634,563,3881846303,3881945373,0,3881945447,3881945962,3459445073,17862268,1007,56,67,0.0834,1670.0,0.1450527487033626,-0.03826802091350201,0.0834,23.22,73.8,,,,,,
2026-07-30T22:18:56.263168+00:00,S043,mounted,true,orientation_change,mild,1300,orientation_change-mild_horizontal_no_load_1300rpm,3882045,1312,268,1635,2146,1,3,1010834,9,4250908,73,1,2,1678,1495,1229,71,167,1708,16383,1681,1674,1680019,808,2034,2106,532472,11956,8,382517,1496,81635,563,3881946393,3882046043,0,3882046053,3882046568,3493184681,17868244,991,79,56,0.0834,1670.0,0.11946734928069569,-0.0005043549682173243,0.0834,23.25,73.8,,,,,,
2026-07-30T22:18:56.403973+00:00,S043,mounted,true,orientation_change,mild,1300,orientation_change-mild_horizontal_no_load_1300rpm,3882145,1312,267,1636,2146,3,3,1010887,9,4250908,73,0,2,1678,1494,1256,66,163,1704,16383,1681,1673,1663518,800,2047,2253,532477,11955,8,382519,1496,81636,563,3882047002,3882146207,0,3882146217,3882146732,3459186548,17865257,997,57,75,0.0834,1670.0,0.36472359924717646,0.021442511166875455,0.0834,23.37,74.1,,,,,,
2026-07-30T22:18:56.499223+00:00,S043,mounted,true,orientation_change,mild,1300,orientation_change-mild_horizontal_no_load_1300rpm,3882245,1313,267,1635,2144,6,3,1010939,9,4250908,73,1,2,1678,1494,1219,66,163,1707,16383,1682,1673,1662988,800,1825,2109,532479,11954,8,382519,1496,81637,563,3882147160,3882246398,0,3882246407,3882246921,3457024272,17862268,996,55,74,0.0834,1670.0,0.12505411929061339,-0.3482467768111097,0.0834,23.28,73.9,,,,,,
2026-07-30T22:18:56.593026+00:00,S043,mounted,true,orientation_change,mild,1300,orientation_change-mild_horizontal_no_load_1300rpm,3882346,1311,267,1636,2146,4,3,1010992,9,4250908,73,0,2,1678,1494,1240,66,160,1707,16383,1685,1673,1680294,808,1978,2239,532491,11952,8,382516,1496,81638,563,3882247352,3882347062,0,3882347135,3882347651,3494386574,17856302,980,76,65,0.0834,1670.0,0.34233033734939733,-0.09271263855421719,0.0834,23.28,73.9,,,,,,
2026-07-30T22:18:56.686817+00:00,S043,mounted,true,orientation_change,mild,1300,orientation_change-mild_horizontal_no_load_1300rpm,3882446,1313,267,1635,2145,5,3,1011045,9,4250908,73,0,2,1678,1494,1233,66,160,1707,16383,1681,1673,1663140,800,1901,2227,532443,11952,8,382513,1496,81639,563,3882348079,3882447155,0,3882447228,3882447743,3457646528,17856294,980,75,68,0.0834,1670.0,0.32232836144578325,-0.22105865060240992,0.0834,23.28,73.9,,,,,,
2026-07-30T22:18:56.780625+00:00,S043,mounted,true,orientation_change,mild,1300,orientation_change-mild_horizontal_no_load_1300rpm,3882546,1313,267,1633,2142,3,3,1011097,9,4250908,73,0,2,1678,1494,1222,69,163,1707,16383,1681,1673,1663276,800,1973,2103,532474,11954,8,382513,1496,81640,563,3882448172,3882547245,0,3882547319,3882547834,3458163980,17862268,972,76,66,0.0834,1670.0,0.11505480458423945,-0.10159701405387311,0.0834,23.28,73.9,,,,,,
2026-07-30T22:18:56.874924+00:00,S043,mounted,true,orientation_change,mild,1300,orientation_change-mild_horizontal_no_load_1300rpm,3882647,1313,267,1636,2145,2,3,1011150,9,4250908,73,1,2,1678,1494,1242,70,155,1705,16383,1682,1673,1679480,808,1821,2141,532460,11955,8,382515,1496,81641,563,3882548262,3882648156,0,3882648166,3882648681,3491023784,17865255,980,60,66,0.0834,1670.0,0.17808533776662427,-0.3551668378920958,0.0834,23.34,74.0,,,,,,
2026-07-30T22:18:57.014866+00:00,S043,mounted,true,orientation_change,mild,1300,orientation_change-mild_horizontal_no_load_1300rpm,3882747,1311,268,1636,2147,6,3,1011203,9,4250908,73,1,2,1678,1494,1201,70,155,1710,16383,1681,1673,1663598,800,2047,2111,532471,11949,8,382506,1496,81642,563,3882649111,3882748197,0,3882748206,3882748721,3459486502,17847327,971,67,53,0.0834,1670.0,0.12985935249811664,0.023155364549334312,0.0834,23.19,73.7,,,,,,
2026-07-30T22:18:57.109135+00:00,S043,mounted,true,orientation_change,mild,1300,orientation_change-mild_horizontal_no_load_1300rpm,3882847,1314,268,1634,2144,4,3,1011256,9,4250908,73,2,1,1678,1494,1208,71,157,1707,16383,1681,1674,1663326,800,1894,2121,532481,11955,8,382509,1496,81643,563,3882749152,3882848207,0,3882848222,3882848737,3458411838,17865255,970,63,57,0.0834,1670.0,0.14475707678795446,-0.2335186853199498,0.0834,23.28,73.9,,,,,,
2026-07-30T22:18:57.188199+00:00,S043,mounted,true,orientation_change,mild,1300,orientation_change-mild_horizontal_no_load_1300rpm,3882947,1331,269,1610,2116,5,3,1011309,9,4250908,73,1,2,1678,1494,1212,73,162,1698,16383,1681,1672,1663379,800,1933,2115,532473,11953,8,382509,1496,81644,563,3882849167,3882948265,0,3882948279,3882948794,3458598043,17859281,982,69,55,0.0834,1670.0,0.13534831883209186,-0.16798960269388452,0.0834,23.55,74.4,,,,,,
2026-07-30T22:18:57.281549+00:00,S043,mounted,true,orientation_change,mild,1300,orientation_change-mild_horizontal_no_load_1300rpm,3883047,1335,268,1605,2107,1,3,1011362,9,4250908,73,1,2,1678,1494,1208,73,162,1700,16383,1681,1673,1663297,800,1855,2127,532488,11949,8,382501,1496,81645,563,3882949225,3883048308,0,3883048317,3883048832,3458283705,17847339,998,63,65,0.0834,1670.0,0.15653534948531211,-0.2969565992970127,0.0834,23.49,74.3,,,,,,
2026-07-30T22:18:57.390880+00:00,S043,mounted,true,orientation_change,mild,1300,orientation_change-mild_horizontal_no_load_1300rpm,3883148,1319,268,1621,2130,1,3,1011416,9,4250908,73,3,3,1678,1494,1217,74,153,1701,16383,1680,1674,1679941,808,2049,2111,532464,11953,8,382501,1496,81646,563,3883049267,3883149085,0,3883149164,3883149679,3492857199,17859281,986,62,65,0.0834,1670.0,0.12868155132602643,0.025346654982012495,0.0834,23.46,74.2,,,,,,
2026-07-30T22:18:57.483554+00:00,S043,mounted,true,orientation_change,mild,1300,orientation_change-mild_horizontal_no_load_1300rpm,3883248,1304,266,1646,2157,2,3,1011468,9,4250908,73,0,3,1678,1494,1200,74,153,1699,16383,1681,1671,1662483,800,1928,2101,532413,11953,8,382501,1496,81647,563,3883150109,3883249180,0,3883249254,3883249769,3454885113,17859279,991,50,77,0.0834,1670.0,0.11201463256086308,-0.17632306207646664,0.0834,23.52,74.3,,,,,,
2026-07-30T22:18:57.624138+00:00,S043,mounted,true,orientation_change,mild,1300,orientation_change-mild_horizontal_no_load_1300rpm,3883348,1302,267,1648,2161,4,3,1011520,9,4250908,73,0,2,1678,1494,1213,77,154,1705,16383,1681,1672,1662918,800,2027,2105,532386,11951,8,382497,1496,81648,563,3883250198,3883349278,0,3883349352,3883349867,3456658402,17853305,983,65,71,0.0834,1670.0,0.11926852857501435,-0.010755193623964487,0.0834,23.34,74.0,,,,,,
2026-07-30T22:18:57.670844+00:00,S043,mounted,true,orientation_change,mild,1300,orientation_change-mild_horizontal_no_load_1300rpm,3883448,1306,268,1643,2156,1,3,1011572,9,4250908,73,1,2,1678,1494,1221,75,155,1700,16383,1682,1673,1663794,800,1913,2290,532454,11955,8,382500,1496,81649,563,3883350299,3883449377,0,3883449451,3883449970,3460373546,17865255,987,69,66,0.0834,1670.0,0.4263808820577162,-0.20185683739021343,0.0834,23.49,74.3,,,,,,
2026-07-30T22:18:57.812147+00:00,S043,mounted,true,orientation_change,mild,1300,orientation_change-mild_horizontal_no_load_1300rpm,3883549,1311,267,1637,2146,3,3,1011625,9,4250908,73,1,2,1678,1494,1218,75,155,1714,16383,1681,1673,1679818,808,2051,2110,532457,11953,8,382500,1496,81650,563,3883450400,3883550066,0,3883550075,3883550590,3492346714,17859279,995,69,58,0.0834,1670.0,0.12701485944951063,0.028680038735045432,0.0834,23.07,73.5,,,,,,
2026-07-30T22:18:57.905002+00:00,S043,mounted,true,orientation_change,mild,1300,orientation_change-mild_horizontal_no_load_1300rpm,3883649,1317,268,1627,2137,2,3,1011678,9,4250908,73,1,2,1678,1495,1222,73,148,1709,16383,1681,1672,1662804,800,1847,2106,532443,11956,8,382505,1496,81651,563,3883551020,3883650256,0,3883650266,3883650781,3456237286,17868244,984,72,57,0.0834,1670.0,0.11946734928069569,-0.3120975312813652,0.0834,23.22,73.8,,,,,,
2026-07-30T22:18:57.999138+00:00,S043,mounted,true,orientation_change,mild,1300,orientation_change-mild_horizontal_no_load_1300rpm,3883749,1324,269,1618,2126,6,3,1011731,9,4250908,73,0,2,1678,1494,1223,76,166,1706,16383,1681,1674,1663234,800,1919,2241,532445,11952,8,382503,1496,81652,563,3883651215,3883750282,0,3883750292,3883750807,3458024330,17856294,988,60,56,0.0834,1670.0,0.34566399999999975,-0.19105568674698814,0.0834,23.31,74.0,,,,,,
2026-07-30T22:18:58.091246+00:00,S043,mounted,true,orientation_change,mild,1300,orientation_change-mild_horizontal_no_load_1300rpm,3883849,1325,268,1618,2124,4,3,1011784,9,4250908,73,1,2,1678,1494,1207,76,166,1704,16383,1681,1673,1663384,800,2059,2313,532458,11955,8,382506,1496,81653,563,3883751235,3883850334,0,3883850343,3883850858,3458697128,17865257,1005,48,81,0.0834,1670.0,0.4647083821831868,0.0414394677540777,0.0834,23.37,74.1,,,,,,
2026-07-30T22:18:58.184589+00:00,S043,mounted,true,orientation_change,mild,1300,orientation_change-mild_horizontal_no_load_1300rpm,3883949,1328,263,1622,2118,5,3,1011837,9,4250908,72,1,2,1678,1494,1232,73,154,1701,16383,1682,1673,1663534,800,2051,2113,532454,11955,8,382509,1496,81654,563,3883851290,3883950353,0,3883950363,3883950878,3459218916,17865257,1002,53,75,0.0834,1670.0,0.13142577239648645,0.028108163362609684,0.0834,23.46,74.2,,,,,,
2026-07-30T22:18:58.279161+00:00,S043,mounted,true,orientation_change,mild,1300,orientation_change-mild_horizontal_no_load_1300rpm,3884049,1335,265,1610,2107,5,3,1011891,9,4250908,73,1,2,1678,1494,1234,73,154,1703,16383,1681,1665,1663045,800,1946,2099,532479,11955,8,382512,1496,81655,563,3883951313,3884050393,0,3884050559,3884051074,3457222793,17865255,984,75,62,0.0834,1670.0,0.10809598971141732,-0.14686520677540793,0.0834,23.4,74.1,,,,,,
2026-07-30T22:18:58.419056+00:00,S043,mounted,true,orientation_change,mild,1300,orientation_change-mild_horizontal_no_load_1300rpm,3884150,1332,267,1606,2108,1,3,1011944,9,4250908,73,1,3,1678,1495,1229,74,167,1711,16383,1683,1673,1680527,808,2050,2267,532492,11957,8,382519,1496,81656,563,3884051505,3884151100,0,3884151173,3884151689,3495331893,17871233,979,84,58,0.0834,1670.0,0.3874214912603491,0.025870344986200333,0.0834,23.16,73.7,,,,,,
2026-07-30T22:18:58.512760+00:00,S043,mounted,true,orientation_change,mild,1300,orientation_change-mild_horizontal_no_load_1300rpm,3884250,1318,265,1631,2134,3,3,1011997,9,4250908,73,0,2,1678,1495,1227,73,172,1710,16383,1681,1673,1663567,800,2003,2273,532480,11956,8,382523,1496,81657,563,3884152119,3884251180,0,3884251254,3884251769,3459406757,17868248,997,53,70,0.0834,1670.0,0.39773505219136807,-0.0521588387420544,0.0834,23.19,73.7,,,,,,
2026-07-30T22:18:58.606927+00:00,S043,mounted,true,orientation_change,mild,1300,orientation_change-mild_horizontal_no_load_1300rpm,3884350,1313,269,1631,2143,2,3,1012050,9,4250908,73,0,3,1678,1494,1251,73,172,1708,16383,1680,1673,1663104,800,1887,2109,532458,11953,8,382522,1496,81658,563,3884252201,3884351247,0,3884351326,3884351841,3457466908,17859281,1018,45,75,0.0834,1670.0,0.12534816757299438,-0.24465742901363674,0.0834,23.25,73.8,,,,,,
2026-07-30T22:18:58.704949+00:00,S043,mounted,true,orientation_change,mild,1300,orientation_change-mild_horizontal_no_load_1300rpm,3884450,1314,268,1633,2143,4,3,1012102,9,4250908,73,1,2,1678,1495,1227,74,174,1707,16383,1681,1673,1663346,800,2049,2119,532470,11956,8,382526,1496,81659,563,3884352270,3884451327,0,3884451401,3884451916,3458441548,17868244,994,63,64,0.0834,1670.0,0.14112890699230496,0.024489750083639628,0.0834,23.28,73.9,,,,,,
2026-07-30T22:18:58.791939+00:00,S043,mounted,true,orientation_change,mild,1300,orientation_change-mild_horizontal_no_load_1300rpm,3884551,1322,267,1622,2128,4,3,1012156,9,4250908,73,0,2,1678,1494,1251,76,176,1708,16383,1683,1673,1679694,808,1969,2207,532438,11954,8,382526,1496,81660,563,3884452346,3884552219,0,3884552228,3884552743,3491869574,17862268,980,70,68,0.0834,1670.0,0.28837625949472967,-0.1082632238581227,0.0834,23.25,73.8,,,,,,
2026-07-30T22:18:58.884516+00:00,S043,mounted,true,orientation_change,mild,1300,orientation_change-mild_horizontal_no_load_1300rpm,3884651,1323,269,1619,2128,5,3,1012209,9,4250908,73,0,3,1678,1494,1235,76,176,1704,16383,1680,1671,1663107,800,2029,2213,532440,11950,8,382519,1496,81661,563,3884553172,3884652229,0,3884652243,3884652758,3457464205,17850318,984,65,71,0.0834,1670.0,0.29961007815899565,-0.007138215732217734,0.0834,23.37,74.1,,,,,,
2026-07-30T22:18:59.025459+00:00,S043,mounted,true,orientation_change,mild,1300,orientation_change-mild_horizontal_no_load_1300rpm,3884751,1317,268,1628,2137,3,3,1012261,9,4250908,73,0,2,1678,1494,1240,72,157,1700,16383,1681,1672,1663388,800,1950,2147,532471,11953,8,382518,1496,81662,563,3884653186,3884752283,0,3884752292,3884752807,3458630536,17859279,980,74,61,0.0834,1670.0,0.1886824588806153,-0.13965584079310656,0.0834,23.49,74.3,,,,,,
2026-07-30T22:18:59.120064+00:00,S043,mounted,true,orientation_change,mild,1300,orientation_change-mild_horizontal_no_load_1300rpm,3884851,1312,265,1635,2141,2,3,1012314,9,4250908,73,0,2,1678,1495,1224,72,157,1695,16383,1681,1673,1663452,800,1883,2177,532496,11957,8,382524,1496,81663,563,3884753235,3884852331,0,3884852341,3884852856,3458925104,17871233,974,69,62,0.0834,1670.0,0.23746940294388175,-0.2523740855565779,0.0834,23.64,74.6,,,,,,
2026-07-30T22:18:59.214059+00:00,S043,mounted,true,orientation_change,mild,1300,orientation_change-mild_horizontal_no_load_1300rpm,3884951,1311,266,1635,2143,4,3,1012366,9,4250908,73,1,2,1678,1494,1222,73,153,1707,16383,1681,1671,1663080,800,1985,2099,532460,11952,8,382521,1496,81664,563,3884853288,3884952384,0,3884952393,3884952909,3457337906,17856290,979,70,52,0.0834,1670.0,0.10897395180722835,-0.08104481927710827,0.0834,23.28,73.9,,,,,,
2026-07-30T22:18:59.306576+00:00,S043,mounted,true,orientation_change,mild,1300,orientation_change-mild_horizontal_no_load_1300rpm,3885052,1311,268,1636,2147,5,3,1012419,9,4250908,73,1,2,1678,1494,1240,74,165,1703,16383,1681,1675,1663354,800,1989,2111,532466,11954,8,382521,1496,81665,563,3884953339,3885052568,0,3885052577,3885053092,3458476756,17862268,973,57,61,0.0834,1670.0,0.12838722419273818,-0.0749321748368752,0.0834,23.4,74.1,,,,,,
2026-07-30T22:18:59.398889+00:00,S043,mounted,true,orientation_change,mild,1300,orientation_change-mild_horizontal_no_load_1300rpm,3885152,1311,267,1637,2147,1,3,1012472,9,4250908,73,0,2,1678,1494,1216,74,165,1705,16383,1681,1674,1680401,808,1989,2211,532505,11955,8,382523,1496,81666,563,3885053526,3885153081,0,3885153155,3885153670,3494800495,17865255,977,53,71,0.0834,1670.0,0.2947342511919695,-0.07520944567126753,0.0834,23.34,74.0,,,,,,
2026-07-30T22:18:59.491330+00:00,S043,mounted,true,orientation_change,mild,1300,orientation_change-mild_horizontal_no_load_1300rpm,3885252,1319,268,1628,2136,3,3,1012525,9,4250908,73,1,2,1678,1495,1221,75,171,1705,16383,1681,1674,1663291,800,2001,2107,532470,11957,8,382529,1496,81667,563,3885154099,3885253159,0,3885253238,3885253753,3458211863,17871233,973,61,71,0.0834,1670.0,0.12084000091996305,-0.05577023643054302,0.0834,23.34,74.0,,,,,,
2026-07-30T22:18:59.585041+00:00,S043,mounted,true,orientation_change,mild,1300,orientation_change-mild_horizontal_no_load_1300rpm,3885352,1324,268,1621,2127,2,3,1012578,9,4250908,73,0,2,1678,1494,1225,76,167,1704,16383,1681,1673,1663017,800,1973,2101,532466,11955,8,382530,1496,81668,563,3885254183,3885353242,0,3885353320,3885353836,3457091941,17865257,988,52,82,0.0834,1670.0,0.11142881580928465,-0.10187205445420311,0.0834,23.37,74.1,,,,,,
2026-07-30T22:18:59.726424+00:00,S043,mounted,true,orientation_change,mild,1300,orientation_change-mild_horizontal_no_load_1300rpm,3885452,1324,267,1621,2125,6,3,1012631,9,4250908,73,1,2,1678,1494,1226,76,167,1701,16383,1683,1673,1663433,800,2049,2111,532467,11951,8,382524,1496,81669,563,3885354264,3885453337,0,3885453416,3885453931,3458800219,17853305,997,53,72,0.0834,1670.0,0.1292703533595514,0.0259181639193371,0.0834,23.46,74.2,,,,,,
2026-07-30T22:18:59.821704+00:00,S043,mounted,true,orientation_change,mild,1300,orientation_change-mild_horizontal_no_load_1300rpm,3885553,1314,267,1633,2142,5,3,1012683,9,4250908,73,1,2,1678,1495,1238,72,153,1701,16383,1681,1673,1663197,800,2013,2103,532470,11956,8,382528,1496,81670,563,3885454361,3885553600,0,3885553674,3885554189,3457817639,17868244,998,55,57,0.0834,1670.0,0.11446852827032439,-0.03549610204081688,0.0834,23.46,74.2,,,,,,
2026-07-30T22:18:59.915858+00:00,S043,mounted,true,orientation_change,mild,1300,orientation_change-mild_horizontal_no_load_1300rpm,3885653,1311,267,1635,2145,1,3,1012736,9,4250908,73,0,3,1678,1494,1227,72,153,1697,16383,1681,1674,1680045,808,2041,2155,532466,11954,8,382528,1496,81671,563,3885554619,3885654085,0,3885654095,3885654610,3493298759,17862268,984,69,47,0.0834,1670.0,0.20171553203948456,0.011728552618370358,0.0834,23.58,74.4,,,,,,
2026-07-30T22:19:00.007629+00:00,S043,mounted,true,orientation_change,mild,1300,orientation_change-mild_horizontal_no_load_1300rpm,3885753,1311,268,1635,2147,3,3,1012789,9,4250908,73,0,2,1678,1494,1263,69,149,1701,16383,1681,1673,1663272,800,2001,2101,532478,11949,8,382518,1496,81672,563,3885655038,3885754127,0,3885754141,3885754657,3458133592,17847329,983,76,56,0.0834,1670.0,0.11318685438111986,-0.053538126788852836,0.0834,23.46,74.2,,,,,,
2026-07-30T22:19:00.103128+00:00,S043,mounted,true,orientation_change,mild,1300,orientation_change-mild_horizontal_no_load_1300rpm,3885853,1313,266,1634,2141,6,3,1012841,9,4250908,73,1,2,1678,1495,1234,67,142,1700,16383,1684,1673,1663447,800,2037,2311,532472,11956,8,382522,1496,81673,563,3885755085,3885854165,0,3885854175,3885854690,3458946255,17868244,981,80,54,0.0834,1670.0,0.4610534516560718,0.004494466042154421,0.0834,23.49,74.3,,,,,,
2026-07-30T22:19:00.195488+00:00,S043,mounted,true,orientation_change,mild,1300,orientation_change-mild_horizontal_no_load_1300rpm,3885953,1312,267,1634,2144,4,3,1012894,9,4250908,73,0,2,1678,1494,1209,67,142,1698,16383,1681,1673,1663993,800,2025,2267,532488,11954,8,382522,1496,81674,563,3885855124,3885954248,0,3885954262,3885954777,3461186285,17862266,985,70,64,0.0834,1670.0,0.38836940655847396,-0.014936286598628001,0.0834,23.55,74.4,,,,,,
2026-07-30T22:19:00.290443+00:00,S043,mounted,true,orientation_change,mild,1300,orientation_change-mild_horizontal_no_load_1300rpm,3886053,1310,267,1638,2148,1,3,1012946,9,4250908,73,0,2,1678,1494,1240,68,141,1703,16383,1682,1674,1663457,800,2043,2099,532468,11953,8,382521,1496,81675,563,3885955205,3886054292,0,3886054301,3886054816,3458897135,17859281,993,56,66,0.0834,1670.0,0.10868124880783014,0.015346503722914129,0.0834,23.4,74.1,,,,,,
2026-07-30T22:19:00.430732+00:00,S043,mounted,true,orientation_change,mild,1300,orientation_change-mild_horizontal_no_load_1300rpm,3886154,1311,267,1637,2146,3,3,1012999,9,4250908,73,2,2,1678,1495,1190,69,134,1703,16383,1681,1674,1679995,808,2045,2101,532490,11957,8,382527,1496,81676,563,3886055248,3886155070,0,3886155143,3886155658,3493083509,17871233,995,49,80,0.0834,1670.0,0.11084319503219842,0.01753967341306284,0.0834,23.4,74.1,,,,,,
2026-07-30T22:19:00.524945+00:00,S043,mounted,true,orientation_change,mild,1300,orientation_change-mild_horizontal_no_load_1300rpm,3886254,1312,267,1635,2145,2,3,1013052,9,4250908,73,1,2,1678,1495,1194,69,134,1702,16383,1681,1674,1663777,800,2055,2243,532495,11958,8,382535,1496,81677,563,3886156092,3886255204,0,3886255287,3886255802,3460264797,17874222,984,58,57,0.0834,1670.0,0.3471217456096336,0.03391468891118876,0.0834,23.43,74.2,,,,,,
2026-07-30T22:19:00.618201+00:00,S043,mounted,true,orientation_change,mild,1300,orientation_change-mild_horizontal_no_load_1300rpm,3886354,1310,267,1638,2149,4,3,1013104,9,4250908,73,0,2,1678,1495,1192,72,141,1704,16383,1681,1673,1662975,800,2017,2173,532451,11958,8,382542,1496,81678,563,3886256232,3886355302,0,3886355376,3886355891,3456906271,17874222,988,50,59,0.0834,1670.0,0.23050209683893597,-0.029393120421475682,0.0834,23.37,74.1,,,,,,
2026-07-30T22:19:00.709243+00:00,S043,mounted,true,orientation_change,mild,1300,orientation_change-mild_horizontal_no_load_1300rpm,3886454,1311,268,1636,2148,5,3,1013157,9,4250908,73,1,2,1678,1495,1224,72,141,1705,16383,1681,1671,1663146,800,2056,2097,532470,11957,8,382547,1496,81679,563,3886356323,3886455380,0,3886455458,3886455974,3457601324,17871233,981,60,57,0.0834,1670.0,0.10417865777368895,0.035867150873964526,0.0834,23.34,74.0,,,,,,
2026-07-30T22:19:00.801958+00:00,S043,mounted,true,orientation_change,mild,1300,orientation_change-mild_horizontal_no_load_1300rpm,3886555,1311,267,1638,2148,3,3,1013209,9,4250908,73,0,2,1678,1494,1202,71,154,1700,16383,1682,1674,1679777,808,1921,2166,532473,11955,8,382547,1496,81680,563,3886456404,3886556036,0,3886556045,3886556561,3492213813,17865255,994,71,55,0.0834,1670.0,0.2197456639899622,-0.18852553299874586,0.0834,23.49,74.3,,,,,,
2026-07-30T22:19:00.894897+00:00,S043,mounted,true,orientation_change,mild,1300,orientation_change-mild_horizontal_no_load_1300rpm,3886655,1310,267,1638,2148,2,3,1013262,9,4250908,73,0,3,1678,1494,1205,73,156,1705,16383,1681,1672,1662687,800,1885,2105,532435,11951,8,382540,1496,81681,563,3886556989,3886656242,0,3886656252,3886656767,3455735471,17853303,1001,52,55,0.0834,1670.0,0.11926852857501435,-0.24746504685800375,0.0834,23.34,74.0,,,,,,
2026-07-30T22:19:00.988307+00:00,S043,mounted,true,orientation_change,mild,1300,orientation_change-mild_horizontal_no_load_1300rpm,3886755,1311,265,1637,2143,4,3,1013314,9,4250908,73,1,2,1678,1494,1205,73,156,1721,16383,1681,1674,1662651,800,1871,2243,532416,11952,8,382536,1496,81682,563,3886657200,3886756267,0,3886756276,3886756792,3455624411,17856296,992,51,58,0.0834,1670.0,0.34899766265060217,-0.2710635903614458,0.0834,22.86,73.1,,,,,,
2026-07-30T22:19:01.129823+00:00,S043,mounted,true,orientation_change,mild,1300,orientation_change-mild_horizontal_no_load_1300rpm,3886855,1311,266,1640,2147,5,3,1013367,9,4250908,73,0,2,1678,1494,1201,72,153,1706,16383,1681,1673,1663157,800,2039,2103,532441,11954,8,382536,1496,81683,563,3886757222,3886856301,0,3886856311,3886856826,3457650741,17862268,994,56,61,0.0834,1670.0,0.11505480458423945,0.008395447716245563,0.0834,23.31,74.0,,,,,,
2026-07-30T22:19:01.224440+00:00,S043,mounted,true,orientation_change,mild,1300,orientation_change-mild_horizontal_no_load_1300rpm,3886955,1313,267,1634,2143,3,3,1013419,9,4250908,73,1,2,1678,1494,1235,75,156,1705,16383,1681,1675,1663654,800,2043,2262,532478,11950,8,382528,1496,81684,563,3886857254,3886956344,0,3886956353,3886956868,3459747450,17850316,985,58,56,0.0834,1670.0,0.3812984825104597,0.016201328368200762,0.0834,23.34,74.0,,,,,,
2026-07-30T22:19:01.316200+00:00,S043,mounted,true,orientation_change,mild,1300,orientation_change-mild_horizontal_no_load_1300rpm,3887055,1317,266,1634,2140,2,3,1013472,9,4250908,73,3,2,1678,1495,1231,75,156,1705,16383,1681,1672,1663187,800,2049,2101,532473,11956,8,382532,1496,81685,563,3886957299,3887056354,0,3887056364,3887056878,3457776429,17868244,991,55,69,0.0834,1670.0,0.1111359809300767,0.024489750083639628,0.0834,23.34,74.0,,,,,,
2026-07-30T22:19:01.410827+00:00,S043,mounted,true,orientation_change,mild,1300,orientation_change-mild_horizontal_no_load_1300rpm,3887155,1334,267,1609,2110,2,3,1013526,9,4250908,73,1,2,1678,1495,1214,71,153,1701,16383,1681,1674,1663824,800,2045,2109,532487,11956,8,382535,1496,81686,563,3887057309,3887156404,0,3887156419,3887156934,3460420148,17868244,1003,60,64,0.0834,1670.0,0.12446617029106699,0.017824655403144707,0.0834,23.46,74.2,,,,,,
2026-07-30T22:19:01.505304+00:00,S043,mounted,true,orientation_change,mild,1300,orientation_change-mild_horizontal_no_load_1300rpm,3887256,1335,268,1607,2110,6,3,1013579,9,4250908,73,0,2,1678,1494,1209,71,153,1712,16383,1681,1673,1680284,808,2019,2109,532490,11952,8,382531,1496,81687,563,3887157365,3887257070,0,3887257144,3887257658,3494292390,17856292,987,67,55,0.0834,1670.0,0.1256422650602409,-0.024372554216868014,0.0834,23.13,73.6,,,,,,
2026-07-30T22:19:01.597758+00:00,S043,mounted,true,orientation_change,mild,1300,orientation_change-mild_horizontal_no_load_1300rpm,3887356,1344,269,1596,2097,6,3,1013633,9,4250908,73,2,2,1678,1495,1213,73,149,1713,16383,1681,1670,1662951,800,1831,2109,532474,11957,8,382536,1496,81688,563,3887258087,3887357202,0,3887357276,3887357791,3456884931,17871235,980,69,53,0.0834,1670.0,0.12417226954921778,-0.3390130699172036,0.0834,23.1,73.6,,,,,,
2026-07-30T22:19:01.692184+00:00,S043,mounted,true,orientation_change,mild,1300,orientation_change-mild_horizontal_no_load_1300rpm,3887456,1348,268,1591,2089,6,3,1013687,9,4250908,73,0,2,1678,1495,1216,72,151,1704,16383,1681,1674,1663533,800,2043,2178,532469,11956,8,382539,1496,81689,563,3887358222,3887457286,0,3887457360,3887457874,3459227693,17868244,973,77,51,0.0834,1670.0,0.23943905352960826,0.014492108062897024,0.0834,23.37,74.1,,,,,,
2026-07-30T22:19:01.834610+00:00,S043,mounted,true,orientation_change,mild,1300,orientation_change-mild_horizontal_no_load_1300rpm,3887556,1342,269,1595,2096,6,3,1013741,9,4250908,73,1,3,1678,1495,1228,72,151,1702,16383,1681,1674,1663606,800,1988,2229,532483,11956,8,382542,1496,81690,563,3887458302,3887557356,0,3887557430,3887557945,3459548910,17868248,982,71,48,0.0834,1670.0,0.3244190107059217,-0.07715294379391135,0.0834,23.43,74.2,,,,,,
2026-07-30T22:19:01.928674+00:00,S043,mounted,true,orientation_change,mild,1300,orientation_change-mild_horizontal_no_load_1300rpm,3887657,1329,267,1613,2116,6,3,1013795,9,4250908,73,1,2,1678,1494,1240,73,157,1704,16383,1681,1674,1679862,808,1955,2106,532480,11955,8,382543,1496,81691,563,3887558379,3887658061,0,3887658076,3887658591,3492546968,17865259,1000,45,72,0.0834,1670.0,0.11976088105395233,-0.13186748933500647,0.0834,23.37,74.1,,,,,,
2026-07-30T22:19:02.023160+00:00,S043,mounted,true,orientation_change,mild,1300,orientation_change-mild_horizontal_no_load_1300rpm,3887757,1324,268,1619,2126,4,3,1013848,9,4250908,73,0,2,1678,1494,1214,74,157,1705,16383,1681,1672,1663493,800,2045,2185,532470,11952,8,382539,1496,81692,563,3887659022,3887758089,0,3887758103,3887758618,3459068823,17856292,995,49,69,0.0834,1670.0,0.2523214457831324,0.01896506024096345,0.0834,23.34,74.0,,,,,,
2026-07-30T22:19:02.116105+00:00,S043,mounted,true,orientation_change,mild,1300,orientation_change-mild_horizontal_no_load_1300rpm,3887857,1319,268,1625,2133,1,3,1013900,9,4250908,73,1,2,1678,1495,1211,74,157,1696,16383,1681,1673,1663691,800,2061,2287,532453,11958,8,382546,1496,81693,563,3887759047,3887858135,0,3887858144,3887858659,3459910343,17874222,994,52,69,0.0834,1670.0,0.4204255248369293,0.04391065880582001,0.0834,23.61,74.5,,,,,,
2026-07-30T22:19:02.209339+00:00,S043,mounted,true,orientation_change,mild,1300,orientation_change-mild_horizontal_no_load_1300rpm,3887957,1313,268,1633,2144,3,3,1013953,9,4250908,73,0,2,1678,1495,1253,72,152,1703,16383,1681,1671,1663065,800,1985,2101,532435,11958,8,382552,1496,81694,563,3887859089,3887958184,0,3887958193,3887958708,3457275523,17874222,989,50,70,0.0834,1670.0,0.1105504581033614,-0.08270495985950843,0.0834,23.4,74.1,,,,,,
2026-07-30T22:19:02.302635+00:00,S043,mounted,true,orientation_change,mild,1300,orientation_change-mild_horizontal_no_load_1300rpm,3888057,1309,267,1639,2150,6,3,1014005,9,4250908,73,0,3,1678,1494,1209,72,152,1701,16383,1681,1675,1663960,800,2045,2151,532503,11954,8,382551,1496,81695,563,3887959140,3888058339,0,3888058348,3888058863,3460996098,17862268,986,47,74,0.0834,1670.0,0.19504932223523497,0.018394762422619504,0.0834,23.46,74.2,,,,,,
2026-07-30T22:19:02.394948+00:00,S043,mounted,true,orientation_change,mild,1300,orientation_change-mild_horizontal_no_load_1300rpm,3888157,1301,267,1648,2162,4,3,1014058,9,4250908,73,0,2,1678,1494,1229,72,145,1700,16383,1683,1672,1663205,800,1981,2119,532458,11952,8,382546,1496,81696,563,3888059291,3888158384,0,3888158399,3888158914,3457860067,17856290,987,58,67,0.0834,1670.0,0.142310578313253,-0.08771214457831356,0.0834,23.49,74.3,,,,,,
2026-07-30T22:19:02.535112+00:00,S043,mounted,true,orientation_change,mild,1300,orientation_change-mild_horizontal_no_load_1300rpm,3888257,1300,267,1651,2165,1,3,1014110,9,4250908,73,0,2,1678,1494,1243,75,161,1694,16383,1681,1671,1662970,800,1911,2125,532457,11954,8,382545,1496,81697,563,3888159342,3888258438,0,3888258452,3888258967,3456913316,17862266,991,60,58,0.0834,1670.0,0.1517189585076122,-0.2049232660197422,0.0834,23.67,74.6,,,,,,
2026-07-30T22:19:02.629902+00:00,S043,mounted,true,orientation_change,mild,1300,orientation_change-mild_horizontal_no_load_1300rpm,3888358,1295,267,1656,2173,2,3,1014162,9,4250908,73,0,3,1678,1494,1221,75,161,1709,16383,1681,1670,1679474,808,1955,2109,532439,11951,8,382538,1496,81698,563,3888259395,3888359061,0,3888359135,3888359650,3490944932,17853303,987,49,54,0.0834,1670.0,0.1259364117647057,-0.13077709103840718,0.0834,23.22,73.8,,,,,,
2026-07-30T22:19:02.723004+00:00,S043,mounted,true,orientation_change,mild,1300,orientation_change-mild_horizontal_no_load_1300rpm,3888458,1288,267,1666,2185,5,3,1014213,9,4250908,73,0,2,1678,1494,1208,77,163,1708,16383,1681,1674,1663201,800,2045,2143,532470,11955,8,382539,1496,81699,563,3888360078,3888459147,0,3888459221,3888459736,3457838269,17865257,996,60,62,0.0834,1670.0,0.1814181638644916,0.018109685069008563,0.0834,23.25,73.8,,,,,,
2026-07-30T22:19:02.817156+00:00,S043,mounted,true,orientation_change,mild,1300,orientation_change-mild_horizontal_no_load_1300rpm,3888558,1287,267,1668,2187,3,3,1014265,9,4250908,73,0,2,1678,1494,1238,75,162,1713,16383,1680,1673,1662976,800,2007,2111,532457,11955,8,382540,1496,81700,563,3888460164,3888559246,0,3888559320,3888559835,3456907840,17865255,992,51,68,0.0834,1670.0,0.12809294629861956,-0.045214010790464165,0.0834,23.1,73.6,,,,,,
2026-07-30T22:19:02.910321+00:00,S043,mounted,true,orientation_change,mild,1300,orientation_change-mild_horizontal_no_load_1300rpm,3888659,1311,267,1639,2148,2,3,1014318,9,4250908,73,2,2,1678,1495,1248,75,162,1707,16383,1681,1672,1679664,808,2007,2099,532448,11956,8,382543,1496,81701,563,3888560267,3888660240,0,3888660254,3888660769,3491711852,17868246,982,70,70,0.0834,1670.0,0.10780343358982902,-0.04549374406155948,0.0834,23.28,73.9,,,,,,
2026-07-30T22:19:03.002960+00:00,S043,mounted,true,orientation_change,mild,1300,orientation_change-mild_horizontal_no_load_1300rpm,3888759,1322,267,1625,2131,6,3,1014371,9,4250908,73,1,2,1678,1495,1238,68,149,1710,16383,1681,1672,1663758,800,2045,2271,532486,11958,8,382550,1496,81702,563,3888661200,3888760290,0,3888760304,3888760819,3460189652,17874222,988,81,71,0.0834,1670.0,0.3937696051179125,0.01725473908680364,0.0834,23.19,73.7,,,,,,
2026-07-30T22:19:03.098153+00:00,S043,mounted,true,orientation_change,mild,1300,orientation_change-mild_horizontal_no_load_1300rpm,3888859,1323,268,1623,2129,4,3,1014424,9,4250908,73,0,2,1678,1495,1228,68,149,1708,16383,1681,1672,1663088,800,2051,2111,532473,11959,8,382558,1496,81703,563,3888761250,3888860342,0,3888860357,3888860872,3457365978,17877211,985,69,71,0.0834,1670.0,0.126916326866795,0.026964986453716477,0.0834,23.25,73.8,,,,,,
2026-07-30T22:19:03.239869+00:00,S043,mounted,true,orientation_change,mild,1300,orientation_change-mild_horizontal_no_load_1300rpm,3888959,1324,269,1619,2127,5,3,1014477,9,4250908,73,0,2,1678,1495,1263,66,147,1703,16383,1681,1670,1663334,800,1947,2113,532476,11957,8,382562,1496,81704,563,3888861300,3888960371,0,3888960385,3888960900,3458406236,17871233,982,67,68,0.0834,1670.0,0.1308368068077277,-0.14574148942042342,0.0834,23.4,74.1,,,,,,
2026-07-30T22:19:03.334036+00:00,S043,mounted,true,orientation_change,mild,1300,orientation_change-mild_horizontal_no_load_1300rpm,3889059,1324,268,1620,2126,1,3,1014530,9,4250908,73,1,2,1678,1495,1218,71,154,1702,16383,1683,1675,1664084,800,2043,2289,532496,11957,8,382565,1496,81705,563,3888961328,3889060392,0,3889060407,3889060922,3461565488,17871233,983,65,68,0.0834,1670.0,0.42407644618215246,0.014207404783808109,0.0834,23.43,74.2,,,,,,
2026-07-30T22:19:03.426917+00:00,S043,mounted,true,orientation_change,mild,1300,orientation_change-mild_horizontal_no_load_1300rpm,3889160,1317,267,1628,2136,3,3,1014583,9,4250908,73,0,2,1678,1494,1238,71,154,1707,16383,1680,1672,1679704,808,1983,2147,532450,11953,8,382561,1496,81706,563,3889061352,3889161077,0,3889161156,3889161671,3491890862,17859281,991,63,64,0.0834,1670.0,0.1886824588806153,-0.08465500886806687,0.0834,23.28,73.9,,,,,,
2026-07-30T22:19:03.517619+00:00,S043,mounted,true,orientation_change,mild,1300,orientation_change-mild_horizontal_no_load_1300rpm,3889260,1311,266,1639,2146,6,3,1014635,9,4250908,73,0,2,1678,1494,1243,68,145,1706,16383,1682,1674,1663483,800,2015,2277,532483,11949,8,382549,1496,81707,563,3889162099,3889261152,0,3889261226,3889261741,3459082195,17847329,995,62,68,0.0834,1670.0,0.40662282124027094,-0.03019662942505663,0.0834,23.31,74.0,,,,,,
2026-07-30T22:19:03.612256+00:00,S043,mounted,true,orientation_change,mild,1300,orientation_change-mild_horizontal_no_load_1300rpm,3889360,1312,268,1635,2146,4,3,1014688,9,4250908,73,0,2,1678,1494,1217,65,134,1704,16383,1682,1673,1663122,800,1961,2107,532477,11955,8,382549,1496,81708,563,3889262173,3889361236,0,3889361310,3889361825,3457521718,17865257,999,48,71,0.0834,1670.0,0.12142729410288533,-0.12186901104140535,0.0834,23.37,74.1,,,,,,
2026-07-30T22:19:03.705114+00:00,S043,mounted,true,orientation_change,mild,1300,orientation_change-mild_horizontal_no_load_1300rpm,3889460,1319,267,1627,2134,5,3,1014741,9,4250908,73,1,2,1678,1495,1234,65,134,1704,16383,1680,1672,1663250,800,1969,2117,532470,11956,8,382551,1496,81709,563,3889362253,3889461317,0,3889461396,3889461911,3458048904,17868246,1002,51,84,0.0834,1670.0,0.13779635965205728,-0.10881214352626323,0.0834,23.37,74.1,,,,,,
2026-07-30T22:19:03.846129+00:00,S043,mounted,true,orientation_change,mild,1300,orientation_change-mild_horizontal_no_load_1300rpm,3889560,1324,266,1624,2127,1,3,1014794,9,4250908,73,0,2,1678,1494,1245,64,132,1702,16383,1680,1672,1663239,800,2035,2311,532469,11954,8,382550,1496,81710,563,3889462343,3889561391,0,3889561470,3889561985,3458073849,17862268,1009,41,93,0.0834,1670.0,0.46169771440521945,0.0017292379119959733,0.0834,23.43,74.2,,,,,,
2026-07-30T22:19:03.940745+00:00,S043,mounted,true,orientation_change,mild,1300,orientation_change-mild_horizontal_no_load_1300rpm,3889661,1318,268,1627,2135,3,3,1014847,9,4250908,73,0,3,1678,1495,1213,64,132,1698,16383,1680,1673,1679987,808,2005,2100,532486,11957,8,382554,1496,81711,563,3889562414,3889662070,0,3889662079,3889662594,3493052817,17871235,1007,35,84,0.0834,1670.0,0.10917706071757127,-0.04910569917203311,0.0834,23.55,74.4,,,,,,
2026-07-30T22:19:04.036161+00:00,S043,mounted,true,orientation_change,mild,1300,orientation_change-mild_horizontal_no_load_1300rpm,3889761,1313,265,1636,2141,6,3,1014899,9,4250908,73,0,2,1678,1495,1200,68,144,1701,16383,1682,1673,1663548,800,2011,2277,532489,11956,8,382556,1496,81712,563,3889663023,3889762140,0,3889762149,3889762664,3459326320,17868246,997,44,83,0.0834,1670.0,0.404400146871863,-0.03882864938106412,0.0834,23.46,74.2,,,,,,
2026-07-30T22:19:04.129887+00:00,S043,mounted,true,orientation_change,mild,1300,orientation_change-mild_horizontal_no_load_1300rpm,3889861,1312,268,1636,2148,4,3,1014952,9,4250908,73,1,2,1678,1495,1201,71,146,1713,16383,1682,1673,1663418,800,1875,2105,532472,11957,8,382560,1496,81713,563,3889763092,3889862189,0,3889862199,3889862714,3458775414,17871233,993,51,79,0.0834,1670.0,0.11750773229070788,-0.2657031600735973,0.0834,23.1,73.6,,,,,,
2026-07-30T22:19:04.223520+00:00,S043,mounted,true,orientation_change,mild,1300,orientation_change-mild_horizontal_no_load_1300rpm,3889961,1311,268,1637,2148,1,3,1015004,9,4250908,72,0,2,1678,1494,1221,71,146,1708,16383,1682,1674,1663406,800,2001,2217,532475,11955,8,382560,1496,81714,563,3889863144,3889962253,0,3889962262,3889962776,3458728828,17865257,994,66,67,0.0834,1670.0,0.3047327294855706,-0.05521248908406573,0.0834,23.25,73.8,,,,,,
2026-07-30T22:19:04.318694+00:00,S043,mounted,true,orientation_change,mild,1300,orientation_change-mild_horizontal_no_load_1300rpm,3890061,1311,268,1636,2147,3,3,1015057,9,4250908,73,1,2,1678,1494,1229,65,130,1707,16383,1681,1675,1663356,800,2051,2105,532481,11954,8,382558,1496,81715,563,3889963205,3890062297,0,3890062306,3890062821,3458473332,17862270,987,54,63,0.0834,1670.0,0.11838790948636424,0.02839407712899389,0.0834,23.28,73.9,,,,,,
2026-07-30T22:19:04.412848+00:00,S043,mounted,true,orientation_change,mild,1300,orientation_change-mild_horizontal_no_load_1300rpm,3890162,1311,264,1636,2141,2,3,1015110,9,4250908,73,0,2,1678,1495,1219,68,137,1704,16383,1682,1672,1679980,808,2043,2125,532458,11958,8,382564,1496,81716,563,3890063252,3890163073,0,3890163152,3890163667,3493024676,17874222,997,58,63,0.0834,1670.0,0.1505343376818864,0.013922749121926259,0.0834,23.37,74.1,,,,,,
2026-07-30T22:19:04.508391+00:00,S043,mounted,true,orientation_change,mild,1300,orientation_change-mild_horizontal_no_load_1300rpm,3890262,1313,268,1635,2146,4,3,1015162,9,4250908,73,2,2,1678,1494,1206,68,137,1699,16383,1680,1674,1663324,800,2051,2109,532476,11955,8,382564,1496,81717,563,3890164096,3890263148,0,3890263222,3890263736,3458348322,17865255,996,66,63,0.0834,1670.0,0.12476012020075222,0.028108163362609684,0.0834,23.52,74.3,,,,,,
2026-07-30T22:19:04.648928+00:00,S043,mounted,true,orientation_change,mild,1300,orientation_change-mild_horizontal_no_load_1300rpm,3890362,1311,268,1638,2149,5,3,1015215,9,4250908,73,1,2,1678,1494,1209,68,133,1703,16383,1680,1672,1663489,800,2037,2101,532488,11950,8,382554,1496,81718,563,3890264167,3890363235,0,3890363314,3890363829,3459032459,17850324,996,85,58,0.0834,1670.0,0.11289372535564857,0.006198666610878423,0.0834,23.4,74.1,,,,,,
2026-07-30T22:19:04.743345+00:00,S043,mounted,true,orientation_change,mild,1300,orientation_change-mild_horizontal_no_load_1300rpm,3890462,1312,268,1634,2145,3,3,1015267,9,4250908,73,1,2,1678,1494,1209,68,133,1702,16383,1680,1672,1663430,800,2061,2225,532480,11955,8,382554,1496,81719,563,3890364259,3890463323,0,3890463397,3890463912,3458802948,17865257,991,76,65,0.0834,1670.0,0.31806403387703863,0.04477229385194459,0.0834,23.43,74.2,,,,,,
2026-07-30T22:19:04.836895+00:00,S043,mounted,true,orientation_change,mild,1300,orientation_change-mild_horizontal_no_load_1300rpm,3890562,1310,267,1637,2148,2,3,1015320,9,4250908,73,0,2,1678,1494,1219,68,134,1701,16383,1681,1674,1663723,800,1987,2291,532482,11953,8,382551,1496,81720,563,3890464343,3890563409,0,3890563483,3890563998,3460055695,17859281,1002,67,59,0.0834,1670.0,0.42868608909897077,-0.07798824136200144,0.0834,23.46,74.2,,,,,,
2026-07-30T22:19:04.932601+00:00,S043,mounted,true,orientation_change,mild,1300,orientation_change-mild_horizontal_no_load_1300rpm,3890663,1313,268,1634,2145,6,3,1015373,9,4250908,73,1,2,1678,1494,1225,69,137,1701,16383,1683,1672,1679877,808,2041,2107,532483,11953,8,382548,1496,81721,563,3890564427,3890664065,0,3890664079,3890664594,3492596115,17859279,994,73,67,0.0834,1670.0,0.12201478381996145,0.01201311996988208,0.0834,23.46,74.2,,,,,,
2026-07-30T22:19:05.028651+00:00,S043,mounted,true,orientation_change,mild,1300,orientation_change-mild_horizontal_no_load_1300rpm,3890763,1321,268,1623,2131,4,3,1015426,9,4250908,73,1,2,1678,1495,1246,69,137,1700,16383,1681,1672,1662111,800,1823,2108,532421,11960,8,382558,1496,81722,563,3890665025,3890764128,0,3890764142,3890764657,3453465131,17880200,992,65,70,0.0834,1670.0,0.12162514581939732,-0.35310402474916414,0.0834,23.49,74.3,,,,,,
2026-07-30T22:19:05.120094+00:00,S043,mounted,true,orientation_change,mild,1300,orientation_change-mild_horizontal_no_load_1300rpm,3890863,1323,269,1620,2128,1,3,1015478,9,4250908,73,1,2,1678,1495,1208,68,135,1707,16383,1680,1673,1663194,800,2003,2109,532444,11958,8,382564,1496,81723,563,3890765088,3890864150,0,3890864159,3890864674,3457811768,17874222,996,73,56,0.0834,1670.0,0.12387841796287002,-0.05271705017561468,0.0834,23.28,73.9,,,,,,
2026-07-30T22:19:05.213009+00:00,S043,mounted,true,orientation_change,mild,1300,orientation_change-mild_horizontal_no_load_1300rpm,3890963,1321,267,1623,2129,3,3,1015531,9,4250908,73,0,2,1678,1495,1221,68,136,1702,16383,1681,1672,1663143,800,2047,2105,532430,11959,8,382571,1496,81724,563,3890865105,3890964224,0,3890964234,3890964748,3457590657,17877211,1002,64,70,0.0834,1670.0,0.11692119282548674,0.020301563759511865,0.0834,23.43,74.2,,,,,,
2026-07-30T22:19:05.306919+00:00,S043,mounted,true,orientation_change,mild,1300,orientation_change-mild_horizontal_no_load_1300rpm,3891063,1314,267,1634,2142,2,3,1015584,9,4250908,73,0,2,1678,1494,1211,68,136,1704,16383,1681,1672,1663283,800,2041,2105,532466,11954,8,382569,1496,81725,563,3890965178,3891064257,0,3891064266,3891064781,3458179071,17862268,997,71,69,0.0834,1670.0,0.11838790948636424,0.011728552618370358,0.0834,23.37,74.1,,,,,,
2026-07-30T22:19:05.448853+00:00,S043,mounted,true,orientation_change,mild,1300,orientation_change-mild_horizontal_no_load_1300rpm,3891163,1312,268,1635,2146,4,3,1015636,9,4250908,74,0,3,1678,1495,1234,69,142,1691,16383,1683,1672,1662892,800,1911,2111,532473,11958,8,382574,1496,81726,563,3891065210,3891164292,0,3891164301,3891164815,3456581678,17874222,982,59,72,0.0834,1670.0,0.12721040792774696,-0.20598858855995994,0.0834,23.76,74.8,,,,,,
2026-07-30T22:19:05.541471+00:00,S043,mounted,true,orientation_change,mild,1300,orientation_change-mild_horizontal_no_load_1300rpm,3891263,1327,269,1619,2126,4,3,1015690,9,4250908,73,2,2,1678,1494,1229,69,142,1698,16383,1680,1671,1663080,800,1910,2295,532467,11952,8,382568,1496,81727,563,3891165244,3891264352,0,3891264367,3891264882,3457406506,17856294,990,65,68,0.0834,1670.0,0.43567289156626465,-0.20605716867469948,0.0834,23.55,74.4,,,,,,
2026-07-30T22:19:05.634538+00:00,S043,mounted,true,orientation_change,mild,1300,orientation_change-mild_horizontal_no_load_1300rpm,3891363,1334,269,1609,2114,5,3,1015743,9,4250908,73,1,2,1678,1495,1243,71,148,1700,16383,1681,1672,1663410,800,1922,2110,532458,11956,8,382569,1496,81728,563,3891265312,3891364390,0,3891364399,3891364914,3458729670,17868246,985,79,44,0.0834,1670.0,0.1261324439611906,-0.18712700602208088,0.0834,23.49,74.3,,,,,,
2026-07-30T22:19:05.729485+00:00,S043,mounted,true,orientation_change,mild,1300,orientation_change-mild_horizontal_no_load_1300rpm,3891463,1335,268,1607,2110,1,3,1015796,9,4250908,73,1,2,1678,1495,1214,70,150,1701,16383,1681,1673,1663175,800,2051,2103,532470,11956,8,382570,1496,81729,563,3891365345,3891464436,0,3891464446,3891464960,3457722007,17868244,992,71,58,0.0834,1670.0,0.11446852827032439,0.02782229742388731,0.0834,23.46,74.2,,,,,,
2026-07-30T22:19:05.820777+00:00,S043,mounted,true,orientation_change,mild,1300,orientation_change-mild_horizontal_no_load_1300rpm,3891564,1337,269,1605,2108,1,3,1015850,9,4250908,73,1,2,1678,1494,1238,70,150,1714,16383,1680,1672,1679961,808,2052,2112,532482,11954,8,382568,1496,81730,563,3891465390,3891565072,0,3891565146,3891565661,3492944305,17862266,1004,76,63,0.0834,1670.0,0.13005377664380102,0.03006062958005673,0.0834,23.07,73.5,,,,,,
2026-07-30T22:19:05.914399+00:00,S043,mounted,true,orientation_change,mild,1300,orientation_change-mild_horizontal_no_load_1300rpm,3891664,1336,269,1604,2107,1,3,1015904,9,4250908,73,1,2,1678,1494,1250,73,169,1706,16383,1681,1673,1663450,800,2000,2111,532477,11955,8,382568,1496,81731,563,3891566092,3891665326,0,3891665399,3891665914,3458883540,17865257,990,70,66,0.0834,1670.0,0.12809294629861956,-0.056878902132999176,0.0834,23.31,74.0,,,,,,
2026-07-30T22:19:06.009720+00:00,S043,mounted,true,orientation_change,mild,1300,orientation_change-mild_horizontal_no_load_1300rpm,3891764,1333,269,1606,2111,3,3,1015957,9,4250908,73,1,3,1678,1494,1228,73,170,1710,16383,1680,1672,1663354,800,1977,2241,532467,11950,8,382558,1496,81732,563,3891666345,3891765427,0,3891765501,3891766016,3458513618,17850316,982,76,60,0.0834,1670.0,0.3462891663598322,-0.0938279509623432,0.0834,23.19,73.7,,,,,,
2026-07-30T22:19:06.150115+00:00,S043,mounted,true,orientation_change,mild,1300,orientation_change-mild_horizontal_no_load_1300rpm,3891865,1325,267,1619,2124,3,3,1016011,9,4250908,73,0,2,1678,1494,1224,73,170,1708,16383,1681,1672,1679974,808,1989,2097,532473,11953,8,382555,1496,81733,563,3891766450,3891866081,0,3891866095,3891866610,3493004622,17859281,995,58,71,0.0834,1670.0,0.10534786505479765,-0.0746548576089685,0.0834,23.25,73.8,,,,,,
2026-07-30T22:19:06.245381+00:00,S043,mounted,true,orientation_change,mild,1300,orientation_change-mild_horizontal_no_load_1300rpm,3891965,1324,268,1619,2126,2,3,1016064,9,4250908,73,0,2,1678,1494,1241,77,180,1712,16383,1682,1672,1663076,800,2039,2311,532454,11953,8,382552,1496,81734,563,3891867038,3891966122,0,3891966137,3891966652,3457376326,17859279,979,76,59,0.0834,1670.0,0.4620199266292975,0.008679736216849143,0.0834,23.13,73.6,,,,,,
2026-07-30T22:19:06.338753+00:00,S043,mounted,true,orientation_change,mild,1300,orientation_change-mild_horizontal_no_load_1300rpm,3892065,1314,268,1631,2142,4,3,1016116,9,4250908,73,1,2,1678,1495,1249,77,180,1713,16383,1682,1672,1663471,800,1911,2373,532468,11956,8,382554,1496,81735,563,3891967080,3892066192,0,3892066201,3892066716,3459068745,17868244,987,57,71,0.0834,1670.0,0.5643624192037469,-0.20545601639344246,0.0834,23.1,73.6,,,,,,
2026-07-30T22:19:06.432786+00:00,S043,mounted,true,orientation_change,mild,1300,orientation_change-mild_horizontal_no_load_1300rpm,3892165,1311,267,1637,2147,5,3,1016169,9,4250908,73,0,3,1678,1494,1210,72,159,1705,16383,1680,1672,1663071,800,2020,2102,532456,11955,8,382554,1496,81736,563,3892067147,3892166290,0,3892166304,3892166819,3457295027,17865257,994,65,62,0.0834,1670.0,0.1130952288582181,-0.023550641154329366,0.0834,23.34,74.0,,,,,,
2026-07-30T22:19:06.524525+00:00,S043,mounted,true,orientation_change,mild,1300,orientation_change-mild_horizontal_no_load_1300rpm,3892265,1316,267,1630,2138,3,3,1016221,9,4250908,73,1,2,1678,1494,1219,72,162,1705,16383,1682,1673,1663491,800,1989,2103,532484,11954,8,382553,1496,81737,563,3892167248,3892266335,0,3892266344,3892266859,3459060653,17862266,992,53,71,0.0834,1670.0,0.11505480458423945,-0.0749321748368752,0.0834,23.34,74.0,,,,,,
2026-07-30T22:19:06.618373+00:00,S043,mounted,true,orientation_change,mild,1300,orientation_change-mild_horizontal_no_load_1300rpm,3892365,1322,269,1623,2132,2,3,1016274,9,4250908,73,2,2,1678,1494,1246,72,162,1703,16383,1682,1674,1663292,800,1896,2309,532480,11950,8,382544,1496,81738,563,3892267290,3892366362,0,3892366371,3892366886,3458298650,17850316,992,52,68,0.0834,1670.0,0.4596526662761504,-0.2288638846861928,0.0834,23.4,74.1,,,,,,
2026-07-30T22:19:06.760334+00:00,S043,mounted,true,orientation_change,mild,1300,orientation_change-mild_horizontal_no_load_1300rpm,3892465,1324,268,1620,2126,6,3,1016327,9,4250908,73,0,2,1678,1494,1213,73,157,1708,16383,1682,1672,1663357,800,2055,2187,532474,11952,8,382539,1496,81739,563,3892367316,3892466411,0,3892466420,3892466935,3458492663,17856290,989,58,61,0.0834,1670.0,0.25565510843373485,0.03563337349397555,0.0834,23.25,73.8,,,,,,
2026-07-30T22:19:06.855417+00:00,S043,mounted,true,orientation_change,mild,1300,orientation_change-mild_horizontal_no_load_1300rpm,3892566,1307,267,1639,2151,4,3,1016380,9,4250908,73,1,3,1678,1495,1234,72,154,1709,16383,1681,1670,1680038,808,2047,2145,532448,11956,8,382542,1496,81740,563,3892467363,3892567046,0,3892567120,3892567635,3493266120,17868244,987,50,72,0.0834,1670.0,0.1844520224155235,0.021157202743391945,0.0834,23.22,73.8,,,,,,
2026-07-30T22:19:06.949662+00:00,S043,mounted,true,orientation_change,mild,1300,orientation_change-mild_horizontal_no_load_1300rpm,3892666,1301,267,1650,2163,1,3,1016432,9,4250908,73,0,2,1678,1494,1238,72,154,1704,16383,1682,1672,1663377,800,2026,2103,532474,11955,8,382543,1496,81741,563,3892568069,3892667216,0,3892667290,3892667804,3458567429,17865255,998,53,73,0.0834,1670.0,0.11476164190715155,-0.013552162860727801,0.0834,23.37,74.1,,,,,,
2026-07-30T22:19:07.044901+00:00,S043,mounted,true,orientation_change,mild,1300,orientation_change-mild_horizontal_no_load_1300rpm,3892766,1301,267,1650,2163,2,3,1016484,9,4250908,73,1,2,1678,1494,1245,72,164,1706,16383,1684,1672,1663331,800,2029,2267,532478,11954,8,382543,1496,81742,563,3892668233,3892767297,0,3892767371,3892767885,3458425047,17862266,989,59,76,0.0834,1670.0,0.38836940655847396,-0.008270076794378411,0.0834,23.31,74.0,,,,,,
2026-07-30T22:19:07.139272+00:00,S043,mounted,true,orientation_change,mild,1300,orientation_change-mild_horizontal_no_load_1300rpm,3892866,1316,268,1632,2141,6,3,1016537,9,4250908,73,1,2,1678,1494,1211,72,164,1699,16383,1681,1674,1663574,800,1965,2333,532484,11955,8,382544,1496,81743,563,3892768315,3892867373,0,3892867447,3892867962,3459460516,17865257,996,56,72,0.0834,1670.0,0.4980366431618566,-0.11520335884567157,0.0834,23.52,74.3,,,,,,
2026-07-30T22:19:07.230647+00:00,S043,mounted,true,orientation_change,mild,1300,orientation_change-mild_horizontal_no_load_1300rpm,3892967,1322,268,1622,2130,4,3,1016590,9,4250908,73,1,2,1678,1494,1232,74,163,1700,16383,1681,1673,1680384,808,1999,2105,532497,11953,8,382541,1496,81744,563,3892868396,3892968139,0,3892968148,3892968664,3494704694,17859281,995,50,69,0.0834,1670.0,0.11868140006692851,-0.057987938843805154,0.0834,23.49,74.3,,,,,,
2026-07-30T22:19:07.324979+00:00,S043,mounted,true,orientation_change,mild,1300,orientation_change-mild_horizontal_no_load_1300rpm,3893067,1323,268,1621,2128,4,3,1016644,9,4250908,73,0,2,1678,1495,1219,75,174,1711,16383,1680,1673,1663243,800,2051,2108,532479,11958,8,382548,1496,81745,563,3892969095,3893068409,0,3893068424,3893068939,3458007347,17874222,980,55,58,0.0834,1670.0,0.12221242298043133,0.02725070898143489,0.0834,23.16,73.7,,,,,,
2026-07-30T22:19:07.419119+00:00,S043,mounted,true,orientation_change,mild,1300,orientation_change-mild_horizontal_no_load_1300rpm,3893167,1324,268,1619,2126,1,3,1016696,9,4250908,73,0,2,1678,1494,1229,75,174,1703,16383,1680,1672,1663913,800,1938,2299,532487,11955,8,382548,1496,81746,563,3893069367,3893168425,0,3893168435,3893168949,3460894593,17865257,978,68,59,0.0834,1670.0,0.44137859949811764,-0.16019651116687594,0.0834,23.4,74.1,,,,,,
2026-07-30T22:19:07.558674+00:00,S043,mounted,true,orientation_change,mild,1300,orientation_change-mild_horizontal_no_load_1300rpm,3893268,1323,267,1620,2126,1,3,1016750,9,4250908,73,1,3,1678,1495,1224,72,173,1702,16383,1681,1672,1680204,808,2025,2294,532477,11956,8,382550,1496,81747,563,3893169378,3893269092,0,3893269171,3893269686,3494046522,17868244,991,46,66,0.0834,1670.0,0.4327267992639676,-0.015500817999331229,0.0834,23.43,74.2,,,,,,
2026-07-30T22:19:07.652128+00:00,S043,mounted,true,orientation_change,mild,1300,orientation_change-mild_horizontal_no_load_1300rpm,3893368,1317,267,1628,2136,3,3,1016803,9,4250908,73,1,2,1678,1494,1245,73,165,1709,16383,1681,1674,1663623,800,2043,2105,532481,11955,8,382550,1496,81748,563,3893270116,3893369162,0,3893369241,3893369756,3459587439,17865255,991,52,62,0.0834,1670.0,0.11809446800501888,0.014776858971141227,0.0834,23.22,73.8,,,,,,
2026-07-30T22:19:07.746593+00:00,S043,mounted,true,orientation_change,mild,1300,orientation_change-mild_horizontal_no_load_1300rpm,3893468,1311,267,1638,2147,6,3,1016855,9,4250908,73,0,3,1678,1494,1195,73,165,1702,16383,1681,1672,1663190,800,2046,2283,532478,11955,8,382550,1496,81749,563,3893370186,3893469259,0,3893469333,3893469848,3457828928,17865255,996,51,66,0.0834,1670.0,0.4147159907151816,0.01977609811794201,0.0834,23.43,74.2,,,,,,
2026-07-30T22:19:07.840156+00:00,S043,mounted,true,orientation_change,mild,1300,orientation_change-mild_horizontal_no_load_1300rpm,3893568,1317,268,1629,2138,4,3,1016908,9,4250908,73,1,2,1678,1494,1227,72,154,1709,16383,1682,1672,1663712,800,2009,2279,532487,11952,8,382545,1496,81750,563,3893470280,3893569336,0,3893569415,3893569930,3460028454,17856292,991,62,62,0.0834,1670.0,0.40900359036144573,-0.04104086746987967,0.0834,23.22,73.8,,,,,,
2026-07-30T22:19:07.933210+00:00,S043,mounted,true,orientation_change,mild,1300,orientation_change-mild_horizontal_no_load_1300rpm,3893668,1322,267,1623,2129,1,3,1016960,9,4250908,73,1,2,1678,1495,1227,72,154,1716,16383,1681,1671,1663184,800,2049,2119,532490,11956,8,382547,1496,81751,563,3893570360,3893669402,0,3893669475,3893669990,3457766990,17868246,981,71,52,0.0834,1670.0,0.14112890699230496,0.024489750083639628,0.0834,23.01,73.4,,,,,,
2026-07-30T22:19:08.027811+00:00,S043,mounted,true,orientation_change,mild,1300,orientation_change-mild_horizontal_no_load_1300rpm,3893769,1324,268,1619,2126,1,3,1017014,9,4250908,73,1,3,1678,1494,1221,70,148,1709,16383,1684,1673,1679696,808,2013,2139,532451,11953,8,382544,1496,81752,563,3893670420,3893770070,0,3893770085,3893770600,3491849580,17859281,991,67,57,0.0834,1670.0,0.17534892386848488,-0.03465425257257637,0.0834,23.22,73.8,,,,,,
2026-07-30T22:19:08.122500+00:00,S043,mounted,true,orientation_change,mild,1300,orientation_change-mild_horizontal_no_load_1300rpm,3893869,1318,269,1625,2136,3,3,1017067,9,4250908,73,0,3,1678,1495,1229,74,160,1706,16383,1682,1673,1663464,800,2023,2263,532472,11959,8,382553,1496,81753,563,3893771030,3893870107,0,3893870122,3893870637,3458964626,17877211,980,73,47,0.0834,1670.0,0.3801263892465925,-0.019678972405719808,0.0834,23.31,74.0,,,,,,
2026-07-30T22:19:08.265838+00:00,S043,mounted,true,orientation_change,mild,1300,orientation_change-mild_horizontal_no_load_1300rpm,3893969,1311,268,1636,2148,6,3,1017119,9,4250908,73,0,2,1678,1494,1209,74,160,1708,16383,1681,1671,1663170,800,2025,2103,532472,11954,8,382552,1496,81754,563,3893871065,3893970169,0,3893970178,3893970693,3457708392,17862270,979,72,45,0.0834,1670.0,0.11505480458423945,-0.014936286598628001,0.0834,23.25,73.8,,,,,,
2026-07-30T22:19:08.358203+00:00,S043,mounted,true,orientation_change,mild,1300,orientation_change-mild_horizontal_no_load_1300rpm,3894069,1310,267,1637,2148,4,3,1017172,9,4250908,73,0,2,1678,1494,1200,76,155,1696,16383,1680,1672,1663095,800,1991,2109,532482,11953,8,382549,1496,81755,563,3893971125,3894070293,0,3894070307,3894070823,3457397633,17859277,994,62,57,0.0834,1670.0,0.12534816757299438,-0.07132147385593646,0.0834,23.61,74.5,,,,,,
2026-07-30T22:19:08.451323+00:00,S043,mounted,true,orientation_change,mild,1300,orientation_change-mild_horizontal_no_load_1300rpm,3894169,1312,266,1635,2143,1,3,1017224,9,4250908,73,1,2,1678,1495,1230,75,160,1699,16383,1682,1670,1663097,800,1989,2111,532473,11957,8,382553,1496,81756,563,3894071251,3894170342,0,3894170352,3894170867,3457413243,17871233,1005,60,69,0.0834,1670.0,0.12750453817847252,-0.07576384820607229,0.0834,23.52,74.3,,,,,,
2026-07-30T22:19:08.544804+00:00,S043,mounted,true,orientation_change,mild,1300,orientation_change-mild_horizontal_no_load_1300rpm,3894269,1309,267,1639,2150,3,3,1017277,9,4250908,73,0,2,1678,1494,1237,75,160,1700,16383,1681,1672,1663486,800,2019,2111,532489,11955,8,382553,1496,81757,563,3894171298,3894270403,0,3894270418,3894270933,3459024064,17865257,990,78,59,0.0834,1670.0,0.12809294629861956,-0.025217054203262812,0.0834,23.49,74.3,,,,,,
2026-07-30T22:19:08.638614+00:00,S043,mounted,true,orientation_change,mild,1300,orientation_change-mild_horizontal_no_load_1300rpm,3894369,1303,266,1646,2158,6,3,1017329,9,4250908,73,1,3,1678,1494,1221,75,159,1697,16383,1681,1672,1663270,800,1929,2107,532479,11955,8,382553,1496,81758,563,3894271361,3894370436,0,3894370451,3894370966,3458144790,17865257,989,66,66,0.0834,1670.0,0.12142729410288533,-0.1751942286072774,0.0834,23.58,74.4,,,,,,
2026-07-30T22:19:08.733506+00:00,S043,mounted,true,orientation_change,mild,1300,orientation_change-mild_horizontal_no_load_1300rpm,3894470,1290,267,1663,2180,5,3,1017381,9,4250908,73,0,3,1678,1495,1236,75,159,1704,16383,1680,1670,1679210,808,1838,2111,532444,11956,8,382555,1496,81759,563,3894371396,3894471074,0,3894471153,3894471668,3489899754,17868246,995,49,63,0.0834,1670.0,0.12779871763131467,-0.3270939943124791,0.0834,23.37,74.1,,,,,,
2026-07-30T22:19:08.827957+00:00,S043,mounted,true,orientation_change,mild,1300,orientation_change-mild_horizontal_no_load_1300rpm,3894570,1285,266,1669,2188,2,3,1017432,9,4250908,73,1,2,1678,1494,1225,75,149,1704,16383,1680,1674,1663477,800,2045,2109,532472,11953,8,382552,1496,81760,563,3894472097,3894571322,0,3894571396,3894571910,3458981759,17859279,999,55,72,0.0834,1670.0,0.12534816757299438,0.018679887475947066,0.0834,23.37,74.1,,,,,,
2026-07-30T22:19:08.967114+00:00,S043,mounted,true,orientation_change,mild,1300,orientation_change-mild_horizontal_no_load_1300rpm,3894670,1312,268,1636,2148,6,3,1017485,9,4250908,73,2,2,1678,1495,1221,73,145,1705,16383,1682,1672,1663273,800,2034,2106,532477,11957,8,382556,1496,81761,563,3894572340,3894671386,0,3894671465,3894671980,3458134869,17871235,996,51,78,0.0834,1670.0,0.11917386660533591,-0.0007878040478379589,0.0834,23.34,74.0,,,,,,
2026-07-30T22:19:09.061356+00:00,S043,mounted,true,orientation_change,mild,1300,orientation_change-mild_horizontal_no_load_1300rpm,3894771,1321,269,1623,2132,4,3,1017538,9,4250908,73,1,2,1678,1494,1212,73,145,1702,16383,1681,1673,1679979,808,2039,2109,532489,11952,8,382551,1496,81762,563,3894672411,3894772069,0,3894772078,3894772593,3493019859,17856290,992,48,79,0.0834,1670.0,0.1256422650602409,0.008964072289156633,0.0834,23.43,74.2,,,,,,
2026-07-30T22:19:09.152509+00:00,S043,mounted,true,orientation_change,mild,1300,orientation_change-mild_horizontal_no_load_1300rpm,3894871,1319,267,1625,2131,5,3,1017591,9,4250908,72,1,2,1678,1494,1222,74,151,1704,16383,1681,1675,1663133,800,1835,2185,532466,11954,8,382550,1496,81763,563,3894773024,3894872097,0,3894872111,3894872626,3457616863,17862268,980,72,65,0.0834,1670.0,0.2517121055713565,-0.3315812523004853,0.0834,23.37,74.1,,,,,,
2026-07-30T22:19:09.247238+00:00,S043,mounted,true,orientation_change,mild,1300,orientation_change-mild_horizontal_no_load_1300rpm,3894971,1313,267,1634,2143,3,3,1017643,9,4250908,73,0,2,1678,1494,1232,77,148,1704,16383,1683,1673,1663597,800,2034,2271,532488,11955,8,382550,1496,81764,563,3894873057,3894972171,0,3894972180,3894972695,3459527219,17865255,983,57,75,0.0834,1670.0,0.3947190341279798,-0.00022085846925978814,0.0834,23.37,74.1,,,,,,
2026-07-30T22:19:09.340792+00:00,S043,mounted,true,orientation_change,mild,1300,orientation_change-mild_horizontal_no_load_1300rpm,3895071,1311,268,1637,2148,2,3,1017696,9,4250908,73,0,3,1678,1494,1245,77,148,1699,16383,1681,1673,1663756,800,2039,2177,532488,11954,8,382549,1496,81765,563,3894973127,3895072206,0,3895072221,3895072736,3460147900,17862270,982,64,68,0.0834,1670.0,0.2383796859628573,0.008395447716245563,0.0834,23.52,74.3,,,,,,
2026-07-30T22:19:09.435639+00:00,S043,mounted,true,orientation_change,mild,1300,orientation_change-mild_horizontal_no_load_1300rpm,3895171,1288,267,1663,2182,4,3,1017748,9,4250908,73,2,3,1678,1494,1221,77,156,1700,16383,1681,1671,1663099,800,1967,2105,532479,11952,8,382544,1496,81766,563,3895073164,3895172413,0,3895172428,3895172943,3457432469,17856290,994,72,67,0.0834,1670.0,0.11897493975903606,-0.1110477831325305,0.0834,23.49,74.3,,,,,,
2026-07-30T22:19:09.528822+00:00,S043,mounted,true,orientation_change,mild,1300,orientation_change-mild_horizontal_no_load_1300rpm,3895271,1277,267,1678,2201,3,3,1017799,9,4250908,73,0,2,1678,1494,1231,77,156,1693,16383,1681,1671,1662743,800,1977,2151,532428,11955,8,382545,1496,81767,563,3895173373,3895272423,0,3895272438,3895272953,3455947367,17865261,999,60,68,0.0834,1670.0,0.19474946825595918,-0.09520640225846977,0.0834,23.7,74.7,,,,,,
2026-07-30T22:19:09.671507+00:00,S043,mounted,true,orientation_change,mild,1300,orientation_change-mild_horizontal_no_load_1300rpm,3895372,1280,267,1683,2205,4,3,1017850,9,4250908,73,4,2,1678,1494,1225,76,147,1700,16383,1681,1672,1679987,808,2027,2225,532449,11954,8,382544,1496,81768,563,3895273381,3895373059,0,3895373132,3895373647,3493078511,17862268,986,64,65,0.0834,1670.0,0.31837420361385327,-0.011603181696503206,0.0834,23.49,74.3,,,,,,
2026-07-30T22:19:09.764971+00:00,S043,mounted,true,orientation_change,mild,1300,orientation_change-mild_horizontal_no_load_1300rpm,3895472,1309,268,1644,2156,5,3,1017903,9,4250908,73,3,2,1678,1495,1224,75,154,1700,16383,1682,1674,1663387,800,2055,2103,532472,11956,8,382547,1496,81769,563,3895374078,3895473125,0,3895473203,3895473719,3458602215,17868244,983,56,71,0.0834,1670.0,0.11446852827032439,0.03448739210438223,0.0834,23.49,74.3,,,,,,
2026-07-30T22:19:09.858641+00:00,S043,mounted,true,orientation_change,mild,1300,orientation_change-mild_horizontal_no_load_1300rpm,3895572,1320,267,1627,2134,3,3,1017955,9,4250908,73,1,2,1678,1494,1227,75,154,1697,16383,1681,1673,1663308,800,2053,2209,532470,11954,8,382546,1496,81770,563,3895474149,3895573222,0,3895573296,3895573811,3458292294,17862268,991,46,71,0.0834,1670.0,0.29170936439685446,0.031727182031118684,0.0834,23.58,74.4,,,,,,
2026-07-30T22:19:09.952262+00:00,S043,mounted,true,orientation_change,mild,1300,orientation_change-mild_horizontal_no_load_1300rpm,3895672,1322,268,1621,2128,2,3,1018008,9,4250908,73,0,2,1678,1494,1245,76,158,1701,16383,1680,1671,1663243,800,1980,2104,532478,11955,8,382546,1496,81771,563,3895574241,3895673323,0,3895673397,3895673914,3458017073,17865255,989,41,72,0.0834,1670.0,0.11642805495608544,-0.09020716311166899,0.0834,23.46,74.2,,,,,,
2026-07-30T22:19:10.045658+00:00,S043,mounted,true,orientation_change,mild,1300,orientation_change-mild_horizontal_no_load_1300rpm,3895772,1323,268,1620,2126,6,3,1018061,9,4250908,73,0,2,1678,1494,1230,78,150,1700,16383,1682,1674,1663047,800,1881,2109,532483,11953,8,382543,1496,81772,563,3895674343,3895773395,0,3895773469,3895773984,3457242875,17859281,994,39,66,0.0834,1670.0,0.12534816757299438,-0.2546575802727351,0.0834,23.49,74.3,,,,,,
2026-07-30T22:19:10.137476+00:00,S043,mounted,true,orientation_change,mild,1300,orientation_change-mild_horizontal_no_load_1300rpm,3895873,1324,268,1618,2125,6,3,1018115,9,4250908,73,0,2,1678,1494,1225,78,150,1703,16383,1680,1672,1679890,808,1962,2185,532473,11955,8,382544,1496,81773,563,3895774412,3895874083,0,3895874098,3895874613,3492680958,17865255,1005,42,65,0.0834,1670.0,0.25140751191969857,-0.1202025979924719,0.0834,23.4,74.1,,,,,,
2026-07-30T22:19:10.231026+00:00,S043,mounted,true,orientation_change,mild,1300,orientation_change-mild_horizontal_no_load_1300rpm,3895973,1332,267,1612,2113,4,3,1018168,9,4250908,73,1,2,1678,1495,1232,78,156,1707,16383,1681,1672,1662975,800,1999,2103,532470,11956,8,382547,1496,81774,563,3895875042,3895974110,0,3895974120,3895974635,3456903733,17868244,999,50,70,0.0834,1670.0,0.11446852827032439,-0.05882393342254977,0.0834,23.28,73.9,,,,,,
2026-07-30T22:19:10.373395+00:00,S043,mounted,true,orientation_change,mild,1300,orientation_change-mild_horizontal_no_load_1300rpm,3896073,1333,268,1610,2113,5,3,1018221,9,4250908,73,0,2,1678,1494,1242,78,156,1700,16383,1681,1674,1663162,800,2043,2105,532483,11951,8,382540,1496,81775,563,3895975065,3896074154,0,3896074164,3896074678,3457674228,17853305,1013,52,73,0.0834,1670.0,0.11926852857501435,0.015916339134800506,0.0834,23.49,74.3,,,,,,
2026-07-30T22:19:10.467835+00:00,S043,mounted,true,orientation_change,mild,1300,orientation_change-mild_horizontal_no_load_1300rpm,3896173,1336,268,1606,2109,5,3,1018275,9,4250908,73,0,2,1678,1494,1235,78,150,1698,16383,1682,1671,1663170,800,1939,2109,532459,11955,8,382541,1496,81776,563,3896075107,3896174334,0,3896174344,3896174859,3457723730,17865255,1011,49,74,0.0834,1670.0,0.12476012020075222,-0.1585300981179425,0.0834,23.55,74.4,,,,,,
2026-07-30T22:19:10.561237+00:00,S043,mounted,true,orientation_change,mild,1300,orientation_change-mild_horizontal_no_load_1300rpm,3896273,1336,267,1606,2106,1,3,1018328,9,4250908,73,1,2,1678,1494,1230,81,156,1696,16383,1681,1676,1663342,800,2013,2107,532463,11953,8,382539,1496,81777,563,3896175288,3896274365,0,3896274374,3896274888,3458422204,17859281,997,50,60,0.0834,1670.0,0.12201478381996145,-0.03465425257257637,0.0834,23.61,74.5,,,,,,
2026-07-30T22:19:10.654704+00:00,S043,mounted,true,orientation_change,mild,1300,orientation_change-mild_horizontal_no_load_1300rpm,3896373,1336,269,1605,2109,1,3,1018382,9,4250908,73,0,2,1678,1494,1226,81,156,1701,16383,1682,1673,1663750,800,2013,2182,532468,11954,8,382539,1496,81778,563,3896275319,3896374398,0,3896374407,3896374922,3460131534,17862270,987,58,53,0.0834,1670.0,0.24671244821816973,-0.034934916011377215,0.0834,23.46,74.2,,,,,,
2026-07-30T22:19:10.749698+00:00,S043,mounted,true,orientation_change,mild,1300,orientation_change-mild_horizontal_no_load_1300rpm,3896473,1332,269,1609,2114,3,3,1018435,9,4250908,73,1,2,1678,1494,1229,80,154,1696,16383,1691,1673,1663656,800,1986,2251,532497,11952,8,382535,1496,81779,563,3896375351,3896474436,0,3896474446,3896474961,3459778606,17856294,990,58,50,0.0834,1670.0,0.36233231325301185,-0.07937798795180706,0.0834,23.61,74.5,,,,,,
2026-07-30T22:19:10.842007+00:00,S043,mounted,true,orientation_change,mild,1300,orientation_change-mild_horizontal_no_load_1300rpm,3896574,1325,267,1620,2124,3,3,1018489,9,4250908,73,0,2,1678,1495,1212,82,153,1699,16383,1681,1674,1680068,808,2029,2175,532482,11957,8,382540,1496,81780,563,3896475395,3896575061,0,3896575140,3896575655,3493400438,17871235,988,52,65,0.0834,1670.0,0.23413713431462702,-0.009118475620975453,0.0834,23.52,74.3,,,,,,
2026-07-30T22:19:10.935698+00:00,S043,mounted,true,orientation_change,mild,1300,orientation_change-mild_horizontal_no_load_1300rpm,3896674,1322,268,1619,2127,6,3,1018541,9,4250908,73,1,3,1678,1495,1228,82,153,1701,16383,1681,1673,1663188,800,2011,2303,532452,11959,8,382549,1496,81781,563,3896576083,3896675161,0,3896675235,3896675749,3457830746,17877211,999,51,69,0.0834,1670.0,0.44676061618864393,-0.03966924048833542,0.0834,23.46,74.2,,,,,,
2026-07-30T22:19:11.076329+00:00,S043,mounted,true,orientation_change,mild,1300,orientation_change-mild_horizontal_no_load_1300rpm,3896774,1315,268,1630,2141,4,3,1018594,9,4250908,73,0,2,1678,1495,1225,79,160,1700,16383,1680,1676,1663657,800,2050,2115,532484,11956,8,382551,1496,81782,563,3896676180,3896775257,0,3896775331,3896775846,3459731467,17868244,994,51,70,0.0834,1670.0,0.1344638123118096,0.02615602375376369,0.0834,23.49,74.3,,,,,,
2026-07-30T22:19:11.158668+00:00,S043,mounted,true,orientation_change,mild,1300,orientation_change-mild_horizontal_no_load_1300rpm,3896874,1310,265,1639,2145,5,3,1018647,9,4250908,73,0,2,1678,1495,1213,79,160,1707,16383,1681,1674,1663363,800,2049,2106,532471,11957,8,382555,1496,81783,563,3896776278,3896875348,0,3896875427,3896875942,3458507493,17871233,1002,56,67,0.0834,1670.0,0.11917386660533591,0.024204210671572746,0.0834,23.28,73.9,,,,,,
2026-07-30T22:19:11.262255+00:00,S043,mounted,true,orientation_change,mild,1300,orientation_change-mild_horizontal_no_load_1300rpm,3896974,1310,266,1638,2146,3,3,1018699,9,4250908,73,0,2,1678,1494,1234,77,161,1702,16383,1681,1672,1662856,800,2019,2101,532429,11952,8,382550,1496,81784,563,3896876371,3896975454,0,3896975528,3896976043,3456399906,17856294,990,60,61,0.0834,1670.0,0.11230761445783077,-0.024372554216868014,0.0834,23.43,74.2,,,,,,
2026-07-30T22:19:11.356308+00:00,S043,mounted,true,orientation_change,mild,1300,orientation_change-mild_horizontal_no_load_1300rpm,3897075,1310,267,1637,2148,2,3,1018752,9,4250908,73,0,2,1678,1494,1225,79,167,1705,16383,1682,1674,1680103,808,2033,2103,532481,11950,8,382541,1496,81785,563,3896976475,3897076094,0,3897076104,3897076619,3493537727,17850318,990,58,65,0.0834,1670.0,0.11622794594142238,-0.00046977456066965573,0.0834,23.34,74.0,,,,,,
2026-07-30T22:19:11.449243+00:00,S043,mounted,true,orientation_change,mild,1300,orientation_change-mild_horizontal_no_load_1300rpm,3897175,1311,268,1636,2148,4,3,1018804,9,4250908,73,1,2,1678,1495,1235,79,167,1716,16383,1681,1672,1663234,800,2007,2117,532475,11956,8,382544,1496,81786,563,3897077048,3897176131,0,3897176140,3897176656,3457979464,17868246,981,55,62,0.0834,1670.0,0.13779635965205728,-0.04549374406155948,0.0834,23.01,73.4,,,,,,
2026-07-30T22:19:11.544521+00:00,S043,mounted,true,orientation_change,mild,1300,orientation_change-mild_horizontal_no_load_1300rpm,3897275,1310,268,1637,2150,5,3,1018857,9,4250908,73,0,3,1678,1495,1234,75,159,1706,16383,1680,1674,1663371,800,1949,2171,532464,11957,8,382549,1496,81787,563,3897177087,3897276208,0,3897276217,3897276732,3458566079,17871233,986,62,55,0.0834,1670.0,0.2274725970561171,-0.14240922079116825,0.0834,23.31,74.0,,,,,,
2026-07-30T22:19:11.637326+00:00,S043,mounted,true,orientation_change,mild,1300,orientation_change-mild_horizontal_no_load_1300rpm,3897375,1311,268,1635,2147,3,3,1018909,9,4250908,73,1,2,1678,1495,1242,73,150,1711,16383,1681,1674,1663478,800,2043,2107,532491,11956,8,382551,1496,81788,563,3897277161,3897376245,0,3897376254,3897376769,3458984156,17868246,998,58,68,0.0834,1670.0,0.12113362295081931,0.014492108062897024,0.0834,23.16,73.7,,,,,,
2026-07-30T22:19:11.779590+00:00,S043,mounted,true,orientation_change,mild,1300,orientation_change-mild_horizontal_no_load_1300rpm,3897475,1310,267,1638,2149,2,3,1018962,9,4250908,73,1,2,1678,1494,1192,73,150,1707,16383,1680,1674,1663561,800,2027,2107,532479,11952,8,382546,1496,81789,563,3897377199,3897476285,0,3897476300,3897476815,3459338123,17856292,973,83,60,0.0834,1670.0,0.12230860240963848,-0.011037903614457889,0.0834,23.28,73.9,,,,,,
2026-07-30T22:19:11.873242+00:00,S043,mounted,true,orientation_change,mild,1300,orientation_change-mild_horizontal_no_load_1300rpm,3897575,1302,268,1645,2160,4,3,1019014,9,4250908,73,0,3,1678,1494,1216,73,150,1707,16383,1681,1673,1663059,800,1937,2101,532471,11955,8,382546,1496,81790,563,3897477245,3897576317,0,3897576327,3897576842,3457269573,17865255,989,67,65,0.0834,1670.0,0.11142881580928465,-0.1618629242158094,0.0834,23.28,73.9,,,,,,
2026-07-30T22:19:11.966918+00:00,S043,mounted,true,orientation_change,mild,1300,orientation_change-mild_horizontal_no_load_1300rpm,3897675,1301,267,1649,2163,1,3,1019066,9,4250908,73,0,2,1678,1495,1213,73,150,1708,16383,1681,1675,1663748,800,2051,2277,532470,11957,8,382550,1496,81791,563,3897577270,3897676371,0,3897676381,3897676896,3460146590,17871233,994,56,78,0.0834,1670.0,0.4040828344066236,0.027536479300827477,0.0834,23.25,73.8,,,,,,
2026-07-30T22:19:12.060742+00:00,S043,mounted,true,orientation_change,mild,1300,orientation_change-mild_horizontal_no_load_1300rpm,3897776,1311,267,1639,2149,3,3,1019119,9,4250908,73,2,2,1678,1495,1216,79,163,1710,16383,1681,1673,1679692,808,2048,2167,532462,11956,8,382552,1496,81792,563,3897677324,3897777062,0,3897777141,3897777656,3491834360,17868246,981,76,61,0.0834,1670.0,0.22111004315824667,0.02282347641351601,0.0834,23.19,73.7,,,,,,
2026-07-30T22:19:12.154458+00:00,S043,mounted,true,orientation_change,mild,1300,orientation_change-mild_horizontal_no_load_1300rpm,3897876,1321,268,1624,2131,6,3,1019171,9,4250908,73,1,2,1678,1494,1243,76,152,1706,16383,1681,1672,1663245,800,2053,2103,532475,11953,8,382549,1496,81793,563,3897778087,3897877239,0,3897877313,3897877828,3458015947,17859279,992,53,63,0.0834,1670.0,0.11534801631389602,0.032013422488077925,0.0834,23.31,74.0,,,,,,
2026-07-30T22:19:12.247707+00:00,S043,mounted,true,orientation_change,mild,1300,orientation_change-mild_horizontal_no_load_1300rpm,3897976,1323,267,1619,2125,4,3,1019224,9,4250908,73,1,2,1678,1495,1196,76,152,1705,16383,1681,1674,1663600,800,2052,2118,532482,11956,8,382551,1496,81794,563,3897878258,3897977310,0,3897977384,3897977898,3459493606,17868248,991,46,71,0.0834,1670.0,0.13946263332218134,0.02948857109401093,0.0834,23.34,74.0,,,,,,
2026-07-30T22:19:12.341360+00:00,S043,mounted,true,orientation_change,mild,1300,orientation_change-mild_horizontal_no_load_1300rpm,3898076,1316,267,1628,2135,5,3,1019277,9,4250908,73,1,3,1678,1495,1225,74,158,1700,16383,1684,1672,1663212,800,1889,2341,532443,11956,8,382553,1496,81795,563,3897978329,3898077408,0,3898077482,3898077997,3458016158,17868246,991,50,71,0.0834,1670.0,0.5110416617597857,-0.24211403713616608,0.0834,23.49,74.3,,,,,,
2026-07-30T22:19:12.479874+00:00,S043,mounted,true,orientation_change,mild,1300,orientation_change-mild_horizontal_no_load_1300rpm,3898177,1310,266,1638,2147,1,3,1019330,9,4250908,73,0,2,1678,1495,1214,73,151,1700,16383,1681,1673,1679828,808,2023,2245,532433,11956,8,382555,1496,81796,563,3898078431,3898178104,0,3898178113,3898178628,3492420950,17868246,994,53,68,0.0834,1670.0,0.35107938942790184,-0.01883336533957891,0.0834,23.49,74.3,,,,,,
2026-07-30T22:19:12.573393+00:00,S043,mounted,true,orientation_change,mild,1300,orientation_change-mild_horizontal_no_load_1300rpm,3898277,1316,267,1630,2138,3,3,1019383,9,4250908,73,1,2,1678,1494,1237,73,151,1703,16383,1681,1674,1663704,800,2049,2249,532477,11953,8,382552,1496,81797,563,3898179056,3898278281,0,3898278296,3898278811,3459965838,17859279,1003,58,62,0.0834,1670.0,0.35868503028528353,0.025346654982012495,0.0834,23.4,74.1,,,,,,
2026-07-30T22:19:12.668809+00:00,S043,mounted,true,orientation_change,mild,1300,orientation_change-mild_horizontal_no_load_1300rpm,3898377,1323,266,1623,2127,6,3,1019435,9,4250908,73,1,2,1678,1495,1235,72,152,1702,16383,1685,1672,1663578,800,2039,2143,532502,11956,8,382554,1496,81798,563,3898279242,3898378342,0,3898378351,3898378866,3459408208,17868244,995,61,62,0.0834,1670.0,0.18111947507527582,0.00782701338240166,0.0834,23.43,74.2,,,,,,
2026-07-30T22:19:12.763225+00:00,S043,mounted,true,orientation_change,mild,1300,orientation_change-mild_horizontal_no_load_1300rpm,3898477,1324,268,1621,2128,4,3,1019488,9,4250908,73,1,2,1678,1494,1240,72,152,1699,16383,1680,1673,1663117,800,1883,2099,532483,11955,8,382554,1496,81799,563,3898379297,3898478374,0,3898478383,3898478898,3457524379,17865255,1000,48,68,0.0834,1670.0,0.10809598971141732,-0.2518492288582186,0.0834,23.52,74.3,,,,,,
2026-07-30T22:19:12.854965+00:00,S043,mounted,true,orientation_change,mild,1300,orientation_change-mild_horizontal_no_load_1300rpm,3898577,1340,270,1602,2106,4,3,1019542,9,4250908,73,3,2,1678,1494,1234,71,148,1705,16383,1682,1673,1664013,800,2045,2201,532507,11954,8,382553,1496,81800,563,3898479330,3898578433,0,3898578443,3898578958,3461223207,17862270,990,69,62,0.0834,1670.0,0.2783769447883553,0.018394762422619504,0.0834,23.34,74.0,,,,,,
2026-07-30T22:19:12.950065+00:00,S043,mounted,true,orientation_change,mild,1300,orientation_change-mild_horizontal_no_load_1300rpm,3898678,1361,270,1575,2072,6,3,1019597,9,4250908,73,1,2,1678,1494,1238,73,143,1706,16383,1681,1673,1680088,808,1999,2261,532476,11955,8,382553,1496,81801,563,3898579388,3898679048,0,3898679122,3898679637,3493519066,17865259,988,59,62,0.0834,1670.0,0.37805490363864447,-0.05854531518193262,0.0834,23.31,74.0,,,,,,
2026-07-30T22:19:13.044530+00:00,S043,mounted,true,orientation_change,mild,1300,orientation_change-mild_horizontal_no_load_1300rpm,3898778,1353,270,1576,2075,6,3,1019651,9,4250908,74,5,4,1678,1494,1263,73,143,1701,16383,1683,1672,1663152,800,1883,2277,532473,11953,8,382550,1496,81802,563,3898680068,3898779139,0,3898779213,3898779728,3457706118,17859281,983,58,64,0.0834,1670.0,0.405352402827742,-0.2513241965197026,0.0834,23.46,74.2,,,,,,
2026-07-30T22:19:13.173329+00:00,S043,mounted,true,orientation_change,mild,1300,orientation_change-mild_horizontal_no_load_1300rpm,3898878,1313,268,1630,2141,4,3,1019704,9,4250908,73,2,3,1678,1495,1217,75,151,1706,16383,1681,1673,1663158,800,2039,2107,532474,11959,8,382558,1496,81803,563,3898780162,3898879253,0,3898879327,3898879842,3457657798,17877211,988,50,71,0.0834,1670.0,0.12025290417258949,0.006974718371100863,0.0834,23.31,74.0,,,,,,
2026-07-30T22:19:13.277997+00:00,S043,mounted,true,orientation_change,mild,1300,orientation_change-mild_horizontal_no_load_1300rpm,3898978,1301,267,1649,2162,1,3,1019756,9,4250908,73,0,2,1678,1494,1245,74,149,1706,16383,1681,1673,1663571,800,1901,2163,532487,11953,8,382555,1496,81804,563,3898880273,3898979361,0,3898979435,3898979950,3459407567,17859279,992,54,71,0.0834,1670.0,0.21534952890487702,-0.22132374274240796,0.0834,23.31,74.0,,,,,,
2026-07-30T22:19:13.371150+00:00,S043,mounted,true,orientation_change,mild,1300,orientation_change-mild_horizontal_no_load_1300rpm,3899079,1303,267,1649,2162,3,3,1019809,9,4250908,73,0,2,1678,1495,1242,74,149,1708,16383,1683,1672,1680046,808,1979,2197,532485,11956,8,382557,1496,81805,563,3898980378,3899080037,0,3899080051,3899080566,3493318902,17868244,986,62,70,0.0834,1670.0,0.2710982532619606,-0.0921494068250257,0.0834,23.25,73.8,,,,,,
2026-07-30T22:19:13.464531+00:00,S043,mounted,true,orientation_change,mild,1300,orientation_change-mild_horizontal_no_load_1300rpm,3899179,1308,267,1641,2151,6,3,1019861,9,4250908,73,0,2,1678,1495,1209,75,156,1705,16383,1682,1673,1663267,800,2013,2107,532483,11957,8,382561,1496,81806,563,3899080994,3899180078,0,3899180088,3899180603,3458114429,17871233,987,60,65,0.0834,1670.0,0.12084000091996305,-0.03577662465501419,0.0834,23.34,74.0,,,,,,
2026-07-30T22:19:13.558608+00:00,S043,mounted,true,orientation_change,mild,1300,orientation_change-mild_horizontal_no_load_1300rpm,3899279,1311,268,1637,2148,5,3,1019913,9,4250908,73,1,2,1678,1494,1210,75,156,1711,16383,1681,1672,1663467,800,2050,2108,532476,11952,8,382555,1496,81807,563,3899181031,3899280126,0,3899280135,3899280650,3458939559,17856292,983,69,57,0.0834,1670.0,0.12397543373493969,0.0272992168674695,0.0834,23.16,73.7,,,,,,
2026-07-30T22:19:13.650726+00:00,S043,mounted,true,orientation_change,mild,1300,orientation_change-mild_horizontal_no_load_1300rpm,3899379,1318,268,1628,2137,1,3,1019966,9,4250908,73,0,2,1678,1495,1240,76,168,1709,16383,1681,1672,1663104,800,2007,2101,532453,11959,8,382563,1496,81808,563,3899281080,3899380211,0,3899380221,3899380736,3457438276,17877211,990,66,56,0.0834,1670.0,0.11025777013128124,-0.04633266318254048,0.0834,23.22,73.8,,,,,,
2026-07-30T22:19:13.745957+00:00,S043,mounted,true,orientation_change,mild,1300,orientation_change-mild_horizontal_no_load_1300rpm,3899479,1323,268,1621,2127,3,3,1020019,9,4250908,73,0,2,1678,1494,1242,74,153,1707,16383,1681,1671,1663100,800,2033,2249,532447,11954,8,382561,1496,81809,563,3899381167,3899480240,0,3899480250,3899480765,3457443248,17862270,984,66,61,0.0834,1670.0,0.35837146243935036,-0.0016038669901288216,0.0834,23.28,73.9,,,,,,
2026-07-30T22:19:13.885880+00:00,S043,mounted,true,orientation_change,mild,1300,orientation_change-mild_horizontal_no_load_1300rpm,3899579,1323,268,1620,2128,2,3,1020072,9,4250908,73,1,2,1678,1495,1227,74,153,1704,16383,1680,1672,1663178,800,2041,2105,532454,11957,8,382564,1496,81810,563,3899481197,3899580286,0,3899580295,3899580810,3457739074,17871235,982,70,62,0.0834,1670.0,0.11750773229070788,0.010875136154553822,0.0834,23.37,74.1,,,,,,
2026-07-30T22:19:13.979595+00:00,S043,mounted,true,orientation_change,mild,1300,orientation_change-mild_horizontal_no_load_1300rpm,3899679,1324,269,1619,2127,6,3,1020125,9,4250908,73,0,2,1678,1494,1243,74,144,1706,16383,1681,1673,1663623,800,2045,2103,532488,11955,8,382564,1496,81811,563,3899581244,3899680305,0,3899680314,3899680829,3459592275,17865257,981,68,62,0.0834,1670.0,0.11476164190715155,0.018109685069008563,0.0834,23.31,74.0,,,,,,
2026-07-30T22:19:14.073271+00:00,S043,mounted,true,orientation_change,mild,1300,orientation_change-mild_horizontal_no_load_1300rpm,3899779,1323,268,1620,2126,4,3,1020178,9,4250908,73,0,2,1678,1494,1211,68,133,1711,16383,1680,1672,1663311,800,1989,2103,532476,11954,8,382562,1496,81812,563,3899681261,3899780344,0,3899780354,3899780869,3458296189,17862268,983,64,66,0.0834,1670.0,0.11505480458423945,-0.0749321748368752,0.0834,23.16,73.7,,,,,,
2026-07-30T22:19:14.168123+00:00,S043,mounted,true,orientation_change,mild,1300,orientation_change-mild_horizontal_no_load_1300rpm,3899879,1324,268,1619,2126,5,3,1020231,9,4250908,73,0,2,1678,1494,1221,68,133,1706,16383,1680,1675,1663480,800,1923,2147,532481,11954,8,382560,1496,81813,563,3899781301,3899880400,0,3899880409,3899880924,3459019936,17862266,971,67,57,0.0834,1670.0,0.18838311243098538,-0.18492463660699388,0.0834,23.31,74.0,,,,,,
2026-07-30T22:19:14.260074+00:00,S043,mounted,true,orientation_change,mild,1300,orientation_change-mild_horizontal_no_load_1300rpm,3899980,1324,267,1620,2125,1,3,1020284,9,4250908,73,0,2,1678,1494,1229,68,138,1705,16383,1683,1674,1680136,808,2051,2115,532469,11955,8,382560,1496,81814,563,3899881356,3899980975,0,3899981049,3899981568,3493671286,17865255,969,74,58,0.0834,1670.0,0.1347585984943538,0.028108163362609684,0.0834,23.34,74.0,,,,,,
2026-07-30T22:19:14.353939+00:00,S043,mounted,true,orientation_change,mild,1300,orientation_change-mild_horizontal_no_load_1300rpm,3900080,1321,268,1622,2130,3,3,1020337,9,4250908,73,1,2,1678,1494,1227,68,138,1705,16383,1682,1672,1662928,800,1953,2278,532439,11955,8,382560,1496,81815,563,3899981996,3900081105,0,3900081178,3900081694,3456757958,17865257,976,52,68,0.0834,1670.0,0.4063839254705144,-0.1352003154328738,0.0834,23.34,74.0,,,,,,
2026-07-30T22:19:14.447864+00:00,S043,mounted,true,orientation_change,mild,1300,orientation_change-mild_horizontal_no_load_1300rpm,3900180,1312,268,1634,2145,2,3,1020390,9,4250908,73,0,2,1678,1495,1238,69,142,1702,16383,1681,1675,1663801,800,1883,2259,532499,11957,8,382564,1496,81816,563,3900082124,3900181358,0,3900181432,3900181947,3460401755,17871233,982,62,62,0.0834,1670.0,0.37409241674333016,-0.2523740855565779,0.0834,23.43,74.2,,,,,,
2026-07-30T22:19:14.588414+00:00,S043,mounted,true,orientation_change,mild,1300,orientation_change-mild_horizontal_no_load_1300rpm,3900280,1312,267,1637,2147,4,3,1020442,9,4250908,73,0,2,1678,1495,1224,66,130,1705,16383,1681,1671,1663343,800,2051,2105,532463,11956,8,382565,1496,81817,563,3900182379,3900281435,0,3900281509,3900282024,3458426411,17868244,988,52,66,0.0834,1670.0,0.11780107561057207,0.02782229742388731,0.0834,23.34,74.0,,,,,,
2026-07-30T22:19:14.680784+00:00,S043,mounted,true,orientation_change,mild,1300,orientation_change-mild_horizontal_no_load_1300rpm,3900381,1310,268,1637,2149,5,3,1020495,9,4250908,73,0,2,1678,1494,1224,66,130,1710,16383,1680,1672,1680241,808,2029,2237,532473,11955,8,382565,1496,81818,563,3900282453,3900382077,0,3900382086,3900382601,3494134249,17865257,986,61,74,0.0834,1670.0,0.3380609904642409,-0.008552923713927019,0.0834,23.19,73.7,,,,,,
2026-07-30T22:19:14.774479+00:00,S043,mounted,true,orientation_change,mild,1300,orientation_change-mild_horizontal_no_load_1300rpm,3900481,1312,267,1636,2145,1,3,1020548,9,4250908,73,1,2,1678,1494,1235,72,139,1705,16383,1681,1672,1663091,800,2049,2099,532471,11952,8,382559,1496,81819,563,3900383030,3900482128,0,3900482142,3900482657,3457376047,17856294,991,56,77,0.0834,1670.0,0.10897395180722835,0.02563238554216829,0.0834,23.34,74.0,,,,,,
2026-07-30T22:19:14.868278+00:00,S043,mounted,true,orientation_change,mild,1300,orientation_change-mild_horizontal_no_load_1300rpm,3900581,1310,267,1637,2148,2,3,1020600,9,4250908,73,0,2,1678,1495,1216,75,153,1705,16383,1683,1672,1663416,800,1934,2121,532469,11957,8,382563,1496,81820,563,3900483088,3900582174,0,3900582183,3900582698,3458746398,17871233,973,56,71,0.0834,1670.0,0.14416588132474661,-0.16740123551057984,0.0834,23.34,74.0,,,,,,
2026-07-30T22:19:14.961164+00:00,S043,mounted,true,orientation_change,mild,1300,orientation_change-mild_horizontal_no_load_1300rpm,3900681,1311,268,1637,2149,6,3,1020653,9,4250908,73,1,3,1678,1495,1213,75,153,1700,16383,1681,1672,1663223,800,2015,2103,532479,11957,8,382566,1496,81821,563,3900583126,3900682221,0,3900682236,3900682751,3457929719,17871233,983,71,62,0.0834,1670.0,0.11417546366145315,-0.032444356025759014,0.0834,23.49,74.3,,,,,,
2026-07-30T22:19:15.057070+00:00,S043,mounted,true,orientation_change,mild,1300,orientation_change-mild_horizontal_no_load_1300rpm,3900781,1311,267,1637,2147,5,3,1020705,9,4250908,73,0,2,1678,1495,1225,75,155,1710,16383,1681,1672,1663384,800,2043,2119,532478,11956,8,382567,1496,81822,563,3900683181,3900782258,0,3900782267,3900782782,3458597216,17868244,983,58,60,0.0834,1670.0,0.14112890699230496,0.014492108062897024,0.0834,23.19,73.7,,,,,,
2026-07-30T22:19:15.196417+00:00,S043,mounted,true,orientation_change,mild,1300,orientation_change-mild_horizontal_no_load_1300rpm,3900881,1305,268,1641,2155,3,3,1020757,9,4250908,73,1,2,1678,1494,1248,75,155,1706,16383,1680,1673,1663001,800,1933,2172,532465,11955,8,382567,1496,81823,563,3900783210,3900882302,0,3900882311,3900882827,3457055177,17865255,990,62,56,0.0834,1670.0,0.22974414228356332,-0.16852857641154362,0.0834,23.31,74.0,,,,,,
2026-07-30T22:19:15.289745+00:00,S043,mounted,true,orientation_change,mild,1300,orientation_change-mild_horizontal_no_load_1300rpm,3900981,1292,267,1659,2176,6,3,1020809,9,4250908,73,1,3,1678,1495,1227,69,145,1708,16383,1683,1671,1663203,800,2003,2273,532440,11957,8,382570,1496,81824,563,3900883257,3900982337,0,3900982346,3900982861,3457902771,17871233,999,47,72,0.0834,1670.0,0.3974182971481137,-0.052437967801287844,0.0834,23.25,73.8,,,,,,
2026-07-30T22:19:15.384930+00:00,S043,mounted,true,orientation_change,mild,1300,orientation_change-mild_horizontal_no_load_1300rpm,3901082,1287,265,1670,2186,5,3,1020861,9,4250908,73,1,2,1678,1494,1232,66,148,1703,16383,1680,1672,1679495,808,1927,2135,532415,11954,8,382568,1496,81825,563,3900983295,3901083046,0,3901083120,3901083635,3491051937,17862268,994,59,65,0.0834,1670.0,0.16838448301823616,-0.17825842680274429,0.0834,23.4,74.1,,,,,,
2026-07-30T22:19:15.479018+00:00,S043,mounted,true,orientation_change,mild,1300,orientation_change-mild_horizontal_no_load_1300rpm,3901182,1311,267,1641,2151,1,3,1020914,9,4250908,73,5,1,1678,1494,1240,66,148,1695,16383,1681,1674,1663501,800,2020,2108,532464,11954,8,382566,1496,81826,563,3901084069,3901183152,0,3901183226,3901183741,3459087449,17862268,983,64,56,0.0834,1670.0,0.12338756683955143,-0.023269048853940433,0.0834,23.64,74.6,,,,,,
2026-07-30T22:19:15.574575+00:00,S043,mounted,true,orientation_change,mild,1300,orientation_change-mild_horizontal_no_load_1300rpm,3901282,1343,269,1598,2100,1,3,1020968,9,4250908,73,2,2,1678,1495,1209,69,151,1700,16383,1682,1673,1663811,800,2014,2195,532497,11956,8,382567,1496,81827,563,3901184171,3901283393,0,3901283472,3901283987,3460384515,17868256,993,61,54,0.0834,1670.0,0.2677657059217129,-0.033829828370692816,0.0834,23.49,74.3,,,,,,
2026-07-30T22:19:15.665541+00:00,S043,mounted,true,orientation_change,mild,1300,orientation_change-mild_horizontal_no_load_1300rpm,3901383,1348,269,1590,2089,1,3,1021022,9,4250908,73,1,3,1678,1494,1200,69,158,1700,16383,1680,1672,1680049,808,2029,2215,532482,11955,8,382567,1496,81828,563,3901284417,3901384084,0,3901384099,3901384614,3493327921,17865257,1003,52,66,0.0834,1670.0,0.3013999033877037,-0.008552923713927019,0.0834,23.49,74.3,,,,,,
2026-07-30T22:19:15.758663+00:00,S043,mounted,true,orientation_change,mild,1300,orientation_change-mild_horizontal_no_load_1300rpm,3901483,1340,269,1600,2102,3,3,1021075,9,4250908,73,0,2,1678,1494,1214,69,158,1700,16383,1682,1673,1663319,800,2043,2217,532473,11955,8,382567,1496,81829,563,3901385045,3901484135,0,3901484145,3901484659,3458344973,17865255,1002,61,57,0.0834,1670.0,0.3047327294855706,0.014776858971141227,0.0834,23.49,74.3,,,,,,
2026-07-30T22:19:15.900325+00:00,S043,mounted,true,orientation_change,mild,1300,orientation_change-mild_horizontal_no_load_1300rpm,3901583,1336,268,1604,2107,3,3,1021129,9,4250908,73,0,2,1678,1495,1211,69,165,1697,16383,1682,1672,1663917,800,2045,2107,532506,11957,8,382570,1496,81830,563,3901485088,3901584314,0,3901584324,3901584839,3460811765,17871233,993,55,55,0.0834,1670.0,0.12084000091996305,0.01753967341306284,0.0834,23.58,74.4,,,,,,
2026-07-30T22:19:15.994656+00:00,S043,mounted,true,orientation_change,mild,1300,orientation_change-mild_horizontal_no_load_1300rpm,3901684,1324,267,1617,2122,3,3,1021183,9,4250908,73,2,3,1678,1495,1222,69,165,1698,16383,1682,1672,1679491,808,1915,2113,532480,11956,8,382571,1496,81831,563,3901585271,3901685074,0,3901685153,3901685668,3491029785,17868244,997,48,53,0.0834,1670.0,0.13113126497156236,-0.19879092171294754,0.0834,23.55,74.4,,,,,,
2026-07-30T22:19:16.089504+00:00,S043,mounted,true,orientation_change,mild,1300,orientation_change-mild_horizontal_no_load_1300rpm,3901784,1314,269,1631,2143,6,3,1021235,9,4250908,73,0,3,1678,1494,1212,64,148,1698,16383,1681,1673,1663438,800,2036,2105,532467,11955,8,382571,1496,81832,563,3901686099,3901785154,0,3901785228,3901785742,3458818146,17865259,994,50,60,0.0834,1670.0,0.11809446800501888,0.003111967628607104,0.0834,23.55,74.4,,,,,,
2026-07-30T22:19:16.172043+00:00,S043,mounted,true,orientation_change,mild,1300,orientation_change-mild_horizontal_no_load_1300rpm,3901884,1313,265,1633,2139,4,3,1021288,9,4250908,73,1,2,1678,1494,1221,69,164,1699,16383,1682,1673,1663565,800,2051,2123,532489,11953,8,382567,1496,81833,563,3901786171,3901885264,0,3901885338,3901885853,3459343733,17859279,981,56,54,0.0834,1670.0,0.14868185384422317,0.028680038735045432,0.0834,23.52,74.3,,,,,,
2026-07-30T22:19:16.277601+00:00,S043,mounted,true,orientation_change,mild,1300,orientation_change-mild_horizontal_no_load_1300rpm,3901984,1318,267,1629,2137,5,3,1021341,9,4250908,73,1,2,1678,1495,1221,69,164,1703,16383,1681,1672,1662813,800,1893,2106,532446,11958,8,382572,1496,81834,563,3901886284,3901985343,0,3901985422,3901985937,3456271707,17874222,994,65,66,0.0834,1670.0,0.11888043301555395,-0.23597649824385325,0.0834,23.4,74.1,,,,,,
2026-07-30T22:19:16.369877+00:00,S043,mounted,true,orientation_change,mild,1300,orientation_change-mild_horizontal_no_load_1300rpm,3902084,1324,268,1621,2127,1,3,1021394,9,4250908,73,0,2,1678,1495,1222,67,159,1699,16383,1682,1671,1663726,800,1999,2299,532484,11956,8,382573,1496,81835,563,3901986367,3902085429,0,3902085508,3902086023,3460078908,17868244,988,55,71,0.0834,1670.0,0.4410581676145866,-0.05882393342254977,0.0834,23.52,74.3,,,,,,
2026-07-30T22:19:16.463032+00:00,S043,mounted,true,orientation_change,mild,1300,orientation_change-mild_horizontal_no_load_1300rpm,3902185,1324,269,1617,2125,3,3,1021447,9,4250908,73,0,3,1678,1494,1222,67,143,1703,16383,1680,1670,1679837,808,2043,2195,532447,11955,8,382573,1496,81836,563,3902086452,3902186087,0,3902186096,3902186611,3492444721,17865257,979,71,53,0.0834,1670.0,0.2680716424090335,0.014776858971141227,0.0834,23.4,74.1,,,,,,
2026-07-30T22:19:16.603800+00:00,S043,mounted,true,orientation_change,mild,1300,orientation_change-mild_horizontal_no_load_1300rpm,3902285,1324,268,1618,2125,2,3,1021500,9,4250908,73,0,2,1678,1495,1221,67,143,1695,16383,1682,1672,1663248,800,1973,2105,532463,11957,8,382576,1496,81837,563,3902187043,3902286120,0,3902286129,3902286644,3458044098,17871233,992,64,50,0.0834,1670.0,0.11750773229070788,-0.10242199724011058,0.0834,23.64,74.6,,,,,,
2026-07-30T22:19:16.696632+00:00,S043,mounted,true,orientation_change,mild,1300,orientation_change-mild_horizontal_no_load_1300rpm,3902385,1324,268,1621,2127,6,3,1021553,9,4250908,73,1,2,1678,1494,1245,67,147,1698,16383,1681,1672,1663711,800,1957,2335,532484,11955,8,382575,1496,81838,563,3902287076,3902386142,0,3902386151,3902386666,3460038093,17865257,985,59,55,0.0834,1670.0,0.5013694692597239,-0.12853466323713958,0.0834,23.55,74.4,,,,,,
2026-07-30T22:19:16.790366+00:00,S043,mounted,true,orientation_change,mild,1300,orientation_change-mild_horizontal_no_load_1300rpm,3902485,1327,268,1620,2125,4,3,1021606,9,4250908,73,2,2,1678,1495,1229,67,147,1701,16383,1681,1672,1663675,800,2025,2326,532477,11956,8,382576,1496,81839,563,3902387100,3902486245,0,3902486254,3902486769,3459920119,17868244,989,52,59,0.0834,1670.0,0.48604755670792876,-0.015500817999331229,0.0834,23.46,74.2,,,,,,
2026-07-30T22:19:16.883871+00:00,S043,mounted,true,orientation_change,mild,1300,orientation_change-mild_horizontal_no_load_1300rpm,3902585,1336,267,1603,2103,4,3,1021660,9,4250908,73,1,3,1678,1494,1217,68,147,1702,16383,1681,1672,1663738,800,1841,2297,532480,11953,8,382571,1496,81840,563,3902487199,3902586277,0,3902586291,3902586806,3460213464,17859279,983,71,56,0.0834,1670.0,0.4386862403580687,-0.32132525533338896,0.0834,23.43,74.2,,,,,,
2026-07-30T22:19:16.977973+00:00,S043,mounted,true,orientation_change,mild,1300,orientation_change-mild_horizontal_no_load_1300rpm,3902685,1334,269,1607,2111,5,3,1021713,9,4250908,73,1,2,1678,1494,1240,69,148,1712,16383,1681,1672,1663447,800,2054,2107,532480,11955,8,382571,1496,81841,563,3902587237,3902686336,0,3902686346,3902686861,3458856107,17865257,974,73,54,0.0834,1670.0,0.12142729410288533,0.03310740250941002,0.0834,23.13,73.6,,,,,,
2026-07-30T22:19:17.070667+00:00,S043,mounted,true,orientation_change,mild,1300,orientation_change-mild_horizontal_no_load_1300rpm,3902785,1328,268,1613,2118,1,3,1021766,9,4250908,73,1,3,1678,1494,1212,69,148,1707,16383,1680,1668,1662836,800,1969,2105,532459,11955,8,382571,1496,81842,563,3902687295,3902786384,0,3902786393,3902786908,3456329410,17865257,984,71,61,0.0834,1670.0,0.11809446800501888,-0.10853770664993734,0.0834,23.28,73.9,,,,,,
2026-07-30T22:19:17.163925+00:00,S043,mounted,true,orientation_change,mild,1300,orientation_change-mild_horizontal_no_load_1300rpm,3902885,1326,268,1617,2123,3,3,1021819,9,4250908,73,0,2,1678,1494,1243,71,146,1703,16383,1682,1673,1663033,800,1937,2297,532438,11952,8,382565,1496,81843,563,3902787339,3902886426,0,3902886435,3902886951,3457241107,17856292,981,70,59,0.0834,1670.0,0.4390065542168671,-0.1610527228915668,0.0834,23.4,74.1,,,,,,
2026-07-30T22:19:17.306057+00:00,S043,mounted,true,orientation_change,mild,1300,orientation_change-mild_horizontal_no_load_1300rpm,3902986,1321,268,1622,2130,3,3,1021873,9,4250908,73,1,3,1678,1494,1219,71,143,1700,16383,1681,1670,1680463,808,2026,2151,532488,11955,8,382565,1496,81844,563,3902887379,3902987059,0,3902987138,3902987653,3495036977,17865257,980,67,68,0.0834,1670.0,0.19474946825595918,-0.013552162860727801,0.0834,23.49,74.3,,,,,,
2026-07-30T22:19:17.399430+00:00,S043,mounted,true,orientation_change,mild,1300,orientation_change-mild_horizontal_no_load_1300rpm,3903086,1313,268,1633,2144,6,3,1021925,9,4250908,73,0,2,1678,1494,1243,71,143,1703,16383,1682,1673,1663508,800,2015,2110,532492,11952,8,382559,1496,81845,563,3902988083,3903087153,0,3903087227,3903087742,3459119252,17856290,983,62,66,0.0834,1670.0,0.1273090963855421,-0.031039879518072855,0.0834,23.4,74.1,,,,,,
2026-07-30T22:19:17.493697+00:00,S043,mounted,true,orientation_change,mild,1300,orientation_change-mild_horizontal_no_load_1300rpm,3903186,1310,267,1638,2148,4,3,1021978,9,4250908,73,0,2,1678,1494,1211,74,149,1699,16383,1681,1674,1663150,800,1891,2237,532493,11955,8,382559,1496,81846,563,3903088174,3903187232,0,3903187311,3903187826,3457686454,17865259,1005,62,68,0.0834,1670.0,0.3380609904642409,-0.23851792446675057,0.0834,23.52,74.3,,,,,,
2026-07-30T22:19:17.586298+00:00,S043,mounted,true,orientation_change,mild,1300,orientation_change-mild_horizontal_no_load_1300rpm,3903286,1311,267,1636,2146,1,3,1022030,9,4250908,73,0,2,1678,1494,1231,74,149,1701,16383,1680,1673,1663097,800,1955,2104,532467,11953,8,382556,1496,81847,563,3903188256,3903287323,0,3903287397,3903287912,3457413811,17859281,995,64,60,0.0834,1670.0,0.11701470819041226,-0.13132238141052488,0.0834,23.46,74.2,,,,,,
2026-07-30T22:19:17.679502+00:00,S043,mounted,true,orientation_change,mild,1300,orientation_change-mild_horizontal_no_load_1300rpm,3903386,1311,268,1635,2146,3,3,1022083,9,4250908,73,0,3,1678,1494,1244,73,142,1710,16383,1681,1672,1663267,800,2049,2107,532478,11953,8,382553,1496,81848,563,3903288344,3903387398,0,3903387476,3903387992,3458109733,17859279,1006,54,76,0.0834,1670.0,0.12201478381996145,0.025346654982012495,0.0834,23.19,73.7,,,,,,
2026-07-30T22:19:17.772563+00:00,S043,mounted,true,orientation_change,mild,1300,orientation_change-mild_horizontal_no_load_1300rpm,3903487,1314,268,1634,2144,2,3,1022136,9,4250908,73,2,2,1678,1495,1232,73,140,1706,16383,1680,1672,1679810,808,1905,2105,532480,11956,8,382555,1496,81849,563,3903388421,3903488068,0,3903488083,3903488598,3492341566,17868244,999,57,69,0.0834,1670.0,0.11780107561057207,-0.2154536584141855,0.0834,23.31,74.0,,,,,,
2026-07-30T22:19:17.865972+00:00,S043,mounted,true,orientation_change,mild,1300,orientation_change-mild_horizontal_no_load_1300rpm,3903587,1323,268,1622,2128,4,3,1022188,9,4250908,73,1,2,1678,1495,1221,73,140,1700,16383,1680,1675,1663430,800,2057,2103,532478,11957,8,382559,1496,81850,563,3903489028,3903588119,0,3903588128,3903588643,3458780046,17871233,994,70,62,0.0834,1670.0,0.11417546366145315,0.037533285188592114,0.0834,23.49,74.3,,,,,,
2026-07-30T22:19:18.006806+00:00,S043,mounted,true,orientation_change,mild,1300,orientation_change-mild_horizontal_no_load_1300rpm,3903687,1325,268,1618,2124,4,3,1022242,9,4250908,73,0,2,1678,1494,1235,70,138,1701,16383,1680,1672,1662926,800,1997,2274,532443,11954,8,382558,1496,81851,563,3903589074,3903688181,0,3903688195,3903688710,3456731840,17862268,988,58,65,0.0834,1670.0,0.40003527371591074,-0.06159975522837602,0.0834,23.46,74.2,,,,,,
2026-07-30T22:19:18.100175+00:00,S043,mounted,true,orientation_change,mild,1300,orientation_change-mild_horizontal_no_load_1300rpm,3903787,1317,269,1628,2139,1,3,1022294,9,4250908,73,0,3,1678,1495,1246,68,141,1700,16383,1680,1674,1663360,800,2045,2103,532463,11956,8,382560,1496,81852,563,3903689139,3903788210,0,3903788220,3903788735,3458493352,17868246,976,72,57,0.0834,1670.0,0.11446852827032439,0.017824655403144707,0.0834,23.49,74.3,,,,,,
2026-07-30T22:19:18.193145+00:00,S043,mounted,true,orientation_change,mild,1300,orientation_change-mild_horizontal_no_load_1300rpm,3903887,1311,267,1638,2148,3,3,1022347,9,4250908,73,1,2,1678,1495,1238,68,141,1703,16383,1680,1672,1663509,800,2049,2275,532481,11958,8,382566,1496,81853,563,3903789163,3903888271,0,3903888281,3903888796,3459164457,17874222,986,64,63,0.0834,1670.0,0.4004335850476668,0.02391871901655751,0.0834,23.4,74.1,,,,,,
2026-07-30T22:19:18.286425+00:00,S043,mounted,true,orientation_change,mild,1300,orientation_change-mild_horizontal_no_load_1300rpm,3903987,1311,268,1635,2147,6,3,1022399,9,4250908,73,0,2,1678,1494,1217,67,144,1700,16383,1680,1672,1662867,800,1841,2105,532461,11953,8,382562,1496,81854,563,3903889226,3903988300,0,3903988309,3903988823,3456499627,17859279,983,66,67,0.0834,1670.0,0.11868140006692851,-0.32132525533338896,0.0834,23.49,74.3,,,,,,
2026-07-30T22:19:18.380679+00:00,S043,mounted,true,orientation_change,mild,1300,orientation_change-mild_horizontal_no_load_1300rpm,3904087,1332,268,1611,2115,6,3,1022453,9,4250908,73,1,2,1678,1495,1238,67,144,1704,16383,1682,1672,1664006,800,2027,2271,532492,11957,8,382565,1496,81855,563,3903989252,3904088355,0,3904088370,3904088885,3461221852,17871233,989,68,56,0.0834,1670.0,0.394086028518859,-0.012450744250230628,0.0834,23.37,74.1,,,,,,
2026-07-30T22:19:18.472754+00:00,S043,mounted,true,orientation_change,mild,1300,orientation_change-mild_horizontal_no_load_1300rpm,3904187,1334,268,1609,2112,4,3,1022506,9,4250908,73,1,2,1678,1494,1240,70,150,1706,16383,1682,1674,1663030,800,1811,2107,532480,11953,8,382561,1496,81856,563,3904089315,3904188419,0,3904188428,3904188943,3457190264,17859277,997,64,76,0.0834,1670.0,0.12201478381996145,-0.37132601162888035,0.0834,23.31,74.0,,,,,,
2026-07-30T22:19:18.566934+00:00,S043,mounted,true,orientation_change,mild,1300,orientation_change-mild_horizontal_no_load_1300rpm,3904287,1321,264,1626,2127,5,3,1022559,9,4250908,73,2,3,1678,1494,1217,71,154,1710,16383,1682,1673,1662947,800,2021,2109,532461,11955,8,382561,1496,81857,563,3904189373,3904288429,0,3904288438,3904288954,3456781817,17865257,993,64,65,0.0834,1670.0,0.12476012020075222,-0.021884228105395476,0.0834,23.19,73.7,,,,,,
2026-07-30T22:19:18.709159+00:00,S043,mounted,true,orientation_change,mild,1300,orientation_change-mild_horizontal_no_load_1300rpm,3904388,1295,268,1654,2171,3,3,1022611,9,4250908,73,1,3,1678,1494,1203,71,154,1709,16383,1680,1673,1679657,808,1859,2107,532476,11951,8,382553,1496,81858,563,3904289384,3904389155,0,3904389229,3904389744,3491724131,17853303,998,61,76,0.0834,1670.0,0.12260247016985959,-0.2908062875909967,0.0834,23.22,73.8,,,,,,
2026-07-30T22:19:18.801613+00:00,S043,mounted,true,orientation_change,mild,1300,orientation_change-mild_horizontal_no_load_1300rpm,3904488,1288,267,1665,2184,6,3,1022663,9,4250908,73,0,2,1678,1494,1200,72,153,1705,16383,1680,1672,1662962,800,1881,2229,532486,11955,8,382553,1496,81859,563,3904390178,3904489246,0,3904489324,3904489840,3456918748,17865257,989,69,63,0.0834,1670.0,0.3247296860727724,-0.2551820549560855,0.0834,23.34,74.0,,,,,,
2026-07-30T22:19:18.894762+00:00,S043,mounted,true,orientation_change,mild,1300,orientation_change-mild_horizontal_no_load_1300rpm,3904588,1304,268,1647,2162,5,3,1022715,9,4250908,73,1,2,1678,1494,1199,74,152,1709,16383,1680,1675,1663368,800,1889,2103,532470,11954,8,382552,1496,81860,563,3904490268,3904589311,0,3904589544,3904590059,3458559940,17862268,994,53,70,0.0834,1670.0,0.11505480458423945,-0.2415874199431154,0.0834,23.22,73.8,,,,,,
2026-07-30T22:19:18.989504+00:00,S043,mounted,true,orientation_change,mild,1300,orientation_change-mild_horizontal_no_load_1300rpm,3904689,1309,267,1638,2149,3,3,1022767,9,4250908,73,0,2,1678,1494,1218,74,152,1706,16383,1681,1671,1679777,808,1863,2105,532484,11952,8,382547,1496,81861,563,3904590490,3904690079,0,3904690088,3904690602,3492241741,17856292,1002,50,64,0.0834,1670.0,0.11897493975903606,-0.2843982409638559,0.0834,23.31,74.0,,,,,,
2026-07-30T22:19:19.082798+00:00,S043,mounted,true,orientation_change,mild,1300,orientation_change-mild_horizontal_no_load_1300rpm,3904789,1311,268,1637,2148,2,3,1022820,9,4250908,73,0,2,1678,1494,1206,76,154,1700,16383,1681,1673,1663029,800,1895,2112,532483,11954,8,382546,1496,81862,563,3904691032,3904790127,0,3904790136,3904790651,3457151513,17862266,1008,58,67,0.0834,1670.0,0.13005377664380102,-0.231588105236741,0.0834,23.49,74.3,,,,,,
2026-07-30T22:19:19.177230+00:00,S043,mounted,true,orientation_change,mild,1300,orientation_change-mild_horizontal_no_load_1300rpm,3904889,1311,267,1637,2147,4,3,1022872,9,4250908,73,0,2,1678,1494,1215,76,154,1702,16383,1682,1673,1663190,800,1999,2215,532469,11955,8,382546,1496,81863,563,3904791081,3904890213,0,3904890223,3904890738,3457810120,17865255,1002,49,75,0.0834,1670.0,0.3013999033877037,-0.05854531518193262,0.0834,23.43,74.2,,,,,,
2026-07-30T22:19:19.271222+00:00,S043,mounted,true,orientation_change,mild,1300,orientation_change-mild_horizontal_no_load_1300rpm,3904989,1311,267,1638,2147,5,3,1022925,9,4250908,73,0,2,1678,1494,1221,75,156,1702,16383,1682,1672,1663128,800,2021,2175,532466,11953,8,382543,1496,81864,563,3904891167,3904990252,0,3904990261,3904990776,3457545796,17859279,997,49,77,0.0834,1670.0,0.23534983142307375,-0.02132071756044507,0.0834,23.43,74.2,,,,,,
2026-07-30T22:19:19.413133+00:00,S043,mounted,true,orientation_change,mild,1300,orientation_change-mild_horizontal_no_load_1300rpm,3905089,1312,268,1637,2149,3,3,1022977,9,4250908,73,1,2,1678,1494,1221,70,145,1702,16383,1682,1672,1663155,800,2031,2097,532475,11953,8,382541,1496,81865,563,3904991205,3905090289,0,3905090298,3905090813,3457641393,17859281,992,59,63,0.0834,1670.0,0.10534786505479765,-0.004653798795281716,0.0834,23.43,74.2,,,,,,
2026-07-30T22:19:19.506980+00:00,S043,mounted,true,orientation_change,mild,1300,orientation_change-mild_horizontal_no_load_1300rpm,3905190,1311,267,1638,2147,2,3,1023030,9,4250908,73,1,2,1678,1494,1229,70,145,1699,16383,1681,1672,1680263,808,1975,2114,532496,11953,8,382539,1496,81866,563,3905091244,3905191218,0,3905191292,3905191806,3494214579,17859279,977,56,56,0.0834,1670.0,0.13368162695557562,-0.09798854388019729,0.0834,23.52,74.3,,,,,,
2026-07-30T22:19:19.601263+00:00,S043,mounted,true,orientation_change,mild,1300,orientation_change-mild_horizontal_no_load_1300rpm,3905290,1314,269,1633,2145,6,3,1023083,9,4250908,73,1,2,1678,1495,1230,72,148,1700,16383,1681,1672,1663043,800,1974,2227,532470,11957,8,382544,1496,81867,563,3905192236,3905291310,0,3905291384,3905291899,3457233165,17871233,983,54,64,0.0834,1670.0,0.32077611867525313,-0.100755862925483,0.0834,23.49,74.3,,,,,,
2026-07-30T22:19:19.694342+00:00,S043,mounted,true,orientation_change,mild,1300,orientation_change-mild_horizontal_no_load_1300rpm,3905390,1319,266,1631,2136,4,3,1023136,9,4250908,73,1,2,1678,1494,1216,70,144,1704,16383,1681,1673,1663701,800,2046,2290,532481,11953,8,382541,1496,81868,563,3905292329,3905391420,0,3905391494,3905392009,3459958191,17859281,993,66,65,0.0834,1670.0,0.4270193972224545,0.020346579352463312,0.0834,23.37,74.1,,,,,,
2026-07-30T22:19:19.787765+00:00,S043,mounted,true,orientation_change,mild,1300,orientation_change-mild_horizontal_no_load_1300rpm,3905491,1323,268,1621,2128,5,3,1023189,9,4250908,73,0,2,1678,1495,1221,70,144,1707,16383,1681,1674,1680177,808,2049,2138,532488,11956,8,382544,1496,81869,563,3905392439,3905492116,0,3905492125,3905492640,3493844609,17868246,998,62,69,0.0834,1670.0,0.17278810672465683,0.024489750083639628,0.0834,23.28,73.9,,,,,,
2026-07-30T22:19:19.881372+00:00,S043,mounted,true,orientation_change,mild,1300,orientation_change-mild_horizontal_no_load_1300rpm,3905591,1325,267,1619,2124,1,3,1023242,9,4250908,73,0,2,1678,1494,1218,70,149,1706,16383,1682,1671,1662899,800,2051,2116,532454,11952,8,382539,1496,81870,563,3905493072,3905592122,0,3905592131,3905592646,3456581877,17856292,1002,68,63,0.0834,1670.0,0.13731008433734937,0.02896604819277071,0.0834,23.31,74.0,,,,,,
2026-07-30T22:19:20.019961+00:00,S043,mounted,true,orientation_change,mild,1300,orientation_change-mild_horizontal_no_load_1300rpm,3905691,1324,268,1619,2125,3,3,1023295,9,4250908,73,0,2,1678,1494,1245,70,149,1704,16383,1682,1672,1663044,800,1983,2289,532432,11955,8,382540,1496,81871,563,3905593079,3905692294,0,3905692303,3905692818,3457233744,17865255,1015,58,70,0.0834,1670.0,0.42471446900878274,-0.0852079239648682,0.0834,23.37,74.1,,,,,,
2026-07-30T22:19:20.113839+00:00,S043,mounted,true,orientation_change,mild,1300,orientation_change-mild_horizontal_no_load_1300rpm,3905791,1323,268,1620,2127,2,3,1023348,9,4250908,73,1,2,1678,1495,1214,71,149,1701,16383,1681,1672,1662929,800,2041,2107,532393,11956,8,382543,1496,81872,563,3905693251,3905792355,0,3905792365,3905792880,3456704389,17868246,1002,55,62,0.0834,1670.0,0.12113362295081931,0.011159560722649342,0.0834,23.46,74.2,,,,,,
2026-07-30T22:19:20.207000+00:00,S043,mounted,true,orientation_change,mild,1300,orientation_change-mild_horizontal_no_load_1300rpm,3905891,1330,268,1613,2117,6,3,1023401,9,4250908,73,1,2,1678,1494,1232,72,163,1700,16383,1681,1673,1663373,800,2001,2111,532441,11954,8,382543,1496,81873,563,3905793314,3905892390,0,3905892399,3905892914,3458553213,17862266,978,69,49,0.0834,1670.0,0.12838722419273818,-0.054933545424125985,0.0834,23.49,74.3,,,,,,
2026-07-30T22:19:20.300817+00:00,S043,mounted,true,orientation_change,mild,1300,orientation_change-mild_horizontal_no_load_1300rpm,3905991,1334,266,1613,2113,6,3,1023455,9,4250908,73,1,2,1678,1494,1235,72,163,1702,16383,1682,1672,1663420,800,1901,2139,532474,11955,8,382544,1496,81874,563,3905893345,3905992439,0,3905992449,3905992964,3458783332,17865257,996,66,56,0.0834,1670.0,0.17475251166875783,-0.22185379397741567,0.0834,23.43,74.2,,,,,,
2026-07-30T22:19:20.395478+00:00,S043,mounted,true,orientation_change,mild,1300,orientation_change-mild_horizontal_no_load_1300rpm,3906092,1330,268,1611,2115,6,3,1023509,9,4250908,73,0,3,1678,1495,1253,70,147,1703,16383,1681,1673,1679754,808,2051,2131,532450,11956,8,382547,1496,81875,563,3905993394,3906093097,0,3906093176,3906093691,3492084404,17868246,988,69,55,0.0834,1670.0,0.1611241910337906,0.02782229742388731,0.0834,23.4,74.1,,,,,,
2026-07-30T22:19:20.489692+00:00,S043,mounted,true,orientation_change,mild,1300,orientation_change-mild_horizontal_no_load_1300rpm,3906192,1317,268,1626,2135,5,3,1023561,9,4250908,73,1,3,1678,1494,1232,73,157,1702,16383,1681,1674,1663476,800,2034,2103,532489,11951,8,382540,1496,81876,563,3906094119,3906193191,0,3906193265,3906193779,3458978750,17853303,989,74,55,0.0834,1670.0,0.11593458698016867,0.0009136019579947252,0.0834,23.43,74.2,,,,,,
2026-07-30T22:19:20.583246+00:00,S043,mounted,true,orientation_change,mild,1300,orientation_change-mild_horizontal_no_load_1300rpm,3906292,1313,268,1632,2143,1,3,1023614,9,4250908,73,1,2,1678,1494,1251,73,157,1702,16383,1682,1674,1663416,800,2029,2245,532483,11954,8,382540,1496,81877,563,3906194210,3906293296,0,3906293369,3906293884,3458757946,17862268,989,61,59,0.0834,1670.0,0.3517052526351008,-0.008270076794378411,0.0834,23.43,74.2,,,,,,
2026-07-30T22:19:20.723506+00:00,S043,mounted,true,orientation_change,mild,1300,orientation_change-mild_horizontal_no_load_1300rpm,3906392,1302,265,1648,2157,2,3,1023666,9,4250908,73,1,3,1678,1494,1236,72,151,1692,16383,1682,1674,1663477,800,2043,2105,532469,11954,8,382540,1496,81878,563,3906294315,3906393386,0,3906393460,3906393975,3458983343,17862266,985,71,44,0.0834,1670.0,0.11838790948636424,0.015061657520495153,0.0834,23.73,74.7,,,,,,
2026-07-30T22:19:20.818045+00:00,S043,mounted,true,orientation_change,mild,1300,orientation_change-mild_horizontal_no_load_1300rpm,3906493,1291,266,1663,2179,4,3,1023718,9,4250908,73,0,2,1678,1494,1254,72,151,1700,16383,1681,1674,1679978,808,2051,2105,532476,11951,8,382534,1496,81879,563,3906394409,3906494062,0,3906494072,3906494587,3493011184,17853303,985,70,50,0.0834,1670.0,0.11926852857501435,0.02925210551418278,0.0834,23.49,74.3,,,,,,
2026-07-30T22:19:20.910656+00:00,S043,mounted,true,orientation_change,mild,1300,orientation_change-mild_horizontal_no_load_1300rpm,3906593,1287,266,1668,2186,1,3,1023770,9,4250908,73,0,2,1678,1494,1227,73,154,1702,16383,1680,1672,1662598,800,1989,2097,532432,11954,8,382534,1496,81880,563,3906495019,3906594106,0,3906594120,3906594635,3455336210,17862270,987,66,52,0.0834,1670.0,0.10505548987786506,-0.0749321748368752,0.0834,23.43,74.2,,,,,,
2026-07-30T22:19:21.004244+00:00,S043,mounted,true,orientation_change,mild,1300,orientation_change-mild_horizontal_no_load_1300rpm,3906693,1312,267,1636,2146,2,3,1023822,9,4250908,73,1,2,1678,1494,1230,73,154,1700,16383,1682,1674,1663757,800,2047,2259,532473,11952,8,382530,1496,81881,563,3906595063,3906694331,0,3906694340,3906694854,3460185451,17856296,994,55,61,0.0834,1670.0,0.3756669638554211,0.02229872289156587,0.0834,23.49,74.3,,,,,,
2026-07-30T22:19:21.099702+00:00,S043,mounted,true,orientation_change,mild,1300,orientation_change-mild_horizontal_no_load_1300rpm,3906793,1322,267,1624,2129,6,3,1023875,9,4250908,73,1,2,1678,1495,1267,73,154,1697,16383,1681,1675,1663457,800,2043,2101,532487,11956,8,382533,1496,81882,563,3906695285,3906794374,0,3906794384,3906794899,3458897775,17868244,1009,39,72,0.0834,1670.0,0.1111359809300767,0.014492108062897024,0.0834,23.58,74.4,,,,,,
2026-07-30T22:19:21.197344+00:00,S043,mounted,true,orientation_change,mild,1300,orientation_change-mild_horizontal_no_load_1300rpm,3906893,1325,268,1618,2125,4,3,1023928,9,4250908,73,1,2,1678,1494,1234,71,148,1696,16383,1682,1675,1663771,800,2005,2231,532498,11950,8,382525,1496,81883,563,3906795334,3906894398,0,3906894408,3906894923,3460235257,17850316,1010,34,79,0.0834,1670.0,0.3296180634309618,-0.04714886276150665,0.0834,23.61,74.5,,,,,,
2026-07-30T22:19:21.285705+00:00,S043,mounted,true,orientation_change,mild,1300,orientation_change-mild_horizontal_no_load_1300rpm,3906993,1324,268,1619,2125,5,3,1023981,9,4250908,73,0,2,1678,1494,1238,74,163,1694,16383,1681,1674,1663899,800,2027,2107,532499,11954,8,382525,1496,81884,563,3906895358,3906994446,0,3906994455,3906994970,3460737935,17862268,1004,41,80,0.0834,1670.0,0.12172101438848859,-0.011603181696503206,0.0834,23.67,74.6,,,,,,
2026-07-30T22:19:21.424935+00:00,S043,mounted,true,orientation_change,mild,1300,orientation_change-mild_horizontal_no_load_1300rpm,3907094,1323,268,1620,2126,1,3,1024034,9,4250908,73,0,2,1678,1494,1243,74,163,1701,16383,1681,1673,1679951,808,2047,2111,532479,11953,8,382524,1496,81885,563,3906995403,3907095069,0,3907095143,3907095658,3492903491,17859281,998,58,69,0.0834,1670.0,0.12868155132602643,0.022013271228980003,0.0834,23.46,74.2,,,,,,
2026-07-30T22:19:21.520308+00:00,S043,mounted,true,orientation_change,mild,1300,orientation_change-mild_horizontal_no_load_1300rpm,3907194,1324,268,1618,2125,1,3,1024088,9,4250908,74,0,3,1678,1494,1224,75,164,1702,16383,1681,1675,1663067,800,1934,2185,532478,11954,8,382524,1496,81886,563,3907096087,3907195321,0,3907195400,3907195915,3457316843,17862274,1000,56,70,0.0834,1670.0,0.2517121055713565,-0.16659255964530706,0.0834,23.43,74.2,,,,,,
2026-07-30T22:19:21.613703+00:00,S043,mounted,true,orientation_change,mild,1300,orientation_change-mild_horizontal_no_load_1300rpm,3907294,1325,268,1618,2125,3,3,1024141,9,4250908,73,0,2,1678,1494,1228,75,164,1702,16383,1682,1673,1663046,800,1989,2115,532460,11950,8,382517,1496,81887,563,3907196344,3907295397,0,3907295476,3907295991,3457203722,17850320,1002,50,76,0.0834,1670.0,0.13623326945606662,-0.07382262744769896,0.0834,23.43,74.2,,,,,,
2026-07-30T22:19:21.706618+00:00,S043,mounted,true,orientation_change,mild,1300,orientation_change-mild_horizontal_no_load_1300rpm,3907395,1325,269,1617,2125,2,3,1024194,9,4250908,73,0,3,1678,1494,1226,76,172,1693,16383,1682,1672,1679988,808,2033,2103,532490,11954,8,382517,1496,81888,563,3907296421,3907396078,0,3907396087,3907396602,3493056152,17862268,995,56,68,0.0834,1670.0,0.11505480458423945,-0.0016038669901288216,0.0834,23.7,74.7,,,,,,
2026-07-30T22:19:21.800624+00:00,S043,mounted,true,orientation_change,mild,1300,orientation_change-mild_horizontal_no_load_1300rpm,3907495,1324,268,1621,2127,6,3,1024247,9,4250908,73,1,2,1678,1494,1230,77,185,1698,16383,1681,1673,1663580,800,2017,2113,532490,11952,8,382514,1496,81889,563,3907397030,3907496134,0,3907496143,3907496658,3459416432,17856300,983,63,60,0.0834,1670.0,0.13230959036144574,-0.027706216867470435,0.0834,23.55,74.4,,,,,,
2026-07-30T22:19:21.893789+00:00,S043,mounted,true,orientation_change,mild,1300,orientation_change-mild_horizontal_no_load_1300rpm,3907595,1325,269,1618,2126,4,3,1024300,9,4250908,73,0,2,1678,1494,1224,77,185,1696,16383,1681,1672,1663117,800,1987,2106,532469,11955,8,382516,1496,81890,563,3907497089,3907596170,0,3907596180,3907596695,3457492501,17865255,983,76,60,0.0834,1670.0,0.11976088105395233,-0.07854227176913486,0.0834,23.61,74.5,,,,,,
2026-07-30T22:19:21.987579+00:00,S043,mounted,true,orientation_change,mild,1300,orientation_change-mild_horizontal_no_load_1300rpm,3907695,1311,268,1636,2147,5,3,1024353,9,4250908,73,0,2,1678,1495,1217,74,167,1701,16383,1681,1674,1663504,800,2047,2210,532484,11957,8,382522,1496,81891,563,3907597123,3907696194,0,3907696209,3907696724,3459111860,17871233,979,71,54,0.0834,1670.0,0.2924518353265868,0.020871942042318015,0.0834,23.46,74.2,,,,,,
2026-07-30T22:19:22.129224+00:00,S043,mounted,true,orientation_change,mild,1300,orientation_change-mild_horizontal_no_load_1300rpm,3907795,1303,266,1647,2158,3,3,1024405,9,4250908,73,0,3,1678,1494,1230,73,164,1704,16383,1681,1674,1663387,800,2041,2110,532466,11955,8,382524,1496,81892,563,3907697153,3907796222,0,3907796231,3907796746,3458605619,17865255,990,61,66,0.0834,1670.0,0.1264265332496861,0.011444032873274335,0.0834,23.37,74.1,,,,,,
2026-07-30T22:19:22.223301+00:00,S043,mounted,true,orientation_change,mild,1300,orientation_change-mild_horizontal_no_load_1300rpm,3907895,1302,267,1646,2159,6,3,1024457,9,4250908,73,2,3,1678,1494,1247,73,164,1702,16383,1683,1673,1663511,800,2054,2199,532473,11954,8,382524,1496,81893,563,3907797174,3907896265,0,3907896280,3907896795,3459134695,17862268,994,60,65,0.0834,1670.0,0.2750438398862305,0.033393734482181525,0.0834,23.43,74.2,,,,,,
2026-07-30T22:19:22.317416+00:00,S043,mounted,true,orientation_change,mild,1300,orientation_change-mild_horizontal_no_load_1300rpm,3907995,1292,266,1660,2175,1,3,1024508,9,4250908,73,1,2,1678,1494,1193,73,163,1698,16383,1681,1673,1662865,800,1983,2305,532421,11955,8,382526,1496,81894,563,3907897225,3907996306,0,3907996315,3907996829,3456503359,17865255,988,52,65,0.0834,1670.0,0.4513770777917183,-0.0852079239648682,0.0834,23.55,74.4,,,,,,
2026-07-30T22:19:22.410576+00:00,S043,mounted,true,orientation_change,mild,1300,orientation_change-mild_horizontal_no_load_1300rpm,3908095,1287,266,1670,2187,2,3,1024560,9,4250908,73,1,2,1678,1495,1198,73,163,1701,16383,1681,1672,1663484,800,2045,2213,532452,11958,8,382534,1496,81895,563,3907997260,3908096390,0,3908096400,3908096915,3459040018,17874222,989,59,59,0.0834,1670.0,0.2971418961364778,0.01725473908680364,0.0834,23.46,74.2,,,,,,
2026-07-30T22:19:22.504057+00:00,S043,mounted,true,orientation_change,mild,1300,orientation_change-mild_horizontal_no_load_1300rpm,3908195,1301,267,1654,2168,4,3,1024612,9,4250908,73,3,2,1678,1494,1209,74,161,1707,16383,1681,1672,1663198,800,1891,2167,532466,11954,8,382534,1496,81896,563,3908097349,3908196423,0,3908196432,3908196947,3457868162,17862270,984,61,61,0.0834,1670.0,0.22171416145223377,-0.2382543150409906,0.0834,23.28,73.9,,,,,,
2026-07-30T22:19:22.596773+00:00,S043,mounted,true,orientation_change,mild,1300,orientation_change-mild_horizontal_no_load_1300rpm,3908296,1317,266,1629,2135,5,3,1024665,9,4250908,73,0,2,1678,1495,1226,76,168,1707,16383,1681,1672,1680136,808,2044,2215,532469,11956,8,382537,1496,81897,563,3908197378,3908297147,0,3908297220,3908297735,3493693206,17868244,985,64,57,0.0834,1670.0,0.30109117932418883,0.016158381733020644,0.0834,23.28,73.9,,,,,,
2026-07-30T22:19:22.690581+00:00,S043,mounted,true,orientation_change,mild,1300,orientation_change-mild_horizontal_no_load_1300rpm,3908396,1324,268,1621,2128,1,3,1024718,9,4250908,73,0,2,1678,1495,1209,76,168,1701,16383,1681,1672,1663417,800,2051,2103,532472,11956,8,382540,1496,81898,563,3908298167,3908397245,0,3908397319,3908397834,3458729641,17868244,993,64,61,0.0834,1670.0,0.11446852827032439,0.02782229742388731,0.0834,23.46,74.2,,,,,,
2026-07-30T22:19:22.831110+00:00,S043,mounted,true,orientation_change,mild,1300,orientation_change-mild_horizontal_no_load_1300rpm,3908496,1318,268,1628,2138,3,3,1024771,9,4250908,73,0,2,1678,1495,1225,76,177,1701,16383,1681,1672,1663507,800,2029,2251,532466,11957,8,382545,1496,81899,563,3908398263,3908497333,0,3908497412,3908497927,3459142271,17871233,991,71,64,0.0834,1670.0,0.3607633422263108,-0.009118475620975453,0.0834,23.46,74.2,,,,,,
2026-07-30T22:19:22.926967+00:00,S043,mounted,true,orientation_change,mild,1300,orientation_change-mild_horizontal_no_load_1300rpm,3908596,1312,268,1635,2146,6,3,1024823,9,4250908,73,0,2,1678,1494,1213,74,165,1705,16383,1681,1673,1663365,800,2049,2279,532470,11953,8,382542,1496,81900,563,3908498356,3908597426,0,3908597500,3908598015,3458558351,17859281,988,62,68,0.0834,1670.0,0.40868578658077404,0.025346654982012495,0.0834,23.34,74.0,,,,,,
2026-07-30T22:19:23.019195+00:00,S043,mounted,true,orientation_change,mild,1300,orientation_change-mild_horizontal_no_load_1300rpm,3908697,1310,265,1639,2146,4,3,1024876,9,4250908,73,1,2,1678,1494,1209,74,165,1705,16383,1680,1674,1679990,808,2005,2169,532473,11953,8,382540,1496,81901,563,3908598443,3908698103,0,3908698112,3908698627,3493075296,17859281,985,69,52,0.0834,1670.0,0.22534968016397539,-0.04798778758470679,0.0834,23.34,74.0,,,,,,
2026-07-30T22:19:23.112503+00:00,S043,mounted,true,orientation_change,mild,1300,orientation_change-mild_horizontal_no_load_1300rpm,3908797,1311,268,1636,2147,5,3,1024929,9,4250908,73,0,2,1678,1495,1238,75,159,1704,16383,1685,1674,1664026,800,1982,2239,532496,11957,8,382545,1496,81902,563,3908699061,3908798157,0,3908798175,3908798690,3461299052,17871233,987,79,55,0.0834,1670.0,0.34076973045078196,-0.08742678840846407,0.0834,23.37,74.1,,,,,,
2026-07-30T22:19:23.205105+00:00,S043,mounted,true,orientation_change,mild,1300,orientation_change-mild_horizontal_no_load_1300rpm,3908897,1312,265,1634,2140,3,3,1024981,9,4250908,73,1,2,1678,1494,1248,75,159,1705,16383,1680,1672,1663484,800,2035,2211,532486,11955,8,382545,1496,81903,563,3908799119,3908898217,0,3908898226,3908898741,3459032550,17865257,990,70,62,0.0834,1670.0,0.2947342511919695,0.001445554579673658,0.0834,23.34,74.0,,,,,,
2026-07-30T22:19:23.299203+00:00,S043,mounted,true,orientation_change,mild,1300,orientation_change-mild_horizontal_no_load_1300rpm,3908997,1312,268,1635,2147,2,3,1025034,9,4250908,73,0,2,1678,1494,1219,78,171,1705,16383,1681,1675,1663194,800,2057,2105,532471,11954,8,382544,1496,81904,563,3908899176,3908998226,0,3908998240,3908998755,3457803398,17862266,1004,59,63,0.0834,1670.0,0.11838790948636424,0.03839339183536872,0.0834,23.34,74.0,,,,,,
2026-07-30T22:19:23.393049+00:00,S043,mounted,true,orientation_change,mild,1300,orientation_change-mild_horizontal_no_load_1300rpm,3909097,1311,268,1637,2149,4,3,1025086,9,4250908,73,0,2,1678,1494,1213,80,160,1702,16383,1681,1673,1663585,800,2043,2197,532470,11953,8,382541,1496,81905,563,3908999184,3909098303,0,3909098312,3909098827,3459448173,17859281,1003,54,58,0.0834,1670.0,0.27201705270643295,0.015346503722914129,0.0834,23.43,74.2,,,,,,
2026-07-30T22:19:23.535397+00:00,S043,mounted,true,orientation_change,mild,1300,orientation_change-mild_horizontal_no_load_1300rpm,3909197,1315,268,1634,2144,5,3,1025139,9,4250908,73,2,2,1678,1494,1236,80,160,1705,16383,1681,1672,1663285,800,1989,2107,532491,11953,8,382539,1496,81906,563,3909099260,3909198313,0,3909198480,3909198995,3458197005,17859279,988,61,55,0.0834,1670.0,0.12201478381996145,-0.0746548576089685,0.0834,23.34,74.0,,,,,,
2026-07-30T22:19:23.630422+00:00,S043,mounted,true,orientation_change,mild,1300,orientation_change-mild_horizontal_no_load_1300rpm,3909298,1329,269,1615,2121,1,3,1025192,9,4250908,73,1,2,1678,1494,1248,79,163,1700,16383,1683,1672,1680121,808,2055,2265,532468,11953,8,382537,1496,81907,563,3909199426,3909299076,0,3909299150,3909299665,3493642857,17859279,990,53,64,0.0834,1670.0,0.38535210030954525,0.03534680624111086,0.0834,23.49,74.3,,,,,,
2026-07-30T22:19:23.722363+00:00,S043,mounted,true,orientation_change,mild,1300,orientation_change-mild_horizontal_no_load_1300rpm,3909398,1333,269,1606,2111,1,3,1025246,9,4250908,73,0,2,1678,1494,1244,79,169,1701,16383,1681,1672,1663278,800,2005,2103,532490,11954,8,382537,1496,81908,563,3909300099,3909399154,0,3909399236,3909399751,3458158642,17862268,998,57,59,0.0834,1670.0,0.11505480458423945,-0.048267335619876395,0.0834,23.46,74.2,,,,,,
2026-07-30T22:19:23.818076+00:00,S043,mounted,true,orientation_change,mild,1300,orientation_change-mild_horizontal_no_load_1300rpm,3909498,1332,268,1609,2113,3,3,1025299,9,4250908,73,1,3,1678,1495,1229,79,169,1702,16383,1681,1670,1663522,800,2051,2103,532490,11957,8,382542,1496,81909,563,3909400180,3909499253,0,3909499327,3909499842,3459166684,17871233,1002,46,76,0.0834,1670.0,0.11417546366145315,0.027536479300827477,0.0834,23.43,74.2,,,,,,
2026-07-30T22:19:23.909438+00:00,S043,mounted,true,orientation_change,mild,1300,orientation_change-mild_horizontal_no_load_1300rpm,3909598,1318,268,1627,2136,2,3,1025352,9,4250908,73,0,3,1678,1495,1242,77,158,1707,16383,1680,1672,1663531,800,2033,2235,532479,11956,8,382545,1496,81910,563,3909500274,3909599340,0,3909599419,3909599934,3459246121,17868244,1014,50,75,0.0834,1670.0,0.3344166527266643,-0.0021706286383409434,0.0834,23.28,73.9,,,,,,
2026-07-30T22:19:24.003338+00:00,S043,mounted,true,orientation_change,mild,1300,orientation_change-mild_horizontal_no_load_1300rpm,3909698,1312,267,1637,2147,4,3,1025404,9,4250908,73,1,2,1678,1495,1213,77,158,1702,16383,1680,1672,1663342,800,2055,2103,532477,11959,8,382553,1496,81911,563,3909600364,3909699439,0,3909699513,3909700028,3458417972,17877211,1003,45,79,0.0834,1670.0,0.11358948147838399,0.03362840914792198,0.0834,23.43,74.2,,,,,,
2026-07-30T22:19:24.097578+00:00,S043,mounted,true,orientation_change,mild,1300,orientation_change-mild_horizontal_no_load_1300rpm,3909799,1312,266,1635,2142,5,3,1025457,9,4250908,73,0,2,1678,1495,1243,76,151,1703,16383,1680,1673,1680369,808,2043,2289,532479,11957,8,382557,1496,81912,563,3909700459,3909800198,0,3909800208,3909800723,3494712015,17871233,999,48,65,0.0834,1670.0,0.42407644618215246,0.014207404783808109,0.0834,23.4,74.1,,,,,,
2026-07-30T22:19:24.239289+00:00,S043,mounted,true,orientation_change,mild,1300,orientation_change-mild_horizontal_no_load_1300rpm,3909899,1310,267,1636,2147,1,3,1025510,9,4250908,73,1,2,1678,1494,1210,75,151,1709,16383,1681,1673,1663643,800,2037,2317,532474,11949,8,382546,1496,81913,563,3909801155,3909900414,0,3909900429,3909900944,3459732227,17847339,986,66,61,0.0834,1670.0,0.47331281370825984,0.006482866432337087,0.0834,23.22,73.8,,,,,,
2026-07-30T22:19:24.331477+00:00,S043,mounted,true,orientation_change,mild,1300,orientation_change-mild_horizontal_no_load_1300rpm,3910000,1313,266,1635,2142,3,3,1025563,9,4250908,73,1,2,1678,1495,1224,75,151,1713,16383,1682,1675,1680431,808,2049,2103,532492,11956,8,382548,1496,81914,563,3909901374,3910000989,0,3910001068,3910001583,3494897141,17868246,986,59,69,0.0834,1670.0,0.11446852827032439,0.024489750083639628,0.0834,23.1,73.6,,,,,,
2026-07-30T22:19:24.425630+00:00,S043,mounted,true,orientation_change,mild,1300,orientation_change-mild_horizontal_no_load_1300rpm,3910100,1321,269,1625,2135,6,3,1025615,9,4250908,73,2,2,1678,1495,1243,74,142,1702,16383,1681,1673,1663403,800,1983,2107,532469,11956,8,382550,1496,81915,563,3910002013,3910101077,0,3910101151,3910101666,3458682657,17868246,996,63,65,0.0834,1670.0,0.12113362295081931,-0.08548431214453034,0.0834,23.43,74.2,,,,,,
2026-07-30T22:19:24.521153+00:00,S043,mounted,true,orientation_change,mild,1300,orientation_change-mild_horizontal_no_load_1300rpm,3910200,1325,266,1622,2125,4,3,1025668,9,4250908,73,0,2,1678,1495,1232,72,141,1705,16383,1680,1671,1662954,800,1941,2101,532460,11958,8,382556,1496,81916,563,3910102096,3910201151,0,3910201225,3910201739,3456827836,17874222,995,51,68,0.0834,1670.0,0.1105504581033614,-0.15600873908680413,0.0834,23.34,74.0,,,,,,
2026-07-30T22:19:24.612569+00:00,S043,mounted,true,orientation_change,mild,1300,orientation_change-mild_horizontal_no_load_1300rpm,3910300,1317,268,1627,2137,5,3,1025721,9,4250908,73,0,2,1678,1494,1224,72,141,1698,16383,1681,1673,1663300,800,1919,2311,532452,11955,8,382556,1496,81917,563,3910202167,3910301226,0,3910301300,3910301814,3458385156,17865255,1005,36,74,0.0834,1670.0,0.4613755560853199,-0.1918583590966123,0.0834,23.55,74.4,,,,,,
2026-07-30T22:19:24.707018+00:00,S043,mounted,true,orientation_change,mild,1300,orientation_change-mild_horizontal_no_load_1300rpm,3910400,1311,268,1634,2146,1,3,1025774,9,4250908,73,0,2,1678,1495,1221,75,150,1696,16383,1685,1675,1663888,800,1986,2311,532474,11957,8,382560,1496,81918,563,3910302244,3910401304,0,3910401383,3910401898,3460762582,17871233,984,56,56,0.0834,1670.0,0.4607314011039554,-0.08076225114995417,0.0834,23.61,74.5,,,,,,
2026-07-30T22:19:24.799368+00:00,S043,mounted,true,orientation_change,mild,1300,orientation_change-mild_horizontal_no_load_1300rpm,3910500,1311,267,1635,2145,2,3,1025826,9,4250908,73,0,2,1678,1494,1239,75,150,1697,16383,1680,1673,1663309,800,2057,2099,532471,11952,8,382554,1496,81919,563,3910402326,3910501384,0,3910501458,3910501973,3458280141,17856292,987,57,66,0.0834,1670.0,0.10897395180722835,0.03896703614457797,0.0834,23.58,74.4,,,,,,
2026-07-30T22:19:24.947172+00:00,S043,mounted,true,orientation_change,mild,1300,orientation_change-mild_horizontal_no_load_1300rpm,3910601,1312,266,1639,2146,6,3,1025879,9,4250908,72,1,2,1678,1495,1220,73,150,1702,16383,1682,1672,1679988,808,2051,2103,532463,11956,8,382556,1496,81920,563,3910502402,3910602068,0,3910602077,3910602592,3493058506,17868244,988,66,62,0.0834,1670.0,0.11446852827032439,0.02782229742388731,0.0834,23.43,74.2,,,,,,
2026-07-30T22:19:25.035330+00:00,S043,mounted,true,orientation_change,mild,1300,orientation_change-mild_horizontal_no_load_1300rpm,3910701,1311,267,1636,2145,4,3,1025932,9,4250908,73,0,2,1678,1494,1221,76,154,1702,16383,1682,1672,1663542,800,2044,2234,532466,11951,8,382549,1496,81921,563,3910603026,3910702195,0,3910702209,3910702724,3459273448,17853305,988,73,59,0.0834,1670.0,0.3343077614425565,0.017583309932223123,0.0834,23.43,74.2,,,,,,
2026-07-30T22:19:25.130401+00:00,S043,mounted,true,orientation_change,mild,1300,orientation_change-mild_horizontal_no_load_1300rpm,3910801,1312,268,1635,2146,1,3,1025984,9,4250908,73,1,2,1678,1494,1234,76,154,1702,16383,1683,1674,1663263,800,2027,2101,532474,11955,8,382549,1496,81922,563,3910703153,3910802245,0,3910802254,3910802769,3458096383,17865255,982,75,53,0.0834,1670.0,0.11142881580928465,-0.011885749811794355,0.0834,23.43,74.2,,,,,,
2026-07-30T22:19:25.224117+00:00,S043,mounted,true,orientation_change,mild,1300,orientation_change-mild_horizontal_no_load_1300rpm,3910901,1311,267,1640,2150,3,3,1026037,9,4250908,73,1,2,1678,1494,1238,74,146,1705,16383,1681,1673,1663399,800,1841,2267,532475,11955,8,382549,1496,81923,563,3910803203,3910902268,0,3910902283,3910902798,3458752627,17865257,987,69,53,0.0834,1670.0,0.3880533819322456,-0.32183857691342554,0.0834,23.34,74.0,,,,,,
2026-07-30T22:19:25.317608+00:00,S043,mounted,true,orientation_change,mild,1300,orientation_change-mild_horizontal_no_load_1300rpm,3911001,1312,268,1636,2147,6,3,1026089,9,4250908,73,0,2,1678,1494,1250,74,143,1699,16383,1680,1674,1663607,800,2037,2105,532484,11954,8,382548,1496,81924,563,3910903228,3911002331,0,3911002340,3911002855,3459521147,17862270,977,67,57,0.0834,1670.0,0.11838790948636424,0.005062342814120768,0.0834,23.52,74.3,,,,,,
2026-07-30T22:19:25.410216+00:00,S043,mounted,true,orientation_change,mild,1300,orientation_change-mild_horizontal_no_load_1300rpm,3911101,1301,266,1646,2158,5,3,1026141,9,4250908,73,2,3,1678,1494,1238,74,143,1701,16383,1683,1673,1663424,800,2007,2193,532472,11954,8,382547,1496,81925,563,3911003288,3911102355,0,3911102364,3911102880,3458785442,17862268,984,68,62,0.0834,1670.0,0.26504452517985566,-0.0449342307177516,0.0834,23.46,74.2,,,,,,
2026-07-30T22:19:25.502882+00:00,S043,mounted,true,orientation_change,mild,1300,orientation_change-mild_horizontal_no_load_1300rpm,3911201,1290,266,1663,2180,3,3,1026193,9,4250908,73,1,3,1678,1494,1240,77,159,1702,16383,1682,1672,1663222,800,1997,2113,532485,11954,8,382546,1496,81926,563,3911103314,3911202396,0,3911202411,3911202926,3457926890,17862268,990,65,61,0.0834,1670.0,0.13172032909486298,-0.06159975522837602,0.0834,23.43,74.2,,,,,,
2026-07-30T22:19:25.642746+00:00,S043,mounted,true,orientation_change,mild,1300,orientation_change-mild_horizontal_no_load_1300rpm,3911302,1292,266,1665,2181,6,3,1026245,9,4250908,73,2,2,1678,1494,1213,77,159,1702,16383,1680,1672,1679693,808,2003,2101,532454,11955,8,382546,1496,81927,563,3911203356,3911302972,0,3911303051,3911303566,3491835239,17865257,998,65,67,0.0834,1670.0,0.11142881580928465,-0.051879662986198394,0.0834,23.43,74.2,,,,,,
2026-07-30T22:19:25.736384+00:00,S043,mounted,true,orientation_change,mild,1300,orientation_change-mild_horizontal_no_load_1300rpm,3911402,1304,267,1646,2159,5,3,1026297,9,4250908,73,2,2,1678,1494,1235,76,156,1702,16383,1680,1672,1663274,800,2013,2289,532458,11955,8,382546,1496,81928,563,3911303996,3911403158,0,3911403232,3911403747,3458189192,17865257,1009,59,73,0.0834,1670.0,0.42471446900878274,-0.03521553249686349,0.0834,23.43,74.2,,,,,,
2026-07-30T22:19:25.831420+00:00,S043,mounted,true,orientation_change,mild,1300,orientation_change-mild_horizontal_no_load_1300rpm,3911502,1309,268,1639,2151,3,3,1026349,9,4250908,73,0,2,1678,1494,1214,72,153,1696,16383,1680,1673,1663741,800,2046,2381,532473,11954,8,382545,1496,81929,563,3911404179,3911503252,0,3911503325,3911503841,3460175913,17862268,998,78,61,0.0834,1670.0,0.5783563859795882,0.020061314873682345,0.0834,23.61,74.5,,,,,,
2026-07-30T22:19:25.923339+00:00,S043,mounted,true,orientation_change,mild,1300,orientation_change-mild_horizontal_no_load_1300rpm,3911602,1309,264,1637,2142,2,3,1026402,9,4250908,73,2,3,1678,1495,1209,72,153,1693,16383,1680,1673,1663289,800,2015,2109,532482,11956,8,382547,1496,81930,563,3911504269,3911603335,0,3911603414,3911603929,3458203677,17868244,1002,63,71,0.0834,1670.0,0.12446617029106699,-0.0321635547005692,0.0834,23.7,74.7,,,,,,
2026-07-30T22:19:26.016904+00:00,S043,mounted,true,orientation_change,mild,1300,orientation_change-mild_horizontal_no_load_1300rpm,3911702,1301,267,1648,2162,4,3,1026454,9,4250908,73,0,2,1678,1494,1222,75,152,1696,16383,1681,1673,1663683,800,2047,2257,532479,11951,8,382540,1496,81931,563,3911604361,3911703431,0,3911703505,3911704020,3459865491,17853303,992,69,62,0.0834,1670.0,0.3726480897832811,0.02258422232449142,0.0834,23.61,74.5,,,,,,
2026-07-30T22:19:26.110012+00:00,S043,mounted,true,orientation_change,mild,1300,orientation_change-mild_horizontal_no_load_1300rpm,3911803,1300,267,1649,2163,1,3,1026506,9,4250908,73,1,2,1678,1494,1223,75,143,1696,16383,1681,1675,1679922,808,1970,2098,532485,11954,8,382540,1496,81932,563,3911704449,3911804093,0,3911804102,3911804617,3492791192,17862268,984,67,59,0.0834,1670.0,0.10672204232892746,-0.10659667140706075,0.0834,23.61,74.5,,,,,,
2026-07-30T22:19:26.203838+00:00,S043,mounted,true,orientation_change,mild,1300,orientation_change-mild_horizontal_no_load_1300rpm,3911903,1290,266,1664,2181,2,3,1026558,9,4250908,73,1,2,1678,1494,1230,75,143,1699,16383,1681,1673,1663152,800,1593,2109,532481,11951,8,382534,1496,81933,563,3911805051,3911904292,0,3911904301,3911904816,3457862498,17853313,979,63,59,0.0834,1670.0,0.1259364117647057,-0.7342205197054641,0.0834,23.52,74.3,,,,,,
2026-07-30T22:19:26.344517+00:00,S043,mounted,true,orientation_change,mild,1300,orientation_change-mild_horizontal_no_load_1300rpm,3912003,1286,266,1669,2187,5,3,1026609,9,4250908,73,0,3,1678,1494,1246,71,134,1697,16383,1681,1673,1663135,800,2043,2110,532456,11954,8,382534,1496,81934,563,3911905247,3912004328,0,3912004338,3912004852,3457560727,17862268,985,64,65,0.0834,1670.0,0.12672067174167623,0.015061657520495153,0.0834,23.58,74.4,,,,,,
2026-07-30T22:19:26.437575+00:00,S043,mounted,true,orientation_change,mild,1300,orientation_change-mild_horizontal_no_load_1300rpm,3912103,1290,267,1663,2180,3,3,1026661,9,4250908,73,1,2,1678,1494,1232,71,134,1699,16383,1681,1674,1663617,800,2045,2111,532503,11955,8,382535,1496,81935,563,3912005280,3912104343,0,3912104353,3912104868,3459566179,17865255,988,65,73,0.0834,1670.0,0.12809294629861956,0.018109685069008563,0.0834,23.52,74.3,,,,,,
2026-07-30T22:19:26.531815+00:00,S043,mounted,true,orientation_change,mild,1300,orientation_change-mild_horizontal_no_load_1300rpm,3912203,1297,267,1657,2173,6,3,1026713,9,4250908,73,1,2,1678,1494,1216,70,132,1700,16383,1681,1670,1663352,800,1925,2105,532480,11955,8,382536,1496,81936,563,3912105298,3912204391,0,3912204400,3912204915,3458483786,17865255,999,59,71,0.0834,1670.0,0.11809446800501888,-0.18185988080301163,0.0834,23.49,74.3,,,,,,
2026-07-30T22:19:26.627235+00:00,S043,mounted,true,orientation_change,mild,1300,orientation_change-mild_horizontal_no_load_1300rpm,3912303,1298,267,1653,2168,5,3,1026765,9,4250908,73,1,2,1678,1495,1228,73,131,1697,16383,1682,1673,1663898,800,2049,2294,532475,11956,8,382539,1496,81937,563,3912205346,3912304450,0,3912304459,3912304974,3460820656,17868248,992,65,59,0.0834,1670.0,0.4327267992639676,0.024489750083639628,0.0834,23.58,74.4,,,,,,
2026-07-30T22:19:26.720938+00:00,S043,mounted,true,orientation_change,mild,1300,orientation_change-mild_horizontal_no_load_1300rpm,3912404,1311,268,1638,2149,1,3,1026818,9,4250908,73,2,2,1678,1495,1234,73,131,1697,16383,1681,1674,1680270,808,1959,2223,532474,11957,8,382544,1496,81938,563,3912305405,3912405069,0,3912405143,3912405658,3494268190,17871233,989,72,54,0.0834,1670.0,0.3141115814167432,-0.1257478776448946,0.0834,23.58,74.4,,,,,,
2026-07-30T22:19:26.817667+00:00,S043,mounted,true,orientation_change,mild,1300,orientation_change-mild_horizontal_no_load_1300rpm,3912504,1332,267,1613,2115,3,3,1026871,9,4250908,73,1,2,1678,1494,1238,76,144,1694,16383,1681,1672,1663647,800,2053,2111,532503,11952,8,382539,1496,81939,563,3912406089,3912505337,0,3912505410,3912505925,3459690107,17856294,987,63,51,0.0834,1670.0,0.12897592771084332,0.03229971084337313,0.0834,23.67,74.6,,,,,,
2026-07-30T22:19:26.908523+00:00,S043,mounted,true,orientation_change,mild,1300,orientation_change-mild_horizontal_no_load_1300rpm,3912604,1335,267,1605,2106,3,3,1026925,9,4250908,73,1,3,1678,1494,1235,75,144,1704,16383,1681,1672,1663618,800,2053,2251,532494,11954,8,382539,1496,81940,563,3912506355,3912605421,0,3912605500,3912606015,3459597288,17862266,989,64,59,0.0834,1670.0,0.36170456734147516,0.031727182031118684,0.0834,23.37,74.1,,,,,,
2026-07-30T22:19:27.050573+00:00,S043,mounted,true,orientation_change,mild,1300,orientation_change-mild_horizontal_no_load_1300rpm,3912705,1319,268,1626,2135,2,3,1026978,9,4250908,73,0,3,1678,1494,1227,75,144,1712,16383,1681,1672,1679557,808,1885,2139,532478,11955,8,382540,1496,81941,563,3912606445,3912706106,0,3912706116,3912706631,3491312719,17865255,988,52,53,0.0834,1670.0,0.17475251166875783,-0.24851640276035125,0.0834,23.13,73.6,,,,,,
2026-07-30T22:19:27.143152+00:00,S043,mounted,true,orientation_change,mild,1300,orientation_change-mild_horizontal_no_load_1300rpm,3912805,1313,267,1632,2140,4,3,1027030,9,4250908,73,1,3,1678,1494,1225,72,139,1704,16383,1681,1672,1663279,800,2049,2125,532450,11954,8,382540,1496,81942,563,3912707059,3912806140,0,3912806150,3912806668,3458157139,17862270,991,62,64,0.0834,1670.0,0.1517189585076122,0.025060972226869094,0.0834,23.37,74.1,,,,,,
2026-07-30T22:19:27.237661+00:00,S043,mounted,true,orientation_change,mild,1300,orientation_change-mild_horizontal_no_load_1300rpm,3912905,1325,267,1623,2128,5,3,1027083,9,4250908,73,3,2,1678,1494,1237,72,139,1701,16383,1681,1673,1663456,800,2051,2105,532478,11952,8,382536,1496,81943,563,3912807098,3912906390,0,3912906399,3912906914,3458892216,17856292,993,68,57,0.0834,1670.0,0.11897493975903606,0.02896604819277071,0.0834,23.46,74.2,,,,,,
2026-07-30T22:19:27.332329+00:00,S043,mounted,true,orientation_change,mild,1300,orientation_change-mild_horizontal_no_load_1300rpm,3913005,1332,267,1613,2114,5,3,1027137,9,4250908,73,0,2,1678,1494,1259,70,136,1703,16383,1682,1675,1663317,800,1911,2100,532477,11955,8,382537,1496,81944,563,3912907345,3913006395,0,3913006409,3913006924,3458344083,17865257,994,64,58,0.0834,1670.0,0.10976240276035121,-0.20518966348808076,0.0834,23.4,74.1,,,,,,
2026-07-30T22:19:27.426045+00:00,S043,mounted,true,orientation_change,mild,1300,orientation_change-mild_horizontal_no_load_1300rpm,3913106,1336,268,1605,2108,1,3,1027190,9,4250908,73,1,2,1678,1494,1217,73,145,1701,16383,1681,1673,1679727,808,1933,2119,532462,11953,8,382535,1496,81945,563,3913007352,3913107048,0,3913107122,3913107638,3491995865,17859285,981,62,53,0.0834,1670.0,0.14201508633815774,-0.16798960269388452,0.0834,23.46,74.2,,,,,,
2026-07-30T22:19:27.520755+00:00,S043,mounted,true,orientation_change,mild,1300,orientation_change-mild_horizontal_no_load_1300rpm,3913206,1317,267,1624,2132,3,3,1027243,9,4250908,73,3,3,1678,1494,1223,73,145,1702,16383,1682,1672,1662958,800,2050,2293,532425,11955,8,382536,1496,81946,563,3913108068,3913207317,0,3913207390,3913207905,3456886954,17865255,988,60,55,0.0834,1670.0,0.43138012120451696,0.026441750313676238,0.0834,23.43,74.2,,,,,,
2026-07-30T22:19:27.614434+00:00,S043,mounted,true,orientation_change,mild,1300,orientation_change-mild_horizontal_no_load_1300rpm,3913306,1301,268,1649,2164,6,3,1027295,9,4250908,73,0,2,1678,1495,1225,72,146,1704,16383,1682,1672,1662922,800,1941,2155,532405,11957,8,382541,1496,81947,563,3913208335,3913307407,0,3913307481,3913307996,3456715310,17871233,992,55,66,0.0834,1670.0,0.20081444802207926,-0.15573829530818806,0.0834,23.37,74.1,,,,,,
2026-07-30T22:19:27.753677+00:00,S043,mounted,true,orientation_change,mild,1300,orientation_change-mild_horizontal_no_load_1300rpm,3913407,1304,267,1647,2160,4,3,1027348,9,4250908,73,1,2,1678,1495,1222,71,146,1705,16383,1682,1674,1680272,808,2019,2305,532465,11956,8,382544,1496,81948,563,3913308425,3913408101,0,3913408111,3913408626,3494290500,17868244,982,59,58,0.0834,1670.0,0.4510558096353292,-0.025498460020073832,0.0834,23.34,74.0,,,,,,
2026-07-30T22:19:27.845716+00:00,S043,mounted,true,orientation_change,mild,1300,orientation_change-mild_horizontal_no_load_1300rpm,3913507,1308,266,1643,2152,1,3,1027400,9,4250908,73,1,2,1678,1494,1248,71,146,1704,16383,1681,1672,1663033,800,2039,2109,532464,11954,8,382543,1496,81949,563,3913409056,3913508141,0,3913508151,3913508666,3457138229,17862270,995,45,70,0.0834,1670.0,0.12505411929061339,0.008395447716245563,0.0834,23.37,74.1,,,,,,
2026-07-30T22:19:27.938883+00:00,S043,mounted,true,orientation_change,mild,1300,orientation_change-mild_horizontal_no_load_1300rpm,3913607,1311,265,1637,2143,3,3,1027453,9,4250908,73,1,2,1678,1494,1221,69,141,1703,16383,1681,1672,1663447,800,1965,2143,532483,11953,8,382541,1496,81950,563,3913509095,3913608162,0,3913608176,3913608691,3458874687,17859281,981,56,57,0.0834,1670.0,0.18201569137455031,-0.11465546264536108,0.0834,23.4,74.1,,,,,,
2026-07-30T22:19:28.031945+00:00,S043,mounted,true,orientation_change,mild,1300,orientation_change-mild_horizontal_no_load_1300rpm,3913707,1312,267,1636,2146,6,3,1027505,9,4250908,73,1,2,1678,1494,1216,69,141,1701,16383,1681,1672,1663484,800,1945,2107,532480,11953,8,382539,1496,81951,563,3913609122,3913708235,0,3913708245,3913708759,3459026460,17859283,974,58,62,0.0834,1670.0,0.12201478381996145,-0.14798930017568868,0.0834,23.46,74.2,,,,,,
2026-07-30T22:19:28.126013+00:00,S043,mounted,true,orientation_change,mild,1300,orientation_change-mild_horizontal_no_load_1300rpm,3913807,1313,267,1633,2143,4,3,1027558,9,4250908,73,1,2,1678,1494,1234,70,156,1702,16383,1682,1673,1663372,800,1983,2285,532473,11955,8,382540,1496,81952,563,3913709189,3913808236,0,3913808250,3913808765,3458598606,17865255,984,53,62,0.0834,1670.0,0.4180488168130485,-0.0852079239648682,0.0834,23.43,74.2,,,,,,
2026-07-30T22:19:28.220209+00:00,S043,mounted,true,orientation_change,mild,1300,orientation_change-mild_horizontal_no_load_1300rpm,3913907,1312,267,1637,2147,1,3,1027610,9,4250908,73,1,2,1678,1495,1221,72,161,1699,16383,1681,1673,1663212,800,1949,2107,532482,11957,8,382545,1496,81953,563,3913809196,3913908301,0,3913908311,3913908826,3457903504,17871235,993,55,62,0.0834,1670.0,0.12084000091996305,-0.14240922079116825,0.0834,23.52,74.3,,,,,,
2026-07-30T22:19:28.361110+00:00,S043,mounted,true,orientation_change,mild,1300,orientation_change-mild_horizontal_no_load_1300rpm,3914008,1302,267,1647,2161,3,3,1027663,9,4250908,73,0,2,1678,1494,1227,72,161,1696,16383,1680,1673,1679684,808,2046,2185,532476,11955,8,382545,1496,81954,563,3913909260,3914009087,0,3914009161,3914009676,3491801060,17865257,996,64,61,0.0834,1670.0,0.25140751191969857,0.01977609811794201,0.0834,23.61,74.5,,,,,,
2026-07-30T22:19:28.453500+00:00,S043,mounted,true,orientation_change,mild,1300,orientation_change-mild_horizontal_no_load_1300rpm,3914108,1301,266,1648,2160,6,3,1027715,9,4250908,73,0,2,1678,1495,1227,70,158,1700,16383,1681,1673,1663286,800,2049,2127,532477,11957,8,382549,1496,81955,563,3914010105,3914109187,0,3914109261,3914109776,3458189364,17871233,994,66,60,0.0834,1670.0,0.15416268721251125,0.024204210671572746,0.0834,23.49,74.3,,,,,,
2026-07-30T22:19:28.548474+00:00,S043,mounted,true,orientation_change,mild,1300,orientation_change-mild_horizontal_no_load_1300rpm,3914208,1310,267,1641,2152,5,3,1027767,9,4250908,73,3,2,1678,1494,1206,68,139,1700,16383,1683,1673,1663459,800,2039,2187,532479,11955,8,382549,1496,81956,563,3914110204,3914209269,0,3914209343,3914209858,3458922113,17865255,987,66,57,0.0834,1670.0,0.25474033801756546,0.008111206775407886,0.0834,23.49,74.3,,,,,,
2026-07-30T22:19:28.639413+00:00,S043,mounted,true,orientation_change,mild,1300,orientation_change-mild_horizontal_no_load_1300rpm,3914308,1329,265,1615,2114,5,3,1027821,9,4250908,73,2,2,1678,1494,1234,68,139,1700,16383,1680,1672,1663814,800,2006,2122,532479,11955,8,382549,1496,81957,563,3914210289,3914309361,0,3914309440,3914309955,3460389304,17865255,988,69,56,0.0834,1670.0,0.1464234898368879,-0.04688042383939761,0.0834,23.49,74.3,,,,,,
2026-07-30T22:19:28.734710+00:00,S043,mounted,true,orientation_change,mild,1300,orientation_change-mild_horizontal_no_load_1300rpm,3914408,1335,268,1607,2110,1,3,1027874,9,4250908,73,0,2,1678,1494,1202,66,140,1695,16383,1681,1672,1663540,800,2051,2269,532472,11955,8,382549,1496,81958,563,3914310385,3914409430,0,3914409504,3914410019,3459279630,17865255,985,78,52,0.0834,1670.0,0.3913862080301129,0.028108163362609684,0.0834,23.64,74.6,,,,,,
2026-07-30T22:19:28.828639+00:00,S043,mounted,true,orientation_change,mild,1300,orientation_change-mild_horizontal_no_load_1300rpm,3914509,1339,266,1609,2106,1,3,1027928,9,4250908,73,1,2,1678,1495,1196,66,140,1709,16383,1682,1672,1679644,808,1935,2113,532440,11957,8,382553,1496,81959,563,3914410451,3914510092,0,3914510102,3914510617,3491653604,17871233,980,79,54,0.0834,1670.0,0.1308368068077277,-0.1657351011959527,0.0834,23.22,73.8,,,,,,
2026-07-30T22:19:28.922997+00:00,S043,mounted,true,orientation_change,mild,1300,orientation_change-mild_horizontal_no_load_1300rpm,3914609,1336,268,1606,2108,3,3,1027981,9,4250908,73,0,2,1678,1494,1218,70,136,1708,16383,1680,1673,1663325,800,2029,2145,532470,11952,8,382548,1496,81960,563,3914511047,3914610120,0,3914610129,3914610645,3458353441,17856302,993,72,60,0.0834,1670.0,0.18564819277108446,-0.007704240963855469,0.0834,23.25,73.8,,,,,,
2026-07-30T22:19:29.064828+00:00,S043,mounted,true,orientation_change,mild,1300,orientation_change-mild_horizontal_no_load_1300rpm,3914709,1334,269,1603,2107,3,3,1028035,9,4250908,74,3,3,1678,1495,1212,75,147,1711,16383,1682,1672,1663227,800,1973,2165,532481,11957,8,382552,1496,81961,563,3914611073,3914710163,0,3914710173,3914710688,3457964979,17871233,987,69,59,0.0834,1670.0,0.21747579116835292,-0.10242199724011058,0.0834,23.16,73.7,,,,,,
2026-07-30T22:19:29.160713+00:00,S043,mounted,true,orientation_change,mild,1300,orientation_change-mild_horizontal_no_load_1300rpm,3914809,1311,267,1636,2146,6,3,1028087,9,4250908,73,1,3,1678,1494,1205,75,147,1709,16383,1683,1673,1663921,800,2038,2397,532482,11953,8,382549,1496,81962,563,3914711118,3914810186,0,3914810196,3914810710,3460956593,17859281,987,61,63,0.0834,1670.0,0.6053554280097049,0.007013044340332897,0.0834,23.22,73.8,,,,,,
2026-07-30T22:19:29.252105+00:00,S043,mounted,true,orientation_change,mild,1300,orientation_change-mild_horizontal_no_load_1300rpm,3914909,1302,268,1646,2161,5,3,1028139,9,4250908,73,1,2,1678,1495,1223,74,149,1702,16383,1684,1675,1663780,800,2053,2167,532484,11958,8,382555,1496,81963,563,3914811140,3914910382,0,3914910391,3914910906,3460246040,17874222,995,56,70,0.0834,1670.0,0.22050612694430471,0.03058269894631227,0.0834,23.43,74.2,,,,,,
2026-07-30T22:19:29.346456+00:00,S043,mounted,true,orientation_change,mild,1300,orientation_change-mild_horizontal_no_load_1300rpm,3915009,1300,265,1650,2160,3,3,1028191,9,4250908,72,1,2,1678,1494,1213,74,147,1700,16383,1684,1674,1663934,800,2045,2263,532485,11954,8,382554,1496,81964,563,3914911337,3915010387,0,3915010397,3915010912,3460941236,17862268,997,42,73,0.0834,1670.0,0.38170319675422437,0.018394762422619504,0.0834,23.49,74.3,,,,,,
2026-07-30T22:19:29.440041+00:00,S043,mounted,true,orientation_change,mild,1300,orientation_change-mild_horizontal_no_load_1300rpm,3915109,1299,268,1651,2167,6,3,1028243,9,4250908,73,1,2,1678,1494,1211,74,147,1697,16383,1681,1672,1663044,800,1939,2113,532461,11952,8,382549,1496,81965,563,3915011342,3915110443,0,3915110453,3915110967,3457200808,17856292,988,52,68,0.0834,1670.0,0.13230959036144574,-0.15771906024096438,0.0834,23.58,74.4,,,,,,
2026-07-30T22:19:29.533429+00:00,S043,mounted,true,orientation_change,mild,1300,orientation_change-mild_horizontal_no_load_1300rpm,3915210,1301,264,1651,2160,4,3,1028296,9,4250908,73,1,2,1678,1494,1227,75,163,1700,16383,1681,1672,1680072,808,2011,2220,532488,11954,8,382548,1496,81966,563,3915111397,3915211080,0,3915211154,3915211669,3493431516,17862268,989,54,64,0.0834,1670.0,0.31004144135854084,-0.03826802091350201,0.0834,23.49,74.3,,,,,,
2026-07-30T22:19:29.628437+00:00,S043,mounted,true,orientation_change,mild,1300,orientation_change-mild_horizontal_no_load_1300rpm,3915310,1301,267,1650,2163,1,3,1028348,9,4250908,73,1,2,1678,1494,1217,75,163,1698,16383,1681,1674,1663003,800,1983,2123,532444,11954,8,382547,1496,81967,563,3915212099,3915311185,0,3915311258,3915311773,3457022305,17862268,1004,44,77,0.0834,1670.0,0.1483858536054874,-0.08493148954324958,0.0834,23.55,74.4,,,,,,
2026-07-30T22:19:29.766565+00:00,S043,mounted,true,orientation_change,mild,1300,orientation_change-mild_horizontal_no_load_1300rpm,3915410,1301,266,1648,2160,2,3,1028400,9,4250908,73,1,2,1678,1494,1221,76,161,1698,16383,1681,1672,1663005,800,2021,2130,532392,11953,8,382544,1496,81968,563,3915312205,3915411257,0,3915411331,3915411846,3457028545,17859279,1005,47,68,0.0834,1670.0,0.16034869697983734,-0.02132071756044507,0.0834,23.55,74.4,,,,,,
2026-07-30T22:19:29.860826+00:00,S043,mounted,true,orientation_change,mild,1300,orientation_change-mild_horizontal_no_load_1300rpm,3915510,1322,268,1627,2135,6,3,1028453,9,4250908,73,4,1,1678,1494,1216,72,155,1698,16383,1682,1672,1663646,800,2007,2152,532484,11954,8,382543,1496,81969,563,3915412281,3915511330,0,3915511409,3915511924,3459697596,17862268,995,57,55,0.0834,1670.0,0.19671587468629692,-0.0449342307177516,0.0834,23.55,74.4,,,,,,
2026-07-30T22:19:29.953972+00:00,S043,mounted,true,orientation_change,mild,1300,orientation_change-mild_horizontal_no_load_1300rpm,3915610,1343,269,1600,2102,4,3,1028506,9,4250908,73,2,2,1678,1495,1234,72,155,1699,16383,1682,1675,1663462,800,2035,2099,532487,11956,8,382546,1496,81970,563,3915512354,3915611422,0,3915611496,3915612011,3458923644,17868246,998,57,62,0.0834,1670.0,0.10780343358982902,0.001161918701906739,0.0834,23.52,74.3,,,,,,
2026-07-30T22:19:30.047065+00:00,S043,mounted,true,orientation_change,mild,1300,orientation_change-mild_horizontal_no_load_1300rpm,3915711,1350,269,1589,2087,6,3,1028561,9,4250908,73,0,2,1678,1494,1242,75,157,1698,16383,1681,1675,1679988,808,2052,2105,532464,11954,8,382545,1496,81971,563,3915612441,3915712089,0,3915712104,3915712619,3493054562,17862270,998,54,66,0.0834,1670.0,0.11838790948636424,0.03006062958005673,0.0834,23.55,74.4,,,,,,
2026-07-30T22:19:30.139530+00:00,S043,mounted,true,orientation_change,mild,1300,orientation_change-mild_horizontal_no_load_1300rpm,3915811,1338,267,1602,2102,4,3,1028614,9,4250908,73,1,3,1678,1494,1204,78,157,1704,16383,1681,1672,1663647,800,2045,2243,532477,11952,8,382540,1496,81972,563,3915713047,3915812145,0,3915812155,3915812670,3459730785,17856292,986,59,61,0.0834,1670.0,0.34899766265060217,0.01896506024096345,0.0834,23.37,74.1,,,,,,
2026-07-30T22:19:30.247631+00:00,S043,mounted,true,orientation_change,mild,1300,orientation_change-mild_horizontal_no_load_1300rpm,3915911,1326,265,1617,2118,5,3,1028667,9,4250908,73,0,3,1678,1494,1216,78,157,1710,16383,1682,1672,1663011,800,1891,2107,532472,11950,8,382532,1496,81973,563,3915813104,3915912328,0,3915912337,3915912856,3457077151,17850316,994,52,61,0.0834,1670.0,0.1228963871129709,-0.23719943615062755,0.0834,23.19,73.7,,,,,,
2026-07-30T22:19:30.342129+00:00,S043,mounted,true,orientation_change,mild,1300,orientation_change-mild_horizontal_no_load_1300rpm,3916011,1322,268,1621,2128,1,3,1028720,9,4250908,73,1,2,1678,1495,1238,79,158,1705,16383,1680,1673,1663368,800,2050,2133,532476,11956,8,382535,1496,81974,563,3915913285,3916012360,0,3916012369,3916012884,3458527316,17868244,990,53,58,0.0834,1670.0,0.16445673837403785,0.02615602375376369,0.0834,23.34,74.0,,,,,,
2026-07-30T22:19:30.433846+00:00,S043,mounted,true,orientation_change,mild,1300,orientation_change-mild_horizontal_no_load_1300rpm,3916111,1315,268,1631,2141,3,3,1028773,9,4250908,73,1,2,1678,1495,1242,79,158,1703,16383,1681,1675,1663657,800,1989,2286,532468,11956,8,382538,1496,81975,563,3916013315,3916112399,0,3916112408,3916112923,3459783457,17868244,990,56,64,0.0834,1670.0,0.41939660990297734,-0.07548667012378774,0.0834,23.4,74.1,,,,,,
2026-07-30T22:19:30.527539+00:00,S043,mounted,true,orientation_change,mild,1300,orientation_change-mild_horizontal_no_load_1300rpm,3916211,1311,267,1639,2149,6,3,1028825,9,4250908,73,1,2,1678,1494,1212,75,153,1714,16383,1682,1673,1663310,800,1979,2180,532474,11952,8,382534,1496,81976,563,3916113354,3916212432,0,3916212441,3916212956,3458306268,17856292,991,56,64,0.0834,1670.0,0.24398728915662593,-0.09104580722891598,0.0834,23.07,73.5,,,,,,
2026-07-30T22:19:30.669050+00:00,S043,mounted,true,orientation_change,mild,1300,orientation_change-mild_horizontal_no_load_1300rpm,3916312,1317,268,1628,2138,4,3,1028878,9,4250908,73,1,2,1678,1494,1248,75,146,1707,16383,1682,1672,1680064,808,2027,2107,532464,11953,8,382532,1496,81977,563,3916213387,3916313040,0,3916313113,3916313629,3493374304,17859279,980,66,58,0.0834,1670.0,0.12201478381996145,-0.01132056630134759,0.0834,23.28,73.9,,,,,,
2026-07-30T22:19:30.763317+00:00,S043,mounted,true,orientation_change,mild,1300,orientation_change-mild_horizontal_no_load_1300rpm,3916412,1324,267,1620,2125,4,3,1028932,9,4250908,73,1,2,1678,1494,1205,75,146,1702,16383,1681,1672,1663116,800,1992,2329,532428,11953,8,382530,1496,81978,563,3916314060,3916413349,0,3916413428,3916413943,3457553680,17859281,974,76,50,0.0834,1670.0,0.4920203804065926,-0.06965478197941932,0.0834,23.43,74.2,,,,,,
2026-07-30T22:19:30.856471+00:00,S043,mounted,true,orientation_change,mild,1300,orientation_change-mild_horizontal_no_load_1300rpm,3916512,1325,268,1619,2126,5,3,1028985,9,4250908,73,0,2,1678,1495,1242,75,150,1703,16383,1682,1673,1663264,800,2045,2115,532458,11959,8,382539,1496,81979,563,3916414374,3916513438,0,3916513517,3916514032,3458097310,17877211,978,68,70,0.0834,1670.0,0.1335797495609996,0.016969852412409114,0.0834,23.4,74.1,,,,,,
2026-07-30T22:19:30.950098+00:00,S043,mounted,true,orientation_change,mild,1300,orientation_change-mild_horizontal_no_load_1300rpm,3916613,1333,269,1608,2113,1,3,1029038,9,4250908,73,1,2,1678,1494,1222,77,159,1710,16383,1681,1673,1679890,808,2047,2102,532477,11953,8,382537,1496,81980,563,3916514460,3916614201,0,3916614211,3916614726,3492645930,17859279,982,69,67,0.0834,1670.0,0.11368132443737933,0.022013271228980003,0.0834,23.19,73.7,,,,,,
2026-07-30T22:19:31.044261+00:00,S043,mounted,true,orientation_change,mild,1300,orientation_change-mild_horizontal_no_load_1300rpm,3916713,1335,268,1605,2107,1,3,1029092,9,4250908,73,0,2,1678,1494,1250,77,159,1706,16383,1681,1673,1663625,800,1994,2099,532487,11951,8,382531,1496,81981,563,3916615156,3916714257,0,3916714272,3916714787,3459599263,17853303,994,59,70,0.0834,1670.0,0.10926670379047732,-0.06576522993891754,0.0834,23.31,74.0,,,,,,
2026-07-30T22:19:31.169615+00:00,S043,mounted,true,orientation_change,mild,1300,orientation_change-mild_horizontal_no_load_1300rpm,3916813,1334,267,1607,2107,3,3,1029145,9,4250908,73,1,3,1678,1494,1245,71,142,1703,16383,1681,1675,1664035,800,2049,2249,532500,11952,8,382527,1496,81982,563,3916715215,3916814290,0,3916814299,3916814814,3461345541,17856292,990,64,69,0.0834,1670.0,0.35899865060240943,0.02563238554216829,0.0834,23.4,74.1,,,,,,
2026-07-30T22:19:31.277330+00:00,S043,mounted,true,orientation_change,mild,1300,orientation_change-mild_horizontal_no_load_1300rpm,3916914,1315,267,1631,2139,2,3,1029198,9,4250908,73,1,2,1678,1494,1218,71,142,1711,16383,1685,1675,1680524,808,2029,2241,532527,11953,8,382526,1496,81983,563,3916815248,3916915216,0,3916915290,3916915804,3495316496,17859279,988,74,63,0.0834,1670.0,0.3453514952731531,-0.007987182548314653,0.0834,23.16,73.7,,,,,,
2026-07-30T22:19:31.370113+00:00,S043,mounted,true,orientation_change,mild,1300,orientation_change-mild_horizontal_no_load_1300rpm,3917014,1312,268,1635,2146,6,3,1029251,9,4250908,74,1,3,1678,1494,1223,71,144,1706,16383,1681,1673,1663467,800,2021,2109,532474,11955,8,382528,1496,81984,563,3916916234,3917015287,0,3917015366,3917015881,3458942523,17865255,999,62,64,0.0834,1670.0,0.12476012020075222,-0.021884228105395476,0.0834,23.31,74.0,,,,,,
2026-07-30T22:19:31.464663+00:00,S043,mounted,true,orientation_change,mild,1300,orientation_change-mild_horizontal_no_load_1300rpm,3917114,1312,268,1635,2146,5,3,1029303,9,4250908,73,0,2,1678,1494,1206,71,141,1697,16383,1680,1675,1663177,800,2053,2111,532478,11953,8,382526,1496,81985,563,3917016312,3917115379,0,3917115453,3917115967,3457730171,17859281,988,67,60,0.0834,1670.0,0.12868155132602643,0.032013422488077925,0.0834,23.58,74.4,,,,,,
2026-07-30T22:19:31.558538+00:00,S043,mounted,true,orientation_change,mild,1300,orientation_change-mild_horizontal_no_load_1300rpm,3917215,1312,267,1635,2145,1,3,1029356,9,4250908,73,1,2,1678,1495,1242,71,141,1695,16383,1681,1672,1680183,808,2017,2309,532446,11958,8,382534,1496,81986,563,3917116396,3917216053,0,3917216062,3917216577,3493971145,17874222,982,75,52,0.0834,1670.0,0.4570774144505765,-0.029393120421475682,0.0834,23.64,74.6,,,,,,
2026-07-30T22:19:31.652469+00:00,S043,mounted,true,orientation_change,mild,1300,orientation_change-mild_horizontal_no_load_1300rpm,3917315,1310,267,1638,2148,3,3,1029409,9,4250908,73,0,2,1678,1495,1218,69,147,1695,16383,1682,1674,1663138,800,1954,2143,532479,11956,8,382537,1496,81987,563,3917217011,3917316225,0,3917316240,3917316755,3457591534,17868244,981,60,55,0.0834,1670.0,0.18111947507527582,-0.13380624857812018,0.0834,23.64,74.6,,,,,,
2026-07-30T22:19:31.747166+00:00,S043,mounted,true,orientation_change,mild,1300,orientation_change-mild_horizontal_no_load_1300rpm,3917415,1311,268,1636,2148,6,3,1029461,9,4250908,73,0,2,1678,1495,1209,70,141,1697,16383,1683,1672,1662737,800,2049,2111,532441,11956,8,382540,1496,81988,563,3917317183,3917416261,0,3917416270,3917416785,3455909793,17868246,987,48,73,0.0834,1670.0,0.12779871763131467,0.024489750083639628,0.0834,23.58,74.4,,,,,,
2026-07-30T22:19:31.839671+00:00,S043,mounted,true,orientation_change,mild,1300,orientation_change-mild_horizontal_no_load_1300rpm,3917515,1311,268,1634,2145,4,3,1029514,9,4250908,73,1,2,1678,1494,1202,70,141,1700,16383,1681,1672,1663308,800,1887,2111,532458,11953,8,382538,1496,81989,563,3917417217,3917516288,0,3917516303,3917516818,3458318044,17859279,997,55,68,0.0834,1670.0,0.12868155132602643,-0.24465742901363674,0.0834,23.49,74.3,,,,,,
2026-07-30T22:19:31.979761+00:00,S043,mounted,true,orientation_change,mild,1300,orientation_change-mild_horizontal_no_load_1300rpm,3917615,1312,267,1635,2145,1,3,1029566,9,4250908,73,1,2,1678,1495,1203,74,151,1702,16383,1681,1672,1663843,800,2046,2297,532475,11958,8,382545,1496,81990,563,3917517248,3917616335,0,3917616345,3917616860,3460552295,17874222,1003,49,72,0.0834,1670.0,0.4370854746613144,0.01892073406924233,0.0834,23.43,74.2,,,,,,
2026-07-30T22:19:32.073642+00:00,S043,mounted,true,orientation_change,mild,1300,orientation_change-mild_horizontal_no_load_1300rpm,3917715,1312,268,1635,2146,3,3,1029619,9,4250908,73,0,2,1678,1494,1230,74,151,1703,16383,1681,1673,1663495,800,2015,2111,532488,11953,8,382542,1496,81991,563,3917617295,3917716368,0,3917716383,3917716898,3459060823,17859279,997,50,58,0.0834,1670.0,0.12868155132602643,-0.031320868819543435,0.0834,23.4,74.1,,,,,,
2026-07-30T22:19:32.166101+00:00,S043,mounted,true,orientation_change,mild,1300,orientation_change-mild_horizontal_no_load_1300rpm,3917815,1311,267,1638,2147,6,3,1029671,9,4250908,73,0,2,1678,1495,1231,74,154,1700,16383,1682,1672,1663814,800,2050,2103,532479,11958,8,382549,1496,81992,563,3917717326,3917816400,0,3917816409,3917816924,3460384520,17874224,990,52,64,0.0834,1670.0,0.11388244806823877,0.0255847139989962,0.0834,23.49,74.3,,,,,,
2026-07-30T22:19:32.259645+00:00,S043,mounted,true,orientation_change,mild,1300,orientation_change-mild_horizontal_no_load_1300rpm,3917915,1322,268,1622,2129,4,3,1029724,9,4250908,73,1,2,1678,1494,1244,72,151,1696,16383,1683,1667,1663277,800,1923,2206,532472,11955,8,382549,1496,81993,563,3917817356,3917916432,0,3917916442,3917916957,3458193849,17865255,984,59,58,0.0834,1670.0,0.2864021859473018,-0.18519270690087852,0.0834,23.61,74.5,,,,,,
2026-07-30T22:19:32.352385+00:00,S043,mounted,true,orientation_change,mild,1300,orientation_change-mild_horizontal_no_load_1300rpm,3918016,1324,269,1618,2126,5,3,1029777,9,4250908,73,0,2,1678,1494,1216,72,151,1699,16383,1682,1673,1680343,808,2053,2269,532480,11953,8,382546,1496,81994,563,3917917387,3918017087,0,3918017161,3918017676,3494570981,17859279,988,54,68,0.0834,1670.0,0.3920188678156107,0.032013422488077925,0.0834,23.52,74.3,,,,,,
2026-07-30T22:19:32.448026+00:00,S043,mounted,true,orientation_change,mild,1300,orientation_change-mild_horizontal_no_load_1300rpm,3918116,1325,266,1620,2123,1,3,1029830,9,4250908,73,0,2,1678,1494,1243,70,138,1698,16383,1682,1672,1663571,800,2056,2195,532480,11953,8,382543,1496,81995,563,3918018104,3918117177,0,3918117251,3918117766,3459382911,17859281,984,47,69,0.0834,1670.0,0.26868366895340046,0.03701349811762711,0.0834,23.55,74.4,,,,,,
2026-07-30T22:19:32.584394+00:00,S043,mounted,true,orientation_change,mild,1300,orientation_change-mild_horizontal_no_load_1300rpm,3918216,1325,267,1619,2123,3,3,1029883,9,4250908,73,1,2,1678,1494,1224,72,146,1705,16383,1681,1672,1662841,800,1923,2197,532443,11953,8,382541,1496,81996,563,3918118195,3918217317,0,3918217391,3918217905,3456376589,17859281,1000,43,73,0.0834,1670.0,0.27201705270643295,-0.18465652145904787,0.0834,23.34,74.0,,,,,,
2026-07-30T22:19:32.681722+00:00,S043,mounted,true,orientation_change,mild,1300,orientation_change-mild_horizontal_no_load_1300rpm,3918316,1324,268,1619,2125,3,3,1029937,9,4250908,73,0,2,1678,1495,1211,72,146,1700,16383,1683,1673,1663193,800,2047,2103,532444,11956,8,382544,1496,81997,563,3918218336,3918317411,0,3918317490,3918318005,3457798185,17868246,1000,52,59,0.0834,1670.0,0.11446852827032439,0.021157202743391945,0.0834,23.49,74.3,,,,,,
2026-07-30T22:19:32.771836+00:00,S043,mounted,true,orientation_change,mild,1300,orientation_change-mild_horizontal_no_load_1300rpm,3918417,1324,268,1619,2126,2,3,1029990,9,4250908,73,0,2,1678,1495,1224,75,155,1700,16383,1687,1672,1679378,808,1901,2232,532418,11956,8,382547,1496,81998,563,3918318435,3918418090,0,3918418100,3918418615,3490615100,17868244,993,52,69,0.0834,1670.0,0.329417831716293,-0.22211875309468043,0.0834,23.49,74.3,,,,,,
2026-07-30T22:19:32.864304+00:00,S043,mounted,true,orientation_change,mild,1300,orientation_change-mild_horizontal_no_load_1300rpm,3918517,1325,268,1618,2124,6,3,1030043,9,4250908,73,0,2,1678,1495,1213,75,155,1700,16383,1681,1671,1663426,800,1943,2247,532452,11956,8,382549,1496,81999,563,3918419043,3918518119,0,3918518129,3918518644,3458823870,17868246,992,58,67,0.0834,1670.0,0.3544119367681495,-0.15213525894948177,0.0834,23.49,74.3,,,,,,
2026-07-30T22:19:32.958859+00:00,S043,mounted,true,orientation_change,mild,1300,orientation_change-mild_horizontal_no_load_1300rpm,3918617,1324,269,1618,2126,4,3,1030096,9,4250908,73,1,3,1678,1495,1230,73,161,1697,16383,1681,1674,1663203,800,1849,2239,532467,11958,8,382555,1496,82000,563,3918519072,3918618137,0,3918618147,3918618662,3457917433,17874222,995,58,75,0.0834,1670.0,0.34045776567987973,-0.30928027747114895,0.0834,23.58,74.4,,,,,,
2026-07-30T22:19:33.051165+00:00,S043,mounted,true,orientation_change,mild,1300,orientation_change-mild_horizontal_no_load_1300rpm,3918717,1317,267,1627,2135,5,3,1030149,9,4250908,73,0,3,1678,1495,1258,73,160,1702,16383,1681,1674,1663754,800,2055,2104,532479,11956,8,382557,1496,82001,563,3918619092,3918718176,0,3918718190,3918718705,3460130538,17868244,987,67,61,0.0834,1670.0,0.11613480194044801,0.03448739210438223,0.0834,23.43,74.2,,,,,,
2026-07-30T22:19:33.145531+00:00,S043,mounted,true,orientation_change,mild,1300,orientation_change-mild_horizontal_no_load_1300rpm,3918817,1311,267,1637,2147,3,3,1030201,9,4250908,73,0,2,1678,1495,1217,73,160,1703,16383,1681,1674,1663037,800,2045,2107,532466,11958,8,382563,1496,82002,563,3918719134,3918818220,0,3918818229,3918818744,3457153009,17874222,983,63,65,0.0834,1670.0,0.12054642799799264,0.01725473908680364,0.0834,23.4,74.1,,,,,,
2026-07-30T22:19:33.287197+00:00,S043,mounted,true,orientation_change,mild,1300,orientation_change-mild_horizontal_no_load_1300rpm,3918917,1312,268,1636,2147,2,3,1030254,9,4250908,73,1,2,1678,1495,1235,73,162,1703,16383,1681,1674,1663755,800,2029,2183,532491,11957,8,382566,1496,82003,563,3918819176,3918918386,0,3918918401,3918918916,3460151021,17871233,999,49,77,0.0834,1670.0,0.24746620883164638,-0.009118475620975453,0.0834,23.4,74.1,,,,,,
2026-07-30T22:19:33.382295+00:00,S043,mounted,true,orientation_change,mild,1300,orientation_change-mild_horizontal_no_load_1300rpm,3919017,1312,269,1635,2148,4,3,1030306,9,4250908,73,0,2,1678,1494,1242,75,165,1709,16383,1680,1674,1663500,800,2049,2109,532469,11953,8,382562,1496,82004,563,3918919346,3919018428,0,3919018438,3919018953,3459077034,17859279,1003,57,67,0.0834,1670.0,0.12534816757299438,0.025346654982012495,0.0834,23.22,73.8,,,,,,
2026-07-30T22:19:33.475535+00:00,S043,mounted,true,orientation_change,mild,1300,orientation_change-mild_horizontal_no_load_1300rpm,3919118,1312,267,1634,2144,5,3,1030359,9,4250908,73,0,2,1678,1494,1252,75,165,1705,16383,1680,1673,1679969,808,2007,2111,532474,11953,8,382558,1496,82005,563,3919019386,3919119074,0,3919119148,3919119663,3492982977,17859279,1019,42,77,0.0834,1670.0,0.12868155132602643,-0.044654403831674294,0.0834,23.34,74.0,,,,,,
2026-07-30T22:19:33.569709+00:00,S043,mounted,true,orientation_change,mild,1300,orientation_change-mild_horizontal_no_load_1300rpm,3919218,1313,268,1633,2145,1,3,1030412,9,4250908,73,0,2,1678,1494,1230,76,159,1703,16383,1683,1672,1663654,800,1954,2107,532489,11953,8,382555,1496,82006,563,3919120096,3919219139,0,3919219218,3919219733,3459734978,17859281,1006,66,55,0.0834,1670.0,0.12201478381996145,-0.13298907328704113,0.0834,23.4,74.1,,,,,,
2026-07-30T22:19:33.664012+00:00,S043,mounted,true,orientation_change,mild,1300,orientation_change-mild_horizontal_no_load_1300rpm,3919318,1313,267,1635,2145,2,3,1030464,9,4250908,73,1,2,1678,1494,1231,76,159,1698,16383,1682,1673,1663280,800,2023,2098,532481,11953,8,382552,1496,82007,563,3919220163,3919319286,0,3919319360,3919319874,3458160638,17859281,994,52,61,0.0834,1670.0,0.1070145569313139,-0.017987333807412575,0.0834,23.55,74.4,,,,,,
2026-07-30T22:19:33.759387+00:00,S043,mounted,true,orientation_change,mild,1300,orientation_change-mild_horizontal_no_load_1300rpm,3919418,1309,268,1636,2149,6,3,1030517,9,4250908,73,1,2,1678,1494,1248,76,170,1696,16383,1683,1675,1663437,800,2027,2129,532462,11952,8,382547,1496,82008,563,3919320305,3919419368,0,3919419446,3919419962,3458821551,17856294,983,66,54,0.0834,1670.0,0.15897889156626466,-0.011037903614457889,0.0834,23.61,74.5,,,,,,
2026-07-30T22:19:33.854056+00:00,S043,mounted,true,orientation_change,mild,1300,orientation_change-mild_horizontal_no_load_1300rpm,3919519,1303,267,1648,2160,5,3,1030569,9,4250908,73,0,2,1678,1494,1209,74,163,1698,16383,1681,1673,1680461,808,2051,2255,532483,11955,8,382547,1496,82009,563,3919420392,3919520072,0,3919520081,3919520596,3495080069,17865259,989,55,59,0.0834,1670.0,0.3680564253450438,0.028108163362609684,0.0834,23.55,74.4,,,,,,
2026-07-30T22:19:33.949218+00:00,S043,mounted,true,orientation_change,mild,1300,orientation_change-mild_horizontal_no_load_1300rpm,3919619,1302,267,1647,2160,3,3,1030621,9,4250908,73,1,2,1678,1495,1235,74,163,1697,16383,1681,1673,1663286,800,2049,2101,532480,11956,8,382549,1496,82010,563,3919521024,3919620223,0,3919620233,3919620747,3458187724,17868244,994,56,58,0.0834,1670.0,0.1111359809300767,0.024489750083639628,0.0834,23.58,74.4,,,,,,
2026-07-30T22:19:34.091015+00:00,S043,mounted,true,orientation_change,mild,1300,orientation_change-mild_horizontal_no_load_1300rpm,3919719,1313,266,1638,2145,2,3,1030674,9,4250908,73,2,2,1678,1495,1242,73,168,1707,16383,1681,1674,1663740,800,2051,2229,532485,11956,8,382551,1496,82011,563,3919621178,3919720255,0,3919720264,3919720779,3460096686,17868246,996,68,66,0.0834,1670.0,0.3244190107059217,0.02782229742388731,0.0834,23.28,73.9,,,,,,
2026-07-30T22:19:34.184639+00:00,S043,mounted,true,orientation_change,mild,1300,orientation_change-mild_horizontal_no_load_1300rpm,3919819,1322,266,1625,2129,6,3,1030727,9,4250908,73,1,2,1678,1494,1250,72,174,1705,16383,1681,1672,1663229,800,2007,2109,532461,11954,8,382550,1496,82012,563,3919721210,3919820310,0,3919820320,3919820835,3457954473,17862268,1008,51,65,0.0834,1670.0,0.12505411929061339,-0.0449342307177516,0.0834,23.34,74.0,,,,,,
2026-07-30T22:19:34.276926+00:00,S043,mounted,true,orientation_change,mild,1300,orientation_change-mild_horizontal_no_load_1300rpm,3919919,1318,267,1626,2133,4,3,1030780,9,4250908,73,1,3,1678,1495,1200,72,174,1698,16383,1680,1674,1663033,800,1885,2111,532471,11956,8,382552,1496,82013,563,3919821266,3919920364,0,3919920379,3919920894,3457198869,17868246,988,52,65,0.0834,1670.0,0.12779871763131467,-0.248779131816661,0.0834,23.55,74.4,,,,,,
2026-07-30T22:19:34.370323+00:00,S043,mounted,true,orientation_change,mild,1300,orientation_change-mild_horizontal_no_load_1300rpm,3920019,1305,268,1643,2157,1,3,1030832,9,4250908,73,1,2,1678,1495,1225,75,177,1698,16383,1683,1673,1663201,800,1937,2317,532446,11956,8,382554,1496,82014,563,3919921324,3920020393,0,3920020402,3920020917,3457915249,17868244,1001,50,75,0.0834,1670.0,0.4710510936768144,-0.16213290097022393,0.0834,23.55,74.4,,,,,,
2026-07-30T22:19:34.464877+00:00,S043,mounted,true,orientation_change,mild,1300,orientation_change-mild_horizontal_no_load_1300rpm,3920119,1302,268,1645,2160,2,3,1030884,9,4250908,73,0,2,1678,1495,1242,75,177,1704,16383,1680,1673,1663388,800,2059,2103,532474,11957,8,382558,1496,82015,563,3920021352,3920120449,0,3920120459,3920120973,3458607128,17871233,993,54,74,0.0834,1670.0,0.11417546366145315,0.04086555381784729,0.0834,23.37,74.1,,,,,,
2026-07-30T22:19:34.559864+00:00,S043,mounted,true,orientation_change,mild,1300,orientation_change-mild_horizontal_no_load_1300rpm,3920220,1301,269,1648,2165,6,3,1030937,9,4250908,73,0,2,1678,1494,1201,75,176,1707,16383,1682,1672,1680034,808,1805,2389,532475,11955,8,382558,1496,82016,563,3920121401,3920221213,0,3920221292,3920221807,3493617180,17865255,1001,61,77,0.0834,1670.0,0.5913557739021327,-0.3818294466750314,0.0834,23.28,73.9,,,,,,
2026-07-30T22:19:34.652295+00:00,S043,mounted,true,orientation_change,mild,1300,orientation_change-mild_horizontal_no_load_1300rpm,3920320,1298,267,1655,2169,5,3,1030989,9,4250908,73,1,2,1678,1494,1222,73,165,1695,16383,1682,1672,1662964,800,1903,2105,532477,11952,8,382553,1496,82017,563,3920222236,3920321286,0,3920321365,3920321880,3456878432,17856292,1010,49,68,0.0834,1670.0,0.11897493975903606,-0.2177249879518075,0.0834,23.64,74.6,,,,,,
2026-07-30T22:19:34.793120+00:00,S043,mounted,true,orientation_change,mild,1300,orientation_change-mild_horizontal_no_load_1300rpm,3920420,1300,266,1651,2163,3,3,1031041,9,4250908,73,1,2,1678,1494,1206,73,165,1700,16383,1681,1672,1663470,800,2043,2241,532478,11953,8,382550,1496,82018,563,3920322311,3920421383,0,3920421457,3920421972,3458980662,17859281,1005,44,75,0.0834,1670.0,0.3453514952731531,0.015346503722914129,0.0834,23.49,74.3,,,,,,
2026-07-30T22:19:34.887199+00:00,S043,mounted,true,orientation_change,mild,1300,orientation_change-mild_horizontal_no_load_1300rpm,3920521,1316,266,1632,2138,2,3,1031094,9,4250908,73,0,2,1678,1495,1198,70,160,1695,16383,1683,1673,1679848,808,2017,2107,532483,11956,8,382552,1496,82019,563,3920422403,3920522067,0,3920522082,3920522597,3492475250,17868244,995,50,77,0.0834,1670.0,0.12113362295081931,-0.028831007360321514,0.0834,23.64,74.6,,,,,,
2026-07-30T22:19:34.980860+00:00,S043,mounted,true,orientation_change,mild,1300,orientation_change-mild_horizontal_no_load_1300rpm,3920621,1323,269,1622,2131,6,3,1031147,9,4250908,73,0,2,1678,1495,1225,69,153,1704,16383,1681,1675,1663494,800,2047,2103,532489,11957,8,382556,1496,82020,563,3920523025,3920622103,0,3920622118,3920622633,3459050414,17871233,987,59,63,0.0834,1670.0,0.11417546366145315,0.020871942042318015,0.0834,23.37,74.1,,,,,,
2026-07-30T22:19:35.073644+00:00,S043,mounted,true,orientation_change,mild,1300,orientation_change-mild_horizontal_no_load_1300rpm,3920721,1320,265,1628,2131,4,3,1031200,9,4250908,73,1,3,1678,1494,1214,69,153,1701,16383,1681,1672,1663482,800,2045,2111,532468,11953,8,382553,1496,82021,563,3920623061,3920722149,0,3920722164,3920722679,3459004018,17859279,987,65,60,0.0834,1670.0,0.12868155132602643,0.018679887475947066,0.0834,23.46,74.2,,,,,,
2026-07-30T22:19:35.167318+00:00,S043,mounted,true,orientation_change,mild,1300,orientation_change-mild_horizontal_no_load_1300rpm,3920821,1317,267,1628,2136,1,3,1031252,9,4250908,73,0,2,1678,1494,1221,69,144,1697,16383,1681,1672,1663453,800,2014,2283,532462,11953,8,382550,1496,82022,563,3920723109,3920822197,0,3920822207,3920822722,3458930765,17859283,992,47,68,0.0834,1670.0,0.4153525540868399,-0.03298756069605968,0.0834,23.58,74.4,,,,,,
2026-07-30T22:19:35.260144+00:00,S043,mounted,true,orientation_change,mild,1300,orientation_change-mild_horizontal_no_load_1300rpm,3920921,1312,267,1635,2145,3,3,1031305,9,4250908,73,1,2,1678,1494,1229,69,144,1699,16383,1681,1673,1663256,800,1987,2105,532462,11950,8,382541,1496,82023,563,3920823153,3920922242,0,3920922251,3920922766,3458067690,17850318,995,48,73,0.0834,1670.0,0.1195621665271962,-0.07715684803347322,0.0834,23.52,74.3,,,,,,
2026-07-30T22:19:35.352943+00:00,S043,mounted,true,orientation_change,mild,1300,orientation_change-mild_horizontal_no_load_1300rpm,3921021,1319,267,1628,2134,6,3,1031357,9,4250908,73,1,2,1678,1494,1222,75,163,1689,16383,1681,1674,1663570,800,1997,2165,532491,11954,8,382541,1496,82024,563,3920923196,3921022270,0,3921022279,3921022793,3459383738,17862268,992,68,58,0.0834,1670.0,0.21838105655010853,-0.06159975522837602,0.0834,23.82,74.9,,,,,,
2026-07-30T22:19:35.492638+00:00,S043,mounted,true,orientation_change,mild,1300,orientation_change-mild_horizontal_no_load_1300rpm,3921121,1323,268,1621,2128,4,3,1031410,9,4250908,73,0,2,1678,1495,1210,74,157,1700,16383,1682,1675,1663548,800,1954,2146,532502,11958,8,382548,1496,82025,563,3921023224,3921122326,0,3921122336,3921122851,3459294008,17874222,990,70,62,0.0834,1670.0,0.18552023231309578,-0.13435080431510293,0.0834,23.49,74.3,,,,,,
2026-07-30T22:19:35.586251+00:00,S043,mounted,true,orientation_change,mild,1300,orientation_change-mild_horizontal_no_load_1300rpm,3921221,1325,267,1616,2121,4,3,1031464,9,4250908,73,1,3,1678,1494,1197,74,157,1700,16383,1682,1674,1663482,800,1983,2303,532475,11955,8,382548,1496,82026,563,3921123280,3921222343,0,3921222357,3921222872,3459060074,17865255,989,53,66,0.0834,1670.0,0.44804425169385187,-0.0852079239648682,0.0834,23.49,74.3,,,,,,
2026-07-30T22:19:35.680576+00:00,S043,mounted,true,orientation_change,mild,1300,orientation_change-mild_horizontal_no_load_1300rpm,3921321,1325,269,1618,2126,5,3,1031517,9,4250908,73,1,2,1678,1494,1225,73,158,1700,16383,1680,1675,1663997,800,2057,2171,532481,11955,8,382548,1496,82027,563,3921223302,3921322392,0,3921322407,3921322922,3461147299,17865257,974,65,67,0.0834,1670.0,0.22807772923462988,0.03810664165621036,0.0834,23.49,74.3,,,,,,
2026-07-30T22:19:35.771932+00:00,S043,mounted,true,orientation_change,mild,1300,orientation_change-mild_horizontal_no_load_1300rpm,3921421,1324,268,1619,2125,1,3,1031570,9,4250908,73,0,2,1678,1494,1230,72,157,1704,16383,1680,1673,1663492,800,2012,2286,532460,11955,8,382548,1496,82028,563,3921323353,3921422444,0,3921422459,3921422974,3459085480,17865257,979,59,72,0.0834,1670.0,0.41971522986198195,-0.036881945545796935,0.0834,23.37,74.1,,,,,,
2026-07-30T22:19:35.865786+00:00,S043,mounted,true,orientation_change,mild,1300,orientation_change-mild_horizontal_no_load_1300rpm,3921522,1318,268,1627,2136,3,3,1031623,9,4250908,73,0,2,1678,1494,1237,72,157,1704,16383,1680,1673,1679780,808,2019,2111,532450,11954,8,382547,1496,82029,563,3921423402,3921523067,0,3921523146,3921523661,3492195212,17862266,990,75,69,0.0834,1670.0,0.12838722419273818,-0.02493560130500283,0.0834,23.37,74.1,,,,,,
2026-07-30T22:19:35.958872+00:00,S043,mounted,true,orientation_change,mild,1300,orientation_change-mild_horizontal_no_load_1300rpm,3921622,1312,268,1634,2145,6,3,1031675,9,4250908,73,0,2,1678,1494,1236,73,155,1701,16383,1680,1674,1663141,800,2047,2115,532467,11955,8,382547,1496,82030,563,3921524089,3921623291,0,3921623365,3921623879,3457583293,17865255,1002,52,73,0.0834,1670.0,0.1347585984943538,0.021442511166875455,0.0834,23.46,74.2,,,,,,
2026-07-30T22:19:36.099329+00:00,S043,mounted,true,orientation_change,mild,1300,orientation_change-mild_horizontal_no_load_1300rpm,3921722,1312,266,1637,2144,4,3,1031728,9,4250908,73,1,2,1678,1494,1230,73,155,1710,16383,1681,1674,1663578,800,2053,2305,532473,11954,8,382546,1496,82031,563,3921624309,3921723392,0,3921723466,3921723981,3459454402,17862268,986,67,64,0.0834,1670.0,0.45169839969884507,0.031727182031118684,0.0834,23.19,73.7,,,,,,
2026-07-30T22:19:36.195405+00:00,S043,mounted,true,orientation_change,mild,1300,orientation_change-mild_horizontal_no_load_1300rpm,3921823,1312,266,1637,2145,5,3,1031781,9,4250908,73,1,2,1678,1494,1245,74,152,1705,16383,1680,1669,1679789,808,1977,2115,532466,11955,8,382546,1496,82032,563,3921724411,3921824079,0,3921824089,3921824604,3492249565,17865255,973,82,58,0.0834,1670.0,0.1347585984943538,-0.09520640225846977,0.0834,23.34,74.0,,,,,,
2026-07-30T22:19:36.289641+00:00,S043,mounted,true,orientation_change,mild,1300,orientation_change-mild_horizontal_no_load_1300rpm,3921923,1311,268,1637,2148,3,3,1031833,9,4250908,73,1,2,1678,1495,1230,72,153,1700,16383,1681,1672,1663215,800,2043,2135,532472,11956,8,382548,1496,82033,563,3921825035,3921924136,0,3921924146,3921924661,3457897717,17868244,982,66,71,0.0834,1670.0,0.16778928571428553,0.014492108062897024,0.0834,23.49,74.3,,,,,,
2026-07-30T22:19:36.384603+00:00,S043,mounted,true,orientation_change,mild,1300,orientation_change-mild_horizontal_no_load_1300rpm,3922023,1313,267,1635,2143,2,3,1031886,9,4250908,73,1,2,1678,1495,1239,72,153,1699,16383,1680,1672,1663064,800,2023,2099,532472,11957,8,382552,1496,82034,563,3921925091,3922024315,0,3922024324,3922024839,3457265096,17871233,986,73,53,0.0834,1670.0,0.10751092640294324,-0.019115281508739645,0.0834,23.52,74.3,,,,,,
2026-07-30T22:19:36.479262+00:00,S043,mounted,true,orientation_change,mild,1300,orientation_change-mild_horizontal_no_load_1300rpm,3922123,1311,268,1637,2148,4,3,1031938,9,4250908,73,0,2,1678,1494,1227,73,151,1708,16383,1682,1673,1663226,800,2043,2099,532468,11952,8,382547,1496,82035,563,3922025273,3922124354,0,3922124363,3922124878,3457934928,17856292,973,67,54,0.0834,1670.0,0.10897395180722835,0.01563139759036103,0.0834,23.25,73.8,,,,,,
2026-07-30T22:19:36.572292+00:00,S043,mounted,true,orientation_change,mild,1300,orientation_change-mild_horizontal_no_load_1300rpm,3922223,1312,268,1634,2146,5,3,1031991,9,4250908,73,0,3,1678,1494,1234,71,156,1702,16383,1681,1672,1663182,800,2035,2115,532477,11953,8,382544,1496,82036,563,3922125306,3922224385,0,3922224395,3922224910,3457755680,17859279,983,54,62,0.0834,1670.0,0.13534831883209186,0.0020129687107837135,0.0834,23.43,74.2,,,,,,
2026-07-30T22:19:36.666010+00:00,S043,mounted,true,orientation_change,mild,1300,orientation_change-mild_horizontal_no_load_1300rpm,3922323,1318,268,1627,2136,1,3,1032044,9,4250908,73,0,2,1678,1494,1245,71,156,1704,16383,1681,1672,1662701,800,1925,2104,532436,11952,8,382539,1496,82037,563,3922225342,3922324413,0,3922324427,3922324942,3455779105,17856296,988,51,65,0.0834,1670.0,0.1173081084337344,-0.18105469879518088,0.0834,23.37,74.1,,,,,,
2026-07-30T22:19:36.805550+00:00,S043,mounted,true,orientation_change,mild,1300,orientation_change-mild_horizontal_no_load_1300rpm,3922424,1323,267,1624,2129,3,3,1032097,9,4250908,73,0,2,1678,1494,1242,70,156,1700,16383,1681,1674,1680590,808,2043,2102,532490,11954,8,382539,1496,82038,563,3922325371,3922425082,0,3922425156,3922425671,3495558038,17862266,995,47,72,0.0834,1670.0,0.11338825213317705,0.015061657520495153,0.0834,23.49,74.3,,,,,,
2026-07-30T22:19:36.901132+00:00,S043,mounted,true,orientation_change,mild,1300,orientation_change-mild_horizontal_no_load_1300rpm,3922524,1321,268,1622,2130,2,3,1032150,9,4250908,73,1,3,1678,1494,1208,70,156,1702,16383,1682,1673,1663851,800,2047,2307,532501,11951,8,382533,1496,82039,563,3922426103,3922525336,0,3922525410,3922525925,3460588759,17853305,988,66,64,0.0834,1670.0,0.4559966296544222,0.02258422232449142,0.0834,23.43,74.2,,,,,,
2026-07-30T22:19:36.993891+00:00,S043,mounted,true,orientation_change,mild,1300,orientation_change-mild_horizontal_no_load_1300rpm,3922624,1314,266,1636,2142,6,3,1032203,9,4250908,73,0,2,1678,1494,1227,68,168,1700,16383,1681,1672,1663294,800,1999,2107,532489,11952,8,382529,1496,82040,563,3922526359,3922625426,0,3922625504,3922626020,3458222088,17856290,992,67,65,0.0834,1670.0,0.12230860240963848,-0.05770918072289177,0.0834,23.49,74.3,,,,,,
2026-07-30T22:19:37.087904+00:00,S043,mounted,true,orientation_change,mild,1300,orientation_change-mild_horizontal_no_load_1300rpm,3922725,1310,267,1639,2150,4,3,1032256,9,4250908,73,0,2,1678,1494,1234,70,176,1709,16383,1681,1674,1680429,808,2019,2271,532482,11952,8,382525,1496,82041,563,3922626448,3922726063,0,3922726078,3922726593,3494927823,17856292,972,84,57,0.0834,1670.0,0.39566893975903605,-0.024372554216868014,0.0834,23.22,73.8,,,,,,
2026-07-30T22:19:37.180337+00:00,S043,mounted,true,orientation_change,mild,1300,orientation_change-mild_horizontal_no_load_1300rpm,3922825,1311,267,1636,2146,1,3,1032308,9,4250908,73,1,2,1678,1495,1227,70,176,1706,16383,1683,1672,1663434,800,1989,2111,532497,11957,8,382531,1496,82042,563,3922727021,3922826108,0,3922826118,3922826633,3458819584,17871235,985,83,57,0.0834,1670.0,0.12750453817847252,-0.07576384820607229,0.0834,23.31,74.0,,,,,,
2026-07-30T22:19:37.273863+00:00,S043,mounted,true,orientation_change,mild,1300,orientation_change-mild_horizontal_no_load_1300rpm,3922925,1311,268,1635,2147,3,3,1032361,9,4250908,73,0,2,1678,1495,1261,71,163,1707,16383,1681,1671,1663255,800,2039,2155,532473,11958,8,382538,1496,82043,563,3922827067,3922926222,0,3922926236,3922926751,3458065697,17874222,992,72,60,0.0834,1670.0,0.2005141871550422,0.007258769192172387,0.0834,23.28,73.9,,,,,,
2026-07-30T22:19:37.366311+00:00,S043,mounted,true,orientation_change,mild,1300,orientation_change-mild_horizontal_no_load_1300rpm,3923025,1313,267,1635,2145,6,3,1032413,9,4250908,73,1,2,1678,1495,1214,74,166,1706,16383,1681,1673,1663596,800,2043,2215,532488,11957,8,382543,1496,82044,563,3922927180,3923026275,0,3923026285,3923026800,3459489958,17871233,996,62,62,0.0834,1670.0,0.30078250689972386,0.014207404783808109,0.0834,23.31,74.0,,,,,,
2026-07-30T22:19:37.507154+00:00,S043,mounted,true,orientation_change,mild,1300,orientation_change-mild_horizontal_no_load_1300rpm,3923125,1320,268,1626,2134,4,3,1032466,9,4250908,73,1,2,1678,1494,1244,74,166,1705,16383,1681,1672,1663221,800,1987,2195,532473,11952,8,382539,1496,82045,563,3923027234,3923126327,0,3923126336,3923126851,3457945593,17856294,1008,49,60,0.0834,1670.0,0.2689897590361445,-0.07771115662650585,0.0834,23.34,74.0,,,,,,
2026-07-30T22:19:37.601712+00:00,S043,mounted,true,orientation_change,mild,1300,orientation_change-mild_horizontal_no_load_1300rpm,3923225,1324,266,1619,2122,5,3,1032519,9,4250908,73,1,2,1678,1494,1211,73,162,1705,16383,1681,1673,1663086,800,1908,2221,532469,11954,8,382539,1496,82046,563,3923127283,3923226373,0,3923226383,3923226898,3457415000,17862266,991,67,56,0.0834,1670.0,0.31170799380960323,-0.20992292337292984,0.0834,23.34,74.0,,,,,,
2026-07-30T22:19:37.696501+00:00,S043,mounted,true,orientation_change,mild,1300,orientation_change-mild_horizontal_no_load_1300rpm,3923325,1322,268,1621,2128,1,3,1032572,9,4250908,73,1,3,1678,1494,1235,73,162,1703,16383,1682,1672,1663098,800,2033,2195,532449,11951,8,382533,1496,82047,563,3923227328,3923326397,0,3923326411,3923326926,3457420308,17853305,987,58,64,0.0834,1670.0,0.2692959003430677,-0.0007533688394278926,0.0834,23.4,74.1,,,,,,
2026-07-30T22:19:37.789490+00:00,S043,mounted,true,orientation_change,mild,1300,orientation_change-mild_horizontal_no_load_1300rpm,3923426,1314,265,1630,2134,3,3,1032625,9,4250908,73,0,2,1678,1494,1249,71,163,1700,16383,1682,1674,1680321,808,2039,2107,532482,11955,8,382534,1496,82048,563,3923327357,3923427033,0,3923427112,3923427627,3494443063,17865259,988,62,51,0.0834,1670.0,0.12142729410288533,0.008111206775407886,0.0834,23.49,74.3,,,,,,
2026-07-30T22:19:37.883603+00:00,S043,mounted,true,orientation_change,mild,1300,orientation_change-mild_horizontal_no_load_1300rpm,3923526,1312,268,1634,2145,6,3,1032677,9,4250908,73,0,2,1678,1495,1215,71,175,1713,16383,1681,1672,1663152,800,2045,2102,532446,11959,8,382543,1496,82049,563,3923428056,3923527136,0,3923527210,3923527727,3457628660,17877211,983,63,55,0.0834,1670.0,0.11192362580483328,0.016969852412409114,0.0834,23.1,73.6,,,,,,
2026-07-30T22:19:37.978004+00:00,S043,mounted,true,orientation_change,mild,1300,orientation_change-mild_horizontal_no_load_1300rpm,3923626,1320,268,1627,2135,4,3,1032730,9,4250908,73,1,2,1678,1494,1213,71,175,1701,16383,1682,1675,1663651,800,2022,2241,532477,11955,8,382544,1496,82050,563,3923528156,3923627211,0,3923627285,3923627800,3459730347,17865255,980,59,65,0.0834,1670.0,0.34472664265997466,-0.02021781505646203,0.0834,23.46,74.2,,,,,,
2026-07-30T22:19:38.073355+00:00,S043,mounted,true,orientation_change,mild,1300,orientation_change-mild_horizontal_no_load_1300rpm,3923726,1324,268,1621,2128,5,3,1032783,9,4250908,73,1,2,1678,1495,1200,70,170,1699,16383,1681,1675,1663660,800,2009,2107,532486,11957,8,382549,1496,82051,563,3923628234,3923727287,0,3923727361,3923727876,3459746066,17871233,991,45,73,0.0834,1670.0,0.12084000091996305,-0.04244116191352365,0.0834,23.52,74.3,,,,,,
2026-07-30T22:19:38.211451+00:00,S043,mounted,true,orientation_change,mild,1300,orientation_change-mild_horizontal_no_load_1300rpm,3923826,1323,267,1619,2124,1,3,1032836,9,4250908,73,1,3,1678,1494,1209,73,165,1698,16383,1681,1672,1662988,800,1973,2105,532473,11952,8,382544,1496,82052,563,3923728306,3923827372,0,3923827445,3923827960,3456961890,17856294,995,57,56,0.0834,1670.0,0.11897493975903606,-0.10104679518072324,0.0834,23.55,74.4,,,,,,
2026-07-30T22:19:38.305831+00:00,S043,mounted,true,orientation_change,mild,1300,orientation_change-mild_horizontal_no_load_1300rpm,3923927,1309,267,1637,2147,3,3,1032889,9,4250908,73,1,3,1678,1495,1225,73,165,1703,16383,1681,1672,1679709,808,1955,2249,532427,11956,8,382547,1496,82053,563,3923828395,3923928052,0,3923928066,3923928582,3491941813,17868248,987,58,57,0.0834,1670.0,0.35774448410839677,-0.13213997490799656,0.0834,23.4,74.1,,,,,,
2026-07-30T22:19:38.398375+00:00,S043,mounted,true,orientation_change,mild,1300,orientation_change-mild_horizontal_no_load_1300rpm,3924027,1302,266,1646,2157,6,3,1032941,9,4250908,73,1,2,1678,1494,1227,75,165,1702,16383,1681,1674,1663316,800,2031,2103,532446,11953,8,382544,1496,82054,563,3923929012,3924028102,0,3924028112,3924028627,3458308882,17859281,993,62,68,0.0834,1670.0,0.11534801631389602,-0.004653798795281716,0.0834,23.43,74.2,,,,,,
2026-07-30T22:19:38.491152+00:00,S043,mounted,true,orientation_change,mild,1300,orientation_change-mild_horizontal_no_load_1300rpm,3924127,1309,267,1641,2152,5,3,1032993,9,4250908,73,2,2,1678,1495,1204,75,165,1708,16383,1683,1674,1663407,800,1953,2205,532481,11956,8,382547,1496,82055,563,3924029057,3924128151,0,3924128160,3924128675,3458723189,17868246,994,67,66,0.0834,1670.0,0.28442844262295086,-0.13547252224824424,0.0834,23.25,73.8,,,,,,
2026-07-30T22:19:38.585961+00:00,S043,mounted,true,orientation_change,mild,1300,orientation_change-mild_horizontal_no_load_1300rpm,3924227,1320,268,1625,2134,1,3,1033046,9,4250908,73,1,2,1678,1494,1238,75,163,1710,16383,1682,1672,1663789,800,2008,2107,532496,11954,8,382546,1496,82056,563,3924129106,3924228199,0,3924228208,3924228723,3460282997,17862270,998,67,69,0.0834,1670.0,0.12172101438848859,-0.0432676782666892,0.0834,23.19,73.7,,,,,,
2026-07-30T22:19:38.681163+00:00,S043,mounted,true,orientation_change,mild,1300,orientation_change-mild_horizontal_no_load_1300rpm,3924327,1324,269,1619,2127,3,3,1033099,9,4250908,73,1,2,1678,1494,1232,72,169,1707,16383,1681,1674,1663261,800,1851,2300,532486,11954,8,382545,1496,82057,563,3924229153,3924328233,0,3924328243,3924328758,3458210845,17862268,985,63,59,0.0834,1670.0,0.4433656374435335,-0.30491641308348694,0.0834,23.28,73.9,,,,,,
2026-07-30T22:19:38.774811+00:00,S043,mounted,true,orientation_change,mild,1300,orientation_change-mild_horizontal_no_load_1300rpm,3924427,1325,268,1619,2125,2,3,1033152,9,4250908,73,1,2,1678,1495,1223,72,169,1698,16383,1682,1673,1663386,800,2046,2131,532483,11957,8,382549,1496,82058,563,3924329188,3924428286,0,3924428296,3924428811,3458607948,17871235,981,51,66,0.0834,1670.0,0.16082722447102116,0.01920580772769087,0.0834,23.55,74.4,,,,,,
2026-07-30T22:19:38.917297+00:00,S043,mounted,true,orientation_change,mild,1300,orientation_change-mild_horizontal_no_load_1300rpm,3924527,1324,268,1619,2126,6,3,1033205,9,4250908,73,0,2,1678,1495,1216,75,178,1701,16383,1682,1673,1663754,800,2037,2103,532473,11957,8,382553,1496,82059,563,3924429245,3924528326,0,3924528336,3924528851,3460139500,17871233,978,58,71,0.0834,1670.0,0.11417546366145315,0.004210598896043916,0.0834,23.46,74.2,,,,,,
2026-07-30T22:19:39.011946+00:00,S043,mounted,true,orientation_change,mild,1300,orientation_change-mild_horizontal_no_load_1300rpm,3924627,1318,266,1625,2130,4,3,1033258,9,4250908,73,1,3,1678,1495,1214,73,165,1706,16383,1682,1674,1663543,800,2029,2107,532494,11959,8,382561,1496,82060,563,3924529279,3924628361,0,3924628370,3924628885,3459257879,17877211,981,65,69,0.0834,1670.0,0.12025290417258949,-0.009683838364411557,0.0834,23.31,74.0,,,,,,
2026-07-30T22:19:39.104083+00:00,S043,mounted,true,orientation_change,mild,1300,orientation_change-mild_horizontal_no_load_1300rpm,3924727,1304,266,1645,2156,1,3,1033310,9,4250908,73,0,2,1678,1495,1209,73,165,1708,16383,1681,1672,1663096,800,2027,2122,532466,11958,8,382566,1496,82061,563,3924629316,3924728400,0,3924728409,3924728924,3457398446,17874222,991,50,68,0.0834,1670.0,0.14553635273457033,-0.012733170597090115,0.0834,23.25,73.8,,,,,,
2026-07-30T22:19:39.190284+00:00,S043,mounted,true,orientation_change,mild,1300,orientation_change-mild_horizontal_no_load_1300rpm,3924828,1300,267,1650,2165,2,3,1033362,9,4250908,73,0,2,1678,1495,1213,70,151,1700,16383,1681,1673,1680593,808,2011,2367,532477,11956,8,382567,1496,82062,563,3924729356,3924828965,0,3924829038,3924829553,3495710421,17868246,1001,51,59,0.0834,1670.0,0.5543647771830043,-0.03882864938106412,0.0834,23.49,74.3,,,,,,
2026-07-30T22:19:39.293312+00:00,S043,mounted,true,orientation_change,mild,1300,orientation_change-mild_horizontal_no_load_1300rpm,3924928,1313,267,1637,2147,6,3,1033415,9,4250908,73,3,2,1678,1495,1225,70,151,1700,16383,1681,1673,1663630,800,1999,2107,532477,11959,8,382574,1496,82063,563,3924829982,3924929099,0,3924929172,3924929687,3459623896,17877211,984,71,55,0.0834,1670.0,0.12025290417258949,-0.059659508570951036,0.0834,23.49,74.3,,,,,,
2026-07-30T22:19:39.387255+00:00,S043,mounted,true,orientation_change,mild,1300,orientation_change-mild_horizontal_no_load_1300rpm,3925028,1333,268,1609,2112,4,3,1033468,9,4250908,73,0,2,1678,1494,1236,74,155,1699,16383,1680,1673,1663280,800,2053,2289,532451,11955,8,382574,1496,82064,563,3924930121,3925029188,0,3925029262,3925029776,3458207928,17865257,986,60,63,0.0834,1670.0,0.42471446900878274,0.031440989460476576,0.0834,23.52,74.3,,,,,,
2026-07-30T22:19:39.480824+00:00,S043,mounted,true,orientation_change,mild,1300,orientation_change-mild_horizontal_no_load_1300rpm,3925128,1337,269,1602,2106,4,3,1033522,9,4250908,73,0,2,1678,1495,1235,72,151,1694,16383,1681,1673,1663469,800,2019,2289,532468,11956,8,382575,1496,82065,563,3925030205,3925129268,0,3925129342,3925129857,3458999229,17868246,985,60,68,0.0834,1670.0,0.42439543091334864,-0.025498460020073832,0.0834,23.67,74.6,,,,,,
2026-07-30T22:19:39.620859+00:00,S043,mounted,true,orientation_change,mild,1300,orientation_change-mild_horizontal_no_load_1300rpm,3925228,1338,269,1602,2105,4,3,1033576,9,4250908,73,0,3,1678,1495,1211,72,151,1698,16383,1680,1673,1663306,800,2045,2227,532455,11957,8,382578,1496,82066,563,3925130285,3925229353,0,3925229432,3925229947,3458289668,17871235,981,64,67,0.0834,1670.0,0.32077611867525313,0.01753967341306284,0.0834,23.55,74.4,,,,,,
2026-07-30T22:19:39.714212+00:00,S043,mounted,true,orientation_change,mild,1300,orientation_change-mild_horizontal_no_load_1300rpm,3925328,1338,268,1602,2104,5,3,1033629,9,4250908,73,0,2,1678,1495,1233,75,152,1700,16383,1682,1671,1663436,800,2037,2141,532479,11956,8,382578,1496,82067,563,3925230376,3925329446,0,3925329520,3925330035,3458813480,17868244,981,58,62,0.0834,1670.0,0.17778692773502813,0.004494466042154421,0.0834,23.49,74.3,,,,,,
2026-07-30T22:19:39.807800+00:00,S043,mounted,true,orientation_change,mild,1300,orientation_change-mild_horizontal_no_load_1300rpm,3925429,1330,266,1615,2115,5,3,1033683,9,4250908,73,2,3,1678,1494,1248,76,159,1697,16383,1684,1674,1680427,808,2051,2263,532488,11953,8,382573,1496,82068,563,3925330467,3925430072,0,3925430241,3925430757,3494918391,17859281,1017,49,78,0.0834,1670.0,0.38201871655651276,0.028680038735045432,0.0834,23.58,74.4,,,,,,
2026-07-30T22:19:39.900758+00:00,S043,mounted,true,orientation_change,mild,1300,orientation_change-mild_horizontal_no_load_1300rpm,3925529,1325,269,1617,2125,1,3,1033736,9,4250908,73,0,2,1678,1495,1209,76,159,1697,16383,1684,1673,1663325,800,2029,2107,532483,11958,8,382578,1496,82069,563,3925431188,3925530273,0,3925530283,3925530798,3458357393,17874222,1004,46,82,0.0834,1670.0,0.12054642799799264,-0.009401180632212736,0.0834,23.58,74.4,,,,,,
2026-07-30T22:19:39.994202+00:00,S043,mounted,true,orientation_change,mild,1300,orientation_change-mild_horizontal_no_load_1300rpm,3925629,1326,268,1617,2124,3,3,1033789,9,4250908,73,1,2,1678,1494,1243,78,157,1704,16383,1682,1672,1663584,800,2051,2107,532480,11953,8,382573,1496,82070,563,3925531227,3925630296,0,3925630305,3925630820,3459422002,17859279,997,44,75,0.0834,1670.0,0.12201478381996145,0.028680038735045432,0.0834,23.37,74.1,,,,,,
2026-07-30T22:19:40.088518+00:00,S043,mounted,true,orientation_change,mild,1300,orientation_change-mild_horizontal_no_load_1300rpm,3925729,1325,269,1616,2125,2,3,1033842,9,4250908,73,0,2,1678,1495,1209,78,157,1712,16383,1681,1674,1663276,800,2041,2103,532462,11956,8,382574,1496,82071,563,3925631250,3925730355,0,3925730365,3925730880,3458144942,17868244,993,53,68,0.0834,1670.0,0.11446852827032439,0.011159560722649342,0.0834,23.13,73.6,,,,,,
2026-07-30T22:19:40.184216+00:00,S043,mounted,true,orientation_change,mild,1300,orientation_change-mild_horizontal_no_load_1300rpm,3925829,1324,268,1619,2125,6,3,1033895,9,4250908,73,0,2,1678,1494,1213,72,144,1715,16383,1683,1672,1663065,800,2036,2101,532456,11951,8,382566,1496,82072,563,3925731308,3925830386,0,3925830395,3925830910,3457265975,17853303,999,42,60,0.0834,1670.0,0.112600645385323,0.004247543552840405,0.0834,23.04,73.5,,,,,,
2026-07-30T22:19:40.322722+00:00,S043,mounted,true,orientation_change,mild,1300,orientation_change-mild_horizontal_no_load_1300rpm,3925929,1328,267,1617,2120,4,3,1033948,9,4250908,73,0,2,1678,1495,1222,70,157,1706,16383,1682,1672,1663395,800,1903,2102,532467,11957,8,382569,1496,82073,563,3925831338,3925930413,0,3925930423,3925930938,3458677837,17871233,1005,45,70,0.0834,1670.0,0.112509329346826,-0.21905139926402972,0.0834,23.31,74.0,,,,,,
2026-07-30T22:19:40.417137+00:00,S043,mounted,true,orientation_change,mild,1300,orientation_change-mild_horizontal_no_load_1300rpm,3926030,1333,266,1612,2112,4,3,1034002,9,4250908,73,0,2,1678,1494,1232,70,157,1703,16383,1683,1673,1680119,808,2035,2105,532486,11954,8,382567,1496,82074,563,3925931371,3926031047,0,3926031126,3926031641,3493607055,17862268,993,47,60,0.0834,1670.0,0.11838790948636424,0.0017292379119959733,0.0834,23.4,74.1,,,,,,
2026-07-30T22:19:40.509644+00:00,S043,mounted,true,orientation_change,mild,1300,orientation_change-mild_horizontal_no_load_1300rpm,3926130,1338,268,1603,2105,5,3,1034055,9,4250908,73,1,2,1678,1495,1245,71,149,1702,16383,1681,1672,1663564,800,1991,2177,532482,11958,8,382572,1496,82075,563,3926032069,3926131150,0,3926131224,3926131738,3459373322,17874222,986,62,55,0.0834,1670.0,0.23716607676869028,-0.07270898996487718,0.0834,23.43,74.2,,,,,,
2026-07-30T22:19:40.603384+00:00,S043,mounted,true,orientation_change,mild,1300,orientation_change-mild_horizontal_no_load_1300rpm,3926230,1326,269,1614,2122,1,3,1034108,9,4250908,73,1,3,1678,1494,1237,68,142,1703,16383,1680,1672,1663020,800,2035,2193,532439,11953,8,382568,1496,82076,563,3926132169,3926231247,0,3926231321,3926231835,3457092520,17859281,995,54,72,0.0834,1670.0,0.26535028520036796,0.0020129687107837135,0.0834,23.4,74.1,,,,,,
2026-07-30T22:19:40.695378+00:00,S043,mounted,true,orientation_change,mild,1300,orientation_change-mild_horizontal_no_load_1300rpm,3926330,1316,268,1627,2136,3,3,1034161,9,4250908,73,1,2,1678,1495,1245,68,142,1699,16383,1681,1673,1663543,800,1933,2103,532482,11958,8,382573,1496,82077,563,3926232266,3926331326,0,3926331400,3926331915,3459277857,17874222,1004,59,69,0.0834,1670.0,0.11388244806823877,-0.16933669894631231,0.0834,23.52,74.3,,,,,,
2026-07-30T22:19:40.787782+00:00,S043,mounted,true,orientation_change,mild,1300,orientation_change-mild_horizontal_no_load_1300rpm,3926431,1310,268,1637,2149,2,3,1034214,9,4250908,73,0,2,1678,1494,1225,69,144,1708,16383,1680,1673,1679974,808,2049,2105,532485,11955,8,382573,1496,82078,563,3926332350,3926432239,0,3926432248,3926432764,3492997350,17865259,1007,50,81,0.0834,1670.0,0.11809446800501888,0.02477533726474279,0.0834,23.25,73.8,,,,,,
2026-07-30T22:19:40.883121+00:00,S043,mounted,true,orientation_change,mild,1300,orientation_change-mild_horizontal_no_load_1300rpm,3926531,1311,267,1636,2146,4,3,1034266,9,4250908,73,0,3,1678,1494,1233,69,144,1703,16383,1680,1672,1662937,800,2015,2107,532452,11954,8,382571,1496,82079,563,3926433196,3926532265,0,3926532275,3926532789,3456747799,17862268,1005,48,88,0.0834,1670.0,0.12172101438848859,-0.03160181110925242,0.0834,23.4,74.1,,,,,,
2026-07-30T22:19:41.022254+00:00,S043,mounted,true,orientation_change,mild,1300,orientation_change-mild_horizontal_no_load_1300rpm,3926631,1310,268,1636,2148,5,3,1034319,9,4250908,73,0,2,1678,1495,1219,67,142,1702,16383,1680,1674,1663015,800,1903,2303,532455,11956,8,382572,1496,82080,563,3926533218,3926632329,0,3926632339,3926632854,3457159529,17868244,1000,57,78,0.0834,1670.0,0.4477232622950815,-0.21878620575443275,0.0834,23.43,74.2,,,,,,
2026-07-30T22:19:41.116582+00:00,S043,mounted,true,orientation_change,mild,1300,orientation_change-mild_horizontal_no_load_1300rpm,3926732,1304,267,1644,2157,3,3,1034371,9,4250908,73,1,3,1678,1494,1221,66,152,1697,16383,1680,1672,1679407,808,2006,2243,532403,11955,8,382572,1496,82081,563,3926633283,3926732992,0,3926733066,3926733581,3490677109,17865259,993,75,72,0.0834,1670.0,0.34805946875784155,-0.04688042383939761,0.0834,23.58,74.4,,,,,,
2026-07-30T22:19:41.211233+00:00,S043,mounted,true,orientation_change,mild,1300,orientation_change-mild_horizontal_no_load_1300rpm,3926832,1281,267,1673,2195,6,3,1034423,9,4250908,73,1,3,1678,1494,1247,66,152,1698,16383,1680,1672,1663131,800,2043,2239,532382,11950,8,382562,1496,82082,563,3926734012,3926833097,0,3926833176,3926833691,3457590397,17850316,985,59,59,0.0834,1670.0,0.3429549457740584,0.016201328368200762,0.0834,23.55,74.4,,,,,,
2026-07-30T22:19:41.305693+00:00,S043,mounted,true,orientation_change,mild,1300,orientation_change-mild_horizontal_no_load_1300rpm,3926932,1277,264,1679,2196,1,3,1034474,9,4250908,73,1,2,1678,1494,1199,64,150,1699,16383,1680,1675,1663642,800,2039,2259,532419,11955,8,382562,1496,82083,563,3926834121,3926933192,0,3926933266,3926933781,3459727486,17865257,979,63,61,0.0834,1670.0,0.374722077540778,0.008111206775407886,0.0834,23.52,74.3,,,,,,
2026-07-30T22:19:41.401824+00:00,S043,mounted,true,orientation_change,mild,1300,orientation_change-mild_horizontal_no_load_1300rpm,3927032,1299,266,1657,2170,2,3,1034526,9,4250908,73,2,2,1678,1495,1225,66,150,1696,16383,1682,1672,1663277,800,2035,2101,532460,11957,8,382565,1496,82084,563,3926934211,3927033440,0,3927033519,3927034034,3458159795,17871235,981,65,59,0.0834,1670.0,0.11084319503219842,0.0008783302667891846,0.0834,23.61,74.5,,,,,,
2026-07-30T22:19:41.494787+00:00,S043,mounted,true,orientation_change,mild,1300,orientation_change-mild_horizontal_no_load_1300rpm,3927133,1308,267,1641,2152,4,3,1034578,9,4250908,73,0,2,1678,1494,1229,66,150,1695,16383,1680,1675,1679981,808,1934,2199,532474,11954,8,382563,1496,82085,563,3927034464,3927134082,0,3927134091,3927134607,3493081771,17862266,975,71,54,0.0834,1670.0,0.2750438398862305,-0.16659255964530706,0.0834,23.64,74.6,,,,,,
2026-07-30T22:19:41.588005+00:00,S043,mounted,true,orientation_change,mild,1300,orientation_change-mild_horizontal_no_load_1300rpm,3927233,1313,268,1636,2147,5,3,1034631,9,4250908,73,2,2,1678,1495,1230,69,156,1702,16383,1681,1673,1663043,800,2039,2110,532467,11957,8,382566,1496,82086,563,3927135035,3927234129,0,3927234138,3927234653,3457176365,17871233,990,64,53,0.0834,1670.0,0.12583840386384493,0.007542867525298647,0.0834,23.43,74.2,,,,,,
2026-07-30T22:19:41.728148+00:00,S043,mounted,true,orientation_change,mild,1300,orientation_change-mild_horizontal_no_load_1300rpm,3927333,1321,267,1625,2132,1,3,1034684,9,4250908,73,0,2,1678,1494,1227,69,156,1697,16383,1682,1671,1663641,800,2051,2295,532480,11952,8,382560,1496,82087,563,3927235083,3927334208,0,3927334222,3927334738,3459709663,17856294,976,74,45,0.0834,1670.0,0.43567289156626465,0.02896604819277071,0.0834,23.58,74.4,,,,,,
2026-07-30T22:19:41.826653+00:00,S043,mounted,true,orientation_change,mild,1300,orientation_change-mild_horizontal_no_load_1300rpm,3927433,1324,268,1620,2127,3,3,1034737,9,4250908,73,0,2,1678,1495,1232,70,156,1700,16383,1681,1672,1663456,800,1935,2266,532488,11960,8,382570,1496,82088,563,3927335166,3927434269,0,3927434279,3927434794,3458959526,17880200,991,70,43,0.0834,1670.0,0.3848083351170568,-0.16654378929765912,0.0834,23.49,74.3,,,,,,
2026-07-30T22:19:41.917356+00:00,S043,mounted,true,orientation_change,mild,1300,orientation_change-mild_horizontal_no_load_1300rpm,3927533,1330,268,1611,2115,2,3,1034790,9,4250908,73,1,2,1678,1495,1233,73,164,1696,16383,1682,1674,1664126,800,2041,2275,532514,11957,8,382573,1496,82089,563,3927435222,3927534322,0,3927534331,3927534847,3461729516,17871233,981,68,51,0.0834,1670.0,0.4007505657773689,0.010875136154553822,0.0834,23.61,74.5,,,,,,
2026-07-30T22:19:42.006674+00:00,S043,mounted,true,orientation_change,mild,1300,orientation_change-mild_horizontal_no_load_1300rpm,3927633,1336,268,1606,2109,6,3,1034843,9,4250908,73,1,2,1678,1494,1230,73,164,1695,16383,1682,1672,1663750,800,1969,2109,532520,11953,8,382569,1496,82090,563,3927535281,3927634363,0,3927634372,3927634888,3460128782,17859283,976,74,51,0.0834,1670.0,0.12534816757299438,-0.10798869513929565,0.0834,23.64,74.6,,,,,,
2026-07-30T22:19:42.101214+00:00,S043,mounted,true,orientation_change,mild,1300,orientation_change-mild_horizontal_no_load_1300rpm,3927734,1338,269,1602,2105,6,3,1034897,9,4250908,73,1,2,1678,1494,1225,73,176,1698,16383,1681,1671,1680328,808,1938,2207,532492,11952,8,382563,1496,82091,563,3927635318,3927734967,0,3927735040,3927735556,3494506572,17856294,974,78,43,0.0834,1670.0,0.2889917349397586,-0.1593858915662656,0.0834,23.55,74.4,,,,,,
2026-07-30T22:19:42.192631+00:00,S043,mounted,true,orientation_change,mild,1300,orientation_change-mild_horizontal_no_load_1300rpm,3927834,1338,268,1604,2106,6,3,1034951,9,4250908,73,1,2,1678,1494,1242,77,173,1701,16383,1681,1674,1663342,800,2049,2115,532472,11953,8,382559,1496,82092,563,3927735986,3927835093,0,3927835167,3927835682,3458419304,17859281,992,69,58,0.0834,1670.0,0.13534831883209186,0.025346654982012495,0.0834,23.46,74.2,,,,,,
2026-07-30T22:19:42.333189+00:00,S043,mounted,true,orientation_change,mild,1300,orientation_change-mild_horizontal_no_load_1300rpm,3927934,1336,268,1606,2108,4,3,1035004,9,4250908,73,0,2,1678,1494,1214,77,173,1707,16383,1682,1673,1663429,800,2039,2107,532475,11954,8,382558,1496,82093,563,3927836112,3927935166,0,3927935240,3927935755,3458782349,17862266,1006,60,65,0.0834,1670.0,0.12172101438848859,0.008395447716245563,0.0834,23.28,73.9,,,,,,
2026-07-30T22:19:42.425598+00:00,S043,mounted,true,orientation_change,mild,1300,orientation_change-mild_horizontal_no_load_1300rpm,3928034,1342,268,1601,2101,4,3,1035058,9,4250908,73,1,2,1678,1494,1201,77,172,1705,16383,1680,1672,1663133,800,2051,2108,532464,11955,8,382558,1496,82094,563,3927936184,3928035253,0,3928035327,3928035842,3457549827,17865257,996,71,64,0.0834,1670.0,0.12309370715181878,0.028108163362609684,0.0834,23.34,74.0,,,,,,
2026-07-30T22:19:42.519282+00:00,S043,mounted,true,orientation_change,mild,1300,orientation_change-mild_horizontal_no_load_1300rpm,3928134,1346,268,1592,2091,4,3,1035112,9,4250908,73,0,3,1678,1494,1203,77,172,1701,16383,1682,1672,1663424,800,2011,2125,532458,11954,8,382557,1496,82095,563,3928036276,3928135359,0,3928135433,3928135948,3458773042,17862268,986,92,56,0.0834,1670.0,0.1517189585076122,-0.03826802091350201,0.0834,23.46,74.2,,,,,,
2026-07-30T22:19:42.613425+00:00,S043,mounted,true,orientation_change,mild,1300,orientation_change-mild_horizontal_no_load_1300rpm,3928234,1349,269,1588,2087,4,3,1035166,9,4250908,73,0,2,1678,1494,1225,75,156,1701,16383,1681,1672,1664113,800,2054,2217,532480,11953,8,382554,1496,82096,563,3928136376,3928235441,0,3928235515,3928236030,3461645349,17859279,986,89,51,0.0834,1670.0,0.30535089023676054,0.033680114364594615,0.0834,23.46,74.2,,,,,,
2026-07-30T22:19:42.708916+00:00,S043,mounted,true,orientation_change,mild,1300,orientation_change-mild_horizontal_no_load_1300rpm,3928335,1333,268,1609,2113,4,3,1035220,9,4250908,73,0,2,1678,1494,1232,75,151,1703,16383,1680,1672,1679433,808,2043,2105,532441,11954,8,382553,1496,82097,563,3928236462,3928336241,0,3928336251,3928336766,3490750607,17862268,979,83,45,0.0834,1670.0,0.11838790948636424,0.015061657520495153,0.0834,23.4,74.1,,,,,,
2026-07-30T22:19:42.800909+00:00,S043,mounted,true,orientation_change,mild,1300,orientation_change-mild_horizontal_no_load_1300rpm,3928435,1326,268,1616,2122,5,3,1035273,9,4250908,73,1,2,1678,1494,1242,75,151,1702,16383,1681,1674,1664220,800,2037,2270,532481,11952,8,382548,1496,82098,563,3928337194,3928436298,0,3928436308,3928436823,3462168696,17856290,976,82,45,0.0834,1670.0,0.39400210843373484,0.005630409638554212,0.0834,23.43,74.2,,,,,,
2026-07-30T22:19:42.894478+00:00,S043,mounted,true,orientation_change,mild,1300,orientation_change-mild_horizontal_no_load_1300rpm,3928535,1323,268,1622,2129,1,3,1035326,9,4250908,73,0,2,1678,1495,1208,77,151,1704,16383,1681,1674,1663979,800,2049,2235,532482,11956,8,382550,1496,82099,563,3928437257,3928536364,0,3928536373,3928536888,3461093917,17868244,986,62,58,0.0834,1670.0,0.3344166527266643,0.024489750083639628,0.0834,23.37,74.1,,,,,,
2026-07-30T22:19:43.036338+00:00,S043,mounted,true,orientation_change,mild,1300,orientation_change-mild_horizontal_no_load_1300rpm,3928635,1324,269,1619,2127,3,3,1035379,9,4250908,73,0,2,1678,1495,1234,78,167,1706,16383,1681,1672,1662615,800,1913,2208,532423,11957,8,382554,1496,82100,563,3928537316,3928636393,0,3928636403,3928636918,3455485807,17871235,979,65,63,0.0834,1670.0,0.28911956669733163,-0.20239005611775518,0.0834,23.31,74.0,,,,,,
2026-07-30T22:19:43.131839+00:00,S043,mounted,true,orientation_change,mild,1300,orientation_change-mild_horizontal_no_load_1300rpm,3928735,1324,266,1621,2125,2,3,1035432,9,4250908,73,0,2,1678,1494,1229,78,167,1705,16383,1682,1672,1663788,800,2052,2241,532488,11955,8,382554,1496,82101,563,3928637346,3928736442,0,3928736451,3928736966,3460312956,17865257,986,72,49,0.0834,1670.0,0.34472664265997466,0.029774576411542686,0.0834,23.34,74.0,,,,,,
2026-07-30T22:19:43.224119+00:00,S043,mounted,true,orientation_change,mild,1300,orientation_change-mild_horizontal_no_load_1300rpm,3928836,1331,267,1612,2114,6,3,1035485,9,4250908,73,0,2,1678,1494,1241,80,171,1698,16383,1681,1674,1680418,808,2047,2103,532488,11954,8,382553,1496,82102,563,3928737395,3928837057,0,3928837131,3928837646,3494843722,17862268,999,55,62,0.0834,1670.0,0.11505480458423945,0.0217278673247443,0.0834,23.55,74.4,,,,,,
2026-07-30T22:19:43.316916+00:00,S043,mounted,true,orientation_change,mild,1300,orientation_change-mild_horizontal_no_load_1300rpm,3928936,1336,268,1605,2107,6,3,1035539,9,4250908,73,1,2,1678,1494,1233,80,171,1692,16383,1681,1672,1663570,800,1941,2293,532473,11954,8,382552,1496,82103,563,3928838074,3928937139,0,3928937213,3928937728,3459442326,17862268,988,55,60,0.0834,1670.0,0.4316997702860963,-0.15492669248787072,0.0834,23.73,74.7,,,,,,
2026-07-30T22:19:43.409582+00:00,S043,mounted,true,orientation_change,mild,1300,orientation_change-mild_horizontal_no_load_1300rpm,3929036,1337,268,1603,2105,4,3,1035592,9,4250908,73,1,2,1678,1495,1229,81,178,1696,16383,1681,1673,1663532,800,2027,2121,532491,11958,8,382558,1496,82104,563,3928938159,3929037213,0,3929037287,3929037805,3459214538,17874222,979,68,58,0.0834,1670.0,0.14387035775213253,-0.012733170597090115,0.0834,23.61,74.5,,,,,,
2026-07-30T22:19:43.504049+00:00,S043,mounted,true,orientation_change,mild,1300,orientation_change-mild_horizontal_no_load_1300rpm,3929136,1322,268,1618,2126,5,3,1035645,9,4250908,73,2,3,1678,1494,1218,82,168,1697,16383,1680,1673,1663423,800,2051,2103,532476,11954,8,382557,1496,82105,563,3929038235,3929137303,0,3929137377,3929137892,3458755683,17862268,972,66,50,0.0834,1670.0,0.11505480458423945,0.02839407712899389,0.0834,23.58,74.4,,,,,,
2026-07-30T22:19:43.598260+00:00,S043,mounted,true,orientation_change,mild,1300,orientation_change-mild_horizontal_no_load_1300rpm,3929236,1315,269,1629,2140,1,3,1035698,9,4250908,73,0,2,1678,1495,1225,82,168,1690,16383,1680,1674,1663354,800,2035,2111,532478,11956,8,382559,1496,82106,563,3929138323,3929237389,0,3929237463,3929237978,3458468404,17868244,981,57,62,0.0834,1670.0,0.12779871763131467,0.001161918701906739,0.0834,23.79,74.8,,,,,,
2026-07-30T22:19:43.693740+00:00,S043,mounted,true,orientation_change,mild,1300,orientation_change-mild_horizontal_no_load_1300rpm,3929337,1315,268,1631,2142,3,3,1035751,9,4250908,73,1,2,1678,1494,1259,80,162,1685,16383,1681,1672,1680018,808,1925,2107,532469,11954,8,382558,1496,82107,563,3929238406,3929338106,0,3929338115,3929338630,3493205568,17862268,993,58,68,0.0834,1670.0,0.12172101438848859,-0.18159153170486908,0.0834,23.94,75.1,,,,,,
2026-07-30T22:19:43.833462+00:00,S043,mounted,true,orientation_change,mild,1300,orientation_change-mild_horizontal_no_load_1300rpm,3929437,1322,267,1623,2129,2,3,1035804,9,4250908,73,1,2,1678,1494,1229,76,161,1697,16383,1680,1672,1663337,800,2045,2211,532472,11954,8,382557,1496,82108,563,3929339061,3929438140,0,3929438150,3929438665,3458419085,17862268,978,81,53,0.0834,1670.0,0.29504246929897926,0.018394762422619504,0.0834,23.58,74.4,,,,,,
2026-07-30T22:19:43.927527+00:00,S043,mounted,true,orientation_change,mild,1300,orientation_change-mild_horizontal_no_load_1300rpm,3929537,1324,268,1621,2128,6,3,1035857,9,4250908,73,0,2,1678,1495,1245,76,161,1702,16383,1682,1673,1663434,800,2051,2115,532450,11956,8,382559,1496,82109,563,3929439095,3929538241,0,3929538256,3929538771,3458802818,17868246,980,72,66,0.0834,1670.0,0.1344638123118096,0.02782229742388731,0.0834,23.43,74.2,,,,,,
2026-07-30T22:19:44.021221+00:00,S043,mounted,true,orientation_change,mild,1300,orientation_change-mild_horizontal_no_load_1300rpm,3929637,1306,267,1639,2150,5,3,1035909,9,4250908,73,2,3,1678,1494,1211,77,160,1705,16383,1683,1674,1663319,800,2039,2103,532472,11954,8,382558,1496,82110,563,3929539199,3929638273,0,3929638282,3929638797,3458324533,17862268,979,74,54,0.0834,1670.0,0.11505480458423945,0.008395447716245563,0.0834,23.34,74.0,,,,,,
2026-07-30T22:19:44.113714+00:00,S043,mounted,true,orientation_change,mild,1300,orientation_change-mild_horizontal_no_load_1300rpm,3929737,1292,267,1659,2177,3,3,1035961,9,4250908,73,0,3,1678,1494,1235,77,160,1699,16383,1680,1670,1663270,800,1919,2237,532463,11954,8,382557,1496,82111,563,3929639231,3929738337,0,3929738346,3929738861,3458172964,17862268,992,63,64,0.0834,1670.0,0.3383728330266016,-0.19159084641124302,0.0834,23.52,74.3,,,,,,
2026-07-30T22:19:44.207761+00:00,S043,mounted,true,orientation_change,mild,1300,orientation_change-mild_horizontal_no_load_1300rpm,3929837,1292,267,1663,2181,4,3,1036012,9,4250908,73,2,2,1678,1495,1238,76,159,1708,16383,1683,1670,1663473,800,2029,2129,532469,11957,8,382561,1496,82112,563,3929739290,3929838343,0,3929838353,3929838867,3458972727,17871235,987,61,68,0.0834,1670.0,0.15749495584176598,-0.009118475620975453,0.0834,23.25,73.8,,,,,,
2026-07-30T22:19:44.300080+00:00,S043,mounted,true,orientation_change,mild,1300,orientation_change-mild_horizontal_no_load_1300rpm,3929937,1307,268,1642,2155,5,3,1036065,9,4250908,73,1,2,1678,1495,1250,75,154,1700,16383,1680,1674,1663411,800,2013,2161,532471,11956,8,382562,1496,82113,563,3929839297,3929938396,0,3929938410,3929938925,3458720411,17868246,992,53,66,0.0834,1670.0,0.21111240113750407,-0.03549610204081688,0.0834,23.49,74.3,,,,,,
2026-07-30T22:19:44.442581+00:00,S043,mounted,true,orientation_change,mild,1300,orientation_change-mild_horizontal_no_load_1300rpm,3930037,1308,267,1641,2152,3,3,1036117,9,4250908,73,0,2,1678,1494,1240,75,154,1708,16383,1680,1672,1663337,800,1935,2227,532484,11955,8,382562,1496,82114,563,3929939356,3930038448,0,3930038457,3930038972,3458439705,17865257,991,53,71,0.0834,1670.0,0.32139685997490597,-0.16519575031367673,0.0834,23.25,73.8,,,,,,
2026-07-30T22:19:44.536335+00:00,S043,mounted,true,orientation_change,mild,1300,orientation_change-mild_horizontal_no_load_1300rpm,3930138,1307,265,1643,2151,2,3,1036170,9,4250908,73,1,2,1678,1495,1219,73,153,1698,16383,1680,1674,1679632,808,1959,2105,532477,11956,8,382563,1496,82115,563,3930039400,3930139083,0,3930139162,3930139677,3491600890,17868246,991,59,78,0.0834,1670.0,0.11780107561057207,-0.1254748802275012,0.0834,23.55,74.4,,,,,,
2026-07-30T22:19:44.628589+00:00,S043,mounted,true,orientation_change,mild,1300,orientation_change-mild_horizontal_no_load_1300rpm,3930238,1301,269,1648,2165,4,3,1036222,9,4250908,73,0,2,1678,1494,1213,70,144,1699,16383,1680,1672,1663361,800,2049,2105,532475,11955,8,382563,1496,82116,563,3930140107,3930239204,0,3930239283,3930239798,3458498681,17865255,983,60,64,0.0834,1670.0,0.11809446800501888,0.02477533726474279,0.0834,23.52,74.3,,,,,,
2026-07-30T22:19:44.722907+00:00,S043,mounted,true,orientation_change,mild,1300,orientation_change-mild_horizontal_no_load_1300rpm,3930338,1301,267,1650,2164,1,3,1036274,9,4250908,73,1,2,1678,1495,1242,70,144,1705,16383,1682,1671,1663037,800,2051,2113,532455,11958,8,382568,1496,82117,563,3930240226,3930339294,0,3930339368,3930339883,3457153935,17874222,985,63,60,0.0834,1670.0,0.1305423978926239,0.02725070898143489,0.0834,23.34,74.0,,,,,,
2026-07-30T22:19:44.816946+00:00,S043,mounted,true,orientation_change,mild,1300,orientation_change-mild_horizontal_no_load_1300rpm,3930439,1317,266,1631,2136,3,3,1036327,9,4250908,73,2,2,1678,1495,1225,69,168,1703,16383,1681,1672,1680475,808,1915,2349,532475,11957,8,382571,1496,82118,563,3930340313,3930440081,0,3930440091,3930440606,3495213805,17871233,974,75,58,0.0834,1670.0,0.5240445050597975,-0.1990577874885009,0.0834,23.4,74.1,,,,,,
2026-07-30T22:19:44.910573+00:00,S043,mounted,true,orientation_change,mild,1300,orientation_change-mild_horizontal_no_load_1300rpm,3930539,1322,267,1623,2128,2,3,1036380,9,4250908,73,1,2,1678,1495,1217,69,168,1702,16383,1680,1673,1663292,800,1993,2185,532474,11956,8,382572,1496,82119,563,3930441036,3930540155,0,3930540169,3930540685,3458234440,17868244,966,63,63,0.0834,1670.0,0.2511029692204749,-0.06882157544329237,0.0834,23.43,74.2,,,,,,
2026-07-30T22:19:45.003462+00:00,S043,mounted,true,orientation_change,mild,1300,orientation_change-mild_horizontal_no_load_1300rpm,3930639,1323,268,1621,2129,6,3,1036433,9,4250908,73,1,2,1678,1494,1235,68,178,1704,16383,1680,1673,1663123,800,2041,2107,532479,11953,8,382568,1496,82120,563,3930541115,3930640216,0,3930640231,3930640746,3457511759,17859281,970,75,51,0.0834,1670.0,0.12201478381996145,0.01201311996988208,0.0834,23.37,74.1,,,,,,
2026-07-30T22:19:45.144032+00:00,S043,mounted,true,orientation_change,mild,1300,orientation_change-mild_horizontal_no_load_1300rpm,3930739,1324,266,1621,2124,4,3,1036486,9,4250908,73,0,2,1678,1495,1249,67,172,1703,16383,1681,1673,1663289,800,2041,2197,532469,11956,8,382569,1496,82121,563,3930641176,3930740271,0,3930740285,3930740800,3458214323,17868244,979,68,57,0.0834,1670.0,0.2710982532619606,0.011159560722649342,0.0834,23.4,74.1,,,,,,
2026-07-30T22:19:45.238071+00:00,S043,mounted,true,orientation_change,mild,1300,orientation_change-mild_horizontal_no_load_1300rpm,3930839,1323,269,1620,2128,5,3,1036539,9,4250908,73,1,2,1678,1495,1212,67,172,1693,16383,1681,1673,1663180,800,1973,2231,532468,11958,8,382574,1496,82122,563,3930741228,3930840290,0,3930840458,3930840973,3457779180,17874230,979,57,55,0.0834,1670.0,0.3271298058203711,-0.10269689964877049,0.0834,23.7,74.7,,,,,,
2026-07-30T22:19:45.331177+00:00,S043,mounted,true,orientation_change,mild,1300,orientation_change-mild_horizontal_no_load_1300rpm,3930940,1316,265,1630,2134,1,3,1036592,9,4250908,73,0,2,1678,1494,1205,71,167,1699,16383,1681,1673,1680361,808,2030,2238,532478,11955,8,382574,1496,82123,563,3930841404,3930941081,0,3930941155,3930941670,3494632213,17865257,982,66,59,0.0834,1670.0,0.3397274035131743,-0.006886510664994017,0.0834,23.52,74.3,,,,,,
2026-07-30T22:19:45.422903+00:00,S043,mounted,true,orientation_change,mild,1300,orientation_change-mild_horizontal_no_load_1300rpm,3931040,1314,268,1630,2140,3,3,1036645,9,4250908,73,1,3,1678,1494,1222,72,169,1696,16383,1680,1672,1662817,800,2003,2107,532452,11955,8,382574,1496,82124,563,3930942098,3931041169,0,3931041248,3931041763,3456250477,17865255,984,65,61,0.0834,1670.0,0.12142729410288533,-0.051879662986198394,0.0834,23.61,74.5,,,,,,
2026-07-30T22:19:45.515981+00:00,S043,mounted,true,orientation_change,mild,1300,orientation_change-mild_horizontal_no_load_1300rpm,3931140,1310,265,1637,2144,6,3,1036697,9,4250908,73,0,2,1678,1495,1203,72,169,1695,16383,1684,1673,1663524,800,2054,2273,532477,11958,8,382579,1496,82125,563,3931042194,3931141250,0,3931141323,3931141838,3459222230,17874222,981,56,71,0.0834,1670.0,0.3971015950827894,0.03224869392875007,0.0834,23.64,74.6,,,,,,
2026-07-30T22:19:45.608253+00:00,S043,mounted,true,orientation_change,mild,1300,orientation_change-mild_horizontal_no_load_1300rpm,3931240,1310,267,1637,2147,5,3,1036749,9,4250908,73,0,2,1678,1495,1204,71,159,1697,16383,1681,1674,1663497,800,2049,2275,532474,11956,8,382579,1496,82126,563,3931142267,3931241328,0,3931241402,3931241917,3459139213,17868246,977,67,65,0.0834,1670.0,0.4010675995316153,0.024489750083639628,0.0834,23.58,74.4,,,,,,
2026-07-30T22:19:45.748935+00:00,S043,mounted,true,orientation_change,mild,1300,orientation_change-mild_horizontal_no_load_1300rpm,3931340,1311,268,1635,2147,1,3,1036802,9,4250908,73,0,2,1678,1494,1227,71,159,1693,16383,1682,1671,1662831,800,1673,2247,532474,11954,8,382576,1496,82127,563,3931242345,3931341405,0,3931341478,3931341994,3456489003,17862270,989,50,68,0.0834,1670.0,0.35503835753722557,-0.6015627493725955,0.0834,23.7,74.7,,,,,,
2026-07-30T22:19:45.842525+00:00,S043,mounted,true,orientation_change,mild,1300,orientation_change-mild_horizontal_no_load_1300rpm,3931441,1317,269,1628,2140,3,3,1036855,9,4250908,73,1,2,1678,1495,1224,70,159,1693,16383,1680,1670,1679883,808,2041,2106,532455,11958,8,382581,1496,82128,563,3931342422,3931442099,0,3931442108,3931442623,3492622559,17874222,982,69,63,0.0834,1670.0,0.11888043301555395,0.010590759157049767,0.0834,23.7,74.7,,,,,,
2026-07-30T22:19:45.936147+00:00,S043,mounted,true,orientation_change,mild,1300,orientation_change-mild_horizontal_no_load_1300rpm,3931541,1324,266,1623,2127,2,3,1036908,9,4250908,73,0,2,1678,1495,1228,68,159,1698,16383,1680,1672,1663377,800,1956,2271,532466,11956,8,382581,1496,82129,563,3931443054,3931542136,0,3931542146,3931542661,3458625583,17868246,984,64,63,0.0834,1670.0,0.3944025048511204,-0.1304737012378725,0.0834,23.55,74.4,,,,,,
2026-07-30T22:19:46.031401+00:00,S043,mounted,true,orientation_change,mild,1300,orientation_change-mild_horizontal_no_load_1300rpm,3931641,1323,267,1624,2129,6,3,1036961,9,4250908,73,0,2,1678,1495,1237,68,159,1698,16383,1680,1673,1663240,800,1929,2210,532469,11958,8,382585,1496,82130,563,3931543089,3931642241,0,3931642250,3931642765,3458033774,17874222,996,60,71,0.0834,1670.0,0.2921439111891617,-0.17600067887606619,0.0834,23.55,74.4,,,,,,
2026-07-30T22:19:46.125170+00:00,S043,mounted,true,orientation_change,mild,1300,orientation_change-mild_horizontal_no_load_1300rpm,3931741,1323,268,1621,2128,4,3,1037014,9,4250908,73,0,2,1678,1495,1245,69,169,1701,16383,1681,1673,1663478,800,2048,2117,532481,11958,8,382589,1496,82131,563,3931643193,3931742270,0,3931742280,3931742795,3458990254,17874222,1012,56,70,0.0834,1670.0,0.13720637782237777,0.02225272403411882,0.0834,23.46,74.2,,,,,,
2026-07-30T22:19:46.218375+00:00,S043,mounted,true,orientation_change,mild,1300,orientation_change-mild_horizontal_no_load_1300rpm,3931841,1324,266,1620,2123,5,3,1037067,9,4250908,73,0,2,1678,1495,1214,68,161,1700,16383,1681,1673,1663380,800,2043,2225,532478,11957,8,382591,1496,82132,563,3931743224,3931842470,0,3931842480,3931842995,3458602940,17871233,1010,44,87,0.0834,1670.0,0.31744385004599796,0.014207404783808109,0.0834,23.49,74.3,,,,,,
2026-07-30T22:19:46.313773+00:00,S043,mounted,true,orientation_change,mild,1300,orientation_change-mild_horizontal_no_load_1300rpm,3931942,1325,268,1619,2125,1,3,1037120,9,4250908,73,0,2,1678,1495,1232,68,161,1694,16383,1681,1674,1680552,808,2041,2311,532493,11957,8,382593,1496,82133,563,3931843424,3931943072,0,3931943146,3931943661,3495459032,17871235,995,49,68,0.0834,1670.0,0.4607314011039554,0.010875136154553822,0.0834,23.67,74.6,,,,,,
2026-07-30T22:19:46.454066+00:00,S043,mounted,true,orientation_change,mild,1300,orientation_change-mild_horizontal_no_load_1300rpm,3932042,1324,269,1619,2127,3,3,1037173,9,4250908,73,0,2,1678,1495,1221,69,167,1695,16383,1682,1671,1663367,800,2054,2101,532478,11958,8,382596,1496,82134,563,3931944089,3932043171,0,3932043245,3932043760,3458522645,17874222,1007,66,69,0.0834,1670.0,0.1105504581033614,0.03224869392875007,0.0834,23.64,74.6,,,,,,
2026-07-30T22:19:46.547874+00:00,S043,mounted,true,orientation_change,mild,1300,orientation_change-mild_horizontal_no_load_1300rpm,3932142,1324,267,1620,2125,2,3,1037226,9,4250908,73,1,3,1678,1495,1222,69,167,1695,16383,1681,1672,1663228,800,1831,2163,532473,11957,8,382597,1496,82135,563,3932044190,3932143244,0,3932143318,3932143836,3458031864,17871233,993,49,66,0.0834,1670.0,0.21414352253909819,-0.3390130699172036,0.0834,23.64,74.6,,,,,,
2026-07-30T22:19:46.640654+00:00,S043,mounted,true,orientation_change,mild,1300,orientation_change-mild_horizontal_no_load_1300rpm,3932242,1324,268,1619,2126,6,3,1037279,9,4250908,73,0,3,1678,1494,1210,73,171,1695,16383,1681,1670,1663585,800,2043,2216,532486,11955,8,382595,1496,82136,563,3932144266,3932243344,0,3932243418,3932243932,3459451031,17865257,996,59,57,0.0834,1670.0,0.3030663164366376,0.014776858971141227,0.0834,23.64,74.6,,,,,,
2026-07-30T22:19:46.735488+00:00,S043,mounted,true,orientation_change,mild,1300,orientation_change-mild_horizontal_no_load_1300rpm,3932343,1325,268,1619,2125,6,3,1037333,9,4250908,73,1,2,1678,1494,1220,74,168,1698,16383,1680,1672,1680243,808,1845,2295,532477,11955,8,382593,1496,82137,563,3932244360,3932344045,0,3932344060,3932344575,3494258447,17865257,991,71,57,0.0834,1670.0,0.4347129473023834,-0.31517292471769176,0.0834,23.55,74.4,,,,,,
2026-07-30T22:19:46.828664+00:00,S043,mounted,true,orientation_change,mild,1300,orientation_change-mild_horizontal_no_load_1300rpm,3932443,1323,268,1617,2124,4,3,1037386,9,4250908,73,2,2,1678,1495,1233,74,168,1705,16383,1681,1671,1662496,800,1981,2109,532406,11956,8,382593,1496,82138,563,3932345005,3932444083,0,3932444093,3932444608,3454919806,17868244,989,74,59,0.0834,1670.0,0.12446617029106699,-0.08881685948477802,0.0834,23.34,74.0,,,,,,
2026-07-30T22:19:46.921204+00:00,S043,mounted,true,orientation_change,mild,1300,orientation_change-mild_horizontal_no_load_1300rpm,3932543,1316,269,1627,2139,1,3,1037438,9,4250908,73,0,2,1678,1494,1232,78,181,1705,16383,1680,1671,1663295,800,2041,2187,532420,11955,8,382591,1496,82139,563,3932445038,3932544149,0,3932544159,3932544674,3458238635,17865257,987,79,58,0.0834,1670.0,0.25474033801756546,0.011444032873274335,0.0834,23.34,74.0,,,,,,
2026-07-30T22:19:47.015665+00:00,S043,mounted,true,orientation_change,mild,1300,orientation_change-mild_horizontal_no_load_1300rpm,3932643,1313,269,1632,2145,3,3,1037491,9,4250908,73,0,3,1678,1495,1237,80,175,1702,16383,1681,1673,1663259,800,1995,2227,532461,11957,8,382593,1496,82140,563,3932545102,3932644179,0,3932644189,3932644704,3458104701,17871233,1010,73,70,0.0834,1670.0,0.32077611867525313,-0.06576704231830766,0.0834,23.43,74.2,,,,,,
2026-07-30T22:19:47.155994+00:00,S043,mounted,true,orientation_change,mild,1300,orientation_change-mild_horizontal_no_load_1300rpm,3932743,1313,265,1635,2140,6,3,1037543,9,4250908,73,1,2,1678,1494,1264,80,175,1702,16383,1680,1672,1663299,800,2015,2102,532472,11953,8,382587,1496,82141,563,3932645133,3932744196,0,3932744205,3932744721,3458244667,17859281,999,72,64,0.0834,1670.0,0.11368132443737933,-0.031320868819543435,0.0834,23.43,74.2,,,,,,
2026-07-30T22:19:47.248161+00:00,S043,mounted,true,orientation_change,mild,1300,orientation_change-mild_horizontal_no_load_1300rpm,3932843,1310,266,1641,2150,4,3,1037596,9,4250908,73,0,2,1678,1495,1232,79,172,1727,16383,1680,1672,1663568,800,1985,2249,532471,11956,8,382587,1496,82142,563,3932745151,3932844266,0,3932844275,3932844790,3459421476,17868246,995,61,73,0.0834,1670.0,0.35774448410839677,-0.08215176480428266,0.0834,22.68,72.8,,,,,,
2026-07-30T22:19:47.340415+00:00,S043,mounted,true,orientation_change,mild,1300,orientation_change-mild_horizontal_no_load_1300rpm,3932943,1312,268,1635,2146,1,3,1037648,9,4250908,73,1,2,1678,1494,1262,79,172,1713,16383,1680,1675,1663779,800,2054,2227,532479,11955,8,382586,1496,82143,563,3932845218,3932944284,0,3932944293,3932944808,3460258613,17865257,991,63,69,0.0834,1670.0,0.32139685997490597,0.03310740250941002,0.0834,23.1,73.6,,,,,,
2026-07-30T22:19:47.440393+00:00,S043,mounted,true,orientation_change,mild,1300,orientation_change-mild_horizontal_no_load_1300rpm,3933043,1311,266,1640,2147,3,3,1037701,9,4250908,73,0,2,1678,1494,1222,78,169,1706,16383,1680,1675,1663747,800,1971,2105,532483,11955,8,382585,1496,82144,563,3932945238,3933044340,0,3933044350,3933044865,3460112749,17865255,995,57,75,0.0834,1670.0,0.11809446800501888,-0.10520488055207045,0.0834,23.31,74.0,,,,,,
2026-07-30T22:19:47.530358+00:00,S043,mounted,true,orientation_change,mild,1300,orientation_change-mild_horizontal_no_load_1300rpm,3933143,1311,269,1636,2149,6,3,1037753,9,4250908,73,0,2,1678,1494,1243,76,157,1707,16383,1680,1672,1663592,800,2038,2148,532479,11954,8,382582,1496,82145,563,3933045293,3933144361,0,3933144371,3933144885,3459465876,17862268,980,69,66,0.0834,1670.0,0.19004966488204733,0.006728895265182722,0.0834,23.28,73.9,,,,,,
2026-07-30T22:19:47.637908+00:00,S043,mounted,true,orientation_change,mild,1300,orientation_change-mild_horizontal_no_load_1300rpm,3933243,1311,267,1637,2147,4,3,1037806,9,4250908,73,0,2,1678,1495,1232,76,157,1704,16383,1682,1675,1663855,800,2051,2101,532479,11958,8,382586,1496,82146,563,3933145313,3933244412,0,3933244422,3933244937,3460548735,17874222,999,63,74,0.0834,1670.0,0.1105504581033614,0.02725070898143489,0.0834,23.37,74.1,,,,,,
2026-07-30T22:19:47.715537+00:00,S043,mounted,true,orientation_change,mild,1300,orientation_change-mild_horizontal_no_load_1300rpm,3933344,1311,268,1636,2147,5,3,1037859,9,4250908,73,0,2,1678,1494,1227,77,156,1698,16383,1682,1672,1680235,808,2039,2337,532465,11952,8,382579,1496,82147,563,3933245365,3933345038,0,3933345269,3933345784,3494153463,17856292,1004,51,75,0.0834,1670.0,0.505679807228915,0.008964072289156633,0.0834,23.55,74.4,,,,,,
2026-07-30T22:19:47.857896+00:00,S043,mounted,true,orientation_change,mild,1300,orientation_change-mild_horizontal_no_load_1300rpm,3933444,1311,267,1639,2148,3,3,1037911,9,4250908,73,0,2,1678,1495,1246,76,154,1696,16383,1680,1671,1662814,800,2009,2205,532432,11956,8,382579,1496,82148,563,3933346213,3933445277,0,3933445351,3933445865,3456259434,17868244,986,73,52,0.0834,1670.0,0.28442844262295086,-0.0421611967213118,0.0834,23.61,74.5,,,,,,
2026-07-30T22:19:47.953456+00:00,S043,mounted,true,orientation_change,mild,1300,orientation_change-mild_horizontal_no_load_1300rpm,3933544,1318,267,1629,2136,2,3,1037964,9,4250908,73,1,2,1678,1494,1229,76,154,1701,16383,1681,1673,1663622,800,1973,2295,532451,11952,8,382572,1496,82149,563,3933446294,3933545355,0,3933545429,3933545944,3459672350,17856292,998,64,51,0.0834,1670.0,0.43567289156626465,-0.10104679518072324,0.0834,23.46,74.2,,,,,,
2026-07-30T22:19:48.047011+00:00,S043,mounted,true,orientation_change,mild,1300,orientation_change-mild_horizontal_no_load_1300rpm,3933645,1324,268,1621,2127,6,3,1038017,9,4250908,73,1,2,1678,1494,1229,79,167,1698,16383,1681,1673,1679668,808,1923,2107,532485,11953,8,382568,1496,82150,563,3933546378,3933646041,0,3933646050,3933646565,3491756344,17859281,991,58,59,0.0834,1670.0,0.12201478381996145,-0.18465652145904787,0.0834,23.55,74.4,,,,,,
2026-07-30T22:19:48.140078+00:00,S043,mounted,true,orientation_change,mild,1300,orientation_change-mild_horizontal_no_load_1300rpm,3933745,1325,267,1619,2124,4,3,1038070,9,4250908,73,1,2,1678,1494,1219,79,167,1701,16383,1680,1672,1663000,800,1911,2249,532477,11953,8,382564,1496,82151,563,3933646996,3933746095,0,3933746105,3933746620,3457077570,17859279,981,71,58,0.0834,1670.0,0.35868503028528353,-0.2046568239772446,0.0834,23.46,74.2,,,,,,
2026-07-30T22:19:48.232641+00:00,S043,mounted,true,orientation_change,mild,1300,orientation_change-mild_horizontal_no_load_1300rpm,3933845,1325,268,1618,2124,4,3,1038124,9,4250908,73,1,2,1678,1494,1231,79,166,1699,16383,1681,1673,1663938,800,2033,2245,532499,11953,8,382560,1496,82152,563,3933747050,3933846386,0,3933846401,3933846916,3460927392,17859279,982,87,50,0.0834,1670.0,0.3520182627792181,-0.0013204150422492233,0.0834,23.52,74.3,,,,,,
2026-07-30T22:19:48.324894+00:00,S043,mounted,true,orientation_change,mild,1300,orientation_change-mild_horizontal_no_load_1300rpm,3933945,1325,267,1619,2124,1,3,1038176,9,4250908,73,0,2,1678,1494,1227,76,166,1705,16383,1681,1673,1663271,800,2051,2107,532469,11955,8,382560,1496,82153,563,3933847346,3933946393,0,3933946403,3933946918,3458121759,17865259,989,75,60,0.0834,1670.0,0.12142729410288533,0.028108163362609684,0.0834,23.34,74.0,,,,,,
2026-07-30T22:19:48.419349+00:00,S043,mounted,true,orientation_change,mild,1300,orientation_change-mild_horizontal_no_load_1300rpm,3934046,1319,268,1625,2133,1,3,1038230,9,4250908,73,1,2,1678,1495,1246,76,166,1699,16383,1682,1674,1681458,808,1869,2363,532488,11956,8,382562,1496,82154,563,3933947346,3934046969,0,3934047048,3934047563,3499426530,17868244,986,74,69,0.0834,1670.0,0.5476996825025089,-0.2754395105386416,0.0834,23.52,74.3,,,,,,
2026-07-30T22:19:48.560036+00:00,S043,mounted,true,orientation_change,mild,1300,orientation_change-mild_horizontal_no_load_1300rpm,3934146,1313,267,1634,2144,2,3,1038282,9,4250908,73,0,2,1678,1495,1200,78,169,1699,16383,1681,1672,1663734,800,2045,2313,532481,11956,8,382563,1496,82155,563,3934047994,3934147097,0,3934147171,3934147686,3460106792,17868244,987,73,69,0.0834,1670.0,0.4643859989963195,0.017824655403144707,0.0834,23.52,74.3,,,,,,
2026-07-30T22:19:48.653447+00:00,S043,mounted,true,orientation_change,mild,1300,orientation_change-mild_horizontal_no_load_1300rpm,3934246,1311,268,1635,2146,6,3,1038335,9,4250908,73,0,2,1678,1495,1214,75,161,1704,16383,1682,1673,1662942,800,1833,2112,532465,11956,8,382564,1496,82156,563,3934148114,3934247180,0,3934247259,3934247774,3456822006,17868244,997,63,70,0.0834,1670.0,0.1294649913014383,-0.3354253626630981,0.0834,23.37,74.1,,,,,,
2026-07-30T22:19:48.748811+00:00,S043,mounted,true,orientation_change,mild,1300,orientation_change-mild_horizontal_no_load_1300rpm,3934346,1295,266,1655,2169,1,3,1038386,9,4250908,73,2,3,1678,1494,1203,75,161,1702,16383,1682,1674,1663382,800,2013,2353,532483,11953,8,382560,1496,82157,563,3934248202,3934347276,0,3934347350,3934347865,3458667126,17859281,998,45,77,0.0834,1670.0,0.5320209854429847,-0.03465425257257637,0.0834,23.43,74.2,,,,,,
2026-07-30T22:19:48.855617+00:00,S043,mounted,true,orientation_change,mild,1300,orientation_change-mild_horizontal_no_load_1300rpm,3934447,1278,268,1679,2203,2,3,1038438,9,4250908,73,1,2,1678,1494,1213,73,148,1700,16383,1680,1673,1679695,808,2048,2110,532469,11954,8,382558,1496,82158,563,3934348296,3934448154,0,3934448163,3934448678,3491837457,17862268,1008,42,74,0.0834,1670.0,0.12672067174167623,0.02339441977580714,0.0834,23.49,74.3,,,,,,
2026-07-30T22:19:48.948924+00:00,S043,mounted,true,orientation_change,mild,1300,orientation_change-mild_horizontal_no_load_1300rpm,3934547,1283,266,1677,2196,5,3,1038489,9,4250908,73,3,2,1678,1494,1198,73,148,1701,16383,1680,1672,1662850,800,1919,2161,532450,11954,8,382557,1496,82159,563,3934449113,3934548197,0,3934548206,3934548721,3456430564,17862268,993,55,64,0.0834,1670.0,0.21171484674585894,-0.19159084641124302,0.0834,23.46,74.2,,,,,,
2026-07-30T22:19:49.040582+00:00,S043,mounted,true,orientation_change,mild,1300,orientation_change-mild_horizontal_no_load_1300rpm,3934647,1302,267,1649,2163,3,3,1038541,9,4250908,73,2,2,1678,1494,1200,73,144,1701,16383,1683,1672,1663674,800,2011,2113,532496,11952,8,382552,1496,82160,563,3934549152,3934648215,0,3934648225,3934648739,3459810526,17856290,977,63,66,0.0834,1670.0,0.13230959036144574,-0.03770720481927725,0.0834,23.46,74.2,,,,,,
2026-07-30T22:19:49.135202+00:00,S043,mounted,true,orientation_change,mild,1300,orientation_change-mild_horizontal_no_load_1300rpm,3934747,1308,268,1639,2152,2,3,1038594,9,4250908,73,0,2,1678,1495,1219,70,139,1707,16383,1682,1668,1663246,800,1619,2250,532477,11956,8,382554,1496,82161,563,3934649170,3934748267,0,3934748276,3934748791,3458279460,17868244,980,63,63,0.0834,1670.0,0.35941075777852083,-0.6920079280695886,0.0834,23.28,73.9,,,,,,
2026-07-30T22:19:49.228824+00:00,S043,mounted,true,orientation_change,mild,1300,orientation_change-mild_horizontal_no_load_1300rpm,3934847,1317,268,1629,2139,6,3,1038647,9,4250908,73,1,2,1678,1495,1206,70,139,1703,16383,1680,1674,1663645,800,2023,2281,532476,11956,8,382556,1496,82162,563,3934749220,3934848294,0,3934848308,3934848823,3459720863,17868248,984,57,67,0.0834,1670.0,0.41106524155235835,-0.01883336533957891,0.0834,23.4,74.1,,,,,,
2026-07-30T22:19:49.325131+00:00,S043,mounted,true,orientation_change,mild,1300,orientation_change-mild_horizontal_no_load_1300rpm,3934947,1323,268,1621,2129,4,3,1038700,9,4250908,73,1,2,1678,1495,1196,68,130,1696,16383,1680,1673,1663683,800,2017,2213,532481,11956,8,382558,1496,82163,563,3934849253,3934948400,0,3934948414,3934948929,3459857337,17868244,968,80,57,0.0834,1670.0,0.29775863198394115,-0.028831007360321514,0.0834,23.61,74.5,,,,,,
2026-07-30T22:19:49.463001+00:00,S043,mounted,true,orientation_change,mild,1300,orientation_change-mild_horizontal_no_load_1300rpm,3935048,1323,268,1619,2125,5,3,1038753,9,4250908,73,1,3,1678,1494,1200,72,141,1697,16383,1682,1672,1680128,808,2039,2285,532471,11954,8,382557,1496,82164,563,3934949360,3935048966,0,3935049045,3935049560,3493696872,17862268,978,72,57,0.0834,1670.0,0.41836735067759756,0.008395447716245563,0.0834,23.58,74.4,,,,,,
2026-07-30T22:19:49.558598+00:00,S043,mounted,true,orientation_change,mild,1300,orientation_change-mild_horizontal_no_load_1300rpm,3935148,1317,268,1628,2138,1,3,1038806,9,4250908,73,0,3,1678,1495,1203,72,141,1696,16383,1681,1673,1663300,800,2009,2153,532486,11956,8,382559,1496,82165,563,3935049991,3935149110,0,3935149189,3935149704,3458255440,17868246,980,60,67,0.0834,1670.0,0.19778221177651378,-0.0421611967213118,0.0834,23.61,74.5,,,,,,
2026-07-30T22:19:49.651543+00:00,S043,mounted,true,orientation_change,mild,1300,orientation_change-mild_horizontal_no_load_1300rpm,3935248,1311,267,1635,2145,2,3,1038858,9,4250908,73,0,2,1678,1494,1204,71,140,1695,16383,1682,1673,1663447,800,2039,2111,532480,11955,8,382559,1496,82166,563,3935150132,3935249190,0,3935249263,3935249778,3458854399,17865255,982,64,70,0.0834,1670.0,0.12809294629861956,0.008111206775407886,0.0834,23.64,74.6,,,,,,
2026-07-30T22:19:49.745191+00:00,S043,mounted,true,orientation_change,mild,1300,orientation_change-mild_horizontal_no_load_1300rpm,3935348,1317,268,1632,2141,6,3,1038911,9,4250908,73,2,2,1678,1494,1217,71,140,1704,16383,1680,1673,1663141,800,2043,2107,532470,11954,8,382558,1496,82167,563,3935250210,3935349269,0,3935349343,3935349858,3457587589,17862268,981,69,65,0.0834,1670.0,0.12172101438848859,0.015061657520495153,0.0834,23.37,74.1,,,,,,
2026-07-30T22:19:49.839353+00:00,S043,mounted,true,orientation_change,mild,1300,orientation_change-mild_horizontal_no_load_1300rpm,3935448,1332,267,1610,2111,4,3,1038964,9,4250908,73,1,2,1678,1495,1209,70,145,1702,16383,1681,1672,1663032,800,1898,2114,532478,11958,8,382564,1496,82168,563,3935350289,3935449366,0,3935449440,3935449954,3457172580,17874222,989,64,67,0.0834,1670.0,0.13220839287506259,-0.2276465233316607,0.0834,23.43,74.2,,,,,,
2026-07-30T22:19:49.932656+00:00,S043,mounted,true,orientation_change,mild,1300,orientation_change-mild_horizontal_no_load_1300rpm,3935549,1338,266,1601,2098,4,3,1039018,9,4250908,73,1,2,1678,1494,1229,69,145,1703,16383,1681,1672,1680106,808,1993,2262,532482,11954,8,382562,1496,82169,563,3935450384,3935550047,0,3935550056,3935550571,3493587508,17862268,994,68,61,0.0834,1670.0,0.38003664430316153,-0.06826596503262561,0.0834,23.4,74.1,,,,,,
2026-07-30T22:19:50.026466+00:00,S043,mounted,true,orientation_change,mild,1300,orientation_change-mild_horizontal_no_load_1300rpm,3935649,1316,269,1625,2136,5,3,1039071,9,4250908,73,2,3,1678,1495,1237,69,145,1704,16383,1682,1672,1662919,800,1849,2251,532453,11956,8,382563,1496,82170,563,3935551005,3935650097,0,3935650107,3935650622,3456752275,17868246,990,69,56,0.0834,1670.0,0.36107703144864445,-0.3087649839411175,0.0834,23.37,74.1,,,,,,
2026-07-30T22:19:50.167993+00:00,S043,mounted,true,orientation_change,mild,1300,orientation_change-mild_horizontal_no_load_1300rpm,3935749,1303,267,1646,2159,3,3,1039123,9,4250908,72,0,2,1678,1494,1240,69,148,1701,16383,1681,1674,1663140,800,2009,2153,532456,11953,8,382559,1496,82171,563,3935651052,3935750121,0,3935750130,3935750645,3457587612,17859289,991,60,64,0.0834,1670.0,0.19868261013971367,-0.04132102007864136,0.0834,23.46,74.2,,,,,,
2026-07-30T22:19:50.262928+00:00,S043,mounted,true,orientation_change,mild,1300,orientation_change-mild_horizontal_no_load_1300rpm,3935849,1304,268,1648,2162,6,3,1039175,9,4250908,73,2,2,1678,1495,1202,67,148,1696,16383,1681,1673,1663317,800,2037,2110,532464,11957,8,382563,1496,82172,563,3935751074,3935850166,0,3935850175,3935850690,3458317241,17871235,992,55,62,0.0834,1670.0,0.12583840386384493,0.004210598896043916,0.0834,23.61,74.5,,,,,,
2026-07-30T22:19:50.354906+00:00,S043,mounted,true,orientation_change,mild,1300,orientation_change-mild_horizontal_no_load_1300rpm,3935949,1341,269,1599,2102,6,3,1039229,9,4250908,73,2,2,1678,1494,1236,67,148,1698,16383,1681,1674,1663476,800,2041,2190,532457,11954,8,382561,1496,82173,563,3935851121,3935950222,0,3935950231,3935950746,3458986692,17862268,992,58,65,0.0834,1670.0,0.2600448678266689,0.011728552618370358,0.0834,23.55,74.4,,,,,,
2026-07-30T22:19:50.448882+00:00,S043,mounted,true,orientation_change,mild,1300,orientation_change-mild_horizontal_no_load_1300rpm,3936049,1348,268,1590,2088,6,3,1039283,9,4250908,73,0,2,1678,1494,1225,69,156,1698,16383,1684,1673,1664133,800,1994,2262,532491,11955,8,382561,1496,82174,563,3935951176,3936050251,0,3936050266,3936050781,3461811115,17865257,1002,54,68,0.0834,1670.0,0.3797213166875779,-0.06687738042659985,0.0834,23.55,74.4,,,,,,
2026-07-30T22:19:50.542025+00:00,S043,mounted,true,orientation_change,mild,1300,orientation_change-mild_horizontal_no_load_1300rpm,3936149,1339,268,1599,2100,4,3,1039336,9,4250908,73,2,3,1678,1494,1242,69,156,1712,16383,1683,1675,1663994,800,2031,2245,532499,11955,8,382561,1496,82175,563,3936051210,3936150293,0,3936150302,3936150817,3461225656,17865257,982,62,64,0.0834,1670.0,0.3513922948557089,-0.0052200976160605705,0.0834,23.13,73.6,,,,,,
2026-07-30T22:19:50.635561+00:00,S043,mounted,true,orientation_change,mild,1300,orientation_change-mild_horizontal_no_load_1300rpm,3936249,1328,266,1612,2114,4,3,1039390,9,4250908,73,1,3,1678,1495,1213,74,154,1707,16383,1680,1673,1663111,800,1971,2211,532462,11956,8,382562,1496,82176,563,3936151248,3936250344,0,3936250358,3936250873,3457502489,17868246,987,57,69,0.0834,1670.0,0.29442608464369346,-0.10547959618601599,0.0834,23.28,73.9,,,,,,
2026-07-30T22:19:50.729010+00:00,S043,mounted,true,orientation_change,mild,1300,orientation_change-mild_horizontal_no_load_1300rpm,3936349,1325,267,1620,2125,5,3,1039443,9,4250908,73,0,2,1678,1495,1232,73,149,1699,16383,1681,1673,1663348,800,1892,2106,532466,11956,8,382563,1496,82177,563,3936251304,3936350368,0,3936350535,3936351050,3458483752,17868246,987,69,66,0.0834,1670.0,0.11946734928069569,-0.23711521612579478,0.0834,23.52,74.3,,,,,,
2026-07-30T22:19:50.869720+00:00,S043,mounted,true,orientation_change,mild,1300,orientation_change-mild_horizontal_no_load_1300rpm,3936450,1325,268,1619,2126,1,3,1039496,9,4250908,73,0,2,1678,1495,1258,73,149,1700,16383,1681,1673,1680165,808,2039,2107,532481,11957,8,382566,1496,82178,563,3936351478,3936451076,0,3936451150,3936451665,3493795291,17871233,990,80,58,0.0834,1670.0,0.12084000091996305,0.007542867525298647,0.0834,23.49,74.3,,,,,,
2026-07-30T22:19:50.963009+00:00,S043,mounted,true,orientation_change,mild,1300,orientation_change-mild_horizontal_no_load_1300rpm,3936550,1325,268,1618,2125,3,3,1039549,9,4250908,73,0,2,1678,1494,1238,72,144,1711,16383,1682,1674,1663731,800,2029,2149,532485,11955,8,382566,1496,82179,563,3936452097,3936551149,0,3936551223,3936551738,3460045153,17865255,996,57,73,0.0834,1670.0,0.19141664215809273,-0.008552923713927019,0.0834,23.16,73.7,,,,,,
2026-07-30T22:19:51.056407+00:00,S043,mounted,true,orientation_change,mild,1300,orientation_change-mild_horizontal_no_load_1300rpm,3936650,1328,268,1616,2122,2,3,1039602,9,4250908,73,1,2,1678,1495,1242,68,138,1709,16383,1680,1674,1663233,800,2047,2223,532469,11956,8,382567,1496,82180,563,3936552170,3936651255,0,3936651328,3936651843,3457984155,17868244,989,68,70,0.0834,1670.0,0.3144213686851791,0.021157202743391945,0.0834,23.22,73.8,,,,,,
2026-07-30T22:19:51.151165+00:00,S043,mounted,true,orientation_change,mild,1300,orientation_change-mild_horizontal_no_load_1300rpm,3936750,1334,269,1606,2110,2,3,1039656,9,4250908,73,1,2,1678,1494,1232,68,138,1708,16383,1680,1673,1663377,800,1917,2229,532460,11953,8,382563,1496,82181,563,3936652273,3936751330,0,3936751408,3936751924,3458617555,17859279,995,47,78,0.0834,1670.0,0.3253511927549564,-0.19465667271814624,0.0834,23.25,73.8,,,,,,
2026-07-30T22:19:51.245173+00:00,S043,mounted,true,orientation_change,mild,1300,orientation_change-mild_horizontal_no_load_1300rpm,3936850,1337,269,1602,2105,6,3,1039709,9,4250908,73,0,2,1678,1494,1232,72,145,1701,16383,1682,1673,1663648,800,2039,2230,532474,11954,8,382561,1496,82182,563,3936752354,3936851436,0,3936851510,3936852024,3459715712,17862268,989,64,64,0.0834,1670.0,0.3267069658691648,0.008395447716245563,0.0834,23.46,74.2,,,,,,
2026-07-30T22:19:51.339020+00:00,S043,mounted,true,orientation_change,mild,1300,orientation_change-mild_horizontal_no_load_1300rpm,3936951,1330,269,1610,2116,6,3,1039763,9,4250908,73,1,3,1678,1495,1230,72,145,1694,16383,1681,1672,1680475,808,2031,2351,532475,11956,8,382562,1496,82183,563,3936852452,3936952084,0,3936952094,3936952609,3495168875,17868246,989,70,65,0.0834,1670.0,0.5277043984610232,-0.005503175978588626,0.0834,23.67,74.6,,,,,,
2026-07-30T22:19:51.477511+00:00,S043,mounted,true,orientation_change,mild,1300,orientation_change-mild_horizontal_no_load_1300rpm,3937051,1325,268,1617,2124,4,3,1039816,9,4250908,73,0,2,1678,1495,1225,72,145,1698,16383,1680,1673,1662979,800,1973,2105,532467,11958,8,382567,1496,82184,563,3936953039,3937052139,0,3937052148,3937052663,3456921471,17874222,995,61,75,0.0834,1670.0,0.11721443803311571,-0.10269689964877049,0.0834,23.55,74.4,,,,,,
2026-07-30T22:19:51.559839+00:00,S043,mounted,true,orientation_change,mild,1300,orientation_change-mild_horizontal_no_load_1300rpm,3937151,1325,268,1618,2125,5,3,1039869,9,4250908,73,0,2,1678,1494,1246,72,143,1711,16383,1682,1673,1663319,800,1951,2191,532482,11954,8,382565,1496,82185,563,3937053091,3937152164,0,3937152173,3937152688,3458354407,17862268,996,56,82,0.0834,1670.0,0.26171142027773087,-0.1382611679772463,0.0834,23.16,73.7,,,,,,
2026-07-30T22:19:51.665011+00:00,S043,mounted,true,orientation_change,mild,1300,orientation_change-mild_horizontal_no_load_1300rpm,3937251,1333,269,1609,2114,1,3,1039922,9,4250908,73,1,2,1678,1494,1232,72,143,1698,16383,1681,1673,1663394,800,1983,2206,532478,11952,8,382559,1496,82186,563,3937153120,3937252187,0,3937252197,3937252711,3458657786,17856290,986,59,71,0.0834,1670.0,0.2873249036144574,-0.08437848192771069,0.0834,23.55,74.4,,,,,,
2026-07-30T22:19:51.756890+00:00,S043,mounted,true,orientation_change,mild,1300,orientation_change-mild_horizontal_no_load_1300rpm,3937351,1337,268,1604,2105,1,3,1039976,9,4250908,73,0,2,1678,1495,1225,74,145,1695,16383,1681,1673,1663059,800,2007,2126,532432,11957,8,382563,1496,82187,563,3937253141,3937352384,0,3937352393,3937352908,3457248537,17871233,983,65,68,0.0834,1670.0,0.1524965528978841,-0.045773430542778826,0.0834,23.64,74.6,,,,,,
2026-07-30T22:19:51.850056+00:00,S043,mounted,true,orientation_change,mild,1300,orientation_change-mild_horizontal_no_load_1300rpm,3937451,1325,269,1614,2122,3,3,1040029,9,4250908,73,1,3,1678,1494,1233,69,140,1697,16383,1680,1672,1663016,800,2023,2107,532418,11952,8,382557,1496,82188,563,3937353340,3937452404,0,3937452414,3937452929,3457067968,17856292,986,71,61,0.0834,1670.0,0.12230860240963848,-0.017705228915663174,0.0834,23.58,74.4,,,,,,
2026-07-30T22:19:51.943853+00:00,S043,mounted,true,orientation_change,mild,1300,orientation_change-mild_horizontal_no_load_1300rpm,3937551,1316,265,1629,2133,2,3,1040082,9,4250908,73,0,2,1678,1494,1256,69,140,1702,16383,1680,1673,1663159,800,2012,2107,532421,11954,8,382556,1496,82189,563,3937453363,3937552452,0,3937552461,3937552976,3457664891,17862268,993,74,59,0.0834,1670.0,0.12172101438848859,-0.03660146846243917,0.0834,23.43,74.2,,,,,,
2026-07-30T22:19:52.035817+00:00,S043,mounted,true,orientation_change,mild,1300,orientation_change-mild_horizontal_no_load_1300rpm,3937652,1313,269,1633,2145,6,3,1040135,9,4250908,74,0,3,1678,1494,1216,70,146,1702,16383,1681,1673,1680105,808,1999,2149,532479,11955,8,382556,1496,82190,563,3937553405,3937653085,0,3937653159,3937653674,3493555019,17865259,998,68,68,0.0834,1670.0,0.19141664215809273,-0.05854531518193262,0.0834,23.43,74.2,,,,,,
2026-07-30T22:19:52.176576+00:00,S043,mounted,true,orientation_change,mild,1300,orientation_change-mild_horizontal_no_load_1300rpm,3937752,1322,268,1624,2131,4,3,1040188,9,4250908,73,1,2,1678,1495,1189,70,146,1708,16383,1681,1673,1663316,800,2043,2107,532468,11956,8,382558,1496,82191,563,3937654102,3937753197,0,3937753276,3937753791,3458310556,17868246,983,70,68,0.0834,1670.0,0.12113362295081931,0.014492108062897024,0.0834,23.25,73.8,,,,,,
2026-07-30T22:19:52.270188+00:00,S043,mounted,true,orientation_change,mild,1300,orientation_change-mild_horizontal_no_load_1300rpm,3937852,1325,265,1624,2124,5,3,1040241,9,4250908,73,0,2,1678,1494,1209,68,139,1704,16383,1680,1674,1663185,800,2031,2170,532461,11951,8,382551,1496,82192,563,3937754222,3937853287,0,3937853366,3937853881,3457776989,17853305,982,69,61,0.0834,1670.0,0.22762163040749694,-0.004087310434273572,0.0834,23.37,74.1,,,,,,
2026-07-30T22:19:52.365543+00:00,S043,mounted,true,orientation_change,mild,1300,orientation_change-mild_horizontal_no_load_1300rpm,3937952,1320,267,1623,2129,1,3,1040294,9,4250908,73,1,2,1678,1494,1198,71,148,1707,16383,1682,1672,1663593,800,2043,2295,532462,11954,8,382550,1496,82193,563,3937854309,3937953367,0,3937953446,3937953961,3459510663,17862268,982,70,61,0.0834,1670.0,0.4350328751882211,0.015061657520495153,0.0834,23.28,73.9,,,,,,
2026-07-30T22:19:52.458460+00:00,S043,mounted,true,orientation_change,mild,1300,orientation_change-mild_horizontal_no_load_1300rpm,3938053,1316,268,1629,2139,3,3,1040347,9,4250908,73,0,2,1678,1494,1200,71,148,1704,16383,1680,1673,1679904,808,2043,2123,532469,11954,8,382549,1496,82194,563,3937954392,3938054055,0,3938054070,3938054585,3492711960,17862268,1000,61,69,0.0834,1670.0,0.1483858536054874,0.015061657520495153,0.0834,23.37,74.1,,,,,,
2026-07-30T22:19:52.553198+00:00,S043,mounted,true,orientation_change,mild,1300,orientation_change-mild_horizontal_no_load_1300rpm,3938153,1313,267,1632,2141,6,3,1040399,9,4250908,73,1,2,1678,1495,1196,71,147,1702,16383,1680,1672,1663699,800,2030,2271,532470,11958,8,382555,1496,82195,563,3938055015,3938154100,0,3938154109,3938154624,3459944015,17874222,996,65,67,0.0834,1670.0,0.3937696051179125,-0.00773518564977449,0.0834,23.43,74.2,,,,,,
2026-07-30T22:19:52.644862+00:00,S043,mounted,true,orientation_change,mild,1300,orientation_change-mild_horizontal_no_load_1300rpm,3938253,1311,267,1637,2147,4,3,1040452,9,4250908,73,1,2,1678,1495,1206,70,141,1705,16383,1682,1675,1663242,800,1927,2103,532491,11958,8,382561,1496,82196,563,3938155055,3938254212,0,3938254226,3938254741,3458028960,17874222,997,64,68,0.0834,1670.0,0.11388244806823877,-0.17933266884094357,0.0834,23.34,74.0,,,,,,
2026-07-30T22:19:52.739187+00:00,S043,mounted,true,orientation_change,mild,1300,orientation_change-mild_horizontal_no_load_1300rpm,3938353,1311,267,1638,2148,1,3,1040504,9,4250908,73,1,2,1678,1494,1197,70,141,1702,16383,1680,1672,1663360,800,2051,2234,532457,11953,8,382557,1496,82197,563,3938255172,3938354251,0,3938354260,3938354775,3458516794,17859281,1004,44,84,0.0834,1670.0,0.3336846521375385,0.028680038735045432,0.0834,23.43,74.2,,,,,,
2026-07-30T22:19:52.879337+00:00,S043,mounted,true,orientation_change,mild,1300,orientation_change-mild_horizontal_no_load_1300rpm,3938453,1313,267,1633,2143,3,3,1040557,9,4250908,73,1,2,1678,1494,1222,71,143,1702,16383,1681,1673,1663494,800,1979,2235,532480,11955,8,382557,1496,82198,563,3938355210,3938454290,0,3938454300,3938454815,3459084022,17865255,983,59,63,0.0834,1670.0,0.334728164366374,-0.09187357616060243,0.0834,23.43,74.2,,,,,,
2026-07-30T22:19:52.972719+00:00,S043,mounted,true,orientation_change,mild,1300,orientation_change-mild_horizontal_no_load_1300rpm,3938553,1311,267,1638,2148,6,3,1040609,9,4250908,73,1,2,1678,1494,1213,71,143,1697,16383,1681,1674,1663585,800,2057,2297,532482,11952,8,382552,1496,82199,563,3938455245,3938554337,0,3938554346,3938554861,3459506507,17856290,993,47,69,0.0834,1670.0,0.4390065542168671,0.03896703614457797,0.0834,23.58,74.4,,,,,,
2026-07-30T22:19:53.073085+00:00,S043,mounted,true,orientation_change,mild,1300,orientation_change-mild_horizontal_no_load_1300rpm,3938653,1311,268,1637,2148,4,3,1040662,9,4250908,73,0,2,1678,1495,1242,75,155,1700,16383,1681,1674,1663082,800,1751,2111,532478,11956,8,382554,1496,82200,563,3938555292,3938654364,0,3938654378,3938654893,3457451110,17868246,990,42,81,0.0834,1670.0,0.12779871763131467,-0.47205980361324906,0.0834,23.49,74.3,,,,,,
2026-07-30T22:19:53.161202+00:00,S043,mounted,true,orientation_change,mild,1300,orientation_change-mild_horizontal_no_load_1300rpm,3938753,1312,268,1634,2145,1,3,1040714,9,4250908,73,1,3,1678,1495,1203,77,177,1696,16383,1681,1672,1662911,800,1903,2102,532470,11958,8,382560,1496,82201,563,3938655321,3938754404,0,3938754414,3938754929,3456674037,17874222,984,59,66,0.0834,1670.0,0.11221645308580008,-0.21931654841946813,0.0834,23.61,74.5,,,,,,
2026-07-30T22:19:53.255033+00:00,S043,mounted,true,orientation_change,mild,1300,orientation_change-mild_horizontal_no_load_1300rpm,3938854,1310,267,1637,2148,3,3,1040767,9,4250908,73,0,2,1678,1494,1215,77,177,1694,16383,1680,1672,1679525,808,1961,2107,532457,11953,8,382556,1496,82202,563,3938755363,3938855081,0,3938855155,3938855670,3491150027,17859281,976,50,69,0.0834,1670.0,0.12201478381996145,-0.12132223015142696,0.0834,23.67,74.6,,,,,,
2026-07-30T22:19:53.349091+00:00,S043,mounted,true,orientation_change,mild,1300,orientation_change-mild_horizontal_no_load_1300rpm,3938954,1312,269,1634,2147,2,3,1040820,9,4250908,73,0,2,1678,1495,1244,75,166,1698,16383,1682,1673,1663036,800,2021,2114,532463,11956,8,382558,1496,82203,563,3938856102,3938955195,0,3938955274,3938955789,3457154594,17868244,983,48,68,0.0834,1670.0,0.13279753864168597,-0.022165912679826594,0.0834,23.55,74.4,,,,,,
2026-07-30T22:19:53.443251+00:00,S043,mounted,true,orientation_change,mild,1300,orientation_change-mild_horizontal_no_load_1300rpm,3939054,1311,267,1639,2148,4,3,1040872,9,4250908,73,1,2,1678,1495,1216,75,171,1698,16383,1681,1673,1663528,800,2039,2297,532488,11957,8,382562,1496,82204,563,3938956217,3939055285,0,3939055359,3939055874,3459241022,17871233,1001,34,73,0.0834,1670.0,0.4374055206991718,0.007542867525298647,0.0834,23.55,74.4,,,,,,
2026-07-30T22:19:53.585374+00:00,S043,mounted,true,orientation_change,mild,1300,orientation_change-mild_horizontal_no_load_1300rpm,3939154,1312,268,1636,2147,5,3,1040925,9,4250908,73,1,2,1678,1494,1211,75,171,1701,16383,1681,1673,1663493,800,1975,2107,532505,11951,8,382554,1496,82205,563,3939056309,3939155363,0,3939155442,3939155957,3459057711,17853307,988,42,64,0.0834,1670.0,0.12260247016985959,-0.09743767508995127,0.0834,23.46,74.2,,,,,,
2026-07-30T22:19:53.679560+00:00,S043,mounted,true,orientation_change,mild,1300,orientation_change-mild_horizontal_no_load_1300rpm,3939255,1313,267,1634,2144,1,3,1040978,9,4250908,73,1,3,1678,1494,1219,77,168,1702,16383,1680,1672,1679476,808,2049,2101,532444,11953,8,382551,1496,82206,563,3939156388,3939256040,0,3939256055,3939256570,3490926740,17859281,993,43,68,0.0834,1670.0,0.11201463256086308,0.025346654982012495,0.0834,23.43,74.2,,,,,,
2026-07-30T22:19:53.772692+00:00,S043,mounted,true,orientation_change,mild,1300,orientation_change-mild_horizontal_no_load_1300rpm,3939355,1313,267,1634,2143,2,3,1041030,9,4250908,73,1,2,1678,1494,1250,77,168,1697,16383,1681,1672,1662854,800,2039,2112,532424,11955,8,382551,1496,82207,563,3939257000,3939356352,0,3939356361,3939356876,3456391776,17865257,980,65,56,0.0834,1670.0,0.129759359347553,0.008111206775407886,0.0834,23.58,74.4,,,,,,
2026-07-30T22:19:53.865744+00:00,S043,mounted,true,orientation_change,mild,1300,orientation_change-mild_horizontal_no_load_1300rpm,3939455,1312,266,1635,2142,6,3,1041083,9,4250908,73,1,2,1678,1494,1225,79,169,1692,16383,1681,1674,1663834,800,2045,2265,532483,11953,8,382548,1496,82208,563,3939357306,3939456364,0,3939456379,3939456894,3460496640,17859277,988,61,55,0.0834,1670.0,0.38535210030954525,0.018679887475947066,0.0834,23.73,74.7,,,,,,
2026-07-30T22:19:53.962890+00:00,S043,mounted,true,orientation_change,mild,1300,orientation_change-mild_horizontal_no_load_1300rpm,3939555,1324,268,1623,2129,4,3,1041136,9,4250908,73,1,2,1678,1494,1223,77,161,1700,16383,1682,1672,1663190,800,2053,2107,532474,11955,8,382548,1496,82209,563,3939457324,3939556411,0,3939556425,3939556940,3457784934,17865255,991,53,65,0.0834,1670.0,0.12142729410288533,0.031440989460476576,0.0834,23.49,74.3,,,,,,
2026-07-30T22:19:54.056506+00:00,S043,mounted,true,orientation_change,mild,1300,orientation_change-mild_horizontal_no_load_1300rpm,3939656,1334,266,1611,2111,5,3,1041189,9,4250908,73,0,2,1678,1494,1230,77,161,1699,16383,1683,1674,1680339,808,1963,2227,532496,11954,8,382547,1496,82210,563,3939557371,3939656978,0,3939657052,3939657567,3494558229,17862272,990,42,80,0.0834,1670.0,0.32170730851597806,-0.11826253856449753,0.0834,23.52,74.3,,,,,,
2026-07-30T22:19:54.149863+00:00,S043,mounted,true,orientation_change,mild,1300,orientation_change-mild_horizontal_no_load_1300rpm,3939756,1332,269,1607,2112,5,3,1041243,9,4250908,73,1,3,1678,1495,1267,77,162,1696,16383,1681,1672,1663316,800,2023,2281,532455,11958,8,382553,1496,82211,563,3939657995,3939757079,0,3939757311,3939757826,3458357068,17874222,991,68,78,0.0834,1670.0,0.41042955494229805,-0.01939715052684443,0.0834,23.61,74.5,,,,,,
2026-07-30T22:19:54.290403+00:00,S043,mounted,true,orientation_change,mild,1300,orientation_change-mild_horizontal_no_load_1300rpm,3939856,1318,268,1626,2136,1,3,1041296,9,4250908,74,0,3,1678,1494,1221,74,159,1700,16383,1681,1674,1663707,800,2031,2122,532472,11951,8,382546,1496,82212,563,3939758257,3939857333,0,3939857412,3939857927,3459938019,17853303,989,76,65,0.0834,1670.0,0.14760703213120197,-0.004087310434273572,0.0834,23.49,74.3,,,,,,
2026-07-30T22:19:54.383396+00:00,S043,mounted,true,orientation_change,mild,1300,orientation_change-mild_horizontal_no_load_1300rpm,3939956,1313,268,1633,2144,2,3,1041348,9,4250908,73,0,2,1678,1494,1238,74,159,1693,16383,1681,1673,1663527,800,1935,2099,532481,11954,8,382545,1496,82213,563,3939858355,3939957435,0,3939957513,3939958028,3459209695,17862268,982,61,65,0.0834,1670.0,0.10838859477998986,-0.1649260071942451,0.0834,23.7,74.7,,,,,,
2026-07-30T22:19:54.478242+00:00,S043,mounted,true,orientation_change,mild,1300,orientation_change-mild_horizontal_no_load_1300rpm,3940057,1317,268,1628,2138,6,3,1041401,9,4250908,73,1,2,1678,1494,1234,73,162,1697,16383,1682,1673,1680249,808,2045,2113,532480,11955,8,382545,1496,82214,563,3939958456,3940058098,0,3940058107,3940058626,3494140251,17865255,992,63,66,0.0834,1670.0,0.13142577239648645,0.018109685069008563,0.0834,23.58,74.4,,,,,,
2026-07-30T22:19:54.569006+00:00,S043,mounted,true,orientation_change,mild,1300,orientation_change-mild_horizontal_no_load_1300rpm,3940157,1323,268,1620,2128,4,3,1041454,9,4250908,73,0,2,1678,1494,1242,73,162,1707,16383,1681,1672,1663114,800,2013,2107,532463,11952,8,382540,1496,82215,563,3940059056,3940158139,0,3940158148,3940158664,3457476154,17856290,993,57,68,0.0834,1670.0,0.12230860240963848,-0.03437354216867483,0.0834,23.28,73.9,,,,,,
2026-07-30T22:19:54.664065+00:00,S043,mounted,true,orientation_change,mild,1300,orientation_change-mild_horizontal_no_load_1300rpm,3940257,1323,268,1620,2126,4,3,1041508,9,4250908,73,1,2,1678,1494,1202,73,154,1700,16383,1681,1672,1663334,800,2048,2173,532477,11954,8,382540,1496,82216,563,3940159092,3940258428,0,3940258443,3940258958,3458398388,17862266,995,41,63,0.0834,1670.0,0.2317134761586077,0.02339441977580714,0.0834,23.49,74.3,,,,,,
2026-07-30T22:19:54.757968+00:00,S043,mounted,true,orientation_change,mild,1300,orientation_change-mild_horizontal_no_load_1300rpm,3940358,1316,269,1627,2139,5,3,1041561,9,4250908,73,0,3,1678,1495,1225,74,151,1700,16383,1680,1674,1680155,808,2023,2277,532494,11957,8,382545,1496,82217,563,3940259388,3940359070,0,3940359148,3940359663,3493791793,17871233,999,52,66,0.0834,1670.0,0.4040828344066236,-0.019115281508739645,0.0834,23.49,74.3,,,,,,
2026-07-30T22:19:54.900281+00:00,S043,mounted,true,orientation_change,mild,1300,orientation_change-mild_horizontal_no_load_1300rpm,3940458,1310,268,1637,2149,3,3,1041613,9,4250908,73,0,2,1678,1494,1247,74,151,1701,16383,1681,1672,1662757,800,1943,2255,532436,11955,8,382545,1496,82218,563,3940360092,3940459163,0,3940459237,3940459752,3456064681,17865255,980,56,61,0.0834,1670.0,0.3680564253450438,-0.1518644459222087,0.0834,23.46,74.2,,,,,,
2026-07-30T22:19:54.994695+00:00,S043,mounted,true,orientation_change,mild,1300,orientation_change-mild_horizontal_no_load_1300rpm,3940558,1311,267,1639,2149,2,3,1041666,9,4250908,73,0,2,1678,1495,1200,77,167,1695,16383,1681,1673,1663673,800,2044,2159,532464,11956,8,382547,1496,82219,563,3940460184,3940559245,0,3940559324,3940559839,3459800537,17868246,987,64,66,0.0834,1670.0,0.2077798537972564,0.016158381733020644,0.0834,23.64,74.6,,,,,,
2026-07-30T22:19:55.087386+00:00,S043,mounted,true,orientation_change,mild,1300,orientation_change-mild_horizontal_no_load_1300rpm,3940658,1313,268,1635,2146,4,3,1041718,9,4250908,73,0,2,1678,1494,1240,78,172,1695,16383,1681,1672,1663259,800,2026,2193,532476,11953,8,382544,1496,82220,563,3940560267,3940659337,0,3940659411,3940659926,3458092793,17859281,993,49,77,0.0834,1670.0,0.26535028520036796,-0.012987258177863836,0.0834,23.64,74.6,,,,,,
2026-07-30T22:19:55.181329+00:00,S043,mounted,true,orientation_change,mild,1300,orientation_change-mild_horizontal_no_load_1300rpm,3940758,1311,268,1638,2149,5,3,1041771,9,4250908,73,1,2,1678,1495,1227,78,172,1697,16383,1682,1672,1663694,800,1981,2127,532487,11957,8,382549,1496,82221,563,3940660358,3940759398,0,3940759630,3940760145,3459894736,17871233,998,54,79,0.0834,1670.0,0.15416268721251125,-0.08909292272309122,0.0834,23.58,74.4,,,,,,
2026-07-30T22:19:55.274343+00:00,S043,mounted,true,orientation_change,mild,1300,orientation_change-mild_horizontal_no_load_1300rpm,3940859,1320,268,1627,2136,1,3,1041824,9,4250908,73,2,2,1678,1494,1219,78,169,1694,16383,1683,1674,1680103,808,1955,2103,532491,11955,8,382549,1496,82222,563,3940760575,3940860091,0,3940860105,3940860620,3493552581,17865255,1000,48,80,0.0834,1670.0,0.11476164190715155,-0.13186748933500647,0.0834,23.67,74.6,,,,,,
2026-07-30T22:19:55.367469+00:00,S043,mounted,true,orientation_change,mild,1300,orientation_change-mild_horizontal_no_load_1300rpm,3940959,1324,268,1620,2126,3,3,1041877,9,4250908,73,1,2,1678,1494,1213,78,169,1698,16383,1682,1672,1663538,800,1945,2214,532483,11952,8,382544,1496,82223,563,3940861052,3940960130,0,3940960144,3940960659,3459274980,17856292,1002,45,78,0.0834,1670.0,0.3006595542168671,-0.14771807228915712,0.0834,23.55,74.4,,,,,,
2026-07-30T22:19:55.463682+00:00,S043,mounted,true,orientation_change,mild,1300,orientation_change-mild_horizontal_no_load_1300rpm,3941059,1322,269,1619,2128,2,3,1041930,9,4250908,73,1,2,1678,1494,1203,80,171,1698,16383,1683,1675,1663595,800,2023,2249,532475,11955,8,382545,1496,82224,563,3940961091,3941060141,0,3941060155,3941060670,3459505215,17865259,1003,49,67,0.0834,1670.0,0.3580579470514431,-0.018551402007528583,0.0834,23.55,74.4,,,,,,
2026-07-30T22:19:55.554969+00:00,S043,mounted,true,orientation_change,mild,1300,orientation_change-mild_horizontal_no_load_1300rpm,3941159,1317,268,1628,2137,4,3,1041982,9,4250908,73,1,2,1678,1495,1213,76,165,1693,16383,1682,1673,1663189,800,2039,2119,532470,11957,8,382549,1496,82225,563,3941061102,3941160193,0,3941160202,3941160717,3457787309,17871233,995,61,56,0.0834,1670.0,0.14083361269549188,0.007542867525298647,0.0834,23.7,74.7,,,,,,
2026-07-30T22:19:55.695265+00:00,S043,mounted,true,orientation_change,mild,1300,orientation_change-mild_horizontal_no_load_1300rpm,3941259,1310,266,1639,2148,5,3,1042035,9,4250908,73,1,2,1678,1494,1219,76,165,1693,16383,1682,1670,1663514,800,1999,2107,532448,11953,8,382546,1496,82226,563,3941161147,3941260252,0,3941260419,3941260934,3459145492,17859279,993,70,63,0.0834,1670.0,0.12201478381996145,-0.057987938843805154,0.0834,23.7,74.7,,,,,,
2026-07-30T22:19:55.790120+00:00,S043,mounted,true,orientation_change,mild,1300,orientation_change-mild_horizontal_no_load_1300rpm,3941359,1307,268,1641,2154,3,3,1042087,9,4250908,73,1,3,1678,1494,1223,75,162,1707,16383,1681,1673,1663010,800,2048,2105,532458,11950,8,382537,1496,82227,563,3941261365,3941360446,0,3941360456,3941360971,3457038814,17850316,994,67,60,0.0834,1670.0,0.1195621665271962,0.02453687983263597,0.0834,23.28,73.9,,,,,,
2026-07-30T22:19:55.884847+00:00,S043,mounted,true,orientation_change,mild,1300,orientation_change-mild_horizontal_no_load_1300rpm,3941460,1301,268,1648,2163,2,3,1042140,9,4250908,73,0,3,1678,1495,1204,77,169,1708,16383,1681,1672,1679382,808,1951,2107,532415,11957,8,382542,1496,82228,563,3941361405,3941461169,0,3941461248,3941461763,3490554054,17871233,997,57,60,0.0834,1670.0,0.12084000091996305,-0.13907695216191351,0.0834,23.25,73.8,,,,,,
2026-07-30T22:19:55.978165+00:00,S043,mounted,true,orientation_change,mild,1300,orientation_change-mild_horizontal_no_load_1300rpm,3941560,1300,264,1651,2159,4,3,1042192,9,4250908,72,0,2,1678,1494,1218,77,169,1703,16383,1684,1674,1663398,800,2047,2301,532420,11952,8,382538,1496,82229,563,3941462191,3941561240,0,3941561314,3941561829,3458710620,17856292,990,58,62,0.0834,1670.0,0.44567387951807236,0.02229872289156587,0.0834,23.4,74.1,,,,,,
2026-07-30T22:19:56.071401+00:00,S043,mounted,true,orientation_change,mild,1300,orientation_change-mild_horizontal_no_load_1300rpm,3941660,1314,267,1633,2142,1,3,1042244,9,4250908,73,2,2,1678,1494,1234,79,176,1703,16383,1681,1672,1663638,800,1951,2285,532470,11952,8,382534,1496,82230,563,3941562257,3941661315,0,3941661389,3941661908,3459725798,17856292,984,55,71,0.0834,1670.0,0.41900457831325255,-0.13771708433734942,0.0834,23.4,74.1,,,,,,
2026-07-30T22:19:56.165817+00:00,S043,mounted,true,orientation_change,mild,1300,orientation_change-mild_horizontal_no_load_1300rpm,3941760,1323,268,1620,2127,3,3,1042297,9,4250908,73,0,2,1678,1494,1209,79,176,1700,16383,1681,1673,1662576,800,1995,2225,532381,11954,8,382534,1496,82231,563,3941662338,3941761404,0,3941761478,3941761992,3455265490,17862266,1006,59,68,0.0834,1670.0,0.31837420361385327,-0.06493286013050081,0.0834,23.49,74.3,,,,,,
2026-07-30T22:19:56.261012+00:00,S043,mounted,true,orientation_change,mild,1300,orientation_change-mild_horizontal_no_load_1300rpm,3941861,1320,268,1625,2133,3,3,1042351,9,4250908,73,1,3,1678,1494,1232,79,175,1706,16383,1680,1674,1679907,808,1971,2102,532382,11950,8,382526,1496,82232,563,3941762421,3941862088,0,3941862103,3941862618,3492727403,17850316,987,70,50,0.0834,1670.0,0.11456083564853525,-0.10383061271966554,0.0834,23.31,74.0,,,,,,
2026-07-30T22:19:56.386993+00:00,S043,mounted,true,orientation_change,mild,1300,orientation_change-mild_horizontal_no_load_1300rpm,3941961,1314,268,1633,2143,6,3,1042403,9,4250908,73,1,2,1678,1494,1237,80,170,1703,16383,1681,1672,1662983,800,1975,2103,532377,11954,8,382526,1496,82233,563,3941863048,3941962234,0,3941962243,3941962758,3456937827,17862268,996,59,63,0.0834,1670.0,0.11505480458423945,-0.09826390915174832,0.0834,23.4,74.1,,,,,,
2026-07-30T22:19:56.481007+00:00,S043,mounted,true,orientation_change,mild,1300,orientation_change-mild_horizontal_no_load_1300rpm,3942061,1311,268,1636,2147,4,3,1042456,9,4250908,73,0,2,1678,1494,1233,80,170,1700,16383,1681,1673,1663230,800,2043,2103,532386,11952,8,382523,1496,82234,563,3941963188,3942062287,0,3942062296,3942062811,3457955806,17856292,990,58,63,0.0834,1670.0,0.1156412771084332,0.01563139759036103,0.0834,23.49,74.3,,,,,,
2026-07-30T22:19:56.574743+00:00,S043,mounted,true,orientation_change,mild,1300,orientation_change-mild_horizontal_no_load_1300rpm,3942161,1322,267,1623,2129,5,3,1042509,9,4250908,73,1,2,1678,1495,1245,78,165,1707,16383,1681,1673,1663426,800,1998,2103,532443,11958,8,382531,1496,82235,563,3942063239,3942162320,0,3942162334,3942162849,3458776570,17874222,989,67,57,0.0834,1670.0,0.11388244806823877,-0.06104702508780724,0.0834,23.28,73.9,,,,,,
2026-07-30T22:19:56.668559+00:00,S043,mounted,true,orientation_change,mild,1300,orientation_change-mild_horizontal_no_load_1300rpm,3942261,1333,268,1609,2113,1,3,1042562,9,4250908,73,1,2,1678,1494,1234,81,159,1703,16383,1681,1672,1663037,800,2045,2183,532436,11951,8,382525,1496,82236,563,3942163280,3942262361,0,3942262371,3942262886,3457162477,17853305,982,68,55,0.0834,1670.0,0.24929225077399364,0.019250280729646185,0.0834,23.4,74.1,,,,,,
2026-07-30T22:19:56.776353+00:00,S043,mounted,true,orientation_change,mild,1300,orientation_change-mild_horizontal_no_load_1300rpm,3942362,1332,269,1607,2112,1,3,1042616,9,4250908,73,1,3,1678,1494,1248,81,159,1702,16383,1683,1673,1679769,808,2032,2219,532430,11953,8,382524,1496,82237,563,3942263320,3942363089,0,3942363163,3942363678,3492169859,17859279,976,85,53,0.0834,1670.0,0.30868427398979303,-0.0029871069187654697,0.0834,23.43,74.2,,,,,,
2026-07-30T22:19:56.869987+00:00,S043,mounted,true,orientation_change,mild,1300,orientation_change-mild_horizontal_no_load_1300rpm,3942462,1319,268,1625,2134,3,3,1042669,9,4250908,73,0,2,1678,1495,1251,77,150,1707,16383,1682,1672,1663472,800,1955,2181,532462,11959,8,382534,1496,82238,563,3942364108,3942463178,0,3942463252,3942463767,3458986436,17877211,971,82,48,0.0834,1670.0,0.24352622401538593,-0.13295715820720844,0.0834,23.28,73.9,,,,,,
2026-07-30T22:19:56.963836+00:00,S043,mounted,true,orientation_change,mild,1300,orientation_change-mild_horizontal_no_load_1300rpm,3942562,1314,267,1634,2142,6,3,1042721,9,4250908,73,1,2,1678,1494,1210,77,150,1703,16383,1681,1673,1663301,800,2055,2271,532451,11955,8,382535,1496,82239,563,3942464195,3942563264,0,3942563338,3942563853,3458314249,17865259,987,64,65,0.0834,1670.0,0.3947190341279798,0.03477381555834347,0.0834,23.4,74.1,,,,,,
2026-07-30T22:19:57.090763+00:00,S043,mounted,true,orientation_change,mild,1300,orientation_change-mild_horizontal_no_load_1300rpm,3942662,1315,267,1634,2143,4,3,1042774,9,4250908,73,1,2,1678,1494,1229,75,143,1699,16383,1681,1672,1663079,800,2023,2237,532452,11950,8,382527,1496,82240,563,3942564284,3942663336,0,3942663410,3942663925,3457365885,17850316,990,56,70,0.0834,1670.0,0.3396207251882841,-0.017140877489540074,0.0834,23.52,74.3,,,,,,
2026-07-30T22:19:57.183468+00:00,S043,mounted,true,orientation_change,mild,1300,orientation_change-mild_horizontal_no_load_1300rpm,3942763,1323,266,1621,2125,5,3,1042827,9,4250908,73,0,2,1678,1494,1245,75,144,1698,16383,1681,1671,1663100,800,1959,2115,532463,11954,8,382527,1496,82241,563,3942664359,3942763572,0,3942763646,3942764161,3457441340,17862268,981,78,66,0.0834,1670.0,0.13505343399698821,-0.12492874836874712,0.0834,23.55,74.4,,,,,,
2026-07-30T22:19:57.277814+00:00,S043,mounted,true,orientation_change,mild,1300,orientation_change-mild_horizontal_no_load_1300rpm,3942863,1324,268,1620,2126,1,3,1042880,9,4250908,73,0,2,1678,1494,1219,75,144,1700,16383,1681,1671,1680898,808,2009,2317,532500,11954,8,382527,1496,82242,563,3942764593,3942864088,0,3942864097,3942864611,3496969166,17862270,988,69,70,0.0834,1670.0,0.4716970291115943,-0.041601125815626805,0.0834,23.49,74.3,,,,,,
2026-07-30T22:19:57.371748+00:00,S043,mounted,true,orientation_change,mild,1300,orientation_change-mild_horizontal_no_load_1300rpm,3942963,1324,268,1622,2129,3,3,1042933,9,4250908,73,1,2,1678,1494,1235,77,159,1702,16383,1682,1673,1663363,800,2037,2107,532490,11952,8,382524,1496,82243,563,3942865040,3942964144,0,3942964153,3942964669,3458508659,17856292,999,49,75,0.0834,1670.0,0.12230860240963848,0.005630409638554212,0.0834,23.43,74.2,,,,,,
2026-07-30T22:19:57.479590+00:00,S043,mounted,true,orientation_change,mild,1300,orientation_change-mild_horizontal_no_load_1300rpm,3943063,1325,270,1617,2126,2,3,1042986,9,4250908,73,0,2,1678,1494,1231,74,160,1701,16383,1681,1674,1663464,800,1875,2241,532471,11954,8,382524,1496,82244,563,3942965099,3943064178,0,3943064188,3943064702,3458994628,17862268,986,54,64,0.0834,1670.0,0.3450390428308512,-0.2649191542579894,0.0834,23.46,74.2,,,,,,
2026-07-30T22:19:57.619154+00:00,S043,mounted,true,orientation_change,mild,1300,orientation_change-mild_horizontal_no_load_1300rpm,3943163,1325,268,1618,2124,6,3,1043039,9,4250908,73,0,3,1678,1494,1243,74,160,1707,16383,1681,1674,1663268,800,2039,2099,532484,11955,8,382526,1496,82245,563,3943065130,3943164208,0,3943164218,3943164732,3458112954,17865255,978,59,53,0.0834,1670.0,0.10809598971141732,0.008111206775407886,0.0834,23.28,73.9,,,,,,
2026-07-30T22:19:57.666219+00:00,S043,mounted,true,orientation_change,mild,1300,orientation_change-mild_horizontal_no_load_1300rpm,3943263,1324,268,1620,2127,4,3,1043092,9,4250908,73,0,2,1678,1494,1238,74,166,1703,16383,1682,1675,1663348,800,1917,2107,532478,11954,8,382526,1496,82246,563,3943165160,3943264257,0,3943264266,3943264781,3458483826,17862268,982,54,63,0.0834,1670.0,0.12172101438848859,-0.19492395131336782,0.0834,23.4,74.1,,,,,,
2026-07-30T22:19:57.806769+00:00,S043,mounted,true,orientation_change,mild,1300,orientation_change-mild_horizontal_no_load_1300rpm,3943363,1325,266,1620,2122,4,3,1043146,9,4250908,73,0,2,1678,1494,1219,74,166,1700,16383,1689,1674,1663801,800,2055,2223,532491,11953,8,382525,1496,82247,563,3943265209,3943364298,0,3943364312,3943364828,3460365179,17859281,993,57,71,0.0834,1670.0,0.31535104149585846,0.03534680624111086,0.0834,23.49,74.3,,,,,,
2026-07-30T22:19:57.900101+00:00,S043,mounted,true,orientation_change,mild,1300,orientation_change-mild_horizontal_no_load_1300rpm,3943463,1325,267,1621,2125,5,3,1043199,9,4250908,73,0,2,1678,1494,1240,72,172,1697,16383,1680,1675,1663301,800,2029,2105,532477,11955,8,382527,1496,82248,563,3943365256,3943464351,0,3943464365,3943464880,3458248191,17865257,991,65,59,0.0834,1670.0,0.11809446800501888,-0.008552923713927019,0.0834,23.58,74.4,,,,,,
2026-07-30T22:19:57.993279+00:00,S043,mounted,true,orientation_change,mild,1300,orientation_change-mild_horizontal_no_load_1300rpm,3943563,1324,269,1617,2126,1,3,1043252,9,4250908,73,0,2,1678,1494,1205,72,175,1700,16383,1681,1672,1662802,800,1909,2111,532468,11954,8,382527,1496,82249,563,3943465309,3943564393,0,3943564408,3943564923,3456223716,17862266,985,59,63,0.0834,1670.0,0.12838722419273818,-0.20825637092186744,0.0834,23.49,74.3,,,,,,
2026-07-30T22:19:58.085551+00:00,S043,mounted,true,orientation_change,mild,1300,orientation_change-mild_horizontal_no_load_1300rpm,3943664,1324,267,1622,2127,3,3,1043305,9,4250908,73,1,2,1678,1495,1217,72,175,1696,16383,1681,1672,1679967,808,2026,2263,532470,11956,8,382531,1496,82250,563,3943565351,3943665143,0,3943665217,3943665732,3493012161,17868246,989,60,66,0.0834,1670.0,0.3810723154901301,-0.01383454432920761,0.0834,23.61,74.5,,,,,,
2026-07-30T22:19:58.180941+00:00,S043,mounted,true,orientation_change,mild,1300,orientation_change-mild_horizontal_no_load_1300rpm,3943764,1324,268,1621,2127,2,3,1043358,9,4250908,73,0,2,1678,1495,1228,73,191,1698,16383,1681,1675,1663786,800,2050,2299,532477,11956,8,382534,1496,82251,563,3943666163,3943765396,0,3943765470,3943765985,3460356692,17868246,993,54,66,0.0834,1670.0,0.4410581676145866,0.02615602375376369,0.0834,23.55,74.4,,,,,,
2026-07-30T22:19:58.274366+00:00,S043,mounted,true,orientation_change,mild,1300,orientation_change-mild_horizontal_no_load_1300rpm,3943865,1324,268,1620,2126,6,3,1043411,9,4250908,73,0,3,1678,1494,1208,72,172,1696,16383,1682,1674,1680125,808,2041,2245,532475,11951,8,382528,1496,82252,563,3943766417,3943866274,0,3943866283,3943866798,3493655549,17853305,992,47,69,0.0834,1670.0,0.35264444021420793,0.012582397539954382,0.0834,23.61,74.5,,,,,,
2026-07-30T22:19:58.415319+00:00,S043,mounted,true,orientation_change,mild,1300,orientation_change-mild_horizontal_no_load_1300rpm,3943965,1319,268,1624,2133,4,3,1043464,9,4250908,73,0,3,1678,1494,1230,72,172,1697,16383,1681,1673,1663307,800,2037,2097,532483,11955,8,382530,1496,82253,563,3943867226,3943966312,0,3943966322,3943966840,3458271343,17865257,990,57,64,0.0834,1670.0,0.10476316361355043,0.00477838067754055,0.0834,23.58,74.4,,,,,,
2026-07-30T22:19:58.509170+00:00,S043,mounted,true,orientation_change,mild,1300,orientation_change-mild_horizontal_no_load_1300rpm,3944065,1314,267,1632,2141,5,3,1043517,9,4250908,73,0,2,1678,1494,1216,75,169,1699,16383,1681,1673,1663484,800,2001,2105,532482,11955,8,382531,1496,82254,563,3943967268,3944066355,0,3944066365,3944066880,3459016022,17865255,976,79,58,0.0834,1670.0,0.11809446800501888,-0.05521248908406573,0.0834,23.52,74.3,,,,,,
2026-07-30T22:19:58.603553+00:00,S043,mounted,true,orientation_change,mild,1300,orientation_change-mild_horizontal_no_load_1300rpm,3944165,1311,267,1636,2145,3,3,1043569,9,4250908,73,1,2,1678,1494,1230,75,169,1711,16383,1681,1673,1663204,800,2046,2101,532476,11951,8,382525,1496,82255,563,3944067308,3944166382,0,3944166392,3944166908,3457845184,17853303,989,78,53,0.0834,1670.0,0.112600645385323,0.020917251527068803,0.0834,23.16,73.7,,,,,,
2026-07-30T22:19:58.699414+00:00,S043,mounted,true,orientation_change,mild,1300,orientation_change-mild_horizontal_no_load_1300rpm,3944266,1312,268,1635,2147,2,3,1043622,9,4250908,73,1,2,1678,1494,1229,77,177,1707,16383,1681,1673,1680057,808,2015,2329,532461,11952,8,382522,1496,82256,563,3944167338,3944267190,0,3944267264,3944267778,3493407075,17856292,989,62,54,0.0834,1670.0,0.4923451566265058,-0.031039879518072855,0.0834,23.28,73.9,,,,,,
2026-07-30T22:19:58.790883+00:00,S043,mounted,true,orientation_change,mild,1300,orientation_change-mild_horizontal_no_load_1300rpm,3944366,1312,266,1637,2145,6,3,1043675,9,4250908,73,1,2,1678,1495,1209,75,164,1707,16383,1682,1673,1663611,800,2027,2231,532483,11956,8,382526,1496,82257,563,3944268208,3944367267,0,3944367346,3944367861,3459564333,17868244,986,61,59,0.0834,1670.0,0.3277515580461694,-0.012168270659083547,0.0834,23.28,73.9,,,,,,
2026-07-30T22:19:58.884080+00:00,S043,mounted,true,orientation_change,mild,1300,orientation_change-mild_horizontal_no_load_1300rpm,3944466,1312,268,1635,2147,5,3,1043727,9,4250908,72,1,2,1678,1494,1201,75,164,1711,16383,1685,1672,1663663,800,2023,2283,532473,11952,8,382523,1496,82258,563,3944368292,3944467369,0,3944467443,3944467957,3459835037,17856292,976,72,54,0.0834,1670.0,0.41567091566265013,-0.017705228915663174,0.0834,23.16,73.7,,,,,,
2026-07-30T22:19:58.978376+00:00,S043,mounted,true,orientation_change,mild,1300,orientation_change-mild_horizontal_no_load_1300rpm,3944567,1311,268,1636,2147,1,3,1043780,9,4250908,73,0,2,1678,1494,1205,77,167,1697,16383,1681,1670,1679645,808,1999,2101,532459,11954,8,382523,1496,82259,563,3944468387,3944568061,0,3944568071,3944568586,3491631633,17862268,982,64,68,0.0834,1670.0,0.11172169968211465,-0.05826665032625078,0.0834,23.58,74.4,,,,,,
2026-07-30T22:19:59.120101+00:00,S043,mounted,true,orientation_change,mild,1300,orientation_change-mild_horizontal_no_load_1300rpm,3944667,1311,268,1634,2146,3,3,1043833,9,4250908,73,0,3,1678,1495,1216,75,168,1706,16383,1681,1673,1663490,800,1937,2110,532465,11956,8,382527,1496,82260,563,3944569018,3944668214,0,3944668229,3944668744,3459054682,17868246,980,70,61,0.0834,1670.0,0.1261324439611906,-0.16213290097022393,0.0834,23.31,74.0,,,,,,
2026-07-30T22:19:59.213100+00:00,S043,mounted,true,orientation_change,mild,1300,orientation_change-mild_horizontal_no_load_1300rpm,3944767,1311,267,1636,2146,6,3,1043885,9,4250908,73,0,2,1678,1494,1213,75,168,1716,16383,1681,1673,1663031,800,2036,2099,532454,11953,8,382526,1496,82261,563,3944669172,3944768266,0,3944768275,3944768790,3457128123,17859279,992,57,73,0.0834,1670.0,0.10868124880783014,0.00367966058729996,0.0834,23.01,73.4,,,,,,
2026-07-30T22:19:59.307039+00:00,S043,mounted,true,orientation_change,mild,1300,orientation_change-mild_horizontal_no_load_1300rpm,3944867,1311,268,1636,2147,4,3,1043938,9,4250908,73,0,2,1678,1494,1222,71,162,1706,16383,1681,1674,1662887,800,1951,2271,532438,11954,8,382526,1496,82262,563,3944769222,3944868279,0,3944868294,3944868809,3456595005,17862270,994,59,76,0.0834,1670.0,0.39503561636272355,-0.1382611679772463,0.0834,23.31,74.0,,,,,,
2026-07-30T22:19:59.398518+00:00,S043,mounted,true,orientation_change,mild,1300,orientation_change-mild_horizontal_no_load_1300rpm,3944967,1310,267,1636,2147,1,3,1043990,9,4250908,73,0,2,1678,1494,1227,71,162,1700,16383,1681,1673,1663223,800,2053,2117,532445,11952,8,382523,1496,82263,563,3944869237,3944968350,0,3944968359,3944968874,3457924979,17856292,977,84,47,0.0834,1670.0,0.13897691566265058,0.03229971084337313,0.0834,23.49,74.3,,,,,,
2026-07-30T22:19:59.490736+00:00,S043,mounted,true,orientation_change,mild,1300,orientation_change-mild_horizontal_no_load_1300rpm,3945067,1313,269,1633,2145,3,3,1044043,9,4250908,73,1,2,1678,1494,1222,75,172,1699,16383,1682,1673,1663312,800,1917,2183,532472,11955,8,382525,1496,82264,563,3944969306,3945068366,0,3945068380,3945068896,3458337106,17865255,986,73,64,0.0834,1670.0,0.24807468582183168,-0.1951911851944792,0.0834,23.52,74.3,,,,,,
2026-07-30T22:19:59.582472+00:00,S043,mounted,true,orientation_change,mild,1300,orientation_change-mild_horizontal_no_load_1300rpm,3945167,1312,267,1637,2147,6,3,1044095,9,4250908,73,1,2,1678,1495,1216,76,167,1697,16383,1682,1674,1663135,800,2053,2101,532436,11958,8,382533,1496,82265,563,3945069326,3945168403,0,3945168412,3945168928,3457556195,17874222,987,54,58,0.0834,1670.0,0.1105504581033614,0.03058269894631227,0.0834,23.58,74.4,,,,,,
2026-07-30T22:19:59.677405+00:00,S043,mounted,true,orientation_change,mild,1300,orientation_change-mild_horizontal_no_load_1300rpm,3945268,1312,267,1636,2146,4,3,1044148,9,4250908,73,1,2,1678,1494,1252,76,167,1696,16383,1681,1675,1680225,808,2011,2170,532492,11953,8,382531,1496,82266,563,3945169357,3945269072,0,3945269146,3945269661,3494049985,17859277,1001,43,73,0.0834,1670.0,0.22701637204049163,-0.037987636325608864,0.0834,23.61,74.5,,,,,,
2026-07-30T22:19:59.818378+00:00,S043,mounted,true,orientation_change,mild,1300,orientation_change-mild_horizontal_no_load_1300rpm,3945368,1312,268,1634,2146,5,3,1044201,9,4250908,73,1,2,1678,1494,1214,77,167,1699,16383,1681,1673,1663486,800,2015,2127,532486,11951,8,382525,1496,82267,563,3945270096,3945369212,0,3945369291,3945369806,3459023796,17853307,993,58,63,0.0834,1670.0,0.15594188611831594,-0.030758843193038565,0.0834,23.52,74.3,,,,,,
2026-07-30T22:19:59.910478+00:00,S043,mounted,true,orientation_change,mild,1300,orientation_change-mild_horizontal_no_load_1300rpm,3945468,1312,268,1636,2148,3,3,1044253,9,4250908,73,1,2,1678,1494,1222,75,159,1700,16383,1681,1674,1663293,800,2050,2113,532476,11954,8,382525,1496,82268,563,3945370236,3945469291,0,3945469365,3945469880,3458216039,17862266,986,55,68,0.0834,1670.0,0.13172032909486298,0.026727524677931935,0.0834,23.49,74.3,,,,,,
2026-07-30T22:20:00.004177+00:00,S043,mounted,true,orientation_change,mild,1300,orientation_change-mild_horizontal_no_load_1300rpm,3945568,1311,267,1636,2146,2,3,1044306,9,4250908,73,0,2,1678,1494,1242,75,159,1699,16383,1682,1672,1663340,800,1879,2194,532478,11953,8,382524,1496,82269,563,3945470314,3945569383,0,3945569462,3945569977,3458466682,17859279,992,59,67,0.0834,1670.0,0.26701697707688465,-0.25799096402576804,0.0834,23.52,74.3,,,,,,
2026-07-30T22:20:00.099608+00:00,S043,mounted,true,orientation_change,mild,1300,orientation_change-mild_horizontal_no_load_1300rpm,3945669,1312,269,1634,2147,6,3,1044359,9,4250908,73,0,2,1678,1494,1234,76,163,1701,16383,1680,1673,1679599,808,1980,2099,532467,11953,8,382523,1496,82270,563,3945570406,3945670073,0,3945670088,3945670603,3491454733,17859281,1003,57,64,0.0834,1670.0,0.10868124880783014,-0.08965508449761606,0.0834,23.46,74.2,,,,,,
2026-07-30T22:20:00.192436+00:00,S043,mounted,true,orientation_change,mild,1300,orientation_change-mild_horizontal_no_load_1300rpm,3945769,1321,268,1625,2133,5,3,1044411,9,4250908,73,2,2,1678,1494,1230,76,163,1697,16383,1681,1674,1663161,800,1987,2213,532438,11953,8,382522,1496,82271,563,3945671032,3945770468,0,3945770478,3945770993,3457693713,17859277,993,64,59,0.0834,1670.0,0.29868412273069467,-0.07798824136200144,0.0834,23.58,74.4,,,,,,
2026-07-30T22:20:00.286107+00:00,S043,mounted,true,orientation_change,mild,1300,orientation_change-mild_horizontal_no_load_1300rpm,3945870,1332,269,1610,2115,5,3,1044465,9,4250908,73,1,2,1678,1495,1237,77,158,1704,16383,1682,1671,1679637,808,2052,2277,532396,11956,8,382526,1496,82272,563,3945771423,3945871249,0,3945871323,3945871838,3491641431,17868244,991,52,75,0.0834,1670.0,0.404400146871863,0.02948857109401093,0.0834,23.37,74.1,,,,,,
2026-07-30T22:20:00.425867+00:00,S043,mounted,true,orientation_change,mild,1300,orientation_change-mild_horizontal_no_load_1300rpm,3945970,1337,269,1604,2108,5,3,1044519,9,4250908,73,1,2,1678,1494,1237,74,156,1700,16383,1681,1673,1663814,800,2010,2279,532433,11953,8,382525,1496,82273,563,3945872268,3945971332,0,3945971411,3945971926,3460427952,17859281,990,42,68,0.0834,1670.0,0.40868578658077404,-0.039654328202125555,0.0834,23.49,74.3,,,,,,
2026-07-30T22:20:00.519129+00:00,S043,mounted,true,orientation_change,mild,1300,orientation_change-mild_horizontal_no_load_1300rpm,3946070,1337,268,1603,2105,1,3,1044572,9,4250908,73,0,2,1678,1494,1234,74,156,1696,16383,1684,1673,1663589,800,2043,2266,532457,11955,8,382527,1496,82274,563,3945972356,3946071415,0,3946071489,3946072004,3459482679,17865255,989,60,72,0.0834,1670.0,0.38638696888331214,0.014776858971141227,0.0834,23.61,74.5,,,,,,
2026-07-30T22:20:00.613528+00:00,S043,mounted,true,orientation_change,mild,1300,orientation_change-mild_horizontal_no_load_1300rpm,3946171,1338,266,1602,2100,1,3,1044626,9,4250908,73,0,2,1678,1495,1256,74,155,1696,16383,1681,1672,1680143,808,1935,2115,532495,11958,8,382535,1496,82275,563,3946072436,3946172061,0,3946172070,3946172585,3493726467,17874222,989,54,67,0.0834,1670.0,0.13387438785750128,-0.16600470898143493,0.0834,23.61,74.5,,,,,,
2026-07-30T22:20:00.706665+00:00,S043,mounted,true,orientation_change,mild,1300,orientation_change-mild_horizontal_no_load_1300rpm,3946271,1334,269,1604,2109,1,3,1044680,9,4250908,73,2,3,1678,1495,1209,71,146,1696,16383,1681,1672,1663418,800,2049,2260,532467,11957,8,382540,1496,82276,563,3946173014,3946272228,0,3946272243,3946272758,3458767264,17871233,990,54,68,0.0834,1670.0,0.3757585510579573,0.024204210671572746,0.0834,23.61,74.5,,,,,,
2026-07-30T22:20:00.801476+00:00,S043,mounted,true,orientation_change,mild,1300,orientation_change-mild_horizontal_no_load_1300rpm,3946371,1320,267,1623,2129,3,3,1044733,9,4250908,73,1,3,1678,1495,1235,71,146,1698,16383,1685,1674,1664031,800,2003,2351,532482,11956,8,382543,1496,82277,563,3946273188,3946372282,0,3946372297,3946372812,3461367005,17868244,980,51,64,0.0834,1670.0,0.5277043984610232,-0.0521588387420544,0.0834,23.55,74.4,,,,,,
2026-07-30T22:20:00.895959+00:00,S043,mounted,true,orientation_change,mild,1300,orientation_change-mild_horizontal_no_load_1300rpm,3946471,1314,266,1632,2139,6,3,1044785,9,4250908,73,0,2,1678,1494,1253,70,142,1700,16383,1681,1674,1662974,800,2043,2103,532462,11954,8,382543,1496,82278,563,3946373242,3946472332,0,3946472341,3946472856,3456890878,17862268,986,58,58,0.0834,1670.0,0.11505480458423945,0.015061657520495153,0.0834,23.49,74.3,,,,,,
2026-07-30T22:20:00.989690+00:00,S043,mounted,true,orientation_change,mild,1300,orientation_change-mild_horizontal_no_load_1300rpm,3946571,1310,265,1637,2144,5,3,1044837,9,4250908,73,0,2,1678,1494,1200,70,142,1709,16383,1681,1673,1663275,800,2043,2263,532465,11955,8,382544,1496,82279,563,3946473288,3946572359,0,3946572368,3946572883,3458173523,17865257,992,52,67,0.0834,1670.0,0.38138772973651136,0.014776858971141227,0.0834,23.22,73.8,,,,,,
2026-07-30T22:20:01.084701+00:00,S043,mounted,true,orientation_change,mild,1300,orientation_change-mild_horizontal_no_load_1300rpm,3946671,1302,267,1647,2161,1,3,1044890,9,4250908,73,1,2,1678,1495,1203,71,137,1704,16383,1682,1672,1663226,800,1990,2103,532463,11956,8,382547,1496,82280,563,3946573311,3946672415,0,3946672429,3946672944,3457947216,17868244,1006,53,64,0.0834,1670.0,0.11446852827032439,-0.07382039645366367,0.0834,23.37,74.1,,,,,,
2026-07-30T22:20:01.225494+00:00,S043,mounted,true,orientation_change,mild,1300,orientation_change-mild_horizontal_no_load_1300rpm,3946772,1301,268,1650,2165,2,3,1044942,9,4250908,73,0,2,1678,1495,1217,70,133,1708,16383,1683,1674,1680284,808,2023,2363,532485,11957,8,382551,1496,82281,563,3946673376,3946773079,0,3946773153,3946773668,3494387848,17871233,997,50,63,0.0834,1670.0,0.547370385464581,-0.019115281508739645,0.0834,23.25,73.8,,,,,,
2026-07-30T22:20:01.320131+00:00,S043,mounted,true,orientation_change,mild,1300,orientation_change-mild_horizontal_no_load_1300rpm,3946872,1307,267,1641,2152,4,3,1044994,9,4250908,73,1,2,1678,1495,1221,70,133,1702,16383,1681,1674,1663426,800,1857,2243,532483,11956,8,382553,1496,82282,563,3946774100,3946873187,0,3946873261,3946873776,3458845156,17868244,981,72,56,0.0834,1670.0,0.34774684208765416,-0.2954347945801272,0.0834,23.43,74.2,,,,,,
2026-07-30T22:20:01.414319+00:00,S043,mounted,true,orientation_change,mild,1300,orientation_change-mild_horizontal_no_load_1300rpm,3946972,1311,269,1634,2147,5,3,1045047,9,4250908,73,1,2,1678,1494,1201,68,133,1701,16383,1682,1673,1663383,800,2045,2189,532483,11955,8,382553,1496,82283,563,3946874206,3946973273,0,3946973347,3946973862,3458600909,17865255,991,65,58,0.0834,1670.0,0.2580731641154328,0.018109685069008563,0.0834,23.46,74.2,,,,,,
2026-07-30T22:20:01.507523+00:00,S043,mounted,true,orientation_change,mild,1300,orientation_change-mild_horizontal_no_load_1300rpm,3947072,1312,266,1637,2145,3,3,1045099,9,4250908,73,0,2,1678,1494,1211,68,135,1707,16383,1681,1674,1663350,800,2031,2242,532451,11951,8,382546,1496,82284,563,3946974292,3947073353,0,3947073427,3947073942,3458482882,17853305,988,55,65,0.0834,1670.0,0.34764352782193964,-0.004087310434273572,0.0834,23.28,73.9,,,,,,
2026-07-30T22:20:01.600871+00:00,S043,mounted,true,orientation_change,mild,1300,orientation_change-mild_horizontal_no_load_1300rpm,3947172,1310,269,1638,2151,2,3,1045152,9,4250908,73,0,2,1678,1494,1191,68,135,1704,16383,1681,1674,1663597,800,2051,2215,532470,11954,8,382545,1496,82285,563,3947074370,3947173452,0,3947173526,3947174041,3459496407,17862268,984,63,60,0.0834,1670.0,0.30170867910322885,0.02839407712899389,0.0834,23.37,74.1,,,,,,
2026-07-30T22:20:01.694979+00:00,S043,mounted,true,orientation_change,mild,1300,orientation_change-mild_horizontal_no_load_1300rpm,3947273,1311,268,1635,2146,6,3,1045205,9,4250908,73,1,3,1678,1494,1224,70,146,1704,16383,1684,1673,1680155,808,1989,2103,532476,11948,8,382532,1496,82286,0,3947174469,3947274082,0,3947274096,3947274611,3493758895,17844340,976,62,59,0.0834,1670.0,0.11681481118178727,-0.0732675751590226,0.0834,23.37,74.1,,,,,,
2026-07-30T22:20:01.789627+00:00,S043,mounted,true,orientation_change,mild,1300,orientation_change-mild_horizontal_no_load_1300rpm,3947373,1077,572,1757,3085,5,3,1045239,9,4250908,151,140,41,1676,1494,1211,70,146,1702,16383,1675,1668,1656681,800,2050,2091,531773,11952,8,382528,1496,82287,0,3947275037,3947374133,0,3947374143,3947374658,3430770053,17856292,982,66,63,0.0758,1670.0,0.09563930120481912,0.0272992168674695,0.0758,23.43,74.2,,,,,,
2026-07-30T22:20:01.930164+00:00,S043,mounted,true,orientation_change,mild,1300,orientation_change-mild_horizontal_no_load_1300rpm,3947473,1077,572,1757,3085,5,3,1045247,9,4250908,151,140,41,1675,1494,1230,73,151,1701,16383,1674,1667,1656930,800,2053,2091,531329,11952,8,382524,1496,82288,0,3947375088,3947474176,0,3947474185,3947474700,3431798826,17856290,992,77,67,0.072,1670.0,0.09563930120481912,0.03229971084337313,0.072,23.46,74.2,,,,,,
2026-07-30T22:20:02.023946+00:00,S043,mounted,true,orientation_change,mild,1300,orientation_change-mild_horizontal_no_load_1300rpm,3947573,1077,572,1757,3085,5,3,1045247,9,4250908,151,140,41,1673,1494,1215,73,149,1701,16383,1673,1666,1655349,800,2051,2089,530865,11948,8,382513,1496,82289,0,3947475131,3947574227,0,3947574236,3947574751,3425253465,17844342,996,65,67,0.0644,1670.0,0.09347136022765312,0.030110564780716054,0.0644,23.46,74.2,,,,,,
2026-07-30T22:20:02.117769+00:00,S043,mounted,true,orientation_change,mild,1300,orientation_change-mild_horizontal_no_load_1300rpm,3947673,1077,572,1757,3085,5,3,1045247,9,4250908,151,140,41,1672,1494,1226,73,149,1701,16383,1673,1665,1655572,800,2045,2085,530593,11952,8,382510,1496,82290,0,3947575182,3947674249,0,3947674258,3947674773,3426177212,17856290,994,64,68,0.0606,1670.0,0.08563831325301186,0.01896506024096345,0.0606,23.46,74.2,,,,,,
2026-07-30T22:20:02.210862+00:00,S043,mounted,true,orientation_change,mild,1300,orientation_change-mild_horizontal_no_load_1300rpm,3947773,0,572,1757,3085,5,3,1045247,9,239,151,140,41,1672,1494,1230,71,144,1701,16351,1672,1665,1655676,800,2048,2087,530415,11950,8,382504,1496,82291,0,3947675204,3947774303,0,3947774314,3947774829,3426608052,17850316,992,64,61,0.0606,1670.0,0.08955418125523007,0.02453687983263597,0.0606,23.46,74.2,,,,,,
2026-07-30T22:20:02.305072+00:00,S043,mounted,true,orientation_change,mild,1300,orientation_change-mild_horizontal_no_load_1300rpm,3947873,0,572,1757,3085,5,3,1045247,9,239,151,140,41,1671,1494,1221,67,137,1700,16351,1675,1666,1655760,800,2049,2091,530325,11953,8,382504,1496,82292,0,3947775249,3947874369,0,3947874379,3947874894,3426958358,17859281,1003,63,69,0.0568,1670.0,0.09534771379569973,0.025346654982012495,0.0568,23.49,74.3,,,,,,
2026-07-30T22:20:02.397676+00:00,S043,mounted,true,orientation_change,mild,1300,orientation_change-mild_horizontal_no_load_1300rpm,3947974,0,572,1757,3085,5,3,1045247,9,239,151,140,41,1671,1493,1240,67,137,1701,16351,1674,1667,1672259,808,2049,2089,530204,11946,8,382490,1496,82293,0,3947875316,3947974965,0,3947975040,3947975555,3460985445,17838366,990,69,59,0.0568,1670.0,0.09405451381215446,0.02734777348066242,0.0568,23.46,74.2,,,,,,
2026-07-30T22:20:02.537865+00:00,S043,mounted,true,orientation_change,mild,1300,orientation_change-mild_horizontal_no_load_1300rpm,3948074,0,572,1757,3085,5,3,1045247,9,239,151,140,41,1671,1494,1210,65,133,1700,16351,1673,1665,1655289,800,2047,2088,530101,11955,8,382494,1496,82294,0,3947975975,3948075105,0,3948075180,3948075695,3425006007,17865257,993,65,61,0.0568,1670.0,0.08976544617314897,0.021442511166875455,0.0568,23.49,74.3,,,,,,
