iso_time,session_id,fixture_state,valid_for_classifier,condition,severity,speed_setpoint_rpm,label,t_ms,rpm,ripple_permil,min_us,max_us,hall,illegal,edges,step,coast_ms,period_std_permil,mech1x_permil,elec_permil,i_dc_mv,adc_vref_raw,adc_pc0_mv,accel_rms_mg,accel_pk_mg,temp_mv,sensor_status,i_dc_peak_mv,i_dc_min_mv,i_adc_raw_sum,i_adc_raw_count,i_adc_raw_min,i_adc_raw_max,i_adc_ema_q8,vref_adc_raw_sum,vref_adc_raw_count,vref_adc_ema_q8,vref_factory_cal_raw,frame_seq,pwm_ticks,i_adc_window_start_us,i_adc_window_end_us,i_adc_fail_count,vref_window_start_us,vref_window_end_us,i_adc_raw_sumsq,vref_adc_raw_sumsq,i_dc_a,i_dc_zero_mv,i_dc_peak_a,i_dc_min_a,i_dc_a_signed,temp_motor_c,temp_motor_f,temp_ambient_c,i_u_a,i_v_a,i_w_a,modbus_rpm,modbus_fault
2026-07-30T19:31:14.755197+00:00,S021,mounted,true,healthy,none,1500,healthy_horizontal_no_load_1500rpm,915971,1544,279,1380,1832,3,0,1092355,9,240,74,1,3,1654,1494,1209,60,126,1625,16383,1658,1650,1656479,808,2023,2149,524866,11951,8,382547,1496,52032,649,915872274,915972227,0,915972236,915972751,3396006205,17853305,0.0834,1646.0,0.19261524366161797,-0.017423076813655847,0.0834,25.76,78.4,,,,,,
2026-07-30T19:31:14.899106+00:00,S021,mounted,true,healthy,none,1500,healthy_horizontal_no_load_1500rpm,916071,1549,278,1376,1825,5,0,1092417,9,240,74,0,2,1654,1495,1234,62,126,1627,16383,1660,1645,1638938,800,2011,2079,524783,11956,8,382549,1496,52033,649,915973154,916072297,0,916072311,916072826,3357704130,17868244,0.0834,1646.0,0.07447796018735353,-0.03882864938106412,0.0834,25.7,78.3,,,,,,
2026-07-30T19:31:14.992323+00:00,S021,mounted,true,healthy,none,1500,healthy_horizontal_no_load_1500rpm,916171,1540,278,1388,1839,4,0,1092478,9,240,74,2,3,1654,1494,1238,62,126,1629,16383,1657,1648,1639319,800,2017,2105,524795,11955,8,382549,1496,52034,649,916073227,916172339,0,916172349,916172866,3359263347,17865255,0.0834,1646.0,0.11809446800501888,-0.02854988030112926,0.0834,25.64,78.1,,,,,,
2026-07-30T19:31:15.075393+00:00,S021,mounted,true,healthy,none,1500,healthy_horizontal_no_load_1500rpm,916271,1509,276,1415,1873,6,0,1092539,9,240,74,0,2,1654,1495,1212,62,125,1628,16383,1659,1648,1639511,800,2019,2071,524796,11956,8,382551,1496,52035,649,916173268,916272399,0,916272408,916272923,3360047097,17868246,0.0834,1646.0,0.061147770826363246,-0.025498460020073832,0.0834,25.67,78.2,,,,,,
2026-07-30T19:31:15.180066+00:00,S021,mounted,true,healthy,none,1500,healthy_horizontal_no_load_1500rpm,916371,1502,274,1423,1880,6,0,1092599,9,240,73,1,3,1654,1494,1235,60,127,1635,16383,1659,1649,1640037,800,2006,2195,524817,11955,8,382551,1496,52036,649,916273327,916372428,0,916372438,916372953,3362237621,17865255,0.0834,1646.0,0.2680716424090335,-0.04688042383939761,0.0834,25.46,77.8,,,,,,
2026-07-30T19:31:15.274768+00:00,S021,mounted,true,healthy,none,1500,healthy_horizontal_no_load_1500rpm,916472,1501,277,1422,1884,2,0,1092660,9,240,73,0,2,1654,1494,1208,60,127,1634,16383,1658,1649,1655491,808,1861,2079,524785,11954,8,382550,1496,52037,649,916373356,916473183,0,916473261,916473776,3391981045,17862268,0.0834,1646.0,0.07505754575874146,-0.28825088857286296,0.0834,25.49,77.9,,,,,,
2026-07-30T19:31:15.367752+00:00,S021,mounted,true,healthy,none,1500,healthy_horizontal_no_load_1500rpm,916572,1500,276,1424,1884,2,0,1092720,9,240,73,0,2,1654,1495,1204,61,126,1625,16383,1659,1649,1640109,800,2014,2185,524811,11956,8,382552,1496,52038,649,916474177,916573245,0,916573324,916573839,3362521751,17868244,0.0834,1646.0,0.2511029692204749,-0.033829828370692816,0.0834,25.76,78.4,,,,,,
2026-07-30T19:31:15.461552+00:00,S021,mounted,true,healthy,none,1500,healthy_horizontal_no_load_1500rpm,916672,1507,275,1416,1873,2,0,1092780,9,240,74,1,2,1654,1495,1208,61,126,1635,16383,1658,1646,1639629,800,1993,2239,524787,11956,8,382554,1496,52039,649,916574239,916673306,0,916673380,916673895,3360589825,17868246,0.0834,1646.0,0.3410817474071597,-0.06882157544329237,0.0834,25.46,77.8,,,,,,
2026-07-30T19:31:15.602422+00:00,S021,mounted,true,healthy,none,1500,healthy_horizontal_no_load_1500rpm,916772,1521,276,1403,1858,3,0,1092841,9,240,74,0,3,1654,1495,1217,60,119,1632,16383,1656,1647,1639013,800,2014,2079,524761,11957,8,382558,1496,52040,649,916674301,916773378,0,916773452,916773967,3358006349,17871233,0.0834,1646.0,0.07418824011039549,-0.0341104903403866,0.0834,25.55,78.0,,,,,,
2026-07-30T19:31:15.697499+00:00,S021,mounted,true,healthy,none,1500,healthy_horizontal_no_load_1500rpm,916872,1531,274,1397,1845,1,0,1092902,9,240,73,0,2,1654,1494,1193,60,122,1639,16383,1658,1649,1639974,800,2015,2085,524822,11951,8,382551,1496,52041,649,916774368,916873447,0,916873521,916874036,3361950158,17853305,0.0834,1646.0,0.085929112626558,-0.030758843193038565,0.0834,25.33,77.6,,,,,,
2026-07-30T19:31:15.791184+00:00,S021,mounted,true,healthy,none,1500,healthy_horizontal_no_load_1500rpm,916973,1542,277,1381,1831,4,0,1092964,9,240,74,2,3,1654,1494,1222,60,122,1635,16383,1658,1650,1656014,808,2023,2075,524813,11953,8,382548,1496,52042,649,916874435,916974186,0,916974195,916974711,3394093144,17859281,0.0834,1646.0,0.06868064377143801,-0.017987333807412575,0.0834,25.46,77.8,,,,,,
2026-07-30T19:31:15.885248+00:00,S021,mounted,true,healthy,none,1500,healthy_horizontal_no_load_1500rpm,917073,1561,277,1365,1809,3,0,1093027,9,240,74,0,3,1654,1495,1244,64,123,1632,16383,1659,1647,1639314,800,1881,2175,524795,11956,8,382550,1496,52043,649,916975113,917074355,0,917074365,917074880,3359325006,17868244,0.0834,1646.0,0.23444023251923696,-0.25544422649715637,0.0834,25.55,78.0,,,,,,
2026-07-30T19:31:15.979306+00:00,S021,mounted,true,healthy,none,1500,healthy_horizontal_no_load_1500rpm,917173,1562,278,1367,1812,5,0,1093089,9,240,73,1,2,1654,1494,1209,61,125,1631,16383,1659,1648,1639837,800,2005,2173,524796,11953,8,382547,1496,52044,649,917075280,917174398,0,917174411,917174926,3361402047,17859281,0.0834,1646.0,0.23201644767004082,-0.04798778758470679,0.0834,25.58,78.0,,,,,,
2026-07-30T19:31:16.105285+00:00,S021,mounted,true,healthy,none,1500,healthy_horizontal_no_load_1500rpm,917273,1539,277,1389,1840,6,0,1093151,9,240,74,2,3,1654,1495,1212,61,125,1630,16383,1657,1648,1639608,800,2019,2179,524807,11956,8,382549,1496,52045,649,917175329,917274416,0,917274426,917274941,3360474352,17868246,0.0834,1646.0,0.24110532719973232,-0.025498460020073832,0.0834,25.61,78.1,,,,,,
2026-07-30T19:31:16.199373+00:00,S021,mounted,true,healthy,none,1500,healthy_horizontal_no_load_1500rpm,917374,1521,278,1405,1862,2,0,1093212,9,240,74,1,3,1654,1494,1227,62,125,1628,16383,1658,1648,1655624,808,1987,2243,524804,11955,8,382549,1496,52046,649,917275347,917375075,0,917375149,917375664,3392539280,17865255,0.0834,1646.0,0.34805946875784155,-0.07854227176913486,0.0834,25.67,78.2,,,,,,
2026-07-30T19:31:16.293299+00:00,S021,mounted,true,healthy,none,1500,healthy_horizontal_no_load_1500rpm,917474,1515,277,1409,1866,3,0,1093273,9,240,74,0,3,1654,1494,1221,62,125,1631,16383,1656,1647,1639066,800,1911,2159,524790,11954,8,382548,1496,52047,649,917376067,917475136,0,917475210,917475725,3358259716,17862270,0.0834,1646.0,0.20838174184373415,-0.2049232660197422,0.0834,25.58,78.0,,,,,,
2026-07-30T19:31:16.387494+00:00,S021,mounted,true,healthy,none,1500,healthy_horizontal_no_load_1500rpm,917574,1504,276,1421,1880,3,0,1093333,9,240,74,1,3,1654,1495,1211,63,120,1628,16383,1658,1648,1639186,800,1929,2083,524793,11956,8,382550,1496,52048,649,917476129,917575209,0,917575283,917575798,3358733164,17868244,0.0834,1646.0,0.08114305486784845,-0.17546309033121466,0.0834,25.67,78.2,,,,,,
2026-07-30T19:31:16.481025+00:00,S021,mounted,true,healthy,none,1500,healthy_horizontal_no_load_1500rpm,917674,1501,275,1423,1882,3,0,1093393,9,240,73,0,3,1654,1495,1248,61,121,1627,16383,1657,1648,1639250,800,2017,2075,524788,11958,8,382556,1496,52049,649,917576201,917675268,0,917675342,917675857,3358981654,17874222,0.0834,1646.0,0.06723458855995945,-0.029393120421475682,0.0834,25.7,78.3,,,,,,
2026-07-30T19:31:16.574952+00:00,S021,mounted,true,healthy,none,1500,healthy_horizontal_no_load_1500rpm,917774,1510,276,1413,1870,1,0,1093454,9,240,73,1,2,1654,1494,1200,61,121,1627,16383,1658,1648,1639280,800,2022,2079,524806,11955,8,382556,1496,52050,649,917676258,917775305,0,917775384,917775899,3359102670,17865257,0.0834,1646.0,0.07476772873274751,-0.02021781505646203,0.0834,25.7,78.3,,,,,,
2026-07-30T19:31:16.668907+00:00,S021,mounted,true,healthy,none,1500,healthy_horizontal_no_load_1500rpm,917874,1515,277,1409,1866,1,0,1093514,9,240,73,0,2,1654,1495,1216,59,119,1625,16383,1657,1649,1639062,800,1973,2099,524766,11957,8,382560,1496,52051,649,917776302,917875369,0,917875443,917875957,3358219764,17871235,0.0834,1646.0,0.10751092640294324,-0.10242199724011058,0.0834,25.76,78.4,,,,,,
2026-07-30T19:31:16.809694+00:00,S021,mounted,true,healthy,none,1500,healthy_horizontal_no_load_1500rpm,917974,1511,274,1415,1869,5,0,1093575,9,240,74,2,3,1654,1494,1235,59,112,1624,16383,1656,1647,1638869,800,2011,2109,524723,11955,8,382560,1496,52052,649,917876357,917975432,0,917975506,917976021,3357422301,17865257,0.0834,1646.0,0.12476012020075222,-0.03854835859473038,0.0834,25.79,78.4,,,,,,
2026-07-30T19:31:16.903581+00:00,S021,mounted,true,healthy,none,1500,healthy_horizontal_no_load_1500rpm,918075,1494,273,1430,1888,5,0,1093635,9,240,73,1,2,1653,1494,1231,59,112,1630,16383,1657,1647,1655210,808,2011,2153,524693,11952,8,382554,1496,52053,649,917976427,918076076,0,918076086,918076601,3390808290,17856292,0.0796,1646.0,0.1989828433734937,-0.03770720481927725,0.0796,25.61,78.1,,,,,,
2026-07-30T19:31:16.995455+00:00,S021,mounted,true,healthy,none,1500,healthy_horizontal_no_load_1500rpm,918175,1485,275,1440,1904,5,0,1093695,9,240,74,1,2,1654,1494,1256,58,114,1633,16383,1657,1648,1639574,800,2019,2203,524736,11954,8,382553,1496,52054,649,918077004,918176207,0,918176221,918176736,3360331850,17862270,0.0834,1646.0,0.2817100496904801,-0.02493560130500283,0.0834,25.52,77.9,,,,,,
2026-07-30T19:31:17.090674+00:00,S021,mounted,true,healthy,none,1500,healthy_horizontal_no_load_1500rpm,918275,1504,275,1417,1875,5,0,1093755,9,240,73,3,3,1654,1495,1235,58,114,1630,16383,1658,1647,1640037,800,1935,2077,524829,11956,8,382555,1496,52055,649,918177138,918276384,0,918276393,918276908,3362216945,17868244,0.0834,1646.0,0.07114541284710585,-0.1654654483104716,0.0834,25.61,78.1,,,,,,
2026-07-30T19:31:17.185916+00:00,S021,mounted,true,healthy,none,1500,healthy_horizontal_no_load_1500rpm,918376,1538,277,1388,1838,6,0,1093817,9,240,73,1,2,1654,1494,1221,56,114,1630,16383,1658,1650,1656227,808,2011,2077,524836,11954,8,382554,1496,52056,649,918277314,918377093,0,918377167,918377682,3394965281,17862270,0.0834,1646.0,0.07172444085661667,-0.03826802091350201,0.0834,25.61,78.1,,,,,,
2026-07-30T19:31:17.277792+00:00,S021,mounted,true,healthy,none,1500,healthy_horizontal_no_load_1500rpm,918476,1543,276,1386,1833,3,0,1093879,9,240,74,1,2,1654,1494,1214,57,118,1635,16383,1658,1647,1638759,800,2012,2177,524739,11954,8,382553,1496,52057,649,918378084,918477140,0,918477218,918477734,3356992613,17862270,0.0834,1646.0,0.2383796859628573,-0.03660146846243917,0.0834,25.46,77.8,,,,,,
2026-07-30T19:31:17.374599+00:00,S021,mounted,true,healthy,none,1500,healthy_horizontal_no_load_1500rpm,918576,1520,277,1407,1863,1,0,1093940,9,240,74,2,3,1654,1495,1221,57,118,1627,16383,1658,1647,1639432,800,1961,2079,524782,11956,8,382555,1496,52058,649,918478136,918577200,0,918577278,918577793,3359735494,17868244,0.0834,1646.0,0.07447796018735353,-0.12214233288725396,0.0834,25.7,78.3,,,,,,
2026-07-30T19:31:17.515573+00:00,S021,mounted,true,healthy,none,1500,healthy_horizontal_no_load_1500rpm,918676,1503,276,1422,1882,1,0,1094000,9,240,73,0,2,1654,1494,1209,57,125,1627,16383,1656,1647,1638987,800,2009,2107,524759,11953,8,382552,1496,52059,649,918578196,918677267,0,918677341,918677856,3357900703,17859281,0.0834,1646.0,0.12201478381996145,-0.04132102007864136,0.0834,25.7,78.3,,,,,,
2026-07-30T19:31:17.631045+00:00,S021,mounted,true,healthy,none,1500,healthy_horizontal_no_load_1500rpm,918776,1497,276,1428,1889,1,0,1094060,9,240,74,1,2,1654,1494,1223,57,122,1629,16383,1659,1647,1639459,800,2019,2075,524796,11951,8,382545,1496,52060,649,918678256,918777330,0,918777404,918777919,3359838069,17853303,0.0834,1646.0,0.06925940465233005,-0.02409096000334765,0.0834,25.64,78.1,,,,,,
2026-07-30T19:31:17.703662+00:00,S021,mounted,true,healthy,none,1500,healthy_horizontal_no_load_1500rpm,918876,1486,275,1439,1902,3,0,1094119,9,240,74,1,3,1654,1494,1206,57,122,1631,16383,1659,1650,1640017,800,1891,2219,524841,11952,8,382540,1496,52061,649,918778321,918877394,0,918877468,918877984,3362175173,17856288,0.0834,1646.0,0.3089937108433731,-0.23772696385542202,0.0834,25.58,78.0,,,,,,
2026-07-30T19:31:17.797858+00:00,S021,mounted,true,healthy,none,1500,healthy_horizontal_no_load_1500rpm,918977,1483,276,1441,1907,3,0,1094179,9,240,74,0,3,1654,1494,1225,58,119,1628,16383,1658,1648,1655248,808,2015,2073,524787,11953,8,382538,1496,52062,649,918878386,918978052,0,918978061,918978576,3390952144,17859281,0.0834,1646.0,0.06534726001840552,-0.031320868819543435,0.0834,25.67,78.2,,,,,,
2026-07-30T19:31:17.890418+00:00,S021,mounted,true,healthy,none,1500,healthy_horizontal_no_load_1500rpm,919077,1522,274,1400,1851,1,0,1094240,9,240,73,2,3,1654,1494,1209,58,119,1626,16383,1657,1650,1639363,800,2013,2077,524799,11955,8,382539,1496,52063,649,918978977,919078077,0,919078092,919078607,3359447481,17865255,0.0834,1646.0,0.07143490263488061,-0.03521553249686349,0.0834,25.73,78.3,,,,,,
2026-07-30T19:31:17.983224+00:00,S021,mounted,true,healthy,none,1500,healthy_horizontal_no_load_1500rpm,919177,1540,277,1385,1835,5,0,1094301,9,240,73,1,3,1654,1494,1201,60,122,1633,16383,1659,1647,1639498,800,2005,2077,524818,11951,8,382533,1496,52064,649,919079010,919178148,0,919178157,919178672,3359999922,17853305,0.0834,1646.0,0.07259334624717573,-0.04742855116726652,0.0834,25.52,77.9,,,,,,
2026-07-30T19:31:18.076724+00:00,S021,mounted,true,healthy,none,1500,healthy_horizontal_no_load_1500rpm,919277,1543,277,1385,1835,6,0,1094363,9,240,74,1,3,1654,1494,1246,60,127,1630,16383,1657,1646,1638852,800,1995,2181,524764,11954,8,382533,1496,52065,649,919179074,919278195,0,919278204,919278719,3357377704,17862268,0.0834,1646.0,0.2450458957671069,-0.06493286013050081,0.0834,25.61,78.1,,,,,,
2026-07-30T19:31:18.217381+00:00,S021,mounted,true,healthy,none,1500,healthy_horizontal_no_load_1500rpm,919377,1527,276,1397,1850,2,0,1094424,9,240,74,1,3,1654,1495,1205,60,127,1627,16383,1658,1647,1639361,800,1963,2133,524790,11957,8,382538,1496,52066,649,919279126,919378235,0,919378244,919378759,3359449987,17871233,0.0834,1646.0,0.1641594931002759,-0.11908334038638468,0.0834,25.7,78.3,,,,,,
2026-07-30T19:31:18.310255+00:00,S021,mounted,true,healthy,none,1500,healthy_horizontal_no_load_1500rpm,919477,1516,277,1408,1865,3,0,1094485,9,240,73,0,3,1654,1495,1190,59,135,1638,16383,1656,1646,1638535,800,2007,2219,524715,11956,8,382541,1496,52067,649,919379162,919478267,0,919478276,919478791,3356083257,17868244,0.0834,1646.0,0.30775627400468375,-0.04549374406155948,0.0834,25.36,77.7,,,,,,
2026-07-30T19:31:18.404917+00:00,S021,mounted,true,healthy,none,1500,healthy_horizontal_no_load_1500rpm,919577,1522,274,1405,1856,1,0,1094546,9,240,73,1,3,1654,1494,1227,61,128,1633,16383,1658,1650,1639512,800,2013,2082,524758,11954,8,382541,1496,52068,649,919479195,919578292,0,919578302,919578817,3360057190,17862266,0.0834,1646.0,0.08005720311192865,-0.034934916011377215,0.0834,25.52,77.9,,,,,,
2026-07-30T19:31:18.497972+00:00,S021,mounted,true,healthy,none,1500,healthy_horizontal_no_load_1500rpm,919677,1529,277,1395,1848,5,0,1094607,9,240,74,0,2,1654,1494,1199,61,128,1634,16383,1658,1650,1639703,800,2015,2083,524814,11953,8,382539,1496,52069,649,919579223,919678334,0,919678343,919678858,3360838501,17859281,0.0834,1646.0,0.08201417878356887,-0.031320868819543435,0.0834,25.49,77.9,,,,,,
2026-07-30T19:31:18.592465+00:00,S021,mounted,true,healthy,none,1500,healthy_horizontal_no_load_1500rpm,919777,1531,274,1394,1842,4,0,1094668,9,240,74,0,3,1654,1494,1219,62,127,1634,16383,1658,1646,1639553,800,2011,2165,524796,11953,8,382537,1496,52070,649,919679259,919778387,0,919778396,919778911,3360249211,17859281,0.0834,1646.0,0.21868291265790996,-0.037987636325608864,0.0834,25.49,77.9,,,,,,
2026-07-30T19:31:18.683741+00:00,S021,mounted,true,healthy,none,1500,healthy_horizontal_no_load_1500rpm,919878,1544,277,1381,1830,3,0,1094731,9,240,74,1,3,1654,1494,1205,62,127,1631,16383,1656,1647,1655631,808,2007,2087,524796,11950,8,382529,1496,52071,649,919779312,919879094,0,919879173,919879688,3392529057,17850316,0.0834,1646.0,0.08955418125523007,-0.04381464217573283,0.0834,25.58,78.0,,,,,,
2026-07-30T19:31:18.779145+00:00,S021,mounted,true,healthy,none,1500,healthy_horizontal_no_load_1500rpm,919978,1547,278,1379,1828,5,0,1094793,9,240,74,0,3,1654,1494,1199,61,129,1627,16383,1658,1647,1639295,800,2023,2084,524802,11955,8,382530,1496,52072,649,919880091,919979174,0,919979253,919979768,3359163819,17865259,0.0834,1646.0,0.08309979397741518,-0.018551402007528583,0.0834,25.7,78.3,,,,,,
2026-07-30T19:31:18.920978+00:00,S021,mounted,true,healthy,none,1500,healthy_horizontal_no_load_1500rpm,920078,1547,278,1379,1829,4,0,1094854,9,240,74,0,3,1654,1494,1198,63,140,1629,16383,1658,1649,1639418,800,2015,2115,524780,11953,8,382528,1496,52073,649,919980168,920079224,0,920079298,920079816,3359677628,17859281,0.0834,1646.0,0.13534831883209186,-0.031320868819543435,0.0834,25.64,78.1,,,,,,
2026-07-30T19:31:19.015488+00:00,S021,mounted,true,healthy,none,1500,healthy_horizontal_no_load_1500rpm,920178,1539,277,1387,1838,2,0,1094916,9,240,74,0,2,1654,1495,1216,63,140,1630,16383,1657,1647,1639525,800,2020,2203,524785,11958,8,382536,1496,52074,649,920080217,920179282,0,920179356,920179871,3360126299,17874222,0.0834,1646.0,0.2804819463120918,-0.024395135474159613,0.0834,25.61,78.1,,,,,,
2026-07-30T19:31:19.109679+00:00,S021,mounted,true,healthy,none,1500,healthy_horizontal_no_load_1500rpm,920278,1534,276,1391,1842,1,0,1094978,9,240,74,0,3,1654,1494,1196,64,133,1631,16383,1658,1646,1639747,800,1999,2235,524828,11952,8,382532,1496,52075,649,920180271,920279325,0,920279403,920279918,3361072605,17856292,0.0834,1646.0,0.3356630120481925,-0.05770918072289177,0.0834,25.58,78.0,,,,,,
2026-07-30T19:31:19.203763+00:00,S021,mounted,true,healthy,none,1500,healthy_horizontal_no_load_1500rpm,920378,1508,276,1419,1877,1,0,1095038,9,240,74,2,3,1654,1495,1203,62,129,1633,16383,1657,1648,1639242,800,2022,2114,524794,11956,8,382535,1496,52076,649,920280319,920379404,0,920379478,920379993,3358948562,17868244,0.0834,1646.0,0.13279753864168597,-0.02049963900970253,0.0834,25.52,77.9,,,,,,
2026-07-30T19:31:19.297841+00:00,S021,mounted,true,healthy,none,1500,healthy_horizontal_no_load_1500rpm,920479,1491,276,1434,1897,1,0,1095098,9,240,74,1,3,1654,1494,1230,62,129,1626,16383,1658,1647,1655902,808,2003,2077,524794,11949,8,382525,1496,52077,649,920380399,920480075,0,920480085,920480600,3393640622,17847329,0.0834,1646.0,0.07317285890032599,-0.05020362716545357,0.0834,25.73,78.3,,,,,,
2026-07-30T19:31:19.392600+00:00,S021,mounted,true,healthy,none,1500,healthy_horizontal_no_load_1500rpm,920579,1491,275,1430,1892,1,0,1095158,9,240,73,2,3,1654,1495,1214,63,131,1635,16383,1658,1646,1639407,800,2009,2075,524811,11956,8,382529,1496,52078,649,920481002,920580089,0,920580103,920580618,3359624457,17868246,0.0834,1646.0,0.06781286550685817,-0.0421611967213118,0.0834,25.46,77.8,,,,,,
2026-07-30T19:31:19.485188+00:00,S021,mounted,true,healthy,none,1500,healthy_horizontal_no_load_1500rpm,920679,1513,275,1411,1866,1,0,1095218,9,240,73,1,3,1654,1495,1222,63,131,1635,16383,1659,1647,1639630,800,1892,2158,524804,11956,8,382532,1496,52079,649,920581020,920680127,0,920680136,920680652,3360579274,17868244,0.0834,1646.0,0.20611358012713277,-0.23711521612579478,0.0834,25.46,77.8,,,,,,
2026-07-30T19:31:19.579380+00:00,S021,mounted,true,healthy,none,1500,healthy_horizontal_no_load_1500rpm,920779,1530,278,1393,1847,4,0,1095280,9,240,74,0,2,1654,1494,1229,61,128,1632,16383,1658,1645,1639407,800,1841,2075,524784,11954,8,382532,1496,52080,649,920681055,920780181,0,920780195,920780711,3359666007,17862268,0.0834,1646.0,0.06839133595449187,-0.3215819375941109,0.0834,25.55,78.0,,,,,,
2026-07-30T19:31:19.716464+00:00,S021,mounted,true,healthy,none,1500,healthy_horizontal_no_load_1500rpm,920879,1539,277,1386,1837,6,0,1095341,9,240,73,0,3,1654,1494,1238,59,126,1631,16383,1657,1650,1639864,800,2015,2077,524815,11949,8,382522,1496,52081,649,920781111,920880364,0,920880374,920880889,3361494978,17847329,0.0834,1646.0,0.07317285890032599,-0.03019662942505663,0.0834,25.58,78.0,,,,,,
2026-07-30T19:31:19.812264+00:00,S021,mounted,true,healthy,none,1500,healthy_horizontal_no_load_1500rpm,920980,1547,279,1379,1830,3,0,1095403,9,240,74,0,2,1654,1494,1255,59,126,1633,16383,1659,1648,1656243,808,2011,2084,524814,11954,8,382522,1496,52082,649,920881289,920980897,0,920980971,920981485,3395033329,17862270,0.0834,1646.0,0.08339030801405345,-0.03826802091350201,0.0834,25.52,77.9,,,,,,
2026-07-30T19:31:19.907005+00:00,S021,mounted,true,healthy,none,1500,healthy_horizontal_no_load_1500rpm,921080,1548,279,1378,1829,5,0,1095465,9,240,74,1,3,1654,1494,1207,59,122,1625,16383,1659,1648,1639386,800,1843,2079,524796,11952,8,382519,1496,52083,649,920981885,921080948,0,921081022,921081536,3359593306,17856292,0.0834,1646.0,0.0756373253012046,-0.31773486746987967,0.0834,25.76,78.4,,,,,,
2026-07-30T19:31:19.998472+00:00,S021,mounted,true,healthy,none,1500,healthy_horizontal_no_load_1500rpm,921180,1523,277,1404,1859,4,0,1095526,9,240,74,2,3,1654,1494,1226,60,128,1627,16383,1659,1649,1639575,800,2015,2075,524844,11954,8,382519,1496,52084,649,921081938,921180964,0,921181038,921181553,3360317009,17862268,0.0834,1646.0,0.06839133595449187,-0.03160181110925242,0.0834,25.7,78.3,,,,,,
2026-07-30T19:31:20.089995+00:00,S021,mounted,true,healthy,none,1500,healthy_horizontal_no_load_1500rpm,921280,1503,277,1420,1882,6,0,1095587,9,240,73,1,2,1654,1495,1259,60,128,1627,16383,1659,1649,1639509,800,1981,2089,524808,11956,8,382523,1496,52085,649,921181956,921281068,0,921281146,921281661,3360054573,17868244,0.0834,1646.0,0.09114069688859106,-0.08881685948477802,0.0834,25.7,78.3,,,,,,
2026-07-30T19:31:20.187132+00:00,S021,mounted,true,healthy,none,1500,healthy_horizontal_no_load_1500rpm,921380,1506,272,1417,1869,6,0,1095647,9,240,73,1,2,1654,1495,1224,57,128,1628,16383,1657,1648,1639206,800,1887,2081,524797,11956,8,382527,1496,52086,649,921282064,921381134,0,921381207,921381723,3358834178,17868244,0.0834,1646.0,0.07781050752760077,-0.24544658447641376,0.0834,25.67,78.2,,,,,,
2026-07-30T19:31:20.328130+00:00,S021,mounted,true,healthy,none,1500,healthy_horizontal_no_load_1500rpm,921480,1525,276,1399,1853,2,0,1095708,9,240,74,1,3,1654,1494,1229,57,128,1639,16383,1657,1648,1639077,800,1939,2079,524788,11954,8,382527,1496,52087,649,921382125,921481180,0,921481254,921481769,3358291125,17862268,0.0834,1646.0,0.07505754575874146,-0.15825979738999552,0.0834,25.33,77.6,,,,,,
2026-07-30T19:31:20.423177+00:00,S021,mounted,true,healthy,none,1500,healthy_horizontal_no_load_1500rpm,921580,1529,276,1397,1849,3,0,1095769,9,240,74,0,2,1654,1494,1226,59,132,1640,16383,1660,1647,1639873,800,1979,2085,524812,11955,8,382529,1496,52088,649,921482175,921581254,0,921581328,921581843,3361546429,17865257,0.0834,1646.0,0.08476620702634818,-0.09187357616060243,0.0834,25.3,77.5,,,,,,
2026-07-30T19:31:20.518767+00:00,S021,mounted,true,healthy,none,1500,healthy_horizontal_no_load_1500rpm,921680,1500,275,1426,1885,1,0,1095830,9,240,74,3,3,1654,1494,1238,61,137,1627,16383,1658,1647,1639076,800,2008,2079,524768,11955,8,382530,1496,52089,649,921582247,921681327,0,921681405,921681920,3358268286,17865257,0.0834,1646.0,0.07476772873274751,-0.04354759774153116,0.0834,25.7,78.3,,,,,,
2026-07-30T19:31:20.612819+00:00,S021,mounted,true,healthy,none,1500,healthy_horizontal_no_load_1500rpm,921780,1479,275,1445,1911,3,0,1095889,9,240,74,1,3,1654,1494,1233,61,137,1628,16383,1657,1648,1639334,800,1941,2087,524789,11955,8,382531,1496,52090,649,921682323,921781384,0,921781463,921781978,3359341788,17865257,0.0834,1646.0,0.08809903312421552,-0.15519727202007516,0.0834,25.67,78.2,,,,,,
2026-07-30T19:31:20.707999+00:00,S021,mounted,true,healthy,none,1500,healthy_horizontal_no_load_1500rpm,921881,1470,274,1453,1920,2,0,1095948,9,240,73,1,2,1654,1494,1242,63,143,1632,16383,1657,1647,1655683,808,2019,2079,524799,11953,8,382529,1496,52091,649,921782380,921882061,0,921882071,921882586,3392739689,17859279,0.0834,1646.0,0.075347411277503,-0.024654101313478005,0.0834,25.55,78.0,,,,,,
2026-07-30T19:31:20.801720+00:00,S021,mounted,true,healthy,none,1500,healthy_horizontal_no_load_1500rpm,921981,1486,275,1437,1900,6,0,1096007,9,240,73,1,2,1654,1494,1243,61,138,1632,16383,1658,1650,1639449,800,1929,2077,524814,11951,8,382523,1496,52092,649,921882989,921982227,0,921982236,921982751,3359808413,17853303,0.0834,1646.0,0.07259334624717573,-0.17411833177140013,0.0834,25.55,78.0,,,,,,
2026-07-30T19:31:20.896642+00:00,S021,mounted,true,healthy,none,1500,healthy_horizontal_no_load_1500rpm,922081,1498,275,1426,1886,6,0,1096067,9,240,73,0,3,1654,1494,1208,61,138,1633,16383,1659,1648,1639187,800,2014,2075,524763,11952,8,382520,1496,52093,649,921983153,922082286,0,922082296,922082810,3358726803,17856292,0.0834,1646.0,0.06896999999999975,-0.03270671084337362,0.0834,25.52,77.9,,,,,,
2026-07-30T19:31:20.991651+00:00,S021,mounted,true,healthy,none,1500,healthy_horizontal_no_load_1500rpm,922181,1503,277,1419,1881,6,0,1096127,9,240,73,1,3,1654,1494,1205,61,138,1630,16383,1660,1648,1639962,800,1991,2185,524809,11952,8,382517,1496,52094,649,922083210,922182318,0,922182327,922182841,3361929346,17856292,0.0834,1646.0,0.2523214457831324,-0.07104383132530145,0.0834,25.61,78.1,,,,,,
2026-07-30T19:31:21.131860+00:00,S021,mounted,true,healthy,none,1500,healthy_horizontal_no_load_1500rpm,922281,1514,276,1410,1867,2,0,1096188,9,240,73,0,3,1654,1494,1247,61,138,1631,16383,1659,1648,1639460,800,2007,2111,524798,11954,8,382517,1496,52095,649,922183244,922282359,0,922282369,922282884,3359853328,17862268,0.0834,1646.0,0.12838722419273818,-0.0449342307177516,0.0834,25.58,78.0,,,,,,
2026-07-30T19:31:21.225332+00:00,S021,mounted,true,healthy,none,1500,healthy_horizontal_no_load_1500rpm,922381,1514,276,1411,1868,3,0,1096249,9,240,73,0,2,1654,1494,1229,60,129,1626,16383,1658,1649,1639439,800,2007,2079,524803,11954,8,382517,1496,52096,649,922283288,922382391,0,922382405,922382920,3359756453,17862268,0.0834,1646.0,0.07505754575874146,-0.0449342307177516,0.0834,25.73,78.3,,,,,,
2026-07-30T19:31:21.318889+00:00,S021,mounted,true,healthy,none,1500,healthy_horizontal_no_load_1500rpm,922482,1545,277,1378,1827,5,0,1096311,9,240,74,1,3,1654,1494,1214,58,128,1619,16383,1658,1651,1656208,808,2021,2081,524807,11953,8,382516,1496,52097,649,922383320,922482973,0,922483052,922483567,3394887842,17859281,0.0834,1646.0,0.07868079503053593,-0.02132071756044507,0.0834,25.94,78.7,,,,,,
2026-07-30T19:31:21.412156+00:00,S021,mounted,true,healthy,none,1500,healthy_horizontal_no_load_1500rpm,922582,1562,277,1364,1807,6,0,1096373,9,240,74,0,3,1654,1495,1213,58,128,1624,16383,1658,1648,1639532,800,2003,2071,524817,11956,8,382520,1496,52098,649,922483970,922583247,0,922583321,922583836,3360131736,17868244,0.0834,1646.0,0.061147770826363246,-0.0521588387420544,0.0834,25.79,78.4,,,,,,
2026-07-30T19:31:21.505091+00:00,S021,mounted,true,healthy,none,1500,healthy_horizontal_no_load_1500rpm,922682,1560,278,1370,1816,1,0,1096436,9,240,74,1,3,1654,1494,1234,60,127,1629,16383,1660,1648,1639416,800,1959,2161,524779,11955,8,382522,1496,52099,649,922584236,922683287,0,922683366,922683881,3359686288,17865257,0.0834,1646.0,0.21141359874529497,-0.12520183713927224,0.0834,25.64,78.1,,,,,,
2026-07-30T19:31:21.600030+00:00,S021,mounted,true,healthy,none,1500,healthy_horizontal_no_load_1500rpm,922782,1541,278,1385,1836,4,0,1096498,9,240,74,1,2,1654,1495,1198,58,120,1636,16383,1656,1647,1639596,800,2021,2217,524794,11958,8,382530,1496,52100,649,922684284,922783347,0,922783426,922783941,3360431280,17874222,0.0834,1646.0,0.30380587606623166,-0.022729140491721367,0.0834,25.43,77.8,,,,,,
2026-07-30T19:31:21.695182+00:00,S021,mounted,true,healthy,none,1500,healthy_horizontal_no_load_1500rpm,922882,1535,277,1391,1843,6,0,1096559,9,240,74,1,3,1654,1495,1229,58,120,1632,16383,1659,1647,1638919,800,1977,2092,524750,11957,8,382535,1496,52101,649,922784344,922883410,0,922883484,922883999,3357642075,17871235,0.0834,1646.0,0.09584798620055146,-0.09575745998160112,0.0834,25.55,78.0,,,,,,
2026-07-30T19:31:21.837183+00:00,S021,mounted,true,healthy,none,1500,healthy_horizontal_no_load_1500rpm,922983,1517,276,1409,1865,2,0,1096620,9,240,74,1,3,1654,1494,1213,61,128,1628,16383,1657,1647,1655402,808,2003,2082,524776,11954,8,382535,1496,52102,649,922884405,922984205,0,922984215,922984730,3391591694,17862270,0.0834,1646.0,0.08005720311192865,-0.05160044052200119,0.0834,25.67,78.2,,,,,,
2026-07-30T19:31:21.931206+00:00,S021,mounted,true,healthy,none,1500,healthy_horizontal_no_load_1500rpm,923083,1505,278,1418,1880,3,0,1096681,9,240,74,1,2,1654,1494,1214,61,128,1627,16383,1656,1648,1639160,800,2018,2082,524772,11949,8,382525,1496,52103,649,922985132,923084269,0,923084283,923084799,3358610094,17847329,0.0834,1646.0,0.08150910795882504,-0.025194879989957286,0.0834,25.7,78.3,,,,,,
2026-07-30T19:31:22.025324+00:00,S021,mounted,true,healthy,none,1500,healthy_horizontal_no_load_1500rpm,923183,1503,273,1419,1873,3,0,1096741,9,240,73,1,3,1654,1494,1198,58,121,1628,16383,1657,1645,1638847,800,1973,2165,524747,11953,8,382524,1496,52104,649,923085202,923184311,0,923184325,923184840,3357349641,17859279,0.0834,1646.0,0.21868291265790996,-0.10132192763323022,0.0834,25.67,78.2,,,,,,
2026-07-30T19:31:22.119518+00:00,S021,mounted,true,healthy,none,1500,healthy_horizontal_no_load_1500rpm,923283,1511,276,1412,1869,3,0,1096801,9,240,73,0,2,1654,1495,1221,55,124,1625,16383,1659,1647,1639410,800,1945,2081,524780,11956,8,382528,1496,52105,649,923185243,923284342,0,923284351,923284866,3359655180,17868244,0.0834,1646.0,0.07781050752760077,-0.14880271160923453,0.0834,25.76,78.4,,,,,,
2026-07-30T19:31:22.199362+00:00,S021,mounted,true,healthy,none,1500,healthy_horizontal_no_load_1500rpm,923383,1514,276,1410,1866,1,0,1096862,9,240,73,0,3,1654,1494,1222,55,124,1622,16383,1657,1647,1639247,800,1915,2299,524794,11954,8,382528,1496,52106,649,923285266,923384368,0,923384382,923384897,3359047461,17862266,0.0834,1646.0,0.4416990849924707,-0.1982570562154926,0.0834,25.85,78.5,,,,,,
2026-07-30T19:31:22.293361+00:00,S021,mounted,true,healthy,none,1500,healthy_horizontal_no_load_1500rpm,923483,1526,275,1396,1847,5,0,1096923,9,240,73,2,3,1654,1494,1208,59,126,1620,16383,1657,1649,1639170,800,1949,2075,524800,11951,8,382522,1496,52107,649,923385298,923484414,0,923484423,923484938,3358660466,17853303,0.0834,1646.0,0.06925940465233005,-0.14077891582294422,0.0834,25.91,78.6,,,,,,
2026-07-30T19:31:22.434619+00:00,S021,mounted,true,healthy,none,1500,healthy_horizontal_no_load_1500rpm,923584,1556,273,1370,1810,2,0,1096986,9,240,73,1,3,1654,1495,1190,59,127,1628,16383,1658,1649,1656053,808,2007,2077,524830,11957,8,382528,1496,52108,649,923485345,923585080,0,923585159,923585674,3394247539,17871233,0.0834,1646.0,0.07085597148114076,-0.045773430542778826,0.0834,25.67,78.2,,,,,,
2026-07-30T19:31:22.528159+00:00,S021,mounted,true,healthy,none,1500,healthy_horizontal_no_load_1500rpm,923684,1564,279,1363,1810,1,0,1097048,9,240,74,0,2,1654,1494,1182,59,127,1624,16383,1658,1649,1639738,800,2015,2159,524830,11952,8,382524,1496,52109,649,923586076,923685148,0,923685222,923685737,3361000628,17856292,0.0834,1646.0,0.20898383132530096,-0.031039879518072855,0.0834,25.79,78.4,,,,,,
2026-07-30T19:31:22.621636+00:00,S021,mounted,true,healthy,none,1500,healthy_horizontal_no_load_1500rpm,923784,1550,278,1377,1826,4,0,1097110,9,240,74,1,3,1654,1495,1213,58,131,1626,16383,1658,1650,1639436,800,2017,2083,524794,11957,8,382530,1496,52110,649,923686141,923785246,0,923785320,923785835,3359748654,17871235,0.0834,1646.0,0.08085277736890495,-0.029112087396504283,0.0834,25.73,78.3,,,,,,
2026-07-30T19:31:22.716143+00:00,S021,mounted,true,healthy,none,1500,healthy_horizontal_no_load_1500rpm,923884,1537,278,1388,1841,2,0,1097172,9,240,74,1,3,1654,1494,1217,58,131,1627,16383,1657,1648,1639601,800,1995,2141,524800,11955,8,382531,1496,52111,649,923786237,923885401,0,923885475,923885990,3360430941,17865257,0.0834,1646.0,0.17808533776662427,-0.0652109673776664,0.0834,25.7,78.3,,,,,,
2026-07-30T19:31:22.809219+00:00,S021,mounted,true,healthy,none,1500,healthy_horizontal_no_load_1500rpm,923985,1541,276,1383,1832,1,0,1097234,9,240,73,2,3,1654,1494,1235,58,139,1632,16383,1660,1650,1656552,808,2013,2169,524863,11955,8,382532,1496,52112,649,923886396,923986065,0,923986074,923986589,3396317282,17865255,0.0834,1646.0,0.22474490313676254,-0.03521553249686349,0.0834,25.55,78.0,,,,,,
2026-07-30T19:31:22.904797+00:00,S021,mounted,true,healthy,none,1500,healthy_horizontal_no_load_1500rpm,924085,1572,276,1356,1796,6,0,1097297,9,240,74,2,3,1654,1494,1248,59,137,1632,16383,1658,1650,1640122,800,1917,2091,524901,11955,8,382533,1496,52113,649,923986995,924086104,0,924086118,924086633,3362580778,17865259,0.0834,1646.0,0.09476468531994975,-0.1951911851944792,0.0834,25.55,78.0,,,,,,
2026-07-30T19:31:22.996838+00:00,S021,mounted,true,healthy,none,1500,healthy_horizontal_no_load_1500rpm,924185,1584,278,1347,1786,1,0,1097360,9,240,74,0,3,1655,1495,1236,59,137,1636,16383,1658,1649,1640800,800,2021,2210,525004,11956,8,382536,1496,52114,649,924087036,924186129,0,924186139,924186654,3365363188,17868244,0.0872,1646.0,0.29275981097356985,-0.022165912679826594,0.0872,25.43,77.8,,,,,,
2026-07-30T19:31:23.136901+00:00,S021,mounted,true,healthy,none,1500,healthy_horizontal_no_load_1500rpm,924285,1566,279,1365,1811,6,0,1097423,9,240,74,3,3,1655,1494,1214,57,133,1627,16383,1658,1649,1639613,800,1990,2075,524991,11955,8,382537,1496,52115,649,924187058,924286176,0,924286190,924286705,3360474131,17865255,0.0872,1646.0,0.06810207653701328,-0.07354303262233408,0.0872,25.7,78.3,,,,,,
2026-07-30T19:31:23.229938+00:00,S021,mounted,true,healthy,none,1500,healthy_horizontal_no_load_1500rpm,924385,1541,276,1388,1836,3,0,1097485,9,240,73,1,3,1655,1494,1238,58,132,1635,16383,1660,1651,1640456,800,2021,2129,525046,11955,8,382538,1496,52116,649,924287108,924386225,0,924386239,924386755,3363930910,17865259,0.0872,1646.0,0.15808838117942248,-0.021884228105395476,0.0872,25.46,77.8,,,,,,
2026-07-30T19:31:23.324100+00:00,S021,mounted,true,healthy,none,1500,healthy_horizontal_no_load_1500rpm,924485,1532,278,1394,1848,1,0,1097546,9,240,74,1,3,1655,1494,1238,58,132,1633,16383,1658,1648,1640029,800,1987,2100,525051,11954,8,382538,1496,52117,649,924387157,924486280,0,924486290,924486805,3362187087,17862266,0.0872,1646.0,0.11005514723105225,-0.078265279739,0.0872,25.52,77.9,,,,,,
2026-07-30T19:31:23.418883+00:00,S021,mounted,true,healthy,none,1500,healthy_horizontal_no_load_1500rpm,924585,1512,277,1414,1872,1,0,1097606,9,240,74,1,3,1655,1494,1234,58,125,1644,16383,1658,1649,1640115,800,2013,2219,525048,11954,8,382538,1496,52118,649,924487207,924586334,0,924586344,924586859,3362552509,17862268,0.0872,1646.0,0.30837488890747844,-0.034934916011377215,0.0872,25.18,77.3,,,,,,
2026-07-30T19:31:23.513492+00:00,S021,mounted,true,healthy,none,1500,healthy_horizontal_no_load_1500rpm,924686,1502,276,1422,1882,5,0,1097667,9,240,73,0,2,1655,1494,1227,58,125,1640,16383,1658,1648,1656224,808,2017,2107,525027,11953,8,382536,1496,52119,649,924587261,924687069,0,924687143,924687658,3394961506,17859281,0.0872,1646.0,0.12201478381996145,-0.027987485066510942,0.0872,25.3,77.5,,,,,,
2026-07-30T19:31:23.606600+00:00,S021,mounted,true,healthy,none,1500,healthy_horizontal_no_load_1500rpm,924786,1499,274,1427,1884,5,0,1097727,9,240,73,1,2,1655,1494,1213,59,121,1632,16383,1660,1650,1639743,800,1951,2077,525031,11955,8,382537,1496,52120,649,924688062,924787295,0,924787369,924787885,3361012385,17865255,0.0872,1646.0,0.07143490263488061,-0.13853314153074026,0.0872,25.55,78.0,,,,,,
2026-07-30T19:31:23.700209+00:00,S021,mounted,true,healthy,none,1500,healthy_horizontal_no_load_1500rpm,924886,1500,276,1426,1886,5,0,1097787,9,240,73,1,3,1654,1494,1240,60,119,1632,16383,1658,1647,1639271,800,1957,2076,524962,11952,8,382533,1496,52121,649,924788287,924887336,0,924887410,924887926,3359079277,17856292,0.0834,1646.0,0.07063683132530096,-0.12771609638554215,0.0834,25.55,78.0,,,,,,
2026-07-30T19:31:23.842147+00:00,S021,mounted,true,healthy,none,1500,healthy_horizontal_no_load_1500rpm,924987,1499,274,1424,1882,4,0,1097848,9,240,73,1,3,1655,1495,1204,60,119,1628,16383,1660,1649,1656655,808,2019,2275,525001,11956,8,382536,1496,52122,649,924888328,924988076,0,924988091,924988606,3396772213,17868246,0.0872,1646.0,0.4010675995316153,-0.025498460020073832,0.0872,25.67,78.2,,,,,,
2026-07-30T19:31:23.936553+00:00,S021,mounted,true,healthy,none,1500,healthy_horizontal_no_load_1500rpm,925087,1507,276,1417,1876,4,0,1097908,9,240,74,0,3,1655,1494,1215,61,126,1628,16383,1664,1648,1639996,800,2019,2195,525023,11954,8,382536,1496,52123,649,924989008,925088142,0,925088151,925088666,3362071126,17862268,0.0872,1646.0,0.26837763008198046,-0.02493560130500283,0.0872,25.67,78.2,,,,,,
2026-07-30T19:31:24.029837+00:00,S021,mounted,true,healthy,none,1500,healthy_horizontal_no_load_1500rpm,925187,1514,276,1410,1866,6,0,1097969,9,240,73,0,3,1655,1495,1235,62,126,1640,16383,1658,1649,1640347,800,1953,2081,525061,11958,8,382543,1496,52124,649,925089070,925188281,0,925188296,925188811,3363490657,17874222,0.0872,1646.0,0.0772305584545907,-0.13601679929754162,0.0872,25.3,77.5,,,,,,
2026-07-30T19:31:24.124500+00:00,S021,mounted,true,healthy,none,1500,healthy_horizontal_no_load_1500rpm,925287,1524,278,1397,1853,2,0,1098030,9,240,74,2,3,1655,1494,1227,62,126,1637,16383,1658,1648,1639489,800,1943,2083,525032,11955,8,382544,1496,52125,649,925189211,925288506,0,925288521,925289036,3359977991,17865257,0.0872,1646.0,0.08143338092848174,-0.1518644459222087,0.0872,25.4,77.7,,,,,,
2026-07-30T19:31:24.218803+00:00,S021,mounted,true,healthy,none,1500,healthy_horizontal_no_load_1500rpm,925388,1537,273,1387,1831,1,0,1098092,9,240,73,1,2,1655,1494,1227,62,124,1639,16383,1659,1648,1656745,808,1886,2184,525064,11955,8,382545,1496,52126,649,925289438,925389067,0,925389145,925389660,3397147847,17865255,0.0872,1646.0,0.24974109887076468,-0.2468499897114178,0.0872,25.33,77.6,,,,,,
2026-07-30T19:31:24.311937+00:00,S021,mounted,true,healthy,none,1500,healthy_horizontal_no_load_1500rpm,925488,1548,278,1377,1827,5,0,1098153,9,240,74,0,2,1655,1495,1213,62,124,1637,16383,1657,1650,1640100,800,2012,2082,525045,11958,8,382551,1496,52127,649,925390062,925489106,0,925489180,925489695,3362466692,17874222,0.0872,1646.0,0.07889655343702939,-0.037723095333668244,0.0872,25.4,77.7,,,,,,
2026-07-30T19:31:24.406841+00:00,S021,mounted,true,healthy,none,1500,healthy_horizontal_no_load_1500rpm,925588,1545,278,1381,1831,6,0,1098215,9,240,74,0,2,1655,1494,1234,64,136,1629,16383,1661,1648,1640434,800,2015,2091,525072,11954,8,382550,1496,52128,649,925490095,925589167,0,925589241,925589756,3363842350,17862268,0.0872,1646.0,0.09505617517149068,-0.03160181110925242,0.0872,25.64,78.1,,,,,,
2026-07-30T19:31:24.547941+00:00,S021,mounted,true,healthy,none,1500,healthy_horizontal_no_load_1500rpm,925688,1535,276,1392,1842,3,0,1098277,9,240,74,1,3,1655,1494,1232,60,126,1631,16383,1660,1647,1640017,800,2011,2082,525058,11954,8,382549,1496,52129,649,925590156,925689213,0,925689292,925689807,3362123777,17862268,0.0872,1646.0,0.08005720311192865,-0.03826802091350201,0.0872,25.58,78.0,,,,,,
2026-07-30T19:31:24.641874+00:00,S021,mounted,true,healthy,none,1500,healthy_horizontal_no_load_1500rpm,925788,1533,277,1392,1844,1,0,1098338,9,240,74,0,3,1655,1494,1216,60,126,1628,16383,1657,1647,1639506,800,1911,2183,525024,11955,8,382549,1496,52130,649,925690209,925789277,0,925789350,925789866,3360078420,17865255,0.0872,1646.0,0.24807468582183168,-0.20518966348808076,0.0872,25.67,78.2,,,,,,
2026-07-30T19:31:24.735766+00:00,S021,mounted,true,healthy,none,1500,healthy_horizontal_no_load_1500rpm,925888,1544,278,1380,1830,4,0,1098400,9,240,74,0,2,1655,1494,1229,62,136,1629,16383,1660,1647,1640090,800,2015,2075,525049,11954,8,382548,1496,52131,649,925790266,925889306,0,925889380,925889895,3362423020,17862268,0.0872,1646.0,0.06839133595449187,-0.03160181110925242,0.0872,25.64,78.1,,,,,,
2026-07-30T19:31:24.830920+00:00,S021,mounted,true,healthy,none,1500,healthy_horizontal_no_load_1500rpm,925988,1548,278,1378,1827,2,0,1098462,9,240,74,1,3,1655,1494,1219,65,138,1626,16383,1660,1651,1640682,800,2018,2077,525066,11952,8,382543,1496,52132,649,925890295,925989345,0,925989424,925989939,3364847122,17856290,0.0872,1646.0,0.07230366265060217,-0.026039385542169224,0.0872,25.73,78.3,,,,,,
2026-07-30T19:31:24.924682+00:00,S021,mounted,true,healthy,none,1500,healthy_horizontal_no_load_1500rpm,926088,1540,278,1388,1840,3,0,1098523,9,240,74,3,3,1655,1495,1230,65,138,1627,16383,1658,1649,1639761,800,2007,2077,525040,11956,8,382546,1496,52133,649,925990341,926089399,0,926089473,926089992,3361083899,17868244,0.0872,1646.0,0.07114541284710585,-0.04549374406155948,0.0872,25.7,78.3,,,,,,
2026-07-30T19:31:25.018570+00:00,S021,mounted,true,healthy,none,1500,healthy_horizontal_no_load_1500rpm,926189,1509,277,1414,1874,1,0,1098584,9,240,74,0,3,1655,1494,1206,66,131,1628,16383,1658,1649,1656287,808,2007,2079,525044,11953,8,382543,1496,52134,649,926090394,926190061,0,926190070,926190584,3395218499,17859281,0.0872,1646.0,0.075347411277503,-0.044654403831674294,0.0872,25.67,78.2,,,,,,
2026-07-30T19:31:25.111462+00:00,S021,mounted,true,healthy,none,1500,healthy_horizontal_no_load_1500rpm,926289,1502,276,1422,1882,1,0,1098644,9,240,73,0,2,1655,1494,1221,66,131,1635,16383,1658,1648,1639988,800,2013,2089,525055,11955,8,382544,1496,52135,649,926190985,926290116,0,926290125,926290640,3362004046,17865257,0.0872,1646.0,0.09143185922208241,-0.03521553249686349,0.0872,25.46,77.8,,,,,,
2026-07-30T19:31:25.254969+00:00,S021,mounted,true,healthy,none,1500,healthy_horizontal_no_load_1500rpm,926389,1508,275,1416,1873,5,0,1098705,9,240,74,0,3,1655,1494,1217,65,129,1634,16383,1659,1647,1639845,800,2015,2087,525033,11952,8,382539,1496,52136,649,926291040,926390184,0,926390194,926390709,3361420529,17856292,0.0872,1646.0,0.08897197590361428,-0.031039879518072855,0.0872,25.49,77.9,,,,,,
2026-07-30T19:31:25.347848+00:00,S021,mounted,true,healthy,none,1500,healthy_horizontal_no_load_1500rpm,926489,1514,278,1409,1868,4,0,1098766,9,240,73,0,2,1655,1494,1227,67,130,1633,16383,1659,1649,1640287,800,2017,2159,525056,11952,8,382535,1496,52137,649,926391109,926490232,0,926490246,926490762,3363239807,17856294,0.0872,1646.0,0.20898383132530096,-0.027706216867470435,0.0872,25.52,77.9,,,,,,
2026-07-30T19:31:25.441582+00:00,S021,mounted,true,healthy,none,1500,healthy_horizontal_no_load_1500rpm,926589,1518,277,1405,1862,4,0,1098826,9,240,74,1,3,1655,1494,1205,67,130,1635,16383,1658,1649,1639813,800,2017,2074,525056,11952,8,382531,1496,52138,649,926491162,926590294,0,926590304,926590819,3361284681,17856292,0.0872,1646.0,0.06730316867469854,-0.027706216867470435,0.0872,25.46,77.8,,,,,,
2026-07-30T19:31:25.536269+00:00,S021,mounted,true,healthy,none,1500,healthy_horizontal_no_load_1500rpm,926689,1527,277,1395,1849,6,0,1098887,9,240,73,1,2,1655,1494,1198,64,119,1625,16383,1660,1647,1640118,800,2019,2088,525059,11953,8,382529,1496,52139,649,926591221,926690323,0,926690332,926690847,3362540376,17859279,0.0872,1646.0,0.09034763816615055,-0.024654101313478005,0.0872,25.76,78.4,,,,,,
2026-07-30T19:31:25.631856+00:00,S021,mounted,true,healthy,none,1500,healthy_horizontal_no_load_1500rpm,926789,1531,277,1394,1847,3,0,1098949,9,240,74,1,2,1655,1494,1213,62,125,1630,16383,1658,1649,1640254,800,2006,2081,525043,11954,8,382529,1496,52140,649,926691250,926790366,0,926790380,926790895,3363101462,17862266,0.0872,1646.0,0.07839065066086626,-0.046600783168814,0.0872,25.61,78.1,,,,,,
2026-07-30T19:31:25.726697+00:00,S021,mounted,true,healthy,none,1500,healthy_horizontal_no_load_1500rpm,926889,1544,274,1380,1824,1,0,1099010,9,240,74,2,3,1655,1495,1217,62,125,1626,16383,1660,1648,1639868,800,1990,2127,525049,11956,8,382532,1496,52141,649,926791298,926890393,0,926890403,926890917,3361523354,17868244,0.0872,1646.0,0.15445909635329524,-0.07382039645366367,0.0872,25.73,78.3,,,,,,
2026-07-30T19:31:25.821222+00:00,S021,mounted,true,healthy,none,1500,healthy_horizontal_no_load_1500rpm,926989,1562,275,1366,1806,6,0,1099073,9,240,73,0,2,1655,1495,1223,58,127,1623,16383,1659,1649,1639773,800,1955,2147,525048,11956,8,382535,1496,52142,649,926891319,926990454,0,926990463,926990978,3361145779,17868246,0.0872,1646.0,0.18778456975577118,-0.13213997490799656,0.0872,25.82,78.5,,,,,,
2026-07-30T19:31:25.917224+00:00,S021,mounted,true,healthy,none,1500,healthy_horizontal_no_load_1500rpm,927090,1560,279,1369,1816,1,0,1099136,9,240,74,2,3,1655,1494,1213,58,127,1626,16383,1659,1648,1656681,808,2023,2077,525052,11954,8,382535,1496,52143,649,926991379,927091162,0,927091241,927091756,3396824853,17862270,0.0872,1646.0,0.07172444085661667,-0.01826939150075324,0.0872,25.73,78.3,,,,,,
2026-07-30T19:31:26.012338+00:00,S021,mounted,true,healthy,none,1500,healthy_horizontal_no_load_1500rpm,927190,1538,278,1390,1842,4,0,1099198,9,240,74,2,2,1655,1494,1214,59,130,1629,16383,1659,1649,1640076,800,2016,2125,525054,11954,8,382535,1496,52144,649,927092158,927191216,0,927191294,927191809,3362372064,17862270,0.0872,1646.0,0.1517189585076122,-0.029935258658190023,0.0872,25.64,78.1,,,,,,
2026-07-30T19:31:26.155788+00:00,S021,mounted,true,healthy,none,1500,healthy_horizontal_no_load_1500rpm,927290,1520,276,1405,1860,4,0,1099258,9,240,74,1,3,1655,1494,1205,56,125,1631,16383,1660,1650,1640028,800,1997,2080,525030,11952,8,382531,1496,52145,649,927192212,927291276,0,927291350,927291864,3362171970,17856290,0.0872,1646.0,0.0773041566265058,-0.06104284337349419,0.0872,25.58,78.0,,,,,,
2026-07-30T19:31:26.250650+00:00,S021,mounted,true,healthy,none,1500,healthy_horizontal_no_load_1500rpm,927390,1521,273,1403,1853,6,0,1099319,9,240,73,0,2,1655,1495,1198,56,125,1631,16383,1659,1649,1639842,800,2017,2074,525042,11956,8,382534,1496,52146,649,927292267,927391346,0,927391420,927391935,3361409356,17868246,0.0872,1646.0,0.06614659183673455,-0.028831007360321514,0.0872,25.58,78.0,,,,,,
2026-07-30T19:31:26.343183+00:00,S021,mounted,true,healthy,none,1500,healthy_horizontal_no_load_1500rpm,927490,1531,278,1393,1848,3,0,1099381,9,240,74,0,3,1655,1494,1221,55,119,1634,16383,1658,1649,1640027,800,2021,2173,525042,11950,8,382526,1496,52147,649,927392336,927491395,0,927491473,927491988,3362182195,17850316,0.0872,1646.0,0.23292566644351442,-0.020475098075314335,0.0872,25.49,77.9,,,,,,
2026-07-30T19:31:26.437302+00:00,S021,mounted,true,healthy,none,1500,healthy_horizontal_no_load_1500rpm,927591,1531,273,1394,1840,1,0,1099442,9,240,74,0,3,1655,1494,1234,56,123,1631,16383,1658,1649,1656599,808,1889,2203,525077,11953,8,382525,1496,52148,649,927492389,927592039,0,927592049,927592564,3396537461,17859281,0.0872,1646.0,0.2820172039655313,-0.24132404526060425,0.0872,25.58,78.0,,,,,,
2026-07-30T19:31:26.533228+00:00,S021,mounted,true,healthy,none,1500,healthy_horizontal_no_load_1500rpm,927691,1523,277,1403,1858,5,0,1099503,9,240,74,0,2,1655,1494,1229,56,123,1624,16383,1657,1649,1640065,800,2015,2075,525031,11955,8,382527,1496,52149,649,927592964,927692152,0,927692162,927692676,3362323843,17865257,0.0872,1646.0,0.06810207653701328,-0.03188270639899615,0.0872,25.79,78.4,,,,,,
2026-07-30T19:31:26.626758+00:00,S021,mounted,true,healthy,none,1500,healthy_horizontal_no_load_1500rpm,927791,1520,276,1406,1861,4,0,1099564,9,240,74,0,3,1655,1495,1226,58,121,1629,16383,1658,1648,1640090,800,2022,2171,525055,11956,8,382531,1496,52150,649,927693077,927792240,0,927792249,927792764,3362435128,17868244,0.0872,1646.0,0.22777513783874204,-0.02049963900970253,0.0872,25.64,78.1,,,,,,
2026-07-30T19:31:26.722516+00:00,S021,mounted,true,healthy,none,1500,healthy_horizontal_no_load_1500rpm,927891,1516,277,1409,1866,6,0,1099625,9,240,74,0,2,1655,1494,1235,58,121,1633,16383,1659,1647,1639492,800,1967,2123,525020,11952,8,382527,1496,52151,649,927793168,927892391,0,927892405,927892920,3359989368,17856294,0.0872,1646.0,0.1489779036144574,-0.1110477831325305,0.0872,25.52,77.9,,,,,,
2026-07-30T19:31:26.816675+00:00,S021,mounted,true,healthy,none,1500,healthy_horizontal_no_load_1500rpm,927992,1516,276,1409,1865,2,0,1099686,9,240,74,1,3,1655,1494,1230,57,118,1632,16383,1659,1651,1640828,800,2015,2077,525094,11952,8,382524,1496,52152,649,927893321,927992582,0,927992596,927993111,3365442852,17856292,0.0872,1646.0,0.07230366265060217,-0.031039879518072855,0.0872,25.55,78.0,,,,,,
2026-07-30T19:31:26.957535+00:00,S021,mounted,true,healthy,none,1500,healthy_horizontal_no_load_1500rpm,928092,1516,277,1409,1866,3,0,1099747,9,240,73,1,3,1655,1494,1249,58,121,1638,16383,1659,1643,1655765,808,2022,2074,524992,11950,8,382517,1496,52153,649,927993514,928093089,0,928093167,928093682,3393074773,17850318,0.0872,1646.0,0.0678817474476987,-0.01880798778242676,0.0872,25.36,77.7,,,,,,
2026-07-30T19:31:27.051850+00:00,S021,mounted,true,healthy,none,1500,healthy_horizontal_no_load_1500rpm,928192,1509,275,1418,1875,3,0,1099807,9,240,74,1,2,1655,1494,1221,58,121,1635,16383,1657,1648,1639790,800,2014,2186,524968,11954,8,382517,1496,52154,649,928094085,928193153,0,928193226,928193742,3361213438,17862266,0.0872,1646.0,0.2533786580224193,-0.03326836356031526,0.0872,25.46,77.8,,,,,,
2026-07-30T19:31:27.146010+00:00,S021,mounted,true,healthy,none,1500,healthy_horizontal_no_load_1500rpm,928292,1500,275,1422,1880,3,0,1099867,9,240,74,0,3,1655,1494,1219,58,114,1630,16383,1660,1647,1640195,800,2022,2215,525000,11954,8,382517,1496,52155,649,928194148,928293204,0,928293278,928293793,3362880139,17862268,0.0872,1646.0,0.30170867910322885,-0.019935943951815638,0.0872,25.61,78.1,,,,,,
2026-07-30T19:31:27.238913+00:00,S021,mounted,true,healthy,none,1500,healthy_horizontal_no_load_1500rpm,928392,1503,277,1419,1880,3,0,1099927,9,240,73,1,3,1655,1494,1224,60,113,1625,16383,1662,1649,1639931,800,1993,2131,525021,11953,8,382516,1496,52156,649,928294193,928393259,0,928393333,928393848,3361784333,17859277,0.0872,1646.0,0.16201538885635358,-0.06798809010290352,0.0872,25.76,78.4,,,,,,
2026-07-30T19:31:27.332408+00:00,S021,mounted,true,healthy,none,1500,healthy_horizontal_no_load_1500rpm,928492,1518,276,1405,1860,1,0,1099988,9,240,74,1,2,1655,1494,1247,60,113,1621,16383,1658,1648,1640100,800,1918,2177,525046,11955,8,382518,1496,52157,649,928394251,928493339,0,928493413,928493928,3362498094,17865255,0.0872,1646.0,0.23807620752823055,-0.19352477214554575,0.0872,25.88,78.6,,,,,,
2026-07-30T19:31:27.425631+00:00,S021,mounted,true,healthy,none,1500,healthy_horizontal_no_load_1500rpm,928592,1529,278,1394,1849,5,0,1100049,9,240,74,0,3,1655,1494,1229,64,126,1629,16383,1658,1648,1639864,800,2023,2083,525043,11951,8,382513,1496,52158,649,928494334,928593423,0,928593497,928594012,3361497834,17853303,0.0872,1646.0,0.08259517103171232,-0.017423076813655847,0.0872,25.64,78.1,,,,,,
2026-07-30T19:31:27.519469+00:00,S021,mounted,true,healthy,none,1500,healthy_horizontal_no_load_1500rpm,928693,1539,275,1384,1832,6,0,1100111,9,240,73,3,2,1655,1494,1221,64,126,1637,16383,1658,1649,1655744,808,1934,2157,524995,11955,8,382515,1496,52159,649,928594412,928694097,0,928694107,928694622,3393012406,17865259,0.0872,1646.0,0.20474794654956074,-0.16686216336261017,0.0872,25.4,77.7,,,,,,
2026-07-30T19:31:27.661025+00:00,S021,mounted,true,healthy,none,1500,healthy_horizontal_no_load_1500rpm,928793,1574,274,1355,1791,1,0,1100174,9,240,73,0,2,1655,1495,1245,63,133,1642,16383,1660,1649,1640755,800,2017,2075,525067,11956,8,382519,1496,52160,649,928695025,928794147,0,928794157,928794672,3365149951,17868244,0.0872,1646.0,0.06781286550685817,-0.028831007360321514,0.0872,25.24,77.4,,,,,,
2026-07-30T19:31:27.753861+00:00,S021,mounted,true,healthy,none,1500,healthy_horizontal_no_load_1500rpm,928893,1584,279,1345,1786,2,0,1100238,9,240,74,0,2,1655,1494,1230,63,136,1641,16383,1660,1649,1640095,800,1991,2079,525049,11954,8,382519,1496,52161,649,928795076,928894343,0,928894357,928894872,3362449335,17862268,0.0872,1646.0,0.07505754575874146,-0.0715990699347504,0.0872,25.27,77.5,,,,,,
2026-07-30T19:31:27.846286+00:00,S021,mounted,true,healthy,none,1500,healthy_horizontal_no_load_1500rpm,928994,1585,278,1346,1785,5,0,1100301,9,240,74,0,2,1655,1495,1209,63,136,1635,16383,1659,1650,1656810,808,2023,2109,525057,11956,8,382523,1496,52162,649,928895273,928994873,0,928994947,928995461,3397363070,17868246,0.0872,1646.0,0.12446617029106699,-0.01883336533957891,0.0872,25.46,77.8,,,,,,
2026-07-30T19:31:27.942144+00:00,S021,mounted,true,healthy,none,1500,healthy_horizontal_no_load_1500rpm,929094,1586,280,1343,1785,3,0,1100365,9,240,74,0,3,1655,1494,1222,61,132,1626,16383,1659,1651,1640046,800,2020,2075,525053,11954,8,382523,1496,52163,649,928995862,929094947,0,929095021,929095536,3362242012,17862266,0.0872,1646.0,0.06839133595449187,-0.023269048853940433,0.0872,25.73,78.3,,,,,,
2026-07-30T19:31:28.033740+00:00,S021,mounted,true,healthy,none,1500,healthy_horizontal_no_load_1500rpm,929194,1583,280,1348,1791,4,0,1100428,9,240,74,2,2,1655,1494,1198,61,121,1626,16383,1659,1648,1639760,800,1935,2225,525027,11955,8,382525,1496,52164,649,929095940,929195050,0,929195124,929195639,3361124288,17865255,0.0872,1646.0,0.31806403387703863,-0.16519575031367673,0.0872,25.73,78.3,,,,,,
2026-07-30T19:31:28.126416+00:00,S021,mounted,true,healthy,none,1500,healthy_horizontal_no_load_1500rpm,929294,1527,278,1401,1857,6,0,1100489,9,240,74,4,3,1655,1495,1215,61,121,1627,16383,1659,1647,1639309,800,1951,2082,524978,11956,8,382529,1496,52165,649,929196046,929295258,0,929295331,929295849,3359237979,17868244,0.0872,1646.0,0.07947678119772483,-0.13880506958849148,0.0872,25.7,78.3,,,,,,
2026-07-30T19:31:28.267797+00:00,S021,mounted,true,healthy,none,1500,healthy_horizontal_no_load_1500rpm,929394,1503,277,1421,1882,2,0,1100550,9,240,73,1,2,1655,1495,1216,61,119,1633,16383,1658,1648,1639826,800,2014,2079,524983,11957,8,382534,1496,52166,649,929296252,929395323,0,929395396,929395912,3361339996,17871233,0.0872,1646.0,0.07418824011039549,-0.0341104903403866,0.0872,25.52,77.9,,,,,,
2026-07-30T19:31:28.361862+00:00,S021,mounted,true,healthy,none,1500,healthy_horizontal_no_load_1500rpm,929494,1501,276,1423,1883,2,0,1100610,9,240,73,0,2,1654,1494,1217,61,119,1634,16383,1656,1649,1639003,800,2009,2091,524888,11955,8,382535,1496,52167,649,929396314,929495397,0,929495471,929495986,3357969697,17865257,0.0834,1646.0,0.09476468531994975,-0.04188118469259772,0.0834,25.49,77.9,,,,,,
2026-07-30T19:31:28.455434+00:00,S021,mounted,true,healthy,none,1500,healthy_horizontal_no_load_1500rpm,929595,1499,274,1425,1882,2,0,1100670,9,240,73,0,2,1654,1494,1221,58,119,1634,16383,1657,1649,1655327,808,2014,2082,524797,11951,8,382529,1496,52168,649,929496390,929596087,0,929596096,929596612,3391277757,17853307,0.0834,1646.0,0.0809282002342897,-0.03242581399046118,0.0834,25.49,77.9,,,,,,
2026-07-30T19:31:28.552056+00:00,S021,mounted,true,healthy,none,1500,healthy_horizontal_no_load_1500rpm,929695,1499,277,1424,1886,2,0,1100730,9,240,74,0,3,1654,1494,1200,58,123,1635,16383,1659,1648,1639057,800,2019,2073,524795,11951,8,382523,1496,52169,649,929597012,929696111,0,929696121,929696636,3358189443,17853305,0.0834,1646.0,0.06592546305748437,-0.02409096000334765,0.0834,25.46,77.8,,,,,,
2026-07-30T19:31:28.643145+00:00,S021,mounted,true,healthy,none,1500,healthy_horizontal_no_load_1500rpm,929795,1499,274,1425,1883,2,0,1100790,9,240,74,0,3,1654,1494,1206,58,123,1636,16383,1658,1647,1639505,800,2003,2081,524818,11952,8,382520,1496,52170,649,929697036,929796167,0,929796177,929796694,3360025355,17856292,0.0834,1646.0,0.07897098795180701,-0.05104185542168693,0.0834,25.43,77.8,,,,,,
2026-07-30T19:31:28.736496+00:00,S021,mounted,true,healthy,none,1500,healthy_horizontal_no_load_1500rpm,929895,1499,275,1427,1886,2,0,1100850,9,240,74,0,3,1654,1494,1203,59,124,1639,16383,1658,1648,1639526,800,1999,2161,524832,11950,8,382513,1496,52171,649,929797095,929896214,0,929896223,929896737,3360125554,17850318,0.0834,1646.0,0.2129203429288702,-0.057151524518828545,0.0834,25.33,77.6,,,,,,
2026-07-30T19:31:28.831238+00:00,S021,mounted,true,healthy,none,1500,healthy_horizontal_no_load_1500rpm,929995,1500,276,1425,1886,2,0,1100910,9,240,74,0,3,1654,1494,1199,62,125,1636,16383,1658,1648,1639319,800,2009,2193,524779,11955,8,382515,1496,52172,649,929897138,929996251,0,929996261,929996775,3359284385,17865257,0.0834,1646.0,0.264738816311167,-0.04188118469259772,0.0834,25.43,77.8,,,,,,
2026-07-30T19:31:28.971801+00:00,S021,mounted,true,healthy,none,1500,healthy_horizontal_no_load_1500rpm,930095,1498,275,1426,1886,2,0,1100970,9,240,73,0,3,1654,1494,1197,62,125,1628,16383,1660,1648,1639667,800,2011,2079,524798,11955,8,382517,1496,52173,649,929997176,930096266,0,930096276,930096790,3360694571,17865257,0.0834,1646.0,0.07476772873274751,-0.03854835859473038,0.0834,25.67,78.2,,,,,,
2026-07-30T19:31:29.066509+00:00,S021,mounted,true,healthy,none,1500,healthy_horizontal_no_load_1500rpm,930195,1500,276,1424,1884,2,0,1101030,9,240,74,0,3,1654,1495,1192,59,115,1629,16383,1657,1646,1639141,800,1910,2075,524783,11957,8,382523,1496,52174,649,930097190,930196321,0,930196330,930196848,3358551181,17871233,0.0834,1646.0,0.06752370285188558,-0.20738845906163794,0.0834,25.64,78.1,,,,,,
2026-07-30T19:31:29.159029+00:00,S021,mounted,true,healthy,none,1500,healthy_horizontal_no_load_1500rpm,930295,1514,275,1407,1862,3,0,1101091,9,240,73,1,2,1654,1495,1190,59,115,1628,16383,1659,1648,1639201,800,1869,2139,524801,11956,8,382527,1496,52175,649,930197248,930296367,0,930296377,930296892,3358834851,17868244,0.0834,1646.0,0.1744543803947809,-0.2754395105386416,0.0834,25.67,78.2,,,,,,
2026-07-30T19:31:29.251283+00:00,S021,mounted,true,healthy,none,1500,healthy_horizontal_no_load_1500rpm,930395,1529,277,1395,1848,1,0,1101152,9,240,74,1,3,1654,1494,1206,60,118,1627,16383,1658,1648,1639195,800,2007,2074,524799,11952,8,382524,1496,52176,649,930297294,930396393,0,930396403,930396918,3358757047,17856292,0.0834,1646.0,0.06730316867469854,-0.04437453012048209,0.0834,25.7,78.3,,,,,,
2026-07-30T19:31:29.344392+00:00,S021,mounted,true,healthy,none,1500,healthy_horizontal_no_load_1500rpm,930496,1536,275,1389,1838,4,0,1101214,9,240,73,2,3,1654,1495,1185,61,118,1625,16383,1659,1649,1656049,808,2009,2077,524818,11957,8,382530,1496,52177,649,930397324,930496986,0,930497060,930497575,3394237797,17871233,0.0834,1646.0,0.07085597148114076,-0.04244116191352365,0.0834,25.76,78.4,,,,,,
2026-07-30T19:31:29.439079+00:00,S021,mounted,true,healthy,none,1500,healthy_horizontal_no_load_1500rpm,930596,1580,278,1348,1789,3,0,1101277,9,240,73,1,3,1654,1494,1195,61,118,1626,16383,1660,1650,1640092,800,2021,2165,524842,11954,8,382530,1496,52178,649,930497977,930597085,0,930597159,930597674,3362443126,17862270,0.0834,1646.0,0.21838105655010853,-0.021602496402878035,0.0834,25.73,78.3,,,,,,
2026-07-30T19:31:29.531396+00:00,S021,mounted,true,healthy,none,1500,healthy_horizontal_no_load_1500rpm,930696,1600,280,1331,1769,6,0,1101341,9,240,74,0,3,1654,1494,1200,62,122,1627,16383,1658,1649,1640100,800,1951,2151,524869,11951,8,382524,1496,52179,649,930598080,930697139,0,930697368,930697883,3362483968,17853301,0.0834,1646.0,0.1959491852564641,-0.13744497422809854,0.0834,25.7,78.3,,,,,,
2026-07-30T19:31:29.670411+00:00,S021,mounted,true,healthy,none,1500,healthy_horizontal_no_load_1500rpm,930796,1592,280,1341,1781,5,0,1101405,9,240,74,2,3,1654,1495,1224,61,118,1635,16383,1659,1647,1639465,800,2015,2075,524830,11956,8,382528,1496,52180,649,930698287,930797356,0,930797435,930797950,3359863933,17868246,0.0834,1646.0,0.06781286550685817,-0.0321635547005692,0.0834,25.46,77.8,,,,,,
2026-07-30T19:31:29.764132+00:00,S021,mounted,true,healthy,none,1500,healthy_horizontal_no_load_1500rpm,930896,1572,274,1357,1793,2,0,1101468,9,240,74,1,3,1654,1495,1197,61,118,1626,16383,1658,1647,1639433,800,2010,2109,524805,11958,8,382536,1496,52181,649,930798352,930897420,0,930897498,930898014,3359735749,17874224,0.0834,1646.0,0.12387841796287002,-0.041055085298544736,0.0834,25.73,78.3,,,,,,
2026-07-30T19:31:29.857924+00:00,S021,mounted,true,healthy,none,1500,healthy_horizontal_no_load_1500rpm,930997,1570,280,1356,1802,5,0,1101531,9,240,74,0,3,1654,1495,1205,61,125,1627,16383,1657,1645,1655625,808,1941,2142,524793,11956,8,382539,1496,52182,649,930898416,930998086,0,930998096,930998611,3392516499,17868246,0.0834,1646.0,0.1794532014051522,-0.155467806289729,0.0834,25.7,78.3,,,,,,
2026-07-30T19:31:29.951161+00:00,S021,mounted,true,healthy,none,1500,healthy_horizontal_no_load_1500rpm,931097,1537,278,1390,1842,6,0,1101593,9,240,74,2,3,1654,1494,1209,61,125,1627,16383,1657,1647,1639071,800,2019,2081,524783,11954,8,382539,1496,52183,649,930999015,931098212,0,931098226,931098741,3358247011,17862270,0.0834,1646.0,0.07839065066086626,-0.02493560130500283,0.0834,25.7,78.3,,,,,,
2026-07-30T19:31:30.045518+00:00,S021,mounted,true,healthy,none,1500,healthy_horizontal_no_load_1500rpm,931197,1520,277,1405,1861,2,0,1101654,9,240,74,1,3,1654,1495,1248,60,132,1642,16383,1659,1647,1639736,800,1823,2177,524826,11956,8,382542,1496,52184,649,931099143,931198342,0,931198356,931198872,3361059876,17868246,0.0834,1646.0,0.23777277985948464,-0.35208809936433605,0.0834,25.24,77.4,,,,,,
2026-07-30T19:31:30.139795+00:00,S021,mounted,true,healthy,none,1500,healthy_horizontal_no_load_1500rpm,931297,1524,275,1399,1851,3,0,1101715,9,240,74,1,3,1654,1495,1203,60,132,1633,16383,1657,1647,1639133,800,2006,2203,524783,11957,8,382547,1496,52185,649,931199274,931298383,0,931298397,931298913,3358568209,17871233,0.0834,1646.0,0.280788895124195,-0.04743956485740597,0.0834,25.52,77.9,,,,,,
2026-07-30T19:31:30.278958+00:00,S021,mounted,true,healthy,none,1500,healthy_horizontal_no_load_1500rpm,931397,1542,279,1382,1834,1,0,1101776,9,240,74,1,3,1654,1494,1227,60,132,1628,16383,1660,1647,1639831,800,2010,2267,524790,11948,8,382534,1496,52186,649,931299315,931398412,0,931398422,931398937,3361411137,17844344,0.0834,1646.0,0.3902666652159352,-0.038252398727820935,0.0834,25.67,78.2,,,,,,
2026-07-30T19:31:30.373170+00:00,S021,mounted,true,healthy,none,1500,healthy_horizontal_no_load_1500rpm,931498,1548,277,1380,1828,6,0,1101839,9,240,74,0,3,1654,1495,1234,58,122,1618,16383,1660,1648,1655527,808,1939,2085,524800,11956,8,382537,1496,52187,649,931399339,931499056,0,931499134,931499649,3392113737,17868246,0.0834,1646.0,0.08447560220809613,-0.1588003536299767,0.0834,25.97,78.8,,,,,,
2026-07-30T19:31:30.468860+00:00,S021,mounted,true,healthy,none,1500,healthy_horizontal_no_load_1500rpm,931598,1540,277,1386,1836,2,0,1101900,9,240,74,1,3,1654,1495,1250,61,127,1624,16383,1657,1648,1638759,800,2012,2072,524761,11959,8,382546,1496,52188,649,931500050,931599113,0,931599187,931599701,3356971445,17877211,0.0834,1646.0,0.061947955598294246,-0.03800338481478427,0.0834,25.79,78.4,,,,,,
2026-07-30T19:31:30.563893+00:00,S021,mounted,true,healthy,none,1500,healthy_horizontal_no_load_1500rpm,931698,1536,275,1393,1842,1,0,1101962,9,240,74,1,2,1654,1494,1218,61,127,1626,16383,1657,1647,1639113,800,1833,2093,524774,11955,8,382546,1496,52189,649,931600104,931699162,0,931699241,931699756,3358467951,17865255,0.0834,1646.0,0.09809751141781664,-0.33516988130489356,0.0834,25.73,78.3,,,,,,
2026-07-30T19:31:30.656881+00:00,S021,mounted,true,healthy,none,1500,healthy_horizontal_no_load_1500rpm,931798,1529,277,1396,1849,5,0,1102023,9,240,74,1,2,1654,1494,1226,57,117,1629,16383,1658,1647,1639601,800,2003,2079,524807,11951,8,382539,1496,52190,649,931700158,931799225,0,931799299,931799814,3360417219,17853303,0.0834,1646.0,0.07592728784202141,-0.0507624927621122,0.0834,25.64,78.1,,,,,,
2026-07-30T19:31:30.750860+00:00,S021,mounted,true,healthy,none,1500,healthy_horizontal_no_load_1500rpm,931898,1514,276,1413,1869,4,0,1102084,9,240,73,1,2,1654,1495,1259,57,117,1627,16383,1657,1648,1639013,800,1967,2077,524780,11957,8,382544,1496,52191,649,931800220,931899267,0,931899346,931899861,3358018987,17871233,0.0834,1646.0,0.07085597148114076,-0.11241880312787478,0.0834,25.7,78.3,,,,,,
2026-07-30T19:31:30.844536+00:00,S021,mounted,true,healthy,none,1500,healthy_horizontal_no_load_1500rpm,931999,1502,274,1425,1881,4,0,1102144,9,240,74,0,3,1654,1494,1232,53,112,1632,16383,1657,1646,1655173,808,1999,2081,524758,11955,8,382545,1496,52192,649,931900263,932000055,0,932000064,932000580,3390653389,17865255,0.0834,1646.0,0.07810055483061484,-0.05854531518193262,0.0834,25.55,78.0,,,,,,
2026-07-30T19:31:30.937736+00:00,S021,mounted,true,healthy,none,1500,healthy_horizontal_no_load_1500rpm,932099,1514,276,1408,1864,6,0,1102205,9,240,73,1,3,1654,1495,1248,56,120,1624,16383,1657,1644,1639156,800,1943,2079,524763,11958,8,382551,1496,52193,649,932000980,932100098,0,932100266,932100781,3358609290,17874222,0.0834,1646.0,0.07389856848971332,-0.1526767491219272,0.0834,25.79,78.4,,,,,,
2026-07-30T19:31:31.078687+00:00,S021,mounted,true,healthy,none,1500,healthy_horizontal_no_load_1500rpm,932199,1525,277,1398,1853,2,0,1102266,9,240,73,1,2,1654,1494,1235,56,120,1628,16383,1657,1648,1639204,800,2011,2097,524775,11954,8,382550,1496,52194,649,932101183,932200254,0,932200269,932200784,3358796890,17862268,0.0834,1646.0,0.10505548987786506,-0.03826802091350201,0.0834,25.67,78.2,,,,,,
2026-07-30T19:31:31.172342+00:00,S021,mounted,true,healthy,none,1500,healthy_horizontal_no_load_1500rpm,932299,1530,278,1394,1848,3,0,1102327,9,240,74,0,2,1654,1495,1250,53,113,1626,16383,1659,1648,1639333,800,1983,2265,524788,11956,8,382552,1496,52195,649,932201186,932300287,0,932300296,932300811,3359405511,17868246,0.0834,1646.0,0.3844048628303778,-0.08548431214453034,0.0834,25.73,78.3,,,,,,
2026-07-30T19:31:31.266436+00:00,S021,mounted,true,healthy,none,1500,healthy_horizontal_no_load_1500rpm,932399,1533,275,1395,1844,1,0,1102388,9,240,73,1,3,1654,1494,1225,56,125,1621,16383,1656,1649,1638525,800,1853,2117,524743,11953,8,382549,1496,52196,649,932301211,932400326,0,932400335,932400850,3356049277,17859277,0.0834,1646.0,0.1386817025851248,-0.3013249528151931,0.0834,25.88,78.6,,,,,,
2026-07-30T19:31:31.359538+00:00,S021,mounted,true,healthy,none,1500,healthy_horizontal_no_load_1500rpm,932499,1533,274,1397,1845,4,0,1102450,9,240,73,1,2,1654,1495,1237,56,125,1624,16383,1656,1649,1638800,800,1955,2077,524711,11956,8,382551,1496,52197,649,932401253,932500372,0,932500387,932500902,3357141282,17868244,0.0834,1646.0,0.07114541284710585,-0.13213997490799656,0.0834,25.79,78.4,,,,,,
2026-07-30T19:31:31.451744+00:00,S021,mounted,true,healthy,none,1500,healthy_horizontal_no_load_1500rpm,932599,1534,277,1391,1843,6,0,1102511,9,240,74,0,3,1654,1494,1259,57,126,1627,16383,1658,1649,1639191,800,2015,2147,524705,11954,8,382550,1496,52198,649,932501304,932600419,0,932600429,932600944,3358751177,17862268,0.0834,1646.0,0.18838311243098538,-0.03160181110925242,0.0834,25.7,78.3,,,,,,
2026-07-30T19:31:31.543988+00:00,S021,mounted,true,healthy,none,1500,healthy_horizontal_no_load_1500rpm,932700,1533,277,1392,1845,3,0,1102573,9,240,74,1,3,1654,1495,1203,57,126,1627,16383,1657,1648,1655184,808,2013,2093,524715,11956,8,382552,1496,52199,649,932601348,932701076,0,932701155,932701670,3390695506,17868246,0.0834,1646.0,0.09780579156908642,-0.03549610204081688,0.0834,25.7,78.3,,,,,,
2026-07-30T19:31:31.685587+00:00,S021,mounted,true,healthy,none,1500,healthy_horizontal_no_load_1500rpm,932800,1534,274,1392,1839,1,0,1102634,9,240,73,0,2,1654,1494,1219,57,116,1633,16383,1656,1648,1638662,800,1969,2103,524704,11955,8,382552,1496,52200,649,932702072,932801131,0,932801205,932801720,3356579406,17865255,0.0834,1646.0,0.11476164190715155,-0.10853770664993734,0.0834,25.52,77.9,,,,,,
2026-07-30T19:31:31.779617+00:00,S021,mounted,true,healthy,none,1500,healthy_horizontal_no_load_1500rpm,932900,1540,274,1389,1834,4,0,1102696,9,240,73,0,3,1653,1494,1217,61,121,1632,16383,1657,1647,1638590,800,1981,2076,524669,11950,8,382543,1496,52201,649,932802121,932901227,0,932901306,932901821,3356280194,17850316,0.0796,1646.0,0.07121596803347252,-0.08715950979079556,0.0796,25.55,78.0,,,,,,
2026-07-30T19:31:31.873532+00:00,S021,mounted,true,healthy,none,1500,healthy_horizontal_no_load_1500rpm,933000,1547,278,1379,1829,2,0,1102758,9,240,74,1,2,1653,1495,1213,61,121,1627,16383,1659,1649,1639117,800,2021,2117,524679,11956,8,382546,1496,52202,649,932902221,933001359,0,933001437,933001952,3358443499,17868244,0.0796,1646.0,0.13779635965205728,-0.022165912679826594,0.0796,25.7,78.3,,,,,,
2026-07-30T19:31:31.967501+00:00,S021,mounted,true,healthy,none,1500,healthy_horizontal_no_load_1500rpm,933100,1547,278,1380,1830,1,0,1102820,9,240,74,2,3,1654,1494,1218,61,126,1625,16383,1658,1649,1639245,800,2003,2082,524733,11955,8,382546,1496,52203,649,933002355,933101411,0,933101490,933102005,3358969443,17865257,0.0834,1646.0,0.07976696787954829,-0.051879662986198394,0.0834,25.76,78.4,,,,,,
2026-07-30T19:31:32.061619+00:00,S021,mounted,true,healthy,none,1500,healthy_horizontal_no_load_1500rpm,933201,1503,277,1423,1885,1,0,1102880,9,240,74,2,3,1653,1494,1202,61,119,1633,16383,1656,1645,1654743,808,1965,2073,524637,11954,8,382545,1496,52204,649,933102407,933202070,0,933202080,933202595,3388896937,17862268,0.0796,1646.0,0.06505823105236708,-0.11492943366237274,0.0796,25.52,77.9,,,,,,
2026-07-30T19:31:32.154942+00:00,S021,mounted,true,healthy,none,1500,healthy_horizontal_no_load_1500rpm,933301,1490,277,1434,1899,1,0,1102940,9,240,74,1,3,1653,1494,1222,61,119,1634,16383,1660,1648,1638593,800,1911,2131,524618,11954,8,382544,1496,52205,649,933202997,933302098,0,933302107,933302622,3356333833,17862270,0.0796,1646.0,0.16171827321398657,-0.2049232660197422,0.0796,25.49,77.9,,,,,,
2026-07-30T19:31:32.248301+00:00,S021,mounted,true,healthy,none,1500,healthy_horizontal_no_load_1500rpm,933401,1502,276,1420,1880,1,0,1103000,9,240,73,2,3,1653,1494,1198,63,114,1638,16383,1658,1648,1638903,800,1945,2079,524633,11953,8,382541,1496,52206,649,933303028,933402162,0,933402171,933402686,3357567999,17859281,0.0796,1646.0,0.075347411277503,-0.14798930017568868,0.0796,25.36,77.7,,,,,,
2026-07-30T19:31:32.388336+00:00,S021,mounted,true,healthy,none,1500,healthy_horizontal_no_load_1500rpm,933501,1521,275,1405,1857,5,0,1103061,9,240,73,1,2,1653,1495,1208,63,114,1629,16383,1657,1647,1638915,800,1897,2147,524652,11956,8,382544,1496,52207,649,933403089,933502193,0,933502207,933502722,3357652633,17868244,0.0796,1646.0,0.18778456975577118,-0.2287838477751758,0.0796,25.64,78.1,,,,,,
2026-07-30T19:31:32.482527+00:00,S021,mounted,true,healthy,none,1500,healthy_horizontal_no_load_1500rpm,933601,1531,278,1394,1849,4,0,1103122,9,240,74,1,2,1653,1494,1188,61,113,1633,16383,1657,1649,1639348,800,2015,2211,524650,11953,8,382541,1496,52208,649,933503124,933602260,0,933602270,933602785,3359409790,17859279,0.0796,1646.0,0.2953507389776626,-0.031320868819543435,0.0796,25.52,77.9,,,,,,
2026-07-30T19:31:32.574956+00:00,S021,mounted,true,healthy,none,1500,healthy_horizontal_no_load_1500rpm,933701,1507,277,1419,1879,4,0,1103182,9,240,74,2,3,1653,1494,1209,63,117,1627,16383,1657,1647,1638652,800,1839,2151,524606,11955,8,382542,1496,52209,649,933603191,933702284,0,933702294,933702809,3356586978,17865259,0.0796,1646.0,0.19474946825595918,-0.32517140301129244,0.0796,25.7,78.3,,,,,,
2026-07-30T19:31:32.667811+00:00,S021,mounted,true,healthy,none,1500,healthy_horizontal_no_load_1500rpm,933801,1488,275,1437,1899,4,0,1103242,9,240,74,1,3,1653,1494,1191,63,117,1629,16383,1656,1644,1637934,800,1849,2082,524508,11953,8,382540,1496,52210,649,933703211,933802321,0,933802331,933802846,3353638176,17859279,0.0796,1646.0,0.08034748690705218,-0.30799172032125854,0.0796,25.64,78.1,,,,,,
2026-07-30T19:31:32.761441+00:00,S021,mounted,true,healthy,none,1500,healthy_horizontal_no_load_1500rpm,933901,1481,275,1444,1909,5,0,1103301,9,240,74,1,3,1653,1494,1211,60,108,1635,16383,1657,1648,1638917,800,2017,2073,524545,11955,8,382541,1496,52211,649,933803252,933902360,0,933902369,933902888,3357611007,17865257,0.0796,1646.0,0.06476925043914683,-0.02854988030112926,0.0796,25.46,77.8,,,,,,
2026-07-30T19:31:32.869814+00:00,S021,mounted,true,healthy,none,1500,healthy_horizontal_no_load_1500rpm,934001,1468,273,1458,1924,1,0,1103360,9,240,73,1,2,1653,1494,1200,60,111,1631,16383,1658,1646,1638156,800,1875,2089,524539,11955,8,382542,1496,52212,649,933903290,934002390,0,934002399,934002914,3354536852,17865257,0.0796,1646.0,0.09143185922208241,-0.26518053324968616,0.0796,25.58,78.0,,,,,,
2026-07-30T19:31:32.963892+00:00,S021,mounted,true,healthy,none,1500,healthy_horizontal_no_load_1500rpm,934102,1467,274,1458,1925,3,0,1103419,9,240,73,0,3,1653,1495,1199,60,111,1632,16383,1657,1650,1655168,808,1999,2079,524543,11956,8,382545,1496,52213,649,934003317,934103045,0,934103119,934103637,3390624806,17868244,0.0796,1646.0,0.07447796018735353,-0.05882393342254977,0.0796,25.55,78.0,,,,,,
2026-07-30T19:31:33.058085+00:00,S021,mounted,true,healthy,none,1500,healthy_horizontal_no_load_1500rpm,934202,1476,276,1446,1914,2,0,1103478,9,240,74,0,3,1653,1494,1205,60,118,1631,16383,1657,1646,1638411,800,1979,2079,524528,11951,8,382538,1496,52214,649,934104037,934203108,0,934203182,934203697,3355550449,17853303,0.0796,1646.0,0.07592728784202141,-0.09076979190025947,0.0796,25.58,78.0,,,,,,
2026-07-30T19:31:33.152376+00:00,S021,mounted,true,healthy,none,1500,healthy_horizontal_no_load_1500rpm,934302,1481,275,1440,1904,2,0,1103538,9,240,73,0,2,1653,1494,1205,60,118,1634,16383,1658,1649,1639135,800,2019,2075,524578,11954,8,382538,1496,52215,649,934204098,934303144,0,934303222,934303737,3358510105,17862268,0.0796,1646.0,0.06839133595449187,-0.02493560130500283,0.0796,25.49,77.9,,,,,,
2026-07-30T19:31:33.294480+00:00,S021,mounted,true,healthy,none,1500,healthy_horizontal_no_load_1500rpm,934402,1482,275,1441,1906,6,0,1103597,9,240,74,0,3,1653,1494,1213,61,117,1626,16383,1659,1647,1639178,800,1993,2075,524575,11952,8,382534,1496,52216,649,934304138,934403347,0,934403421,934403936,3358690496,17856290,0.0796,1646.0,0.06896999999999975,-0.06771016867469903,0.0796,25.73,78.3,,,,,,
2026-07-30T19:31:33.387609+00:00,S021,mounted,true,healthy,none,1500,healthy_horizontal_no_load_1500rpm,934502,1482,275,1441,1905,4,0,1103656,9,240,73,0,2,1653,1494,1200,60,114,1626,16383,1660,1647,1639419,800,1923,2085,524641,11955,8,382535,1496,52217,649,934404340,934503404,0,934503477,934503992,3359690731,17865259,0.0796,1646.0,0.08476620702634818,-0.18519270690087852,0.0796,25.73,78.3,,,,,,
2026-07-30T19:31:33.480882+00:00,S021,mounted,true,healthy,none,1500,healthy_horizontal_no_load_1500rpm,934603,1483,275,1441,1906,4,0,1103716,9,240,74,0,3,1653,1494,1205,60,114,1632,16383,1658,1648,1655519,808,1989,2126,524646,11952,8,382531,1496,52218,649,934504392,934604058,0,934604067,934604582,3392068697,17856292,0.0796,1646.0,0.15397839759036103,-0.07437749397590432,0.0796,25.55,78.0,,,,,,
2026-07-30T19:31:33.574518+00:00,S021,mounted,true,healthy,none,1500,healthy_horizontal_no_load_1500rpm,934703,1502,274,1420,1877,4,0,1103776,9,240,73,3,3,1654,1494,1211,57,110,1633,16383,1657,1649,1639837,800,2013,2084,524742,11954,8,382531,1496,52219,649,934604986,934704199,0,934704208,934704723,3361389585,17862268,0.0834,1646.0,0.08339030801405345,-0.034934916011377215,0.0834,25.52,77.9,,,,,,
2026-07-30T19:31:33.667415+00:00,S021,mounted,true,healthy,none,1500,healthy_horizontal_no_load_1500rpm,934803,1537,276,1389,1838,6,0,1103837,9,240,73,1,3,1654,1495,1234,59,111,1633,16383,1664,1647,1639145,800,2017,2159,524757,11957,8,382536,1496,52220,649,934705129,934804396,0,934804406,934804921,3358576155,17871233,0.0834,1646.0,0.20747898528058828,-0.029112087396504283,0.0834,25.52,77.9,,,,,,
2026-07-30T19:31:33.776487+00:00,S021,mounted,true,healthy,none,1500,healthy_horizontal_no_load_1500rpm,934904,1546,277,1380,1829,1,0,1103900,9,240,74,0,3,1654,1494,1217,59,111,1635,16383,1658,1647,1656172,808,1975,2179,524808,11954,8,382536,1496,52221,649,934805323,934904934,0,934905013,934905528,3394764666,17862268,0.0834,1646.0,0.2417127908649821,-0.09826390915174832,0.0834,25.46,77.8,,,,,,
2026-07-30T19:31:33.886682+00:00,S021,mounted,true,healthy,none,1500,healthy_horizontal_no_load_1500rpm,935004,1528,274,1400,1848,5,0,1103961,9,240,73,2,2,1654,1494,1221,59,117,1631,16383,1656,1649,1639670,800,1947,2147,524808,11955,8,382537,1496,52222,649,934905928,935004975,0,935005049,935005564,3360719812,17865255,0.0834,1646.0,0.18808381606022584,-0.14519879372647448,0.0834,25.58,78.0,,,,,,
2026-07-30T19:31:33.995180+00:00,S021,mounted,true,healthy,none,1500,healthy_horizontal_no_load_1500rpm,935104,1520,274,1405,1856,4,0,1104022,9,240,74,1,2,1654,1495,1229,59,117,1631,16383,1659,1645,1639752,800,1864,2195,524822,11959,8,382546,1496,52223,649,935005971,935105089,0,935105163,935105678,3361092362,17877211,0.0834,1646.0,0.26684820344510385,-0.2845500245003767,0.0834,25.58,78.0,,,,,,
2026-07-30T19:31:34.088765+00:00,S021,mounted,true,healthy,none,1500,healthy_horizontal_no_load_1500rpm,935204,1500,275,1432,1891,4,0,1104082,9,240,74,4,3,1654,1495,1234,59,115,1636,16383,1657,1647,1638980,800,1933,2151,524780,11956,8,382548,1496,52224,649,935106081,935205135,0,935205209,935205724,3357906518,17868244,0.0834,1646.0,0.1944496644362661,-0.1687979956507193,0.0834,25.43,77.8,,,,,,
2026-07-30T19:31:34.183787+00:00,S021,mounted,true,healthy,none,1500,healthy_horizontal_no_load_1500rpm,935304,1459,276,1467,1940,5,0,1104141,9,240,74,3,3,1654,1494,1213,62,125,1633,16383,1658,1647,1639096,800,2019,2076,524770,11954,8,382547,1496,52225,649,935206127,935305201,0,935305279,935305794,3358351600,17862268,0.0834,1646.0,0.07005788840555427,-0.02493560130500283,0.0834,25.52,77.9,,,,,,
2026-07-30T19:31:34.275868+00:00,S021,mounted,true,healthy,none,1500,healthy_horizontal_no_load_1500rpm,935404,1437,273,1490,1965,2,0,1104198,9,240,73,0,3,1654,1494,1223,62,125,1638,16383,1659,1648,1638975,800,1950,2185,524766,11954,8,382546,1496,52226,649,935306197,935405267,0,935405341,935405856,3357902859,17862266,0.0834,1646.0,0.2517121055713565,-0.1399277204283087,0.0834,25.36,77.7,,,,,,
2026-07-30T19:31:34.368134+00:00,S021,mounted,true,healthy,none,1500,healthy_horizontal_no_load_1500rpm,935504,1476,274,1442,1907,6,0,1104257,9,240,73,4,3,1654,1495,1235,64,129,1639,16383,1659,1648,1639989,800,2011,2153,524810,11956,8,382548,1496,52227,649,935406256,935505374,0,935505448,935505963,3362021825,17868244,0.0834,1646.0,0.19778221177651378,-0.03882864938106412,0.0834,25.33,77.6,,,,,,
2026-07-30T19:31:34.461101+00:00,S021,mounted,true,healthy,none,1500,healthy_horizontal_no_load_1500rpm,935604,1518,275,1406,1859,2,0,1104318,9,240,73,1,3,1654,1494,1259,62,137,1634,16383,1660,1649,1640561,800,2013,2139,524886,11953,8,382545,1496,52228,649,935506366,935605440,0,935605514,935606029,3364363939,17859279,0.0834,1646.0,0.17534892386848488,-0.03465425257257637,0.0834,25.49,77.9,,,,,,
2026-07-30T19:31:34.554175+00:00,S021,mounted,true,healthy,none,1500,healthy_horizontal_no_load_1500rpm,935705,1526,277,1399,1853,3,0,1104379,9,240,73,0,3,1654,1494,1232,62,137,1628,16383,1658,1648,1656217,808,2011,2075,524883,11955,8,382545,1496,52229,649,935606431,935706085,0,935706094,935706609,3394923383,17865255,0.0834,1646.0,0.06810207653701328,-0.03854835859473038,0.0834,25.67,78.2,,,,,,
2026-07-30T19:31:34.695021+00:00,S021,mounted,true,healthy,none,1500,healthy_horizontal_no_load_1500rpm,935805,1498,275,1429,1889,3,0,1104439,9,240,74,2,3,1654,1495,1221,65,143,1631,16383,1659,1647,1640025,800,2013,2076,524929,11957,8,382549,1496,52230,649,935707010,935806121,0,935806130,935806645,3362155251,17871235,0.0834,1646.0,0.06918983716651317,-0.03577662465501419,0.0834,25.58,78.0,,,,,,
2026-07-30T19:31:34.789080+00:00,S021,mounted,true,healthy,none,1500,healthy_horizontal_no_load_1500rpm,935905,1486,276,1436,1901,3,0,1104499,9,240,74,0,3,1654,1494,1255,65,143,1632,16383,1660,1648,1639545,800,1902,2083,524920,11955,8,382549,1496,52231,649,935807047,935906170,0,935906180,935906695,3360216975,17865255,0.0834,1646.0,0.08143338092848174,-0.22018738092848222,0.0834,25.55,78.0,,,,,,
2026-07-30T19:31:34.881960+00:00,S021,mounted,true,healthy,none,1500,healthy_horizontal_no_load_1500rpm,936005,1483,275,1441,1906,2,0,1104558,9,240,74,0,3,1654,1494,1235,63,133,1632,16383,1659,1647,1639911,800,2027,2190,524922,11951,8,382542,1496,52232,649,935907095,936006194,0,936006203,936006718,3361710383,17853303,0.0834,1646.0,0.26096104635595285,-0.010755193623964487,0.0834,25.55,78.0,,,,,,
2026-07-30T19:31:34.975178+00:00,S021,mounted,true,healthy,none,1500,healthy_horizontal_no_load_1500rpm,936105,1483,276,1439,1905,2,0,1104618,9,240,74,0,2,1654,1494,1221,63,133,1632,16383,1658,1649,1639620,800,2011,2081,524891,11953,8,382540,1496,52233,649,936007118,936106214,0,936106228,936106743,3360501930,17859281,0.0834,1646.0,0.07868079503053593,-0.037987636325608864,0.0834,25.55,78.0,,,,,,
2026-07-30T19:31:35.068827+00:00,S021,mounted,true,healthy,none,1500,healthy_horizontal_no_load_1500rpm,936205,1486,274,1438,1900,6,0,1104677,9,240,73,2,2,1654,1494,1242,63,133,1627,16383,1659,1647,1639680,800,1905,2105,524865,11953,8,382538,1496,52234,649,936107144,936206412,0,936206421,936206936,3360767092,17859279,0.0834,1646.0,0.11868140006692851,-0.21465697523634253,0.0834,25.7,78.3,,,,,,
2026-07-30T19:31:35.162764+00:00,S021,mounted,true,healthy,none,1500,healthy_horizontal_no_load_1500rpm,936306,1517,275,1405,1858,2,0,1104738,9,240,74,3,3,1654,1494,1243,61,130,1637,16383,1658,1649,1656138,808,2015,2082,524848,11952,8,382534,1496,52235,649,936207339,936306939,0,936307013,936307528,3394602128,17856296,0.0834,1646.0,0.08063781927710822,-0.031039879518072855,0.0834,25.4,77.7,,,,,,
2026-07-30T19:31:35.302645+00:00,S021,mounted,true,healthy,none,1500,healthy_horizontal_no_load_1500rpm,936406,1542,277,1383,1833,1,0,1104800,9,240,74,1,3,1654,1495,1193,64,129,1638,16383,1659,1650,1640715,800,1951,2071,524946,11956,8,382537,1496,52236,649,936307934,936407051,0,936407129,936407644,3364988985,17868244,0.0834,1646.0,0.061147770826363246,-0.13880506958849148,0.0834,25.36,77.7,,,,,,
2026-07-30T19:31:35.396352+00:00,S021,mounted,true,healthy,none,1500,healthy_horizontal_no_load_1500rpm,936506,1546,278,1379,1829,4,0,1104862,9,240,73,0,3,1655,1495,1222,64,129,1632,16383,1658,1645,1640847,800,2004,2169,525064,11959,8,382546,1496,52237,649,936408047,936507216,0,936507294,936507810,3365543093,17877211,0.0872,1646.0,0.22353595593276987,-0.05133023020319438,0.0872,25.55,78.0,,,,,,
2026-07-30T19:31:35.489849+00:00,S021,mounted,true,healthy,none,1500,healthy_horizontal_no_load_1500rpm,936606,1536,277,1390,1842,6,0,1104923,9,240,74,1,2,1655,1495,1215,68,133,1634,16383,1659,1647,1640301,800,2003,2177,525083,11959,8,382554,1496,52238,649,936508210,936607265,0,936607339,936607854,3363306727,17877211,0.0872,1646.0,0.23686280132118043,-0.05299608587674598,0.0872,25.49,77.9,,,,,,
2026-07-30T19:31:35.584396+00:00,S021,mounted,true,healthy,none,1500,healthy_horizontal_no_load_1500rpm,936706,1532,276,1394,1845,3,0,1104985,9,240,74,0,2,1655,1494,1214,68,133,1629,16383,1658,1647,1640343,800,2010,2088,525080,11955,8,382554,1496,52239,649,936608260,936707326,0,936707405,936707920,3363467375,17865257,0.0872,1646.0,0.08976544617314897,-0.04021477164366427,0.0872,25.64,78.1,,,,,,
2026-07-30T19:31:35.678934+00:00,S021,mounted,true,healthy,none,1500,healthy_horizontal_no_load_1500rpm,936806,1511,278,1415,1875,3,0,1105045,9,240,74,2,3,1655,1495,1201,68,144,1627,16383,1658,1651,1640539,800,2019,2243,525059,11956,8,382556,1496,52240,649,936708320,936807373,0,936807447,936807961,3364321559,17868244,0.0872,1646.0,0.34774684208765416,-0.025498460020073832,0.0872,25.7,78.3,,,,,,
2026-07-30T19:31:35.772364+00:00,S021,mounted,true,healthy,none,1500,healthy_horizontal_no_load_1500rpm,936906,1493,275,1431,1892,3,0,1105105,9,240,74,1,3,1655,1495,1224,68,145,1622,16383,1658,1647,1639712,800,2005,2086,525050,11956,8,382558,1496,52241,649,936808364,936907449,0,936907523,936908038,3360882528,17868246,0.0872,1646.0,0.08614187587821975,-0.048826291401807165,0.0872,25.85,78.5,,,,,,
2026-07-30T19:31:35.864327+00:00,S021,mounted,true,healthy,none,1500,healthy_horizontal_no_load_1500rpm,937007,1483,274,1443,1906,3,0,1105165,9,240,73,1,3,1655,1494,1225,68,145,1629,16383,1659,1647,1656524,808,2007,2079,525050,11955,8,382558,1496,52242,649,936908441,937008071,0,937008085,937008600,3396185052,17865255,0.0872,1646.0,0.07476772873274751,-0.045214010790464165,0.0872,25.64,78.1,,,,,,
2026-07-30T19:31:36.005389+00:00,S021,mounted,true,healthy,none,1500,healthy_horizontal_no_load_1500rpm,937107,1483,274,1441,1904,2,0,1105224,9,240,74,0,3,1654,1494,1224,65,133,1629,16383,1657,1646,1639504,800,1975,2101,524998,11954,8,382557,1496,52243,649,937009003,937108115,0,937108124,937108639,3360032122,17862266,0.0834,1646.0,0.11172169968211465,-0.09826390915174832,0.0834,25.64,78.1,,,,,,
2026-07-30T19:31:36.105659+00:00,S021,mounted,true,healthy,none,1500,healthy_horizontal_no_load_1500rpm,937207,1484,271,1442,1899,6,0,1105283,9,240,73,0,2,1655,1494,1221,68,132,1627,16383,1658,1649,1639827,800,1987,2078,525021,11953,8,382554,1496,52244,649,937109043,937208228,0,937208238,937208756,3361354675,17859277,0.0872,1646.0,0.07368071940098675,-0.07798824136200144,0.0872,25.7,78.3,,,,,,
2026-07-30T19:31:36.192127+00:00,S021,mounted,true,healthy,none,1500,healthy_horizontal_no_load_1500rpm,937307,1493,274,1429,1889,6,0,1105343,9,240,73,3,3,1655,1494,1192,68,132,1626,16383,1659,1649,1640231,800,1943,2095,525065,11953,8,382551,1496,52245,649,937209157,937308291,0,937308300,937308815,3363015465,17859279,0.0872,1646.0,0.10201448130176471,-0.15132268392872117,0.0872,25.73,78.3,,,,,,
2026-07-30T19:31:36.284805+00:00,S021,mounted,true,healthy,none,1500,healthy_horizontal_no_load_1500rpm,937407,1534,277,1390,1842,3,0,1105405,9,240,73,1,3,1655,1494,1215,67,135,1629,16383,1658,1651,1640317,800,1913,2141,525083,11955,8,382551,1496,52246,649,937309218,937408318,0,937408332,937408847,3363395515,17865257,0.0872,1646.0,0.17808533776662427,-0.20185683739021343,0.0872,25.64,78.1,,,,,,
2026-07-30T19:31:36.378627+00:00,S021,mounted,true,healthy,none,1500,healthy_horizontal_no_load_1500rpm,937507,1546,277,1380,1828,1,0,1105466,9,240,74,0,2,1655,1494,1233,67,135,1637,16383,1660,1648,1640378,800,2022,2207,525076,11954,8,382550,1496,52247,649,937409250,937508341,0,937508350,937508865,3363628782,17862270,0.0872,1646.0,0.28837625949472967,-0.019935943951815638,0.0872,25.4,77.7,,,,,,
2026-07-30T19:31:36.474138+00:00,S021,mounted,true,healthy,none,1500,healthy_horizontal_no_load_1500rpm,937607,1532,278,1395,1849,4,0,1105528,9,240,74,2,3,1655,1494,1185,67,134,1632,16383,1660,1649,1640023,800,1997,2149,525063,11954,8,382549,1496,52248,649,937509266,937608391,0,937608405,937608920,3362164037,17862270,0.0872,1646.0,0.19171621733311017,-0.06159975522837602,0.0872,25.55,78.0,,,,,,
2026-07-30T19:31:36.568784+00:00,S021,mounted,true,healthy,none,1500,healthy_horizontal_no_load_1500rpm,937707,1518,273,1414,1864,6,0,1105589,9,240,73,1,2,1655,1494,1215,69,146,1632,16383,1660,1647,1639964,800,1978,2091,525026,11953,8,382546,1496,52249,649,937609323,937708426,0,937708594,937709109,3361916756,17859277,0.0872,1646.0,0.09534771379569973,-0.09298846825064855,0.0872,25.55,78.0,,,,,,
2026-07-30T19:31:36.708382+00:00,S021,mounted,true,healthy,none,1500,healthy_horizontal_no_load_1500rpm,937808,1510,278,1415,1876,6,0,1105649,9,240,74,2,2,1655,1494,1206,69,146,1630,16383,1659,1649,1656132,808,1907,2079,525042,11953,8,382543,1496,52250,649,937709511,937809094,0,937809168,937809683,3394615252,17859279,0.0872,1646.0,0.075347411277503,-0.2113235914833096,0.0872,25.61,78.1,,,,,,
2026-07-30T19:31:36.801073+00:00,S021,mounted,true,healthy,none,1500,healthy_horizontal_no_load_1500rpm,937908,1477,275,1449,1915,4,0,1105708,9,240,74,3,3,1655,1494,1192,65,135,1633,16383,1657,1649,1639676,800,1989,2083,525023,11952,8,382539,1496,52251,649,937810085,937909136,0,937909210,937909726,3360736450,17856292,0.0872,1646.0,0.08230465060240943,-0.07437749397590432,0.0872,25.52,77.9,,,,,,
2026-07-30T19:31:36.893324+00:00,S021,mounted,true,healthy,none,1500,healthy_horizontal_no_load_1500rpm,938008,1454,274,1470,1941,5,0,1105767,9,240,73,0,3,1655,1495,1210,61,124,1630,16383,1658,1644,1639868,800,1877,2221,525000,11957,8,382544,1496,52252,649,937910128,938009355,0,938009434,938009949,3361614070,17871233,0.0872,1646.0,0.3107793127874885,-0.2623708914443421,0.0872,25.61,78.1,,,,,,
2026-07-30T19:31:36.986431+00:00,S021,mounted,true,healthy,none,1500,healthy_horizontal_no_load_1500rpm,938108,1461,274,1460,1929,3,0,1105825,9,240,73,2,2,1655,1494,1206,61,124,1635,16383,1660,1650,1639889,800,2022,2077,525021,11954,8,382543,1496,52253,649,938010350,938109434,0,938109508,938110022,3361599301,17862268,0.0872,1646.0,0.07172444085661667,-0.019935943951815638,0.0872,25.46,77.8,,,,,,
2026-07-30T19:31:37.079173+00:00,S021,mounted,true,healthy,none,1500,healthy_horizontal_no_load_1500rpm,938209,1477,274,1445,1910,3,0,1105885,9,240,73,1,3,1655,1494,1205,61,126,1631,16383,1659,1647,1656153,808,1963,2075,525012,11955,8,382544,1496,52254,649,938110424,938210110,0,938210119,938210634,3394680849,17865257,0.0872,1646.0,0.06810207653701328,-0.11853618494353846,0.0872,25.58,78.0,,,,,,
2026-07-30T19:31:37.172991+00:00,S021,mounted,true,healthy,none,1500,healthy_horizontal_no_load_1500rpm,938309,1482,275,1440,1905,2,0,1105944,9,240,74,0,3,1655,1494,1237,61,126,1632,16383,1657,1647,1639958,800,1939,2077,525024,11952,8,382539,1496,52255,649,938211037,938310129,0,938310138,938310653,3361905706,17856294,0.0872,1646.0,0.07230366265060217,-0.15771906024096438,0.0872,25.55,78.0,,,,,,
2026-07-30T19:31:37.311157+00:00,S021,mounted,true,healthy,none,1500,healthy_horizontal_no_load_1500rpm,938409,1512,276,1409,1866,3,0,1106005,9,240,73,2,3,1655,1495,1208,60,137,1635,16383,1658,1649,1640080,800,1895,2175,525036,11957,8,382544,1496,52256,649,938311054,938410185,0,938410199,938410714,3362430060,17871233,0.0872,1646.0,0.23413713431462702,-0.23238047378104865,0.0872,25.46,77.8,,,,,,
2026-07-30T19:31:37.405724+00:00,S021,mounted,true,healthy,none,1500,healthy_horizontal_no_load_1500rpm,938509,1525,277,1398,1853,1,0,1106066,9,240,73,1,3,1655,1494,1224,60,136,1635,16383,1659,1649,1640001,800,1997,2073,525042,11953,8,382541,1496,52257,649,938411117,938510235,0,938510249,938510764,3362067441,17859281,0.0872,1646.0,0.06534726001840552,-0.06132132259683809,0.0872,25.46,77.8,,,,,,
2026-07-30T19:31:37.499034+00:00,S021,mounted,true,healthy,none,1500,healthy_horizontal_no_load_1500rpm,938609,1519,278,1407,1865,5,0,1106127,9,240,74,2,3,1655,1495,1224,60,136,1633,16383,1659,1650,1639885,800,2001,2073,525055,11956,8,382544,1496,52258,649,938511167,938610245,0,938610259,938610775,3361582747,17868244,0.0872,1646.0,0.06448031816661048,-0.055491386082302085,0.0872,25.52,77.9,,,,,,
2026-07-30T19:31:37.591984+00:00,S021,mounted,true,healthy,none,1500,healthy_horizontal_no_load_1500rpm,938710,1497,278,1427,1891,5,0,1106187,9,240,74,2,2,1655,1494,1243,62,139,1626,16383,1659,1648,1656789,808,2009,2079,525052,11954,8,382543,1496,52259,649,938611177,938711043,0,938711117,938711632,3397273007,17862270,0.0872,1646.0,0.07505754575874146,-0.041601125815626805,0.0872,25.73,78.3,,,,,,
2026-07-30T19:31:37.686673+00:00,S021,mounted,true,healthy,none,1500,healthy_horizontal_no_load_1500rpm,938810,1484,275,1440,1903,1,0,1106246,9,240,74,1,3,1655,1494,1230,61,131,1628,16383,1660,1647,1639794,800,1985,2086,525029,11955,8,382544,1496,52260,649,938712038,938811270,0,938811344,938811858,3361227338,17865259,0.0872,1646.0,0.08643262007528207,-0.08187509786700131,0.0872,25.67,78.2,,,,,,
2026-07-30T19:31:37.780492+00:00,S021,mounted,true,healthy,none,1500,healthy_horizontal_no_load_1500rpm,938910,1490,275,1434,1896,1,0,1106306,9,240,73,1,3,1655,1495,1225,61,131,1630,16383,1659,1646,1640761,800,1950,2189,525095,11956,8,382547,1496,52261,649,938812260,938911308,0,938911382,938911897,3365222711,17868244,0.0872,1646.0,0.2577680639009703,-0.14047134325861554,0.0872,25.61,78.1,,,,,,
2026-07-30T19:31:37.875363+00:00,S021,mounted,true,healthy,none,1500,healthy_horizontal_no_load_1500rpm,939010,1499,275,1425,1885,1,0,1106366,9,240,74,0,2,1655,1494,1248,61,137,1623,16383,1660,1649,1640716,800,2025,2079,525101,11953,8,382544,1496,52262,649,938912303,939011380,0,939011454,939011969,3364986528,17859279,0.0872,1646.0,0.075347411277503,-0.014653950054379639,0.0872,25.82,78.5,,,,,,
2026-07-30T19:31:37.970758+00:00,S021,mounted,true,healthy,none,1500,healthy_horizontal_no_load_1500rpm,939110,1499,275,1425,1884,1,0,1106426,9,240,73,0,2,1655,1495,1224,61,137,1623,16383,1658,1648,1640601,800,2021,2075,525116,11960,8,382555,1496,52263,649,939012374,939111441,0,939111515,939112030,3364517295,17880200,0.0872,1646.0,0.06665650501672227,-0.023292179933110724,0.0872,25.82,78.5,,,,,,
2026-07-30T19:31:38.110246+00:00,S021,mounted,true,healthy,none,1500,healthy_horizontal_no_load_1500rpm,939211,1510,275,1411,1867,5,0,1106487,9,240,73,1,2,1655,1495,1250,61,139,1632,16383,1659,1648,1656915,808,2015,2091,525096,11957,8,382559,1496,52264,649,939112434,939212153,0,939212163,939212678,3397789931,17871235,0.0872,1646.0,0.09418185188592432,-0.032444356025759014,0.0872,25.55,78.0,,,,,,
2026-07-30T19:31:38.205322+00:00,S021,mounted,true,healthy,none,1500,healthy_horizontal_no_load_1500rpm,939311,1514,272,1411,1860,4,0,1106548,9,240,73,0,2,1655,1494,1211,60,126,1630,16383,1659,1650,1640893,800,2013,2133,525108,11954,8,382558,1496,52265,649,939213081,939312185,0,939312199,939312715,3365722027,17862268,0.0872,1646.0,0.16505137811611137,-0.034934916011377215,0.0872,25.61,78.1,,,,,,
2026-07-30T19:31:38.298737+00:00,S021,mounted,true,healthy,none,1500,healthy_horizontal_no_load_1500rpm,939411,1478,277,1450,1919,5,0,1106607,9,240,75,4,3,1654,1494,1248,60,126,1634,16383,1657,1647,1639384,800,2021,2073,524997,11953,8,382555,1496,52266,649,939313115,939412322,0,939412332,939412847,3359528254,17859285,0.0834,1646.0,0.06534726001840552,-0.02132071756044507,0.0834,25.49,77.9,,,,,,
2026-07-30T19:31:38.390515+00:00,S021,mounted,true,healthy,none,1500,healthy_horizontal_no_load_1500rpm,939512,1440,274,1487,1964,3,0,1106665,9,240,74,3,3,1655,1494,1219,60,128,1631,16383,1658,1648,1656590,808,1991,2245,525013,11955,8,382555,1496,52267,649,939413253,939513060,0,939513134,939513649,3396495128,17865257,0.0872,1646.0,0.3513922948557089,-0.07187661957340064,0.0872,25.58,78.0,,,,,,
2026-07-30T19:31:38.483216+00:00,S021,mounted,true,healthy,none,1500,healthy_horizontal_no_load_1500rpm,939612,1428,272,1496,1972,4,0,1106722,9,240,73,3,3,1655,1494,1222,60,118,1628,16383,1658,1647,1640366,800,2025,2077,525045,11948,8,382542,1496,52268,649,939514056,939613171,0,939613245,939613760,3363549194,17844340,0.0872,1646.0,0.0734626879812521,-0.01324155841981911,0.0872,25.67,78.2,,,,,,
2026-07-30T19:31:38.574813+00:00,S021,mounted,true,healthy,none,1500,healthy_horizontal_no_load_1500rpm,939712,1472,275,1447,1914,5,0,1106781,9,240,74,3,3,1655,1494,1245,60,118,1626,16383,1660,1647,1640141,800,1911,2183,525038,11953,8,382540,1496,52269,649,939614162,939713219,0,939713293,939713808,3362684293,17859281,0.0872,1646.0,0.24868336643520417,-0.2046568239772446,0.0872,25.73,78.3,,,,,,
2026-07-30T19:31:38.729087+00:00,S021,mounted,true,healthy,none,1500,healthy_horizontal_no_load_1500rpm,939812,1505,271,1423,1873,5,0,1106841,9,240,73,1,2,1655,1494,1195,60,118,1628,16383,1659,1649,1640653,800,2013,2075,525086,11954,8,382540,1496,52270,649,939714211,939813272,0,939813346,939813861,3364732551,17862268,0.0872,1646.0,0.06839133595449187,-0.034934916011377215,0.0872,25.67,78.2,,,,,,
2026-07-30T19:31:38.775510+00:00,S021,mounted,true,healthy,none,1500,healthy_horizontal_no_load_1500rpm,939912,1515,278,1406,1865,4,0,1106902,9,240,73,1,3,1655,1494,1208,60,118,1625,16383,1659,1650,1640124,800,2022,2165,525062,11955,8,382541,1496,52271,649,939814263,939913345,0,939913419,939913934,3362578912,17865257,0.0872,1646.0,0.2180792509410283,-0.02021781505646203,0.0872,25.76,78.4,,,,,,
2026-07-30T19:31:38.915448+00:00,S021,mounted,true,healthy,none,1500,healthy_horizontal_no_load_1500rpm,940012,1528,276,1397,1850,6,0,1106963,9,240,73,0,2,1655,1495,1242,63,124,1627,16383,1659,1648,1640837,800,1955,2079,525075,11956,8,382544,1496,52272,649,939914340,940013416,0,940013490,940014005,3365503203,17868244,0.0872,1646.0,0.07447796018735353,-0.13213997490799656,0.0872,25.7,78.3,,,,,,
2026-07-30T19:31:39.007601+00:00,S021,mounted,true,healthy,none,1500,healthy_horizontal_no_load_1500rpm,940113,1530,277,1395,1848,3,0,1107025,9,240,74,0,3,1655,1495,1215,60,119,1631,16383,1659,1647,1656618,808,2001,2153,525064,11958,8,382551,1496,52273,649,940014409,940114236,0,940114245,940114760,3396589368,17874222,0.0872,1646.0,0.19718219719016528,-0.05604904014049206,0.0872,25.58,78.0,,,,,,
2026-07-30T19:31:39.102636+00:00,S021,mounted,true,healthy,none,1500,healthy_horizontal_no_load_1500rpm,940213,1566,275,1360,1800,5,0,1107087,9,240,73,2,3,1655,1495,1222,60,119,1629,16383,1660,1644,1640636,800,1903,2083,525090,11957,8,382555,1496,52274,649,940115161,940214316,0,940214326,940214841,3364705100,17871235,0.0872,1646.0,0.08085277736890495,-0.21905139926402972,0.0872,25.64,78.1,,,,,,
2026-07-30T19:31:39.195576+00:00,S021,mounted,true,healthy,none,1500,healthy_horizontal_no_load_1500rpm,940313,1593,279,1338,1777,3,0,1107151,9,240,73,1,2,1655,1494,1234,61,116,1620,16383,1659,1651,1640842,800,1931,2201,525115,11954,8,382554,1496,52275,649,940215244,940314321,0,940314335,940314850,3365540752,17862268,0.0872,1646.0,0.2783769447883553,-0.1715922169984947,0.0872,25.91,78.6,,,,,,
2026-07-30T19:31:39.288889+00:00,S021,mounted,true,healthy,none,1500,healthy_horizontal_no_load_1500rpm,940413,1600,279,1333,1769,6,0,1107215,9,240,74,1,3,1655,1494,1234,60,112,1624,16383,1659,1646,1640811,800,2013,2078,525155,11953,8,382551,1496,52276,649,940315252,940414371,0,940414385,940414900,3365385489,17859279,0.0872,1646.0,0.07368071940098675,-0.03465425257257637,0.0872,25.79,78.4,,,,,,
2026-07-30T19:31:39.383071+00:00,S021,mounted,true,healthy,none,1500,healthy_horizontal_no_load_1500rpm,940513,1567,279,1363,1809,1,0,1107278,9,240,74,1,3,1655,1494,1248,60,112,1628,16383,1660,1650,1640451,800,1951,2169,525165,11953,8,382548,1496,52277,649,940415303,940514433,0,940514447,940514962,3363954527,17859279,0.0872,1646.0,0.22534968016397539,-0.1379891489165903,0.0872,25.67,78.2,,,,,,
2026-07-30T19:31:39.524273+00:00,S021,mounted,true,healthy,none,1500,healthy_horizontal_no_load_1500rpm,940614,1556,278,1373,1820,4,0,1107340,9,240,74,1,3,1655,1494,1195,60,117,1631,16383,1659,1647,1656643,808,1995,2079,525090,11952,8,382543,1496,52278,649,940515365,940615074,0,940615148,940615663,3396681779,17856290,0.0872,1646.0,0.0756373253012046,-0.06437650602409661,0.0872,25.58,78.0,,,,,,
2026-07-30T19:31:39.619148+00:00,S021,mounted,true,healthy,none,1500,healthy_horizontal_no_load_1500rpm,940714,1540,278,1388,1840,2,0,1107402,9,240,74,2,3,1655,1494,1174,60,117,1629,16383,1660,1647,1640358,800,2011,2083,525060,11955,8,382544,1496,52279,649,940616066,940715273,0,940715347,940715862,3363530662,17865255,0.0872,1646.0,0.08143338092848174,-0.03854835859473038,0.0872,25.64,78.1,,,,,,
2026-07-30T19:31:39.711949+00:00,S021,mounted,true,healthy,none,1500,healthy_horizontal_no_load_1500rpm,940814,1521,276,1405,1859,3,0,1107463,9,240,74,1,3,1655,1494,1187,62,125,1630,16383,1660,1650,1640914,800,2021,2203,525124,11954,8,382543,1496,52280,649,940716264,940815327,0,940815400,940815916,3365827494,17862270,0.0872,1646.0,0.2817100496904801,-0.021602496402878035,0.0872,25.61,78.1,,,,,,
2026-07-30T19:31:39.805771+00:00,S021,mounted,true,healthy,none,1500,healthy_horizontal_no_load_1500rpm,940914,1516,277,1409,1866,1,0,1107524,9,240,73,1,3,1655,1495,1222,62,121,1631,16383,1660,1647,1640729,800,1978,2175,525171,11957,8,382548,1496,52281,649,940816322,940915386,0,940915460,940915975,3365066027,17871233,0.0872,1646.0,0.23413713431462702,-0.09409132566697398,0.0872,25.58,78.0,,,,,,
2026-07-30T19:31:39.899145+00:00,S021,mounted,true,healthy,none,1500,healthy_horizontal_no_load_1500rpm,941015,1526,276,1398,1851,5,0,1107585,9,240,73,0,3,1655,1494,1180,62,121,1629,16383,1657,1648,1656825,808,2005,2077,525154,11955,8,382548,1496,52282,649,940916378,941016036,0,941016045,941016564,3397416441,17865255,0.0872,1646.0,0.07143490263488061,-0.0485468368883315,0.0872,25.64,78.1,,,,,,
2026-07-30T19:31:39.993395+00:00,S021,mounted,true,healthy,none,1500,healthy_horizontal_no_load_1500rpm,941115,1529,277,1396,1850,4,0,1107646,9,240,74,0,3,1655,1494,1205,62,122,1626,16383,1658,1649,1640828,800,2009,2087,525198,11951,8,382541,1496,52283,649,941016964,941116108,0,941116118,941116633,3365447862,17853305,0.0872,1646.0,0.08926305422140413,-0.04076066797757516,0.0872,25.73,78.3,,,,,,
2026-07-30T19:31:40.084888+00:00,S021,mounted,true,healthy,none,1500,healthy_horizontal_no_load_1500rpm,941215,1527,279,1397,1854,2,0,1107708,9,240,74,1,3,1655,1494,1212,64,117,1625,16383,1660,1649,1640503,800,2010,2177,525205,11951,8,382535,1496,52284,649,941117034,941216138,0,941216152,941216667,3364134935,17853307,0.0872,1646.0,0.23929042598945705,-0.03909369718015254,0.0872,25.76,78.4,,,,,,
2026-07-30T19:31:40.228166+00:00,S021,mounted,true,healthy,none,1500,healthy_horizontal_no_load_1500rpm,941315,1521,277,1404,1860,3,0,1107769,9,240,74,1,3,1655,1495,1216,64,117,1626,16383,1660,1647,1640941,800,2021,2077,525220,11958,8,382542,1496,52285,649,941217070,941316245,0,941316259,941316774,3365909789,17874222,0.0872,1646.0,0.07056657852483683,-0.022729140491721367,0.0872,25.73,78.3,,,,,,
2026-07-30T19:31:40.322074+00:00,S021,mounted,true,healthy,none,1500,healthy_horizontal_no_load_1500rpm,941415,1515,275,1411,1866,3,0,1107829,9,240,73,0,2,1655,1494,1217,63,131,1628,16383,1658,1649,1640456,800,1999,2149,525185,11954,8,382542,1496,52286,649,941317176,941416272,0,941416281,941416796,3363932702,17862268,0.0872,1646.0,0.19171621733311017,-0.05826665032625078,0.0872,25.67,78.2,,,,,,
2026-07-30T19:31:40.416498+00:00,S021,mounted,true,healthy,none,1500,healthy_horizontal_no_load_1500rpm,941515,1521,276,1403,1857,1,0,1107890,9,240,74,0,3,1655,1495,1216,63,131,1633,16383,1662,1647,1641141,800,1946,2221,525266,11956,8,382545,1496,52287,649,941417197,941516307,0,941516317,941516832,3366776345,17868244,0.0872,1646.0,0.31108882134493143,-0.14713643793911046,0.0872,25.52,77.9,,,,,,
2026-07-30T19:31:40.511703+00:00,S021,mounted,true,healthy,none,1500,healthy_horizontal_no_load_1500rpm,941616,1529,275,1399,1849,4,0,1107952,9,240,74,1,2,1655,1494,1201,63,130,1641,16383,1659,1646,1656973,808,1976,2077,525217,11953,8,382542,1496,52288,649,941517236,941617066,0,941617145,941617660,3398031931,17859279,0.0872,1646.0,0.07201402752447095,-0.09632185200368149,0.0872,25.27,77.5,,,,,,
2026-07-30T19:31:40.619732+00:00,S021,mounted,true,healthy,none,1500,healthy_horizontal_no_load_1500rpm,941716,1543,277,1382,1832,6,0,1108013,9,240,74,3,2,1655,1494,1216,63,129,1641,16383,1660,1648,1641173,800,2023,2079,525269,11955,8,382543,1496,52289,649,941618062,941717294,0,941717368,941717882,3366866341,17865259,0.0872,1646.0,0.07476772873274751,-0.018551402007528583,0.0872,25.27,77.5,,,,,,
2026-07-30T19:31:40.713566+00:00,S021,mounted,true,healthy,none,1500,healthy_horizontal_no_load_1500rpm,941816,1574,277,1352,1793,1,0,1108076,9,240,73,2,3,1655,1495,1213,63,129,1632,16383,1660,1647,1640380,800,2017,2153,525231,11957,8,382548,1496,52290,649,941718285,941817359,0,941817433,941817947,3363626562,17871233,0.0872,1646.0,0.19748217939282364,-0.029112087396504283,0.0872,25.55,78.0,,,,,,
2026-07-30T19:31:40.805923+00:00,S021,mounted,true,healthy,none,1500,healthy_horizontal_no_load_1500rpm,941917,1597,280,1334,1772,3,0,1108141,9,240,74,1,3,1655,1495,1230,67,139,1633,16383,1659,1649,1657816,808,1995,2127,525303,11957,8,382552,1496,52291,649,941818350,941918042,0,941918056,941918571,3401497926,17871233,0.0872,1646.0,0.15416268721251125,-0.06576704231830766,0.0872,25.52,77.9,,,,,,
2026-07-30T19:31:40.899256+00:00,S021,mounted,true,healthy,none,1500,healthy_horizontal_no_load_1500rpm,942017,1575,283,1359,1809,5,0,1108203,9,240,75,7,3,1655,1495,1222,64,139,1634,16383,1659,1649,1641131,800,1977,2077,525314,11958,8,382558,1496,52292,649,941918974,942018144,0,942018154,942018668,3366697547,17874222,0.0872,1646.0,0.07056657852483683,-0.09603291971901662,0.0872,25.49,77.9,,,,,,
2026-07-30T19:31:40.993626+00:00,S021,mounted,true,healthy,none,1500,healthy_horizontal_no_load_1500rpm,942117,1491,277,1435,1900,5,0,1108263,9,240,74,4,2,1655,1494,1214,64,139,1633,16383,1658,1648,1640221,800,1923,2079,525269,11951,8,382551,1496,52293,649,942019070,942118315,0,942118325,942118840,3362981377,17853305,0.0872,1646.0,0.07592728784202141,-0.18412015655593716,0.0872,25.52,77.9,,,,,,
2026-07-30T19:31:41.134161+00:00,S021,mounted,true,healthy,none,1500,healthy_horizontal_no_load_1500rpm,942217,1473,275,1453,1920,1,0,1108322,9,240,74,1,3,1655,1495,1233,66,154,1644,16383,1658,1645,1640332,800,2023,2135,525201,11956,8,382553,1496,52294,649,942119242,942218351,0,942218360,942218875,3363423336,17868244,0.0872,1646.0,0.16778928571428553,-0.01883336533957891,0.0872,25.18,77.3,,,,,,
2026-07-30T19:31:41.228583+00:00,S021,mounted,true,healthy,none,1500,healthy_horizontal_no_load_1500rpm,942317,1495,275,1428,1889,1,0,1108382,9,240,74,1,3,1655,1494,1248,66,154,1634,16383,1659,1651,1640770,800,1955,2111,525242,11954,8,382552,1496,52295,649,942219277,942318426,0,942318436,942318951,3365224418,17862268,0.0872,1646.0,0.12838722419273818,-0.1315949581729967,0.0872,25.49,77.9,,,,,,
2026-07-30T19:31:41.321854+00:00,S021,mounted,true,healthy,none,1500,healthy_horizontal_no_load_1500rpm,942418,1508,275,1417,1874,5,0,1108443,9,240,74,0,3,1655,1494,1217,64,149,1629,16383,1660,1651,1657894,808,1930,2079,525314,11954,8,382551,1496,52296,649,942319357,942419054,0,942419133,942419648,3401812404,17862266,0.0872,1646.0,0.07505754575874146,-0.17325876944955665,0.0872,25.64,78.1,,,,,,
2026-07-30T19:31:41.415108+00:00,S021,mounted,true,healthy,none,1500,healthy_horizontal_no_load_1500rpm,942518,1516,276,1408,1863,4,0,1108504,9,240,74,1,2,1655,1494,1238,64,146,1633,16383,1658,1649,1640438,800,2019,2161,525282,11954,8,382550,1496,52297,649,942420048,942519268,0,942519346,942519861,3363859692,17862268,0.0872,1646.0,0.21171484674585894,-0.02493560130500283,0.0872,25.52,77.9,,,,,,
2026-07-30T19:31:41.507259+00:00,S021,mounted,true,healthy,none,1500,healthy_horizontal_no_load_1500rpm,942618,1529,279,1394,1850,6,0,1108565,9,240,74,0,3,1655,1494,1248,64,146,1629,16383,1659,1647,1640585,800,1955,2081,525258,11955,8,382550,1496,52298,649,942520264,942619308,0,942619538,942620053,3364462953,17865257,0.0872,1646.0,0.07810055483061484,-0.13186748933500647,0.0872,25.64,78.1,,,,,,
2026-07-30T19:31:41.602959+00:00,S021,mounted,true,healthy,none,1500,healthy_horizontal_no_load_1500rpm,942719,1530,277,1395,1848,2,0,1108626,9,240,74,0,2,1655,1494,1221,63,140,1630,16383,1661,1649,1657609,808,2015,2170,525300,11955,8,382550,1496,52299,649,942620454,942720191,0,942720201,942720716,3400645735,17865257,0.0872,1646.0,0.22641131618569643,-0.03188270639899615,0.0872,25.61,78.1,,,,,,
2026-07-30T19:31:41.697330+00:00,S021,mounted,true,healthy,none,1500,healthy_horizontal_no_load_1500rpm,942819,1524,278,1400,1856,3,0,1108687,9,240,75,0,3,1655,1494,1240,61,128,1628,16383,1660,1647,1640793,800,2025,2179,525289,11953,8,382547,1496,52300,649,942721116,942820221,0,942820231,942820745,3365321257,17859279,0.0872,1646.0,0.24201659892913874,-0.014653950054379639,0.0872,25.67,78.2,,,,,,
2026-07-30T19:31:41.835986+00:00,S021,mounted,true,healthy,none,1500,healthy_horizontal_no_load_1500rpm,942919,1516,276,1409,1865,1,0,1108748,9,240,74,0,3,1655,1494,1232,61,128,1625,16383,1660,1649,1640744,800,2019,2100,525305,11953,8,382544,1496,52301,649,942821146,942920293,0,942920303,942920818,3365106944,17859279,0.0872,1646.0,0.11034794068434683,-0.024654101313478005,0.0872,25.76,78.4,,,,,,
2026-07-30T19:31:41.930987+00:00,S021,mounted,true,healthy,none,1500,healthy_horizontal_no_load_1500rpm,943019,1519,276,1404,1859,5,0,1108809,9,240,74,1,2,1656,1495,1241,61,123,1622,16383,1660,1651,1640918,800,1857,2085,525324,11956,8,382547,1496,52302,649,942921222,943020324,0,943020334,943020849,3365867104,17868246,0.091,1646.0,0.08447560220809613,-0.2954347945801272,0.091,25.85,78.5,,,,,,
2026-07-30T19:31:42.025879+00:00,S021,mounted,true,healthy,none,1500,healthy_horizontal_no_load_1500rpm,943119,1526,276,1398,1850,4,0,1108870,9,240,73,1,2,1656,1494,1225,61,123,1629,16383,1661,1650,1640691,800,1919,2099,525314,11953,8,382544,1496,52303,649,943021255,943120342,0,943120352,943120867,3364914795,17859281,0.091,1646.0,0.10868124880783014,-0.19132328896511375,0.091,25.64,78.1,,,,,,
2026-07-30T19:31:42.119561+00:00,S021,mounted,true,healthy,none,1500,healthy_horizontal_no_load_1500rpm,943219,1530,275,1395,1845,6,0,1108931,9,240,74,0,2,1655,1494,1255,61,129,1630,16383,1659,1650,1640543,800,2021,2077,525303,11954,8,382543,1496,52304,649,943121269,943220384,0,943220393,943220907,3364279693,17862268,0.0872,1646.0,0.07172444085661667,-0.021602496402878035,0.0872,25.61,78.1,,,,,,
2026-07-30T19:31:42.213951+00:00,S021,mounted,true,healthy,none,1500,healthy_horizontal_no_load_1500rpm,943319,1541,277,1382,1832,3,0,1108993,9,240,73,2,2,1655,1494,1238,61,123,1634,16383,1658,1647,1640675,800,1975,2079,525286,11952,8,382539,1496,52305,649,943221308,943320423,0,943320433,943320948,3364829703,17856294,0.0872,1646.0,0.0756373253012046,-0.09771313253012082,0.0872,25.49,77.9,,,,,,
2026-07-30T19:31:42.306482+00:00,S021,mounted,true,healthy,none,1500,healthy_horizontal_no_load_1500rpm,943420,1573,278,1354,1797,4,0,1109056,9,240,74,1,3,1656,1495,1248,61,123,1630,16383,1663,1649,1657628,808,2013,2077,525315,11956,8,382542,1496,52306,649,943321351,943421047,0,943421121,943421636,3400707708,17868244,0.091,1646.0,0.07114541284710585,-0.03549610204081688,0.091,25.61,78.1,,,,,,
2026-07-30T19:31:42.401680+00:00,S021,mounted,true,healthy,none,1500,healthy_horizontal_no_load_1500rpm,943520,1580,278,1350,1791,3,0,1109119,9,240,74,1,2,1656,1495,1229,61,126,1633,16383,1661,1651,1642018,800,2016,2173,525396,11956,8,382545,1496,52307,649,943422038,943521120,0,943521194,943521708,3370364248,17868244,0.091,1646.0,0.23110768517898972,-0.030497281030445134,0.091,25.52,77.9,,,,,,
2026-07-30T19:31:42.495758+00:00,S021,mounted,true,healthy,none,1500,healthy_horizontal_no_load_1500rpm,943620,1558,276,1372,1815,4,0,1109182,9,240,74,2,3,1656,1494,1204,64,126,1631,16383,1661,1650,1640742,800,1998,2100,525325,11953,8,382542,1496,52308,649,943522111,943621199,0,943621273,943621788,3365103476,17859279,0.091,1646.0,0.11034794068434683,-0.0596546307203214,0.091,25.58,78.0,,,,,,
2026-07-30T19:31:42.636221+00:00,S021,mounted,true,healthy,none,1500,healthy_horizontal_no_load_1500rpm,943720,1538,277,1386,1837,2,0,1109244,9,240,73,0,3,1655,1495,1242,64,126,1628,16383,1658,1649,1640558,800,2023,2075,525281,11957,8,382547,1496,52309,649,943622191,943721241,0,943721319,943721834,3364345852,17871233,0.0872,1646.0,0.06752370285188558,-0.019115281508739645,0.0872,25.67,78.2,,,,,,
2026-07-30T19:31:42.730875+00:00,S021,mounted,true,healthy,none,1500,healthy_horizontal_no_load_1500rpm,943820,1536,275,1389,1837,3,0,1109305,9,240,73,2,3,1656,1494,1193,64,131,1629,16383,1658,1649,1640930,800,2015,2075,525325,11952,8,382542,1496,52310,649,943722235,943821318,0,943821392,943821907,3365868170,17856290,0.091,1646.0,0.06896999999999975,-0.031039879518072855,0.091,25.64,78.1,,,,,,
2026-07-30T19:31:42.825846+00:00,S021,mounted,true,healthy,none,1500,healthy_horizontal_no_load_1500rpm,943920,1571,278,1356,1799,4,0,1109368,9,240,74,1,2,1655,1495,1216,64,131,1625,16383,1660,1649,1640666,800,2019,2079,525288,11957,8,382547,1496,52311,649,943822309,943921363,0,943921437,943921952,3364791368,17871233,0.0872,1646.0,0.07418824011039549,-0.02577981876724955,0.0872,25.76,78.4,,,,,,
2026-07-30T19:31:42.920662+00:00,S021,mounted,true,healthy,none,1500,healthy_horizontal_no_load_1500rpm,944020,1582,281,1345,1789,3,0,1109431,9,240,74,0,2,1655,1494,1231,61,129,1626,16383,1659,1650,1640144,800,1837,2077,525255,11952,8,382542,1496,52312,649,943922359,944021447,0,944021521,944022036,3362708510,17856290,0.0872,1646.0,0.07230366265060217,-0.32773585542168693,0.0872,25.73,78.3,,,,,,
2026-07-30T19:31:43.014792+00:00,S021,mounted,true,healthy,none,1500,healthy_horizontal_no_load_1500rpm,944121,1560,281,1369,1819,4,0,1109494,9,240,74,3,3,1655,1494,1219,60,128,1626,16383,1660,1646,1657082,808,2009,2257,525270,11954,8,382542,1496,52313,649,944022436,944122217,0,944122226,944122741,3398529996,17862272,0.0872,1646.0,0.37170388204785,-0.041601125815626805,0.0872,25.73,78.3,,,,,,
2026-07-30T19:31:43.108286+00:00,S021,mounted,true,healthy,none,1500,healthy_horizontal_no_load_1500rpm,944221,1526,274,1405,1855,6,0,1109555,9,240,74,1,3,1655,1495,1211,60,128,1630,16383,1660,1649,1640709,800,1970,2079,525281,11958,8,382549,1496,52314,649,944123143,944222250,0,944222259,944222773,3364966881,17874222,0.0872,1646.0,0.07389856848971332,-0.10769488459608656,0.0872,25.61,78.1,,,,,,
2026-07-30T19:31:43.200941+00:00,S021,mounted,true,healthy,none,1500,healthy_horizontal_no_load_1500rpm,944321,1518,278,1406,1864,2,0,1109616,9,240,74,0,3,1655,1494,1245,61,126,1629,16383,1658,1650,1640578,800,1993,2089,525280,11955,8,382549,1496,52315,649,944223176,944322365,0,944322374,944322890,3364426896,17865259,0.0872,1646.0,0.09143185922208241,-0.0685437934755333,0.0872,25.64,78.1,,,,,,
2026-07-30T19:31:43.340986+00:00,S021,mounted,true,healthy,none,1500,healthy_horizontal_no_load_1500rpm,944421,1538,278,1386,1838,1,0,1109678,9,240,73,1,2,1655,1494,1203,61,125,1634,16383,1660,1650,1640498,800,1957,2129,525304,11954,8,382548,1496,52316,649,944323290,944422388,0,944422402,944422917,3364108690,17862268,0.0872,1646.0,0.15838516831186178,-0.12826185327087192,0.0872,25.49,77.9,,,,,,
2026-07-30T19:31:43.435253+00:00,S021,mounted,true,healthy,none,1500,healthy_horizontal_no_load_1500rpm,944521,1546,279,1379,1830,4,0,1109740,9,240,74,0,3,1655,1494,1187,61,125,1631,16383,1660,1651,1640936,800,2019,2253,525310,11952,8,382543,1496,52317,649,944423320,944522434,0,944522448,944522963,3365931972,17856292,0.0872,1646.0,0.36566597590361427,-0.024372554216868014,0.0872,25.58,78.0,,,,,,
2026-07-30T19:31:43.526571+00:00,S021,mounted,true,healthy,none,1500,healthy_horizontal_no_load_1500rpm,944622,1534,278,1393,1846,6,0,1109801,9,240,74,2,3,1655,1494,1200,61,123,1627,16383,1660,1650,1657093,808,2011,2075,525296,11955,8,382544,1496,52318,649,944523363,944623069,0,944623143,944623658,3398514293,17865255,0.0872,1646.0,0.06810207653701328,-0.03854835859473038,0.0872,25.7,78.3,,,,,,
2026-07-30T19:31:43.640040+00:00,S021,mounted,true,healthy,none,1500,healthy_horizontal_no_load_1500rpm,944722,1507,277,1416,1876,2,0,1109862,9,240,74,0,3,1655,1494,1180,61,123,1636,16383,1660,1648,1640738,800,2024,2135,525269,11953,8,382541,1496,52319,649,944624060,944723159,0,944723233,944723748,3365087584,17859281,0.0872,1646.0,0.168682156362419,-0.016320641930895885,0.0872,25.43,77.8,,,,,,
2026-07-30T19:31:43.731591+00:00,S021,mounted,true,healthy,none,1500,healthy_horizontal_no_load_1500rpm,944822,1501,274,1422,1879,2,0,1109922,9,240,73,1,3,1655,1494,1209,62,122,1637,16383,1658,1650,1640347,800,2003,2219,525187,11954,8,382541,1496,52320,649,944724153,944823237,0,944823311,944823826,3363508761,17862268,0.0872,1646.0,0.30837488890747844,-0.05160044052200119,0.0872,25.4,77.7,,,,,,
2026-07-30T19:31:43.822126+00:00,S021,mounted,true,healthy,none,1500,healthy_horizontal_no_load_1500rpm,944922,1500,275,1423,1881,2,0,1109982,9,240,73,1,3,1655,1494,1188,63,132,1631,16383,1659,1645,1640107,800,2003,2075,525149,11954,8,382541,1496,52321,649,944824229,944923280,0,944923354,944923869,3362500301,17862268,0.0872,1646.0,0.06839133595449187,-0.05160044052200119,0.0872,25.58,78.0,,,,,,
2026-07-30T19:31:43.914996+00:00,S021,mounted,true,healthy,none,1500,healthy_horizontal_no_load_1500rpm,945022,1498,273,1424,1880,2,0,1110042,9,240,73,1,3,1655,1495,1221,63,132,1636,16383,1659,1648,1640179,800,2011,2079,525100,11957,8,382546,1496,52322,649,944924271,945023326,0,945023400,945023915,3362789021,17871233,0.0872,1646.0,0.07418824011039549,-0.03910889328426892,0.0872,25.43,77.8,,,,,,
2026-07-30T19:31:44.008937+00:00,S021,mounted,true,healthy,none,1500,healthy_horizontal_no_load_1500rpm,945122,1499,275,1426,1885,2,0,1110102,9,240,73,0,2,1655,1494,1222,63,135,1630,16383,1660,1649,1640959,800,2023,2228,525162,11955,8,382546,1496,52323,649,945024317,945123364,0,945123438,945123953,3366038841,17865259,0.0872,1646.0,0.32306327302383897,-0.018551402007528583,0.0872,25.61,78.1,,,,,,
2026-07-30T19:31:44.102417+00:00,S021,mounted,true,healthy,none,1500,healthy_horizontal_no_load_1500rpm,945222,1499,275,1424,1884,2,0,1110162,9,240,73,1,3,1655,1494,1205,62,134,1627,16383,1659,1647,1640354,800,1919,2187,525119,11954,8,382545,1496,52324,649,945124357,945223418,0,945223492,945224007,3363546460,17862266,0.0872,1646.0,0.2550452104734813,-0.19159084641124302,0.0872,25.7,78.3,,,,,,
2026-07-30T19:31:44.243704+00:00,S021,mounted,true,healthy,none,1500,healthy_horizontal_no_load_1500rpm,945323,1498,276,1425,1887,2,0,1110222,9,240,74,0,3,1655,1494,1196,62,134,1638,16383,1659,1648,1656871,808,1993,2177,525084,11952,8,382540,1496,52325,649,945224409,945324087,0,945324097,945324612,3397626509,17856292,0.0872,1646.0,0.2389867951807223,-0.06771016867469903,0.0872,25.36,77.7,,,,,,
2026-07-30T19:31:44.337156+00:00,S021,mounted,true,healthy,none,1500,healthy_horizontal_no_load_1500rpm,945423,1504,276,1418,1878,3,0,1110283,9,240,74,0,3,1655,1494,1198,60,126,1628,16383,1660,1646,1640305,800,2011,2085,525081,11952,8,382536,1496,52326,649,945325012,945424136,0,945424150,945424665,3363313775,17856290,0.0872,1646.0,0.08563831325301186,-0.03770720481927725,0.0872,25.67,78.2,,,,,,
2026-07-30T19:31:44.429742+00:00,S021,mounted,true,healthy,none,1500,healthy_horizontal_no_load_1500rpm,945523,1513,276,1411,1867,3,0,1110343,9,240,73,0,3,1655,1494,1232,60,126,1635,16383,1659,1649,1639928,800,2023,2077,525030,11953,8,382534,1496,52327,649,945425066,945524155,0,945524165,945524680,3361760688,17859281,0.0872,1646.0,0.07201402752447095,-0.017987333807412575,0.0872,25.46,77.8,,,,,,
2026-07-30T19:31:44.524638+00:00,S021,mounted,true,healthy,none,1500,healthy_horizontal_no_load_1500rpm,945623,1517,275,1409,1862,1,0,1110404,9,240,73,2,3,1655,1494,1222,61,128,1636,16383,1660,1650,1640669,800,2009,2081,525099,11952,8,382530,1496,52328,649,945525084,945624223,0,945624232,945624747,3364801393,17856290,0.0872,1646.0,0.07897098795180701,-0.04104086746987967,0.0872,25.43,77.8,,,,,,
2026-07-30T19:31:44.617496+00:00,S021,mounted,true,healthy,none,1500,healthy_horizontal_no_load_1500rpm,945723,1570,277,1356,1798,4,0,1110466,9,240,74,2,3,1655,1494,1238,61,129,1632,16383,1660,1650,1641785,800,2010,2190,525260,11954,8,382530,1496,52329,649,945625150,945724248,0,945724258,945724774,3369400017,17862268,0.0872,1646.0,0.2600448678266689,-0.03993457336456396,0.0872,25.55,78.0,,,,,,
2026-07-30T19:31:44.710032+00:00,S021,mounted,true,healthy,none,1500,healthy_horizontal_no_load_1500rpm,945823,1592,278,1338,1775,1,0,1110530,9,240,73,1,3,1656,1494,1222,61,129,1633,16383,1660,1648,1641459,800,2011,2083,525324,11951,8,382524,1496,52330,649,945725176,945824273,0,945824283,945824798,3368036701,17853307,0.091,1646.0,0.08259517103171232,-0.037426726382729925,0.091,25.52,77.9,,,,,,
2026-07-30T19:31:44.849075+00:00,S021,mounted,true,healthy,none,1500,healthy_horizontal_no_load_1500rpm,945923,1588,279,1344,1784,2,0,1110594,9,240,74,2,3,1655,1494,1243,61,122,1627,16383,1660,1644,1640336,800,2018,2114,525249,11955,8,382526,1496,52331,649,945825204,945924322,0,945924336,945924851,3363439642,17865255,0.0872,1646.0,0.13309218544542034,-0.026883467252195814,0.0872,25.7,78.3,,,,,,
2026-07-30T19:31:44.942944+00:00,S021,mounted,true,healthy,none,1500,healthy_horizontal_no_load_1500rpm,946023,1560,276,1373,1816,1,0,1110656,9,240,74,2,3,1655,1494,1213,58,119,1635,16383,1659,1648,1639631,800,1971,2177,525142,11954,8,382526,1496,52332,649,945925254,946024349,0,946024358,946024873,3360567637,17862268,0.0872,1646.0,0.2383796859628573,-0.10493011895599791,0.0872,25.46,77.8,,,,,,
2026-07-30T19:31:45.037432+00:00,S021,mounted,true,healthy,none,1500,healthy_horizontal_no_load_1500rpm,946123,1552,278,1375,1823,4,0,1110718,9,240,74,0,3,1655,1494,1206,58,119,1635,16383,1660,1649,1640765,800,1987,2087,525174,11955,8,382528,1496,52333,649,946025276,946124398,0,946124408,946124922,3365195425,17865259,0.0872,1646.0,0.08809903312421552,-0.07854227176913486,0.0872,25.46,77.8,,,,,,
2026-07-30T19:31:45.129964+00:00,S021,mounted,true,healthy,none,1500,healthy_horizontal_no_load_1500rpm,946224,1549,278,1378,1827,3,0,1110781,9,240,74,0,2,1655,1494,1237,57,127,1632,16383,1661,1648,1657136,808,1855,2107,525224,11954,8,382528,1496,52334,649,946125322,946224980,0,946225054,946225569,3398735810,17862266,0.0872,1646.0,0.12172101438848859,-0.2982502032792369,0.0872,25.55,78.0,,,,,,
2026-07-30T19:31:45.224973+00:00,S021,mounted,true,healthy,none,1500,healthy_horizontal_no_load_1500rpm,946324,1549,278,1378,1827,5,0,1110843,9,240,73,0,3,1655,1494,1234,57,127,1630,16383,1658,1647,1640712,800,2021,2149,525215,11954,8,382528,1496,52335,649,946225970,946325099,0,946325173,946325688,3364984124,17862268,0.0872,1646.0,0.19171621733311017,-0.021602496402878035,0.0872,25.61,78.1,,,,,,
2026-07-30T19:31:45.318180+00:00,S021,mounted,true,healthy,none,1500,healthy_horizontal_no_load_1500rpm,946424,1545,278,1383,1834,6,0,1110905,9,240,74,3,3,1655,1495,1238,61,130,1630,16383,1660,1649,1639954,800,1905,2183,525125,11957,8,382534,1496,52336,649,946326092,946425321,0,946425400,946425915,3361919298,17871233,0.0872,1646.0,0.24746620883164638,-0.215719130634775,0.0872,25.61,78.1,,,,,,
2026-07-30T19:31:45.412376+00:00,S021,mounted,true,healthy,none,1500,healthy_horizontal_no_load_1500rpm,946525,1498,276,1429,1891,6,0,1110965,9,240,74,2,3,1655,1495,1255,61,125,1628,16383,1660,1648,1640157,800,2007,2081,525085,11956,8,382537,1496,52337,649,946426317,946525560,0,946525634,946526148,3362703471,17868244,0.0872,1646.0,0.07781050752760077,-0.04549374406155948,0.0872,25.67,78.2,,,,,,
2026-07-30T19:31:45.508102+00:00,S021,mounted,true,healthy,none,1500,healthy_horizontal_no_load_1500rpm,946625,1486,276,1437,1902,6,0,1111025,9,240,74,1,3,1655,1494,1219,61,125,1626,16383,1658,1647,1656726,808,2015,2153,525062,11955,8,382538,1496,52338,649,946526551,946626092,0,946626102,946626617,3397021846,17865259,0.0872,1646.0,0.19808229435382652,-0.03188270639899615,0.0872,25.73,78.3,,,,,,
2026-07-30T19:31:45.646505+00:00,S021,mounted,true,healthy,none,1500,healthy_horizontal_no_load_1500rpm,946725,1532,276,1390,1841,2,0,1111086,9,240,73,4,3,1655,1494,1229,58,122,1628,16383,1660,1647,1640992,800,2021,2079,525117,11952,8,382534,1496,52339,649,946627023,946726240,0,946726254,946726769,3366123036,17856292,0.0872,1646.0,0.0756373253012046,-0.021038891566265594,0.0872,25.67,78.2,,,,,,
2026-07-30T19:31:45.738556+00:00,S021,mounted,true,healthy,none,1500,healthy_horizontal_no_load_1500rpm,946825,1562,278,1362,1807,1,0,1111148,9,240,73,2,2,1655,1495,1247,59,121,1622,16383,1660,1648,1640684,800,2009,2079,525117,11958,8,382541,1496,52340,649,946727172,946826283,0,946826293,946826808,3364862832,17874222,0.0872,1646.0,0.07389856848971332,-0.042721080280983426,0.0872,25.85,78.5,,,,,,
2026-07-30T19:31:45.832732+00:00,S021,mounted,true,healthy,none,1500,healthy_horizontal_no_load_1500rpm,946925,1578,279,1351,1793,6,0,1111211,9,240,74,0,3,1655,1494,1206,59,121,1625,16383,1659,1649,1640044,800,2021,2074,525062,11955,8,382542,1496,52341,649,946827214,946926360,0,946926370,946926885,3362234908,17865255,0.0872,1646.0,0.06643566348807983,-0.021884228105395476,0.0872,25.76,78.4,,,,,,
2026-07-30T19:31:45.925461+00:00,S021,mounted,true,healthy,none,1500,healthy_horizontal_no_load_1500rpm,947025,1567,277,1364,1807,1,0,1111274,9,240,74,1,2,1655,1494,1251,57,120,1637,16383,1661,1649,1640133,800,1989,2094,525027,11955,8,382543,1496,52342,649,946927285,947026382,0,947026392,947026907,3362607041,17865255,0.0872,1646.0,0.09976392446675009,-0.07520944567126753,0.0872,25.4,77.7,,,,,,
2026-07-30T19:31:46.017511+00:00,S021,mounted,true,healthy,none,1500,healthy_horizontal_no_load_1500rpm,947125,1552,277,1375,1822,4,0,1111336,9,240,74,0,3,1655,1494,1213,57,120,1635,16383,1659,1649,1640414,800,2013,2073,525052,11952,8,382539,1496,52343,649,947027313,947126423,0,947126432,947126946,3363746802,17856290,0.0872,1646.0,0.06563633734939733,-0.03437354216867483,0.0872,25.46,77.8,,,,,,
2026-07-30T19:31:46.110374+00:00,S021,mounted,true,healthy,none,1500,healthy_horizontal_no_load_1500rpm,947226,1539,277,1388,1839,2,0,1111398,9,240,74,1,2,1655,1494,1237,60,120,1628,16383,1660,1650,1657127,808,2017,2173,525063,11955,8,382540,1496,52344,649,947127347,947226973,0,947227047,947227562,3398673775,17865257,0.0872,1646.0,0.23141055533249633,-0.02854988030112926,0.0872,25.67,78.2,,,,,,
2026-07-30T19:31:46.251266+00:00,S021,mounted,true,healthy,none,1500,healthy_horizontal_no_load_1500rpm,947326,1524,278,1399,1856,1,0,1111460,9,240,74,1,3,1655,1494,1232,61,130,1644,16383,1659,1650,1640292,800,1997,2079,525073,11955,8,382541,1496,52345,649,947227965,947327056,0,947327135,947327650,3363253030,17865255,0.0872,1646.0,0.07476772873274751,-0.061878141279799515,0.0872,25.18,77.3,,,,,,
2026-07-30T19:31:46.343910+00:00,S021,mounted,true,healthy,none,1500,healthy_horizontal_no_load_1500rpm,947426,1516,276,1408,1864,1,0,1111520,9,240,73,1,3,1655,1494,1255,61,130,1632,16383,1659,1646,1640584,800,1973,2077,525083,11952,8,382537,1496,52346,649,947328052,947427111,0,947427185,947427699,3364453810,17856294,0.0872,1646.0,0.07230366265060217,-0.10104679518072324,0.0872,25.55,78.0,,,,,,
2026-07-30T19:31:46.436801+00:00,S021,mounted,true,healthy,none,1500,healthy_horizontal_no_load_1500rpm,947526,1551,276,1372,1818,4,0,1111582,9,240,73,4,3,1655,1494,1206,62,135,1636,16383,1659,1649,1640499,800,1910,2079,525083,11950,8,382529,1496,52347,649,947428102,947527227,0,947527301,947527815,3364119767,17850324,0.0872,1646.0,0.07621729891213347,-0.20552434058577385,0.0872,25.43,77.8,,,,,,
2026-07-30T19:31:46.529084+00:00,S021,mounted,true,healthy,none,1500,healthy_horizontal_no_load_1500rpm,947626,1589,279,1340,1780,1,0,1111646,9,240,74,1,3,1655,1494,1243,60,125,1635,16383,1659,1649,1639995,800,1837,2077,525031,11954,8,382529,1496,52348,649,947528217,947627279,0,947627358,947627873,3362078963,17862268,0.0872,1646.0,0.07172444085661667,-0.3282481473983605,0.0872,25.46,77.8,,,,,,
2026-07-30T19:31:46.623982+00:00,S021,mounted,true,healthy,none,1500,healthy_horizontal_no_load_1500rpm,947726,1588,279,1345,1785,2,0,1111710,9,240,74,3,3,1655,1494,1197,60,125,1633,16383,1659,1648,1640546,800,2015,2257,525074,11955,8,382530,1496,52349,649,947628275,947727504,0,947727582,947728098,3364335604,17865257,0.0872,1646.0,0.3713892514429107,-0.03188270639899615,0.0872,25.52,77.9,,,,,,
2026-07-30T19:31:46.719517+00:00,S021,mounted,true,healthy,none,1500,healthy_horizontal_no_load_1500rpm,947827,1557,279,1371,1819,1,0,1111772,9,240,74,2,3,1655,1494,1223,60,123,1637,16383,1659,1649,1656526,808,2011,2083,525046,11953,8,382528,1496,52350,649,947728500,947828075,0,947828085,947828600,3396192246,17859279,0.0872,1646.0,0.08201417878356887,-0.037987636325608864,0.0872,25.4,77.7,,,,,,
2026-07-30T19:31:46.858698+00:00,S021,mounted,true,healthy,none,1500,healthy_horizontal_no_load_1500rpm,947927,1539,278,1387,1839,4,0,1111834,9,240,74,0,2,1655,1494,1208,60,123,1634,16383,1657,1650,1640169,800,1945,2074,525051,11955,8,382530,1496,52351,649,947829002,947928153,0,947928163,947928678,3362764383,17865255,0.0872,1646.0,0.06643566348807983,-0.14853161982434182,0.0872,25.49,77.9,,,,,,
2026-07-30T19:31:46.953717+00:00,S021,mounted,true,healthy,none,1500,healthy_horizontal_no_load_1500rpm,948027,1540,276,1385,1834,2,0,1111896,9,240,73,0,2,1655,1495,1245,60,121,1634,16383,1659,1648,1640437,800,2025,2073,525068,11956,8,382533,1496,52352,649,947929082,948028185,0,948028199,948028714,3363844915,17868246,0.0872,1646.0,0.06448031816661048,-0.015500817999331229,0.0872,25.49,77.9,,,,,,
2026-07-30T19:31:47.045036+00:00,S021,mounted,true,healthy,none,1500,healthy_horizontal_no_load_1500rpm,948127,1546,277,1380,1829,1,0,1111958,9,240,74,0,3,1655,1494,1203,60,119,1630,16383,1659,1647,1640261,800,1982,2115,525059,11955,8,382534,1496,52353,649,948029114,948128254,0,948128268,948128783,3363137391,17865255,0.0872,1646.0,0.1347585984943538,-0.0868743370138021,0.0872,25.61,78.1,,,,,,
2026-07-30T19:31:47.139911+00:00,S021,mounted,true,healthy,none,1500,healthy_horizontal_no_load_1500rpm,948227,1549,276,1379,1825,4,0,1112020,9,240,74,0,2,1655,1494,1232,60,119,1634,16383,1658,1647,1639805,800,1962,2077,525037,11954,8,382534,1496,52354,649,948129184,948228298,0,948228313,948228828,3361267267,17862268,0.0872,1646.0,0.07172444085661667,-0.11992909101555993,0.0872,25.49,77.9,,,,,,
2026-07-30T19:31:47.232664+00:00,S021,mounted,true,healthy,none,1500,healthy_horizontal_no_load_1500rpm,948328,1531,277,1397,1850,6,0,1112081,9,240,74,1,3,1655,1495,1200,63,131,1630,16383,1662,1648,1656684,808,2025,2158,525064,11956,8,382537,1496,52355,649,948229228,948328962,0,948329036,948329551,3396854632,17868246,0.0872,1646.0,0.20611358012713277,-0.015500817999331229,0.0872,25.61,78.1,,,,,,
2026-07-30T19:31:47.325317+00:00,S021,mounted,true,healthy,none,1500,healthy_horizontal_no_load_1500rpm,948428,1519,276,1406,1861,2,0,1112142,9,240,74,0,2,1655,1494,1195,61,131,1631,16383,1658,1648,1639837,800,1999,2118,525009,11954,8,382537,1496,52356,649,948329954,948429158,0,948429232,948429750,3361398507,17862268,0.0872,1646.0,0.1400530913501754,-0.05826665032625078,0.0872,25.58,78.0,,,,,,
2026-07-30T19:31:47.419904+00:00,S021,mounted,true,healthy,none,1500,healthy_horizontal_no_load_1500rpm,948528,1516,277,1407,1865,3,0,1112203,9,240,74,0,3,1655,1494,1202,61,131,1634,16383,1660,1647,1640032,800,1989,2141,525037,11952,8,382533,1496,52357,649,948430151,948529247,0,948529321,948529836,3362195410,17856292,0.0872,1646.0,0.17898086746987962,-0.07437749397590432,0.0872,25.49,77.9,,,,,,
2026-07-30T19:31:47.560609+00:00,S021,mounted,true,healthy,none,1500,healthy_horizontal_no_load_1500rpm,948628,1516,276,1409,1865,1,0,1112264,9,240,74,1,3,1655,1494,1180,62,130,1632,16383,1659,1650,1640220,800,2019,2078,525052,11955,8,382534,1496,52358,649,948530240,948629318,0,948629396,948629911,3362958230,17865255,0.0872,1646.0,0.07310131568381406,-0.025217054203262812,0.0872,25.55,78.0,,,,,,
2026-07-30T19:31:47.654280+00:00,S021,mounted,true,healthy,none,1500,healthy_horizontal_no_load_1500rpm,948728,1516,274,1407,1860,1,0,1112324,9,240,74,0,2,1655,1494,1204,62,130,1630,16383,1660,1647,1639928,800,2011,2157,525048,11953,8,382532,1496,52359,649,948630314,948729394,0,948729468,948729982,3361776432,17859281,0.0872,1646.0,0.2053493776457791,-0.037987636325608864,0.0872,25.61,78.1,,,,,,
2026-07-30T19:31:47.747649+00:00,S021,mounted,true,healthy,none,1500,healthy_horizontal_no_load_1500rpm,948829,1507,277,1418,1878,5,0,1112385,9,240,74,1,2,1655,1494,1219,62,136,1630,16383,1663,1650,1656658,808,1999,2127,525056,11955,8,382533,1496,52360,649,948730384,948830037,0,948830047,948830561,3396741092,17865255,0.0872,1646.0,0.15475555508155558,-0.05854531518193262,0.0872,25.61,78.1,,,,,,
2026-07-30T19:31:47.842522+00:00,S021,mounted,true,healthy,none,1500,healthy_horizontal_no_load_1500rpm,948929,1501,278,1421,1884,5,0,1112445,9,240,74,0,3,1655,1494,1187,67,138,1630,16383,1657,1646,1639802,800,2020,2217,525032,11950,8,382525,1496,52361,649,948830964,948930087,0,948930097,948930611,3361272512,17850314,0.0872,1646.0,0.30627851933054373,-0.022142208368201466,0.0872,25.61,78.1,,,,,,
2026-07-30T19:31:47.937016+00:00,S021,mounted,true,healthy,none,1500,healthy_horizontal_no_load_1500rpm,949029,1500,275,1422,1881,5,0,1112505,9,240,74,1,3,1655,1495,1192,67,138,1628,16383,1659,1649,1639775,800,2017,2107,525013,11958,8,382533,1496,52362,649,948931012,949030118,0,949030127,949030646,3361133777,17874224,0.0872,1646.0,0.12054642799799264,-0.029393120421475682,0.0872,25.67,78.2,,,,,,
2026-07-30T19:31:48.031049+00:00,S021,mounted,true,healthy,none,1500,healthy_horizontal_no_load_1500rpm,949129,1510,275,1415,1871,4,0,1112566,9,240,73,1,2,1654,1495,1192,66,145,1628,16383,1658,1644,1638741,800,1919,2075,524884,11957,8,382538,1496,52363,649,949031049,949130169,0,949130179,949130694,3356925117,17871233,0.0834,1646.0,0.06752370285188558,-0.192393250229991,0.0834,25.67,78.2,,,,,,
2026-07-30T19:31:48.121794+00:00,S021,mounted,true,healthy,none,1500,healthy_horizontal_no_load_1500rpm,949229,1514,276,1410,1866,4,0,1112626,9,240,73,0,3,1654,1494,1216,64,144,1630,16383,1659,1649,1639937,800,1927,2079,524926,11953,8,382536,1496,52364,649,949131096,949230220,0,949230229,949230744,3361810671,17859281,0.0834,1646.0,0.075347411277503,-0.1779897539529829,0.0834,25.61,78.1,,,,,,
2026-07-30T19:31:48.261467+00:00,S021,mounted,true,healthy,none,1500,healthy_horizontal_no_load_1500rpm,949329,1535,277,1384,1835,2,0,1112688,9,240,73,5,3,1655,1495,1221,64,144,1631,16383,1658,1646,1640301,800,1943,2081,525000,11956,8,382539,1496,52365,649,949231144,949330253,0,949330262,949330777,3363295521,17868244,0.0872,1646.0,0.07781050752760077,-0.15213525894948177,0.0872,25.58,78.0,,,,,,
2026-07-30T19:31:48.322859+00:00,S021,mounted,true,healthy,none,1500,healthy_horizontal_no_load_1500rpm,949429,1584,280,1344,1786,5,0,1112751,9,240,74,1,3,1655,1494,1209,63,134,1631,16383,1661,1648,1640497,800,2021,2078,525060,11953,8,382537,1496,52366,649,949331184,949430284,0,949430293,949430808,3364093979,17859279,0.0872,1646.0,0.07368071940098675,-0.02132071756044507,0.0872,25.58,78.0,,,,,,
2026-07-30T19:31:48.463595+00:00,S021,mounted,true,healthy,none,1500,healthy_horizontal_no_load_1500rpm,949529,1596,279,1337,1774,3,0,1112815,9,240,74,1,2,1655,1494,1209,63,134,1634,16383,1659,1647,1640654,800,2013,2227,525074,11953,8,382535,1496,52367,649,949431215,949530324,0,949530333,949530848,3364768752,17859279,0.0872,1646.0,0.32201780900192434,-0.03465425257257637,0.0872,25.49,77.9,,,,,,
2026-07-30T19:31:48.557172+00:00,S021,mounted,true,healthy,none,1500,healthy_horizontal_no_load_1500rpm,949629,1577,280,1353,1797,4,0,1112878,9,240,74,2,3,1655,1495,1201,62,127,1633,16383,1659,1650,1640005,800,2019,2075,525060,11956,8,382538,1496,52368,649,949531254,949630374,0,949630384,949630899,3362077595,17868246,0.0872,1646.0,0.06781286550685817,-0.025498460020073832,0.0872,25.52,77.9,,,,,,
2026-07-30T19:31:48.651478+00:00,S021,mounted,true,healthy,none,1500,healthy_horizontal_no_load_1500rpm,949729,1556,276,1374,1818,3,0,1112941,9,240,74,1,2,1655,1494,1229,61,121,1625,16383,1660,1650,1639962,800,2027,2167,525038,11952,8,382534,1496,52369,649,949631301,949730420,0,949730434,949730949,3361907948,17856292,0.0872,1646.0,0.22231848192771064,-0.011037903614457889,0.0872,25.76,78.4,,,,,,
2026-07-30T19:31:48.732224+00:00,S021,mounted,true,healthy,none,1500,healthy_horizontal_no_load_1500rpm,949830,1550,279,1378,1828,5,0,1113003,9,240,74,1,2,1655,1494,1237,61,121,1630,16383,1657,1650,1656199,808,2013,2083,525025,11954,8,382534,1496,52370,649,949731352,949831064,0,949831138,949831653,3394848405,17862268,0.0872,1646.0,0.0817237555629915,-0.034934916011377215,0.0872,25.61,78.1,,,,,,
2026-07-30T19:31:48.838740+00:00,S021,mounted,true,healthy,none,1500,healthy_horizontal_no_load_1500rpm,949930,1525,275,1402,1854,4,0,1113064,9,240,74,1,2,1655,1495,1246,58,117,1634,16383,1661,1647,1640194,800,2025,2220,525026,11957,8,382539,1496,52371,649,949832060,949931280,0,949931354,949931869,3362901472,17871233,0.0872,1646.0,0.30911317847286046,-0.01578301287948536,0.0872,25.49,77.9,,,,,,
2026-07-30T19:31:48.931417+00:00,S021,mounted,true,healthy,none,1500,healthy_horizontal_no_load_1500rpm,950030,1516,278,1406,1865,6,0,1113125,9,240,74,0,2,1655,1494,1201,58,118,1632,16383,1657,1650,1639806,800,2003,2094,525013,11953,8,382537,1496,52372,649,949932276,950031324,0,950031553,950032068,3361260558,17859279,0.0872,1646.0,0.10034778942524847,-0.051321171337739724,0.0872,25.55,78.0,,,,,,
2026-07-30T19:31:49.024639+00:00,S021,mounted,true,healthy,none,1500,healthy_horizontal_no_load_1500rpm,950131,1502,274,1427,1884,6,0,1113185,9,240,74,2,3,1654,1494,1215,58,118,1627,16383,1660,1650,1656291,808,1997,2182,524982,11954,8,382537,1496,52373,649,950032472,950132080,0,950132089,950132604,3395251143,17862270,0.0834,1646.0,0.24671244821816973,-0.06159975522837602,0.0834,25.7,78.3,,,,,,
2026-07-30T19:31:49.151806+00:00,S021,mounted,true,healthy,none,1500,healthy_horizontal_no_load_1500rpm,950231,1486,276,1438,1902,6,0,1113245,9,240,73,1,2,1654,1495,1230,55,113,1626,16383,1657,1649,1639386,800,2014,2079,524949,11956,8,382540,1496,52374,649,950133006,950232283,0,950232293,950232808,3359541820,17868244,0.0834,1646.0,0.07447796018735353,-0.033829828370692816,0.0834,25.73,78.3,,,,,,
2026-07-30T19:31:49.264868+00:00,S021,mounted,true,healthy,none,1500,healthy_horizontal_no_load_1500rpm,950332,1489,275,1432,1894,6,0,1113305,9,240,73,2,3,1654,1494,1242,55,113,1629,16383,1659,1643,1655484,808,1957,2081,524833,11952,8,382536,1496,52375,649,950233210,950332812,0,950332886,950333401,3391929524,17856292,0.0834,1646.0,0.07897098795180701,-0.12771609638554215,0.0834,25.64,78.1,,,,,,
2026-07-30T19:31:49.352994+00:00,S021,mounted,true,healthy,none,1500,healthy_horizontal_no_load_1500rpm,950432,1529,276,1393,1844,2,0,1113366,9,240,74,2,3,1654,1494,1222,55,123,1631,16383,1657,1647,1640169,800,1867,2319,524899,11953,8,382534,1496,52376,649,950333808,950433004,0,950433078,950433593,3362891303,17859279,0.0834,1646.0,0.4753534616414288,-0.2779912665439639,0.0834,25.58,78.0,,,,,,
2026-07-30T19:31:49.446674+00:00,S021,mounted,true,healthy,none,1500,healthy_horizontal_no_load_1500rpm,950532,1544,277,1381,1830,1,0,1113428,9,240,74,0,3,1654,1494,1222,54,122,1633,16383,1660,1650,1639881,800,2015,2079,524906,11952,8,382530,1496,52377,649,950433999,950533045,0,950533124,950533639,3361563553,17856292,0.0834,1646.0,0.0756373253012046,-0.031039879518072855,0.0834,25.52,77.9,,,,,,
2026-07-30T19:31:49.528762+00:00,S021,mounted,true,healthy,none,1500,healthy_horizontal_no_load_1500rpm,950632,1529,278,1398,1853,5,0,1113489,9,240,74,2,3,1654,1495,1234,54,122,1631,16383,1658,1647,1640781,800,2019,2283,524972,11956,8,382533,1496,52378,649,950534040,950633225,0,950633299,950633814,3365365997,17868244,0.0834,1646.0,0.4143977888926056,-0.025498460020073832,0.0834,25.58,78.0,,,,,,
2026-07-30T19:31:49.633500+00:00,S021,mounted,true,healthy,none,1500,healthy_horizontal_no_load_1500rpm,950732,1509,276,1414,1872,4,0,1113550,9,240,74,1,3,1654,1494,1232,56,122,1628,16383,1660,1650,1640074,800,2022,2175,524971,11953,8,382531,1496,52379,649,950634217,950733287,0,950733361,950733876,3362407988,17859283,0.0834,1646.0,0.23534983142307375,-0.019654025683928822,0.0834,25.67,78.2,,,,,,
2026-07-30T19:31:49.772800+00:00,S021,mounted,true,healthy,none,1500,healthy_horizontal_no_load_1500rpm,950832,1500,276,1425,1886,4,0,1113610,9,240,74,1,3,1654,1495,1224,58,124,1624,16383,1658,1647,1639120,800,2021,2079,524924,11956,8,382534,1496,52380,649,950734278,950833351,0,950833425,950833940,3358447518,17868248,0.0834,1646.0,0.07447796018735353,-0.022165912679826594,0.0834,25.79,78.4,,,,,,
2026-07-30T19:31:49.865778+00:00,S021,mounted,true,healthy,none,1500,healthy_horizontal_no_load_1500rpm,950932,1492,275,1433,1894,4,0,1113670,9,240,74,0,3,1654,1494,1250,58,124,1628,16383,1660,1649,1639892,800,2023,2197,524918,11953,8,382532,1496,52381,649,950834343,950933428,0,950933507,950934022,3361641282,17859281,0.0834,1646.0,0.27201705270643295,-0.017987333807412575,0.0834,25.67,78.2,,,,,,
2026-07-30T19:31:49.960285+00:00,S021,mounted,true,healthy,none,1500,healthy_horizontal_no_load_1500rpm,951033,1483,277,1438,1906,5,0,1113729,9,240,74,0,3,1654,1495,1223,59,123,1631,16383,1657,1647,1655868,808,1966,2081,524900,11958,8,382539,1496,52382,649,950934422,951034084,0,951034094,951034609,3393501648,17874222,0.0834,1646.0,0.0772305584545907,-0.11435886452584043,0.0834,25.58,78.0,,,,,,
2026-07-30T19:31:50.053416+00:00,S021,mounted,true,healthy,none,1500,healthy_horizontal_no_load_1500rpm,951133,1486,274,1437,1899,5,0,1113789,9,240,73,1,3,1654,1495,1242,59,123,1623,16383,1657,1647,1639640,800,2015,2077,524893,11958,8,382546,1496,52383,649,951035009,951134162,0,951134171,951134686,3360576930,17874222,0.0834,1646.0,0.07056657852483683,-0.032725110386352174,0.0834,25.82,78.5,,,,,,
2026-07-30T19:31:50.148461+00:00,S021,mounted,true,healthy,none,1500,healthy_horizontal_no_load_1500rpm,951233,1506,275,1419,1876,5,0,1113849,9,240,74,0,3,1654,1495,1205,59,121,1625,16383,1659,1648,1639610,800,2007,2079,524849,11956,8,382548,1496,52384,649,951135092,951234183,0,951234192,951234707,3360456900,17868244,0.0834,1646.0,0.07447796018735353,-0.04549374406155948,0.0834,25.76,78.4,,,,,,
2026-07-30T19:31:50.242984+00:00,S021,mounted,true,healthy,none,1500,healthy_horizontal_no_load_1500rpm,951333,1513,275,1411,1866,4,0,1113910,9,240,74,0,3,1654,1494,1232,59,112,1628,16383,1659,1647,1639448,800,1923,2091,524799,11951,8,382541,1496,52385,649,951235111,951334238,0,951334253,951334768,3359809928,17853303,0.0834,1646.0,0.09593093741109504,-0.18412015655593716,0.0834,25.67,78.2,,,,,,
2026-07-30T19:31:50.336202+00:00,S021,mounted,true,healthy,none,1500,healthy_horizontal_no_load_1500rpm,951433,1531,275,1394,1843,6,0,1113971,9,240,74,2,3,1654,1495,1225,59,112,1631,16383,1658,1647,1639910,800,2003,2073,524812,11958,8,382548,1496,52386,649,951335168,951434274,0,951434288,951434803,3361683198,17874222,0.0834,1646.0,0.06390259859508252,-0.05271705017561468,0.0834,25.58,78.0,,,,,,
2026-07-30T19:31:50.474225+00:00,S021,mounted,true,healthy,none,1500,healthy_horizontal_no_load_1500rpm,951533,1543,277,1382,1832,2,0,1114032,9,240,74,0,2,1654,1495,1248,56,112,1632,16383,1658,1650,1640061,800,1996,2273,524829,11956,8,382550,1496,52387,649,951435206,951534336,0,951534345,951534860,3362399015,17868244,0.0834,1646.0,0.39773505219136807,-0.06382275443292107,0.0834,25.55,78.0,,,,,,
2026-07-30T19:31:50.567290+00:00,S021,mounted,true,healthy,none,1500,healthy_horizontal_no_load_1500rpm,951633,1544,277,1382,1831,1,0,1114094,9,240,74,1,2,1654,1494,1215,59,116,1627,16383,1656,1644,1639088,800,1947,2086,524793,11954,8,382549,1496,52388,649,951535261,951634371,0,951634381,951634896,3358330406,17862270,0.0834,1646.0,0.08672341291617824,-0.1449273777814959,0.0834,25.7,78.3,,,,,,
2026-07-30T19:31:50.660817+00:00,S021,mounted,true,healthy,none,1500,healthy_horizontal_no_load_1500rpm,951734,1531,278,1395,1849,4,0,1114156,9,240,74,1,3,1654,1494,1221,59,116,1630,16383,1658,1650,1655950,808,2012,2083,524845,11954,8,382548,1496,52389,649,951635298,951735100,0,951735174,951735689,3393829032,17862266,0.0834,1646.0,0.0817237555629915,-0.03660146846243917,0.0834,25.61,78.1,,,,,,
2026-07-30T19:31:50.755617+00:00,S021,mounted,true,healthy,none,1500,healthy_horizontal_no_load_1500rpm,951834,1517,277,1408,1865,6,0,1114217,9,240,74,1,3,1654,1494,1209,61,125,1624,16383,1658,1646,1639770,800,2021,2081,524840,11951,8,382541,1496,52390,649,951736092,951835296,0,951835375,951835890,3361114638,17853305,0.0834,1646.0,0.07926122943686664,-0.020757018408501526,0.0834,25.79,78.4,,,,,,
2026-07-30T19:31:50.849697+00:00,S021,mounted,true,healthy,none,1500,healthy_horizontal_no_load_1500rpm,951934,1497,276,1430,1892,6,0,1114277,9,240,74,3,3,1654,1494,1187,61,125,1628,16383,1659,1647,1639666,800,2021,2127,524815,11955,8,382542,1496,52391,649,951836292,951935502,0,951935576,951936091,3360694606,17865255,0.0834,1646.0,0.15475555508155558,-0.021884228105395476,0.0834,25.67,78.2,,,,,,
2026-07-30T19:31:50.942484+00:00,S021,mounted,true,healthy,none,1500,healthy_horizontal_no_load_1500rpm,952035,1476,275,1450,1916,6,0,1114337,9,240,74,1,3,1654,1494,1203,63,129,1629,16383,1657,1647,1655629,808,2023,2080,524798,11953,8,382540,1496,52392,649,951936493,952036073,0,952036087,952036602,3392511127,17859279,0.0834,1646.0,0.07701410315401969,-0.017987333807412575,0.0834,25.64,78.1,,,,,,
2026-07-30T19:31:51.037074+00:00,S021,mounted,true,healthy,none,1500,healthy_horizontal_no_load_1500rpm,952135,1468,274,1456,1924,4,0,1114396,9,240,74,1,3,1654,1494,1200,63,130,1625,16383,1656,1648,1639348,800,2011,2147,524803,11955,8,382541,1496,52393,649,952037004,952136119,0,952136133,952136648,3359389680,17865255,0.0834,1646.0,0.18808381606022584,-0.03854835859473038,0.0834,25.76,78.4,,,,,,
2026-07-30T19:31:51.133306+00:00,S021,mounted,true,healthy,none,1500,healthy_horizontal_no_load_1500rpm,952235,1476,272,1448,1910,5,0,1114455,9,240,73,1,3,1654,1495,1209,63,130,1617,16383,1656,1647,1638876,800,1883,2080,524779,11956,8,382544,1496,52394,649,952137051,952236319,0,952236333,952236848,3357485494,17868246,0.0834,1646.0,0.07614423385747715,-0.2521116791569087,0.0834,26.01,78.8,,,,,,
2026-07-30T19:31:51.272174+00:00,S021,mounted,true,healthy,none,1500,healthy_horizontal_no_load_1500rpm,952335,1481,276,1441,1907,1,0,1114514,9,240,74,1,3,1654,1495,1209,65,143,1616,16383,1658,1648,1639616,800,1993,2239,524799,11956,8,382547,1496,52395,649,952237250,952336361,0,952336375,952336890,3360518568,17868246,0.0834,1646.0,0.3410817474071597,-0.06882157544329237,0.0834,26.04,78.9,,,,,,
2026-07-30T19:31:51.367798+00:00,S021,mounted,true,healthy,none,1500,healthy_horizontal_no_load_1500rpm,952435,1478,276,1444,1911,3,0,1114573,9,240,74,0,3,1654,1494,1200,64,140,1619,16383,1659,1646,1639187,800,1987,2199,524799,11955,8,382547,1496,52396,649,952337292,952436409,0,952436418,952436933,3358747251,17865257,0.0834,1646.0,0.2747372946047677,-0.07854227176913486,0.0834,25.94,78.7,,,,,,
2026-07-30T19:31:51.460161+00:00,S021,mounted,true,healthy,none,1500,healthy_horizontal_no_load_1500rpm,952536,1471,275,1453,1921,2,0,1114632,9,240,74,1,3,1654,1495,1217,64,140,1626,16383,1658,1649,1655275,808,2017,2073,524775,11956,8,382549,1496,52397,649,952437337,952536986,0,952537060,952537575,3391062323,17868246,0.0834,1646.0,0.06448031816661048,-0.028831007360321514,0.0834,25.73,78.3,,,,,,
2026-07-30T19:31:51.552189+00:00,S021,mounted,true,healthy,none,1500,healthy_horizontal_no_load_1500rpm,952636,1468,274,1458,1925,6,0,1114691,9,240,73,1,3,1654,1494,1225,64,148,1624,16383,1658,1647,1639011,800,2020,2078,524800,11948,8,382536,1496,52398,649,952537978,952637161,0,952637235,952637750,3358002921,17844340,0.0834,1646.0,0.0751300773351189,-0.021578505189153496,0.0834,25.79,78.4,,,,,,
2026-07-30T19:31:51.645502+00:00,S021,mounted,true,healthy,none,1500,healthy_horizontal_no_load_1500rpm,952736,1481,275,1439,1903,4,0,1114750,9,240,73,3,3,1654,1494,1222,64,148,1627,16383,1657,1647,1639419,800,2005,2077,524799,11954,8,382536,1496,52399,649,952638157,952737218,0,952737291,952737807,3359677257,17862270,0.0834,1646.0,0.07172444085661667,-0.048267335619876395,0.0834,25.7,78.3,,,,,,
2026-07-30T19:31:51.738426+00:00,S021,mounted,true,healthy,none,1500,healthy_horizontal_no_load_1500rpm,952836,1507,275,1417,1874,6,0,1114811,9,240,73,0,2,1654,1494,1213,62,139,1634,16383,1658,1648,1639559,800,2006,2085,524820,11954,8,382536,1496,52400,649,952738209,952837273,0,952837351,952837866,3360249183,17862266,0.0834,1646.0,0.08505686046511629,-0.046600783168814,0.0834,25.49,77.9,,,,,,
2026-07-30T19:31:51.880611+00:00,S021,mounted,true,healthy,none,1500,healthy_horizontal_no_load_1500rpm,952936,1514,275,1409,1864,6,0,1114871,9,240,73,0,3,1654,1495,1200,57,124,1632,16383,1660,1648,1639598,800,2011,2161,524813,11956,8,382539,1496,52401,649,952838267,952937323,0,952937397,952937911,3360428460,17868244,0.0834,1646.0,0.21111240113750407,-0.03882864938106412,0.0834,25.55,78.0,,,,,,
2026-07-30T19:31:51.973882+00:00,S021,mounted,true,healthy,none,1500,healthy_horizontal_no_load_1500rpm,953036,1516,276,1410,1866,2,0,1114932,9,240,73,0,2,1654,1495,1216,57,124,1631,16383,1660,1647,1639538,800,2019,2083,524807,11956,8,382542,1496,52402,649,952938312,953037404,0,953037478,953037993,3360164848,17868244,0.0834,1646.0,0.08114305486784845,-0.025498460020073832,0.0834,25.58,78.0,,,,,,
2026-07-30T19:31:52.067917+00:00,S021,mounted,true,healthy,none,1500,healthy_horizontal_no_load_1500rpm,953137,1518,274,1406,1858,3,0,1114993,9,240,74,0,3,1654,1494,1240,59,127,1628,16383,1658,1648,1655471,808,2015,2111,524799,11950,8,382534,1496,52403,649,953038397,953138069,0,953138079,953138594,3391867179,17850316,0.0834,1646.0,0.12956482828451854,-0.030477759832635787,0.0834,25.67,78.2,,,,,,
2026-07-30T19:31:52.159983+00:00,S021,mounted,true,healthy,none,1500,healthy_horizontal_no_load_1500rpm,953237,1520,275,1406,1858,1,0,1115054,9,240,73,1,2,1654,1494,1196,58,125,1636,16383,1658,1648,1638510,800,1959,2073,524760,11955,8,382535,1496,52404,649,953138998,953238121,0,953238131,953238646,3355965262,17865255,0.0834,1646.0,0.06476925043914683,-0.12520183713927224,0.0834,25.43,77.8,,,,,,
2026-07-30T19:31:52.255195+00:00,S021,mounted,true,healthy,none,1500,healthy_horizontal_no_load_1500rpm,953337,1526,277,1397,1852,5,0,1115115,9,240,74,1,3,1654,1495,1226,58,125,1634,16383,1659,1649,1639975,800,1981,2261,524831,11956,8,382538,1496,52405,649,953239048,953338152,0,953338162,953338677,3362000579,17868246,0.0834,1646.0,0.3777397681498824,-0.08881685948477802,0.0834,25.49,77.9,,,,,,
2026-07-30T19:31:52.349700+00:00,S021,mounted,true,healthy,none,1500,healthy_horizontal_no_load_1500rpm,953437,1533,275,1395,1844,4,0,1115176,9,240,73,0,2,1654,1494,1219,59,131,1641,16383,1659,1649,1639396,800,2011,2085,524828,11952,8,382534,1496,52406,649,953339083,953438312,0,953438321,953438836,3359586746,17856290,0.0834,1646.0,0.08563831325301186,-0.03770720481927725,0.0834,25.27,77.5,,,,,,
2026-07-30T19:31:52.443873+00:00,S021,mounted,true,healthy,none,1500,healthy_horizontal_no_load_1500rpm,953537,1541,275,1386,1833,2,0,1115238,9,240,74,1,3,1654,1494,1226,59,131,1639,16383,1658,1646,1639417,800,1991,2195,524791,11955,8,382535,1496,52407,649,953439236,953538331,0,953538341,953538856,3359694509,17865255,0.0834,1646.0,0.2680716424090335,-0.07187661957340064,0.0834,25.33,77.6,,,,,,
2026-07-30T19:31:52.585244+00:00,S021,mounted,true,healthy,none,1500,healthy_horizontal_no_load_1500rpm,953637,1547,275,1379,1824,1,0,1115300,9,240,74,0,3,1654,1494,1255,59,128,1627,16383,1659,1647,1639113,800,2011,2193,524779,11953,8,382533,1496,52408,649,953539262,953638376,0,953638390,953638905,3358445711,17859281,0.0834,1646.0,0.26535028520036796,-0.037987636325608864,0.0834,25.7,78.3,,,,,,
2026-07-30T19:31:52.679083+00:00,S021,mounted,true,healthy,none,1500,healthy_horizontal_no_load_1500rpm,953737,1539,277,1390,1840,4,0,1115362,9,240,74,2,3,1654,1494,1222,59,129,1620,16383,1658,1648,1639253,800,1999,2078,524763,11954,8,382533,1496,52409,649,953639306,953738405,0,953738420,953738935,3358993537,17862268,0.0834,1646.0,0.07339099330767906,-0.05826665032625078,0.0834,25.91,78.6,,,,,,
2026-07-30T19:31:52.772552+00:00,S021,mounted,true,healthy,none,1500,healthy_horizontal_no_load_1500rpm,953838,1515,273,1417,1868,6,0,1115423,9,240,73,2,2,1654,1494,1227,59,129,1631,16383,1657,1647,1654910,808,2010,2075,524723,11953,8,382531,1496,52410,649,953739337,953839050,0,953839128,953839643,3389573414,17859281,0.0834,1646.0,0.06868064377143801,-0.039654328202125555,0.0834,25.58,78.0,,,,,,
2026-07-30T19:31:52.864501+00:00,S021,mounted,true,healthy,none,1500,healthy_horizontal_no_load_1500rpm,953938,1501,275,1422,1881,6,0,1115483,9,240,73,1,3,1654,1495,1229,57,126,1629,16383,1658,1649,1638770,800,2011,2171,524693,11956,8,382534,1496,52411,649,953840046,953939100,0,953939174,953939689,3357025818,17868246,0.0834,1646.0,0.22777513783874204,-0.03882864938106412,0.0834,25.64,78.1,,,,,,
2026-07-30T19:31:52.957480+00:00,S021,mounted,true,healthy,none,1500,healthy_horizontal_no_load_1500rpm,954038,1504,276,1419,1879,6,0,1115543,9,240,74,1,2,1654,1495,1237,58,128,1643,16383,1658,1649,1639189,800,1967,2182,524752,11956,8,382537,1496,52412,649,953940091,954039169,0,954039243,954039758,3358770733,17868244,0.0834,1646.0,0.24610414821010362,-0.11214469086651091,0.0834,25.21,77.4,,,,,,
2026-07-30T19:31:53.050678+00:00,S021,mounted,true,healthy,none,1500,healthy_horizontal_no_load_1500rpm,954138,1514,275,1411,1866,2,0,1115604,9,240,73,0,3,1654,1494,1262,58,128,1640,16383,1657,1649,1638707,800,2021,2111,524689,11952,8,382533,1496,52413,649,954040164,954139222,0,954139300,954139815,3356760105,17856290,0.0834,1646.0,0.12897592771084332,-0.021038891566265594,0.0834,25.3,77.5,,,,,,
2026-07-30T19:31:53.190711+00:00,S021,mounted,true,healthy,none,1500,healthy_horizontal_no_load_1500rpm,954238,1514,277,1409,1867,2,0,1115664,9,240,74,0,3,1653,1494,1230,60,127,1631,16383,1659,1647,1639250,800,1981,2235,524652,11954,8,382533,1496,52414,649,954140216,954239284,0,954239358,954239873,3359061444,17862268,0.0796,1646.0,0.3350397281244768,-0.08826459444537393,0.0796,25.58,78.0,,,,,,
2026-07-30T19:31:53.285408+00:00,S021,mounted,true,healthy,none,1500,healthy_horizontal_no_load_1500rpm,954338,1462,276,1465,1937,6,0,1115723,9,240,74,4,3,1653,1494,1227,60,127,1627,16383,1656,1639,1637291,800,1854,2123,524489,11951,8,382527,1496,52415,649,954240274,954339340,0,954339414,954339929,3351060725,17853303,0.0796,1646.0,0.14927400292862503,-0.29914114157811067,0.0796,25.7,78.3,,,,,,
2026-07-30T19:31:53.378827+00:00,S021,mounted,true,healthy,none,1500,healthy_horizontal_no_load_1500rpm,954438,1444,274,1483,1958,5,0,1115781,9,240,73,2,3,1653,1494,1245,61,128,1628,16383,1656,1648,1638745,800,2001,2215,524524,11953,8,382526,1496,52416,649,954340335,954439422,0,954439501,954440016,3356946213,17859279,0.0796,1646.0,0.3020175064837276,-0.05465455509077222,0.0796,25.67,78.2,,,,,,
2026-07-30T19:31:53.472715+00:00,S021,mounted,true,healthy,none,1500,healthy_horizontal_no_load_1500rpm,954539,1469,273,1449,1915,3,0,1115839,9,240,73,5,3,1653,1494,1221,61,131,1643,16383,1660,1648,1655246,808,2021,2164,524580,11954,8,382526,1496,52417,649,954440419,954540174,0,954540183,954540698,3390959326,17862268,0.0796,1646.0,0.21671450409904613,-0.021602496402878035,0.0796,25.21,77.4,,,,,,
2026-07-30T19:31:53.566360+00:00,S021,mounted,true,healthy,none,1500,healthy_horizontal_no_load_1500rpm,954639,1507,275,1415,1871,1,0,1115900,9,240,73,2,2,1653,1495,1234,61,131,1635,16383,1657,1649,1639126,800,1997,2294,524559,11958,8,382534,1496,52418,649,954541100,954640213,0,954640227,954640742,3358573700,17874222,0.0796,1646.0,0.4320874897139988,-0.06271302007024593,0.0796,25.46,77.8,,,,,,
2026-07-30T19:31:53.658618+00:00,S021,mounted,true,healthy,none,1500,healthy_horizontal_no_load_1500rpm,954739,1527,271,1401,1846,5,0,1115961,9,240,73,0,3,1653,1494,1244,63,139,1631,16383,1658,1649,1639220,800,1963,2085,524580,11950,8,382526,1496,52419,649,954641144,954740357,0,954740371,954740886,3358867896,17850318,0.0796,1646.0,0.08621996066945581,-0.1171674950627617,0.0796,25.58,78.0,,,,,,
2026-07-30T19:31:53.751259+00:00,S021,mounted,true,healthy,none,1500,healthy_horizontal_no_load_1500rpm,954839,1508,277,1416,1876,5,0,1116021,9,240,74,1,2,1653,1494,1235,64,136,1637,16383,1657,1648,1638146,800,1912,2167,524539,11954,8,382526,1496,52420,649,954741287,954840408,0,954840418,954840933,3354493490,17862268,0.0796,1646.0,0.22171416145223377,-0.20325671356868025,0.0796,25.4,77.7,,,,,,
2026-07-30T19:31:53.847143+00:00,S021,mounted,true,healthy,none,1500,healthy_horizontal_no_load_1500rpm,954940,1488,276,1436,1901,5,0,1116081,9,240,74,0,3,1653,1495,1201,64,136,1634,16383,1658,1647,1654707,808,2018,2081,524537,11956,8,382530,1496,52421,649,954841336,954940974,0,954941048,954941563,3388737477,17868244,0.0796,1646.0,0.07781050752760077,-0.027164733690197895,0.0796,25.49,77.9,,,,,,
2026-07-30T19:31:53.987762+00:00,S021,mounted,true,healthy,none,1500,healthy_horizontal_no_load_1500rpm,955040,1485,276,1438,1903,5,0,1116141,9,240,74,0,3,1653,1494,1222,63,142,1629,16383,1657,1643,1639011,800,2005,2259,524572,11953,8,382528,1496,52422,649,954941964,955041191,0,955041269,955041784,3358061529,17859277,0.0796,1646.0,0.37535194905044733,-0.04798778758470679,0.0796,25.64,78.1,,,,,,
2026-07-30T19:31:54.081300+00:00,S021,mounted,true,healthy,none,1500,healthy_horizontal_no_load_1500rpm,955140,1495,274,1427,1886,5,0,1116201,9,240,74,0,2,1653,1494,1209,63,142,1642,16383,1659,1645,1638348,800,2021,2078,524550,11955,8,382530,1496,52423,649,955042185,955141242,0,955141320,955141835,3355287736,17865255,0.0796,1646.0,0.07310131568381406,-0.021884228105395476,0.0796,25.24,77.4,,,,,,
2026-07-30T19:31:54.174869+00:00,S021,mounted,true,healthy,none,1500,healthy_horizontal_no_load_1500rpm,955240,1498,276,1425,1886,1,0,1116260,9,240,73,0,2,1653,1494,1221,61,137,1636,16383,1657,1647,1638337,800,1999,2179,524541,11954,8,382530,1496,52424,649,955142236,955241295,0,955241369,955241884,3355259009,17862268,0.0796,1646.0,0.2417127908649821,-0.05826665032625078,0.0796,25.43,77.8,,,,,,
2026-07-30T19:31:54.267899+00:00,S021,mounted,true,healthy,none,1500,healthy_horizontal_no_load_1500rpm,955340,1489,274,1440,1900,1,0,1116320,9,240,73,1,2,1653,1494,1213,59,130,1629,16383,1656,1647,1638544,800,1985,2079,524546,11954,8,382530,1496,52425,649,955242284,955341361,0,955341435,955341950,3356091212,17862268,0.0796,1646.0,0.07505754575874146,-0.08159838464112479,0.0796,25.64,78.1,,,,,,
2026-07-30T19:31:54.362532+00:00,S021,mounted,true,healthy,none,1500,healthy_horizontal_no_load_1500rpm,955440,1485,276,1438,1903,1,0,1116380,9,240,74,1,3,1653,1494,1221,59,130,1629,16383,1656,1648,1638322,800,1923,2077,524545,11950,8,382522,1496,52426,649,955342353,955441429,0,955441507,955442022,3355191574,17850318,0.0796,1646.0,0.07288307832635965,-0.18385190677824248,0.0796,25.64,78.1,,,,,,
2026-07-30T19:31:54.455510+00:00,S021,mounted,true,healthy,none,1500,healthy_horizontal_no_load_1500rpm,955541,1482,275,1442,1907,3,0,1116439,9,240,74,1,3,1653,1495,1195,60,118,1633,16383,1656,1648,1654991,808,2007,2073,524540,11956,8,382526,1496,52427,649,955442425,955542088,0,955542098,955542612,3389899869,17868246,0.0796,1646.0,0.06448031816661048,-0.04549374406155948,0.0796,25.52,77.9,,,,,,
2026-07-30T19:31:54.595331+00:00,S021,mounted,true,healthy,none,1500,healthy_horizontal_no_load_1500rpm,955641,1463,275,1461,1932,2,0,1116498,9,240,73,1,2,1653,1494,1206,59,125,1632,16383,1657,1647,1637822,800,1949,2079,524495,11953,8,382525,1496,52428,649,955543014,955642127,0,955642137,955642651,3353143874,17859281,0.0796,1646.0,0.075347411277503,-0.1413225326696228,0.0796,25.55,78.0,,,,,,
2026-07-30T19:31:54.689776+00:00,S021,mounted,true,healthy,none,1500,healthy_horizontal_no_load_1500rpm,955741,1454,274,1471,1942,4,0,1116556,9,240,73,1,3,1653,1494,1206,59,125,1625,16383,1658,1646,1637664,800,1956,2079,524416,11954,8,382525,1496,52429,649,955643054,955742230,0,955742240,955742755,3352498690,17862268,0.0796,1646.0,0.07505754575874146,-0.12992840572193476,0.0796,25.76,78.4,,,,,,
2026-07-30T19:31:54.784837+00:00,S021,mounted,true,healthy,none,1500,healthy_horizontal_no_load_1500rpm,955841,1464,273,1456,1922,5,0,1116615,9,240,73,3,3,1653,1495,1215,62,134,1631,16383,1656,1647,1638151,800,2001,2077,524423,11958,8,382533,1496,52430,649,955743157,955842369,0,955842378,955842893,3354487217,17874222,0.0796,1646.0,0.07056657852483683,-0.05604904014049206,0.0796,25.58,78.0,,,,,,
2026-07-30T19:31:54.882234+00:00,S021,mounted,true,healthy,none,1500,healthy_horizontal_no_load_1500rpm,955941,1484,274,1437,1899,1,0,1116674,9,240,73,2,2,1653,1494,1191,62,134,1632,16383,1657,1646,1638674,800,2019,2277,524461,11955,8,382534,1496,52431,649,955843300,955942414,0,955942423,955942937,3356670576,17865255,0.0796,1646.0,0.4047175124215805,-0.025217054203262812,0.0796,25.55,78.0,,,,,,
2026-07-30T19:31:54.974389+00:00,S021,mounted,true,healthy,none,1500,healthy_horizontal_no_load_1500rpm,956042,1498,275,1425,1885,5,0,1116735,9,240,73,0,3,1653,1494,1190,63,135,1629,16383,1656,1645,1654585,808,1919,2157,524488,11950,8,382526,1496,52432,649,955943340,956043203,0,956043282,956043797,3388276693,17850316,0.0796,1646.0,0.20625190175732167,-0.190520347949791,0.0796,25.64,78.1,,,,,,
2026-07-30T19:31:55.070230+00:00,S021,mounted,true,healthy,none,1500,healthy_horizontal_no_load_1500rpm,956142,1500,275,1424,1883,5,0,1116795,9,240,73,0,2,1653,1494,1187,63,137,1635,16383,1658,1647,1638801,800,1974,2253,524544,11952,8,382523,1496,52433,649,956044197,956143244,0,956143323,956143838,3357192575,17856292,0.0796,1646.0,0.36566597590361427,-0.09937996385542203,0.0796,25.46,77.8,,,,,,
2026-07-30T19:31:55.162379+00:00,S021,mounted,true,healthy,none,1500,healthy_horizontal_no_load_1500rpm,956243,1501,275,1423,1882,5,0,1116855,9,240,73,0,3,1653,1494,1213,63,137,1632,16383,1657,1648,1654320,808,1957,2099,524515,11951,8,382518,1496,52434,649,956144238,956244067,0,956244077,956244592,3387163936,17853305,0.0796,1646.0,0.10926670379047732,-0.12744314944356105,0.0796,25.55,78.0,,,,,,
2026-07-30T19:31:55.254608+00:00,S021,mounted,true,healthy,none,1500,healthy_horizontal_no_load_1500rpm,956343,1499,277,1424,1886,5,0,1116915,9,240,74,1,3,1653,1495,1214,62,130,1626,16383,1656,1647,1637887,800,1975,2083,524458,11956,8,382522,1496,52435,649,956244992,956344116,0,956344125,956344640,3353394743,17868244,0.0796,1646.0,0.08114305486784845,-0.09881450150552062,0.0796,25.73,78.3,,,,,,
2026-07-30T19:31:55.395286+00:00,S021,mounted,true,healthy,none,1500,healthy_horizontal_no_load_1500rpm,956443,1507,272,1418,1870,4,0,1116976,9,240,73,0,2,1653,1494,1222,61,129,1627,16383,1657,1648,1638040,800,2010,2185,524431,11955,8,382524,1496,52436,649,956345043,956444264,0,956444279,956444794,3354039874,17865257,0.0796,1646.0,0.25140751191969857,-0.04021477164366427,0.0796,25.7,78.3,,,,,,
2026-07-30T19:31:55.488794+00:00,S021,mounted,true,healthy,none,1500,healthy_horizontal_no_load_1500rpm,956543,1514,276,1411,1868,4,0,1117036,9,240,73,0,2,1653,1494,1222,61,129,1626,16383,1657,1647,1637879,800,1909,2111,524412,11952,8,382521,1496,52437,649,956445194,956544308,0,956544317,956544832,3353393659,17856294,0.0796,1646.0,0.12897592771084332,-0.20772400000000069,0.0796,25.73,78.3,,,,,,
2026-07-30T19:31:55.583181+00:00,S021,mounted,true,healthy,none,1500,healthy_horizontal_no_load_1500rpm,956644,1503,274,1422,1878,6,0,1117097,9,240,73,1,2,1653,1494,1238,63,129,1623,16383,1658,1647,1654335,808,2017,2075,524357,11953,8,382520,1496,52438,649,956545233,956645059,0,956645133,956645648,3387209865,17859283,0.0796,1646.0,0.06868064377143801,-0.027987485066510942,0.0796,25.82,78.5,,,,,,
2026-07-30T19:31:55.676867+00:00,S021,mounted,true,healthy,none,1500,healthy_horizontal_no_load_1500rpm,956744,1486,275,1438,1902,6,0,1117157,9,240,74,1,3,1653,1494,1248,63,129,1622,16383,1657,1647,1637809,800,2007,2075,524339,11953,8,382519,1496,52439,649,956646051,956745097,0,956745328,956745843,3353083197,17859285,0.0796,1646.0,0.06868064377143801,-0.044654403831674294,0.0796,25.85,78.5,,,,,,
2026-07-30T19:31:55.768923+00:00,S021,mounted,true,healthy,none,1500,healthy_horizontal_no_load_1500rpm,956844,1483,276,1440,1906,4,0,1117216,9,240,74,0,3,1652,1494,1216,64,132,1621,16383,1656,1642,1638057,800,1986,2074,524302,11954,8,382519,1496,52440,649,956746246,956845306,0,956845380,956845895,3354097933,17862268,0.0758,1646.0,0.06672478350342992,-0.07993183219006195,0.0758,25.88,78.6,,,,,,
2026-07-30T19:31:55.863084+00:00,S021,mounted,true,healthy,none,1500,healthy_horizontal_no_load_1500rpm,956944,1475,276,1449,1918,5,0,1117275,9,240,73,2,3,1652,1494,1208,65,139,1624,16383,1657,1648,1638236,800,2015,2191,524318,11955,8,382521,1496,52441,649,956846300,956945390,0,956945464,956945979,3354853618,17865257,0.0758,1646.0,0.2614059902132997,-0.03188270639899615,0.0758,25.79,78.4,,,,,,
2026-07-30T19:31:55.958411+00:00,S021,mounted,true,healthy,none,1500,healthy_horizontal_no_load_1500rpm,957045,1469,275,1455,1924,1,0,1117334,9,240,74,0,3,1652,1494,1227,65,139,1623,16383,1656,1645,1654019,808,2021,2229,524280,11953,8,382520,1496,52442,649,956946381,957046157,0,957046167,957046681,3385952231,17859281,0.0758,1646.0,0.3253511927549564,-0.02132071756044507,0.0758,25.82,78.5,,,,,,
2026-07-30T19:31:56.099164+00:00,S021,mounted,true,healthy,none,1500,healthy_horizontal_no_load_1500rpm,957145,1475,271,1451,1911,3,0,1117393,9,240,73,2,2,1652,1494,1243,63,131,1624,16383,1658,1648,1637745,800,2015,2079,524306,11953,8,382519,1496,52443,649,957047081,957146197,0,957146206,957146721,3352819499,17859281,0.0758,1646.0,0.075347411277503,-0.031320868819543435,0.0758,25.79,78.4,,,,,,
2026-07-30T19:31:56.191490+00:00,S021,mounted,true,healthy,none,1500,healthy_horizontal_no_load_1500rpm,957245,1515,276,1406,1862,1,0,1117454,9,240,73,1,2,1652,1495,1240,63,128,1636,16383,1657,1645,1637575,800,1998,2077,524283,11957,8,382525,1496,52444,649,957147123,957246251,0,957246260,957246775,3352125641,17871233,0.0758,1646.0,0.07085597148114076,-0.06076863937442489,0.0758,25.43,77.8,,,,,,
2026-07-30T19:31:56.285909+00:00,S021,mounted,true,healthy,none,1500,healthy_horizontal_no_load_1500rpm,957345,1526,276,1398,1851,5,0,1117515,9,240,73,0,3,1652,1495,1198,63,128,1633,16383,1656,1644,1638196,800,2021,2231,524289,11956,8,382529,1496,52445,649,957247182,957346375,0,957346385,957346900,3354704410,17868244,0.0758,1646.0,0.3277515580461694,-0.022165912679826594,0.0758,25.52,77.9,,,,,,
2026-07-30T19:31:56.377535+00:00,S021,mounted,true,healthy,none,1500,healthy_horizontal_no_load_1500rpm,957446,1517,278,1407,1866,4,0,1117576,9,240,74,1,3,1652,1494,1209,62,133,1634,16383,1656,1646,1653553,808,1919,2075,524273,11954,8,382529,1496,52446,649,957347300,957447090,0,957447164,957447679,3384031799,17862268,0.0758,1646.0,0.06839133595449187,-0.19159084641124302,0.0758,25.49,77.9,,,,,,
2026-07-30T19:31:56.470603+00:00,S021,mounted,true,healthy,none,1500,healthy_horizontal_no_load_1500rpm,957546,1504,276,1420,1880,4,0,1117636,9,240,74,1,3,1652,1494,1221,62,133,1635,16383,1656,1647,1637812,800,2015,2079,524306,11953,8,382527,1496,52447,649,957448081,957547140,0,957547214,957547728,3353092756,17859279,0.0758,1646.0,0.075347411277503,-0.031320868819543435,0.0758,25.46,77.8,,,,,,
2026-07-30T19:31:56.565006+00:00,S021,mounted,true,healthy,none,1500,healthy_horizontal_no_load_1500rpm,957646,1501,275,1423,1882,6,0,1117697,9,240,73,1,3,1652,1494,1248,57,121,1639,16383,1658,1645,1638275,800,1989,2167,524307,11955,8,382529,1496,52448,649,957548131,957647351,0,957647429,957647944,3355006509,17865255,0.0758,1646.0,0.22141207703889565,-0.07520944567126753,0.0758,25.33,77.6,,,,,,
2026-07-30T19:31:56.707114+00:00,S021,mounted,true,healthy,none,1500,healthy_horizontal_no_load_1500rpm,957747,1512,273,1416,1868,6,0,1117757,9,240,73,0,2,1653,1495,1235,60,125,1631,16383,1658,1646,1638371,800,2003,2140,524355,11956,8,382532,1496,52449,649,957648347,957747549,0,957747623,957748142,3355385677,17868244,0.0796,1646.0,0.1761206540649045,-0.0521588387420544,0.0796,25.58,78.0,,,,,,
2026-07-30T19:31:56.799765+00:00,S021,mounted,true,healthy,none,1500,healthy_horizontal_no_load_1500rpm,957847,1513,276,1411,1867,2,0,1117818,9,240,73,0,3,1652,1494,1219,60,125,1634,16383,1656,1643,1654059,808,1981,2185,524294,11953,8,382530,1496,52450,649,957748542,957848228,0,957848238,957848752,3386104223,17859281,0.0758,1646.0,0.2520167501882371,-0.08798839262109981,0.0758,25.49,77.9,,,,,,
2026-07-30T19:31:56.893713+00:00,S021,mounted,true,healthy,none,1500,healthy_horizontal_no_load_1500rpm,957947,1544,277,1378,1827,1,0,1117880,9,240,74,3,3,1652,1495,1213,63,130,1633,16383,1656,1647,1637577,800,2015,2151,524289,11956,8,382533,1496,52451,649,957849152,957948265,0,957948279,957948794,3352140657,17868244,0.0758,1646.0,0.1944496644362661,-0.0321635547005692,0.0758,25.52,77.9,,,,,,
2026-07-30T19:31:56.987200+00:00,S021,mounted,true,healthy,none,1500,healthy_horizontal_no_load_1500rpm,958047,1569,274,1366,1803,4,0,1117942,9,240,73,0,2,1652,1494,1205,62,131,1629,16383,1656,1643,1637402,800,1967,2071,524267,11953,8,382531,1496,52452,649,957949197,958048329,0,958048339,958048858,3351416228,17859281,0.0758,1646.0,0.06201387626537258,-0.11132207889232859,0.0758,25.64,78.1,,,,,,
2026-07-30T19:31:57.080562+00:00,S021,mounted,true,healthy,none,1500,healthy_horizontal_no_load_1500rpm,958147,1582,279,1346,1787,1,0,1118006,9,240,74,0,3,1652,1494,1208,62,131,1625,16383,1657,1648,1638298,800,1953,2075,524298,11951,8,382525,1496,52453,649,958049258,958148348,0,958148362,958148877,3355087128,17853305,0.0758,1646.0,0.06925940465233005,-0.13411103263325286,0.0758,25.76,78.4,,,,,,
2026-07-30T19:31:57.173802+00:00,S021,mounted,true,healthy,none,1500,healthy_horizontal_no_load_1500rpm,958248,1586,279,1343,1783,6,0,1118069,9,240,74,0,3,1652,1494,1208,64,134,1627,16383,1657,1643,1638348,800,2011,2081,524328,11951,8,382520,1496,52454,649,958149277,958248569,0,958248579,958249093,3355284246,17853303,0.0758,1646.0,0.07926122943686664,-0.037426726382729925,0.0758,25.7,78.3,,,,,,
2026-07-30T19:31:57.268780+00:00,S021,mounted,true,healthy,none,1500,healthy_horizontal_no_load_1500rpm,958348,1587,280,1341,1782,5,0,1118133,9,240,74,0,3,1653,1494,1213,64,134,1628,16383,1657,1648,1654685,808,2006,2183,524329,11953,8,382519,1496,52455,649,958249495,958349101,0,958349175,958349689,3388665323,17859279,0.0796,1646.0,0.24868336643520417,-0.04632109570819054,0.0796,25.67,78.2,,,,,,
2026-07-30T19:31:57.413009+00:00,S021,mounted,true,healthy,none,1500,healthy_horizontal_no_load_1500rpm,958448,1564,278,1368,1813,2,0,1118196,9,240,74,4,3,1652,1495,1205,66,138,1635,16383,1656,1648,1637600,800,2011,2081,524288,11956,8,382523,1496,52456,649,958350090,958449151,0,958449224,958449740,3352215076,17868244,0.0758,1646.0,0.07781050752760077,-0.03882864938106412,0.0758,25.46,77.8,,,,,,
2026-07-30T19:31:57.506637+00:00,S021,mounted,true,healthy,none,1500,healthy_horizontal_no_load_1500rpm,958548,1526,277,1402,1857,3,0,1118257,9,240,74,3,3,1652,1494,1213,65,139,1623,16383,1656,1645,1637479,800,2020,2083,524252,11955,8,382525,1496,52457,649,958450146,958549211,0,958549285,958549800,3351730445,17865257,0.0758,1646.0,0.08143338092848174,-0.023550641154329366,0.0758,25.82,78.5,,,,,,
2026-07-30T19:31:57.600454+00:00,S021,mounted,true,healthy,none,1500,healthy_horizontal_no_load_1500rpm,958648,1502,276,1422,1882,3,0,1118317,9,240,73,1,2,1652,1495,1211,65,139,1635,16383,1656,1641,1636611,800,1843,2117,524151,11956,8,382529,1496,52458,649,958550207,958649268,0,958649342,958649861,3348232441,17868244,0.0758,1646.0,0.13779635965205728,-0.3187626259618601,0.0758,25.46,77.8,,,,,,
2026-07-30T19:31:57.692469+00:00,S021,mounted,true,healthy,none,1500,healthy_horizontal_no_load_1500rpm,958748,1518,277,1403,1859,1,0,1118378,9,240,73,3,3,1652,1494,1216,63,132,1629,16383,1656,1647,1638134,800,2025,2079,524222,11955,8,382530,1496,52459,649,958650264,958749334,0,958749408,958749923,3354405834,17865259,0.0758,1646.0,0.07476772873274751,-0.015218575909661247,0.0758,25.64,78.1,,,,,,
2026-07-30T19:31:57.785033+00:00,S021,mounted,true,healthy,none,1500,healthy_horizontal_no_load_1500rpm,958848,1542,277,1383,1833,4,0,1118440,9,240,74,0,3,1652,1494,1187,61,133,1625,16383,1657,1647,1637926,800,2003,2079,524272,11951,8,382524,1496,52460,649,958750329,958849410,0,958849489,958850004,3353560416,17853305,0.0758,1646.0,0.07592728784202141,-0.0507624927621122,0.0758,25.76,78.4,,,,,,
2026-07-30T19:31:57.879095+00:00,S021,mounted,true,healthy,none,1500,healthy_horizontal_no_load_1500rpm,958949,1540,277,1388,1838,2,0,1118502,9,240,73,2,2,1652,1495,1192,61,133,1618,16383,1656,1647,1653979,808,2021,2079,524300,11956,8,382528,1496,52461,649,958850404,958950208,0,958950217,958950732,3385749847,17868244,0.0758,1646.0,0.07447796018735353,-0.022165912679826594,0.0758,25.97,78.8,,,,,,
2026-07-30T19:31:57.974403+00:00,S021,mounted,true,healthy,none,1500,healthy_horizontal_no_load_1500rpm,959049,1516,277,1409,1867,3,0,1118563,9,240,74,2,3,1652,1494,1217,62,135,1623,16383,1656,1644,1636671,800,2005,2074,524224,11953,8,382526,1496,52462,649,958951139,959050245,0,959050254,959050769,3348422995,17859277,0.0758,1646.0,0.06701395189492176,-0.04798778758470679,0.0758,25.82,78.5,,,,,,
2026-07-30T19:31:58.113266+00:00,S021,mounted,true,healthy,none,1500,healthy_horizontal_no_load_1500rpm,959149,1502,276,1423,1883,3,0,1118623,9,240,74,1,3,1652,1494,1213,62,135,1626,16383,1656,1645,1637406,800,1885,2089,524245,11955,8,382528,1496,52463,649,959051172,959150296,0,959150305,959150821,3351457262,17865261,0.0758,1646.0,0.09143185922208241,-0.24851640276035125,0.0758,25.73,78.3,,,,,,
2026-07-30T19:31:58.206890+00:00,S021,mounted,true,healthy,none,1500,healthy_horizontal_no_load_1500rpm,959249,1509,277,1412,1872,3,0,1118683,9,240,74,1,3,1652,1494,1196,62,130,1627,16383,1658,1646,1637990,800,2019,2085,524290,11954,8,382528,1496,52464,649,959151227,959250354,0,959250363,959250877,3353822430,17862270,0.0758,1646.0,0.08505686046511629,-0.02493560130500283,0.0758,25.7,78.3,,,,,,
2026-07-30T19:31:58.301025+00:00,S021,mounted,true,healthy,none,1500,healthy_horizontal_no_load_1500rpm,959349,1527,273,1397,1845,1,0,1118744,9,240,73,0,2,1652,1494,1200,60,127,1636,16383,1656,1647,1637384,800,2015,2076,524265,11955,8,382530,1496,52465,649,959251280,959350403,0,959350413,959350928,3351341350,17865255,0.0758,1646.0,0.06976848958594672,-0.03188270639899615,0.0758,25.43,77.8,,,,,,
2026-07-30T19:31:58.394470+00:00,S021,mounted,true,healthy,none,1500,healthy_horizontal_no_load_1500rpm,959449,1532,275,1394,1844,4,0,1118806,9,240,73,0,3,1652,1494,1216,60,127,1634,16383,1659,1647,1637053,800,1993,2125,524208,11954,8,382530,1496,52466,649,959351328,959450435,0,959450449,959450964,3350001337,17862268,0.0758,1646.0,0.1517189585076122,-0.06826596503262561,0.0758,25.49,77.9,,,,,,
2026-07-30T19:31:58.488658+00:00,S021,mounted,true,healthy,none,1500,healthy_horizontal_no_load_1500rpm,959550,1523,277,1402,1857,6,0,1118867,9,240,74,1,3,1652,1495,1243,57,124,1631,16383,1657,1647,1654313,808,2013,2071,524249,11957,8,382535,1496,52467,649,959451365,959551073,0,959551147,959551662,3387123541,17871233,0.0758,1646.0,0.06085916559337612,-0.03577662465501419,0.0758,25.58,78.0,,,,,,
2026-07-30T19:31:58.581700+00:00,S021,mounted,true,healthy,none,1500,healthy_horizontal_no_load_1500rpm,959650,1515,277,1408,1865,2,0,1118928,9,240,73,1,3,1652,1495,1192,58,123,1627,16383,1656,1647,1637413,800,2005,2075,524265,11957,8,382540,1496,52468,649,959552069,959651139,0,959651218,959651733,3351456831,17871233,0.0758,1646.0,0.06752370285188558,-0.04910569917203311,0.0758,25.7,78.3,,,,,,
2026-07-30T19:31:58.675910+00:00,S021,mounted,true,healthy,none,1500,healthy_horizontal_no_load_1500rpm,959750,1517,276,1406,1861,3,0,1118989,9,240,74,1,2,1652,1495,1213,58,123,1623,16383,1655,1644,1637247,800,2014,2071,524231,11956,8,382543,1496,52469,649,959652135,959751222,0,959751300,959751815,3350775555,17868244,0.0758,1646.0,0.061147770826363246,-0.033829828370692816,0.0758,25.82,78.5,,,,,,
2026-07-30T19:31:58.816349+00:00,S021,mounted,true,healthy,none,1500,healthy_horizontal_no_load_1500rpm,959850,1527,276,1396,1848,1,0,1119050,9,240,73,1,3,1652,1495,1198,58,128,1627,16383,1658,1646,1637335,800,2023,2190,524199,11956,8,382546,1496,52470,649,959752218,959851284,0,959851362,959851877,3351163557,17868246,0.0758,1646.0,0.2594343375710939,-0.01883336533957891,0.0758,25.7,78.3,,,,,,
2026-07-30T19:31:58.912442+00:00,S021,mounted,true,healthy,none,1500,healthy_horizontal_no_load_1500rpm,959950,1532,274,1393,1840,5,0,1119111,9,240,74,0,3,1652,1494,1218,58,128,1627,16383,1659,1647,1637696,800,1998,2107,524229,11953,8,382543,1496,52471,649,959852280,959951357,0,959951431,959951946,3352621196,17859279,0.0758,1646.0,0.12201478381996145,-0.0596546307203214,0.0758,25.7,78.3,,,,,,
2026-07-30T19:31:59.003352+00:00,S021,mounted,true,healthy,none,1500,healthy_horizontal_no_load_1500rpm,960050,1527,278,1398,1853,4,0,1119172,9,240,73,1,3,1652,1495,1229,58,127,1627,16383,1655,1647,1637509,800,2014,2071,524245,11956,8,382546,1496,52472,649,959952346,960051399,0,960051473,960051988,3351845709,17868244,0.0758,1646.0,0.061147770826363246,-0.033829828370692816,0.0758,25.7,78.3,,,,,,
2026-07-30T19:31:59.095710+00:00,S021,mounted,true,healthy,none,1500,healthy_horizontal_no_load_1500rpm,960151,1517,276,1407,1863,6,0,1119233,9,240,74,0,2,1652,1494,1261,62,130,1628,16383,1655,1645,1653609,808,2007,2081,524206,11954,8,382545,1496,52473,649,960052395,960152083,0,960152093,960152607,3384247213,17862268,0.0758,1646.0,0.07839065066086626,-0.0449342307177516,0.0758,25.67,78.2,,,,,,
2026-07-30T19:31:59.189392+00:00,S021,mounted,true,healthy,none,1500,healthy_horizontal_no_load_1500rpm,960251,1516,278,1407,1866,2,0,1119294,9,240,74,1,3,1652,1494,1214,62,130,1620,16383,1655,1645,1637438,800,2011,2154,524171,11955,8,382545,1496,52474,649,960153008,960252207,0,960252216,960252731,3351574184,17865257,0.0758,1646.0,0.19974870740275996,-0.03854835859473038,0.0758,25.91,78.6,,,,,,
2026-07-30T19:31:59.282883+00:00,S021,mounted,true,healthy,none,1500,healthy_horizontal_no_load_1500rpm,960351,1515,277,1409,1866,3,0,1119355,9,240,73,0,2,1652,1495,1264,57,115,1616,16383,1658,1647,1637289,800,2013,2125,524165,11958,8,382551,1496,52475,649,960253138,960352250,0,960352264,960352779,3350955651,17874222,0.0758,1646.0,0.1505343376818864,-0.036057100351229554,0.0758,26.04,78.9,,,,,,
2026-07-30T19:31:59.376536+00:00,S021,mounted,true,healthy,none,1500,healthy_horizontal_no_load_1500rpm,960451,1516,277,1407,1865,3,0,1119415,9,240,73,0,3,1652,1494,1235,58,119,1625,16383,1655,1643,1636932,800,1990,2083,524136,11955,8,382551,1496,52476,649,960353179,960452302,0,960452311,960452826,3349492318,17865257,0.0758,1646.0,0.08143338092848174,-0.07354303262233408,0.0758,25.76,78.4,,,,,,
2026-07-30T19:31:59.518826+00:00,S021,mounted,true,healthy,none,1500,healthy_horizontal_no_load_1500rpm,960551,1516,274,1408,1861,1,0,1119476,9,240,74,0,3,1652,1494,1229,58,119,1622,16383,1655,1647,1638354,800,1983,2165,524224,11953,8,382548,1496,52477,649,960453227,960552315,0,960552325,960552840,3355328956,17859281,0.0758,1646.0,0.21868291265790996,-0.08465500886806687,0.0758,25.85,78.5,,,,,,
2026-07-30T19:31:59.614243+00:00,S021,mounted,true,healthy,none,1500,healthy_horizontal_no_load_1500rpm,960651,1516,274,1408,1860,5,0,1119537,9,240,73,0,2,1652,1494,1235,62,127,1621,16383,1657,1646,1637106,800,1932,2173,524196,11950,8,382539,1496,52478,649,960553244,960652356,0,960652370,960652885,3350233332,17850316,0.0758,1646.0,0.23292566644351442,-0.16884791414225964,0.0758,25.88,78.6,,,,,,
2026-07-30T19:31:59.708964+00:00,S021,mounted,true,healthy,none,1500,healthy_horizontal_no_load_1500rpm,960751,1517,274,1407,1859,4,0,1119598,9,240,74,0,2,1652,1494,1219,62,127,1625,16383,1656,1647,1637543,800,1967,2077,524213,11955,8,382540,1496,52479,649,960653285,960752413,0,960752427,960752942,3352003801,17865255,0.0758,1646.0,0.07143490263488061,-0.11187053274780467,0.0758,25.76,78.4,,,,,,
2026-07-30T19:31:59.804381+00:00,S021,mounted,true,healthy,none,1500,healthy_horizontal_no_load_1500rpm,960852,1536,277,1388,1840,6,0,1119659,9,240,74,0,3,1652,1495,1248,61,127,1631,16383,1656,1647,1654343,808,2021,2109,524264,11957,8,382545,1496,52480,649,960753342,960853064,0,960853138,960853652,3387250001,17871233,0.0758,1646.0,0.12417226954921778,-0.02244755013799482,0.0758,25.58,78.0,,,,,,
2026-07-30T19:31:59.897544+00:00,S021,mounted,true,healthy,none,1500,healthy_horizontal_no_load_1500rpm,960952,1545,277,1381,1829,3,0,1119721,9,240,74,0,3,1652,1494,1213,60,128,1618,16383,1655,1647,1637993,800,2007,2195,524272,11955,8,382545,1496,52481,649,960854052,960953176,0,960953250,960953765,3353847431,17865255,0.0758,1646.0,0.2680716424090335,-0.045214010790464165,0.0758,25.97,78.8,,,,,,
2026-07-30T19:31:59.991913+00:00,S021,mounted,true,healthy,none,1500,healthy_horizontal_no_load_1500rpm,961052,1540,279,1385,1838,5,0,1119783,9,240,74,2,3,1652,1494,1211,60,128,1622,16383,1658,1646,1638409,800,2009,2295,524302,11951,8,382538,1496,52482,649,960954169,961053242,0,961053320,961053836,3355598975,17853303,0.0758,1646.0,0.43599298008534815,-0.04076066797757516,0.0758,25.85,78.5,,,,,,
2026-07-30T19:32:00.087106+00:00,S021,mounted,true,healthy,none,1500,healthy_horizontal_no_load_1500rpm,961152,1518,278,1407,1866,4,0,1119844,9,240,74,1,3,1652,1494,1202,60,127,1626,16383,1654,1645,1636746,800,1979,2099,524200,11955,8,382539,1496,52483,649,961054238,961153317,0,961153395,961153910,3348737322,17865259,0.0758,1646.0,0.10809598971141732,-0.09187357616060243,0.0758,25.73,78.3,,,,,,
2026-07-30T19:32:00.180805+00:00,S021,mounted,true,healthy,none,1500,healthy_horizontal_no_load_1500rpm,961253,1501,276,1422,1882,4,0,1119904,9,240,73,0,3,1652,1494,1213,60,140,1623,16383,1654,1647,1653384,808,2011,2121,524126,11954,8,382539,1496,52484,649,961154313,961254095,0,961254105,961254620,3383328938,17862268,0.0758,1646.0,0.1450527487033626,-0.03826802091350201,0.0758,25.82,78.5,,,,,,
2026-07-30T19:32:00.321989+00:00,S021,mounted,true,healthy,none,1500,healthy_horizontal_no_load_1500rpm,961353,1517,278,1405,1863,6,0,1119965,9,240,74,1,3,1652,1495,1215,60,140,1622,16383,1657,1647,1638238,800,2007,2119,524203,11958,8,382546,1496,52485,649,961255024,961354130,0,961354298,961354813,3354843158,17874222,0.0758,1646.0,0.14053836778725515,-0.046053070245860805,0.0758,25.85,78.5,,,,,,
2026-07-30T19:32:00.417871+00:00,S021,mounted,true,healthy,none,1500,healthy_horizontal_no_load_1500rpm,961453,1527,278,1395,1850,2,0,1120026,9,240,73,1,2,1652,1494,1206,62,140,1628,16383,1657,1645,1637406,800,1957,2087,524211,11953,8,382543,1496,52486,649,961355216,961454296,0,961454310,961454825,3351445956,17859281,0.0758,1646.0,0.0886809462896343,-0.12798899765749194,0.0758,25.67,78.2,,,,,,
2026-07-30T19:32:00.515866+00:00,S021,mounted,true,healthy,none,1500,healthy_horizontal_no_load_1500rpm,961553,1535,277,1389,1840,3,0,1120087,9,240,74,1,3,1652,1495,1232,62,140,1630,16383,1655,1646,1636911,800,1957,2147,524139,11958,8,382550,1496,52487,649,961455228,961554334,0,961554344,961554859,3349420523,17874224,0.0758,1646.0,0.18718622729553402,-0.12935281936778775,0.0758,25.61,78.1,,,,,,
2026-07-30T19:32:00.605189+00:00,S021,mounted,true,healthy,none,1500,healthy_horizontal_no_load_1500rpm,961653,1541,277,1384,1834,5,0,1120149,9,240,73,0,2,1652,1494,1250,64,146,1623,16383,1657,1645,1638007,800,1971,2162,524178,11955,8,382550,1496,52488,649,961555265,961654368,0,961654382,961654897,3353904927,17865257,0.0758,1646.0,0.21308001179422797,-0.10520488055207045,0.0758,25.82,78.5,,,,,,
2026-07-30T19:32:00.682840+00:00,S021,mounted,true,healthy,none,1500,healthy_horizontal_no_load_1500rpm,961753,1548,275,1377,1821,6,0,1120211,9,240,74,0,2,1652,1495,1217,63,138,1627,16383,1657,1644,1637163,800,2002,2074,524166,11957,8,382554,1496,52489,649,961655297,961754412,0,961754426,961754942,3350431517,17871235,0.0758,1646.0,0.065857568537258,-0.054104102115915875,0.0758,25.7,78.3,,,,,,
2026-07-30T19:32:00.824678+00:00,S021,mounted,true,healthy,none,1500,healthy_horizontal_no_load_1500rpm,961854,1546,277,1382,1831,3,0,1120273,9,240,74,1,3,1652,1495,1210,63,138,1627,16383,1656,1647,1653553,808,1879,2089,524160,11956,8,382556,1496,52490,649,961755342,961855072,0,961855146,961855661,3384063079,17868244,0.0758,1646.0,0.09114069688859106,-0.25877677383740405,0.0758,25.7,78.3,,,,,,
2026-07-30T19:32:00.885544+00:00,S021,mounted,true,healthy,none,1500,healthy_horizontal_no_load_1500rpm,961954,1536,276,1391,1841,5,0,1120335,9,240,74,1,3,1652,1495,1206,62,151,1631,16383,1656,1646,1636990,800,2005,2153,524075,11956,8,382558,1496,52491,649,961856067,961955126,0,961955204,961955719,3349740090,17868246,0.0758,1646.0,0.19778221177651378,-0.048826291401807165,0.0758,25.58,78.0,,,,,,
2026-07-30T19:32:01.028718+00:00,S021,mounted,true,healthy,none,1500,healthy_horizontal_no_load_1500rpm,962054,1532,276,1394,1845,4,0,1120396,9,240,74,0,3,1651,1494,1227,62,146,1632,16383,1655,1646,1637306,800,2009,2077,524036,11955,8,382558,1496,52492,649,961956122,962055230,0,962055304,962055819,3351020462,17865257,0.072,1646.0,0.07143490263488061,-0.04188118469259772,0.072,25.55,78.0,,,,,,
2026-07-30T19:32:01.135779+00:00,S021,mounted,true,healthy,none,1500,healthy_horizontal_no_load_1500rpm,962154,1499,277,1427,1890,4,0,1120456,9,240,74,3,3,1651,1495,1196,62,146,1636,16383,1655,1647,1636891,800,1929,2187,524023,11956,8,382560,1496,52493,649,962056219,962155456,0,962155530,962156045,3349357081,17868244,0.072,1646.0,0.2544355165607226,-0.17546309033121466,0.072,25.43,77.8,,,,,,
2026-07-30T19:32:01.227519+00:00,S021,mounted,true,healthy,none,1500,healthy_horizontal_no_load_1500rpm,962255,1478,276,1445,1913,4,0,1120516,9,240,73,1,2,1651,1495,1184,61,140,1633,16383,1655,1647,1653591,808,2005,2081,524025,11957,8,382564,1496,52494,649,962156447,962256083,0,962256097,962256612,3384169117,17871233,0.072,1646.0,0.07752050873964977,-0.04910569917203311,0.072,25.52,77.9,,,,,,
2026-07-30T19:32:01.323292+00:00,S021,mounted,true,healthy,none,1500,healthy_horizontal_no_load_1500rpm,962355,1480,274,1441,1905,5,0,1120575,9,240,73,3,3,1651,1494,1190,61,140,1635,16383,1656,1644,1637117,800,1955,2153,524063,11954,8,382562,1496,52495,649,962257015,962356236,0,962356250,962356765,3350264705,17862270,0.072,1646.0,0.19838242713735976,-0.1315949581729967,0.072,25.46,77.8,,,,,,
2026-07-30T19:32:01.414999+00:00,S021,mounted,true,healthy,none,1500,healthy_horizontal_no_load_1500rpm,962455,1519,274,1405,1857,4,0,1120636,9,240,73,2,3,1651,1495,1186,59,134,1625,16383,1656,1647,1637330,800,1937,2179,524053,11956,8,382563,1496,52496,649,962357167,962456256,0,962456270,962456785,3351163828,17868246,0.072,1646.0,0.24110532719973232,-0.16213290097022393,0.072,25.76,78.4,,,,,,
2026-07-30T19:32:01.508297+00:00,S021,mounted,true,healthy,none,1500,healthy_horizontal_no_load_1500rpm,962555,1544,276,1381,1829,6,0,1120697,9,240,74,0,2,1652,1495,1198,60,131,1626,16383,1662,1644,1637794,800,1989,2265,524090,11957,8,382566,1496,52497,649,962457188,962556413,0,962556423,962556937,3353111546,17871233,0.0758,1646.0,0.38408922263109435,-0.07576384820607229,0.0758,25.73,78.3,,,,,,
2026-07-30T19:32:01.602410+00:00,S021,mounted,true,healthy,none,1500,healthy_horizontal_no_load_1500rpm,962656,1524,275,1405,1857,3,0,1120759,9,240,74,2,2,1652,1494,1218,60,131,1631,16383,1655,1647,1653781,808,2015,2113,524108,11954,8,382564,1496,52498,649,962557338,962656971,0,962657045,962657560,3384949119,17862268,0.0758,1646.0,0.13172032909486298,-0.03160181110925242,0.0758,25.58,78.0,,,,,,
2026-07-30T19:32:01.696450+00:00,S021,mounted,true,healthy,none,1500,healthy_horizontal_no_load_1500rpm,962756,1508,273,1420,1873,1,0,1120820,9,240,73,1,2,1652,1494,1240,62,133,1640,16383,1655,1647,1637895,800,2015,2327,524122,11955,8,382564,1496,52499,649,962657966,962757081,0,962757164,962757679,3353503281,17865259,0.0758,1646.0,0.48803816486825546,-0.03188270639899615,0.0758,25.3,77.5,,,,,,
2026-07-30T19:32:01.788520+00:00,S021,mounted,true,healthy,none,1500,healthy_horizontal_no_load_1500rpm,962856,1504,276,1418,1877,1,0,1120880,9,240,74,1,2,1652,1494,1199,60,123,1632,16383,1656,1647,1637648,800,2017,2079,524180,11952,8,382558,1496,52500,649,962758081,962857134,0,962857212,962857727,3352420090,17856292,0.0758,1646.0,0.0756373253012046,-0.027706216867470435,0.0758,25.55,78.0,,,,,,
2026-07-30T19:32:01.930222+00:00,S021,mounted,true,healthy,none,1500,healthy_horizontal_no_load_1500rpm,962956,1519,276,1404,1858,1,0,1120940,9,240,73,1,3,1652,1495,1232,60,123,1623,16383,1655,1643,1637339,800,2001,2075,524197,11957,8,382562,1496,52501,649,962858130,962957189,0,962957263,962957778,3351149699,17871235,0.0758,1646.0,0.06752370285188558,-0.05577023643054302,0.0758,25.82,78.5,,,,,,
2026-07-30T19:32:02.025077+00:00,S021,mounted,true,healthy,none,1500,healthy_horizontal_no_load_1500rpm,963056,1531,276,1395,1847,4,0,1121002,9,240,74,0,2,1652,1495,1209,60,129,1629,16383,1655,1644,1637048,800,2015,2138,524113,11956,8,382563,1496,52502,649,962958180,963057255,0,963057333,963057849,3349976608,17868246,0.0758,1646.0,0.17278810672465683,-0.0321635547005692,0.0758,25.64,78.1,,,,,,
2026-07-30T19:32:02.118009+00:00,S021,mounted,true,healthy,none,1500,healthy_horizontal_no_load_1500rpm,963156,1514,279,1413,1874,4,0,1121062,9,240,75,4,3,1651,1494,1221,60,129,1632,16383,1655,1645,1637506,800,2021,2277,524052,11954,8,382561,1496,52503,649,963058249,963157315,0,963157388,963157904,3351907346,17862268,0.072,1646.0,0.40503493106909794,-0.021602496402878035,0.072,25.55,78.0,,,,,,
2026-07-30T19:32:02.211668+00:00,S021,mounted,true,healthy,none,1500,healthy_horizontal_no_load_1500rpm,963256,1451,274,1475,1948,5,0,1121121,9,240,73,1,3,1651,1495,1211,61,124,1630,16383,1656,1643,1637068,800,2017,2075,524040,11957,8,382564,1496,52504,649,963158310,963257387,0,963257466,963257981,3350048726,17871233,0.072,1646.0,0.06752370285188558,-0.029112087396504283,0.072,25.61,78.1,,,,,,
2026-07-30T19:32:02.304877+00:00,S021,mounted,true,healthy,none,1500,healthy_horizontal_no_load_1500rpm,963357,1439,274,1487,1964,3,0,1121179,9,240,74,1,2,1651,1495,1222,60,129,1627,16383,1654,1642,1652588,808,1951,2135,523977,11956,8,382565,1496,52505,649,963258383,963358034,0,963358048,963358563,3380086414,17868246,0.072,1646.0,0.16778928571428553,-0.13880506958849148,0.072,25.7,78.3,,,,,,
2026-07-30T19:32:02.402054+00:00,S021,mounted,true,healthy,none,1500,healthy_horizontal_no_load_1500rpm,963457,1485,274,1437,1899,2,0,1121238,9,240,73,2,2,1651,1494,1262,60,129,1627,16383,1656,1643,1636967,800,1901,2151,524029,11952,8,382559,1496,52506,649,963358966,963458335,0,963458349,963458864,3349694733,17856296,0.072,1646.0,0.19564918072289128,-0.22105865060240992,0.072,25.7,78.3,,,,,,
2026-07-30T19:32:02.538297+00:00,S021,mounted,true,healthy,none,1500,healthy_horizontal_no_load_1500rpm,963557,1504,276,1419,1879,2,0,1121298,9,240,74,0,2,1652,1494,1218,60,127,1640,16383,1655,1647,1637314,800,2018,2074,524076,11952,8,382554,1496,52507,649,963459267,963558419,0,963558433,963558948,3351049840,17856296,0.0758,1646.0,0.06730316867469854,-0.026039385542169224,0.0758,25.3,77.5,,,,,,
2026-07-30T19:32:02.635578+00:00,S021,mounted,true,healthy,none,1500,healthy_horizontal_no_load_1500rpm,963658,1507,276,1420,1879,3,0,1121359,9,240,74,2,3,1651,1494,1261,58,127,1627,16383,1655,1644,1652722,808,1933,2077,524012,11954,8,382553,1496,52508,649,963559348,963659053,0,963659131,963659646,3380635962,17862270,0.072,1646.0,0.07172444085661667,-0.1682591120963699,0.072,25.7,78.3,,,,,,
2026-07-30T19:32:02.727207+00:00,S021,mounted,true,healthy,none,1500,healthy_horizontal_no_load_1500rpm,963758,1493,274,1436,1895,3,0,1121419,9,240,74,1,2,1651,1494,1229,58,127,1630,16383,1656,1645,1636828,800,1939,2077,524029,11955,8,382553,1496,52509,649,963660049,963759119,0,963759197,963759713,3349075976,17865255,0.072,1646.0,0.07143490263488061,-0.1585300981179425,0.072,25.61,78.1,,,,,,
2026-07-30T19:32:02.820749+00:00,S021,mounted,true,healthy,none,1500,healthy_horizontal_no_load_1500rpm,963858,1485,276,1437,1902,2,0,1121478,9,240,74,0,3,1651,1495,1221,56,123,1629,16383,1655,1643,1636417,800,1899,2151,524001,11956,8,382555,1496,52510,649,963760115,963859169,0,963859243,963859758,3347432659,17868246,0.072,1646.0,0.1944496644362661,-0.22545130043492811,0.072,25.64,78.1,,,,,,
2026-07-30T19:32:02.915465+00:00,S021,mounted,true,healthy,none,1500,healthy_horizontal_no_load_1500rpm,963958,1477,276,1446,1914,6,0,1121537,9,240,73,1,3,1651,1495,1219,56,123,1629,16383,1656,1647,1636993,800,2019,2137,524027,11957,8,382559,1496,52511,649,963860162,963959346,0,963959420,963959935,3349751359,17871235,0.072,1646.0,0.17082403035878535,-0.02577981876724955,0.072,25.64,78.1,,,,,,
2026-07-30T19:32:03.009102+00:00,S021,mounted,true,healthy,none,1500,healthy_horizontal_no_load_1500rpm,964058,1469,273,1457,1923,4,0,1121596,9,240,74,0,2,1651,1494,1237,55,118,1629,16383,1655,1646,1637451,800,2011,2075,524056,11952,8,382554,1496,52512,649,963960342,964059405,0,964059479,964059994,3351609261,17856290,0.072,1646.0,0.06896999999999975,-0.03770720481927725,0.072,25.64,78.1,,,,,,
2026-07-30T19:32:03.102568+00:00,S021,mounted,true,healthy,none,1500,healthy_horizontal_no_load_1500rpm,964159,1469,275,1453,1921,5,0,1121655,9,240,73,2,3,1651,1494,1246,58,119,1631,16383,1656,1647,1653902,808,1995,2169,524056,11955,8,382554,1496,52513,649,964060395,964160106,0,964160116,964160630,3385460176,17865257,0.072,1646.0,0.22474490313676254,-0.0652109673776664,0.072,25.58,78.0,,,,,,
2026-07-30T19:32:03.196467+00:00,S021,mounted,true,healthy,none,1500,healthy_horizontal_no_load_1500rpm,964259,1490,276,1430,1893,5,0,1121715,9,240,73,3,3,1652,1495,1231,58,119,1637,16383,1655,1648,1637811,800,2019,2151,524113,11956,8,382556,1496,52514,649,964161033,964260141,0,964260151,964260666,3353092165,17868244,0.0758,1646.0,0.1944496644362661,-0.025498460020073832,0.0758,25.4,77.7,,,,,,
2026-07-30T19:32:03.337231+00:00,S021,mounted,true,healthy,none,1500,healthy_horizontal_no_load_1500rpm,964359,1508,276,1415,1873,5,0,1121775,9,240,74,1,2,1651,1495,1256,56,118,1636,16383,1655,1644,1636923,800,1981,2077,524035,11956,8,382558,1496,52515,649,964261072,964360275,0,964360285,964360799,3349456409,17868246,0.072,1646.0,0.07114541284710585,-0.08881685948477802,0.072,25.43,77.8,,,,,,
2026-07-30T19:32:03.428515+00:00,S021,mounted,true,healthy,none,1500,healthy_horizontal_no_load_1500rpm,964459,1518,277,1406,1862,4,0,1121836,9,240,74,1,3,1651,1494,1220,60,123,1639,16383,1656,1647,1637725,800,2010,2120,524051,11950,8,382549,1496,52516,649,964361202,964460345,0,964460354,964460869,3352740237,17850316,0.072,1646.0,0.14456882092050227,-0.03881331129707144,0.072,25.33,77.6,,,,,,
2026-07-30T19:32:03.523516+00:00,S021,mounted,true,healthy,none,1500,healthy_horizontal_no_load_1500rpm,964560,1526,274,1397,1846,2,0,1121898,9,240,73,0,3,1651,1494,1234,60,123,1638,16383,1654,1645,1652675,808,1902,2071,524033,11954,8,382548,1496,52517,649,964461276,964561065,0,964561144,964561659,3380472287,17862268,0.072,1646.0,0.06172512615024228,-0.21992223807930422,0.072,25.36,77.7,,,,,,
2026-07-30T19:32:03.616142+00:00,S021,mounted,true,healthy,none,1500,healthy_horizontal_no_load_1500rpm,964660,1531,276,1394,1846,3,0,1121959,9,240,74,0,2,1651,1494,1206,60,121,1625,16383,1657,1644,1637200,800,2001,2071,524026,11953,8,382545,1496,52518,649,964562059,964661188,0,964661262,964661777,3350590126,17859279,0.072,1646.0,0.06201387626537258,-0.05465455509077222,0.072,25.76,78.4,,,,,,
2026-07-30T19:32:03.707859+00:00,S021,mounted,true,healthy,none,1500,healthy_horizontal_no_load_1500rpm,964760,1525,275,1402,1853,1,0,1122020,9,240,73,0,3,1651,1494,1201,60,121,1625,16383,1655,1643,1637114,800,2019,2071,524031,11955,8,382545,1496,52519,649,964662181,964761236,0,964761310,964761825,3350229946,17865255,0.072,1646.0,0.06143642434127994,-0.025217054203262812,0.072,25.76,78.4,,,,,,
2026-07-30T19:32:03.801005+00:00,S021,mounted,true,healthy,none,1500,healthy_horizontal_no_load_1500rpm,964860,1518,278,1405,1863,5,0,1122081,9,240,74,0,3,1652,1494,1214,62,131,1625,16383,1656,1645,1637793,800,2007,2251,524044,11953,8,382542,1496,52520,649,964762230,964861303,0,964861377,964861892,3353074009,17859279,0.0758,1646.0,0.36201841403831647,-0.044654403831674294,0.0758,25.76,78.4,,,,,,
2026-07-30T19:32:03.942276+00:00,S021,mounted,true,healthy,none,1500,healthy_horizontal_no_load_1500rpm,964960,1516,276,1408,1864,4,0,1122142,9,240,73,0,3,1651,1494,1205,63,133,1632,16383,1655,1644,1637061,800,2015,2113,524039,11953,8,382540,1496,52521,649,964862296,964961372,0,964961450,964961965,3350015965,17859283,0.072,1646.0,0.13201493507905937,-0.031320868819543435,0.072,25.55,78.0,,,,,,
2026-07-30T19:32:04.034736+00:00,S021,mounted,true,healthy,none,1500,healthy_horizontal_no_load_1500rpm,965060,1527,277,1398,1852,6,0,1122203,9,240,73,0,3,1651,1494,1198,63,133,1629,16383,1656,1644,1637220,800,1959,2117,524036,11955,8,382541,1496,52522,649,964962366,965061424,0,965061502,965062017,3350692450,17865257,0.072,1646.0,0.13809142459222068,-0.12520183713927224,0.072,25.64,78.1,,,,,,
2026-07-30T19:32:04.127355+00:00,S021,mounted,true,healthy,none,1500,healthy_horizontal_no_load_1500rpm,965161,1532,277,1392,1845,3,0,1122265,9,240,74,0,2,1652,1494,1206,62,128,1631,16383,1658,1648,1654566,808,2015,2121,524126,11951,8,382535,1496,52523,649,965062418,965162238,0,965162252,965162767,3388162434,17853303,0.0758,1646.0,0.14594006133377935,-0.030758843193038565,0.0758,25.58,78.0,,,,,,
2026-07-30T19:32:04.219736+00:00,S021,mounted,true,healthy,none,1500,healthy_horizontal_no_load_1500rpm,965261,1518,277,1409,1866,3,0,1122325,9,240,74,3,3,1652,1494,1226,61,124,1636,16383,1656,1648,1637654,800,1979,2082,524147,11951,8,382529,1496,52524,649,965163167,965262268,0,965262278,965262793,3352452394,17853305,0.0758,1646.0,0.0809282002342897,-0.09076979190025947,0.0758,25.43,77.8,,,,,,
2026-07-30T19:32:04.313791+00:00,S021,mounted,true,healthy,none,1500,healthy_horizontal_no_load_1500rpm,965361,1507,276,1418,1876,1,0,1122386,9,240,74,1,3,1652,1494,1192,61,124,1639,16383,1656,1645,1637527,800,2007,2079,524188,11953,8,382527,1496,52525,649,965263195,965362301,0,965362315,965362830,3351927765,17859279,0.0758,1646.0,0.075347411277503,-0.044654403831674294,0.0758,25.33,77.6,,,,,,
2026-07-30T19:32:04.407978+00:00,S021,mounted,true,healthy,none,1500,healthy_horizontal_no_load_1500rpm,965461,1502,277,1420,1881,1,0,1122446,9,240,73,1,2,1652,1494,1219,60,119,1640,16383,1657,1645,1637823,800,2002,2195,524227,11955,8,382529,1496,52526,649,965363233,965462343,0,965462352,965462867,3353155155,17865255,0.0758,1646.0,0.2680716424090335,-0.05354607603513184,0.0758,25.3,77.5,,,,,,
2026-07-30T19:32:04.549416+00:00,S021,mounted,true,healthy,none,1500,healthy_horizontal_no_load_1500rpm,965561,1524,276,1398,1852,5,0,1122507,9,240,73,2,2,1652,1495,1192,60,119,1635,16383,1657,1644,1637721,800,1967,2109,524257,11956,8,382532,1496,52527,649,965463270,965562384,0,965562394,965562909,3352737277,17868246,0.0758,1646.0,0.12446617029106699,-0.11214469086651091,0.0758,25.46,77.8,,,,,,
2026-07-30T19:32:04.643509+00:00,S021,mounted,true,healthy,none,1500,healthy_horizontal_no_load_1500rpm,965662,1545,275,1385,1830,6,0,1122569,9,240,74,0,3,1652,1494,1192,63,131,1634,16383,1655,1647,1653533,808,1999,2081,524223,11955,8,382533,1496,52528,649,965563315,965663088,0,965663162,965663677,3383934857,17865255,0.0758,1646.0,0.07810055483061484,-0.05854531518193262,0.0758,25.49,77.9,,,,,,
2026-07-30T19:32:04.736131+00:00,S021,mounted,true,healthy,none,1500,healthy_horizontal_no_load_1500rpm,965762,1533,276,1394,1844,3,0,1122631,9,240,74,2,3,1652,1494,1196,64,136,1635,16383,1655,1648,1637511,800,1901,2179,524210,11951,8,382527,1496,52529,649,965664078,965763150,0,965763228,965763743,3351899711,17853305,0.0758,1646.0,0.24262436758430228,-0.22079351409923875,0.0758,25.46,77.8,,,,,,
2026-07-30T19:32:04.828910+00:00,S021,mounted,true,healthy,none,1500,healthy_horizontal_no_load_1500rpm,965862,1512,277,1412,1871,3,0,1122691,9,240,74,1,3,1652,1495,1206,64,136,1631,16383,1655,1646,1637911,800,2013,2153,524256,11959,8,382537,1496,52530,649,965764146,965863227,0,965863301,965863815,3353504729,17877211,0.0758,1646.0,0.1968822651559492,-0.03633752914123267,0.0758,25.58,78.0,,,,,,
2026-07-30T19:32:04.923512+00:00,S021,mounted,true,healthy,none,1500,healthy_horizontal_no_load_1500rpm,965962,1502,276,1423,1882,1,0,1122752,9,240,73,0,2,1652,1495,1196,64,133,1629,16383,1658,1646,1637596,800,2015,2127,524272,11958,8,382544,1496,52531,649,965864218,965963280,0,965963359,965963874,3352213524,17874222,0.0758,1646.0,0.15386632764676378,-0.032725110386352174,0.0758,25.64,78.1,,,,,,
2026-07-30T19:32:05.017281+00:00,S021,mounted,true,healthy,none,1500,healthy_horizontal_no_load_1500rpm,966062,1508,277,1414,1873,1,0,1122812,9,240,73,1,3,1652,1495,1213,61,123,1631,16383,1655,1646,1638170,800,1841,2075,524291,11956,8,382547,1496,52532,649,965964274,966063352,0,966063426,966063941,3354596250,17868244,0.0758,1646.0,0.06781286550685817,-0.3220951733021078,0.0758,25.58,78.0,,,,,,
2026-07-30T19:32:05.111245+00:00,S021,mounted,true,healthy,none,1500,healthy_horizontal_no_load_1500rpm,966162,1515,276,1407,1864,1,0,1122872,9,240,73,0,2,1652,1494,1229,61,123,1626,16383,1656,1647,1637772,800,2013,2077,524279,11954,8,382546,1496,52533,649,966064344,966163405,0,966163479,966163994,3352930980,17862270,0.0758,1646.0,0.07172444085661667,-0.034934916011377215,0.0758,25.73,78.3,,,,,,
2026-07-30T19:32:05.203802+00:00,S021,mounted,true,healthy,none,1500,healthy_horizontal_no_load_1500rpm,966263,1517,276,1407,1862,4,0,1122934,9,240,74,0,2,1652,1494,1233,62,121,1627,16383,1655,1643,1654220,808,2011,2149,524283,11954,8,382545,1496,52534,649,966164395,966264061,0,966264076,966264591,3386766780,17862266,0.0758,1646.0,0.19171621733311017,-0.03826802091350201,0.0758,25.7,78.3,,,,,,
2026-07-30T19:32:05.343127+00:00,S021,mounted,true,healthy,none,1500,healthy_horizontal_no_load_1500rpm,966363,1539,276,1385,1834,6,0,1122995,9,240,73,1,3,1652,1494,1242,62,121,1623,16383,1657,1647,1637801,800,1947,2079,524284,11955,8,382545,1496,52535,649,966264992,966364107,0,966364117,966364632,3353057801,17865255,0.0758,1646.0,0.07476772873274751,-0.14519879372647448,0.0758,25.82,78.5,,,,,,
2026-07-30T19:32:05.439526+00:00,S021,mounted,true,healthy,none,1500,healthy_horizontal_no_load_1500rpm,966463,1547,276,1380,1826,3,0,1123057,9,240,73,0,2,1652,1495,1209,60,121,1618,16383,1656,1648,1637907,800,2019,2071,524312,11956,8,382547,1496,52536,649,966365038,966464161,0,966464171,966464686,3353475895,17868244,0.0758,1646.0,0.061147770826363246,-0.025498460020073832,0.0758,25.97,78.8,,,,,,
2026-07-30T19:32:05.532697+00:00,S021,mounted,true,healthy,none,1500,healthy_horizontal_no_load_1500rpm,966563,1544,278,1382,1833,5,0,1123119,9,240,74,0,3,1652,1494,1229,59,118,1623,16383,1655,1646,1638256,800,2017,2073,524315,11954,8,382546,1496,52537,649,966465090,966564188,0,966564203,966564718,3354909442,17862266,0.0758,1646.0,0.06505823105236708,-0.028268706207127625,0.0758,25.82,78.5,,,,,,
2026-07-30T19:32:05.627218+00:00,S021,mounted,true,healthy,none,1500,healthy_horizontal_no_load_1500rpm,966663,1536,277,1390,1841,4,0,1123180,9,240,74,1,3,1652,1494,1237,59,118,1626,16383,1657,1646,1637886,800,2019,2083,524285,11955,8,382546,1496,52538,649,966565119,966664226,0,966664236,966664750,3353395242,17865257,0.0758,1646.0,0.08143338092848174,-0.025217054203262812,0.0758,25.73,78.3,,,,,,
2026-07-30T19:32:05.720751+00:00,S021,mounted,true,healthy,none,1500,healthy_horizontal_no_load_1500rpm,966763,1535,277,1390,1842,2,0,1123242,9,240,74,0,3,1652,1494,1242,59,119,1625,16383,1655,1647,1638174,800,2005,2085,524290,11954,8,382545,1496,52539,649,966665152,966764366,0,966764380,966764895,3354573806,17862268,0.0758,1646.0,0.08505686046511629,-0.048267335619876395,0.0758,25.76,78.4,,,,,,
2026-07-30T19:32:05.812198+00:00,S021,mounted,true,healthy,none,1500,healthy_horizontal_no_load_1500rpm,966863,1556,276,1371,1815,1,0,1123304,9,240,74,1,3,1652,1494,1238,60,132,1629,16383,1657,1646,1638157,800,1877,2277,524316,11951,8,382538,1496,52540,649,966765300,966864405,0,966864414,966864929,3354592149,17853303,0.0758,1646.0,0.4059875057317375,-0.260800813237386,0.0758,25.64,78.1,,,,,,
2026-07-30T19:32:05.953790+00:00,S021,mounted,true,healthy,none,1500,healthy_horizontal_no_load_1500rpm,966964,1565,277,1363,1806,6,0,1123367,9,240,74,0,3,1652,1494,1263,60,132,1630,16383,1656,1646,1653925,808,1999,2074,524257,11955,8,382539,1496,52541,649,966865332,966965062,0,966965136,966965651,3385534189,17865255,0.0758,1646.0,0.06643566348807983,-0.05854531518193262,0.0758,25.61,78.1,,,,,,
2026-07-30T19:32:06.047275+00:00,S021,mounted,true,healthy,none,1500,healthy_horizontal_no_load_1500rpm,967064,1555,279,1374,1823,3,0,1123429,9,240,74,3,3,1652,1494,1243,57,129,1633,16383,1657,1647,1637911,800,1871,2133,524311,11955,8,382540,1496,52542,649,966966055,967065132,0,967065206,967065720,3353535955,17865257,0.0758,1646.0,0.1647540333751567,-0.2718461854454204,0.0758,25.52,77.9,,,,,,
2026-07-30T19:32:06.145617+00:00,S021,mounted,true,healthy,none,1500,healthy_horizontal_no_load_1500rpm,967164,1532,277,1396,1848,5,0,1123491,9,240,74,1,3,1652,1494,1208,57,129,1634,16383,1656,1647,1637392,800,2018,2089,524279,11954,8,382540,1496,52543,649,967066123,967165194,0,967165273,967165788,3351373856,17862268,0.0758,1646.0,0.09172307026936588,-0.026602153756065228,0.0758,25.49,77.9,,,,,,
2026-07-30T19:32:06.234706+00:00,S021,mounted,true,healthy,none,1500,healthy_horizontal_no_load_1500rpm,967264,1519,276,1406,1861,4,0,1123552,9,240,74,0,2,1652,1495,1232,58,128,1630,16383,1656,1647,1637899,800,1998,2100,524281,11956,8,382543,1496,52544,649,967166191,967265420,0,967265498,967266013,3353452685,17868244,0.0758,1646.0,0.10946970725995309,-0.06049020709267339,0.0758,25.61,78.1,,,,,,
2026-07-30T19:32:06.327615+00:00,S021,mounted,true,healthy,none,1500,healthy_horizontal_no_load_1500rpm,967365,1518,277,1406,1862,6,0,1123613,9,240,74,0,3,1652,1495,1239,58,124,1631,16383,1656,1647,1654103,808,1939,2087,524285,11956,8,382546,1496,52545,649,967266414,967366073,0,967366239,967366754,3386279483,17868244,0.0758,1646.0,0.08780814954834382,-0.1588003536299767,0.0758,25.58,78.0,,,,,,
2026-07-30T19:32:06.420596+00:00,S021,mounted,true,healthy,none,1500,healthy_horizontal_no_load_1500rpm,967465,1517,271,1411,1858,6,0,1123673,9,240,73,0,3,1652,1494,1218,58,124,1629,16383,1657,1647,1637865,800,2011,2075,524291,11955,8,382546,1496,52546,649,967367154,967466221,0,967466230,967466744,3353307235,17865257,0.0758,1646.0,0.06810207653701328,-0.03854835859473038,0.0758,25.64,78.1,,,,,,
2026-07-30T19:32:06.514697+00:00,S021,mounted,true,healthy,none,1500,healthy_horizontal_no_load_1500rpm,967565,1518,278,1404,1862,2,0,1123734,9,240,74,0,3,1652,1494,1222,57,125,1627,16383,1655,1647,1638211,800,1911,2161,524317,11953,8,382543,1496,52547,649,967467145,967566275,0,967566284,967566801,3354758245,17859279,0.0758,1646.0,0.21201614515184408,-0.2046568239772446,0.0758,25.7,78.3,,,,,,
2026-07-30T19:32:06.656895+00:00,S021,mounted,true,healthy,none,1500,healthy_horizontal_no_load_1500rpm,967665,1526,277,1398,1853,3,0,1123795,9,240,73,1,3,1652,1495,1218,60,141,1636,16383,1657,1648,1638530,800,1919,2077,524341,11957,8,382548,1496,52548,649,967567202,967666299,0,967666309,967666824,3356042992,17871233,0.0758,1646.0,0.07085597148114076,-0.192393250229991,0.0758,25.43,77.8,,,,,,
2026-07-30T19:32:06.750669+00:00,S021,mounted,true,healthy,none,1500,healthy_horizontal_no_load_1500rpm,967765,1532,277,1392,1845,1,0,1123856,9,240,74,0,3,1652,1494,1246,60,141,1629,16383,1658,1645,1638334,800,2016,2083,524366,11955,8,382548,1496,52549,649,967667227,967766334,0,967766343,967766862,3355230190,17865257,0.0758,1646.0,0.08143338092848174,-0.030216293350062706,0.0758,25.64,78.1,,,,,,
2026-07-30T19:32:06.846598+00:00,S021,mounted,true,healthy,none,1500,healthy_horizontal_no_load_1500rpm,967865,1530,277,1394,1847,4,0,1123918,9,240,74,1,2,1652,1494,1208,61,144,1627,16383,1655,1643,1637435,800,2013,2070,524280,11955,8,382548,1496,52550,649,967767263,967866372,0,967866382,967866897,3351551337,17865255,0.0758,1646.0,0.05977001129234605,-0.03521553249686349,0.0758,25.7,78.3,,,,,,
2026-07-30T19:32:06.939040+00:00,S021,mounted,true,healthy,none,1500,healthy_horizontal_no_load_1500rpm,967965,1532,277,1391,1844,6,0,1123979,9,240,74,0,3,1652,1494,1222,61,144,1624,16383,1657,1648,1638185,800,2009,2079,524313,11955,8,382548,1496,52551,649,967867300,967966413,0,967966422,967966937,3354617865,17865255,0.0758,1646.0,0.07476772873274751,-0.04188118469259772,0.0758,25.79,78.4,,,,,,
2026-07-30T19:32:07.034948+00:00,S021,mounted,true,healthy,none,1500,healthy_horizontal_no_load_1500rpm,968065,1533,275,1393,1842,3,0,1124041,9,240,73,0,2,1652,1495,1227,61,142,1624,16383,1656,1644,1637635,800,2013,2151,524264,11956,8,382550,1496,52552,649,967967338,968066454,0,968066468,968066983,3352377407,17868244,0.0758,1646.0,0.1944496644362661,-0.03549610204081688,0.0758,25.79,78.4,,,,,,
2026-07-30T19:32:07.127877+00:00,S021,mounted,true,healthy,none,1500,healthy_horizontal_no_load_1500rpm,968166,1511,274,1413,1867,1,0,1124102,9,240,74,1,3,1652,1494,1196,62,139,1625,16383,1656,1647,1654525,808,2014,2075,524319,11954,8,382549,1496,52553,649,968067383,968167082,0,968167161,968167676,3387992911,17862266,0.0758,1646.0,0.06839133595449187,-0.03326836356031526,0.0758,25.76,78.4,,,,,,
2026-07-30T19:32:07.221029+00:00,S021,mounted,true,healthy,none,1500,healthy_horizontal_no_load_1500rpm,968266,1502,276,1422,1881,1,0,1124162,9,240,73,0,3,1652,1494,1209,62,139,1622,16383,1656,1647,1637841,800,2011,2098,524322,11952,8,382544,1496,52554,649,968168078,968267146,0,968267225,968267740,3353213539,17856294,0.0758,1646.0,0.10730712048192714,-0.03770720481927725,0.0758,25.85,78.5,,,,,,
2026-07-30T19:32:07.362751+00:00,S021,mounted,true,healthy,none,1500,healthy_horizontal_no_load_1500rpm,968366,1500,277,1421,1883,1,0,1124222,9,240,73,1,2,1652,1495,1211,61,143,1625,16383,1656,1643,1637508,800,1939,2102,524285,11957,8,382549,1496,52555,649,968268140,968367213,0,968367292,968367807,3351863108,17871235,0.0758,1646.0,0.112509329346826,-0.1590705639374428,0.0758,25.76,78.4,,,,,,
2026-07-30T19:32:07.457199+00:00,S021,mounted,true,healthy,none,1500,healthy_horizontal_no_load_1500rpm,968466,1509,276,1415,1873,1,0,1124282,9,240,74,0,3,1652,1494,1212,62,132,1629,16383,1658,1646,1638297,800,1985,2193,524296,11954,8,382548,1496,52556,649,968368209,968467301,0,968467375,968467890,3355105483,17862268,0.0758,1646.0,0.26504452517985566,-0.08159838464112479,0.0758,25.64,78.1,,,,,,
2026-07-30T19:32:07.549976+00:00,S021,mounted,true,healthy,none,1500,healthy_horizontal_no_load_1500rpm,968566,1516,276,1410,1865,5,0,1124343,9,240,73,0,3,1652,1494,1221,62,132,1634,16383,1656,1646,1637349,800,1855,2081,524266,11952,8,382543,1496,52557,649,968468290,968567346,0,968567425,968567940,3351236515,17856292,0.0758,1646.0,0.07897098795180701,-0.2977328915662656,0.0758,25.49,77.9,,,,,,
2026-07-30T19:32:07.644233+00:00,S021,mounted,true,healthy,none,1500,healthy_horizontal_no_load_1500rpm,968666,1505,275,1423,1881,5,0,1124403,9,240,74,2,3,1652,1495,1198,62,133,1643,16383,1655,1645,1637492,800,1998,2074,524276,11957,8,382548,1496,52558,649,968568340,968667410,0,968667484,968667999,3351784702,17871233,0.0758,1646.0,0.065857568537258,-0.06076863937442489,0.0758,25.21,77.4,,,,,,
2026-07-30T19:32:07.736806+00:00,S021,mounted,true,healthy,none,1500,healthy_horizontal_no_load_1500rpm,968767,1487,275,1438,1900,5,0,1124463,9,240,73,0,2,1652,1494,1213,62,133,1636,16383,1657,1647,1654430,808,1967,2085,524299,11954,8,382547,1496,52559,649,968668406,968768073,0,968768083,968768598,3387611598,17862268,0.0758,1646.0,0.08505686046511629,-0.1115963287602475,0.0758,25.43,77.8,,,,,,
2026-07-30T19:32:07.830349+00:00,S021,mounted,true,healthy,none,1500,healthy_horizontal_no_load_1500rpm,968867,1486,275,1438,1901,5,0,1124523,9,240,73,1,2,1652,1495,1195,65,141,1629,16383,1659,1647,1637910,800,2006,2073,524303,11957,8,382551,1496,52560,649,968769002,968868189,0,968868204,968868719,3353496014,17871233,0.0758,1646.0,0.06419143422263085,-0.04743956485740597,0.0758,25.64,78.1,,,,,,
2026-07-30T19:32:07.925562+00:00,S021,mounted,true,healthy,none,1500,healthy_horizontal_no_load_1500rpm,968967,1526,274,1399,1849,4,0,1124584,9,240,73,2,2,1652,1495,1206,64,143,1630,16383,1657,1648,1637913,800,2009,2080,524299,11956,8,382553,1496,52561,649,968869121,968968328,0,968968342,968968858,3353504933,17868244,0.0758,1646.0,0.07614423385747715,-0.0421611967213118,0.0758,25.61,78.1,,,,,,
2026-07-30T19:32:08.021133+00:00,S021,mounted,true,healthy,none,1500,healthy_horizontal_no_load_1500rpm,969067,1545,276,1380,1827,6,0,1124645,9,240,74,0,3,1652,1494,1200,64,143,1631,16383,1657,1644,1638349,800,2015,2107,524324,11953,8,382550,1496,52562,649,968969260,969068524,0,969068534,969069051,3355302367,17859279,0.0758,1646.0,0.12201478381996145,-0.031320868819543435,0.0758,25.58,78.0,,,,,,
2026-07-30T19:32:08.160644+00:00,S021,mounted,true,healthy,none,1500,healthy_horizontal_no_load_1500rpm,969168,1539,276,1387,1835,3,0,1124707,9,240,74,1,3,1652,1495,1193,66,146,1625,16383,1657,1646,1654221,808,1993,2095,524297,11957,8,382554,1496,52563,649,969069451,969169072,0,969169146,969169661,3386749183,17871233,0.0758,1646.0,0.10084638914443422,-0.06909931094756239,0.0758,25.76,78.4,,,,,,
2026-07-30T19:32:08.254372+00:00,S021,mounted,true,healthy,none,1500,healthy_horizontal_no_load_1500rpm,969268,1521,277,1404,1860,1,0,1124768,9,240,74,1,3,1652,1494,1230,66,142,1628,16383,1657,1647,1638304,800,2017,2149,524287,11954,8,382553,1496,52564,649,969170064,969269139,0,969269213,969269727,3355122620,17862270,0.0758,1646.0,0.19171621733311017,-0.028268706207127625,0.0758,25.67,78.2,,,,,,
2026-07-30T19:32:08.347946+00:00,S021,mounted,true,healthy,none,1500,healthy_horizontal_no_load_1500rpm,969368,1518,277,1406,1863,5,0,1124829,9,240,74,0,3,1652,1494,1209,66,142,1643,16383,1657,1647,1637862,800,2019,2075,524313,11952,8,382548,1496,52565,649,969270130,969369281,0,969369355,969369874,3353290360,17856292,0.0758,1646.0,0.06896999999999975,-0.024372554216868014,0.0758,25.21,77.4,,,,,,
2026-07-30T19:32:08.440563+00:00,S021,mounted,true,healthy,none,1500,healthy_horizontal_no_load_1500rpm,969468,1497,273,1429,1885,5,0,1124889,9,240,73,2,2,1652,1494,1211,64,139,1637,16383,1657,1644,1638132,800,1931,2082,524334,11952,8,382543,1496,52566,649,969370274,969469336,0,969469410,969469925,3354411806,17856294,0.0758,1646.0,0.08063781927710822,-0.17105371084337362,0.0758,25.4,77.7,,,,,,
2026-07-30T19:32:08.532838+00:00,S021,mounted,true,healthy,none,1500,healthy_horizontal_no_load_1500rpm,969568,1486,273,1441,1901,5,0,1124949,9,240,73,0,2,1652,1494,1212,64,139,1634,16383,1655,1648,1637753,800,2019,2079,524279,11955,8,382544,1496,52567,649,969470327,969569393,0,969569471,969569986,3352845387,17865259,0.0758,1646.0,0.07476772873274751,-0.025217054203262812,0.0758,25.49,77.9,,,,,,
2026-07-30T19:32:08.626001+00:00,S021,mounted,true,healthy,none,1500,healthy_horizontal_no_load_1500rpm,969669,1479,272,1445,1906,1,0,1125008,9,240,73,0,3,1652,1494,1238,65,140,1627,16383,1657,1647,1653783,808,2011,2085,524261,11953,8,382541,1496,52568,649,969570387,969670066,0,969670075,969670590,3384955943,17859291,0.0758,1646.0,0.08534756253660136,-0.037987636325608864,0.0758,25.7,78.3,,,,,,
2026-07-30T19:32:08.765947+00:00,S021,mounted,true,healthy,none,1500,healthy_horizontal_no_load_1500rpm,969769,1471,274,1453,1919,3,0,1125067,9,240,74,1,2,1652,1495,1219,64,134,1631,16383,1656,1645,1638612,800,2015,2231,524322,11956,8,382544,1496,52569,649,969670991,969770101,0,969770111,969770626,3356399082,17868244,0.0758,1646.0,0.3277515580461694,-0.0321635547005692,0.0758,25.58,78.0,,,,,,
2026-07-30T19:32:08.859500+00:00,S021,mounted,true,healthy,none,1500,healthy_horizontal_no_load_1500rpm,969869,1467,273,1456,1921,2,0,1125126,9,240,73,0,2,1652,1494,1242,64,134,1625,16383,1657,1647,1637524,800,1951,2083,524278,11953,8,382541,1496,52570,649,969771028,969870130,0,969870139,969870654,3351922508,17859281,0.0758,1646.0,0.08201417878356887,-0.1379891489165903,0.0758,25.76,78.4,,,,,,
2026-07-30T19:32:08.953247+00:00,S021,mounted,true,healthy,none,1500,healthy_horizontal_no_load_1500rpm,969969,1473,274,1452,1917,6,0,1125185,9,240,73,0,2,1652,1495,1232,63,129,1623,16383,1657,1648,1637667,800,1891,2071,524302,11956,8,382544,1496,52571,649,969871058,969970224,0,969970234,969970749,3352520913,17868246,0.0758,1646.0,0.061147770826363246,-0.2387814897959184,0.0758,25.82,78.5,,,,,,
2026-07-30T19:32:09.045760+00:00,S021,mounted,true,healthy,none,1500,healthy_horizontal_no_load_1500rpm,970069,1478,276,1445,1913,4,0,1125244,9,240,74,0,2,1652,1494,1245,62,132,1624,16383,1655,1646,1637506,800,2013,2075,524300,11954,8,382543,1496,52572,649,969971153,970070280,0,970070289,970070804,3351832608,17862270,0.0758,1646.0,0.06839133595449187,-0.034934916011377215,0.0758,25.79,78.4,,,,,,
2026-07-30T19:32:09.139680+00:00,S021,mounted,true,healthy,none,1500,healthy_horizontal_no_load_1500rpm,970169,1484,276,1439,1905,4,0,1125304,9,240,74,0,2,1652,1494,1232,62,132,1634,16383,1659,1644,1638474,800,1900,2285,524304,11954,8,382543,1496,52573,649,970071205,970170414,0,970170428,970170943,3355984788,17862270,0.0758,1646.0,0.41836735067759756,-0.22325534298142902,0.0758,25.49,77.9,,,,,,
2026-07-30T19:32:09.234239+00:00,S021,mounted,true,healthy,none,1500,healthy_horizontal_no_load_1500rpm,970270,1492,275,1431,1892,4,0,1125364,9,240,74,0,3,1652,1494,1258,62,135,1627,16383,1658,1647,1654373,808,2009,2085,524319,11952,8,382539,1496,52574,649,970171344,970271076,0,970271150,970271665,3387378897,17856292,0.0758,1646.0,0.08563831325301186,-0.04104086746987967,0.0758,25.7,78.3,,,,,,
2026-07-30T19:32:09.328511+00:00,S021,mounted,true,healthy,none,1500,healthy_horizontal_no_load_1500rpm,970370,1496,277,1427,1890,4,0,1125424,9,240,74,0,2,1652,1494,1225,62,135,1641,16383,1656,1644,1637219,800,1981,2075,524261,11955,8,382540,1496,52575,649,970272065,970371263,0,970371342,970371857,3350663255,17865255,0.0758,1646.0,0.06810207653701328,-0.08854075006273554,0.0758,25.27,77.5,,,,,,
2026-07-30T19:32:09.471797+00:00,S021,mounted,true,healthy,none,1500,healthy_horizontal_no_load_1500rpm,970470,1501,275,1423,1882,4,0,1125484,9,240,73,1,3,1652,1494,1256,62,141,1637,16383,1656,1647,1637574,800,2022,2075,524264,11955,8,382541,1496,52576,649,970372258,970471320,0,970471394,970471909,3352112908,17865255,0.0758,1646.0,0.06810207653701328,-0.02021781505646203,0.0758,25.4,77.7,,,,,,
2026-07-30T19:32:09.564568+00:00,S021,mounted,true,healthy,none,1500,healthy_horizontal_no_load_1500rpm,970571,1511,275,1413,1869,6,0,1125545,9,240,73,0,3,1652,1495,1232,63,134,1630,16383,1657,1645,1654251,808,2022,2215,524287,11958,8,382548,1496,52577,649,970472312,970572075,0,970572089,970572604,3386894663,17874222,0.0758,1646.0,0.3004738861013543,-0.021063145509282677,0.0758,25.61,78.1,,,,,,
2026-07-30T19:32:09.658973+00:00,S021,mounted,true,healthy,none,1500,healthy_horizontal_no_load_1500rpm,970671,1516,275,1407,1861,6,0,1125605,9,240,74,0,3,1652,1494,1221,63,134,1630,16383,1656,1647,1637847,800,2013,2075,524279,11955,8,382548,1496,52578,649,970573004,970672308,0,970672318,970672832,3353234573,17865255,0.0758,1646.0,0.06810207653701328,-0.03521553249686349,0.0758,25.61,78.1,,,,,,
2026-07-30T19:32:09.752337+00:00,S021,mounted,true,healthy,none,1500,healthy_horizontal_no_load_1500rpm,970772,1524,275,1400,1851,3,0,1125667,9,240,73,1,3,1652,1495,1236,66,142,1624,16383,1657,1647,1654598,808,1839,2159,524312,11958,8,382554,1496,52579,649,970673232,970772818,0,970772896,970773411,3388378060,17874222,0.0758,1646.0,0.20717816708479608,-0.32594022729553496,0.0758,25.79,78.4,,,,,,
2026-07-30T19:32:09.845237+00:00,S021,mounted,true,healthy,none,1500,healthy_horizontal_no_load_1500rpm,970872,1531,276,1394,1846,1,0,1125728,9,240,74,0,3,1652,1494,1238,66,142,1627,16383,1658,1648,1638289,800,2018,2077,524341,11954,8,382553,1496,52580,649,970773814,970872855,0,970872929,970873444,3355045055,17862268,0.0758,1646.0,0.07172444085661667,-0.026602153756065228,0.0758,25.7,78.3,,,,,,
2026-07-30T19:32:09.938652+00:00,S021,mounted,true,healthy,none,1500,healthy_horizontal_no_load_1500rpm,970972,1529,272,1401,1847,5,0,1125789,9,240,74,1,2,1652,1494,1239,66,142,1625,16383,1656,1647,1638316,800,2019,2201,524339,11953,8,382550,1496,52581,649,970873845,970972901,0,970972975,970973490,3355190856,17859277,0.0758,1646.0,0.2786838202124988,-0.024654101313478005,0.0758,25.76,78.4,,,,,,
2026-07-30T19:32:10.031540+00:00,S021,mounted,true,healthy,none,1500,healthy_horizontal_no_load_1500rpm,971072,1518,275,1408,1862,4,0,1125850,9,240,74,0,3,1652,1494,1221,66,141,1626,16383,1657,1646,1638124,800,1899,2089,524338,11954,8,382549,1496,52582,649,970973893,971072931,0,971073005,971073520,3354395400,17862270,0.0758,1646.0,0.09172307026936588,-0.22492189543249141,0.0758,25.73,78.3,,,,,,
2026-07-30T19:32:10.174299+00:00,S021,mounted,true,healthy,none,1500,healthy_horizontal_no_load_1500rpm,971172,1518,277,1406,1862,6,0,1125911,9,240,74,0,2,1652,1494,1221,66,141,1634,16383,1657,1647,1637819,800,2005,2077,524294,11953,8,382546,1496,52583,649,971073924,971172976,0,971173054,971173569,3353117723,17859279,0.0758,1646.0,0.07201402752447095,-0.04798778758470679,0.0758,25.49,77.9,,,,,,
2026-07-30T19:32:10.268770+00:00,S021,mounted,true,healthy,none,1500,healthy_horizontal_no_load_1500rpm,971272,1522,276,1401,1855,2,0,1125972,9,240,74,0,3,1652,1494,1237,67,146,1633,16383,1655,1647,1637557,800,2021,2071,524252,11954,8,382545,1496,52584,649,971173970,971273077,0,971273156,971273671,3352044581,17862268,0.0758,1646.0,0.06172512615024228,-0.021602496402878035,0.0758,25.52,77.9,,,,,,
2026-07-30T19:32:10.361582+00:00,S021,mounted,true,healthy,none,1500,healthy_horizontal_no_load_1500rpm,971372,1528,275,1398,1849,3,0,1126033,9,240,73,0,2,1652,1494,1203,62,136,1633,16383,1658,1648,1638697,800,1953,2097,524350,11954,8,382544,1496,52585,649,971274072,971373183,0,971373257,971373772,3356732483,17862266,0.0758,1646.0,0.10505548987786506,-0.1349280630751215,0.0758,25.52,77.9,,,,,,
2026-07-30T19:32:10.455082+00:00,S021,mounted,true,healthy,none,1500,healthy_horizontal_no_load_1500rpm,971472,1531,279,1393,1849,1,0,1126094,9,240,74,1,2,1653,1495,1216,62,136,1642,16383,1656,1647,1638139,800,1938,2156,524376,11957,8,382549,1496,52586,649,971374172,971473239,0,971473313,971473828,3354448441,17871233,0.0796,1646.0,0.2024805823367064,-0.16073669825206993,0.0796,25.24,77.4,,,,,,
2026-07-30T19:32:10.546076+00:00,S021,mounted,true,healthy,none,1500,healthy_horizontal_no_load_1500rpm,971572,1523,277,1403,1859,5,0,1126155,9,240,74,1,3,1652,1495,1219,63,126,1642,16383,1657,1647,1637952,800,2023,2079,524347,11957,8,382553,1496,52587,649,971474235,971573302,0,971573376,971573891,3353661552,17871233,0.0758,1646.0,0.07418824011039549,-0.019115281508739645,0.0758,25.24,77.4,,,,,,
2026-07-30T19:32:10.641199+00:00,S021,mounted,true,healthy,none,1500,healthy_horizontal_no_load_1500rpm,971673,1517,278,1407,1865,4,0,1126216,9,240,74,1,3,1652,1494,1199,62,122,1630,16383,1657,1647,1654434,808,1939,2184,524328,11955,8,382553,1496,52588,649,971574293,971674109,0,971674118,971674634,3387649354,17865259,0.0758,1646.0,0.24974109887076468,-0.1585300981179425,0.0758,25.61,78.1,,,,,,
2026-07-30T19:32:10.735772+00:00,S021,mounted,true,healthy,none,1500,healthy_horizontal_no_load_1500rpm,971773,1546,276,1375,1822,2,0,1126278,9,240,73,4,3,1652,1494,1213,62,122,1628,16383,1657,1647,1638442,800,1965,2337,524345,11955,8,382553,1496,52589,649,971675036,971774279,0,971774293,971774808,3355765704,17865257,0.0758,1646.0,0.5047022953575908,-0.11520335884567157,0.0758,25.67,78.2,,,,,,
2026-07-30T19:32:10.878264+00:00,S021,mounted,true,healthy,none,1500,healthy_horizontal_no_load_1500rpm,971873,1580,278,1347,1788,5,0,1126341,9,240,74,2,3,1653,1494,1219,62,129,1628,16383,1659,1647,1639335,800,2027,2071,524481,11955,8,382553,1496,52590,649,971775210,971874280,0,971874294,971874809,3359321169,17865257,0.0796,1646.0,0.06143642434127994,-0.011885749811794355,0.0796,25.67,78.2,,,,,,
2026-07-30T19:32:10.974096+00:00,S021,mounted,true,healthy,none,1500,healthy_horizontal_no_load_1500rpm,971973,1597,279,1335,1773,3,0,1126405,9,240,74,0,3,1653,1494,1207,62,129,1621,16383,1658,1644,1638034,800,1951,2075,524476,11953,8,382550,1496,52591,649,971875211,971974334,0,971974348,971974863,3354013750,17859281,0.0796,1646.0,0.06868064377143801,-0.1379891489165903,0.0796,25.88,78.6,,,,,,
2026-07-30T19:32:11.064222+00:00,S021,mounted,true,healthy,none,1500,healthy_horizontal_no_load_1500rpm,972073,1561,280,1370,1818,5,0,1126467,9,240,74,5,3,1653,1494,1217,62,122,1625,16383,1657,1647,1638332,800,1909,2085,524516,11953,8,382547,1496,52592,649,971975264,972074350,0,972074359,972074874,3355242302,17859279,0.0796,1646.0,0.08534756253660136,-0.20799020773027754,0.0796,25.76,78.4,,,,,,
2026-07-30T19:32:11.158017+00:00,S021,mounted,true,healthy,none,1500,healthy_horizontal_no_load_1500rpm,972174,1511,278,1415,1875,4,0,1126528,9,240,74,2,3,1653,1494,1213,62,127,1631,16383,1656,1647,1654456,808,2015,2283,524491,11953,8,382544,1496,52593,649,972075280,972175091,0,972175165,972175680,3387768148,17859277,0.0796,1646.0,0.4153525540868399,-0.031320868819543435,0.0796,25.58,78.0,,,,,,
2026-07-30T19:32:11.251180+00:00,S021,mounted,true,healthy,none,1500,healthy_horizontal_no_load_1500rpm,972274,1503,277,1420,1881,4,0,1126588,9,240,73,0,3,1653,1494,1203,62,127,1630,16383,1656,1647,1637989,800,1999,2074,524492,11955,8,382545,1496,52594,649,972176086,972275173,0,972275247,972275762,3353817797,17865257,0.0796,1646.0,0.06643566348807983,-0.05854531518193262,0.0796,25.61,78.1,,,,,,
2026-07-30T19:32:11.345759+00:00,S021,mounted,true,healthy,none,1500,healthy_horizontal_no_load_1500rpm,972374,1511,276,1414,1871,6,0,1126649,9,240,73,0,2,1653,1494,1216,63,134,1633,16383,1656,1647,1638547,800,2019,2190,524529,11953,8,382542,1496,52595,649,972276165,972375391,0,972375470,972375985,3356118939,17859281,0.0796,1646.0,0.2603502095708188,-0.024654101313478005,0.0796,25.52,77.9,,,,,,
2026-07-30T19:32:11.438771+00:00,S021,mounted,true,healthy,none,1500,healthy_horizontal_no_load_1500rpm,972475,1515,277,1408,1866,2,0,1126710,9,240,73,0,3,1653,1494,1214,61,134,1632,16383,1657,1643,1654351,808,1943,2102,524503,11953,8,382540,1496,52596,649,972376385,972476185,0,972476199,972476714,3387295645,17859279,0.0796,1646.0,0.11368132443737933,-0.15132268392872117,0.0796,25.55,78.0,,,,,,
2026-07-30T19:32:11.580276+00:00,S021,mounted,true,healthy,none,1500,healthy_horizontal_no_load_1500rpm,972575,1526,276,1396,1849,3,0,1126771,9,240,73,2,3,1653,1495,1207,61,134,1623,16383,1657,1643,1638254,800,1835,2192,524500,11957,8,382545,1496,52597,649,972477115,972576244,0,972576253,972576768,3354976870,17871235,0.0796,1646.0,0.26246141766329334,-0.3323485326586937,0.0796,25.82,78.5,,,,,,
2026-07-30T19:32:11.676010+00:00,S021,mounted,true,healthy,none,1500,healthy_horizontal_no_load_1500rpm,972675,1545,277,1381,1830,1,0,1126832,9,240,74,1,3,1653,1495,1204,59,123,1627,16383,1656,1647,1637994,800,1931,2211,524482,11956,8,382547,1496,52598,649,972577171,972676263,0,972676273,972676787,3353880688,17868244,0.0796,1646.0,0.29442608464369346,-0.17213054299096697,0.0796,25.7,78.3,,,,,,
2026-07-30T19:32:11.772892+00:00,S021,mounted,true,healthy,none,1500,healthy_horizontal_no_load_1500rpm,972775,1548,274,1378,1821,4,0,1126894,9,240,74,0,2,1653,1494,1200,59,123,1638,16383,1656,1645,1638260,800,2019,2078,524496,11949,8,382536,1496,52599,649,972677190,972776311,0,972776321,972776836,3354923378,17847327,0.0796,1646.0,0.07484010871202562,-0.023527630178257652,0.0796,25.36,77.7,,,,,,
2026-07-30T19:32:11.867445+00:00,S021,mounted,true,healthy,none,1500,healthy_horizontal_no_load_1500rpm,972875,1536,277,1390,1841,2,0,1126956,9,240,73,1,3,1653,1494,1231,59,126,1636,16383,1656,1646,1638194,800,2023,2082,524527,11955,8,382537,1496,52600,649,972777236,972876364,0,972876373,972876888,3354650588,17865259,0.0796,1646.0,0.07976696787954829,-0.018551402007528583,0.0796,25.43,77.8,,,,,,
2026-07-30T19:32:11.961987+00:00,S021,mounted,true,healthy,none,1500,healthy_horizontal_no_load_1500rpm,972975,1534,278,1391,1845,3,0,1127017,9,240,74,0,3,1653,1495,1221,61,127,1627,16383,1658,1647,1638636,800,2011,2181,524542,11956,8,382540,1496,52601,649,972877294,972976390,0,972976400,972976914,3356478740,17868244,0.0796,1646.0,0.24443787453998,-0.03882864938106412,0.0796,25.7,78.3,,,,,,
2026-07-30T19:32:12.054460+00:00,S021,mounted,true,healthy,none,1500,healthy_horizontal_no_load_1500rpm,973076,1531,276,1394,1846,5,0,1127079,9,240,73,0,2,1653,1494,1234,61,127,1628,16383,1656,1645,1654388,808,2015,2103,524522,11954,8,382540,1496,52602,649,972977314,973077052,0,973077126,973077641,3387439048,17862266,0.0796,1646.0,0.11505480458423945,-0.03160181110925242,0.0796,25.67,78.2,,,,,,
2026-07-30T19:32:12.147198+00:00,S021,mounted,true,healthy,none,1500,healthy_horizontal_no_load_1500rpm,973176,1533,275,1393,1842,4,0,1127140,9,240,73,0,3,1653,1494,1221,62,129,1628,16383,1656,1645,1638315,800,2019,2073,524507,11955,8,382541,1496,52603,649,973078046,973177106,0,973177180,973177695,3355146087,17865257,0.0796,1646.0,0.06476925043914683,-0.025217054203262812,0.0796,25.67,78.2,,,,,,
2026-07-30T19:32:12.240489+00:00,S021,mounted,true,healthy,none,1500,healthy_horizontal_no_load_1500rpm,973276,1530,277,1394,1847,2,0,1127202,9,240,74,0,2,1653,1494,1229,64,144,1625,16383,1656,1645,1637308,800,1991,2075,524415,11951,8,382535,1496,52604,649,973178095,973277318,0,973277397,973277912,3351037424,17853303,0.0796,1646.0,0.06925940465233005,-0.07076614233118583,0.0796,25.76,78.4,,,,,,
2026-07-30T19:32:12.383035+00:00,S021,mounted,true,healthy,none,1500,healthy_horizontal_no_load_1500rpm,973376,1502,276,1425,1885,2,0,1127262,9,240,74,2,3,1652,1495,1236,64,144,1623,16383,1656,1645,1637824,800,1847,2271,524329,11956,8,382538,1496,52605,649,973278312,973377374,0,973377448,973377964,3353265086,17868244,0.0758,1646.0,0.3944025048511204,-0.3120975312813652,0.0758,25.82,78.5,,,,,,
2026-07-30T19:32:12.476015+00:00,S021,mounted,true,healthy,none,1500,healthy_horizontal_no_load_1500rpm,973476,1489,276,1434,1898,2,0,1127322,9,240,74,0,3,1652,1494,1230,63,138,1625,16383,1656,1646,1637836,800,2009,2085,524294,11953,8,382536,1496,52606,649,973378367,973477421,0,973477500,973478015,3353190992,17859279,0.0758,1646.0,0.08534756253660136,-0.04132102007864136,0.0758,25.76,78.4,,,,,,
2026-07-30T19:32:12.568674+00:00,S021,mounted,true,healthy,none,1500,healthy_horizontal_no_load_1500rpm,973577,1495,275,1426,1887,2,0,1127382,9,240,73,3,3,1653,1494,1221,63,138,1628,16383,1657,1648,1655077,808,2015,2143,524396,11955,8,382537,1496,52607,649,973478415,973578229,0,973578238,973578753,3390265081,17865255,0.0796,1646.0,0.1814181638644916,-0.03188270639899615,0.0796,25.67,78.2,,,,,,
2026-07-30T19:32:12.663673+00:00,S021,mounted,true,healthy,none,1500,healthy_horizontal_no_load_1500rpm,973677,1526,275,1397,1848,3,0,1127443,9,240,73,2,2,1653,1495,1253,63,133,1631,16383,1656,1645,1637974,800,2017,2243,524360,11957,8,382542,1496,52608,649,973579159,973678250,0,973678260,973678775,3353792948,17871233,0.0796,1646.0,0.3474342677092914,-0.029112087396504283,0.0796,25.58,78.0,,,,,,
2026-07-30T19:32:12.757106+00:00,S021,mounted,true,healthy,none,1500,healthy_horizontal_no_load_1500rpm,973777,1542,275,1386,1832,5,0,1127505,9,240,74,0,3,1652,1494,1232,59,128,1627,16383,1656,1642,1637671,800,2007,2078,524334,11953,8,382540,1496,52609,649,973679177,973778289,0,973778303,973778819,3352518283,17859279,0.0758,1646.0,0.07368071940098675,-0.044654403831674294,0.0758,25.7,78.3,,,,,,
2026-07-30T19:32:12.851558+00:00,S021,mounted,true,healthy,none,1500,healthy_horizontal_no_load_1500rpm,973877,1532,277,1396,1849,4,0,1127566,9,240,74,2,3,1652,1495,1234,59,128,1621,16383,1656,1643,1637603,800,2017,2149,524298,11956,8,382543,1496,52610,649,973779219,973878363,0,973878373,973878888,3352247735,17868244,0.0758,1646.0,0.19111711709601842,-0.028831007360321514,0.0758,25.88,78.6,,,,,,
2026-07-30T19:32:12.990537+00:00,S021,mounted,true,healthy,none,1500,healthy_horizontal_no_load_1500rpm,973977,1505,277,1419,1880,4,0,1127626,9,240,74,1,3,1652,1495,1228,59,133,1634,16383,1656,1647,1637997,800,2015,2101,524293,11956,8,382546,1496,52611,649,973879290,973978390,0,973978400,973978915,3353848569,17868246,0.0758,1646.0,0.1111359809300767,-0.0321635547005692,0.0758,25.49,77.9,,,,,,
2026-07-30T19:32:13.086064+00:00,S021,mounted,true,healthy,none,1500,healthy_horizontal_no_load_1500rpm,974077,1499,276,1424,1885,4,0,1127686,9,240,73,0,2,1652,1494,1227,60,132,1631,16383,1659,1646,1638562,800,2021,2185,524334,11955,8,382546,1496,52612,649,973979318,974078413,0,974078423,974078937,3356193768,17865257,0.0758,1646.0,0.25140751191969857,-0.021884228105395476,0.0758,25.58,78.0,,,,,,
2026-07-30T19:32:13.178974+00:00,S021,mounted,true,healthy,none,1500,healthy_horizontal_no_load_1500rpm,974178,1508,277,1416,1875,6,0,1127747,9,240,74,0,3,1652,1494,1253,60,132,1630,16383,1656,1645,1654668,808,2017,2083,524334,11954,8,382545,1496,52613,649,974079337,974179077,0,974179151,974179666,3388574608,17862266,0.0758,1646.0,0.0817237555629915,-0.028268706207127625,0.0758,25.61,78.1,,,,,,
2026-07-30T19:32:13.272468+00:00,S021,mounted,true,healthy,none,1500,healthy_horizontal_no_load_1500rpm,974278,1512,276,1411,1868,6,0,1127807,9,240,73,0,2,1653,1494,1214,60,131,1629,16383,1656,1646,1638484,800,1989,2129,524417,11953,8,382542,1496,52614,649,974180070,974279135,0,974279209,974279723,3355851170,17859281,0.0796,1646.0,0.1586820051033211,-0.0746548576089685,0.0796,25.64,78.1,,,,,,
2026-07-30T19:32:13.365101+00:00,S021,mounted,true,healthy,none,1500,healthy_horizontal_no_load_1500rpm,974378,1488,277,1439,1905,6,0,1127867,9,240,75,4,3,1653,1495,1219,60,131,1627,16383,1658,1646,1638007,800,2012,2103,524419,11957,8,382547,1496,52615,649,974280123,974379292,0,974379366,974379882,3353896047,17871233,0.0796,1646.0,0.11417546366145315,-0.03744275896964133,0.0796,25.7,78.3,,,,,,
2026-07-30T19:32:13.459096+00:00,S021,mounted,true,healthy,none,1500,healthy_horizontal_no_load_1500rpm,974478,1444,275,1484,1960,5,0,1127925,9,240,73,3,3,1653,1495,1248,56,119,1620,16383,1655,1647,1637839,800,1927,2229,524376,11956,8,382549,1496,52616,649,974380284,974479345,0,974479419,974479938,3353251235,17868244,0.0796,1646.0,0.3244190107059217,-0.1787956376714619,0.0796,25.91,78.6,,,,,,
2026-07-30T19:32:13.553587+00:00,S021,mounted,true,healthy,none,1500,healthy_horizontal_no_load_1500rpm,974578,1423,272,1504,1982,2,0,1127982,9,240,73,2,2,1652,1495,1234,59,125,1622,16383,1656,1647,1637906,800,2009,2071,524338,11956,8,382551,1496,52617,649,974480341,974579412,0,974579486,974580001,3353477486,17868246,0.0758,1646.0,0.061147770826363246,-0.0421611967213118,0.0758,25.85,78.5,,,,,,
2026-07-30T19:32:13.647663+00:00,S021,mounted,true,healthy,none,1500,healthy_horizontal_no_load_1500rpm,974679,1464,274,1455,1923,6,0,1128041,9,240,73,4,3,1652,1495,1232,59,125,1629,16383,1656,1647,1654184,808,2021,2074,524343,11957,8,382555,1496,52618,649,974580404,974680092,0,974680102,974680617,3386594660,17871233,0.0758,1646.0,0.065857568537258,-0.02244755013799482,0.0758,25.64,78.1,,,,,,
2026-07-30T19:32:13.787827+00:00,S021,mounted,true,healthy,none,1500,healthy_horizontal_no_load_1500rpm,974779,1505,276,1418,1877,6,0,1128101,9,240,74,1,2,1653,1494,1251,62,125,1630,16383,1659,1641,1638552,800,1894,2153,524396,11954,8,382554,1496,52619,649,974681023,974780282,0,974780291,974780810,3356158620,17862270,0.0796,1646.0,0.19838242713735976,-0.23325465768780385,0.0796,25.61,78.1,,,,,,
2026-07-30T19:32:13.880932+00:00,S021,mounted,true,healthy,none,1500,healthy_horizontal_no_load_1500rpm,974880,1512,274,1415,1868,2,0,1128162,9,240,73,0,2,1653,1495,1196,63,128,1628,16383,1660,1645,1655278,808,1837,2299,524451,11957,8,382558,1496,52620,649,974781212,974880817,0,974880891,974881406,3391200964,17871233,0.0796,1646.0,0.440737789328427,-0.32901626402943895,0.0796,25.67,78.2,,,,,,
2026-07-30T19:32:13.975445+00:00,S021,mounted,true,healthy,none,1500,healthy_horizontal_no_load_1500rpm,974980,1538,276,1388,1838,3,0,1128223,9,240,74,1,3,1653,1495,1219,63,128,1626,16383,1657,1646,1637836,800,1927,2147,524433,11957,8,382562,1496,52621,649,974881810,974980864,0,974980938,974981452,3353233956,17871233,0.0796,1646.0,0.18748537350505945,-0.17906417571297162,0.0796,25.73,78.3,,,,,,
2026-07-30T19:32:14.070237+00:00,S021,mounted,true,healthy,none,1500,healthy_horizontal_no_load_1500rpm,975080,1546,277,1380,1829,5,0,1128285,9,240,74,0,2,1653,1494,1217,64,139,1625,16383,1656,1647,1638581,800,1929,2071,524491,11955,8,382562,1496,52622,649,974981855,975080896,0,975080970,975081489,3356253989,17865257,0.0796,1646.0,0.06143642434127994,-0.1751942286072774,0.0796,25.76,78.4,,,,,,
2026-07-30T19:32:14.164698+00:00,S021,mounted,true,healthy,none,1500,healthy_horizontal_no_load_1500rpm,975180,1524,277,1405,1860,6,0,1128347,9,240,74,4,3,1653,1495,1213,64,139,1621,16383,1656,1645,1637724,800,1851,2078,524446,11958,8,382567,1496,52623,649,975081889,975180931,0,975181010,975181525,3352770088,17874222,0.0796,1646.0,0.07223257350727552,-0.30594828750627245,0.0796,25.88,78.6,,,,,,
2026-07-30T19:32:14.260144+00:00,S021,mounted,true,healthy,none,1500,healthy_horizontal_no_load_1500rpm,975280,1497,278,1428,1892,6,0,1128407,9,240,74,2,3,1653,1495,1245,63,135,1630,16383,1656,1646,1637848,800,2015,2177,524402,11956,8,382568,1496,52624,649,975181928,975280964,0,975281042,975281557,3353254014,17868246,0.0796,1646.0,0.23777277985948464,-0.0321635547005692,0.0796,25.61,78.1,,,,,,
2026-07-30T19:32:14.354831+00:00,S021,mounted,true,healthy,none,1500,healthy_horizontal_no_load_1500rpm,975380,1487,271,1438,1894,4,0,1128466,9,240,73,0,3,1653,1495,1200,65,137,1629,16383,1656,1646,1638345,800,2013,2074,524423,11957,8,382571,1496,52625,649,975281960,975381073,0,975381147,975381662,3355272757,17871233,0.0796,1646.0,0.065857568537258,-0.03577662465501419,0.0796,25.64,78.1,,,,,,
2026-07-30T19:32:14.464014+00:00,S021,mounted,true,healthy,none,1500,healthy_horizontal_no_load_1500rpm,975480,1506,276,1414,1872,4,0,1128526,9,240,74,3,2,1653,1494,1209,65,137,1628,16383,1656,1643,1637991,800,1875,2071,524414,11953,8,382567,1496,52626,649,975382066,975481121,0,975481195,975481710,3353853679,17859281,0.0796,1646.0,0.06201387626537258,-0.2646577315318335,0.0796,25.67,78.2,,,,,,
2026-07-30T19:32:14.604067+00:00,S021,mounted,true,healthy,none,1500,healthy_horizontal_no_load_1500rpm,975580,1526,277,1397,1852,6,0,1128587,9,240,73,1,2,1653,1494,1196,64,133,1625,16383,1658,1644,1638791,800,2021,2085,524476,11953,8,382563,1496,52627,649,975482112,975581164,0,975581237,975581753,3357103855,17859281,0.0796,1646.0,0.08534756253660136,-0.02132071756044507,0.0796,25.76,78.4,,,,,,
2026-07-30T19:32:14.650551+00:00,S021,mounted,true,healthy,none,1500,healthy_horizontal_no_load_1500rpm,975680,1525,275,1402,1854,2,0,1128648,9,240,74,2,2,1653,1494,1212,65,127,1633,16383,1657,1647,1638336,800,1921,2143,524486,11951,8,382555,1496,52628,649,975582155,975681233,0,975681307,975681822,3355265538,17853305,0.0796,1646.0,0.18261341887708094,-0.1874540981507824,0.0796,25.52,77.9,,,,,,
2026-07-30T19:32:14.792299+00:00,S021,mounted,true,healthy,none,1500,healthy_horizontal_no_load_1500rpm,975780,1494,276,1431,1893,2,0,1128708,9,240,74,1,3,1653,1494,1209,65,127,1636,16383,1657,1647,1637311,800,1943,2074,524391,11951,8,382548,1496,52629,649,975682225,975781273,0,975781347,975781861,3351070557,17853303,0.0796,1646.0,0.06759243385490743,-0.1507807406074808,0.0796,25.43,77.8,,,,,,
2026-07-30T19:32:14.885595+00:00,S021,mounted,true,healthy,none,1500,healthy_horizontal_no_load_1500rpm,975880,1488,276,1434,1898,2,0,1128768,9,240,73,0,3,1652,1495,1211,61,118,1630,16383,1657,1647,1638213,800,1927,2295,524350,11956,8,382550,1496,52630,649,975782264,975881345,0,975881424,975881939,3354839639,17868244,0.0758,1646.0,0.43439307293409124,-0.1787956376714619,0.0758,25.61,78.1,,,,,,
2026-07-30T19:32:14.979348+00:00,S021,mounted,true,healthy,none,1500,healthy_horizontal_no_load_1500rpm,975980,1467,275,1458,1928,6,0,1128827,9,240,73,1,3,1652,1495,1209,61,118,1635,16383,1657,1647,1637911,800,2020,2081,524342,11956,8,382552,1496,52631,649,975882339,975981399,0,975981477,975981992,3353496929,17868246,0.0758,1646.0,0.07781050752760077,-0.023832186349950213,0.0758,25.46,77.8,,,,,,
2026-07-30T19:32:15.071057+00:00,S021,mounted,true,healthy,none,1500,healthy_horizontal_no_load_1500rpm,976081,1455,271,1475,1942,5,0,1128885,9,240,73,1,3,1652,1495,1184,62,116,1634,16383,1656,1646,1654448,808,2015,2083,524330,11956,8,382554,1496,52632,649,975982395,976082075,0,976082084,976082599,3387676958,17868246,0.0758,1646.0,0.08114305486784845,-0.0321635547005692,0.0758,25.49,77.9,,,,,,
2026-07-30T19:32:15.165386+00:00,S021,mounted,true,healthy,none,1500,healthy_horizontal_no_load_1500rpm,976181,1460,274,1461,1930,1,0,1128944,9,240,73,3,2,1652,1494,1188,62,111,1627,16383,1659,1647,1637563,800,1901,2147,524297,11955,8,382554,1496,52633,649,976083002,976182107,0,976182121,976182637,3352121859,17865255,0.0758,1646.0,0.18808381606022584,-0.22185379397741567,0.0758,25.7,78.3,,,,,,
2026-07-30T19:32:15.258902+00:00,S021,mounted,true,healthy,none,1500,healthy_horizontal_no_load_1500rpm,976281,1491,275,1430,1892,3,0,1129003,9,240,73,2,3,1652,1495,1200,62,111,1630,16383,1657,1643,1638399,800,2017,2075,524314,11956,8,382556,1496,52634,649,976183040,976282140,0,976282149,976282664,3355491255,17868244,0.0758,1646.0,0.06781286550685817,-0.028831007360321514,0.0758,25.61,78.1,,,,,,
2026-07-30T19:32:15.397903+00:00,S021,mounted,true,healthy,none,1500,healthy_horizontal_no_load_1500rpm,976381,1509,276,1414,1872,1,0,1129064,9,240,74,0,2,1652,1494,1182,61,120,1629,16383,1656,1649,1638419,800,1997,2076,524349,11954,8,382555,1496,52635,649,976283067,976382191,0,976382206,976382721,3355576173,17862268,0.0758,1646.0,0.07005788840555427,-0.06159975522837602,0.0758,25.64,78.1,,,,,,
2026-07-30T19:32:15.492099+00:00,S021,mounted,true,healthy,none,1500,healthy_horizontal_no_load_1500rpm,976481,1505,277,1420,1881,1,0,1129124,9,240,74,1,3,1652,1495,1183,60,118,1623,16383,1657,1647,1638224,800,2011,2083,524344,11958,8,382561,1496,52636,649,976383121,976482239,0,976482249,976482764,3354778666,17874222,0.0758,1646.0,0.08056254841946808,-0.039389090316106934,0.0758,25.82,78.5,,,,,,
2026-07-30T19:32:15.586111+00:00,S021,mounted,true,healthy,none,1500,healthy_horizontal_no_load_1500rpm,976581,1489,272,1435,1892,1,0,1129184,9,240,73,0,3,1652,1494,1201,60,118,1622,16383,1658,1646,1638077,800,2007,2078,524361,11952,8,382555,1496,52637,649,976483166,976582281,0,976582295,976582810,3354179255,17856290,0.0758,1646.0,0.07397049397590338,-0.04437453012048209,0.0758,25.85,78.5,,,,,,
2026-07-30T19:32:15.679535+00:00,S021,mounted,true,healthy,none,1500,healthy_horizontal_no_load_1500rpm,976681,1485,276,1437,1902,3,0,1129243,9,240,73,0,3,1652,1494,1216,61,117,1620,16383,1656,1643,1637921,800,1951,2147,524341,11952,8,382550,1496,52638,649,976583211,976682321,0,976682331,976682846,3353568621,17856294,0.0758,1646.0,0.18898185542168688,-0.13771708433734942,0.0758,25.91,78.6,,,,,,
2026-07-30T19:32:15.772593+00:00,S021,mounted,true,healthy,none,1500,healthy_horizontal_no_load_1500rpm,976781,1522,276,1401,1854,1,0,1129304,9,240,73,2,3,1652,1495,1200,61,117,1627,16383,1657,1648,1638209,800,1961,2075,524346,11958,8,382556,1496,52639,649,976683250,976782365,0,976782379,976782894,3354723135,17874222,0.0758,1646.0,0.06723458855995945,-0.12268883943803299,0.0758,25.7,78.3,,,,,,
2026-07-30T19:32:15.867093+00:00,S021,mounted,true,healthy,none,1500,healthy_horizontal_no_load_1500rpm,976881,1540,277,1384,1835,5,0,1129365,9,240,73,1,2,1652,1495,1217,61,113,1625,16383,1656,1648,1638357,800,2015,2073,524373,11958,8,382562,1496,52640,649,976783297,976882397,0,976882407,976882922,3355317047,17874222,0.0758,1646.0,0.06390259859508252,-0.032725110386352174,0.0758,25.76,78.4,,,,,,
2026-07-30T19:32:15.960050+00:00,S021,mounted,true,healthy,none,1500,healthy_horizontal_no_load_1500rpm,976981,1548,277,1378,1826,6,0,1129427,9,240,74,0,3,1652,1494,1227,61,116,1626,16383,1655,1647,1638401,800,1979,2137,524384,11955,8,382562,1496,52641,649,976883325,976982431,0,976982440,976982955,3355513201,17865257,0.0758,1646.0,0.17141968557089093,-0.09187357616060243,0.0758,25.73,78.3,,,,,,
2026-07-30T19:32:16.100425+00:00,S021,mounted,true,healthy,none,1500,healthy_horizontal_no_load_1500rpm,977082,1549,278,1377,1826,1,0,1129490,9,240,74,0,2,1653,1494,1234,61,116,1623,16383,1657,1647,1655187,808,1917,2075,524451,11954,8,382560,1496,52642,649,976983356,977083071,0,977083150,977083665,3390722611,17862268,0.0796,1646.0,0.06839133595449187,-0.19492395131336782,0.0796,25.82,78.5,,,,,,
2026-07-30T19:32:16.193827+00:00,S021,mounted,true,healthy,none,1500,healthy_horizontal_no_load_1500rpm,977182,1550,277,1377,1825,4,0,1129552,9,240,74,0,3,1653,1494,1211,61,118,1623,16383,1659,1647,1638535,800,2001,2075,524498,11954,8,382558,1496,52643,649,977084066,977183119,0,977183198,977183713,3356051609,17862268,0.0796,1646.0,0.06839133595449187,-0.054933545424125985,0.0796,25.82,78.5,,,,,,
2026-07-30T19:32:16.287120+00:00,S021,mounted,true,healthy,none,1500,healthy_horizontal_no_load_1500rpm,977282,1513,277,1413,1871,6,0,1129613,9,240,74,2,3,1653,1494,1217,62,130,1630,16383,1655,1646,1637880,800,2014,2083,524473,11955,8,382558,1496,52644,649,977184113,977283161,0,977283395,977283910,3353372104,17865255,0.0796,1646.0,0.08143338092848174,-0.03354911944793004,0.0796,25.61,78.1,,,,,,
2026-07-30T19:32:16.381280+00:00,S021,mounted,true,healthy,none,1500,healthy_horizontal_no_load_1500rpm,977382,1491,277,1432,1897,6,0,1129673,9,240,74,1,3,1653,1494,1227,62,130,1635,16383,1657,1647,1638056,800,2005,2077,524455,11952,8,382553,1496,52645,649,977284312,977383364,0,977383443,977383958,3354091860,17856292,0.0796,1646.0,0.07230366265060217,-0.04770819277108451,0.0796,25.46,77.8,,,,,,
2026-07-30T19:32:16.475041+00:00,S021,mounted,true,healthy,none,1500,healthy_horizontal_no_load_1500rpm,977482,1487,276,1436,1900,4,0,1129732,9,240,74,0,3,1653,1495,1219,61,128,1637,16383,1656,1646,1637817,800,2015,2153,524400,11957,8,382557,1496,52646,649,977384360,977483432,0,977483506,977484021,3353127015,17871233,0.0796,1646.0,0.19748217939282364,-0.032444356025759014,0.0796,25.4,77.7,,,,,,
2026-07-30T19:32:16.569097+00:00,S021,mounted,true,healthy,none,1500,healthy_horizontal_no_load_1500rpm,977583,1524,277,1397,1852,6,0,1129793,9,240,73,2,2,1653,1494,1246,61,128,1629,16383,1657,1644,1654509,808,2005,2077,524389,11953,8,382554,1496,52647,649,977484422,977584076,0,977584086,977584600,3387926881,17859281,0.0796,1646.0,0.07201402752447095,-0.04798778758470679,0.0796,25.64,78.1,,,,,,
2026-07-30T19:32:16.663698+00:00,S021,mounted,true,healthy,none,1500,healthy_horizontal_no_load_1500rpm,977683,1544,278,1382,1832,3,0,1129855,9,240,74,0,3,1652,1494,1238,59,124,1628,16383,1657,1647,1637935,800,2021,2159,524326,11955,8,382554,1496,52648,649,977585002,977684226,0,977684236,977684751,3353605589,17865255,0.0758,1646.0,0.20808077264742764,-0.021884228105395476,0.0758,25.67,78.2,,,,,,
2026-07-30T19:32:16.804290+00:00,S021,mounted,true,healthy,none,1500,healthy_horizontal_no_load_1500rpm,977783,1549,275,1377,1822,5,0,1129917,9,240,73,0,3,1652,1495,1243,55,118,1629,16383,1658,1647,1638721,800,2018,2113,524377,11957,8,382558,1496,52649,649,977685151,977784285,0,977784295,977784810,3356815113,17871233,0.0758,1646.0,0.1308368068077277,-0.02744595308187714,0.0758,25.64,78.1,,,,,,
2026-07-30T19:32:16.897573+00:00,S021,mounted,true,healthy,none,1500,healthy_horizontal_no_load_1500rpm,977883,1550,278,1376,1825,6,0,1129979,9,240,74,0,2,1653,1495,1216,55,118,1634,16383,1657,1649,1638643,800,1957,2123,524411,11956,8,382560,1496,52650,649,977785210,977884316,0,977884326,977884841,3356505719,17868244,0.0796,1646.0,0.14779400167279988,-0.12880742756774888,0.0796,25.49,77.9,,,,,,
2026-07-30T19:32:16.990533+00:00,S021,mounted,true,healthy,none,1500,healthy_horizontal_no_load_1500rpm,977983,1550,277,1377,1825,3,0,1130041,9,240,74,0,2,1653,1494,1240,57,125,1629,16383,1657,1647,1638376,800,1937,2085,524428,11953,8,382556,1496,52651,649,977885241,977984375,0,977984384,977984902,3355415604,17859283,0.0796,1646.0,0.08534756253660136,-0.1613228351878191,0.0796,25.64,78.1,,,,,,
2026-07-30T19:32:17.085245+00:00,S021,mounted,true,healthy,none,1500,healthy_horizontal_no_load_1500rpm,978083,1530,277,1396,1849,5,0,1130103,9,240,74,1,3,1653,1494,1213,58,125,1632,16383,1657,1646,1637648,800,1991,2079,524374,11952,8,382551,1496,52652,649,977985302,978084381,0,978084395,978084910,3352424084,17856292,0.0796,1646.0,0.0756373253012046,-0.07104383132530145,0.0796,25.55,78.0,,,,,,
2026-07-30T19:32:17.178737+00:00,S021,mounted,true,healthy,none,1500,healthy_horizontal_no_load_1500rpm,978183,1521,277,1404,1860,4,0,1130164,9,240,74,0,3,1653,1494,1222,58,125,1626,16383,1656,1648,1638541,800,2021,2099,524400,11952,8,382546,1496,52653,649,978085312,978184422,0,978184436,978184951,3356074251,17856292,0.0796,1646.0,0.10897395180722835,-0.021038891566265594,0.0796,25.73,78.3,,,,,,
2026-07-30T19:32:17.271691+00:00,S021,mounted,true,healthy,none,1500,healthy_horizontal_no_load_1500rpm,978284,1511,277,1415,1874,6,0,1130225,9,240,74,2,2,1652,1495,1227,57,130,1634,16383,1657,1647,1654494,808,2021,2080,524369,11957,8,382550,1496,52654,649,978185352,978285086,0,978285165,978285680,3387864856,17871233,0.0758,1646.0,0.07585437442502263,-0.02244755013799482,0.0758,25.49,77.9,,,,,,
2026-07-30T19:32:17.365663+00:00,S021,mounted,true,healthy,none,1500,healthy_horizontal_no_load_1500rpm,978384,1494,273,1430,1887,4,0,1130284,9,240,74,1,3,1653,1494,1221,57,130,1634,16383,1658,1647,1638693,800,2014,2079,524449,11951,8,382543,1496,52655,649,978286083,978385135,0,978385209,978385724,3356699001,17853303,0.0796,1646.0,0.07592728784202141,-0.03242581399046118,0.0796,25.49,77.9,,,,,,
2026-07-30T19:32:17.507258+00:00,S021,mounted,true,healthy,none,1500,healthy_horizontal_no_load_1500rpm,978484,1484,275,1442,1905,4,0,1130344,9,240,74,1,2,1652,1495,1237,57,134,1639,16383,1657,1646,1637178,800,1899,2075,524333,11956,8,382546,1496,52656,649,978386126,978485334,0,978485408,978485923,3350523986,17868246,0.0758,1646.0,0.06781286550685817,-0.22545130043492811,0.0758,25.33,77.6,,,,,,
2026-07-30T19:32:17.600321+00:00,S021,mounted,true,healthy,none,1500,healthy_horizontal_no_load_1500rpm,978584,1483,275,1441,1906,5,0,1130403,9,240,74,0,2,1652,1495,1229,56,140,1633,16383,1656,1647,1638026,800,2021,2076,524303,11959,8,382554,1496,52657,649,978486326,978585414,0,978585488,978586002,3353965906,17877211,0.0758,1646.0,0.06861137829249886,-0.02301068375282256,0.0758,25.52,77.9,,,,,,
2026-07-30T19:32:17.693175+00:00,S021,mounted,true,healthy,none,1500,healthy_horizontal_no_load_1500rpm,978685,1481,275,1442,1907,5,0,1130463,9,240,73,1,3,1652,1495,1219,56,140,1624,16383,1656,1647,1654588,808,1884,2164,524309,11956,8,382556,1496,52658,649,978586403,978686098,0,978686108,978686623,3388288170,17868244,0.0758,1646.0,0.21611122214787537,-0.25044540548678507,0.0758,25.79,78.4,,,,,,
2026-07-30T19:32:17.786688+00:00,S021,mounted,true,healthy,none,1500,healthy_horizontal_no_load_1500rpm,978785,1484,274,1441,1904,1,0,1130522,9,240,74,1,2,1652,1494,1237,57,134,1625,16383,1655,1647,1638390,800,2013,2079,524329,11952,8,382551,1496,52659,649,978687029,978786162,0,978786172,978786687,3355458274,17856292,0.0758,1646.0,0.0756373253012046,-0.03437354216867483,0.0758,25.76,78.4,,,,,,
2026-07-30T19:32:17.881050+00:00,S021,mounted,true,healthy,none,1500,healthy_horizontal_no_load_1500rpm,978885,1536,276,1388,1838,4,0,1130584,9,240,73,3,2,1653,1494,1250,59,139,1631,16383,1656,1648,1638438,800,1994,2084,524380,11954,8,382550,1496,52660,649,978787089,978886199,0,978886213,978886728,3355658306,17862268,0.0796,1646.0,0.08339030801405345,-0.06659941258156277,0.0796,25.58,78.0,,,,,,
2026-07-30T19:32:17.974652+00:00,S021,mounted,true,healthy,none,1500,healthy_horizontal_no_load_1500rpm,978985,1559,278,1366,1813,2,0,1130646,9,240,74,1,2,1653,1494,1204,59,139,1637,16383,1657,1647,1638171,800,2011,2087,524396,11953,8,382547,1496,52661,649,978887131,978986236,0,978986246,978986761,3354562109,17859279,0.0796,1646.0,0.0886809462896343,-0.037987636325608864,0.0796,25.4,77.7,,,,,,
2026-07-30T19:32:18.067432+00:00,S021,mounted,true,healthy,none,1500,healthy_horizontal_no_load_1500rpm,979085,1550,278,1378,1827,1,0,1130708,9,240,74,2,2,1653,1495,1204,62,133,1631,16383,1656,1647,1638197,800,1987,2075,524402,11957,8,382551,1496,52662,649,978987167,979086271,0,979086280,979086795,3354669721,17871233,0.0796,1646.0,0.06752370285188558,-0.07909611683532658,0.0796,25.58,78.0,,,,,,
2026-07-30T19:32:18.206420+00:00,S021,mounted,true,healthy,none,1500,healthy_horizontal_no_load_1500rpm,979186,1511,276,1416,1874,5,0,1130769,9,240,74,1,2,1652,1494,1201,62,133,1622,16383,1657,1647,1654176,808,2018,2083,524341,11955,8,382551,1496,52663,649,979087202,979187058,0,979187132,979187647,3386567194,17865257,0.0758,1646.0,0.08143338092848174,-0.026883467252195814,0.0758,25.85,78.5,,,,,,
2026-07-30T19:32:18.301901+00:00,S021,mounted,true,healthy,none,1500,healthy_horizontal_no_load_1500rpm,979286,1502,277,1420,1882,4,0,1130830,9,240,73,0,3,1652,1494,1209,59,118,1618,16383,1655,1646,1637685,800,1919,2087,524294,11955,8,382551,1496,52664,649,979188049,979287120,0,979287198,979287713,3352588437,17865255,0.0758,1646.0,0.08809903312421552,-0.1918583590966123,0.0758,25.97,78.8,,,,,,
2026-07-30T19:32:18.393506+00:00,S021,mounted,true,healthy,none,1500,healthy_horizontal_no_load_1500rpm,979386,1509,272,1417,1868,4,0,1130890,9,240,73,0,2,1652,1494,1186,61,121,1620,16383,1657,1646,1638126,800,2015,2077,524303,11952,8,382546,1496,52665,649,979288114,979387168,0,979387247,979387762,3354373052,17856292,0.0758,1646.0,0.07230366265060217,-0.031039879518072855,0.0758,25.91,78.6,,,,,,
2026-07-30T19:32:18.488784+00:00,S021,mounted,true,healthy,none,1500,healthy_horizontal_no_load_1500rpm,979486,1512,274,1410,1864,4,0,1130950,9,240,73,0,3,1652,1494,1188,61,121,1630,16383,1658,1646,1638181,800,2011,2103,524312,11955,8,382546,1496,52666,649,979388162,979487239,0,979487313,979487829,3354607227,17865255,0.0758,1646.0,0.11476164190715155,-0.03854835859473038,0.0758,25.61,78.1,,,,,,
2026-07-30T19:32:18.582181+00:00,S021,mounted,true,healthy,none,1500,healthy_horizontal_no_load_1500rpm,979586,1510,277,1415,1874,6,0,1131011,9,240,74,2,3,1652,1495,1193,62,124,1622,16383,1658,1648,1638713,800,2017,2082,524354,11956,8,382548,1496,52667,649,979488229,979587298,0,979587372,979587887,3356773871,17868244,0.0758,1646.0,0.07947678119772483,-0.028831007360321514,0.0758,25.85,78.5,,,,,,
2026-07-30T19:32:18.674906+00:00,S021,mounted,true,healthy,none,1500,healthy_horizontal_no_load_1500rpm,979686,1493,276,1432,1895,6,0,1131071,9,240,74,2,3,1652,1495,1201,60,120,1622,16383,1656,1646,1637536,800,1989,2074,524301,11957,8,382552,1496,52668,649,979588289,979687343,0,979687422,979687937,3351963022,17871235,0.0758,1646.0,0.065857568537258,-0.07576384820607229,0.0758,25.85,78.5,,,,,,
2026-07-30T19:32:18.817286+00:00,S021,mounted,true,healthy,none,1500,healthy_horizontal_no_load_1500rpm,979786,1484,276,1439,1905,4,0,1131130,9,240,74,1,3,1652,1494,1196,60,120,1623,16383,1656,1647,1637911,800,1977,2127,524281,11954,8,382551,1496,52669,649,979688339,979787401,0,979787475,979787990,3353506537,17862268,0.0758,1646.0,0.15505206340973698,-0.09493080424962352,0.0758,25.82,78.5,,,,,,
2026-07-30T19:32:18.911315+00:00,S021,mounted,true,healthy,none,1500,healthy_horizontal_no_load_1500rpm,979887,1483,276,1440,1906,4,0,1131190,9,240,74,0,2,1652,1495,1195,66,127,1626,16383,1659,1646,1654447,808,1991,2105,524280,11957,8,382555,1496,52670,649,979788392,979888065,0,979888074,979888589,3387678923,17871233,0.0758,1646.0,0.11750773229070788,-0.07243157957681712,0.0758,25.73,78.3,,,,,,
2026-07-30T19:32:19.006852+00:00,S021,mounted,true,healthy,none,1500,healthy_horizontal_no_load_1500rpm,979987,1483,275,1440,1905,5,0,1131249,9,240,74,1,3,1652,1495,1224,66,127,1630,16383,1656,1647,1637943,800,2011,2118,524287,11956,8,382557,1496,52671,649,979888990,979988094,0,979988104,979988619,3353632849,17868244,0.0758,1646.0,0.13946263332218134,-0.03882864938106412,0.0758,25.61,78.1,,,,,,
2026-07-30T19:32:19.100328+00:00,S021,mounted,true,healthy,none,1500,healthy_horizontal_no_load_1500rpm,980087,1484,275,1438,1902,5,0,1131309,9,240,74,1,3,1652,1495,1202,66,136,1646,16383,1656,1648,1638046,800,1999,2073,524301,11957,8,382561,1496,52672,649,979989021,980088143,0,980088157,980088672,3354049880,17871233,0.0758,1646.0,0.06419143422263085,-0.05910250505979775,0.0758,25.12,77.2,,,,,,
2026-07-30T19:32:19.195045+00:00,S021,mounted,true,healthy,none,1500,healthy_horizontal_no_load_1500rpm,980187,1528,275,1395,1846,4,0,1131370,9,240,73,3,3,1652,1494,1237,62,123,1638,16383,1656,1648,1638089,800,1989,2305,524273,11955,8,382561,1496,52673,649,980089074,980188193,0,980188208,980188723,3354293041,17865255,0.0758,1646.0,0.4513770777917183,-0.07520944567126753,0.0758,25.36,77.7,,,,,,
2026-07-30T19:32:19.293163+00:00,S021,mounted,true,healthy,none,1500,healthy_horizontal_no_load_1500rpm,980287,1542,278,1383,1835,6,0,1131431,9,240,74,1,3,1652,1494,1224,62,123,1632,16383,1656,1648,1638894,800,2022,2078,524375,11952,8,382555,1496,52674,649,980189125,980288264,0,980288273,980288789,3357518362,17856294,0.0758,1646.0,0.07397049397590338,-0.019372060240964384,0.0758,25.55,78.0,,,,,,
2026-07-30T19:32:19.383154+00:00,S021,mounted,true,healthy,none,1500,healthy_horizontal_no_load_1500rpm,980387,1544,278,1381,1831,3,0,1131493,9,240,74,0,3,1652,1494,1216,60,129,1630,16383,1656,1647,1638139,800,1993,2071,524368,11954,8,382554,1496,52675,649,980289192,980388292,0,980388301,980388817,3354431529,17862268,0.0758,1646.0,0.06172512615024228,-0.06826596503262561,0.0758,25.61,78.1,,,,,,
2026-07-30T19:32:19.476837+00:00,S021,mounted,true,healthy,none,1500,healthy_horizontal_no_load_1500rpm,980487,1537,277,1389,1840,5,0,1131555,9,240,74,0,3,1653,1494,1232,59,125,1633,16383,1657,1647,1638404,800,1994,2147,524390,11955,8,382554,1496,52676,649,980389216,980488340,0,980488354,980488869,3355531534,17865259,0.0796,1646.0,0.18808381606022584,-0.06687738042659985,0.0796,25.52,77.9,,,,,,
2026-07-30T19:32:19.617907+00:00,S021,mounted,true,healthy,none,1500,healthy_horizontal_no_load_1500rpm,980588,1534,278,1391,1844,6,0,1131617,9,240,74,1,3,1653,1495,1261,59,125,1629,16383,1657,1647,1654921,808,2007,2219,524384,11956,8,382556,1496,52677,649,980489269,980589076,0,980589154,980589669,3389645937,17868246,0.0796,1646.0,0.30775627400468375,-0.04549374406155948,0.0796,25.64,78.1,,,,,,
2026-07-30T19:32:19.714530+00:00,S021,mounted,true,healthy,none,1500,healthy_horizontal_no_load_1500rpm,980688,1553,277,1372,1819,3,0,1131679,9,240,73,1,2,1653,1494,1222,60,121,1621,16383,1656,1648,1638575,800,2020,2081,524416,11954,8,382555,1496,52678,649,980590072,980689289,0,980689368,980689883,3356215195,17862270,0.0796,1646.0,0.07839065066086626,-0.023269048853940433,0.0796,25.88,78.6,,,,,,
2026-07-30T19:32:19.807277+00:00,S021,mounted,true,healthy,none,1500,healthy_horizontal_no_load_1500rpm,980788,1564,278,1364,1809,5,0,1131741,9,240,73,0,2,1653,1495,1209,60,121,1623,16383,1656,1645,1638419,800,2021,2076,524436,11958,8,382561,1496,52679,649,980690285,980789361,0,980789435,980789950,3355574603,17874222,0.0796,1646.0,0.06890058354239814,-0.022729140491721367,0.0796,25.82,78.5,,,,,,
2026-07-30T19:32:19.900151+00:00,S021,mounted,true,healthy,none,1500,healthy_horizontal_no_load_1500rpm,980888,1559,275,1371,1813,2,0,1131804,9,240,74,2,3,1653,1495,1255,58,120,1623,16383,1656,1647,1638224,800,1887,2077,524458,11956,8,382562,1496,52680,649,980790350,980889427,0,980889506,980890021,3354799100,17868246,0.0796,1646.0,0.07114541284710585,-0.24544658447641376,0.0796,25.82,78.5,,,,,,
2026-07-30T19:32:19.993105+00:00,S021,mounted,true,healthy,none,1500,healthy_horizontal_no_load_1500rpm,980989,1534,276,1396,1846,3,0,1131865,9,240,74,2,2,1653,1495,1214,56,118,1621,16383,1655,1644,1654135,808,2015,2073,524389,11956,8,382563,1496,52681,649,980890423,980990064,0,980990074,980990588,3386393923,17868244,0.0796,1646.0,0.06448031816661048,-0.0321635547005692,0.0796,25.88,78.6,,,,,,
2026-07-30T19:32:20.085978+00:00,S021,mounted,true,healthy,none,1500,healthy_horizontal_no_load_1500rpm,981089,1519,274,1409,1861,1,0,1131926,9,240,73,0,2,1653,1495,1247,56,118,1623,16383,1657,1648,1638544,800,2018,2099,524415,11957,8,382566,1496,52682,649,980990990,981090123,0,981090132,981090647,3356087804,17871235,0.0796,1646.0,0.10751092640294324,-0.02744595308187714,0.0796,25.82,78.5,,,,,,
2026-07-30T19:32:20.179483+00:00,S021,mounted,true,healthy,none,1500,healthy_horizontal_no_load_1500rpm,981189,1520,277,1405,1861,5,0,1131987,9,240,73,0,3,1653,1494,1229,59,123,1626,16383,1655,1647,1638351,800,2021,2071,524403,11955,8,382566,1496,52683,649,981091048,981190151,0,981190160,981190675,3355291867,17865259,0.0796,1646.0,0.06143642434127994,-0.021884228105395476,0.0796,25.73,78.3,,,,,,
2026-07-30T19:32:20.321750+00:00,S021,mounted,true,healthy,none,1500,healthy_horizontal_no_load_1500rpm,981289,1516,276,1410,1866,4,0,1132048,9,240,73,0,3,1652,1495,1224,61,132,1629,16383,1655,1646,1638244,800,2021,2191,524392,11959,8,382573,1496,52684,649,981191076,981290300,0,981290310,981290825,3354896206,17877211,0.0758,1646.0,0.2601847807508988,-0.02301068375282256,0.0758,25.64,78.1,,,,,,
2026-07-30T19:32:20.417468+00:00,S021,mounted,true,healthy,none,1500,healthy_horizontal_no_load_1500rpm,981389,1517,277,1408,1865,6,0,1132109,9,240,74,1,3,1652,1494,1235,61,132,1628,16383,1656,1645,1638095,800,1937,2081,524365,11952,8,382567,1496,52685,649,981291226,981390319,0,981390486,981391001,3354261323,17856290,0.0758,1646.0,0.07897098795180701,-0.1610527228915668,0.0758,25.67,78.2,,,,,,
2026-07-30T19:32:20.542339+00:00,S021,mounted,true,healthy,none,1500,healthy_horizontal_no_load_1500rpm,981490,1516,276,1408,1864,2,0,1132170,9,240,73,0,2,1652,1495,1244,64,132,1630,16383,1656,1647,1654446,808,2007,2073,524354,11956,8,382568,1496,52686,649,981391403,981491056,0,981491135,981491650,3387671228,17868246,0.0758,1646.0,0.06448031816661048,-0.04549374406155948,0.0758,25.61,78.1,,,,,,
2026-07-30T19:32:20.588428+00:00,S021,mounted,true,healthy,none,1500,healthy_horizontal_no_load_1500rpm,981590,1515,276,1410,1866,2,0,1132230,9,240,73,1,2,1652,1494,1230,64,132,1620,16383,1656,1646,1638562,800,2010,2193,524364,11954,8,382566,1496,52687,649,981492050,981591186,0,981591260,981591776,3356183522,17862268,0.0758,1646.0,0.26504452517985566,-0.03993457336456396,0.0758,25.91,78.6,,,,,,
2026-07-30T19:32:20.681214+00:00,S021,mounted,true,healthy,none,1500,healthy_horizontal_no_load_1500rpm,981690,1524,276,1397,1850,3,0,1132291,9,240,73,2,3,1652,1494,1230,64,140,1626,16383,1656,1646,1638263,800,2024,2082,524354,11951,8,382558,1496,52688,649,981592178,981691258,0,981691332,981691846,3354935683,17853305,0.0758,1646.0,0.0809282002342897,-0.015756106016232785,0.0758,25.73,78.3,,,,,,
2026-07-30T19:32:20.821674+00:00,S021,mounted,true,healthy,none,1500,healthy_horizontal_no_load_1500rpm,981790,1543,274,1385,1830,5,0,1132353,9,240,73,0,2,1653,1494,1232,63,138,1625,16383,1658,1647,1638589,800,2017,2077,524404,11954,8,382557,1496,52689,649,981692249,981791344,0,981791418,981791933,3356274243,17862272,0.0796,1646.0,0.07172444085661667,-0.028268706207127625,0.0796,25.76,78.4,,,,,,
2026-07-30T19:32:20.913965+00:00,S021,mounted,true,healthy,none,1500,healthy_horizontal_no_load_1500rpm,981890,1548,278,1375,1824,6,0,1132415,9,240,74,1,3,1653,1494,1238,63,138,1630,16383,1656,1646,1638688,800,2011,2271,524446,11955,8,382557,1496,52690,649,981792337,981891402,0,981891476,981891991,3356731380,17865255,0.0796,1646.0,0.3947190341279798,-0.03854835859473038,0.0796,25.61,78.1,,,,,,
2026-07-30T19:32:21.007960+00:00,S021,mounted,true,healthy,none,1500,healthy_horizontal_no_load_1500rpm,981991,1534,276,1394,1844,3,0,1132477,9,240,74,1,3,1652,1494,1234,63,134,1631,16383,1658,1647,1654049,808,2015,2157,524366,11954,8,382556,1496,52691,649,981892397,981992069,0,981992079,981992594,3386052275,17862268,0.0758,1646.0,0.20504863694160935,-0.03160181110925242,0.0758,25.58,78.0,,,,,,
2026-07-30T19:32:21.099758+00:00,S021,mounted,true,healthy,none,1500,healthy_horizontal_no_load_1500rpm,982091,1521,276,1405,1859,1,0,1132538,9,240,74,1,2,1652,1494,1229,62,135,1631,16383,1657,1647,1638445,800,2009,2075,524350,11955,8,382556,1496,52692,649,981993000,982092085,0,982092100,982092615,3355681539,17865255,0.0758,1646.0,0.06810207653701328,-0.04188118469259772,0.0758,25.58,78.0,,,,,,
2026-07-30T19:32:21.193856+00:00,S021,mounted,true,healthy,none,1500,healthy_horizontal_no_load_1500rpm,982191,1514,276,1410,1867,1,0,1132598,9,240,73,1,3,1652,1494,1229,62,135,1641,16383,1656,1647,1638556,800,2019,2082,524370,11953,8,382553,1496,52693,649,982093017,982192151,0,982192160,982192674,3356135208,17859279,0.0758,1646.0,0.08034748690705218,-0.024654101313478005,0.0758,25.27,77.5,,,,,,
2026-07-30T19:32:21.286743+00:00,S021,mounted,true,healthy,none,1500,healthy_horizontal_no_load_1500rpm,982291,1505,275,1423,1880,5,0,1132659,9,240,74,1,2,1653,1494,1240,59,128,1633,16383,1658,1646,1638482,800,2009,2245,524380,11955,8,382553,1496,52694,649,982193077,982292341,0,982292350,982292865,3355875760,17865257,0.0796,1646.0,0.3513922948557089,-0.04188118469259772,0.0796,25.52,77.9,,,,,,
2026-07-30T19:32:21.430227+00:00,S021,mounted,true,healthy,none,1500,healthy_horizontal_no_load_1500rpm,982392,1500,276,1424,1884,5,0,1132719,9,240,73,0,2,1653,1494,1184,59,128,1630,16383,1655,1647,1654451,808,1967,2079,524396,11954,8,382552,1496,52695,649,982293268,982393075,0,982393149,982393663,3387691463,17862268,0.0796,1646.0,0.07505754575874146,-0.1115963287602475,0.0796,25.61,78.1,,,,,,
2026-07-30T19:32:21.524028+00:00,S021,mounted,true,healthy,none,1500,healthy_horizontal_no_load_1500rpm,982492,1503,276,1421,1880,4,0,1132780,9,240,73,1,3,1653,1494,1179,59,134,1626,16383,1660,1643,1638077,800,2021,2097,524376,11952,8,382547,1496,52696,649,982394063,982493126,0,982493205,982493720,3354178531,17856292,0.0796,1646.0,0.10564028915662593,-0.021038891566265594,0.0796,25.73,78.3,,,,,,
2026-07-30T19:32:21.617280+00:00,S021,mounted,true,healthy,none,1500,healthy_horizontal_no_load_1500rpm,982592,1511,277,1412,1870,4,0,1132840,9,240,73,0,2,1653,1494,1186,61,137,1628,16383,1657,1648,1638570,800,2014,2129,524391,11950,8,382538,1496,52697,649,982494122,982593374,0,982593448,982593962,3356199064,17850316,0.0796,1646.0,0.15957281355648512,-0.03214487012552336,0.0796,25.67,78.2,,,,,,
2026-07-30T19:32:21.710522+00:00,S021,mounted,true,healthy,none,1500,healthy_horizontal_no_load_1500rpm,982693,1519,275,1403,1857,6,0,1132901,9,240,74,1,2,1653,1494,1221,61,137,1629,16383,1657,1645,1638630,800,2017,2287,524378,11955,8,382539,1496,52698,649,982594362,982693586,0,982693660,982694175,3356497666,17865257,0.0796,1646.0,0.42138164291091584,-0.02854988030112926,0.0796,25.64,78.1,,,,,,
2026-07-30T19:32:21.803747+00:00,S021,mounted,true,healthy,none,1500,healthy_horizontal_no_load_1500rpm,982793,1535,277,1390,1841,3,0,1132963,9,240,73,1,3,1653,1494,1193,60,128,1625,16383,1657,1647,1655089,808,2007,2069,524425,11954,8,382539,1496,52699,649,982694582,982794231,0,982794240,982794755,3390305815,17862268,0.0796,1646.0,0.05839202124811749,-0.0449342307177516,0.0796,25.76,78.4,,,,,,
2026-07-30T19:32:21.897065+00:00,S021,mounted,true,healthy,none,1500,healthy_horizontal_no_load_1500rpm,982893,1547,275,1378,1823,5,0,1133025,9,240,74,0,3,1653,1494,1216,60,129,1626,16383,1658,1646,1637947,800,1991,2143,524375,11955,8,382540,1496,52700,649,982795158,982894275,0,982894289,982894804,3353663257,17865257,0.0796,1646.0,0.1814181638644916,-0.07187661957340064,0.0796,25.73,78.3,,,,,,
2026-07-30T19:32:21.990661+00:00,S021,mounted,true,healthy,none,1500,healthy_horizontal_no_load_1500rpm,982993,1551,278,1375,1824,6,0,1133087,9,240,74,0,3,1653,1494,1217,60,129,1626,16383,1658,1648,1638966,800,2019,2079,524488,11954,8,382540,1496,52701,649,982895205,982994315,0,982994329,982994844,3357817922,17862266,0.0796,1646.0,0.07505754575874146,-0.02493560130500283,0.0796,25.73,78.3,,,,,,
2026-07-30T19:32:22.131377+00:00,S021,mounted,true,healthy,none,1500,healthy_horizontal_no_load_1500rpm,983093,1551,277,1377,1824,3,0,1133149,9,240,74,0,3,1653,1494,1226,59,122,1655,16383,1658,1647,1638979,800,2023,2119,524547,11949,8,382530,1496,52702,649,982995244,983094393,0,983094407,983094922,3357868853,17847329,0.0796,1646.0,0.14319735099171416,-0.016858630931459118,0.0796,24.85,76.7,,,,,,
2026-07-30T19:32:22.224226+00:00,S021,mounted,true,healthy,none,1500,healthy_horizontal_no_load_1500rpm,983193,1551,278,1374,1822,5,0,1133211,9,240,73,0,2,1653,1495,1208,59,122,1642,16383,1656,1647,1638419,800,2019,2131,524539,11956,8,382533,1496,52703,649,983095323,983194425,0,983194440,983194955,3355585353,17868246,0.0796,1646.0,0.1611241910337906,-0.025498460020073832,0.0796,25.24,77.4,,,,,,
2026-07-30T19:32:22.318525+00:00,S021,mounted,true,healthy,none,1500,healthy_horizontal_no_load_1500rpm,983294,1527,275,1403,1854,4,0,1133272,9,240,74,2,3,1653,1495,1231,61,115,1638,16383,1656,1647,1654349,808,2002,2139,524489,11957,8,382538,1496,52704,649,983195356,983295089,0,983295163,983295677,3387285159,17871233,0.0796,1646.0,0.17415629898804008,-0.054104102115915875,0.0796,25.36,77.7,,,,,,
2026-07-30T19:32:22.411444+00:00,S021,mounted,true,healthy,none,1500,healthy_horizontal_no_load_1500rpm,983394,1505,277,1419,1880,6,0,1133333,9,240,74,1,3,1653,1494,1234,60,113,1632,16383,1656,1647,1638320,800,2005,2077,524523,11954,8,382538,1496,52705,649,983296080,983395129,0,983395361,983395876,3355172498,17862268,0.0796,1646.0,0.07172444085661667,-0.048267335619876395,0.0796,25.55,78.0,,,,,,
2026-07-30T19:32:22.505125+00:00,S021,mounted,true,healthy,none,1500,healthy_horizontal_no_load_1500rpm,983494,1501,276,1424,1884,6,0,1133393,9,240,73,1,3,1653,1494,1224,60,113,1624,16383,1657,1647,1638072,800,2015,2179,524492,11952,8,382534,1496,52706,649,983396282,983495349,0,983495423,983495938,3354174012,17856294,0.0796,1646.0,0.24232045783132472,-0.031039879518072855,0.0796,25.79,78.4,,,,,,
2026-07-30T19:32:22.599114+00:00,S021,mounted,true,healthy,none,1500,healthy_horizontal_no_load_1500rpm,983595,1501,277,1423,1884,6,0,1133453,9,240,73,0,2,1653,1494,1230,62,120,1626,16383,1656,1646,1638280,800,1963,2075,524461,11952,8,382530,1496,52707,649,983496344,983595559,0,983595633,983596147,3355016656,17856290,0.0796,1646.0,0.06896999999999975,-0.11771510843373534,0.0796,25.73,78.3,,,,,,
2026-07-30T19:32:22.729867+00:00,S021,mounted,true,healthy,none,1500,healthy_horizontal_no_load_1500rpm,983695,1500,276,1423,1883,6,0,1133513,9,240,73,0,3,1653,1494,1259,62,118,1624,16383,1658,1648,1654587,808,1907,2073,524436,11952,8,382526,1496,52708,649,983596548,983696083,0,983696092,983696607,3388269265,17856292,0.0796,1646.0,0.06563633734939733,-0.21105766265060222,0.0796,25.79,78.4,,,,,,
2026-07-30T19:32:22.832738+00:00,S021,mounted,true,healthy,none,1500,healthy_horizontal_no_load_1500rpm,983795,1509,276,1413,1870,2,0,1133574,9,240,73,1,3,1653,1494,1216,62,118,1631,16383,1658,1647,1638180,800,2007,2081,524437,11953,8,382525,1496,52709,649,983697008,983796201,0,983796215,983796730,3354598810,17859281,0.0796,1646.0,0.07868079503053593,-0.044654403831674294,0.0796,25.58,78.0,,,,,,
2026-07-30T19:32:22.925808+00:00,S021,mounted,true,healthy,none,1500,healthy_horizontal_no_load_1500rpm,983895,1511,277,1412,1870,2,0,1133634,9,240,74,0,3,1653,1494,1227,62,119,1628,16383,1656,1646,1638345,800,1939,2071,524436,11955,8,382527,1496,52710,649,983797133,983896261,0,983896271,983896785,3355281025,17865257,0.0796,1646.0,0.06143642434127994,-0.1585300981179425,0.0796,25.67,78.2,,,,,,
2026-07-30T19:32:23.019431+00:00,S021,mounted,true,healthy,none,1500,healthy_horizontal_no_load_1500rpm,983995,1516,274,1408,1861,3,0,1133695,9,240,73,0,2,1653,1494,1234,62,119,1628,16383,1656,1646,1638109,800,1955,2079,524424,11954,8,382527,1496,52711,649,983897185,983996273,0,983996283,983996798,3354312793,17862272,0.0796,1646.0,0.07505754575874146,-0.1315949581729967,0.0796,25.67,78.2,,,,,,
2026-07-30T19:32:23.113170+00:00,S021,mounted,true,healthy,none,1500,healthy_horizontal_no_load_1500rpm,984095,1517,277,1407,1863,1,0,1133756,9,240,74,0,2,1653,1494,1234,60,124,1626,16383,1656,1647,1637954,800,1979,2138,524390,11955,8,382529,1496,52712,649,983997198,984096323,0,984096337,984096852,3353684648,17865257,0.0796,1646.0,0.17308609861982438,-0.09187357616060243,0.0796,25.73,78.3,,,,,,
2026-07-30T19:32:23.206788+00:00,S021,mounted,true,healthy,none,1500,healthy_horizontal_no_load_1500rpm,984195,1514,275,1410,1864,1,0,1133816,9,240,73,1,2,1652,1494,1233,62,122,1650,16383,1658,1645,1637524,800,1861,2071,524317,11955,8,382530,1496,52713,649,984097253,984196354,0,984196363,984196878,3351970082,17865255,0.0758,1646.0,0.06143642434127994,-0.2885103159347553,0.0758,25.0,77.0,,,,,,
2026-07-30T19:32:23.302258+00:00,S021,mounted,true,healthy,none,1500,healthy_horizontal_no_load_1500rpm,984295,1523,276,1399,1852,5,0,1133877,9,240,73,2,2,1652,1495,1227,62,122,1637,16383,1656,1647,1638273,800,1901,2271,524308,11956,8,382533,1496,52714,649,984197280,984296419,0,984296429,984296943,3355051911,17868246,0.0758,1646.0,0.3944025048511204,-0.22211875309468043,0.0758,25.4,77.7,,,,,,
2026-07-30T19:32:23.442859+00:00,S021,mounted,true,healthy,none,1500,healthy_horizontal_no_load_1500rpm,984395,1556,276,1370,1814,6,0,1133939,9,240,74,0,3,1652,1495,1252,61,118,1631,16383,1656,1648,1638296,800,2007,2153,524284,11957,8,382538,1496,52715,649,984297346,984396445,0,984396455,984396969,3355078596,17871233,0.0758,1646.0,0.19748217939282364,-0.045773430542778826,0.0758,25.58,78.0,,,,,,
2026-07-30T19:32:23.536292+00:00,S021,mounted,true,healthy,none,1500,healthy_horizontal_no_load_1500rpm,984496,1567,276,1361,1801,1,0,1134002,9,240,73,0,3,1652,1495,1221,60,119,1627,16383,1657,1648,1655148,808,1849,2183,524341,11958,8,382545,1496,52716,649,984397369,984497080,0,984497154,984497668,3390596992,17874222,0.0758,1646.0,0.24716204666332153,-0.30928027747114895,0.0758,25.7,78.3,,,,,,
2026-07-30T19:32:23.632499+00:00,S021,mounted,true,healthy,none,1500,healthy_horizontal_no_load_1500rpm,984596,1552,278,1376,1825,6,0,1134065,9,240,74,1,3,1652,1495,1221,60,119,1624,16383,1656,1645,1638265,800,2023,2111,524327,11956,8,382547,1496,52717,649,984498069,984597143,0,984597222,984597737,3354948859,17868244,0.0758,1646.0,0.12779871763131467,-0.01883336533957891,0.0758,25.79,78.4,,,,,,
2026-07-30T19:32:23.726690+00:00,S021,mounted,true,healthy,none,1500,healthy_horizontal_no_load_1500rpm,984696,1538,277,1389,1840,2,0,1134126,9,240,73,1,2,1652,1495,1253,62,125,1625,16383,1656,1645,1637727,800,1943,2134,524284,11956,8,382549,1496,52718,649,984598139,984697225,0,984697299,984697813,3352767297,17868244,0.0758,1646.0,0.1661230120441619,-0.15213525894948177,0.0758,25.76,78.4,,,,,,
2026-07-30T19:32:23.821619+00:00,S021,mounted,true,healthy,none,1500,healthy_horizontal_no_load_1500rpm,984796,1534,278,1392,1845,1,0,1134188,9,240,74,1,3,1652,1494,1192,62,125,1624,16383,1656,1647,1638199,800,1989,2121,524291,11955,8,382549,1496,52719,649,984698216,984797267,0,984797346,984797861,3354688741,17865259,0.0758,1646.0,0.14475707678795446,-0.07520944567126753,0.0758,25.79,78.4,,,,,,
2026-07-30T19:32:23.916085+00:00,S021,mounted,true,healthy,none,1500,healthy_horizontal_no_load_1500rpm,984896,1523,277,1402,1857,5,0,1134249,9,240,74,0,3,1652,1495,1203,64,146,1630,16383,1655,1648,1638074,800,2010,2141,524282,11959,8,382557,1496,52720,649,984798263,984897343,0,984897422,984897937,3354165526,17877211,0.0758,1646.0,0.17689199707333358,-0.04133509616188702,0.0758,25.61,78.1,,,,,,
2026-07-30T19:32:24.010076+00:00,S021,mounted,true,healthy,none,1500,healthy_horizontal_no_load_1500rpm,984996,1520,276,1405,1860,4,0,1134310,9,240,74,1,2,1652,1494,1198,62,149,1624,16383,1655,1647,1637747,800,1913,2079,524279,11955,8,382557,1496,52721,649,984898337,984997401,0,984997480,984997995,3352839071,17865257,0.0758,1646.0,0.07476772873274751,-0.20185683739021343,0.0758,25.79,78.4,,,,,,
2026-07-30T19:32:24.102180+00:00,S021,mounted,true,healthy,none,1500,healthy_horizontal_no_load_1500rpm,985097,1523,277,1399,1854,6,0,1134371,9,240,73,1,2,1652,1495,1225,62,149,1632,16383,1657,1648,1654394,808,1862,2079,524299,11957,8,382561,1496,52722,649,984998398,985098065,0,985098074,985098589,3387501166,17871233,0.0758,1646.0,0.07418824011039549,-0.2873629061637537,0.0758,25.55,78.0,,,,,,
2026-07-30T19:32:24.244225+00:00,S021,mounted,true,healthy,none,1500,healthy_horizontal_no_load_1500rpm,985197,1530,275,1396,1846,2,0,1134432,9,240,74,0,3,1652,1495,1232,61,142,1628,16383,1657,1646,1637531,800,1919,2125,524252,11957,8,382564,1496,52723,649,985098992,985198206,0,985198216,985198734,3351968905,17871233,0.0758,1646.0,0.15083041858325652,-0.192393250229991,0.0758,25.67,78.2,,,,,,
2026-07-30T19:32:24.337694+00:00,S021,mounted,true,healthy,none,1500,healthy_horizontal_no_load_1500rpm,985297,1534,276,1391,1842,1,0,1134494,9,240,73,0,2,1652,1494,1225,59,136,1631,16383,1657,1645,1638062,800,2004,2075,524307,11954,8,382562,1496,52724,649,985199135,985298275,0,985298289,985298804,3354119774,17862268,0.0758,1646.0,0.06839133595449187,-0.04993388807093879,0.0758,25.58,78.0,,,,,,
2026-07-30T19:32:24.430543+00:00,S021,mounted,true,healthy,none,1500,healthy_horizontal_no_load_1500rpm,985397,1540,275,1388,1835,5,0,1134555,9,240,73,1,3,1652,1495,1195,59,136,1626,16383,1656,1647,1637841,800,1909,2077,524286,11957,8,382565,1496,52725,649,985299205,985398313,0,985398323,985398838,3353231679,17871233,0.0758,1646.0,0.07085597148114076,-0.20905459337626509,0.0758,25.73,78.3,,,,,,
2026-07-30T19:32:24.524889+00:00,S021,mounted,true,healthy,none,1500,healthy_horizontal_no_load_1500rpm,985498,1549,277,1377,1824,2,0,1134618,9,240,73,1,2,1652,1494,1200,61,135,1629,16383,1657,1647,1654283,808,1957,2171,524300,11955,8,382565,1496,52726,649,985399241,985499043,0,985499122,985499637,3387026051,17865257,0.0758,1646.0,0.22807772923462988,-0.12853466323713958,0.0758,25.64,78.1,,,,,,
2026-07-30T19:32:24.618409+00:00,S021,mounted,true,healthy,none,1500,healthy_horizontal_no_load_1500rpm,985598,1542,276,1387,1835,1,0,1134680,9,240,74,1,3,1652,1494,1204,61,135,1626,16383,1655,1648,1638576,800,2005,2251,524308,11952,8,382559,1496,52727,649,985500040,985599129,0,985599207,985599722,3356259934,17856290,0.0758,1646.0,0.36233231325301185,-0.04770819277108451,0.0758,25.73,78.3,,,,,,
2026-07-30T19:32:24.712189+00:00,S021,mounted,true,healthy,none,1500,healthy_horizontal_no_load_1500rpm,985698,1525,276,1402,1856,5,0,1134741,9,240,73,1,2,1652,1494,1193,61,131,1631,16383,1656,1646,1637710,800,2013,2077,524285,11954,8,382558,1496,52728,649,985600125,985699191,0,985699270,985699785,3352676312,17862266,0.0758,1646.0,0.07172444085661667,-0.034934916011377215,0.0758,25.58,78.0,,,,,,
2026-07-30T19:32:24.807895+00:00,S021,mounted,true,healthy,none,1500,healthy_horizontal_no_load_1500rpm,985798,1518,277,1405,1861,4,0,1134802,9,240,74,1,3,1652,1495,1200,63,136,1636,16383,1655,1647,1638009,800,2001,2209,524285,11957,8,382562,1496,52729,649,985700188,985799244,0,985799322,985799837,3353923037,17871233,0.0758,1646.0,0.29078570101195966,-0.05577023643054302,0.0758,25.43,77.8,,,,,,
2026-07-30T19:32:24.967182+00:00,S021,mounted,true,healthy,none,1500,healthy_horizontal_no_load_1500rpm,985898,1541,276,1381,1830,6,0,1134863,9,240,73,3,3,1652,1494,1204,63,136,1630,16383,1659,1647,1638507,800,2011,2227,524301,11954,8,382560,1496,52730,649,985800240,985899296,0,985899370,985899885,3355977027,17862266,0.0758,1646.0,0.32170730851597806,-0.03826802091350201,0.0758,25.61,78.1,,,,,,
2026-07-30T19:32:25.043942+00:00,S021,mounted,true,healthy,none,1500,healthy_horizontal_no_load_1500rpm,985998,1575,279,1353,1796,1,0,1134926,9,240,74,1,3,1652,1495,1215,63,132,1629,16383,1659,1647,1637887,800,2011,2073,524287,11957,8,382564,1496,52731,649,985900287,985999348,0,985999422,985999937,3353394865,17871233,0.0758,1646.0,0.06419143422263085,-0.03910889328426892,0.0758,25.64,78.1,,,,,,
2026-07-30T19:32:25.137269+00:00,S021,mounted,true,healthy,none,1500,healthy_horizontal_no_load_1500rpm,986099,1578,276,1357,1794,2,0,1134990,9,240,74,1,2,1652,1495,1232,64,141,1634,16383,1655,1647,1637531,800,2015,2075,524253,11956,8,382565,1496,52732,649,986000343,986099570,0,986099652,986100168,3351935685,17868244,0.0758,1646.0,0.06781286550685817,-0.0321635547005692,0.0758,25.49,77.9,,,,,,
2026-07-30T19:32:25.230269+00:00,S021,mounted,true,healthy,none,1500,healthy_horizontal_no_load_1500rpm,986199,1564,279,1365,1811,1,0,1135052,9,240,74,1,3,1652,1494,1216,64,141,1633,16383,1656,1648,1654073,808,2015,2079,524250,11954,8,382563,1496,52733,649,986100570,986200078,0,986200087,986200601,3386143845,17862268,0.0758,1646.0,0.07505754575874146,-0.03160181110925242,0.0758,25.52,77.9,,,,,,
2026-07-30T19:32:25.324704+00:00,S021,mounted,true,healthy,none,1500,healthy_horizontal_no_load_1500rpm,986299,1553,279,1373,1822,6,0,1135115,9,240,74,0,3,1652,1494,1209,63,139,1633,16383,1656,1647,1637865,800,2011,2157,524291,11955,8,382563,1496,52734,649,986201004,986300154,0,986300168,986300683,3353319889,17865257,0.0758,1646.0,0.20474794654956074,-0.03854835859473038,0.0758,25.52,77.9,,,,,,
2026-07-30T19:32:25.419328+00:00,S021,mounted,true,healthy,none,1500,healthy_horizontal_no_load_1500rpm,986399,1541,278,1387,1839,2,0,1135176,9,240,74,2,2,1652,1494,1248,63,139,1632,16383,1655,1647,1637640,800,1998,2105,524272,11950,8,382553,1496,52735,649,986301083,986400230,0,986400240,986400755,3352394338,17850316,0.0758,1646.0,0.1195621665271962,-0.058818634811715675,0.0758,25.55,78.0,,,,,,
2026-07-30T19:32:25.513027+00:00,S021,mounted,true,healthy,none,1500,healthy_horizontal_no_load_1500rpm,986499,1508,276,1417,1875,3,0,1135237,9,240,74,1,3,1652,1494,1228,59,124,1625,16383,1656,1648,1637964,800,2001,2153,524291,11953,8,382550,1496,52736,649,986401158,986500267,0,986500276,986500792,3353734966,17859279,0.0758,1646.0,0.19868261013971367,-0.05465455509077222,0.0758,25.76,78.4,,,,,,
2026-07-30T19:32:25.656264+00:00,S021,mounted,true,healthy,none,1500,healthy_horizontal_no_load_1500rpm,986599,1504,275,1421,1878,3,0,1135297,9,240,73,0,2,1652,1494,1237,58,124,1625,16383,1657,1647,1637421,800,1945,2170,524256,11952,8,382545,1496,52737,649,986501194,986600300,0,986600309,986600824,3351517455,17856292,0.0758,1646.0,0.22731897590361427,-0.14771807228915712,0.0758,25.76,78.4,,,,,,
2026-07-30T19:32:25.750411+00:00,S021,mounted,true,healthy,none,1500,healthy_horizontal_no_load_1500rpm,986699,1529,277,1393,1846,1,0,1135358,9,240,74,1,3,1652,1495,1206,58,124,1640,16383,1656,1647,1638195,800,2009,2203,524291,11956,8,382547,1496,52738,649,986601228,986700334,0,986700343,986700858,3354686065,17868246,0.0758,1646.0,0.2810958952827032,-0.0421611967213118,0.0758,25.3,77.5,,,,,,
2026-07-30T19:32:25.843488+00:00,S021,mounted,true,healthy,none,1500,healthy_horizontal_no_load_1500rpm,986799,1544,278,1380,1830,4,0,1135420,9,240,74,0,2,1652,1494,1213,61,127,1633,16383,1656,1647,1637674,800,1977,2193,524249,11954,8,382546,1496,52739,649,986701264,986800357,0,986800366,986800882,3352548416,17862268,0.0758,1646.0,0.26504452517985566,-0.09493080424962352,0.0758,25.52,77.9,,,,,,
2026-07-30T19:32:25.937469+00:00,S021,mounted,true,healthy,none,1500,healthy_horizontal_no_load_1500rpm,986900,1544,279,1384,1836,2,0,1135482,9,240,74,2,3,1652,1494,1233,59,122,1629,16383,1655,1646,1653830,808,2004,2165,524215,11955,8,382546,1496,52740,649,986801282,986901160,0,986901234,986901749,3385164568,17865257,0.0758,1646.0,0.2180792509410283,-0.05021324993726495,0.0758,25.64,78.1,,,,,,
2026-07-30T19:32:26.032196+00:00,S021,mounted,true,healthy,none,1500,healthy_horizontal_no_load_1500rpm,987000,1511,277,1415,1873,3,0,1135543,9,240,74,2,3,1652,1495,1237,59,122,1619,16383,1655,1649,1637536,800,1995,2115,524229,11956,8,382548,1496,52741,649,986902152,987001216,0,987001290,987001805,3351964084,17868246,0.0758,1646.0,0.1344638123118096,-0.06548902810304513,0.0758,25.94,78.7,,,,,,
2026-07-30T19:32:26.126432+00:00,S021,mounted,true,healthy,none,1500,healthy_horizontal_no_load_1500rpm,987100,1503,276,1422,1882,3,0,1135603,9,240,73,1,3,1652,1495,1238,59,124,1626,16383,1656,1647,1637634,800,1997,2083,524245,11957,8,382552,1496,52742,649,987002208,987101294,0,987101368,987101883,3352365342,17871233,0.0758,1646.0,0.08085277736890495,-0.06243477368905248,0.0758,25.73,78.3,,,,,,
2026-07-30T19:32:26.220232+00:00,S021,mounted,true,healthy,none,1500,healthy_horizontal_no_load_1500rpm,987200,1500,276,1424,1884,3,0,1135663,9,240,73,0,3,1652,1494,1255,59,124,1624,16383,1656,1647,1636829,800,1751,2093,524232,11954,8,382551,1496,52743,649,987102289,987201337,0,987201411,987201926,3349162985,17862268,0.0758,1646.0,0.09838928007361547,-0.47157165818972757,0.0758,25.79,78.4,,,,,,
2026-07-30T19:32:26.314412+00:00,S021,mounted,true,healthy,none,1500,healthy_horizontal_no_load_1500rpm,987300,1500,276,1423,1884,3,0,1135723,9,240,74,0,3,1652,1495,1235,61,126,1625,16383,1657,1647,1637823,800,2021,2253,524234,11956,8,382553,1496,52744,649,987202326,987301387,0,987301461,987301976,3353173485,17868244,0.0758,1646.0,0.36440957878889213,-0.022165912679826594,0.0758,25.76,78.4,,,,,,
2026-07-30T19:32:26.458077+00:00,S021,mounted,true,healthy,none,1500,healthy_horizontal_no_load_1500rpm,987401,1505,275,1416,1874,1,0,1135784,9,240,74,1,3,1652,1495,1241,63,122,1623,16383,1656,1646,1654432,808,2015,2089,524285,11957,8,382557,1496,52745,649,987302377,987402050,0,987402065,987402580,3387612084,17871235,0.0758,1646.0,0.09084958325666959,-0.032444356025759014,0.0758,25.82,78.5,,,,,,
2026-07-30T19:32:26.549284+00:00,S021,mounted,true,healthy,none,1500,healthy_horizontal_no_load_1500rpm,987501,1520,274,1407,1858,1,0,1135844,9,240,73,1,2,1652,1494,1209,63,122,1625,16383,1655,1646,1637512,800,2013,2203,524255,11955,8,382557,1496,52746,649,987402982,987502092,0,987502102,987502617,3351887184,17865255,0.0758,1646.0,0.28140294680050193,-0.03521553249686349,0.0758,25.76,78.4,,,,,,
2026-07-30T19:32:26.642319+00:00,S021,mounted,true,healthy,none,1500,healthy_horizontal_no_load_1500rpm,987601,1530,278,1392,1847,4,0,1135906,9,240,74,1,3,1652,1494,1233,59,117,1628,16383,1655,1647,1637867,800,1985,2253,524279,11952,8,382552,1496,52747,649,987503020,987602158,0,987602172,987602687,3353361473,17856292,0.0758,1646.0,0.36566597590361427,-0.08104481927710827,0.0758,25.67,78.2,,,,,,
2026-07-30T19:32:26.734959+00:00,S021,mounted,true,healthy,none,1500,healthy_horizontal_no_load_1500rpm,987701,1536,274,1389,1835,6,0,1135967,9,240,73,0,2,1652,1494,1242,61,124,1629,16383,1655,1647,1637634,800,2011,2087,524243,11955,8,382552,1496,52748,649,987603089,987702189,0,987702199,987702713,3352366154,17865257,0.0758,1646.0,0.08809903312421552,-0.03854835859473038,0.0758,25.64,78.1,,,,,,
2026-07-30T19:32:26.832381+00:00,S021,mounted,true,healthy,none,1500,healthy_horizontal_no_load_1500rpm,987801,1547,278,1377,1827,3,0,1136029,9,240,74,1,3,1652,1495,1221,61,124,1628,16383,1655,1647,1637946,800,2023,2115,524283,11956,8,382554,1496,52749,649,987703113,987802239,0,987802248,987802763,3353645210,17868244,0.0758,1646.0,0.1344638123118096,-0.01883336533957891,0.0758,25.67,78.2,,,,,,
2026-07-30T19:32:26.921946+00:00,S021,mounted,true,healthy,none,1500,healthy_horizontal_no_load_1500rpm,987901,1550,272,1378,1818,5,0,1136091,9,240,73,1,2,1652,1495,1237,62,123,1637,16383,1657,1647,1637418,800,2009,2073,524261,11956,8,382556,1496,52750,649,987803166,987902284,0,987902293,987902808,3351480178,17868244,0.0758,1646.0,0.06448031816661048,-0.0421611967213118,0.0758,25.4,77.7,,,,,,
2026-07-30T19:32:27.061889+00:00,S021,mounted,true,healthy,none,1500,healthy_horizontal_no_load_1500rpm,988001,1534,277,1392,1844,6,0,1136153,9,240,74,1,3,1652,1494,1242,62,123,1631,16383,1655,1644,1636961,800,1951,2079,524203,11955,8,382556,1496,52751,649,987903211,988002413,0,988002428,988002943,3349618879,17865257,0.0758,1646.0,0.07476772873274751,-0.13853314153074026,0.0758,25.58,78.0,,,,,,
2026-07-30T19:32:27.154789+00:00,S021,mounted,true,healthy,none,1500,healthy_horizontal_no_load_1500rpm,988102,1520,278,1403,1861,2,0,1136214,9,240,74,0,3,1652,1494,1230,61,124,1627,16383,1656,1645,1653786,808,2011,2147,524236,11954,8,382555,1496,52752,649,988003345,988103172,0,988103246,988103761,3384977108,17862270,0.0758,1646.0,0.18838311243098538,-0.03826802091350201,0.0758,25.7,78.3,,,,,,
2026-07-30T19:32:27.248017+00:00,S021,mounted,true,healthy,none,1500,healthy_horizontal_no_load_1500rpm,988202,1518,277,1405,1862,3,0,1136275,9,240,74,1,3,1652,1495,1193,61,118,1629,16383,1657,1646,1637826,800,2021,2092,524276,11956,8,382557,1496,52753,649,988104161,988203225,0,988203299,988203814,3353146864,17868244,0.0758,1646.0,0.0961395178989628,-0.022165912679826594,0.0758,25.64,78.1,,,,,,
2026-07-30T19:32:27.341725+00:00,S021,mounted,true,healthy,none,1500,healthy_horizontal_no_load_1500rpm,988302,1528,277,1397,1850,1,0,1136336,9,240,73,0,2,1652,1495,1209,61,118,1626,16383,1655,1646,1637297,800,2010,2177,524237,11957,8,382561,1496,52754,649,988204217,988303272,0,988303346,988303861,3351017125,17871233,0.0758,1646.0,0.23746940294388175,-0.04077502759889606,0.0758,25.73,78.3,,,,,,
2026-07-30T19:32:27.434138+00:00,S021,mounted,true,healthy,none,1500,healthy_horizontal_no_load_1500rpm,988402,1532,275,1391,1840,5,0,1136397,9,240,73,0,3,1652,1494,1229,62,121,1629,16383,1657,1643,1637343,800,1995,2198,524210,11951,8,382553,1496,52755,649,988304266,988403344,0,988403418,988403932,3351201953,17853303,0.0758,1646.0,0.274296812735336,-0.06409825914149492,0.0758,25.64,78.1,,,,,,
2026-07-30T19:32:27.527694+00:00,S021,mounted,true,healthy,none,1500,healthy_horizontal_no_load_1500rpm,988502,1509,277,1417,1876,4,0,1136458,9,240,74,2,3,1652,1495,1183,65,133,1633,16383,1657,1645,1636835,800,1935,2129,524143,11957,8,382557,1496,52756,649,988404333,988503398,0,988503472,988503987,3349112239,17871233,0.0758,1646.0,0.15749495584176598,-0.1657351011959527,0.0758,25.52,77.9,,,,,,
2026-07-30T19:32:27.622767+00:00,S021,mounted,true,healthy,none,1500,healthy_horizontal_no_load_1500rpm,988603,1492,277,1432,1896,4,0,1136518,9,240,74,1,3,1651,1494,1206,65,133,1629,16383,1659,1645,1652668,808,1917,2071,524040,11953,8,382554,1496,52757,649,988504394,988604032,0,988604042,988604557,3380423398,17859279,0.072,1646.0,0.06201387626537258,-0.19465667271814624,0.072,25.64,78.1,,,,,,
2026-07-30T19:32:27.763472+00:00,S021,mounted,true,healthy,none,1500,healthy_horizontal_no_load_1500rpm,988703,1485,269,1443,1897,4,0,1136578,9,240,73,0,3,1651,1495,1230,62,130,1622,16383,1655,1643,1636265,800,2011,2077,523957,11957,8,382558,1496,52758,649,988604963,988704085,0,988704099,988704614,3346759183,17871235,0.072,1646.0,0.07085597148114076,-0.03910889328426892,0.072,25.85,78.5,,,,,,
2026-07-30T19:32:27.856739+00:00,S021,mounted,true,healthy,none,1500,healthy_horizontal_no_load_1500rpm,988803,1483,275,1441,1906,5,0,1136637,9,240,74,0,3,1651,1495,1200,62,130,1625,16383,1656,1646,1637100,800,1865,2175,524007,11958,8,382564,1496,52759,649,988705014,988804138,0,988804147,988804662,3350226464,17874224,0.072,1646.0,0.23383408680381335,-0.28262435775213257,0.072,25.76,78.4,,,,,,
2026-07-30T19:32:27.952667+00:00,S021,mounted,true,healthy,none,1500,healthy_horizontal_no_load_1500rpm,988903,1484,274,1439,1901,1,0,1136696,9,240,74,0,2,1651,1494,1200,61,129,1623,16383,1655,1647,1637189,800,2004,2071,524048,11954,8,382562,1496,52760,649,988805066,988904184,0,988904194,988904709,3350543747,17862268,0.072,1646.0,0.06172512615024228,-0.04993388807093879,0.072,25.82,78.5,,,,,,
2026-07-30T19:32:28.047074+00:00,S021,mounted,true,healthy,none,1500,healthy_horizontal_no_load_1500rpm,989003,1497,273,1422,1878,1,0,1136756,9,240,73,4,3,1651,1494,1193,61,132,1622,16383,1655,1646,1637014,800,2013,2075,524021,11952,8,382556,1496,52761,649,988905110,989004240,0,989004250,989004764,3349819790,17856294,0.072,1646.0,0.06896999999999975,-0.03437354216867483,0.072,25.85,78.5,,,,,,
2026-07-30T19:32:28.140271+00:00,S021,mounted,true,healthy,none,1500,healthy_horizontal_no_load_1500rpm,989103,1537,277,1388,1839,4,0,1136818,9,240,73,1,2,1651,1494,1205,61,132,1625,16383,1655,1647,1637126,800,2017,2070,524029,11955,8,382556,1496,52762,649,989005167,989104282,0,989104296,989104811,3350279230,17865257,0.072,1646.0,0.05977001129234605,-0.02854988030112926,0.072,25.76,78.4,,,,,,
2026-07-30T19:32:28.235471+00:00,S021,mounted,true,healthy,none,1500,healthy_horizontal_no_load_1500rpm,989203,1545,278,1380,1831,6,0,1136879,9,240,74,0,3,1652,1495,1214,61,138,1620,16383,1656,1646,1637742,800,1965,2095,524095,11957,8,382560,1496,52763,649,989105214,989204329,0,989204338,989204854,3352817940,17871233,0.0758,1646.0,0.10084638914443422,-0.11575107175712995,0.0758,25.91,78.6,,,,,,
2026-07-30T19:32:28.329034+00:00,S021,mounted,true,healthy,none,1500,healthy_horizontal_no_load_1500rpm,989303,1520,277,1406,1862,3,0,1136941,9,240,74,2,3,1651,1494,1232,61,139,1626,16383,1655,1645,1636723,800,1913,2107,524030,11951,8,382552,1496,52764,649,989205254,989304368,0,989304382,989304897,3348660643,17853303,0.072,1646.0,0.12260247016985959,-0.20078986453016467,0.072,25.73,78.3,,,,,,
2026-07-30T19:32:28.470074+00:00,S021,mounted,true,healthy,none,1500,healthy_horizontal_no_load_1500rpm,989403,1506,276,1418,1877,3,0,1137001,9,240,74,1,2,1651,1495,1227,61,139,1625,16383,1655,1643,1636585,800,1936,2093,524025,11956,8,382554,1496,52765,649,989305300,989404418,0,989404428,989404943,3348083513,17868246,0.072,1646.0,0.09780579156908642,-0.163799174640348,0.072,25.76,78.4,,,,,,
2026-07-30T19:32:28.565778+00:00,S021,mounted,true,healthy,none,1500,healthy_horizontal_no_load_1500rpm,989503,1499,277,1425,1887,3,0,1137061,9,240,73,1,2,1651,1495,1208,62,131,1622,16383,1655,1645,1636194,800,1987,2075,523968,11958,8,382560,1496,52766,649,989405345,989504421,0,989504431,989504946,3346472880,17874222,0.072,1646.0,0.06723458855995945,-0.0793729698946315,0.072,25.85,78.5,,,,,,
2026-07-30T19:32:28.660694+00:00,S021,mounted,true,healthy,none,1500,healthy_horizontal_no_load_1500rpm,989604,1501,277,1422,1884,3,0,1137121,9,240,73,0,3,1651,1494,1206,62,131,1626,16383,1655,1647,1652955,808,2009,2081,523965,11952,8,382554,1496,52767,649,989505353,989605075,0,989605149,989605663,3381565213,17856290,0.072,1646.0,0.07897098795180701,-0.04104086746987967,0.072,25.73,78.3,,,,,,
2026-07-30T19:32:28.755642+00:00,S021,mounted,true,healthy,none,1500,healthy_horizontal_no_load_1500rpm,989704,1499,275,1426,1885,3,0,1137181,9,240,74,0,3,1651,1495,1224,62,130,1626,16383,1655,1642,1636683,800,2022,2071,523981,11956,8,382556,1496,52768,649,989606063,989705116,0,989705190,989705705,3348469581,17868244,0.072,1646.0,0.061147770826363246,-0.02049963900970253,0.072,25.73,78.3,,,,,,
2026-07-30T19:32:28.848957+00:00,S021,mounted,true,healthy,none,1500,healthy_horizontal_no_load_1500rpm,989804,1501,276,1422,1882,3,0,1137241,9,240,73,0,3,1651,1494,1209,62,124,1627,16383,1657,1647,1636805,800,1919,2110,524020,11955,8,382556,1496,52769,649,989706106,989805175,0,989805249,989805765,3348996157,17865257,0.072,1646.0,0.1264265332496861,-0.1918583590966123,0.072,25.7,78.3,,,,,,
2026-07-30T19:32:28.943467+00:00,S021,mounted,true,healthy,none,1500,healthy_horizontal_no_load_1500rpm,989904,1500,276,1425,1885,1,0,1137302,9,240,73,1,3,1651,1494,1229,62,124,1628,16383,1654,1646,1636569,800,1947,2103,524007,11954,8,382555,1496,52770,649,989806165,989905230,0,989905308,989905824,3348018439,17862268,0.072,1646.0,0.11505480458423945,-0.1449273777814959,0.072,25.67,78.2,,,,,,
2026-07-30T19:32:29.037470+00:00,S021,mounted,true,healthy,none,1500,healthy_horizontal_no_load_1500rpm,990004,1500,276,1423,1884,1,0,1137362,9,240,73,0,3,1651,1494,1234,64,132,1628,16383,1655,1645,1637028,800,2003,2091,524016,11955,8,382555,1496,52771,649,989906227,990005306,0,990005384,990005899,3349893428,17865255,0.072,1646.0,0.09476468531994975,-0.051879662986198394,0.072,25.67,78.2,,,,,,
2026-07-30T19:32:29.131953+00:00,S021,mounted,true,healthy,none,1500,healthy_horizontal_no_load_1500rpm,990104,1521,275,1401,1854,1,0,1137422,9,240,73,1,3,1651,1495,1245,64,132,1636,16383,1656,1644,1636940,800,2015,2074,524025,11958,8,382561,1496,52772,649,990006300,990105372,0,990105446,990105960,3349524534,17874222,0.072,1646.0,0.06556859357752076,-0.032725110386352174,0.072,25.43,77.8,,,,,,
2026-07-30T19:32:29.273154+00:00,S021,mounted,true,healthy,none,1500,healthy_horizontal_no_load_1500rpm,990205,1528,276,1397,1849,4,0,1137484,9,240,74,1,3,1651,1495,1223,64,132,1631,16383,1655,1646,1652984,808,1795,2255,523999,11956,8,382562,1496,52773,649,990106363,990206089,0,990206098,990206613,3381809484,17868246,0.072,1646.0,0.3677421261291398,-0.39874376212780227,0.072,25.58,78.0,,,,,,
2026-07-30T19:32:29.367160+00:00,S021,mounted,true,healthy,none,1500,healthy_horizontal_no_load_1500rpm,990305,1516,278,1410,1869,6,0,1137545,9,240,74,3,3,1651,1495,1250,64,130,1629,16383,1655,1645,1636463,800,1985,2075,523981,11956,8,382563,1496,52774,649,990207016,990306242,0,990306256,990306771,3347576941,17868246,0.072,1646.0,0.06781286550685817,-0.08215176480428266,0.072,25.64,78.1,,,,,,
2026-07-30T19:32:29.461983+00:00,S021,mounted,true,healthy,none,1500,healthy_horizontal_no_load_1500rpm,990405,1485,272,1444,1903,4,0,1137604,9,240,74,1,3,1651,1494,1221,64,130,1629,16383,1655,1645,1636126,800,2013,2113,523919,11953,8,382559,1496,52775,649,990307174,990406269,0,990406278,990406793,3346198154,17859281,0.072,1646.0,0.13201493507905937,-0.03465425257257637,0.072,25.64,78.1,,,,,,
2026-07-30T19:32:29.554354+00:00,S021,mounted,true,healthy,none,1500,healthy_horizontal_no_load_1500rpm,990505,1470,274,1454,1920,5,0,1137663,9,240,74,0,3,1651,1495,1243,67,127,1628,16383,1655,1645,1636335,800,1975,2069,523894,11957,8,382563,1496,52776,649,990407195,990506407,0,990506417,990506932,3347050541,17871233,0.072,1646.0,0.057526896964120944,-0.09908972861085585,0.072,25.67,78.2,,,,,,
2026-07-30T19:32:29.648584+00:00,S021,mounted,true,healthy,none,1500,healthy_horizontal_no_load_1500rpm,990605,1474,274,1450,1916,1,0,1137722,9,240,73,1,2,1651,1495,1216,68,131,1625,16383,1655,1645,1636548,800,2011,2147,523870,11958,8,382568,1496,52777,649,990507332,990606437,0,990606447,990606961,3347928742,17874222,0.072,1646.0,0.18718622729553402,-0.039389090316106934,0.072,25.76,78.4,,,,,,
2026-07-30T19:32:29.740805+00:00,S021,mounted,true,healthy,none,1500,healthy_horizontal_no_load_1500rpm,990706,1480,275,1445,1910,1,0,1137782,9,240,74,1,3,1651,1495,1250,68,131,1635,16383,1655,1646,1652627,808,2015,2071,523805,11958,8,382573,1496,52778,649,990607364,990707073,0,990707147,990707662,3380222791,17874224,0.072,1646.0,0.06057060863020558,-0.032725110386352174,0.072,25.46,77.8,,,,,,
2026-07-30T19:32:29.834407+00:00,S021,mounted,true,healthy,none,1500,healthy_horizontal_no_load_1500rpm,990806,1486,275,1436,1899,1,0,1137842,9,240,73,2,3,1651,1494,1201,66,123,1635,16383,1655,1646,1636855,800,1995,2167,523842,11954,8,382571,1496,52779,649,990708065,990807124,0,990807203,990807718,3349188513,17862268,0.072,1646.0,0.22171416145223377,-0.06493286013050081,0.072,25.46,77.8,,,,,,
2026-07-30T19:32:29.975469+00:00,S021,mounted,true,healthy,none,1500,healthy_horizontal_no_load_1500rpm,990906,1532,276,1390,1841,5,0,1137903,9,240,73,1,3,1651,1494,1205,65,132,1627,16383,1655,1646,1636442,800,2014,2103,523799,11955,8,382571,1496,52780,649,990808120,990907164,0,990907242,990907758,3347487476,17865255,0.072,1646.0,0.11476164190715155,-0.03354911944793004,0.072,25.7,78.3,,,,,,
2026-07-30T19:32:30.068078+00:00,S021,mounted,true,healthy,none,1500,healthy_horizontal_no_load_1500rpm,991006,1543,278,1381,1832,4,0,1137964,9,240,74,0,2,1651,1495,1229,65,132,1629,16383,1655,1646,1636525,800,2012,2071,523785,11958,8,382576,1496,52781,649,990908160,991007251,0,991007325,991007840,3347830319,17874222,0.072,1646.0,0.06057060863020558,-0.037723095333668244,0.072,25.64,78.1,,,,,,
2026-07-30T19:32:30.160616+00:00,S021,mounted,true,healthy,none,1500,healthy_horizontal_no_load_1500rpm,991107,1525,279,1401,1859,2,0,1138026,9,240,75,3,3,1651,1495,1204,65,131,1628,16383,1657,1646,1653306,808,2007,2219,523809,11959,8,382583,1496,52782,649,991008240,991108121,0,991108131,991108648,3383066588,17877211,0.072,1646.0,0.3068287396103351,-0.04633266318254048,0.072,25.67,78.2,,,,,,
2026-07-30T19:32:30.253938+00:00,S021,mounted,true,healthy,none,1500,healthy_horizontal_no_load_1500rpm,991207,1492,276,1433,1896,2,0,1138086,9,240,74,0,3,1651,1494,1214,65,131,1634,16383,1655,1644,1635990,800,2014,2075,523777,11954,8,382580,1496,52783,649,991109050,991208141,0,991208150,991208665,3345637310,17862268,0.072,1646.0,0.06839133595449187,-0.03326836356031526,0.072,25.49,77.9,,,,,,
2026-07-30T19:32:30.347346+00:00,S021,mounted,true,healthy,none,1500,healthy_horizontal_no_load_1500rpm,991307,1488,272,1440,1898,2,0,1138146,9,240,73,1,2,1650,1494,1206,64,128,1629,16383,1655,1642,1635883,800,1919,2079,523761,11955,8,382579,1496,52784,649,991209069,991308217,0,991308231,991308746,3345215423,17865255,0.0682,1646.0,0.07476772873274751,-0.1918583590966123,0.0682,25.64,78.1,,,,,,
2026-07-30T19:32:30.440701+00:00,S021,mounted,true,healthy,none,1500,healthy_horizontal_no_load_1500rpm,991407,1516,277,1406,1863,2,0,1138206,9,240,73,1,3,1650,1495,1232,63,123,1627,16383,1655,1646,1636350,800,2015,2071,523771,11956,8,382579,1496,52785,649,991309148,991408260,0,991408269,991408784,3347109052,17868246,0.0682,1646.0,0.061147770826363246,-0.0321635547005692,0.0682,25.7,78.3,,,,,,
2026-07-30T19:32:30.587685+00:00,S021,mounted,true,healthy,none,1500,healthy_horizontal_no_load_1500rpm,991507,1528,277,1395,1849,3,0,1138267,9,240,73,1,3,1651,1494,1248,63,123,1626,16383,1656,1646,1636455,800,1979,2284,523788,11951,8,382570,1496,52786,649,991409188,991508307,0,991508316,991508830,3347621733,17853307,0.072,1646.0,0.4176563013136976,-0.09076979190025947,0.072,25.73,78.3,,,,,,
2026-07-30T19:32:30.675461+00:00,S021,mounted,true,healthy,none,1500,healthy_horizontal_no_load_1500rpm,991607,1546,277,1377,1826,5,0,1138329,9,240,74,1,3,1651,1494,1206,63,124,1623,16383,1655,1647,1636927,800,2015,2166,523827,11954,8,382568,1496,52787,649,991509233,991608339,0,991608353,991608868,3349487351,17862268,0.072,1646.0,0.22004760900117093,-0.03160181110925242,0.072,25.82,78.5,,,,,,
2026-07-30T19:32:30.769406+00:00,S021,mounted,true,healthy,none,1500,healthy_horizontal_no_load_1500rpm,991707,1558,278,1367,1813,6,0,1138391,9,240,74,1,3,1651,1494,1213,63,137,1625,16383,1655,1645,1636822,800,2004,2102,523854,11954,8,382566,1496,52788,649,991609270,991708391,0,991708401,991708916,3349043030,17862268,0.072,1646.0,0.11338825213317705,-0.04993388807093879,0.072,25.76,78.4,,,,,,
2026-07-30T19:32:30.860689+00:00,S021,mounted,true,healthy,none,1500,healthy_horizontal_no_load_1500rpm,991807,1569,279,1359,1804,1,0,1138454,9,240,74,0,3,1651,1494,1216,63,137,1624,16383,1655,1645,1636494,800,1934,2079,523840,11951,8,382558,1496,52789,649,991709317,991808438,0,991808447,991808962,3347711742,17853313,0.072,1646.0,0.07592728784202141,-0.16578347778428615,0.072,25.79,78.4,,,,,,
2026-07-30T19:32:30.954981+00:00,S021,mounted,true,healthy,none,1500,healthy_horizontal_no_load_1500rpm,991908,1553,279,1374,1824,4,0,1138516,9,240,74,1,2,1651,1494,1188,64,134,1617,16383,1655,1645,1653363,808,2012,2237,523840,11953,8,382555,1496,52790,649,991809363,991909082,0,991909156,991909671,3383271215,17859277,0.072,1646.0,0.3386847277670877,-0.03632094444909262,0.072,26.01,78.8,,,,,,
2026-07-30T19:32:31.050081+00:00,S021,mounted,true,healthy,none,1500,healthy_horizontal_no_load_1500rpm,992008,1538,274,1388,1834,2,0,1138578,9,240,73,0,3,1651,1494,1206,64,134,1624,16383,1655,1643,1636620,800,2015,2074,523837,11952,8,382550,1496,52791,649,991910074,992009301,0,992009375,992009890,3348214488,17856292,0.072,1646.0,0.06730316867469854,-0.031039879518072855,0.072,25.79,78.4,,,,,,
2026-07-30T19:32:31.142868+00:00,S021,mounted,true,healthy,none,1500,healthy_horizontal_no_load_1500rpm,992108,1528,278,1397,1852,3,0,1138639,9,240,74,2,3,1651,1494,1225,65,146,1623,16383,1654,1646,1635401,800,1918,2077,523750,11955,8,382550,1496,52792,649,992010291,992109374,0,992109448,992109963,3343249659,17865255,0.072,1646.0,0.07143490263488061,-0.19352477214554575,0.072,25.82,78.5,,,,,,
2026-07-30T19:32:31.285210+00:00,S021,mounted,true,healthy,none,1500,healthy_horizontal_no_load_1500rpm,992208,1509,276,1414,1872,1,0,1138700,9,240,74,0,3,1651,1495,1202,67,144,1627,16383,1656,1645,1636698,800,2006,2103,523809,11957,8,382554,1496,52793,649,992110365,992209419,0,992209493,992210008,3348536254,17871233,0.072,1646.0,0.11417546366145315,-0.04743956485740597,0.072,25.7,78.3,,,,,,
2026-07-30T19:32:31.379618+00:00,S021,mounted,true,healthy,none,1500,healthy_horizontal_no_load_1500rpm,992309,1503,276,1419,1878,1,0,1138760,9,240,74,0,3,1651,1494,1221,67,144,1627,16383,1655,1645,1651896,808,2015,2171,523744,11954,8,382553,1496,52794,649,992210409,992310071,0,992310080,992310594,3377250214,17862270,0.072,1646.0,0.22838037125648247,-0.03160181110925242,0.072,25.7,78.3,,,,,,
2026-07-30T19:32:31.473183+00:00,S021,mounted,true,healthy,none,1500,healthy_horizontal_no_load_1500rpm,992409,1505,275,1419,1876,5,0,1138821,9,240,74,0,2,1651,1494,1222,69,142,1619,16383,1654,1646,1636560,800,2007,2083,523777,11955,8,382553,1496,52795,649,992310995,992410142,0,992410156,992410671,3347969088,17865257,0.072,1646.0,0.08143338092848174,-0.045214010790464165,0.072,25.94,78.7,,,,,,
2026-07-30T19:32:31.567527+00:00,S021,mounted,true,healthy,none,1500,healthy_horizontal_no_load_1500rpm,992509,1512,274,1411,1864,5,0,1138881,9,240,73,0,2,1651,1495,1203,67,133,1623,16383,1655,1643,1636679,800,2015,2103,523828,11956,8,382555,1496,52796,649,992411072,992510205,0,992510215,992510730,3348457527,17868246,0.072,1646.0,0.11446852827032439,-0.0321635547005692,0.072,25.82,78.5,,,,,,
2026-07-30T19:32:31.660942+00:00,S021,mounted,true,healthy,none,1500,healthy_horizontal_no_load_1500rpm,992609,1517,275,1410,1863,4,0,1138942,9,240,74,0,2,1651,1495,1222,67,133,1624,16383,1654,1645,1636078,800,2022,2184,523764,11956,8,382557,1496,52797,649,992511130,992610232,0,992610242,992610757,3346011804,17868246,0.072,1646.0,0.2494366955503513,-0.02049963900970253,0.072,25.79,78.4,,,,,,
2026-07-30T19:32:31.753705+00:00,S021,mounted,true,healthy,none,1500,healthy_horizontal_no_load_1500rpm,992709,1495,275,1431,1891,4,0,1139002,9,240,74,1,3,1651,1495,1203,64,132,1627,16383,1655,1645,1636342,800,2005,2073,523783,11959,8,382565,1496,52798,649,992611157,992710263,0,992710273,992710788,3347076266,17877211,0.072,1646.0,0.0636138112718454,-0.04966437452964323,0.072,25.7,78.3,,,,,,
2026-07-30T19:32:31.845792+00:00,S021,mounted,true,healthy,none,1500,healthy_horizontal_no_load_1500rpm,992809,1487,275,1439,1901,5,0,1139061,9,240,73,1,3,1650,1495,1218,64,132,1627,16383,1655,1644,1635498,800,2015,2073,523724,11957,8,382568,1496,52799,649,992711190,992810304,0,992810314,992810828,3343618642,17871233,0.0682,1646.0,0.06419143422263085,-0.032444356025759014,0.0682,25.7,78.3,,,,,,
2026-07-30T19:32:31.988943+00:00,S021,mounted,true,healthy,none,1500,healthy_horizontal_no_load_1500rpm,992909,1503,274,1419,1876,5,0,1139121,9,240,73,3,2,1650,1494,1212,64,125,1632,16383,1654,1643,1635561,800,2015,2073,523679,11955,8,382568,1496,52800,649,992811230,992910335,0,992910345,992910859,3343882475,17865255,0.0682,1646.0,0.06476925043914683,-0.03188270639899615,0.0682,25.55,78.0,,,,,,
2026-07-30T19:32:32.084244+00:00,S021,mounted,true,healthy,none,1500,healthy_horizontal_no_load_1500rpm,993009,1531,276,1392,1844,4,0,1139182,9,240,73,2,2,1650,1495,1225,62,122,1630,16383,1656,1642,1636158,800,1959,2203,523720,11956,8,382569,1496,52801,649,992911262,993010369,0,993010379,993010894,3346353998,17868244,0.0682,1646.0,0.2810958952827032,-0.1254748802275012,0.0682,25.61,78.1,,,,,,
2026-07-30T19:32:32.174357+00:00,S021,mounted,true,healthy,none,1500,healthy_horizontal_no_load_1500rpm,993109,1547,277,1379,1827,2,0,1139244,9,240,74,0,3,1651,1495,1242,62,122,1624,16383,1656,1643,1636399,800,2017,2125,523777,11957,8,382572,1496,52802,649,993011297,993110399,0,993110409,993110923,3347316549,17871235,0.072,1646.0,0.15083041858325652,-0.029112087396504283,0.072,25.79,78.4,,,,,,
2026-07-30T19:32:32.269502+00:00,S021,mounted,true,healthy,none,1500,healthy_horizontal_no_load_1500rpm,993210,1523,276,1404,1858,1,0,1139306,9,240,74,3,3,1651,1495,1221,63,121,1622,16383,1653,1646,1652078,808,2003,2071,523771,11956,8,382573,1496,52803,649,993111323,993211067,0,993211145,993211660,3377988722,17868246,0.072,1646.0,0.061147770826363246,-0.0521588387420544,0.072,25.85,78.5,,,,,,
2026-07-30T19:32:32.362711+00:00,S021,mounted,true,healthy,none,1500,healthy_horizontal_no_load_1500rpm,993310,1491,275,1434,1895,3,0,1139365,9,240,73,1,3,1650,1495,1242,61,120,1628,16383,1654,1643,1635810,800,2005,2099,523769,11957,8,382576,1496,52804,649,993212062,993311148,0,993311222,993311736,3344897694,17871233,0.0682,1646.0,0.10751092640294324,-0.04910569917203311,0.0682,25.67,78.2,,,,,,
2026-07-30T19:32:32.460562+00:00,S021,mounted,true,healthy,none,1500,healthy_horizontal_no_load_1500rpm,993410,1484,276,1439,1905,3,0,1139425,9,240,74,0,3,1650,1494,1251,61,120,1625,16383,1655,1643,1635630,800,2003,2099,523702,11951,8,382567,1496,52805,649,993312139,993411209,0,993411288,993411803,3344163542,17853305,0.0682,1646.0,0.10926670379047732,-0.0507624927621122,0.0682,25.76,78.4,,,,,,
2026-07-30T19:32:32.549134+00:00,S021,mounted,true,healthy,none,1500,healthy_horizontal_no_load_1500rpm,993510,1472,276,1450,1919,2,0,1139484,9,240,74,0,3,1650,1494,1224,59,116,1627,16383,1654,1644,1635329,800,1913,2084,523653,11952,8,382561,1496,52806,649,993412203,993511268,0,993511347,993511862,3342948715,17856292,0.0682,1646.0,0.08397148192771065,-0.2010566746987954,0.0682,25.7,78.3,,,,,,
2026-07-30T19:32:32.687845+00:00,S021,mounted,true,healthy,none,1500,healthy_horizontal_no_load_1500rpm,993610,1467,274,1458,1926,4,0,1139542,9,240,73,1,3,1650,1494,1234,59,116,1626,16383,1654,1644,1635821,800,2007,2197,523607,11953,8,382557,1496,52807,649,993512262,993611320,0,993611394,993611908,3344973521,17859281,0.0682,1646.0,0.27201705270643295,-0.044654403831674294,0.0682,25.73,78.3,,,,,,
2026-07-30T19:32:32.781722+00:00,S021,mounted,true,healthy,none,1500,healthy_horizontal_no_load_1500rpm,993710,1485,275,1434,1897,4,0,1139602,9,240,73,3,3,1650,1494,1238,60,117,1626,16383,1655,1641,1636205,800,1999,2142,523645,11955,8,382557,1496,52808,649,993612311,993711378,0,993711457,993711972,3346529087,17865255,0.0682,1646.0,0.17975175081555816,-0.05854531518193262,0.0682,25.73,78.3,,,,,,
2026-07-30T19:32:32.875421+00:00,S021,mounted,true,healthy,none,1500,healthy_horizontal_no_load_1500rpm,993810,1505,275,1417,1875,4,0,1139662,9,240,74,1,3,1650,1495,1232,59,124,1629,16383,1655,1643,1636051,800,1957,2083,523646,11956,8,382559,1496,52809,649,993712374,993811425,0,993811499,993812014,3345897363,17868248,0.0682,1646.0,0.08114305486784845,-0.12880742756774888,0.0682,25.64,78.1,,,,,,
2026-07-30T19:32:32.970718+00:00,S021,mounted,true,healthy,none,1500,healthy_horizontal_no_load_1500rpm,993911,1517,273,1405,1856,6,0,1139723,9,240,73,2,3,1650,1495,1233,59,124,1623,16383,1655,1646,1652722,808,2021,2169,523698,11957,8,382563,1496,52810,649,993812420,993912089,0,993912098,993912613,3380633678,17871235,0.0682,1646.0,0.22414032842686282,-0.02244755013799482,0.0682,25.82,78.5,,,,,,
2026-07-30T19:32:33.063597+00:00,S021,mounted,true,healthy,none,1500,healthy_horizontal_no_load_1500rpm,994011,1542,276,1383,1831,3,0,1139785,9,240,73,2,2,1650,1495,1251,58,126,1621,16383,1655,1645,1636023,800,2017,2078,523702,11956,8,382564,1496,52811,649,993913020,994012197,0,994012211,994012726,3345770365,17868246,0.0682,1646.0,0.07281168651722947,-0.028831007360321514,0.0682,25.88,78.6,,,,,,
2026-07-30T19:32:33.157580+00:00,S021,mounted,true,healthy,none,1500,healthy_horizontal_no_load_1500rpm,994111,1563,279,1363,1809,5,0,1139847,9,240,74,0,2,1650,1495,1221,59,123,1619,16383,1654,1644,1635415,800,1871,2083,523675,11957,8,382567,1496,52812,649,994013129,994112247,0,994112256,994112772,3343321757,17871233,0.0682,1646.0,0.08085277736890495,-0.27236769733210675,0.0682,25.94,78.7,,,,,,
2026-07-30T19:32:33.250093+00:00,S021,mounted,true,healthy,none,1500,healthy_horizontal_no_load_1500rpm,994211,1557,279,1371,1819,2,0,1139910,9,240,74,2,3,1650,1494,1219,59,123,1621,16383,1656,1644,1636445,800,1979,2214,523711,11954,8,382565,1496,52813,649,994113173,994212368,0,994212382,994212898,3347528445,17862268,0.0682,1646.0,0.30004212665216645,-0.09159769934749873,0.0682,25.88,78.6,,,,,,
2026-07-30T19:32:33.391136+00:00,S021,mounted,true,healthy,none,1500,healthy_horizontal_no_load_1500rpm,994311,1542,277,1384,1834,1,0,1139972,9,240,74,0,3,1650,1494,1243,58,122,1628,16383,1654,1642,1635548,800,2007,2139,523665,11952,8,382559,1496,52814,649,994213300,994312413,0,994312427,994312942,3343837496,17856296,0.0682,1646.0,0.17564720481927676,-0.04437453012048209,0.0682,25.67,78.2,,,,,,
2026-07-30T19:32:33.484707+00:00,S021,mounted,true,healthy,none,1500,healthy_horizontal_no_load_1500rpm,994412,1534,277,1391,1843,5,0,1140033,9,240,74,0,2,1650,1495,1216,58,122,1633,16383,1653,1646,1652330,808,1991,2075,523668,11957,8,382563,1496,52815,649,994313342,994413068,0,994413142,994413657,3379006000,17871233,0.0682,1646.0,0.06752370285188558,-0.07243157957681712,0.0682,25.52,77.9,,,,,,
2026-07-30T19:32:33.580190+00:00,S021,mounted,true,healthy,none,1500,healthy_horizontal_no_load_1500rpm,994512,1542,277,1382,1832,6,0,1140095,9,240,74,0,2,1650,1495,1232,59,132,1630,16383,1656,1645,1635599,800,1962,2074,523639,11957,8,382566,1496,52816,649,994414058,994513103,0,994513177,994513692,3344042963,17871235,0.0682,1646.0,0.065857568537258,-0.12074947470101227,0.0682,25.61,78.1,,,,,,
2026-07-30T19:32:33.676360+00:00,S021,mounted,true,healthy,none,1500,healthy_horizontal_no_load_1500rpm,994612,1550,277,1375,1823,3,0,1140157,9,240,73,0,2,1650,1495,1242,58,139,1633,16383,1654,1645,1635891,800,2010,2163,523666,11956,8,382567,1496,52817,649,994514096,994613154,0,994613228,994613743,3345241693,17868246,0.0682,1646.0,0.21444494847775175,-0.04049492305118818,0.0682,25.52,77.9,,,,,,
2026-07-30T19:32:33.769539+00:00,S021,mounted,true,healthy,none,1500,healthy_horizontal_no_load_1500rpm,994712,1549,277,1378,1826,5,0,1140219,9,240,74,1,3,1650,1494,1209,58,139,1628,16383,1653,1643,1635674,800,1979,2215,523633,11955,8,382567,1496,52818,649,994614147,994713220,0,994713294,994713809,3344377532,17865259,0.0682,1646.0,0.3013999033877037,-0.09187357616060243,0.0682,25.67,78.2,,,,,,
2026-07-30T19:32:33.863350+00:00,S021,mounted,true,healthy,none,1500,healthy_horizontal_no_load_1500rpm,994812,1505,277,1421,1882,5,0,1140279,9,240,74,2,3,1650,1494,1208,56,132,1623,16383,1654,1643,1634601,800,2009,2175,523487,11953,8,382563,1496,52819,649,994714215,994813436,0,994813510,994814025,3339973579,17859281,0.0682,1646.0,0.23534983142307375,-0.04132102007864136,0.0682,25.82,78.5,,,,,,
2026-07-30T19:32:33.957338+00:00,S021,mounted,true,healthy,none,1500,healthy_horizontal_no_load_1500rpm,994913,1489,276,1435,1899,5,0,1140339,9,240,73,0,3,1650,1494,1183,56,130,1624,16383,1654,1644,1651720,808,2005,2183,523503,11955,8,382563,1496,52820,649,994814428,994914087,0,994914097,994914612,3376531192,17865259,0.0682,1646.0,0.24807468582183168,-0.0485468368883315,0.0682,25.79,78.4,,,,,,
2026-07-30T19:32:34.098468+00:00,S021,mounted,true,healthy,none,1500,healthy_horizontal_no_load_1500rpm,995013,1480,273,1447,1909,5,0,1140399,9,240,74,1,3,1650,1495,1205,56,130,1619,16383,1655,1645,1635103,800,1915,2235,523495,11959,8,382570,1496,52821,649,994915012,995014239,0,995014253,995014768,3342072149,17877211,0.0682,1646.0,0.33348243038715575,-0.19959138514926034,0.0682,25.94,78.7,,,,,,
2026-07-30T19:32:34.192293+00:00,S021,mounted,true,healthy,none,1500,healthy_horizontal_no_load_1500rpm,995113,1469,276,1454,1924,3,0,1140457,9,240,74,0,2,1650,1495,1217,56,118,1619,16383,1653,1644,1635099,800,2010,2073,523498,11957,8,382573,1496,52822,649,995015171,995114257,0,995114267,995114782,3341989045,17871233,0.0682,1646.0,0.06419143422263085,-0.04077502759889606,0.0682,25.94,78.7,,,,,,
2026-07-30T19:32:34.286178+00:00,S021,mounted,true,healthy,none,1500,healthy_horizontal_no_load_1500rpm,995213,1469,274,1453,1920,2,0,1140516,9,240,74,1,3,1650,1494,1209,56,118,1622,16383,1655,1645,1634960,800,2013,2091,523489,11955,8,382573,1496,52823,649,995115182,995214326,0,995214336,995214851,3341425626,17865257,0.0682,1646.0,0.09476468531994975,-0.03521553249686349,0.0682,25.85,78.5,,,,,,
2026-07-30T19:32:34.379204+00:00,S021,mounted,true,healthy,none,1500,healthy_horizontal_no_load_1500rpm,995313,1493,275,1426,1887,2,0,1140576,9,240,74,2,2,1650,1494,1230,59,131,1621,16383,1654,1646,1635170,800,2020,2069,523483,11954,8,382571,1496,52824,649,995215253,995314371,0,995314380,995314895,3342276614,17862268,0.0682,1646.0,0.05839202124811749,-0.023269048853940433,0.0682,25.88,78.6,,,,,,
2026-07-30T19:32:34.471617+00:00,S021,mounted,true,healthy,none,1500,healthy_horizontal_no_load_1500rpm,995413,1511,275,1411,1867,3,0,1140637,9,240,73,1,2,1650,1495,1217,57,127,1620,16383,1653,1646,1635902,800,2013,2201,523538,11956,8,382572,1496,52825,649,995315297,995414395,0,995414410,995414925,3345306418,17868246,0.0682,1646.0,0.2777633479424555,-0.03549610204081688,0.0682,25.91,78.6,,,,,,
2026-07-30T19:32:34.564058+00:00,S021,mounted,true,healthy,none,1500,healthy_horizontal_no_load_1500rpm,995514,1518,277,1405,1861,1,0,1140698,9,240,74,0,3,1650,1495,1212,57,127,1622,16383,1653,1640,1651651,808,1930,2189,523515,11956,8,382573,1496,52826,649,995415327,995515053,0,995515131,995515646,3376289261,17868244,0.0682,1646.0,0.2577680639009703,-0.1737968166610906,0.0682,25.85,78.5,,,,,,
2026-07-30T19:32:34.704981+00:00,S021,mounted,true,healthy,none,1500,healthy_horizontal_no_load_1500rpm,995614,1528,278,1396,1851,5,0,1140759,9,240,73,0,2,1650,1494,1209,60,138,1618,16383,1655,1642,1635336,800,2007,2083,523527,11955,8,382573,1496,52827,649,995516047,995615207,0,995615281,995615796,3342967712,17865255,0.0682,1646.0,0.08143338092848174,-0.045214010790464165,0.0682,25.97,78.8,,,,,,
2026-07-30T19:32:34.799612+00:00,S021,mounted,true,healthy,none,1500,healthy_horizontal_no_load_1500rpm,995714,1532,278,1390,1844,4,0,1140820,9,240,74,0,2,1650,1494,1224,63,154,1628,16383,1656,1646,1635673,800,2015,2072,523526,11954,8,382571,1496,52828,649,995616200,995715264,0,995715338,995715852,3344338661,17862268,0.0682,1646.0,0.06339167860130512,-0.03160181110925242,0.0682,25.67,78.2,,,,,,
2026-07-30T19:32:34.892396+00:00,S021,mounted,true,healthy,none,1500,healthy_horizontal_no_load_1500rpm,995815,1548,278,1375,1824,3,0,1140883,9,240,74,1,3,1649,1495,1212,63,154,1627,16383,1655,1642,1651101,808,2009,2071,523448,11956,8,382572,1496,52829,649,995716252,995816069,0,995816084,995816599,3373992847,17868244,0.0644,1646.0,0.061147770826363246,-0.0421611967213118,0.0644,25.7,78.3,,,,,,
2026-07-30T19:32:34.987426+00:00,S021,mounted,true,healthy,none,1500,healthy_horizontal_no_load_1500rpm,995915,1564,276,1364,1806,5,0,1140945,9,240,73,0,2,1650,1494,1219,67,158,1634,16383,1655,1644,1635602,800,1815,2069,523521,11954,8,382570,1496,52830,649,995817002,995916162,0,995916171,995916685,3344110832,17862268,0.0682,1646.0,0.05839202124811749,-0.3649123013217337,0.0682,25.49,77.9,,,,,,
2026-07-30T19:32:35.080886+00:00,S021,mounted,true,healthy,none,1500,healthy_horizontal_no_load_1500rpm,996015,1565,278,1364,1809,2,0,1141008,9,240,74,1,3,1650,1495,1248,67,158,1636,16383,1654,1643,1635148,800,2003,2211,523515,11956,8,382571,1496,52831,649,995917086,996016172,0,996016186,996016701,3342227658,17868248,0.0682,1646.0,0.29442608464369346,-0.0521588387420544,0.0682,25.43,77.8,,,,,,
2026-07-30T19:32:35.175247+00:00,S021,mounted,true,healthy,none,1500,healthy_horizontal_no_load_1500rpm,996115,1520,277,1406,1863,3,0,1141069,9,240,74,2,3,1650,1495,1214,65,146,1621,16383,1655,1644,1634822,800,1983,2066,523472,11957,8,382574,1496,52832,649,996017103,996116261,0,996116275,996116790,3340862924,17871235,0.0682,1646.0,0.05252849402023907,-0.08576065409383649,0.0682,25.88,78.6,,,,,,
2026-07-30T19:32:35.268666+00:00,S021,mounted,true,healthy,none,1500,healthy_horizontal_no_load_1500rpm,996215,1505,275,1420,1878,3,0,1141129,9,240,74,0,3,1649,1494,1224,62,137,1621,16383,1655,1644,1634975,800,2013,2123,523445,11953,8,382570,1496,52833,649,996117193,996216284,0,996216294,996216809,3341491821,17859281,0.0644,1646.0,0.14868185384422317,-0.03465425257257637,0.0644,25.88,78.6,,,,,,
2026-07-30T19:32:35.362333+00:00,S021,mounted,true,healthy,none,1500,healthy_horizontal_no_load_1500rpm,996315,1508,276,1415,1873,3,0,1141189,9,240,74,0,3,1649,1495,1206,62,137,1628,16383,1654,1645,1634801,800,2001,2070,523423,11959,8,382577,1496,52834,649,996217213,996316333,0,996316343,996316861,3340771341,17877211,0.0644,1646.0,0.058616244251191496,-0.05632779722384873,0.0644,25.67,78.2,,,,,,
2026-07-30T19:32:35.502036+00:00,S021,mounted,true,healthy,none,1500,healthy_horizontal_no_load_1500rpm,996415,1512,276,1411,1868,1,0,1141250,9,240,73,1,3,1649,1494,1221,63,143,1631,16383,1653,1645,1635216,800,2015,2082,523441,11953,8,382572,1496,52835,649,996317262,996416347,0,996416361,996416877,3342467582,17859277,0.0644,1646.0,0.08034748690705218,-0.031320868819543435,0.0644,25.58,78.0,,,,,,
2026-07-30T19:32:35.596307+00:00,S021,mounted,true,healthy,none,1500,healthy_horizontal_no_load_1500rpm,996515,1516,276,1408,1863,1,0,1141310,9,240,74,0,3,1649,1494,1238,66,144,1628,16383,1653,1644,1634997,800,2007,2071,523415,11954,8,382570,1496,52836,649,996417280,996516388,0,996516398,996516912,3341570091,17862268,0.0644,1646.0,0.06172512615024228,-0.0449342307177516,0.0644,25.67,78.2,,,,,,
2026-07-30T19:32:35.689257+00:00,S021,mounted,true,healthy,none,1500,healthy_horizontal_no_load_1500rpm,996615,1531,276,1392,1844,4,0,1141372,9,240,74,2,2,1650,1494,1244,66,144,1620,16383,1655,1645,1635302,800,1991,2069,523465,11954,8,382568,1496,52837,649,996517312,996616423,0,996616433,996616948,3342822278,17862270,0.0682,1646.0,0.05839202124811749,-0.0715990699347504,0.0682,25.91,78.6,,,,,,
2026-07-30T19:32:35.783974+00:00,S021,mounted,true,healthy,none,1500,healthy_horizontal_no_load_1500rpm,996716,1549,275,1376,1821,2,0,1141434,9,240,73,0,3,1650,1494,1241,65,144,1621,16383,1654,1645,1651732,808,2001,2201,523496,11955,8,382568,1496,52838,649,996617350,996717171,0,996717245,996717760,3376594448,17865255,0.0682,1646.0,0.2780701207026346,-0.05521248908406573,0.0682,25.88,78.6,,,,,,
2026-07-30T19:32:35.878429+00:00,S021,mounted,true,healthy,none,1500,healthy_horizontal_no_load_1500rpm,996816,1541,278,1385,1837,1,0,1141496,9,240,74,1,3,1649,1495,1208,65,144,1627,16383,1653,1642,1634417,800,1867,2069,523406,11959,8,382575,1496,52839,649,996718160,996817216,0,996817290,996817805,3339233715,17877211,0.0644,1646.0,0.0569503885776399,-0.2795524574797228,0.0644,25.7,78.3,,,,,,
2026-07-30T19:32:35.971601+00:00,S021,mounted,true,healthy,none,1500,healthy_horizontal_no_load_1500rpm,996916,1525,276,1400,1853,5,0,1141557,9,240,74,0,2,1649,1494,1225,65,143,1624,16383,1652,1644,1634445,800,1999,2069,523316,11954,8,382573,1496,52840,649,996818211,996917301,0,996917375,996917891,3339319253,17862268,0.0644,1646.0,0.05839202124811749,-0.05826665032625078,0.0644,25.79,78.4,,,,,,
2026-07-30T19:32:36.066472+00:00,S021,mounted,true,healthy,none,1500,healthy_horizontal_no_load_1500rpm,997016,1518,277,1406,1862,4,0,1141618,9,240,74,0,3,1649,1494,1238,63,136,1633,16383,1653,1642,1634687,800,1930,2067,523273,11955,8,382573,1496,52841,649,996918291,997017359,0,997017433,997017948,3340324389,17865255,0.0644,1646.0,0.05477077214554571,-0.17352781555834396,0.0644,25.52,77.9,,,,,,
2026-07-30T19:32:36.206913+00:00,S021,mounted,true,healthy,none,1500,healthy_horizontal_no_load_1500rpm,997116,1505,278,1420,1882,4,0,1141678,9,240,74,2,3,1649,1494,1221,63,136,1624,16383,1653,1644,1634462,800,2003,2071,523263,11954,8,382571,1496,52842,649,997018352,997117432,0,997117506,997118021,3339388714,17862268,0.0644,1646.0,0.06172512615024228,-0.05160044052200119,0.0644,25.79,78.4,,,,,,
2026-07-30T19:32:36.302698+00:00,S021,mounted,true,healthy,none,1500,healthy_horizontal_no_load_1500rpm,997217,1485,275,1439,1903,4,0,1141738,9,240,74,1,3,1649,1494,1219,63,131,1620,16383,1652,1645,1651048,808,1969,2076,523266,11949,8,382559,1496,52843,649,997118423,997218104,0,997218114,997218628,3373771824,17847333,0.0644,1646.0,0.0715056090886268,-0.10689012076324378,0.0644,25.91,78.6,,,,,,
2026-07-30T19:32:36.395153+00:00,S021,mounted,true,healthy,none,1500,healthy_horizontal_no_load_1500rpm,997317,1487,273,1437,1896,4,0,1141798,9,240,73,0,2,1649,1495,1233,62,128,1621,16383,1652,1643,1634556,800,2011,2173,523266,11960,8,382569,1496,52844,649,997219031,997318140,0,997318155,997318670,3339785784,17880200,0.0644,1646.0,0.2298967110367891,-0.039949343812709426,0.0644,25.88,78.6,,,,,,
2026-07-30T19:32:36.489446+00:00,S021,mounted,true,healthy,none,1500,healthy_horizontal_no_load_1500rpm,997417,1484,274,1443,1905,5,0,1141857,9,240,74,0,2,1649,1494,1229,62,128,1621,16383,1654,1643,1634744,800,2005,2079,523252,11954,8,382567,1496,52845,649,997319070,997418185,0,997418194,997418710,3340541362,17862270,0.0644,1646.0,0.07505754575874146,-0.048267335619876395,0.0644,25.88,78.6,,,,,,
2026-07-30T19:32:36.582381+00:00,S021,mounted,true,healthy,none,1500,healthy_horizontal_no_load_1500rpm,997517,1483,277,1440,1908,1,0,1141916,9,240,74,0,3,1649,1495,1243,66,125,1617,16383,1653,1645,1634588,800,1991,2075,523280,11957,8,382570,1496,52846,649,997419114,997518250,0,997518259,997518774,3339906700,17871233,0.0644,1646.0,0.06752370285188558,-0.07243157957681712,0.0644,26.01,78.8,,,,,,
2026-07-30T19:32:36.676181+00:00,S021,mounted,true,healthy,none,1500,healthy_horizontal_no_load_1500rpm,997617,1496,274,1426,1885,1,0,1141976,9,240,73,1,2,1649,1495,1208,66,125,1616,16383,1656,1642,1635200,800,2013,2157,523293,11957,8,382573,1496,52847,649,997519174,997618295,0,997618304,997618819,3342433598,17871233,0.0644,1646.0,0.20414671665133355,-0.03577662465501419,0.0644,26.04,78.9,,,,,,
2026-07-30T19:32:36.814388+00:00,S021,mounted,true,healthy,none,1500,healthy_horizontal_no_load_1500rpm,997717,1509,276,1414,1872,1,0,1142036,9,240,73,0,3,1649,1495,1201,64,121,1617,16383,1654,1644,1634966,800,2003,2089,523297,11956,8,382574,1496,52848,649,997619221,997718305,0,997718315,997718834,3341446654,17868246,0.0644,1646.0,0.09114069688859106,-0.0521588387420544,0.0644,26.01,78.8,,,,,,
2026-07-30T19:32:36.906984+00:00,S021,mounted,true,healthy,none,1500,healthy_horizontal_no_load_1500rpm,997818,1516,276,1406,1862,4,0,1142098,9,240,74,0,3,1649,1494,1204,66,133,1621,16383,1655,1642,1650777,808,2005,2151,523258,11954,8,382572,1496,52849,649,997719234,997819044,0,997819122,997819637,3372677455,17862270,0.0644,1646.0,0.19504932223523497,-0.048267335619876395,0.0644,25.88,78.6,,,,,,
2026-07-30T19:32:37.000428+00:00,S021,mounted,true,healthy,none,1500,healthy_horizontal_no_load_1500rpm,997918,1517,275,1408,1862,4,0,1142158,9,240,74,0,3,1649,1495,1224,66,133,1628,16383,1652,1645,1634395,800,1945,2158,523258,11956,8,382573,1496,52850,649,997820038,997919088,0,997919162,997919678,3339137903,17868246,0.0644,1646.0,0.20611358012713277,-0.14880271160923453,0.0644,25.67,78.2,,,,,,
2026-07-30T19:32:37.094477+00:00,S021,mounted,true,healthy,none,1500,healthy_horizontal_no_load_1500rpm,998018,1517,275,1412,1865,6,0,1142219,9,240,74,0,2,1649,1494,1219,63,122,1626,16383,1652,1643,1634660,800,2011,2075,523270,11954,8,382571,1496,52851,649,997920078,998019164,0,998019238,998019753,3340197654,17862266,0.0644,1646.0,0.06839133595449187,-0.03826802091350201,0.0644,25.73,78.3,,,,,,
2026-07-30T19:32:37.188322+00:00,S021,mounted,true,healthy,none,1500,healthy_horizontal_no_load_1500rpm,998118,1518,277,1404,1860,2,0,1142280,9,240,74,1,3,1649,1495,1222,59,109,1648,16383,1652,1641,1634430,800,2011,2155,523253,11956,8,382572,1496,52852,649,998020157,998119227,0,998119301,998119816,3339267832,17868244,0.0644,1646.0,0.20111475911676147,-0.03882864938106412,0.0644,25.06,77.1,,,,,,
2026-07-30T19:32:37.282708+00:00,S021,mounted,true,healthy,none,1500,healthy_horizontal_no_load_1500rpm,998218,1540,276,1385,1834,1,0,1142342,9,240,73,0,3,1649,1495,1175,59,109,1635,16383,1653,1643,1634486,800,2007,2193,523258,11956,8,382573,1496,52853,649,998120222,998219284,0,998219363,998219878,3339511176,17868244,0.0644,1646.0,0.2644331585814652,-0.04549374406155948,0.0644,25.46,77.8,,,,,,
2026-07-30T19:32:37.374934+00:00,S021,mounted,true,healthy,none,1500,healthy_horizontal_no_load_1500rpm,998318,1546,275,1379,1825,4,0,1142404,9,240,74,1,3,1649,1495,1195,61,114,1630,16383,1654,1642,1634891,800,2023,2157,523284,11956,8,382574,1496,52854,649,998220279,998319447,0,998319526,998320041,3341150017,17868244,0.0644,1646.0,0.2044473064570087,-0.01883336533957891,0.0644,25.61,78.1,,,,,,
2026-07-30T19:32:37.516797+00:00,S021,mounted,true,healthy,none,1500,healthy_horizontal_no_load_1500rpm,998419,1528,277,1399,1853,6,0,1142465,9,240,74,2,3,1649,1494,1206,61,114,1621,16383,1655,1642,1649794,808,2007,2065,523187,11954,8,382572,1496,52855,649,998320444,998420103,0,998420113,998420628,3368645728,17862270,0.0644,1646.0,0.0517258114438679,-0.0449342307177516,0.0644,25.88,78.6,,,,,,
2026-07-30T19:32:37.609786+00:00,S021,mounted,true,healthy,none,1500,healthy_horizontal_no_load_1500rpm,998519,1504,276,1421,1880,2,0,1142526,9,240,74,1,2,1649,1494,1212,63,119,1619,16383,1654,1643,1634439,800,1999,2121,523191,11954,8,382570,1496,52856,649,998421034,998520292,0,998520306,998520821,3339298709,17862266,0.0644,1646.0,0.1450527487033626,-0.05826665032625078,0.0644,25.94,78.7,,,,,,
2026-07-30T19:32:37.703072+00:00,S021,mounted,true,healthy,none,1500,healthy_horizontal_no_load_1500rpm,998619,1499,276,1425,1885,2,0,1142586,9,240,74,0,3,1649,1494,1211,63,126,1622,16383,1655,1640,1633984,800,2006,2183,523126,11952,8,382564,1496,52857,649,998521223,998620373,0,998620387,998620902,3337464702,17856292,0.0644,1646.0,0.24898778313252956,-0.0460413614457833,0.0644,25.85,78.5,,,,,,
2026-07-30T19:32:37.795662+00:00,S021,mounted,true,healthy,none,1500,healthy_horizontal_no_load_1500rpm,998720,1486,277,1436,1902,2,0,1142646,9,240,73,0,2,1648,1495,1192,63,126,1623,16383,1651,1642,1650317,808,1965,2075,523110,11958,8,382569,1496,52858,649,998621302,998721164,0,998721242,998721757,3370789999,17874222,0.0606,1646.0,0.06723458855995945,-0.11602485950827912,0.0606,25.82,78.5,,,,,,
2026-07-30T19:32:37.890111+00:00,S021,mounted,true,healthy,none,1500,healthy_horizontal_no_load_1500rpm,998820,1487,276,1436,1900,6,0,1142705,9,240,74,0,3,1648,1494,1216,60,122,1625,16383,1651,1642,1633500,800,2005,2073,523033,11954,8,382567,1496,52859,649,998722158,998821236,0,998821310,998821824,3335456554,17862268,0.0606,1646.0,0.06505823105236708,-0.048267335619876395,0.0606,25.76,78.4,,,,,,
2026-07-30T19:32:37.983933+00:00,S021,mounted,true,healthy,none,1500,healthy_horizontal_no_load_1500rpm,998920,1482,275,1441,1905,6,0,1142765,9,240,74,1,3,1648,1494,1206,63,129,1624,16383,1652,1640,1633522,800,1983,2167,523006,11952,8,382561,1496,52860,649,998822225,998921295,0,998921528,998922043,3335570150,17856294,0.0606,1646.0,0.22231848192771064,-0.08437848192771069,0.0606,25.79,78.4,,,,,,
2026-07-30T19:32:38.079650+00:00,S021,mounted,true,healthy,none,1500,healthy_horizontal_no_load_1500rpm,999021,1484,272,1440,1899,4,0,1142824,9,240,74,0,2,1648,1495,1218,63,129,1631,16383,1651,1643,1649973,808,1839,2065,523015,11958,8,382566,1496,52861,649,998922445,999022093,0,999022103,999022618,3369429261,17874222,0.0606,1646.0,0.05057463873557433,-0.32594022729553496,0.0606,25.58,78.0,,,,,,
2026-07-30T19:32:38.218809+00:00,S021,mounted,true,healthy,none,1500,healthy_horizontal_no_load_1500rpm,999121,1482,276,1440,1906,4,0,1142884,9,240,74,0,3,1648,1494,1217,59,130,1624,16383,1653,1642,1633954,800,2016,2111,523016,11955,8,382566,1496,52862,649,999023018,999122127,0,999122137,999122652,3337319152,17865255,0.0606,1646.0,0.12809294629861956,-0.030216293350062706,0.0606,25.79,78.4,,,,,,
2026-07-30T19:32:38.310252+00:00,S021,mounted,true,healthy,none,1500,healthy_horizontal_no_load_1500rpm,999221,1493,277,1428,1892,4,0,1142944,9,240,74,0,3,1648,1494,1238,59,130,1623,16383,1653,1638,1633783,800,1953,2169,522989,11955,8,382566,1496,52863,649,999123052,999222273,0,999222287,999222802,3336645201,17865257,0.0606,1646.0,0.22474490313676254,-0.1352003154328738,0.0606,25.82,78.5,,,,,,
2026-07-30T19:32:38.404007+00:00,S021,mounted,true,healthy,none,1500,healthy_horizontal_no_load_1500rpm,999321,1497,275,1426,1886,4,0,1143004,9,240,74,0,3,1648,1495,1242,61,133,1620,16383,1653,1641,1633436,800,2003,2147,522976,11959,8,382573,1496,52864,649,999223203,999322323,0,999322337,999322852,3335205354,17877211,0.0606,1646.0,0.18688713111464184,-0.05299608587674598,0.0606,25.91,78.6,,,,,,
2026-07-30T19:32:38.497877+00:00,S021,mounted,true,healthy,none,1500,healthy_horizontal_no_load_1500rpm,999422,1500,273,1422,1877,4,0,1143064,9,240,73,0,3,1648,1494,1237,62,129,1620,16383,1651,1642,1650233,808,1991,2069,522992,11954,8,382571,1496,52865,649,999323253,999423074,0,999423148,999423663,3370437471,17862270,0.0606,1646.0,0.05839202124811749,-0.0715990699347504,0.0606,25.91,78.6,,,,,,
2026-07-30T19:32:38.592310+00:00,S021,mounted,true,healthy,none,1500,healthy_horizontal_no_load_1500rpm,999522,1498,276,1425,1886,4,0,1143124,9,240,74,0,3,1648,1495,1250,62,129,1616,16383,1651,1643,1633384,800,2015,2087,522989,11957,8,382574,1496,52866,649,999424063,999523127,0,999523201,999523716,3334981714,17871233,0.0606,1646.0,0.08751731462741441,-0.032444356025759014,0.0606,26.04,78.9,,,,,,
2026-07-30T19:32:38.685064+00:00,S021,mounted,true,healthy,none,1500,healthy_horizontal_no_load_1500rpm,999622,1499,273,1428,1884,4,0,1143184,9,240,73,0,2,1648,1494,1242,62,122,1622,16383,1653,1642,1634002,800,2013,2203,522993,11951,8,382566,1496,52867,649,999524117,999623339,0,999623413,999623928,3337545016,17853313,0.0606,1646.0,0.28263166672245,-0.034092784787884245,0.0606,25.85,78.5,,,,,,
2026-07-30T19:32:38.825997+00:00,S021,mounted,true,healthy,none,1500,healthy_horizontal_no_load_1500rpm,999722,1516,276,1407,1862,6,0,1143245,9,240,73,1,2,1648,1494,1251,62,119,1620,16383,1651,1644,1633174,800,1943,2067,522981,11953,8,382562,1496,52868,649,999624332,999723386,0,999723619,999724134,3334138960,17859277,0.0606,1646.0,0.05534710875930715,-0.15132268392872117,0.0606,25.91,78.6,,,,,,
2026-07-30T19:32:38.919102+00:00,S021,mounted,true,healthy,none,1500,healthy_horizontal_no_load_1500rpm,999823,1524,278,1400,1856,2,0,1143306,9,240,74,0,3,1648,1495,1225,62,119,1615,16383,1651,1644,1650129,808,2003,2075,522983,11956,8,382563,1496,52869,649,999724537,999824208,0,999824218,999824733,3370012153,17868244,0.0606,1646.0,0.06781286550685817,-0.0521588387420544,0.0606,26.07,78.9,,,,,,
2026-07-30T19:32:39.013846+00:00,S021,mounted,true,healthy,none,1500,healthy_horizontal_no_load_1500rpm,999923,1526,277,1402,1857,3,0,1143367,9,240,74,2,3,1648,1495,1230,64,117,1622,16383,1651,1642,1632973,800,2007,2095,522941,11956,8,382564,1496,52870,649,999825137,999924259,0,999924268,999924784,3333310341,17868244,0.0606,1646.0,0.1011383389093341,-0.04549374406155948,0.0606,25.85,78.5,,,,,,
2026-07-30T19:32:39.107023+00:00,S021,mounted,true,healthy,none,1500,healthy_horizontal_no_load_1500rpm,1000023,1500,275,1428,1886,3,0,1143427,9,240,73,2,3,1648,1495,1251,64,117,1617,16383,1651,1640,1633062,800,2005,2203,522886,11956,8,382565,1496,52871,649,999925190,1000024280,0,1000024289,1000024804,3333697002,17868244,0.0606,1646.0,0.2810958952827032,-0.048826291401807165,0.0606,26.01,78.8,,,,,,
2026-07-30T19:32:39.201956+00:00,S021,mounted,true,healthy,none,1500,healthy_horizontal_no_load_1500rpm,1000123,1485,272,1441,1900,3,0,1143487,9,240,73,0,2,1647,1494,1237,58,105,1619,16383,1651,1640,1632558,800,1957,2067,522769,11953,8,382561,1496,52872,649,1000025211,1000124328,0,1000124338,1000124853,3331616066,17859281,0.0568,1646.0,0.05534710875930715,-0.12798899765749194,0.0568,25.94,78.7,,,,,,
2026-07-30T19:32:39.296109+00:00,S021,mounted,true,healthy,none,1500,healthy_horizontal_no_load_1500rpm,1000223,1485,276,1439,1905,2,0,1143546,9,240,74,1,3,1647,1495,1264,59,110,1619,16383,1652,1642,1632868,800,1991,2163,522741,11958,8,382566,1496,52873,649,1000125259,1000224346,0,1000224356,1000224870,3332897214,17874222,0.0568,1646.0,0.21384214701455084,-0.07270898996487718,0.0568,25.94,78.7,,,,,,
2026-07-30T19:32:39.389917+00:00,S021,mounted,true,healthy,none,1500,healthy_horizontal_no_load_1500rpm,1000323,1482,275,1441,1906,2,0,1143606,9,240,74,1,2,1647,1494,1229,59,110,1622,16383,1651,1642,1632973,800,1873,2113,522756,11955,8,382566,1496,52874,649,1000225279,1000324396,0,1000324410,1000324925,3333345789,17865257,0.0568,1646.0,0.13142577239648645,-0.2685133593475535,0.0568,25.85,78.5,,,,,,
2026-07-30T19:32:39.529315+00:00,S021,mounted,true,healthy,none,1500,healthy_horizontal_no_load_1500rpm,1000424,1483,276,1440,1905,6,0,1143665,9,240,74,0,3,1647,1495,1235,59,118,1625,16383,1651,1642,1649314,808,2013,2103,522770,11956,8,382567,1496,52875,649,1000325334,1000424984,0,1000425057,1000425572,3366686942,17868244,0.0568,1646.0,0.11446852827032439,-0.03549610204081688,0.0568,25.76,78.4,,,,,,
2026-07-30T19:32:39.625046+00:00,S021,mounted,true,healthy,none,1500,healthy_horizontal_no_load_1500rpm,1000524,1536,277,1386,1837,3,0,1143727,9,240,73,2,3,1647,1495,1251,62,126,1618,16383,1651,1641,1632744,800,1837,2073,522745,11956,8,382568,1496,52876,649,1000425978,1000525159,0,1000525237,1000525752,3332412356,17868244,0.0568,1646.0,0.06448031816661048,-0.32876026798260316,0.0568,25.97,78.8,,,,,,
2026-07-30T19:32:39.719012+00:00,S021,mounted,true,healthy,none,1500,healthy_horizontal_no_load_1500rpm,1000624,1554,279,1371,1820,5,0,1143789,9,240,73,1,3,1647,1494,1238,62,126,1618,16383,1651,1642,1632708,800,1955,2067,522746,11953,8,382564,1496,52877,649,1000526161,1000625217,0,1000625295,1000625810,3332237536,17859277,0.0568,1646.0,0.05534710875930715,-0.13132238141052488,0.0568,25.97,78.8,,,,,,
2026-07-30T19:32:39.811413+00:00,S021,mounted,true,healthy,none,1500,healthy_horizontal_no_load_1500rpm,1000724,1555,278,1374,1821,6,0,1143851,9,240,74,2,2,1647,1495,1225,63,129,1616,16383,1653,1638,1632699,800,1871,2151,522746,11957,8,382567,1496,52878,649,1000626219,1000725281,0,1000725355,1000725870,3332238939,17871233,0.0568,1646.0,0.19414991076356936,-0.27236769733210675,0.0568,26.04,78.9,,,,,,
2026-07-30T19:32:39.904870+00:00,S021,mounted,true,healthy,none,1500,healthy_horizontal_no_load_1500rpm,1000824,1533,276,1395,1846,2,0,1143912,9,240,74,1,3,1647,1494,1231,63,129,1626,16383,1651,1642,1632543,800,2003,2069,522735,11955,8,382567,1496,52879,649,1000726282,1000825347,0,1000825421,1000825935,3331549201,17865257,0.0568,1646.0,0.0581035982434126,-0.051879662986198394,0.0568,25.73,78.3,,,,,,
2026-07-30T19:32:39.997379+00:00,S021,mounted,true,healthy,none,1500,healthy_horizontal_no_load_1500rpm,1000924,1521,276,1404,1858,3,0,1143973,9,240,73,0,3,1647,1494,1227,64,128,1625,16383,1651,1641,1632532,800,1919,2069,522724,11955,8,382567,1496,52880,649,1000826344,1000925410,0,1000925484,1000925998,3331521598,17865255,0.0568,1646.0,0.0581035982434126,-0.1918583590966123,0.0568,25.76,78.4,,,,,,
2026-07-30T19:32:40.092156+00:00,S021,mounted,true,healthy,none,1500,healthy_horizontal_no_load_1500rpm,1001025,1536,277,1387,1838,5,0,1144035,9,240,74,2,3,1647,1494,1186,65,127,1616,16383,1651,1642,1649624,808,2007,2065,522753,11954,8,382565,1496,52881,649,1000926405,1001026080,0,1001026090,1001026604,3367951524,17862266,0.0568,1646.0,0.0517258114438679,-0.0449342307177516,0.0568,26.04,78.9,,,,,,
2026-07-30T19:32:40.231533+00:00,S021,mounted,true,healthy,none,1500,healthy_horizontal_no_load_1500rpm,1001125,1573,278,1355,1797,2,0,1144098,9,240,74,1,3,1647,1495,1192,65,127,1616,16383,1652,1642,1632945,800,2007,2065,522742,11956,8,382566,1496,52882,649,1001027013,1001126243,0,1001126252,1001126767,3333193869,17868246,0.0568,1646.0,0.0511501288056202,-0.04549374406155948,0.0568,26.04,78.9,,,,,,
2026-07-30T19:32:40.326713+00:00,S021,mounted,true,healthy,none,1500,healthy_horizontal_no_load_1500rpm,1001225,1582,278,1349,1788,5,0,1144161,9,240,74,0,3,1647,1494,1183,63,118,1612,16383,1651,1642,1633238,800,2013,2079,522772,11954,8,382564,1496,52883,649,1001127176,1001226279,0,1001226289,1001226803,3334388658,17862268,0.0568,1646.0,0.07505754575874146,-0.034934916011377215,0.0568,26.16,79.1,,,,,,
2026-07-30T19:32:40.418643+00:00,S021,mounted,true,healthy,none,1500,healthy_horizontal_no_load_1500rpm,1001325,1576,278,1353,1795,3,0,1144225,9,240,74,0,3,1647,1495,1185,59,113,1616,16383,1652,1639,1632512,800,2001,2295,522696,11958,8,382569,1496,52884,649,1001227209,1001326343,0,1001326357,1001326872,3331495798,17874222,0.0568,1646.0,0.43375348469643704,-0.05604904014049206,0.0568,26.04,78.9,,,,,,
2026-07-30T19:32:40.512868+00:00,S021,mounted,true,healthy,none,1500,healthy_horizontal_no_load_1500rpm,1001425,1569,279,1359,1804,5,0,1144287,9,240,74,0,2,1647,1494,1198,59,113,1620,16383,1652,1638,1632679,800,2005,2067,522729,11955,8,382569,1496,52885,649,1001327278,1001426373,0,1001426383,1001426897,3332105143,17865255,0.0568,1646.0,0.05477077214554571,-0.0485468368883315,0.0568,25.91,78.6,,,,,,
2026-07-30T19:32:40.605380+00:00,S021,mounted,true,healthy,none,1500,healthy_horizontal_no_load_1500rpm,1001525,1549,279,1379,1829,2,0,1144350,9,240,74,2,3,1647,1495,1192,60,118,1622,16383,1651,1642,1632762,800,1983,2131,522732,11957,8,382572,1496,52886,649,1001427303,1001526399,0,1001526413,1001526929,3332457776,17871233,0.0568,1646.0,0.16082722447102116,-0.08576065409383649,0.0568,25.85,78.5,,,,,,
2026-07-30T19:32:40.698994+00:00,S021,mounted,true,healthy,none,1500,healthy_horizontal_no_load_1500rpm,1001625,1530,278,1394,1848,3,0,1144411,9,240,74,1,3,1647,1494,1206,60,118,1627,16383,1650,1641,1632489,800,1974,2116,522700,11952,8,382566,1496,52887,649,1001527337,1001626433,0,1001626443,1001626958,3331338381,17856292,0.0568,1646.0,0.13731008433734937,-0.09937996385542203,0.0568,25.7,78.3,,,,,,
2026-07-30T19:32:40.792439+00:00,S021,mounted,true,healthy,none,1500,healthy_horizontal_no_load_1500rpm,1001726,1518,276,1408,1863,1,0,1144472,9,240,74,1,3,1647,1495,1217,64,132,1629,16383,1649,1640,1648186,808,1947,2068,522604,11957,8,382569,1496,52888,649,1001627370,1001727078,0,1001727152,1001727666,3362090774,17871233,0.0568,1646.0,0.0558607626494938,-0.14574148942042342,0.0568,25.64,78.1,,,,,,
2026-07-30T19:32:40.933737+00:00,S021,mounted,true,healthy,none,1500,healthy_horizontal_no_load_1500rpm,1001826,1491,278,1434,1900,1,0,1144532,9,240,74,2,3,1647,1495,1214,63,128,1620,16383,1650,1640,1632014,800,2006,2267,522500,11957,8,382572,1496,52889,649,1001728074,1001827156,0,1001827230,1001827745,3329445438,17871233,0.0568,1646.0,0.3874214912603491,-0.04743956485740597,0.0568,25.91,78.6,,,,,,
2026-07-30T19:32:41.027695+00:00,S021,mounted,true,healthy,none,1500,healthy_horizontal_no_load_1500rpm,1001926,1471,275,1453,1920,3,0,1144591,9,240,74,0,3,1646,1494,1222,63,128,1626,16383,1651,1642,1632046,800,2001,2070,522472,11954,8,382570,1496,52890,649,1001828157,1001927229,0,1001927303,1001927818,3329526856,17862270,0.053,1646.0,0.06005857369918033,-0.054933545424125985,0.053,25.73,78.3,,,,,,
2026-07-30T19:32:41.122968+00:00,S021,mounted,true,healthy,none,1500,healthy_horizontal_no_load_1500rpm,1002026,1472,275,1450,1917,2,0,1144650,9,240,74,1,2,1647,1494,1219,65,133,1622,16383,1654,1639,1632926,800,1967,2173,522526,11954,8,382568,1496,52891,649,1001928228,1002027285,0,1002027359,1002027874,3333134046,17862270,0.0568,1646.0,0.2317134761586077,-0.1115963287602475,0.0568,25.85,78.5,,,,,,
2026-07-30T19:32:41.229224+00:00,S021,mounted,true,healthy,none,1500,healthy_horizontal_no_load_1500rpm,1002127,1491,275,1432,1894,2,0,1144710,9,240,73,1,2,1647,1494,1240,62,123,1620,16383,1649,1641,1648872,808,1980,2073,522508,11952,8,382562,1496,52892,649,1002028286,1002128109,0,1002128118,1002128634,3364885084,17856292,0.0568,1646.0,0.06563633734939733,-0.08937897590361477,0.0568,25.91,78.6,,,,,,
2026-07-30T19:32:41.322403+00:00,S021,mounted,true,healthy,none,1500,healthy_horizontal_no_load_1500rpm,1002227,1497,275,1429,1889,2,0,1144770,9,240,73,1,3,1646,1494,1216,62,123,1617,16383,1651,1641,1632078,800,2007,2219,522472,11952,8,382556,1496,52893,649,1002129046,1002228225,0,1002228234,1002228749,3329693444,17856294,0.053,1646.0,0.3089937108433731,-0.04437453012048209,0.053,26.01,78.8,,,,,,
2026-07-30T19:32:41.415077+00:00,S021,mounted,true,healthy,none,1500,healthy_horizontal_no_load_1500rpm,1002327,1508,275,1416,1872,2,0,1144830,9,240,73,1,2,1647,1494,1234,60,122,1626,16383,1650,1641,1632160,800,1994,2079,522484,11954,8,382555,1496,52894,649,1002229162,1002328290,0,1002328299,1002328814,3329986882,17862268,0.0568,1646.0,0.07505754575874146,-0.06659941258156277,0.0568,25.73,78.3,,,,,,
2026-07-30T19:32:41.507537+00:00,S021,mounted,true,healthy,none,1500,healthy_horizontal_no_load_1500rpm,1002427,1513,276,1411,1867,3,0,1144891,9,240,73,0,2,1647,1494,1219,60,122,1619,16383,1651,1642,1632274,800,2005,2159,522516,11954,8,382554,1496,52895,649,1002329223,1002428325,0,1002428339,1002428854,3330470440,17862268,0.0568,1646.0,0.20838174184373415,-0.048267335619876395,0.0568,25.94,78.7,,,,,,
2026-07-30T19:32:41.600808+00:00,S021,mounted,true,healthy,none,1500,healthy_horizontal_no_load_1500rpm,1002527,1512,277,1411,1869,3,0,1144951,9,240,74,1,3,1646,1495,1234,63,129,1635,16383,1650,1639,1631922,800,2001,2231,522428,11956,8,382556,1496,52896,649,1002429260,1002528359,0,1002528369,1002528883,3329069308,17868248,0.053,1646.0,0.3277515580461694,-0.055491386082302085,0.053,25.46,77.8,,,,,,
2026-07-30T19:32:41.730100+00:00,S021,mounted,true,healthy,none,1500,healthy_horizontal_no_load_1500rpm,1002627,1496,276,1428,1890,3,0,1145011,9,240,74,0,3,1646,1494,1221,66,132,1629,16383,1650,1639,1631769,800,2013,2075,522434,11953,8,382553,1496,52897,649,1002529292,1002628392,0,1002628401,1002628917,3328398163,17859281,0.053,1646.0,0.06868064377143801,-0.03465425257257637,0.053,25.64,78.1,,,,,,
2026-07-30T19:32:41.841442+00:00,S021,mounted,true,healthy,none,1500,healthy_horizontal_no_load_1500rpm,1002728,1485,271,1440,1897,3,0,1145071,9,240,73,0,3,1647,1495,1242,66,132,1634,16383,1651,1641,1648792,808,1994,2071,522482,11957,8,382557,1496,52898,649,1002629323,1002728975,0,1002729049,1002729564,3364553138,17871235,0.0568,1646.0,0.06085916559337612,-0.0674331766329348,0.0568,25.49,77.9,,,,,,
2026-07-30T19:32:41.929983+00:00,S021,mounted,true,healthy,none,1500,healthy_horizontal_no_load_1500rpm,1002828,1482,274,1443,1905,3,0,1145131,9,240,74,0,2,1646,1495,1211,62,126,1627,16383,1650,1642,1631768,800,1967,2066,522466,11959,8,382565,1496,52899,649,1002729974,1002829083,0,1002829161,1002829676,3328387902,17877211,0.053,1646.0,0.051952821556985995,-0.11296689012459282,0.053,25.7,78.3,,,,,,
2026-07-30T19:32:42.022562+00:00,S021,mounted,true,healthy,none,1500,healthy_horizontal_no_load_1500rpm,1002928,1483,276,1439,1904,2,0,1145190,9,240,74,0,2,1647,1494,1227,61,128,1620,16383,1651,1637,1632444,800,1997,2147,522508,11954,8,382563,1496,52900,649,1002830083,1002929142,0,1002929216,1002929731,3331161048,17862268,0.0568,1646.0,0.18838311243098538,-0.06159975522837602,0.0568,25.91,78.6,,,,,,
2026-07-30T19:32:42.115364+00:00,S021,mounted,true,healthy,none,1500,healthy_horizontal_no_load_1500rpm,1003028,1480,276,1442,1909,6,0,1145249,9,240,74,0,2,1647,1495,1233,61,128,1620,16383,1649,1640,1632093,800,1905,2066,522493,11956,8,382564,1496,52901,649,1002930137,1003029207,0,1003029281,1003029796,3329734467,17868244,0.0568,1646.0,0.05281640247574426,-0.2154536584141855,0.0568,25.91,78.6,,,,,,
2026-07-30T19:32:42.209859+00:00,S021,mounted,true,healthy,none,1500,healthy_horizontal_no_load_1500rpm,1003128,1514,276,1407,1864,2,0,1145310,9,240,73,2,3,1647,1494,1217,61,125,1619,16383,1649,1640,1631957,800,2015,2067,522483,11954,8,382562,1496,52902,649,1003030202,1003129420,0,1003129498,1003130013,3329156589,17862268,0.0568,1646.0,0.05505891634599269,-0.03160181110925242,0.0568,25.94,78.7,,,,,,
2026-07-30T19:32:42.302621+00:00,S021,mounted,true,healthy,none,1500,healthy_horizontal_no_load_1500rpm,1003229,1525,278,1398,1854,3,0,1145371,9,240,74,0,3,1646,1495,1246,61,125,1618,16383,1650,1642,1648344,808,2003,2077,522475,11957,8,382565,1496,52903,649,1003130422,1003230072,0,1003230082,1003230597,3362725140,17871233,0.053,1646.0,0.07085597148114076,-0.052437967801287844,0.053,25.97,78.8,,,,,,
2026-07-30T19:32:42.444330+00:00,S021,mounted,true,healthy,none,1500,healthy_horizontal_no_load_1500rpm,1003329,1533,276,1392,1842,1,0,1145432,9,240,74,2,3,1646,1495,1200,63,130,1616,16383,1651,1642,1632202,800,2007,2067,522487,11956,8,382566,1496,52904,649,1003231007,1003330126,0,1003330135,1003330649,3330160694,17868244,0.053,1646.0,0.05448267614586788,-0.04549374406155948,0.053,26.04,78.9,,,,,,
2026-07-30T19:32:42.535072+00:00,S021,mounted,true,healthy,none,1500,healthy_horizontal_no_load_1500rpm,1003429,1544,278,1382,1832,4,0,1145494,9,240,74,0,2,1647,1494,1204,61,131,1621,16383,1652,1641,1632348,800,1987,2077,522518,11955,8,382566,1496,52905,649,1003331058,1003430161,0,1003430170,1003430686,3330763058,17865257,0.0568,1646.0,0.07143490263488061,-0.07854227176913486,0.0568,25.88,78.6,,,,,,
2026-07-30T19:32:42.628667+00:00,S021,mounted,true,healthy,none,1500,healthy_horizontal_no_load_1500rpm,1003529,1551,278,1374,1822,2,0,1145556,9,240,74,0,3,1647,1494,1253,61,131,1621,16383,1651,1641,1632406,800,1943,2073,522503,11955,8,382566,1496,52906,649,1003431095,1003530210,0,1003530220,1003530735,3331004462,17865257,0.0568,1646.0,0.06476925043914683,-0.1518644459222087,0.0568,25.88,78.6,,,,,,
2026-07-30T19:32:42.720792+00:00,S021,mounted,true,healthy,none,1500,healthy_horizontal_no_load_1500rpm,1003629,1545,277,1380,1829,1,0,1145618,9,240,74,0,3,1647,1494,1209,57,122,1625,16383,1653,1641,1632107,800,1899,2073,522491,11954,8,382564,1496,52907,649,1003531141,1003630262,0,1003630272,1003630787,3329792523,17862268,0.0568,1646.0,0.06505823105236708,-0.22492189543249141,0.0568,25.76,78.4,,,,,,
2026-07-30T19:32:42.813453+00:00,S021,mounted,true,healthy,none,1500,healthy_horizontal_no_load_1500rpm,1003729,1536,277,1390,1841,4,0,1145680,9,240,74,0,2,1647,1495,1200,57,119,1618,16383,1651,1642,1632418,800,1942,2173,522495,11958,8,382569,1496,52908,649,1003631196,1003730365,0,1003730379,1003730894,3331071552,17874222,0.0568,1646.0,0.23050209683893597,-0.15434274410436544,0.0568,25.97,78.8,,,,,,
2026-07-30T19:32:42.909005+00:00,S021,mounted,true,healthy,none,1500,healthy_horizontal_no_load_1500rpm,1003830,1535,277,1389,1841,6,0,1145741,9,240,74,0,3,1646,1495,1211,57,119,1625,16383,1651,1641,1632181,800,1969,2225,522483,11957,8,382572,1496,52909,649,1003731300,1003830572,0,1003830581,1003831096,3330109171,17871233,0.053,1646.0,0.31744385004599796,-0.10908653449862005,0.053,25.76,78.4,,,,,,
2026-07-30T19:32:43.050253+00:00,S021,mounted,true,healthy,none,1500,healthy_horizontal_no_load_1500rpm,1003930,1535,278,1388,1842,3,0,1145803,9,240,74,0,3,1646,1494,1228,56,120,1623,16383,1651,1641,1648414,808,2012,2075,522477,11954,8,382570,1496,52910,649,1003831503,1003931104,0,1003931178,1003931693,3363015382,17862268,0.053,1646.0,0.06839133595449187,-0.03660146846243917,0.053,25.82,78.5,,,,,,
2026-07-30T19:32:43.143492+00:00,S021,mounted,true,healthy,none,1500,healthy_horizontal_no_load_1500rpm,1004030,1535,277,1390,1841,1,0,1145864,9,240,74,0,2,1647,1495,1208,56,120,1624,16383,1651,1641,1632201,800,1989,2069,522497,11956,8,382571,1496,52911,649,1003932099,1004031158,0,1004031232,1004031747,3330156045,17868246,0.0568,1646.0,0.05781522348611556,-0.07548667012378774,0.0568,25.79,78.4,,,,,,
2026-07-30T19:32:43.236392+00:00,S021,mounted,true,healthy,none,1500,healthy_horizontal_no_load_1500rpm,1004130,1540,278,1384,1835,4,0,1145926,9,240,73,1,2,1647,1495,1183,59,127,1623,16383,1655,1643,1632820,800,1967,2201,522522,11957,8,382574,1496,52912,649,1004032153,1004131230,0,1004131303,1004131819,3332738710,17871233,0.0568,1646.0,0.27745662649493985,-0.11241880312787478,0.0568,25.82,78.5,,,,,,
2026-07-30T19:32:43.329354+00:00,S021,mounted,true,healthy,none,1500,healthy_horizontal_no_load_1500rpm,1004230,1560,277,1367,1812,2,0,1145988,9,240,74,0,3,1646,1494,1208,58,132,1621,16383,1651,1640,1632269,800,2015,2263,522483,11954,8,382572,1496,52913,649,1004132231,1004231295,0,1004231369,1004231884,3330484769,17862270,0.053,1646.0,0.38170319675422437,-0.03160181110925242,0.053,25.88,78.6,,,,,,
2026-07-30T19:32:43.424342+00:00,S021,mounted,true,healthy,none,1500,healthy_horizontal_no_load_1500rpm,1004330,1567,276,1364,1805,5,0,1146051,9,240,73,0,3,1647,1495,1225,58,132,1627,16383,1651,1641,1632568,800,1999,2075,522540,11957,8,382575,1496,52914,649,1004232290,1004331350,0,1004331423,1004331939,3331651974,17871233,0.0568,1646.0,0.06752370285188558,-0.05910250505979775,0.0568,25.7,78.3,,,,,,
2026-07-30T19:32:43.518233+00:00,S021,mounted,true,healthy,none,1500,healthy_horizontal_no_load_1500rpm,1004431,1551,276,1380,1825,2,0,1146114,9,240,73,1,2,1647,1495,1191,56,124,1633,16383,1651,1641,1648722,808,2002,2095,522503,11956,8,382576,1496,52915,649,1004332345,1004432072,0,1004432086,1004432601,3364274618,17868248,0.0568,1646.0,0.1011383389093341,-0.053825112412178466,0.0568,25.52,77.9,,,,,,
2026-07-30T19:32:43.612703+00:00,S021,mounted,true,healthy,none,1500,healthy_horizontal_no_load_1500rpm,1004531,1538,278,1387,1839,3,0,1146175,9,240,74,0,3,1647,1494,1196,57,119,1622,16383,1650,1640,1632246,800,1950,2079,522507,11954,8,382573,1496,52916,649,1004433010,1004532234,0,1004532244,1004532758,3330349406,17862268,0.0568,1646.0,0.07505754575874146,-0.1399277204283087,0.0568,25.85,78.5,,,,,,
2026-07-30T19:32:43.752645+00:00,S021,mounted,true,healthy,none,1500,healthy_horizontal_no_load_1500rpm,1004631,1536,276,1388,1838,5,0,1146237,9,240,74,1,3,1647,1495,1191,57,119,1623,16383,1652,1640,1632452,800,1919,2069,522505,11956,8,382574,1496,52917,649,1004533165,1004632294,0,1004632304,1004632819,3331197754,17868246,0.0568,1646.0,0.05781522348611556,-0.19212582703245218,0.0568,25.82,78.5,,,,,,
2026-07-30T19:32:43.846046+00:00,S021,mounted,true,healthy,none,1500,healthy_horizontal_no_load_1500rpm,1004731,1544,278,1381,1831,6,0,1146299,9,240,74,0,3,1647,1494,1195,58,118,1621,16383,1651,1642,1632312,800,1931,2115,522519,11954,8,382572,1496,52918,649,1004633231,1004732319,0,1004732333,1004732848,3330626784,17862268,0.0568,1646.0,0.13505343399698821,-0.1715922169984947,0.0568,25.88,78.6,,,,,,
2026-07-30T19:32:43.939467+00:00,S021,mounted,true,healthy,none,1500,healthy_horizontal_no_load_1500rpm,1004831,1549,277,1377,1825,3,0,1146361,9,240,73,0,3,1647,1495,1193,58,118,1625,16383,1653,1639,1632455,800,1991,2112,522513,11956,8,382573,1496,52919,649,1004733255,1004832379,0,1004832393,1004832908,3331204155,17868246,0.0568,1646.0,0.1294649913014383,-0.07215412278354005,0.0568,25.76,78.4,,,,,,
2026-07-30T19:32:44.033948+00:00,S021,mounted,true,healthy,none,1500,healthy_horizontal_no_load_1500rpm,1004931,1545,278,1383,1833,5,0,1146423,9,240,74,1,3,1647,1494,1193,62,121,1624,16383,1651,1642,1633017,800,1997,2323,522512,11953,8,382569,1496,52920,649,1004833314,1004932407,0,1004932425,1004932940,3333563979,17859279,0.0568,1646.0,0.4820202291474942,-0.06132132259683809,0.0568,25.79,78.4,,,,,,
2026-07-30T19:32:44.127200+00:00,S021,mounted,true,healthy,none,1500,healthy_horizontal_no_load_1500rpm,1005032,1536,278,1389,1842,4,0,1146484,9,240,74,1,3,1647,1495,1202,63,123,1620,16383,1651,1640,1649036,808,1965,2155,522497,11956,8,382570,1496,52921,649,1004933348,1005032984,0,1005033058,1005033573,3365572004,17868246,0.0568,1646.0,0.20111475911676147,-0.11547723820675859,0.0568,25.91,78.6,,,,,,
2026-07-30T19:32:44.221284+00:00,S021,mounted,true,healthy,none,1500,healthy_horizontal_no_load_1500rpm,1005132,1532,276,1393,1844,2,0,1146546,9,240,74,0,2,1647,1494,1217,63,123,1621,16383,1651,1639,1633272,800,1997,2187,522556,11955,8,382570,1496,52922,649,1005033982,1005133182,0,1005133261,1005133776,3334549490,17865255,0.0568,1646.0,0.25474033801756546,-0.061878141279799515,0.0568,25.88,78.6,,,,,,
2026-07-30T19:32:44.314742+00:00,S021,mounted,true,healthy,none,1500,healthy_horizontal_no_load_1500rpm,1005232,1522,276,1403,1857,3,0,1146607,9,240,74,0,3,1647,1495,1208,63,121,1621,16383,1652,1641,1632638,800,1909,2070,522577,11958,8,382575,1496,52923,649,1005134186,1005233268,0,1005233342,1005233857,3331968344,17874222,0.0568,1646.0,0.05890461364776689,-0.20932057852483732,0.0568,25.88,78.6,,,,,,
2026-07-30T19:32:44.456335+00:00,S021,mounted,true,healthy,none,1500,healthy_horizontal_no_load_1500rpm,1005332,1518,275,1408,1862,1,0,1146668,9,240,74,0,2,1647,1495,1219,60,120,1622,16383,1652,1642,1632711,800,2013,2063,522585,11956,8,382576,1496,52924,649,1005234263,1005333349,0,1005333427,1005333943,3332232505,17868244,0.0568,1646.0,0.047817581465372516,-0.03549610204081688,0.0568,25.85,78.5,,,,,,
2026-07-30T19:32:44.549162+00:00,S021,mounted,true,healthy,none,1500,healthy_horizontal_no_load_1500rpm,1005432,1505,277,1421,1882,1,0,1146728,9,240,74,1,2,1647,1494,1217,60,120,1632,16383,1651,1642,1633067,800,2001,2069,522662,11954,8,382573,1496,52925,649,1005334349,1005433427,0,1005433500,1005434016,3333689617,17862270,0.0568,1646.0,0.05839202124811749,-0.054933545424125985,0.0568,25.55,78.0,,,,,,
2026-07-30T19:32:44.643420+00:00,S021,mounted,true,healthy,none,1500,healthy_horizontal_no_load_1500rpm,1005533,1492,273,1432,1890,1,0,1146788,9,240,73,1,2,1647,1494,1227,61,120,1623,16383,1650,1641,1648788,808,1935,2191,522632,11955,8,382573,1496,52926,649,1005434424,1005534099,0,1005534109,1005534624,3364582728,17865257,0.0568,1646.0,0.2614059902132997,-0.16519575031367673,0.0568,25.82,78.5,,,,,,
2026-07-30T19:32:44.735422+00:00,S021,mounted,true,healthy,none,1500,healthy_horizontal_no_load_1500rpm,1005633,1485,277,1438,1904,1,0,1146848,9,240,74,0,2,1647,1494,1240,61,120,1623,16383,1650,1642,1632540,800,1931,2091,522644,11955,8,382573,1496,52927,649,1005535032,1005634157,0,1005634167,1005634682,3331554770,17865255,0.0568,1646.0,0.09476468531994975,-0.17186140250941095,0.0568,25.82,78.5,,,,,,
2026-07-30T19:32:44.829159+00:00,S021,mounted,true,healthy,none,1500,healthy_horizontal_no_load_1500rpm,1005733,1483,274,1441,1904,3,0,1146907,9,240,73,0,2,1647,1494,1227,62,125,1623,16383,1651,1642,1632730,800,1999,2125,522669,11954,8,382571,1496,52928,649,1005635088,1005734189,0,1005734198,1005734714,3332322332,17862266,0.0568,1646.0,0.1517189585076122,-0.05826665032625078,0.0568,25.82,78.5,,,,,,
2026-07-30T19:32:44.921554+00:00,S021,mounted,true,healthy,none,1500,healthy_horizontal_no_load_1500rpm,1005833,1484,275,1439,1902,3,0,1146967,9,240,73,0,3,1647,1495,1225,61,123,1622,16383,1651,1641,1632169,800,2007,2079,522594,11958,8,382576,1496,52929,649,1005735120,1005834207,0,1005834221,1005834736,3330025741,17874226,0.0568,1646.0,0.07389856848971332,-0.046053070245860805,0.0568,25.85,78.5,,,,,,
2026-07-30T19:32:45.062111+00:00,S021,mounted,true,healthy,none,1500,healthy_horizontal_no_load_1500rpm,1005933,1484,275,1440,1904,2,0,1147026,9,240,74,0,3,1647,1495,1246,61,123,1622,16383,1651,1640,1632574,800,1991,2077,522556,11956,8,382577,1496,52930,649,1005835143,1005934249,0,1005934259,1005934774,3331679656,17868246,0.0568,1646.0,0.07114541284710585,-0.07215412278354005,0.0568,25.85,78.5,,,,,,
2026-07-30T19:32:45.155329+00:00,S021,mounted,true,healthy,none,1500,healthy_horizontal_no_load_1500rpm,1006033,1484,273,1442,1903,2,0,1147086,9,240,74,0,3,1647,1495,1210,63,130,1622,16383,1650,1642,1632575,800,1958,2070,522528,11959,8,382583,1496,52931,649,1005935184,1006034525,0,1006034539,1006035055,3331691463,17877213,0.0568,1646.0,0.058616244251191496,-0.12795959118655453,0.0568,25.85,78.5,,,,,,
2026-07-30T19:32:45.249276+00:00,S021,mounted,true,healthy,none,1500,healthy_horizontal_no_load_1500rpm,1006134,1483,275,1440,1905,6,0,1147145,9,240,74,0,3,1646,1494,1214,60,128,1621,16383,1650,1639,1648641,808,2005,2067,522496,11954,8,382580,1496,52932,649,1006035461,1006135101,0,1006135175,1006135690,3363938117,17862270,0.053,1646.0,0.05505891634599269,-0.048267335619876395,0.053,25.88,78.6,,,,,,
2026-07-30T19:32:45.340985+00:00,S021,mounted,true,healthy,none,1500,healthy_horizontal_no_load_1500rpm,1006234,1508,273,1416,1869,6,0,1147205,9,240,73,2,3,1646,1494,1211,60,128,1619,16383,1651,1639,1632588,800,1937,2167,522497,11954,8,382577,1496,52933,649,1006136096,1006235313,0,1006235386,1006235901,3331763610,17862270,0.053,1646.0,0.22171416145223377,-0.1615929022921203,0.053,25.94,78.7,,,,,,
2026-07-30T19:32:45.434693+00:00,S021,mounted,true,healthy,none,1500,healthy_horizontal_no_load_1500rpm,1006334,1524,277,1399,1854,2,0,1147266,9,240,73,1,3,1647,1495,1236,62,130,1616,16383,1651,1638,1633027,800,1997,2063,522545,11957,8,382579,1496,52934,649,1006236309,1006335377,0,1006335451,1006335969,3333526091,17871235,0.0568,1646.0,0.04753009107635631,-0.06243477368905248,0.0568,26.04,78.9,,,,,,
2026-07-30T19:32:45.527426+00:00,S021,mounted,true,healthy,none,1500,healthy_horizontal_no_load_1500rpm,1006435,1532,274,1396,1843,1,0,1147328,9,240,73,1,2,1647,1495,1234,62,130,1623,16383,1650,1642,1649520,808,2017,2067,522605,11957,8,382581,1496,52935,649,1006336377,1006436062,0,1006436076,1006436591,3367525820,17871235,0.0568,1646.0,0.05419462833486621,-0.029112087396504283,0.0568,25.82,78.5,,,,,,
2026-07-30T19:32:45.621784+00:00,S021,mounted,true,healthy,none,1500,healthy_horizontal_no_load_1500rpm,1006535,1539,277,1386,1836,4,0,1147390,9,240,73,1,3,1647,1495,1231,62,130,1616,16383,1651,1643,1633256,800,1955,2075,522675,11957,8,382583,1496,52936,649,1006437000,1006536137,0,1006536151,1006536667,3334470360,17871235,0.0568,1646.0,0.06752370285188558,-0.13241241490340405,0.0568,26.04,78.9,,,,,,
2026-07-30T19:32:45.764677+00:00,S021,mounted,true,healthy,none,1500,healthy_horizontal_no_load_1500rpm,1006635,1551,278,1375,1824,2,0,1147452,9,240,73,0,3,1647,1494,1251,59,128,1624,16383,1652,1642,1633144,800,2004,2067,522741,11953,8,382578,1496,52937,649,1006537075,1006636187,0,1006636204,1006636719,3334008814,17859285,0.0568,1646.0,0.05534710875930715,-0.04965447946122348,0.0568,25.79,78.4,,,,,,
2026-07-30T19:32:45.858060+00:00,S021,mounted,true,healthy,none,1500,healthy_horizontal_no_load_1500rpm,1006735,1548,278,1380,1829,3,0,1147513,9,240,74,1,3,1647,1495,1219,59,128,1623,16383,1650,1642,1633307,800,1977,2073,522746,11957,8,382580,1496,52938,649,1006637126,1006736238,0,1006736247,1006736762,3334676815,17871233,0.0568,1646.0,0.06419143422263085,-0.09575745998160112,0.0568,25.82,78.5,,,,,,
2026-07-30T19:32:45.951436+00:00,S021,mounted,true,healthy,none,1500,healthy_horizontal_no_load_1500rpm,1006835,1535,278,1388,1841,5,0,1147575,9,240,74,0,2,1647,1495,1209,61,129,1617,16383,1651,1642,1632904,800,1887,2068,522741,11958,8,382584,1496,52939,649,1006737171,1006836344,0,1006836354,1006836869,3333056740,17874222,0.0568,1646.0,0.055572623682889954,-0.2459724681384854,0.0568,26.01,78.8,,,,,,
2026-07-30T19:32:46.046693+00:00,S021,mounted,true,healthy,none,1500,healthy_horizontal_no_load_1500rpm,1006935,1536,276,1390,1840,4,0,1147636,9,240,74,0,3,1647,1495,1203,61,127,1630,16383,1651,1642,1633127,800,2007,2071,522762,11957,8,382586,1496,52940,649,1006837279,1006936376,0,1006936386,1006936901,3333938693,17871233,0.0568,1646.0,0.06085916559337612,-0.045773430542778826,0.0568,25.61,78.1,,,,,,
2026-07-30T19:32:46.140875+00:00,S021,mounted,true,healthy,none,1500,healthy_horizontal_no_load_1500rpm,1007036,1555,277,1370,1816,3,0,1147699,9,240,74,2,3,1647,1494,1187,61,127,1627,16383,1651,1641,1650439,808,1943,2252,522818,11954,8,382583,1496,52941,649,1006937307,1007037091,0,1007037165,1007037680,3371335769,17862268,0.0568,1646.0,0.363371119792538,-0.15159358758574548,0.0568,25.7,78.3,,,,,,
2026-07-30T19:32:46.234693+00:00,S021,mounted,true,healthy,none,1500,healthy_horizontal_no_load_1500rpm,1007136,1579,274,1354,1789,4,0,1147762,9,240,73,1,2,1647,1495,1177,61,130,1626,16383,1651,1642,1633206,800,2013,2135,522798,11959,8,382589,1496,52942,649,1007038092,1007137178,0,1007137252,1007137767,3334264756,17877211,0.0568,1646.0,0.16689686303202578,-0.03633752914123267,0.0568,25.73,78.3,,,,,,
2026-07-30T19:32:46.328302+00:00,S021,mounted,true,healthy,none,1500,healthy_horizontal_no_load_1500rpm,1007236,1582,277,1350,1788,3,0,1147825,9,240,74,0,2,1647,1494,1200,61,130,1621,16383,1651,1643,1633242,800,1945,2065,522802,11954,8,382586,1496,52943,649,1007138179,1007237238,0,1007237312,1007237826,3334409632,17862266,0.0568,1646.0,0.0517258114438679,-0.1482604826836207,0.0568,25.88,78.6,,,,,,
2026-07-30T19:32:46.468982+00:00,S021,mounted,true,healthy,none,1500,healthy_horizontal_no_load_1500rpm,1007336,1563,280,1365,1813,4,0,1147888,9,240,74,1,3,1648,1495,1201,61,130,1627,16383,1652,1642,1633999,800,1998,2173,522868,11956,8,382586,1496,52944,649,1007238233,1007337286,0,1007337360,1007337875,3337512291,17868246,0.0606,1646.0,0.23110768517898972,-0.06049020709267339,0.0606,25.7,78.3,,,,,,
2026-07-30T19:32:46.563086+00:00,S021,mounted,true,healthy,none,1500,healthy_horizontal_no_load_1500rpm,1007436,1550,278,1376,1825,2,0,1147950,9,240,74,0,2,1648,1494,1190,62,131,1630,16383,1652,1642,1633703,800,2007,2231,522867,11955,8,382585,1496,52945,649,1007338287,1007437362,0,1007437436,1007437951,3336322227,17865257,0.0606,1646.0,0.32806251217063975,-0.045214010790464165,0.0606,25.61,78.1,,,,,,
2026-07-30T19:32:46.656736+00:00,S021,mounted,true,healthy,none,1500,healthy_horizontal_no_load_1500rpm,1007536,1543,275,1390,1836,1,0,1148012,9,240,74,2,3,1648,1495,1199,62,131,1626,16383,1652,1642,1633903,800,1941,2173,522878,11957,8,382587,1496,52946,649,1007438358,1007537429,0,1007537503,1007538018,3337139749,17871235,0.0606,1646.0,0.23080486568537273,-0.15573829530818806,0.0606,25.73,78.3,,,,,,
2026-07-30T19:32:46.750373+00:00,S021,mounted,true,healthy,none,1500,healthy_horizontal_no_load_1500rpm,1007637,1521,276,1404,1859,5,0,1148073,9,240,74,0,3,1648,1494,1208,64,134,1625,16383,1652,1641,1649771,808,1999,2077,522884,11949,8,382574,1496,52947,649,1007538426,1007638170,0,1007638180,1007638698,3368556591,17847331,0.0606,1646.0,0.07317285890032599,-0.0568726264122521,0.0606,25.76,78.4,,,,,,
2026-07-30T19:32:46.842519+00:00,S021,mounted,true,healthy,none,1500,healthy_horizontal_no_load_1500rpm,1007737,1518,273,1410,1860,4,0,1148134,9,240,74,0,2,1648,1494,1211,66,136,1631,16383,1651,1642,1633521,800,2015,2065,522883,11953,8,382570,1496,52948,649,1007639105,1007738210,0,1007738219,1007738735,3335539025,17859281,0.0606,1646.0,0.052013725006274214,-0.031320868819543435,0.0606,25.58,78.0,,,,,,
2026-07-30T19:32:46.935283+00:00,S021,mounted,true,healthy,none,1500,healthy_horizontal_no_load_1500rpm,1007837,1493,277,1430,1894,4,0,1148194,9,240,74,1,3,1648,1494,1214,66,136,1623,16383,1653,1642,1633184,800,2003,2068,522852,11954,8,382568,1496,52949,649,1007739145,1007838248,0,1007838258,1007838773,3334166854,17862270,0.0606,1646.0,0.056725468797055534,-0.05160044052200119,0.0606,25.82,78.5,,,,,,
2026-07-30T19:32:47.028435+00:00,S021,mounted,true,healthy,none,1500,healthy_horizontal_no_load_1500rpm,1007937,1486,276,1437,1901,4,0,1148254,9,240,74,0,3,1648,1494,1209,67,137,1629,16383,1651,1642,1633347,800,2011,2067,522851,11953,8,382564,1496,52950,649,1007839185,1007938284,0,1007938298,1007938813,3334832863,17859281,0.0606,1646.0,0.05534710875930715,-0.037987636325608864,0.0606,25.64,78.1,,,,,,
2026-07-30T19:32:47.170616+00:00,S021,mounted,true,healthy,none,1500,healthy_horizontal_no_load_1500rpm,1008037,1488,275,1436,1899,5,0,1148313,9,240,73,0,3,1648,1495,1219,67,137,1626,16383,1651,1643,1633611,800,1983,2179,522858,11956,8,382565,1496,52951,649,1007939219,1008038324,0,1008038334,1008038849,3335933139,17868244,0.0606,1646.0,0.24110532719973232,-0.08548431214453034,0.0606,25.73,78.3,,,,,,
2026-07-30T19:32:47.263472+00:00,S021,mounted,true,healthy,none,1500,healthy_horizontal_no_load_1500rpm,1008137,1494,277,1428,1892,5,0,1148373,9,240,74,0,3,1648,1494,1201,68,148,1626,16383,1653,1642,1633803,800,1989,2068,522898,11952,8,382559,1496,52952,649,1008039259,1008138344,0,1008138358,1008138873,3336699475,17856292,0.0606,1646.0,0.05730218072289084,-0.07437749397590432,0.0606,25.73,78.3,,,,,,
2026-07-30T19:32:47.357588+00:00,S021,mounted,true,healthy,none,1500,healthy_horizontal_no_load_1500rpm,1008237,1498,275,1426,1886,5,0,1148433,9,240,74,0,3,1648,1495,1216,65,149,1623,16383,1651,1643,1633944,800,2008,2073,522971,11956,8,382561,1496,52953,649,1008139280,1008238397,0,1008238412,1008238927,3337263308,17868246,0.0606,1646.0,0.06448031816661048,-0.04382747039143586,0.0606,25.82,78.5,,,,,,
2026-07-30T19:32:47.458158+00:00,S021,mounted,true,healthy,none,1500,healthy_horizontal_no_load_1500rpm,1008337,1510,273,1411,1863,5,0,1148493,9,240,73,2,3,1648,1494,1192,65,149,1625,16383,1652,1643,1634217,800,1991,2077,523010,11955,8,382561,1496,52954,649,1008239333,1008338430,0,1008338440,1008338955,3338387085,17865257,0.0606,1646.0,0.07143490263488061,-0.07187661957340064,0.0606,25.76,78.4,,,,,,
2026-07-30T19:32:47.546157+00:00,S021,mounted,true,healthy,none,1500,healthy_horizontal_no_load_1500rpm,1008438,1528,273,1400,1847,6,0,1148555,9,240,73,1,2,1648,1494,1229,63,148,1623,16383,1652,1643,1650487,808,2006,2263,522999,11955,8,382561,1496,52955,649,1008339363,1008439060,0,1008439139,1008439654,3371571023,17865255,0.0606,1646.0,0.38138772973651136,-0.04688042383939761,0.0606,25.82,78.5,,,,,,
2026-07-30T19:32:47.640310+00:00,S021,mounted,true,healthy,none,1500,healthy_horizontal_no_load_1500rpm,1008538,1529,277,1398,1852,2,0,1148616,9,240,74,1,3,1648,1494,1222,62,151,1621,16383,1651,1643,1633014,800,1993,2066,522949,11954,8,382559,1496,52956,649,1008440062,1008539117,0,1008539195,1008539710,3333476270,17862266,0.0606,1646.0,0.05339236389493074,-0.06826596503262561,0.0606,25.88,78.6,,,,,,
2026-07-30T19:32:47.733100+00:00,S021,mounted,true,healthy,none,1500,healthy_horizontal_no_load_1500rpm,1008638,1474,276,1452,1921,6,0,1148675,9,240,74,2,3,1648,1495,1242,62,151,1618,16383,1653,1642,1633663,800,2001,2071,522964,11956,8,382561,1496,52957,649,1008540119,1008639233,0,1008639307,1008639822,3336131015,17868244,0.0606,1646.0,0.061147770826363246,-0.055491386082302085,0.0606,25.97,78.8,,,,,,
2026-07-30T19:32:47.873242+00:00,S021,mounted,true,healthy,none,1500,healthy_horizontal_no_load_1500rpm,1008738,1457,274,1468,1939,4,0,1148734,9,240,74,1,3,1648,1495,1211,65,151,1626,16383,1652,1635,1632808,800,1845,2135,522882,11956,8,382562,1496,52958,649,1008640234,1008739295,0,1008739373,1008739889,3332689118,17868246,0.0606,1646.0,0.16778928571428553,-0.3154300786216129,0.0606,25.73,78.3,,,,,,
2026-07-30T19:32:47.967160+00:00,S021,mounted,true,healthy,none,1500,healthy_horizontal_no_load_1500rpm,1008838,1489,274,1430,1890,5,0,1148793,9,240,73,5,3,1648,1494,1227,65,151,1621,16383,1654,1643,1633792,800,2007,2071,522924,11954,8,382560,1496,52959,649,1008740297,1008839367,0,1008839445,1008839960,3336653068,17862268,0.0606,1646.0,0.06172512615024228,-0.0449342307177516,0.0606,25.88,78.6,,,,,,
2026-07-30T19:32:48.059444+00:00,S021,mounted,true,healthy,none,1500,healthy_horizontal_no_load_1500rpm,1008938,1526,277,1395,1849,4,0,1148854,9,240,73,2,3,1648,1494,1242,63,145,1622,16383,1652,1639,1633697,800,2009,2183,522939,11955,8,382560,1496,52960,649,1008840369,1008939447,0,1008939525,1008940040,3336289159,17865257,0.0606,1646.0,0.24807468582183168,-0.04188118469259772,0.0606,25.85,78.5,,,,,,
2026-07-30T19:32:48.154561+00:00,S021,mounted,true,healthy,none,1500,healthy_horizontal_no_load_1500rpm,1009039,1545,278,1379,1829,2,0,1148916,9,240,74,0,3,1648,1494,1211,61,139,1614,16383,1654,1643,1650223,808,2015,2071,522995,11954,8,382558,1496,52961,649,1008940449,1009040086,0,1009040100,1009040615,3370396029,17862268,0.0606,1646.0,0.06172512615024228,-0.03160181110925242,0.0606,26.1,79.0,,,,,,
2026-07-30T19:32:48.248522+00:00,S021,mounted,true,healthy,none,1500,healthy_horizontal_no_load_1500rpm,1009139,1542,273,1387,1830,3,0,1148977,9,240,74,0,3,1648,1495,1260,61,139,1620,16383,1655,1641,1634193,800,1863,2077,523040,11959,8,382566,1496,52962,649,1009041021,1009140112,0,1009140122,1009140637,3338325067,17877211,0.0606,1646.0,0.07027723396605046,-0.2862158801739274,0.0606,25.91,78.6,,,,,,
2026-07-30T19:32:48.343699+00:00,S021,mounted,true,healthy,none,1500,healthy_horizontal_no_load_1500rpm,1009239,1536,277,1389,1840,5,0,1149039,9,240,73,0,3,1648,1495,1216,63,129,1623,16383,1651,1641,1633191,800,1973,2079,522975,11957,8,382569,1496,52963,649,1009141043,1009240147,0,1009240157,1009240672,3334212017,17871233,0.0606,1646.0,0.07418824011039549,-0.10242199724011058,0.0606,25.82,78.5,,,,,,
2026-07-30T19:32:48.437162+00:00,S021,mounted,true,healthy,none,1500,healthy_horizontal_no_load_1500rpm,1009339,1535,278,1390,1843,4,0,1149100,9,240,74,0,3,1648,1494,1246,62,128,1621,16383,1651,1643,1633131,800,1913,2077,522928,11954,8,382567,1496,52964,649,1009241081,1009340173,0,1009340183,1009340697,3333974197,17862268,0.0606,1646.0,0.07172444085661667,-0.2015901611176174,0.0606,25.88,78.6,,,,,,
2026-07-30T19:32:48.579056+00:00,S021,mounted,true,healthy,none,1500,healthy_horizontal_no_load_1500rpm,1009439,1544,276,1381,1829,2,0,1149162,9,240,74,0,2,1648,1494,1232,62,128,1622,16383,1652,1643,1634344,800,2005,2067,523006,11954,8,382565,1496,52965,649,1009341103,1009440326,0,1009440335,1009440850,3338899660,17862268,0.0606,1646.0,0.05505891634599269,-0.048267335619876395,0.0606,25.85,78.5,,,,,,
2026-07-30T19:32:48.672968+00:00,S021,mounted,true,healthy,none,1500,healthy_horizontal_no_load_1500rpm,1009539,1552,278,1374,1823,1,0,1149224,9,240,73,0,2,1648,1494,1248,61,128,1627,16383,1652,1644,1634029,800,2019,2083,523003,11955,8,382565,1496,52966,649,1009441256,1009540367,0,1009540377,1009540891,3337617287,17865257,0.0606,1646.0,0.08143338092848174,-0.025217054203262812,0.0606,25.7,78.3,,,,,,
2026-07-30T19:32:48.765788+00:00,S021,mounted,true,healthy,none,1500,healthy_horizontal_no_load_1500rpm,1009639,1526,277,1402,1857,4,0,1149286,9,240,74,3,3,1648,1494,1243,61,128,1623,16383,1652,1641,1633333,800,1934,2074,522987,11954,8,382563,1496,52967,649,1009541297,1009640421,0,1009640435,1009640950,3334793371,17862268,0.0606,1646.0,0.06672478350342992,-0.16659255964530706,0.0606,25.82,78.5,,,,,,
2026-07-30T19:32:48.857501+00:00,S021,mounted,true,healthy,none,1500,healthy_horizontal_no_load_1500rpm,1009740,1490,276,1434,1897,4,0,1149346,9,240,73,1,2,1648,1494,1198,59,121,1621,16383,1650,1641,1649428,808,2013,2071,522930,11955,8,382563,1496,52968,649,1009641358,1009741052,0,1009741131,1009741646,3367144232,17865257,0.0606,1646.0,0.06143642434127994,-0.03521553249686349,0.0606,25.88,78.6,,,,,,
2026-07-30T19:32:48.951884+00:00,S021,mounted,true,healthy,none,1500,healthy_horizontal_no_load_1500rpm,1009840,1486,276,1436,1900,5,0,1149405,9,240,73,1,3,1648,1494,1219,61,124,1624,16383,1652,1641,1633670,800,2003,2105,522953,11954,8,382561,1496,52969,649,1009742054,1009841132,0,1009841206,1009841722,3336156206,17862266,0.0606,1646.0,0.11838790948636424,-0.05160044052200119,0.0606,25.79,78.4,,,,,,
2026-07-30T19:32:49.046571+00:00,S021,mounted,true,healthy,none,1500,healthy_horizontal_no_load_1500rpm,1009940,1494,276,1428,1891,5,0,1149465,9,240,73,0,2,1648,1494,1235,61,124,1626,16383,1656,1640,1634333,800,2015,2167,523017,11953,8,382557,1496,52970,649,1009842130,1009941231,0,1009941305,1009941820,3338890523,17859281,0.0606,1646.0,0.22201629641094245,-0.031320868819543435,0.0606,25.73,78.3,,,,,,
2026-07-30T19:32:49.140734+00:00,S021,mounted,true,healthy,none,1500,healthy_horizontal_no_load_1500rpm,1010040,1495,275,1429,1890,5,0,1149525,9,240,73,1,3,1648,1494,1233,58,117,1619,16383,1652,1641,1633974,800,2019,2067,523004,11954,8,382556,1496,52971,649,1009942230,1010041280,0,1010041359,1010041874,3337392498,17862266,0.0606,1646.0,0.05505891634599269,-0.02493560130500283,0.0606,25.94,78.7,,,,,,
2026-07-30T19:32:49.280932+00:00,S021,mounted,true,healthy,none,1500,healthy_horizontal_no_load_1500rpm,1010140,1511,276,1410,1867,5,0,1149585,9,240,73,2,3,1648,1495,1204,55,109,1617,16383,1651,1642,1633532,800,2014,2069,522993,11959,8,382564,1496,52972,649,1010042286,1010141361,0,1010141435,1010141950,3335584928,17877211,0.0606,1646.0,0.0569503885776399,-0.03467167346768152,0.0606,26.01,78.8,,,,,,
2026-07-30T19:32:49.374974+00:00,S021,mounted,true,healthy,none,1500,healthy_horizontal_no_load_1500rpm,1010240,1526,277,1398,1852,4,0,1149646,9,240,73,0,2,1648,1494,1225,55,109,1619,16383,1652,1644,1633888,800,1990,2069,523007,11952,8,382558,1496,52973,649,1010142358,1010241404,0,1010241478,1010241992,3337044444,17856294,0.0606,1646.0,0.05896901204819249,-0.07271066265060266,0.0606,25.94,78.7,,,,,,
2026-07-30T19:32:49.468633+00:00,S021,mounted,true,healthy,none,1500,healthy_horizontal_no_load_1500rpm,1010341,1529,273,1399,1846,2,0,1149708,9,240,73,0,2,1648,1494,1206,58,115,1620,16383,1652,1643,1650418,808,1989,2073,523006,11954,8,382557,1496,52974,649,1010242399,1010342193,0,1010342202,1010342717,3371195612,17862268,0.0606,1646.0,0.06505823105236708,-0.0749321748368752,0.0606,25.91,78.6,,,,,,
2026-07-30T19:32:49.563055+00:00,S021,mounted,true,healthy,none,1500,healthy_horizontal_no_load_1500rpm,1010441,1503,276,1426,1885,2,0,1149768,9,240,74,3,3,1648,1494,1225,58,115,1622,16383,1652,1643,1633431,800,1959,2095,522989,11953,8,382554,1496,52975,649,1010343123,1010442239,0,1010442249,1010442764,3335189177,17859281,0.0606,1646.0,0.10201448130176471,-0.124655613904459,0.0606,25.85,78.5,,,,,,
2026-07-30T19:32:49.655386+00:00,S021,mounted,true,healthy,none,1500,healthy_horizontal_no_load_1500rpm,1010541,1473,274,1451,1917,6,0,1149827,9,240,74,1,3,1648,1495,1247,57,113,1634,16383,1652,1643,1633006,800,1898,2073,522960,11956,8,382556,1496,52976,649,1010443176,1010542295,0,1010542304,1010542819,3333464132,17868246,0.0606,1646.0,0.06448031816661048,-0.22711757410505173,0.0606,25.49,77.9,,,,,,
2026-07-30T19:32:49.747261+00:00,S021,mounted,true,healthy,none,1500,healthy_horizontal_no_load_1500rpm,1010641,1474,274,1449,1914,4,0,1149886,9,240,74,1,3,1648,1494,1194,54,107,1629,16383,1651,1640,1633824,800,2013,2068,522992,11955,8,382556,1496,52977,649,1010543227,1010642340,0,1010642350,1010642864,3336781624,17865255,0.0606,1646.0,0.056437185194479156,-0.03521553249686349,0.0606,25.64,78.1,,,,,,
2026-07-30T19:32:49.887257+00:00,S021,mounted,true,healthy,none,1500,healthy_horizontal_no_load_1500rpm,1010741,1504,275,1417,1875,4,0,1149946,9,240,74,1,3,1648,1495,1201,54,107,1622,16383,1654,1643,1633958,800,1996,2217,523016,11957,8,382560,1496,52978,649,1010643272,1010742371,0,1010742381,1010742896,3337368108,17871233,0.0606,1646.0,0.3041147755289786,-0.06410090800368051,0.0606,25.85,78.5,,,,,,
2026-07-30T19:32:49.982376+00:00,S021,mounted,true,healthy,none,1500,healthy_horizontal_no_load_1500rpm,1010841,1512,276,1412,1868,6,0,1150007,9,240,73,0,3,1648,1495,1198,54,105,1617,16383,1651,1642,1633913,800,2001,2199,523013,11959,8,382568,1496,52979,649,1010743304,1010842416,0,1010842430,1010842945,3337177545,17877211,0.0606,1646.0,0.2735116261393089,-0.05632779722384873,0.0606,26.01,78.8,,,,,,
2026-07-30T19:32:50.074593+00:00,S021,mounted,true,healthy,none,1500,healthy_horizontal_no_load_1500rpm,1010941,1524,276,1401,1855,2,0,1150068,9,240,73,0,2,1648,1494,1213,56,113,1617,16383,1653,1640,1633662,800,1863,2078,523008,11952,8,382562,1496,52980,649,1010843351,1010942425,0,1010942439,1010942954,3336183656,17856294,0.0606,1646.0,0.07397049397590338,-0.2843982409638559,0.0606,26.01,78.8,,,,,,
2026-07-30T19:32:50.168789+00:00,S021,mounted,true,healthy,none,1500,healthy_horizontal_no_load_1500rpm,1011042,1529,277,1396,1849,3,0,1150129,9,240,74,0,3,1648,1495,1208,56,113,1623,16383,1652,1642,1649632,808,1975,2103,522978,11957,8,382565,1496,52981,649,1010943360,1011043080,0,1011043154,1011043668,3368005862,17871233,0.0606,1646.0,0.11417546366145315,-0.09908972861085585,0.0606,25.82,78.5,,,,,,
2026-07-30T19:32:50.263295+00:00,S021,mounted,true,healthy,none,1500,healthy_horizontal_no_load_1500rpm,1011142,1534,277,1390,1842,5,0,1150191,9,240,74,1,3,1648,1495,1201,56,110,1624,16383,1653,1641,1633828,800,1836,2157,523012,11957,8,382568,1496,52982,649,1011044075,1011143140,0,1011143219,1011143734,3336855298,17871233,0.0606,1646.0,0.20414671665133355,-0.33068239834406654,0.0606,25.79,78.4,,,,,,
2026-07-30T19:32:50.355277+00:00,S021,mounted,true,healthy,none,1500,healthy_horizontal_no_load_1500rpm,1011242,1541,275,1383,1830,4,0,1150252,9,240,74,0,3,1648,1494,1192,56,110,1630,16383,1653,1641,1633839,800,2009,2117,522983,11953,8,382564,1496,52983,649,1011144142,1011243243,0,1011243317,1011243836,3336857423,17859281,0.0606,1646.0,0.1386817025851248,-0.04132102007864136,0.0606,25.61,78.1,,,,,,
2026-07-30T19:32:50.449422+00:00,S021,mounted,true,healthy,none,1500,healthy_horizontal_no_load_1500rpm,1011343,1551,279,1374,1824,3,0,1150315,9,240,74,1,3,1648,1494,1211,55,109,1631,16383,1652,1645,1650459,808,1877,2073,523013,11954,8,382562,1496,52984,649,1011244242,1011344072,0,1011344082,1011344597,3371389309,17862268,0.0606,1646.0,0.06505823105236708,-0.2615860493558646,0.0606,25.58,78.0,,,,,,
2026-07-30T19:32:50.590725+00:00,S021,mounted,true,healthy,none,1500,healthy_horizontal_no_load_1500rpm,1011443,1546,278,1380,1830,5,0,1150377,9,240,74,0,2,1648,1495,1198,59,122,1628,16383,1651,1642,1633498,800,1907,2157,522988,11958,8,382567,1496,52985,649,1011345005,1011444134,0,1011444148,1011444663,3335485172,17874222,0.0606,1646.0,0.2038461771199196,-0.21265256848971426,0.0606,25.67,78.2,,,,,,
2026-07-30T19:32:50.685567+00:00,S021,mounted,true,healthy,none,1500,healthy_horizontal_no_load_1500rpm,1011543,1537,277,1388,1840,4,0,1150438,9,240,74,0,3,1648,1495,1214,59,122,1624,16383,1651,1644,1633732,800,2013,2119,522999,11957,8,382570,1496,52986,649,1011445069,1011544198,0,1011544207,1011544722,3336410820,17871233,0.0606,1646.0,0.14083361269549188,-0.03577662465501419,0.0606,25.79,78.4,,,,,,
2026-07-30T19:32:50.779945+00:00,S021,mounted,true,healthy,none,1500,healthy_horizontal_no_load_1500rpm,1011643,1535,277,1392,1844,2,0,1150500,9,240,74,1,2,1648,1494,1196,60,123,1622,16383,1653,1642,1633929,800,2004,2157,523008,11953,8,382566,1496,52987,649,1011545129,1011644217,0,1011644227,1011644742,3337226535,17859279,0.0606,1646.0,0.2053493776457791,-0.04965447946122348,0.0606,25.85,78.5,,,,,,
2026-07-30T19:32:50.874837+00:00,S021,mounted,true,healthy,none,1500,healthy_horizontal_no_load_1500rpm,1011743,1526,276,1400,1853,3,0,1150561,9,240,74,1,3,1648,1495,1209,60,121,1622,16383,1651,1642,1633446,800,1958,2069,522993,11956,8,382567,1496,52988,649,1011645150,1011744271,0,1011744280,1011744796,3335247994,17868244,0.0606,1646.0,0.05781522348611556,-0.12714115389762526,0.0606,25.85,78.5,,,,,,
2026-07-30T19:32:50.969890+00:00,S021,mounted,true,healthy,none,1500,healthy_horizontal_no_load_1500rpm,1011843,1517,276,1407,1863,1,0,1150622,9,240,74,1,2,1648,1494,1213,60,121,1625,16383,1651,1641,1633622,800,1905,2069,523009,11954,8,382565,1496,52989,649,1011745204,1011844299,0,1011844314,1011844829,3335974740,17862266,0.0606,1646.0,0.05839202124811749,-0.21492258072611703,0.0606,25.76,78.4,,,,,,
2026-07-30T19:32:51.063090+00:00,S021,mounted,true,healthy,none,1500,healthy_horizontal_no_load_1500rpm,1011943,1518,277,1407,1863,1,0,1150682,9,240,74,1,3,1648,1494,1211,60,121,1628,16383,1651,1643,1633916,800,2015,2178,523025,11953,8,382561,1496,52990,649,1011845237,1011944359,0,1011944369,1011944884,3337175566,17859279,0.0606,1646.0,0.24034990705262294,-0.031320868819543435,0.0606,25.67,78.2,,,,,,
2026-07-30T19:32:51.156161+00:00,S021,mounted,true,healthy,none,1500,healthy_horizontal_no_load_1500rpm,1012043,1516,274,1412,1865,5,0,1150743,9,240,74,0,3,1648,1494,1222,60,121,1625,16383,1651,1642,1633854,800,2010,2071,523014,11951,8,382553,1496,52991,649,1011945292,1012044414,0,1012044423,1012044939,3336902882,17853305,0.0606,1646.0,0.06259152146263913,-0.03909369718015254,0.0606,25.76,78.4,,,,,,
2026-07-30T19:32:51.249897+00:00,S021,mounted,true,healthy,none,1500,healthy_horizontal_no_load_1500rpm,1012143,1518,277,1407,1864,4,0,1150804,9,240,74,0,3,1648,1494,1213,59,127,1633,16383,1651,1642,1633265,800,2004,2066,522962,11952,8,382548,1496,52992,649,1012045345,1012144459,0,1012144469,1012144984,3334499751,17856288,0.0606,1646.0,0.05396851807228931,-0.04937502409638572,0.0606,25.52,77.9,,,,,,
2026-07-30T19:32:51.390908+00:00,S021,mounted,true,healthy,none,1500,healthy_horizontal_no_load_1500rpm,1012244,1535,277,1389,1840,2,0,1150866,9,240,73,1,3,1648,1494,1227,62,136,1629,16383,1653,1641,1650173,808,2006,2069,523011,11953,8,382545,1496,52993,649,1012145390,1012245078,0,1012245156,1012245671,3370193889,17859283,0.0606,1646.0,0.058680492512339644,-0.04632109570819054,0.0606,25.64,78.1,,,,,,
2026-07-30T19:32:51.486034+00:00,S021,mounted,true,healthy,none,1500,healthy_horizontal_no_load_1500rpm,1012344,1561,277,1366,1811,1,0,1150928,9,240,74,0,3,1648,1495,1225,62,136,1624,16383,1652,1643,1634203,800,1983,2121,523030,11957,8,382549,1496,52994,649,1012246080,1012345177,0,1012345256,1012345771,3338341327,17871233,0.0606,1646.0,0.14416588132474661,-0.08576065409383649,0.0606,25.79,78.4,,,,,,
2026-07-30T19:32:51.577624+00:00,S021,mounted,true,healthy,none,1500,healthy_horizontal_no_load_1500rpm,1012444,1567,277,1362,1805,4,0,1150990,9,240,73,0,2,1648,1494,1222,60,133,1625,16383,1652,1643,1633896,800,1917,2071,523002,11954,8,382548,1496,52995,649,1012346177,1012445232,0,1012445305,1012445820,3337100146,17862268,0.0606,1646.0,0.06172512615024228,-0.19492395131336782,0.0606,25.76,78.4,,,,,,
2026-07-30T19:32:51.673037+00:00,S021,mounted,true,healthy,none,1500,healthy_horizontal_no_load_1500rpm,1012544,1534,275,1392,1841,2,0,1151052,9,240,74,1,2,1648,1495,1238,59,130,1625,16383,1653,1644,1633761,800,1939,2071,523008,11956,8,382550,1496,52996,649,1012446226,1012545302,0,1012545376,1012545891,3336534523,17868244,0.0606,1646.0,0.061147770826363246,-0.1588003536299767,0.0606,25.76,78.4,,,,,,
2026-07-30T19:32:51.768130+00:00,S021,mounted,true,healthy,none,1500,healthy_horizontal_no_load_1500rpm,1012644,1521,278,1402,1859,3,0,1151113,9,240,74,0,2,1648,1495,1243,59,130,1625,16383,1652,1643,1633254,800,1887,2123,523008,11957,8,382554,1496,52997,649,1012546300,1012645379,0,1012645453,1012645968,3334497792,17871233,0.0606,1646.0,0.14749814995400135,-0.24570954829806846,0.0606,25.76,78.4,,,,,,
2026-07-30T19:32:51.860720+00:00,S021,mounted,true,healthy,none,1500,healthy_horizontal_no_load_1500rpm,1012744,1525,277,1398,1853,1,0,1151174,9,240,73,1,2,1648,1494,1211,58,126,1622,16383,1653,1642,1633733,800,1983,2171,522997,11954,8,382553,1496,52998,649,1012646378,1012745432,0,1012745506,1012746021,3336427079,17862270,0.0606,1646.0,0.22838037125648247,-0.08493148954324958,0.0606,25.85,78.5,,,,,,
2026-07-30T19:32:51.956288+00:00,S021,mounted,true,healthy,none,1500,healthy_horizontal_no_load_1500rpm,1012845,1540,275,1387,1834,4,0,1151236,9,240,73,1,2,1648,1494,1217,58,126,1616,16383,1651,1643,1650202,808,2003,2069,523022,11953,8,382550,1496,52999,649,1012746433,1012846168,0,1012846178,1012846693,3370309900,17859279,0.0606,1646.0,0.058680492512339644,-0.051321171337739724,0.0606,26.04,78.9,,,,,,
2026-07-30T19:32:52.097003+00:00,S021,mounted,true,healthy,none,1500,healthy_horizontal_no_load_1500rpm,1012945,1549,278,1375,1824,2,0,1151298,9,240,74,0,2,1648,1494,1228,59,122,1621,16383,1654,1639,1634377,800,2005,2070,523048,11953,8,382547,1496,53000,649,1012847105,1012946391,0,1012946400,1012946915,3339044525,17859281,0.0606,1646.0,0.060347184388856334,-0.04798778758470679,0.0606,25.88,78.6,,,,,,
2026-07-30T19:32:52.190045+00:00,S021,mounted,true,healthy,none,1500,healthy_horizontal_no_load_1500rpm,1013046,1522,277,1405,1861,1,0,1151360,9,240,74,2,3,1648,1495,1232,58,133,1622,16383,1653,1643,1649990,808,1999,2077,523013,11957,8,382551,1496,53001,649,1012947321,1013047044,0,1013047123,1013047638,3369439298,17871233,0.0606,1646.0,0.07085597148114076,-0.05910250505979775,0.0606,25.85,78.5,,,,,,
2026-07-30T19:32:52.281738+00:00,S021,mounted,true,healthy,none,1500,healthy_horizontal_no_load_1500rpm,1013146,1507,277,1417,1877,1,0,1151420,9,240,74,0,2,1648,1495,1219,58,133,1618,16383,1655,1643,1633643,800,2007,2168,522979,11958,8,382557,1496,53002,649,1013048046,1013147107,0,1013147181,1013147696,3336070485,17874224,0.0606,1646.0,0.2221721219267434,-0.046053070245860805,0.0606,25.97,78.8,,,,,,
2026-07-30T19:32:52.374643+00:00,S021,mounted,true,healthy,none,1500,healthy_horizontal_no_load_1500rpm,1013246,1507,272,1421,1873,1,0,1151480,9,240,72,1,2,1648,1494,1236,59,129,1634,16383,1652,1642,1633783,800,2015,2113,523001,11954,8,382556,1496,53003,649,1013148106,1013247150,0,1013247224,1013247740,3336621789,17862268,0.0606,1646.0,0.13172032909486298,-0.03160181110925242,0.0606,25.49,77.9,,,,,,
2026-07-30T19:32:52.468781+00:00,S021,mounted,true,healthy,none,1500,healthy_horizontal_no_load_1500rpm,1013346,1522,276,1403,1857,5,0,1151541,9,240,74,0,3,1648,1495,1228,60,130,1621,16383,1651,1643,1634031,800,2015,2071,523005,11959,8,382564,1496,53004,649,1013248148,1013347213,0,1013347287,1013347802,3337626141,17877211,0.0606,1646.0,0.06028209992474265,-0.033005817794130365,0.0606,25.88,78.6,,,,,,
2026-07-30T19:32:52.561243+00:00,S021,mounted,true,healthy,none,1500,healthy_horizontal_no_load_1500rpm,1013446,1529,277,1396,1849,4,0,1151602,9,240,74,1,3,1648,1495,1209,60,130,1614,16383,1652,1642,1633693,800,1957,2193,523011,11957,8,382567,1496,53005,649,1013348208,1013447298,0,1013447372,1013447887,3336284145,17871233,0.0606,1646.0,0.2641275519779205,-0.12908014627414932,0.0606,26.1,79.0,,,,,,
2026-07-30T19:32:52.700665+00:00,S021,mounted,true,healthy,none,1500,healthy_horizontal_no_load_1500rpm,1013546,1535,274,1390,1837,2,0,1151664,9,240,73,1,3,1648,1494,1200,63,132,1616,16383,1651,1643,1634320,800,2015,2073,523030,11953,8,382563,1496,53006,649,1013448296,1013547369,0,1013547443,1013547958,3338803280,17859279,0.0606,1646.0,0.06534726001840552,-0.031320868819543435,0.0606,26.04,78.9,,,,,,
2026-07-30T19:32:52.795702+00:00,S021,mounted,true,healthy,none,1500,healthy_horizontal_no_load_1500rpm,1013646,1547,277,1379,1828,1,0,1151726,9,240,74,0,3,1648,1495,1213,63,132,1620,16383,1653,1641,1634047,800,2012,2159,523014,11956,8,382564,1496,53007,649,1013548370,1013647439,0,1013647513,1013648028,3337720461,17868244,0.0606,1646.0,0.2077798537972564,-0.0371623757109405,0.0606,25.91,78.6,,,,,,
2026-07-30T19:32:52.889336+00:00,S021,mounted,true,healthy,none,1500,healthy_horizontal_no_load_1500rpm,1013747,1551,278,1374,1823,4,0,1151788,9,240,74,0,3,1648,1495,1203,64,136,1628,16383,1653,1642,1649751,808,2013,2217,522997,11956,8,382565,1496,53008,649,1013648434,1013748183,0,1013748193,1013748707,3368503651,17868244,0.0606,1646.0,0.30442372666443607,-0.03549610204081688,0.0606,25.67,78.2,,,,,,
2026-07-30T19:32:52.983576+00:00,S021,mounted,true,healthy,none,1500,healthy_horizontal_no_load_1500rpm,1013847,1529,279,1396,1852,2,0,1151850,9,240,74,1,2,1648,1494,1199,64,147,1623,16383,1651,1639,1633309,800,1907,2077,522987,11953,8,382561,1496,53009,649,1013749114,1013848326,0,1013848340,1013848856,3334700113,17859283,0.0606,1646.0,0.07201402752447095,-0.2113235914833096,0.0606,25.82,78.5,,,,,,
2026-07-30T19:32:53.078511+00:00,S021,mounted,true,healthy,none,1500,healthy_horizontal_no_load_1500rpm,1013947,1517,277,1407,1864,3,0,1151911,9,240,74,1,2,1648,1494,1219,64,147,1629,16383,1652,1643,1633365,800,2007,2069,522950,11955,8,382561,1496,53010,649,1013849264,1013948361,0,1013948375,1013948890,3334911887,17865255,0.0606,1646.0,0.0581035982434126,-0.045214010790464165,0.0606,25.64,78.1,,,,,,
2026-07-30T19:32:53.171930+00:00,S021,mounted,true,healthy,none,1500,healthy_horizontal_no_load_1500rpm,1014047,1522,275,1403,1856,3,0,1151971,9,240,73,1,3,1648,1494,1229,65,143,1622,16383,1651,1642,1633466,800,1964,2071,522941,11954,8,382559,1496,53011,649,1013949299,1014048397,0,1014048406,1014048922,3335322650,17862268,0.0606,1646.0,0.06172512615024228,-0.11659598611343513,0.0606,25.85,78.5,,,,,,
2026-07-30T19:32:53.267098+00:00,S021,mounted,true,healthy,none,1500,healthy_horizontal_no_load_1500rpm,1014148,1542,277,1383,1833,5,0,1152033,9,240,74,0,3,1648,1495,1221,65,143,1622,16383,1651,1642,1649861,808,1914,2158,522928,11958,8,382565,1496,53012,649,1014049331,1014148973,0,1014149047,1014149562,3368952315,17874222,0.0606,1646.0,0.20551217210235828,-0.20099060361264476,0.0606,25.85,78.5,,,,,,
2026-07-30T19:32:53.407808+00:00,S021,mounted,true,healthy,none,1500,healthy_horizontal_no_load_1500rpm,1014248,1548,275,1383,1827,6,0,1152095,9,240,73,0,2,1648,1494,1187,65,143,1624,16383,1651,1643,1633235,800,1891,2075,522926,11953,8,382561,1496,53013,649,1014149969,1014249090,0,1014249164,1014249679,3334400433,17859281,0.0606,1646.0,0.06868064377143801,-0.2379906615075713,0.0606,25.79,78.4,,,,,,
2026-07-30T19:32:53.501491+00:00,S021,mounted,true,healthy,none,1500,healthy_horizontal_no_load_1500rpm,1014348,1542,275,1389,1835,3,0,1152157,9,240,74,1,3,1648,1494,1209,63,143,1621,16383,1651,1643,1633509,800,2003,2101,522944,11952,8,382555,1496,53014,649,1014250085,1014349141,0,1014349215,1014349731,3335497317,17856294,0.0606,1646.0,0.11230761445783077,-0.05104185542168693,0.0606,25.88,78.6,,,,,,
2026-07-30T19:32:53.594991+00:00,S021,mounted,true,healthy,none,1500,healthy_horizontal_no_load_1500rpm,1014448,1537,274,1388,1834,5,0,1152219,9,240,74,0,3,1648,1494,1208,63,143,1620,16383,1653,1643,1633280,800,1855,2161,522949,11953,8,382552,1496,53015,649,1014350140,1014449197,0,1014449276,1014449791,3334609014,17859279,0.0606,1646.0,0.21201614515184408,-0.2979915690621602,0.0606,25.91,78.6,,,,,,
2026-07-30T19:32:53.687718+00:00,S021,mounted,true,healthy,none,1500,healthy_horizontal_no_load_1500rpm,1014548,1534,278,1392,1845,4,0,1152280,9,240,74,1,3,1648,1495,1187,61,132,1619,16383,1651,1644,1633592,800,1994,2127,522961,11956,8,382554,1496,53016,649,1014450197,1014549412,0,1014549486,1014550000,3335840606,17868244,0.0606,1646.0,0.15445909635329524,-0.06715530177316875,0.0606,25.94,78.7,,,,,,
2026-07-30T19:32:53.780437+00:00,S021,mounted,true,healthy,none,1500,healthy_horizontal_no_load_1500rpm,1014649,1533,277,1392,1844,2,0,1152342,9,240,74,0,2,1648,1495,1217,61,130,1623,16383,1652,1642,1649842,808,1995,2067,522975,11956,8,382556,1496,53017,649,1014550409,1014650213,0,1014650223,1014650738,3368839878,17868244,0.0606,1646.0,0.05448267614586788,-0.06548902810304513,0.0606,25.82,78.5,,,,,,
2026-07-30T19:32:53.874166+00:00,S021,mounted,true,healthy,none,1500,healthy_horizontal_no_load_1500rpm,1014749,1532,276,1394,1845,3,0,1152403,9,240,74,0,3,1648,1495,1209,61,130,1618,16383,1651,1642,1633696,800,1957,2211,522997,11957,8,382560,1496,53018,649,1014651148,1014750245,0,1014750254,1014750773,3336292010,17871235,0.0606,1646.0,0.29411796964121395,-0.12908014627414932,0.0606,25.97,78.8,,,,,,
2026-07-30T19:32:53.968292+00:00,S021,mounted,true,healthy,none,1500,healthy_horizontal_no_load_1500rpm,1014849,1511,275,1415,1871,1,0,1152464,9,240,74,2,3,1648,1495,1196,63,131,1621,16383,1653,1640,1632935,800,1971,2074,522930,11956,8,382562,1496,53019,649,1014751179,1014850289,0,1014850298,1014850813,3333161135,17868246,0.0606,1646.0,0.06614659183673455,-0.10547959618601599,0.0606,25.88,78.6,,,,,,
2026-07-30T19:32:54.108064+00:00,S021,mounted,true,healthy,none,1500,healthy_horizontal_no_load_1500rpm,1014949,1491,272,1434,1891,1,0,1152524,9,240,73,1,2,1648,1494,1221,64,127,1621,16383,1655,1641,1632933,800,2013,2165,522874,11954,8,382560,1496,53020,649,1014851221,1014950336,0,1014950345,1014950860,3333159051,17862268,0.0606,1646.0,0.21838105655010853,-0.034934916011377215,0.0606,25.88,78.6,,,,,,
2026-07-30T19:32:54.203083+00:00,S021,mounted,true,healthy,none,1500,healthy_horizontal_no_load_1500rpm,1015049,1484,276,1441,1906,3,0,1152583,9,240,73,0,3,1648,1494,1229,64,127,1624,16383,1653,1641,1633673,800,2017,2182,522863,11954,8,382558,1496,53021,649,1014951269,1015050371,0,1015050380,1015050894,3336192209,17862268,0.0606,1646.0,0.24671244821816973,-0.028268706207127625,0.0606,25.79,78.4,,,,,,
2026-07-30T19:32:54.296993+00:00,S021,mounted,true,healthy,none,1500,healthy_horizontal_no_load_1500rpm,1015149,1481,276,1442,1909,3,0,1152643,9,240,74,0,2,1648,1494,1232,66,136,1626,16383,1652,1643,1633129,800,1851,2083,522852,11954,8,382557,1496,53022,649,1015051301,1015150415,0,1015150429,1015150944,3333981821,17862268,0.0606,1646.0,0.0817237555629915,-0.30491641308348694,0.0606,25.73,78.3,,,,,,
2026-07-30T19:32:54.391228+00:00,S021,mounted,true,healthy,none,1500,healthy_horizontal_no_load_1500rpm,1015250,1483,277,1439,1906,3,0,1152703,9,240,74,0,3,1647,1495,1245,66,136,1625,16383,1651,1643,1649191,808,2009,2101,522794,11957,8,382561,1496,53023,649,1015151350,1015251081,0,1015251161,1015251676,3366185723,17871233,0.0568,1646.0,0.11084319503219842,-0.04244116191352365,0.0568,25.76,78.4,,,,,,
2026-07-30T19:32:54.484993+00:00,S021,mounted,true,healthy,none,1500,healthy_horizontal_no_load_1500rpm,1015350,1494,273,1428,1886,2,0,1152762,9,240,73,4,2,1648,1494,1224,63,136,1627,16383,1653,1641,1633509,800,1877,2157,522804,11954,8,382559,1496,53024,649,1015252083,1015351145,0,1015351219,1015351734,3335553829,17862270,0.0606,1646.0,0.20504863694160935,-0.2615860493558646,0.0606,25.7,78.3,,,,,,
2026-07-30T19:32:54.578704+00:00,S021,mounted,true,healthy,none,1500,healthy_horizontal_no_load_1500rpm,1015450,1534,277,1388,1839,3,0,1152823,9,240,74,2,3,1647,1494,1235,62,125,1627,16383,1651,1643,1633004,800,1891,2095,522784,11952,8,382554,1496,53025,649,1015352142,1015451210,0,1015451284,1015451799,3333462384,17856292,0.0568,1646.0,0.10230662650602351,-0.23772696385542202,0.0568,25.7,78.3,,,,,,
2026-07-30T19:32:54.671566+00:00,S021,mounted,true,healthy,none,1500,healthy_horizontal_no_load_1500rpm,1015550,1544,277,1381,1830,5,0,1152885,9,240,74,0,2,1647,1494,1209,62,125,1627,16383,1651,1642,1633626,800,2013,2073,522787,11955,8,382554,1496,53026,649,1015452208,1015551276,0,1015551350,1015551866,3335976370,17865255,0.0568,1646.0,0.06476925043914683,-0.03521553249686349,0.0568,25.7,78.3,,,,,,
2026-07-30T19:32:54.813923+00:00,S021,mounted,true,healthy,none,1500,healthy_horizontal_no_load_1500rpm,1015650,1512,277,1415,1873,4,0,1152946,9,240,74,3,3,1647,1495,1217,62,125,1638,16383,1651,1642,1632914,800,1997,2071,522743,11958,8,382560,1496,53027,649,1015552273,1015651334,0,1015651408,1015651923,3333071630,17874222,0.0568,1646.0,0.06057060863020558,-0.06271302007024593,0.0568,25.36,77.7,,,,,,
2026-07-30T19:32:54.908596+00:00,S021,mounted,true,healthy,none,1500,healthy_horizontal_no_load_1500rpm,1015750,1493,276,1433,1896,4,0,1153006,9,240,74,1,3,1647,1495,1246,62,122,1632,16383,1651,1643,1633079,800,2013,2119,522751,11956,8,382562,1496,53028,649,1015652331,1015751409,0,1015751483,1015751998,3333736809,17868246,0.0568,1646.0,0.14112890699230496,-0.03549610204081688,0.0568,25.55,78.0,,,,,,
2026-07-30T19:32:55.001033+00:00,S021,mounted,true,healthy,none,1500,healthy_horizontal_no_load_1500rpm,1015851,1485,275,1439,1903,4,0,1153066,9,240,74,0,3,1647,1494,1235,62,122,1626,16383,1651,1640,1649198,808,1982,2179,522737,11955,8,382562,1496,53029,649,1015752414,1015852080,0,1015852090,1015852605,3366243484,17865257,0.0568,1646.0,0.2414090336260979,-0.0868743370138021,0.0568,25.73,78.3,,,,,,
2026-07-30T19:32:55.093492+00:00,S021,mounted,true,healthy,none,1500,healthy_horizontal_no_load_1500rpm,1015951,1483,276,1440,1906,5,0,1153125,9,240,74,0,2,1647,1494,1240,61,120,1622,16383,1651,1640,1632834,800,1935,2065,522742,11954,8,382560,1496,53030,649,1015853011,1015952136,0,1015952146,1015952660,3332746076,17862268,0.0568,1646.0,0.0517258114438679,-0.1649260071942451,0.0568,25.85,78.5,,,,,,
2026-07-30T19:32:55.186203+00:00,S021,mounted,true,healthy,none,1500,healthy_horizontal_no_load_1500rpm,1016051,1483,271,1442,1899,1,0,1153184,9,240,73,0,2,1647,1494,1235,61,120,1626,16383,1653,1643,1633283,800,2014,2143,522783,11954,8,382558,1496,53031,649,1015953066,1016052147,0,1016052157,1016052671,3334580169,17862268,0.0568,1646.0,0.1817169026267358,-0.03326836356031526,0.0568,25.73,78.3,,,,,,
2026-07-30T19:32:55.279711+00:00,S021,mounted,true,healthy,none,1500,healthy_horizontal_no_load_1500rpm,1016151,1502,275,1416,1874,5,0,1153245,9,240,73,4,3,1647,1494,1242,61,121,1631,16383,1652,1639,1633559,800,2007,2257,522758,11953,8,382555,1496,53032,649,1016053077,1016152169,0,1016152187,1016152702,3335749913,17859281,0.0568,1646.0,0.37201856529741484,-0.044654403831674294,0.0568,25.58,78.0,,,,,,
2026-07-30T19:32:55.372392+00:00,S021,mounted,true,healthy,none,1500,healthy_horizontal_no_load_1500rpm,1016251,1538,273,1385,1829,4,0,1153306,9,240,73,1,3,1648,1494,1222,61,118,1627,16383,1651,1643,1633519,800,2011,2073,522790,11952,8,382550,1496,53033,649,1016153111,1016252237,0,1016252246,1016252761,3335531639,17856296,0.0606,1646.0,0.06563633734939733,-0.03770720481927725,0.0606,25.7,78.3,,,,,,
2026-07-30T19:32:55.512453+00:00,S021,mounted,true,healthy,none,1500,healthy_horizontal_no_load_1500rpm,1016351,1545,276,1381,1828,2,0,1153368,9,240,74,0,2,1648,1494,1219,61,118,1625,16383,1653,1643,1633731,800,1926,2375,522821,11952,8,382545,1496,53034,649,1016253170,1016352278,0,1016352292,1016352807,3336533017,17856294,0.0606,1646.0,0.569019397590361,-0.17938786746987967,0.0606,25.76,78.4,,,,,,
2026-07-30T19:32:55.606157+00:00,S021,mounted,true,healthy,none,1500,healthy_horizontal_no_load_1500rpm,1016451,1529,278,1395,1850,3,0,1153429,9,240,74,0,3,1648,1494,1243,61,119,1624,16383,1653,1638,1632848,800,2011,2157,522781,11955,8,382545,1496,53035,649,1016353214,1016452320,0,1016452329,1016452844,3332807724,17865257,0.0606,1646.0,0.20474794654956074,-0.03854835859473038,0.0606,25.79,78.4,,,,,,
2026-07-30T19:32:55.701282+00:00,S021,mounted,true,healthy,none,1500,healthy_horizontal_no_load_1500rpm,1016551,1518,277,1406,1862,1,0,1153490,9,240,74,0,3,1648,1495,1211,57,114,1620,16383,1654,1641,1633805,800,2009,2159,522842,11957,8,382549,1496,53036,649,1016453254,1016552374,0,1016552388,1016552903,3336720775,17871233,0.0606,1646.0,0.20747898528058828,-0.04244116191352365,0.0606,25.91,78.6,,,,,,
2026-07-30T19:32:55.794594+00:00,S021,mounted,true,healthy,none,1500,healthy_horizontal_no_load_1500rpm,1016651,1509,275,1418,1874,1,0,1153550,9,240,74,1,2,1647,1494,1250,57,114,1625,16383,1651,1643,1632985,800,2009,2071,522773,11955,8,382549,1496,53037,649,1016553309,1016652394,0,1016652404,1016652918,3333359665,17865257,0.0568,1646.0,0.06143642434127994,-0.04188118469259772,0.0568,25.76,78.4,,,,,,
2026-07-30T19:32:55.888901+00:00,S021,mounted,true,healthy,none,1500,healthy_horizontal_no_load_1500rpm,1016752,1493,275,1432,1893,1,0,1153610,9,240,74,0,3,1647,1494,1197,58,116,1621,16383,1653,1642,1649259,808,1997,2069,522744,11955,8,382549,1496,53038,649,1016653327,1016752981,0,1016753055,1016753570,3366456181,17865255,0.0568,1646.0,0.0581035982434126,-0.061878141279799515,0.0568,25.88,78.6,,,,,,
2026-07-30T19:32:55.982456+00:00,S021,mounted,true,healthy,none,1500,healthy_horizontal_no_load_1500rpm,1016852,1483,277,1441,1908,1,0,1153670,9,240,74,1,3,1647,1495,1217,58,116,1621,16383,1651,1642,1633216,800,2007,2067,522747,11956,8,382551,1496,53039,649,1016753977,1016853087,0,1016853160,1016853676,3334294860,17868246,0.0568,1646.0,0.05448267614586788,-0.04549374406155948,0.0568,25.88,78.6,,,,,,
2026-07-30T19:32:56.075175+00:00,S021,mounted,true,healthy,none,1500,healthy_horizontal_no_load_1500rpm,1016952,1500,275,1420,1879,1,0,1153730,9,240,73,2,3,1647,1494,1218,59,120,1619,16383,1653,1643,1633189,800,2011,2066,522765,11955,8,382551,1496,53040,649,1016854084,1016953149,0,1016953223,1016953738,3334191367,17865255,0.0568,1646.0,0.05310435909661182,-0.03854835859473038,0.0568,25.94,78.7,,,,,,
2026-07-30T19:32:56.219174+00:00,S021,mounted,true,healthy,none,1500,healthy_horizontal_no_load_1500rpm,1017052,1526,275,1400,1851,5,0,1153791,9,240,73,0,3,1647,1495,1204,60,127,1618,16383,1651,1640,1632729,800,2011,2111,522759,11959,8,382559,1496,53041,649,1016954150,1017053233,0,1017053307,1017053822,3332311569,17877211,0.0568,1646.0,0.126916326866795,-0.03966924048833542,0.0568,25.97,78.8,,,,,,
2026-07-30T19:32:56.310486+00:00,S021,mounted,true,healthy,none,1500,healthy_horizontal_no_load_1500rpm,1017152,1529,276,1395,1847,4,0,1153852,9,240,74,1,3,1647,1494,1238,60,127,1621,16383,1653,1642,1633138,800,1875,2151,522746,11954,8,382558,1496,53042,649,1017054228,1017153299,0,1017153373,1017153889,3334024964,17862266,0.0568,1646.0,0.19504932223523497,-0.2649191542579894,0.0568,25.88,78.6,,,,,,
2026-07-30T19:32:56.403740+00:00,S021,mounted,true,healthy,none,1500,healthy_horizontal_no_load_1500rpm,1017253,1543,276,1383,1831,3,0,1153915,9,240,74,0,3,1647,1495,1221,59,125,1618,16383,1651,1641,1649567,808,1999,2069,522753,11958,8,382564,1496,53043,649,1017154297,1017254085,0,1017254099,1017254614,3367717857,17874222,0.0568,1646.0,0.0572386186653282,-0.05938103010536944,0.0568,25.97,78.8,,,,,,
2026-07-30T19:32:56.497710+00:00,S021,mounted,true,healthy,none,1500,healthy_horizontal_no_load_1500rpm,1017353,1552,279,1372,1822,5,0,1153977,9,240,74,0,3,1647,1495,1196,63,128,1617,16383,1653,1642,1633275,800,2003,2071,522765,11956,8,382565,1496,53044,649,1017255020,1017354121,0,1017354135,1017354650,3334542247,17868244,0.0568,1646.0,0.061147770826363246,-0.0521588387420544,0.0568,26.01,78.8,,,,,,
2026-07-30T19:32:56.590045+00:00,S021,mounted,true,healthy,none,1500,healthy_horizontal_no_load_1500rpm,1017453,1545,273,1382,1824,4,0,1154038,9,240,73,0,3,1647,1494,1192,63,128,1623,16383,1651,1643,1633135,800,2003,2093,522757,11954,8,382563,1496,53045,649,1017355057,1017454163,0,1017454172,1017454687,3333974845,17862270,0.0568,1646.0,0.09838928007361547,-0.05160044052200119,0.0568,25.82,78.5,,,,,,
2026-07-30T19:32:56.683558+00:00,S021,mounted,true,healthy,none,1500,healthy_horizontal_no_load_1500rpm,1017553,1536,277,1390,1842,2,0,1154100,9,240,74,1,2,1647,1495,1212,65,133,1622,16383,1651,1642,1633367,800,2010,2211,522763,11957,8,382566,1496,53046,649,1017455093,1017554203,0,1017554213,1017554728,3334938603,17871233,0.0568,1646.0,0.29411796964121395,-0.04077502759889606,0.0568,25.85,78.5,,,,,,
2026-07-30T19:32:56.777997+00:00,S021,mounted,true,healthy,none,1500,healthy_horizontal_no_load_1500rpm,1017653,1535,278,1391,1844,3,0,1154161,9,240,74,0,3,1647,1494,1190,65,133,1627,16383,1651,1640,1632819,800,1935,2069,522745,11952,8,382560,1496,53047,649,1017555140,1017654253,0,1017654263,1017654778,3332689299,17856292,0.0568,1646.0,0.05896901204819249,-0.16438638554216922,0.0568,25.7,78.3,,,,,,
2026-07-30T19:32:56.920602+00:00,S021,mounted,true,healthy,none,1500,healthy_horizontal_no_load_1500rpm,1017753,1532,277,1394,1846,5,0,1154223,9,240,74,1,3,1647,1494,1200,67,134,1623,16383,1651,1642,1633483,800,1975,2165,522758,11952,8,382554,1496,53048,649,1017655184,1017754308,0,1017754322,1017754837,3335406901,17856292,0.0568,1646.0,0.21898481927710822,-0.09771313253012082,0.0568,25.82,78.5,,,,,,
2026-07-30T19:32:57.015705+00:00,S021,mounted,true,healthy,none,1500,healthy_horizontal_no_load_1500rpm,1017853,1534,278,1390,1844,4,0,1154284,9,240,74,0,3,1647,1495,1188,64,129,1625,16383,1651,1642,1633452,800,1965,2225,522752,11956,8,382556,1496,53049,649,1017755245,1017854345,0,1017854354,1017854869,3335297708,17868246,0.0568,1646.0,0.31775391602542635,-0.11547723820675859,0.0568,25.76,78.4,,,,,,
2026-07-30T19:32:57.108161+00:00,S021,mounted,true,healthy,none,1500,healthy_horizontal_no_load_1500rpm,1017954,1534,275,1394,1842,2,0,1154346,9,240,73,0,2,1647,1494,1204,64,129,1624,16383,1652,1643,1649350,808,2009,2075,522752,11955,8,382556,1496,53050,649,1017855279,1017955095,0,1017955174,1017955689,3366831842,17865255,0.0568,1646.0,0.06810207653701328,-0.04188118469259772,0.0568,25.79,78.4,,,,,,
2026-07-30T19:32:57.203612+00:00,S021,mounted,true,healthy,none,1500,healthy_horizontal_no_load_1500rpm,1018054,1533,278,1390,1844,3,0,1154407,9,240,74,0,3,1647,1494,1182,64,138,1630,16383,1653,1642,1633292,800,2005,2193,522749,11955,8,382556,1496,53051,649,1017956099,1018055174,0,1018055248,1018055763,3334629240,17865257,0.0568,1646.0,0.264738816311167,-0.0485468368883315,0.0568,25.61,78.1,,,,,,
2026-07-30T19:32:57.296371+00:00,S021,mounted,true,healthy,none,1500,healthy_horizontal_no_load_1500rpm,1018154,1534,278,1392,1845,5,0,1154469,9,240,74,0,2,1647,1495,1187,65,140,1629,16383,1651,1641,1633095,800,1999,2089,522743,11956,8,382558,1496,53052,649,1018056169,1018155229,0,1018155308,1018155823,3333805697,17868246,0.0568,1646.0,0.09114069688859106,-0.05882393342254977,0.0568,25.64,78.1,,,,,,
2026-07-30T19:32:57.389069+00:00,S021,mounted,true,healthy,none,1500,healthy_horizontal_no_load_1500rpm,1018254,1524,277,1402,1857,4,0,1154530,9,240,74,1,3,1647,1494,1208,65,140,1625,16383,1651,1639,1632715,800,2010,2071,522730,11950,8,382549,1496,53053,649,1018156229,1018255284,0,1018255362,1018255877,3332251421,17850316,0.0568,1646.0,0.06288041656903731,-0.03881331129707144,0.0568,25.76,78.4,,,,,,
2026-07-30T19:32:57.482744+00:00,S021,mounted,true,healthy,none,1500,healthy_horizontal_no_load_1500rpm,1018354,1518,277,1405,1862,6,0,1154591,9,240,74,0,2,1647,1494,1214,64,140,1627,16383,1652,1643,1633384,800,1989,2123,522752,11954,8,382548,1496,53054,649,1018256286,1018355340,0,1018355419,1018355934,3334993700,17862270,0.0568,1646.0,0.1483858536054874,-0.0749321748368752,0.0568,25.7,78.3,,,,,,
2026-07-30T19:32:57.623900+00:00,S021,mounted,true,healthy,none,1500,healthy_horizontal_no_load_1500rpm,1018454,1514,275,1413,1868,6,0,1154651,9,240,73,1,2,1647,1494,1188,64,140,1629,16383,1651,1642,1632793,800,2009,2133,522747,11954,8,382547,1496,53055,649,1018356340,1018455412,0,1018455486,1018456001,3332577497,17862266,0.0568,1646.0,0.16505137811611137,-0.041601125815626805,0.0568,25.64,78.1,,,,,,
2026-07-30T19:32:57.719491+00:00,S021,mounted,true,healthy,none,1500,healthy_horizontal_no_load_1500rpm,1018555,1496,276,1428,1890,2,0,1154712,9,240,74,1,3,1647,1495,1206,66,136,1625,16383,1650,1643,1649087,808,2013,2070,522754,11958,8,382553,1496,53056,649,1018456410,1018556217,0,1018556232,1018556747,3365754361,17874222,0.0568,1646.0,0.05890461364776689,-0.036057100351229554,0.0568,25.76,78.4,,,,,,
2026-07-30T19:32:57.813394+00:00,S021,mounted,true,healthy,none,1500,healthy_horizontal_no_load_1500rpm,1018655,1484,276,1438,1903,6,0,1154771,9,240,74,0,3,1647,1494,1213,63,133,1622,16383,1654,1643,1633124,800,2001,2069,522767,11951,8,382546,1496,53057,649,1018557155,1018656268,0,1018656277,1018656792,3333924756,17853305,0.0568,1646.0,0.05925757986779345,-0.054096434356957435,0.0568,25.85,78.5,,,,,,
2026-07-30T19:32:57.907869+00:00,S021,mounted,true,healthy,none,1500,healthy_horizontal_no_load_1500rpm,1018755,1494,274,1428,1887,6,0,1154831,9,240,74,2,3,1647,1494,1224,63,133,1625,16383,1651,1643,1632978,800,1955,2203,522753,11954,8,382545,1496,53058,649,1018657202,1018756324,0,1018756334,1018756849,3333363110,17862270,0.0568,1646.0,0.2817100496904801,-0.1315949581729967,0.0568,25.76,78.4,,,,,,
2026-07-30T19:32:58.002897+00:00,S021,mounted,true,healthy,none,1500,healthy_horizontal_no_load_1500rpm,1018855,1525,277,1398,1852,2,0,1154892,9,240,74,1,3,1647,1495,1219,64,133,1622,16383,1652,1642,1632608,800,2007,2071,522723,11956,8,382547,1496,53059,649,1018757257,1018856385,0,1018856395,1018856910,3331818728,17868246,0.0568,1646.0,0.061147770826363246,-0.04549374406155948,0.0568,25.85,78.5,,,,,,
2026-07-30T19:32:58.097874+00:00,S021,mounted,true,healthy,none,1500,healthy_horizontal_no_load_1500rpm,1018956,1528,275,1398,1849,3,0,1154953,9,240,73,0,3,1647,1494,1219,64,136,1618,16383,1651,1643,1649681,808,2015,2171,522740,11952,8,382542,1496,53060,649,1018857318,1018956974,0,1018957048,1018957567,3368199779,17856292,0.0568,1646.0,0.22898580722891548,-0.031039879518072855,0.0568,25.97,78.8,,,,,,
2026-07-30T19:32:58.192426+00:00,S021,mounted,true,healthy,none,1500,healthy_horizontal_no_load_1500rpm,1019056,1542,277,1383,1832,5,0,1155015,9,240,74,0,3,1647,1495,1246,64,136,1624,16383,1653,1641,1633395,800,2003,2069,522754,11958,8,382549,1496,53061,649,1018957973,1019057203,0,1019057277,1019057793,3335033745,17874222,0.0568,1646.0,0.0572386186653282,-0.05271705017561468,0.0568,25.79,78.4,,,,,,
2026-07-30T19:32:58.287479+00:00,S021,mounted,true,healthy,none,1500,healthy_horizontal_no_load_1500rpm,1019156,1551,278,1374,1823,6,0,1155077,9,240,73,1,3,1647,1494,1213,65,131,1626,16383,1651,1639,1633048,800,1995,2071,522746,11955,8,382549,1496,53062,649,1019058199,1019157418,0,1019157492,1019158006,3333614302,17865257,0.0568,1646.0,0.06143642434127994,-0.0652109673776664,0.0568,25.73,78.3,,,,,,
2026-07-30T19:32:58.428439+00:00,S021,mounted,true,healthy,none,1500,healthy_horizontal_no_load_1500rpm,1019257,1548,275,1380,1825,1,0,1155140,9,240,74,1,3,1647,1495,1263,65,131,1617,16383,1652,1640,1649503,808,2015,2147,522768,11956,8,382551,1496,53063,649,1019158415,1019258069,0,1019258084,1019258599,3367470299,17868246,0.0568,1646.0,0.18778456975577118,-0.0321635547005692,0.0568,26.01,78.8,,,,,,
2026-07-30T19:32:58.524732+00:00,S021,mounted,true,healthy,none,1500,healthy_horizontal_no_load_1500rpm,1019357,1537,276,1388,1838,5,0,1155201,9,240,73,0,2,1647,1495,1248,64,128,1617,16383,1651,1643,1632939,800,1961,2079,522736,11957,8,382555,1496,53064,649,1019259007,1019358124,0,1019358134,1019358649,3333175679,17871233,0.0568,1646.0,0.07418824011039549,-0.12241560901563941,0.0568,26.01,78.8,,,,,,
2026-07-30T19:32:58.617053+00:00,S021,mounted,true,healthy,none,1500,healthy_horizontal_no_load_1500rpm,1019457,1534,277,1391,1842,6,0,1155263,9,240,74,0,3,1647,1495,1213,61,129,1621,16383,1651,1643,1632958,800,1969,2071,522739,11956,8,382557,1496,53065,649,1019359055,1019458160,0,1019458175,1019458690,3333251596,17868246,0.0568,1646.0,0.061147770826363246,-0.10881214352626323,0.0568,25.88,78.6,,,,,,
2026-07-30T19:32:58.715209+00:00,S021,mounted,true,healthy,none,1500,healthy_horizontal_no_load_1500rpm,1019557,1526,277,1400,1854,2,0,1155324,9,240,74,1,3,1647,1494,1232,61,129,1621,16383,1651,1643,1633123,800,1911,2067,522775,11954,8,382556,1496,53066,649,1019459096,1019558261,0,1019558276,1019558791,3333945777,17862268,0.0568,1646.0,0.05505891634599269,-0.2049232660197422,0.0568,25.88,78.6,,,,,,
2026-07-30T19:32:58.805041+00:00,S021,mounted,true,healthy,none,1500,healthy_horizontal_no_load_1500rpm,1019657,1521,276,1406,1860,3,0,1155385,9,240,74,1,2,1647,1494,1238,60,131,1619,16383,1652,1643,1632961,800,1891,2147,522744,11955,8,382556,1496,53067,649,1019559199,1019658327,0,1019658341,1019658856,3333287961,17865257,0.0568,1646.0,0.18808381606022584,-0.23851792446675057,0.0568,25.94,78.7,,,,,,
2026-07-30T19:32:58.899239+00:00,S021,mounted,true,healthy,none,1500,healthy_horizontal_no_load_1500rpm,1019757,1515,277,1409,1867,3,0,1155445,9,240,74,1,3,1647,1494,1235,60,128,1622,16383,1651,1643,1632855,800,1995,2071,522743,11952,8,382551,1496,53068,649,1019659264,1019758391,0,1019758400,1019758915,3332827269,17856292,0.0568,1646.0,0.06230267469879491,-0.06437650602409661,0.0568,25.85,78.5,,,,,,
2026-07-30T19:32:58.992344+00:00,S021,mounted,true,healthy,none,1500,healthy_horizontal_no_load_1500rpm,1019857,1498,276,1427,1888,3,0,1155505,9,240,73,1,3,1647,1495,1250,60,128,1623,16383,1652,1640,1632613,800,1994,2063,522712,11957,8,382555,1496,53069,649,1019759324,1019858414,0,1019858424,1019858941,3331839779,17871233,0.0568,1646.0,0.04753009107635631,-0.0674331766329348,0.0568,25.82,78.5,,,,,,
2026-07-30T19:32:59.133077+00:00,S021,mounted,true,healthy,none,1500,healthy_horizontal_no_load_1500rpm,1019958,1488,276,1435,1899,3,0,1155565,9,240,73,0,2,1647,1495,1200,60,122,1624,16383,1651,1638,1649068,808,1915,2072,522718,11956,8,382557,1496,53070,649,1019859349,1019959074,0,1019959148,1019959664,3365710038,17868246,0.0568,1646.0,0.06281404449648686,-0.19879092171294754,0.0568,25.79,78.4,,,,,,
2026-07-30T19:32:59.227116+00:00,S021,mounted,true,healthy,none,1500,healthy_horizontal_no_load_1500rpm,1020058,1490,273,1433,1891,3,0,1155625,9,240,73,2,3,1647,1494,1204,60,122,1625,16383,1651,1640,1633120,800,1977,2123,522746,11953,8,382554,1496,53071,649,1019960070,1020059131,0,1020059205,1020059720,3333915988,17859281,0.0568,1646.0,0.14868185384422317,-0.09465516012716524,0.0568,25.76,78.4,,,,,,
2026-07-30T19:32:59.320253+00:00,S021,mounted,true,healthy,none,1500,healthy_horizontal_no_load_1500rpm,1020158,1509,273,1419,1872,3,0,1155685,9,240,73,0,2,1647,1494,1201,62,130,1622,16383,1651,1640,1633380,800,1991,2091,522766,11950,8,382545,1496,53072,649,1020060129,1020159210,0,1020159284,1020159799,3334974168,17850318,0.0568,1646.0,0.09622262242677815,-0.0704884068619247,0.0568,25.85,78.5,,,,,,
2026-07-30T19:32:59.414409+00:00,S021,mounted,true,healthy,none,1500,healthy_horizontal_no_load_1500rpm,1020258,1514,276,1411,1868,1,0,1155746,9,240,73,0,2,1647,1495,1220,61,131,1622,16383,1651,1642,1632842,800,2011,2065,522755,11956,8,382547,1496,53073,649,1020160206,1020259272,0,1020259351,1020259866,3332770162,17868244,0.0568,1646.0,0.0511501288056202,-0.03882864938106412,0.0568,25.85,78.5,,,,,,
2026-07-30T19:32:59.508276+00:00,S021,mounted,true,healthy,none,1500,healthy_horizontal_no_load_1500rpm,1020358,1516,274,1409,1862,5,0,1155807,9,240,73,0,2,1647,1494,1217,61,131,1624,16383,1654,1638,1632974,800,1898,2289,522732,11955,8,382547,1496,53074,649,1020260272,1020359344,0,1020359422,1020359937,3333394174,17865257,0.0568,1646.0,0.42471446900878274,-0.22685303312421645,0.0568,25.79,78.4,,,,,,
2026-07-30T19:32:59.602199+00:00,S021,mounted,true,healthy,none,1500,healthy_horizontal_no_load_1500rpm,1020458,1517,276,1409,1864,5,0,1155867,9,240,74,0,2,1647,1494,1234,60,126,1623,16383,1651,1643,1633106,800,1987,2066,522766,11955,8,382547,1496,53075,649,1020360343,1020459388,0,1020459462,1020459976,3333848916,17865257,0.0568,1646.0,0.05310435909661182,-0.07854227176913486,0.0568,25.82,78.5,,,,,,
2026-07-30T19:32:59.694632+00:00,S021,mounted,true,healthy,none,1500,healthy_horizontal_no_load_1500rpm,1020559,1523,276,1399,1853,6,0,1155929,9,240,74,2,3,1647,1494,1205,59,130,1621,16383,1651,1642,1649441,808,2017,2066,522751,11955,8,382547,1496,53076,649,1020460382,1020560074,0,1020560088,1020560603,3367198467,17865257,0.0568,1646.0,0.05310435909661182,-0.02854988030112926,0.0568,25.88,78.6,,,,,,
2026-07-30T19:32:59.835017+00:00,S021,mounted,true,healthy,none,1500,healthy_horizontal_no_load_1500rpm,1020659,1555,279,1370,1819,3,0,1155991,9,240,74,1,2,1647,1494,1193,59,130,1630,16383,1652,1641,1632977,800,2007,2113,522741,11953,8,382544,1496,53077,649,1020561012,1020660262,0,1020660276,1020660791,3333332859,17859279,0.0568,1646.0,0.13201493507905937,-0.044654403831674294,0.0568,25.61,78.1,,,,,,
2026-07-30T19:32:59.929173+00:00,S021,mounted,true,healthy,none,1500,healthy_horizontal_no_load_1500rpm,1020759,1564,276,1364,1805,5,0,1156053,9,240,73,0,2,1647,1494,1203,59,119,1619,16383,1651,1641,1633125,800,1929,2071,522745,11953,8,382541,1496,53078,649,1020661199,1020760297,0,1020760306,1020760821,3333936293,17859281,0.0568,1646.0,0.06201387626537258,-0.17465637019994995,0.0568,25.94,78.7,,,,,,
2026-07-30T19:33:00.022214+00:00,S021,mounted,true,healthy,none,1500,healthy_horizontal_no_load_1500rpm,1020859,1561,277,1366,1810,2,0,1156116,9,240,74,0,2,1647,1495,1195,59,119,1627,16383,1651,1641,1632772,800,1941,2081,522743,11957,8,382546,1496,53079,649,1020761228,1020860347,0,1020860361,1020860876,3332498526,17871235,0.0568,1646.0,0.07752050873964977,-0.15573829530818806,0.0568,25.7,78.3,,,,,,
2026-07-30T19:33:00.116628+00:00,S021,mounted,true,healthy,none,1500,healthy_horizontal_no_load_1500rpm,1020959,1554,279,1372,1821,1,0,1156178,9,240,74,0,2,1647,1494,1231,62,120,1620,16383,1652,1643,1633102,800,2005,2067,522756,11955,8,382546,1496,53080,649,1020861283,1020960375,0,1020960385,1020960900,3333835032,17865255,0.0568,1646.0,0.05477077214554571,-0.0485468368883315,0.0568,25.91,78.6,,,,,,
2026-07-30T19:33:00.210471+00:00,S021,mounted,true,healthy,none,1500,healthy_horizontal_no_load_1500rpm,1021059,1550,278,1378,1827,4,0,1156240,9,240,74,1,2,1647,1494,1213,60,118,1619,16383,1651,1641,1632519,800,2009,2069,522722,11952,8,382541,1496,53081,649,1020961306,1021060411,0,1021060420,1021060935,3331450877,17856294,0.0568,1646.0,0.05896901204819249,-0.04104086746987967,0.0568,25.94,78.7,,,,,,
2026-07-30T19:33:00.302761+00:00,S021,mounted,true,healthy,none,1500,healthy_horizontal_no_load_1500rpm,1021160,1516,276,1410,1866,6,0,1156301,9,240,73,2,2,1647,1494,1219,60,118,1622,16383,1652,1643,1649377,808,1933,2075,522750,11955,8,382542,1496,53082,649,1021061347,1021161204,0,1021161278,1021161792,3366958413,17865257,0.0568,1646.0,0.06810207653701328,-0.16852857641154362,0.0568,25.85,78.5,,,,,,
2026-07-30T19:33:00.396376+00:00,S021,mounted,true,healthy,none,1500,healthy_horizontal_no_load_1500rpm,1021260,1505,277,1419,1880,2,0,1156362,9,240,74,0,3,1647,1495,1209,64,123,1622,16383,1655,1641,1633001,800,1891,2229,522739,11957,8,382547,1496,53083,649,1021162201,1021261390,0,1021261468,1021261984,3333484637,17871233,0.0568,1646.0,0.3241083873045074,-0.23904501103955855,0.0568,25.85,78.5,,,,,,
2026-07-30T19:33:00.537428+00:00,S021,mounted,true,healthy,none,1500,healthy_horizontal_no_load_1500rpm,1021360,1505,275,1418,1875,2,0,1156422,9,240,74,1,2,1647,1494,1217,62,128,1624,16383,1652,1640,1632918,800,1973,2111,522757,11954,8,382546,1496,53084,649,1021262390,1021361460,0,1021361534,1021362049,3333089958,17862268,0.0568,1646.0,0.12838722419273818,-0.10159701405387311,0.0568,25.79,78.4,,,,,,
2026-07-30T19:33:00.632523+00:00,S021,mounted,true,healthy,none,1500,healthy_horizontal_no_load_1500rpm,1021461,1511,275,1415,1870,3,0,1156483,9,240,73,0,3,1647,1494,1234,62,128,1636,16383,1651,1643,1648875,808,1931,2068,522735,11955,8,382546,1496,53085,649,1021362461,1021462094,0,1021462108,1021462623,3364906327,17865255,0.0568,1646.0,0.056437185194479156,-0.17186140250941095,0.0568,25.43,77.8,,,,,,
2026-07-30T19:33:00.726267+00:00,S021,mounted,true,healthy,none,1500,healthy_horizontal_no_load_1500rpm,1021561,1515,276,1409,1866,3,0,1156543,9,240,74,0,3,1647,1494,1227,63,131,1630,16383,1651,1642,1632647,800,1855,2073,522730,11952,8,382541,1496,53086,649,1021463029,1021562136,0,1021562145,1021562661,3332015235,17856292,0.0568,1646.0,0.06563633734939733,-0.2977328915662656,0.0568,25.61,78.1,,,,,,
2026-07-30T19:33:00.818891+00:00,S021,mounted,true,healthy,none,1500,healthy_horizontal_no_load_1500rpm,1021661,1499,277,1425,1888,3,0,1156603,9,240,74,1,3,1647,1495,1202,63,131,1619,16383,1650,1639,1631985,800,2007,2067,522659,11956,8,382544,1496,53087,649,1021563067,1021662157,0,1021662167,1021662681,3329270865,17868244,0.0568,1646.0,0.05448267614586788,-0.04549374406155948,0.0568,25.94,78.7,,,,,,
2026-07-30T19:33:00.912771+00:00,S021,mounted,true,healthy,none,1500,healthy_horizontal_no_load_1500rpm,1021761,1486,276,1438,1903,3,0,1156663,9,240,74,0,3,1647,1494,1229,63,134,1610,16383,1651,1643,1632645,800,1887,2081,522697,11954,8,382543,1496,53088,649,1021663089,1021762197,0,1021762207,1021762722,3331991939,17862268,0.0568,1646.0,0.07839065066086626,-0.24492052484524018,0.0568,26.22,79.2,,,,,,
2026-07-30T19:33:01.005607+00:00,S021,mounted,true,healthy,none,1500,healthy_horizontal_no_load_1500rpm,1021861,1490,275,1429,1891,3,0,1156723,9,240,73,4,3,1647,1494,1229,66,127,1613,16383,1651,1639,1631837,800,1919,2065,522616,11950,8,382535,1496,53089,649,1021763128,1021862237,0,1021862251,1021862766,3328697207,17850314,0.0568,1646.0,0.05287775481171497,-0.190520347949791,0.0568,26.13,79.0,,,,,,
2026-07-30T19:33:01.146177+00:00,S021,mounted,true,healthy,none,1500,healthy_horizontal_no_load_1500rpm,1021961,1532,276,1391,1842,1,0,1156784,9,240,74,1,3,1647,1494,1231,66,127,1618,16383,1651,1643,1632912,800,1965,2177,522618,11954,8,382535,1496,53090,649,1021863175,1021962293,0,1021962307,1021962822,3333091408,17862268,0.0568,1646.0,0.2383796859628573,-0.11492943366237274,0.0568,25.97,78.8,,,,,,
2026-07-30T19:33:01.240655+00:00,S021,mounted,true,healthy,none,1500,healthy_horizontal_no_load_1500rpm,1022061,1545,278,1381,1831,4,0,1156846,9,240,74,0,3,1647,1494,1216,64,133,1625,16383,1656,1640,1633368,800,2013,2199,522705,11955,8,382536,1496,53091,649,1021963231,1022062313,0,1022062327,1022062842,3334958332,17865255,0.0568,1646.0,0.2747372946047677,-0.03521553249686349,0.0568,25.76,78.4,,,,,,
2026-07-30T19:33:01.332790+00:00,S021,mounted,true,healthy,none,1500,healthy_horizontal_no_load_1500rpm,1022161,1525,277,1402,1857,6,0,1156907,9,240,74,2,3,1647,1494,1214,62,127,1626,16383,1651,1640,1632495,800,2003,2069,522675,11954,8,382536,1496,53092,649,1022063248,1022162354,0,1022162364,1022162879,3331352729,17862266,0.0568,1646.0,0.05839202124811749,-0.05160044052200119,0.0568,25.73,78.3,,,,,,
2026-07-30T19:33:01.425652+00:00,S021,mounted,true,healthy,none,1500,healthy_horizontal_no_load_1500rpm,1022261,1510,276,1416,1874,6,0,1156967,9,240,74,2,3,1647,1495,1231,62,127,1628,16383,1651,1641,1632811,800,1999,2131,522664,11957,8,382541,1496,53093,649,1022163288,1022262393,0,1022262402,1022262918,3332656181,17871233,0.0568,1646.0,0.16082722447102116,-0.05910250505979775,0.0568,25.67,78.2,,,,,,
2026-07-30T19:33:01.518866+00:00,S021,mounted,true,healthy,none,1500,healthy_horizontal_no_load_1500rpm,1022361,1500,276,1425,1886,6,0,1157027,9,240,74,1,3,1647,1494,1242,57,114,1627,16383,1652,1642,1632501,800,2018,2081,522641,11955,8,382542,1496,53094,649,1022263326,1022362438,0,1022362447,1022362966,3331382409,17865257,0.0568,1646.0,0.07810055483061484,-0.026883467252195814,0.0568,25.7,78.3,,,,,,
2026-07-30T19:33:01.612464+00:00,S021,mounted,true,healthy,none,1500,healthy_horizontal_no_load_1500rpm,1022462,1492,275,1433,1894,2,0,1157088,9,240,74,0,3,1647,1495,1214,57,114,1625,16383,1650,1641,1648755,808,2013,2139,522592,11957,8,382547,1496,53095,649,1022363374,1022463221,0,1022463300,1022463815,3364405713,17871233,0.0568,1646.0,0.17415629898804008,-0.03577662465501419,0.0568,25.76,78.4,,,,,,
2026-07-30T19:33:01.707100+00:00,S021,mounted,true,healthy,none,1500,healthy_horizontal_no_load_1500rpm,1022562,1482,275,1442,1907,6,0,1157147,9,240,74,0,2,1647,1495,1219,59,118,1622,16383,1651,1639,1632100,800,2006,2070,522544,11958,8,382553,1496,53096,649,1022464221,1022563281,0,1022563355,1022563870,3329746832,17874222,0.0568,1646.0,0.05890461364776689,-0.047719065228299495,0.0568,25.85,78.5,,,,,,
2026-07-30T19:33:01.847334+00:00,S021,mounted,true,healthy,none,1500,healthy_horizontal_no_load_1500rpm,1022662,1497,273,1425,1882,6,0,1157207,9,240,73,3,3,1647,1494,1242,59,121,1632,16383,1651,1643,1633380,800,1973,2163,522644,11953,8,382550,1496,53097,649,1022564280,1022663351,0,1022663425,1022663940,3334997694,17859281,0.0568,1646.0,0.21534952890487702,-0.10132192763323022,0.0568,25.55,78.0,,,,,,
2026-07-30T19:33:01.942811+00:00,S021,mounted,true,healthy,none,1500,healthy_horizontal_no_load_1500rpm,1022762,1536,276,1389,1839,2,0,1157268,9,240,73,1,2,1647,1494,1242,59,121,1627,16383,1650,1639,1632834,800,1867,2187,522655,11952,8,382545,1496,53098,649,1022664349,1022763400,0,1022763474,1022763988,3332787494,17856294,0.0568,1646.0,0.25565510843373485,-0.27773091566265107,0.0568,25.7,78.3,,,,,,
2026-07-30T19:33:02.036550+00:00,S021,mounted,true,healthy,none,1500,healthy_horizontal_no_load_1500rpm,1022863,1546,273,1387,1829,1,0,1157330,9,240,73,0,2,1647,1494,1202,63,125,1622,16383,1651,1642,1648971,808,2003,2093,522641,11955,8,382545,1496,53099,649,1022764397,1022864062,0,1022864072,1022864587,3365286867,17865259,0.0568,1646.0,0.09809751141781664,-0.051879662986198394,0.0568,25.85,78.5,,,,,,
2026-07-30T19:33:02.129160+00:00,S021,mounted,true,healthy,none,1500,healthy_horizontal_no_load_1500rpm,1022963,1550,278,1375,1824,4,0,1157392,9,240,74,0,3,1647,1495,1211,62,128,1622,16383,1651,1642,1632208,800,2011,2071,522595,11958,8,382551,1496,53100,649,1022864993,1022964121,0,1022964130,1022964645,3330182482,17874222,0.0568,1646.0,0.06057060863020558,-0.039389090316106934,0.0568,25.85,78.5,,,,,,
2026-07-30T19:33:02.221834+00:00,S021,mounted,true,healthy,none,1500,healthy_horizontal_no_load_1500rpm,1023063,1553,277,1375,1821,3,0,1157455,9,240,73,0,3,1647,1495,1232,62,128,1622,16383,1651,1643,1632840,800,2006,2065,522607,11957,8,382555,1496,53101,649,1022965051,1023064217,0,1023064231,1023064746,3332762514,17871233,0.0568,1646.0,0.05086235970561148,-0.04743956485740597,0.0568,25.85,78.5,,,,,,
2026-07-30T19:33:02.316082+00:00,S021,mounted,true,healthy,none,1500,healthy_horizontal_no_load_1500rpm,1023163,1548,279,1379,1830,5,0,1157517,9,240,74,1,2,1647,1495,1219,62,126,1620,16383,1651,1641,1632536,800,1929,2073,522609,11957,8,382559,1496,53102,649,1023065152,1023164256,0,1023164270,1023164785,3331535720,17871235,0.0568,1646.0,0.06419143422263085,-0.1757319070837169,0.0568,25.91,78.6,,,,,,
2026-07-30T19:33:02.409385+00:00,S021,mounted,true,healthy,none,1500,healthy_horizontal_no_load_1500rpm,1023263,1523,276,1401,1855,4,0,1157578,9,240,74,1,3,1647,1494,1217,62,126,1620,16383,1651,1643,1632286,800,2013,2069,522585,11954,8,382558,1496,53103,649,1023165193,1023264310,0,1023264324,1023264839,3330498224,17862268,0.0568,1646.0,0.05839202124811749,-0.034934916011377215,0.0568,25.91,78.6,,,,,,
2026-07-30T19:33:02.550486+00:00,S021,mounted,true,healthy,none,1500,healthy_horizontal_no_load_1500rpm,1023363,1519,277,1405,1861,4,0,1157638,9,240,74,0,3,1647,1495,1237,59,119,1633,16383,1650,1643,1632174,800,2011,2105,522506,11956,8,382560,1496,53104,649,1023265247,1023364353,0,1023364363,1023364877,3330050348,17868246,0.0568,1646.0,0.11780107561057207,-0.03882864938106412,0.0568,25.52,77.9,,,,,,
2026-07-30T19:33:02.645376+00:00,S021,mounted,true,healthy,none,1500,healthy_horizontal_no_load_1500rpm,1023463,1503,276,1422,1882,6,0,1157699,9,240,74,1,3,1646,1494,1267,56,117,1620,16383,1653,1640,1631925,800,1987,2065,522479,11955,8,382560,1496,53105,649,1023365283,1023464401,0,1023464410,1023464925,3329033581,17865257,0.053,1646.0,0.05143794604767837,-0.07854227176913486,0.053,25.91,78.6,,,,,,
2026-07-30T19:33:02.739493+00:00,S021,mounted,true,healthy,none,1500,healthy_horizontal_no_load_1500rpm,1023563,1490,276,1433,1897,6,0,1157759,9,240,73,1,2,1647,1495,1213,56,117,1620,16383,1652,1642,1632440,800,2007,2102,522509,11956,8,382562,1496,53106,649,1023465334,1023564427,0,1023564441,1023564956,3331139046,17868246,0.0568,1646.0,0.11280225460020032,-0.04549374406155948,0.0568,25.91,78.6,,,,,,
2026-07-30T19:33:02.834061+00:00,S021,mounted,true,healthy,none,1500,healthy_horizontal_no_load_1500rpm,1023664,1486,274,1436,1897,4,0,1157818,9,240,73,2,3,1647,1494,1235,58,122,1619,16383,1650,1641,1648497,808,2001,2191,522489,11954,8,382560,1496,53107,649,1023565365,1023665084,0,1023665158,1023665673,3363374199,17862272,0.0568,1646.0,0.26171142027773087,-0.054933545424125985,0.0568,25.94,78.7,,,,,,
2026-07-30T19:33:02.929052+00:00,S021,mounted,true,healthy,none,1500,healthy_horizontal_no_load_1500rpm,1023764,1511,273,1410,1862,6,0,1157879,9,240,73,2,2,1647,1494,1214,59,122,1628,16383,1651,1642,1632668,800,2003,2067,522498,11949,8,382548,1496,53108,649,1023666081,1023765160,0,1023765234,1023765749,3332061272,17847327,0.0568,1646.0,0.056500360783329207,-0.05020362716545357,0.0568,25.67,78.2,,,,,,
2026-07-30T19:33:03.024637+00:00,S021,mounted,true,healthy,none,1500,healthy_horizontal_no_load_1500rpm,1023864,1529,277,1395,1848,2,0,1157940,9,240,74,0,2,1646,1494,1190,59,122,1619,16383,1651,1640,1631492,800,1842,2107,522452,11952,8,382543,1496,53109,649,1023766157,1023865225,0,1023865299,1023865814,3327327492,17856294,0.053,1646.0,0.12230860240963848,-0.3194016987951809,0.053,25.94,78.7,,,,,,
2026-07-30T19:33:03.116375+00:00,S021,mounted,true,healthy,none,1500,healthy_horizontal_no_load_1500rpm,1023964,1526,277,1402,1857,3,0,1158001,9,240,74,2,3,1646,1494,1195,58,117,1623,16383,1651,1640,1632020,800,2009,2085,522450,11954,8,382543,1496,53110,649,1023866223,1023965289,0,1023965363,1023965878,3329418286,17862268,0.053,1646.0,0.08505686046511629,-0.041601125815626805,0.053,25.82,78.5,,,,,,
2026-07-30T19:33:03.258081+00:00,S021,mounted,true,healthy,none,1500,healthy_horizontal_no_load_1500rpm,1024064,1496,275,1430,1891,3,0,1158061,9,240,74,1,3,1646,1495,1206,58,117,1619,16383,1649,1641,1631703,800,2005,2065,522416,11956,8,382546,1496,53111,649,1023966290,1024065349,0,1024065423,1024065938,3328124311,17868244,0.053,1646.0,0.0511501288056202,-0.048826291401807165,0.053,25.94,78.7,,,,,,
2026-07-30T19:33:03.353996+00:00,S021,mounted,true,healthy,none,1500,healthy_horizontal_no_load_1500rpm,1024164,1487,276,1438,1903,3,0,1158121,9,240,73,1,3,1646,1494,1231,60,116,1616,16383,1650,1641,1632163,800,2011,2085,522425,11953,8,382543,1496,53112,649,1024066350,1024165417,0,1024165495,1024166010,3330006609,17859281,0.053,1646.0,0.08534756253660136,-0.037987636325608864,0.053,26.04,78.9,,,,,,
2026-07-30T19:33:03.448363+00:00,S021,mounted,true,healthy,none,1500,healthy_horizontal_no_load_1500rpm,1024265,1501,275,1422,1881,3,0,1158181,9,240,73,1,3,1646,1495,1227,60,125,1611,16383,1651,1639,1648421,808,1967,2087,522447,11956,8,382546,1496,53113,649,1024166419,1024266084,0,1024266094,1024266609,3363053129,17868244,0.053,1646.0,0.08780814954834382,-0.11214469086651091,0.053,26.19,79.1,,,,,,
2026-07-30T19:33:03.529344+00:00,S021,mounted,true,healthy,none,1500,healthy_horizontal_no_load_1500rpm,1024365,1511,276,1412,1869,3,0,1158241,9,240,74,0,3,1647,1494,1205,60,125,1618,16383,1650,1642,1632390,800,2011,2106,522492,11951,8,382539,1496,53114,649,1024267017,1024366114,0,1024366123,1024366638,3330931008,17853309,0.0568,1646.0,0.12093549937243697,-0.037426726382729925,0.0568,25.97,78.8,,,,,,
2026-07-30T19:33:03.635674+00:00,S021,mounted,true,healthy,none,1500,healthy_horizontal_no_load_1500rpm,1024465,1512,277,1411,1869,1,0,1158302,9,240,73,0,3,1647,1495,1213,64,126,1623,16383,1649,1642,1632200,800,1877,2067,522490,11956,8,382542,1496,53115,649,1024367044,1024466168,0,1024466177,1024466692,3330178408,17868244,0.0568,1646.0,0.05448267614586788,-0.2621093211776513,0.0568,25.82,78.5,,,,,,
2026-07-30T19:33:03.729680+00:00,S021,mounted,true,healthy,none,1500,healthy_horizontal_no_load_1500rpm,1024565,1497,274,1428,1886,1,0,1158362,9,240,73,1,2,1647,1494,1209,66,130,1619,16383,1650,1641,1632514,800,1999,2064,522498,11954,8,382542,1496,53116,649,1024467099,1024566192,0,1024566206,1024566721,3331437408,17862268,0.0568,1646.0,0.0500592589928055,-0.05826665032625078,0.0568,25.94,78.7,,,,,,
2026-07-30T19:33:03.818609+00:00,S021,mounted,true,healthy,none,1500,healthy_horizontal_no_load_1500rpm,1024665,1487,276,1437,1902,3,0,1158421,9,240,74,1,3,1647,1494,1196,66,130,1618,16383,1652,1642,1632521,800,2005,2231,522508,11954,8,382542,1496,53117,649,1024567130,1024666230,0,1024666240,1024666754,3331510369,17862270,0.0568,1646.0,0.3283735183202272,-0.048267335619876395,0.0568,25.97,78.8,,,,,,
2026-07-30T19:33:03.958796+00:00,S021,mounted,true,healthy,none,1500,healthy_horizontal_no_load_1500rpm,1024765,1482,274,1442,1905,3,0,1158481,9,240,74,0,3,1647,1494,1214,65,125,1618,16383,1651,1638,1631816,800,1915,2081,522458,11955,8,382543,1496,53118,649,1024667162,1024766298,0,1024766312,1024766827,3328606946,17865257,0.0568,1646.0,0.07810055483061484,-0.19852401129234654,0.0568,25.97,78.8,,,,,,
2026-07-30T19:33:04.052637+00:00,S021,mounted,true,healthy,none,1500,healthy_horizontal_no_load_1500rpm,1024865,1483,274,1443,1905,2,0,1158540,9,240,73,0,2,1647,1494,1213,65,125,1619,16383,1651,1640,1632291,800,2005,2069,522479,11954,8,382543,1496,53119,649,1024767234,1024866331,0,1024866340,1024866855,3330521365,17862270,0.0568,1646.0,0.05839202124811749,-0.048267335619876395,0.0568,25.94,78.7,,,,,,
2026-07-30T19:33:04.146122+00:00,S021,mounted,true,healthy,none,1500,healthy_horizontal_no_load_1500rpm,1024965,1483,276,1440,1906,6,0,1158599,9,240,74,0,2,1647,1495,1200,63,121,1628,16383,1651,1641,1632819,800,2011,2193,522526,11956,8,382546,1496,53120,649,1024867265,1024966386,0,1024966395,1024966910,3332721867,17868244,0.0568,1646.0,0.2644331585814652,-0.03882864938106412,0.0568,25.67,78.2,,,,,,
2026-07-30T19:33:04.239368+00:00,S021,mounted,true,healthy,none,1500,healthy_horizontal_no_load_1500rpm,1025065,1481,275,1442,1906,6,0,1158659,9,240,74,1,3,1647,1494,1221,62,119,1632,16383,1652,1641,1632470,800,2003,2067,522492,11955,8,382546,1496,53121,649,1024967316,1025066419,0,1025066428,1025066943,3331253688,17865257,0.0568,1646.0,0.05477077214554571,-0.051879662986198394,0.0568,25.55,78.0,,,,,,
2026-07-30T19:33:04.336070+00:00,S021,mounted,true,healthy,none,1500,healthy_horizontal_no_load_1500rpm,1025166,1484,276,1439,1905,6,0,1158719,9,240,73,0,3,1647,1494,1206,62,119,1622,16383,1651,1640,1649038,808,2009,2123,522523,11955,8,382546,1496,53122,649,1025067352,1025167045,0,1025167123,1025167638,3365568782,17865255,0.0568,1646.0,0.1480899028858218,-0.04188118469259772,0.0568,25.85,78.5,,,,,,
2026-07-30T19:33:04.426345+00:00,S021,mounted,true,healthy,none,1500,healthy_horizontal_no_load_1500rpm,1025266,1506,274,1414,1870,6,0,1158779,9,240,74,4,3,1647,1494,1225,59,116,1617,16383,1651,1641,1632882,800,1954,2107,522537,11952,8,382541,1496,53123,649,1025168045,1025267105,0,1025267183,1025267699,3332951866,17856296,0.0568,1646.0,0.12230860240963848,-0.13271659036144579,0.0568,26.01,78.8,,,,,,
2026-07-30T19:33:04.521469+00:00,S021,mounted,true,healthy,none,1500,healthy_horizontal_no_load_1500rpm,1025366,1543,274,1385,1830,2,0,1158840,9,240,73,2,2,1647,1494,1229,58,112,1622,16383,1651,1643,1632607,800,1993,2069,522496,11953,8,382539,1496,53124,649,1025268108,1025367154,0,1025367228,1025367742,3331810571,17859281,0.0568,1646.0,0.058680492512339644,-0.06798809010290352,0.0568,25.85,78.5,,,,,,
2026-07-30T19:33:04.660993+00:00,S021,mounted,true,healthy,none,1500,healthy_horizontal_no_load_1500rpm,1025466,1562,276,1364,1806,5,0,1158903,9,240,74,1,3,1647,1495,1231,58,112,1638,16383,1652,1641,1632757,800,1941,2069,522548,11957,8,382544,1496,53125,649,1025368150,1025467213,0,1025467291,1025467807,3332436609,17871233,0.0568,1646.0,0.057526896964120944,-0.15573829530818806,0.0568,25.36,77.7,,,,,,
2026-07-30T19:33:04.755876+00:00,S021,mounted,true,healthy,none,1500,healthy_horizontal_no_load_1500rpm,1025566,1556,277,1372,1818,6,0,1158965,9,240,74,1,3,1647,1494,1243,59,114,1633,16383,1651,1641,1632430,800,2010,2063,522506,11954,8,382543,1496,53126,649,1025468215,1025567442,0,1025567516,1025568031,3331085214,17862268,0.0568,1646.0,0.0483927065417431,-0.03993457336456396,0.0568,25.52,77.9,,,,,,
2026-07-30T19:33:04.849247+00:00,S021,mounted,true,healthy,none,1500,healthy_horizontal_no_load_1500rpm,1025667,1553,278,1374,1822,1,0,1159028,9,240,74,0,3,1647,1494,1223,59,114,1627,16383,1651,1643,1649109,808,2009,2119,522540,11952,8,382539,1496,53127,649,1025568440,1025668087,0,1025668101,1025668616,3365854453,17856292,0.0568,1646.0,0.142310578313253,-0.04104086746987967,0.0568,25.7,78.3,,,,,,
2026-07-30T19:33:04.943244+00:00,S021,mounted,true,healthy,none,1500,healthy_horizontal_no_load_1500rpm,1025767,1542,276,1388,1836,4,0,1159090,9,240,74,3,3,1647,1494,1258,58,111,1625,16383,1651,1642,1632354,800,1953,2079,522507,11954,8,382539,1496,53128,649,1025669022,1025768145,0,1025768160,1025768675,3330793736,17862270,0.0568,1646.0,0.07505754575874146,-0.1349280630751215,0.0568,25.76,78.4,,,,,,
2026-07-30T19:33:05.035956+00:00,S021,mounted,true,healthy,none,1500,healthy_horizontal_no_load_1500rpm,1025867,1510,277,1417,1876,4,0,1159150,9,240,74,3,3,1647,1494,1213,57,106,1627,16383,1649,1641,1631775,800,1829,2077,522478,11952,8,382535,1496,53129,649,1025769083,1025868190,0,1025868199,1025868714,3328460293,17856292,0.0568,1646.0,0.07230366265060217,-0.34107050602409705,0.0568,25.7,78.3,,,,,,
2026-07-30T19:33:05.131518+00:00,S021,mounted,true,healthy,none,1500,healthy_horizontal_no_load_1500rpm,1025967,1488,276,1435,1899,4,0,1159210,9,240,74,0,3,1647,1494,1237,57,106,1623,16383,1650,1639,1632418,800,1929,2161,522512,11953,8,382533,1496,53130,649,1025869126,1025968200,0,1025968215,1025968730,3331060978,17859281,0.0568,1646.0,0.21201614515184408,-0.17465637019994995,0.0568,25.82,78.5,,,,,,
2026-07-30T19:33:05.227170+00:00,S021,mounted,true,healthy,none,1500,healthy_horizontal_no_load_1500rpm,1026067,1504,272,1419,1871,4,0,1159270,9,240,73,4,3,1647,1494,1224,58,102,1620,16383,1651,1639,1632455,800,1881,2159,522499,11955,8,382534,1496,53131,649,1025969136,1026068264,0,1026068274,1026068789,3331234751,17865257,0.0568,1646.0,0.20808077264742764,-0.2551820549560855,0.0568,25.91,78.6,,,,,,
2026-07-30T19:33:05.367500+00:00,S021,mounted,true,healthy,none,1500,healthy_horizontal_no_load_1500rpm,1026167,1539,275,1386,1833,6,0,1159331,9,240,73,1,2,1647,1494,1245,60,116,1616,16383,1652,1642,1632584,800,2011,2073,522498,11952,8,382530,1496,53132,649,1026069197,1026168296,0,1026168306,1026168820,3331721486,17856292,0.0568,1646.0,0.06563633734939733,-0.03770720481927725,0.0568,26.04,78.9,,,,,,
2026-07-30T19:33:05.463358+00:00,S021,mounted,true,healthy,none,1500,healthy_horizontal_no_load_1500rpm,1026267,1546,277,1380,1828,3,0,1159393,9,240,74,1,3,1647,1494,1219,60,116,1618,16383,1652,1643,1632967,800,2005,2201,522538,11954,8,382530,1496,53133,649,1026169229,1026268339,0,1026268349,1026268863,3333318289,17862270,0.0568,1646.0,0.2783769447883553,-0.048267335619876395,0.0568,25.97,78.8,,,,,,
2026-07-30T19:33:05.555504+00:00,S021,mounted,true,healthy,none,1500,healthy_horizontal_no_load_1500rpm,1026367,1552,277,1375,1822,5,0,1159455,9,240,73,0,2,1647,1494,1227,57,108,1617,16383,1651,1640,1631952,800,2000,2075,522497,11955,8,382531,1496,53134,649,1026269271,1026368384,0,1026368393,1026368909,3329148774,17865255,0.0568,1646.0,0.06810207653701328,-0.056878902132999176,0.0568,26.01,78.8,,,,,,
2026-07-30T19:33:05.649433+00:00,S021,mounted,true,healthy,none,1500,healthy_horizontal_no_load_1500rpm,1026468,1552,278,1375,1823,2,0,1159518,9,240,73,0,2,1647,1494,1222,57,108,1620,16383,1650,1639,1632844,800,1973,2074,522521,11954,8,382531,1496,53135,649,1026369315,1026468549,0,1026468563,1026469078,3332779874,17862268,0.0568,1646.0,0.06672478350342992,-0.10159701405387311,0.0568,25.91,78.6,,,,,,
2026-07-30T19:33:05.742019+00:00,S021,mounted,true,healthy,none,1500,healthy_horizontal_no_load_1500rpm,1026568,1544,279,1382,1835,1,0,1159580,9,240,74,2,3,1647,1494,1237,56,109,1623,16383,1652,1642,1648781,808,2006,2071,522518,11951,8,382525,1496,53136,649,1026469485,1026569077,0,1026569156,1026569671,3364508591,17853303,0.0568,1646.0,0.06259152146263913,-0.04576158036984346,0.0568,25.82,78.5,,,,,,
2026-07-30T19:33:05.835843+00:00,S021,mounted,true,healthy,none,1500,healthy_horizontal_no_load_1500rpm,1026668,1522,277,1403,1858,5,0,1159641,9,240,74,1,3,1647,1494,1237,58,116,1620,16383,1652,1643,1632345,800,1947,2071,522498,11953,8,382524,1496,53137,649,1026570079,1026669215,0,1026669294,1026669809,3330751053,17859279,0.0568,1646.0,0.06201387626537258,-0.14465591642265574,0.0568,25.91,78.6,,,,,,
2026-07-30T19:33:05.929116+00:00,S021,mounted,true,healthy,none,1500,healthy_horizontal_no_load_1500rpm,1026768,1520,275,1405,1858,4,0,1159702,9,240,74,0,3,1647,1494,1235,58,116,1619,16383,1651,1641,1632289,800,1970,2073,522493,11954,8,382524,1496,53138,649,1026670217,1026769278,0,1026769356,1026769871,3330521739,17862268,0.0568,1646.0,0.06505823105236708,-0.10659667140706075,0.0568,25.94,78.7,,,,,,
2026-07-30T19:33:06.070410+00:00,S021,mounted,true,healthy,none,1500,healthy_horizontal_no_load_1500rpm,1026868,1481,278,1443,1912,5,0,1159761,9,240,74,3,3,1647,1495,1217,59,117,1624,16383,1652,1640,1631922,800,1998,2119,522491,11957,8,382530,1496,53139,649,1026770277,1026869342,0,1026869416,1026869934,3329028326,17871233,0.0568,1646.0,0.14083361269549188,-0.06076863937442489,0.0568,25.79,78.4,,,,,,
2026-07-30T19:33:06.163059+00:00,S021,mounted,true,healthy,none,1500,healthy_horizontal_no_load_1500rpm,1026968,1461,274,1465,1935,1,0,1159820,9,240,74,1,2,1647,1494,1221,59,120,1624,16383,1650,1641,1632052,800,2001,2069,522509,11954,8,382530,1496,53140,649,1026870343,1026969413,0,1026969487,1026970002,3329548504,17862268,0.0568,1646.0,0.05839202124811749,-0.054933545424125985,0.0568,25.79,78.4,,,,,,
2026-07-30T19:33:06.257606+00:00,S021,mounted,true,healthy,none,1500,healthy_horizontal_no_load_1500rpm,1027069,1462,274,1460,1929,3,0,1159879,9,240,73,2,2,1647,1494,1209,59,120,1623,16383,1652,1639,1648635,808,1919,2159,522501,11952,8,382526,1496,53141,649,1026970411,1027070064,0,1027070078,1027070593,3363947451,17856292,0.0568,1646.0,0.20898383132530096,-0.19105568674698814,0.0568,25.82,78.5,,,,,,
2026-07-30T19:33:06.351167+00:00,S021,mounted,true,healthy,none,1500,healthy_horizontal_no_load_1500rpm,1027169,1484,274,1441,1903,2,0,1159938,9,240,73,1,2,1647,1495,1224,56,108,1624,16383,1651,1642,1632586,800,1950,2345,522496,11957,8,382532,1496,53142,649,1027071002,1027170129,0,1027170138,1027170654,3331846686,17871235,0.0568,1646.0,0.5173799678012876,-0.1407430864765411,0.0568,25.79,78.4,,,,,,
2026-07-30T19:33:06.443987+00:00,S021,mounted,true,healthy,none,1500,healthy_horizontal_no_load_1500rpm,1027269,1497,276,1427,1888,2,0,1159998,9,240,73,0,2,1647,1494,1214,56,108,1624,16383,1652,1642,1632462,800,2015,2071,522493,11955,8,382533,1496,53143,649,1027171066,1027270237,0,1027270247,1027270762,3331218756,17865255,0.0568,1646.0,0.06143642434127994,-0.03188270639899615,0.0568,25.79,78.4,,,,,,
2026-07-30T19:33:06.584067+00:00,S021,mounted,true,healthy,none,1500,healthy_horizontal_no_load_1500rpm,1027369,1504,272,1424,1877,2,0,1160058,9,240,73,1,2,1647,1494,1196,61,122,1622,16383,1650,1642,1632178,800,1982,2069,522495,11952,8,382529,1496,53144,649,1027271172,1027370280,0,1027370289,1027370804,3330064900,17856288,0.0568,1646.0,0.05896901204819249,-0.08604531325301235,0.0568,25.85,78.5,,,,,,
2026-07-30T19:33:06.631663+00:00,S021,mounted,true,healthy,none,1500,healthy_horizontal_no_load_1500rpm,1027469,1514,276,1410,1867,3,0,1160119,9,240,73,1,3,1647,1494,1196,61,129,1622,16383,1649,1643,1632264,800,2003,2199,522496,11954,8,382529,1496,53145,649,1027371216,1027470321,0,1027470335,1027470850,3330448620,17862268,0.0568,1646.0,0.2750438398862305,-0.05160044052200119,0.0568,25.85,78.5,,,,,,
2026-07-30T19:33:06.773915+00:00,S021,mounted,true,healthy,none,1500,healthy_horizontal_no_load_1500rpm,1027569,1516,277,1409,1866,3,0,1160179,9,240,74,1,3,1647,1494,1192,61,129,1625,16383,1650,1640,1632085,800,1997,2067,522481,11952,8,382525,1496,53146,649,1027471258,1027570364,0,1027570373,1027570888,3329688439,17856294,0.0568,1646.0,0.05563534939759052,-0.06104284337349419,0.0568,25.76,78.4,,,,,,
2026-07-30T19:33:06.866365+00:00,S021,mounted,true,healthy,none,1500,healthy_horizontal_no_load_1500rpm,1027669,1538,278,1385,1837,5,0,1160241,9,240,73,1,3,1647,1494,1216,60,131,1621,16383,1652,1643,1632475,800,2002,2121,522508,11954,8,382525,1496,53147,649,1027571297,1027670395,0,1027670409,1027670925,3331283003,17862270,0.0568,1646.0,0.1450527487033626,-0.05326699297306359,0.0568,25.88,78.6,,,,,,
2026-07-30T19:33:06.960005+00:00,S021,mounted,true,healthy,none,1500,healthy_horizontal_no_load_1500rpm,1027770,1546,278,1378,1828,6,0,1160303,9,240,74,1,3,1647,1494,1205,61,130,1625,16383,1652,1641,1648789,808,2015,2079,522513,11953,8,382524,1496,53148,649,1027671333,1027771062,0,1027771140,1027771655,3364540835,17859279,0.0568,1646.0,0.075347411277503,-0.031320868819543435,0.0568,25.76,78.4,,,,,,
2026-07-30T19:33:07.052671+00:00,S021,mounted,true,healthy,none,1500,healthy_horizontal_no_load_1500rpm,1027870,1544,276,1385,1833,3,0,1160365,9,240,74,2,3,1647,1494,1192,61,130,1633,16383,1651,1641,1632351,800,2005,2157,522489,11951,8,382519,1496,53149,649,1027772064,1027871145,0,1027871224,1027871739,3330781417,17853301,0.0568,1646.0,0.2059510100410007,-0.04742855116726652,0.0568,25.52,77.9,,,,,,
2026-07-30T19:33:07.145150+00:00,S021,mounted,true,healthy,none,1500,healthy_horizontal_no_load_1500rpm,1027970,1526,277,1399,1854,1,0,1160426,9,240,73,1,2,1647,1494,1209,64,126,1626,16383,1651,1642,1631719,800,2009,2174,522473,11952,8,382516,1496,53150,649,1027872147,1027971207,0,1027971281,1027971796,3328207955,17856292,0.0568,1646.0,0.2339863012048191,-0.04104086746987967,0.0568,25.73,78.3,,,,,,
2026-07-30T19:33:07.238420+00:00,S021,mounted,true,healthy,none,1500,healthy_horizontal_no_load_1500rpm,1028070,1519,277,1405,1862,5,0,1160487,9,240,73,0,2,1647,1494,1208,64,126,1619,16383,1651,1641,1632075,800,1999,2065,522498,11954,8,382516,1496,53151,649,1027972204,1028071394,0,1028071473,1028071988,3329639013,17862268,0.0568,1646.0,0.0517258114438679,-0.05826665032625078,0.0568,25.94,78.7,,,,,,
2026-07-30T19:33:07.333553+00:00,S021,mounted,true,healthy,none,1500,healthy_horizontal_no_load_1500rpm,1028171,1521,276,1403,1857,4,0,1160548,9,240,74,1,2,1647,1494,1196,63,133,1620,16383,1652,1639,1648741,808,1929,2079,522514,11954,8,382516,1496,53152,649,1028072394,1028172057,0,1028172067,1028172582,3364366527,17862268,0.0568,1646.0,0.07505754575874146,-0.1749253219006195,0.0568,25.91,78.6,,,,,,
2026-07-30T19:33:07.473344+00:00,S021,mounted,true,healthy,none,1500,healthy_horizontal_no_load_1500rpm,1028271,1530,278,1394,1848,6,0,1160609,9,240,74,0,2,1647,1494,1203,62,129,1629,16383,1652,1643,1632520,800,2007,2069,522480,11953,8,382515,1496,53153,649,1028172994,1028272200,0,1028272209,1028272724,3331456302,17859281,0.0568,1646.0,0.058680492512339644,-0.044654403831674294,0.0568,25.64,78.1,,,,,,
2026-07-30T19:33:07.566811+00:00,S021,mounted,true,healthy,none,1500,healthy_horizontal_no_load_1500rpm,1028371,1526,276,1402,1854,3,0,1160671,9,240,73,1,2,1647,1494,1205,62,129,1625,16383,1652,1642,1632409,800,1909,2175,522500,11950,8,382508,1496,53154,649,1028273130,1028372238,0,1028372252,1028372767,3331056889,17850322,0.0568,1646.0,0.23625988702928868,-0.20719145087866142,0.0568,25.76,78.4,,,,,,
2026-07-30T19:33:07.660389+00:00,S021,mounted,true,healthy,none,1500,healthy_horizontal_no_load_1500rpm,1028471,1511,273,1415,1867,3,0,1160731,9,240,73,1,2,1647,1494,1201,58,117,1626,16383,1652,1641,1632526,800,2003,2199,522501,11952,8,382506,1496,53155,649,1028373176,1028472294,0,1028472303,1028472818,3331513098,17856292,0.0568,1646.0,0.27565708433734937,-0.05104185542168693,0.0568,25.73,78.3,,,,,,
2026-07-30T19:33:07.753292+00:00,S021,mounted,true,healthy,none,1500,healthy_horizontal_no_load_1500rpm,1028571,1502,273,1423,1878,3,0,1160791,9,240,73,0,2,1647,1494,1225,57,121,1625,16383,1652,1642,1632637,800,2007,2177,522505,11953,8,382506,1496,53156,649,1028473226,1028572321,0,1028572331,1028572848,3331954081,17859279,0.0568,1646.0,0.2386832151761058,-0.044654403831674294,0.0568,25.76,78.4,,,,,,
2026-07-30T19:33:07.847186+00:00,S021,mounted,true,healthy,none,1500,healthy_horizontal_no_load_1500rpm,1028671,1508,275,1414,1871,1,0,1160852,9,240,73,2,2,1647,1494,1226,57,121,1625,16383,1650,1640,1632485,800,1983,2142,522498,11955,8,382509,1496,53157,649,1028573255,1028672354,0,1028672368,1028672883,3331330757,17865255,0.0568,1646.0,0.17975175081555816,-0.0852079239648682,0.0568,25.76,78.4,,,,,,
2026-07-30T19:33:07.943161+00:00,S021,mounted,true,healthy,none,1500,healthy_horizontal_no_load_1500rpm,1028771,1528,277,1397,1850,5,0,1160913,9,240,74,0,3,1647,1494,1249,58,122,1624,16383,1651,1641,1633032,800,2009,2147,522523,11949,8,382501,1496,53158,649,1028673292,1028772407,0,1028772417,1028772932,3333560374,17847329,0.0568,1646.0,0.189880345719307,-0.04020012829525488,0.0568,25.79,78.4,,,,,,
2026-07-30T19:33:08.036420+00:00,S021,mounted,true,healthy,none,1500,healthy_horizontal_no_load_1500rpm,1028871,1530,274,1397,1846,4,0,1160974,9,240,73,0,3,1647,1494,1209,58,122,1619,16383,1651,1641,1632394,800,1991,2146,522493,11954,8,382502,1496,53159,649,1028773338,1028872424,0,1028872433,1028872948,3330955490,17862266,0.0568,1646.0,0.18671655997992254,-0.0715990699347504,0.0568,25.94,78.7,,,,,,
2026-07-30T19:33:08.178502+00:00,S021,mounted,true,healthy,none,1500,healthy_horizontal_no_load_1500rpm,1028972,1543,277,1383,1833,2,0,1161036,9,240,74,0,3,1647,1494,1242,60,119,1624,16383,1650,1641,1648573,808,1940,2071,522498,11952,8,382500,1496,53160,649,1028873358,1028973152,0,1028973226,1028973742,3363672669,17856294,0.0568,1646.0,0.06230267469879491,-0.15605222891566317,0.0568,25.79,78.4,,,,,,
2026-07-30T19:33:08.272882+00:00,S021,mounted,true,healthy,none,1500,healthy_horizontal_no_load_1500rpm,1029072,1550,277,1375,1823,1,0,1161098,9,240,73,0,3,1647,1494,1243,60,122,1625,16383,1652,1640,1632641,800,2011,2067,522502,11955,8,382503,1496,53161,649,1028974149,1029073200,0,1029073274,1029073789,3331952989,17865255,0.0568,1646.0,0.05477077214554571,-0.03854835859473038,0.0568,25.76,78.4,,,,,,
2026-07-30T19:33:08.367395+00:00,S021,mounted,true,healthy,none,1500,healthy_horizontal_no_load_1500rpm,1029172,1543,279,1384,1836,4,0,1161160,9,240,74,2,3,1647,1494,1226,60,122,1627,16383,1651,1642,1632863,800,2011,2069,522534,11952,8,382501,1496,53162,649,1029074195,1029173241,0,1029173314,1029173830,3332856665,17856292,0.0568,1646.0,0.05896901204819249,-0.03770720481927725,0.0568,25.7,78.3,,,,,,
2026-07-30T19:33:08.459782+00:00,S021,mounted,true,healthy,none,1500,healthy_horizontal_no_load_1500rpm,1029272,1522,273,1404,1853,6,0,1161221,9,240,73,1,3,1647,1495,1232,65,130,1625,16383,1651,1639,1632487,800,2015,2101,522520,11956,8,382506,1496,53163,649,1029174242,1029273448,0,1029273522,1029274037,3331326093,17868244,0.0568,1646.0,0.1111359809300767,-0.0321635547005692,0.0568,25.76,78.4,,,,,,
2026-07-30T19:33:08.554291+00:00,S021,mounted,true,healthy,none,1500,healthy_horizontal_no_load_1500rpm,1029373,1518,276,1406,1861,3,0,1161283,9,240,74,0,2,1647,1495,1259,65,138,1618,16383,1650,1641,1648564,808,1999,2074,522481,11958,8,382515,1496,53164,649,1029274446,1029374242,0,1029374256,1029374771,3363629822,17874222,0.0568,1646.0,0.06556859357752076,-0.05938103010536944,0.0568,25.97,78.8,,,,,,
2026-07-30T19:33:08.646381+00:00,S021,mounted,true,healthy,none,1500,healthy_horizontal_no_load_1500rpm,1029473,1519,278,1403,1861,3,0,1161343,9,240,74,0,2,1647,1494,1241,65,138,1617,16383,1650,1640,1632571,800,1986,2063,522501,11952,8,382512,1496,53165,649,1029375177,1029474269,0,1029474279,1029474794,3331667527,17856292,0.0568,1646.0,0.048968024096385676,-0.07937798795180706,0.0568,26.01,78.8,,,,,,
2026-07-30T19:33:08.785742+00:00,S021,mounted,true,healthy,none,1500,healthy_horizontal_no_load_1500rpm,1029573,1516,278,1406,1865,1,0,1161404,9,240,73,0,3,1647,1494,1200,64,130,1628,16383,1651,1641,1632955,800,2007,2075,522547,11953,8,382511,1496,53166,649,1029475200,1029574307,0,1029574317,1029574832,3333233651,17859281,0.0568,1646.0,0.06868064377143801,-0.044654403831674294,0.0568,25.67,78.2,,,,,,
2026-07-30T19:33:08.879192+00:00,S021,mounted,true,healthy,none,1500,healthy_horizontal_no_load_1500rpm,1029673,1521,273,1407,1857,5,0,1161465,9,240,73,1,2,1647,1494,1235,64,130,1619,16383,1652,1643,1632732,800,1915,2275,522547,11952,8,382509,1496,53167,649,1029575238,1029674418,0,1029674432,1029674947,3332417126,17856292,0.0568,1646.0,0.4023362650602409,-0.19772301204819298,0.0568,25.94,78.7,,,,,,
2026-07-30T19:33:08.972381+00:00,S021,mounted,true,healthy,none,1500,healthy_horizontal_no_load_1500rpm,1029773,1536,275,1391,1839,4,0,1161526,9,240,73,2,3,1647,1494,1216,64,138,1617,16383,1652,1640,1632489,800,1999,2091,522570,11953,8,382509,1496,53168,649,1029675356,1029774437,0,1029774447,1029774965,3331345397,17859283,0.0568,1646.0,0.09534771379569973,-0.057987938843805154,0.0568,26.01,78.8,,,,,,
2026-07-30T19:33:09.066376+00:00,S021,mounted,true,healthy,none,1500,healthy_horizontal_no_load_1500rpm,1029874,1547,274,1383,1827,3,0,1161589,9,240,73,0,2,1647,1494,1232,63,139,1623,16383,1651,1642,1649104,808,2009,2068,522572,11955,8,382512,1496,53169,649,1029775374,1029875086,0,1029875164,1029875679,3365824566,17865257,0.0568,1646.0,0.056437185194479156,-0.04188118469259772,0.0568,25.82,78.5,,,,,,
2026-07-30T19:33:09.159018+00:00,S021,mounted,true,healthy,none,1500,healthy_horizontal_no_load_1500rpm,1029974,1544,275,1384,1830,1,0,1161650,9,240,74,1,2,1647,1495,1213,63,139,1618,16383,1651,1641,1632365,800,1991,2069,522548,11956,8,382517,1496,53170,649,1029876086,1029975138,0,1029975211,1029975726,3330831159,17868246,0.0568,1646.0,0.05781522348611556,-0.07215412278354005,0.0568,25.97,78.8,,,,,,
2026-07-30T19:33:09.252560+00:00,S021,mounted,true,healthy,none,1500,healthy_horizontal_no_load_1500rpm,1030074,1522,278,1402,1859,5,0,1161711,9,240,74,0,2,1647,1494,1204,64,138,1625,16383,1650,1642,1632514,800,1974,2091,522526,11954,8,382517,1496,53171,649,1029976134,1030075229,0,1030075303,1030075817,3331439962,17862268,0.0568,1646.0,0.09505617517149068,-0.09993046160281116,0.0568,25.76,78.4,,,,,,
2026-07-30T19:33:09.345678+00:00,S021,mounted,true,healthy,none,1500,healthy_horizontal_no_load_1500rpm,1030174,1520,276,1405,1859,4,0,1161772,9,240,74,0,2,1647,1495,1244,63,131,1618,16383,1651,1642,1632720,800,2000,2163,522505,11958,8,382525,1496,53172,649,1030076223,1030175298,0,1030175372,1030175887,3332295292,17874222,0.0568,1646.0,0.21384214701455084,-0.05771503512293075,0.0568,25.97,78.8,,,,,,
2026-07-30T19:33:09.486336+00:00,S021,mounted,true,healthy,none,1500,healthy_horizontal_no_load_1500rpm,1030275,1519,278,1406,1864,6,0,1161833,9,240,74,1,2,1647,1495,1185,63,131,1620,16383,1651,1641,1648827,808,2003,2087,522531,11958,8,382533,1496,53173,649,1030176297,1030276084,0,1030276094,1030276609,3364702789,17874222,0.0568,1646.0,0.08722652834922195,-0.05271705017561468,0.0568,25.91,78.6,,,,,,
2026-07-30T19:33:09.580732+00:00,S021,mounted,true,healthy,none,1500,healthy_horizontal_no_load_1500rpm,1030375,1516,274,1412,1865,2,0,1161894,9,240,74,0,2,1647,1495,1206,62,123,1623,16383,1651,1639,1631961,800,2001,2068,522480,11956,8,382536,1496,53174,649,1030277017,1030376231,0,1030376240,1030376754,3329181671,17868246,0.0568,1646.0,0.0561489498159915,-0.055491386082302085,0.0568,25.82,78.5,,,,,,
2026-07-30T19:33:09.674074+00:00,S021,mounted,true,healthy,none,1500,healthy_horizontal_no_load_1500rpm,1030475,1512,277,1414,1872,3,0,1161955,9,240,74,2,3,1647,1494,1216,62,123,1624,16383,1651,1640,1632315,800,1961,2175,522477,11953,8,382534,1496,53175,649,1030377161,1030476267,0,1030476281,1030476796,3330653383,17859281,0.0568,1646.0,0.23534983142307375,-0.12132223015142696,0.0568,25.79,78.4,,,,,,
2026-07-30T19:33:09.766985+00:00,S021,mounted,true,healthy,none,1500,healthy_horizontal_no_load_1500rpm,1030575,1492,276,1432,1895,3,0,1162015,9,240,74,1,3,1647,1495,1191,61,118,1622,16383,1649,1639,1631901,800,2009,2075,522475,11956,8,382537,1496,53176,649,1030477204,1030576308,0,1030576322,1030576837,3328931337,17868244,0.0568,1646.0,0.06781286550685817,-0.0421611967213118,0.0568,25.85,78.5,,,,,,
2026-07-30T19:33:09.861422+00:00,S021,mounted,true,healthy,none,1500,healthy_horizontal_no_load_1500rpm,1030675,1487,275,1438,1900,2,0,1162074,9,240,73,0,2,1647,1495,1205,59,124,1621,16383,1649,1642,1632032,800,2013,2074,522492,11957,8,382542,1496,53177,649,1030577246,1030676340,0,1030676349,1030676864,3329462280,17871233,0.0568,1646.0,0.065857568537258,-0.03577662465501419,0.0568,25.88,78.6,,,,,,
2026-07-30T19:33:09.956854+00:00,S021,mounted,true,healthy,none,1500,healthy_horizontal_no_load_1500rpm,1030775,1518,275,1404,1858,2,0,1162134,9,240,73,2,3,1647,1494,1188,59,124,1631,16383,1653,1642,1632941,800,2005,2195,522523,11954,8,382542,1496,53178,649,1030677274,1030776395,0,1030776404,1030776920,3333199617,17862268,0.0568,1646.0,0.26837763008198046,-0.048267335619876395,0.0568,25.58,78.0,,,,,,
2026-07-30T19:33:10.050609+00:00,S021,mounted,true,healthy,none,1500,healthy_horizontal_no_load_1500rpm,1030875,1540,277,1384,1834,1,0,1162196,9,240,73,1,3,1647,1495,1196,58,119,1626,16383,1651,1643,1633045,800,1947,2067,522592,11956,8,382545,1496,53179,649,1030777328,1030876457,0,1030876467,1030876982,3333608659,17868246,0.0568,1646.0,0.05448267614586788,-0.14547016426898685,0.0568,25.73,78.3,,,,,,
2026-07-30T19:33:10.192362+00:00,S021,mounted,true,healthy,none,1500,healthy_horizontal_no_load_1500rpm,1030976,1550,273,1378,1819,4,0,1162258,9,240,73,0,2,1647,1494,1198,59,135,1622,16383,1653,1640,1648899,808,2003,2068,522617,11954,8,382544,1496,53180,649,1030877390,1030977070,0,1030977144,1030977660,3364995799,17862268,0.0568,1646.0,0.056725468797055534,-0.05160044052200119,0.0568,25.85,78.5,,,,,,
2026-07-30T19:33:10.286355+00:00,S021,mounted,true,healthy,none,1500,healthy_horizontal_no_load_1500rpm,1031076,1550,276,1376,1822,2,0,1162320,9,240,74,0,3,1647,1494,1185,59,135,1631,16383,1651,1641,1632518,800,2004,2071,522577,11954,8,382543,1496,53181,649,1030978067,1031077157,0,1031077231,1031077745,3331452094,17862270,0.0568,1646.0,0.06172512615024228,-0.04993388807093879,0.0568,25.58,78.0,,,,,,
2026-07-30T19:33:10.382121+00:00,S021,mounted,true,healthy,none,1500,healthy_horizontal_no_load_1500rpm,1031176,1552,278,1375,1823,1,0,1162382,9,240,73,0,3,1647,1495,1184,59,131,1628,16383,1653,1640,1633041,800,1979,2073,522616,11956,8,382546,1496,53182,649,1031078151,1031177212,0,1031177286,1031177805,3333585453,17868246,0.0568,1646.0,0.06448031816661048,-0.0921494068250257,0.0568,25.67,78.2,,,,,,
2026-07-30T19:33:10.476105+00:00,S021,mounted,true,healthy,none,1500,healthy_horizontal_no_load_1500rpm,1031276,1546,277,1382,1831,4,0,1162444,9,240,74,1,3,1647,1495,1196,59,131,1627,16383,1651,1642,1632364,800,1916,2197,522596,11957,8,382550,1496,53183,649,1031178211,1031277270,0,1031277344,1031277858,3330858798,17871233,0.0568,1646.0,0.2707920892364304,-0.1973916531738733,0.0568,25.7,78.3,,,,,,
2026-07-30T19:33:10.569604+00:00,S021,mounted,true,healthy,none,1500,healthy_horizontal_no_load_1500rpm,1031377,1537,276,1391,1840,2,0,1162506,9,240,73,0,2,1647,1494,1201,62,138,1622,16383,1651,1642,1648839,808,1989,2155,522574,11955,8,382550,1496,53184,649,1031278267,1031378114,0,1031378123,1031378638,3364761163,17865255,0.0568,1646.0,0.2014151204516934,-0.07520944567126753,0.0568,25.85,78.5,,,,,,
2026-07-30T19:33:10.663017+00:00,S021,mounted,true,healthy,none,1500,healthy_horizontal_no_load_1500rpm,1031477,1534,275,1394,1843,1,0,1162568,9,240,73,0,2,1647,1495,1203,61,133,1620,16383,1651,1641,1632045,800,1887,2073,522495,11957,8,382554,1496,53185,649,1031379045,1031478153,0,1031478167,1031478682,3329540467,17871235,0.0568,1646.0,0.06419143422263085,-0.24570954829806846,0.0568,25.91,78.6,,,,,,
2026-07-30T19:33:10.755301+00:00,S021,mounted,true,healthy,none,1500,healthy_horizontal_no_load_1500rpm,1031577,1524,275,1403,1855,5,0,1162629,9,240,73,0,2,1647,1495,1219,61,133,1615,16383,1651,1640,1632887,800,1905,2261,522522,11956,8,382556,1496,53186,649,1031479089,1031578325,0,1031578335,1031578850,3333021643,17868244,0.0568,1646.0,0.3777397681498824,-0.2154536584141855,0.0568,26.07,78.9,,,,,,
2026-07-30T19:33:10.897201+00:00,S021,mounted,true,healthy,none,1500,healthy_horizontal_no_load_1500rpm,1031677,1517,276,1407,1862,4,0,1162690,9,240,74,0,2,1647,1494,1225,62,142,1619,16383,1651,1639,1632324,800,2001,2072,522483,11953,8,382553,1496,53187,649,1031579260,1031678370,0,1031678384,1031678899,3330660484,17859277,0.0568,1646.0,0.06368056814188883,-0.05465455509077222,0.0568,25.94,78.7,,,,,,
2026-07-30T19:33:10.989970+00:00,S021,mounted,true,healthy,none,1500,healthy_horizontal_no_load_1500rpm,1031777,1513,276,1413,1870,4,0,1162750,9,240,74,1,3,1647,1495,1217,62,133,1620,16383,1652,1643,1632643,800,2015,2155,522491,11957,8,382557,1496,53188,649,1031679306,1031778412,0,1031778421,1031778937,3331989405,17871233,0.0568,1646.0,0.20081444802207926,-0.032444356025759014,0.0568,25.91,78.6,,,,,,
2026-07-30T19:33:11.082855+00:00,S021,mounted,true,healthy,none,1500,healthy_horizontal_no_load_1500rpm,1031878,1490,276,1434,1897,4,0,1162810,9,240,74,0,3,1647,1494,1246,62,133,1620,16383,1651,1642,1648894,808,1993,2163,522487,11953,8,382554,1496,53189,649,1031779345,1031879045,0,1031879118,1031879637,3364984270,17859279,0.0568,1646.0,0.21534952890487702,-0.06798809010290352,0.0568,25.91,78.6,,,,,,
2026-07-30T19:33:11.177084+00:00,S021,mounted,true,healthy,none,1500,healthy_horizontal_no_load_1500rpm,1031978,1486,276,1436,1901,4,0,1162870,9,240,74,0,2,1647,1494,1235,63,138,1618,16383,1651,1642,1632129,800,2010,2171,522493,11951,8,382547,1496,53190,649,1031880043,1031979104,0,1031979178,1031979693,3329880303,17853307,0.0568,1646.0,0.22928860120491956,-0.03909369718015254,0.0568,25.97,78.8,,,,,,
2026-07-30T19:33:11.271651+00:00,S021,mounted,true,healthy,none,1500,healthy_horizontal_no_load_1500rpm,1032078,1493,272,1430,1886,4,0,1162930,9,240,74,0,3,1647,1494,1201,63,138,1621,16383,1651,1639,1632154,800,2015,2071,522487,11953,8,382544,1496,53191,649,1031980099,1032079147,0,1032079226,1032079741,3329967578,17859281,0.0568,1646.0,0.06201387626537258,-0.031320868819543435,0.0568,25.88,78.6,,,,,,
2026-07-30T19:33:11.363652+00:00,S021,mounted,true,healthy,none,1500,healthy_horizontal_no_load_1500rpm,1032178,1495,277,1427,1891,4,0,1162990,9,240,74,0,3,1647,1494,1235,62,137,1620,16383,1651,1642,1633093,800,1947,2255,522553,11955,8,382545,1496,53192,649,1032080147,1032179235,0,1032179314,1032179829,3333860311,17865255,0.0568,1646.0,0.3680564253450438,-0.14519879372647448,0.0568,25.91,78.6,,,,,,
2026-07-30T19:33:11.456757+00:00,S021,mounted,true,healthy,none,1500,healthy_horizontal_no_load_1500rpm,1032278,1502,274,1419,1875,4,0,1163050,9,240,73,1,3,1647,1495,1216,58,129,1622,16383,1651,1641,1632794,800,2003,2271,522544,11956,8,382547,1496,53193,649,1032180235,1032279287,0,1032279366,1032279881,3332630316,17868246,0.0568,1646.0,0.3944025048511204,-0.0521588387420544,0.0568,25.85,78.5,,,,,,
2026-07-30T19:33:11.596430+00:00,S021,mounted,true,healthy,none,1500,healthy_horizontal_no_load_1500rpm,1032378,1519,274,1406,1858,4,0,1163110,9,240,74,1,2,1647,1494,1234,58,129,1622,16383,1650,1641,1632462,800,2013,2066,522524,11955,8,382547,1496,53194,649,1032280289,1032379356,0,1032379430,1032379945,3331220656,17865257,0.0568,1646.0,0.05310435909661182,-0.03521553249686349,0.0568,25.85,78.5,,,,,,
2026-07-30T19:33:11.690981+00:00,S021,mounted,true,healthy,none,1500,healthy_horizontal_no_load_1500rpm,1032478,1531,277,1393,1846,2,0,1163172,9,240,74,0,3,1647,1494,1208,58,129,1626,16383,1651,1640,1632722,800,1955,2133,522544,11954,8,382546,1496,53195,649,1032380354,1032479421,0,1032479499,1032480014,3332296652,17862266,0.0568,1646.0,0.16505137811611137,-0.1315949581729967,0.0568,25.73,78.3,,,,,,
2026-07-30T19:33:11.784221+00:00,S021,mounted,true,healthy,none,1500,healthy_horizontal_no_load_1500rpm,1032579,1536,277,1387,1839,3,0,1163233,9,240,74,1,3,1647,1494,1237,58,130,1628,16383,1650,1643,1648920,808,2004,2163,522506,11953,8,382543,1496,53196,649,1032480420,1032580090,0,1032580100,1032580615,3365097418,17859283,0.0568,1646.0,0.21534952890487702,-0.04965447946122348,0.0568,25.67,78.2,,,,,,
2026-07-30T19:33:11.877150+00:00,S021,mounted,true,healthy,none,1500,healthy_horizontal_no_load_1500rpm,1032679,1548,276,1379,1825,5,0,1163295,9,240,73,0,2,1647,1494,1221,58,130,1625,16383,1651,1643,1633289,800,2009,2148,522566,11955,8,382544,1496,53197,649,1032581023,1032680162,0,1032680171,1032680686,3334605175,17865257,0.0568,1646.0,0.18975022910915929,-0.04188118469259772,0.0568,25.76,78.4,,,,,,
2026-07-30T19:33:11.970679+00:00,S021,mounted,true,healthy,none,1500,healthy_horizontal_no_load_1500rpm,1032779,1552,273,1378,1818,2,0,1163358,9,240,73,0,3,1647,1495,1232,58,122,1616,16383,1650,1641,1632671,800,2001,2073,522579,11956,8,382547,1496,53198,649,1032681092,1032780322,0,1032780336,1032780851,3332070349,17868246,0.0568,1646.0,0.06448031816661048,-0.055491386082302085,0.0568,26.04,78.9,,,,,,
2026-07-30T19:33:12.063631+00:00,S021,mounted,true,healthy,none,1500,healthy_horizontal_no_load_1500rpm,1032880,1542,277,1385,1835,1,0,1163420,9,240,74,1,3,1647,1494,1213,58,122,1620,16383,1651,1643,1649002,808,2003,2066,522607,11951,8,382540,1496,53199,649,1032781257,1032880848,0,1032880927,1032881442,3365407056,17853309,0.0568,1646.0,0.054256667475525155,-0.0507624927621122,0.0568,25.91,78.6,,,,,,
2026-07-30T19:33:12.157772+00:00,S021,mounted,true,healthy,none,1500,healthy_horizontal_no_load_1500rpm,1032980,1537,275,1388,1836,5,0,1163481,9,240,74,0,3,1647,1494,1229,55,115,1623,16383,1651,1642,1633455,800,2003,2070,522716,11955,8,382541,1496,53200,649,1032881850,1032980977,0,1032981051,1032981568,3335277149,17865257,0.0568,1646.0,0.05977001129234605,-0.051879662986198394,0.0568,25.82,78.5,,,,,,
2026-07-30T19:33:12.299777+00:00,S021,mounted,true,healthy,none,1500,healthy_horizontal_no_load_1500rpm,1033080,1536,277,1390,1841,6,0,1163543,9,240,74,0,3,1647,1494,1206,56,124,1619,16383,1651,1643,1632727,800,1995,2068,522730,11954,8,382541,1496,53201,649,1032981975,1033081086,0,1033081165,1033081680,3332305121,17862266,0.0568,1646.0,0.056725468797055534,-0.06493286013050081,0.0568,25.94,78.7,,,,,,
2026-07-30T19:33:12.392548+00:00,S021,mounted,true,healthy,none,1500,healthy_horizontal_no_load_1500rpm,1033180,1545,278,1381,1831,3,0,1163605,9,240,74,1,2,1647,1494,1204,56,124,1620,16383,1651,1640,1632736,800,1999,2064,522717,11955,8,382542,1496,53202,649,1033082086,1033181153,0,1033181232,1033181747,3332340306,17865255,0.0568,1646.0,0.04977153299874493,-0.05854531518193262,0.0568,25.91,78.6,,,,,,
2026-07-30T19:33:12.488304+00:00,S021,mounted,true,healthy,none,1500,healthy_horizontal_no_load_1500rpm,1033280,1548,277,1378,1826,5,0,1163667,9,240,74,0,3,1647,1494,1196,57,121,1616,16383,1651,1641,1632929,800,1935,2063,522737,11953,8,382540,1496,53203,649,1033182155,1033281199,0,1033281282,1033281797,3333131105,17859281,0.0568,1646.0,0.04868034125324128,-0.16465621894085203,0.0568,26.04,78.9,,,,,,
2026-07-30T19:33:12.582310+00:00,S021,mounted,true,healthy,none,1500,healthy_horizontal_no_load_1500rpm,1033380,1551,273,1379,1819,6,0,1163729,9,240,74,0,3,1647,1495,1227,60,129,1620,16383,1653,1641,1633292,800,2011,2087,522756,11957,8,382545,1496,53204,649,1033282203,1033381418,0,1033381497,1033382012,3334607240,17871235,0.0568,1646.0,0.08751731462741441,-0.03910889328426892,0.0568,25.91,78.6,,,,,,
2026-07-30T19:33:12.676302+00:00,S021,mounted,true,healthy,none,1500,healthy_horizontal_no_load_1500rpm,1033481,1550,277,1376,1824,3,0,1163791,9,240,74,0,2,1647,1495,1187,60,129,1623,16383,1651,1640,1649165,808,2007,2067,522729,11959,8,382553,1496,53205,649,1033382418,1033482101,0,1033482111,1033482626,3366074097,17877211,0.0568,1646.0,0.05361867723053715,-0.04633266318254048,0.0568,25.82,78.5,,,,,,
2026-07-30T19:33:12.770482+00:00,S021,mounted,true,healthy,none,1500,healthy_horizontal_no_load_1500rpm,1033581,1549,278,1375,1825,5,0,1163853,9,240,74,0,2,1647,1494,1185,56,124,1626,16383,1652,1642,1632996,800,1885,2085,522745,11952,8,382548,1496,53206,649,1033483031,1033582213,0,1033582222,1033582737,3333423110,17856292,0.0568,1646.0,0.08563831325301186,-0.24772795180722929,0.0568,25.73,78.3,,,,,,
2026-07-30T19:33:12.865278+00:00,S021,mounted,true,healthy,none,1500,healthy_horizontal_no_load_1500rpm,1033681,1537,276,1389,1839,6,0,1163915,9,240,74,0,2,1647,1494,1211,56,124,1625,16383,1651,1640,1632983,800,1847,2153,522777,11955,8,382548,1496,53207,649,1033583143,1033682237,0,1033682247,1033682762,3333403199,17865255,0.0568,1646.0,0.19808229435382652,-0.3118400986198244,0.0568,25.76,78.4,,,,,,
2026-07-30T19:33:13.007022+00:00,S021,mounted,true,healthy,none,1500,healthy_horizontal_no_load_1500rpm,1033781,1534,276,1392,1843,2,0,1163976,9,240,74,0,2,1647,1495,1193,55,112,1625,16383,1651,1643,1632669,800,1931,2143,522752,11956,8,382550,1496,53208,649,1033683168,1033782283,0,1033782293,1033782808,3332090405,17868244,0.0568,1646.0,0.18111947507527582,-0.17213054299096697,0.0568,25.76,78.4,,,,,,
2026-07-30T19:33:13.100669+00:00,S021,mounted,true,healthy,none,1500,healthy_horizontal_no_load_1500rpm,1033881,1519,276,1408,1863,3,0,1164037,9,240,74,2,3,1647,1495,1192,56,109,1622,16383,1651,1642,1632936,800,1991,2187,522726,11957,8,382554,1496,53209,649,1033783214,1033882324,0,1033882334,1033882849,3333183108,17871233,0.0568,1646.0,0.2541307460901563,-0.07243157957681712,0.0568,25.85,78.5,,,,,,
2026-07-30T19:33:13.193898+00:00,S021,mounted,true,healthy,none,1500,healthy_horizontal_no_load_1500rpm,1033981,1498,276,1428,1889,3,0,1164097,9,240,74,2,3,1647,1494,1196,56,109,1624,16383,1652,1641,1633082,800,2010,2187,522757,11954,8,382553,1496,53210,649,1033883257,1033982381,0,1033982391,1033982906,3333772184,17862268,0.0568,1646.0,0.2550452104734813,-0.03993457336456396,0.0568,25.79,78.4,,,,,,
2026-07-30T19:33:13.287816+00:00,S021,mounted,true,healthy,none,1500,healthy_horizontal_no_load_1500rpm,1034081,1487,275,1437,1900,3,0,1164157,9,240,73,0,3,1647,1495,1205,59,125,1623,16383,1652,1640,1632365,800,2003,2065,522687,11958,8,382559,1496,53211,649,1033983315,1034082400,0,1034082414,1034082929,3330819561,17874222,0.0568,1646.0,0.05057463873557433,-0.05271705017561468,0.0568,25.82,78.5,,,,,,
2026-07-30T19:33:13.380793+00:00,S021,mounted,true,healthy,none,1500,healthy_horizontal_no_load_1500rpm,1034182,1511,274,1411,1865,1,0,1164218,9,240,73,3,3,1647,1494,1183,62,133,1627,16383,1651,1638,1649180,808,2015,2079,522726,11955,8,382559,1496,53212,649,1034083335,1034183042,0,1034183121,1034183636,3366138420,17865255,0.0568,1646.0,0.07476772873274751,-0.03188270639899615,0.0568,25.7,78.3,,,,,,
2026-07-30T19:33:13.475164+00:00,S021,mounted,true,healthy,none,1500,healthy_horizontal_no_load_1500rpm,1034282,1541,278,1384,1835,5,0,1164279,9,240,74,1,3,1647,1494,1187,62,133,1625,16383,1651,1644,1633701,800,1907,2123,522765,11952,8,382554,1496,53213,649,1034184044,1034283217,0,1034283291,1034283805,3336300115,17856292,0.0568,1646.0,0.1489779036144574,-0.21105766265060222,0.0568,25.76,78.4,,,,,,
2026-07-30T19:33:13.568317+00:00,S021,mounted,true,healthy,none,1500,healthy_horizontal_no_load_1500rpm,1034382,1537,279,1390,1844,6,0,1164341,9,240,75,3,3,1647,1494,1211,62,125,1622,16383,1651,1642,1632484,800,1869,2076,522760,11955,8,382554,1496,53214,649,1034284214,1034383436,0,1034383510,1034384024,3331341750,17865257,0.0568,1646.0,0.06976848958594672,-0.2751790115432877,0.0568,25.85,78.5,,,,,,
2026-07-30T19:33:13.712517+00:00,S021,mounted,true,healthy,none,1500,healthy_horizontal_no_load_1500rpm,1034483,1517,278,1407,1865,2,0,1164402,9,240,74,1,3,1647,1494,1208,62,125,1626,16383,1651,1643,1648765,808,2001,2067,522692,11955,8,382554,1496,53215,649,1034384432,1034484239,0,1034484249,1034484763,3364450615,17865259,0.0568,1646.0,0.05477077214554571,-0.05521248908406573,0.0568,25.73,78.3,,,,,,
2026-07-30T19:33:13.801358+00:00,S021,mounted,true,healthy,none,1500,healthy_horizontal_no_load_1500rpm,1034583,1504,277,1419,1880,3,0,1164463,9,240,73,0,3,1647,1494,1204,65,125,1627,16383,1651,1640,1632978,800,2013,2073,522751,11954,8,382553,1496,53216,649,1034485171,1034584265,0,1034584279,1034584794,3333330770,17862268,0.0568,1646.0,0.06505823105236708,-0.034934916011377215,0.0568,25.7,78.3,,,,,,
2026-07-30T19:33:13.896290+00:00,S021,mounted,true,healthy,none,1500,healthy_horizontal_no_load_1500rpm,1034683,1500,277,1422,1884,3,0,1164523,9,240,74,0,3,1647,1495,1201,62,113,1626,16383,1651,1639,1633008,800,1991,2068,522768,11956,8,382555,1496,53217,649,1034585201,1034684283,0,1034684297,1034684812,3333448806,17868246,0.0568,1646.0,0.0561489498159915,-0.07215412278354005,0.0568,25.73,78.3,,,,,,
2026-07-30T19:33:13.989040+00:00,S021,mounted,true,healthy,none,1500,healthy_horizontal_no_load_1500rpm,1034783,1501,275,1422,1881,3,0,1164583,9,240,73,0,3,1647,1495,1229,62,113,1623,16383,1650,1643,1632701,800,2007,2074,522737,11956,8,382557,1496,53218,649,1034685218,1034784333,0,1034784347,1034784862,3332199029,17868244,0.0568,1646.0,0.06614659183673455,-0.04549374406155948,0.0568,25.82,78.5,,,,,,
2026-07-30T19:33:14.082258+00:00,S021,mounted,true,healthy,none,1500,healthy_horizontal_no_load_1500rpm,1034883,1501,275,1424,1882,3,0,1164643,9,240,73,0,2,1647,1494,1210,60,108,1621,16383,1650,1643,1633070,800,2013,2072,522756,11952,8,382552,1496,53219,649,1034785269,1034884373,0,1034884382,1034884897,3333700942,17856294,0.0568,1646.0,0.06396950602409612,-0.03437354216867483,0.0568,25.88,78.6,,,,,,
2026-07-30T19:33:14.176167+00:00,S021,mounted,true,healthy,none,1500,healthy_horizontal_no_load_1500rpm,1034983,1511,276,1412,1869,3,0,1164703,9,240,73,0,2,1647,1494,1219,58,108,1629,16383,1650,1639,1632465,800,2013,2083,522708,11954,8,382551,1496,53220,649,1034885304,1034984417,0,1034984427,1034984942,3331235169,17862266,0.0568,1646.0,0.0817237555629915,-0.034934916011377215,0.0568,25.64,78.1,,,,,,
2026-07-30T19:33:14.316544+00:00,S021,mounted,true,healthy,none,1500,healthy_horizontal_no_load_1500rpm,1035084,1513,274,1414,1867,1,0,1164764,9,240,73,1,2,1647,1494,1221,58,108,1625,16383,1651,1642,1649600,808,2009,2177,522757,11952,8,382546,1496,53221,649,1034985352,1035085059,0,1035085133,1035085648,3367868112,17856294,0.0568,1646.0,0.2389867951807223,-0.04104086746987967,0.0568,25.76,78.4,,,,,,
2026-07-30T19:33:14.410641+00:00,S021,mounted,true,healthy,none,1500,healthy_horizontal_no_load_1500rpm,1035184,1505,276,1421,1880,5,0,1164825,9,240,74,2,2,1647,1494,1246,60,119,1624,16383,1650,1644,1633439,800,1997,2069,522757,11953,8,382543,1496,53222,649,1035086060,1035185148,0,1035185226,1035185741,3335202951,17859281,0.0568,1646.0,0.058680492512339644,-0.06132132259683809,0.0568,25.79,78.4,,,,,,
2026-07-30T19:33:14.503962+00:00,S021,mounted,true,healthy,none,1500,healthy_horizontal_no_load_1500rpm,1035284,1491,275,1434,1895,1,0,1164884,9,240,74,1,2,1647,1494,1225,60,119,1628,16383,1654,1643,1633426,800,2007,2191,522756,11955,8,382544,1496,53223,649,1035186150,1035285202,0,1035285276,1035285791,3335187738,17865255,0.0568,1646.0,0.2614059902132997,-0.045214010790464165,0.0568,25.67,78.2,,,,,,
2026-07-30T19:33:14.597389+00:00,S021,mounted,true,healthy,none,1500,healthy_horizontal_no_load_1500rpm,1035384,1486,271,1438,1894,1,0,1164944,9,240,73,1,3,1647,1494,1219,60,123,1627,16383,1652,1643,1633089,800,2001,2123,522753,11951,8,382537,1496,53224,649,1035286200,1035385257,0,1035385331,1035385846,3333790743,17853305,0.0568,1646.0,0.14927400292862503,-0.054096434356957435,0.0568,25.7,78.3,,,,,,
2026-07-30T19:33:14.689565+00:00,S021,mounted,true,healthy,none,1500,healthy_horizontal_no_load_1500rpm,1035484,1506,276,1416,1874,1,0,1165004,9,240,73,1,2,1647,1494,1226,58,115,1629,16383,1651,1641,1633272,800,1997,2063,522748,11953,8,382535,1496,53225,649,1035386255,1035485314,0,1035485388,1035485903,3334528714,17859279,0.0568,1646.0,0.04868034125324128,-0.06132132259683809,0.0568,25.64,78.1,,,,,,
2026-07-30T19:33:14.783556+00:00,S021,mounted,true,healthy,none,1500,healthy_horizontal_no_load_1500rpm,1035585,1528,275,1400,1850,4,0,1165066,9,240,73,0,2,1647,1494,1225,58,115,1630,16383,1651,1642,1649659,808,1843,2067,522758,11953,8,382533,1496,53226,649,1035486315,1035586062,0,1035586076,1035586592,3368134123,17859281,0.0568,1646.0,0.05534710875930715,-0.3179918715803569,0.0568,25.61,78.1,,,,,,
2026-07-30T19:33:14.878745+00:00,S021,mounted,true,healthy,none,1500,healthy_horizontal_no_load_1500rpm,1035685,1528,278,1398,1853,4,0,1165126,9,240,75,1,3,1647,1495,1242,63,120,1625,16383,1650,1638,1632227,800,1906,2197,522672,11958,8,382540,1496,53227,0,1035586998,1035686106,0,1035686116,1035686631,3330321753,17874222,0.0568,1646.0,0.2704859764174605,-0.21431856347215295,0.0568,25.76,78.4,,,,,,
2026-07-30T19:33:14.973972+00:00,S021,mounted,true,healthy,none,1500,healthy_horizontal_no_load_1500rpm,1035785,1122,591,1736,3054,5,0,1165167,9,240,146,128,34,1645,1494,1235,62,128,1624,16383,1643,1634,1625531,800,1999,2061,521922,11953,8,382538,1496,53228,0,1035687035,1035786132,0,1035786142,1035786658,3302987137,17859279,0.0492,1646.0,0.045346957500208784,-0.057987938843805154,0.0492,25.79,78.4,,,,,,
2026-07-30T19:33:15.114452+00:00,S021,mounted,true,healthy,none,1500,healthy_horizontal_no_load_1500rpm,1035885,1122,591,1736,3054,5,0,1165179,9,240,146,128,34,1643,1494,1247,62,128,1624,16383,1643,1634,1624941,800,2006,2053,521357,11949,8,382528,1496,53229,0,1035787066,1035886183,0,1035886192,1035886707,3300587167,17847329,0.0416,1646.0,0.03315886341953256,-0.04520187773035422,0.0416,25.79,78.4,,,,,,
2026-07-30T19:33:15.208611+00:00,S021,mounted,true,healthy,none,1500,healthy_horizontal_no_load_1500rpm,1035985,1122,591,1736,3054,1,0,1165180,9,240,146,128,34,1643,1495,1214,61,125,1623,16383,1643,1634,1626848,800,2011,2053,521177,11956,8,382532,1496,53230,0,1035887116,1035986226,0,1035986236,1035986751,3308336388,17868244,0.0416,1646.0,0.031154844764134992,-0.03882864938106412,0.0416,25.82,78.5,,,,,,
2026-07-30T19:33:15.300786+00:00,S021,mounted,true,healthy,none,1500,healthy_horizontal_no_load_1500rpm,1036085,1122,591,1736,3054,1,0,1165180,9,240,146,128,34,1642,1494,1214,61,125,1624,16383,1645,1636,1626981,800,2009,2057,521076,11954,8,382532,1496,53231,0,1035987159,1036086290,0,1036086300,1036086815,3308885175,17862268,0.0378,1646.0,0.03839339183536872,-0.041601125815626805,0.0378,25.79,78.4,,,,,,
2026-07-30T19:33:15.394103+00:00,S021,mounted,true,healthy,none,1500,healthy_horizontal_no_load_1500rpm,1036185,1122,591,1736,3054,1,0,1165180,9,240,146,128,34,1642,1494,1237,61,127,1623,16383,1645,1639,1627013,800,2011,2059,520966,11952,8,382528,1496,53232,0,1036087223,1036186343,0,1036186352,1036186867,3309010019,17856294,0.0378,1646.0,0.04230069879518039,-0.03770720481927725,0.0378,25.82,78.5,,,,,,
2026-07-30T19:33:15.487547+00:00,S021,mounted,true,healthy,none,1500,healthy_horizontal_no_load_1500rpm,1036285,0,591,1736,3054,1,0,1165180,9,272,146,128,34,1642,1494,1226,61,124,1623,16351,1646,1635,1626732,800,2001,2059,520905,11954,8,382528,1496,53233,0,1036187276,1036286390,0,1036286401,1036286916,3307869596,17862270,0.0378,1646.0,0.04172649673749351,-0.054933545424125985,0.0378,25.82,78.5,,,,,,
2026-07-30T19:33:15.585143+00:00,S021,mounted,true,healthy,none,1500,healthy_horizontal_no_load_1500rpm,1036385,0,591,1736,3054,1,0,1165180,9,272,146,128,34,1642,1495,1238,61,124,1624,16351,1644,1635,1626831,800,2005,2058,520862,11956,8,382532,1496,53234,0,1036287319,1036386430,0,1036386441,1036386956,3308270609,17868244,0.0378,1646.0,0.039486213114753976,-0.048826291401807165,0.0378,25.79,78.4,,,,,,
2026-07-30T19:33:15.722008+00:00,S021,mounted,true,healthy,none,1500,healthy_horizontal_no_load_1500rpm,1036486,0,591,1736,3054,1,0,1165180,9,272,146,128,34,1641,1494,1232,61,125,1624,16351,1644,1635,1642657,808,2006,2055,520782,11952,8,382528,1496,53235,0,1036387359,1036487062,0,1036487137,1036487652,3339558815,17856292,0.034,1646.0,0.03563337349397555,-0.0460413614457833,0.034,25.79,78.4,,,,,,
