iso_time,session_id,fixture_state,valid_for_classifier,condition,severity,speed_setpoint_rpm,label,t_ms,rpm,ripple_permil,min_us,max_us,hall,illegal,edges,step,coast_ms,period_std_permil,mech1x_permil,elec_permil,i_dc_mv,adc_vref_raw,adc_pc0_mv,accel_rms_mg,accel_pk_mg,temp_mv,sensor_status,i_dc_peak_mv,i_dc_min_mv,i_adc_raw_sum,i_adc_raw_count,i_adc_raw_min,i_adc_raw_max,i_adc_ema_q8,vref_adc_raw_sum,vref_adc_raw_count,vref_adc_ema_q8,vref_factory_cal_raw,frame_seq,pwm_ticks,i_adc_window_start_us,i_adc_window_end_us,i_adc_fail_count,vref_window_start_us,vref_window_end_us,i_adc_raw_sumsq,vref_adc_raw_sumsq,accel_x_mg,accel_y_mg,accel_z_mg,i_dc_a,i_dc_zero_mv,i_dc_peak_a,i_dc_min_a,i_dc_a_signed,temp_motor_c,temp_motor_f,temp_ambient_c,i_u_a,i_v_a,i_w_a,modbus_rpm,modbus_fault
2026-07-30T23:09:48.427736+00:00,S050,mounted,true,rotor_drag,mild,900,rotor_drag-mild_horizontal_no_load_0900rpm,2632326,881,275,2460,3241,1,3,1560720,9,150,76,23,3,1709,1494,1263,79,233,1630,16383,1716,1700,1693837,800,2078,2143,542361,11952,8,382540,1496,112035,390,2632227942,2632327027,0,2632327036,2632327552,3586403667,17856292,-57,25,1053,0.1341,1687.6,0.18231453012048204,0.07397049397590338,0.1341,25.61,78.1,,,,,,
2026-07-30T23:09:48.528808+00:00,S050,mounted,true,rotor_drag,mild,900,rotor_drag-mild_horizontal_no_load_0900rpm,2632426,849,325,2565,3522,2,3,1560754,9,150,93,57,12,1716,1494,1252,79,230,1623,16383,1746,1712,1714116,800,1947,2195,544486,11955,8,382541,1496,112036,390,2632327980,2632427234,0,2632427244,2632427759,3672922292,17865257,-78,37,1039,0.1607,1687.6,0.2680716424090335,-0.14519879372647448,0.1607,25.82,78.5,,,,,,
2026-07-30T23:09:48.622383+00:00,S050,mounted,true,rotor_drag,mild,900,rotor_drag-mild_horizontal_no_load_0900rpm,2632527,871,388,2387,3501,2,3,1560790,9,150,94,73,1,1726,1495,1209,79,230,1623,16383,1767,1729,1747417,808,2117,2343,547534,11958,8,382548,1496,112037,390,2632428188,2632527782,0,2632527860,2632528376,3779239527,17874222,-76,35,1048,0.1986,1687.6,0.513721243853487,0.13720637782237777,0.1986,25.82,78.5,,,,,,
2026-07-30T23:09:48.716298+00:00,S050,mounted,true,rotor_drag,mild,900,rotor_drag-mild_horizontal_no_load_0900rpm,2632627,906,287,2367,3158,2,3,1560826,9,150,75,26,6,1732,1494,1224,74,203,1622,16383,1764,1734,1732018,800,1931,2217,549737,11955,8,382548,1496,112038,390,2632528804,2632627887,0,2632628125,2632628640,3750080170,17865257,-74,30,1040,0.2214,1687.6,0.3047327294855706,-0.17186140250941095,0.2214,25.85,78.5,,,,,,
2026-07-30T23:09:48.811066+00:00,S050,mounted,true,rotor_drag,mild,900,rotor_drag-mild_horizontal_no_load_0900rpm,2632727,900,286,2382,3176,2,3,1560862,9,150,74,9,4,1736,1495,1237,74,203,1626,16383,1755,1732,1727841,800,1973,2373,550806,11956,8,382550,1496,112039,390,2632629068,2632728107,0,2632728181,2632728696,3731965383,17868246,-80,28,1031,0.2366,1687.6,0.5643624192037469,-0.1021470488457683,0.2366,25.73,78.3,,,,,,
2026-07-30T23:09:48.951677+00:00,S050,mounted,true,rotor_drag,mild,900,rotor_drag-mild_horizontal_no_load_0900rpm,2632828,912,296,2416,3227,3,3,1560899,9,150,78,35,5,1735,1495,1244,69,185,1620,16383,1744,1722,1736045,808,2099,2185,550541,11956,8,382552,1496,112040,390,2632729124,2632828775,0,2632828789,2632829304,3730108903,17868246,-79,17,1043,0.2328,1687.6,0.2511029692204749,0.10780343358982902,0.2328,25.91,78.6,,,,,,
2026-07-30T23:09:49.044800+00:00,S050,mounted,true,rotor_drag,mild,900,rotor_drag-mild_horizontal_no_load_0900rpm,2632928,927,286,2398,3169,1,3,1560936,9,150,81,47,8,1729,1494,1219,65,180,1626,16383,1731,1700,1701460,800,1999,2373,548558,11953,8,382549,1496,112041,390,2632829733,2632928827,0,2632928841,2632929356,3618930948,17859281,-83,41,1031,0.21,1687.6,0.5653548229733119,-0.057987938843805154,0.21,25.73,78.3,,,,,,
2026-07-30T23:09:49.139994+00:00,S050,mounted,true,rotor_drag,mild,900,rotor_drag-mild_horizontal_no_load_0900rpm,2633028,898,279,2430,3208,1,3,1560972,9,150,73,21,11,1721,1494,1223,65,180,1621,16383,1707,1699,1688485,800,2084,2141,545946,11954,8,382548,1496,112042,390,2632929785,2633028876,0,2633028885,2633029400,3563763629,17862272,-49,50,1037,0.1796,1687.6,0.178383797724611,0.08339030801405345,0.1796,25.88,78.6,,,,,,
2026-07-30T23:09:49.233696+00:00,S050,mounted,true,rotor_drag,mild,900,rotor_drag-mild_horizontal_no_load_0900rpm,2633128,897,294,2395,3215,3,3,1561007,9,150,75,27,7,1715,1494,1237,65,170,1624,16383,1708,1697,1688184,800,2066,2269,544105,11954,8,382547,1496,112043,390,2633029830,2633128914,0,2633128924,2633129438,3562524146,17862270,-73,50,1034,0.1569,1687.6,0.39170251146059876,0.05339236389493074,0.1569,25.79,78.4,,,,,,
2026-07-30T23:09:49.328809+00:00,S050,mounted,true,rotor_drag,mild,900,rotor_drag-mild_horizontal_no_load_0900rpm,2633228,895,340,2310,3261,3,3,1561043,9,150,82,42,6,1712,1494,1258,63,169,1619,16383,1710,1698,1690402,800,2026,2139,543142,11954,8,382546,1496,112044,390,2633129867,2633228965,0,2633228975,2633229490,3571877772,17862270,-81,41,1027,0.1455,1687.6,0.17505069282248575,-0.013269734147566048,0.1455,25.94,78.7,,,,,,
2026-07-30T23:09:49.425135+00:00,S050,mounted,true,rotor_drag,mild,900,rotor_drag-mild_horizontal_no_load_0900rpm,2633328,910,283,2360,3138,1,3,1561080,9,150,75,20,5,1709,1494,1237,63,169,1625,16383,1709,1696,1687541,800,2013,2132,542176,11953,8,382543,1496,112045,390,2633229918,2633329001,0,2633329011,2633329526,3559795079,17859281,-59,46,1072,0.1341,1687.6,0.16368208073287027,-0.03465425257257637,0.1341,25.76,78.4,,,,,,
2026-07-30T23:09:49.519198+00:00,S050,mounted,true,rotor_drag,mild,900,rotor_drag-mild_horizontal_no_load_0900rpm,2633428,912,308,2299,3145,1,3,1561116,9,150,76,3,3,1706,1494,1238,122,508,1627,16383,1706,1696,1686286,800,1953,2137,541407,11955,8,382544,1496,112046,390,2633329954,2633429043,0,2633429052,2633429567,3554522042,17865257,-71,55,1060,0.1227,1687.6,0.17141968557089093,-0.1352003154328738,0.1227,25.7,78.3,,,,,,
2026-07-30T23:09:49.659038+00:00,S050,mounted,true,rotor_drag,mild,900,rotor_drag-mild_horizontal_no_load_0900rpm,2633528,923,288,2375,3156,5,3,1561153,9,150,81,49,7,1704,1494,1253,122,508,1626,16383,1704,1694,1685305,800,2075,2291,540766,11953,8,382541,1496,112047,390,2633429996,2633529070,0,2633529080,2633529595,3550385579,17859281,-65,52,1056,0.1151,1687.6,0.42868608909897077,0.06868064377143801,0.1151,25.73,78.3,,,,,,
2026-07-30T23:09:49.753383+00:00,S050,mounted,true,rotor_drag,mild,900,rotor_drag-mild_horizontal_no_load_0900rpm,2633628,966,266,2227,2917,2,3,1561192,9,150,74,1,4,1702,1494,1222,113,435,1628,16383,1702,1693,1682501,800,1883,2249,540054,11948,8,382529,1496,112048,390,2633530028,2633629129,0,2633629139,2633629654,3538632473,17844350,-64,40,1066,0.1075,1687.6,0.3602536568463339,-0.2500108466688986,0.1075,25.67,78.2,,,,,,
2026-07-30T23:09:49.848175+00:00,S050,mounted,true,rotor_drag,mild,900,rotor_drag-mild_horizontal_no_load_0900rpm,2633729,952,258,2287,2965,1,3,1561230,9,150,73,13,8,1700,1495,1238,113,451,1626,16383,1702,1693,1699040,808,2071,2127,539539,11957,8,382534,1496,112049,390,2633630083,2633729764,0,2633729837,2633730353,3572730828,17871233,-37,12,1065,0.0999,1687.6,0.15416268721251125,0.06085916559337612,0.0999,25.73,78.3,,,,,,
2026-07-30T23:09:49.931690+00:00,S050,mounted,true,rotor_drag,mild,900,rotor_drag-mild_horizontal_no_load_0900rpm,2633829,953,261,2323,3010,4,3,1561268,9,150,74,21,4,1700,1495,1216,113,451,1627,16383,1702,1694,1682899,800,2003,2123,539290,11956,8,382537,1496,112050,390,2633730786,2633829851,0,2633829925,2633830444,3540230693,17868244,-65,6,1064,0.0999,1687.6,0.14779400167279988,-0.0521588387420544,0.0999,25.7,78.3,,,,,,
2026-07-30T23:09:50.035318+00:00,S050,mounted,true,rotor_drag,mild,900,rotor_drag-mild_horizontal_no_load_0900rpm,2633929,948,267,2279,2983,2,3,1561306,9,150,74,7,3,1700,1495,1219,107,394,1623,16383,1704,1695,1685163,800,2071,2211,539327,11958,8,382544,1496,112051,390,2633830872,2633929919,0,2633929993,2633930508,3549764693,17874224,-64,30,1056,0.0999,1687.6,0.2938099061716004,0.06057060863020558,0.0999,25.82,78.5,,,,,,
2026-07-30T23:09:50.126956+00:00,S050,mounted,true,rotor_drag,mild,900,rotor_drag-mild_horizontal_no_load_0900rpm,2634029,942,284,2250,3004,3,3,1561343,9,150,79,22,4,1700,1494,1219,97,333,1626,16383,1706,1695,1686482,800,2047,2185,539479,11952,8,382539,1496,112052,390,2633930936,2634029987,0,2634030061,2634030576,3555324038,17856292,-62,17,1069,0.0999,1687.6,0.2523214457831324,0.02229872289156587,0.0999,25.73,78.3,,,,,,
2026-07-30T23:09:50.220406+00:00,S050,mounted,true,rotor_drag,mild,900,rotor_drag-mild_horizontal_no_load_0900rpm,2634129,871,269,2444,3217,6,3,1561377,9,150,76,7,1,1703,1494,1219,97,333,1629,16383,1721,1701,1694971,800,2081,2153,540507,11955,8,382540,1496,112053,390,2634031005,2634130055,0,2634130129,2634130645,3591226685,17865257,-62,31,1056,0.1113,1687.6,0.19808229435382652,0.07810055483061484,0.1113,25.64,78.1,,,,,,
2026-07-30T23:09:50.359723+00:00,S050,mounted,true,rotor_drag,mild,900,rotor_drag-mild_horizontal_no_load_0900rpm,2634230,871,402,2389,3542,4,3,1561412,9,150,115,92,26,1713,1494,1216,88,308,1628,16383,1752,1718,1734465,808,1997,2187,543495,11953,8,382538,1496,112054,390,2634131073,2634230788,0,2634230797,2634231313,3723382211,17859279,-73,10,1053,0.1493,1687.6,0.2553501339412696,-0.06132132259683809,0.1493,25.67,78.2,,,,,,
2026-07-30T23:09:50.454862+00:00,S050,mounted,true,rotor_drag,mild,900,rotor_drag-mild_horizontal_no_load_0900rpm,2634330,858,413,2507,3712,5,3,1561447,9,150,121,92,32,1729,1495,1236,88,308,1628,16383,1808,1735,1745781,800,2129,2355,548528,11956,8,382541,1496,112055,390,2634231743,2634330957,0,2634330966,2634331481,3810239157,17868244,-71,-13,1051,0.21,1687.6,0.5343694931415186,0.15779164369354293,0.21,25.67,78.2,,,,,,
2026-07-30T23:09:50.548019+00:00,S050,mounted,true,rotor_drag,mild,900,rotor_drag-mild_horizontal_no_load_0900rpm,2634430,936,426,2189,3328,6,3,1561485,9,150,114,109,13,1732,1495,1247,88,276,1627,16383,1772,1716,1725938,800,2110,2221,549696,11958,8,382548,1496,112056,390,2634331913,2634431003,0,2634431012,2634431527,3723923698,17874222,-73,-13,1047,0.2214,1687.6,0.31046985599598553,0.12554441294530827,0.2214,25.7,78.3,,,,,,
2026-07-30T23:09:50.641248+00:00,S050,mounted,true,rotor_drag,mild,900,rotor_drag-mild_horizontal_no_load_0900rpm,2634530,927,382,2150,3180,3,3,1561523,9,150,86,51,14,1723,1494,1211,89,288,1628,16383,1722,1695,1690232,800,2073,2289,546854,11954,8,382547,1496,112057,390,2634431963,2634531014,0,2634531024,2634531539,3571227336,17862270,-83,3,1053,0.1872,1687.6,0.42503356048184715,0.06505823105236708,0.1872,25.67,78.2,,,,,,
2026-07-30T23:09:50.734462+00:00,S050,mounted,true,rotor_drag,mild,900,rotor_drag-mild_horizontal_no_load_0900rpm,2634630,912,282,2373,3146,3,3,1561559,9,150,76,18,10,1716,1495,1214,89,288,1629,16383,1706,1695,1686591,800,2005,2294,544580,11957,8,382551,1496,112058,390,2634531967,2634631047,0,2634631056,2634631571,3555823845,17871233,-89,44,1051,0.1607,1687.6,0.4324071177552895,-0.04910569917203311,0.1607,25.64,78.1,,,,,,
2026-07-30T23:09:50.828374+00:00,S050,mounted,true,rotor_drag,mild,900,rotor_drag-mild_horizontal_no_load_0900rpm,2634730,910,310,2337,3189,1,3,1561596,9,150,78,30,7,1711,1495,1216,84,251,1630,16383,1705,1697,1686546,800,2064,2260,543046,11956,8,382553,1496,112059,390,2634632005,2634731105,0,2634731115,2634731630,3555605076,17868246,-70,43,1060,0.1417,1687.6,0.3760734944797588,0.04948385513549658,0.1417,25.61,78.1,,,,,,
2026-07-30T23:09:50.920653+00:00,S050,mounted,true,rotor_drag,mild,900,rotor_drag-mild_horizontal_no_load_0900rpm,2634830,915,302,2316,3142,1,3,1561632,9,150,75,20,3,1708,1495,1216,81,215,1627,16383,1704,1695,1685280,800,2043,2287,541864,11956,8,382555,1496,112060,390,2634732058,2634831144,0,2634831154,2634831669,3550284452,17868244,-66,42,1054,0.1303,1687.6,0.42106288357310095,0.014492108062897024,0.1303,25.7,78.3,,,,,,
2026-07-30T23:09:51.062104+00:00,S050,mounted,true,rotor_drag,mild,900,rotor_drag-mild_horizontal_no_load_0900rpm,2634931,915,283,2324,3099,5,3,1561669,9,150,74,13,2,1705,1494,1221,81,215,1625,16383,1705,1695,1701991,808,1981,2267,541036,11951,8,382548,1496,112061,390,2634832097,2634931774,0,2634931848,2634932367,3585192741,17853305,-81,62,1051,0.1189,1687.6,0.3893177977575095,-0.08743585030541379,0.1189,25.76,78.4,,,,,,
2026-07-30T23:09:51.155686+00:00,S050,mounted,true,rotor_drag,mild,900,rotor_drag-mild_horizontal_no_load_0900rpm,2635031,904,257,2387,3099,4,3,1561706,9,150,74,5,3,1704,1494,1221,81,201,1626,16383,1706,1696,1687246,800,2083,2129,540738,11951,8,382541,1496,112062,390,2634932796,2635031865,0,2635031944,2635032459,3558535028,17853309,-84,55,1037,0.1151,1687.6,0.15927582771316207,0.08259517103171232,0.1151,25.73,78.3,,,,,,
2026-07-30T23:09:51.250774+00:00,S050,mounted,true,rotor_drag,mild,900,rotor_drag-mild_horizontal_no_load_0900rpm,2635131,914,260,2386,3097,4,3,1561742,9,150,76,16,4,1704,1494,1204,81,201,1627,16383,1709,1698,1688358,800,2071,2135,540642,11954,8,382541,1496,112063,390,2635032886,2635131955,0,2635132028,2635132544,3563228994,17862270,-83,35,1038,0.1151,1687.6,0.16838448301823616,0.06172512615024228,0.1151,25.7,78.3,,,,,,
2026-07-30T23:09:51.343806+00:00,S050,mounted,true,rotor_drag,mild,900,rotor_drag-mild_horizontal_no_load_0900rpm,2635231,836,424,2402,3672,1,3,1561776,9,150,105,101,18,1712,1495,1223,78,187,1631,16383,1755,1704,1714179,800,2037,2195,543291,11956,8,382544,1496,112064,390,2635132972,2635232026,0,2635232100,2635232615,3673258043,17868246,-83,40,1039,0.1455,1687.6,0.2677657059217129,0.004494466042154421,0.1455,25.58,78.0,,,,,,
2026-07-30T23:09:51.437452+00:00,S050,mounted,true,rotor_drag,mild,900,rotor_drag-mild_horizontal_no_load_0900rpm,2635331,901,269,2340,3086,3,3,1561811,9,150,75,28,5,1730,1494,1241,76,175,1620,16383,1790,1753,1753112,800,2151,2385,549090,11955,8,382545,1496,112065,390,2635233047,2635332125,0,2635332199,2635332714,3841988818,17865257,-75,38,1032,0.2138,1687.6,0.5846901217063984,0.19474946825595918,0.2138,25.91,78.6,,,,,,
2026-07-30T23:09:51.530327+00:00,S050,mounted,true,rotor_drag,mild,900,rotor_drag-mild_horizontal_no_load_0900rpm,2635432,896,297,2297,3126,5,3,1561849,9,150,83,51,3,1744,1494,1201,76,175,1620,16383,1802,1749,1773840,808,1931,2369,553365,11954,8,382544,1496,112066,390,2635333146,2635432773,0,2635432782,2635433297,3894637484,17862270,-94,27,1034,0.2669,1687.6,0.558357756566839,-0.1715922169984947,0.2669,25.91,78.6,,,,,,
2026-07-30T23:09:51.623940+00:00,S050,mounted,true,rotor_drag,mild,900,rotor_drag-mild_horizontal_no_load_0900rpm,2635532,869,395,2331,3469,1,3,1561884,9,150,107,79,20,1755,1494,1209,76,179,1622,16383,1810,1750,1761937,800,2091,2317,556841,11955,8,382545,1496,112067,390,2635433726,2635532822,0,2635532836,2635533352,3880963449,17865257,-50,22,1047,0.3087,1687.6,0.47137403437892056,0.09476468531994975,0.3087,25.85,78.5,,,,,,
2026-07-30T23:09:51.763785+00:00,S050,mounted,true,rotor_drag,mild,900,rotor_drag-mild_horizontal_no_load_0900rpm,2635632,933,724,1960,3899,4,3,1561922,9,150,206,182,59,1760,1494,1208,80,194,1616,16383,1807,1737,1756135,800,2125,2279,558513,11951,8,382538,1496,112068,390,2635533782,2635632856,0,2635632871,2635633386,3855648247,17853305,-80,60,1037,0.3276,1687.6,0.40932144732658315,0.15260794452347026,0.3276,26.04,78.9,,,,,,
2026-07-30T23:09:51.858420+00:00,S050,mounted,true,rotor_drag,mild,900,rotor_drag-mild_horizontal_no_load_0900rpm,2635732,896,404,2243,3371,5,3,1561957,9,150,101,51,8,1753,1494,1218,80,194,1623,16383,1758,1723,1722891,800,2117,2340,556190,11955,8,382539,1496,112069,390,2635633818,2635732920,0,2635732930,2635733445,3710610711,17865259,-63,64,1054,0.3011,1687.6,0.5097015345043912,0.13809142459222068,0.3011,25.82,78.5,,,,,,
2026-07-30T23:09:51.952554+00:00,S050,mounted,true,rotor_drag,mild,900,rotor_drag-mild_horizontal_no_load_0900rpm,2635832,890,452,2252,3520,5,3,1561993,9,150,137,153,27,1747,1494,1232,81,206,1624,16383,1764,1716,1720584,800,2053,2209,554324,11954,8,382539,1496,112070,390,2635733875,2635832981,0,2635832990,2635833505,3700860206,17862268,-69,38,1048,0.2783,1687.6,0.29170936439685446,0.031727182031118684,0.2783,25.79,78.4,,,,,,
2026-07-30T23:09:52.045023+00:00,S050,mounted,true,rotor_drag,mild,900,rotor_drag-mild_horizontal_no_load_0900rpm,2635932,956,405,1988,3048,6,3,1562031,9,150,107,100,9,1734,1494,1237,81,206,1628,16383,1741,1697,1693485,800,1973,2331,550247,11954,8,382539,1496,112071,390,2635833937,2635932996,0,2635933005,2635933520,3585172039,17862268,-72,39,1052,0.229,1687.6,0.49502876342646784,-0.10159701405387311,0.229,25.67,78.2,,,,,,
2026-07-30T23:09:52.138328+00:00,S050,mounted,true,rotor_drag,mild,900,rotor_drag-mild_horizontal_no_load_0900rpm,2636032,908,290,2364,3164,6,3,1562067,9,150,77,20,6,1723,1494,1240,80,194,1630,16383,1707,1695,1686112,800,1999,2187,546836,11955,8,382540,1496,112072,390,2635933951,2636033019,0,2636033034,2636033549,3553780550,17865257,-69,47,1055,0.1872,1687.6,0.25474033801756546,-0.05854531518193262,0.1872,25.61,78.1,,,,,,
2026-07-30T23:09:52.230590+00:00,S050,mounted,true,rotor_drag,mild,900,rotor_drag-mild_horizontal_no_load_0900rpm,2636132,917,313,2265,3120,6,3,1562103,9,150,75,37,0,1717,1495,1208,85,246,1627,16383,1711,1696,1688646,800,2079,2143,544774,11958,8,382547,1496,112073,390,2636033978,2636133052,0,2636133062,2636133577,3564446666,17874222,-74,61,1054,0.1645,1687.6,0.18052224736578015,0.07389856848971332,0.1645,25.7,78.3,,,,,,
2026-07-30T23:09:52.370892+00:00,S050,mounted,true,rotor_drag,mild,900,rotor_drag-mild_horizontal_no_load_0900rpm,2636232,911,305,2338,3177,6,3,1562139,9,150,76,27,7,1713,1495,1216,85,246,1623,16383,1714,1697,1690457,800,1942,2249,543583,11956,8,382549,1496,112074,390,2636134007,2636233099,0,2636233108,2636233623,3572147789,17868246,-93,29,1054,0.1493,1687.6,0.35774448410839677,-0.15380153261960539,0.1493,25.82,78.5,,,,,,
2026-07-30T23:09:52.464838+00:00,S050,mounted,true,rotor_drag,mild,900,rotor_drag-mild_horizontal_no_load_0900rpm,2636333,917,281,2371,3138,2,3,1562176,9,150,80,32,4,1712,1494,1221,85,222,1623,16383,1716,1701,1711724,808,2009,2142,543216,11955,8,382549,1496,112075,390,2636234052,2636333744,0,2636333818,2636334332,3626306680,17865259,-93,26,1031,0.1455,1687.6,0.17975175081555816,-0.04188118469259772,0.1455,25.82,78.5,,,,,,
2026-07-30T23:09:52.557502+00:00,S050,mounted,true,rotor_drag,mild,900,rotor_drag-mild_horizontal_no_load_0900rpm,2636433,913,245,2374,3047,3,3,1562213,9,150,73,16,2,1711,1495,1221,82,194,1630,16383,1718,1702,1694954,800,1941,2141,543054,11956,8,382551,1496,112076,390,2636334761,2636433814,0,2636433888,2636434403,3591169824,17868246,-94,45,1045,0.1417,1687.6,0.17778692773502813,-0.155467806289729,0.1417,25.61,78.1,,,,,,
2026-07-30T23:09:52.650766+00:00,S050,mounted,true,rotor_drag,mild,900,rotor_drag-mild_horizontal_no_load_0900rpm,2636533,925,296,2316,3116,1,3,1562250,9,150,79,41,10,1710,1494,1245,82,194,1629,16383,1720,1702,1693768,800,2069,2143,542755,11952,8,382546,1496,112077,390,2636434831,2636533885,0,2636533964,2636534479,3586122142,17856292,-98,57,1038,0.1379,1687.6,0.18231453012048204,0.05896901204819249,0.1379,25.64,78.1,,,,,,
2026-07-30T23:09:52.743652+00:00,S050,mounted,true,rotor_drag,mild,900,rotor_drag-mild_horizontal_no_load_0900rpm,2636633,915,300,2296,3116,1,3,1562286,9,150,76,33,4,1709,1493,1206,74,171,1630,16383,1710,1700,1690382,800,1875,2139,542204,11946,8,382529,1496,112078,390,2636534908,2636633981,0,2636634055,2636634570,3571835826,17838368,-91,69,1042,0.1341,1687.6,0.17743793922651951,-0.262826546961326,0.1341,25.61,78.1,,,,,,
2026-07-30T23:09:52.836541+00:00,S050,mounted,true,rotor_drag,mild,900,rotor_drag-mild_horizontal_no_load_0900rpm,2636733,911,299,2305,3127,5,3,1562323,9,150,75,31,2,1708,1494,1234,74,171,1640,16383,1714,1698,1691864,800,2042,2149,542004,11954,8,382529,1496,112079,390,2636634998,2636734073,0,2636734147,2636734662,3578052088,17862268,-79,54,1045,0.1303,1687.6,0.19171621733311017,0.013395105069432756,0.1303,25.3,77.5,,,,,,
2026-07-30T23:09:52.929696+00:00,S050,mounted,true,rotor_drag,mild,900,rotor_drag-mild_horizontal_no_load_0900rpm,2636834,918,311,2277,3123,4,3,1562360,9,150,76,34,2,1707,1495,1219,73,164,1635,16383,1710,1700,1707717,808,2093,2155,541741,11956,8,382532,1496,112080,390,2636735091,2636834767,0,2636834776,2636835291,3609316993,17868246,-74,57,1022,0.1265,1687.6,0.20111475911676147,0.09780579156908642,0.1265,25.46,77.8,,,,,,
2026-07-30T23:09:53.070676+00:00,S050,mounted,true,rotor_drag,mild,900,rotor_drag-mild_horizontal_no_load_0900rpm,2636934,906,261,2377,3099,4,3,1562396,9,150,75,9,5,1706,1494,1229,75,158,1633,16383,1705,1698,1687394,800,2031,2135,541225,11954,8,382532,1496,112081,390,2636835720,2636934771,0,2636934780,2636935295,3559164540,17862270,-69,61,1030,0.1227,1687.6,0.16838448301823616,-0.0049369718922536165,0.1227,25.52,77.9,,,,,,
2026-07-30T23:09:53.166009+00:00,S050,mounted,true,rotor_drag,mild,900,rotor_drag-mild_horizontal_no_load_0900rpm,2637034,888,295,2394,3226,4,3,1562432,9,150,74,6,4,1705,1494,1248,75,158,1633,16383,1714,1700,1690028,800,1979,2283,541136,11953,8,382530,1496,112082,390,2636935723,2637034824,0,2637034833,2637035348,3570332310,17859281,-64,55,1044,0.1189,1687.6,0.4153525540868399,-0.0913217763741323,0.1189,25.52,77.9,,,,,,
2026-07-30T23:09:53.261557+00:00,S050,mounted,true,rotor_drag,mild,900,rotor_drag-mild_horizontal_no_load_0900rpm,2637134,904,256,2365,3075,4,3,1562468,9,150,78,40,4,1705,1495,1235,75,170,1630,16383,1714,1698,1690222,800,2079,2135,541121,11958,8,382537,1496,112083,390,2637035776,2637134873,0,2637134883,2637135398,3571108532,17874222,-46,26,1051,0.1189,1687.6,0.16719428750627152,0.07389856848971332,0.1189,25.61,78.1,,,,,,
2026-07-30T23:09:53.355236+00:00,S050,mounted,true,rotor_drag,mild,900,rotor_drag-mild_horizontal_no_load_0900rpm,2637234,895,258,2408,3130,1,3,1562502,9,150,77,40,12,1711,1494,1243,72,155,1627,16383,1754,1702,1707142,800,2011,2283,542957,11954,8,382537,1496,112084,390,2637135826,2637234885,0,2637234895,2637235410,3643225794,17862270,-63,44,1056,0.1417,1687.6,0.41503424577547277,-0.03826802091350201,0.1417,25.7,78.3,,,,,,
2026-07-30T23:09:53.448709+00:00,S050,mounted,true,rotor_drag,mild,900,rotor_drag-mild_horizontal_no_load_0900rpm,2637334,900,506,2187,3593,1,3,1562538,9,150,152,175,8,1721,1495,1221,72,155,1626,16383,1763,1718,1726297,800,2101,2219,546097,11956,8,382540,1496,112085,390,2637235843,2637334945,0,2637334954,2637335469,3725380141,17868244,-53,21,1063,0.1796,1687.6,0.30775627400468375,0.1111359809300767,0.1796,25.73,78.3,,,,,,
2026-07-30T23:09:53.543075+00:00,S050,mounted,true,rotor_drag,mild,900,rotor_drag-mild_horizontal_no_load_0900rpm,2637434,871,337,2332,3301,5,3,1562575,9,150,98,99,25,1734,1495,1237,71,152,1622,16383,1797,1737,1746344,800,2129,2255,550174,11957,8,382545,1496,112086,390,2637335900,2637434975,0,2637434985,2637435500,3812594948,17871233,-65,12,1052,0.229,1687.6,0.36742787948482025,0.15749495584176598,0.229,25.85,78.5,,,,,,
2026-07-30T23:09:53.637768+00:00,S050,mounted,true,rotor_drag,mild,900,rotor_drag-mild_horizontal_no_load_0900rpm,2637534,907,470,2212,3507,5,3,1562611,9,150,139,160,11,1743,1494,1253,71,152,1627,16383,1788,1735,1747870,800,1967,2485,553219,11954,8,382544,1496,112087,390,2637435929,2637535034,0,2637535043,2637535559,3819369458,17862268,-70,10,1044,0.2631,1687.6,0.7516778408900784,-0.1115963287602475,0.2631,25.7,78.3,,,,,,
2026-07-30T23:09:53.776900+00:00,S050,mounted,true,rotor_drag,mild,900,rotor_drag-mild_horizontal_no_load_0900rpm,2637634,889,522,2171,3639,5,3,1562647,9,150,160,193,13,1751,1495,1224,72,153,1626,16383,1810,1734,1752429,800,2135,2285,555755,11956,8,382547,1496,112088,390,2637535991,2637635083,0,2637635093,2637635608,3839334003,17868248,-71,35,1051,0.2935,1687.6,0.41773033623285327,0.16778928571428553,0.2935,25.73,78.3,,,,,,
2026-07-30T23:09:53.872267+00:00,S050,mounted,true,rotor_drag,mild,900,rotor_drag-mild_horizontal_no_load_0900rpm,2637734,937,457,2118,3339,1,3,1562682,9,150,149,181,8,1762,1494,1238,80,197,1626,16383,1826,1747,1768156,800,2141,2390,559022,11955,8,382547,1496,112089,390,2637636040,2637735108,0,2637735118,2637735633,3908644922,17865257,-101,15,1036,0.3352,1687.6,0.5930221869510666,0.17808533776662427,0.3352,25.73,78.3,,,,,,
2026-07-30T23:09:53.965981+00:00,S050,mounted,true,rotor_drag,mild,900,rotor_drag-mild_horizontal_no_load_0900rpm,2637835,880,517,2168,3638,1,3,1562718,9,150,156,187,4,1776,1494,1245,80,197,1630,16383,1864,1764,1807425,808,2001,2347,563705,11953,8,382544,1496,112090,390,2637736065,2637835744,0,2637835818,2637836334,4044257381,17859285,-102,43,1047,0.3884,1687.6,0.5220208341838863,-0.05465455509077222,0.3884,25.61,78.1,,,,,,
2026-07-30T23:09:54.059431+00:00,S050,mounted,true,rotor_drag,mild,900,rotor_drag-mild_horizontal_no_load_0900rpm,2637935,861,781,1815,4081,1,3,1562754,9,150,206,253,41,1795,1494,1238,78,179,1619,16383,1898,1776,1818616,800,2037,2385,569631,11955,8,382545,1496,112091,390,2637836766,2637935888,0,2637935962,2637936477,4136163864,17865255,-80,66,1055,0.4605,1687.6,0.5846901217063984,0.00477838067754055,0.4605,25.94,78.7,,,,,,
2026-07-30T23:09:54.151687+00:00,S050,mounted,true,rotor_drag,mild,900,rotor_drag-mild_horizontal_no_load_0900rpm,2638035,933,880,1779,4135,5,3,1562791,9,150,211,236,17,1799,1494,1214,85,191,1618,16383,1899,1759,1793762,800,2157,2379,570919,11952,8,382540,1496,112092,390,2637936909,2638035973,0,2638036047,2638036561,4023793940,17856294,-75,31,1041,0.4757,1687.6,0.5756867228915663,0.20565016867469854,0.4757,25.97,78.8,,,,,,
2026-07-30T23:09:54.245861+00:00,S050,mounted,true,rotor_drag,mild,900,rotor_drag-mild_horizontal_no_load_0900rpm,2638135,964,478,1996,3237,6,3,1562829,9,150,114,64,20,1786,1495,1243,85,191,1623,16383,1788,1741,1742599,800,1979,2397,566588,11956,8,382543,1496,112093,390,2638036993,2638136065,0,2638136139,2638136654,3796166745,17868244,-81,40,1037,0.4263,1687.6,0.6043529872867177,-0.0921494068250257,0.4263,25.82,78.5,,,,,,
2026-07-30T23:09:54.339486+00:00,S050,mounted,true,rotor_drag,mild,900,rotor_drag-mild_horizontal_no_load_0900rpm,2638235,917,415,2274,3406,2,3,1562866,9,150,98,32,25,1774,1495,1224,85,205,1622,16383,1773,1736,1733955,800,1999,2349,562811,11957,8,382548,1496,112094,390,2638137088,2638236317,0,2638236391,2638236906,3758474375,17871233,-85,22,1036,0.3808,1687.6,0.5240445050597975,-0.05910250505979775,0.3808,25.85,78.5,,,,,,
2026-07-30T23:09:54.479336+00:00,S050,mounted,true,rotor_drag,mild,900,rotor_drag-mild_horizontal_no_load_0900rpm,2638336,945,387,2204,3228,3,3,1562903,9,150,87,22,13,1758,1494,1223,85,205,1624,16383,1742,1709,1727354,808,2009,2171,557755,11951,8,382541,1496,112095,390,2638237339,2638336783,0,2638336793,2638337308,3692901976,17853307,-69,24,1036,0.3201,1687.6,0.22928860120491956,-0.04076066797757516,0.3201,25.79,78.4,,,,,,
2026-07-30T23:09:54.574214+00:00,S050,mounted,true,rotor_drag,mild,900,rotor_drag-mild_horizontal_no_load_0900rpm,2638436,932,378,2160,3174,1,3,1562940,9,150,99,51,6,1745,1494,1237,82,225,1630,16383,1732,1710,1703557,800,2103,2185,553686,11954,8,382541,1496,112096,390,2638337738,2638436948,0,2638436957,2638437472,3627713283,17862266,-52,22,1060,0.2707,1687.6,0.2517121055713565,0.11505480458423945,0.2707,25.61,78.1,,,,,,
2026-07-30T23:09:54.670297+00:00,S050,mounted,true,rotor_drag,mild,900,rotor_drag-mild_horizontal_no_load_0900rpm,2638536,912,385,2254,3311,5,3,1562977,9,150,96,37,4,1734,1494,1242,80,216,1639,16383,1721,1702,1695985,800,1987,2250,550155,11951,8,382535,1496,112097,390,2638437901,2638536972,0,2638536982,2638537497,3595556145,17853305,-80,23,1049,0.229,1687.6,0.3609792942013219,-0.07743402552087719,0.229,25.33,77.6,,,,,,
2026-07-30T23:09:54.763423+00:00,S050,mounted,true,rotor_drag,mild,900,rotor_drag-mild_horizontal_no_load_0900rpm,2638636,900,384,2336,3405,5,3,1563013,9,150,134,100,32,1730,1494,1214,80,216,1628,16383,1755,1707,1708824,800,2099,2326,549091,11955,8,382536,1496,112098,390,2638537926,2638637027,0,2638637036,2638637551,3650338662,17865259,-85,8,1054,0.2138,1687.6,0.48637175181932246,0.10809598971141732,0.2138,25.67,78.2,,,,,,
2026-07-30T23:09:54.856368+00:00,S050,mounted,true,rotor_drag,mild,900,rotor_drag-mild_horizontal_no_load_0900rpm,2638736,858,463,2187,3536,1,3,1563048,9,150,112,101,11,1730,1494,1229,79,198,1635,16383,1752,1710,1715458,800,2103,2355,549009,11952,8,382532,1496,112099,390,2638637982,2638737064,0,2638737074,2638737588,3678762188,17856294,-87,13,1049,0.2138,1687.6,0.5356827710843373,0.1156412771084332,0.2138,25.46,77.8,,,,,,
2026-07-30T23:09:54.949036+00:00,S050,mounted,true,rotor_drag,mild,900,rotor_drag-mild_horizontal_no_load_0900rpm,2638836,889,422,2247,3433,1,3,1563084,9,150,97,80,11,1732,1494,1225,77,196,1627,16383,1756,1723,1721489,800,2113,2193,549683,11955,8,382533,1496,112100,390,2638738020,2638837128,0,2638837142,2638837657,3704534503,17865259,-100,6,1039,0.2214,1687.6,0.264738816311167,0.13142577239648645,0.2214,25.7,78.3,,,,,,
2026-07-30T23:09:55.043926+00:00,S050,mounted,true,rotor_drag,mild,900,rotor_drag-mild_horizontal_no_load_0900rpm,2638937,904,377,2234,3278,5,3,1563121,9,150,91,69,15,1734,1494,1226,77,196,1621,16383,1760,1722,1741063,808,1924,2215,550340,11951,8,382527,1496,112101,390,2638838087,2638937780,0,2638937854,2638938369,3751804541,17853305,-93,15,1042,0.229,1687.6,0.3026353162915232,-0.1824531857585141,0.229,25.88,78.6,,,,,,
2026-07-30T23:09:55.180936+00:00,S050,mounted,true,rotor_drag,mild,900,rotor_drag-mild_horizontal_no_load_0900rpm,2639037,934,398,2257,3323,5,3,1563157,9,150,119,93,22,1739,1494,1213,81,223,1628,16383,1769,1731,1733575,800,2001,2221,551733,11954,8,382527,1496,112102,390,2638938798,2639037863,0,2639037936,2639038452,3756855883,17862270,-97,26,1042,0.248,1687.6,0.31170799380960323,-0.054933545424125985,0.248,25.67,78.2,,,,,,
2026-07-30T23:09:55.276249+00:00,S050,mounted,true,rotor_drag,mild,900,rotor_drag-mild_horizontal_no_load_0900rpm,2639137,907,399,2195,3294,4,3,1563194,9,150,91,54,10,1739,1494,1199,81,223,1629,16383,1751,1730,1724684,800,2118,2189,551834,11950,8,382520,1496,112103,390,2639038882,2639137971,0,2639138045,2639138560,3718265966,17850316,-79,9,1061,0.248,1687.6,0.25959943112970674,0.14123460033472757,0.248,25.64,78.1,,,,,,
2026-07-30T23:09:55.369337+00:00,S050,mounted,true,rotor_drag,mild,900,rotor_drag-mild_horizontal_no_load_0900rpm,2639237,923,348,2177,3119,6,3,1563231,9,150,84,59,17,1741,1494,1228,82,259,1632,16383,1760,1733,1730020,800,2135,2201,552450,11955,8,382522,1496,112104,390,2639138988,2639238049,0,2639238122,2639238637,3741319040,17865259,-79,63,1053,0.2555,1687.6,0.2780701207026346,0.1680868594730236,0.2555,25.55,78.0,,,,,,
2026-07-30T23:09:55.462593+00:00,S050,mounted,true,rotor_drag,mild,900,rotor_drag-mild_horizontal_no_load_0900rpm,2639337,916,344,2220,3160,6,3,1563267,9,150,84,59,15,1744,1494,1224,91,292,1629,16383,1765,1731,1734335,800,2066,2209,553323,11955,8,382524,1496,112105,390,2639239067,2639338146,0,2639338220,2639338735,3760054791,17865255,-73,63,1053,0.2669,1687.6,0.2914014250941026,0.05310435909661182,0.2669,25.64,78.1,,,,,,
2026-07-30T23:09:55.557655+00:00,S050,mounted,true,rotor_drag,mild,900,rotor_drag-mild_horizontal_no_load_0900rpm,2639438,917,323,2267,3147,3,3,1563305,9,150,87,55,12,1747,1494,1230,91,292,1629,16383,1772,1735,1754424,808,2127,2211,554201,11953,8,382523,1496,112106,390,2639339165,2639438799,0,2639438814,2639439329,3809569808,17859281,-75,56,1059,0.2783,1687.6,0.2953507389776626,0.15534862135028815,0.2783,25.64,78.1,,,,,,
2026-07-30T23:09:55.651802+00:00,S050,mounted,true,rotor_drag,mild,900,rotor_drag-mild_horizontal_no_load_0900rpm,2639538,913,378,2290,3324,1,3,1563342,9,150,98,82,13,1743,1494,1241,83,247,1629,16383,1765,1710,1722299,800,1981,2216,553165,11952,8,382520,1496,112107,390,2639439758,2639538846,0,2639538855,2639539370,3708333129,17856294,-76,50,1054,0.2631,1687.6,0.3039932168674695,-0.08771214457831356,0.2631,25.64,78.1,,,,,,
2026-07-30T23:09:55.746367+00:00,S050,mounted,true,rotor_drag,mild,900,rotor_drag-mild_horizontal_no_load_0900rpm,2639638,924,335,2169,3077,1,3,1563378,9,150,86,32,7,1731,1494,1200,77,232,1627,16383,1727,1697,1690700,800,1925,2181,549264,11955,8,382522,1496,112108,390,2639539800,2639638893,0,2639638903,2639639417,3573242570,17865257,-68,36,1060,0.2176,1687.6,0.24474185972396478,-0.18185988080301163,0.2176,25.7,78.3,,,,,,
2026-07-30T23:09:55.885967+00:00,S050,mounted,true,rotor_drag,mild,900,rotor_drag-mild_horizontal_no_load_0900rpm,2639738,893,241,2473,3149,1,3,1563414,9,150,71,12,3,1721,1494,1229,77,232,1634,16383,1705,1694,1684129,800,1969,2399,545971,11953,8,382521,1496,112109,390,2639639846,2639738933,0,2639738942,2639739457,3545509805,17859283,-64,41,1056,0.1796,1687.6,0.6086888117627369,-0.10798869513929565,0.1796,25.49,77.9,,,,,,
2026-07-30T23:09:55.981926+00:00,S050,mounted,true,rotor_drag,mild,900,rotor_drag-mild_horizontal_no_load_0900rpm,2639838,860,245,2529,3242,2,3,1563448,9,150,74,21,4,1714,1494,1216,80,230,1630,16383,1702,1695,1683661,800,1969,2335,543682,11952,8,382518,1496,112110,390,2639739886,2639838951,0,2639838960,2639839475,3543497329,17856292,-73,60,1043,0.1531,1687.6,0.5023461445783126,-0.10771412048192808,0.1531,25.61,78.1,,,,,,
2026-07-30T23:09:56.075339+00:00,S050,mounted,true,rotor_drag,mild,900,rotor_drag-mild_horizontal_no_load_0900rpm,2639938,856,248,2555,3280,6,3,1563483,9,150,73,14,3,1709,1494,1227,80,230,1629,16383,1701,1696,1683598,800,2075,2131,542142,11951,8,382513,1496,112111,390,2639839908,2639938995,0,2639939009,2639939524,3543159804,17853305,-79,72,1031,0.1341,1687.6,0.16260976930800775,0.06925940465233005,0.1341,25.64,78.1,,,,,,
2026-07-30T23:09:56.171722+00:00,S050,mounted,true,rotor_drag,mild,900,rotor_drag-mild_horizontal_no_load_0900rpm,2640038,910,267,2484,3219,6,3,1563519,9,150,82,56,13,1706,1494,1247,81,226,1634,16383,1706,1696,1686055,800,2074,2387,541314,11955,8,382515,1496,112112,390,2639939953,2640039050,0,2640039064,2640039580,3553638591,17865257,-69,29,1063,0.1227,1687.6,0.5880229478042658,0.06643566348807983,0.1227,25.49,77.9,,,,,,
2026-07-30T23:09:56.263739+00:00,S050,mounted,true,rotor_drag,mild,900,rotor_drag-mild_horizontal_no_load_0900rpm,2640138,941,243,2304,2949,2,3,1563556,9,150,71,10,6,1704,1494,1229,92,299,1631,16383,1705,1696,1686225,800,2085,2129,540805,11951,8,382510,1496,112113,390,2640040009,2640139100,0,2640139109,2640139624,3554223265,17853305,-74,43,1034,0.1151,1687.6,0.15927582771316207,0.085929112626558,0.1151,25.58,78.0,,,,,,
2026-07-30T23:09:56.357771+00:00,S050,mounted,true,rotor_drag,mild,900,rotor_drag-mild_horizontal_no_load_0900rpm,2640239,933,251,2379,3051,1,3,1563594,9,150,77,37,7,1704,1494,1229,92,299,1634,16383,1707,1696,1704089,808,2084,2309,540562,11955,8,382513,1496,112114,390,2640140053,2640239757,0,2640239831,2640240346,3594036403,17865257,-75,22,1046,0.1151,1687.6,0.45804272998745255,0.08309979397741518,0.1151,25.49,77.9,,,,,,
2026-07-30T23:09:56.450929+00:00,S050,mounted,true,rotor_drag,mild,900,rotor_drag-mild_horizontal_no_load_0900rpm,2640339,917,297,2306,3115,5,3,1563631,9,150,82,51,4,1703,1494,1234,92,279,1628,16383,1707,1696,1687259,800,2083,2129,540392,11955,8,382515,1496,112115,390,2640240774,2640339927,0,2640340006,2640340521,3558592247,17865257,-73,33,1039,0.1113,1687.6,0.15808838117942248,0.08143338092848174,0.1113,25.67,78.2,,,,,,
2026-07-30T23:09:56.544869+00:00,S050,mounted,true,rotor_drag,mild,900,rotor_drag-mild_horizontal_no_load_0900rpm,2640439,912,335,2279,3199,1,3,1563666,9,150,85,56,9,1704,1494,1241,85,239,1636,16383,1722,1699,1692166,800,2087,2235,540775,11954,8,382515,1496,112116,390,2640340951,2640440006,0,2640440080,2640440595,3579364916,17862268,-84,41,1046,0.1151,1687.6,0.3350397281244768,0.08838996536724109,0.1151,25.43,77.8,,,,,,
2026-07-30T23:09:56.684270+00:00,S050,mounted,true,rotor_drag,mild,900,rotor_drag-mild_horizontal_no_load_0900rpm,2640539,835,443,2412,3739,5,3,1563703,9,150,108,68,25,1712,1494,1227,85,239,1630,16383,1760,1707,1713434,800,2055,2199,543230,11955,8,382517,1496,112117,390,2640441024,2640540088,0,2640540162,2640540677,3670071720,17865257,-90,61,1058,0.1455,1687.6,0.2747372946047677,0.03477381555834347,0.1455,25.61,78.1,,,,,,
2026-07-30T23:09:56.781404+00:00,S050,mounted,true,rotor_drag,mild,900,rotor_drag-mild_horizontal_no_load_0900rpm,2640640,879,376,2336,3406,5,3,1563739,9,150,92,51,23,1715,1494,1228,82,210,1629,16383,1737,1709,1722854,808,2093,2179,544184,11953,8,382516,1496,112118,390,2640541108,2640640769,0,2640640783,2640641299,3673712096,17859279,-79,27,1052,0.1569,1687.6,0.24201659892913874,0.09868109754873267,0.1569,25.64,78.1,,,,,,
2026-07-30T23:09:56.874196+00:00,S050,mounted,true,rotor_drag,mild,900,rotor_drag-mild_horizontal_no_load_0900rpm,2640740,894,295,2377,3201,1,3,1563774,9,150,79,13,10,1724,1495,1251,82,210,1629,16383,1773,1728,1728096,800,2106,2400,547115,11956,8,382520,1496,112119,390,2640641728,2640740816,0,2640740826,2640741341,3733144346,17868246,-83,31,1048,0.191,1687.6,0.609351808297089,0.11946734928069569,0.191,25.64,78.1,,,,,,
2026-07-30T23:09:56.967271+00:00,S050,mounted,true,rotor_drag,mild,900,rotor_drag-mild_horizontal_no_load_0900rpm,2640840,881,365,2280,3317,1,3,1563810,9,150,91,74,13,1739,1495,1226,78,198,1632,16383,1794,1749,1754236,800,2053,2381,551915,11956,8,382524,1496,112120,390,2640741771,2640840859,0,2640840868,2640841383,3847032968,17868248,-83,9,1053,0.248,1687.6,0.5776926085647371,0.031154844764134992,0.248,25.55,78.0,,,,,,
2026-07-30T23:09:57.061055+00:00,S050,mounted,true,rotor_drag,mild,900,rotor_drag-mild_horizontal_no_load_0900rpm,2640940,890,318,2342,3236,1,3,1563846,9,150,80,45,17,1753,1494,1258,77,185,1623,16383,1800,1762,1764069,800,2141,2289,556049,11948,8,382513,1496,112121,390,2640841812,2640940909,0,2640940918,2640941433,3890200399,17844348,-76,24,1040,0.3011,1687.6,0.4269492310010037,0.18017560662872434,0.3011,25.82,78.5,,,,,,
2026-07-30T23:09:57.153405+00:00,S050,mounted,true,rotor_drag,mild,900,rotor_drag-mild_horizontal_no_load_0900rpm,2641040,918,368,2273,3275,5,3,1563883,9,150,104,91,16,1756,1494,1259,77,185,1626,16383,1793,1740,1747206,800,2025,2261,557102,11954,8,382513,1496,112122,390,2640941863,2641040965,0,2641040975,2641041490,3816246040,17862268,-105,21,1041,0.3125,1687.6,0.3783700918520996,-0.014936286598628001,0.3125,25.73,78.3,,,,,,
2026-07-30T23:09:57.292315+00:00,S050,mounted,true,rotor_drag,mild,900,rotor_drag-mild_horizontal_no_load_0900rpm,2641140,920,368,2219,3219,4,3,1563920,9,150,94,84,2,1756,1494,1221,69,155,1626,16383,1777,1738,1739898,800,2137,2225,557057,11954,8,382513,1496,112123,390,2641041922,2641140976,0,2641140991,2641141506,3784239494,17862274,-106,16,1046,0.3125,1687.6,0.31837420361385327,0.17171758792036096,0.3125,25.73,78.3,,,,,,
2026-07-30T23:09:57.387220+00:00,S050,mounted,true,rotor_drag,mild,900,rotor_drag-mild_horizontal_no_load_0900rpm,2641240,915,281,2313,3081,4,3,1563956,9,150,80,23,10,1757,1495,1232,70,150,1628,16383,1776,1748,1744922,800,2144,2427,557533,11956,8,382517,1496,112124,390,2641141936,2641241024,0,2641241033,2641241549,3806142436,17868246,-95,11,1040,0.3163,1687.6,0.6543411973904316,0.18278574874539943,0.3163,25.67,78.2,,,,,,
2026-07-30T23:09:57.479798+00:00,S050,mounted,true,rotor_drag,mild,900,rotor_drag-mild_horizontal_no_load_0900rpm,2641340,865,407,2410,3587,1,3,1563990,9,150,111,55,28,1767,1494,1247,70,150,1625,16383,1840,1759,1771004,800,2049,2323,560610,11950,8,382510,1496,112125,390,2641241978,2641341054,0,2641341064,2641341579,3921184502,17850316,-89,21,1043,0.3542,1687.6,0.4829922103765685,0.026203990125523102,0.3542,25.76,78.4,,,,,,
2026-07-30T23:09:57.574579+00:00,S050,mounted,true,rotor_drag,mild,900,rotor_drag-mild_horizontal_no_load_0900rpm,2641440,827,809,2075,4521,2,3,1564024,9,150,237,282,57,1795,1494,1238,66,142,1624,16383,1940,1787,1838986,800,2157,2501,569568,11955,8,382513,1496,112126,390,2641342010,2641441097,0,2641441112,2641441627,4229448970,17865257,-97,24,1039,0.4605,1687.6,0.7779940353826849,0.20474794654956074,0.4605,25.79,78.4,,,,,,
2026-07-30T23:09:57.668538+00:00,S050,mounted,true,rotor_drag,mild,900,rotor_drag-mild_horizontal_no_load_0900rpm,2641540,1094,593,1747,3101,5,3,1564063,9,150,154,143,36,1784,1494,1243,66,142,1624,16383,1813,1727,1747425,800,1981,2267,566200,11954,8,382513,1496,112127,390,2641442059,2641541119,0,2641541129,2641541643,3817570191,17862270,-84,15,1060,0.4187,1687.6,0.38836940655847396,-0.08826459444537393,0.4187,25.79,78.4,,,,,,
2026-07-30T23:09:57.760681+00:00,S050,mounted,true,rotor_drag,mild,900,rotor_drag-mild_horizontal_no_load_0900rpm,2641641,901,425,2162,3341,5,3,1564099,9,150,124,112,7,1780,1494,1214,86,256,1620,16383,1793,1740,1773729,808,2099,2413,564854,11954,8,382513,1496,112128,390,2641542077,2641641925,0,2641641999,2641642514,3894076941,17862268,-73,12,1056,0.4036,1687.6,0.6316860644135858,0.10838859477998986,0.4036,25.91,78.6,,,,,,
2026-07-30T23:09:57.854414+00:00,S050,mounted,true,rotor_drag,mild,900,rotor_drag-mild_horizontal_no_load_0900rpm,2641741,953,423,2092,3203,6,3,1564137,9,150,132,137,24,1770,1495,1232,86,257,1619,16383,1788,1728,1734187,800,2063,2251,561607,11956,8,382517,1496,112129,390,2641642945,2641741997,0,2641742071,2641742586,3759621471,17868246,-74,35,1049,0.3656,1687.6,0.36107703144864445,0.047817581465372516,0.3656,25.94,78.7,,,,,,
2026-07-30T23:09:57.996431+00:00,S050,mounted,true,rotor_drag,mild,900,rotor_drag-mild_horizontal_no_load_0900rpm,2641842,829,592,2292,4076,5,3,1564171,9,150,147,117,25,1772,1495,1244,86,257,1621,16383,1822,1734,1774917,808,2093,2447,562163,11956,8,382521,1496,112130,390,2641743022,2641842780,0,2641842795,2641843310,3900127075,17868244,-56,20,1066,0.3732,1687.6,0.6876666707929076,0.09780579156908642,0.3732,25.88,78.6,,,,,,
2026-07-30T23:09:58.090696+00:00,S050,mounted,true,rotor_drag,mild,900,rotor_drag-mild_horizontal_no_load_0900rpm,2641942,847,447,2257,3578,4,3,1564208,9,150,131,116,15,1779,1495,1227,99,345,1613,16383,1840,1743,1778474,800,2142,2435,564388,11956,8,382525,1496,112131,390,2641843742,2641942819,0,2641942828,2641943343,3954730920,17868246,-93,3,1048,0.3998,1687.6,0.6676713867514215,0.1794532014051522,0.3998,26.13,79.0,,,,,,
2026-07-30T23:09:58.183477+00:00,S050,mounted,true,rotor_drag,mild,900,rotor_drag-mild_horizontal_no_load_0900rpm,2642042,945,389,2252,3281,6,3,1564245,9,150,116,90,12,1774,1495,1247,93,302,1617,16383,1805,1735,1748729,800,2135,2423,562801,11956,8,382529,1496,112132,390,2641943774,2642042854,0,2642042868,2642043383,3823165589,17868248,-96,25,1031,0.3808,1687.6,0.6476761027099363,0.16778928571428553,0.3808,26.01,78.8,,,,,,
2026-07-30T23:09:58.280059+00:00,S050,mounted,true,rotor_drag,mild,900,rotor_drag-mild_horizontal_no_load_0900rpm,2642142,883,455,2274,3561,6,3,1564281,9,150,129,79,3,1766,1494,1229,93,302,1623,16383,1781,1723,1733784,800,1937,2231,560210,11950,8,382521,1496,112133,390,2642043814,2642142922,0,2642142931,2642143446,3757955106,17850320,-101,0,1035,0.3504,1687.6,0.3296180634309618,-0.16051236267782443,0.3504,25.82,78.5,,,,,,
2026-07-30T23:09:58.370367+00:00,S050,mounted,true,rotor_drag,mild,900,rotor_drag-mild_horizontal_no_load_0900rpm,2642242,922,478,2109,3406,2,3,1564318,9,150,120,103,23,1755,1495,1238,90,274,1623,16383,1760,1717,1718721,800,1887,2201,556920,11958,8,382529,1496,112134,390,2642143874,2642243108,0,2642243117,2642243632,3692763207,17874222,-106,37,1033,0.3087,1687.6,0.2771499563472153,-0.2459724681384854,0.3087,25.82,78.5,,,,,,
2026-07-30T23:09:58.463747+00:00,S050,mounted,true,rotor_drag,mild,900,rotor_drag-mild_horizontal_no_load_0900rpm,2642342,912,387,2192,3254,3,3,1564355,9,150,101,69,9,1745,1495,1247,90,274,1623,16383,1744,1715,1709051,800,2105,2187,553703,11956,8,382532,1496,112135,390,2642244069,2642343145,0,2642343160,2642343675,3651168269,17868248,-96,31,1031,0.2707,1687.6,0.2544355165607226,0.11780107561057207,0.2707,25.82,78.5,,,,,,
2026-07-30T23:09:58.556679+00:00,S050,mounted,true,rotor_drag,mild,900,rotor_drag-mild_horizontal_no_load_0900rpm,2642443,876,354,2323,3334,6,3,1564389,9,150,93,52,6,1743,1494,1213,86,248,1625,16383,1770,1718,1739207,808,2109,2219,552953,11954,8,382532,1496,112136,390,2642344105,2642443789,0,2642443863,2642444378,3743886305,17862268,-108,24,1045,0.2631,1687.6,0.30837488890747844,0.12505411929061339,0.2631,25.76,78.4,,,,,,
2026-07-30T23:09:58.698607+00:00,S050,mounted,true,rotor_drag,mild,900,rotor_drag-mild_horizontal_no_load_0900rpm,2642543,918,470,2071,3350,2,3,1564426,9,150,135,147,10,1742,1494,1202,85,257,1635,16383,1769,1719,1727241,800,2065,2339,552790,11951,8,382526,1496,112137,390,2642444809,2642543864,0,2642544103,2642544618,3729622269,17853305,-106,30,1044,0.2593,1687.6,0.5093396951719518,0.052589696678102094,0.2593,25.46,77.8,,,,,,
2026-07-30T23:09:58.795108+00:00,S050,mounted,true,rotor_drag,mild,900,rotor_drag-mild_horizontal_no_load_0900rpm,2642643,907,347,2296,3254,3,3,1564463,9,150,91,62,7,1737,1494,1206,85,257,1627,16383,1744,1711,1711533,800,2103,2181,551114,11952,8,382523,1496,112138,390,2642545051,2642644110,0,2642644184,2642644699,3661807865,17856292,-91,39,1033,0.2404,1687.6,0.24565412048192714,0.1156412771084332,0.2404,25.7,78.3,,,,,,
2026-07-30T23:09:58.886945+00:00,S050,mounted,true,rotor_drag,mild,900,rotor_drag-mild_horizontal_no_load_0900rpm,2642744,923,283,2293,3061,1,3,1564500,9,150,78,3,6,1730,1494,1209,80,226,1629,16383,1726,1708,1717522,808,2090,2161,548902,11954,8,382523,1496,112139,390,2642645128,2642744960,0,2642744970,2642745485,3650901884,17862270,-120,10,1041,0.2138,1687.6,0.21171484674585894,0.09338962272042783,0.2138,25.64,78.1,,,,,,
2026-07-30T23:09:58.979812+00:00,S050,mounted,true,rotor_drag,mild,900,rotor_drag-mild_horizontal_no_load_0900rpm,2642844,935,353,2203,3148,4,3,1564538,9,150,85,34,21,1726,1494,1240,78,202,1632,16383,1728,1706,1702129,800,2103,2163,547566,11951,8,382518,1496,112140,390,2642745913,2642844989,0,2642845003,2642845518,3621622471,17853305,-104,48,1041,0.1986,1687.6,0.2159528348255373,0.11593458698016867,0.1986,25.55,78.0,,,,,,
2026-07-30T23:09:59.073375+00:00,S050,mounted,true,rotor_drag,mild,900,rotor_drag-mild_horizontal_no_load_0900rpm,2642944,911,442,2223,3438,4,3,1564574,9,150,98,26,38,1724,1495,1217,78,202,1631,16383,1739,1713,1706984,800,2100,2329,547147,11957,8,382524,1496,112141,390,2642845949,2642945030,0,2642945040,2642945555,3642386424,17871233,-93,30,1050,0.191,1687.6,0.49072181876724885,0.10917706071757127,0.191,25.58,78.0,,,,,,
2026-07-30T23:09:59.167461+00:00,S050,mounted,true,rotor_drag,mild,900,rotor_drag-mild_horizontal_no_load_0900rpm,2643044,908,390,2192,3268,6,3,1564611,9,150,92,44,28,1725,1494,1219,85,225,1626,16383,1748,1714,1712388,800,2013,2203,547450,11952,8,382521,1496,112142,390,2642945986,2643045050,0,2643045059,2643045574,3665488888,17856294,-60,38,1052,0.1948,1687.6,0.28232440963855376,-0.03437354216867483,0.1948,25.73,78.3,,,,,,
2026-07-30T23:09:59.260914+00:00,S050,mounted,true,rotor_drag,mild,900,rotor_drag-mild_horizontal_no_load_0900rpm,2643144,926,380,2278,3305,6,3,1564647,9,150,91,56,27,1727,1494,1219,85,225,1625,16383,1749,1721,1716173,800,2114,2191,548029,11952,8,382518,1496,112143,390,2643046004,2643145086,0,2643145095,2643145610,3681669821,17856292,-62,43,1042,0.2024,1687.6,0.2623224337349397,0.13397642168674695,0.2024,25.76,78.4,,,,,,
2026-07-30T23:09:59.402275+00:00,S050,mounted,true,rotor_drag,mild,900,rotor_drag-mild_horizontal_no_load_0900rpm,2643244,884,396,2407,3527,6,3,1564683,9,150,94,28,38,1730,1494,1242,88,262,1630,16383,1761,1728,1720521,800,2065,2205,548915,11953,8,382517,1496,112144,390,2643146044,2643245151,0,2643245160,2643245675,3700346007,17859281,-57,38,1052,0.2138,1687.6,0.28535058771856425,0.052013725006274214,0.2138,25.61,78.1,,,,,,
2026-07-30T23:09:59.494941+00:00,S050,mounted,true,rotor_drag,mild,900,rotor_drag-mild_horizontal_no_load_0900rpm,2643345,878,434,2229,3466,4,3,1564718,9,150,104,41,22,1735,1494,1190,83,224,1628,16383,1775,1730,1746871,808,2007,2215,550535,11954,8,382517,1496,112145,390,2643246105,2643345776,0,2643345850,2643346365,3776901641,17862268,-59,37,1049,0.2328,1687.6,0.30170867910322885,-0.0449342307177516,0.2328,25.67,78.2,,,,,,
2026-07-30T23:09:59.588579+00:00,S050,mounted,true,rotor_drag,mild,900,rotor_drag-mild_horizontal_no_load_0900rpm,2643445,880,326,2385,3311,1,3,1564758,9,150,91,30,27,1745,1494,1188,83,224,1626,16383,1819,1698,1749149,800,1941,2291,553642,11952,8,382514,1496,112146,390,2643346795,2643445877,0,2643445956,2643446471,3825448763,17856292,-345,-94,1143,0.2707,1687.6,0.4290055662650598,-0.15438539759036196,0.2707,25.73,78.3,,,,,,
2026-07-30T23:09:59.682620+00:00,S050,mounted,true,rotor_drag,mild,900,rotor_drag-mild_horizontal_no_load_0900rpm,2643545,1298,418,1498,2304,4,3,1564814,9,150,110,86,20,1728,1494,1193,468,2002,1628,16375,1698,1685,1677319,800,1981,2215,548216,11954,8,382514,1496,112147,390,2643446903,2643545949,0,2643546023,2643546538,3516822591,17862272,-268,73,1105,0.2062,1687.6,0.30170867910322885,-0.08826459444537393,0.2062,25.67,78.2,,,,,,
2026-07-30T23:09:59.778204+00:00,S050,mounted,true,rotor_drag,mild,900,rotor_drag-mild_horizontal_no_load_0900rpm,2643645,868,694,1990,3990,4,3,1564844,9,150,181,177,45,1716,1494,1207,376,1542,1627,16383,1696,1688,1676928,800,1990,2167,544524,11954,8,382514,1496,112148,390,2643546974,2643646031,0,2643646110,2643646625,3515160058,17862268,-166,64,1085,0.1607,1687.6,0.22171416145223377,-0.07326562238581236,0.1607,25.7,78.3,,,,,,
2026-07-30T23:09:59.871443+00:00,S050,mounted,true,rotor_drag,mild,900,rotor_drag-mild_horizontal_no_load_0900rpm,2643745,721,678,2446,4797,4,3,1564880,9,150,194,231,32,1709,1494,1229,376,1542,1632,16383,1700,1690,1680509,800,2074,2269,542377,11954,8,382514,1496,112149,390,2643647060,2643746143,0,2643746217,2643746732,3530200607,17862270,-110,62,1066,0.1341,1687.6,0.39170251146059876,0.06672478350342992,0.1341,25.55,78.0,,,,,,
2026-07-30T23:09:59.964614+00:00,S050,mounted,true,rotor_drag,mild,900,rotor_drag-mild_horizontal_no_load_0900rpm,2643846,937,256,2331,3014,6,3,1564917,9,150,73,9,4,1704,1495,1240,297,1180,1629,16383,1698,1690,1696379,808,2074,2245,540813,11958,8,382522,1496,112150,390,2643747167,2643846793,0,2643846802,2643847317,3561565489,17874222,-86,53,1061,0.1151,1687.6,0.350453735574511,0.06556859357752076,0.1151,25.64,78.1,,,,,,
2026-07-30T23:10:00.107191+00:00,S050,mounted,true,rotor_drag,mild,900,rotor_drag-mild_horizontal_no_load_0900rpm,2643946,910,274,2289,3042,2,3,1564954,9,150,80,40,5,1701,1494,1225,297,1180,1629,16383,1698,1688,1679251,800,2069,2134,539747,11954,8,382522,1496,112151,390,2643847746,2643946907,0,2643946917,2643947432,3524891237,17862270,-75,53,1052,0.1037,1687.6,0.1667179305671742,0.05839202124811749,0.1037,25.64,78.1,,,,,,
2026-07-30T23:10:00.201055+00:00,S050,mounted,true,rotor_drag,mild,900,rotor_drag-mild_horizontal_no_load_0900rpm,2644046,883,252,2488,3202,2,3,1564990,9,150,72,13,5,1699,1494,1218,235,911,1624,16383,1698,1691,1679343,800,2003,2127,539057,11953,8,382521,1496,112152,390,2643947866,2644046946,0,2644046961,2644047476,3525279845,17859291,-71,50,1043,0.0961,1687.6,0.15534862135028815,-0.051321171337739724,0.0961,25.79,78.4,,,,,,
2026-07-30T23:10:00.294281+00:00,S050,mounted,true,rotor_drag,mild,900,rotor_drag-mild_horizontal_no_load_0900rpm,2644146,883,254,2442,3161,6,3,1565025,9,150,72,4,2,1698,1494,1256,195,746,1624,16383,1700,1689,1680027,800,2056,2213,538627,11953,8,382520,1496,112153,390,2644047905,2644146994,0,2644147004,2644147519,3528170337,17859279,-66,36,1054,0.0924,1687.6,0.29868412273069467,0.03701349811762711,0.0924,25.79,78.4,,,,,,
2026-07-30T23:10:00.386722+00:00,S050,mounted,true,rotor_drag,mild,900,rotor_drag-mild_horizontal_no_load_0900rpm,2644247,892,293,2383,3205,6,3,1565061,9,150,79,37,10,1698,1494,1242,195,746,1632,16383,1705,1691,1699606,808,1967,2127,538679,11953,8,382519,1496,112154,390,2644147947,2644247759,0,2644247833,2644248348,3575143002,17859281,-67,69,1031,0.0924,1687.6,0.15534862135028815,-0.11132207889232859,0.0924,25.55,78.0,,,,,,
2026-07-30T23:10:00.480078+00:00,S050,mounted,true,rotor_drag,mild,900,rotor_drag-mild_horizontal_no_load_0900rpm,2644347,870,411,2303,3485,4,3,1565096,9,150,100,94,15,1704,1495,1205,176,655,1630,16383,1734,1698,1702341,800,2080,2355,540672,11957,8,382525,1496,112155,390,2644248782,2644347828,0,2644347901,2644348417,3622651413,17871235,-70,68,1039,0.1151,1687.6,0.5340413109475621,0.07585437442502263,0.1151,25.61,78.1,,,,,,
2026-07-30T23:10:00.573234+00:00,S050,mounted,true,rotor_drag,mild,900,rotor_drag-mild_horizontal_no_load_0900rpm,2644447,877,365,2410,3450,4,3,1565132,9,150,105,91,12,1715,1494,1222,158,554,1624,16383,1755,1718,1721882,800,2111,2195,544108,11953,8,382524,1496,112156,390,2644348852,2644447915,0,2644447994,2644448509,3706263606,17859281,-86,69,1036,0.1569,1687.6,0.26868366895340046,0.12868155132602643,0.1569,25.79,78.4,,,,,,
2026-07-30T23:10:00.671165+00:00,S050,mounted,true,rotor_drag,mild,900,rotor_drag-mild_horizontal_no_load_0900rpm,2644547,894,326,2342,3255,4,3,1565168,9,150,87,15,3,1726,1495,1232,158,554,1624,16383,1766,1740,1733849,800,2067,2309,547645,11958,8,382532,1496,112157,390,2644448941,2644548002,0,2644548076,2644548591,3757948765,17874222,-84,52,1047,0.1986,1687.6,0.4570774144505765,0.053906628700451265,0.1986,25.79,78.4,,,,,,
2026-07-30T23:10:00.807758+00:00,S050,mounted,true,rotor_drag,mild,900,rotor_drag-mild_horizontal_no_load_0900rpm,2644647,909,361,2350,3343,4,3,1565204,9,150,102,89,6,1735,1494,1218,132,440,1632,16383,1784,1737,1738145,800,1973,2397,550419,11955,8,382533,1496,112158,390,2644549021,2644648091,0,2644648165,2644648680,3776795719,17865257,-78,47,1041,0.2328,1687.6,0.6046870782936007,-0.10187205445420311,0.2328,25.55,78.0,,,,,,
2026-07-30T23:10:00.901351+00:00,S050,mounted,true,rotor_drag,mild,900,rotor_drag-mild_horizontal_no_load_0900rpm,2644748,884,452,2318,3597,4,3,1565240,9,150,119,114,14,1745,1495,1238,132,440,1635,16383,1794,1743,1769161,808,2048,2447,553749,11956,8,382536,1496,112159,390,2644649111,2644748777,0,2644748786,2644749300,3874117869,17868246,-79,51,1027,0.2707,1687.6,0.6876666707929076,0.02282347641351601,0.2707,25.46,77.8,,,,,,
2026-07-30T23:10:00.995329+00:00,S050,mounted,true,rotor_drag,mild,900,rotor_drag-mild_horizontal_no_load_0900rpm,2644848,896,352,2283,3265,4,3,1565276,9,150,92,42,15,1751,1495,1263,119,381,1630,16383,1794,1744,1746785,800,2017,2350,555518,11957,8,382541,1496,112160,390,2644749733,2644848973,0,2644848983,2644849498,3814388711,17871235,-85,50,1019,0.2935,1687.6,0.5257106393744246,-0.029112087396504283,0.2935,25.61,78.1,,,,,,
2026-07-30T23:10:01.090127+00:00,S050,mounted,true,rotor_drag,mild,900,rotor_drag-mild_horizontal_no_load_0900rpm,2644948,875,517,2323,3801,4,3,1565312,9,150,135,149,9,1760,1495,1258,108,331,1626,16383,1817,1756,1766149,800,1993,2285,558571,11956,8,382544,1496,112161,390,2644849929,2644948998,0,2644949007,2644949522,3899658777,17868244,-81,20,1031,0.3276,1687.6,0.41773033623285327,-0.06882157544329237,0.3276,25.73,78.3,,,,,,
2026-07-30T23:10:01.181960+00:00,S050,mounted,true,rotor_drag,mild,900,rotor_drag-mild_horizontal_no_load_0900rpm,2645048,892,444,2260,3505,6,3,1565349,9,150,103,71,30,1769,1495,1257,108,331,1621,16383,1832,1769,1772605,800,2151,2491,561463,11958,8,382551,1496,112162,390,2644949954,2645049048,0,2645049063,2645049578,3928163465,17874222,-86,48,1024,0.3618,1687.6,0.7602885012543901,0.19385020722528834,0.3618,25.88,78.6,,,,,,
2026-07-30T23:10:01.275995+00:00,S050,mounted,true,rotor_drag,mild,900,rotor_drag-mild_horizontal_no_load_0900rpm,2645148,935,541,2080,3528,6,3,1565385,9,150,124,67,15,1769,1494,1250,99,292,1616,16383,1817,1732,1756526,800,2089,2515,561449,11954,8,382550,1496,112163,390,2645050010,2645149073,0,2645149083,2645149598,3857652644,17862270,-77,57,1040,0.3618,1687.6,0.8016744144219503,0.09172307026936588,0.3618,26.04,78.9,,,,,,
2026-07-30T23:10:01.416571+00:00,S050,mounted,true,rotor_drag,mild,900,rotor_drag-mild_horizontal_no_load_0900rpm,2645249,829,554,2449,4121,1,3,1565418,9,150,148,95,23,1776,1494,1225,100,284,1620,16383,1833,1757,1789197,808,2041,2419,563526,11952,8,382545,1496,112164,390,2645150032,2645249787,0,2645249861,2645250376,3962729777,17856296,-114,19,1041,0.3884,1687.6,0.6423599759036138,0.012297734939758609,0.3884,25.91,78.6,,,,,,
2026-07-30T23:10:01.509708+00:00,S050,mounted,true,rotor_drag,mild,900,rotor_drag-mild_horizontal_no_load_0900rpm,2645349,866,719,2295,4372,1,3,1565454,9,150,180,143,47,1775,1494,1225,100,284,1618,16383,1802,1756,1758917,800,2153,2271,563360,11955,8,382545,1496,112165,390,2645250809,2645349859,0,2645349938,2645350453,3867587763,17865257,-91,35,1044,0.3846,1687.6,0.3947190341279798,0.19808229435382652,0.3846,25.97,78.8,,,,,,
2026-07-30T23:10:01.605855+00:00,S050,mounted,true,rotor_drag,mild,900,rotor_drag-mild_horizontal_no_load_0900rpm,2645449,902,618,2116,3830,3,3,1565489,9,150,152,165,8,1774,1495,1245,99,265,1621,16383,1827,1746,1757779,800,1970,2305,563062,11957,8,382549,1496,112166,390,2645350886,2645449957,0,2645450030,2645450546,3862925793,17871235,-73,15,1060,0.3808,1687.6,0.45073459521619075,-0.1074204001839929,0.3808,25.88,78.6,,,,,,
2026-07-30T23:10:01.696598+00:00,S050,mounted,true,rotor_drag,mild,900,rotor_drag-mild_horizontal_no_load_0900rpm,2645549,895,375,2335,3384,1,3,1565526,9,150,94,53,23,1770,1494,1201,99,265,1620,16383,1779,1749,1746637,800,2101,2225,561796,11951,8,382542,1496,112167,390,2645450976,2645550050,0,2645550124,2645550639,3813611897,17853305,-78,5,1065,0.3656,1687.6,0.3193050242657516,0.112600645385323,0.3656,25.91,78.6,,,,,,
2026-07-30T23:10:01.792067+00:00,S050,mounted,true,rotor_drag,mild,900,rotor_drag-mild_horizontal_no_load_0900rpm,2645649,931,331,2236,3126,4,3,1565564,9,150,87,42,23,1768,1494,1200,92,254,1626,16383,1793,1749,1747268,800,2005,2373,560973,11954,8,382542,1496,112168,390,2645551072,2645650124,0,2645650203,2645650718,3816425026,17862270,-82,-10,1049,0.358,1687.6,0.565023966371089,-0.048267335619876395,0.358,25.73,78.3,,,,,,
2026-07-30T23:10:01.886169+00:00,S050,mounted,true,rotor_drag,mild,900,rotor_drag-mild_horizontal_no_load_0900rpm,2645750,920,385,2194,3241,4,3,1565600,9,150,92,71,21,1767,1494,1232,92,226,1623,16383,1791,1740,1766950,808,2146,2307,560635,11954,8,382542,1496,112169,390,2645651148,2645750933,0,2645750942,2645751457,3864262192,17862268,-61,3,1039,0.3542,1687.6,0.45503150460096986,0.18671655997992254,0.3542,25.82,78.5,,,,,,
2026-07-30T23:10:01.979842+00:00,S050,mounted,true,rotor_drag,mild,900,rotor_drag-mild_horizontal_no_load_0900rpm,2645850,900,374,2292,3331,4,3,1565636,9,150,99,91,23,1767,1494,1227,92,226,1623,16383,1794,1750,1752731,800,2146,2245,560710,11954,8,382542,1496,112170,390,2645751890,2645850958,0,2645850967,2645851482,3840324201,17862270,-53,7,1061,0.3542,1687.6,0.3517052526351008,0.18671655997992254,0.3542,25.82,78.5,,,,,,
2026-07-30T23:10:02.072198+00:00,S050,mounted,true,rotor_drag,mild,900,rotor_drag-mild_horizontal_no_load_0900rpm,2645950,917,332,2273,3180,6,3,1565673,9,150,92,76,19,1764,1495,1230,93,219,1624,16383,1785,1741,1741875,800,1989,2425,559679,11956,8,382545,1496,112171,390,2645851911,2645951039,0,2645951049,2645951564,3792969511,17868246,-71,15,1058,0.3428,1687.6,0.6510086500501835,-0.07548667012378774,0.3428,25.79,78.4,,,,,,
2026-07-30T23:10:02.212122+00:00,S050,mounted,true,rotor_drag,mild,900,rotor_drag-mild_horizontal_no_load_0900rpm,2646051,903,347,2293,3254,6,3,1565709,9,150,94,79,20,1764,1494,1222,89,214,1630,16383,1781,1747,1766384,808,2145,2275,559735,11953,8,382542,1496,112172,390,2645951994,2646051791,0,2646051865,2646052380,3861755314,17859283,-83,22,1050,0.3428,1687.6,0.40201901907470905,0.18534907512758325,0.3428,25.61,78.1,,,,,,
2026-07-30T23:10:02.307177+00:00,S050,mounted,true,rotor_drag,mild,900,rotor_drag-mild_horizontal_no_load_0900rpm,2646151,914,333,2314,3224,2,3,1565746,9,150,94,82,11,1762,1495,1209,89,214,1626,16383,1781,1743,1743641,800,1965,2255,559213,11956,8,382545,1496,112173,390,2646052813,2646152040,0,2646152114,2646152629,3800607749,17868246,-92,12,1038,0.3352,1687.6,0.3677421261291398,-0.11547723820675859,0.3352,25.73,78.3,,,,,,
2026-07-30T23:10:02.399755+00:00,S050,mounted,true,rotor_drag,mild,900,rotor_drag-mild_horizontal_no_load_0900rpm,2646251,906,340,2302,3241,2,3,1565782,9,150,94,79,11,1764,1495,1194,86,205,1623,16383,1789,1752,1753389,800,1923,2255,559874,11956,8,382547,1496,112174,390,2646153059,2646252115,0,2646252189,2646252708,3843298689,17868244,-109,31,1045,0.3428,1687.6,0.3677421261291398,-0.18546073235195726,0.3428,25.82,78.5,,,,,,
2026-07-30T23:10:02.494315+00:00,S050,mounted,true,rotor_drag,mild,900,rotor_drag-mild_horizontal_no_load_0900rpm,2646352,924,330,2319,3213,3,3,1565819,9,150,85,58,16,1765,1495,1225,86,205,1627,16383,1783,1756,1769589,808,2147,2250,560200,11957,8,382551,1496,112175,390,2646253139,2646352791,0,2646352801,2646353316,3875762005,17871233,-92,46,1052,0.3466,1687.6,0.3590972079116832,0.18748537350505945,0.3466,25.7,78.3,,,,,,
2026-07-30T23:10:02.586410+00:00,S050,mounted,true,rotor_drag,mild,900,rotor_drag-mild_horizontal_no_load_0900rpm,2646452,924,294,2328,3125,1,3,1565856,9,150,79,45,10,1765,1494,1234,83,195,1624,16383,1780,1749,1748195,800,2133,2401,559991,11953,8,382548,1496,112176,390,2646353749,2646452846,0,2646452856,2646453371,3820520217,17859281,-64,45,1051,0.3466,1687.6,0.6120221955157703,0.16534877260938652,0.3466,25.79,78.4,,,,,,
2026-07-30T23:10:02.678607+00:00,S050,mounted,true,rotor_drag,mild,900,rotor_drag-mild_horizontal_no_load_0900rpm,2646552,916,404,2260,3363,5,3,1565893,9,150,93,65,15,1764,1494,1234,83,190,1624,16383,1781,1748,1746789,800,2147,2235,559732,11953,8,382545,1496,112177,390,2646453801,2646552890,0,2646552899,2646553414,3814254147,17859279,-85,41,1049,0.3428,1687.6,0.33535134401405475,0.1886824588806153,0.3428,25.79,78.4,,,,,,
2026-07-30T23:10:02.821187+00:00,S050,mounted,true,rotor_drag,mild,900,rotor_drag-mild_horizontal_no_load_0900rpm,2646652,936,345,2255,3177,6,3,1565931,9,150,82,35,16,1763,1495,1221,83,190,1629,16383,1781,1747,1746984,800,2138,2379,559548,11956,8,382547,1496,112178,390,2646553844,2646652909,0,2646652923,2646653438,3815153500,17868244,-52,29,1062,0.339,1687.6,0.5743600612244895,0.17278810672465683,0.339,25.64,78.1,,,,,,
2026-07-30T23:10:02.915931+00:00,S050,mounted,true,rotor_drag,mild,900,rotor_drag-mild_horizontal_no_load_0900rpm,2646752,943,345,2298,3213,2,3,1565968,9,150,83,35,6,1761,1495,1235,83,186,1627,16383,1776,1741,1742568,800,2129,2405,558916,11957,8,382551,1496,112179,390,2646653868,2646752954,0,2646752964,2646753479,3795889750,17871237,-88,33,1049,0.3314,1687.6,0.6173480266789326,0.15749495584176598,0.3314,25.7,78.3,,,,,,
2026-07-30T23:10:03.010749+00:00,S050,mounted,true,rotor_drag,mild,900,rotor_drag-mild_horizontal_no_load_0900rpm,2646852,940,346,2309,3230,1,3,1566006,9,150,83,34,5,1757,1494,1222,81,178,1625,16383,1768,1738,1733461,800,1979,2217,557548,11953,8,382548,1496,112180,390,2646753911,2646853003,0,2646853017,2646853532,3756272453,17859281,-78,7,1056,0.3163,1687.6,0.30535089023676054,-0.0913217763741323,0.3163,25.76,78.4,,,,,,
2026-07-30T23:10:03.104465+00:00,S050,mounted,true,rotor_drag,mild,900,rotor_drag-mild_horizontal_no_load_0900rpm,2646952,902,348,2347,3312,1,3,1566042,9,150,97,71,9,1757,1494,1214,81,178,1626,16383,1778,1735,1740051,800,1957,2383,557399,11954,8,382547,1496,112181,390,2646853960,2646953070,0,2646953085,2646953600,3785021831,17862268,-87,4,1045,0.3163,1687.6,0.581689490881713,-0.12826185327087192,0.3163,25.73,78.3,,,,,,
2026-07-30T23:10:03.198872+00:00,S050,mounted,true,rotor_drag,mild,900,rotor_drag-mild_horizontal_no_load_0900rpm,2647052,906,307,2383,3232,5,3,1566079,9,150,77,19,13,1758,1494,1219,75,156,1624,16383,1782,1740,1747754,800,2015,2243,557927,11952,8,382542,1496,112182,390,2646954027,2647053088,0,2647053097,2647053613,3818585182,17856290,-88,25,1045,0.3201,1687.6,0.34899766265060217,-0.031039879518072855,0.3201,25.79,78.4,,,,,,
2026-07-30T23:10:03.293361+00:00,S050,mounted,true,rotor_drag,mild,900,rotor_drag-mild_horizontal_no_load_0900rpm,2647152,926,313,2207,3053,4,3,1566116,9,150,85,40,20,1755,1495,1221,75,156,1626,16383,1758,1734,1731892,800,2085,2361,556758,11958,8,382549,1496,112183,390,2647054042,2647153132,0,2647153141,2647153656,3749507398,17874222,-95,29,1035,0.3087,1687.6,0.5437091535373808,0.08389453838434457,0.3087,25.73,78.3,,,,,,
2026-07-30T23:10:03.385215+00:00,S050,mounted,true,rotor_drag,mild,900,rotor_drag-mild_horizontal_no_load_0900rpm,2647253,927,306,2314,3140,2,3,1566154,9,150,79,28,11,1746,1494,1247,70,154,1625,16383,1756,1712,1730403,808,2083,2191,553961,11953,8,382546,1496,112184,390,2647154086,2647253937,0,2647254011,2647254526,3705937223,17859281,-85,34,1029,0.2745,1687.6,0.26201690144733547,0.08201417878356887,0.2745,25.76,78.4,,,,,,
2026-07-30T23:10:03.478147+00:00,S050,mounted,true,rotor_drag,mild,900,rotor_drag-mild_horizontal_no_load_0900rpm,2647353,916,357,2261,3235,3,3,1566191,9,150,86,63,7,1737,1494,1205,70,161,1625,16383,1729,1710,1704820,800,2089,2317,551264,11953,8,382543,1496,112185,390,2647254956,2647354015,0,2647354089,2647354604,3633114114,17859281,-89,43,1024,0.2404,1687.6,0.47202007788839584,0.09201433004266679,0.2404,25.76,78.4,,,,,,
2026-07-30T23:10:03.618670+00:00,S050,mounted,true,rotor_drag,mild,900,rotor_drag-mild_horizontal_no_load_0900rpm,2647453,935,280,2311,3061,1,3,1566228,9,150,77,20,3,1729,1494,1229,70,161,1629,16383,1722,1706,1698623,800,2073,2175,548785,11954,8,382543,1496,112186,390,2647355032,2647454096,0,2647454170,2647454685,3606698095,17862272,-68,27,1048,0.21,1687.6,0.2350465810607325,0.06505823105236708,0.21,25.64,78.1,,,,,,
2026-07-30T23:10:03.713223+00:00,S050,mounted,true,rotor_drag,mild,900,rotor_drag-mild_horizontal_no_load_0900rpm,2647554,934,285,2407,3170,5,3,1566265,9,150,82,50,6,1723,1494,1246,74,187,1628,16383,1716,1701,1711447,808,2095,2139,546683,11953,8,382541,1496,112187,390,2647455114,2647554772,0,2647554782,2647555297,3625110813,17859281,-78,26,1044,0.1872,1687.6,0.17534892386848488,0.10201448130176471,0.1872,25.67,78.2,,,,,,
2026-07-30T23:10:03.805116+00:00,S050,mounted,true,rotor_drag,mild,900,rotor_drag-mild_horizontal_no_load_0900rpm,2647654,929,281,2355,3111,6,3,1566303,9,150,75,23,5,1716,1494,1214,72,170,1623,16383,1709,1695,1686839,800,1911,2323,544480,11954,8,382541,1496,112188,390,2647555726,2647654807,0,2647654821,2647655336,3556916037,17862270,-67,18,1052,0.1607,1687.6,0.48169634381796866,-0.2049232660197422,0.1607,25.82,78.5,,,,,,
2026-07-30T23:10:03.898538+00:00,S050,mounted,true,rotor_drag,mild,900,rotor_drag-mild_horizontal_no_load_0900rpm,2647754,923,275,2346,3092,6,3,1566339,9,150,76,5,1,1710,1494,1234,72,170,1626,16383,1702,1693,1682250,800,2069,2257,542555,11953,8,382539,1496,112189,390,2647655765,2647754862,0,2647754871,2647755386,3537516284,17859281,-70,52,1043,0.1379,1687.6,0.37201856529741484,0.058680492512339644,0.1379,25.73,78.3,,,,,,
2026-07-30T23:10:03.991048+00:00,S050,mounted,true,rotor_drag,mild,900,rotor_drag-mild_horizontal_no_load_0900rpm,2647854,912,250,2424,3111,2,3,1566376,9,150,72,10,8,1707,1495,1245,88,260,1625,16383,1706,1697,1686459,800,2043,2133,541671,11956,8,382542,1496,112190,390,2647755814,2647854981,0,2647854996,2647855511,3555220341,17868246,-43,26,1039,0.1265,1687.6,0.16445673837403785,0.014492108062897024,0.1265,25.76,78.4,,,,,,
2026-07-30T23:10:04.086377+00:00,S050,mounted,true,rotor_drag,mild,900,rotor_drag-mild_horizontal_no_load_0900rpm,2647954,937,285,2309,3070,3,3,1566413,9,150,76,27,3,1706,1494,1224,88,260,1631,16383,1710,1700,1690465,800,2088,2144,541457,11950,8,382534,1496,112191,390,2647855939,2647955041,0,2647955050,2647955565,3572124333,17850316,-64,14,1037,0.1227,1687.6,0.1845794679497903,0.0912212915481172,0.1227,25.58,78.0,,,,,,
2026-07-30T23:10:04.225991+00:00,S050,mounted,true,rotor_drag,mild,900,rotor_drag-mild_horizontal_no_load_0900rpm,2648054,932,263,2342,3048,1,3,1566450,9,150,74,8,4,1707,1495,1229,83,242,1626,16383,1714,1705,1694129,800,1923,2141,541747,11956,8,382537,1496,112192,390,2647955994,2648055064,0,2648055073,2648055589,3587668473,17868248,-59,22,1041,0.1265,1687.6,0.17778692773502813,-0.18546073235195726,0.1265,25.73,78.3,,,,,,
2026-07-30T23:10:04.320162+00:00,S050,mounted,true,rotor_drag,mild,900,rotor_drag-mild_horizontal_no_load_0900rpm,2648154,940,283,2274,3027,5,3,1566487,9,150,79,23,8,1709,1495,1245,77,211,1628,16383,1724,1701,1697306,800,1947,2295,542254,11958,8,382544,1496,112193,390,2648056016,2648155108,0,2648155118,2648155633,3601212834,17874222,-68,41,1044,0.1341,1687.6,0.43375348469643704,-0.14601276919217288,0.1341,25.67,78.2,,,,,,
2026-07-30T23:10:04.416984+00:00,S050,mounted,true,rotor_drag,mild,900,rotor_drag-mild_horizontal_no_load_0900rpm,2648255,911,291,2401,3201,5,3,1566523,9,150,83,47,9,1715,1495,1239,77,211,1621,16383,1741,1717,1729232,808,2109,2175,544093,11957,8,382549,1496,112194,390,2648156061,2648255770,0,2648255844,2648256359,3700877326,17871233,-68,45,1037,0.1569,1687.6,0.23413713431462702,0.12417226954921778,0.1569,25.88,78.6,,,,,,
2026-07-30T23:10:04.509115+00:00,S050,mounted,true,rotor_drag,mild,900,rotor_drag-mild_horizontal_no_load_0900rpm,2648355,884,313,2389,3275,5,3,1566559,9,150,76,6,5,1723,1495,1221,75,198,1623,16383,1761,1726,1725819,800,2079,2207,546808,11959,8,382557,1496,112195,390,2648256787,2648355839,0,2648355913,2648356428,3723209061,17877211,-79,32,1028,0.1872,1687.6,0.28683847152771946,0.0736089453131532,0.1872,25.82,78.5,,,,,,
2026-07-30T23:10:04.602394+00:00,S050,mounted,true,rotor_drag,mild,900,rotor_drag-mild_horizontal_no_load_0900rpm,2648455,929,340,2148,3064,4,3,1566596,9,150,85,62,4,1731,1495,1225,71,179,1621,16383,1764,1734,1731674,800,1919,2377,549179,11957,8,382561,1496,112196,390,2648356855,2648455907,0,2648455981,2648456496,3748602170,17871233,-111,-9,1032,0.2176,1687.6,0.5706962658693646,-0.192393250229991,0.2176,25.88,78.6,,,,,,
2026-07-30T23:10:04.696045+00:00,S050,mounted,true,rotor_drag,mild,900,rotor_drag-mild_horizontal_no_load_0900rpm,2648555,938,279,2243,2988,6,3,1566633,9,150,78,46,3,1731,1494,1233,71,179,1612,16383,1744,1723,1717450,800,2119,2339,549343,11953,8,382557,1496,112197,390,2648456925,2648555980,0,2648556054,2648556569,3687194280,17859279,-73,20,1042,0.2176,1687.6,0.5086872991717559,0.14201508633815774,0.2176,26.16,79.1,,,,,,
2026-07-30T23:10:04.787573+00:00,S050,mounted,true,rotor_drag,mild,900,rotor_drag-mild_horizontal_no_load_0900rpm,2648656,943,395,2217,3265,2,3,1566670,9,150,101,56,11,1729,1494,1249,85,272,1619,16383,1739,1710,1726101,808,1921,2387,548564,11952,8,382552,1496,112198,390,2648556998,2648656803,0,2648656812,2648657327,3687711693,17856292,-83,7,1046,0.21,1687.6,0.589021373493976,-0.18772202409638572,0.21,25.94,78.7,,,,,,
2026-07-30T23:10:04.928510+00:00,S050,mounted,true,rotor_drag,mild,900,rotor_drag-mild_horizontal_no_load_0900rpm,2648756,917,326,2345,3234,2,3,1566706,9,150,87,39,7,1727,1495,1217,85,272,1624,16383,1735,1711,1708525,800,2093,2181,547969,11959,8,382560,1496,112199,390,2648657757,2648756984,0,2648756994,2648757509,3648914675,17877211,-90,17,1033,0.2024,1687.6,0.24352622401538593,0.09693092474287113,0.2024,25.79,78.4,,,,,,
2026-07-30T23:10:05.022297+00:00,S050,mounted,true,rotor_drag,mild,900,rotor_drag-mild_horizontal_no_load_0900rpm,2648856,928,339,2177,3091,3,3,1566743,9,150,77,20,1,1719,1495,1234,81,233,1625,16383,1714,1693,1688375,800,1925,2137,545524,11957,8,382564,1496,112200,390,2648757941,2648857116,0,2648857126,2648857641,3563359397,17871233,-65,18,1049,0.1721,1687.6,0.17082403035878535,-0.18239644434222635,0.1721,25.76,78.4,,,,,,
2026-07-30T23:10:05.129640+00:00,S050,mounted,true,rotor_drag,mild,900,rotor_drag-mild_horizontal_no_load_0900rpm,2648956,912,249,2370,3053,1,3,1566780,9,150,74,6,0,1713,1494,1229,76,206,1623,16383,1705,1695,1685054,800,2075,2127,543537,11955,8,382564,1496,112201,390,2648858069,2648957124,0,2648957138,2648957653,3549291210,17865257,-60,24,1057,0.1493,1687.6,0.15475555508155558,0.06810207653701328,0.1493,25.82,78.5,,,,,,
2026-07-30T23:10:05.222230+00:00,S050,mounted,true,rotor_drag,mild,900,rotor_drag-mild_horizontal_no_load_0900rpm,2649057,907,244,2351,3024,5,3,1566817,9,150,75,32,3,1709,1494,1220,76,206,1623,16383,1706,1693,1702936,808,2053,2281,542280,11953,8,382560,1496,112202,390,2648958079,2649057776,0,2649057850,2649058365,3589169462,17859285,-65,60,1087,0.1341,1687.6,0.41201917033380697,0.032013422488077925,0.1341,25.82,78.5,,,,,,
2026-07-30T23:10:05.316778+00:00,S050,mounted,true,rotor_drag,mild,900,rotor_drag-mild_horizontal_no_load_0900rpm,2649157,924,349,2271,3216,4,3,1566854,9,150,83,38,4,1706,1494,1209,214,818,1624,16383,1703,1693,1684259,800,2083,2133,541233,11951,8,382552,1496,112203,390,2649058793,2649157837,0,2649157916,2649158431,3545947083,17853305,-32,-37,1075,0.1227,1687.6,0.16594371090285343,0.08259517103171232,0.1227,25.79,78.4,,,,,,
2026-07-30T23:10:05.411237+00:00,S050,mounted,true,rotor_drag,mild,900,rotor_drag-mild_horizontal_no_load_0900rpm,2649257,889,379,2269,3335,4,3,1566890,9,150,94,43,14,1705,1494,1218,201,750,1624,16383,1717,1693,1689249,800,1871,2288,541086,11954,8,382551,1496,112204,390,2649158862,2649257920,0,2649257994,2649258509,3567125997,17862270,-59,31,1064,0.1189,1687.6,0.4233670080307843,-0.271585364062239,0.1189,25.79,78.4,,,,,,
2026-07-30T23:10:05.505965+00:00,S050,mounted,true,rotor_drag,mild,900,rotor_drag-mild_horizontal_no_load_0900rpm,2649357,926,346,2282,3216,2,3,1566928,9,150,88,52,12,1704,1494,1230,201,750,1625,16383,1710,1695,1688183,800,2037,2295,540826,11953,8,382548,1496,112205,390,2649258943,2649358012,0,2649358091,2649358606,3562537281,17859281,-26,34,1042,0.1151,1687.6,0.43535285660503575,0.00534635246381665,0.1151,25.76,78.4,,,,,,
2026-07-30T23:10:05.600684+00:00,S050,mounted,true,rotor_drag,mild,900,rotor_drag-mild_horizontal_no_load_0900rpm,2649457,947,280,2234,2974,3,3,1566965,9,150,72,4,4,1702,1494,1235,172,614,1627,16383,1702,1692,1681983,800,2047,2211,540030,11951,8,382541,1496,112206,390,2649359037,2649458096,0,2649458170,2649458685,3536386743,17853313,-60,22,1027,0.1075,1687.6,0.29596743310183227,0.02258422232449142,0.1075,25.7,78.3,,,,,,
2026-07-30T23:10:05.694630+00:00,S050,mounted,true,rotor_drag,mild,900,rotor_drag-mild_horizontal_no_load_0900rpm,2649558,931,256,2319,3008,1,3,1567002,9,150,73,5,3,1700,1494,1248,172,614,1625,16383,1697,1691,1697329,808,2079,2123,539342,11955,8,382542,1496,112207,390,2649459117,2649558760,0,2649558770,2649559284,3565534187,17865255,-66,80,1026,0.0999,1687.6,0.1480899028858218,0.07476772873274751,0.0999,25.76,78.4,,,,,,
2026-07-30T23:10:05.835196+00:00,S050,mounted,true,rotor_drag,mild,900,rotor_drag-mild_horizontal_no_load_0900rpm,2649658,911,289,2363,3156,5,3,1567039,9,150,75,29,4,1699,1494,1224,153,522,1625,16383,1702,1693,1683369,800,2081,2338,539150,11955,8,382543,1496,112208,390,2649559713,2649658834,0,2649658843,2649659358,3542282255,17865257,-57,37,1042,0.0961,1687.6,0.5063687084065238,0.07810055483061484,0.0961,25.76,78.4,,,,,,
2026-07-30T23:10:05.928346+00:00,S050,mounted,true,rotor_drag,mild,900,rotor_drag-mild_horizontal_no_load_0900rpm,2649758,901,294,2461,3279,4,3,1567076,9,150,86,58,17,1701,1495,1213,127,414,1627,16383,1710,1695,1689162,800,2087,2185,539628,11957,8,382548,1496,112209,390,2649659792,2649759015,0,2649759025,2649759540,3566636028,17871233,-85,31,1040,0.1037,1687.6,0.25079847746090156,0.08751731462741441,0.1037,25.7,78.3,,,,,,
2026-07-30T23:10:06.021911+00:00,S050,mounted,true,rotor_drag,mild,900,rotor_drag-mild_horizontal_no_load_0900rpm,2649858,928,309,2292,3126,4,3,1567112,9,150,76,29,4,1700,1494,1248,127,414,1627,16383,1702,1692,1684676,800,2054,2317,539494,11952,8,382543,1496,112210,390,2649759971,2649859065,0,2649859075,2649859590,3547748762,17856296,-84,54,1037,0.0999,1687.6,0.4723431807228913,0.03396654216867434,0.0999,25.7,78.3,,,,,,
2026-07-30T23:10:06.116621+00:00,S050,mounted,true,rotor_drag,mild,900,rotor_drag-mild_horizontal_no_load_0900rpm,2649958,894,330,2317,3240,4,3,1567148,9,150,78,32,4,1702,1495,1221,115,392,1628,16383,1710,1697,1689749,800,2083,2141,539976,11957,8,382548,1496,112211,390,2649860019,2649959099,0,2649959109,2649959624,3569107495,17871233,-100,53,1031,0.1075,1687.6,0.1774885676172948,0.08085277736890495,0.1075,25.67,78.2,,,,,,
2026-07-30T23:10:06.211003+00:00,S050,mounted,true,rotor_drag,mild,900,rotor_drag-mild_horizontal_no_load_0900rpm,2650058,929,294,2328,3120,6,3,1567185,9,150,80,32,2,1701,1495,1235,102,324,1627,16383,1707,1695,1685445,800,2071,2139,539805,11958,8,382554,1496,112212,390,2649960055,2650059133,0,2650059142,2650059657,3550943089,17874222,-83,48,1042,0.1037,1687.6,0.17385826743602584,0.06057060863020558,0.1037,25.7,78.3,,,,,,
2026-07-30T23:10:06.308590+00:00,S050,mounted,true,rotor_drag,mild,900,rotor_drag-mild_horizontal_no_load_0900rpm,2650159,910,253,2389,3086,2,3,1567222,9,150,73,9,4,1700,1495,1227,102,324,1631,16383,1704,1695,1700986,808,1971,2137,539585,11956,8,382556,1496,112213,390,2650060091,2650159805,0,2650159879,2650160394,3580936614,17868246,-78,51,1050,0.0999,1687.6,0.1711218330545332,-0.10547959618601599,0.0999,25.58,78.0,,,,,,
2026-07-30T23:10:06.398168+00:00,S050,mounted,true,rotor_drag,mild,900,rotor_drag-mild_horizontal_no_load_0900rpm,2650259,899,329,2309,3225,2,3,1567258,9,150,80,16,7,1701,1494,1222,95,290,1628,16383,1709,1694,1686851,800,2077,2138,539647,11955,8,382556,1496,112214,390,2650160823,2650260100,0,2650260174,2650260689,3556874189,17865257,-69,41,1059,0.1037,1687.6,0.17308609861982438,0.07143490263488061,0.1037,25.67,78.2,,,,,,
2026-07-30T23:10:06.491821+00:00,S050,mounted,true,rotor_drag,mild,900,rotor_drag-mild_horizontal_no_load_0900rpm,2650360,898,284,2310,3100,2,3,1567294,9,150,76,29,6,1701,1495,1213,95,290,1631,16383,1707,1694,1703965,808,1979,2263,539775,11958,8,382562,1496,112215,390,2650261118,2650360795,0,2650360804,2650361319,3593529097,17874222,-99,12,1053,0.1037,1687.6,0.3804416452584043,-0.09270092975413968,0.1037,25.58,78.0,,,,,,
2026-07-30T23:10:06.631773+00:00,S050,mounted,true,rotor_drag,mild,900,rotor_drag-mild_horizontal_no_load_0900rpm,2650460,911,267,2328,3062,2,3,1567330,9,150,77,36,5,1703,1494,1217,88,274,1631,16383,1713,1700,1691211,800,2075,2175,540257,11953,8,382558,1496,112216,390,2650361748,2650461017,0,2650461027,2650461542,3575291779,17859281,-89,23,1051,0.1113,1687.6,0.23534983142307375,0.06868064377143801,0.1113,25.58,78.0,,,,,,
2026-07-30T23:10:06.724854+00:00,S050,mounted,true,rotor_drag,mild,900,rotor_drag-mild_horizontal_no_load_0900rpm,2650560,865,386,2352,3467,4,3,1567364,9,150,107,81,9,1710,1494,1234,79,237,1627,16383,1764,1701,1709787,800,1979,2287,542680,11953,8,382555,1496,112217,390,2650461974,2650561056,0,2650561065,2650561580,3654776609,17859279,-89,13,1049,0.1379,1687.6,0.42201932159290534,-0.0913217763741323,0.1379,25.7,78.3,,,,,,
2026-07-30T23:10:06.818260+00:00,S050,mounted,true,rotor_drag,mild,900,rotor_drag-mild_horizontal_no_load_0900rpm,2650660,858,404,2482,3660,6,3,1567401,9,150,112,114,31,1721,1494,1249,79,237,1624,16383,1770,1722,1728275,800,2113,2217,545982,11953,8,382552,1496,112218,390,2650562010,2650661099,0,2650661109,2650661624,3733921309,17859281,-118,19,1041,0.1796,1687.6,0.30535089023676054,0.13201493507905937,0.1796,25.79,78.4,,,,,,
2026-07-30T23:10:06.926907+00:00,S050,mounted,true,rotor_drag,mild,900,rotor_drag-mild_horizontal_no_load_0900rpm,2650761,949,263,2255,2948,1,3,1567440,9,150,72,3,1,1717,1494,1227,75,210,1625,16383,1729,1695,1712024,808,2078,2152,544803,11953,8,382549,1496,112219,390,2650662057,2650761931,0,2650762005,2650762520,3627631210,17859281,-105,26,1044,0.1645,1687.6,0.19701591826319742,0.07368071940098675,0.1645,25.76,78.4,,,,,,
2026-07-30T23:10:07.022237+00:00,S050,mounted,true,rotor_drag,mild,900,rotor_drag-mild_horizontal_no_load_0900rpm,2650861,908,296,2297,3113,1,3,1567476,9,150,76,34,1,1712,1495,1232,69,188,1624,16383,1707,1695,1686042,800,1909,2133,543180,11956,8,382551,1496,112220,390,2650762948,2650862003,0,2650862077,2650862592,3553505208,17868244,-88,37,1050,0.1455,1687.6,0.16445673837403785,-0.20878856373369015,0.1455,25.79,78.4,,,,,,
2026-07-30T23:10:07.131380+00:00,S050,mounted,true,rotor_drag,mild,900,rotor_drag-mild_horizontal_no_load_0900rpm,2650961,921,260,2359,3065,5,3,1567513,9,150,77,28,4,1708,1494,1229,69,188,1625,16383,1705,1694,1686629,800,1911,2221,542119,11955,8,382551,1496,112221,390,2650863025,2650962100,0,2650962174,2650962689,3555996325,17865257,-80,52,1045,0.1303,1687.6,0.3113983816813044,-0.20518966348808076,0.1303,25.76,78.4,,,,,,
2026-07-30T23:10:07.225502+00:00,S050,mounted,true,rotor_drag,mild,900,rotor_drag-mild_horizontal_no_load_0900rpm,2651062,891,322,2348,3252,5,3,1567549,9,150,82,52,0,1706,1495,1251,66,171,1627,16383,1710,1696,1704076,808,1975,2203,541478,11956,8,382553,1496,112222,390,2650963118,2651062865,0,2651062874,2651063389,3593972194,17868246,-72,17,1059,0.1227,1687.6,0.2810958952827032,-0.09881450150552062,0.1227,25.7,78.3,,,,,,
2026-07-30T23:10:07.317019+00:00,S050,mounted,true,rotor_drag,mild,900,rotor_drag-mild_horizontal_no_load_0900rpm,2651162,913,282,2324,3096,5,3,1567585,9,150,75,17,2,1704,1494,1219,66,171,1641,16383,1703,1692,1684309,800,2045,2129,540668,11955,8,382553,1496,112223,390,2651063815,2651162916,0,2651162925,2651163440,3546169685,17865257,-68,28,1056,0.1151,1687.6,0.15808838117942248,0.018109685069008563,0.1151,25.27,77.5,,,,,,
2026-07-30T23:10:07.414848+00:00,S050,mounted,true,rotor_drag,mild,900,rotor_drag-mild_horizontal_no_load_0900rpm,2651262,891,340,2255,3210,5,3,1567621,9,150,85,55,8,1704,1494,1253,74,232,1634,16383,1710,1695,1688140,800,1923,2341,540575,11954,8,382552,1496,112224,390,2651163869,2651262984,0,2651262993,2651263508,3562484906,17862266,-82,55,1045,0.1151,1687.6,0.5116942879370923,-0.18492463660699388,0.1151,25.49,77.9,,,,,,
2026-07-30T23:10:07.506349+00:00,S050,mounted,true,rotor_drag,mild,900,rotor_drag-mild_horizontal_no_load_0900rpm,2651363,887,261,2407,3143,1,3,1567656,9,150,76,23,2,1704,1494,1216,75,227,1633,16383,1715,1697,1708076,808,2079,2351,540815,11954,8,382551,1496,112225,390,2651263937,2651363763,0,2651363837,2651364352,3610909782,17862268,-69,43,1056,0.1151,1687.6,0.5283598124477162,0.07505754575874146,0.1151,25.52,77.9,,,,,,
2026-07-30T23:10:07.600175+00:00,S050,mounted,true,rotor_drag,mild,900,rotor_drag-mild_horizontal_no_load_0900rpm,2651463,903,308,2431,3285,1,3,1567692,9,150,81,35,7,1709,1494,1240,75,227,1631,16383,1728,1708,1703789,800,2093,2159,542265,11954,8,382550,1496,112226,390,2651364781,2651463875,0,2651463953,2651464469,3628701299,17862270,-56,30,1059,0.1341,1687.6,0.20838174184373415,0.09838928007361547,0.1341,25.58,78.0,,,,,,
2026-07-30T23:10:07.742548+00:00,S050,mounted,true,rotor_drag,mild,900,rotor_drag-mild_horizontal_no_load_0900rpm,2651563,908,260,2370,3087,1,3,1567728,9,150,74,18,2,1709,1494,1237,71,225,1625,16383,1715,1705,1695430,800,2089,2157,542399,11955,8,382550,1496,112227,390,2651464897,2651563957,0,2651564031,2651564545,3593148674,17865257,-66,24,1054,0.1341,1687.6,0.20474794654956074,0.09143185922208241,0.1341,25.76,78.4,,,,,,
2026-07-30T23:10:07.835329+00:00,S050,mounted,true,rotor_drag,mild,900,rotor_drag-mild_horizontal_no_load_0900rpm,2651663,918,267,2344,3071,5,3,1567765,9,150,74,1,3,1708,1495,1241,69,207,1625,16383,1711,1701,1692051,800,2053,2145,542132,11957,8,382554,1496,112228,390,2651564974,2651664033,0,2651664107,2651664622,3578836291,17871233,-74,26,1058,0.1303,1687.6,0.18415310487580472,0.03086874793008265,0.1303,25.76,78.4,,,,,,
2026-07-30T23:10:07.929057+00:00,S050,mounted,true,rotor_drag,mild,900,rotor_drag-mild_horizontal_no_load_0900rpm,2651763,916,264,2347,3068,4,3,1567802,9,150,75,9,4,1707,1495,1203,69,207,1629,16383,1709,1698,1689458,800,2084,2299,541665,11958,8,382560,1496,112229,390,2651665054,2651764120,0,2651764194,2651764709,3567909050,17874222,-65,42,1053,0.1265,1687.6,0.44041746462619136,0.08222854340190677,0.1265,25.64,78.1,,,,,,
2026-07-30T23:10:08.024290+00:00,S050,mounted,true,rotor_drag,mild,900,rotor_drag-mild_horizontal_no_load_0900rpm,2651864,912,350,2301,3260,6,3,1567839,9,150,90,61,20,1706,1494,1242,133,586,1624,16383,1713,1696,1705608,808,2085,2207,541293,11955,8,382560,1496,112230,390,2651765136,2651864801,0,2651864810,2651865325,3600422450,17865257,-45,135,978,0.1227,1687.6,0.28806859899623527,0.08476620702634818,0.1227,25.79,78.4,,,,,,
2026-07-30T23:10:08.118827+00:00,S050,mounted,true,rotor_drag,mild,900,rotor_drag-mild_horizontal_no_load_0900rpm,2651964,933,305,2264,3083,2,3,1567876,9,150,82,47,10,1704,1494,1217,133,586,1622,16383,1708,1695,1686173,800,2051,2209,540767,11953,8,382556,1496,112231,390,2651865756,2651964831,0,2651964840,2651965355,3554029947,17859281,-21,117,998,0.1151,1687.6,0.2920173552246297,0.028680038735045432,0.1151,25.85,78.5,,,,,,
2026-07-30T23:10:08.214580+00:00,S050,mounted,true,rotor_drag,mild,900,rotor_drag-mild_horizontal_no_load_0900rpm,2652064,911,263,2407,3131,2,3,1567912,9,150,75,10,5,1703,1494,1236,284,1385,1624,16383,1707,1697,1685715,800,2071,2135,540386,11952,8,382551,1496,112232,390,2651965786,2652064838,0,2652064847,2652065363,3552083701,17856294,-68,79,1021,0.1113,1687.6,0.16897987951807192,0.06230267469879491,0.1113,25.79,78.4,,,,,,
2026-07-30T23:10:08.309337+00:00,S050,mounted,true,rotor_drag,mild,900,rotor_drag-mild_horizontal_no_load_0900rpm,2652164,910,266,2315,3047,3,3,1567949,9,150,80,32,8,1702,1494,1243,260,1253,1618,16383,1706,1693,1684497,800,1899,2233,540010,11952,8,382546,1496,112233,390,2652065793,2652164942,0,2652164952,2652165467,3547018945,17856294,-57,73,1050,0.1075,1687.6,0.33232934939759007,-0.22439231325301234,0.1075,25.97,78.8,,,,,,
2026-07-30T23:10:08.403555+00:00,S050,mounted,true,rotor_drag,mild,900,rotor_drag-mild_horizontal_no_load_0900rpm,2652264,907,307,2304,3150,3,3,1567985,9,150,75,26,3,1702,1494,1233,260,1253,1619,16383,1706,1694,1686101,800,2065,2141,539930,11955,8,382546,1496,112234,390,2652165901,2652264993,0,2652265002,2652265518,3553712215,17865259,-48,55,1065,0.1075,1687.6,0.17808533776662427,0.05143794604767837,0.1075,25.94,78.7,,,,,,
2026-07-30T23:10:08.546217+00:00,S050,mounted,true,rotor_drag,mild,900,rotor_drag-mild_horizontal_no_load_0900rpm,2652364,902,270,2403,3152,1,3,1568022,9,150,74,6,5,1703,1494,1237,218,1000,1622,16383,1711,1701,1691031,800,1924,2281,540381,11953,8,382543,1496,112235,390,2652265948,2652365033,0,2652365042,2652365557,3574600067,17859281,-69,66,1055,0.1113,1687.6,0.41201917033380697,-0.18298982958253163,0.1113,25.85,78.5,,,,,,
2026-07-30T23:10:08.640145+00:00,S050,mounted,true,rotor_drag,mild,900,rotor_drag-mild_horizontal_no_load_0900rpm,2652464,904,306,2285,3131,1,3,1568058,9,150,81,30,12,1703,1494,1255,179,783,1621,16383,1712,1697,1688813,800,1965,2137,540486,11950,8,382535,1496,112236,390,2652365987,2652465052,0,2652465061,2652465576,3565179231,17850320,-68,42,1050,0.1113,1687.6,0.17290969589958127,-0.11383327447698788,0.1113,25.88,78.6,,,,,,
2026-07-30T23:10:08.735106+00:00,S050,mounted,true,rotor_drag,mild,900,rotor_drag-mild_horizontal_no_load_0900rpm,2652564,902,255,2411,3118,4,3,1568096,9,150,75,25,4,1704,1495,1231,179,783,1624,16383,1714,1693,1690260,800,2073,2311,540627,11956,8,382538,1496,112237,390,2652466011,2652565120,0,2652565129,2652565644,3571335834,17868244,-66,45,1050,0.1151,1687.6,0.4610534516560718,0.06448031816661048,0.1151,25.79,78.4,,,,,,
2026-07-30T23:10:08.828580+00:00,S050,mounted,true,rotor_drag,mild,900,rotor_drag-mild_horizontal_no_load_0900rpm,2652665,908,251,2419,3110,6,3,1568133,9,150,72,9,5,1702,1494,1213,148,617,1625,16383,1700,1693,1699010,808,2079,2307,539903,11954,8,382538,1496,112238,390,2652566074,2652665751,0,2652665829,2652666344,3572644604,17862268,-75,57,1044,0.1075,1687.6,0.45503150460096986,0.07505754575874146,0.1075,25.76,78.4,,,,,,
2026-07-30T23:10:08.922958+00:00,S050,mounted,true,rotor_drag,mild,900,rotor_drag-mild_horizontal_no_load_0900rpm,2652765,913,269,2329,3065,6,3,1568169,9,150,73,14,3,1700,1494,1213,148,617,1623,16383,1699,1692,1681329,800,1867,2135,539341,11952,8,382534,1496,112239,390,2652666773,2652765844,0,2652765918,2652766433,3533676667,17856294,-90,109,1043,0.0999,1687.6,0.16897987951807192,-0.27773091566265107,0.0999,25.82,78.5,,,,,,
2026-07-30T23:10:09.015487+00:00,S050,mounted,true,rotor_drag,mild,900,rotor_drag-mild_horizontal_no_load_0900rpm,2652865,922,263,2305,3019,2,3,1568206,9,150,74,15,1,1698,1494,1209,135,535,1625,16383,1700,1690,1680634,800,2055,2130,538879,11952,8,382530,1496,112240,390,2652766864,2652866078,0,2652866152,2652866667,3530702680,17856292,-67,52,1053,0.0924,1687.6,0.16064572289156587,0.03563337349397555,0.0924,25.76,78.4,,,,,,
2026-07-30T23:10:09.154207+00:00,S050,mounted,true,rotor_drag,mild,900,rotor_drag-mild_horizontal_no_load_0900rpm,2652966,906,268,2422,3164,2,3,1568242,9,150,74,21,1,1699,1494,1225,124,445,1626,16383,1702,1693,1700851,808,2074,2193,538949,11954,8,382530,1496,112241,390,2652867096,2652966916,0,2652966926,2652967441,3580361625,17862268,-68,42,1039,0.0961,1687.6,0.26504452517985566,0.06672478350342992,0.0961,25.73,78.3,,,,,,
2026-07-30T23:10:09.248381+00:00,S050,mounted,true,rotor_drag,mild,900,rotor_drag-mild_horizontal_no_load_0900rpm,2653066,918,263,2328,3045,3,3,1568279,9,150,74,8,1,1698,1495,1234,124,445,1633,16383,1702,1694,1683457,800,2081,2131,538894,11956,8,382533,1496,112242,390,2652967871,2653066966,0,2653066976,2653067491,3542564347,17868246,-73,37,1051,0.0924,1687.6,0.1611241910337906,0.07781050752760077,0.0924,25.52,77.9,,,,,,
2026-07-30T23:10:09.343669+00:00,S050,mounted,true,rotor_drag,mild,900,rotor_drag-mild_horizontal_no_load_0900rpm,2653166,927,266,2329,3047,1,3,1568316,9,150,73,6,2,1699,1495,1213,118,410,1629,16383,1706,1693,1685081,800,1983,2127,539061,11956,8,382536,1496,112243,390,2653067919,2653167098,0,2653167108,2653167623,3549444001,17868244,-94,68,1036,0.0961,1687.6,0.15445909635329524,-0.08548431214453034,0.0961,25.64,78.1,,,,,,
2026-07-30T23:10:09.436446+00:00,S050,mounted,true,rotor_drag,mild,900,rotor_drag-mild_horizontal_no_load_0900rpm,2653266,925,253,2332,3017,5,3,1568353,9,150,71,3,5,1700,1494,1247,108,350,1634,16383,1704,1697,1686183,800,2075,2225,539281,11952,8,382532,1496,112244,390,2653168052,2653267144,0,2653267153,2653267668,3554061971,17856294,-91,34,1035,0.0999,1687.6,0.31899469879518083,0.06896999999999975,0.0999,25.49,77.9,,,,,,
2026-07-30T23:10:09.530388+00:00,S050,mounted,true,rotor_drag,mild,900,rotor_drag-mild_horizontal_no_load_0900rpm,2653367,924,267,2314,3037,6,3,1568391,9,150,76,20,2,1699,1495,1221,108,350,1634,16383,1702,1692,1699201,808,2074,2129,539027,11956,8,382535,1496,112245,390,2653268101,2653367774,0,2653367852,2653368368,3573406317,17868244,-78,49,1036,0.0961,1687.6,0.15779164369354293,0.06614659183673455,0.0961,25.49,77.9,,,,,,
2026-07-30T23:10:09.623631+00:00,S050,mounted,true,rotor_drag,mild,900,rotor_drag-mild_horizontal_no_load_0900rpm,2653467,922,261,2335,3043,6,3,1568427,9,150,77,31,2,1698,1495,1200,101,309,1629,16383,1698,1692,1680736,800,2073,2123,538682,11956,8,382538,1496,112246,390,2653368797,2653467865,0,2653467939,2653468454,3531126530,17868246,-72,41,1035,0.0924,1687.6,0.14779400167279988,0.06448031816661048,0.0924,25.64,78.1,,,,,,
2026-07-30T23:10:09.718194+00:00,S050,mounted,true,rotor_drag,mild,900,rotor_drag-mild_horizontal_no_load_0900rpm,2653567,914,285,2328,3109,2,3,1568464,9,150,73,16,3,1698,1494,1218,101,309,1623,16383,1700,1693,1683078,800,2083,2214,538687,11953,8,382536,1496,112247,390,2653468888,2653567942,0,2653568016,2653568531,3540982834,17859281,-65,33,1042,0.0924,1687.6,0.30035081460721136,0.08201417878356887,0.0924,25.82,78.5,,,,,,
2026-07-30T23:10:09.810284+00:00,S050,mounted,true,rotor_drag,mild,900,rotor_drag-mild_horizontal_no_load_0900rpm,2653667,924,248,2346,3018,3,3,1568501,9,150,72,5,4,1697,1494,1230,101,284,1621,16383,1700,1693,1682197,800,2053,2133,538575,11955,8,382537,1496,112248,390,2653568961,2653668027,0,2653668101,2653668616,3537272929,17865257,-59,13,1059,0.0886,1687.6,0.1647540333751567,0.031440989460476576,0.0886,25.88,78.6,,,,,,
2026-07-30T23:10:09.950850+00:00,S050,mounted,true,rotor_drag,mild,900,rotor_drag-mild_horizontal_no_load_0900rpm,2653767,927,266,2311,3029,1,3,1568538,9,150,73,14,2,1697,1494,1203,93,239,1622,16383,1699,1691,1681291,800,2069,2125,538454,11952,8,382533,1496,112249,390,2653669045,2653768095,0,2653768169,2653768684,3533458813,17856294,-75,36,1044,0.0886,1687.6,0.15231156626505982,0.05896901204819249,0.0886,25.85,78.5,,,,,,
2026-07-30T23:10:10.044519+00:00,S050,mounted,true,rotor_drag,mild,900,rotor_drag-mild_horizontal_no_load_0900rpm,2653868,924,280,2313,3072,5,3,1568575,9,150,73,12,3,1697,1494,1208,93,239,1625,16383,1699,1693,1699026,808,2071,2131,538413,11955,8,382534,1496,112250,390,2653769116,2653868798,0,2653868808,2653869323,3572671616,17865257,-51,31,1045,0.0886,1687.6,0.16142120727728937,0.06143642434127994,0.0886,25.76,78.4,,,,,,
2026-07-30T23:10:10.137217+00:00,S050,mounted,true,rotor_drag,mild,900,rotor_drag-mild_horizontal_no_load_0900rpm,2653968,893,254,2428,3139,1,3,1568610,9,150,72,6,3,1697,1495,1232,87,216,1630,16383,1702,1693,1682096,800,2035,2219,538385,11957,8,382539,1496,112251,390,2653869752,2653968957,0,2653968966,2653969481,3536873620,17871233,-57,60,1035,0.0886,1687.6,0.3074470441582333,0.0008783302667891846,0.0886,25.61,78.1,,,,,,
2026-07-30T23:10:10.230105+00:00,S050,mounted,true,rotor_drag,mild,900,rotor_drag-mild_horizontal_no_load_0900rpm,2654068,883,254,2428,3148,1,3,1568646,9,150,73,6,1,1697,1494,1238,80,197,1625,16383,1702,1693,1682220,800,2077,2127,538399,11952,8,382535,1496,112252,390,2653969908,2654068996,0,2654069006,2654069521,3537362134,17856294,-72,57,1031,0.0886,1687.6,0.15564522891566224,0.07230366265060217,0.0886,25.76,78.4,,,,,,
2026-07-30T23:10:10.324617+00:00,S050,mounted,true,rotor_drag,mild,900,rotor_drag-mild_horizontal_no_load_0900rpm,2654168,924,250,2347,3024,5,3,1568683,9,150,73,19,9,1697,1494,1222,80,197,1631,16383,1702,1693,1683312,800,1959,2223,538525,11953,8,382533,1496,112253,390,2654069948,2654169028,0,2654169042,2654169557,3541994526,17859281,-52,7,1066,0.0886,1687.6,0.31535104149585846,-0.124655613904459,0.0886,25.58,78.0,,,,,,
2026-07-30T23:10:10.418265+00:00,S050,mounted,true,rotor_drag,mild,900,rotor_drag-mild_horizontal_no_load_0900rpm,2654268,930,249,2368,3038,4,3,1568720,9,150,73,11,5,1697,1494,1234,82,223,1624,16383,1702,1693,1682866,800,1997,2131,538604,11954,8,382533,1496,112254,390,2654169985,2654269071,0,2654269081,2654269596,3540094538,17862270,-63,31,1052,0.0886,1687.6,0.16171827321398657,-0.06159975522837602,0.0886,25.79,78.4,,,,,,
2026-07-30T23:10:10.558392+00:00,S050,mounted,true,rotor_drag,mild,900,rotor_drag-mild_horizontal_no_load_0900rpm,2654368,926,269,2316,3044,6,3,1568757,9,150,74,4,7,1698,1494,1244,82,223,1625,16383,1703,1693,1682852,800,1980,2124,538652,11954,8,382533,1496,112255,390,2654270025,2654369115,0,2654369129,2654369645,3540041668,17862268,-77,52,1044,0.0924,1687.6,0.15005240605655024,-0.08993114689643678,0.0924,25.76,78.4,,,,,,
2026-07-30T23:10:10.654353+00:00,S050,mounted,true,rotor_drag,mild,900,rotor_drag-mild_horizontal_no_load_0900rpm,2654468,930,266,2285,3002,2,3,1568794,9,150,77,14,7,1698,1494,1209,96,268,1628,16383,1704,1693,1684211,800,1899,2287,538813,11955,8,382534,1496,112256,390,2654370072,2654469304,0,2654469314,2654469829,3545883291,17865257,-66,9,1053,0.0924,1687.6,0.42138164291091584,-0.22518662007528256,0.0924,25.67,78.2,,,,,,
2026-07-30T23:10:10.746215+00:00,S050,mounted,true,rotor_drag,mild,900,rotor_drag-mild_horizontal_no_load_0900rpm,2654569,926,253,2374,3059,3,3,1568831,9,150,73,19,2,1698,1495,1221,94,249,1618,16383,1702,1693,1700383,808,1921,2127,538895,11959,8,382543,1496,112257,390,2654470256,2654569934,0,2654570008,2654570523,3578428263,17877215,-66,41,1043,0.0924,1687.6,0.15357001764361566,-0.18959625110795253,0.0924,25.97,78.8,,,,,,
2026-07-30T23:10:10.841175+00:00,S050,mounted,true,rotor_drag,mild,900,rotor_drag-mild_horizontal_no_load_0900rpm,2654669,927,271,2322,3055,1,3,1568868,9,150,73,10,6,1699,1495,1227,94,249,1623,16383,1705,1696,1685820,800,2086,2131,539126,11956,8,382546,1496,112258,390,2654570952,2654670024,0,2654670098,2654670613,3552517894,17868246,-81,17,1061,0.0961,1687.6,0.1611241910337906,0.08614187587821975,0.0961,25.82,78.5,,,,,,
2026-07-30T23:10:10.932863+00:00,S050,mounted,true,rotor_drag,mild,900,rotor_drag-mild_horizontal_no_load_0900rpm,2654769,926,256,2334,3027,5,3,1568905,9,150,72,8,7,1699,1495,1225,88,226,1624,16383,1705,1694,1685364,800,2079,2133,539223,11957,8,382550,1496,112259,390,2654671045,2654770089,0,2654770163,2654770678,3550600210,17871233,-103,29,1052,0.0961,1687.6,0.1641594931002759,0.07418824011039549,0.0961,25.79,78.4,,,,,,
2026-07-30T23:10:11.027451+00:00,S050,mounted,true,rotor_drag,mild,900,rotor_drag-mild_horizontal_no_load_0900rpm,2654870,914,271,2346,3089,4,3,1568942,9,150,74,8,9,1701,1495,1234,82,192,1630,16383,1713,1698,1707677,808,1983,2331,539846,11956,8,382552,1496,112260,390,2654771110,2654870910,0,2654870919,2654871434,3609218115,17868246,-87,14,1056,0.1037,1687.6,0.49437892505854775,-0.08548431214453034,0.1037,25.61,78.1,,,,,,
2026-07-30T23:10:11.119527+00:00,S050,mounted,true,rotor_drag,mild,900,rotor_drag-mild_horizontal_no_load_0900rpm,2654970,882,318,2354,3255,5,3,1568977,9,150,76,11,7,1708,1495,1245,82,192,1628,16383,1743,1709,1705849,800,2099,2273,541866,11958,8,382558,1496,112261,390,2654871862,2654970965,0,2654970974,2654971489,3637539195,17874222,-74,30,1056,0.1303,1687.6,0.3971015950827894,0.10721846813848446,0.1303,25.67,78.2,,,,,,
2026-07-30T23:10:11.260201+00:00,S050,mounted,true,rotor_drag,mild,900,rotor_drag-mild_horizontal_no_load_0900rpm,2655070,874,417,2502,3695,1,3,1569012,9,150,114,116,14,1716,1495,1232,82,212,1623,16383,1756,1718,1718016,800,1937,2355,544465,11956,8,382560,1496,112262,390,2654971918,2655070985,0,2655070994,2655071509,3689731370,17868246,-76,47,1057,0.1607,1687.6,0.5343694931415186,-0.16213290097022393,0.1607,25.82,78.5,,,,,,
2026-07-30T23:10:11.355174+00:00,S050,mounted,true,rotor_drag,mild,900,rotor_drag-mild_horizontal_no_load_0900rpm,2655170,917,608,2057,3714,5,3,1569049,9,150,156,178,26,1720,1494,1258,82,212,1626,16383,1751,1703,1714670,800,2095,2203,545783,11953,8,382556,1496,112263,390,2655071945,2655171033,0,2655171043,2655171558,3675351220,17859281,23,75,1175,0.1758,1687.6,0.2820172039655313,0.10201448130176471,0.1758,25.73,78.3,,,,,,
2026-07-30T23:10:11.448397+00:00,S050,mounted,true,rotor_drag,mild,900,rotor_drag-mild_horizontal_no_load_0900rpm,2655270,992,319,2056,2861,3,3,1569089,9,150,80,33,4,1714,1494,1245,312,1522,1627,16383,1724,1693,1688684,800,2087,2145,544038,11955,8,382556,1496,112264,390,2655171989,2655271087,0,2655271101,2655271616,3564672720,17865255,-32,60,1116,0.1531,1687.6,0.1847509899623585,0.08809903312421552,0.1531,25.7,78.3,,,,,,
2026-07-30T23:10:11.541474+00:00,S050,mounted,true,rotor_drag,mild,900,rotor_drag-mild_horizontal_no_load_0900rpm,2655370,937,264,2296,3001,1,3,1569126,9,150,74,5,4,1709,1495,1235,266,1289,1627,16383,1701,1692,1682777,800,2074,2254,542286,11958,8,382562,1496,112265,390,2655272047,2655371125,0,2655371135,2655371650,3539728319,17874222,-60,50,1082,0.1341,1687.6,0.3654476904164574,0.06556859357752076,0.1341,25.7,78.3,,,,,,
2026-07-30T23:10:11.635366+00:00,S050,mounted,true,rotor_drag,mild,900,rotor_drag-mild_horizontal_no_load_0900rpm,2655471,908,295,2309,3121,5,3,1569163,9,150,76,25,4,1705,1495,1250,266,1289,1632,16383,1699,1692,1698340,808,1963,2333,540918,11957,8,382565,1496,112266,390,2655372083,2655471701,0,2655471774,2655472290,3569882742,17871233,-73,63,1064,0.1189,1687.6,0.49738635602575876,-0.11908334038638468,0.1189,25.55,78.0,,,,,,
2026-07-30T23:10:11.729022+00:00,S050,mounted,true,rotor_drag,mild,900,rotor_drag-mild_horizontal_no_load_0900rpm,2655571,902,263,2350,3081,5,3,1569199,9,150,74,19,2,1701,1494,1215,213,995,1630,16383,1697,1690,1680294,800,2035,2124,539931,11955,8,382565,1496,112267,390,2655472724,2655571796,0,2655571869,2655572384,3529272628,17865257,-20,20,1069,0.1037,1687.6,0.14975631593475525,0.001445554579673658,0.1037,25.61,78.1,,,,,,
2026-07-30T23:10:11.823839+00:00,S050,mounted,true,rotor_drag,mild,900,rotor_drag-mild_horizontal_no_load_0900rpm,2655671,894,251,2341,3045,5,3,1569235,9,150,80,47,8,1700,1495,1238,211,979,1627,16383,1702,1691,1681379,800,1888,2125,539421,11956,8,382566,1496,112268,390,2655572815,2655671901,0,2655671975,2655672490,3533911901,17868244,-16,-14,1059,0.0999,1687.6,0.15112654901304756,-0.2437803108062897,0.0999,25.7,78.3,,,,,,
2026-07-30T23:10:11.966294+00:00,S050,mounted,true,rotor_drag,mild,900,rotor_drag-mild_horizontal_no_load_0900rpm,2655771,888,261,2435,3172,1,3,1569270,9,150,76,21,6,1700,1495,1214,211,979,1633,16383,1706,1692,1685357,800,1899,2133,539484,11957,8,382569,1496,112269,390,2655672921,2655771977,0,2655772051,2655772566,3550623057,17871233,-43,10,1044,0.0999,1687.6,0.1641594931002759,-0.22571593652253963,0.0999,25.52,77.9,,,,,,
2026-07-30T23:10:12.058430+00:00,S050,mounted,true,rotor_drag,mild,900,rotor_drag-mild_horizontal_no_load_0900rpm,2655871,878,340,2386,3356,3,3,1569305,9,150,83,40,8,1702,1494,1213,179,773,1630,16383,1711,1697,1690814,800,2031,2135,540051,11952,8,382563,1496,112270,390,2655772996,2655872063,0,2655872137,2655872652,3573619738,17856294,-47,46,1054,0.1075,1687.6,0.16897987951807192,-0.0043705783132530485,0.1075,25.61,78.1,,,,,,
2026-07-30T23:10:12.153560+00:00,S050,mounted,true,rotor_drag,mild,900,rotor_drag-mild_horizontal_no_load_0900rpm,2655972,883,298,2482,3326,3,3,1569341,9,150,85,49,2,1704,1494,1225,179,773,1626,16383,1721,1699,1710610,808,2054,2179,540748,11950,8,382553,1496,112271,390,2655873082,2655972745,0,2655972754,2655973269,3621585330,17850316,-45,47,1042,0.1151,1687.6,0.24292832820083632,0.03453954158995787,0.1151,25.73,78.3,,,,,,
2026-07-30T23:10:12.245985+00:00,S050,mounted,true,rotor_drag,mild,900,rotor_drag-mild_horizontal_no_load_0900rpm,2656072,877,244,2558,3253,2,3,1569376,9,150,76,35,12,1705,1494,1245,149,619,1621,16383,1714,1703,1693334,800,2083,2145,541145,11949,8,382542,1496,112272,390,2655973699,2656072778,0,2656072793,2656073308,3584269462,17847329,-61,38,1055,0.1189,1687.6,0.1865458460959073,0.08317635777052468,0.1189,25.88,78.6,,,,,,
2026-07-30T23:10:12.339433+00:00,S050,mounted,true,rotor_drag,mild,900,rotor_drag-mild_horizontal_no_load_0900rpm,2656172,880,301,2489,3345,6,3,1569411,9,150,80,46,6,1707,1495,1227,128,490,1624,16383,1718,1703,1696308,800,2091,2357,541715,11956,8,382545,1496,112273,390,2656073739,2656172836,0,2656172845,2656173360,3596930650,17868246,-55,41,1057,0.1265,1687.6,0.5377020404817663,0.09447324422883874,0.1265,25.79,78.4,,,,,,
2026-07-30T23:10:12.432873+00:00,S050,mounted,true,rotor_drag,mild,900,rotor_drag-mild_horizontal_no_load_0900rpm,2656272,908,329,2364,3270,6,3,1569447,9,150,82,45,1,1708,1495,1222,128,490,1625,16383,1718,1703,1696578,800,1881,2295,542118,11956,8,382547,1496,112274,390,2656173790,2656272948,0,2656272958,2656273473,3598116460,17868248,-50,44,1063,0.1303,1687.6,0.43439307293409124,-0.25544422649715637,0.1303,25.76,78.4,,,,,,
2026-07-30T23:10:12.525571+00:00,S050,mounted,true,rotor_drag,mild,900,rotor_drag-mild_horizontal_no_load_0900rpm,2656372,898,403,2290,3413,6,3,1569483,9,150,95,64,6,1711,1495,1221,112,411,1625,16383,1726,1705,1701946,800,2095,2159,542973,11956,8,382549,1496,112275,390,2656273906,2656372981,0,2656372991,2656373506,3620839544,17868244,-73,25,1044,0.1417,1687.6,0.2077798537972564,0.1011383389093341,0.1417,25.76,78.4,,,,,,
2026-07-30T23:10:12.665833+00:00,S050,mounted,true,rotor_drag,mild,900,rotor_drag-mild_horizontal_no_load_0900rpm,2656472,912,359,2248,3234,2,3,1569520,9,150,82,32,8,1711,1494,1224,103,343,1619,16383,1718,1706,1697487,800,2092,2151,543064,11951,8,382542,1496,112276,390,2656373940,2656473017,0,2656473026,2656473541,3601868749,17853305,-73,21,1050,0.1417,1687.6,0.1959491852564641,0.0975979082085181,0.1417,25.94,78.7,,,,,,
2026-07-30T23:10:12.759342+00:00,S050,mounted,true,rotor_drag,mild,900,rotor_drag-mild_horizontal_no_load_0900rpm,2656572,910,341,2249,3187,2,3,1569556,9,150,79,17,6,1713,1494,1244,103,343,1619,16383,1724,1710,1699972,800,1975,2403,543442,11951,8,382536,1496,112277,390,2656473971,2656573041,0,2656573050,2656573565,3612542044,17853307,-73,33,1055,0.1493,1687.6,0.6160258262070117,-0.09743767508995127,0.1493,25.94,78.7,,,,,,
2026-07-30T23:10:12.853369+00:00,S050,mounted,true,rotor_drag,mild,900,rotor_drag-mild_horizontal_no_load_0900rpm,2656672,908,368,2287,3300,3,3,1569593,9,150,85,55,12,1713,1494,1224,95,283,1621,16383,1721,1705,1697947,800,2035,2312,543447,11951,8,382530,1496,112278,390,2656573995,2656673100,0,2656673109,2656673624,3603899649,17853305,-78,31,1045,0.1493,1687.6,0.4643314836415362,0.002580572755417787,0.1493,25.88,78.6,,,,,,
2026-07-30T23:10:12.948282+00:00,S050,mounted,true,rotor_drag,mild,900,rotor_drag-mild_horizontal_no_load_0900rpm,2656772,916,342,2261,3195,1,3,1569630,9,150,81,50,1,1713,1494,1212,95,283,1622,16383,1722,1706,1698476,800,2035,2151,543518,11951,8,382524,1496,112279,390,2656674054,2656773134,0,2656773144,2656773659,3606082122,17853305,-96,45,1031,0.1493,1687.6,0.1959491852564641,0.002580572755417787,0.1493,25.85,78.5,,,,,,
2026-07-30T23:10:13.041947+00:00,S050,mounted,true,rotor_drag,mild,900,rotor_drag-mild_horizontal_no_load_0900rpm,2656873,953,289,2193,2952,4,3,1569668,9,150,73,15,2,1710,1494,1205,87,246,1622,16383,1712,1698,1705039,808,2079,2144,542461,11953,8,382523,1496,112280,390,2656774087,2656873758,0,2656873832,2656874347,3598014373,17859283,-82,45,1049,0.1379,1687.6,0.18368238325106612,0.075347411277503,0.1379,25.85,78.5,,,,,,
2026-07-30T23:10:13.137243+00:00,S050,mounted,true,rotor_drag,mild,900,rotor_drag-mild_horizontal_no_load_0900rpm,2656973,914,277,2374,3134,6,3,1569705,9,150,74,23,5,1708,1494,1223,84,232,1620,16383,1709,1699,1689972,800,2081,2133,541977,11953,8,382522,1496,112281,390,2656874775,2656973832,0,2656973911,2656974426,3570043124,17859279,-75,44,1055,0.1303,1687.6,0.16534877260938652,0.07868079503053593,0.1303,25.91,78.6,,,,,,
2026-07-30T23:10:13.229023+00:00,S050,mounted,true,rotor_drag,mild,900,rotor_drag-mild_horizontal_no_load_0900rpm,2657073,911,274,2478,3232,6,3,1569741,9,150,85,64,7,1709,1494,1226,84,232,1620,16383,1719,1704,1696169,800,2041,2342,542221,11954,8,382522,1496,112282,390,2656974855,2657074078,0,2657074152,2657074667,3596338627,17862270,-99,54,1042,0.1341,1687.6,0.5133608403881542,0.011728552618370358,0.1341,25.91,78.6,,,,,,
2026-07-30T23:10:13.370699+00:00,S050,mounted,true,rotor_drag,mild,900,rotor_drag-mild_horizontal_no_load_0900rpm,2657174,925,277,2278,3028,2,3,1569778,9,150,73,15,2,1708,1494,1219,80,222,1621,16383,1712,1701,1708621,808,2011,2278,541951,11953,8,382521,1496,112283,390,2657075095,2657174928,0,2657174938,2657175453,3613180797,17859283,-97,41,1040,0.1303,1687.6,0.4070190947042578,-0.037987636325608864,0.1303,25.88,78.6,,,,,,
2026-07-30T23:10:13.465055+00:00,S050,mounted,true,rotor_drag,mild,900,rotor_drag-mild_horizontal_no_load_0900rpm,2657274,913,263,2397,3119,2,3,1569814,9,150,77,26,0,1707,1495,1226,346,1746,1620,16383,1711,1701,1691373,800,2083,2267,541758,11956,8,382525,1496,112284,390,2657175881,2657274940,0,2657274949,2657275463,3576012817,17868244,-19,-155,1002,0.1265,1687.6,0.387737410170625,0.08114305486784845,0.1265,25.91,78.6,,,,,,
2026-07-30T23:10:13.557891+00:00,S050,mounted,true,rotor_drag,mild,900,rotor_drag-mild_horizontal_no_load_0900rpm,2657374,952,457,2082,3283,1,3,1569852,9,150,108,94,19,1708,1495,1250,346,1746,1618,16383,1730,1698,1695154,800,2081,2367,541945,11956,8,382529,1496,112285,390,2657275894,2657374984,0,2657374999,2657375514,3592163660,17868246,-63,-53,1027,0.1303,1687.6,0.5543647771830043,0.07781050752760077,0.1303,25.97,78.8,,,,,,
2026-07-30T23:10:13.652411+00:00,S050,mounted,true,rotor_drag,mild,900,rotor_drag-mild_horizontal_no_load_0900rpm,2657474,909,265,2365,3095,1,3,1569888,9,150,73,21,5,1706,1494,1209,280,1362,1619,16383,1708,1695,1688115,800,2075,2137,541438,11954,8,382529,1496,112286,390,2657375947,2657475035,0,2657475045,2657475560,3562200447,17862268,-78,-12,1034,0.1227,1687.6,0.17171758792036096,0.06839133595449187,0.1227,25.94,78.7,,,,,,
2026-07-30T23:10:13.745447+00:00,S050,mounted,true,rotor_drag,mild,900,rotor_drag-mild_horizontal_no_load_0900rpm,2657574,903,283,2362,3145,5,3,1569925,9,150,75,23,5,1704,1495,1219,280,1362,1623,16383,1706,1692,1685151,800,1935,2137,540809,11956,8,382532,1496,112287,390,2657475991,2657575058,0,2657575073,2657575588,3549737933,17868246,-76,23,1048,0.1151,1687.6,0.1711218330545332,-0.1654654483104716,0.1151,25.82,78.5,,,,,,
2026-07-30T23:10:13.841753+00:00,S050,mounted,true,rotor_drag,mild,900,rotor_drag-mild_horizontal_no_load_0900rpm,2657674,879,283,2375,3181,1,3,1569960,9,150,80,35,7,1709,1495,1224,225,1053,1624,16383,1738,1701,1702589,800,1947,2193,542299,11956,8,382535,1496,112288,390,2657576019,2657675101,0,2657675116,2657675631,3623785305,17868248,-54,34,1042,0.1341,1687.6,0.2644331585814652,-0.14547016426898685,0.1341,25.79,78.4,,,,,,
2026-07-30T23:10:13.931368+00:00,S050,mounted,true,rotor_drag,mild,900,rotor_drag-mild_horizontal_no_load_0900rpm,2657775,911,273,2411,3161,1,3,1569996,9,150,80,47,9,1721,1494,1234,189,868,1630,16383,1766,1735,1748281,808,1919,2213,546242,11954,8,382535,1496,112289,390,2657676061,2657775693,0,2657775766,2657776281,3783003065,17862270,-52,27,1046,0.1796,1687.6,0.29837557420110405,-0.19159084641124302,0.1796,25.61,78.1,,,,,,
2026-07-30T23:10:14.072564+00:00,S050,mounted,true,rotor_drag,mild,900,rotor_drag-mild_horizontal_no_load_0900rpm,2657875,979,257,2181,2839,4,3,1570034,9,150,74,12,2,1722,1494,1238,189,868,1626,16383,1739,1712,1708586,800,2093,2239,546434,11955,8,382536,1496,112290,390,2657776715,2657875787,0,2657875861,2657876376,3649200974,17865257,-80,34,1044,0.1834,1687.6,0.3413938165621073,0.09809751141781664,0.1834,25.73,78.3,,,,,,
2026-07-30T23:10:14.168221+00:00,S050,mounted,true,rotor_drag,mild,900,rotor_drag-mild_horizontal_no_load_0900rpm,2657975,935,258,2279,2969,2,3,1570072,9,150,75,18,2,1722,1494,1245,157,681,1624,16383,1731,1713,1706023,800,1925,2310,546301,11951,8,382530,1496,112291,390,2657876805,2657975873,0,2657975952,2657976467,3638274049,17853313,-76,33,1034,0.1834,1687.6,0.4609975420466905,-0.18078621496109148,0.1834,25.79,78.4,,,,,,
2026-07-30T23:10:14.261742+00:00,S050,mounted,true,rotor_drag,mild,900,rotor_drag-mild_horizontal_no_load_0900rpm,2658075,894,275,2347,3117,6,3,1570107,9,150,75,24,3,1723,1495,1238,133,543,1618,16383,1733,1718,1710163,800,1948,2167,546653,11956,8,382533,1496,112292,390,2657976897,2658075956,0,2658076030,2658076548,3655916659,17868244,-63,30,1046,0.1872,1687.6,0.22111004315824667,-0.14380389059886323,0.1872,25.97,78.8,,,,,,
2026-07-30T23:10:14.354698+00:00,S050,mounted,true,rotor_drag,mild,900,rotor_drag-mild_horizontal_no_load_0900rpm,2658175,915,255,2400,3098,2,3,1570144,9,150,73,14,6,1720,1495,1227,133,543,1620,16383,1725,1702,1700073,800,2091,2361,545761,11958,8,382540,1496,112293,390,2658076978,2658176037,0,2658176116,2658176631,3612960331,17874222,-63,13,1062,0.1758,1687.6,0.5437091535373808,0.09389050827897583,0.1758,25.91,78.6,,,,,,
2026-07-30T23:10:14.448453+00:00,S050,mounted,true,rotor_drag,mild,900,rotor_drag-mild_horizontal_no_load_0900rpm,2658275,898,269,2397,3146,2,3,1570180,9,150,74,7,2,1714,1495,1245,114,434,1629,16383,1708,1698,1687864,800,1932,2317,543987,11956,8,382543,1496,112294,390,2658177060,2658276108,0,2658276187,2658276702,3561244300,17868246,-54,10,1063,0.1531,1687.6,0.4710510936768144,-0.1704642693208429,0.1531,25.64,78.1,,,,,,
2026-07-30T23:10:14.541835+00:00,S050,mounted,true,rotor_drag,mild,900,rotor_drag-mild_horizontal_no_load_0900rpm,2658376,881,330,2415,3352,6,3,1570215,9,150,89,33,20,1712,1494,1243,114,434,1623,16383,1722,1697,1709851,808,2077,2271,543356,11954,8,382543,1496,112295,390,2658277131,2658376777,0,2658376787,2658377301,3618428285,17862268,-65,32,1056,0.1455,1687.6,0.39503561636272355,0.07172444085661667,0.1455,25.82,78.5,,,,,,
2026-07-30T23:10:14.633299+00:00,S050,mounted,true,rotor_drag,mild,900,rotor_drag-mild_horizontal_no_load_0900rpm,2658476,899,382,2268,3331,2,3,1570252,9,150,91,48,25,1717,1494,1244,99,357,1621,16383,1741,1717,1711469,800,2111,2175,544796,11954,8,382543,1496,112296,390,2658377732,2658476819,0,2658476834,2658477349,3661483601,17862270,-40,24,1064,0.1645,1687.6,0.2350465810607325,0.12838722419273818,0.1645,25.88,78.6,,,,,,
2026-07-30T23:10:14.773154+00:00,S050,mounted,true,rotor_drag,mild,900,rotor_drag-mild_horizontal_no_load_0900rpm,2658576,780,650,2241,4323,5,3,1570285,9,150,172,210,7,1727,1495,1230,94,309,1618,16383,1780,1715,1731493,800,1949,2269,548007,11956,8,382546,1496,112297,390,2658477778,2658576866,0,2658576875,2658577390,3748219541,17868246,-65,34,1061,0.2024,1687.6,0.3910699575108727,-0.14213761692873916,0.2024,25.97,78.8,,,,,,
2026-07-30T23:10:14.865357+00:00,S050,mounted,true,rotor_drag,mild,900,rotor_drag-mild_horizontal_no_load_0900rpm,2658676,928,500,1957,3306,1,3,1570320,9,150,118,87,13,1740,1494,1231,94,309,1622,16383,1806,1731,1751007,800,2109,2271,552116,11954,8,382545,1496,112298,390,2658577821,2658676904,0,2658676914,2658677428,3832949375,17862268,-62,16,1046,0.2517,1687.6,0.39503561636272355,0.12505411929061339,0.2517,25.85,78.5,,,,,,
2026-07-30T23:10:14.960771+00:00,S050,mounted,true,rotor_drag,mild,900,rotor_drag-mild_horizontal_no_load_0900rpm,2658776,981,399,2000,3017,2,3,1570360,9,150,92,62,8,1743,1494,1264,88,272,1620,16383,1795,1728,1734285,800,2121,2259,552999,11951,8,382538,1496,112299,390,2658677859,2658776924,0,2658776933,2658777449,3760054079,17853307,-50,37,1046,0.2631,1687.6,0.37598203137812725,0.14594006133377935,0.2631,25.91,78.6,,,,,,
2026-07-30T23:10:15.054343+00:00,S050,mounted,true,rotor_drag,mild,900,rotor_drag-mild_horizontal_no_load_0900rpm,2658876,951,346,2277,3188,1,3,1570398,9,150,89,70,5,1737,1495,1229,89,294,1628,16383,1747,1714,1711511,800,1875,2353,551255,11957,8,382543,1496,112300,390,2658777877,2658876984,0,2658876993,2658877508,3661840617,17871235,-69,45,1034,0.2404,1687.6,0.530709042318307,-0.2657031600735973,0.2404,25.67,78.2,,,,,,
2026-07-30T23:10:15.146775+00:00,S050,mounted,true,rotor_drag,mild,900,rotor_drag-mild_horizontal_no_load_0900rpm,2658976,936,310,2261,3090,5,3,1570435,9,150,80,37,5,1731,1495,1232,89,294,1621,16383,1727,1710,1704125,800,2063,2159,549401,11956,8,382546,1496,112301,390,2658877937,2658977025,0,2658977035,2658977550,3630117383,17868244,-64,50,1039,0.2176,1687.6,0.2077798537972564,0.047817581465372516,0.2176,25.88,78.6,,,,,,
2026-07-30T23:10:15.241298+00:00,S050,mounted,true,rotor_drag,mild,900,rotor_drag-mild_horizontal_no_load_0900rpm,2659076,914,336,2275,3194,4,3,1570472,9,150,82,41,1,1732,1494,1246,87,281,1612,16383,1743,1725,1719291,800,2013,2179,549710,11954,8,382545,1496,112302,390,2658977982,2659077051,0,2659077061,2659077576,3695064863,17862268,-75,26,1042,0.2214,1687.6,0.2417127908649821,-0.034934916011377215,0.2214,26.16,79.1,,,,,,
2026-07-30T23:10:15.380922+00:00,S050,mounted,true,rotor_drag,mild,900,rotor_drag-mild_horizontal_no_load_0900rpm,2659176,835,449,2417,3762,4,3,1570508,9,150,119,88,10,1747,1494,1213,87,281,1616,16383,1814,1736,1758961,800,2095,2277,554204,11952,8,382540,1496,112303,390,2659078008,2659177113,0,2659177127,2659177642,3868177989,17856300,-105,24,1050,0.2783,1687.6,0.4056699277108433,0.10230662650602351,0.2783,26.04,78.9,,,,,,
2026-07-30T23:10:15.474363+00:00,S050,mounted,true,rotor_drag,mild,900,rotor_drag-mild_horizontal_no_load_0900rpm,2659276,1469,319,1376,1920,2,3,1570564,9,150,88,51,10,1730,1495,1238,108,346,1618,16383,1722,1690,1680699,800,1987,2197,548959,11956,8,382543,1496,112304,390,2659178074,2659277154,0,2659277168,2659277683,3531006843,17868244,-213,133,998,0.2138,1687.6,0.2710982532619606,-0.07881921746403542,0.2138,25.97,78.8,,,,,,
2026-07-30T23:10:15.568428+00:00,S050,mounted,true,rotor_drag,mild,900,rotor_drag-mild_horizontal_no_load_0900rpm,2659377,1148,490,1654,2721,5,3,1570585,9,150,128,111,27,1719,1494,1227,540,1842,1624,16375,1702,1690,1698484,808,2019,2305,545473,11952,8,382539,1496,112305,390,2659278116,2659377781,0,2659377855,2659378370,3570452004,17856290,-240,257,946,0.1721,1687.6,0.4523412048192772,-0.024372554216868014,0.1721,25.79,78.4,,,,,,
2026-07-30T23:10:15.663357+00:00,S050,mounted,true,rotor_drag,mild,900,rotor_drag-mild_horizontal_no_load_0900rpm,2659477,442,1529,2343,10974,5,3,1570609,9,150,443,581,25,1713,1495,1227,540,1842,1627,16375,1705,1696,1686359,800,2079,2139,543640,11959,8,382548,1496,112306,390,2659378810,2659477873,0,2659477947,2659478462,3554791181,17877211,-168,181,989,0.1493,1687.6,0.17356028572623083,0.0736089453131532,0.1493,25.7,78.3,,,,,,
2026-07-30T23:10:15.757469+00:00,S050,mounted,true,rotor_drag,mild,900,rotor_drag-mild_horizontal_no_load_0900rpm,2659577,960,300,2149,2930,6,3,1570647,9,150,85,51,7,1709,1494,1222,424,1427,1633,16383,1708,1694,1685339,800,2075,2254,542294,11952,8,382543,1496,112307,390,2659478900,2659577998,0,2659578077,2659578592,3550529095,17856294,-146,141,1007,0.1341,1687.6,0.3673328072289155,0.06896999999999975,0.1341,25.52,77.9,,,,,,
2026-07-30T23:10:15.850275+00:00,S050,mounted,true,rotor_drag,mild,900,rotor_drag-mild_horizontal_no_load_0900rpm,2659677,906,255,2432,3137,6,3,1570683,9,150,73,16,6,1706,1494,1235,333,1111,1632,16383,1701,1694,1684216,800,2073,2131,541262,11955,8,382544,1496,112308,390,2659579025,2659678101,0,2659678175,2659678690,3545762304,17865255,-127,104,1016,0.1227,1687.6,0.16142120727728937,0.06476925043914683,0.1227,25.55,78.0,,,,,,
2026-07-30T23:10:15.944216+00:00,S050,mounted,true,rotor_drag,mild,900,rotor_drag-mild_horizontal_no_load_0900rpm,2659778,894,300,2430,3270,2,3,1570720,9,150,84,52,22,1705,1495,1239,333,1111,1639,16383,1710,1697,1704736,808,2074,2303,540936,11956,8,382547,1496,112309,390,2659679123,2659778767,0,2659778782,2659779297,3596788322,17868244,-106,80,1023,0.1189,1687.6,0.4477232622950815,0.06614659183673455,0.1189,25.33,77.6,,,,,,
2026-07-30T23:10:16.083648+00:00,S050,mounted,true,rotor_drag,mild,900,rotor_drag-mild_horizontal_no_load_0900rpm,2659878,891,379,2250,3314,6,3,1570755,9,150,97,90,6,1705,1495,1229,262,867,1631,16383,1716,1695,1690158,800,2033,2255,540936,11956,8,382549,1496,112310,390,2659779730,2659878819,0,2659878828,2659879344,3570874038,17868244,-90,64,1033,0.1189,1687.6,0.3677421261291398,-0.0021706286383409434,0.1189,25.58,78.0,,,,,,
2026-07-30T23:10:16.177899+00:00,S050,mounted,true,rotor_drag,mild,900,rotor_drag-mild_horizontal_no_load_0900rpm,2659978,914,324,2216,3103,6,3,1570791,9,150,91,61,10,1703,1494,1234,262,867,1626,16383,1707,1694,1684609,800,2085,2129,540371,11955,8,382549,1496,112311,390,2659879773,2659978846,0,2659978856,2659979371,3547420691,17865257,-88,60,1040,0.1113,1687.6,0.15808838117942248,0.08476620702634818,0.1113,25.73,78.3,,,,,,
2026-07-30T23:10:16.272277+00:00,S050,mounted,true,rotor_drag,mild,900,rotor_drag-mild_horizontal_no_load_0900rpm,2660078,882,253,2497,3216,6,3,1570827,9,150,73,17,6,1701,1495,1229,211,685,1624,16383,1702,1693,1683713,800,2074,2127,539891,11957,8,382553,1496,112312,390,2659979802,2660078893,0,2660078903,2660079418,3543645295,17871233,-81,44,1046,0.1037,1687.6,0.15416268721251125,0.065857568537258,0.1037,25.79,78.4,,,,,,
2026-07-30T23:10:16.365928+00:00,S050,mounted,true,rotor_drag,mild,900,rotor_drag-mild_horizontal_no_load_0900rpm,2660178,916,356,2335,3308,6,3,1570863,9,150,98,61,15,1702,1494,1229,180,561,1625,16383,1709,1697,1687110,800,2047,2185,539938,11953,8,382550,1496,112313,390,2660079847,2660178938,0,2660178947,2660179462,3557977230,17859283,-90,46,1042,0.1075,1687.6,0.2520167501882371,0.022013271228980003,0.1075,25.76,78.4,,,,,,
2026-07-30T23:10:16.458264+00:00,S050,mounted,true,rotor_drag,mild,900,rotor_drag-mild_horizontal_no_load_0900rpm,2660278,891,366,2397,3424,2,3,1570900,9,150,99,63,10,1704,1495,1225,180,561,1634,16383,1716,1701,1693421,800,1923,2247,540603,11956,8,382552,1496,112314,390,2660179893,2660278988,0,2660278998,2660279513,3584715001,17868244,-97,-46,1049,0.1151,1687.6,0.3544119367681495,-0.18546073235195726,0.1151,25.49,77.9,,,,,,
2026-07-30T23:10:16.567003+00:00,S050,mounted,true,rotor_drag,mild,900,rotor_drag-mild_horizontal_no_load_0900rpm,2660378,918,287,2301,3085,3,3,1570937,9,150,76,23,7,1703,1495,1249,168,492,1632,16383,1707,1697,1686774,800,2071,2335,540370,11957,8,382556,1496,112315,390,2660279944,2660379038,0,2660379047,2660379562,3556653028,17871233,-95,-20,1043,0.1113,1687.6,0.5007186246550135,0.06085916559337612,0.1113,25.55,78.0,,,,,,
2026-07-30T23:10:16.645864+00:00,S050,mounted,true,rotor_drag,mild,900,rotor_drag-mild_horizontal_no_load_0900rpm,2660478,896,503,2272,3677,3,3,1570973,9,150,117,88,15,1705,1495,1234,174,562,1628,16383,1718,1697,1695201,800,2083,2143,541127,11957,8,382560,1496,112316,390,2660379992,2660479074,0,2660479084,2660479599,3592197785,17871233,-64,-27,1042,0.1189,1687.6,0.18082083624655,0.08085277736890495,0.1189,25.67,78.2,,,,,,
2026-07-30T23:10:16.753665+00:00,S050,mounted,true,rotor_drag,mild,900,rotor_drag-mild_horizontal_no_load_0900rpm,2660578,930,341,2218,3135,1,3,1571010,9,150,78,21,14,1705,1494,1216,174,562,1631,16383,1714,1701,1690783,800,2083,2142,541181,11954,8,382558,1496,112317,390,2660480031,2660579103,0,2660579113,2660579628,3573477627,17862270,-50,25,1068,0.1189,1687.6,0.18005035017567295,0.0817237555629915,0.1189,25.58,78.0,,,,,,
2026-07-30T23:10:16.895184+00:00,S050,mounted,true,rotor_drag,mild,900,rotor_drag-mild_horizontal_no_load_0900rpm,2660679,905,408,2332,3459,5,3,1571047,9,150,102,70,21,1708,1494,1203,183,650,1622,16383,1723,1703,1715665,808,2089,2155,542044,11953,8,382555,1496,112318,390,2660580059,2660679687,0,2660679766,2660680281,3643030533,17859281,-46,-8,1071,0.1303,1687.6,0.2020159938927466,0.09201433004266679,0.1303,25.85,78.5,,,,,,
2026-07-30T23:10:16.987831+00:00,S050,mounted,true,rotor_drag,mild,900,rotor_drag-mild_horizontal_no_load_0900rpm,2660779,911,476,2161,3466,4,3,1571084,9,150,105,70,2,1709,1494,1195,183,650,1618,16383,1722,1700,1696774,800,2061,2293,542381,11955,8,382555,1496,112319,390,2660680713,2660779856,0,2660779930,2660780445,3598931666,17865257,-79,37,1044,0.1341,1687.6,0.43138012120451696,0.04477229385194459,0.1341,25.97,78.8,,,,,,
2026-07-30T23:10:17.067658+00:00,S050,mounted,true,rotor_drag,mild,900,rotor_drag-mild_horizontal_no_load_0900rpm,2660879,931,427,2139,3286,6,3,1571121,9,150,98,66,3,1711,1494,1204,175,587,1622,16383,1724,1705,1698869,800,2091,2161,542835,11955,8,382555,1496,112320,390,2660780876,2660879921,0,2660880000,2660880515,3607749433,17865257,-65,22,1047,0.1417,1687.6,0.21141359874529497,0.09476468531994975,0.1417,25.85,78.5,,,,,,
2026-07-30T23:10:17.160378+00:00,S050,mounted,true,rotor_drag,mild,900,rotor_drag-mild_horizontal_no_load_0900rpm,2660980,873,497,2286,3711,4,3,1571156,9,150,126,116,9,1712,1495,1207,170,564,1622,16383,1727,1701,1718083,808,2071,2155,543360,11958,8,382561,1496,112321,390,2660880945,2660980777,0,2660980786,2660981302,3653319597,17874222,-76,36,1050,0.1455,1687.6,0.2005141871550422,0.06057060863020558,0.1455,25.85,78.5,,,,,,
2026-07-30T23:10:17.268525+00:00,S050,mounted,true,rotor_drag,mild,900,rotor_drag-mild_horizontal_no_load_0900rpm,2661080,876,534,2173,3697,5,3,1571191,9,150,122,112,5,1717,1495,1235,170,564,1618,16383,1741,1712,1711076,800,2102,2170,544762,11956,8,382562,1496,112322,390,2660981734,2661080802,0,2661080817,2661081332,3659834232,17868248,-100,52,1025,0.1645,1687.6,0.22610886416861797,0.11280225460020032,0.1645,25.97,78.8,,,,,,
2026-07-30T23:10:17.362735+00:00,S050,mounted,true,rotor_drag,mild,900,rotor_drag-mild_horizontal_no_load_0900rpm,2661180,905,555,2154,3688,5,3,1571227,9,150,118,8,4,1720,1494,1224,158,495,1616,16383,1744,1713,1712304,800,1971,2234,545868,11955,8,382562,1496,112323,390,2661081765,2661180872,0,2661180886,2661181401,3665127490,17865257,-81,34,1036,0.1758,1687.6,0.3330617513174401,-0.10520488055207045,0.1758,26.04,78.9,,,,,,
2026-07-30T23:10:17.455457+00:00,S050,mounted,true,rotor_drag,mild,900,rotor_drag-mild_horizontal_no_load_0900rpm,2661280,864,484,2225,3626,6,3,1571265,9,150,126,48,33,1724,1494,1240,153,533,1623,16383,1765,1700,1718605,800,1937,2273,547151,11955,8,382562,1496,112324,390,2661181831,2661280917,0,2661280927,2661281442,3692459389,17865261,-90,48,1031,0.191,1687.6,0.3980518602258467,-0.1618629242158094,0.191,25.82,78.5,,,,,,
2026-07-30T23:10:17.549036+00:00,S050,mounted,true,rotor_drag,mild,900,rotor_drag-mild_horizontal_no_load_0900rpm,2661380,988,478,1981,3190,5,3,1571299,9,150,115,90,23,1717,1495,1222,153,533,1627,16383,1710,1693,1686039,800,2031,2203,544754,11957,8,382565,1496,112325,390,2661281877,2661381122,0,2661381131,2661381646,3553485641,17871235,-72,-26,1071,0.1645,1687.6,0.280788895124195,-0.0057862069917207215,0.1645,25.7,78.3,,,,,,
2026-07-30T23:10:17.689767+00:00,S050,mounted,true,rotor_drag,mild,900,rotor_drag-mild_horizontal_no_load_0900rpm,2661480,755,794,2431,5057,1,3,1571334,9,150,230,270,36,1713,1495,1222,287,1293,1627,16383,1713,1696,1689293,800,1969,2154,543468,11957,8,382568,1496,112326,390,2661382079,2661481149,0,2661481158,2661481673,3567211823,17871233,-55,-1,1066,0.1493,1687.6,0.19914831370745167,-0.10908653449862005,0.1493,25.7,78.3,,,,,,
2026-07-30T23:10:17.784300+00:00,S050,mounted,true,rotor_drag,mild,900,rotor_drag-mild_horizontal_no_load_0900rpm,2661581,929,302,2223,3036,4,3,1571372,9,150,88,73,14,1710,1495,1230,287,1293,1628,16383,1714,1695,1706372,808,2057,2267,542583,11958,8,382573,1496,112327,390,2661482107,2661581814,0,2661581888,2661582403,3603682698,17874222,-58,17,1046,0.1379,1687.6,0.38710562518815816,0.03724667887606614,0.1379,25.67,78.2,,,,,,
2026-07-30T23:10:17.878740+00:00,S050,mounted,true,rotor_drag,mild,900,rotor_drag-mild_horizontal_no_load_0900rpm,2661681,938,270,2256,2976,4,3,1571408,9,150,81,52,3,1706,1495,1216,236,1031,1622,16383,1703,1695,1684574,800,2083,2226,541486,11956,8,382574,1496,112328,390,2661582835,2661681889,0,2661681962,2661682478,3547287672,17868244,-71,33,1034,0.1227,1687.6,0.3194201896955504,0.08114305486784845,0.1227,25.85,78.5,,,,,,
2026-07-30T23:10:17.971548+00:00,S050,mounted,true,rotor_drag,mild,900,rotor_drag-mild_horizontal_no_load_0900rpm,2661781,945,267,2244,2950,2,3,1571446,9,150,74,14,0,1705,1494,1241,190,795,1627,16383,1708,1696,1685898,800,2081,2146,540915,11955,8,382574,1496,112329,390,2661682908,2661781950,0,2661782029,2661782544,3552856336,17865259,-72,51,1038,0.1189,1687.6,0.18641740301129195,0.07810055483061484,0.1189,25.7,78.3,,,,,,
2026-07-30T23:10:18.065906+00:00,S050,mounted,true,rotor_drag,mild,900,rotor_drag-mild_horizontal_no_load_0900rpm,2661881,907,445,2205,3431,3,3,1571483,9,150,113,114,20,1705,1494,1222,190,795,1625,16383,1719,1690,1691163,800,1897,2148,541084,11953,8,382570,1496,112330,390,2661782971,2661882048,0,2661882122,2661882637,3575217449,17859283,-73,64,1041,0.1189,1687.6,0.19034915075713155,-0.2279905102484734,0.1189,25.76,78.4,,,,,,
2026-07-30T23:10:18.159491+00:00,S050,mounted,true,rotor_drag,mild,900,rotor_drag-mild_horizontal_no_load_0900rpm,2661981,958,509,1926,3254,4,3,1571522,9,150,151,172,22,1704,1494,1231,202,890,1627,16383,1710,1693,1687902,800,2076,2209,540847,11954,8,382568,1496,112331,390,2661883074,2661982133,0,2661982212,2661982727,3561329846,17862268,-86,60,1060,0.1151,1687.6,0.29170936439685446,0.07005788840555427,0.1151,25.7,78.3,,,,,,
2026-07-30T23:10:18.251649+00:00,S050,mounted,true,rotor_drag,mild,900,rotor_drag-mild_horizontal_no_load_0900rpm,2662082,923,344,2289,3221,6,3,1571559,9,150,84,52,2,1706,1495,1234,184,759,1621,16383,1722,1700,1711745,808,2081,2149,541429,11958,8,382573,1496,112332,390,2661983160,2662082795,0,2662082805,2662083320,3626405717,17874222,-86,55,1042,0.1227,1687.6,0.19051821726041096,0.0772305584545907,0.1227,25.88,78.6,,,,,,
2026-07-30T23:10:18.393496+00:00,S050,mounted,true,rotor_drag,mild,900,rotor_drag-mild_horizontal_no_load_0900rpm,2662182,913,396,2149,3234,1,3,1571598,9,150,92,12,19,1713,1494,1227,184,759,1630,16383,1745,1714,1712896,800,1912,2181,543644,11954,8,382571,1496,112333,390,2662083750,2662182824,0,2662182838,2662183353,3667695524,17862270,-81,62,1041,0.1493,1687.6,0.2450458957671069,-0.20325671356868025,0.1493,25.61,78.1,,,,,,
2026-07-30T23:10:18.488013+00:00,S050,mounted,true,rotor_drag,mild,900,rotor_drag-mild_horizontal_no_load_0900rpm,2662282,908,555,1960,3488,5,3,1571635,9,150,136,157,7,1711,1495,1246,310,1304,1631,16383,1717,1696,1692547,800,2029,2143,543056,11959,8,382578,1496,112334,390,2662183784,2662282890,0,2662282900,2662283415,3580972867,17877211,-38,-59,1066,0.1417,1687.6,0.18022370842043633,-0.009683838364411557,0.1417,25.58,78.0,,,,,,
2026-07-30T23:10:18.579332+00:00,S050,mounted,true,rotor_drag,mild,900,rotor_drag-mild_horizontal_no_load_0900rpm,2662382,938,275,2264,2999,4,3,1571672,9,150,81,42,10,1710,1495,1247,310,1304,1622,16383,1712,1701,1691860,800,2015,2269,542571,11956,8,382578,1496,112335,390,2662283849,2662382904,0,2662382914,2662383428,3578081144,17868246,-34,-5,1048,0.1379,1687.6,0.3910699575108727,-0.0321635547005692,0.1379,25.85,78.5,,,,,,
2026-07-30T23:10:18.674118+00:00,S050,mounted,true,rotor_drag,mild,900,rotor_drag-mild_horizontal_no_load_0900rpm,2662482,960,262,2221,2904,2,3,1571710,9,150,79,41,3,1706,1494,1233,260,1034,1625,16383,1706,1694,1684529,800,2006,2127,541472,11954,8,382575,1496,112336,390,2662383859,2662483086,0,2662483095,2662483610,3547095179,17862268,-52,-12,1051,0.1227,1687.6,0.15505206340973698,-0.046600783168814,0.1227,25.76,78.4,,,,,,
2026-07-30T23:10:18.766590+00:00,S050,mounted,true,rotor_drag,mild,900,rotor_drag-mild_horizontal_no_load_0900rpm,2662582,912,257,2359,3064,3,3,1571747,9,150,73,4,1,1704,1494,1243,211,812,1632,16383,1703,1694,1685291,800,2073,2317,540794,11953,8,382571,1496,112337,390,2662484041,2662583114,0,2662583128,2662583643,3550362435,17859281,-66,27,1037,0.1151,1687.6,0.47202007788839584,0.06534726001840552,0.1151,25.55,78.0,,,,,,
2026-07-30T23:10:18.858818+00:00,S050,mounted,true,rotor_drag,mild,900,rotor_drag-mild_horizontal_no_load_0900rpm,2662683,912,254,2370,3068,3,3,1571783,9,150,72,2,1,1703,1494,1235,211,812,1628,16383,1702,1695,1701227,808,2071,2145,540280,11955,8,382571,1496,112338,390,2662584072,2662683759,0,2662683833,2662684348,3581934889,17865255,-73,43,1033,0.1113,1687.6,0.1847509899623585,0.06143642434127994,0.1113,25.67,78.2,,,,,,
2026-07-30T23:10:18.952311+00:00,S050,mounted,true,rotor_drag,mild,900,rotor_drag-mild_horizontal_no_load_0900rpm,2662783,928,254,2326,3010,1,3,1571820,9,150,72,4,1,1702,1495,1250,175,650,1629,16383,1703,1695,1684686,800,2080,2129,539950,11956,8,382572,1496,112339,390,2662684780,2662783918,0,2662783992,2662784507,3547739584,17868246,-83,15,1052,0.1075,1687.6,0.15779164369354293,0.07614423385747715,0.1075,25.64,78.1,,,,,,
2026-07-30T23:10:19.093593+00:00,S050,mounted,true,rotor_drag,mild,900,rotor_drag-mild_horizontal_no_load_0900rpm,2662883,924,262,2386,3095,5,3,1571857,9,150,75,24,5,1701,1494,1216,152,548,1636,16383,1704,1693,1684639,800,1990,2173,539720,11954,8,382570,1496,112340,390,2662784939,2662883992,0,2662884065,2662884581,3547577019,17862272,-81,30,1058,0.1037,1687.6,0.2317134761586077,-0.07326562238581236,0.1037,25.43,77.8,,,,,,
2026-07-30T23:10:19.188470+00:00,S050,mounted,true,rotor_drag,mild,900,rotor_drag-mild_horizontal_no_load_0900rpm,2662983,938,254,2260,2939,6,3,1571895,9,150,74,23,1,1700,1495,1242,152,548,1634,16383,1702,1695,1684750,800,2069,2131,539569,11958,8,382575,1496,112341,390,2662885010,2662984060,0,2662984139,2662984654,3548012762,17874226,-70,25,1053,0.0999,1687.6,0.16053030757651765,0.0572386186653282,0.0999,25.49,77.9,,,,,,
2026-07-30T23:10:19.281806+00:00,S050,mounted,true,rotor_drag,mild,900,rotor_drag-mild_horizontal_no_load_0900rpm,2663084,933,252,2313,2990,2,3,1571932,9,150,72,14,4,1701,1494,1212,128,438,1627,16383,1720,1694,1703485,808,2085,2337,539700,11952,8,382569,1496,112342,390,2662985084,2663084764,0,2663084774,2663085289,3591544255,17856292,-79,29,1057,0.1037,1687.6,0.505679807228915,0.08563831325301186,0.1037,25.7,78.3,,,,,,
2026-07-30T23:10:19.375971+00:00,S050,mounted,true,rotor_drag,mild,900,rotor_drag-mild_horizontal_no_load_0900rpm,2663184,943,325,2180,3042,1,3,1571970,9,150,81,50,3,1700,1494,1243,128,438,1622,16383,1703,1695,1684763,800,2035,2136,539566,11954,8,382567,1496,112343,390,2663085723,2663184804,0,2663184814,2663185329,3548072841,17862268,-89,47,1044,0.0999,1687.6,0.170051035469299,0.0017292379119959733,0.0999,25.85,78.5,,,,,,
2026-07-30T23:10:19.471554+00:00,S050,mounted,true,rotor_drag,mild,900,rotor_drag-mild_horizontal_no_load_0900rpm,2663284,922,309,2273,3112,3,3,1572005,9,150,77,21,7,1704,1494,1237,111,371,1625,16383,1730,1700,1696463,800,1887,2155,540755,11955,8,382567,1496,112344,390,2663185759,2663284845,0,2663284854,2663285369,3597654973,17865257,-96,77,1044,0.1151,1687.6,0.2014151204516934,-0.2451835766624848,0.1151,25.76,78.4,,,,,,
2026-07-30T23:10:19.561877+00:00,S050,mounted,true,rotor_drag,mild,900,rotor_drag-mild_horizontal_no_load_0900rpm,2663384,833,348,2469,3514,4,3,1572032,9,150,88,46,14,1728,1495,1233,100,322,1625,16383,1839,1718,1756198,800,2108,2307,548199,11956,8,382568,1496,112345,390,2663285799,2663384865,0,2663384875,2663385390,3857447464,17868244,-85,71,1028,0.2062,1687.6,0.4543883569755769,0.12279989662094337,0.2062,25.76,78.4,,,,,,
2026-07-30T23:10:19.703887+00:00,S050,mounted,true,rotor_drag,mild,900,rotor_drag-mild_horizontal_no_load_0900rpm,2663484,1226,1366,1331,4116,1,3,1572078,9,150,383,455,77,1732,1494,1227,100,322,1620,16383,1866,1697,1728783,800,2055,2423,549563,11955,8,382568,1496,112346,390,2663385821,2663484919,0,2663484933,2663485448,3739169965,17865259,-84,48,1133,0.2214,1687.6,0.6480138175658716,0.03477381555834347,0.2214,25.91,78.6,,,,,,
2026-07-30T23:10:19.797746+00:00,S050,mounted,true,rotor_drag,mild,900,rotor_drag-mild_horizontal_no_load_0900rpm,2663584,856,938,2348,5087,4,3,1572110,9,150,249,250,81,1723,1494,1230,443,2150,1627,16375,1731,1693,1691278,800,1965,2165,546914,11953,8,382564,1496,112347,390,2663485884,2663584942,0,2663584952,2663585467,3575696906,17859279,-84,42,1092,0.1872,1687.6,0.21868291265790996,-0.11465546264536108,0.1872,25.7,78.3,,,,,,
2026-07-30T23:10:19.891027+00:00,S050,mounted,true,rotor_drag,mild,900,rotor_drag-mild_horizontal_no_load_0900rpm,2663684,783,1152,2354,6032,2,3,1572142,9,150,332,353,86,1719,1494,1258,351,1647,1626,16383,1733,1697,1694406,800,1954,2320,545507,11954,8,382562,1496,112348,390,2663585902,2663684981,0,2663684990,2663685505,3589019078,17862270,-61,31,1080,0.1721,1687.6,0.47669668646478147,-0.13326151062405955,0.1721,25.73,78.3,,,,,,
2026-07-30T23:10:19.984929+00:00,S050,mounted,true,rotor_drag,mild,900,rotor_drag-mild_horizontal_no_load_0900rpm,2663784,744,1192,2244,6245,3,3,1572173,9,150,386,453,54,1717,1495,1238,351,1647,1630,16383,1737,1693,1698856,800,2085,2171,545000,11957,8,382565,1496,112349,390,2663685941,2663785023,0,2663785033,2663785548,3607932250,17871235,-45,19,1072,0.1645,1687.6,0.2274725970561171,0.08418504599815968,0.1645,25.61,78.1,,,,,,
2026-07-30T23:10:20.077413+00:00,S050,mounted,true,rotor_drag,mild,900,rotor_drag-mild_horizontal_no_load_0900rpm,2663884,727,673,2666,4981,2,3,1572202,9,150,177,176,56,1724,1494,1240,280,1269,1626,16383,1759,1698,1721779,800,1917,2385,547093,11953,8,382561,1496,112350,390,2663785987,2663885050,0,2663885227,2663885743,3706116233,17859283,-47,7,1055,0.191,1687.6,0.5853551254915081,-0.19465667271814624,0.191,25.73,78.3,,,,,,
2026-07-30T23:10:20.170392+00:00,S050,mounted,true,rotor_drag,mild,900,rotor_drag-mild_horizontal_no_load_0900rpm,2663985,992,1058,1472,4135,1,3,1572240,9,150,356,476,27,1732,1494,1219,280,1269,1628,16383,1818,1699,1753850,808,2041,2283,549743,11952,8,382555,1496,112351,390,2663886176,2663985794,0,2663985873,2663986388,3808541826,17856290,-57,18,1072,0.2214,1687.6,0.41567091566265013,0.012297734939758609,0.2214,25.67,78.2,,,,,,
2026-07-30T23:10:20.265660+00:00,S050,mounted,true,rotor_drag,mild,900,rotor_drag-mild_horizontal_no_load_0900rpm,2664085,869,693,2111,4104,2,3,1572274,9,150,211,245,13,1734,1495,1208,255,1151,1626,16383,1779,1709,1723879,800,1991,2219,550387,11956,8,382557,1496,112352,390,2663986824,2664085979,0,2664086053,2664086568,3715207233,17868246,-72,30,1059,0.229,1687.6,0.30775627400468375,-0.07215412278354005,0.229,25.73,78.3,,,,,,
2026-07-30T23:10:20.360321+00:00,S050,mounted,true,rotor_drag,mild,900,rotor_drag-mild_horizontal_no_load_0900rpm,2664185,1100,877,1681,3675,2,3,1572310,9,150,254,302,46,1733,1494,1219,238,1048,1625,16383,1763,1697,1714757,800,1875,2307,550026,11954,8,382556,1496,112353,390,2664087007,2664186088,0,2664186161,2664186676,3676247519,17862270,-74,32,1049,0.2252,1687.6,0.45503150460096986,-0.2649191542579894,0.2252,25.76,78.4,,,,,,
2026-07-30T23:10:20.501812+00:00,S050,mounted,true,rotor_drag,mild,900,rotor_drag-mild_horizontal_no_load_0900rpm,2664286,768,867,2323,5144,4,3,1572344,9,150,284,317,63,1733,1494,1224,238,1048,1638,16383,1755,1705,1732842,808,1889,2319,549825,11954,8,382555,1496,112354,390,2664187112,2664286758,0,2664286768,2664287283,3716613400,17862270,-68,27,1056,0.2252,1687.6,0.4750301340137191,-0.2415874199431154,0.2252,25.36,77.7,,,,,,
2026-07-30T23:10:20.597687+00:00,S050,mounted,true,rotor_drag,mild,900,rotor_drag-mild_horizontal_no_load_0900rpm,2664386,1040,566,1769,3129,2,3,1572388,9,150,180,196,45,1729,1494,1231,196,832,1636,16383,1765,1693,1709500,800,2081,2211,548732,11955,8,382555,1496,112355,390,2664287717,2664386817,0,2664386827,2664387342,3653956906,17865259,-29,94,1081,0.21,1687.6,0.2947342511919695,0.07810055483061484,0.21,25.43,77.8,,,,,,
2026-07-30T23:10:20.691178+00:00,S050,mounted,true,rotor_drag,mild,900,rotor_drag-mild_horizontal_no_load_0900rpm,2664486,828,636,2108,4029,4,3,1572422,9,150,170,168,40,1719,1494,1217,196,757,1629,16383,1701,1693,1682492,800,2079,2127,545466,11954,8,382554,1496,112356,390,2664387776,2664486874,0,2664486888,2664487403,3538506922,17862270,-30,-24,1084,0.1721,1687.6,0.15505206340973698,0.07505754575874146,0.1721,25.64,78.1,,,,,,
2026-07-30T23:10:20.785139+00:00,S050,mounted,true,rotor_drag,mild,900,rotor_drag-mild_horizontal_no_load_0900rpm,2664586,813,506,2569,4126,1,3,1572456,9,150,149,157,35,1713,1494,1229,196,757,1624,16383,1705,1696,1685660,800,2023,2371,543529,11953,8,382551,1496,112357,390,2664487837,2664586922,0,2664586931,2664587446,3551921580,17859281,-39,13,1078,0.1493,1687.6,0.5620214392202794,-0.017987333807412575,0.1493,25.79,78.4,,,,,,
2026-07-30T23:10:20.877819+00:00,S050,mounted,true,rotor_drag,mild,900,rotor_drag-mild_horizontal_no_load_0900rpm,2664686,886,308,2409,3278,1,3,1572492,9,150,75,21,8,1709,1494,1225,196,831,1625,16383,1705,1697,1686150,800,1942,2306,542330,11954,8,382550,1496,112358,390,2664587883,2664686965,0,2664686975,2664687490,3553993632,17862268,-47,-1,1067,0.1341,1687.6,0.4533649521499079,-0.15326014003680788,0.1341,25.76,78.4,,,,,,
2026-07-30T23:10:20.970430+00:00,S050,mounted,true,rotor_drag,mild,900,rotor_drag-mild_horizontal_no_load_0900rpm,2664787,920,297,2384,3193,5,3,1572529,9,150,79,38,5,1706,1495,1213,196,831,1629,16383,1707,1697,1703380,808,2065,2295,541475,11956,8,382552,1496,112359,390,2664687919,2664787685,0,2664787764,2664788279,3591044260,17868244,-73,51,1064,0.1227,1687.6,0.43439307293409124,0.0511501288056202,0.1227,25.64,78.1,,,,,,
2026-07-30T23:10:21.063968+00:00,S050,mounted,true,rotor_drag,mild,900,rotor_drag-mild_horizontal_no_load_0900rpm,2664887,1347,301,1533,2092,5,3,1572577,9,150,80,41,1,1707,1495,1214,167,699,1628,16383,1719,1700,1693076,800,2025,2287,541597,11956,8,382554,1496,112360,390,2664788709,2664887791,0,2664887870,2664888385,3583229252,17868244,-65,39,1062,0.1265,1687.6,0.42106288357310095,-0.015500817999331229,0.1265,25.67,78.2,,,,,,
2026-07-30T23:10:21.203867+00:00,S050,mounted,true,rotor_drag,mild,900,rotor_drag-mild_horizontal_no_load_0900rpm,2664987,821,475,2366,3812,2,3,1572610,9,150,117,131,4,1717,1494,1229,140,554,1626,16383,1754,1719,1721647,800,2115,2371,544730,11953,8,382551,1496,112361,390,2664888815,2664987888,0,2664988127,2664988642,3705349265,17859279,-69,36,1052,0.1645,1687.6,0.5620214392202794,0.13534831883209186,0.1645,25.73,78.3,,,,,,
2026-07-30T23:10:21.298165+00:00,S050,mounted,true,rotor_drag,mild,900,rotor_drag-mild_horizontal_no_load_0900rpm,2665087,1013,710,1651,3405,4,3,1572644,9,150,218,268,12,1719,1495,1219,140,554,1627,16383,1752,1700,1708772,800,2051,2335,545451,11956,8,382553,1496,112362,390,2664989074,2665088123,0,2665088197,2665088712,3650162878,17868244,-51,29,1048,0.1721,1687.6,0.5010440197390427,0.02782229742388731,0.1721,25.7,78.3,,,,,,
2026-07-30T23:10:21.391903+00:00,S050,mounted,true,rotor_drag,mild,900,rotor_drag-mild_horizontal_no_load_0900rpm,2665188,760,899,2408,5363,4,3,1572680,9,150,240,285,52,1722,1494,1224,136,551,1629,16383,1760,1703,1729242,808,2013,2203,546434,11954,8,382552,1496,112363,390,2665089150,2665188775,0,2665188790,2665189305,3701256578,17862268,-46,0,1057,0.1834,1687.6,0.2817100496904801,-0.034934916011377215,0.1834,25.64,78.1,,,,,,
2026-07-30T23:10:21.486085+00:00,S050,mounted,true,rotor_drag,mild,900,rotor_drag-mild_horizontal_no_load_0900rpm,2665288,1039,710,1622,3330,3,3,1572719,9,150,165,133,44,1715,1495,1234,142,556,1628,16383,1717,1694,1686819,800,1870,2185,544338,11956,8,382554,1496,112364,390,2665189734,2665288817,0,2665288826,2665289341,3556826593,17868246,-88,54,1039,0.1569,1687.6,0.2511029692204749,-0.27377323686851796,0.1569,25.67,78.2,,,,,,
2026-07-30T23:10:21.580571+00:00,S050,mounted,true,rotor_drag,mild,900,rotor_drag-mild_horizontal_no_load_0900rpm,2665388,894,448,2289,3542,2,3,1572754,9,150,106,94,3,1713,1494,1235,142,556,1622,16383,1716,1699,1692407,800,1957,2323,543475,11951,8,382547,1496,112365,390,2665289775,2665389031,0,2665389040,2665389556,3580426605,17853305,-76,40,1047,0.1493,1687.6,0.4826681624131868,-0.12744314944356105,0.1493,25.85,78.5,,,,,,
2026-07-30T23:10:21.672543+00:00,S050,mounted,true,rotor_drag,mild,900,rotor_drag-mild_horizontal_no_load_0900rpm,2665488,881,395,2272,3394,6,3,1572789,9,150,91,18,2,1715,1495,1234,121,447,1620,16383,1738,1701,1704472,800,2069,2173,544217,11957,8,382551,1496,112366,390,2665389986,2665489042,0,2665489051,2665489566,3631717746,17871241,-78,37,1042,0.1569,1687.6,0.23080486568537273,0.057526896964120944,0.1569,25.91,78.6,,,,,,
2026-07-30T23:10:21.812032+00:00,S050,mounted,true,rotor_drag,mild,900,rotor_drag-mild_horizontal_no_load_0900rpm,2665589,916,1126,1776,4846,5,3,1572829,9,150,275,310,45,1714,1495,1256,121,447,1618,16383,1739,1697,1715518,808,2071,2329,543971,11957,8,382555,1496,112367,390,2665489999,2665589914,0,2665589993,2665590508,3642681526,17871233,-94,37,1043,0.1531,1687.6,0.49072181876724885,0.06085916559337612,0.1531,25.97,78.8,,,,,,
2026-07-30T23:10:21.904800+00:00,S050,mounted,true,rotor_drag,mild,900,rotor_drag-mild_horizontal_no_load_0900rpm,2665689,848,651,2059,3977,2,3,1572862,9,150,158,181,11,1714,1494,1221,135,559,1617,16383,1737,1695,1697068,800,2089,2161,543787,11953,8,382552,1496,112368,390,2665590942,2665690007,0,2665690081,2665690596,3600205226,17859279,-88,49,1045,0.1531,1687.6,0.21201614515184408,0.09201433004266679,0.1531,26.01,78.8,,,,,,
2026-07-30T23:10:21.997786+00:00,S050,mounted,true,rotor_drag,mild,900,rotor_drag-mild_horizontal_no_load_0900rpm,2665789,1005,582,1927,3375,5,3,1572901,9,150,176,219,18,1717,1494,1235,116,466,1618,16383,1745,1694,1709009,800,2079,2183,544761,11954,8,382551,1496,112369,390,2665691029,2665790110,0,2665790184,2665790700,3651224805,17862268,-86,76,1052,0.1645,1687.6,0.2483790006692317,0.07505754575874146,0.1645,25.97,78.8,,,,,,
2026-07-30T23:10:22.092886+00:00,S050,mounted,true,rotor_drag,mild,900,rotor_drag-mild_horizontal_no_load_0900rpm,2665890,953,376,2033,3021,5,3,1572937,9,150,88,3,19,1712,1495,1257,116,466,1620,16383,1712,1696,1705513,808,2029,2281,543396,11956,8,382553,1496,112370,390,2665791134,2665890807,0,2665890816,2665891331,3600055417,17868244,-50,-1,1060,0.1455,1687.6,0.41106524155235835,-0.008835723318836308,0.1455,25.91,78.6,,,,,,
2026-07-30T23:10:22.187258+00:00,S050,mounted,true,rotor_drag,mild,900,rotor_drag-mild_horizontal_no_load_0900rpm,2665990,855,433,2310,3576,5,3,1572973,9,150,99,83,8,1715,1495,1230,120,463,1619,16383,1739,1702,1703499,800,1905,2175,544136,11956,8,382555,1496,112371,390,2665891764,2665990851,0,2665990866,2665991381,3627691615,17868246,-48,0,1061,0.1569,1687.6,0.23444023251923696,-0.2154536584141855,0.1569,25.94,78.7,,,,,,
2026-07-30T23:10:22.280688+00:00,S050,mounted,true,rotor_drag,mild,900,rotor_drag-mild_horizontal_no_load_0900rpm,2666090,911,524,1870,3308,4,3,1573010,9,150,157,147,44,1720,1494,1229,115,414,1621,16383,1773,1698,1718013,800,2071,2231,545924,11953,8,382552,1496,112372,390,2665991807,2666090936,0,2666090945,2666091460,3689967993,17859279,-32,-10,1075,0.1758,1687.6,0.3286845765079893,0.06201387626537258,0.1758,25.88,78.6,,,,,,
2026-07-30T23:10:22.372711+00:00,S050,mounted,true,rotor_drag,mild,900,rotor_drag-mild_horizontal_no_load_0900rpm,2666190,898,273,2353,3113,4,3,1573046,9,150,74,28,7,1728,1495,1242,115,414,1625,16383,1755,1726,1729456,800,2049,2197,548373,11958,8,382558,1496,112373,390,2666091894,2666190988,0,2666190997,2666191512,3738908940,17874222,-55,8,1060,0.2062,1687.6,0.2704859764174605,0.02391871901655751,0.2062,25.76,78.4,,,,,,
2026-07-30T23:10:22.514741+00:00,S050,mounted,true,rotor_drag,mild,900,rotor_drag-mild_horizontal_no_load_0900rpm,2666290,956,435,2002,3141,4,3,1573088,9,150,122,111,40,1723,1494,1245,106,372,1631,16383,1736,1695,1697950,800,2015,2345,546662,11955,8,382558,1496,112374,390,2666191944,2666291009,0,2666291018,2666291533,3604155150,17865259,-62,28,1059,0.1872,1687.6,0.5180335997490588,-0.03188270639899615,0.1872,25.58,78.0,,,,,,
2026-07-30T23:10:22.610056+00:00,S050,mounted,true,rotor_drag,mild,900,rotor_drag-mild_horizontal_no_load_0900rpm,2666391,760,766,2173,4694,6,3,1573119,9,150,223,247,39,1715,1495,1219,106,372,1627,16383,1703,1693,1700493,808,2019,2130,544160,11957,8,382562,1496,112375,390,2666291966,2666391782,0,2666391856,2666392371,3578854967,17871235,-68,29,1045,0.1569,1687.6,0.15916109015639357,-0.02577981876724955,0.1569,25.7,78.3,,,,,,
2026-07-30T23:10:22.703330+00:00,S050,mounted,true,rotor_drag,mild,900,rotor_drag-mild_horizontal_no_load_0900rpm,2666491,852,502,2539,4012,6,3,1573155,9,150,142,146,38,1711,1495,1240,98,324,1627,16383,1706,1697,1687647,800,2090,2340,542852,11956,8,382563,1496,112376,390,2666392804,2666491853,0,2666491927,2666492442,3560291043,17868246,-92,47,1033,0.1417,1687.6,0.5093753880896617,0.09280697055871512,0.1417,25.7,78.3,,,,,,
2026-07-30T23:10:22.795514+00:00,S050,mounted,true,rotor_drag,mild,900,rotor_drag-mild_horizontal_no_load_0900rpm,2666591,923,279,2309,3065,2,3,1573192,9,150,74,14,4,1709,1494,1206,93,288,1629,16383,1710,1701,1690480,800,2018,2139,542307,11949,8,382551,1496,112377,390,2666492878,2666591934,0,2666592008,2666592523,3572199890,17847331,-84,50,1058,0.1341,1687.6,0.17654234722570905,-0.025194879989957286,0.1341,25.64,78.1,,,,,,
2026-07-30T23:10:22.889197+00:00,S050,mounted,true,rotor_drag,mild,900,rotor_drag-mild_horizontal_no_load_0900rpm,2666691,918,277,2343,3099,2,3,1573228,9,150,73,13,2,1709,1495,1229,93,288,1622,16383,1714,1700,1693493,800,2075,2218,542236,11957,8,382555,1496,112378,390,2666592956,2666692015,0,2666692089,2666692603,3584952211,17871233,-79,47,1057,0.1341,1687.6,0.30578090984360573,0.06752370285188558,0.1341,25.85,78.5,,,,,,
2026-07-30T23:10:22.982162+00:00,S050,mounted,true,rotor_drag,mild,900,rotor_drag-mild_horizontal_no_load_0900rpm,2666791,908,345,2264,3215,3,3,1573265,9,150,84,54,6,1709,1494,1218,93,266,1630,16383,1716,1704,1695191,800,2043,2322,542346,11953,8,382552,1496,112379,390,2666693032,2666792098,0,2666792172,2666792687,3592208517,17859281,-53,47,1064,0.1341,1687.6,0.48035353727097796,0.015346503722914129,0.1341,25.61,78.1,,,,,,
2026-07-30T23:10:23.075560+00:00,S050,mounted,true,rotor_drag,mild,900,rotor_drag-mild_horizontal_no_load_0900rpm,2666892,919,275,2337,3087,1,3,1573302,9,150,77,27,2,1710,1495,1219,92,269,1624,16383,1720,1706,1714514,808,2089,2367,542645,11957,8,382556,1496,112380,390,2666793115,2666892776,0,2666892791,2666893306,3638203514,17871233,-78,84,1065,0.1379,1687.6,0.554034922723091,0.09084958325666959,0.1379,25.79,78.4,,,,,,
2026-07-30T23:10:23.218310+00:00,S050,mounted,true,rotor_drag,mild,900,rotor_drag-mild_horizontal_no_load_0900rpm,2666992,899,302,2366,3206,1,3,1573338,9,150,79,24,0,1711,1494,1240,92,269,1628,16383,1718,1707,1698061,800,2101,2148,542934,11953,8,382553,1496,112381,390,2666893734,2666992804,0,2666992814,2666993329,3604304799,17859281,-76,33,1061,0.1417,1687.6,0.19034915075713155,0.11201463256086308,0.1417,25.67,78.2,,,,,,
2026-07-30T23:10:23.308674+00:00,S050,mounted,true,rotor_drag,mild,900,rotor_drag-mild_horizontal_no_load_0900rpm,2667092,902,302,2326,3165,1,3,1573374,9,150,77,32,3,1711,1494,1221,81,222,1624,16383,1718,1704,1696917,800,2061,2149,542995,11954,8,382552,1496,112382,390,2666993755,2667092864,0,2667092873,2667093388,3599454717,17862272,-88,59,1058,0.1417,1687.6,0.19171621733311017,0.04505960163961831,0.1417,25.79,78.4,,,,,,
2026-07-30T23:10:23.402684+00:00,S050,mounted,true,rotor_drag,mild,900,rotor_drag-mild_horizontal_no_load_0900rpm,2667192,907,301,2333,3162,5,3,1573411,9,150,73,23,6,1711,1494,1232,81,222,1626,16383,1717,1707,1714236,808,1882,2333,543077,11955,8,382552,1496,112383,390,2667093817,2667193403,0,2667193482,2667193997,3637041990,17865257,-86,41,1038,0.1417,1687.6,0.4980366431618566,-0.25351564190715203,0.1417,25.73,78.3,,,,,,
2026-07-30T23:10:23.496573+00:00,S050,mounted,true,rotor_drag,mild,900,rotor_drag-mild_horizontal_no_load_0900rpm,2667292,912,286,2321,3106,5,3,1573447,9,150,75,30,5,1713,1494,1234,79,216,1628,16383,1724,1706,1699391,800,1881,2159,543415,11955,8,382552,1496,112384,390,2667194425,2667293451,0,2667293530,2667294045,3610030939,17865255,-73,27,1043,0.1493,1687.6,0.20808077264742764,-0.2551820549560855,0.1493,25.67,78.2,,,,,,
2026-07-30T23:10:23.589033+00:00,S050,mounted,true,rotor_drag,mild,900,rotor_drag-mild_horizontal_no_load_0900rpm,2667393,917,364,2240,3233,4,3,1573484,9,150,86,60,1,1714,1495,1203,79,200,1627,16383,1725,1708,1701531,800,1957,2351,543801,11956,8,382554,1496,112385,390,2667294474,2667393548,0,2667393622,2667394137,3619148333,17868246,-94,40,1047,0.1531,1687.6,0.5277043984610232,-0.12880742756774888,0.1531,25.7,78.3,,,,,,
2026-07-30T23:10:23.681867+00:00,S050,mounted,true,rotor_drag,mild,900,rotor_drag-mild_horizontal_no_load_0900rpm,2667493,923,343,2284,3215,4,3,1573520,9,150,86,57,14,1715,1494,1196,79,200,1629,16383,1726,1706,1701603,800,2087,2299,544063,11955,8,382554,1496,112386,390,2667394565,2667493576,0,2667493650,2667494165,3619407325,17865259,-87,48,1044,0.1569,1687.6,0.44137859949811764,0.08809903312421552,0.1569,25.64,78.1,,,,,,
2026-07-30T23:10:23.822341+00:00,S050,mounted,true,rotor_drag,mild,900,rotor_drag-mild_horizontal_no_load_0900rpm,2667593,834,351,2372,3424,1,3,1573554,9,150,94,73,14,1724,1495,1204,78,184,1625,16383,1779,1714,1726811,800,1932,2365,547077,11957,8,382558,1496,112387,390,2667494599,2667593648,0,2667593722,2667594237,3728097055,17871233,-82,43,1042,0.191,1687.6,0.5507026540938358,-0.17073350413983457,0.191,25.76,78.4,,,,,,
2026-07-30T23:10:23.917886+00:00,S050,mounted,true,rotor_drag,mild,900,rotor_drag-mild_horizontal_no_load_0900rpm,2667693,1068,624,1666,3127,6,3,1573593,9,150,200,255,18,1729,1495,1206,196,894,1624,16383,1765,1705,1723114,800,2103,2203,548585,11956,8,382560,1496,112388,390,2667594670,2667693656,0,2667693735,2667694250,3711768022,17868246,-128,87,1059,0.21,1687.6,0.2810958952827032,0.11446852827032439,0.21,25.79,78.4,,,,,,
2026-07-30T23:10:24.010577+00:00,S050,mounted,true,rotor_drag,mild,900,rotor_drag-mild_horizontal_no_load_0900rpm,2667793,937,576,1819,3356,6,3,1573629,9,150,182,239,9,1729,1494,1222,196,894,1626,16383,1755,1701,1714766,800,2097,2205,548787,11954,8,382558,1496,112389,390,2667694686,2667793768,0,2667793842,2667794360,3675850516,17862270,-95,56,1032,0.21,1687.6,0.2850431545926049,0.10505548987786506,0.21,25.73,78.3,,,,,,
2026-07-30T23:10:24.104855+00:00,S050,mounted,true,rotor_drag,mild,900,rotor_drag-mild_horizontal_no_load_0900rpm,2667893,851,629,1850,3698,2,3,1573666,9,150,138,134,22,1734,1494,1209,191,819,1627,16383,1771,1705,1726878,800,2102,2217,550167,11955,8,382558,1496,112390,390,2667794792,2667894012,0,2667894086,2667894601,3728147580,17865255,-87,40,1034,0.229,1687.6,0.3047327294855706,0.1130952288582181,0.229,25.7,78.3,,,,,,
2026-07-30T23:10:24.199181+00:00,S050,mounted,true,rotor_drag,mild,900,rotor_drag-mild_horizontal_no_load_0900rpm,2667993,1064,683,1649,3255,3,3,1573703,9,150,217,283,15,1740,1494,1210,191,819,1626,16383,1791,1714,1738742,800,2087,2247,552208,11951,8,382551,1496,112391,390,2667895034,2667994078,0,2667994152,2667994667,3779774518,17853309,-102,25,1038,0.2517,1687.6,0.3559783818090536,0.08926305422140413,0.2517,25.73,78.3,,,,,,
2026-07-30T23:10:24.291340+00:00,S050,mounted,true,rotor_drag,mild,900,rotor_drag-mild_horizontal_no_load_0900rpm,2668094,1014,820,1534,3556,4,3,1573742,9,150,258,342,18,1742,1495,1217,207,907,1637,16383,1789,1705,1747882,808,2045,2383,552657,11957,8,382555,1496,112392,390,2667995103,2668094780,0,2668094789,2668095304,3781940396,17871233,-72,45,1045,0.2593,1687.6,0.5806930717571293,0.01753967341306284,0.2593,25.4,77.7,,,,,,
2026-07-30T23:10:24.385251+00:00,S050,mounted,true,rotor_drag,mild,900,rotor_drag-mild_horizontal_no_load_0900rpm,2668194,857,655,1711,3622,5,3,1573783,9,150,182,171,48,1747,1494,1240,213,903,1617,16383,1830,1705,1743857,800,2103,2297,554223,11949,8,382544,1496,112393,390,2668095739,2668194804,0,2668194813,2668195328,3802967945,17847331,9,73,1089,0.2783,1687.6,0.4399678174742654,0.11652135400451868,0.2783,26.01,78.8,,,,,,
2026-07-30T23:10:24.524640+00:00,S050,mounted,true,rotor_drag,mild,900,rotor_drag-mild_horizontal_no_load_0900rpm,2668294,890,565,1922,3509,6,3,1573821,9,150,121,114,19,1738,1495,1212,213,903,1618,16383,1739,1700,1704272,800,2084,2175,551490,11956,8,382547,1496,112394,390,2668195760,2668294869,0,2668294878,2668295393,3630904956,17868246,-63,89,1076,0.2442,1687.6,0.23444023251923696,0.08280932853797252,0.2442,25.97,78.8,,,,,,
2026-07-30T23:10:24.617412+00:00,S050,mounted,true,rotor_drag,mild,900,rotor_drag-mild_horizontal_no_load_0900rpm,2668394,956,452,2041,3223,3,3,1573859,9,150,103,96,2,1728,1495,1232,185,723,1622,16383,1722,1697,1691085,800,2029,2152,548180,11957,8,382551,1496,112395,390,2668295826,2668394924,0,2668394934,2668395451,3574784377,17871233,-55,48,1062,0.2062,1687.6,0.1958160450781965,-0.009118475620975453,0.2062,25.85,78.5,,,,,,
2026-07-30T23:10:24.710498+00:00,S050,mounted,true,rotor_drag,mild,900,rotor_drag-mild_horizontal_no_load_0900rpm,2668494,930,278,2280,3027,1,3,1573896,9,150,74,9,5,1719,1494,1242,166,647,1631,16383,1705,1698,1687221,800,2074,2130,545552,11953,8,382548,1496,112396,390,2668395882,2668494939,0,2668494949,2668495464,3558429325,17859281,-57,54,1066,0.1721,1687.6,0.16034869697983734,0.06701395189492176,0.1721,25.58,78.0,,,,,,
2026-07-30T23:10:24.802872+00:00,S050,mounted,true,rotor_drag,mild,900,rotor_drag-mild_horizontal_no_load_0900rpm,2668594,894,268,2413,3163,1,3,1573932,9,150,74,11,3,1714,1495,1209,166,647,1632,16383,1707,1698,1687443,800,1878,2311,543834,11959,8,382556,1496,112397,390,2668495893,2668595007,0,2668595017,2668595532,3559525509,17877211,-50,19,1065,0.1531,1687.6,0.46008746157705493,-0.26122804507065833,0.1531,25.55,78.0,,,,,,
2026-07-30T23:10:24.897244+00:00,S050,mounted,true,rotor_drag,mild,900,rotor_drag-mild_horizontal_no_load_0900rpm,2668694,898,261,2403,3129,1,3,1573968,9,150,78,39,8,1711,1494,1230,145,535,1628,16383,1710,1700,1690050,800,2081,2263,542902,11954,8,382555,1496,112398,390,2668595961,2668695053,0,2668695063,2668695578,3570396464,17862268,-78,54,1039,0.1417,1687.6,0.38170319675422437,0.07839065066086626,0.1417,25.67,78.2,,,,,,
2026-07-30T23:10:24.990134+00:00,S050,mounted,true,rotor_drag,mild,900,rotor_drag-mild_horizontal_no_load_0900rpm,2668794,893,270,2492,3248,1,3,1574004,9,150,81,48,4,1708,1494,1235,145,535,1628,16383,1708,1695,1688632,800,1871,2134,542145,11954,8,382554,1496,112399,390,2668696007,2668795063,0,2668795078,2668795593,3564446266,17862266,-79,57,1037,0.1303,1687.6,0.1667179305671742,-0.271585364062239,0.1303,25.67,78.2,,,,,,
2026-07-30T23:10:25.086323+00:00,S050,mounted,true,rotor_drag,mild,900,rotor_drag-mild_horizontal_no_load_0900rpm,2668894,893,275,2456,3225,3,3,1574039,9,150,82,45,3,1707,1495,1245,131,451,1622,16383,1709,1696,1690474,800,2023,2369,541766,11956,8,382556,1496,112400,390,2668796023,2668895101,0,2668895110,2668895625,3572295332,17868244,-100,70,1032,0.1265,1687.6,0.5576973245232515,-0.01883336533957891,0.1265,25.85,78.5,,,,,,
2026-07-30T23:10:25.226700+00:00,S050,mounted,true,rotor_drag,mild,900,rotor_drag-mild_horizontal_no_load_0900rpm,2668994,892,280,2477,3261,3,3,1574075,9,150,84,44,5,1708,1494,1221,115,378,1623,16383,1715,1703,1694307,800,1916,2143,541959,11955,8,382556,1496,112401,390,2668896056,2668995160,0,2668995169,2668995684,3588438583,17865257,-87,35,1033,0.1303,1687.6,0.1814181638644916,-0.1968575982434131,0.1303,25.82,78.5,,,,,,
2026-07-30T23:10:25.320467+00:00,S050,mounted,true,rotor_drag,mild,900,rotor_drag-mild_horizontal_no_load_0900rpm,2669095,872,265,2465,3226,2,3,1574110,9,150,74,13,3,1713,1495,1238,115,378,1625,16383,1736,1705,1724308,808,2085,2167,543494,11957,8,382560,1496,112402,390,2668996114,2669095789,0,2669095863,2669096378,3679844668,17871235,-100,60,1028,0.1493,1687.6,0.2208080597976081,0.08418504599815968,0.1493,25.76,78.4,,,,,,
2026-07-30T23:10:25.416325+00:00,S050,mounted,true,rotor_drag,mild,900,rotor_drag-mild_horizontal_no_load_0900rpm,2669195,829,609,2225,4060,2,3,1574146,9,150,146,170,3,1716,1494,1237,104,321,1624,16383,1735,1702,1706202,800,2079,2175,544411,11954,8,382558,1496,112403,390,2669096812,2669195885,0,2669196123,2669196639,3639086666,17862270,-103,60,1029,0.1607,1687.6,0.2350465810607325,0.07505754575874146,0.1607,25.79,78.4,,,,,,
2026-07-30T23:10:25.510150+00:00,S050,mounted,true,rotor_drag,mild,900,rotor_drag-mild_horizontal_no_load_0900rpm,2669296,940,439,2139,3306,2,3,1574182,9,150,125,113,8,1717,1494,1237,95,269,1626,16383,1734,1704,1721617,808,2083,2167,544841,11955,8,382558,1496,112404,390,2669197072,2669296773,0,2669296783,2669297298,3668404669,17865259,-93,37,1036,0.1645,1687.6,0.22141207703889565,0.08143338092848174,0.1645,25.73,78.3,,,,,,
2026-07-30T23:10:25.604601+00:00,S050,mounted,true,rotor_drag,mild,900,rotor_drag-mild_horizontal_no_load_0900rpm,2669396,968,483,1925,3173,1,3,1574220,9,150,118,127,10,1719,1495,1234,95,269,1625,16383,1744,1705,1708201,800,1943,2177,545403,11956,8,382560,1496,112405,390,2669297732,2669396860,0,2669396869,2669397384,3647645283,17868246,-104,61,1046,0.1721,1687.6,0.23777277985948464,-0.15213525894948177,0.1721,25.76,78.4,,,,,,
2026-07-30T23:10:25.698271+00:00,S050,mounted,true,rotor_drag,mild,900,rotor_drag-mild_horizontal_no_load_0900rpm,2669496,921,358,2339,3311,5,3,1574257,9,150,98,90,18,1720,1494,1234,121,444,1624,16383,1738,1703,1709422,800,2097,2169,545897,11951,8,382552,1496,112406,390,2669397818,2669496932,0,2669496941,2669497456,3652832284,17853307,-101,51,1029,0.1758,1687.6,0.22595465961007388,0.10593276219563208,0.1758,25.79,78.4,,,,,,
2026-07-30T23:10:25.792104+00:00,S050,mounted,true,rotor_drag,mild,900,rotor_drag-mild_horizontal_no_load_0900rpm,2669596,953,347,2086,2997,6,3,1574295,9,150,87,59,3,1719,1494,1234,121,444,1627,16383,1735,1705,1701987,800,1949,2173,545507,11954,8,382551,1496,112407,390,2669497888,2669596966,0,2669596976,2669597491,3621115113,17862270,-99,63,1028,0.1721,1687.6,0.2317134761586077,-0.1415942728793711,0.1721,25.7,78.3,,,,,,
2026-07-30T23:10:25.931740+00:00,S050,mounted,true,rotor_drag,mild,900,rotor_drag-mild_horizontal_no_load_0900rpm,2669697,961,315,2202,3023,3,3,1574333,9,150,79,21,3,1715,1495,1222,106,371,1626,16383,1712,1697,1707461,808,2090,2159,544066,11956,8,382553,1496,112408,390,2669597921,2669697775,0,2669697849,2669698364,3608246717,17868244,-43,-67,1033,0.1569,1687.6,0.2077798537972564,0.09280697055871512,0.1569,25.73,78.3,,,,,,
2026-07-30T23:10:26.026837+00:00,S050,mounted,true,rotor_drag,mild,900,rotor_drag-mild_horizontal_no_load_0900rpm,2669797,925,304,2332,3154,1,3,1574370,9,150,80,45,17,1711,1495,1227,136,427,1630,16383,1713,1699,1690372,800,2045,2137,543089,11957,8,382557,1496,112409,390,2669698794,2669797850,0,2669797924,2669798439,3571744086,17871235,-34,-26,1034,0.1417,1687.6,0.17082403035878535,0.01753967341306284,0.1417,25.61,78.1,,,,,,
2026-07-30T23:10:26.119795+00:00,S050,mounted,true,rotor_drag,mild,900,rotor_drag-mild_horizontal_no_load_0900rpm,2669897,917,268,2330,3061,5,3,1574407,9,150,73,13,2,1709,1494,1250,136,427,1632,16383,1706,1698,1688522,800,1898,2303,542240,11948,8,382544,1496,112410,390,2669798874,2669897935,0,2669898008,2669898523,3564053012,17844342,-74,29,1029,0.1341,1687.6,0.4502926819551387,-0.22500000636089768,0.1341,25.55,78.0,,,,,,
2026-07-30T23:10:26.215933+00:00,S050,mounted,true,rotor_drag,mild,900,rotor_drag-mild_horizontal_no_load_0900rpm,2669997,915,248,2372,3052,4,3,1574444,9,150,73,15,2,1707,1494,1203,116,343,1627,16383,1709,1700,1688640,800,2075,2139,541684,11951,8,382537,1496,112411,390,2669898953,2669998023,0,2669998102,2669998617,3564415008,17853303,-67,29,1039,0.1265,1687.6,0.17594553568739002,0.06925940465233005,0.1265,25.7,78.3,,,,,,
2026-07-30T23:10:26.309301+00:00,S050,mounted,true,rotor_drag,mild,900,rotor_drag-mild_horizontal_no_load_0900rpm,2670098,918,256,2372,3070,6,3,1574481,9,150,73,8,4,1706,1495,1232,113,339,1631,16383,1706,1699,1705615,808,1877,2139,541339,11956,8,382540,1496,112412,390,2669999047,2670098766,0,2670098780,2670099295,3600504709,17868244,-53,69,1018,0.1227,1687.6,0.1744543803947809,-0.2621093211776513,0.1227,25.58,78.0,,,,,,
2026-07-30T23:10:26.400956+00:00,S050,mounted,true,rotor_drag,mild,900,rotor_drag-mild_horizontal_no_load_0900rpm,2670198,928,253,2344,3026,2,3,1574518,9,150,73,11,3,1705,1494,1232,113,339,1625,16383,1708,1699,1689250,800,1989,2147,541150,11953,8,382538,1496,112413,390,2670099724,2670198939,0,2670198948,2670199463,3567007290,17859283,-70,18,1056,0.1189,1687.6,0.1886824588806153,-0.0746548576089685,0.1189,25.76,78.4,,,,,,
2026-07-30T23:10:26.496830+00:00,S050,mounted,true,rotor_drag,mild,900,rotor_drag-mild_horizontal_no_load_0900rpm,2670298,915,258,2323,3029,3,3,1574555,9,150,79,38,4,1705,1494,1227,113,324,1621,16383,1707,1700,1689295,800,2044,2140,541005,11948,8,382526,1496,112414,390,2670199893,2670298981,0,2670298996,2670299511,3567186615,17844344,-71,-17,1086,0.1189,1687.6,0.17850821727485755,0.018438839303648535,0.1189,25.88,78.6,,,,,,
2026-07-30T23:10:26.635906+00:00,S050,mounted,true,rotor_drag,mild,900,rotor_drag-mild_horizontal_no_load_0900rpm,2670398,907,252,2375,3071,3,3,1574591,9,150,72,14,4,1705,1494,1229,113,324,1626,16383,1709,1698,1688935,800,2034,2289,540844,11954,8,382526,1496,112415,390,2670299941,2670399068,0,2670399078,2670399593,3565717701,17862270,-84,0,1058,0.1189,1687.6,0.42503356048184715,6.268546093313176e-05,0.1189,25.73,78.3,,,,,,
2026-07-30T23:10:26.730801+00:00,S050,mounted,true,rotor_drag,mild,900,rotor_drag-mild_horizontal_no_load_0900rpm,2670498,896,253,2451,3158,3,3,1574627,9,150,73,17,2,1704,1494,1238,168,678,1619,16383,1706,1698,1686720,800,2085,2138,540540,11950,8,382519,1496,112416,390,2670400019,2670499100,0,2670499109,2670499624,3556315872,17850316,-92,50,1049,0.1151,1687.6,0.1745768061924684,0.08621996066945581,0.1151,25.94,78.7,,,,,,
2026-07-30T23:10:26.823809+00:00,S050,mounted,true,rotor_drag,mild,900,rotor_drag-mild_horizontal_no_load_0900rpm,2670599,902,256,2457,3166,3,3,1574663,9,150,75,26,5,1703,1494,1216,152,575,1631,16383,1706,1699,1704325,808,2081,2129,540403,11950,8,382512,1496,112417,390,2670500054,2670599682,0,2670599756,2670600275,3594983857,17850318,-77,28,1060,0.1113,1687.6,0.15957281355648512,0.07955151949790773,0.1113,25.58,78.0,,,,,,
2026-07-30T23:10:26.915768+00:00,S050,mounted,true,rotor_drag,mild,900,rotor_drag-mild_horizontal_no_load_0900rpm,2670699,914,266,2415,3142,1,3,1574700,9,150,74,25,5,1703,1495,1226,152,575,1625,16383,1707,1699,1688338,800,1983,2137,540414,11956,8,382517,1496,112418,390,2670600705,2670699928,0,2670700001,2670700516,3563155918,17868246,-39,37,1081,0.1113,1687.6,0.1711218330545332,-0.08548431214453034,0.1113,25.76,78.4,,,,,,
2026-07-30T23:10:27.010477+00:00,S050,mounted,true,rotor_drag,mild,900,rotor_drag-mild_horizontal_no_load_0900rpm,2670799,909,255,2431,3133,5,3,1574737,9,150,74,14,5,1703,1494,1216,150,511,1624,16383,1708,1698,1688275,800,2021,2137,540397,11954,8,382517,1496,112419,390,2670700946,2670800005,0,2670800084,2670800599,3562882995,17862268,-53,43,1061,0.1113,1687.6,0.17171758792036096,-0.021602496402878035,0.1113,25.79,78.4,,,,,,
2026-07-30T23:10:27.103576+00:00,S050,mounted,true,rotor_drag,mild,900,rotor_drag-mild_horizontal_no_load_0900rpm,2670899,936,250,2309,2977,4,3,1574774,9,150,73,11,2,1703,1494,1206,139,447,1629,16383,1705,1692,1686553,800,2011,2137,540205,11955,8,382519,1496,112420,390,2670801029,2670900107,0,2670900181,2670900696,3555623779,17865259,-61,1,1067,0.1113,1687.6,0.17141968557089093,-0.03854835859473038,0.1113,25.64,78.1,,,,,,
2026-07-30T23:10:27.197864+00:00,S050,mounted,true,rotor_drag,mild,900,rotor_drag-mild_horizontal_no_load_0900rpm,2671000,924,252,2380,3064,6,3,1574811,9,150,73,14,6,1702,1495,1226,139,447,1625,16383,1705,1696,1703508,808,1995,2219,540109,11956,8,382523,1496,112421,390,2670901125,2671000787,0,2671000796,2671001311,3591566864,17868246,-64,-3,1065,0.1075,1687.6,0.30775627400468375,-0.06548902810304513,0.1075,25.76,78.4,,,,,,
2026-07-30T23:10:27.337772+00:00,S050,mounted,true,rotor_drag,mild,900,rotor_drag-mild_horizontal_no_load_0900rpm,2671100,926,251,2333,3012,2,3,1574848,9,150,73,7,2,1702,1494,1222,157,511,1626,16383,1706,1699,1687580,800,2085,2133,540160,11954,8,382523,1496,112422,390,2671001744,2671100830,0,2671100840,2671101355,3559940422,17862268,-97,-11,1073,0.1075,1687.6,0.16505137811611137,0.08505686046511629,0.1075,25.73,78.3,,,,,,
2026-07-30T23:10:27.431638+00:00,S050,mounted,true,rotor_drag,mild,900,rotor_drag-mild_horizontal_no_load_0900rpm,2671200,906,258,2428,3140,3,3,1574885,9,150,73,17,4,1703,1495,1241,157,511,1626,16383,1708,1699,1688480,800,2087,2137,540243,11956,8,382527,1496,112423,390,2671101784,2671200925,0,2671200939,2671201454,3563741308,17868244,-73,17,1064,0.1113,1687.6,0.1711218330545332,0.08780814954834382,0.1113,25.73,78.3,,,,,,
2026-07-30T23:10:27.525703+00:00,S050,mounted,true,rotor_drag,mild,900,rotor_drag-mild_horizontal_no_load_0900rpm,2671300,913,249,2376,3060,3,3,1574921,9,150,73,6,3,1703,1495,1209,150,510,1628,16383,1707,1698,1688891,800,2081,2443,540282,11958,8,382535,1496,112424,390,2671201884,2671300980,0,2671300989,2671301504,3565677945,17874222,-58,0,1070,0.1113,1687.6,0.6803207420973401,0.0772305584545907,0.1113,25.67,78.2,,,,,,
2026-07-30T23:10:27.618454+00:00,S050,mounted,true,rotor_drag,mild,900,rotor_drag-mild_horizontal_no_load_0900rpm,2671400,918,245,2379,3047,1,3,1574958,9,150,72,11,6,1703,1494,1242,144,462,1635,16383,1708,1696,1688528,800,2039,2141,540359,11953,8,382533,1496,112425,390,2671301930,2671400995,0,2671401004,2671401519,3563948882,17859289,-59,38,1061,0.1113,1687.6,0.17868230762151738,0.008679736216849143,0.1113,25.46,77.8,,,,,,
2026-07-30T23:10:27.712555+00:00,S050,mounted,true,rotor_drag,mild,900,rotor_drag-mild_horizontal_no_load_0900rpm,2671500,929,258,2259,2953,5,3,1574995,9,150,77,39,0,1703,1494,1219,144,462,1633,16383,1708,1697,1687480,800,1990,2199,540328,11955,8,382534,1496,112426,390,2671401949,2671501039,0,2671501048,2671501564,3559567340,17865255,-66,50,1077,0.1113,1687.6,0.2747372946047677,-0.07354303262233408,0.1113,25.52,77.9,,,,,,
2026-07-30T23:10:27.805260+00:00,S050,mounted,true,rotor_drag,mild,900,rotor_drag-mild_horizontal_no_load_0900rpm,2671600,920,257,2364,3063,6,3,1575033,9,150,72,3,4,1704,1494,1241,132,394,1630,16383,1710,1701,1690869,800,2027,2139,540659,11955,8,382535,1496,112427,390,2671501991,2671601076,0,2671601091,2671601606,3573840535,17865257,-72,33,1076,0.1151,1687.6,0.17475251166875783,-0.011885749811794355,0.1151,25.61,78.1,,,,,,
2026-07-30T23:10:27.899021+00:00,S050,mounted,true,rotor_drag,mild,900,rotor_drag-mild_horizontal_no_load_0900rpm,2671701,951,267,2315,3018,3,3,1575071,9,150,76,29,5,1704,1494,1200,120,342,1625,16383,1709,1698,1705920,808,2071,2329,540601,11951,8,382529,1496,112428,390,2671602034,2671701793,0,2671701867,2671702382,3601776732,17853305,-82,-4,1038,0.1151,1687.6,0.4926699871977238,0.06259152146263913,0.1151,25.76,78.4,,,,,,
2026-07-30T23:10:28.038592+00:00,S050,mounted,true,rotor_drag,mild,900,rotor_drag-mild_horizontal_no_load_0900rpm,2671801,944,275,2246,2974,5,3,1575109,9,150,74,18,2,1703,1495,1226,120,342,1626,16383,1705,1697,1686206,800,2073,2203,540320,11957,8,382534,1496,112429,390,2671702811,2671801866,0,2671801945,2671802460,3554155958,17871235,-30,-35,1068,0.1113,1687.6,0.280788895124195,0.06419143422263085,0.1113,25.73,78.3,,,,,,
2026-07-30T23:10:28.132223+00:00,S050,mounted,true,rotor_drag,mild,900,rotor_drag-mild_horizontal_no_load_0900rpm,2671901,942,253,2309,2981,4,3,1575146,9,150,75,16,4,1702,1495,1229,131,402,1632,16383,1704,1692,1684911,800,1907,2307,540012,11956,8,382537,1496,112430,390,2671802890,2671901967,0,2671902041,2671902556,3548810431,17868246,-52,-9,1065,0.1075,1687.6,0.4543883569755769,-0.21212111107393783,0.1075,25.55,78.0,,,,,,
2026-07-30T23:10:28.225732+00:00,S050,mounted,true,rotor_drag,mild,900,rotor_drag-mild_horizontal_no_load_0900rpm,2672001,914,257,2356,3060,4,3,1575182,9,150,73,3,1,1701,1494,1217,131,402,1629,16383,1703,1695,1684622,800,1887,2139,539802,11953,8,382535,1496,112431,390,2671902985,2672002060,0,2672002134,2672002653,3547564964,17859285,-66,23,1045,0.1037,1687.6,0.17534892386848488,-0.24465742901363674,0.1037,25.64,78.1,,,,,,
2026-07-30T23:10:28.319080+00:00,S050,mounted,true,rotor_drag,mild,900,rotor_drag-mild_horizontal_no_load_0900rpm,2672101,913,257,2366,3070,6,3,1575219,9,150,73,0,2,1701,1494,1235,110,329,1628,16383,1703,1696,1685051,800,2035,2135,539659,11954,8,382535,1496,112432,390,2672003081,2672102127,0,2672102201,2672102716,3549283347,17862266,-79,27,1054,0.1037,1687.6,0.16838448301823616,0.0017292379119959733,0.1037,25.67,78.2,,,,,,
2026-07-30T23:10:28.412495+00:00,S050,mounted,true,rotor_drag,mild,900,rotor_drag-mild_horizontal_no_load_0900rpm,2672202,925,257,2317,3013,2,3,1575256,9,150,73,5,1,1701,1494,1247,95,269,1626,16383,1706,1697,1702315,808,1987,2323,539642,11954,8,382535,1496,112433,390,2672103142,2672202809,0,2672202818,2672203333,3586584429,17862268,-113,65,1061,0.1037,1687.6,0.48169634381796866,-0.078265279739,0.1037,25.73,78.3,,,,,,
2026-07-30T23:10:28.504823+00:00,S050,mounted,true,rotor_drag,mild,900,rotor_drag-mild_horizontal_no_load_0900rpm,2672302,924,255,2352,3042,3,3,1575293,9,150,73,8,3,1701,1494,1238,95,269,1624,16383,1703,1697,1685969,800,2035,2137,539674,11949,8,382525,1496,112434,390,2672203765,2672302844,0,2672302853,2672303368,3553154407,17847337,-82,50,1054,0.1037,1687.6,0.17320784760230934,0.003148366808937819,0.1037,25.79,78.4,,,,,,
2026-07-30T23:10:28.613914+00:00,S050,mounted,true,rotor_drag,mild,900,rotor_drag-mild_horizontal_no_load_0900rpm,2672402,935,257,2327,3014,1,3,1575330,9,150,74,15,1,1700,1494,1227,108,315,1625,16383,1703,1695,1685045,800,2069,2275,539568,11955,8,382527,1496,112435,390,2672303799,2672402886,0,2672402896,2672403411,3549296397,17865257,-61,28,1057,0.0999,1687.6,0.4013846863237136,0.0581035982434126,0.0999,25.76,78.4,,,,,,
2026-07-30T23:10:28.740004+00:00,S050,mounted,true,rotor_drag,mild,900,rotor_drag-mild_horizontal_no_load_0900rpm,2672502,890,267,2421,3172,1,3,1575366,9,150,74,17,2,1701,1494,1242,100,277,1626,16383,1705,1696,1685685,800,2073,2137,539585,11953,8,382526,1496,112436,390,2672403841,2672502934,0,2672502944,2672503459,3551956625,17859281,-101,46,1050,0.1037,1687.6,0.17201554011545195,0.06534726001840552,0.1037,25.73,78.3,,,,,,
2026-07-30T23:10:28.840264+00:00,S050,mounted,true,rotor_drag,mild,900,rotor_drag-mild_horizontal_no_load_0900rpm,2672602,893,284,2416,3211,1,3,1575402,9,150,75,23,4,1701,1494,1238,100,277,1626,16383,1706,1693,1687059,800,1943,2131,539758,11951,8,382521,1496,112437,390,2672503889,2672602956,0,2672602966,2672603481,3557783349,17853307,-89,32,1063,0.1037,1687.6,0.16260976930800775,-0.1507807406074808,0.1037,25.73,78.3,,,,,,
2026-07-30T23:10:28.928801+00:00,S050,mounted,true,rotor_drag,mild,900,rotor_drag-mild_horizontal_no_load_0900rpm,2672702,905,271,2371,3120,1,3,1575438,9,150,74,21,6,1702,1494,1232,95,266,1631,16383,1724,1698,1689419,800,2019,2355,540048,11955,8,382523,1496,112438,390,2672603911,2672702984,0,2672702993,2672703508,3567866207,17865257,-84,40,1040,0.1075,1687.6,0.5346977302383937,-0.025217054203262812,0.1075,25.58,78.0,,,,,,
2026-07-30T23:10:29.036022+00:00,S050,mounted,true,rotor_drag,mild,900,rotor_drag-mild_horizontal_no_load_0900rpm,2672802,925,256,2315,3008,4,3,1575476,9,150,73,10,2,1703,1495,1234,95,266,1630,16383,1707,1699,1689209,800,2086,2143,540243,11956,8,382527,1496,112439,390,2672703937,2672803083,0,2672803093,2672803608,3566816655,17868246,-64,40,1048,0.1113,1687.6,0.18111947507527582,0.08614187587821975,0.1113,25.61,78.1,,,,,,
2026-07-30T23:10:29.128684+00:00,S050,mounted,true,rotor_drag,mild,900,rotor_drag-mild_horizontal_no_load_0900rpm,2672902,930,264,2294,3005,6,3,1575513,9,150,73,3,4,1703,1494,1260,86,232,1626,16383,1709,1699,1689909,800,1949,2266,540454,11954,8,382527,1496,112440,390,2672804037,2672903093,0,2672903107,2672903623,3569833223,17862268,-50,43,1051,0.1113,1687.6,0.3867028541074111,-0.1415942728793711,0.1113,25.73,78.3,,,,,,
2026-07-30T23:10:29.222574+00:00,S050,mounted,true,rotor_drag,mild,900,rotor_drag-mild_horizontal_no_load_0900rpm,2673003,863,298,2540,3403,4,3,1575548,9,150,78,26,8,1705,1494,1217,80,206,1622,16383,1716,1691,1710981,808,1933,2143,541047,11955,8,382529,1496,112441,390,2672904050,2673003788,0,2673003867,2673004382,3623192731,17865259,-34,44,1071,0.1189,1687.6,0.1814181638644916,-0.16852857641154362,0.1189,25.85,78.5,,,,,,
2026-07-30T23:10:29.315795+00:00,S050,mounted,true,rotor_drag,mild,900,rotor_drag-mild_horizontal_no_load_0900rpm,2673103,876,269,2440,3209,5,3,1575583,9,150,76,22,17,1709,1494,1243,80,206,1623,16383,1730,1707,1701789,800,2095,2231,542234,11953,8,382527,1496,112442,390,2673004810,2673103870,0,2673103949,2673104464,3620190793,17859281,-66,49,1067,0.1341,1687.6,0.3286845765079893,0.10201448130176471,0.1341,25.82,78.5,,,,,,
2026-07-30T23:10:29.409839+00:00,S050,mounted,true,rotor_drag,mild,900,rotor_drag-mild_horizontal_no_load_0900rpm,2673203,911,310,2385,3237,5,3,1575619,9,150,79,37,11,1710,1494,1240,86,233,1622,16383,1719,1706,1696933,800,2095,2165,542504,11951,8,382522,1496,112443,390,2673104893,2673203967,0,2673204041,2673204555,3599517217,17853305,-66,33,1046,0.1379,1687.6,0.21928677642038297,0.1025988206007864,0.1379,25.85,78.5,,,,,,
2026-07-30T23:10:29.503919+00:00,S050,mounted,true,rotor_drag,mild,900,rotor_drag-mild_horizontal_no_load_0900rpm,2673304,932,272,2321,3051,4,3,1575656,9,150,73,8,10,1710,1494,1209,83,214,1617,16383,1717,1705,1712945,808,2095,2197,542612,11955,8,382524,1496,112444,390,2673204985,2673304756,0,2673304765,2673305280,3631459757,17865259,-90,57,1042,0.1379,1687.6,0.27140446850690036,0.10143033751568398,0.1379,26.01,78.8,,,,,,
2026-07-30T23:10:29.611560+00:00,S050,mounted,true,rotor_drag,mild,900,rotor_drag-mild_horizontal_no_load_0900rpm,2673404,920,287,2354,3134,6,3,1575693,9,150,81,25,5,1711,1494,1229,83,214,1625,16383,1720,1706,1698263,800,2087,2213,542937,11955,8,382526,1496,112445,390,2673305712,2673404815,0,2673404824,2673405339,3605172257,17865257,-80,51,1031,0.1417,1687.6,0.29806707728983683,0.08809903312421552,0.1417,25.76,78.4,,,,,,
2026-07-30T23:10:29.752443+00:00,S050,mounted,true,rotor_drag,mild,900,rotor_drag-mild_horizontal_no_load_0900rpm,2673504,921,257,2343,3042,2,3,1575730,9,150,76,27,15,1712,1494,1238,94,242,1623,16383,1718,1707,1698937,800,2101,2307,543204,11955,8,382528,1496,112446,390,2673405772,2673505012,0,2673505022,2673505536,3608058775,17865255,-76,35,1028,0.1455,1687.6,0.45470990388958565,0.11142881580928465,0.1455,25.82,78.5,,,,,,
2026-07-30T23:10:29.848937+00:00,S050,mounted,true,rotor_drag,mild,900,rotor_drag-mild_horizontal_no_load_0900rpm,2673604,907,334,2214,3135,3,3,1575767,9,150,81,24,13,1712,1495,1263,94,242,1629,16383,1718,1704,1696934,800,2067,2147,543236,11956,8,382532,1496,112447,390,2673505966,2673605034,0,2673605048,2673605563,3599530430,17868246,-56,14,1051,0.1455,1687.6,0.18778456975577118,0.05448267614586788,0.1455,25.64,78.1,,,,,,
2026-07-30T23:10:29.940589+00:00,S050,mounted,true,rotor_drag,mild,900,rotor_drag-mild_horizontal_no_load_0900rpm,2673704,918,335,2326,3238,1,3,1575804,9,150,79,35,10,1712,1495,1219,95,246,1620,16383,1717,1707,1697507,800,1989,2293,543279,11957,8,382537,1496,112448,390,2673605993,2673705092,0,2673705107,2673705622,3602000809,17871233,-75,-5,1042,0.1455,1687.6,0.43074098344066236,-0.07576384820607229,0.1455,25.91,78.6,,,,,,
2026-07-30T23:10:30.032480+00:00,S050,mounted,true,rotor_drag,mild,900,rotor_drag-mild_horizontal_no_load_0900rpm,2673804,937,291,2239,3016,5,3,1575841,9,150,75,12,8,1713,1494,1254,90,222,1623,16383,1720,1706,1698565,800,2073,2201,543391,11952,8,382533,1496,112449,390,2673706052,2673805132,0,2673805147,2673805662,3606457895,17856292,-51,16,1043,0.1493,1687.6,0.27899074698795134,0.06563633734939733,0.1493,25.82,78.5,,,,,,
2026-07-30T23:10:30.127047+00:00,S050,mounted,true,rotor_drag,mild,900,rotor_drag-mild_horizontal_no_load_0900rpm,2673905,937,357,2226,3179,6,3,1575879,9,150,84,36,10,1713,1494,1230,90,222,1631,16383,1723,1709,1717511,808,1937,2151,543696,11953,8,382531,1496,112450,390,2673806091,2673905794,0,2673905873,2673906388,3650874309,17859283,-67,57,1031,0.1493,1687.6,0.19534922638668073,-0.1613228351878191,0.1493,25.58,78.0,,,,,,
2026-07-30T23:10:30.220610+00:00,S050,mounted,true,rotor_drag,mild,900,rotor_drag-mild_horizontal_no_load_0900rpm,2674005,944,292,2279,3054,2,3,1575916,9,150,76,18,10,1713,1494,1235,85,202,1625,16383,1723,1707,1698092,800,2070,2229,543624,11953,8,382529,1496,112451,390,2673906818,2674005884,0,2674005958,2674006473,3604452852,17859279,-56,30,1055,0.1493,1687.6,0.3253511927549564,0.060347184388856334,0.1493,25.76,78.4,,,,,,
2026-07-30T23:10:30.314565+00:00,S050,mounted,true,rotor_drag,mild,900,rotor_drag-mild_horizontal_no_load_0900rpm,2674105,911,255,2391,3090,3,3,1575953,9,150,72,7,4,1712,1495,1236,82,196,1630,16383,1714,1706,1695553,800,1921,2325,543353,11959,8,382538,1496,112452,390,2674006903,2674105958,0,2674106037,2674106552,3593739099,17877211,-54,24,1059,0.1455,1687.6,0.48340944100677286,-0.18959625110795253,0.1455,25.61,78.1,,,,,,
2026-07-30T23:10:30.408762+00:00,S050,mounted,true,rotor_drag,mild,900,rotor_drag-mild_horizontal_no_load_0900rpm,2674205,907,243,2376,3047,3,3,1575989,9,150,76,22,7,1712,1494,1232,82,196,1627,16383,1718,1705,1696626,800,2096,2150,543247,11953,8,382536,1496,112453,390,2674106980,2674206040,0,2674206114,2674206628,3598215250,17859281,-72,28,1057,0.1455,1687.6,0.19368253451016448,0.1036811731782814,0.1455,25.7,78.3,,,,,,
2026-07-30T23:10:30.566172+00:00,S050,mounted,true,rotor_drag,mild,900,rotor_drag-mild_horizontal_no_load_0900rpm,2674305,931,306,2243,3065,5,3,1576027,9,150,78,37,5,1710,1494,1232,76,178,1628,16383,1713,1701,1691569,800,2085,2311,542650,11954,8,382536,1496,112454,390,2674207057,2674306128,0,2674306202,2674306717,3576837133,17862270,-85,42,1045,0.1379,1687.6,0.46169771440521945,0.08505686046511629,0.1379,25.67,78.2,,,,,,
2026-07-30T23:10:30.612904+00:00,S050,mounted,true,rotor_drag,mild,900,rotor_drag-mild_horizontal_no_load_0900rpm,2674406,937,252,2280,2952,6,3,1576065,9,150,72,11,6,1708,1494,1223,76,178,1625,16383,1706,1696,1704536,808,2079,2137,541824,11952,8,382532,1496,112455,390,2674307145,2674406772,0,2674406782,2674407297,3595882840,17856296,-79,37,1040,0.1303,1687.6,0.17231354216867434,0.0756373253012046,0.1303,25.76,78.4,,,,,,
2026-07-30T23:10:30.757504+00:00,S050,mounted,true,rotor_drag,mild,900,rotor_drag-mild_horizontal_no_load_0900rpm,2674506,937,269,2283,3001,3,3,1576103,9,150,73,17,4,1705,1495,1220,76,194,1630,16383,1702,1696,1685056,800,2027,2195,541040,11956,8,382535,1496,112456,390,2674407726,2674506948,0,2674506958,2674507473,3549319130,17868246,-62,29,1053,0.1189,1687.6,0.2677657059217129,-0.012168270659083547,0.1189,25.61,78.1,,,,,,
2026-07-30T23:10:30.849001+00:00,S050,mounted,true,rotor_drag,mild,900,rotor_drag-mild_horizontal_no_load_0900rpm,2674606,949,261,2273,2962,5,3,1576141,9,150,72,3,0,1705,1494,1229,76,191,1624,16383,1707,1699,1688206,800,1971,2271,540849,11953,8,382533,1496,112457,390,2674507901,2674606995,0,2674607009,2674607524,3562654890,17859281,-46,-1,1069,0.1189,1687.6,0.3953522515686436,-0.10465531138626316,0.1189,25.79,78.4,,,,,,
2026-07-30T23:10:30.942217+00:00,S050,mounted,true,rotor_drag,mild,900,rotor_drag-mild_horizontal_no_load_0900rpm,2674706,955,265,2248,2943,6,3,1576179,9,150,73,6,2,1704,1494,1237,76,191,1624,16383,1708,1698,1689047,800,1951,2269,540817,11950,8,382525,1496,112458,390,2674607950,2674707031,0,2674707046,2674707561,3566188057,17850318,-41,1,1069,0.1151,1687.6,0.3929682545606692,-0.13717281857740593,0.1151,25.79,78.4,,,,,,
2026-07-30T23:10:31.038549+00:00,S050,mounted,true,rotor_drag,mild,900,rotor_drag-mild_horizontal_no_load_0900rpm,2674806,935,275,2342,3078,2,3,1576216,9,150,76,29,5,1705,1494,1242,73,176,1621,16383,1710,1701,1690919,800,2081,2168,540957,11954,8,382525,1496,112459,390,2674707987,2674807065,0,2674807074,2674807589,3574051297,17862268,-58,26,1074,0.1189,1687.6,0.22338071390329572,0.07839065066086626,0.1189,25.88,78.6,,,,,,
2026-07-30T23:10:31.131097+00:00,S050,mounted,true,rotor_drag,mild,900,rotor_drag-mild_horizontal_no_load_0900rpm,2674906,936,257,2316,3003,1,3,1576254,9,150,73,4,5,1706,1494,1213,75,179,1623,16383,1713,1702,1692741,800,1970,2223,541263,11955,8,382527,1496,112460,390,2674808018,2674907117,0,2674907126,2674907641,3581783927,17865257,-70,39,1057,0.1227,1687.6,0.31473120777917174,-0.10687129360100389,0.1227,25.82,78.5,,,,,,
2026-07-30T23:10:31.226514+00:00,S050,mounted,true,rotor_drag,mild,900,rotor_drag-mild_horizontal_no_load_0900rpm,2675007,939,278,2270,3012,4,3,1576292,9,150,75,2,5,1706,1495,1226,75,179,1622,16383,1710,1700,1708957,808,2061,2138,541383,11956,8,382531,1496,112461,390,2674908069,2675007911,0,2675007990,2675008505,3614558235,17868250,-62,46,1065,0.1227,1687.6,0.17278810672465683,0.04448503412512528,0.1227,25.85,78.5,,,,,,
2026-07-30T23:10:31.320236+00:00,S050,mounted,true,rotor_drag,mild,900,rotor_drag-mild_horizontal_no_load_0900rpm,2675107,909,282,2383,3161,4,3,1576328,9,150,76,31,4,1706,1494,1229,70,158,1622,16383,1710,1699,1689089,800,2005,2143,541168,11955,8,382532,1496,112462,390,2675008933,2675107984,0,2675108058,2675108573,3566334517,17865257,-66,44,1070,0.1227,1687.6,0.1814181638644916,-0.0485468368883315,0.1227,25.85,78.5,,,,,,
2026-07-30T23:10:31.414754+00:00,S050,mounted,true,rotor_drag,mild,900,rotor_drag-mild_horizontal_no_load_0900rpm,2675207,889,258,2394,3119,4,3,1576364,9,150,75,29,2,1705,1495,1224,70,158,1624,16383,1710,1697,1689377,800,2053,2171,541043,11956,8,382535,1496,112463,390,2675109001,2675208073,0,2675208153,2675208668,3567540191,17868246,-59,46,1051,0.1189,1687.6,0.22777513783874204,0.031154844764134992,0.1189,25.79,78.4,,,,,,
2026-07-30T23:10:31.554490+00:00,S050,mounted,true,rotor_drag,mild,900,rotor_drag-mild_horizontal_no_load_0900rpm,2675308,900,268,2443,3188,5,3,1576399,9,150,74,13,7,1706,1495,1222,73,164,1621,16383,1718,1702,1709757,808,2084,2147,541314,11956,8,382538,1496,112464,390,2675209096,2675308749,0,2675308758,2675309273,3617953371,17868244,-80,41,1048,0.1227,1687.6,0.18778456975577118,0.08280932853797252,0.1227,25.88,78.6,,,,,,
2026-07-30T23:10:31.647954+00:00,S050,mounted,true,rotor_drag,mild,900,rotor_drag-mild_horizontal_no_load_0900rpm,2675408,926,288,2259,3038,4,3,1576436,9,150,78,43,7,1707,1494,1236,71,160,1620,16383,1723,1703,1694974,800,1885,2305,541691,11951,8,382532,1496,112465,390,2675309702,2675408921,0,2675408935,2675409450,3591346840,17853303,-81,40,1049,0.1265,1687.6,0.45266268805957655,-0.24746504685800375,0.1265,25.91,78.6,,,,,,
2026-07-30T23:10:31.742113+00:00,S050,mounted,true,rotor_drag,mild,900,rotor_drag-mild_horizontal_no_load_0900rpm,2675508,900,261,2399,3124,4,3,1576472,9,150,73,9,2,1707,1494,1237,71,160,1613,16383,1711,1703,1693356,800,2079,2319,541743,11952,8,382528,1496,112466,390,2675409879,2675508967,0,2675508982,2675509497,3584395508,17856298,-78,26,1065,0.1265,1687.6,0.4756768433734937,0.0756373253012046,0.1265,26.13,79.0,,,,,,
2026-07-30T23:10:31.836509+00:00,S050,mounted,true,rotor_drag,mild,900,rotor_drag-mild_horizontal_no_load_0900rpm,2675608,884,271,2466,3232,5,3,1576507,9,150,76,28,1,1707,1494,1222,68,145,1615,16383,1711,1703,1693046,800,2086,2141,541770,11952,8,382524,1496,112467,390,2675509924,2675609019,0,2675609028,2675609543,3583041062,17856294,-71,20,1060,0.1265,1687.6,0.17898086746987962,0.08730514457831307,0.1265,26.07,78.9,,,,,,
2026-07-30T23:10:31.929517+00:00,S050,mounted,true,rotor_drag,mild,900,rotor_drag-mild_horizontal_no_load_0900rpm,2675708,878,260,2474,3214,1,3,1576542,9,150,72,5,4,1708,1494,1247,65,134,1617,16383,1713,1705,1694375,800,2071,2143,541969,11953,8,382523,1496,112468,390,2675609972,2675709058,0,2675709067,2675709582,3588672729,17859279,-80,20,1052,0.1303,1687.6,0.18201569137455031,0.06201387626537258,0.1303,26.01,78.8,,,,,,
2026-07-30T23:10:32.023275+00:00,S050,mounted,true,rotor_drag,mild,900,rotor_drag-mild_horizontal_no_load_0900rpm,2675808,885,244,2454,3143,1,3,1576578,9,150,73,16,7,1709,1495,1225,65,134,1624,16383,1716,1707,1696893,800,2022,2143,542349,11958,8,382531,1496,112469,390,2675710009,2675809087,0,2675809097,2675809612,3599361133,17874222,-76,24,1057,0.1341,1687.6,0.18052224736578015,-0.021063145509282677,0.1341,25.79,78.4,,,,,,
2026-07-30T23:10:32.117042+00:00,S050,mounted,true,rotor_drag,mild,900,rotor_drag-mild_horizontal_no_load_0900rpm,2675908,891,256,2381,3099,3,3,1576613,9,150,73,28,7,1710,1494,1224,64,138,1627,16383,1718,1698,1695264,800,2007,2146,542480,11953,8,382529,1496,112470,390,2675810040,2675909126,0,2675909136,2675909651,3592468662,17859291,-86,40,1046,0.1379,1687.6,0.18701576700409905,-0.044654403831674294,0.1379,25.7,78.3,,,,,,
2026-07-30T23:10:32.256849+00:00,S050,mounted,true,rotor_drag,mild,900,rotor_drag-mild_horizontal_no_load_0900rpm,2676009,882,287,2499,3313,3,3,1576649,9,150,81,40,1,1710,1494,1238,64,138,1621,16383,1716,1705,1712577,808,2095,2151,542558,11952,8,382525,1496,112471,390,2675910079,2676009745,0,2676009819,2676010334,3629889917,17856292,-94,46,1045,0.1379,1687.6,0.19564918072289128,0.10230662650602351,0.1379,25.88,78.6,,,,,,
2026-07-30T23:10:32.348829+00:00,S050,mounted,true,rotor_drag,mild,900,rotor_drag-mild_horizontal_no_load_0900rpm,2676109,886,248,2468,3169,3,3,1576685,9,150,72,12,9,1711,1495,1228,61,140,1622,16383,1716,1706,1696750,800,1999,2350,542751,11956,8,382529,1496,112472,390,2676010762,2676109801,0,2676109880,2676110395,3598808698,17868246,-69,25,1050,0.1417,1687.6,0.5260381247908996,-0.05882393342254977,0.1417,25.85,78.5,,,,,,
2026-07-30T23:10:32.442261+00:00,S050,mounted,true,rotor_drag,mild,900,rotor_drag-mild_horizontal_no_load_0900rpm,2676209,901,274,2354,3115,3,3,1576721,9,150,75,19,5,1712,1494,1237,59,140,1623,16383,1724,1707,1701605,800,2087,2347,543353,11955,8,382530,1496,112473,390,2676110824,2676209892,0,2676209966,2676210481,3619464861,17865257,-82,28,1045,0.1455,1687.6,0.5213664258469257,0.08809903312421552,0.1455,25.82,78.5,,,,,,
2026-07-30T23:10:32.549856+00:00,S050,mounted,true,rotor_drag,mild,900,rotor_drag-mild_horizontal_no_load_0900rpm,2676309,903,295,2331,3149,3,3,1576757,9,150,77,8,9,1714,1494,1244,59,140,1627,16383,1723,1712,1702715,800,1981,2409,543885,11955,8,382531,1496,112474,390,2676210910,2676309994,0,2676310068,2676310583,3624191431,17865257,-54,29,1056,0.1531,1687.6,0.6246840348808025,-0.08854075006273554,0.1531,25.7,78.3,,,,,,
2026-07-30T23:10:32.629786+00:00,S050,mounted,true,rotor_drag,mild,900,rotor_drag-mild_horizontal_no_load_0900rpm,2676409,907,324,2322,3215,3,3,1576793,9,150,78,23,18,1716,1494,1215,207,1001,1627,16383,1730,1710,1704599,800,2035,2162,544427,11954,8,382531,1496,112475,390,2676311011,2676410095,0,2676410169,2676410684,3632140831,17862270,11,42,1076,0.1607,1687.6,0.21338139919692134,0.0017292379119959733,0.1607,25.7,78.3,,,,,,
2026-07-30T23:10:32.722725+00:00,S050,mounted,true,rotor_drag,mild,900,rotor_drag-mild_horizontal_no_load_0900rpm,2676510,866,401,2322,3481,3,3,1576829,9,150,110,67,19,1720,1494,1226,325,1540,1625,16383,1753,1707,1731084,808,2102,2311,545820,11955,8,382532,1496,112476,390,2676411115,2676510789,0,2676510798,2676511313,3708987212,17865255,-19,154,1063,0.1758,1687.6,0.4613755560853199,0.1130952288582181,0.1758,25.76,78.4,,,,,,
2026-07-30T23:10:32.864554+00:00,S050,mounted,true,rotor_drag,mild,900,rotor_drag-mild_horizontal_no_load_0900rpm,2676610,937,253,2290,2965,1,3,1576866,9,150,78,33,9,1717,1495,1234,325,1540,1621,16383,1720,1702,1695197,800,2011,2287,544737,11956,8,382535,1496,112477,390,2676511747,2676610833,0,2676610842,2676611358,3592212287,17868246,-46,98,1057,0.1645,1687.6,0.42106288357310095,-0.03882864938106412,0.1645,25.88,78.6,,,,,,
2026-07-30T23:10:32.957993+00:00,S050,mounted,true,rotor_drag,mild,900,rotor_drag-mild_horizontal_no_load_0900rpm,2676710,916,255,2358,3054,5,3,1576903,9,150,71,8,9,1713,1494,1246,266,1193,1625,16383,1710,1698,1689412,800,1971,2135,543442,11949,8,382525,1496,112478,390,2676611788,2676710874,0,2676710888,2676711403,3567701956,17847331,-65,99,1059,0.1493,1687.6,0.16987334797891007,-0.10355562113984496,0.1493,25.76,78.4,,,,,,
2026-07-30T23:10:33.052622+00:00,S050,mounted,true,rotor_drag,mild,900,rotor_drag-mild_horizontal_no_load_0900rpm,2676810,911,260,2356,3071,5,3,1576939,9,150,74,16,5,1710,1494,1237,266,1193,1623,16383,1708,1698,1689165,800,2009,2136,542576,11954,8,382525,1496,112479,390,2676711833,2676810957,0,2676810967,2676811482,3566647403,17862268,-81,67,1063,0.1379,1687.6,0.170051035469299,-0.041601125815626805,0.1379,25.82,78.5,,,,,,
2026-07-30T23:10:33.145647+00:00,S050,mounted,true,rotor_drag,mild,900,rotor_drag-mild_horizontal_no_load_0900rpm,2676910,913,249,2367,3050,4,3,1576976,9,150,74,12,2,1709,1495,1237,231,1003,1624,16383,1714,1700,1692381,800,2081,2290,542278,11956,8,382529,1496,112480,390,2676811913,2676910993,0,2676911007,2676911522,3580279517,17868246,-151,180,1065,0.1341,1687.6,0.42606170458347226,0.07781050752760077,0.1341,25.79,78.4,,,,,,
2026-07-30T23:10:33.252220+00:00,S050,mounted,true,rotor_drag,mild,900,rotor_drag-mild_horizontal_no_load_0900rpm,2677010,907,255,2354,3058,4,3,1577012,9,150,74,20,3,1710,1494,1234,400,1998,1627,16383,1718,1706,1697074,800,2095,2168,542603,11954,8,382529,1496,112481,390,2676911955,2677011034,0,2677011043,2677011558,3600112922,17862268,-109,125,1058,0.1379,1687.6,0.22338071390329572,0.10172238497574027,0.1379,25.7,78.3,,,,,,
2026-07-30T23:10:33.345382+00:00,S050,mounted,true,rotor_drag,mild,900,rotor_drag-mild_horizontal_no_load_0900rpm,2677110,924,258,2346,3046,6,3,1577049,9,150,77,25,3,1709,1495,1250,400,1998,1633,16383,1711,1702,1692470,800,2081,2140,542308,11957,8,382534,1496,112482,390,2677011991,2677111058,0,2677111067,2677111582,3580606736,17871235,-85,78,1062,0.1341,1687.6,0.17582243330266767,0.07752050873964977,0.1341,25.52,77.9,,,,,,
2026-07-30T23:10:33.438275+00:00,S050,mounted,true,rotor_drag,mild,900,rotor_drag-mild_horizontal_no_load_0900rpm,2677211,930,262,2352,3057,2,3,1577086,9,150,74,18,4,1708,1494,1219,322,1557,1626,16383,1711,1702,1708289,808,2083,2151,542009,11955,8,382535,1496,112483,390,2677112013,2677211797,0,2677211871,2677212386,3611731753,17865259,-71,69,1044,0.1303,1687.6,0.19474946825595918,0.08143338092848174,0.1303,25.73,78.3,,,,,,
2026-07-30T23:10:33.532673+00:00,S050,mounted,true,rotor_drag,mild,900,rotor_drag-mild_horizontal_no_load_0900rpm,2677311,901,357,2326,3318,3,3,1577123,9,150,84,20,17,1709,1494,1247,288,1359,1625,16383,1718,1700,1694593,800,2033,2289,542143,11951,8,382529,1496,112484,390,2677212817,2677311865,0,2677311939,2677312454,3589650931,17853305,-97,112,1034,0.1341,1687.6,0.42599115530081155,-0.0007533688394278926,0.1341,25.76,78.4,,,,,,
2026-07-30T23:10:33.624807+00:00,S050,mounted,true,rotor_drag,mild,900,rotor_drag-mild_horizontal_no_load_0900rpm,2677411,925,255,2330,3021,1,3,1577160,9,150,75,25,6,1711,1494,1209,288,1359,1624,16383,1721,1711,1701424,800,2007,2319,542920,11954,8,382529,1496,112485,390,2677312888,2677411945,0,2677412019,2677412534,3618652770,17862268,-93,74,1044,0.1417,1687.6,0.4750301340137191,-0.0449342307177516,0.1417,25.79,78.4,,,,,,
2026-07-30T23:10:33.766840+00:00,S050,mounted,true,rotor_drag,mild,900,rotor_drag-mild_horizontal_no_load_0900rpm,2677511,931,274,2300,3037,5,3,1577197,9,150,81,20,5,1713,1494,1210,234,1051,1623,16383,1727,1711,1702451,800,2097,2157,543536,11955,8,382530,1496,112486,390,2677412964,2677512031,0,2677512110,2677512625,3622972993,17865257,-76,60,1038,0.1493,1687.6,0.20474794654956074,0.10476316361355043,0.1493,25.82,78.5,,,,,,
2026-07-30T23:10:33.859417+00:00,S050,mounted,true,rotor_drag,mild,900,rotor_drag-mild_horizontal_no_load_0900rpm,2677611,930,307,2354,3179,4,3,1577234,9,150,87,57,7,1715,1494,1217,234,1051,1625,16383,1725,1706,1703132,800,2101,2155,544064,11955,8,382531,1496,112487,390,2677513056,2677612141,0,2677612214,2677612730,3625880504,17865259,-73,73,1037,0.1569,1687.6,0.2014151204516934,0.11142881580928465,0.1569,25.76,78.4,,,,,,
2026-07-30T23:10:33.942082+00:00,S050,mounted,true,rotor_drag,mild,900,rotor_drag-mild_horizontal_no_load_0900rpm,2677712,950,261,2303,2992,2,3,1577272,9,150,77,29,12,1715,1494,1222,190,816,1623,16383,1721,1707,1716761,808,2087,2291,544033,11952,8,382527,1496,112488,390,2677613164,2677712783,0,2677712792,2677713307,3647685035,17856294,-74,43,1052,0.1569,1687.6,0.4290055662650598,0.08897197590361428,0.1569,25.82,78.5,,,,,,
2026-07-30T23:10:34.045189+00:00,S050,mounted,true,rotor_drag,mild,900,rotor_drag-mild_horizontal_no_load_0900rpm,2677812,925,253,2323,3008,1,3,1577310,9,150,77,17,14,1716,1494,1234,158,637,1625,16383,1727,1711,1702917,800,2009,2163,544384,11951,8,382522,1496,112489,390,2677713738,2677812838,0,2677812848,2677813363,3624976709,17853305,-61,40,1057,0.1607,1687.6,0.2159528348255373,-0.04076066797757516,0.1607,25.76,78.4,,,,,,
2026-07-30T23:10:34.139661+00:00,S050,mounted,true,rotor_drag,mild,900,rotor_drag-mild_horizontal_no_load_0900rpm,2677912,906,322,2331,3220,1,3,1577346,9,150,83,33,6,1717,1494,1244,158,637,1623,16383,1730,1713,1705704,800,2103,2165,544892,11953,8,382521,1496,112490,390,2677813794,2677912873,0,2677912883,2677913398,3636835812,17859281,-79,15,1046,0.1645,1687.6,0.21868291265790996,0.11534801631389602,0.1645,25.82,78.5,,,,,,
2026-07-30T23:10:34.231960+00:00,S050,mounted,true,rotor_drag,mild,900,rotor_drag-mild_horizontal_no_load_0900rpm,2678012,887,384,2191,3273,1,3,1577382,9,150,97,56,12,1719,1495,1238,139,517,1635,16383,1739,1714,1708772,800,2099,2366,545535,11956,8,382525,1496,112491,390,2677913827,2678012907,0,2678012917,2678013432,3650040686,17868246,-70,40,1044,0.1721,1687.6,0.5526985035128802,0.10780343358982902,0.1721,25.46,77.8,,,,,,
2026-07-30T23:10:34.373139+00:00,S050,mounted,true,rotor_drag,mild,900,rotor_drag-mild_horizontal_no_load_0900rpm,2678112,905,313,2380,3244,1,3,1577418,9,150,87,42,19,1720,1494,1220,125,451,1628,16383,1732,1710,1706395,800,2008,2363,545740,11955,8,382527,1496,112492,390,2678013867,2678112969,0,2678112979,2678113494,3639881941,17865259,-79,28,1035,0.1758,1687.6,0.5480290346298617,-0.04354759774153116,0.1758,25.67,78.2,,,,,,
2026-07-30T23:10:34.467016+00:00,S050,mounted,true,rotor_drag,mild,900,rotor_drag-mild_horizontal_no_load_0900rpm,2678212,895,411,2414,3564,1,3,1577454,9,150,109,82,30,1721,1494,1228,125,451,1624,16383,1733,1713,1708382,800,2111,2161,546074,11950,8,382520,1496,112493,390,2678113924,2678212989,0,2678212998,2678213513,3648265180,17850314,-70,49,1038,0.1796,1687.6,0.2129203429288702,0.12956482828451854,0.1796,25.79,78.4,,,,,,
2026-07-30T23:10:34.560190+00:00,S050,mounted,true,rotor_drag,mild,900,rotor_drag-mild_horizontal_no_load_0900rpm,2678312,928,375,2316,3326,5,3,1577491,9,150,92,69,7,1721,1494,1244,109,380,1622,16383,1731,1713,1707601,800,1979,2257,546215,11955,8,382522,1496,112494,390,2678213945,2678313083,0,2678313093,2678313609,3644974233,17865257,-85,52,1037,0.1796,1687.6,0.3713892514429107,-0.09187357616060243,0.1796,25.85,78.5,,,,,,
2026-07-30T23:10:34.652923+00:00,S050,mounted,true,rotor_drag,mild,900,rotor_drag-mild_horizontal_no_load_0900rpm,2678412,907,319,2357,3238,4,3,1577528,9,150,80,44,10,1722,1494,1224,109,380,1623,16383,1731,1711,1707651,800,1871,2171,546339,11952,8,382519,1496,112495,390,2678314038,2678413127,0,2678413137,2678413652,3645262027,17856300,-94,53,1050,0.1834,1687.6,0.22898580722891548,-0.2710635903614458,0.1834,25.82,78.5,,,,,,
2026-07-30T23:10:34.746882+00:00,S050,mounted,true,rotor_drag,mild,900,rotor_drag-mild_horizontal_no_load_0900rpm,2678513,899,307,2434,3288,4,3,1577564,9,150,83,56,6,1721,1494,1226,96,307,1631,16383,1727,1708,1721040,808,2017,2163,545992,11954,8,382519,1496,112496,390,2678414086,2678513751,0,2678513825,2678514340,3665891136,17862272,-89,54,1039,0.1796,1687.6,0.21504795164798374,-0.028268706207127625,0.1796,25.58,78.0,,,,,,
2026-07-30T23:10:34.839365+00:00,S050,mounted,true,rotor_drag,mild,900,rotor_drag-mild_horizontal_no_load_0900rpm,2678613,898,357,2339,3334,4,3,1577600,9,150,80,37,13,1718,1494,1222,88,273,1627,16383,1723,1706,1697744,800,2032,2355,545134,11954,8,382519,1496,112497,390,2678514768,2678613806,0,2678613879,2678614394,3603041796,17862268,-99,61,1047,0.1683,1687.6,0.5350260222519654,-0.003270419441191663,0.1683,25.7,78.3,,,,,,
2026-07-30T23:10:34.932998+00:00,S050,mounted,true,rotor_drag,mild,900,rotor_drag-mild_horizontal_no_load_0900rpm,2678713,925,258,2385,3084,2,3,1577638,9,150,73,14,4,1715,1495,1211,88,273,1629,16383,1714,1702,1693884,800,1939,2266,544184,11959,8,382529,1496,112498,390,2678614824,2678714039,0,2678714118,2678714633,3586692370,17877211,-94,56,1035,0.1569,1687.6,0.3851239562672464,-0.1596108489840291,0.1569,25.64,78.1,,,,,,
2026-07-30T23:10:35.073686+00:00,S050,mounted,true,rotor_drag,mild,900,rotor_drag-mild_horizontal_no_load_0900rpm,2678813,923,265,2301,3021,3,3,1577675,9,150,74,18,3,1712,1494,1209,81,233,1630,16383,1710,1700,1690087,800,1902,2139,543165,11954,8,382529,1496,112499,390,2678715061,2678814128,0,2678814206,2678814722,3570576963,17862270,-92,60,1049,0.1455,1687.6,0.17505069282248575,-0.21992223807930422,0.1455,25.61,78.1,,,,,,
2026-07-30T23:10:35.167969+00:00,S050,mounted,true,rotor_drag,mild,900,rotor_drag-mild_horizontal_no_load_0900rpm,2678914,925,260,2318,3021,1,3,1577712,9,150,72,11,3,1710,1494,1229,80,206,1625,16383,1710,1702,1708924,808,2089,2307,542630,11955,8,382530,1496,112500,390,2678815150,2678914790,0,2678914799,2678915314,3614451438,17865257,-102,45,1047,0.1379,1687.6,0.45470990388958565,0.09143185922208241,0.1379,25.76,78.4,,,,,,
2026-07-30T23:10:35.262054+00:00,S050,mounted,true,rotor_drag,mild,900,rotor_drag-mild_horizontal_no_load_0900rpm,2679014,906,255,2384,3088,1,3,1577748,9,150,72,11,2,1709,1494,1211,80,206,1632,16383,1713,1698,1690423,800,2037,2287,542126,11954,8,382530,1496,112501,390,2678915744,2679014978,0,2679014988,2679015503,3571986501,17862270,-73,17,1046,0.1341,1687.6,0.42170045557972236,0.005062342814120768,0.1341,25.55,78.0,,,,,,
2026-07-30T23:10:35.355580+00:00,S050,mounted,true,rotor_drag,mild,900,rotor_drag-mild_horizontal_no_load_0900rpm,2679114,908,258,2408,3119,1,3,1577784,9,150,75,9,4,1707,1494,1242,76,187,1643,16383,1708,1698,1688371,800,2033,2301,541609,11951,8,382524,1496,112502,390,2679015931,2679115032,0,2679115042,2679115557,3563324923,17853305,-91,36,1034,0.1265,1687.6,0.44599480486988474,-0.0007533688394278926,0.1265,25.21,77.4,,,,,,
2026-07-30T23:10:35.450238+00:00,S050,mounted,true,rotor_drag,mild,900,rotor_drag-mild_horizontal_no_load_0900rpm,2679214,894,260,2444,3172,1,3,1577820,9,150,74,13,4,1706,1494,1222,76,187,1635,16383,1708,1697,1689399,800,1997,2141,541324,11955,8,382526,1496,112503,390,2679115985,2679215062,0,2679215071,2679215586,3567639325,17865259,-73,45,1032,0.1227,1687.6,0.17808533776662427,-0.061878141279799515,0.1227,25.46,77.8,,,,,,
2026-07-30T23:10:35.542009+00:00,S050,mounted,true,rotor_drag,mild,900,rotor_drag-mild_horizontal_no_load_0900rpm,2679314,913,250,2327,3012,1,3,1577856,9,150,75,26,1,1705,1495,1221,78,183,1623,16383,1706,1698,1686716,800,1914,2131,540900,11956,8,382530,1496,112504,390,2679216015,2679315106,0,2679315116,2679315630,3556374034,17868244,-73,-13,1034,0.1189,1687.6,0.1611241910337906,-0.20045719538307116,0.1189,25.82,78.5,,,,,,
2026-07-30T23:10:35.635522+00:00,S050,mounted,true,rotor_drag,mild,900,rotor_drag-mild_horizontal_no_load_0900rpm,2679414,885,276,2448,3228,1,3,1577892,9,150,74,17,3,1705,1495,1217,74,165,1626,16383,1709,1698,1689746,800,2085,2142,540927,11957,8,382535,1496,112505,390,2679316059,2679415141,0,2679415150,2679415665,3569090368,17871233,-70,22,1037,0.1189,1687.6,0.17915470193192284,0.08418504599815968,0.1189,25.73,78.3,,,,,,
2026-07-30T23:10:35.774753+00:00,S050,mounted,true,rotor_drag,mild,900,rotor_drag-mild_horizontal_no_load_0900rpm,2679515,893,253,2436,3146,1,3,1577928,9,150,75,30,5,1706,1495,1213,74,165,1624,16383,1715,1703,1711273,808,2058,2325,541336,11958,8,382542,1496,112506,390,2679416094,2679515788,0,2679515861,2679516376,3624449983,17874222,-63,43,1036,0.1227,1687.6,0.48373333416959374,0.03891267385850483,0.1227,25.79,78.4,,,,,,
2026-07-30T23:10:35.868692+00:00,S050,mounted,true,rotor_drag,mild,900,rotor_drag-mild_horizontal_no_load_0900rpm,2679615,896,276,2376,3146,1,3,1577964,9,150,74,15,8,1707,1494,1196,70,162,1623,16383,1714,1703,1694288,800,1941,2141,541695,11955,8,382543,1496,112507,390,2679516805,2679615878,0,2679615952,2679616467,3588353626,17865263,-81,33,1045,0.1265,1687.6,0.17808533776662427,-0.15519727202007516,0.1265,25.82,78.5,,,,,,
2026-07-30T23:10:35.960502+00:00,S050,mounted,true,rotor_drag,mild,900,rotor_drag-mild_horizontal_no_load_0900rpm,2679715,898,264,2407,3144,1,3,1578000,9,150,74,11,2,1708,1494,1196,67,158,1618,16383,1714,1704,1695252,800,1943,2433,541992,11955,8,382544,1496,112508,390,2679616895,2679715962,0,2679716035,2679716550,3592513370,17865257,-94,40,1035,0.1303,1687.6,0.664677948055207,-0.1518644459222087,0.1303,25.97,78.8,,,,,,
2026-07-30T23:10:36.055939+00:00,S050,mounted,true,rotor_drag,mild,900,rotor_drag-mild_horizontal_no_load_0900rpm,2679815,914,254,2374,3069,1,3,1578036,9,150,73,12,4,1709,1495,1232,67,158,1618,16383,1715,1706,1696954,800,2091,2313,542320,11958,8,382551,1496,112509,390,2679716979,2679816048,0,2679816122,2679816636,3599637266,17874224,-88,34,1044,0.1341,1687.6,0.46374139438033124,0.09389050827897583,0.1341,25.97,78.8,,,,,,
2026-07-30T23:10:36.148135+00:00,S050,mounted,true,rotor_drag,mild,900,rotor_drag-mild_horizontal_no_load_0900rpm,2679915,922,258,2353,3053,5,3,1578073,9,150,76,28,7,1710,1495,1230,66,156,1615,16383,1714,1705,1695651,800,1878,2147,542500,11957,8,382555,1496,112510,390,2679817064,2679916118,0,2679916192,2679916707,3594134785,17871233,-95,31,1028,0.1379,1687.6,0.18748537350505945,-0.26070475712971497,0.1379,26.07,78.9,,,,,,
2026-07-30T23:10:36.243125+00:00,S050,mounted,true,rotor_drag,mild,900,rotor_drag-mild_horizontal_no_load_0900rpm,2680016,926,255,2318,3007,6,3,1578111,9,150,72,13,1,1709,1495,1232,66,156,1616,16383,1712,1701,1710480,808,1885,2299,542375,11957,8,382559,1496,112511,390,2679917139,2680016793,0,2680016807,2680017322,3621100912,17871233,-86,46,1036,0.1341,1687.6,0.440737789328427,-0.2490418169273232,0.1341,26.04,78.9,,,,,,
2026-07-30T23:10:36.384537+00:00,S050,mounted,true,rotor_drag,mild,900,rotor_drag-mild_horizontal_no_load_0900rpm,2680116,927,256,2312,3002,2,3,1578148,9,150,73,14,1,1709,1495,1255,66,142,1620,16383,1711,1703,1692691,800,2056,2193,542185,11956,8,382561,1496,112512,390,2680017751,2680116855,0,2680116865,2680117380,3581543991,17868244,-98,56,1024,0.1341,1687.6,0.2644331585814652,0.036153665774506294,0.1341,25.91,78.6,,,,,,
2026-07-30T23:10:36.476990+00:00,S050,mounted,true,rotor_drag,mild,900,rotor_drag-mild_horizontal_no_load_0900rpm,2680216,927,279,2317,3071,3,3,1578185,9,150,73,8,3,1708,1494,1226,64,137,1619,16383,1708,1697,1691126,800,1955,2293,541896,11955,8,382561,1496,112513,390,2680117809,2680216875,0,2680216884,2680217399,3574987058,17865257,-88,42,1041,0.1303,1687.6,0.43138012120451696,-0.13186748933500647,0.1303,25.94,78.7,,,,,,
2026-07-30T23:10:36.567779+00:00,S050,mounted,true,rotor_drag,mild,900,rotor_drag-mild_horizontal_no_load_0900rpm,2680316,896,292,2347,3163,3,3,1578221,9,150,75,29,5,1707,1495,1245,64,137,1622,16383,1711,1702,1691738,800,1863,2140,541807,11957,8,382564,1496,112514,390,2680217827,2680316917,0,2680316926,2680317441,3577572082,17871233,-76,30,1046,0.1265,1687.6,0.17582243330266767,-0.28569677184912656,0.1265,25.85,78.5,,,,,,
2026-07-30T23:10:36.662322+00:00,S050,mounted,true,rotor_drag,mild,900,rotor_drag-mild_horizontal_no_load_0900rpm,2680416,901,309,2432,3289,2,3,1578256,9,150,86,63,11,1710,1494,1222,62,134,1624,16383,1722,1708,1699349,800,2089,2145,542506,11953,8,382560,1496,112515,390,2680317870,2680416949,0,2680416958,2680417475,3609782701,17859281,-72,37,1040,0.1379,1687.6,0.18534907512758325,0.09201433004266679,0.1379,25.79,78.4,,,,,,
2026-07-30T23:10:36.756056+00:00,S050,mounted,true,rotor_drag,mild,900,rotor_drag-mild_horizontal_no_load_0900rpm,2680516,889,258,2472,3198,2,3,1578292,9,150,74,22,12,1712,1494,1240,62,131,1623,16383,1722,1711,1700412,800,2083,2159,543108,11955,8,382560,1496,112516,390,2680417905,2680517055,0,2680517064,2680517579,3614292502,17865259,-84,34,1049,0.1455,1687.6,0.20808077264742764,0.08143338092848174,0.1455,25.82,78.5,,,,,,
2026-07-30T23:10:36.848629+00:00,S050,mounted,true,rotor_drag,mild,900,rotor_drag-mild_horizontal_no_load_0900rpm,2680616,907,316,2287,3160,2,3,1578328,9,150,79,42,7,1712,1495,1232,62,131,1627,16383,1725,1705,1697590,800,1957,2153,543183,11959,8,382568,1496,112517,390,2680518009,2680617113,0,2680617123,2680617638,3602341816,17877211,-90,30,1049,0.1455,1687.6,0.1968822651559492,-0.1296254468601057,0.1455,25.7,78.3,,,,,,
2026-07-30T23:10:36.942245+00:00,S050,mounted,true,rotor_drag,mild,900,rotor_drag-mild_horizontal_no_load_0900rpm,2680717,878,252,2481,3201,6,3,1578363,9,150,72,1,8,1712,1495,1234,62,128,1636,16383,1717,1708,1714847,808,1889,2321,543271,11959,8,382575,1496,112518,390,2680618066,2680717749,0,2680717823,2680718338,3639645631,17877213,-81,30,1054,0.1455,1687.6,0.47674601831256735,-0.24290363266159387,0.1455,25.43,77.8,,,,,,
2026-07-30T23:10:37.084747+00:00,S050,mounted,true,rotor_drag,mild,900,rotor_drag-mild_horizontal_no_load_0900rpm,2680817,925,272,2342,3077,3,3,1578401,9,150,74,20,9,1712,1495,1235,62,128,1626,16383,1719,1708,1698950,800,1954,2153,543445,11956,8,382576,1496,112519,390,2680718765,2680817820,0,2680817899,2680818414,3608108552,17868246,-76,40,1049,0.1455,1687.6,0.19778221177651378,-0.13380624857812018,0.1455,25.73,78.3,,,,,,
2026-07-30T23:10:37.179868+00:00,S050,mounted,true,rotor_drag,mild,900,rotor_drag-mild_horizontal_no_load_0900rpm,2680917,928,251,2327,3004,1,3,1578438,9,150,73,9,6,1712,1495,1237,65,132,1625,16383,1715,1705,1696458,800,2062,2143,543308,11956,8,382577,1496,112520,390,2680818843,2680917896,0,2680917975,2680918490,3597504212,17868244,-80,45,1050,0.1455,1687.6,0.18111947507527582,0.0461513077952489,0.1455,25.76,78.4,,,,,,
2026-07-30T23:10:37.273080+00:00,S050,mounted,true,rotor_drag,mild,900,rotor_drag-mild_horizontal_no_load_0900rpm,2681017,925,256,2338,3032,5,3,1578475,9,150,76,16,6,1712,1494,1234,131,542,1628,16383,1714,1704,1696103,800,2075,2291,543155,11953,8,382572,1496,112521,390,2680918917,2681017969,0,2681018043,2681018558,3596022275,17859283,-141,98,1007,0.1455,1687.6,0.42868608909897077,0.06868064377143801,0.1455,25.67,78.2,,,,,,
2026-07-30T23:10:37.366557+00:00,S050,mounted,true,rotor_drag,mild,900,rotor_drag-mild_horizontal_no_load_0900rpm,2681117,929,275,2290,3031,4,3,1578512,9,150,72,10,12,1710,1495,1230,131,542,1614,16383,1713,1701,1692679,800,2021,2265,542697,11958,8,382577,1496,112522,390,2681018989,2681118045,0,2681118124,2681118639,3581522311,17874222,-97,75,1027,0.1379,1687.6,0.38377363522328123,-0.022729140491721367,0.1379,26.1,79.0,,,,,,
2026-07-30T23:10:37.459025+00:00,S050,mounted,true,rotor_drag,mild,900,rotor_drag-mild_horizontal_no_load_0900rpm,2681217,900,262,2375,3104,4,3,1578548,9,150,75,13,6,1710,1494,1242,115,434,1622,16383,1715,1704,1695329,800,2093,2141,542711,11954,8,382574,1496,112523,390,2681119069,2681218145,0,2681218219,2681218734,3592713607,17862270,-136,104,1027,0.1379,1687.6,0.178383797724611,0.09838928007361547,0.1379,25.85,78.5,,,,,,
2026-07-30T23:10:37.551389+00:00,S050,mounted,true,rotor_drag,mild,900,rotor_drag-mild_horizontal_no_load_0900rpm,2681318,896,329,2316,3236,4,3,1578584,9,150,76,36,14,1713,1494,1232,112,431,1622,16383,1726,1710,1720216,808,2099,2157,543493,11952,8,382568,1496,112524,390,2681219166,2681318777,0,2681318787,2681319302,3662350882,17856294,-81,90,1032,0.1493,1687.6,0.20565016867469854,0.10897395180722835,0.1493,25.85,78.5,,,,,,
2026-07-30T23:10:37.645294+00:00,S050,mounted,true,rotor_drag,mild,900,rotor_drag-mild_horizontal_no_load_0900rpm,2681418,921,272,2381,3120,4,3,1578620,9,150,77,38,3,1714,1495,1242,112,431,1622,16383,1726,1707,1701876,800,1943,2224,543888,11957,8,382571,1496,112525,390,2681319736,2681418832,0,2681418842,2681419357,3620588346,17871233,-87,55,1036,0.1531,1687.6,0.31577771573137037,-0.15240602667893288,0.1531,25.85,78.5,,,,,,
2026-07-30T23:10:37.785966+00:00,S050,mounted,true,rotor_drag,mild,900,rotor_drag-mild_horizontal_no_load_0900rpm,2681518,884,392,2343,3452,6,3,1578657,9,150,94,72,1,1716,1495,1224,101,356,1622,16383,1728,1717,1706357,800,1959,2161,544636,11957,8,382574,1496,112526,390,2681419786,2681518889,0,2681518899,2681519414,3639648285,17871233,-84,29,1038,0.1607,1687.6,0.21081125390984345,-0.1257478776448946,0.1607,25.85,78.5,,,,,,
2026-07-30T23:10:37.880467+00:00,S050,mounted,true,rotor_drag,mild,900,rotor_drag-mild_horizontal_no_load_0900rpm,2681618,937,259,2336,3027,6,3,1578693,9,150,78,28,4,1718,1495,1227,101,356,1620,16383,1746,1710,1706693,800,1949,2253,545173,11956,8,382575,1496,112527,390,2681519844,2681619087,0,2681619102,2681619617,3641210549,17868246,-85,36,1032,0.1683,1687.6,0.36440957878889213,-0.14213761692873916,0.1683,25.91,78.6,,,,,,
2026-07-30T23:10:37.975531+00:00,S050,mounted,true,rotor_drag,mild,900,rotor_drag-mild_horizontal_no_load_0900rpm,2681718,856,462,2356,3705,6,3,1578729,9,150,121,133,13,1726,1494,1246,87,293,1624,16383,1764,1728,1728480,800,2069,2349,547699,11954,8,382573,1496,112528,390,2681620046,2681719096,0,2681719106,2681719621,3734750346,17862268,-76,24,1041,0.1986,1687.6,0.5250267075455914,0.05839202124811749,0.1986,25.79,78.4,,,,,,
2026-07-30T23:10:38.082303+00:00,S050,mounted,true,rotor_drag,mild,900,rotor_drag-mild_horizontal_no_load_0900rpm,2681819,943,301,2261,3061,2,3,1578766,9,150,77,15,7,1728,1494,1225,80,256,1626,16383,1747,1719,1733322,808,1951,2204,548219,11954,8,382571,1496,112529,390,2681720052,2681819782,0,2681819856,2681820370,3718458660,17862268,-69,11,1049,0.2062,1687.6,0.28337660214154203,-0.1382611679772463,0.2062,25.73,78.3,,,,,,
2026-07-30T23:10:38.175934+00:00,S050,mounted,true,rotor_drag,mild,900,rotor_drag-mild_horizontal_no_load_0900rpm,2681919,901,322,2293,3188,3,3,1578803,9,150,81,50,4,1726,1495,1215,80,256,1623,16383,1735,1712,1707617,800,2103,2167,547702,11959,8,382578,1496,112530,390,2681820799,2681919837,0,2681919911,2681920426,3645010595,17877211,-75,8,1048,0.1986,1687.6,0.22020424458566712,0.11358948147838399,0.1986,25.82,78.5,,,,,,
2026-07-30T23:10:38.274287+00:00,S050,mounted,true,rotor_drag,mild,900,rotor_drag-mild_horizontal_no_load_0900rpm,2682019,914,278,2313,3075,3,3,1578839,9,150,76,24,4,1723,1494,1225,75,224,1619,16383,1722,1711,1702886,800,2076,2155,546843,11955,8,382577,1496,112531,390,2681920854,2682019904,0,2682019978,2682020493,3624816638,17865259,-66,25,1050,0.1872,1687.6,0.2014151204516934,0.06976848958594672,0.1872,25.94,78.7,,,,,,
2026-07-30T23:10:38.363923+00:00,S050,mounted,true,rotor_drag,mild,900,rotor_drag-mild_horizontal_no_load_0900rpm,2682119,935,271,2254,2980,5,3,1578877,9,150,74,21,1,1719,1494,1227,74,204,1624,16383,1722,1703,1695971,800,2011,2351,545526,11955,8,382576,1496,112532,390,2682020921,2682119987,0,2682120065,2682120580,3595531133,17865255,-70,28,1059,0.1721,1687.6,0.5280320780426595,-0.03854835859473038,0.1721,25.79,78.4,,,,,,
2026-07-30T23:10:38.472362+00:00,S050,mounted,true,rotor_drag,mild,900,rotor_drag-mild_horizontal_no_load_0900rpm,2682219,911,260,2381,3095,5,3,1578913,9,150,73,13,4,1715,1495,1232,74,204,1626,16383,1714,1704,1693481,800,2091,2317,544392,11958,8,382581,1496,112533,390,2682121009,2682220065,0,2682220139,2682220654,3584917985,17874222,-75,26,1040,0.1569,1687.6,0.4704053743100851,0.09389050827897583,0.1569,25.73,78.3,,,,,,
2026-07-30T23:10:38.565476+00:00,S050,mounted,true,rotor_drag,mild,900,rotor_drag-mild_horizontal_no_load_0900rpm,2682319,906,268,2367,3107,5,3,1578949,9,150,75,24,7,1714,1495,1208,69,181,1627,16383,1717,1706,1697447,800,1982,2147,544055,11956,8,382581,1496,112534,390,2682221083,2682320136,0,2682320210,2682320725,3601721875,17868244,-84,34,1045,0.1531,1687.6,0.18778456975577118,-0.08715058581465396,0.1531,25.7,78.3,,,,,,
2026-07-30T23:10:38.659186+00:00,S050,mounted,true,rotor_drag,mild,900,rotor_drag-mild_horizontal_no_load_0900rpm,2682420,915,279,2310,3072,4,3,1578986,9,150,75,27,4,1717,1494,1224,69,181,1617,16383,1734,1711,1724251,808,2007,2171,544855,11953,8,382576,1496,112535,390,2682321154,2682420788,0,2682420797,2682421312,3679594131,17859281,-79,37,1044,0.1645,1687.6,0.22868306391700788,-0.044654403831674294,0.1645,26.01,78.8,,,,,,
2026-07-30T23:10:38.752979+00:00,S050,mounted,true,rotor_drag,mild,900,rotor_drag-mild_horizontal_no_load_0900rpm,2682520,919,250,2379,3060,6,3,1579023,9,150,72,11,3,1723,1495,1250,68,168,1618,16383,1741,1726,1720458,800,2111,2193,546728,11957,8,382579,1496,112536,390,2682421741,2682520847,0,2682520861,2682521376,3700035582,17871233,-78,30,1045,0.1872,1687.6,0.2641275519779205,0.12750453817847252,0.1872,25.97,78.8,,,,,,
2026-07-30T23:10:38.847321+00:00,S050,mounted,true,rotor_drag,mild,900,rotor_drag-mild_horizontal_no_load_0900rpm,2682620,921,249,2356,3032,2,3,1579060,9,150,72,6,4,1727,1494,1220,67,152,1616,16383,1742,1727,1720049,800,1970,2219,547960,11952,8,382572,1496,112537,390,2682521805,2682620897,0,2682620911,2682621426,3698310095,17856292,-57,25,1051,0.2024,1687.6,0.3089937108433731,-0.10604728915662687,0.2024,26.04,78.9,,,,,,
2026-07-30T23:10:39.003191+00:00,S050,mounted,true,rotor_drag,mild,900,rotor_drag-mild_horizontal_no_load_0900rpm,2682720,921,256,2366,3062,3,3,1579097,9,150,73,9,3,1727,1495,1233,67,152,1616,16383,1734,1722,1714183,800,2071,2243,548144,11957,8,382575,1496,112538,390,2682621854,2682720922,0,2682720936,2682721452,3673098447,17871233,-63,37,1060,0.2024,1687.6,0.3474342677092914,0.06085916559337612,0.2024,26.04,78.9,,,,,,
2026-07-30T23:10:39.050449+00:00,S050,mounted,true,rotor_drag,mild,900,rotor_drag-mild_horizontal_no_load_0900rpm,2682820,924,251,2351,3030,3,3,1579133,9,150,73,7,4,1725,1494,1221,66,143,1624,16383,1726,1716,1706346,800,2101,2171,547481,11954,8,382573,1496,112539,390,2682721879,2682820982,0,2682820992,2682821507,3639560632,17862270,-53,36,1065,0.1948,1687.6,0.22838037125648247,0.11172169968211465,0.1948,25.79,78.4,,,,,,
2026-07-30T23:10:39.191379+00:00,S050,mounted,true,rotor_drag,mild,900,rotor_drag-mild_horizontal_no_load_0900rpm,2682920,915,257,2363,3067,1,3,1579170,9,150,73,6,4,1723,1494,1232,66,139,1625,16383,1723,1714,1704054,800,1961,2367,546834,11955,8,382573,1496,112540,390,2682821938,2682921017,0,2682921027,2682921542,3629922604,17865259,-61,13,1064,0.1872,1687.6,0.554694686825596,-0.12186901104140535,0.1872,25.76,78.4,,,,,,
2026-07-30T23:10:39.285561+00:00,S050,mounted,true,rotor_drag,mild,900,rotor_drag-mild_horizontal_no_load_0900rpm,2683020,921,261,2347,3056,5,3,1579207,9,150,73,8,4,1720,1494,1221,66,139,1624,16383,1719,1706,1698672,800,2061,2151,545803,11952,8,382567,1496,112541,390,2682921969,2683021062,0,2683021071,2683021586,3606905600,17856292,-50,33,1059,0.1758,1687.6,0.19564918072289128,0.04563436144578281,0.1758,25.79,78.4,,,,,,
2026-07-30T23:10:39.382631+00:00,S050,mounted,true,rotor_drag,mild,900,rotor_drag-mild_horizontal_no_load_0900rpm,2683120,928,257,2349,3043,4,3,1579244,9,150,73,6,2,1716,1495,1238,68,141,1623,16383,1712,1704,1693758,800,1923,2303,544608,11956,8,382568,1496,112542,390,2683022014,2683121099,0,2683121108,2683121623,3586126206,17868244,-65,45,1052,0.1607,1687.6,0.4477232622950815,-0.18546073235195726,0.1607,25.82,78.5,,,,,,
2026-07-30T23:10:39.474882+00:00,S050,mounted,true,rotor_drag,mild,900,rotor_drag-mild_horizontal_no_load_0900rpm,2683220,938,257,2316,3003,6,3,1579281,9,150,73,11,5,1713,1494,1240,68,141,1625,16383,1713,1701,1691319,800,1891,2309,543571,11955,8,382568,1496,112543,390,2683122051,2683221137,0,2683221147,2683221662,3575855129,17865257,-83,45,1041,0.1493,1687.6,0.45804272998745255,-0.23851792446675057,0.1493,25.76,78.4,,,,,,
2026-07-30T23:10:39.569411+00:00,S050,mounted,true,rotor_drag,mild,900,rotor_drag-mild_horizontal_no_load_0900rpm,2683321,922,285,2310,3082,2,3,1579318,9,150,77,24,5,1711,1494,1200,68,142,1625,16383,1711,1698,1709051,808,2027,2135,542950,11953,8,382564,1496,112544,390,2683222091,2683321773,0,2683321847,2683322361,3614969475,17859283,-80,49,1034,0.1417,1687.6,0.168682156362419,-0.01132056630134759,0.1417,25.76,78.4,,,,,,
2026-07-30T23:10:39.662915+00:00,S050,mounted,true,rotor_drag,mild,900,rotor_drag-mild_horizontal_no_load_0900rpm,2683421,918,248,2373,3049,3,3,1579355,9,150,72,5,5,1710,1494,1209,68,150,1638,16383,1711,1704,1693171,800,1993,2257,542632,11952,8,382558,1496,112545,390,2683322789,2683421864,0,2683421937,2683422453,3583604011,17856294,-88,45,1042,0.1379,1687.6,0.37233330120481867,-0.06771016867469903,0.1379,25.36,77.7,,,,,,
2026-07-30T23:10:39.756432+00:00,S050,mounted,true,rotor_drag,mild,900,rotor_drag-mild_horizontal_no_load_0900rpm,2683521,912,258,2365,3073,3,3,1579391,9,150,73,5,7,1709,1495,1208,68,150,1630,16383,1710,1702,1692767,800,2081,2159,542372,11956,8,382560,1496,112546,390,2683422880,2683521939,0,2683522013,2683522532,3581861803,17868246,-81,35,1050,0.1341,1687.6,0.2077798537972564,0.07781050752760077,0.1341,25.61,78.1,,,,,,
2026-07-30T23:10:39.897671+00:00,S050,mounted,true,rotor_drag,mild,900,rotor_drag-mild_horizontal_no_load_0900rpm,2683621,900,252,2445,3147,1,3,1579428,9,150,74,22,10,1712,1495,1220,67,136,1625,16383,1726,1705,1703244,800,2039,2319,543295,11956,8,382562,1496,112547,390,2683522960,2683622005,0,2683622084,2683622599,3626416964,17868246,-87,48,1046,0.1455,1687.6,0.4743836410170621,0.00782701338240166,0.1455,25.76,78.4,,,,,,
2026-07-30T23:10:39.991769+00:00,S050,mounted,true,rotor_drag,mild,900,rotor_drag-mild_horizontal_no_load_0900rpm,2683721,904,274,2364,3121,3,3,1579463,9,150,73,22,3,1720,1494,1222,63,126,1623,16383,1757,1719,1720786,800,2019,2195,545767,11952,8,382556,1496,112548,390,2683623029,2683722082,0,2683722156,2683722671,3701558114,17856294,-76,42,1050,0.1758,1687.6,0.2689897590361445,-0.024372554216868014,0.1758,25.82,78.5,,,,,,
2026-07-30T23:10:40.086210+00:00,S050,mounted,true,rotor_drag,mild,900,rotor_drag-mild_horizontal_no_load_0900rpm,2683822,910,332,2265,3178,5,3,1579501,9,150,84,60,10,1730,1495,1244,63,126,1624,16383,1768,1736,1753565,808,2109,2217,549092,11957,8,382560,1496,112549,390,2683723100,2683822755,0,2683822769,2683823284,3805840921,17871233,17,27,1058,0.2138,1687.6,0.3041147755289786,0.12417226954921778,0.2138,25.79,78.4,,,,,,
2026-07-30T23:10:40.183040+00:00,S050,mounted,true,rotor_drag,mild,900,rotor_drag-mild_horizontal_no_load_0900rpm,2683922,948,452,2123,3316,6,3,1579539,9,150,105,98,5,1737,1494,1246,142,605,1624,16383,1775,1734,1735641,800,2127,2232,551075,11954,8,382558,1496,112550,390,2683823714,2683922818,0,2683922832,2683923348,3765786465,17862266,-33,38,1038,0.2404,1687.6,0.3300400707712896,0.15505206340973698,0.2404,25.79,78.4,,,,,,
2026-07-30T23:10:40.276015+00:00,S050,mounted,true,rotor_drag,mild,900,rotor_drag-mild_horizontal_no_load_0900rpm,2684022,967,259,2225,2896,3,3,1579577,9,150,73,5,1,1735,1494,1213,142,605,1616,16383,1748,1720,1717603,800,2081,2345,550558,11955,8,382558,1496,112551,390,2683923778,2684022878,0,2684022887,2684023402,3687876379,17865257,-65,49,1041,0.2328,1687.6,0.5180335997490588,0.07810055483061484,0.2328,26.04,78.9,,,,,,
2026-07-30T23:10:40.369376+00:00,S050,mounted,true,rotor_drag,mild,900,rotor_drag-mild_horizontal_no_load_0900rpm,2684122,943,260,2278,2967,5,3,1579615,9,150,75,7,3,1732,1494,1242,121,487,1620,16383,1730,1718,1710532,800,2085,2165,549583,11954,8,382557,1496,112552,390,2684023831,2684122899,0,2684122914,2684123429,3657445864,17862268,-86,51,1045,0.2214,1687.6,0.21838105655010853,0.08505686046511629,0.2214,25.91,78.6,,,,,,
2026-07-30T23:10:40.464290+00:00,S050,mounted,true,rotor_drag,mild,900,rotor_drag-mild_horizontal_no_load_0900rpm,2684222,928,271,2315,3045,4,3,1579652,9,150,74,9,5,1730,1494,1224,104,393,1613,16383,1730,1718,1709938,800,2101,2173,548818,11955,8,382557,1496,112553,390,2684123857,2684222937,0,2684222947,2684223462,3654910298,17865257,-77,51,1047,0.2138,1687.6,0.23141055533249633,0.11142881580928465,0.2138,26.13,79.0,,,,,,
2026-07-30T23:10:40.559079+00:00,S050,mounted,true,rotor_drag,mild,900,rotor_drag-mild_horizontal_no_load_0900rpm,2684322,924,274,2345,3088,6,3,1579689,9,150,75,19,7,1728,1495,1235,104,393,1619,16383,1733,1719,1711713,800,2034,2369,548468,11959,8,382565,1496,112554,390,2684223891,2684323002,0,2684323012,2684323527,3662656291,17877211,-80,46,1046,0.2062,1687.6,0.5567070906430298,-0.0013545599966553468,0.2062,25.94,78.7,,,,,,
2026-07-30T23:10:40.699699+00:00,S050,mounted,true,rotor_drag,mild,900,rotor_drag-mild_horizontal_no_load_0900rpm,2684423,910,267,2371,3104,6,3,1579725,9,150,75,12,11,1729,1494,1243,94,324,1611,16383,1738,1722,1731699,808,2069,2171,548566,11955,8,382565,1496,112555,390,2684323957,2684423754,0,2684423828,2684424342,3711437029,17865257,-57,19,1058,0.21,1687.6,0.22807772923462988,0.0581035982434126,0.21,26.19,79.1,,,,,,
2026-07-30T23:10:40.795018+00:00,S050,mounted,true,rotor_drag,mild,900,rotor_drag-mild_horizontal_no_load_0900rpm,2684523,919,264,2340,3058,2,3,1579762,9,150,74,12,3,1731,1494,1243,88,282,1629,16383,1741,1726,1719521,800,2109,2183,549140,11953,8,382561,1496,112556,390,2684424772,2684524169,0,2684524243,2684524761,3696001253,17859279,-48,14,1060,0.2176,1687.6,0.24868336643520417,0.12534816757299438,0.2176,25.64,78.1,,,,,,
2026-07-30T23:10:40.885853+00:00,S050,mounted,true,rotor_drag,mild,900,rotor_drag-mild_horizontal_no_load_0900rpm,2684624,884,291,2375,3200,2,3,1579798,9,150,78,39,3,1736,1495,1219,88,282,1637,16383,1768,1731,1749738,808,2121,2375,550943,11957,8,382564,1496,112557,390,2684525190,2684624809,0,2684624819,2684625334,3789311966,17871235,-44,10,1064,0.2366,1687.6,0.5673639972401099,0.14416588132474661,0.2366,25.4,77.7,,,,,,
2026-07-30T23:10:40.979313+00:00,S050,mounted,true,rotor_drag,mild,900,rotor_drag-mild_horizontal_no_load_0900rpm,2684724,915,344,2313,3253,3,3,1579835,9,150,84,58,4,1748,1495,1250,81,243,1627,16383,1800,1754,1757111,800,2152,2267,554750,11956,8,382565,1496,112558,390,2684625762,2684724847,0,2684724857,2684725372,3859542863,17868246,-60,6,1062,0.2821,1687.6,0.387737410170625,0.19611593810639016,0.2821,25.7,78.3,,,,,,
2026-07-30T23:10:41.071679+00:00,S050,mounted,true,rotor_drag,mild,900,rotor_drag-mild_horizontal_no_load_0900rpm,2684824,951,283,2208,2952,5,3,1579873,9,150,77,34,1,1756,1494,1226,81,243,1624,16383,1785,1758,1756397,800,2015,2247,557102,11952,8,382559,1496,112559,390,2684725800,2684824893,0,2684824902,2684825417,3856393215,17856292,-80,25,1061,0.3125,1687.6,0.355664987951807,-0.031039879518072855,0.3125,25.79,78.4,,,,,,
2026-07-30T23:10:41.164216+00:00,S050,mounted,true,rotor_drag,mild,900,rotor_drag-mild_horizontal_no_load_0900rpm,2684924,941,311,2206,3032,6,3,1579911,9,150,81,46,8,1759,1495,1259,77,210,1619,16383,1788,1751,1751314,800,2029,2233,558230,11957,8,382563,1496,112560,390,2684825846,2684924929,0,2684924944,2684925459,3834066884,17871235,-74,16,1066,0.3239,1687.6,0.3307729245630173,-0.009118475620975453,0.3239,25.94,78.7,,,,,,
2026-07-30T23:10:41.304835+00:00,S050,mounted,true,rotor_drag,mild,900,rotor_drag-mild_horizontal_no_load_0900rpm,2685024,935,281,2276,3027,2,3,1579948,9,150,76,22,6,1761,1494,1240,77,199,1617,16383,1773,1754,1749328,800,2074,2371,558811,11954,8,382561,1496,112561,390,2684925887,2685024956,0,2685024966,2685025481,3825379192,17862268,-80,22,1065,0.3314,1687.6,0.5616908614689642,0.06672478350342992,0.3314,26.01,78.8,,,,,,
2026-07-30T23:10:41.398017+00:00,S050,mounted,true,rotor_drag,mild,900,rotor_drag-mild_horizontal_no_load_0900rpm,2685124,927,291,2271,3055,3,3,1579985,9,150,76,26,3,1763,1494,1237,77,199,1622,16383,1780,1752,1751780,800,2005,2403,559417,11953,8,382557,1496,112562,390,2685025909,2685124996,0,2685125006,2685125521,3836163750,17859281,-80,32,1055,0.339,1687.6,0.6153555792688019,-0.04798778758470679,0.339,25.85,78.5,,,,,,
2026-07-30T23:10:41.491915+00:00,S050,mounted,true,rotor_drag,mild,900,rotor_drag-mild_horizontal_no_load_0900rpm,2685224,923,271,2314,3050,1,3,1580022,9,150,74,14,1,1764,1494,1247,72,176,1626,16383,1783,1755,1751485,800,2069,2383,559771,11955,8,382557,1496,112563,390,2685125950,2685225036,0,2685225050,2685225565,3834867477,17865257,-75,41,1054,0.3428,1687.6,0.5813572956085316,0.0581035982434126,0.3428,25.73,78.3,,,,,,
2026-07-30T23:10:41.585532+00:00,S050,mounted,true,rotor_drag,mild,900,rotor_drag-mild_horizontal_no_load_0900rpm,2685324,904,273,2372,3127,1,3,1580058,9,150,74,14,3,1764,1494,1236,71,172,1622,16383,1775,1752,1748273,800,2151,2377,559737,11950,8,382548,1496,112564,390,2685225994,2685325070,0,2685325084,2685325599,3820734695,17850318,-71,39,1043,0.3428,1687.6,0.5730161661924686,0.19624923999999977,0.3428,25.85,78.5,,,,,,
2026-07-30T23:10:41.678538+00:00,S050,mounted,true,rotor_drag,mild,900,rotor_drag-mild_horizontal_no_load_0900rpm,2685424,897,274,2373,3136,1,3,1580094,9,150,75,12,6,1764,1494,1229,71,172,1620,16383,1776,1749,1748035,800,2151,2231,559663,11955,8,382548,1496,112565,390,2685326028,2685425125,0,2685425139,2685425655,3819667235,17865259,-77,44,1045,0.3428,1687.6,0.32806251217063975,0.19474946825595918,0.3428,25.91,78.6,,,,,,
2026-07-30T23:10:41.771446+00:00,S050,mounted,true,rotor_drag,mild,900,rotor_drag-mild_horizontal_no_load_0900rpm,2685525,919,262,2301,3015,5,3,1580131,9,150,77,25,2,1763,1495,1241,70,163,1621,16383,1779,1748,1764173,808,2143,2317,559499,11958,8,382554,1496,112566,390,2685426083,2685525752,0,2685525831,2685526346,3852022313,17874222,-92,45,1035,0.339,1687.6,0.4704053743100851,0.18052224736578015,0.339,25.88,78.6,,,,,,
2026-07-30T23:10:41.865842+00:00,S050,mounted,true,rotor_drag,mild,900,rotor_drag-mild_horizontal_no_load_0900rpm,2685625,916,259,2337,3044,5,3,1580167,9,150,74,14,2,1762,1495,1204,70,163,1620,16383,1772,1751,1744363,800,2132,2231,559114,11956,8,382556,1496,112567,390,2685526774,2685625827,0,2685625900,2685626419,3803619661,17868246,-79,47,1039,0.3352,1687.6,0.3277515580461694,0.16279046470391423,0.3352,25.91,78.6,,,,,,
2026-07-30T23:10:42.005419+00:00,S050,mounted,true,rotor_drag,mild,900,rotor_drag-mild_horizontal_no_load_0900rpm,2685725,912,263,2342,3064,4,3,1580204,9,150,75,15,1,1761,1494,1221,68,156,1620,16383,1771,1748,1744617,800,2065,2405,558861,11955,8,382556,1496,112568,390,2685626848,2685725886,0,2685725960,2685726475,3804799509,17865257,-79,23,1042,0.3314,1687.6,0.6180183826850687,0.05143794604767837,0.3314,25.91,78.6,,,,,,
2026-07-30T23:10:42.098983+00:00,S050,mounted,true,rotor_drag,mild,900,rotor_drag-mild_horizontal_no_load_0900rpm,2685825,918,261,2336,3046,6,3,1580241,9,150,74,12,2,1760,1495,1227,67,156,1621,16383,1767,1748,1742044,800,2139,2223,558450,11957,8,382560,1496,112569,390,2685726904,2685825968,0,2685826047,2685826562,3793510502,17871233,-78,23,1039,0.3276,1687.6,0.3141115814167432,0.17415629898804008,0.3276,25.88,78.6,,,,,,
2026-07-30T23:10:42.191869+00:00,S050,mounted,true,rotor_drag,mild,900,rotor_drag-mild_horizontal_no_load_0900rpm,2685926,913,259,2368,3079,6,3,1580277,9,150,74,11,3,1759,1494,1205,67,156,1621,16383,1767,1749,1760044,808,2115,2211,558190,11955,8,382560,1496,112570,390,2685826990,2685926820,0,2685926829,2685927344,3833973000,17865257,-96,32,1039,0.3239,1687.6,0.2947342511919695,0.1347585984943538,0.3239,25.88,78.6,,,,,,
2026-07-30T23:10:42.286640+00:00,S050,mounted,true,rotor_drag,mild,900,rotor_drag-mild_horizontal_no_load_0900rpm,2686026,909,258,2370,3081,6,3,1580313,9,150,75,11,5,1758,1494,1240,65,148,1620,16383,1767,1746,1742321,800,2139,2394,557976,11954,8,382558,1496,112571,390,2685927773,2686026872,0,2686026881,2686027397,3794826135,17862270,-95,44,1035,0.3201,1687.6,0.6000215678433993,0.17505069282248575,0.3201,25.91,78.6,,,,,,
2026-07-30T23:10:42.381716+00:00,S050,mounted,true,rotor_drag,mild,900,rotor_drag-mild_horizontal_no_load_0900rpm,2686126,896,261,2411,3140,6,3,1580349,9,150,73,4,8,1759,1494,1216,64,139,1619,16383,1770,1748,1744071,800,1971,2223,558112,11952,8,382553,1496,112572,390,2686027829,2686127060,0,2686127069,2686127588,3802430191,17856292,-90,36,1046,0.3239,1687.6,0.3156610361445784,-0.10438045783132566,0.3239,25.94,78.7,,,,,,
2026-07-30T23:10:42.475923+00:00,S050,mounted,true,rotor_drag,mild,900,rotor_drag-mild_horizontal_no_load_0900rpm,2686226,899,258,2391,3109,6,3,1580385,9,150,74,9,3,1759,1495,1225,64,139,1620,16383,1771,1751,1745437,800,2137,2229,558242,11958,8,382559,1496,112573,390,2686128015,2686227077,0,2686227087,2686227601,3808304283,17874222,-99,50,1040,0.3239,1687.6,0.3237978158554937,0.1705262774711489,0.3239,25.91,78.6,,,,,,
2026-07-30T23:10:42.569416+00:00,S050,mounted,true,rotor_drag,mild,900,rotor_drag-mild_horizontal_no_load_0900rpm,2686327,911,256,2387,3091,2,3,1580422,9,150,73,6,3,1760,1494,1232,67,140,1622,16383,1776,1752,1763895,808,1951,2403,558550,11954,8,382558,1496,112574,390,2686228029,2686327780,0,2686327854,2686328369,3850883103,17862270,-71,36,1054,0.3276,1687.6,0.6150205399029609,-0.1382611679772463,0.3276,25.85,78.5,,,,,,
2026-07-30T23:10:42.710758+00:00,S050,mounted,true,rotor_drag,mild,900,rotor_drag-mild_horizontal_no_load_0900rpm,2686427,911,257,2385,3091,3,3,1580459,9,150,73,4,5,1761,1494,1236,67,140,1620,16383,1775,1754,1747221,800,2151,2235,558753,11951,8,382551,1496,112575,390,2686328796,2686427864,0,2686427943,2686428458,3816101365,17853307,-72,10,1062,0.3314,1687.6,0.33597473223997953,0.1959491852564641,0.3314,25.91,78.6,,,,,,
2026-07-30T23:10:42.804050+00:00,S050,mounted,true,rotor_drag,mild,900,rotor_drag-mild_horizontal_no_load_0900rpm,2686527,918,259,2387,3092,3,3,1580495,9,150,74,14,6,1761,1494,1206,62,124,1619,16383,1773,1747,1747025,800,2145,2437,558890,11953,8,382548,1496,112576,390,2686428886,2686527950,0,2686528024,2686528539,3815313801,17859279,-70,8,1054,0.3314,1687.6,0.6720231030703587,0.18534907512758325,0.3314,25.94,78.7,,,,,,
2026-07-30T23:10:42.899061+00:00,S050,mounted,true,rotor_drag,mild,900,rotor_drag-mild_horizontal_no_load_0900rpm,2686627,924,263,2351,3064,1,3,1580532,9,150,74,5,5,1760,1495,1214,62,125,1621,16383,1772,1751,1743676,800,2071,2225,558582,11956,8,382550,1496,112577,390,2686528966,2686628038,0,2686628112,2686628626,3800634376,17868246,-83,17,1047,0.3276,1687.6,0.31775391602542635,0.061147770826363246,0.3276,25.88,78.6,,,,,,
2026-07-30T23:10:42.992664+00:00,S050,mounted,true,rotor_drag,mild,900,rotor_drag-mild_horizontal_no_load_0900rpm,2686727,925,262,2348,3057,4,3,1580570,9,150,74,4,3,1760,1494,1231,62,125,1620,16383,1769,1749,1743967,800,2055,2357,558454,11952,8,382545,1496,112578,390,2686629054,2686728112,0,2686728190,2686728706,3801982523,17856302,-99,18,1049,0.3276,1687.6,0.5390164337349397,0.03563337349397555,0.3276,25.91,78.6,,,,,,
2026-07-30T23:10:43.085314+00:00,S050,mounted,true,rotor_drag,mild,900,rotor_drag-mild_horizontal_no_load_0900rpm,2686828,905,260,2404,3124,4,3,1580606,9,150,74,8,5,1759,1494,1239,61,122,1619,16383,1767,1748,1759395,808,2121,2218,558163,11954,8,382544,1496,112579,390,2686729133,2686828776,0,2686828785,2686829300,3831135359,17862270,-94,31,1046,0.3239,1687.6,0.30670833645641604,0.1450527487033626,0.3239,25.94,78.7,,,,,,
2026-07-30T23:10:43.179469+00:00,S050,mounted,true,rotor_drag,mild,900,rotor_drag-mild_horizontal_no_load_0900rpm,2686928,908,258,2386,3097,6,3,1580643,9,150,73,1,4,1759,1495,1239,58,121,1619,16383,1771,1751,1744816,800,2027,2215,558291,11959,8,382553,1496,112580,390,2686829728,2686928821,0,2686928835,2686929350,3805613236,17877211,-77,11,1053,0.3239,1687.6,0.30016531691613,-0.013015549711514307,0.3239,25.94,78.7,,,,,,
2026-07-30T23:10:43.273611+00:00,S050,mounted,true,rotor_drag,mild,900,rotor_drag-mild_horizontal_no_load_0900rpm,2687028,903,257,2375,3087,6,3,1580679,9,150,74,8,3,1761,1494,1232,58,121,1622,16383,1774,1753,1748686,800,2138,2223,558742,11954,8,382552,1496,112581,390,2686929778,2687028831,0,2687028846,2687029361,3822508176,17862268,-80,20,1054,0.3314,1687.6,0.3150410987117285,0.17338414037142336,0.3314,25.85,78.5,,,,,,
2026-07-30T23:10:43.414005+00:00,S050,mounted,true,rotor_drag,mild,900,rotor_drag-mild_horizontal_no_load_0900rpm,2687128,892,259,2448,3176,4,3,1580714,9,150,73,11,7,1764,1494,1224,61,135,1622,16383,1785,1759,1756125,800,2158,2399,559819,11955,8,382552,1496,112582,390,2687029788,2687128875,0,2687128884,2687129399,3855207699,17865257,-87,27,1061,0.3428,1687.6,0.608019904391468,0.2064143595984942,0.3428,25.85,78.5,,,,,,
2026-07-30T23:10:43.509038+00:00,S050,mounted,true,rotor_drag,mild,900,rotor_drag-mild_horizontal_no_load_0900rpm,2687228,895,265,2410,3152,4,3,1580750,9,150,73,4,5,1768,1494,1255,61,135,1609,16383,1790,1761,1760568,800,2031,2467,561018,11953,8,382549,1496,112583,390,2687129827,2687228935,0,2687228945,2687229460,3874886926,17859281,-68,41,1048,0.358,1687.6,0.7220238593658497,-0.004653798795281716,0.358,26.25,79.2,,,,,,
2026-07-30T23:10:43.602501+00:00,S050,mounted,true,rotor_drag,mild,900,rotor_drag-mild_horizontal_no_load_0900rpm,2687328,895,267,2429,3177,4,3,1580786,9,150,74,9,1,1772,1494,1232,62,129,1615,16383,1795,1761,1764532,800,2110,2431,562269,11955,8,382549,1496,112584,390,2687229887,2687328969,0,2687328979,2687329494,3892296180,17865255,-57,56,1047,0.3732,1687.6,0.6613451219573401,0.1264265332496861,0.3732,26.07,78.9,,,,,,
2026-07-30T23:10:43.696522+00:00,S050,mounted,true,rotor_drag,mild,900,rotor_drag-mild_horizontal_no_load_0900rpm,2687428,898,262,2389,3120,4,3,1580822,9,150,75,15,2,1776,1495,1242,63,124,1617,16383,1802,1769,1768684,800,2157,2259,563500,11957,8,382553,1496,112585,390,2687329921,2687429020,0,2687429029,2687429544,3910535788,17871233,-77,28,1055,0.3884,1687.6,0.37409241674333016,0.20414671665133355,0.3884,26.01,78.8,,,,,,
2026-07-30T23:10:43.790019+00:00,S050,mounted,true,rotor_drag,mild,900,rotor_drag-mild_horizontal_no_load_0900rpm,2687528,896,259,2426,3150,4,3,1580858,9,150,73,8,2,1780,1495,1216,63,124,1620,16383,1805,1773,1772222,800,1983,2463,564720,11956,8,382555,1496,112586,390,2687429973,2687529045,0,2687529054,2687529569,3926314196,17868246,-74,36,1051,0.4036,1687.6,0.7143270495148881,-0.08548431214453034,0.4036,25.91,78.6,,,,,,
2026-07-30T23:10:43.883234+00:00,S050,mounted,true,rotor_drag,mild,900,rotor_drag-mild_horizontal_no_load_0900rpm,2687628,928,294,2233,3025,6,3,1580895,9,150,77,31,9,1786,1494,1229,63,119,1616,16383,1822,1779,1782254,800,2027,2281,566607,11955,8,382555,1496,112587,390,2687529997,2687629092,0,2687629101,2687629616,3970927566,17865255,-77,34,1049,0.4263,1687.6,0.4113831646173147,-0.011885749811794355,0.4263,26.04,78.9,,,,,,
2026-07-30T23:10:43.975791+00:00,S050,mounted,true,rotor_drag,mild,900,rotor_drag-mild_horizontal_no_load_0900rpm,2687728,920,343,2188,3121,2,3,1580932,9,150,82,34,8,1796,1494,1235,66,138,1611,16383,1846,1792,1801271,800,2063,2329,569921,11955,8,382555,1496,112588,390,2687630045,2687729124,0,2687729134,2687729649,4056264261,17865257,-80,15,1046,0.4643,1687.6,0.49137099096612236,0.04810511994981148,0.4643,26.19,79.1,,,,,,
2026-07-30T23:10:44.116920+00:00,S050,mounted,true,rotor_drag,mild,900,rotor_drag-mild_horizontal_no_load_0900rpm,2687829,918,320,2285,3156,3,3,1580969,9,150,83,35,5,1809,1494,1251,66,138,1617,16383,1860,1806,1837187,808,2199,2345,573946,11953,8,382552,1496,112589,390,2687730077,2687829771,0,2687829845,2687830360,4177934491,17859283,-66,12,1054,0.5136,1687.6,0.5186874504308543,0.2753504364594659,0.5136,26.01,78.8,,,,,,
2026-07-30T23:10:44.210559+00:00,S050,mounted,true,rotor_drag,mild,900,rotor_drag-mild_horizontal_no_load_0900rpm,2687929,918,272,2354,3095,1,3,1581006,9,150,78,14,4,1818,1495,1214,67,130,1618,16383,1864,1805,1820058,800,2039,2431,576765,11958,8,382558,1496,112590,390,2687830788,2687929849,0,2687929923,2687930438,4141488966,17874224,-68,15,1051,0.5478,1687.6,0.6603288023080776,0.007258769192172387,0.5478,25.97,78.8,,,,,,
2026-07-30T23:10:44.303564+00:00,S050,mounted,true,rotor_drag,mild,900,rotor_drag-mild_horizontal_no_load_0900rpm,2688029,921,260,2349,3056,5,3,1581043,9,150,77,25,0,1826,1494,1229,67,130,1615,16383,1875,1817,1827706,800,2209,2361,579376,11955,8,382558,1496,112591,390,2687930866,2688029912,0,2688029991,2688030506,4176329484,17865257,-53,4,1064,0.5781,1687.6,0.5446962085319944,0.2914014250941026,0.5781,26.07,78.9,,,,,,
2026-07-30T23:10:44.397078+00:00,S050,mounted,true,rotor_drag,mild,900,rotor_drag-mild_horizontal_no_load_0900rpm,2688129,909,266,2401,3134,5,3,1581079,9,150,74,11,0,1840,1494,1221,63,120,1613,16383,1902,1832,1853183,800,2110,2401,583900,11953,8,382555,1496,112592,390,2688030931,2688130004,0,2688130078,2688130593,4293806959,17859279,-100,26,1051,0.6313,1687.6,0.6120221955157703,0.12701485944951063,0.6313,26.13,79.0,,,,,,
2026-07-30T23:10:44.490665+00:00,S050,mounted,true,rotor_drag,mild,900,rotor_drag-mild_horizontal_no_load_0900rpm,2688229,922,264,2349,3065,4,3,1581116,9,150,73,16,2,1853,1495,1216,61,123,1619,16383,1921,1853,1864043,800,2178,2508,588152,11957,8,382559,1496,112593,390,2688131024,2688230073,0,2688230147,2688230662,4344288383,17871235,-123,26,1044,0.6806,1687.6,0.7889598610855559,0.23913553725850933,0.6806,25.94,78.7,,,,,,
2026-07-30T23:10:44.584211+00:00,S050,mounted,true,rotor_drag,mild,900,rotor_drag-mild_horizontal_no_load_0900rpm,2688330,924,258,2363,3061,6,3,1581153,9,150,73,19,2,1863,1495,1268,61,123,1617,16383,1915,1851,1884041,808,2161,2565,591051,11959,8,382567,1496,112594,390,2688231095,2688330749,0,2688330758,2688331273,4394180843,17877211,-130,34,1037,0.7185,1687.6,0.8832148026590847,0.21020911054435976,0.7185,26.01,78.8,,,,,,
2026-07-30T23:10:44.677030+00:00,S050,mounted,true,rotor_drag,mild,900,rotor_drag-mild_horizontal_no_load_0900rpm,2688430,905,271,2433,3182,6,3,1581189,9,150,75,28,4,1867,1495,1261,66,139,1617,16383,1917,1839,1860600,800,2223,2405,592329,11957,8,382570,1496,112595,390,2688331703,2688430936,0,2688430945,2688431460,4328341628,17871235,-119,12,1050,0.7337,1687.6,0.6173480266789326,0.3141115814167432,0.7337,26.01,78.8,,,,,,
2026-07-30T23:10:44.817498+00:00,S050,mounted,true,rotor_drag,mild,900,rotor_drag-mild_horizontal_no_load_0900rpm,2688530,903,261,2442,3165,6,3,1581225,9,150,74,22,0,1867,1494,1238,71,137,1615,16383,1894,1838,1850047,800,2119,2387,592423,11955,8,382570,1496,112596,390,2688431893,2688530988,0,2688530997,2688531512,4279224965,17865255,-88,22,1040,0.7337,1687.6,0.5880229478042658,0.14142425069008757,0.7337,26.07,78.9,,,,,,
2026-07-30T23:10:44.911748+00:00,S050,mounted,true,rotor_drag,mild,900,rotor_drag-mild_horizontal_no_load_0900rpm,2688631,943,270,2363,3079,3,3,1581263,9,150,77,38,3,1862,1495,1228,71,137,1615,16383,1889,1825,1856184,808,2219,2372,591011,11957,8,382573,1496,112597,390,2688531939,2688631762,0,2688631836,2688632351,4264877002,17871235,-84,38,1033,0.7147,1687.6,0.562365594296228,0.3074470441582333,0.7147,26.07,78.9,,,,,,
2026-07-30T23:10:45.004646+00:00,S050,mounted,true,rotor_drag,mild,900,rotor_drag-mild_horizontal_no_load_0900rpm,2688731,956,274,2224,2943,4,3,1581302,9,150,80,42,3,1854,1494,1235,71,133,1620,16383,1872,1809,1822429,800,2189,2359,588490,11955,8,382573,1496,112598,390,2688632779,2688731840,0,2688731918,2688732434,4152231269,17865255,-95,30,1042,0.6844,1687.6,0.541363382434128,0.2580731641154328,0.6844,25.91,78.6,,,,,,
2026-07-30T23:10:45.098754+00:00,S050,mounted,true,rotor_drag,mild,900,rotor_drag-mild_horizontal_no_load_0900rpm,2688831,947,260,2279,2965,6,3,1581339,9,150,76,31,1,1847,1495,1238,71,133,1610,16383,1858,1808,1814350,800,2201,2337,586007,11956,8,382574,1496,112599,390,2688732862,2688831941,0,2688832015,2688832530,4115363732,17868246,-92,32,1050,0.6578,1687.6,0.5043765670792903,0.2777633479424555,0.6578,26.22,79.2,,,,,,
2026-07-30T23:10:45.193866+00:00,S050,mounted,true,rotor_drag,mild,900,rotor_drag-mild_horizontal_no_load_0900rpm,2688931,918,260,2362,3071,2,3,1581376,9,150,74,18,4,1845,1495,1238,68,129,1617,16383,1876,1811,1824137,800,2205,2365,585433,11958,8,382579,1496,112600,390,2688832963,2688932024,0,2688932103,2688932618,4160026223,17874222,-102,29,1045,0.6502,1687.6,0.5503731334671347,0.28381393627696916,0.6502,26.01,78.8,,,,,,
2026-07-30T23:10:45.285695+00:00,S050,mounted,true,rotor_drag,mild,900,rotor_drag-mild_horizontal_no_load_0900rpm,2689031,914,259,2405,3115,2,3,1581412,9,150,73,23,3,1849,1494,1231,70,126,1619,16383,1892,1827,1840340,800,2223,2589,586610,11954,8,382576,1496,112601,390,2688933048,2689032113,0,2689032187,2689032702,4234436676,17862270,-99,20,1044,0.6654,1687.6,0.9249992958005686,0.3150410987117285,0.6654,25.94,78.7,,,,,,
2026-07-30T23:10:45.381494+00:00,S050,mounted,true,rotor_drag,mild,900,rotor_drag-mild_horizontal_no_load_0900rpm,2689132,920,264,2365,3084,3,3,1581449,9,150,73,12,4,1855,1495,1229,70,126,1609,16383,1897,1840,1870709,808,2230,2388,588751,11958,8,382581,1496,112602,390,2689033131,2689132781,0,2689132790,2689133306,4331977731,17874224,-85,1,1050,0.6882,1687.6,0.588691018063221,0.3254638108379324,0.6882,26.25,79.2,,,,,,
2026-07-30T23:10:45.522056+00:00,S050,mounted,true,rotor_drag,mild,900,rotor_drag-mild_horizontal_no_load_0900rpm,2689232,922,272,2362,3100,1,3,1581486,9,150,73,14,10,1862,1494,1235,68,134,1613,16383,1917,1843,1858883,800,2027,2469,590918,11955,8,382580,1496,112603,390,2689133733,2689232828,0,2689232838,2689233353,4320480225,17865257,-112,28,1044,0.7147,1687.6,0.7246688178168128,-0.011885749811794355,0.7147,26.13,79.0,,,,,,
2026-07-30T23:10:45.618343+00:00,S050,mounted,true,rotor_drag,mild,900,rotor_drag-mild_horizontal_no_load_0900rpm,2689332,930,328,2274,3156,5,3,1581523,9,150,81,32,13,1869,1495,1241,71,145,1609,16383,1916,1848,1866115,800,2067,2426,593120,11957,8,382582,1496,112604,390,2689233784,2689332871,0,2689332880,2689333395,4354136027,17871233,-52,-22,1057,0.7413,1687.6,0.6523368472861089,0.05419462833486621,0.7413,26.25,79.2,,,,,,
2026-07-30T23:10:45.710565+00:00,S050,mounted,true,rotor_drag,mild,900,rotor_drag-mild_horizontal_no_load_0900rpm,2689432,986,477,1914,3123,2,3,1581562,9,150,127,113,21,1852,1495,1224,71,145,1619,16383,1890,1768,1801895,800,2173,2392,587579,11959,8,382588,1496,112605,390,2689333829,2689432898,0,2689432908,2689433423,4060494133,17877213,-47,0,1045,0.6768,1687.6,0.5950217711347099,0.23019937862697537,0.6768,25.94,78.7,,,,,,
2026-07-30T23:10:45.810332+00:00,S050,mounted,true,rotor_drag,mild,900,rotor_drag-mild_horizontal_no_load_0900rpm,2689532,876,325,2360,3287,2,3,1581598,9,150,76,18,6,1842,1494,1233,77,190,1614,16383,1859,1792,1806807,800,2185,2326,584704,11952,8,382581,1496,112606,390,2689433852,2689532948,0,2689532957,2689533472,4081271879,17856294,-74,15,1043,0.6388,1687.6,0.48734466265060217,0.2523214457831324,0.6388,26.1,79.0,,,,,,
2026-07-30T23:10:45.899315+00:00,S050,mounted,true,rotor_drag,mild,900,rotor_drag-mild_horizontal_no_load_0900rpm,2689632,907,352,2215,3185,2,3,1581634,9,150,79,7,4,1840,1495,1229,77,190,1615,16383,1857,1811,1818695,800,2127,2393,584046,11956,8,382581,1496,112607,390,2689533902,2689632991,0,2689633000,2689633515,4135177153,17868246,-84,7,1032,0.6313,1687.6,0.5976878926062223,0.15445909635329524,0.6313,26.07,78.9,,,,,,
2026-07-30T23:10:45.992199+00:00,S050,mounted,true,rotor_drag,mild,900,rotor_drag-mild_horizontal_no_load_0900rpm,2689732,914,326,2209,3102,3,3,1581671,9,150,80,20,3,1840,1495,1248,74,171,1614,16383,1867,1813,1822993,800,2201,2455,583920,11957,8,382583,1496,112608,390,2689633945,2689733064,0,2689733073,2689733588,4154762453,17871233,-91,0,1035,0.6313,1687.6,0.7006547424103031,0.27745662649493985,0.6313,26.1,79.0,,,,,,
2026-07-30T23:10:46.084422+00:00,S050,mounted,true,rotor_drag,mild,900,rotor_drag-mild_horizontal_no_load_0900rpm,2689832,911,324,2299,3189,3,3,1581707,9,150,78,7,5,1845,1495,1224,72,164,1602,16383,1887,1826,1837301,800,2145,2603,585353,11958,8,382587,1496,112609,390,2689734014,2689833090,0,2689833099,2689833614,4220431107,17874232,-101,25,1034,0.6502,1687.6,0.9468799392875065,0.1838542373306571,0.6502,26.46,79.6,,,,,,
2026-07-30T23:10:46.224998+00:00,S050,mounted,true,rotor_drag,mild,900,rotor_drag-mild_horizontal_no_load_0900rpm,2689933,921,300,2274,3089,1,3,1581744,9,150,80,14,3,1846,1494,1225,72,164,1607,16383,1874,1820,1851131,808,2127,2379,585828,11955,8,382586,1496,112610,390,2689834043,2689933681,0,2689933754,2689934270,4241662159,17865257,-72,23,1055,0.654,1687.6,0.5746916434127978,0.15475555508155558,0.654,26.31,79.4,,,,,,
2026-07-30T23:10:46.318442+00:00,S050,mounted,true,rotor_drag,mild,900,rotor_drag-mild_horizontal_no_load_0900rpm,2690033,949,277,2243,2972,4,3,1581782,9,150,76,12,4,1836,1494,1222,72,161,1613,16383,1869,1779,1801712,800,2172,2359,582736,11955,8,382585,1496,112611,390,2689934698,2690033794,0,2690033867,2690034383,4058585486,17865259,-57,28,1062,0.6161,1687.6,0.541363382434128,0.22974414228356332,0.6161,26.13,79.0,,,,,,
2026-07-30T23:10:46.411147+00:00,S050,mounted,true,rotor_drag,mild,900,rotor_drag-mild_horizontal_no_load_0900rpm,2690133,931,279,2260,3010,3,3,1581821,9,150,75,18,4,1812,1495,1231,71,168,1620,16383,1803,1722,1748909,800,2055,2259,575145,11956,8,382585,1496,112612,390,2690034811,2690133865,0,2690133939,2690134454,3824009175,17868246,-48,29,1057,0.525,1687.6,0.37440722080963473,0.03448739210438223,0.525,25.91,78.6,,,,,,
2026-07-30T23:10:46.505392+00:00,S050,mounted,true,rotor_drag,mild,900,rotor_drag-mild_horizontal_no_load_0900rpm,2690233,938,260,2318,3013,1,3,1581858,9,150,74,9,8,1783,1495,1203,71,168,1623,16383,1732,1716,1707923,800,1873,2263,565923,11957,8,382587,1496,112613,390,2690134882,2690233959,0,2690234033,2690234550,3646443041,17871233,-67,33,1046,0.4149,1687.6,0.38075695400184006,-0.269035428702852,0.4149,25.82,78.5,,,,,,
2026-07-30T23:10:46.613367+00:00,S050,mounted,true,rotor_drag,mild,900,rotor_drag-mild_horizontal_no_load_0900rpm,2690333,933,279,2294,3042,4,3,1581896,9,150,74,12,5,1762,1494,1193,70,166,1622,16383,1721,1713,1702795,800,2104,2162,559138,11955,8,382586,1496,112614,390,2690234978,2690334041,0,2690334120,2690334635,3624426205,17865259,-67,40,1056,0.3352,1687.6,0.21308001179422797,0.11642805495608544,0.3352,25.85,78.5,,,,,,
2026-07-30T23:10:46.723104+00:00,S050,mounted,true,rotor_drag,mild,900,rotor_drag-mild_horizontal_no_load_0900rpm,2690433,935,259,2328,3022,6,3,1581933,9,150,73,5,2,1745,1494,1227,70,166,1620,16383,1717,1702,1695643,800,2077,2142,553795,11955,8,382585,1496,112615,390,2690335064,2690434140,0,2690434213,2690434728,3594058957,17865257,-60,18,1048,0.2707,1687.6,0.17975175081555816,0.07143490263488061,0.2707,25.91,78.6,,,,,,
2026-07-30T23:10:46.816732+00:00,S050,mounted,true,rotor_drag,mild,900,rotor_drag-mild_horizontal_no_load_0900rpm,2690534,910,271,2362,3107,2,3,1581970,9,150,73,17,3,1732,1494,1237,70,157,1631,16383,1710,1701,1708558,808,2083,2145,549778,11953,8,382580,1496,112616,390,2690435156,2690534773,0,2690534945,2690535460,3612873008,17859281,-60,32,1045,0.2214,1687.6,0.18534907512758325,0.08201417878356887,0.2214,25.58,78.0,,,,,,
2026-07-30T23:10:46.940437+00:00,S050,mounted,true,rotor_drag,mild,900,rotor_drag-mild_horizontal_no_load_0900rpm,2690634,916,280,2320,3085,6,3,1582005,9,150,75,10,3,1726,1494,1233,66,158,1633,16383,1724,1703,1695982,800,2095,2149,547587,11953,8,382575,1496,112617,390,2690535888,2690634960,0,2690634969,2690635484,3595522494,17859281,-81,78,1012,0.1986,1687.6,0.19201584263364824,0.10201448130176471,0.1986,25.52,77.9,,,,,,
2026-07-30T23:10:47.033854+00:00,S050,mounted,true,rotor_drag,mild,900,rotor_drag-mild_horizontal_no_load_0900rpm,2690734,922,378,2183,3209,2,3,1582042,9,150,96,69,12,1723,1494,1225,66,158,1624,16383,1726,1707,1703281,800,2015,2157,546788,11955,8,382575,1496,112618,390,2690635913,2690735141,0,2690735150,2690735665,3626529349,17865257,-67,32,1021,0.1872,1687.6,0.20474794654956074,-0.03188270639899615,0.1872,25.79,78.4,,,,,,
2026-07-30T23:10:47.127113+00:00,S050,mounted,true,rotor_drag,mild,900,rotor_drag-mild_horizontal_no_load_0900rpm,2690835,927,400,2175,3255,2,3,1582078,9,150,104,97,14,1721,1494,1225,163,638,1623,16383,1734,1705,1719692,808,1915,2175,546224,11954,8,382573,1496,112619,390,2690736095,2690835734,0,2690835808,2690836323,3660236102,17862270,-69,45,1041,0.1796,1687.6,0.2350465810607325,-0.1982570562154926,0.1796,25.82,78.5,,,,,,
2026-07-30T23:10:47.221520+00:00,S050,mounted,true,rotor_drag,mild,900,rotor_drag-mild_horizontal_no_load_0900rpm,2690935,877,382,2383,3472,2,3,1582114,9,150,93,19,24,1720,1495,1242,146,537,1627,16383,1730,1709,1703993,800,1965,2163,545968,11958,8,382578,1496,112620,390,2690836755,2690935835,0,2690935912,2690936427,3629593937,17874222,-79,53,1043,0.1758,1687.6,0.21384214701455084,-0.11602485950827912,0.1758,25.7,78.3,,,,,,
2026-07-30T23:10:47.314928+00:00,S050,mounted,true,rotor_drag,mild,900,rotor_drag-mild_horizontal_no_load_0900rpm,2691035,883,385,2487,3579,6,3,1582149,9,150,104,94,20,1723,1494,1204,146,537,1620,16383,1742,1715,1714016,800,2110,2175,546777,11952,8,382571,1496,112621,390,2690936858,2691035932,0,2691036006,2691036521,3672403716,17856294,-101,17,1045,0.1872,1687.6,0.23565313253011988,0.1273090963855421,0.1872,25.91,78.6,,,,,,
2026-07-30T23:10:47.407452+00:00,S050,mounted,true,rotor_drag,mild,900,rotor_drag-mild_horizontal_no_load_0900rpm,2691135,903,383,2436,3498,6,3,1582185,9,150,101,94,18,1724,1495,1192,141,551,1624,16383,1743,1710,1709220,800,2099,2187,546950,11956,8,382572,1496,112622,390,2691036954,2691136036,0,2691136110,2691136625,3651954006,17868244,-100,45,1036,0.191,1687.6,0.2544355165607226,0.10780343358982902,0.191,25.79,78.4,,,,,,
2026-07-30T23:10:47.500364+00:00,S050,mounted,true,rotor_drag,mild,900,rotor_drag-mild_horizontal_no_load_0900rpm,2691236,872,461,2211,3533,2,3,1582222,9,150,122,133,10,1722,1494,1243,141,551,1620,16383,1736,1706,1720772,808,1979,2166,546473,11953,8,382568,1496,112623,390,2691137058,2691236778,0,2691236793,2691237308,3664802888,17859285,-99,35,1036,0.1834,1687.6,0.2203496045344262,-0.0913217763741323,0.1834,25.91,78.6,,,,,,
2026-07-30T23:10:47.595130+00:00,S050,mounted,true,rotor_drag,mild,900,rotor_drag-mild_horizontal_no_load_0900rpm,2691336,927,290,2264,3048,6,3,1582257,9,150,74,33,5,1718,1495,1213,118,443,1623,16383,1714,1701,1693878,800,1923,2143,545101,11957,8,382571,1496,112624,390,2691237741,2691336874,0,2691336883,2691337398,3586613698,17871235,-53,37,1047,0.1683,1687.6,0.18082083624655,-0.18572871297148152,0.1683,25.82,78.5,,,,,,
2026-07-30T23:10:47.736805+00:00,S050,mounted,true,rotor_drag,mild,900,rotor_drag-mild_horizontal_no_load_0900rpm,2691436,889,275,2401,3175,6,3,1582293,9,150,73,18,12,1715,1495,1250,104,385,1619,16383,1715,1701,1693598,800,2023,2141,544152,11956,8,382572,1496,112625,390,2691337831,2691437053,0,2691437062,2691437577,3585398498,17868246,-76,16,1058,0.1569,1687.6,0.17778692773502813,-0.01883336533957891,0.1569,25.94,78.7,,,,,,
2026-07-30T23:10:47.830259+00:00,S050,mounted,true,rotor_drag,mild,900,rotor_drag-mild_horizontal_no_load_0900rpm,2691536,880,447,2310,3579,4,3,1582328,9,150,100,83,4,1712,1495,1216,104,385,1612,16383,1717,1701,1692397,800,2091,2139,543353,11959,8,382579,1496,112626,390,2691438008,2691537093,0,2691537102,2691537617,3580309209,17877211,-73,19,1054,0.1455,1687.6,0.17356028572623083,0.09359921339576882,0.1455,26.16,79.1,,,,,,
2026-07-30T23:10:47.924478+00:00,S050,mounted,true,rotor_drag,mild,900,rotor_drag-mild_horizontal_no_load_0900rpm,2691636,873,255,2495,3226,5,3,1582363,9,150,72,4,8,1710,1494,1229,98,329,1614,16383,1709,1700,1691078,800,2051,2139,542690,11951,8,382570,1496,112627,390,2691538048,2691637124,0,2691637133,2691637648,3574718212,17853309,-72,24,1065,0.1379,1687.6,0.17594553568739002,0.02925210551418278,0.1379,26.1,79.0,,,,,,
2026-07-30T23:10:48.018321+00:00,S050,mounted,true,rotor_drag,mild,900,rotor_drag-mild_horizontal_no_load_0900rpm,2691737,881,268,2429,3190,5,3,1582399,9,150,73,16,1,1708,1494,1251,90,284,1623,16383,1706,1698,1705074,808,2033,2137,541932,11953,8,382566,1496,112628,390,2691638076,2691737785,0,2691737859,2691738374,3598152548,17859279,-77,40,1057,0.1303,1687.6,0.17201554011545195,-0.0013204150422492233,0.1303,25.82,78.5,,,,,,
2026-07-30T23:10:48.110933+00:00,S050,mounted,true,rotor_drag,mild,900,rotor_drag-mild_horizontal_no_load_0900rpm,2691837,905,248,2387,3072,4,3,1582436,9,150,72,14,7,1707,1494,1208,90,284,1622,16383,1709,1684,1688964,800,1905,2141,541558,11955,8,382566,1496,112629,390,2691738802,2691837865,0,2691837939,2691838454,3565874322,17865255,-81,21,1071,0.1265,1687.6,0.17808533776662427,-0.21518814178168144,0.1265,25.85,78.5,,,,,,
2026-07-30T23:10:48.204878+00:00,S050,mounted,true,rotor_drag,mild,900,rotor_drag-mild_horizontal_no_load_0900rpm,2691937,919,253,2331,3020,4,3,1582472,9,150,73,12,4,1706,1495,1216,97,302,1627,16383,1708,1699,1689203,800,1943,2275,541282,11957,8,382569,1496,112630,390,2691838882,2691937941,0,2691938015,2691938530,3566859739,17871235,-72,28,1053,0.1227,1687.6,0.4007505657773689,-0.15240602667893288,0.1227,25.7,78.3,,,,,,
2026-07-30T23:10:48.296370+00:00,S050,mounted,true,rotor_drag,mild,900,rotor_drag-mild_horizontal_no_load_0900rpm,2692037,907,258,2388,3099,6,3,1582509,9,150,73,14,5,1706,1494,1246,97,302,1627,16383,1722,1702,1691668,800,2039,2309,541350,11953,8,382565,1496,112631,390,2691938958,2692038011,0,2692038085,2692038600,3577280970,17859281,-100,91,1032,0.1227,1687.6,0.4586865428762654,0.008679736216849143,0.1227,25.7,78.3,,,,,,
2026-07-30T23:10:48.426051+00:00,S050,mounted,true,rotor_drag,mild,900,rotor_drag-mild_horizontal_no_load_0900rpm,2692137,915,266,2342,3069,6,3,1582545,9,150,73,11,2,1706,1495,1221,124,478,1625,16383,1710,1701,1691793,800,2064,2333,541367,11956,8,382566,1496,112632,390,2692039030,2692138100,0,2692138174,2692138689,3577812847,17868246,-112,81,1037,0.1227,1687.6,0.49771147239879543,0.04948385513549658,0.1227,25.76,78.4,,,,,,
2026-07-30T23:10:48.530867+00:00,S050,mounted,true,rotor_drag,mild,900,rotor_drag-mild_horizontal_no_load_0900rpm,2692238,913,251,2366,3053,2,3,1582582,9,150,73,2,2,1706,1495,1217,125,498,1625,16383,1709,1702,1708983,808,2089,2143,541459,11958,8,382571,1496,112633,390,2692139120,2692238782,0,2692238792,2692239306,3614665317,17874222,-85,62,1041,0.1227,1687.6,0.18052224736578015,0.09055851831409933,0.1227,25.76,78.4,,,,,,
2026-07-30T23:10:48.625551+00:00,S050,mounted,true,rotor_drag,mild,900,rotor_drag-mild_horizontal_no_load_0900rpm,2692338,926,274,2304,3045,3,3,1582619,9,150,74,10,1,1707,1495,1233,125,498,1624,16383,1713,1704,1693808,800,2085,2139,541682,11957,8,382574,1496,112634,390,2692239735,2692338826,0,2692338835,2692339350,3586265118,17871235,-68,5,1044,0.1265,1687.6,0.17415629898804008,0.08418504599815968,0.1265,25.79,78.4,,,,,,
2026-07-30T23:10:48.717540+00:00,S050,mounted,true,rotor_drag,mild,900,rotor_drag-mild_horizontal_no_load_0900rpm,2692438,926,272,2293,3029,5,3,1582657,9,150,73,10,1,1707,1494,1242,115,451,1618,16383,1713,1703,1694085,800,2015,2349,541837,11953,8,382570,1496,112635,390,2692339778,2692438859,0,2692438873,2692439388,3587531863,17859279,-105,130,999,0.1265,1687.6,0.5253542179369193,-0.031320868819543435,0.1265,25.97,78.8,,,,,,
2026-07-30T23:10:48.812265+00:00,S050,mounted,true,rotor_drag,mild,900,rotor_drag-mild_horizontal_no_load_0900rpm,2692538,927,251,2323,3000,4,3,1582694,9,150,73,5,4,1708,1495,1204,200,941,1614,16383,1713,1704,1694231,800,1963,2317,542009,11956,8,382571,1496,112636,390,2692439819,2692538911,0,2692538920,2692539435,3588122411,17868246,-83,118,1053,0.1303,1687.6,0.4710510936768144,-0.11880978554700627,0.1303,26.1,79.0,,,,,,
2026-07-30T23:10:48.904502+00:00,S050,mounted,true,rotor_drag,mild,900,rotor_drag-mild_horizontal_no_load_0900rpm,2692638,928,259,2307,3005,6,3,1582731,9,150,73,5,0,1708,1494,1219,200,941,1621,16383,1713,1704,1694592,800,2083,2143,542137,11954,8,382569,1496,112637,390,2692539865,2692638949,0,2692638958,2692639473,3589588926,17862270,-96,62,1059,0.1303,1687.6,0.1817169026267358,0.0817237555629915,0.1303,25.88,78.6,,,,,,
2026-07-30T23:10:49.042847+00:00,S050,mounted,true,rotor_drag,mild,900,rotor_drag-mild_horizontal_no_load_0900rpm,2692738,924,273,2299,3038,2,3,1582768,9,150,73,11,3,1710,1494,1242,195,910,1625,16383,1717,1707,1697534,800,2033,2151,542552,11955,8,382569,1496,112638,390,2692639900,2692738994,0,2692739003,2692739518,3602069966,17865257,-83,25,1026,0.1379,1687.6,0.19474946825595918,-0.0018872715181936783,0.1379,25.76,78.4,,,,,,
2026-07-30T23:10:49.139040+00:00,S050,mounted,true,rotor_drag,mild,900,rotor_drag-mild_horizontal_no_load_0900rpm,2692838,907,281,2322,3098,2,3,1582804,9,150,76,16,8,1710,1494,1204,195,910,1623,16383,1718,1706,1696892,800,2029,2145,542773,11953,8,382565,1496,112639,390,2692739948,2692839021,0,2692839030,2692839545,3599346098,17859281,-77,56,1071,0.1379,1687.6,0.18534907512758325,-0.007987182548314653,0.1379,25.82,78.5,,,,,,
2026-07-30T23:10:49.231836+00:00,S050,mounted,true,rotor_drag,mild,900,rotor_drag-mild_horizontal_no_load_0900rpm,2692938,907,265,2325,3056,2,3,1582840,9,150,74,21,1,1711,1495,1247,211,1020,1621,16383,1717,1707,1697120,800,2091,2312,542918,11957,8,382568,1496,112640,390,2692839975,2692939061,0,2692939071,2692939586,3600341074,17871235,-94,16,1069,0.1417,1687.6,0.462397535418583,0.09418185188592432,0.1417,25.88,78.6,,,,,,
2026-07-30T23:10:49.323976+00:00,S050,mounted,true,rotor_drag,mild,900,rotor_drag-mild_horizontal_no_load_0900rpm,2693038,898,271,2379,3133,2,3,1582876,9,150,72,3,2,1711,1494,1209,205,990,1615,16383,1718,1706,1698016,800,2091,2153,543078,11952,8,382562,1496,112641,390,2692940017,2693039111,0,2693039120,2693039635,3604113786,17856294,-79,36,1060,0.1417,1687.6,0.1989828433734937,0.09563930120481912,0.1417,26.07,78.9,,,,,,
2026-07-30T23:10:49.418797+00:00,S050,mounted,true,rotor_drag,mild,900,rotor_drag-mild_horizontal_no_load_0900rpm,2693138,916,271,2328,3069,3,3,1582913,9,150,74,13,4,1712,1494,1214,205,990,1622,16383,1717,1699,1696615,800,1855,2142,543124,11955,8,382562,1496,112642,390,2693040067,2693139143,0,2693139153,2693139668,3598287737,17865259,-90,118,1056,0.1455,1687.6,0.17975175081555816,-0.29850879422835686,0.1455,25.85,78.5,,,,,,
2026-07-30T23:10:49.511792+00:00,S050,mounted,true,rotor_drag,mild,900,rotor_drag-mild_horizontal_no_load_0900rpm,2693239,914,264,2339,3062,1,3,1582950,9,150,73,8,5,1712,1495,1217,230,1155,1626,16383,1718,1705,1713500,808,1995,2307,543118,11958,8,382567,1496,112643,390,2693140099,2693239780,0,2693239859,2693240374,3633870152,17874222,-61,83,1071,0.1455,1687.6,0.45374542448569954,-0.06604501003512331,0.1455,25.73,78.3,,,,,,
2026-07-30T23:10:49.607394+00:00,S050,mounted,true,rotor_drag,mild,900,rotor_drag-mild_horizontal_no_load_0900rpm,2693339,945,254,2255,2927,5,3,1582987,9,150,74,20,2,1711,1494,1228,259,1279,1621,16383,1714,1704,1696430,800,2059,2145,543085,11954,8,382565,1496,112644,390,2693240804,2693339873,0,2693339947,2693340462,3597388616,17862268,-60,104,1088,0.1417,1687.6,0.18505000752886058,0.04172649673749351,0.1417,25.88,78.6,,,,,,
2026-07-30T23:10:49.746496+00:00,S050,mounted,true,rotor_drag,mild,900,rotor_drag-mild_horizontal_no_load_0900rpm,2693439,943,255,2283,2959,6,3,1583025,9,150,73,4,0,1711,1494,1228,259,1279,1622,16383,1714,1706,1695338,800,1971,2328,542939,11955,8,382565,1496,112645,390,2693340897,2693440032,0,2693440106,2693440621,3592813396,17865257,-72,19,1044,0.1417,1687.6,0.4897045779171889,-0.10520488055207045,0.1417,25.85,78.5,,,,,,
2026-07-30T23:10:49.841194+00:00,S050,mounted,true,rotor_drag,mild,900,rotor_drag-mild_horizontal_no_load_0900rpm,2693540,947,266,2259,2963,3,3,1583063,9,150,72,9,0,1710,1494,1235,226,1073,1624,16383,1714,1704,1711153,808,2034,2193,542730,11951,8,382557,1496,112646,390,2693441049,2693540793,0,2693540803,2693541318,3623863659,17853305,-75,61,1076,0.1379,1687.6,0.2659619587482216,0.0009136019579947252,0.1379,25.79,78.4,,,,,,
2026-07-30T23:10:49.933871+00:00,S050,mounted,true,rotor_drag,mild,900,rotor_drag-mild_horizontal_no_load_0900rpm,2693640,920,282,2297,3065,1,3,1583100,9,150,73,19,2,1710,1494,1210,226,1073,1622,16383,1714,1701,1694717,800,2046,2327,542656,11955,8,382557,1496,112647,390,2693541745,2693640835,0,2693640844,2693641360,3590178645,17865259,-71,-7,1072,0.1379,1687.6,0.48803816486825546,0.01977609811794201,0.1379,25.85,78.5,,,,,,
2026-07-30T23:10:50.029020+00:00,S050,mounted,true,rotor_drag,mild,900,rotor_drag-mild_horizontal_no_load_0900rpm,2693740,929,291,2255,3038,5,3,1583137,9,150,75,23,2,1710,1494,1230,242,1149,1615,16383,1714,1705,1695295,800,1875,2353,542647,11953,8,382554,1496,112648,390,2693641790,2693740887,0,2693740897,2693741412,3592773269,17859281,-67,6,1034,0.1379,1687.6,0.5320209854429847,-0.2646577315318335,0.1379,26.07,78.9,,,,,,
2026-07-30T23:10:50.125087+00:00,S050,mounted,true,rotor_drag,mild,900,rotor_drag-mild_horizontal_no_load_0900rpm,2693840,909,314,2261,3125,4,3,1583174,9,150,78,31,2,1710,1495,1222,199,894,1619,16383,1715,1706,1695951,800,1967,2287,542698,11957,8,382558,1496,112649,390,2693741841,2693840918,0,2693840933,2693841448,3595414793,17871233,-44,-1,1036,0.1379,1687.6,0.4207441775528977,-0.11241880312787478,0.1379,25.94,78.7,,,,,,
2026-07-30T23:10:50.218643+00:00,S050,mounted,true,rotor_drag,mild,900,rotor_drag-mild_horizontal_no_load_0900rpm,2693940,902,280,2352,3130,4,3,1583210,9,150,75,11,3,1710,1494,1213,199,894,1618,16383,1714,1706,1695238,800,2003,2310,542696,11952,8,382553,1496,112650,390,2693841877,2693940976,0,2693940990,2693941505,3592405250,17856292,-60,77,1026,0.1379,1687.6,0.4606753614457828,-0.05104185542168693,0.1379,25.97,78.8,,,,,,
2026-07-30T23:10:50.310692+00:00,S050,mounted,true,rotor_drag,mild,900,rotor_drag-mild_horizontal_no_load_0900rpm,2694040,900,259,2385,3105,4,3,1583246,9,150,72,2,0,1710,1494,1234,224,1041,1630,16383,1714,1705,1693461,800,2081,2149,542497,11954,8,382552,1496,112651,390,2693941935,2694041006,0,2694041021,2694041536,3584799743,17862268,-59,6,1031,0.1379,1687.6,0.19171621733311017,0.07839065066086626,0.1379,25.61,78.1,,,,,,
2026-07-30T23:10:50.403979+00:00,S050,mounted,true,rotor_drag,mild,900,rotor_drag-mild_horizontal_no_load_0900rpm,2694140,900,256,2386,3097,4,3,1583282,9,150,72,3,5,1709,1495,1232,205,959,1620,16383,1711,1704,1694258,800,2093,2307,542445,11956,8,382554,1496,112652,390,2694041962,2694141050,0,2694141065,2694141580,3588204824,17868246,-56,49,1057,0.1341,1687.6,0.4543883569755769,0.09780579156908642,0.1341,25.91,78.6,,,,,,
2026-07-30T23:10:50.548017+00:00,S050,mounted,true,rotor_drag,mild,900,rotor_drag-mild_horizontal_no_load_0900rpm,2694240,905,282,2338,3117,4,3,1583318,9,150,76,19,5,1709,1494,1224,205,959,1621,16383,1713,1702,1693987,800,1987,2141,542407,11953,8,382551,1496,112653,390,2694142008,2694241092,0,2694241102,2694241617,3587040601,17859279,-64,10,1030,0.1341,1687.6,0.17868230762151738,-0.07798824136200144,0.1341,25.88,78.6,,,,,,
2026-07-30T23:10:50.640674+00:00,S050,mounted,true,rotor_drag,mild,900,rotor_drag-mild_horizontal_no_load_0900rpm,2694340,895,263,2398,3135,4,3,1583354,9,150,73,9,3,1709,1494,1217,170,776,1622,16383,1714,1703,1694116,800,1881,2146,542405,11952,8,382546,1496,112654,390,2694242047,2694341136,0,2694341150,2694341665,3587627212,17856294,-68,71,1031,0.1341,1687.6,0.18731502409638567,-0.2543952771084341,0.1341,25.85,78.5,,,,,,
2026-07-30T23:10:50.734999+00:00,S050,mounted,true,rotor_drag,mild,900,rotor_drag-mild_horizontal_no_load_0900rpm,2694441,900,262,2382,3111,4,3,1583390,9,150,73,2,1,1709,1494,1233,170,776,1632,16383,1712,1702,1710889,808,1979,2146,542384,11954,8,382545,1496,112655,390,2694342094,2694441846,0,2694441919,2694442435,3622756585,17862270,-81,15,1028,0.1341,1687.6,0.18671655997992254,-0.09159769934749873,0.1341,25.55,78.0,,,,,,
2026-07-30T23:10:50.829467+00:00,S050,mounted,true,rotor_drag,mild,900,rotor_drag-mild_horizontal_no_load_0900rpm,2694541,897,263,2398,3133,4,3,1583426,9,150,72,10,2,1710,1494,1217,181,782,1627,16383,1714,1706,1694823,800,1985,2147,542467,11954,8,382544,1496,112656,390,2694442863,2694541936,0,2694542009,2694542525,3590585173,17862270,-66,49,1074,0.1379,1687.6,0.18838311243098538,-0.08159838464112479,0.1379,25.7,78.3,,,,,,
2026-07-30T23:10:50.921551+00:00,S050,mounted,true,rotor_drag,mild,900,rotor_drag-mild_horizontal_no_load_0900rpm,2694641,923,265,2312,3031,6,3,1583463,9,150,72,10,3,1710,1494,1234,203,942,1624,16383,1715,1706,1695610,800,2067,2143,542555,11955,8,382545,1496,112657,390,2694542954,2694642024,0,2694642098,2694642613,3593905996,17865257,-100,-6,1042,0.1379,1687.6,0.1814181638644916,0.05477077214554571,0.1379,25.79,78.4,,,,,,
2026-07-30T23:10:51.013240+00:00,S050,mounted,true,rotor_drag,mild,900,rotor_drag-mild_horizontal_no_load_0900rpm,2694741,931,268,2296,3017,2,3,1583500,9,150,74,5,2,1710,1495,1213,203,942,1619,16383,1714,1705,1695596,800,1934,2326,542612,11956,8,382547,1496,112658,390,2694643043,2694742116,0,2694742190,2694742705,3593962802,17868246,-91,35,1049,0.1379,1687.6,0.48604755670792876,-0.16713172198059567,0.1379,25.94,78.7,,,,,,
2026-07-30T23:10:51.106688+00:00,S050,mounted,true,rotor_drag,mild,900,rotor_drag-mild_horizontal_no_load_0900rpm,2694842,929,268,2305,3028,3,3,1583537,9,150,73,7,2,1710,1494,1230,232,1075,1622,16383,1716,1704,1712602,808,2097,2149,542681,11954,8,382546,1496,112659,390,2694743133,2694842778,0,2694842788,2694843303,3629994764,17862268,-52,81,1080,0.1379,1687.6,0.19171621733311017,0.10505548987786506,0.1379,25.85,78.5,,,,,,
2026-07-30T23:10:51.247635+00:00,S050,mounted,true,rotor_drag,mild,900,rotor_drag-mild_horizontal_no_load_0900rpm,2694942,900,277,2372,3143,3,3,1583573,9,150,74,12,4,1710,1494,1253,206,935,1622,16383,1714,1706,1695601,800,2071,2145,542722,11952,8,382541,1496,112660,390,2694843732,2694942805,0,2694942814,2694943329,3593867191,17856294,-75,71,1048,0.1379,1687.6,0.18564819277108446,0.06230267469879491,0.1379,25.85,78.5,,,,,,
2026-07-30T23:10:51.341325+00:00,S050,mounted,true,rotor_drag,mild,900,rotor_drag-mild_horizontal_no_load_0900rpm,2695042,904,270,2345,3093,3,3,1583609,9,150,74,14,1,1710,1494,1217,206,935,1619,16383,1714,1706,1695204,800,2085,2137,542707,11950,8,382533,1496,112661,390,2694943759,2695042872,0,2695042881,2695043396,3592178856,17850316,-66,-13,1060,0.1379,1687.6,0.17290969589958127,0.08621996066945581,0.1379,25.94,78.7,,,,,,
2026-07-30T23:10:51.434892+00:00,S050,mounted,true,rotor_drag,mild,900,rotor_drag-mild_horizontal_no_load_0900rpm,2695142,898,260,2396,3120,3,3,1583645,9,150,72,3,0,1711,1495,1221,240,1148,1620,16383,1715,1703,1696228,800,2025,2143,542773,11956,8,382536,1496,112662,390,2695043826,2695142911,0,2695142921,2695143435,3596533792,17868244,-99,77,1026,0.1417,1687.6,0.18111947507527582,-0.015500817999331229,0.1417,25.91,78.6,,,,,,
2026-07-30T23:10:51.529088+00:00,S050,mounted,true,rotor_drag,mild,900,rotor_drag-mild_horizontal_no_load_0900rpm,2695242,914,259,2351,3060,1,3,1583682,9,150,73,7,2,1711,1494,1229,240,1148,1622,16383,1715,1706,1695887,800,1929,2315,542795,11952,8,382532,1496,112663,390,2695143863,2695242964,0,2695242974,2695243489,3595152451,17856292,-118,26,1037,0.1417,1687.6,0.46900951807228886,-0.17438737349397604,0.1417,25.85,78.5,,,,,,
2026-07-30T23:10:51.621547+00:00,S050,mounted,true,rotor_drag,mild,900,rotor_drag-mild_horizontal_no_load_0900rpm,2695342,914,255,2355,3052,5,3,1583719,9,150,73,7,2,1711,1495,1247,223,1009,1624,16383,1715,1706,1695681,800,2079,2141,542758,11957,8,382537,1496,112664,390,2695243920,2695342991,0,2695343006,2695343521,3594207013,17871233,-102,21,1039,0.1417,1687.6,0.1774885676172948,0.07418824011039549,0.1417,25.79,78.4,,,,,,
2026-07-30T23:10:51.715805+00:00,S050,mounted,true,rotor_drag,mild,900,rotor_drag-mild_horizontal_no_load_0900rpm,2695442,895,248,2409,3103,1,3,1583754,9,150,73,4,4,1711,1494,1240,188,793,1621,16383,1716,1702,1697854,800,2045,2191,542973,11954,8,382537,1496,112665,390,2695343952,2695443022,0,2695443032,2695443551,3603438860,17862270,-88,20,1053,0.1417,1687.6,0.26171142027773087,0.018394762422619504,0.1417,25.88,78.6,,,,,,
2026-07-30T23:10:51.855801+00:00,S050,mounted,true,rotor_drag,mild,900,rotor_drag-mild_horizontal_no_load_0900rpm,2695542,896,250,2406,3105,1,3,1583790,9,150,72,6,3,1712,1494,1217,188,793,1619,16383,1722,1708,1699877,800,1974,2165,543336,11953,8,382535,1496,112666,390,2695443979,2695543075,0,2695543084,2695543599,3612041017,17859281,-106,8,1031,0.1455,1687.6,0.21868291265790996,-0.09965523575671398,0.1455,25.94,78.7,,,,,,
2026-07-30T23:10:51.948738+00:00,S050,mounted,true,rotor_drag,mild,900,rotor_drag-mild_horizontal_no_load_0900rpm,2695642,896,250,2421,3121,1,3,1583826,9,150,73,10,2,1714,1494,1223,198,861,1621,16383,1721,1711,1701187,800,1932,2151,543747,11955,8,382536,1496,112667,390,2695544031,2695643107,0,2695643116,2695643631,3617653833,17865257,-91,-7,1064,0.1531,1687.6,0.19474946825595918,-0.17019498946047706,0.1531,25.88,78.6,,,,,,
2026-07-30T23:10:52.044292+00:00,S050,mounted,true,rotor_drag,mild,900,rotor_drag-mild_horizontal_no_load_0900rpm,2695743,897,259,2417,3139,1,3,1583862,9,150,73,6,1,1715,1494,1242,212,957,1624,16383,1721,1713,1719922,808,2003,2381,544135,11951,8,382530,1496,112668,390,2695644060,2695743737,0,2695743811,2695744326,3661203658,17853307,-79,-6,1053,0.1569,1687.6,0.5793524686637097,-0.0507624927621122,0.1569,25.79,78.4,,,,,,
2026-07-30T23:10:52.137333+00:00,S050,mounted,true,rotor_drag,mild,900,rotor_drag-mild_horizontal_no_load_0900rpm,2695843,899,270,2379,3132,1,3,1583898,9,150,74,8,3,1716,1494,1248,212,957,1622,16383,1722,1712,1702529,800,2105,2150,544401,11954,8,382530,1496,112669,390,2695744757,2695843805,0,2695843879,2695844394,3623293205,17862270,-58,39,1046,0.1607,1687.6,0.19338276978417213,0.11838790948636424,0.1607,25.85,78.5,,,,,,
2026-07-30T23:10:52.230375+00:00,S050,mounted,true,rotor_drag,mild,900,rotor_drag-mild_horizontal_no_load_0900rpm,2695943,907,277,2340,3103,1,3,1583934,9,150,74,11,1,1717,1495,1209,200,902,1621,16383,1726,1713,1703544,800,2109,2163,544709,11956,8,382533,1496,112670,390,2695844822,2695943878,0,2695943952,2695944467,3627623442,17868244,-36,84,1050,0.1645,1687.6,0.21444494847775175,0.12446617029106699,0.1645,25.88,78.6,,,,,,
2026-07-30T23:10:52.323306+00:00,S050,mounted,true,rotor_drag,mild,900,rotor_drag-mild_horizontal_no_load_0900rpm,2696043,919,260,2359,3067,5,3,1583971,9,150,74,10,4,1719,1494,1214,200,902,1616,16383,1729,1718,1708900,800,2027,2163,545398,11954,8,382533,1496,112671,390,2695944896,2696043952,0,2696044026,2696044541,3650480834,17862268,-36,81,1051,0.1721,1687.6,0.21504795164798374,-0.011603181696503206,0.1721,26.04,78.9,,,,,,
2026-07-30T23:10:52.418534+00:00,S050,mounted,true,rotor_drag,mild,900,rotor_drag-mild_horizontal_no_load_0900rpm,2696143,919,256,2351,3048,4,3,1584008,9,150,74,23,7,1719,1495,1195,221,1051,1622,16383,1725,1715,1704438,800,2093,2165,545480,11956,8,382536,1496,112672,390,2696044971,2696144020,0,2696144094,2696144609,3631428148,17868246,-50,106,1050,0.1721,1687.6,0.21777749581799943,0.09780579156908642,0.1721,25.85,78.5,,,,,,
2026-07-30T23:10:52.511639+00:00,S050,mounted,true,rotor_drag,mild,900,rotor_drag-mild_horizontal_no_load_0900rpm,2696243,938,261,2327,3023,2,3,1584046,9,150,72,3,5,1719,1494,1242,192,906,1619,16383,1723,1714,1703920,800,2015,2319,545436,11954,8,382536,1496,112673,390,2696145045,2696244100,0,2696244174,2696244689,3629275680,17862268,-56,78,1042,0.1721,1687.6,0.4750301340137191,-0.03160181110925242,0.1721,25.94,78.7,,,,,,
2026-07-30T23:10:52.654061+00:00,S050,mounted,true,rotor_drag,mild,900,rotor_drag-mild_horizontal_no_load_0900rpm,2696344,943,265,2307,3010,1,3,1584084,9,150,74,15,3,1718,1494,1225,192,906,1618,16383,1721,1710,1718188,808,2023,2147,545169,11955,8,382537,1496,112674,390,2696245118,2696344795,0,2696344804,2696345319,3653725970,17865257,-64,74,1051,0.1683,1687.6,0.18808381606022584,-0.018551402007528583,0.1683,25.97,78.8,,,,,,
2026-07-30T23:10:52.748186+00:00,S050,mounted,true,rotor_drag,mild,900,rotor_drag-mild_horizontal_no_load_0900rpm,2696444,939,263,2305,3007,5,3,1584121,9,150,74,3,3,1717,1495,1242,164,723,1621,16383,1720,1710,1701517,800,2099,2327,544973,11956,8,382540,1496,112675,390,2696345749,2696444917,0,2696444927,2696445442,3619049603,17868244,-80,85,1038,0.1645,1687.6,0.4877138303780524,0.10780343358982902,0.1645,25.88,78.6,,,,,,
2026-07-30T23:10:52.842441+00:00,S050,mounted,true,rotor_drag,mild,900,rotor_drag-mild_horizontal_no_load_0900rpm,2696544,936,273,2323,3053,6,3,1584159,9,150,74,13,9,1717,1494,1227,148,584,1618,16383,1723,1710,1701145,800,2061,2193,544822,11955,8,382541,1496,112676,390,2696445871,2696544970,0,2696544979,2696545494,3617420503,17865257,-78,59,1035,0.1645,1687.6,0.264738816311167,0.04477229385194459,0.1645,25.97,78.8,,,,,,
2026-07-30T23:10:52.937501+00:00,S050,mounted,true,rotor_drag,mild,900,rotor_drag-mild_horizontal_no_load_0900rpm,2696644,941,266,2292,3000,3,3,1584197,9,150,74,11,5,1717,1494,1222,148,584,1619,16383,1722,1712,1701995,800,2098,2159,544789,11952,8,382537,1496,112677,390,2696545924,2696645016,0,2696645030,2696645545,3621025845,17856296,-58,54,1049,0.1645,1687.6,0.20898383132530096,0.10730712048192714,0.1645,25.94,78.7,,,,,,
2026-07-30T23:10:53.031436+00:00,S050,mounted,true,rotor_drag,mild,900,rotor_drag-mild_horizontal_no_load_0900rpm,2696744,910,271,2376,3120,3,3,1584233,9,150,73,17,8,1717,1495,1243,131,495,1624,16383,1722,1711,1701344,800,2101,2147,544740,11957,8,382542,1496,112678,390,2696645975,2696745099,0,2696745108,2696745623,3618249146,17871239,-52,66,1059,0.1645,1687.6,0.18748537350505945,0.11084319503219842,0.1645,25.79,78.4,,,,,,
2026-07-30T23:10:53.125597+00:00,S050,mounted,true,rotor_drag,mild,900,rotor_drag-mild_horizontal_no_load_0900rpm,2696845,917,269,2343,3077,1,3,1584270,9,150,73,14,4,1716,1494,1205,131,495,1623,16383,1720,1711,1717247,808,2095,2151,544606,11952,8,382538,1496,112679,390,2696746057,2696845745,0,2696845819,2696846334,3649713329,17856294,-39,70,1064,0.1607,1687.6,0.19564918072289128,0.10230662650602351,0.1607,25.82,78.5,,,,,,
2026-07-30T23:10:53.218661+00:00,S050,mounted,true,rotor_drag,mild,900,rotor_drag-mild_horizontal_no_load_0900rpm,2696945,912,254,2375,3073,5,3,1584307,9,150,73,9,7,1716,1494,1224,130,462,1611,16383,1718,1709,1699117,800,2099,2347,544358,11955,8,382539,1496,112680,390,2696846767,2696945839,0,2696945918,2696946433,3608834935,17865255,-42,54,1060,0.1607,1687.6,0.5213664258469257,0.10809598971141732,0.1607,26.19,79.1,,,,,,
2026-07-30T23:10:53.363201+00:00,S050,mounted,true,rotor_drag,mild,900,rotor_drag-mild_horizontal_no_load_0900rpm,2697045,900,255,2411,3121,5,3,1584343,9,150,73,10,7,1715,1495,1225,113,377,1614,16383,1718,1709,1698827,800,2096,2145,544164,11956,8,382542,1496,112681,390,2696946861,2697045932,0,2697046011,2697046526,3607553027,17868246,-59,52,1057,0.1569,1687.6,0.1844520224155235,0.10280461257945772,0.1569,26.1,79.0,,,,,,
2026-07-30T23:10:53.454273+00:00,S050,mounted,true,rotor_drag,mild,900,rotor_drag-mild_horizontal_no_load_0900rpm,2697145,898,259,2421,3143,1,3,1584378,9,150,74,4,3,1715,1494,1215,113,377,1622,16383,1718,1708,1699051,800,2093,2219,544070,11955,8,382543,1496,112682,390,2697046955,2697146006,0,2697146080,2697146595,3608514875,17865257,-56,50,1066,0.1569,1687.6,0.3080655555834375,0.09809751141781664,0.1569,25.85,78.5,,,,,,
2026-07-30T23:10:53.548591+00:00,S050,mounted,true,rotor_drag,mild,900,rotor_drag-mild_horizontal_no_load_0900rpm,2697245,903,258,2415,3130,5,3,1584415,9,150,73,10,4,1715,1494,1226,100,310,1622,16383,1720,1710,1699764,800,2051,2301,544043,11952,8,382539,1496,112683,390,2697147023,2697246074,0,2697246148,2697246663,3611602494,17856294,-56,35,1064,0.1569,1687.6,0.44567387951807236,0.02896604819277071,0.1569,25.85,78.5,,,,,,
2026-07-30T23:10:53.642081+00:00,S050,mounted,true,rotor_drag,mild,900,rotor_drag-mild_horizontal_no_load_0900rpm,2697346,914,272,2371,3116,4,3,1584452,9,150,73,14,4,1714,1494,1206,90,264,1624,16383,1719,1710,1716870,808,2039,2313,544021,11953,8,382537,1496,112684,390,2697247093,2697346735,0,2697346744,2697347259,3648150266,17859285,-46,23,1060,0.1531,1687.6,0.4653533103823304,0.008679736216849143,0.1531,25.79,78.4,,,,,,
2026-07-30T23:10:53.736218+00:00,S050,mounted,true,rotor_drag,mild,900,rotor_drag-mild_horizontal_no_load_0900rpm,2697446,916,264,2368,3089,6,3,1584489,9,150,73,10,5,1714,1494,1234,90,264,1618,16383,1720,1709,1697848,800,2063,2293,543833,11955,8,382538,1496,112685,390,2697347688,2697446920,0,2697446934,2697447449,3603429682,17865259,-55,32,1059,0.1531,1687.6,0.43138012120451696,0.04810511994981148,0.1531,25.97,78.8,,,,,,
2026-07-30T23:10:53.828394+00:00,S050,mounted,true,rotor_drag,mild,900,rotor_drag-mild_horizontal_no_load_0900rpm,2697546,942,260,2312,3003,2,3,1584526,9,150,74,11,4,1713,1494,1212,85,230,1621,16383,1716,1707,1696916,800,2095,2215,543622,11953,8,382536,1496,112686,390,2697447878,2697547118,0,2697547128,2697547643,3599446090,17859283,-53,39,1064,0.1493,1687.6,0.3020175064837276,0.10201448130176471,0.1493,25.88,78.6,,,,,,
2026-07-30T23:10:53.921626+00:00,S050,mounted,true,rotor_drag,mild,900,rotor_drag-mild_horizontal_no_load_0900rpm,2697647,942,259,2303,2991,1,3,1584564,9,150,73,3,6,1713,1495,1196,85,230,1623,16383,1716,1706,1713698,808,2030,2148,543441,11958,8,382543,1496,112687,390,2697548071,2697647672,0,2697647746,2697648261,3634653816,17874222,-40,68,1077,0.1493,1687.6,0.18885222227797271,-0.00773518564977449,0.1493,25.82,78.5,,,,,,
2026-07-30T23:10:54.061980+00:00,S050,mounted,true,rotor_drag,mild,900,rotor_drag-mild_horizontal_no_load_0900rpm,2697747,933,258,2315,3007,5,3,1584601,9,150,74,2,7,1712,1494,1201,85,231,1620,16383,1714,1706,1696170,800,1972,2145,543270,11954,8,382543,1496,112688,390,2697648689,2697747776,0,2697747850,2697748365,3596296722,17862268,-57,43,1065,0.1455,1687.6,0.18505000752886058,-0.10326356650493596,0.1455,25.91,78.6,,,,,,
2026-07-30T23:10:54.156436+00:00,S050,mounted,true,rotor_drag,mild,900,rotor_drag-mild_horizontal_no_load_0900rpm,2697847,911,253,2395,3089,4,3,1584638,9,150,73,7,9,1712,1494,1192,79,210,1627,16383,1715,1707,1697279,800,2045,2157,543266,11952,8,382539,1496,112689,390,2697748793,2697847936,0,2697848010,2697848525,3600987533,17856296,-67,35,1066,0.1455,1687.6,0.20565016867469854,0.01896506024096345,0.1455,25.7,78.3,,,,,,
2026-07-30T23:10:54.249835+00:00,S050,mounted,true,rotor_drag,mild,900,rotor_drag-mild_horizontal_no_load_0900rpm,2697947,911,255,2391,3091,4,3,1584674,9,150,74,10,9,1712,1494,1222,79,210,1623,16383,1715,1708,1697887,800,2098,2145,543303,11954,8,382539,1496,112690,390,2697848953,2697948010,0,2697948084,2697948599,3603558757,17862270,-65,60,1065,0.1455,1687.6,0.18505000752886058,0.10672204232892746,0.1455,25.82,78.5,,,,,,
2026-07-30T23:10:54.343355+00:00,S050,mounted,true,rotor_drag,mild,900,rotor_drag-mild_horizontal_no_load_0900rpm,2698047,896,252,2426,3129,4,3,1584710,9,150,73,4,5,1712,1495,1217,85,251,1629,16383,1718,1710,1697951,800,2091,2149,543377,11956,8,382542,1496,112691,390,2697949027,2698048097,0,2698048171,2698048686,3603830865,17868246,-52,36,1058,0.1455,1687.6,0.19111711709601842,0.09447324422883874,0.1455,25.64,78.1,,,,,,
2026-07-30T23:10:54.437514+00:00,S050,mounted,true,rotor_drag,mild,900,rotor_drag-mild_horizontal_no_load_0900rpm,2698148,902,258,2402,3118,4,3,1584746,9,150,73,5,3,1712,1495,1232,79,214,1627,16383,1717,1708,1714490,808,2009,2295,543368,11957,8,382547,1496,112692,390,2698049113,2698148749,0,2698148759,2698149273,3638076230,17871233,-69,44,1030,0.1455,1687.6,0.4340732520699171,-0.04244116191352365,0.1455,25.7,78.3,,,,,,
2026-07-30T23:10:54.529903+00:00,S050,mounted,true,rotor_drag,mild,900,rotor_drag-mild_horizontal_no_load_0900rpm,2698248,909,264,2418,3146,6,3,1584783,9,150,76,29,9,1712,1495,1229,79,214,1617,16383,1713,1705,1696044,800,2025,2366,543183,11956,8,382549,1496,112693,390,2698149701,2698248802,0,2698248811,2698249326,3595812882,17868244,-58,71,1047,0.1455,1687.6,0.5526985035128802,-0.015500817999331229,0.1455,26.01,78.8,,,,,,
2026-07-30T23:10:54.623886+00:00,S050,mounted,true,rotor_drag,mild,900,rotor_drag-mild_horizontal_no_load_0900rpm,2698348,935,269,2316,3037,2,3,1584820,9,150,74,18,5,1710,1494,1248,73,189,1618,16383,1712,1701,1691572,800,2090,2135,542611,11955,8,382549,1496,112694,390,2698249756,2698348820,0,2698348830,2698349344,3576805828,17865257,-58,65,1039,0.1379,1687.6,0.1680868594730236,0.0930982722710163,0.1379,25.97,78.8,,,,,,
2026-07-30T23:10:54.765070+00:00,S050,mounted,true,rotor_drag,mild,900,rotor_drag-mild_horizontal_no_load_0900rpm,2698448,921,260,2372,3078,3,3,1584857,9,150,75,16,3,1709,1494,1216,73,189,1619,16383,1710,1701,1690632,800,1935,2139,542177,11955,8,382549,1496,112695,390,2698349773,2698448886,0,2698448896,2698449411,3572870984,17865257,-90,100,1036,0.1341,1687.6,0.17475251166875783,-0.16519575031367673,0.1341,25.94,78.7,,,,,,
2026-07-30T23:10:54.858927+00:00,S050,mounted,true,rotor_drag,mild,900,rotor_drag-mild_horizontal_no_load_0900rpm,2698548,928,252,2376,3057,5,3,1584895,9,150,73,12,11,1707,1494,1242,82,220,1623,16383,1709,1701,1690236,800,2073,2135,541816,11954,8,382548,1496,112696,390,2698449844,2698548907,0,2698548917,2698549432,3571157678,17862268,-75,96,1042,0.1265,1687.6,0.16838448301823616,0.06505823105236708,0.1265,25.82,78.5,,,,,,
2026-07-30T23:10:54.951924+00:00,S050,mounted,true,rotor_drag,mild,900,rotor_drag-mild_horizontal_no_load_0900rpm,2698648,898,327,2372,3284,4,3,1584932,9,150,84,53,13,1708,1495,1233,83,225,1615,16383,1719,1701,1695017,800,2083,2143,542073,11957,8,382552,1496,112697,390,2698549862,2698648948,0,2698648957,2698649472,3591408701,17871233,-61,78,1051,0.1303,1687.6,0.18082083624655,0.08085277736890495,0.1303,26.07,78.9,,,,,,
2026-07-30T23:10:55.044799+00:00,S050,mounted,true,rotor_drag,mild,900,rotor_drag-mild_horizontal_no_load_0900rpm,2698748,937,388,2185,3221,6,3,1584969,9,150,93,69,9,1710,1495,1221,83,225,1618,16383,1718,1705,1698486,800,2043,2309,542583,11957,8,382556,1496,112698,390,2698649902,2698748998,0,2698749008,2698749523,3606151116,17871235,-77,80,1044,0.1379,1687.6,0.45739913247470065,0.014207404783808109,0.1379,25.97,78.8,,,,,,
2026-07-30T23:10:55.138677+00:00,S050,mounted,true,rotor_drag,mild,900,rotor_drag-mild_horizontal_no_load_0900rpm,2698849,911,283,2426,3202,2,3,1585006,9,150,77,32,10,1711,1495,1223,78,204,1619,16383,1722,1705,1714986,808,2083,2352,542823,11956,8,382558,1496,112699,390,2698749951,2698849807,0,2698849881,2698850396,3640213884,17868244,-80,33,1038,0.1417,1687.6,0.5293706721311473,0.08114305486784845,0.1417,25.94,78.7,,,,,,
2026-07-30T23:10:55.236529+00:00,S050,mounted,true,rotor_drag,mild,900,rotor_drag-mild_horizontal_no_load_0900rpm,2698949,914,250,2421,3106,2,3,1585042,9,150,74,19,7,1711,1494,1222,76,209,1621,16383,1715,1705,1696452,800,2089,2147,542911,11954,8,382557,1496,112700,390,2698850826,2698949863,0,2698949937,2698950452,3597471390,17862270,-63,36,1052,0.1417,1687.6,0.18838311243098538,0.09172307026936588,0.1417,25.88,78.6,,,,,,
2026-07-30T23:10:55.327028+00:00,S050,mounted,true,rotor_drag,mild,900,rotor_drag-mild_horizontal_no_load_0900rpm,2699049,908,250,2406,3095,3,3,1585079,9,150,73,8,6,1710,1494,1227,76,209,1625,16383,1714,1703,1694802,800,2023,2141,542763,11955,8,382557,1496,112701,390,2698950881,2699049941,0,2699050015,2699050530,3590489108,17865257,-70,85,1038,0.1379,1687.6,0.17808533776662427,-0.018551402007528583,0.1379,25.76,78.4,,,,,,
2026-07-30T23:10:55.468085+00:00,S050,mounted,true,rotor_drag,mild,900,rotor_drag-mild_horizontal_no_load_0900rpm,2699149,924,251,2315,2994,1,3,1585116,9,150,77,35,6,1709,1495,1222,79,209,1618,16383,1711,1699,1690988,800,1963,2316,542267,11956,8,382559,1496,112702,390,2699050958,2699150022,0,2699150096,2699150611,3574402296,17868246,-77,123,1027,0.1341,1687.6,0.4693848200066908,-0.11880978554700627,0.1341,25.97,78.8,,,,,,
2026-07-30T23:10:55.561010+00:00,S050,mounted,true,rotor_drag,mild,900,rotor_drag-mild_horizontal_no_load_0900rpm,2699249,909,247,2392,3073,1,3,1585152,9,150,72,9,6,1708,1494,1224,79,209,1620,16383,1722,1701,1691061,800,2063,2335,541912,11955,8,382559,1496,112703,390,2699151041,2699250098,0,2699250172,2699250687,3574796255,17865257,-67,74,1037,0.1303,1687.6,0.5013694692597239,0.04810511994981148,0.1303,25.91,78.6,,,,,,
2026-07-30T23:10:55.653573+00:00,S050,mounted,true,rotor_drag,mild,900,rotor_drag-mild_horizontal_no_load_0900rpm,2699350,912,267,2333,3065,5,3,1585189,9,150,74,11,4,1708,1494,1254,100,367,1614,16383,1710,1702,1709118,808,2088,2194,541855,11952,8,382554,1496,112704,390,2699251115,2699350789,0,2699350799,2699351314,3615244556,17856294,-30,33,1053,0.1303,1687.6,0.2673229277108433,0.09063880722891549,0.1303,26.1,79.0,,,,,,
2026-07-30T23:10:55.748943+00:00,S050,mounted,true,rotor_drag,mild,900,rotor_drag-mild_horizontal_no_load_0900rpm,2699450,909,260,2381,3096,5,3,1585225,9,150,73,1,4,1708,1494,1218,100,350,1626,16383,1714,1705,1694842,800,2085,2341,542043,11954,8,382553,1496,112705,390,2699351744,2699450813,0,2699450823,2699451338,3590695244,17862268,-57,32,1040,0.1303,1687.6,0.5116942879370923,0.08505686046511629,0.1303,25.73,78.3,,,,,,
2026-07-30T23:10:55.842040+00:00,S050,mounted,true,rotor_drag,mild,900,rotor_drag-mild_horizontal_no_load_0900rpm,2699550,916,257,2357,3058,4,3,1585262,9,150,72,7,4,1708,1494,1267,100,350,1625,16383,1711,1702,1692916,800,2082,2143,541976,11954,8,382552,1496,112706,390,2699451770,2699550934,0,2699550943,2699551458,3582489500,17862270,-49,82,1070,0.1303,1687.6,0.1817169026267358,0.08005720311192865,0.1303,25.76,78.4,,,,,,
2026-07-30T23:10:55.936666+00:00,S050,mounted,true,rotor_drag,mild,900,rotor_drag-mild_horizontal_no_load_0900rpm,2699650,928,263,2295,3004,6,3,1585299,9,150,73,14,3,1708,1495,1229,124,459,1622,16383,1710,1703,1692326,800,2083,2135,541923,11956,8,382554,1496,112707,390,2699551887,2699650963,0,2699650973,2699651488,3579992990,17868244,-32,70,1087,0.1303,1687.6,0.16778928571428553,0.08114305486784845,0.1303,25.85,78.5,,,,,,
2026-07-30T23:10:56.075589+00:00,S050,mounted,true,rotor_drag,mild,900,rotor_drag-mild_horizontal_no_load_0900rpm,2699750,922,263,2322,3037,2,3,1585336,9,150,73,6,3,1708,1494,1228,145,551,1621,16383,1712,1703,1693425,800,2090,2139,542000,11955,8,382554,1496,112708,390,2699651918,2699751014,0,2699751023,2699751538,3584643541,17865255,-44,93,1079,0.1303,1687.6,0.17475251166875783,0.0930982722710163,0.1303,25.88,78.6,,,,,,
2026-07-30T23:10:56.168117+00:00,S050,mounted,true,rotor_drag,mild,900,rotor_drag-mild_horizontal_no_load_0900rpm,2699850,927,258,2323,3021,3,3,1585373,9,150,73,1,3,1708,1495,1234,145,551,1621,16383,1710,1700,1692851,800,1961,2150,541952,11956,8,382556,1496,112709,390,2699751967,2699851048,0,2699851058,2699851573,3582247581,17868244,-35,53,1056,0.1303,1687.6,0.19278339076614248,-0.12214233288725396,0.1303,25.88,78.6,,,,,,
2026-07-30T23:10:56.260817+00:00,S050,mounted,true,rotor_drag,mild,900,rotor_drag-mild_horizontal_no_load_0900rpm,2699950,929,258,2322,3018,1,3,1585410,9,150,73,5,4,1708,1494,1235,128,450,1620,16383,1712,1703,1692808,800,2086,2147,541940,11954,8,382555,1496,112710,390,2699852001,2699951094,0,2699951104,2699951619,3582035772,17862268,-38,37,1036,0.1303,1687.6,0.18838311243098538,0.08672341291617824,0.1303,25.91,78.6,,,,,,
2026-07-30T23:10:56.356629+00:00,S050,mounted,true,rotor_drag,mild,900,rotor_drag-mild_horizontal_no_load_0900rpm,2700051,923,249,2344,3020,5,3,1585447,9,150,72,8,6,1708,1495,1224,128,450,1617,16383,1713,1704,1710671,808,2091,2153,541997,11957,8,382559,1496,112711,390,2699952051,2700051676,0,2700051750,2700052264,3621811395,17871235,-33,28,1034,0.1303,1687.6,0.19748217939282364,0.09418185188592432,0.1303,26.01,78.8,,,,,,
2026-07-30T23:10:56.448684+00:00,S050,mounted,true,rotor_drag,mild,900,rotor_drag-mild_horizontal_no_load_0900rpm,2700151,937,256,2299,2984,6,3,1585485,9,150,73,7,8,1708,1495,1248,120,406,1619,16383,1713,1704,1694676,800,2075,2298,542098,11957,8,382563,1496,112712,390,2700052693,2700151798,0,2700151871,2700152387,3590005360,17871235,-36,21,1051,0.1303,1687.6,0.43907165501379897,0.06752370285188558,0.1303,25.94,78.7,,,,,,
2026-07-30T23:10:56.543830+00:00,S050,mounted,true,rotor_drag,mild,900,rotor_drag-mild_horizontal_no_load_0900rpm,2700251,939,252,2314,2985,3,3,1585523,9,150,72,6,6,1709,1494,1237,114,374,1619,16383,1715,1705,1694712,800,2090,2299,542228,11953,8,382559,1496,112713,390,2700152815,2700251869,0,2700251948,2700252463,3590127532,17859279,-26,62,1058,0.1341,1687.6,0.44201962411110163,0.09368102191918348,0.1341,25.94,78.7,,,,,,
2026-07-30T23:10:56.637395+00:00,S050,mounted,true,rotor_drag,mild,900,rotor_drag-mild_horizontal_no_load_0900rpm,2700351,933,253,2309,2988,3,3,1585559,9,150,73,7,4,1709,1494,1236,114,374,1620,16383,1714,1704,1694976,800,2093,2287,542258,11954,8,382558,1496,112714,390,2700252892,2700351957,0,2700352031,2700352545,3591276310,17862268,-42,23,1041,0.1341,1687.6,0.42170045557972236,0.09838928007361547,0.1341,25.91,78.6,,,,,,
2026-07-30T23:10:56.777014+00:00,S050,mounted,true,rotor_drag,mild,900,rotor_drag-mild_horizontal_no_load_0900rpm,2700451,900,258,2395,3112,3,3,1585595,9,150,72,1,6,1709,1494,1234,163,544,1621,16383,1712,1703,1693972,800,2095,2139,542216,11954,8,382557,1496,112715,390,2700352974,2700452038,0,2700452112,2700452627,3586958314,17862270,-34,24,1068,0.1341,1687.6,0.17505069282248575,0.10172238497574027,0.1341,25.88,78.6,,,,,,
2026-07-30T23:10:56.870960+00:00,S050,mounted,true,rotor_drag,mild,900,rotor_drag-mild_horizontal_no_load_0900rpm,2700551,899,253,2413,3119,3,3,1585631,9,150,72,4,7,1709,1495,1253,152,523,1625,16383,1712,1701,1693715,800,2076,2137,542201,11956,8,382559,1496,112716,390,2700453056,2700552099,0,2700552173,2700552688,3585874237,17868244,-25,33,1052,0.1341,1687.6,0.1711218330545332,0.06947913917698179,0.1341,25.76,78.4,,,,,,
2026-07-30T23:10:56.964927+00:00,S050,mounted,true,rotor_drag,mild,900,rotor_drag-mild_horizontal_no_load_0900rpm,2700652,908,260,2370,3086,1,3,1585668,9,150,73,4,6,1709,1495,1204,152,523,1620,16383,1713,1702,1711637,808,2003,2142,542278,11957,8,382563,1496,112717,390,2700553120,2700652951,0,2700652960,2700653475,3625915483,17871233,-50,122,1069,0.1341,1687.6,0.17915470193192284,-0.052437967801287844,0.1341,25.91,78.6,,,,,,
2026-07-30T23:10:57.058002+00:00,S050,mounted,true,rotor_drag,mild,900,rotor_drag-mild_horizontal_no_load_0900rpm,2700752,911,258,2375,3083,1,3,1585704,9,150,72,2,4,1709,1494,1237,188,692,1620,16383,1714,1705,1695376,800,2094,2139,542424,11955,8,382563,1496,112718,390,2700653906,2700752971,0,2700752981,2700753498,3592909672,17865257,-54,71,1060,0.1341,1687.6,0.17475251166875783,0.09976392446675009,0.1341,25.91,78.6,,,,,,
2026-07-30T23:10:57.151181+00:00,S050,mounted,true,rotor_drag,mild,900,rotor_drag-mild_horizontal_no_load_0900rpm,2700852,916,264,2364,3085,5,3,1585741,9,150,72,13,3,1710,1494,1229,188,692,1618,16383,1713,1705,1695147,800,1868,2141,542505,11952,8,382557,1496,112719,390,2700753926,2700853037,0,2700853046,2700853561,3592018583,17856294,-41,29,1054,0.1379,1687.6,0.17898086746987962,-0.2760640843373494,0.1379,25.97,78.8,,,,,,
2026-07-30T23:10:57.244348+00:00,S050,mounted,true,rotor_drag,mild,900,rotor_drag-mild_horizontal_no_load_0900rpm,2700952,942,262,2282,2977,6,3,1585779,9,150,72,3,4,1710,1494,1230,173,639,1617,16383,1715,1705,1695668,800,2058,2345,542544,11952,8,382552,1496,112720,390,2700853995,2700953048,0,2700953063,2700953578,3594242010,17856296,-61,7,1057,0.1379,1687.6,0.5190144578313252,0.04063386746987918,0.1379,26.01,78.8,,,,,,
2026-07-30T23:10:57.336907+00:00,S050,mounted,true,rotor_drag,mild,900,rotor_drag-mild_horizontal_no_load_0900rpm,2701052,937,269,2300,3019,2,3,1585816,9,150,74,10,9,1710,1494,1232,171,629,1618,16383,1715,1706,1695839,800,1983,2341,542639,11954,8,382551,1496,112721,390,2700954005,2701053110,0,2701053120,2701053635,3594959299,17862270,-69,68,1054,0.1379,1687.6,0.5116942879370923,-0.08493148954324958,0.1379,25.97,78.8,,,,,,
2026-07-30T23:10:57.477616+00:00,S050,mounted,true,rotor_drag,mild,900,rotor_drag-mild_horizontal_no_load_0900rpm,2701152,931,253,2307,2986,3,3,1585853,9,150,73,5,4,1710,1494,1227,171,629,1625,16383,1714,1705,1695068,800,2006,2147,542624,11955,8,382551,1496,112722,390,2701054068,2701153139,0,2701153149,2701153664,3591625072,17865257,-56,56,1041,0.1379,1687.6,0.18808381606022584,-0.04688042383939761,0.1379,25.76,78.4,,,,,,
2026-07-30T23:10:57.572808+00:00,S050,mounted,true,rotor_drag,mild,900,rotor_drag-mild_horizontal_no_load_0900rpm,2701253,912,250,2389,3076,1,3,1585890,9,150,72,2,6,1710,1495,1225,154,522,1622,16383,1714,1706,1712160,808,1879,2137,542661,11956,8,382553,1496,112723,390,2701154092,2701253793,0,2701253867,2701254382,3628173486,17868246,-51,52,1035,0.1379,1687.6,0.1711218330545332,-0.25877677383740405,0.1379,25.85,78.5,,,,,,
2026-07-30T23:10:57.668040+00:00,S050,mounted,true,rotor_drag,mild,900,rotor_drag-mild_horizontal_no_load_0900rpm,2701353,913,253,2368,3063,1,3,1585926,9,150,72,2,5,1710,1495,1225,154,586,1620,16383,1713,1705,1694896,800,1863,2147,542679,11956,8,382555,1496,112724,390,2701254811,2701353918,0,2701353992,2701354506,3590945612,17868244,-21,96,1048,0.1379,1687.6,0.18778456975577118,-0.2854371525593846,0.1379,25.91,78.6,,,,,,
2026-07-30T23:10:57.760796+00:00,S050,mounted,true,rotor_drag,mild,900,rotor_drag-mild_horizontal_no_load_0900rpm,2701453,896,255,2419,3132,1,3,1585962,9,150,73,6,9,1710,1495,1217,154,586,1614,16383,1714,1704,1694670,800,2089,2151,542626,11956,8,382557,1496,112725,390,2701354935,2701453988,0,2701454062,2701454576,3589918892,17868246,-28,62,1072,0.1379,1687.6,0.1944496644362661,0.09114069688859106,0.1379,26.1,79.0,,,,,,
2026-07-30T23:10:57.854197+00:00,S050,mounted,true,rotor_drag,mild,900,rotor_drag-mild_horizontal_no_load_0900rpm,2701553,895,255,2418,3132,1,3,1585998,9,150,73,6,5,1710,1494,1204,154,615,1616,16383,1714,1705,1695423,800,2019,2143,542677,11954,8,382556,1496,112726,390,2701455005,2701554059,0,2701554133,2701554648,3593119077,17862270,-27,55,1059,0.1379,1687.6,0.1817169026267358,-0.02493560130500283,0.1379,26.04,78.9,,,,,,
2026-07-30T23:10:57.948334+00:00,S050,mounted,true,rotor_drag,mild,900,rotor_drag-mild_horizontal_no_load_0900rpm,2701653,909,261,2411,3131,5,3,1586035,9,150,74,22,6,1710,1494,1219,154,615,1613,16383,1714,1704,1695657,800,2075,2333,542682,11955,8,382556,1496,112727,390,2701555077,2701654131,0,2701654205,2701654720,3594190663,17865257,-71,46,1044,0.1379,1687.6,0.4980366431618566,0.06810207653701328,0.1379,26.13,79.0,,,,,,
2026-07-30T23:10:58.042934+00:00,S050,mounted,true,rotor_drag,mild,900,rotor_drag-mild_horizontal_no_load_0900rpm,2701754,941,266,2271,2978,6,3,1586073,9,150,73,10,4,1710,1494,1227,139,560,1617,16383,1715,1706,1711834,808,1935,2142,542685,11950,8,382547,1496,112728,390,2701655153,2701754949,0,2701754958,2701755473,3626790584,17850324,-85,92,1044,0.1379,1687.6,0.18124524736401648,-0.1638465832635987,0.1379,26.01,78.8,,,,,,
2026-07-30T23:10:58.184491+00:00,S050,mounted,true,rotor_drag,mild,900,rotor_drag-mild_horizontal_no_load_0900rpm,2701854,943,259,2285,2973,3,3,1586111,9,150,73,2,6,1710,1494,1238,150,650,1612,16383,1714,1706,1696063,800,2047,2137,542760,11954,8,382546,1496,112729,390,2701755903,2701855125,0,2701855139,2701855654,3595823881,17862268,-42,37,1053,0.1379,1687.6,0.17171758792036096,0.0217278673247443,0.1379,26.16,79.1,,,,,,
2026-07-30T23:10:58.279108+00:00,S050,mounted,true,rotor_drag,mild,900,rotor_drag-mild_horizontal_no_load_0900rpm,2701955,923,254,2382,3070,1,3,1586148,9,150,73,12,8,1710,1495,1206,150,650,1618,16383,1715,1702,1711978,808,2062,2143,542679,11957,8,382550,1496,112730,390,2701856083,2701955771,0,2701955845,2701956360,3627355316,17871233,-55,18,1052,0.1379,1687.6,0.18082083624655,0.04586395676172916,0.1379,25.97,78.8,,,,,,
2026-07-30T23:10:58.374015+00:00,S050,mounted,true,rotor_drag,mild,900,rotor_drag-mild_horizontal_no_load_0900rpm,2702055,942,252,2313,2982,5,3,1586185,9,150,76,26,1,1707,1495,1219,130,558,1617,16383,1707,1697,1687008,800,2064,2263,541794,11956,8,382552,1496,112731,390,2701956790,2702055857,0,2702055931,2702056446,3557552192,17868246,-45,29,1054,0.1265,1687.6,0.3810723154901301,0.04948385513549658,0.1265,26.01,78.8,,,,,,
2026-07-30T23:10:58.466882+00:00,S050,mounted,true,rotor_drag,mild,900,rotor_drag-mild_horizontal_no_load_0900rpm,2702155,915,252,2398,3088,5,3,1586221,9,150,73,12,4,1706,1495,1229,112,441,1611,16383,1704,1697,1687115,800,2077,2218,541214,11956,8,382554,1496,112732,390,2702056876,2702155915,0,2702155988,2702156504,3557995791,17868246,-46,27,1047,0.1227,1687.6,0.30609000033456013,0.07114541284710585,0.1227,26.19,79.1,,,,,,
2026-07-30T23:10:58.560746+00:00,S050,mounted,true,rotor_drag,mild,900,rotor_drag-mild_horizontal_no_load_0900rpm,2702255,913,255,2371,3069,4,3,1586258,9,150,72,2,3,1704,1495,1213,112,441,1622,16383,1705,1697,1686911,800,2073,2238,540816,11956,8,382556,1496,112733,390,2702156933,2702256017,0,2702256090,2702256605,3557152215,17868246,-61,32,1048,0.1151,1687.6,0.3394154737370356,0.06448031816661048,0.1151,25.85,78.5,,,,,,
2026-07-30T23:10:58.653246+00:00,S050,mounted,true,rotor_drag,mild,900,rotor_drag-mild_horizontal_no_load_0900rpm,2702355,914,255,2356,3055,6,3,1586295,9,150,73,5,3,1704,1495,1217,98,355,1619,16383,1705,1697,1686898,800,2083,2143,540567,11956,8,382558,1496,112734,390,2702257034,2702356090,0,2702356169,2702356684,3557065130,17868246,-57,36,1045,0.1151,1687.6,0.18111947507527582,0.08114305486784845,0.1151,25.94,78.7,,,,,,
2026-07-30T23:10:58.748631+00:00,S050,mounted,true,rotor_drag,mild,900,rotor_drag-mild_horizontal_no_load_0900rpm,2702456,912,256,2371,3073,6,3,1586331,9,150,73,2,4,1703,1495,1225,98,355,1619,16383,1705,1697,1703686,808,2077,2306,540339,11956,8,382560,1496,112735,390,2702357112,2702456765,0,2702456774,2702457291,3592333824,17868246,-63,36,1050,0.1113,1687.6,0.4527220833054528,0.07114541284710585,0.1113,25.94,78.7,,,,,,
2026-07-30T23:10:58.842188+00:00,S050,mounted,true,rotor_drag,mild,900,rotor_drag-mild_horizontal_no_load_0900rpm,2702556,910,260,2366,3080,2,3,1586368,9,150,73,8,4,1702,1495,1245,87,289,1619,16383,1705,1696,1686771,800,1891,2131,540235,11957,8,382564,1496,112736,390,2702457718,2702556856,0,2702556865,2702557380,3556580831,17871233,-85,67,1042,0.1075,1687.6,0.16082722447102116,-0.23904501103955855,0.1075,25.94,78.7,,,,,,
2026-07-30T23:10:58.985043+00:00,S050,mounted,true,rotor_drag,mild,900,rotor_drag-mild_horizontal_no_load_0900rpm,2702656,915,258,2360,3065,2,3,1586404,9,150,73,1,3,1702,1494,1213,84,301,1616,16383,1704,1696,1687117,800,2017,2323,540136,11955,8,382564,1496,112737,390,2702557808,2702656883,0,2702656893,2702657407,3558065227,17865255,-77,48,1041,0.1075,1687.6,0.4813725126725217,-0.02854988030112926,0.1075,26.04,78.9,,,,,,
2026-07-30T23:10:59.075820+00:00,S050,mounted,true,rotor_drag,mild,900,rotor_drag-mild_horizontal_no_load_0900rpm,2702756,935,261,2314,3013,1,3,1586442,9,150,72,1,5,1702,1494,1222,84,301,1610,16383,1707,1698,1688381,800,2069,2133,540223,11953,8,382560,1496,112738,390,2702657835,2702756946,0,2702756955,2702757470,3563324907,17859281,-67,-1,1068,0.1075,1687.6,0.16534877260938652,0.058680492512339644,0.1075,26.22,79.2,,,,,,
2026-07-30T23:10:59.168522+00:00,S050,mounted,true,rotor_drag,mild,900,rotor_drag-mild_horizontal_no_load_0900rpm,2702856,939,271,2271,2994,5,3,1586479,9,150,73,13,7,1703,1494,1224,160,744,1613,16383,1709,1701,1689796,800,2076,2140,540432,11954,8,382558,1496,112739,390,2702757897,2702857002,0,2702857012,2702857527,3569297812,17862270,-46,-40,1069,0.1113,1687.6,0.17671724527354815,0.07005788840555427,0.1113,26.13,79.0,,,,,,
2026-07-30T23:10:59.264464+00:00,S050,mounted,true,rotor_drag,mild,900,rotor_drag-mild_horizontal_no_load_0900rpm,2702956,942,254,2328,3003,4,3,1586516,9,150,74,12,4,1704,1494,1243,154,672,1616,16383,1711,1700,1689625,800,2079,2141,540567,11955,8,382558,1496,112740,390,2702857957,2702957031,0,2702957041,2702957556,3568579195,17865255,-115,-14,1040,0.1151,1687.6,0.17808533776662427,0.07476772873274751,0.1151,26.04,78.9,,,,,,
2026-07-30T23:10:59.356702+00:00,S050,mounted,true,rotor_drag,mild,900,rotor_drag-mild_horizontal_no_load_0900rpm,2703056,886,304,2382,3241,4,3,1586552,9,150,76,22,4,1705,1494,1211,154,672,1617,16383,1712,1702,1693623,800,1870,2315,541081,11955,8,382558,1496,112741,390,2702957987,2703057049,0,2703057058,2703057573,3585678895,17865255,-115,13,1037,0.1189,1687.6,0.4680412082810541,-0.27351259849435383,0.1189,26.01,78.8,,,,,,
2026-07-30T23:10:59.450692+00:00,S050,mounted,true,rotor_drag,mild,900,rotor_drag-mild_horizontal_no_load_0900rpm,2703156,907,269,2376,3119,4,3,1586588,9,150,74,6,8,1705,1495,1250,154,688,1620,16383,1711,1699,1690743,800,2081,2137,541131,11956,8,382560,1496,112742,390,2703058008,2703157104,0,2703157114,2703157629,3573302347,17868248,-48,42,1049,0.1189,1687.6,0.1711218330545332,0.07781050752760077,0.1189,25.91,78.6,,,,,,
2026-07-30T23:10:59.543723+00:00,S050,mounted,true,rotor_drag,mild,900,rotor_drag-mild_horizontal_no_load_0900rpm,2703256,897,268,2409,3156,4,3,1586624,9,150,74,18,2,1706,1495,1256,154,688,1614,16383,1717,1700,1693140,800,1871,2341,541375,11959,8,382568,1496,112743,390,2703158056,2703257133,0,2703257142,2703257657,3583677144,17877211,-67,38,1045,0.1227,1687.6,0.5100631317835935,-0.2728890347855173,0.1227,26.1,79.0,,,,,,
2026-07-30T23:10:59.682928+00:00,S050,mounted,true,rotor_drag,mild,900,rotor_drag-mild_horizontal_no_load_0900rpm,2703357,921,275,2326,3074,6,3,1586661,9,150,74,5,2,1707,1494,1216,130,545,1609,16383,1715,1705,1712203,808,2099,2145,541780,11950,8,382558,1496,112744,390,2703258091,2703357769,0,2703357843,2703358358,3628302627,17850316,-60,36,1047,0.1265,1687.6,0.18624657824267743,0.10955950476987386,0.1265,26.25,79.2,,,,,,
2026-07-30T23:10:59.775946+00:00,S050,mounted,true,rotor_drag,mild,900,rotor_drag-mild_horizontal_no_load_0900rpm,2703457,926,262,2375,3082,2,3,1586698,9,150,75,23,3,1709,1494,1190,119,467,1614,16383,1717,1705,1696663,800,2084,2321,542188,11955,8,382558,1496,112745,390,2703358790,2703458016,0,2703458090,2703458605,3598412735,17865259,-53,55,1042,0.1341,1687.6,0.4780396865746548,0.08309979397741518,0.1341,26.1,79.0,,,,,,
2026-07-30T23:10:59.870316+00:00,S050,mounted,true,rotor_drag,mild,900,rotor_drag-mild_horizontal_no_load_0900rpm,2703557,963,263,2314,2998,5,3,1586737,9,150,75,22,3,1707,1494,1229,119,467,1614,16383,1712,1699,1689641,800,2081,2141,541727,11954,8,382557,1496,112746,390,2703459035,2703558105,0,2703558184,2703558699,3568656527,17862270,-59,51,1045,0.1265,1687.6,0.178383797724611,0.07839065066086626,0.1265,26.1,79.0,,,,,,
2026-07-30T23:10:59.965894+00:00,S050,mounted,true,rotor_drag,mild,900,rotor_drag-mild_horizontal_no_load_0900rpm,2703658,940,256,2308,2990,4,3,1586774,9,150,72,3,3,1705,1494,1237,106,384,1617,16383,1705,1697,1704208,808,2034,2295,541180,11953,8,382554,1496,112747,390,2703559129,2703658783,0,2703658793,2703659308,3594556588,17859281,-64,58,1054,0.1189,1687.6,0.43535285660503575,0.00034627683426746714,0.1189,26.01,78.8,,,,,,
2026-07-30T23:11:00.061317+00:00,S050,mounted,true,rotor_drag,mild,900,rotor_drag-mild_horizontal_no_load_0900rpm,2703758,939,257,2298,2982,2,3,1586812,9,150,72,2,3,1704,1494,1245,93,314,1627,16383,1705,1697,1687208,800,1907,2361,540820,11955,8,382554,1496,112748,390,2703659740,2703758846,0,2703758860,2703759375,3558484252,17865259,-64,53,1049,0.1151,1687.6,0.5446962085319944,-0.21185531568381455,0.1151,25.7,78.3,,,,,,
2026-07-30T23:11:00.155336+00:00,S050,mounted,true,rotor_drag,mild,900,rotor_drag-mild_horizontal_no_load_0900rpm,2703858,927,256,2316,3008,3,3,1586849,9,150,72,5,1,1703,1495,1242,93,314,1626,16383,1705,1697,1686685,800,1933,2257,540529,11958,8,382560,1496,112749,390,2703759803,2703858913,0,2703858922,2703859437,3556224279,17874222,-58,60,1043,0.1113,1687.6,0.37044567536377304,-0.16933669894631231,0.1113,25.73,78.3,,,,,,
2026-07-30T23:11:00.248925+00:00,S050,mounted,true,rotor_drag,mild,900,rotor_drag-mild_horizontal_no_load_0900rpm,2703958,926,255,2327,3016,3,3,1586885,9,150,72,6,1,1703,1494,1232,97,335,1623,16383,1708,1697,1688549,800,1975,2131,540538,11954,8,382558,1496,112750,390,2703859865,2703958921,0,2703958930,2703959445,3564052759,17862270,-71,55,1065,0.1113,1687.6,0.16171827321398657,-0.09826390915174832,0.1113,25.82,78.5,,,,,,
2026-07-30T23:11:00.389633+00:00,S050,mounted,true,rotor_drag,mild,900,rotor_drag-mild_horizontal_no_load_0900rpm,2704058,932,259,2345,3041,1,3,1586922,9,150,74,14,4,1703,1494,1232,97,335,1619,16383,1707,1697,1687985,800,2087,2241,540441,11953,8,382555,1496,112751,390,2703959876,2704058957,0,2704058966,2704059482,3561667777,17859279,-62,63,1057,0.1113,1687.6,0.3453514952731531,0.0886809462896343,0.1113,25.94,78.7,,,,,,
2026-07-30T23:11:00.484556+00:00,S050,mounted,true,rotor_drag,mild,900,rotor_drag-mild_horizontal_no_load_0900rpm,2704158,909,270,2429,3173,5,3,1586959,9,150,74,24,2,1703,1495,1254,93,316,1617,16383,1704,1698,1687149,800,2077,2244,540308,11957,8,382559,1496,112752,390,2704059910,2704158999,0,2704159009,2704159524,3558139985,17871235,-66,58,1053,0.1113,1687.6,0.34910040202391857,0.07085597148114076,0.1113,26.01,78.8,,,,,,
2026-07-30T23:11:00.579809+00:00,S050,mounted,true,rotor_drag,mild,900,rotor_drag-mild_horizontal_no_load_0900rpm,2704258,914,255,2364,3063,4,3,1586996,9,150,72,2,4,1702,1495,1225,85,264,1619,16383,1704,1695,1686652,800,2061,2131,540164,11958,8,382565,1496,112753,390,2704159952,2704259058,0,2704259072,2704259587,3556031102,17874222,-66,62,1045,0.1075,1687.6,0.16053030757651765,0.04391065880582001,0.1075,25.94,78.7,,,,,,
2026-07-30T23:11:00.673438+00:00,S050,mounted,true,rotor_drag,mild,900,rotor_drag-mild_horizontal_no_load_0900rpm,2704358,928,255,2324,3011,4,3,1587032,9,150,72,4,1,1703,1495,1233,85,264,1621,16383,1713,1699,1689766,800,2077,2147,540406,11956,8,382566,1496,112754,390,2704260015,2704359083,0,2704359093,2704359608,3569177710,17868246,-55,36,1061,0.1113,1687.6,0.18778456975577118,0.07114541284710585,0.1113,25.88,78.6,,,,,,
2026-07-30T23:11:00.765017+00:00,S050,mounted,true,rotor_drag,mild,900,rotor_drag-mild_horizontal_no_load_0900rpm,2704458,931,252,2374,3052,6,3,1587069,9,150,74,21,11,1704,1495,1232,136,595,1615,16383,1713,1700,1692637,800,1971,2142,540849,11957,8,382569,1496,112755,390,2704360035,2704459126,0,2704459135,2704459650,3581332763,17871233,-45,41,1055,0.1151,1687.6,0.17915470193192284,-0.10575426586936576,0.1151,26.07,78.9,,,,,,
2026-07-30T23:11:00.863160+00:00,S050,mounted,true,rotor_drag,mild,900,rotor_drag-mild_horizontal_no_load_0900rpm,2704559,942,305,2187,2997,2,3,1587106,9,150,86,66,8,1707,1494,1238,123,518,1616,16383,1726,1704,1715630,808,2053,2295,541759,11953,8,382565,1496,112756,390,2704460085,2704559931,0,2704560004,2704560519,3642902494,17859279,-44,64,1049,0.1265,1687.6,0.43535285660503575,0.032013422488077925,0.1265,26.04,78.9,,,,,,
2026-07-30T23:11:00.952433+00:00,S050,mounted,true,rotor_drag,mild,900,rotor_drag-mild_horizontal_no_load_0900rpm,2704659,910,278,2371,3135,3,3,1587143,9,150,73,20,6,1709,1494,1235,123,518,1618,16383,1719,1705,1696411,800,1928,2301,542166,11952,8,382559,1496,112757,390,2704560953,2704660010,0,2704660084,2704660599,3597421005,17856294,-67,51,1047,0.1341,1687.6,0.44567387951807236,-0.17605420481927725,0.1341,25.97,78.8,,,,,,
2026-07-30T23:11:01.090954+00:00,S050,mounted,true,rotor_drag,mild,900,rotor_drag-mild_horizontal_no_load_0900rpm,2704759,899,299,2400,3233,3,3,1587179,9,150,82,48,4,1712,1495,1225,114,424,1615,16383,1729,1707,1704857,800,2050,2158,543345,11956,8,382561,1496,112758,390,2704661029,2704760111,0,2704760184,2704760699,3633248177,17868244,-93,56,1027,0.1455,1687.6,0.20611358012713277,0.02615602375376369,0.1455,26.07,78.9,,,,,,
2026-07-30T23:11:01.183856+00:00,S050,mounted,true,rotor_drag,mild,900,rotor_drag-mild_horizontal_no_load_0900rpm,2704860,957,274,2249,2967,5,3,1587217,9,150,76,18,3,1717,1495,1245,114,424,1614,16383,1746,1717,1729438,808,2063,2179,544932,11956,8,382562,1496,112759,390,2704761129,2704860785,0,2704860800,2704861315,3701768748,17868244,-56,46,1046,0.1645,1687.6,0.24110532719973232,0.047817581465372516,0.1645,26.1,79.0,,,,,,
2026-07-30T23:11:01.277065+00:00,S050,mounted,true,rotor_drag,mild,900,rotor_drag-mild_horizontal_no_load_0900rpm,2704960,960,320,2179,3014,6,3,1587255,9,150,79,13,8,1719,1495,1226,108,364,1622,16383,1743,1716,1709529,800,2089,2177,545604,11957,8,382565,1496,112760,390,2704861745,2704960823,0,2704960832,2704961347,3653185305,17871235,-66,47,1040,0.1721,1687.6,0.23746940294388175,0.09084958325666959,0.1721,25.85,78.5,,,,,,
2026-07-30T23:11:01.372395+00:00,S050,mounted,true,rotor_drag,mild,900,rotor_drag-mild_horizontal_no_load_0900rpm,2705060,968,329,2184,3034,1,3,1587294,9,150,79,2,5,1718,1495,1253,99,307,1617,16383,1723,1711,1700872,800,2027,2153,545232,11956,8,382566,1496,112761,390,2704961776,2705060884,0,2705060894,2705061409,3616259824,17868246,-72,46,1043,0.1683,1687.6,0.19778221177651378,-0.012168270659083547,0.1683,26.01,78.8,,,,,,
2026-07-30T23:11:01.466543+00:00,S050,mounted,true,rotor_drag,mild,900,rotor_drag-mild_horizontal_no_load_0900rpm,2705160,958,300,2185,2970,4,3,1587332,9,150,79,26,7,1717,1495,1204,99,307,1625,16383,1719,1707,1698047,800,1975,2183,544723,11956,8,382567,1496,112762,390,2705061836,2705160907,0,2705160916,2705161431,3604274253,17868244,-84,60,1030,0.1645,1687.6,0.24777042188022724,-0.09881450150552062,0.1645,25.76,78.4,,,,,,
2026-07-30T23:11:01.559833+00:00,S050,mounted,true,rotor_drag,mild,900,rotor_drag-mild_horizontal_no_load_0900rpm,2705260,960,254,2232,2894,3,3,1587371,9,150,73,15,2,1717,1495,1223,97,290,1618,16383,1722,1711,1702630,800,2051,2151,544770,11958,8,382572,1496,112763,390,2705161860,2705260947,0,2705260961,2705261476,3623730572,17874222,-106,51,1050,0.1645,1687.6,0.19385020722528834,0.02725070898143489,0.1645,25.97,78.8,,,,,,
2026-07-30T23:11:01.698925+00:00,S050,mounted,true,rotor_drag,mild,900,rotor_drag-mild_horizontal_no_load_0900rpm,2705360,923,254,2320,3008,3,3,1587407,9,150,74,13,5,1717,1495,1217,89,246,1618,16383,1724,1710,1704401,800,2037,2282,545025,11956,8,382573,1496,112764,390,2705261906,2705360980,0,2705360990,2705361505,3631302981,17868246,-86,29,1038,0.1645,1687.6,0.41273151522248197,0.004494466042154421,0.1645,25.97,78.8,,,,,,
2026-07-30T23:11:01.793857+00:00,S050,mounted,true,rotor_drag,mild,900,rotor_drag-mild_horizontal_no_load_0900rpm,2705460,925,257,2318,3014,5,3,1587445,9,150,74,7,2,1718,1494,1235,89,246,1619,16383,1726,1713,1704447,800,1939,2311,545200,11952,8,382567,1496,112765,390,2705361934,2705461033,0,2705461048,2705461563,3631538281,17856290,-69,18,1045,0.1683,1687.6,0.462342192771084,-0.15771906024096438,0.1683,25.94,78.7,,,,,,
2026-07-30T23:11:01.885213+00:00,S050,mounted,true,rotor_drag,mild,900,rotor_drag-mild_horizontal_no_load_0900rpm,2705560,922,247,2310,2981,5,3,1587481,9,150,76,34,2,1720,1494,1240,80,208,1618,16383,1743,1713,1709846,800,2099,2175,545930,11951,8,382559,1496,112766,390,2705461990,2705561097,0,2705561106,2705561621,3654566572,17853305,-80,20,1042,0.1758,1687.6,0.23595648439461137,0.10926670379047732,0.1758,25.97,78.8,,,,,,
2026-07-30T23:11:01.979456+00:00,S050,mounted,true,rotor_drag,mild,900,rotor_drag-mild_horizontal_no_load_0900rpm,2705661,933,408,2224,3318,6,3,1587519,9,150,90,32,5,1724,1495,1211,80,208,1612,16383,1748,1719,1734424,808,2097,2367,547071,11958,8,382565,1496,112767,390,2705562050,2705661764,0,2705661843,2705662358,3723194688,17874224,-62,6,1053,0.191,1687.6,0.5537051234320121,0.10388647817360708,0.191,26.16,79.1,,,,,,
2026-07-30T23:11:02.073876+00:00,S050,mounted,true,rotor_drag,mild,900,rotor_drag-mild_horizontal_no_load_0900rpm,2705761,951,336,2249,3134,2,3,1587556,9,150,85,42,9,1723,1495,1198,78,190,1622,16383,1734,1713,1706235,800,2045,2169,546750,11957,8,382568,1496,112768,390,2705662786,2705761848,0,2705761922,2705762437,3639131363,17871233,-64,27,1055,0.1872,1687.6,0.22414032842686282,0.01753967341306284,0.1872,25.85,78.5,,,,,,
2026-07-30T23:11:02.166756+00:00,S050,mounted,true,rotor_drag,mild,900,rotor_drag-mild_horizontal_no_load_0900rpm,2705861,888,262,2418,3156,2,3,1587592,9,150,73,9,5,1722,1495,1204,82,225,1618,16383,1726,1712,1704199,800,2098,2159,546340,11957,8,382571,1496,112769,390,2705762866,2705861925,0,2705861999,2705862514,3630412319,17871235,-66,26,1057,0.1834,1687.6,0.20747898528058828,0.1058447920883161,0.1834,25.97,78.8,,,,,,
2026-07-30T23:11:02.260950+00:00,S050,mounted,true,rotor_drag,mild,900,rotor_drag-mild_horizontal_no_load_0900rpm,2705961,888,256,2470,3192,6,3,1587627,9,150,74,19,6,1720,1495,1203,82,225,1618,16383,1722,1713,1702740,800,2091,2319,545861,11956,8,382572,1496,112770,390,2705862942,2705961992,0,2705962070,2705962585,3624280576,17868244,-65,18,1059,0.1758,1687.6,0.4743836410170621,0.09447324422883874,0.1758,25.97,78.8,,,,,,
2026-07-30T23:11:02.400535+00:00,S050,mounted,true,rotor_drag,mild,900,rotor_drag-mild_horizontal_no_load_0900rpm,2706061,887,255,2464,3184,6,3,1587663,9,150,72,15,8,1719,1494,1225,76,198,1622,16383,1721,1711,1700172,800,2089,2159,545342,11954,8,382570,1496,112771,390,2705963014,2706062087,0,2706062161,2706062676,3613267376,17862270,-69,26,1069,0.1721,1687.6,0.20838174184373415,0.09172307026936588,0.1721,25.85,78.5,,,,,,
2026-07-30T23:11:02.493739+00:00,S050,mounted,true,rotor_drag,mild,900,rotor_drag-mild_horizontal_no_load_0900rpm,2706162,898,268,2392,3140,6,3,1587699,9,150,72,4,8,1717,1495,1221,73,178,1616,16383,1721,1709,1716880,808,1894,2151,544952,11959,8,382577,1496,112772,390,2706063105,2706162768,0,2706162777,2706163292,3648206688,17877211,-62,31,1056,0.1645,1687.6,0.19355055380884645,-0.23457435429383766,0.1645,26.04,78.9,,,,,,
2026-07-30T23:11:02.590357+00:00,S050,mounted,true,rotor_drag,mild,900,rotor_drag-mild_horizontal_no_load_0900rpm,2706262,898,261,2405,3132,6,3,1587735,9,150,74,6,3,1716,1495,1237,73,178,1627,16383,1717,1710,1698797,800,1977,2241,544592,11958,8,382581,1496,112773,390,2706163720,2706262956,0,2706262965,2706263480,3607458593,17874222,-72,45,1050,0.1607,1687.6,0.3437897556447562,-0.09603291971901662,0.1607,25.7,78.3,,,,,,
2026-07-30T23:11:02.684116+00:00,S050,mounted,true,rotor_drag,mild,900,rotor_drag-mild_horizontal_no_load_0900rpm,2706362,898,265,2369,3107,6,3,1587771,9,150,72,13,3,1716,1494,1227,77,195,1627,16383,1718,1707,1699780,800,1959,2265,544440,11954,8,382578,1496,112774,390,2706263908,2706363013,0,2706363023,2706363538,3611667252,17862266,-87,40,1050,0.1607,1687.6,0.38503630165634917,-0.12492874836874712,0.1607,25.7,78.3,,,,,,
2026-07-30T23:11:02.776884+00:00,S050,mounted,true,rotor_drag,mild,900,rotor_drag-mild_horizontal_no_load_0900rpm,2706462,920,262,2324,3036,2,3,1587808,9,150,74,8,3,1715,1495,1229,77,195,1622,16383,1718,1707,1698307,800,2065,2261,544177,11957,8,382580,1496,112775,390,2706363966,2706463047,0,2706463057,2706463572,3605373997,17871235,-82,19,1051,0.1569,1687.6,0.3774246853725849,0.05086235970561148,0.1569,25.85,78.5,,,,,,
2026-07-30T23:11:02.869321+00:00,S050,mounted,true,rotor_drag,mild,900,rotor_drag-mild_horizontal_no_load_0900rpm,2706562,912,253,2402,3096,3,3,1587845,9,150,72,9,5,1714,1495,1245,72,176,1625,16383,1716,1706,1697198,800,1985,2147,543894,11956,8,382580,1496,112776,390,2706463999,2706563099,0,2706563108,2706563623,3600672020,17868244,-83,24,1043,0.1531,1687.6,0.18778456975577118,-0.08215176480428266,0.1531,25.76,78.4,,,,,,
2026-07-30T23:11:02.962856+00:00,S050,mounted,true,rotor_drag,mild,900,rotor_drag-mild_horizontal_no_load_0900rpm,2706662,927,252,2360,3040,1,3,1587882,9,150,73,7,4,1713,1494,1245,73,170,1617,16383,1715,1707,1697396,800,1997,2294,543693,11955,8,382579,1496,112777,390,2706564051,2706663118,0,2706663133,2706663648,3601534914,17865255,-78,-11,1054,0.1493,1687.6,0.43304653425344997,-0.061878141279799515,0.1493,26.01,78.8,,,,,,
2026-07-30T23:11:03.102570+00:00,S050,mounted,true,rotor_drag,mild,900,rotor_drag-mild_horizontal_no_load_0900rpm,2706763,924,262,2373,3081,5,3,1587919,9,150,73,15,4,1713,1494,1227,73,170,1612,16383,1717,1707,1715250,808,2093,2321,543677,11952,8,382572,1496,112778,390,2706664076,2706763756,0,2706763830,2706764345,3641268934,17856292,-68,10,1075,0.1493,1687.6,0.4790105060240961,0.09897296385542154,0.1493,26.16,79.1,,,,,,
2026-07-30T23:11:03.196817+00:00,S050,mounted,true,rotor_drag,mild,900,rotor_drag-mild_horizontal_no_load_0900rpm,2706863,920,285,2343,3117,4,3,1587956,9,150,75,18,3,1713,1494,1206,75,170,1622,16383,1719,1708,1698960,800,2081,2227,543710,11954,8,382570,1496,112779,390,2706764773,2706863829,0,2706863903,2706864418,3608131896,17862266,-28,44,1049,0.1493,1687.6,0.32170730851597806,0.07839065066086626,0.1493,25.85,78.5,,,,,,
2026-07-30T23:11:03.288859+00:00,S050,mounted,true,rotor_drag,mild,900,rotor_drag-mild_horizontal_no_load_0900rpm,2706963,924,260,2308,3012,4,3,1587992,9,150,76,17,5,1712,1494,1229,75,185,1619,16383,1713,1705,1695662,800,2084,2141,543409,11952,8,382564,1496,112780,390,2706864847,2706963912,0,2706963986,2706964501,3594119268,17856292,-19,43,1044,0.1455,1687.6,0.17898086746987962,0.08397148192771065,0.1455,25.94,78.7,,,,,,
2026-07-30T23:11:03.381190+00:00,S050,mounted,true,rotor_drag,mild,900,rotor_drag-mild_horizontal_no_load_0900rpm,2707064,907,254,2382,3084,6,3,1588029,9,150,74,9,2,1713,1495,1254,75,185,1623,16383,1718,1708,1715458,808,1875,2181,543540,11956,8,382565,1496,112781,390,2706964931,2707064758,0,2707064768,2707065283,3642180680,17868244,-54,29,1034,0.1493,1687.6,0.24443787453998,-0.26544186851789897,0.1493,25.82,78.5,,,,,,
2026-07-30T23:11:03.475002+00:00,S050,mounted,true,rotor_drag,mild,900,rotor_drag-mild_horizontal_no_load_0900rpm,2707164,917,269,2348,3082,6,3,1588065,9,150,72,6,5,1713,1494,1238,93,323,1622,16383,1718,1707,1699303,800,2081,2317,543655,11955,8,382565,1496,112782,390,2707065714,2707164802,0,2707164812,2707165327,3609611145,17865257,-98,15,1054,0.1493,1687.6,0.47137403437892056,0.07810055483061484,0.1493,25.85,78.5,,,,,,
2026-07-30T23:11:03.568060+00:00,S050,mounted,true,rotor_drag,mild,900,rotor_drag-mild_horizontal_no_load_0900rpm,2707264,902,254,2420,3125,6,3,1588101,9,150,75,20,1,1713,1494,1233,93,323,1621,16383,1716,1705,1698026,800,2021,2285,543614,11954,8,382563,1496,112783,390,2707165754,2707264987,0,2707264997,2707265513,3604192126,17862270,-91,18,1055,0.1493,1687.6,0.41836735067759756,-0.021602496402878035,0.1493,25.88,78.6,,,,,,
2026-07-30T23:11:03.662937+00:00,S050,mounted,true,rotor_drag,mild,900,rotor_drag-mild_horizontal_no_load_0900rpm,2707364,893,269,2410,3165,6,3,1588137,9,150,71,4,6,1713,1495,1251,95,335,1614,16383,1720,1698,1697418,800,1991,2323,543500,11956,8,382564,1496,112784,390,2707265942,2707365027,0,2707365037,2707365555,3601641554,17868246,-71,54,1033,0.1493,1687.6,0.48104873569755746,-0.07215412278354005,0.1493,26.1,79.0,,,,,,
2026-07-30T23:11:03.803764+00:00,S050,mounted,true,rotor_drag,mild,900,rotor_drag-mild_horizontal_no_load_0900rpm,2707465,897,285,2401,3196,6,3,1588173,9,150,80,17,8,1711,1494,1235,98,364,1619,16383,1717,1697,1709588,808,1948,2310,542976,11954,8,382562,1496,112785,390,2707365983,2707465797,0,2707465871,2707466387,3617356512,17862266,-69,21,1033,0.1417,1687.6,0.4600311619541575,-0.1432608253304335,0.1417,25.94,78.7,,,,,,
2026-07-30T23:11:03.897089+00:00,S050,mounted,true,rotor_drag,mild,900,rotor_drag-mild_horizontal_no_load_0900rpm,2707565,894,272,2424,3184,6,3,1588209,9,150,75,14,15,1710,1494,1242,98,364,1613,16383,1719,1702,1693938,800,2080,2229,542749,11955,8,382562,1496,112786,390,2707466815,2707565866,0,2707565940,2707566455,3586849792,17865257,-124,15,1048,0.1379,1687.6,0.3247296860727724,0.07643414178168095,0.1379,26.13,79.0,,,,,,
2026-07-30T23:11:03.989268+00:00,S050,mounted,true,rotor_drag,mild,900,rotor_drag-mild_horizontal_no_load_0900rpm,2707665,903,310,2422,3282,2,3,1588246,9,150,87,67,7,1712,1495,1208,141,637,1613,16383,1725,1706,1700976,800,2035,2362,543247,11957,8,382565,1496,112787,390,2707566890,2707666107,0,2707666181,2707666696,3616815238,17871235,-71,22,1051,0.1455,1687.6,0.5457042511499539,0.0008783302667891846,0.1455,26.13,79.0,,,,,,
2026-07-30T23:11:04.082380+00:00,S050,mounted,true,rotor_drag,mild,900,rotor_drag-mild_horizontal_no_load_0900rpm,2707766,909,299,2386,3209,3,3,1588283,9,150,79,36,7,1711,1495,1235,124,534,1613,16383,1717,1704,1712260,808,2045,2143,543099,11958,8,382570,1496,112788,390,2707667130,2707766786,0,2707766796,2707767311,3628566598,17874222,-58,22,1041,0.1417,1687.6,0.18052224736578015,0.01725473908680364,0.1417,26.13,79.0,,,,,,
2026-07-30T23:11:04.176728+00:00,S050,mounted,true,rotor_drag,mild,900,rotor_drag-mild_horizontal_no_load_0900rpm,2707866,935,296,2297,3090,3,3,1588319,9,150,77,35,7,1712,1494,1248,124,534,1609,16383,1732,1702,1698162,800,2054,2263,543278,11954,8,382568,1496,112789,390,2707767744,2707866837,0,2707866846,2707867361,3604818474,17862268,-79,41,1071,0.1455,1687.6,0.38170319675422437,0.033393734482181525,0.1455,26.25,79.2,,,,,,
2026-07-30T23:11:04.271158+00:00,S050,mounted,true,rotor_drag,mild,900,rotor_drag-mild_horizontal_no_load_0900rpm,2707966,985,328,2031,2865,4,3,1588358,9,150,85,51,0,1713,1495,1225,144,653,1612,16383,1730,1706,1700677,800,2095,2163,543602,11956,8,382569,1496,112790,390,2707867790,2707966921,0,2707966931,2707967446,3615474423,17868244,-78,38,1044,0.1493,1687.6,0.21444494847775175,0.1011383389093341,0.1493,26.16,79.1,,,,,,
2026-07-30T23:11:04.411295+00:00,S050,mounted,true,rotor_drag,mild,900,rotor_drag-mild_horizontal_no_load_0900rpm,2708066,965,257,2211,2878,3,3,1588397,9,150,74,17,4,1711,1494,1245,144,653,1610,16383,1711,1703,1692468,800,2081,2141,543006,11954,8,382567,1496,112791,390,2707967873,2708066981,0,2708066990,2708067505,3580598088,17862270,-75,38,1045,0.1417,1687.6,0.178383797724611,0.07839065066086626,0.1417,26.22,79.2,,,,,,
2026-07-30T23:11:04.505229+00:00,S050,mounted,true,rotor_drag,mild,900,rotor_drag-mild_horizontal_no_load_0900rpm,2708166,969,273,2203,2908,1,3,1588434,9,150,76,7,9,1712,1494,1243,126,525,1610,16383,1725,1705,1700488,800,2079,2165,543384,11955,8,382567,1496,112792,390,2708067935,2708167001,0,2708167011,2708167525,3614643530,17865259,-36,48,1037,0.1455,1687.6,0.2180792509410283,0.07476772873274751,0.1455,26.22,79.2,,,,,,
2026-07-30T23:11:04.600191+00:00,S050,mounted,true,rotor_drag,mild,900,rotor_drag-mild_horizontal_no_load_0900rpm,2708266,903,322,2272,3163,1,3,1588470,9,150,83,19,11,1714,1494,1209,111,426,1604,16383,1728,1707,1702687,800,2083,2165,543971,11953,8,382563,1496,112793,390,2708167954,2708267044,0,2708267053,2708267569,3623999881,17859281,-67,70,1021,0.1531,1687.6,0.21868291265790996,0.08201417878356887,0.1531,26.4,79.5,,,,,,
2026-07-30T23:11:04.690812+00:00,S050,mounted,true,rotor_drag,mild,900,rotor_drag-mild_horizontal_no_load_0900rpm,2708366,925,321,2232,3100,4,3,1588508,9,150,73,20,4,1715,1494,1224,111,426,1609,16383,1725,1708,1702857,800,2085,2165,544304,11951,8,382555,1496,112794,390,2708268000,2708367127,0,2708367137,2708367652,3624707787,17853305,-82,63,1047,0.1569,1687.6,0.21928677642038297,0.085929112626558,0.1569,26.25,79.2,,,,,,
2026-07-30T23:11:04.784810+00:00,S050,mounted,true,rotor_drag,mild,900,rotor_drag-mild_horizontal_no_load_0900rpm,2708467,952,283,2290,3033,6,3,1588545,9,150,74,18,5,1711,1495,1229,102,368,1611,16383,1711,1693,1703580,808,2015,2281,542819,11956,8,382557,1496,112795,390,2708368082,2708467766,0,2708467840,2708468355,3591933442,17868246,-60,62,1042,0.1417,1687.6,0.41106524155235835,-0.0321635547005692,0.1417,26.19,79.1,,,,,,
2026-07-30T23:11:04.879053+00:00,S050,mounted,true,rotor_drag,mild,900,rotor_drag-mild_horizontal_no_load_0900rpm,2708567,870,296,2450,3300,4,3,1588580,9,150,75,14,9,1709,1494,1218,93,323,1614,16383,1714,1696,1691976,800,2079,2139,542463,11955,8,382557,1496,112796,390,2708468785,2708568013,0,2708568087,2708568602,3578537622,17865257,-65,61,1034,0.1341,1687.6,0.17475251166875783,0.07476772873274751,0.1341,26.1,79.0,,,,,,
2026-07-30T23:11:04.974387+00:00,S050,mounted,true,rotor_drag,mild,900,rotor_drag-mild_horizontal_no_load_0900rpm,2708667,901,270,2416,3167,4,3,1588616,9,150,75,20,3,1712,1495,1211,93,323,1611,16383,1727,1707,1702731,800,2029,2375,543321,11958,8,382563,1496,112797,390,2708569035,2708668106,0,2708668180,2708668695,3624272543,17874222,-61,54,1046,0.1455,1687.6,0.5670330832915198,-0.009401180632212736,0.1455,26.19,79.1,,,,,,
2026-07-30T23:11:05.070429+00:00,S050,mounted,true,rotor_drag,mild,900,rotor_drag-mild_horizontal_no_load_0900rpm,2708768,916,286,2343,3125,6,3,1588653,9,150,75,29,12,1715,1495,1216,91,316,1608,16383,1730,1713,1723171,808,2063,2163,544230,11959,8,382570,1496,112798,390,2708669123,2708768774,0,2708768789,2708769304,3674953603,17877211,-55,60,1048,0.1569,1687.6,0.2135408218914625,0.046955254536332536,0.1569,26.28,79.3,,,,,,
2026-07-30T23:11:05.211994+00:00,S050,mounted,true,rotor_drag,mild,900,rotor_drag-mild_horizontal_no_load_0900rpm,2708868,913,299,2308,3129,6,3,1588689,9,150,77,34,7,1716,1495,1212,91,316,1611,16383,1726,1710,1703659,800,1922,2157,544528,11958,8,382575,1496,112799,390,2708769734,2708868809,0,2708868819,2708869334,3628169631,17874222,-53,66,1047,0.1607,1687.6,0.2038461771199196,-0.18766264375313613,0.1607,26.19,79.1,,,,,,
2026-07-30T23:11:05.307219+00:00,S050,mounted,true,rotor_drag,mild,900,rotor_drag-mild_horizontal_no_load_0900rpm,2708968,931,298,2369,3169,2,3,1588726,9,150,84,34,21,1715,1494,1216,83,264,1613,16383,1725,1705,1700470,800,2025,2383,544376,11954,8,382573,1496,112800,390,2708869762,2708968979,0,2708968989,2708969504,3614677388,17862268,-44,61,1055,0.1569,1687.6,0.581689490881713,-0.014936286598628001,0.1569,26.13,79.0,,,,,,
2026-07-30T23:11:05.399656+00:00,S050,mounted,true,rotor_drag,mild,900,rotor_drag-mild_horizontal_no_load_0900rpm,2709068,911,288,2344,3135,3,3,1588763,9,150,76,16,5,1715,1494,1230,78,229,1613,16383,1721,1709,1699433,800,2091,2283,544232,11953,8,382569,1496,112801,390,2708969937,2709069015,0,2709069024,2709069539,3610158251,17859279,-55,57,1044,0.1569,1687.6,0.4153525540868399,0.09534771379569973,0.1569,26.13,79.0,,,,,,
2026-07-30T23:11:05.493790+00:00,S050,mounted,true,rotor_drag,mild,900,rotor_drag-mild_horizontal_no_load_0900rpm,2709168,917,273,2300,3046,1,3,1588800,9,150,74,26,6,1714,1495,1235,78,229,1623,16383,1718,1709,1698568,800,2093,2301,544046,11956,8,382570,1496,112802,390,2709069968,2709169053,0,2709169067,2709169582,3606492248,17868244,-47,44,1049,0.1531,1687.6,0.44439071495483384,0.09780579156908642,0.1531,25.82,78.5,,,,,,
2026-07-30T23:11:05.586875+00:00,S050,mounted,true,rotor_drag,mild,900,rotor_drag-mild_horizontal_no_load_0900rpm,2709268,895,252,2425,3129,1,3,1588836,9,150,73,12,1,1713,1495,1221,73,203,1615,16383,1715,1701,1694027,800,2087,2221,543447,11956,8,382571,1496,112803,390,2709170011,2709269110,0,2709269124,2709269640,3587216291,17868246,-59,65,1031,0.1493,1687.6,0.31108882134493143,0.08780814954834382,0.1493,26.07,78.9,,,,,,
2026-07-30T23:11:05.679272+00:00,S050,mounted,true,rotor_drag,mild,900,rotor_drag-mild_horizontal_no_load_0900rpm,2709368,887,267,2438,3193,3,3,1588871,9,150,73,8,9,1710,1495,1224,67,176,1611,16383,1710,1699,1690764,800,2079,2295,542696,11956,8,382572,1496,112804,390,2709270068,2709369128,0,2709369138,2709369653,3573424454,17868244,-48,45,1050,0.1379,1687.6,0.43439307293409124,0.07447796018735353,0.1379,26.19,79.1,,,,,,
2026-07-30T23:11:05.819878+00:00,S050,mounted,true,rotor_drag,mild,900,rotor_drag-mild_horizontal_no_load_0900rpm,2709469,896,267,2340,3086,1,3,1588908,9,150,77,28,3,1706,1494,1232,67,176,1611,16383,1704,1692,1698969,808,2079,2129,541293,11954,8,382570,1496,112805,390,2709370080,2709469775,0,2709469854,2709470369,3572431017,17862268,-28,44,1054,0.1227,1687.6,0.15838516831186178,0.07505754575874146,0.1227,26.19,79.1,,,,,,
2026-07-30T23:11:05.915229+00:00,S050,mounted,true,rotor_drag,mild,900,rotor_drag-mild_horizontal_no_load_0900rpm,2709569,877,298,2456,3308,2,3,1588942,9,150,81,26,10,1704,1494,1219,69,191,1611,16383,1705,1692,1683706,800,1957,2127,540584,11955,8,382570,1496,112806,390,2709470798,2709569880,0,2709569954,2709570468,3543646706,17865257,-19,13,1057,0.1151,1687.6,0.15475555508155558,-0.12853466323713958,0.1151,26.19,79.1,,,,,,
2026-07-30T23:11:06.009228+00:00,S050,mounted,true,rotor_drag,mild,900,rotor_drag-mild_horizontal_no_load_0900rpm,2709669,894,254,2399,3110,2,3,1588978,9,150,74,19,1,1701,1495,1214,69,191,1617,16383,1701,1692,1681923,800,1945,2124,539867,11956,8,382571,1496,112807,390,2709570899,2709669957,0,2709670031,2709670545,3536142825,17868246,-34,32,1052,0.1037,1687.6,0.14946027534292394,-0.14880271160923453,0.1037,26.01,78.8,,,,,,
2026-07-30T23:11:06.103020+00:00,S050,mounted,true,rotor_drag,mild,900,rotor_drag-mild_horizontal_no_load_0900rpm,2709769,900,257,2461,3177,3,3,1589015,9,150,76,29,12,1700,1494,1208,74,189,1610,16383,1700,1693,1682573,800,2073,2123,539441,11950,8,382561,1496,112808,390,2709670975,2709770050,0,2709770124,2709770639,3538845809,17850320,-59,11,1035,0.0999,1687.6,0.14957015179916278,0.06621463715481113,0.0999,26.22,79.2,,,,,,
2026-07-30T23:11:06.195719+00:00,S050,mounted,true,rotor_drag,mild,900,rotor_drag-mild_horizontal_no_load_0900rpm,2709870,938,257,2313,2999,5,3,1589053,9,150,72,5,2,1699,1494,1213,70,172,1613,16383,1700,1693,1699178,808,2069,2131,539146,11954,8,382559,1496,112809,390,2709771072,2709870735,0,2709870744,2709871259,3573311726,17862268,-48,24,1042,0.0961,1687.6,0.16171827321398657,0.05839202124811749,0.0961,26.13,79.0,,,,,,
2026-07-30T23:11:06.290179+00:00,S050,mounted,true,rotor_drag,mild,900,rotor_drag-mild_horizontal_no_load_0900rpm,2709970,939,257,2297,2981,6,3,1589091,9,150,72,0,3,1698,1494,1225,70,172,1611,16383,1705,1689,1682401,800,2001,2235,538937,11950,8,382550,1496,112810,390,2709871687,2709970807,0,2709970821,2709971336,3538166115,17850324,-49,32,1049,0.0924,1687.6,0.3362865046025103,-0.05381730393305473,0.0924,26.19,79.1,,,,,,
2026-07-30T23:11:06.383258+00:00,S050,mounted,true,rotor_drag,mild,900,rotor_drag-mild_horizontal_no_load_0900rpm,2710070,878,261,2480,3225,4,3,1589126,9,150,74,14,4,1701,1494,1227,77,200,1615,16383,1722,1699,1690963,800,2081,2277,539658,11954,8,382549,1496,112811,390,2709971762,2710070825,0,2710070835,2710071350,3574284617,17862270,-53,32,1042,0.1037,1687.6,0.40503493106909794,0.07839065066086626,0.1037,26.07,78.9,,,,,,
2026-07-30T23:11:06.479045+00:00,S050,mounted,true,rotor_drag,mild,900,rotor_drag-mild_horizontal_no_load_0900rpm,2710170,888,256,2412,3133,4,3,1589162,9,150,73,10,1,1701,1494,1246,73,183,1612,16383,1705,1697,1687814,800,2007,2129,539849,11954,8,382548,1496,112812,390,2710071778,2710170860,0,2710170875,2710171390,3560938906,17862268,-57,43,1047,0.1037,1687.6,0.15838516831186178,-0.0449342307177516,0.1037,26.16,79.1,,,,,,
2026-07-30T23:11:06.617661+00:00,S050,mounted,true,rotor_drag,mild,900,rotor_drag-mild_horizontal_no_load_0900rpm,2710270,901,259,2434,3153,4,3,1589198,9,150,74,21,8,1702,1495,1213,73,183,1618,16383,1706,1697,1687256,800,1998,2134,539928,11956,8,382550,1496,112813,390,2710171818,2710270913,0,2710270923,2710271438,3558589832,17868246,-59,48,1043,0.1075,1687.6,0.1661230120441619,-0.06049020709267339,0.1075,25.97,78.8,,,,,,
2026-07-30T23:11:06.710881+00:00,S050,mounted,true,rotor_drag,mild,900,rotor_drag-mild_horizontal_no_load_0900rpm,2710370,930,259,2295,2993,6,3,1589235,9,150,74,13,3,1701,1495,1232,69,167,1615,16383,1705,1698,1686904,800,2083,2130,539898,11958,8,382556,1496,112814,390,2710271866,2710370948,0,2710370963,2710371478,3557086956,17874222,-59,49,1043,0.1037,1687.6,0.15886431259407896,0.08056254841946808,0.1037,26.07,78.9,,,,,,
2026-07-30T23:11:06.804378+00:00,S050,mounted,true,rotor_drag,mild,900,rotor_drag-mild_horizontal_no_load_0900rpm,2710470,925,255,2316,3007,2,3,1589272,9,150,74,7,2,1702,1495,1243,69,167,1615,16383,1705,1698,1687040,800,2026,2259,539933,11956,8,382558,1496,112815,390,2710371906,2710470991,0,2710471005,2710471520,3557697250,17868244,-63,35,1044,0.1075,1687.6,0.37440722080963473,-0.01383454432920761,0.1075,26.07,78.9,,,,,,
2026-07-30T23:11:06.899248+00:00,S050,mounted,true,rotor_drag,mild,900,rotor_drag-mild_horizontal_no_load_0900rpm,2710570,932,258,2359,3051,3,3,1589309,9,150,73,14,5,1702,1494,1237,71,158,1622,16383,1705,1698,1687626,800,1921,2213,540008,11954,8,382557,1496,112816,390,2710471948,2710571055,0,2710571064,2710571579,3560186260,17862268,-62,33,1038,0.1075,1687.6,0.29837557420110405,-0.18825774150911867,0.1075,25.85,78.5,,,,,,
2026-07-30T23:11:06.991947+00:00,S050,mounted,true,rotor_drag,mild,900,rotor_drag-mild_horizontal_no_load_0900rpm,2710670,932,259,2307,3004,1,3,1589346,9,150,73,9,2,1703,1494,1250,89,233,1618,16383,1711,1701,1691062,800,1979,2139,540462,11955,8,382557,1496,112817,390,2710572012,2710671067,0,2710671077,2710671592,3574673346,17865257,-51,-69,1068,0.1113,1687.6,0.17475251166875783,-0.09187357616060243,0.1113,25.97,78.8,,,,,,
2026-07-30T23:11:07.084260+00:00,S050,mounted,true,rotor_drag,mild,900,rotor_drag-mild_horizontal_no_load_0900rpm,2710770,938,250,2316,2983,4,3,1589384,9,150,72,8,3,1704,1495,1231,89,233,1620,16383,1710,1702,1691733,800,1933,2139,540813,11957,8,382561,1496,112818,390,2710672020,2710771101,0,2710771111,2710771626,3577514543,17871233,-68,18,1029,0.1151,1687.6,0.17415629898804008,-0.16906736982520698,0.1151,25.91,78.6,,,,,,
2026-07-30T23:11:07.178433+00:00,S050,mounted,true,rotor_drag,mild,900,rotor_drag-mild_horizontal_no_load_0900rpm,2710871,910,262,2342,3063,6,3,1589421,9,150,73,14,2,1705,1494,1256,98,256,1617,16383,1714,1698,1709410,808,1983,2138,541161,11952,8,382555,1496,112819,390,2710772053,2710871706,0,2710871780,2710872295,3616514180,17856292,-68,-26,1059,0.1189,1687.6,0.17398037349397555,-0.08437848192771069,0.1189,26.01,78.8,,,,,,
2026-07-30T23:11:07.320670+00:00,S050,mounted,true,rotor_drag,mild,900,rotor_drag-mild_horizontal_no_load_0900rpm,2710971,919,257,2319,3020,6,3,1589457,9,150,73,18,3,1707,1494,1218,126,395,1623,16383,1713,1705,1694612,800,1961,2225,541552,11955,8,382555,1496,112820,390,2710872724,2710971807,0,2710971881,2710972396,3589713192,17865257,-59,47,1040,0.1265,1687.6,0.31806403387703863,-0.12186901104140535,0.1265,25.82,78.5,,,,,,
2026-07-30T23:11:07.417109+00:00,S050,mounted,true,rotor_drag,mild,900,rotor_drag-mild_horizontal_no_load_0900rpm,2711071,916,318,2345,3213,2,3,1589494,9,150,77,25,3,1707,1495,1235,126,395,1614,16383,1714,1704,1693927,800,2093,2349,541749,11957,8,382559,1496,112821,390,2710972826,2711072030,0,2711072104,2711072619,3586826459,17871233,-50,63,1037,0.1265,1687.6,0.5240445050597975,0.09751412051517905,0.1265,26.1,79.0,,,,,,
2026-07-30T23:11:07.511131+00:00,S050,mounted,true,rotor_drag,mild,900,rotor_drag-mild_horizontal_no_load_0900rpm,2711171,923,273,2308,3047,3,3,1589531,9,150,72,12,1,1708,1494,1229,145,411,1613,16383,1712,1703,1693489,800,1935,2143,541849,11955,8,382559,1496,112822,390,2711073049,2711172089,0,2711172172,2711172687,3584952863,17865257,-34,51,1048,0.1303,1687.6,0.1814181638644916,-0.16519575031367673,0.1303,26.13,79.0,,,,,,
2026-07-30T23:11:07.605168+00:00,S050,mounted,true,rotor_drag,mild,900,rotor_drag-mild_horizontal_no_load_0900rpm,2711272,911,267,2377,3110,3,3,1589567,9,150,73,11,2,1708,1494,1234,145,411,1610,16383,1713,1704,1711626,808,2073,2147,542055,11952,8,382554,1496,112823,390,2711173117,2711272850,0,2711272859,2711273374,3625857400,17856292,-89,92,1034,0.1303,1687.6,0.18898185542168688,0.06563633734939733,0.1303,26.22,79.2,,,,,,
2026-07-30T23:11:07.698295+00:00,S050,mounted,true,rotor_drag,mild,900,rotor_drag-mild_horizontal_no_load_0900rpm,2711372,880,253,2448,3169,3,3,1589603,9,150,72,2,2,1709,1494,1253,171,579,1623,16383,1715,1705,1695379,800,2077,2311,542258,11954,8,382553,1496,112824,390,2711273804,2711372903,0,2711372917,2711373432,3592960685,17862270,-113,127,1025,0.1341,1687.6,0.46169771440521945,0.07172444085661667,0.1341,25.82,78.5,,,,,,
2026-07-30T23:11:07.791894+00:00,S050,mounted,true,rotor_drag,mild,900,rotor_drag-mild_horizontal_no_load_0900rpm,2711472,895,266,2322,3066,2,3,1589638,9,150,77,37,6,1710,1494,1219,217,862,1619,16383,1715,1704,1695993,800,2078,2359,542475,11955,8,382553,1496,112825,390,2711373863,2711472977,0,2711472987,2711473502,3595586899,17865255,-108,106,1033,0.1379,1687.6,0.541363382434128,0.07310131568381406,0.1379,25.94,78.7,,,,,,
2026-07-30T23:11:07.885084+00:00,S050,mounted,true,rotor_drag,mild,900,rotor_drag-mild_horizontal_no_load_0900rpm,2711572,905,268,2457,3197,2,3,1589674,9,150,78,39,6,1710,1494,1245,217,862,1619,16383,1713,1703,1694841,800,1993,2243,542472,11950,8,382544,1496,112826,390,2711473934,2711573188,0,2711573197,2711573712,3590673429,17850318,-58,52,1067,0.1379,1687.6,0.34962338694560646,-0.06715418627615088,0.1379,25.94,78.7,,,,,,
2026-07-30T23:11:08.026211+00:00,S050,mounted,true,rotor_drag,mild,900,rotor_drag-mild_horizontal_no_load_0900rpm,2711673,919,256,2364,3060,3,3,1589711,9,150,72,7,3,1710,1494,1217,218,904,1619,16383,1714,1705,1712474,808,2083,2149,542551,11955,8,382545,1496,112827,390,2711574142,2711673911,0,2711673985,2711674503,3629450832,17865255,-45,-24,1068,0.1379,1687.6,0.19141664215809273,0.08143338092848174,0.1379,25.94,78.7,,,,,,
2026-07-30T23:11:08.119825+00:00,S050,mounted,true,rotor_drag,mild,900,rotor_drag-mild_horizontal_no_load_0900rpm,2711773,921,258,2345,3046,5,3,1589749,9,150,72,12,3,1710,1494,1213,209,837,1616,16383,1715,1704,1695488,800,2085,2148,542588,11952,8,382540,1496,112828,390,2711674932,2711774000,0,2711774078,2711774593,3593393302,17856294,-63,88,1035,0.1379,1687.6,0.19064868674698765,0.08563831325301186,0.1379,26.04,78.9,,,,,,
2026-07-30T23:11:08.213543+00:00,S050,mounted,true,rotor_drag,mild,900,rotor_drag-mild_horizontal_no_load_0900rpm,2711873,939,277,2267,3004,4,3,1589786,9,150,73,12,1,1710,1494,1211,209,837,1613,16383,1714,1705,1695709,800,2091,2259,542621,11955,8,382541,1496,112829,390,2711775023,2711874071,0,2711874145,2711874660,3594354397,17865257,-44,-10,1045,0.1379,1687.6,0.374722077540778,0.09476468531994975,0.1379,26.13,79.0,,,,,,
2026-07-30T23:11:08.307002+00:00,S050,mounted,true,rotor_drag,mild,900,rotor_drag-mild_horizontal_no_load_0900rpm,2711974,942,255,2291,2968,2,3,1589824,9,150,72,8,6,1710,1494,1219,203,762,1615,16383,1715,1705,1712848,808,2070,2140,542724,11955,8,382542,1496,112830,390,2711875090,2711974747,0,2711974757,2711975272,3631033352,17865257,-61,57,1046,0.1379,1687.6,0.17641892471769083,0.05977001129234605,0.1379,26.07,78.9,,,,,,
2026-07-30T23:11:08.399984+00:00,S050,mounted,true,rotor_drag,mild,900,rotor_drag-mild_horizontal_no_load_0900rpm,2712074,931,251,2330,3006,3,3,1589861,9,150,74,17,0,1711,1494,1227,203,762,1617,16383,1721,1706,1698193,800,1968,2150,543029,11952,8,382538,1496,112831,390,2711975700,2712074783,0,2712074793,2712075307,3604900455,17856290,-63,10,1065,0.1417,1687.6,0.19398234939759007,-0.10938095180722929,0.1417,26.01,78.8,,,,,,
2026-07-30T23:11:08.493145+00:00,S050,mounted,true,rotor_drag,mild,900,rotor_drag-mild_horizontal_no_load_0900rpm,2712174,919,277,2305,3058,1,3,1589898,9,150,75,37,3,1712,1494,1232,224,935,1610,16383,1718,1706,1696944,800,2089,2149,543077,11955,8,382539,1496,112832,390,2712075734,2712174833,0,2712174842,2712175357,3599564874,17865255,-28,21,1061,0.1455,1687.6,0.19141664215809273,0.09143185922208241,0.1455,26.22,79.2,,,,,,
2026-07-30T23:11:08.586830+00:00,S050,mounted,true,rotor_drag,mild,900,rotor_drag-mild_horizontal_no_load_0900rpm,2712274,920,309,2270,3111,2,3,1589932,9,150,77,33,1,1710,1495,1245,198,782,1611,16383,1714,1694,1692283,800,1919,2151,542592,11956,8,382542,1496,112833,0,2712175787,2712274850,0,2712274859,2712275375,3579903743,17868244,-46,52,1056,0.1379,1687.6,0.1944496644362661,-0.19212582703245218,0.1379,26.19,79.1,,,,,,
2026-07-30T23:11:08.727595+00:00,S050,mounted,true,rotor_drag,mild,900,rotor_drag-mild_horizontal_no_load_0900rpm,2712374,920,309,2270,3111,2,3,1589932,9,150,77,33,1,1706,1494,1235,198,782,1614,16383,1700,1693,1682367,800,2082,2125,541279,11953,8,382540,1496,112834,0,2712275800,2712374907,0,2712374917,2712375432,3537977551,17859281,-66,37,1055,0.1227,1687.6,0.15201523759725522,0.08034748690705218,0.1227,26.1,79.0,,,,,,
2026-07-30T23:11:08.821265+00:00,S050,mounted,true,rotor_drag,mild,900,rotor_drag-mild_horizontal_no_load_0900rpm,2712474,920,309,2270,3111,2,3,1589932,9,150,77,33,1,1703,1494,1237,165,635,1615,16383,1701,1693,1682303,800,2083,2119,540394,11955,8,382541,1496,112835,0,2712375857,2712474927,0,2712474936,2712475452,3537707767,17865257,-70,27,1062,0.1113,1687.6,0.14142425069008757,0.08143338092848174,0.1113,26.07,78.9,,,,,,
2026-07-30T23:11:08.915930+00:00,S050,mounted,true,rotor_drag,mild,900,rotor_drag-mild_horizontal_no_load_0900rpm,2712574,0,309,2270,3111,2,3,1589932,9,83,77,33,1,1701,1494,1245,139,504,1615,16351,1701,1693,1682158,800,2085,2123,539742,11954,8,382541,1496,112836,0,2712475877,2712574965,0,2712574975,2712575490,3537097000,17862270,-77,45,1046,0.1037,1687.6,0.1483858536054874,0.08505686046511629,0.1037,26.07,78.9,,,,,,
2026-07-30T23:11:09.010408+00:00,S050,mounted,true,rotor_drag,mild,900,rotor_drag-mild_horizontal_no_load_0900rpm,2712674,0,309,2270,3111,2,3,1589932,9,83,77,33,1,1700,1494,1211,139,504,1616,16351,1701,1692,1682321,800,2083,2122,539351,11953,8,382539,1496,112837,0,2712575911,2712675029,0,2712675039,2712675554,3537781319,17859279,-87,44,1040,0.0999,1687.6,0.14701516196770692,0.08201417878356887,0.0999,26.04,78.9,,,,,,
2026-07-30T23:11:09.103757+00:00,S050,mounted,true,rotor_drag,mild,900,rotor_drag-mild_horizontal_no_load_0900rpm,2712774,0,309,2270,3111,2,3,1589932,9,83,77,33,1,1699,1494,1214,117,406,1615,16351,1701,1693,1682425,800,2081,2127,539092,11953,8,382537,1496,112838,0,2712675974,2712775094,0,2712775104,2712775619,3538221743,17859281,-68,25,1048,0.0961,1687.6,0.15534862135028815,0.07868079503053593,0.0961,26.07,78.9,,,,,,
2026-07-30T23:11:09.197429+00:00,S050,mounted,true,rotor_drag,mild,900,rotor_drag-mild_horizontal_no_load_0900rpm,2712874,0,309,2270,3111,2,3,1589932,9,83,77,33,1,1698,1494,1212,117,406,1615,16351,1701,1693,1682519,800,2083,2123,538924,11954,8,382537,1496,112839,0,2712776039,2712875138,0,2712875149,2712875664,3538620407,17862268,-54,22,1055,0.0924,1687.6,0.1483858536054874,0.0817237555629915,0.0924,26.07,78.9,,,,,,
2026-07-30T23:11:09.289162+00:00,S050,mounted,true,rotor_drag,mild,900,rotor_drag-mild_horizontal_no_load_0900rpm,2712975,0,309,2270,3111,2,3,1589932,9,83,77,33,1,1698,1494,1221,103,345,1616,16351,1700,1693,1699217,808,2037,2123,538822,11951,8,382531,1496,112840,0,2712876084,2712975772,0,2712975847,2712976362,3573474755,17853307,-75,51,1032,0.0924,1687.6,0.14927400292862503,0.005914514350263023,0.0924,26.04,78.9,,,,,,
