iso_time,session_id,fixture_state,valid_for_classifier,condition,severity,speed_setpoint_rpm,label,t_ms,rpm,ripple_permil,min_us,max_us,hall,illegal,edges,step,coast_ms,period_std_permil,mech1x_permil,elec_permil,i_dc_mv,adc_vref_raw,adc_pc0_mv,accel_rms_mg,accel_pk_mg,temp_mv,sensor_status,i_dc_peak_mv,i_dc_min_mv,i_adc_raw_sum,i_adc_raw_count,i_adc_raw_min,i_adc_raw_max,i_adc_ema_q8,vref_adc_raw_sum,vref_adc_raw_count,vref_adc_ema_q8,vref_factory_cal_raw,frame_seq,pwm_ticks,i_adc_window_start_us,i_adc_window_end_us,i_adc_fail_count,vref_window_start_us,vref_window_end_us,i_adc_raw_sumsq,vref_adc_raw_sumsq,accel_x_mg,accel_y_mg,accel_z_mg,i_dc_a,i_dc_zero_mv,i_dc_peak_a,i_dc_min_a,i_dc_a_signed,temp_motor_c,temp_motor_f,temp_ambient_c,i_u_a,i_v_a,i_w_a,modbus_rpm,modbus_fault
2026-07-30T20:37:16.330618+00:00,S033,mounted,true,loose_mount,mild,500,loose_mount-mild_horizontal_no_load_0500rpm,2092078,510,279,4118,5488,2,3,321636,9,124,73,19,7,1650,1495,1214,55,108,1661,16383,1654,1644,1635655,800,1942,2066,523631,11958,8,382530,1496,20886,216,2091979671,2092078753,0,2092078827,2092079342,3344259471,17874222,87,104,1034,0.0696,1645.6,0.05224063371801302,-0.15434274410436544,0.0696,24.67,76.4,,,,,,
2026-07-30T20:37:16.425357+00:00,S033,mounted,true,loose_mount,mild,500,loose_mount-mild_horizontal_no_load_0500rpm,2092178,532,276,3987,5285,5,3,321657,9,124,76,24,2,1650,1495,1196,55,108,1666,16383,1653,1643,1651702,808,1783,2071,523613,11958,8,382537,1496,20887,216,2092079769,2092179390,0,2092179400,2092179915,3376492726,17874222,97,100,1038,0.0696,1645.6,0.06057060863020558,-0.4192359463120927,0.0696,24.52,76.1,,,,,,
2026-07-30T20:37:16.566162+00:00,S033,mounted,true,loose_mount,mild,500,loose_mount-mild_horizontal_no_load_0500rpm,2092278,531,249,4106,5279,2,3,321678,9,124,74,19,1,1650,1495,1213,54,105,1661,16383,1656,1642,1634927,800,1993,2185,523514,11956,8,382540,1496,20888,216,2092180342,2092279413,0,2092279423,2092279938,3341298115,17868246,76,119,1025,0.0696,1645.6,0.2511029692204749,-0.06882157544329237,0.0696,24.67,76.4,,,,,,
2026-07-30T20:37:16.659081+00:00,S033,mounted,true,loose_mount,mild,500,loose_mount-mild_horizontal_no_load_0500rpm,2092378,518,262,4111,5378,5,3,321699,9,124,74,21,3,1650,1494,1219,55,109,1661,16383,1653,1643,1635493,800,2025,2252,523523,11954,8,382540,1496,20889,216,2092280365,2092379473,0,2092379483,2092379998,3343623153,17862268,96,121,1028,0.0696,1645.6,0.363371119792538,-0.014936286598628001,0.0696,24.67,76.4,,,,,,
2026-07-30T20:37:16.754186+00:00,S033,mounted,true,loose_mount,mild,500,loose_mount-mild_horizontal_no_load_0500rpm,2092478,516,253,4182,5410,2,3,321720,9,124,74,14,2,1650,1494,1216,55,109,1664,16383,1653,1643,1635250,800,2013,2063,523517,11951,8,382534,1496,20890,216,2092380425,2092479509,0,2092479523,2092480038,3342590998,17853307,93,129,1021,0.0696,1645.6,0.04925575508325597,-0.034092784787884245,0.0696,24.58,76.2,,,,,,
2026-07-30T20:37:16.846220+00:00,S033,mounted,true,loose_mount,mild,500,loose_mount-mild_horizontal_no_load_0500rpm,2092579,516,255,4200,5437,1,3,321740,9,124,74,18,1,1650,1494,1214,57,116,1666,16383,1653,1643,1635547,800,2021,2075,523558,11954,8,382534,1496,20891,216,2092480465,2092579535,0,2092579544,2092580059,3343802129,17862266,78,106,1032,0.0696,1645.6,0.06839133595449187,-0.021602496402878035,0.0696,24.52,76.1,,,,,,
2026-07-30T20:37:16.939616+00:00,S033,mounted,true,loose_mount,mild,500,loose_mount-mild_horizontal_no_load_0500rpm,2092679,516,255,4200,5437,6,3,321761,9,124,74,18,1,1650,1494,1202,57,111,1666,16383,1653,1645,1635393,800,1981,2201,523526,11955,8,382535,1496,20892,216,2092580486,2092679600,0,2092679609,2092680124,3343201141,17865255,99,84,1043,0.0696,1645.6,0.2780701207026346,-0.08854075006273554,0.0696,24.52,76.1,,,,,,
2026-07-30T20:37:17.032145+00:00,S033,mounted,true,loose_mount,mild,500,loose_mount-mild_horizontal_no_load_0500rpm,2092779,516,258,4221,5470,3,3,321781,9,124,74,22,1,1650,1494,1215,57,111,1669,16383,1653,1643,1635055,800,1943,2112,523487,11952,8,382531,1496,20893,216,2092680550,2092779625,0,2092779634,2092780149,3341807599,17856292,84,101,1041,0.0696,1645.6,0.13064275903614453,-0.15105173493975954,0.0696,24.42,76.0,,,,,,
2026-07-30T20:37:17.126201+00:00,S033,mounted,true,loose_mount,mild,500,loose_mount-mild_horizontal_no_load_0500rpm,2092879,492,352,4233,6022,1,3,321800,9,124,103,94,5,1650,1494,1213,57,108,1663,16383,1653,1644,1635249,800,2017,2069,523516,11952,8,382527,1496,20894,216,2092780576,2092879681,0,2092879691,2092880206,3342585225,17856294,81,93,1035,0.0696,1645.6,0.05896901204819249,-0.027706216867470435,0.0696,24.61,76.3,,,,,,
2026-07-30T20:37:17.267285+00:00,S033,mounted,true,loose_mount,mild,500,loose_mount-mild_horizontal_no_load_0500rpm,2092979,476,247,4601,5898,5,3,321819,9,124,75,27,2,1650,1494,1197,57,108,1668,16383,1656,1644,1635845,800,2010,2065,523564,11951,8,382522,1496,20895,216,2092880633,2092979733,0,2092979742,2092980257,3345026313,17853301,80,100,1032,0.0696,1645.6,0.052589696678102094,-0.03909369718015254,0.0696,24.45,76.0,,,,,,
2026-07-30T20:37:17.360161+00:00,S033,mounted,true,loose_mount,mild,500,loose_mount-mild_horizontal_no_load_0500rpm,2093079,482,260,4450,5798,6,3,321839,9,124,72,16,5,1650,1494,1199,54,112,1668,16383,1654,1643,1652035,808,1949,2085,523586,11953,8,382521,1496,20896,216,2092980684,2093080363,0,2093080442,2093080957,3377793437,17859281,77,93,1033,0.0696,1645.6,0.08534756253660136,-0.1413225326696228,0.0696,24.45,76.0,,,,,,
2026-07-30T20:37:17.455378+00:00,S033,mounted,true,loose_mount,mild,500,loose_mount-mild_horizontal_no_load_0500rpm,2093179,489,253,4402,5697,2,3,321858,9,124,74,19,1,1650,1495,1203,54,109,1665,16383,1654,1644,1636044,800,2015,2075,523629,11956,8,382525,1496,20897,216,2093081383,2093180421,0,2093180495,2093181010,3345836476,17868246,94,97,1038,0.0696,1645.6,0.06781286550685817,-0.0321635547005692,0.0696,24.55,76.2,,,,,,
2026-07-30T20:37:17.548318+00:00,S033,mounted,true,loose_mount,mild,500,loose_mount-mild_horizontal_no_load_0500rpm,2093279,489,253,4402,5697,1,3,321878,9,124,74,19,1,1650,1495,1205,54,109,1666,16383,1654,1639,1635387,800,1919,2082,523597,11956,8,382529,1496,20898,216,2093181436,2093280481,0,2093280555,2093281070,3343170603,17868246,75,111,1034,0.0696,1645.6,0.07947678119772483,-0.19212582703245218,0.0696,24.52,76.1,,,,,,
2026-07-30T20:37:17.641841+00:00,S033,mounted,true,loose_mount,mild,500,loose_mount-mild_horizontal_no_load_0500rpm,2093380,500,301,4094,5601,6,3,321899,9,124,76,33,8,1650,1495,1215,54,106,1667,16383,1655,1643,1636128,800,2023,2067,523644,11957,8,382534,1496,20899,216,2093281497,2093380560,0,2093380634,2093381149,3346180042,17871233,72,112,1033,0.0696,1645.6,0.05419462833486621,-0.019115281508739645,0.0696,24.48,76.1,,,,,,
2026-07-30T20:37:17.735500+00:00,S033,mounted,true,loose_mount,mild,500,loose_mount-mild_horizontal_no_load_0500rpm,2093480,533,272,3982,5258,5,3,321921,9,124,75,26,2,1650,1494,1207,55,106,1663,16383,1655,1644,1635776,800,1963,2319,523597,11948,8,382522,1496,20900,216,2093381576,2093480632,0,2093480711,2093481226,3344851248,17844348,73,106,1028,0.0696,1645.6,0.47697091161700644,-0.11661969835955821,0.0696,24.61,76.3,,,,,,
2026-07-30T20:37:17.829152+00:00,S033,mounted,true,loose_mount,mild,500,loose_mount-mild_horizontal_no_load_0500rpm,2093580,530,250,4104,5286,2,3,321942,9,124,74,19,2,1650,1494,1205,55,106,1663,16383,1653,1642,1634890,800,1970,2065,523519,11953,8,382521,1496,20901,216,2093481653,2093580716,0,2093580790,2093581305,3341125514,17859279,82,97,1038,0.0696,1645.6,0.052013725006274214,-0.10632200326277941,0.0696,24.61,76.3,,,,,,
2026-07-30T20:37:17.971026+00:00,S033,mounted,true,loose_mount,mild,500,loose_mount-mild_horizontal_no_load_0500rpm,2093680,517,266,4134,5423,1,3,321962,9,124,75,25,3,1650,1494,1238,58,116,1660,16383,1653,1642,1651305,808,1843,2079,523504,11951,8,382516,1496,20902,216,2093581731,2093681519,0,2093681529,2093682044,3374850007,17853305,71,101,1033,0.0696,1645.6,0.07592728784202141,-0.31747782034976213,0.0696,24.7,76.5,,,,,,
2026-07-30T20:37:18.063930+00:00,S033,mounted,true,loose_mount,mild,500,loose_mount-mild_horizontal_no_load_0500rpm,2093781,516,250,4219,5432,6,3,321983,9,124,74,21,2,1650,1495,1237,58,116,1660,16383,1655,1647,1635957,800,2019,2091,523582,11956,8,382520,1496,20903,216,2093682471,2093781568,0,2093781578,2093782093,3345480581,17868244,59,93,1035,0.0696,1645.6,0.09447324422883874,-0.025498460020073832,0.0696,24.7,76.5,,,,,,
2026-07-30T20:37:18.156353+00:00,S033,mounted,true,loose_mount,mild,500,loose_mount-mild_horizontal_no_load_0500rpm,2093881,506,266,4221,5537,3,3,322003,9,124,78,41,1,1650,1494,1230,59,116,1669,16383,1655,1639,1635426,800,1995,2065,523579,11950,8,382513,1496,20904,216,2093782519,2093881610,0,2093881619,2093882134,3343312894,17850318,75,110,1029,0.0696,1645.6,0.05287775481171497,-0.06381996569037662,0.0696,24.42,76.0,,,,,,
2026-07-30T20:37:18.251262+00:00,S033,mounted,true,loose_mount,mild,500,loose_mount-mild_horizontal_no_load_0500rpm,2093981,506,266,4221,5537,5,3,322023,9,124,78,41,1,1650,1494,1230,62,123,1663,16383,1654,1644,1634774,800,1970,2065,523506,11955,8,382515,1496,20905,216,2093882562,2093981670,0,2093981679,2093982194,3340658914,17865257,95,107,1029,0.0696,1645.6,0.05143794604767837,-0.10687129360100389,0.0696,24.61,76.3,,,,,,
2026-07-30T20:37:18.344498+00:00,S033,mounted,true,loose_mount,mild,500,loose_mount-mild_horizontal_no_load_0500rpm,2094081,503,253,4293,5552,2,3,322044,9,124,74,24,2,1650,1495,1251,62,123,1662,16383,1654,1643,1635446,800,1921,2069,523534,11958,8,382523,1496,20906,216,2093982625,2094081693,0,2094081708,2094082223,3343417630,17874222,107,107,1025,0.0696,1645.6,0.0572386186653282,-0.18932863873557482,0.0696,24.64,76.3,,,,,,
2026-07-30T20:37:18.437450+00:00,S033,mounted,true,loose_mount,mild,500,loose_mount-mild_horizontal_no_load_0500rpm,2094181,510,251,4246,5479,5,3,322065,9,124,71,4,3,1650,1494,1226,61,130,1660,16383,1653,1642,1651778,808,1941,2069,523520,11950,8,382516,1496,20907,216,2094082651,2094182358,0,2094182437,2094182952,3376741842,17850316,108,91,1033,0.0696,1645.6,0.059546195983263495,-0.15384392150627635,0.0696,24.7,76.5,,,,,,
2026-07-30T20:37:18.530104+00:00,S033,mounted,true,loose_mount,mild,500,loose_mount-mild_horizontal_no_load_0500rpm,2094281,516,244,4246,5429,6,3,322085,9,124,74,24,3,1650,1494,1255,62,131,1656,16383,1653,1641,1635191,800,1951,2197,523500,11954,8,382516,1496,20908,216,2094183378,2094282425,0,2094282499,2094283014,3342386087,17862270,79,93,1033,0.0696,1645.6,0.2717107349841057,-0.1382611679772463,0.0696,24.82,76.7,,,,,,
2026-07-30T20:37:18.671667+00:00,S033,mounted,true,loose_mount,mild,500,loose_mount-mild_horizontal_no_load_0500rpm,2094381,509,336,4227,5878,3,3,322105,9,124,84,44,7,1650,1494,1240,62,131,1661,16383,1655,1643,1635797,800,1853,2246,523563,11953,8,382515,1496,20909,216,2094283440,2094382506,0,2094382580,2094383095,3344908251,17859279,88,97,1046,0.0696,1645.6,0.35368495465573435,-0.3013249528151931,0.0696,24.67,76.4,,,,,,
2026-07-30T20:37:18.766758+00:00,S033,mounted,true,loose_mount,mild,500,loose_mount-mild_horizontal_no_load_0500rpm,2094482,488,261,4486,5825,5,3,322125,9,124,74,22,6,1650,1494,1211,61,125,1668,16383,1653,1646,1635474,800,1961,2065,523553,11951,8,382510,1496,20910,216,2094383521,2094482569,0,2094482648,2094483163,3343511970,17853305,90,91,1050,0.0696,1645.6,0.052589696678102094,-0.12077526625387014,0.0696,24.45,76.0,,,,,,
2026-07-30T20:37:18.860362+00:00,S033,mounted,true,loose_mount,mild,500,loose_mount-mild_horizontal_no_load_0500rpm,2094582,488,261,4486,5825,4,3,322144,9,124,74,22,6,1650,1494,1216,61,125,1666,16383,1653,1643,1635517,800,2018,2263,523533,11955,8,382513,1496,20911,216,2094483589,2094582625,0,2094582699,2094583214,3343726613,17865257,96,105,1040,0.0696,1645.6,0.38138772973651136,-0.026883467252195814,0.0696,24.52,76.1,,,,,,
2026-07-30T20:37:18.952246+00:00,S033,mounted,true,loose_mount,mild,500,loose_mount-mild_horizontal_no_load_0500rpm,2094682,489,257,4413,5729,6,3,322163,9,124,74,24,2,1650,1494,1244,58,119,1666,16383,1653,1645,1635469,800,2019,2065,523530,11954,8,382513,1496,20912,216,2094583641,2094682689,0,2094682763,2094683278,3343482209,17862268,97,108,1035,0.0696,1645.6,0.0517258114438679,-0.02493560130500283,0.0696,24.52,76.1,,,,,,
2026-07-30T20:37:19.045451+00:00,S033,mounted,true,loose_mount,mild,500,loose_mount-mild_horizontal_no_load_0500rpm,2094782,474,258,4509,5870,3,3,322183,9,124,74,15,2,1650,1494,1230,63,126,1661,16383,1653,1644,1651648,808,2015,2067,523507,11954,8,382513,1496,20913,216,2094683705,2094783376,0,2094783390,2094783905,3376199318,17862266,90,95,1041,0.0696,1645.6,0.05505891634599269,-0.03160181110925242,0.0696,24.67,76.4,,,,,,
2026-07-30T20:37:19.138523+00:00,S033,mounted,true,loose_mount,mild,500,loose_mount-mild_horizontal_no_load_0500rpm,2094882,475,252,4565,5891,1,3,322202,9,124,74,22,3,1650,1494,1221,63,126,1660,16383,1654,1646,1635891,800,2015,2267,523535,11955,8,382515,1496,20914,216,2094784331,2094883395,0,2094883404,2094883919,3345258673,17865255,81,87,1045,0.0696,1645.6,0.3880533819322456,-0.03188270639899615,0.0696,24.7,76.5,,,,,,
2026-07-30T20:37:19.277898+00:00,S033,mounted,true,loose_mount,mild,500,loose_mount-mild_horizontal_no_load_0500rpm,2094982,502,241,4411,5613,4,3,322222,9,124,75,32,5,1650,1494,1242,61,122,1662,16383,1655,1643,1635851,800,1923,2251,523536,11955,8,382517,1496,20915,216,2094884345,2094983443,0,2094983453,2094983968,3345114837,17865257,52,102,1040,0.0696,1645.6,0.36139077314930956,-0.18519270690087852,0.0696,24.64,76.3,,,,,,
2026-07-30T20:37:19.372660+00:00,S033,mounted,true,loose_mount,mild,500,loose_mount-mild_horizontal_no_load_0500rpm,2095082,502,251,4309,5560,2,3,322242,9,124,74,24,2,1650,1495,1235,61,121,1662,16383,1653,1642,1635328,800,1899,2221,523536,11956,8,382521,1496,20916,216,2094984395,2095083495,0,2095083504,2095084020,3342960704,17868244,60,103,1032,0.0696,1645.6,0.31108882134493143,-0.22545130043492811,0.0696,24.64,76.3,,,,,,
2026-07-30T20:37:19.467399+00:00,S033,mounted,true,loose_mount,mild,500,loose_mount-mild_horizontal_no_load_0500rpm,2095183,502,251,4309,5560,1,3,322262,9,124,74,24,2,1650,1494,1237,61,121,1666,16383,1653,1646,1635427,800,1909,2167,523511,11954,8,382521,1496,20917,216,2095084446,2095183552,0,2095183562,2095184077,3343371483,17862270,64,123,1020,0.0696,1645.6,0.22171416145223377,-0.20825637092186744,0.0696,24.52,76.1,,,,,,
2026-07-30T20:37:19.560889+00:00,S033,mounted,true,loose_mount,mild,500,loose_mount-mild_horizontal_no_load_0500rpm,2095283,502,255,4317,5587,4,3,322282,9,124,74,21,2,1650,1494,1273,58,118,1672,16383,1654,1642,1635404,800,1919,2190,523535,11954,8,382521,1496,20918,216,2095184504,2095283588,0,2095283598,2095284113,3343264100,17862266,82,122,1021,0.0696,1645.6,0.2600448678266689,-0.19159084641124302,0.0696,24.33,75.8,,,,,,
2026-07-30T20:37:19.653957+00:00,S033,mounted,true,loose_mount,mild,500,loose_mount-mild_horizontal_no_load_0500rpm,2095383,502,251,4338,5588,3,3,322303,9,124,74,24,3,1650,1494,1237,58,118,1667,16383,1654,1645,1635818,800,1993,2199,523564,11955,8,382523,1496,20919,216,2095284543,2095383627,0,2095383642,2095384157,3344938172,17865259,115,110,1029,0.0696,1645.6,0.2747372946047677,-0.0685437934755333,0.0696,24.48,76.1,,,,,,
2026-07-30T20:37:19.746460+00:00,S033,mounted,true,loose_mount,mild,500,loose_mount-mild_horizontal_no_load_0500rpm,2095483,493,262,4371,5700,1,3,322322,9,124,78,42,3,1650,1494,1221,60,127,1666,16383,1654,1643,1635478,800,2012,2105,523520,11955,8,382525,1496,20920,216,2095384585,2095483672,0,2095483682,2095484197,3343529280,17865257,86,113,1033,0.0696,1645.6,0.11809446800501888,-0.036881945545796935,0.0696,24.52,76.1,,,,,,
2026-07-30T20:37:19.854801+00:00,S033,mounted,true,loose_mount,mild,500,loose_mount-mild_horizontal_no_load_0500rpm,2095583,489,253,4405,5701,4,3,322342,9,124,74,23,3,1650,1494,1217,60,130,1668,16383,1654,1643,1634960,800,1871,2068,523499,11954,8,382525,1496,20921,216,2095484624,2095583696,0,2095583711,2095584226,3341434738,17862268,73,120,1026,0.0696,1645.6,0.056725468797055534,-0.271585364062239,0.0696,24.45,76.0,,,,,,
2026-07-30T20:37:19.964872+00:00,S033,mounted,true,loose_mount,mild,500,loose_mount-mild_horizontal_no_load_0500rpm,2095683,489,253,4405,5701,6,3,322361,9,124,74,23,3,1650,1494,1242,60,130,1678,16383,1656,1645,1636188,800,2007,2063,523609,11952,8,382522,1496,20922,216,2095584653,2095683731,0,2095683740,2095684255,3346428244,17856292,103,96,1033,0.0696,1645.6,0.048968024096385676,-0.04437453012048209,0.0696,24.15,75.5,,,,,,
2026-07-30T20:37:20.059012+00:00,S033,mounted,true,loose_mount,mild,500,loose_mount-mild_horizontal_no_load_0500rpm,2095783,498,249,4378,5628,1,3,322382,9,124,71,2,4,1650,1494,1213,59,125,1676,16383,1654,1642,1651580,808,1967,2258,523515,11955,8,382524,1496,20923,216,2095684686,2095784373,0,2095784447,2095784962,3375976750,17865257,92,113,1027,0.0696,1645.6,0.37305566449184413,-0.11187053274780467,0.0696,24.21,75.6,,,,,,
2026-07-30T20:37:20.152994+00:00,S033,mounted,true,loose_mount,mild,500,loose_mount-mild_horizontal_no_load_0500rpm,2095883,501,259,4318,5612,4,3,322402,9,124,74,17,2,1650,1494,1225,57,119,1668,16383,1653,1645,1635562,800,2013,2071,523520,11950,8,382517,1496,20924,216,2095785387,2095884450,0,2095884524,2095885039,3343860850,17850314,85,104,1030,0.0696,1645.6,0.06288041656903731,-0.03381198041841049,0.0696,24.45,76.0,,,,,,
2026-07-30T20:37:20.260864+00:00,S033,mounted,true,loose_mount,mild,500,loose_mount-mild_horizontal_no_load_0500rpm,2095983,502,239,4346,5539,2,3,322422,9,124,74,26,3,1650,1494,1213,57,119,1662,16383,1661,1644,1636069,800,2007,2243,523579,11953,8,382516,1496,20925,216,2095885466,2095984514,0,2095984588,2095985103,3346002585,17859279,75,96,1034,0.0696,1645.6,0.34868487902618517,-0.044654403831674294,0.0696,24.64,76.3,,,,,,
2026-07-30T20:37:20.354955+00:00,S033,mounted,true,loose_mount,mild,500,loose_mount-mild_horizontal_no_load_0500rpm,2096084,503,243,4330,5537,1,3,322442,9,124,73,24,2,1650,1495,1216,59,125,1661,16383,1654,1645,1635267,800,1999,2069,523558,11956,8,382520,1496,20926,216,2095985529,2096084599,0,2096084672,2096085187,3342659909,17868244,61,114,1033,0.0696,1645.6,0.05781522348611556,-0.05882393342254977,0.0696,24.67,76.4,,,,,,
2026-07-30T20:37:20.449982+00:00,S033,mounted,true,loose_mount,mild,500,loose_mount-mild_horizontal_no_load_0500rpm,2096184,494,367,4309,6165,5,3,322461,9,124,88,40,13,1650,1494,1208,59,125,1661,16383,1656,1646,1635836,800,2015,2095,523584,11954,8,382520,1496,20927,216,2096085614,2096184687,0,2096184761,2096185276,3344990062,17862268,72,103,1036,0.0696,1645.6,0.10172238497574027,-0.03160181110925242,0.0696,24.67,76.4,,,,,,
2026-07-30T20:37:20.543455+00:00,S033,mounted,true,loose_mount,mild,500,loose_mount-mild_horizontal_no_load_0500rpm,2096284,494,367,4309,6165,5,3,322479,9,124,88,40,13,1650,1494,1222,57,115,1664,16383,1654,1645,1651851,808,2003,2071,523584,11952,8,382517,1496,20928,216,2096185708,2096285361,0,2096285370,2096285885,3377037505,17856290,76,90,1041,0.0696,1645.6,0.06230267469879491,-0.05104185542168693,0.0696,24.58,76.2,,,,,,
2026-07-30T20:37:20.652537+00:00,S033,mounted,true,loose_mount,mild,500,loose_mount-mild_horizontal_no_load_0500rpm,2096384,446,245,4930,6303,5,3,322497,9,124,75,23,3,1650,1494,1218,57,116,1666,16383,1653,1643,1634917,800,1895,2149,523519,11955,8,382519,1496,20929,216,2096286316,2096385492,0,2096385501,2096386016,3341261773,17865255,75,104,1035,0.0696,1645.6,0.19141664215809273,-0.23185227227101635,0.0696,24.52,76.1,,,,,,
2026-07-30T20:37:20.744932+00:00,S033,mounted,true,loose_mount,mild,500,loose_mount-mild_horizontal_no_load_0500rpm,2096484,456,291,4515,6111,6,3,322517,9,124,76,32,14,1650,1494,1201,57,116,1665,16383,1655,1643,1635289,800,1960,2075,523503,11954,8,382519,1496,20930,216,2096386442,2096485513,0,2096485522,2096486036,3342758719,17862268,68,108,1034,0.0696,1645.6,0.06839133595449187,-0.12326219591768472,0.0696,24.55,76.2,,,,,,
2026-07-30T20:37:20.840387+00:00,S033,mounted,true,loose_mount,mild,500,loose_mount-mild_horizontal_no_load_0500rpm,2096585,518,233,4265,5392,1,3,322538,9,124,76,36,2,1650,1494,1217,56,117,1669,16383,1655,1644,1635144,800,1997,2161,523494,11955,8,382521,1496,20931,216,2096486464,2096585549,0,2096585559,2096586074,3342179270,17865257,78,96,1032,0.0696,1645.6,0.21141359874529497,-0.061878141279799515,0.0696,24.42,76.0,,,,,,
2026-07-30T20:37:20.983702+00:00,S033,mounted,true,loose_mount,mild,500,loose_mount-mild_horizontal_no_load_0500rpm,2096685,517,253,4198,5423,4,3,322558,9,124,74,22,2,1650,1495,1222,57,119,1668,16383,1654,1643,1635726,800,1906,2071,523539,11958,8,382529,1496,20932,216,2096586500,2096685620,0,2096685629,2096686144,3344553914,17874222,98,118,1033,0.0696,1645.6,0.06057060863020558,-0.21431856347215295,0.0696,24.45,76.0,,,,,,
2026-07-30T20:37:21.078427+00:00,S033,mounted,true,loose_mount,mild,500,loose_mount-mild_horizontal_no_load_0500rpm,2096785,490,297,4246,5761,2,3,322578,9,124,76,21,5,1650,1494,1217,57,119,1663,16383,1656,1644,1635730,800,2019,2215,523556,11952,8,382525,1496,20933,216,2096686570,2096785648,0,2096785657,2096786172,3344584534,17856292,102,105,1035,0.0696,1645.6,0.3023263855421683,-0.024372554216868014,0.0696,24.61,76.3,,,,,,
2026-07-30T20:37:21.172949+00:00,S033,mounted,true,loose_mount,mild,500,loose_mount-mild_horizontal_no_load_0500rpm,2096885,490,297,4246,5761,1,3,322598,9,124,76,21,5,1650,1494,1202,58,125,1670,16383,1653,1642,1635590,800,2021,2139,523535,11952,8,382522,1496,20934,216,2096786601,2096885689,0,2096885699,2096886214,3343987848,17856288,59,127,1022,0.0696,1645.6,0.17564720481927676,-0.021038891566265594,0.0696,24.39,75.9,,,,,,
2026-07-30T20:37:21.266082+00:00,S033,mounted,true,loose_mount,mild,500,loose_mount-mild_horizontal_no_load_0500rpm,2096985,489,244,4467,5714,4,3,322618,9,124,74,25,4,1650,1494,1197,58,125,1666,16383,1655,1645,1636447,800,2019,2183,523641,11951,8,382517,1496,20935,216,2096886641,2096985715,0,2096985725,2096986240,3347503511,17853305,87,112,1029,0.0696,1645.6,0.24929225077399364,-0.02409096000334765,0.0696,24.52,76.1,,,,,,
2026-07-30T20:37:21.359073+00:00,S033,mounted,true,loose_mount,mild,500,loose_mount-mild_horizontal_no_load_0500rpm,2097085,523,292,4210,5609,1,3,322640,9,124,76,35,7,1650,1494,1197,57,119,1665,16383,1655,1642,1652548,808,2019,2274,523646,11955,8,382519,1496,20936,216,2096986667,2097086372,0,2097086445,2097086960,3379947994,17865255,87,104,1030,0.0696,1645.6,0.39971827327478016,-0.025217054203262812,0.0696,24.55,76.2,,,,,,
2026-07-30T20:37:21.453684+00:00,S033,mounted,true,loose_mount,mild,500,loose_mount-mild_horizontal_no_load_0500rpm,2097185,530,240,4156,5287,6,3,322661,9,124,74,24,3,1650,1494,1196,60,121,1661,16383,1654,1643,1635577,800,2015,2297,523571,11954,8,382519,1496,20937,216,2097087387,2097186436,0,2097186510,2097187025,3344038077,17862268,84,111,1032,0.0696,1645.6,0.4383659800903459,-0.03160181110925242,0.0696,24.67,76.4,,,,,,
2026-07-30T20:37:21.548654+00:00,S033,mounted,true,loose_mount,mild,500,loose_mount-mild_horizontal_no_load_0500rpm,2097285,506,353,4118,5862,2,3,322680,9,124,101,89,5,1650,1494,1190,60,121,1664,16383,1654,1644,1635734,800,1955,2251,523583,11953,8,382518,1496,20938,216,2097187452,2097286520,0,2097286594,2097287109,3344618712,17859279,96,102,1039,0.0696,1645.6,0.36201841403831647,-0.13132238141052488,0.0696,24.58,76.2,,,,,,
2026-07-30T20:37:21.642304+00:00,S033,mounted,true,loose_mount,mild,500,loose_mount-mild_horizontal_no_load_0500rpm,2097386,489,238,4477,5697,1,3,322700,9,124,74,26,2,1650,1494,1202,63,128,1666,16383,1654,1640,1635382,800,1799,2117,523554,11954,8,382518,1496,20939,216,2097287538,2097386610,0,2097386684,2097387199,3343203906,17862268,100,89,1042,0.0696,1645.6,0.138386538899113,-0.3915771405387325,0.0696,24.52,76.1,,,,,,
2026-07-30T20:37:21.783634+00:00,S033,mounted,true,loose_mount,mild,500,loose_mount-mild_horizontal_no_load_0500rpm,2097486,489,238,4477,5697,4,3,322720,9,124,74,26,2,1650,1495,1205,63,122,1665,16383,1654,1644,1636060,800,1883,2065,523609,11956,8,382522,1496,20940,216,2097387626,2097486704,0,2097486777,2097487292,3345924510,17868244,90,84,1050,0.0696,1645.6,0.0511501288056202,-0.2521116791569087,0.0696,24.55,76.2,,,,,,
2026-07-30T20:37:21.877202+00:00,S033,mounted,true,loose_mount,mild,500,loose_mount-mild_horizontal_no_load_0500rpm,2097586,506,315,4028,5583,1,3,322742,9,124,76,38,8,1650,1494,1216,63,122,1662,16383,1653,1640,1651599,808,1863,2180,523565,11953,8,382521,1496,20941,216,2097487718,2097587382,0,2097587397,2097587912,3376058707,17859279,89,100,1036,0.0696,1645.6,0.24368329080565498,-0.28465803405002976,0.0696,24.64,76.3,,,,,,
2026-07-30T20:37:21.972173+00:00,S033,mounted,true,loose_mount,mild,500,loose_mount-mild_horizontal_no_load_0500rpm,2097686,530,274,4041,5333,6,3,322763,9,124,75,17,3,1650,1494,1218,63,119,1671,16383,1653,1644,1635686,800,1899,2225,523562,11951,8,382516,1496,20942,216,2097588339,2097687408,0,2097687418,2097687933,3344425988,17853305,106,76,1055,0.0696,1645.6,0.3193050242657516,-0.22412745569408443,0.0696,24.36,75.9,,,,,,
2026-07-30T20:37:22.063511+00:00,S033,mounted,true,loose_mount,mild,500,loose_mount-mild_horizontal_no_load_0500rpm,2097786,527,274,4173,5475,3,3,322783,9,124,78,32,3,1650,1494,1227,63,119,1666,16383,1653,1641,1635272,800,1854,2259,523530,11955,8,382518,1496,20943,216,2097688360,2097787451,0,2097787461,2097787976,3342763272,17865257,74,97,1053,0.0696,1645.6,0.374722077540778,-0.3001752072772903,0.0696,24.52,76.1,,,,,,
2026-07-30T20:37:22.156516+00:00,S033,mounted,true,loose_mount,mild,500,loose_mount-mild_horizontal_no_load_0500rpm,2097886,488,255,4386,5690,1,3,322802,9,124,74,17,2,1650,1494,1207,63,114,1660,16383,1654,1643,1635300,800,1983,2077,523511,11953,8,382517,1496,20944,216,2097788402,2097887493,0,2097887502,2097888017,3342801468,17859281,101,84,1049,0.0696,1645.6,0.07201402752447095,-0.08465500886806687,0.0696,24.7,76.5,,,,,,
2026-07-30T20:37:22.250264+00:00,S033,mounted,true,loose_mount,mild,500,loose_mount-mild_horizontal_no_load_0500rpm,2097987,489,250,4417,5696,4,3,322822,9,124,74,21,2,1650,1495,1195,62,116,1667,16383,1653,1643,1635546,800,1870,2207,523517,11957,8,382523,1496,20945,216,2097888443,2097987548,0,2097987558,2097988073,3343855936,17871235,101,91,1048,0.0696,1645.6,0.2874534323827045,-0.2740338316467339,0.0696,24.48,76.1,,,,,,
2026-07-30T20:37:22.344455+00:00,S033,mounted,true,loose_mount,mild,500,loose_mount-mild_horizontal_no_load_0500rpm,2098087,514,258,4294,5552,3,3,322843,9,124,75,30,6,1650,1494,1221,62,116,1675,16383,1653,1644,1635705,800,1904,2076,523582,11955,8,382525,1496,20946,216,2097988500,2098087593,0,2098087602,2098088117,3344473815,17865257,99,90,1036,0.0696,1645.6,0.06976848958594672,-0.2168545548306149,0.0696,24.24,75.6,,,,,,
2026-07-30T20:37:22.485013+00:00,S033,mounted,true,loose_mount,mild,500,loose_mount-mild_horizontal_no_load_0500rpm,2098187,514,258,4294,5552,5,3,322863,9,124,75,30,6,1650,1494,1217,58,113,1672,16383,1653,1643,1635209,800,1983,2073,523538,11953,8,382524,1496,20947,216,2098088543,2098187643,0,2098187652,2098188167,3342428443,17859279,99,103,1036,0.0696,1645.6,0.06534726001840552,-0.08465500886806687,0.0696,24.33,75.8,,,,,,
2026-07-30T20:37:22.578855+00:00,S033,mounted,true,loose_mount,mild,500,loose_mount-mild_horizontal_no_load_0500rpm,2098287,516,250,4220,5434,3,3,322885,9,124,74,23,2,1650,1494,1213,59,110,1679,16383,1655,1640,1635625,800,1791,2090,523563,11952,8,382521,1496,20948,216,2098188594,2098287667,0,2098287681,2098288196,3344205967,17856290,114,99,1046,0.0696,1645.6,0.0939724698795179,-0.40441009638554215,0.0696,24.12,75.4,,,,,,
2026-07-30T20:37:22.673870+00:00,S033,mounted,true,loose_mount,mild,500,loose_mount-mild_horizontal_no_load_0500rpm,2098387,526,244,4181,5340,4,3,322906,9,124,73,11,2,1650,1494,1200,59,110,1671,16383,1654,1645,1636013,800,1996,2085,523580,11954,8,382521,1496,20949,216,2098288623,2098387724,0,2098387733,2098388248,3345709981,17862268,94,99,1037,0.0696,1645.6,0.08505686046511629,-0.06326630767943797,0.0696,24.36,75.9,,,,,,
2026-07-30T20:37:22.765644+00:00,S033,mounted,true,loose_mount,mild,500,loose_mount-mild_horizontal_no_load_0500rpm,2098487,529,250,4153,5335,3,3,322927,9,124,74,20,0,1650,1494,1222,59,120,1673,16383,1655,1645,1652249,808,1987,2073,523595,11955,8,382523,1496,20950,216,2098388674,2098488352,0,2098488426,2098488941,3378661619,17865255,83,107,1029,0.0696,1645.6,0.06476925043914683,-0.07854227176913486,0.0696,24.3,75.7,,,,,,
2026-07-30T20:37:22.858990+00:00,S033,mounted,true,loose_mount,mild,500,loose_mount-mild_horizontal_no_load_0500rpm,2098587,511,361,4148,5913,5,3,322947,9,124,98,79,7,1650,1495,1209,59,120,1666,16383,1653,1643,1635093,800,1977,2071,523536,11956,8,382527,1496,20951,216,2098489366,2098588433,0,2098588511,2098589027,3341953171,17868244,75,96,1031,0.0696,1645.6,0.061147770826363246,-0.09548195416527294,0.0696,24.52,76.1,,,,,,
2026-07-30T20:37:22.952816+00:00,S033,mounted,true,loose_mount,mild,500,loose_mount-mild_horizontal_no_load_0500rpm,2098687,489,248,4485,5755,4,3,322966,9,124,73,21,4,1650,1494,1219,57,113,1665,16383,1653,1642,1634575,800,1953,2077,523485,11953,8,382526,1496,20952,216,2098589452,2098688523,0,2098688597,2098689112,3339842733,17859281,87,115,1028,0.0696,1645.6,0.07201402752447095,-0.13465576516355737,0.0696,24.55,76.2,,,,,,
2026-07-30T20:37:23.045534+00:00,S033,mounted,true,loose_mount,mild,500,loose_mount-mild_horizontal_no_load_0500rpm,2098788,490,246,4416,5673,2,3,322986,9,124,73,20,3,1650,1495,1219,57,121,1663,16383,1654,1643,1634888,800,1837,2067,523525,11956,8,382530,1496,20953,216,2098689539,2098788787,0,2098788861,2098789376,3341161872,17868246,79,98,1033,0.0696,1645.6,0.05448267614586788,-0.32876026798260316,0.0696,24.61,76.3,,,,,,
2026-07-30T20:37:23.187256+00:00,S033,mounted,true,loose_mount,mild,500,loose_mount-mild_horizontal_no_load_0500rpm,2098888,490,246,4416,5673,1,3,323006,9,124,73,20,3,1650,1494,1225,57,121,1667,16383,1654,1644,1651536,808,1983,2077,523522,11954,8,382530,1496,20954,216,2098789802,2098889370,0,2098889385,2098889900,3375750110,17862268,69,101,1041,0.0696,1645.6,0.07172444085661667,-0.08493148954324958,0.0696,24.48,76.1,,,,,,
2026-07-30T20:37:23.280258+00:00,S033,mounted,true,loose_mount,mild,500,loose_mount-mild_horizontal_no_load_0500rpm,2098988,489,259,4426,5750,5,3,323025,9,124,74,17,2,1650,1495,1247,55,118,1666,16383,1653,1642,1635289,800,1788,2067,523522,11959,8,382539,1496,20955,216,2098890327,2098989412,0,2098989421,2098989936,3342825669,17877211,80,123,1029,0.0696,1645.6,0.05361867723053715,-0.41115505569027544,0.0696,24.52,76.1,,,,,,
2026-07-30T20:37:23.375529+00:00,S033,mounted,true,loose_mount,mild,500,loose_mount-mild_horizontal_no_load_0500rpm,2099088,491,237,4444,5650,6,3,323045,9,124,73,25,6,1650,1494,1248,57,121,1662,16383,1654,1642,1635125,800,2007,2069,523486,11955,8,382540,1496,20956,216,2098990363,2099089471,0,2099089480,2099089996,3342081477,17865255,77,122,1029,0.0696,1645.6,0.0581035982434126,-0.045214010790464165,0.0696,24.64,76.3,,,,,,
2026-07-30T20:37:23.469404+00:00,S033,mounted,true,loose_mount,mild,500,loose_mount-mild_horizontal_no_load_0500rpm,2099188,502,268,4284,5621,3,3,323065,9,124,74,19,3,1650,1494,1213,57,121,1664,16383,1653,1643,1635738,800,1931,2071,523563,11954,8,382540,1496,20957,216,2099090422,2099189507,0,2099189516,2099190031,3344598862,17862266,84,131,1045,0.0696,1645.6,0.06172512615024228,-0.1715922169984947,0.0696,24.58,76.2,,,,,,
2026-07-30T20:37:23.562105+00:00,S033,mounted,true,loose_mount,mild,500,loose_mount-mild_horizontal_no_load_0500rpm,2099289,502,251,4355,5608,5,3,323085,9,124,75,27,2,1650,1494,1238,57,114,1663,16383,1656,1643,1635899,800,2010,2255,523551,11955,8,382541,1496,20958,216,2099190458,2099289552,0,2099289562,2099290077,3345306373,17865255,101,148,1031,0.0696,1645.6,0.3680564253450438,-0.04021477164366427,0.0696,24.61,76.3,,,,,,
2026-07-30T20:37:23.656836+00:00,S033,mounted,true,loose_mount,mild,500,loose_mount-mild_horizontal_no_load_0500rpm,2099389,515,245,4282,5473,2,3,323106,9,124,75,31,3,1650,1494,1230,57,114,1665,16383,1653,1644,1635494,800,1783,2061,523558,11953,8,382539,1496,20959,216,2099290509,2099389607,0,2099389616,2099390131,3343664248,17859279,69,131,1021,0.0696,1645.6,0.045346957500208784,-0.4179933841713379,0.0696,24.55,76.2,,,,,,
2026-07-30T20:37:23.751471+00:00,S033,mounted,true,loose_mount,mild,500,loose_mount-mild_horizontal_no_load_0500rpm,2099489,515,245,4282,5473,5,3,323127,9,124,75,31,3,1650,1495,1251,57,121,1663,16383,1654,1643,1635437,800,2011,2111,523527,11957,8,382544,1496,20960,216,2099390558,2099489642,0,2099489656,2099490171,3343361051,17871235,85,117,1025,0.0696,1645.6,0.12750453817847252,-0.03910889328426892,0.0696,24.61,76.3,,,,,,
2026-07-30T20:37:23.894118+00:00,S033,mounted,true,loose_mount,mild,500,loose_mount-mild_horizontal_no_load_0500rpm,2099589,517,242,4237,5411,6,3,323147,9,124,74,24,2,1650,1494,1243,61,131,1664,16383,1654,1645,1635762,800,1931,2063,523562,11953,8,382541,1496,20961,216,2099490598,2099589677,0,2099589686,2099590201,3344696610,17859281,92,95,1029,0.0696,1645.6,0.04868034125324128,-0.17132298644691746,0.0696,24.58,76.2,,,,,,
2026-07-30T20:37:23.986237+00:00,S033,mounted,true,loose_mount,mild,500,loose_mount-mild_horizontal_no_load_0500rpm,2099689,506,263,4211,5513,3,3,323167,9,124,77,38,2,1650,1494,1237,61,131,1663,16383,1654,1642,1636512,800,1997,2247,523606,11953,8,382539,1496,20962,216,2099590627,2099689732,0,2099689741,2099690256,3347831776,17859281,91,103,1042,0.0696,1645.6,0.35535164653225104,-0.06132132259683809,0.0696,24.61,76.3,,,,,,
2026-07-30T20:37:24.079769+00:00,S033,mounted,true,loose_mount,mild,500,loose_mount-mild_horizontal_no_load_0500rpm,2099789,502,264,4275,5592,4,3,323188,9,124,75,22,2,1650,1495,1225,58,127,1667,16383,1655,1643,1652050,808,1977,2255,523571,11957,8,382544,1496,20963,216,2099690687,2099790370,0,2099790449,2099790964,3377894984,17871235,111,105,1039,0.0696,1645.6,0.36742787948482025,-0.09575745998160112,0.0696,24.48,76.1,,,,,,
2026-07-30T20:37:24.173463+00:00,S033,mounted,true,loose_mount,mild,500,loose_mount-mild_horizontal_no_load_0500rpm,2099889,502,245,4341,5563,2,3,323208,9,124,74,25,3,1650,1495,1251,57,130,1662,16383,1654,1643,1635640,800,2015,2251,523555,11957,8,382549,1496,20964,216,2099791393,2099890459,0,2099890538,2099891053,3344227210,17871233,109,106,1025,0.0696,1645.6,0.3607633422263108,-0.032444356025759014,0.0696,24.64,76.3,,,,,,
2026-07-30T20:37:24.267232+00:00,S033,mounted,true,loose_mount,mild,500,loose_mount-mild_horizontal_no_load_0500rpm,2099990,503,243,4322,5531,1,3,323228,9,124,73,22,3,1650,1495,1240,57,130,1668,16383,1652,1647,1635611,800,2013,2073,523526,11956,8,382551,1496,20965,216,2099891481,2099990536,0,2099990610,2099991125,3344064391,17868244,97,92,1033,0.0696,1645.6,0.06448031816661048,-0.03549610204081688,0.0696,24.45,76.0,,,,,,
2026-07-30T20:37:24.359343+00:00,S033,mounted,true,loose_mount,mild,500,loose_mount-mild_horizontal_no_load_0500rpm,2100090,503,243,4322,5531,4,3,323248,9,124,73,22,3,1650,1494,1225,56,132,1668,16383,1653,1645,1635329,800,2004,2071,523512,11955,8,382551,1496,20966,216,2099991551,2100090616,0,2100090690,2100091205,3342913773,17865255,87,90,1030,0.0696,1645.6,0.06143642434127994,-0.05021324993726495,0.0696,24.45,76.0,,,,,,
2026-07-30T20:37:24.452591+00:00,S033,mounted,true,loose_mount,mild,500,loose_mount-mild_horizontal_no_load_0500rpm,2100190,510,278,4109,5472,3,3,323269,9,124,73,20,5,1650,1494,1242,56,132,1666,16383,1655,1643,1635861,800,1967,2235,523558,11955,8,382551,1496,20967,216,2100091631,2100190669,0,2100190743,2100191258,3345129753,17865255,99,95,1031,0.0696,1645.6,0.334728164366374,-0.11187053274780467,0.0696,24.52,76.1,,,,,,
2026-07-30T20:37:24.546094+00:00,S033,mounted,true,loose_mount,mild,500,loose_mount-mild_horizontal_no_load_0500rpm,2100290,531,261,4032,5263,6,3,323291,9,124,75,25,2,1650,1494,1234,56,126,1662,16383,1654,1641,1652046,808,2009,2289,523526,11954,8,382550,1496,20968,216,2100191684,2100291357,0,2100291366,2100291881,3377904680,17862268,104,90,1036,0.0696,1645.6,0.42503356048184715,-0.041601125815626805,0.0696,24.64,76.3,,,,,,
2026-07-30T20:37:24.686528+00:00,S033,mounted,true,loose_mount,mild,500,loose_mount-mild_horizontal_no_load_0500rpm,2100390,531,246,4100,5258,3,3,323311,9,124,73,21,2,1650,1494,1211,56,129,1656,16383,1654,1643,1635298,800,1881,2257,523505,11953,8,382547,1496,20969,216,2100292308,2100391399,0,2100391409,2100391923,3342880766,17859281,97,86,1038,0.0696,1645.6,0.37201856529741484,-0.2546575802727351,0.0696,24.82,76.7,,,,,,
2026-07-30T20:37:24.779899+00:00,S033,mounted,true,loose_mount,mild,500,loose_mount-mild_horizontal_no_load_0500rpm,2100490,503,307,4118,5642,4,3,323332,9,124,77,21,7,1650,1494,1245,56,129,1661,16383,1655,1644,1635252,800,1791,2071,523523,11951,8,382540,1496,20970,216,2100392349,2100491442,0,2100491456,2100491971,3342663398,17853305,115,92,1041,0.0696,1645.6,0.06259152146263913,-0.404160301815748,0.0696,24.67,76.4,,,,,,
2026-07-30T20:37:24.872587+00:00,S033,mounted,true,loose_mount,mild,500,loose_mount-mild_horizontal_no_load_0500rpm,2100590,501,249,4363,5607,2,3,323352,9,124,74,25,2,1650,1494,1234,58,127,1663,16383,1655,1645,1635908,800,2015,2070,523556,11951,8,382534,1496,20971,216,2100492398,2100591456,0,2100591466,2100591981,3345281568,17853303,115,91,1038,0.0696,1645.6,0.06092455066521607,-0.030758843193038565,0.0696,24.61,76.3,,,,,,
2026-07-30T20:37:24.967618+00:00,S033,mounted,true,loose_mount,mild,500,loose_mount-mild_horizontal_no_load_0500rpm,2100690,524,268,4224,5506,5,3,323373,9,124,74,28,5,1650,1494,1224,59,129,1663,16383,1655,1643,1636317,800,1977,2231,523602,11954,8,382534,1496,20972,216,2100592408,2100691512,0,2100691522,2100692037,3347015795,17862266,109,101,1034,0.0696,1645.6,0.3283735183202272,-0.09493080424962352,0.0696,24.61,76.3,,,,,,
2026-07-30T20:37:25.061074+00:00,S033,mounted,true,loose_mount,mild,500,loose_mount-mild_horizontal_no_load_0500rpm,2100791,530,234,4168,5273,2,3,323394,9,124,75,31,2,1650,1494,1242,59,129,1657,16383,1654,1642,1635652,800,1985,2065,523614,11953,8,382532,1496,20973,216,2100692465,2100791539,0,2100791549,2100792064,3344235516,17859281,98,90,1038,0.0696,1645.6,0.052013725006274214,-0.08132162511503394,0.0696,24.79,76.6,,,,,,
2026-07-30T20:37:25.154226+00:00,S033,mounted,true,loose_mount,mild,500,loose_mount-mild_horizontal_no_load_0500rpm,2100891,530,234,4168,5273,5,3,323415,9,124,75,31,2,1650,1494,1209,57,127,1660,16383,1654,1643,1634909,800,1827,2074,523556,11954,8,382532,1496,20974,216,2100792490,2100891593,0,2100891603,2100892118,3341246819,17862270,73,106,1035,0.0696,1645.6,0.06672478350342992,-0.3449136719089845,0.0696,24.7,76.5,,,,,,
2026-07-30T20:37:25.295660+00:00,S033,mounted,true,loose_mount,mild,500,loose_mount-mild_horizontal_no_load_0500rpm,2100991,523,287,4086,5461,2,3,323436,9,124,81,46,3,1650,1495,1234,57,127,1657,16383,1653,1643,1635877,800,2020,2087,523576,11956,8,382535,1496,20975,216,2100892545,2100991641,0,2100991650,2100992165,3345154537,17868246,80,98,1026,0.0696,1645.6,0.08780814954834382,-0.023832186349950213,0.0696,24.79,76.6,,,,,,
2026-07-30T20:37:25.389908+00:00,S033,mounted,true,loose_mount,mild,500,loose_mount-mild_horizontal_no_load_0500rpm,2101091,517,253,4207,5432,1,3,323456,9,124,74,25,1,1650,1495,1232,58,128,1660,16383,1653,1644,1636016,800,2019,2235,523572,11957,8,382540,1496,20976,216,2100992591,2101091687,0,2101091697,2101092216,3345768812,17871233,83,79,1029,0.0696,1645.6,0.33410519319227205,-0.02577981876724955,0.0696,24.7,76.5,,,,,,
2026-07-30T20:37:25.483446+00:00,S033,mounted,true,loose_mount,mild,500,loose_mount-mild_horizontal_no_load_0500rpm,2101191,520,245,4155,5334,2,3,323478,9,124,73,24,5,1650,1494,1219,57,119,1661,16383,1655,1643,1635936,800,1974,2307,523600,11953,8,382538,1496,20977,216,2101092641,2101191730,0,2101191740,2101192255,3345469696,17859279,82,89,1026,0.0696,1645.6,0.4553531591232325,-0.09965523575671398,0.0696,24.67,76.4,,,,,,
2026-07-30T20:37:25.577683+00:00,S033,mounted,true,loose_mount,mild,500,loose_mount-mild_horizontal_no_load_0500rpm,2101291,531,254,4082,5281,5,3,323499,9,124,75,28,2,1650,1495,1230,57,119,1661,16383,1653,1643,1651784,808,2023,2072,523548,11957,8,382543,1496,20978,216,2101192680,2101292345,0,2101292419,2101292934,3376754112,17871235,79,88,1044,0.0696,1645.6,0.06252529990800326,-0.019115281508739645,0.0696,24.67,76.4,,,,,,
2026-07-30T20:37:25.669210+00:00,S033,mounted,true,loose_mount,mild,500,loose_mount-mild_horizontal_no_load_0500rpm,2101391,530,246,4132,5291,2,3,323520,9,124,75,29,3,1650,1494,1208,58,117,1668,16383,1654,1643,1635230,800,2024,2069,523523,11949,8,382533,1496,20979,216,2101293360,2101392429,0,2101392503,2101393018,3342507032,17847327,93,84,1048,0.0696,1645.6,0.05983486040672803,-0.01519138111975904,0.0696,24.45,76.0,,,,,,
2026-07-30T20:37:25.764909+00:00,S033,mounted,true,loose_mount,mild,500,loose_mount-mild_horizontal_no_load_0500rpm,2101491,518,273,4095,5416,5,3,323541,9,124,76,28,3,1650,1494,1213,58,124,1663,16383,1655,1645,1636217,800,2015,2209,523559,11954,8,382533,1496,20980,216,2101393444,2101492519,0,2101492593,2101493108,3346571957,17862268,115,62,1058,0.0696,1645.6,0.29170936439685446,-0.03160181110925242,0.0696,24.61,76.3,,,,,,
2026-07-30T20:37:25.854815+00:00,S033,mounted,true,loose_mount,mild,500,loose_mount-mild_horizontal_no_load_0500rpm,2101592,518,273,4095,5416,6,3,323561,9,124,76,28,3,1650,1495,1200,58,124,1661,16383,1654,1643,1635302,800,1911,2187,523547,11958,8,382540,1496,20981,216,2101493535,2101592594,0,2101592668,2101593183,3342856984,17874222,115,85,1052,0.0696,1645.6,0.2538260265930754,-0.20598858855995994,0.0696,24.67,76.4,,,,,,
2026-07-30T20:37:25.997777+00:00,S033,mounted,true,loose_mount,mild,500,loose_mount-mild_horizontal_no_load_0500rpm,2101692,517,244,4242,5422,5,3,323583,9,124,74,26,3,1650,1494,1208,57,118,1664,16383,1655,1641,1651705,808,1977,2167,523529,11952,8,382536,1496,20982,216,2101593610,2101693396,0,2101693405,2101693920,3376463193,17856292,102,85,1042,0.0696,1645.6,0.22231848192771064,-0.0943794698795184,0.0696,24.58,76.2,,,,,,
2026-07-30T20:37:26.092021+00:00,S033,mounted,true,loose_mount,mild,500,loose_mount-mild_horizontal_no_load_0500rpm,2101792,526,246,4173,5342,2,3,323604,9,124,73,12,3,1650,1494,1209,57,118,1668,16383,1655,1643,1636079,800,2009,2255,523532,11955,8,382537,1496,20983,216,2101694347,2101793432,0,2101793442,2101793957,3346022211,17865257,78,104,1028,0.0696,1645.6,0.3680564253450438,-0.04188118469259772,0.0696,24.45,76.0,,,,,,
2026-07-30T20:37:26.186739+00:00,S033,mounted,true,loose_mount,mild,500,loose_mount-mild_horizontal_no_load_0500rpm,2101892,530,238,4156,5281,5,3,323625,9,124,74,24,3,1650,1494,1209,56,126,1664,16383,1654,1643,1635752,800,1835,2215,523561,11954,8,382537,1496,20984,216,2101794384,2101893493,0,2101893502,2101894017,3344713572,17862268,80,103,1034,0.0696,1645.6,0.30170867910322885,-0.3315812523004853,0.0696,24.58,76.2,,,,,,
2026-07-30T20:37:26.280022+00:00,S033,mounted,true,loose_mount,mild,500,loose_mount-mild_horizontal_no_load_0500rpm,2101993,531,240,4130,5260,3,3,323647,9,124,74,27,2,1650,1494,1193,56,128,1670,16383,1654,1642,1635964,800,2019,2067,523588,11955,8,382538,1496,20985,216,2101894448,2101993529,0,2101993539,2101994054,3345509806,17865259,98,91,1036,0.0696,1645.6,0.05477077214554571,-0.025217054203262812,0.0696,24.39,75.9,,,,,,
2026-07-30T20:37:26.374105+00:00,S033,mounted,true,loose_mount,mild,500,loose_mount-mild_horizontal_no_load_0500rpm,2102093,531,243,4116,5261,4,3,323668,9,124,74,26,3,1650,1495,1192,56,128,1668,16383,1654,1645,1635728,800,1989,2063,523575,11958,8,382545,1496,20986,216,2101994480,2102093585,0,2102093594,2102094109,3344543274,17874222,96,95,1035,0.0696,1645.6,0.04724264877069739,-0.07604097992975456,0.0696,24.45,76.0,,,,,,
2026-07-30T20:37:26.468224+00:00,S033,mounted,true,loose_mount,mild,500,loose_mount-mild_horizontal_no_load_0500rpm,2102193,531,251,4069,5253,3,3,323689,9,124,74,23,2,1650,1494,1201,56,128,1665,16383,1655,1645,1636206,800,2015,2163,523643,11954,8,382544,1496,20987,216,2102094535,2102193635,0,2102193645,2102194160,3346512796,17862268,87,108,1033,0.0696,1645.6,0.21504795164798374,-0.03160181110925242,0.0696,24.55,76.2,,,,,,
2026-07-30T20:37:26.562149+00:00,S033,mounted,true,loose_mount,mild,500,loose_mount-mild_horizontal_no_load_0500rpm,2102293,556,255,3958,5106,2,3,323712,9,124,75,30,7,1650,1494,1214,58,124,1679,16383,1654,1643,1635268,800,1995,2177,523603,11951,8,382537,1496,20988,216,2102194590,2102293656,0,2102293665,2102294180,3342683744,17853305,93,115,1037,0.0696,1645.6,0.23929042598945705,-0.06409825914149492,0.0696,24.12,75.4,,,,,,
2026-07-30T20:37:26.703787+00:00,S033,mounted,true,loose_mount,mild,500,loose_mount-mild_horizontal_no_load_0500rpm,2102393,558,266,3863,5058,4,3,323734,9,124,75,19,1,1650,1494,1190,58,124,1670,16383,1654,1643,1635877,800,1993,2065,523647,11955,8,382538,1496,20989,216,2102294607,2102393725,0,2102393735,2102394250,3345155623,17865257,101,94,1035,0.0696,1645.6,0.05143794604767837,-0.0685437934755333,0.0696,24.39,75.9,,,,,,
2026-07-30T20:37:26.796511+00:00,S033,mounted,true,loose_mount,mild,500,loose_mount-mild_horizontal_no_load_0500rpm,2102493,507,444,3970,6163,2,3,323754,9,124,132,147,8,1650,1495,1196,59,127,1668,16383,1653,1645,1651714,808,1883,2077,523622,11956,8,382541,1496,20990,216,2102394677,2102494433,0,2102494507,2102495022,3376500648,17868246,86,102,1036,0.0696,1645.6,0.07114541284710585,-0.2521116791569087,0.0696,24.45,76.0,,,,,,
2026-07-30T20:37:26.891135+00:00,S033,mounted,true,loose_mount,mild,500,loose_mount-mild_horizontal_no_load_0500rpm,2102593,507,444,3970,6163,1,3,323774,9,124,132,147,8,1650,1494,1192,59,127,1667,16383,1653,1642,1634775,800,1873,2071,523524,11950,8,382533,1496,20991,216,2102495451,2102594504,0,2102594578,2102595093,3340680281,17850320,64,94,1033,0.0696,1645.6,0.06288041656903731,-0.26720742142259457,0.0696,24.48,76.1,,,,,,
2026-07-30T20:37:26.985632+00:00,S033,mounted,true,loose_mount,mild,500,loose_mount-mild_horizontal_no_load_0500rpm,2102694,490,256,4470,5778,4,3,323794,9,124,75,26,1,1650,1494,1189,56,123,1667,16383,1654,1645,1635400,800,1862,2065,523523,11954,8,382533,1496,20992,216,2102595521,2102694570,0,2102694649,2102695164,3343239294,17862266,90,99,1029,0.0696,1645.6,0.0517258114438679,-0.28658433612180056,0.0696,24.48,76.1,,,,,,
2026-07-30T20:37:27.080199+00:00,S033,mounted,true,loose_mount,mild,500,loose_mount-mild_horizontal_no_load_0500rpm,2102794,505,284,4225,5631,2,3,323814,9,124,72,17,6,1650,1494,1216,57,120,1672,16383,1655,1643,1635605,800,1795,2068,523537,11954,8,382533,1496,20993,216,2102695590,2102794670,0,2102794744,2102795258,3344112825,17862270,75,99,1031,0.0696,1645.6,0.056725468797055534,-0.3982433503429812,0.0696,24.33,75.8,,,,,,
2026-07-30T20:37:27.175603+00:00,S033,mounted,true,loose_mount,mild,500,loose_mount-mild_horizontal_no_load_0500rpm,2102894,516,249,4246,5453,5,3,323835,9,124,74,22,2,1650,1495,1234,57,120,1669,16383,1653,1644,1652327,808,2013,2100,523558,11958,8,382540,1496,20994,216,2102795684,2102895336,0,2102895345,2102895860,3378977983,17874222,86,112,1031,0.0696,1645.6,0.10888446312092315,-0.036057100351229554,0.0696,24.42,76.0,,,,,,
2026-07-30T20:37:27.268776+00:00,S033,mounted,true,loose_mount,mild,500,loose_mount-mild_horizontal_no_load_0500rpm,2102994,508,330,4241,5864,6,3,323855,9,124,84,44,7,1650,1494,1245,58,121,1668,16383,1653,1644,1635762,800,2023,2245,523549,11954,8,382540,1496,20995,216,2102896287,2102995366,0,2102995376,2102995891,3344723744,17862266,82,107,1037,0.0696,1645.6,0.3517052526351008,-0.01826939150075324,0.0696,24.45,76.0,,,,,,
2026-07-30T20:37:27.403520+00:00,S033,mounted,true,loose_mount,mild,500,loose_mount-mild_horizontal_no_load_0500rpm,2103094,488,252,4503,5797,3,3,323875,9,124,73,23,6,1650,1495,1227,60,116,1667,16383,1653,1645,1635438,800,2011,2071,523523,11957,8,382545,1496,20996,216,2102996318,2103095412,0,2103095426,2103095941,3343356784,17871233,75,103,1042,0.0696,1645.6,0.06085916559337612,-0.03910889328426892,0.0696,24.48,76.1,,,,,,
2026-07-30T20:37:27.501440+00:00,S033,mounted,true,loose_mount,mild,500,loose_mount-mild_horizontal_no_load_0500rpm,2103194,488,252,4503,5797,1,3,323894,9,124,73,23,6,1650,1494,1213,60,116,1667,16383,1653,1646,1635754,800,2005,2271,523562,11949,8,382534,1496,20997,216,2103096368,2103195469,0,2103195479,2103195994,3344707424,17847331,99,101,1032,0.0696,1645.6,0.3966193223700727,-0.0468691275420543,0.0696,24.48,76.1,,,,,,
2026-07-30T20:37:27.593070+00:00,S033,mounted,true,loose_mount,mild,500,loose_mount-mild_horizontal_no_load_0500rpm,2103295,489,265,4415,5772,5,3,323913,9,124,74,21,2,1650,1494,1225,63,123,1668,16383,1653,1646,1634954,800,1795,2065,523528,11955,8,382535,1496,20998,216,2103196421,2103295530,0,2103295539,2103296054,3341440824,17865257,89,100,1045,0.0696,1645.6,0.05143794604767837,-0.3984935771643663,0.0696,24.45,76.0,,,,,,
2026-07-30T20:37:27.684569+00:00,S033,mounted,true,loose_mount,mild,500,loose_mount-mild_horizontal_no_load_0500rpm,2103395,474,263,4531,5919,4,3,323932,9,124,74,15,3,1650,1494,1242,63,123,1666,16383,1653,1647,1635849,800,1998,2071,523548,11950,8,382527,1496,20999,216,2103296485,2103395591,0,2103395600,2103396115,3345041053,17850318,97,87,1034,0.0696,1645.6,0.06288041656903731,-0.058818634811715675,0.0696,24.52,76.1,,,,,,
2026-07-30T20:37:27.781074+00:00,S033,mounted,true,loose_mount,mild,500,loose_mount-mild_horizontal_no_load_0500rpm,2103495,476,239,4612,5871,2,3,323952,9,124,74,23,4,1650,1494,1224,61,123,1664,16383,1656,1644,1636089,800,1931,2171,523612,11955,8,382529,1496,21000,216,2103396541,2103495632,0,2103495641,2103496157,3346066485,17865257,96,87,1034,0.0696,1645.6,0.22807772923462988,-0.17186140250941095,0.0696,24.58,76.2,,,,,,
2026-07-30T20:37:27.873678+00:00,S033,mounted,true,loose_mount,mild,500,loose_mount-mild_horizontal_no_load_0500rpm,2103595,515,253,4301,5531,5,3,323973,9,124,75,34,6,1650,1494,1216,58,114,1662,16383,1653,1643,1635471,800,1941,2071,523600,11954,8,382529,1496,21001,216,2103496582,2103595681,0,2103595696,2103596211,3343512559,17862266,113,101,1035,0.0696,1645.6,0.06172512615024228,-0.15492669248787072,0.0696,24.64,76.3,,,,,,
2026-07-30T20:37:27.966133+00:00,S033,mounted,true,loose_mount,mild,500,loose_mount-mild_horizontal_no_load_0500rpm,2103695,515,253,4301,5531,6,3,323993,9,124,75,34,6,1650,1495,1251,58,114,1665,16383,1653,1643,1652478,808,1807,2261,523584,11956,8,382532,1496,21002,216,2103596639,2103696282,0,2103696356,2103696871,3379767926,17868244,86,106,1029,0.0696,1645.6,0.3777397681498824,-0.3787484780863166,0.0696,24.55,76.2,,,,,,
2026-07-30T20:37:28.199432+00:00,S033,mounted,true,loose_mount,mild,500,loose_mount-mild_horizontal_no_load_0500rpm,2103795,517,252,4190,5408,1,3,324014,9,124,74,27,2,1650,1495,1245,58,118,1661,16383,1653,1643,1635209,800,2011,2203,523520,11958,8,382539,1496,21003,216,2103697298,2103796366,0,2103796440,2103796955,3342455613,17874224,83,103,1030,0.0696,1645.6,0.2804819463120918,-0.039389090316106934,0.0696,24.67,76.4,,,,,,
2026-07-30T20:37:28.199508+00:00,S033,mounted,true,loose_mount,mild,500,loose_mount-mild_horizontal_no_load_0500rpm,2103895,517,252,4211,5430,6,3,324035,9,124,74,23,1,1650,1494,1237,57,130,1662,16383,1654,1643,1635761,800,2007,2073,523523,11955,8,382540,1496,21004,216,2103797382,2103896438,0,2103896512,2103897027,3344681047,17865255,88,94,1027,0.0696,1645.6,0.06476925043914683,-0.045214010790464165,0.0696,24.64,76.3,,,,,,
2026-07-30T20:37:28.294612+00:00,S033,mounted,true,loose_mount,mild,500,loose_mount-mild_horizontal_no_load_0500rpm,2103995,517,249,4224,5429,3,3,324055,9,124,74,20,2,1650,1494,1245,57,130,1661,16383,1653,1643,1634948,800,2022,2065,523484,11955,8,382541,1496,21005,216,2103897453,2103996487,0,2103996561,2103997079,3341357376,17865257,90,79,1042,0.0696,1645.6,0.05143794604767837,-0.02021781505646203,0.0696,24.67,76.4,,,,,,
2026-07-30T20:37:28.389034+00:00,S033,mounted,true,loose_mount,mild,500,loose_mount-mild_horizontal_no_load_0500rpm,2104096,507,268,4222,5544,4,3,324076,9,124,79,41,1,1650,1495,1227,56,119,1662,16383,1653,1644,1635742,800,1961,2069,523534,11958,8,382548,1496,21006,216,2103997505,2104096548,0,2104096627,2104097142,3344605444,17874222,115,87,1042,0.0696,1645.6,0.0572386186653282,-0.12268883943803299,0.0696,24.64,76.3,,,,,,
2026-07-30T20:37:28.482944+00:00,S033,mounted,true,loose_mount,mild,500,loose_mount-mild_horizontal_no_load_0500rpm,2104196,503,258,4286,5571,2,3,324096,9,124,74,23,2,1650,1494,1242,56,119,1673,16383,1653,1643,1635672,800,2005,2207,523533,11953,8,382545,1496,21007,216,2104097569,2104196621,0,2104196695,2104197210,3344341896,17859279,123,89,1045,0.0696,1645.6,0.28868397147159675,-0.04798778758470679,0.0696,24.3,75.7,,,,,,
2026-07-30T20:37:28.577832+00:00,S033,mounted,true,loose_mount,mild,500,loose_mount-mild_horizontal_no_load_0500rpm,2104296,497,292,4330,5802,3,3,324115,9,124,79,38,3,1650,1495,1213,54,116,1667,16383,1653,1643,1635414,800,1781,2263,523563,11957,8,382549,1496,21008,216,2104197637,2104296687,0,2104296761,2104297276,3343377604,17871233,101,106,1031,0.0696,1645.6,0.38075695400184006,-0.4223197856485741,0.0696,24.48,76.1,,,,,,
2026-07-30T20:37:28.670325+00:00,S033,mounted,true,loose_mount,mild,500,loose_mount-mild_horizontal_no_load_0500rpm,2104396,497,292,4330,5802,5,3,324135,9,124,79,38,3,1650,1494,1234,57,125,1663,16383,1653,1639,1651552,808,1947,2147,523530,11953,8,382546,1496,21009,216,2104297705,2104397374,0,2104397384,2104397899,3375831240,17859281,112,103,1036,0.0696,1645.6,0.1886824588806153,-0.14465591642265574,0.0696,24.61,76.3,,,,,,
2026-07-30T20:37:28.810752+00:00,S033,mounted,true,loose_mount,mild,500,loose_mount-mild_horizontal_no_load_0500rpm,2104496,489,246,4485,5742,6,3,324155,9,124,74,22,2,1650,1494,1253,57,125,1660,16383,1653,1647,1635387,800,2007,2063,523523,11953,8,382543,1496,21010,216,2104398327,2104497470,0,2104497479,2104497994,3343149535,17859279,76,116,1027,0.0696,1645.6,0.04868034125324128,-0.044654403831674294,0.0696,24.7,76.5,,,,,,
2026-07-30T20:37:28.904867+00:00,S033,mounted,true,loose_mount,mild,500,loose_mount-mild_horizontal_no_load_0500rpm,2104596,495,272,4263,5636,3,3,324175,9,124,73,22,8,1650,1494,1213,57,118,1666,16383,1655,1643,1635002,800,1795,2075,523516,11955,8,382544,1496,21011,216,2104498421,2104597497,0,2104597506,2104598020,3341652290,17865255,92,106,1034,0.0696,1645.6,0.06810207653701328,-0.3984935771643663,0.0696,24.52,76.1,,,,,,
2026-07-30T20:37:28.999631+00:00,S033,mounted,true,loose_mount,mild,500,loose_mount-mild_horizontal_no_load_0500rpm,2104697,518,262,4143,5410,4,3,324196,9,124,75,26,1,1650,1494,1214,55,113,1663,16383,1655,1643,1635562,800,1852,2163,523537,11953,8,382541,1496,21012,216,2104598447,2104697551,0,2104697560,2104698075,3343915998,17859279,85,95,1027,0.0696,1645.6,0.21534952890487702,-0.30299164469170936,0.0696,24.61,76.3,,,,,,
2026-07-30T20:37:29.093464+00:00,S033,mounted,true,loose_mount,mild,500,loose_mount-mild_horizontal_no_load_0500rpm,2104797,517,244,4211,5394,3,3,324217,9,124,73,19,3,1650,1495,1245,55,113,1665,16383,1655,1643,1635660,800,2019,2069,523561,11956,8,382544,1496,21013,216,2104698501,2104797573,0,2104797583,2104798098,3344268552,17868244,90,116,1025,0.0696,1645.6,0.05781522348611556,-0.025498460020073832,0.0696,24.55,76.2,,,,,,
2026-07-30T20:37:29.187283+00:00,S033,mounted,true,loose_mount,mild,500,loose_mount-mild_horizontal_no_load_0500rpm,2104897,529,238,4183,5310,4,3,324238,9,124,73,18,3,1650,1494,1205,51,111,1665,16383,1653,1643,1635410,800,1991,2071,523536,11951,8,382537,1496,21014,216,2104798525,2104897621,0,2104897630,2104898145,3343247402,17853305,93,93,1035,0.0696,1645.6,0.06259152146263913,-0.07076614233118583,0.0696,24.55,76.2,,,,,,
2026-07-30T20:37:29.280170+00:00,S033,mounted,true,loose_mount,mild,500,loose_mount-mild_horizontal_no_load_0500rpm,2104997,530,250,4116,5297,3,3,324259,9,124,74,17,2,1650,1494,1223,51,111,1661,16383,1654,1644,1635847,800,1961,2065,523588,11952,8,382533,1496,21015,216,2104898571,2104997652,0,2104997662,2104998177,3345038153,17856292,85,107,1022,0.0696,1645.6,0.052301686746988096,-0.12104877108433776,0.0696,24.67,76.4,,,,,,
2026-07-30T20:37:29.371497+00:00,S033,mounted,true,loose_mount,mild,500,loose_mount-mild_horizontal_no_load_0500rpm,2105097,530,250,4116,5297,4,3,324280,9,124,74,17,2,1650,1494,1218,53,112,1664,16383,1654,1643,1635154,800,1802,2084,523557,11954,8,382533,1496,21016,216,2104998604,2105097685,0,2105097695,2105098210,3342257468,17862266,84,105,1029,0.0696,1645.6,0.08339030801405345,-0.38657748318554486,0.0696,24.58,76.2,,,,,,
2026-07-30T20:37:29.468249+00:00,S033,mounted,true,loose_mount,mild,500,loose_mount-mild_horizontal_no_load_0500rpm,2105197,510,287,4111,5518,2,3,324300,9,124,86,64,4,1650,1494,1222,55,109,1661,16383,1653,1644,1651941,808,2023,2067,523568,11950,8,382525,1496,21017,216,2105098637,2105198355,0,2105198429,2105198944,3377399219,17850318,68,111,1028,0.0696,1645.6,0.05621197539748923,-0.017140877489540074,0.0696,24.67,76.4,,,,,,
2026-07-30T20:37:29.611153+00:00,S033,mounted,true,loose_mount,mild,500,loose_mount-mild_horizontal_no_load_0500rpm,2105297,502,276,4246,5622,1,3,324320,9,124,75,19,3,1650,1494,1237,55,109,1658,16383,1656,1644,1635909,800,1991,2146,523587,11953,8,382524,1496,21018,216,2105199371,2105298480,0,2105298554,2105299069,3345311709,17859283,77,91,1042,0.0696,1645.6,0.18701576700409905,-0.07132147385593646,0.0696,24.76,76.6,,,,,,
2026-07-30T20:37:29.704144+00:00,S033,mounted,true,loose_mount,mild,500,loose_mount-mild_horizontal_no_load_0500rpm,2105398,523,318,3984,5504,2,3,324342,9,124,75,35,9,1650,1494,1245,57,115,1665,16383,1655,1644,1635802,800,2012,2211,523551,11955,8,382526,1496,21019,216,2105299495,2105398544,0,2105398617,2105399133,3344875990,17865257,92,87,1039,0.0696,1645.6,0.2947342511919695,-0.036881945545796935,0.0696,24.55,76.2,,,,,,
2026-07-30T20:37:29.794097+00:00,S033,mounted,true,loose_mount,mild,500,loose_mount-mild_horizontal_no_load_0500rpm,2105498,543,251,3980,5134,4,3,324364,9,124,74,19,3,1650,1495,1216,58,126,1662,16383,1655,1646,1636073,800,1995,2195,523590,11959,8,382536,1496,21020,216,2105399558,2105498631,0,2105498705,2105499220,3345976879,17877211,93,99,1032,0.0696,1645.6,0.26684820344510385,-0.0663229312651561,0.0696,24.64,76.3,,,,,,
2026-07-30T20:37:29.886931+00:00,S033,mounted,true,loose_mount,mild,500,loose_mount-mild_horizontal_no_load_0500rpm,2105598,544,245,3992,5119,1,3,324386,9,124,73,18,2,1650,1494,1232,58,126,1664,16383,1653,1643,1635663,800,2025,2195,523562,11953,8,382534,1496,21021,216,2105499646,2105598685,0,2105598759,2105599274,3344296765,17859281,99,90,1027,0.0696,1645.6,0.26868366895340046,-0.014653950054379639,0.0696,24.58,76.2,,,,,,
2026-07-30T20:37:29.980885+00:00,S033,mounted,true,loose_mount,mild,500,loose_mount-mild_horizontal_no_load_0500rpm,2105698,557,238,3945,5016,2,3,324408,9,124,74,24,3,1650,1494,1232,59,125,1668,16383,1654,1643,1652106,808,2001,2341,523550,11955,8,382535,1496,21022,216,2105599700,2105699347,0,2105699356,2105699871,3378163984,17865257,95,98,1032,0.0696,1645.6,0.5113679475533246,-0.05521248908406573,0.0696,24.45,76.0,,,,,,
2026-07-30T20:37:30.074329+00:00,S033,mounted,true,loose_mount,mild,500,loose_mount-mild_horizontal_no_load_0500rpm,2105798,557,245,3898,4997,6,3,324431,9,124,74,24,3,1650,1495,1237,59,125,1664,16383,1655,1647,1636150,800,1961,2127,523620,11956,8,382538,1496,21023,216,2105700297,2105799394,0,2105799403,2105799918,3346286438,17868246,87,107,1029,0.0696,1645.6,0.15445909635329524,-0.12214233288725396,0.0696,24.58,76.2,,,,,,
2026-07-30T20:37:30.215528+00:00,S033,mounted,true,loose_mount,mild,500,loose_mount-mild_horizontal_no_load_0500rpm,2105898,538,293,3887,5247,1,3,324452,9,124,85,59,3,1650,1494,1230,59,121,1672,16383,1655,1643,1635714,800,2021,2191,523619,11955,8,382539,1496,21024,216,2105800345,2105899429,0,2105899438,2105899953,3344511010,17865257,75,113,1024,0.0696,1645.6,0.2614059902132997,-0.021884228105395476,0.0696,24.33,75.8,,,,,,
2026-07-30T20:37:30.308288+00:00,S033,mounted,true,loose_mount,mild,500,loose_mount-mild_horizontal_no_load_0500rpm,2105998,538,293,3887,5247,6,3,324473,9,124,85,59,3,1650,1494,1234,59,121,1666,16383,1653,1643,1635239,800,1975,2067,523585,11951,8,382533,1496,21025,216,2105900380,2105999493,0,2105999503,2106000018,3342548797,17853307,73,115,1031,0.0696,1645.6,0.05592363827294777,-0.09743767508995127,0.0696,24.52,76.1,,,,,,
2026-07-30T20:37:30.417282+00:00,S033,mounted,true,loose_mount,mild,500,loose_mount-mild_horizontal_no_load_0500rpm,2106099,530,266,4068,5325,1,3,324494,9,124,74,21,3,1650,1494,1211,59,121,1664,16383,1654,1645,1635969,800,2005,2255,523578,11954,8,382533,1496,21026,216,2106000445,2106099674,0,2106099683,2106100202,3345595577,17862270,99,116,1032,0.0696,1645.6,0.3683707771457252,-0.048267335619876395,0.0696,24.58,76.2,,,,,,
2026-07-30T20:37:30.510773+00:00,S033,mounted,true,loose_mount,mild,500,loose_mount-mild_horizontal_no_load_0500rpm,2106199,530,235,4152,5263,2,3,324516,9,124,74,25,2,1650,1494,1222,57,125,1663,16383,1653,1643,1635735,800,1967,2199,523594,11954,8,382533,1496,21027,216,2106100629,2106199714,0,2106199723,2106200239,3344609727,17862268,88,120,1020,0.0696,1645.6,0.2750438398862305,-0.1115963287602475,0.0696,24.61,76.3,,,,,,
2026-07-30T20:37:30.603779+00:00,S033,mounted,true,loose_mount,mild,500,loose_mount-mild_horizontal_no_load_0500rpm,2106299,531,247,4105,5270,5,3,324537,9,124,74,28,3,1650,1494,1185,58,133,1668,16383,1653,1643,1651574,808,1907,2063,523563,11954,8,382533,1496,21028,216,2106200665,2106300364,0,2106300438,2106300953,3375917414,17862266,78,120,1023,0.0696,1645.6,0.0483927065417431,-0.21158947582399223,0.0696,24.45,76.0,,,,,,
2026-07-30T20:37:30.697200+00:00,S033,mounted,true,loose_mount,mild,500,loose_mount-mild_horizontal_no_load_0500rpm,2106399,530,252,4085,5276,3,3,324559,9,124,74,24,2,1650,1495,1193,58,133,1661,16383,1655,1641,1634951,800,1886,2074,523515,11958,8,382540,1496,21029,216,2106301380,2106400438,0,2106400517,2106401032,3341421691,17874224,88,118,1024,0.0696,1645.6,0.06556859357752076,-0.2476384631209232,0.0696,24.67,76.4,,,,,,
2026-07-30T20:37:30.789305+00:00,S033,mounted,true,loose_mount,mild,500,loose_mount-mild_horizontal_no_load_0500rpm,2106500,530,257,4078,5288,4,3,324580,9,124,74,24,2,1650,1494,1188,60,135,1664,16383,1655,1642,1636135,800,1951,2273,523565,11954,8,382540,1496,21030,216,2106401459,2106500527,0,2106500601,2106501116,3346269333,17862268,95,105,1023,0.0696,1645.6,0.39836872126484835,-0.1382611679772463,0.0696,24.58,76.2,,,,,,
2026-07-30T20:37:30.881340+00:00,S033,mounted,true,loose_mount,mild,500,loose_mount-mild_horizontal_no_load_0500rpm,2106600,530,250,4109,5289,3,3,324601,9,124,74,23,2,1650,1494,1214,60,135,1659,16383,1654,1641,1635369,800,1989,2073,523548,11955,8,382541,1496,21031,216,2106501543,2106600594,0,2106600668,2106601183,3343077843,17865255,81,110,1026,0.0696,1645.6,0.06476925043914683,-0.07520944567126753,0.0696,24.73,76.5,,,,,,
2026-07-30T20:37:30.975918+00:00,S033,mounted,true,loose_mount,mild,500,loose_mount-mild_horizontal_no_load_0500rpm,2106700,510,284,4105,5497,5,3,324621,9,124,85,62,3,1650,1495,1190,59,131,1664,16383,1655,1641,1652218,808,1999,2069,523555,11957,8,382546,1496,21032,216,2106601610,2106701324,0,2106701333,2106701848,3378535172,17871233,65,117,1028,0.0696,1645.6,0.057526896964120944,-0.05910250505979775,0.0696,24.58,76.2,,,,,,
2026-07-30T20:37:31.116476+00:00,S033,mounted,true,loose_mount,mild,500,loose_mount-mild_horizontal_no_load_0500rpm,2106800,510,284,4105,5497,6,3,324641,9,124,85,62,3,1650,1494,1188,58,123,1665,16383,1654,1641,1635429,800,2009,2199,523548,11951,8,382539,1496,21033,216,2106702275,2106801371,0,2106801381,2106801896,3343350495,17853305,86,121,1033,0.0696,1645.6,0.27596378353275863,-0.04076066797757516,0.0696,24.55,76.2,,,,,,
2026-07-30T20:37:31.210595+00:00,S033,mounted,true,loose_mount,mild,500,loose_mount-mild_horizontal_no_load_0500rpm,2106901,503,266,4261,5583,1,3,324662,9,124,75,23,3,1650,1494,1206,58,123,1666,16383,1654,1644,1635676,800,2019,2267,523515,11953,8,382537,1496,21034,216,2106802323,2106901539,0,2106901548,2106902063,3344378264,17859279,104,98,1038,0.0696,1645.6,0.3886854840625782,-0.024654101313478005,0.0696,24.52,76.1,,,,,,
2026-07-30T20:37:31.305948+00:00,S033,mounted,true,loose_mount,mild,500,loose_mount-mild_horizontal_no_load_0500rpm,2107001,511,250,4257,5479,4,3,324682,9,124,71,2,4,1650,1494,1212,58,130,1665,16383,1655,1643,1635575,800,1969,2243,523508,11953,8,382535,1496,21035,216,2106902490,2107001580,0,2107001590,2107002106,3343971355,17859281,93,97,1034,0.0696,1645.6,0.34868487902618517,-0.10798869513929565,0.0696,24.55,76.2,,,,,,
2026-07-30T20:37:31.398942+00:00,S033,mounted,true,loose_mount,mild,500,loose_mount-mild_horizontal_no_load_0500rpm,2107101,516,252,4202,5427,3,3,324703,9,124,74,17,3,1650,1494,1214,59,123,1660,16383,1654,1643,1635411,800,2007,2066,523507,11955,8,382536,1496,21036,216,2107002530,2107101623,0,2107101633,2107102148,3343247299,17865257,83,102,1037,0.0696,1645.6,0.05310435909661182,-0.045214010790464165,0.0696,24.7,76.5,,,,,,
2026-07-30T20:37:31.495019+00:00,S033,mounted,true,loose_mount,mild,500,loose_mount-mild_horizontal_no_load_0500rpm,2107201,516,255,4216,5454,4,3,324724,9,124,74,22,2,1650,1494,1206,59,123,1661,16383,1654,1644,1635968,800,1977,2211,523564,11952,8,382532,1496,21037,216,2107102575,2107201665,0,2107201674,2107202189,3345562150,17856290,89,127,1031,0.0696,1645.6,0.29565906024096344,-0.0943794698795184,0.0696,24.67,76.4,,,,,,
2026-07-30T20:37:31.585976+00:00,S033,mounted,true,loose_mount,mild,500,loose_mount-mild_horizontal_no_load_0500rpm,2107301,516,251,4220,5437,3,3,324745,9,124,74,24,2,1650,1495,1202,56,118,1663,16383,1655,1643,1635664,800,1999,2077,523567,11957,8,382537,1496,21038,216,2107202616,2107301717,0,2107301732,2107302247,3344284186,17871235,97,124,1032,0.0696,1645.6,0.07085597148114076,-0.05910250505979775,0.0696,24.61,76.3,,,,,,
2026-07-30T20:37:31.678812+00:00,S033,mounted,true,loose_mount,mild,500,loose_mount-mild_horizontal_no_load_0500rpm,2107401,516,246,4223,5416,5,3,324765,9,124,74,25,1,1650,1494,1206,56,118,1664,16383,1654,1642,1651432,808,1965,2067,523514,11952,8,382533,1496,21039,216,2107302674,2107402357,0,2107402431,2107402946,3375329076,17856290,72,114,1023,0.0696,1645.6,0.05563534939759052,-0.11438144578313292,0.0696,24.58,76.2,,,,,,
2026-07-30T20:37:31.818041+00:00,S033,mounted,true,loose_mount,mild,500,loose_mount-mild_horizontal_no_load_0500rpm,2107501,516,246,4223,5416,6,3,324785,9,124,74,25,1,1650,1494,1224,57,117,1665,16383,1654,1642,1635612,800,2022,2239,523536,11950,8,382525,1496,21040,216,2107403373,2107502434,0,2107502508,2107503023,3344104778,17850318,96,118,1030,0.0696,1645.6,0.3429549457740584,-0.01880798778242676,0.0696,24.55,76.2,,,,,,
2026-07-30T20:37:31.914519+00:00,S033,mounted,true,loose_mount,mild,500,loose_mount-mild_horizontal_no_load_0500rpm,2107602,503,270,4238,5582,3,3,324805,9,124,75,20,3,1650,1494,1229,58,118,1658,16383,1653,1645,1635800,800,2013,2068,523539,11954,8,382525,1496,21041,216,2107503450,2107602644,0,2107602718,2107603232,3344835540,17862266,111,103,1027,0.0696,1645.6,0.056725468797055534,-0.034934916011377215,0.0696,24.76,76.6,,,,,,
2026-07-30T20:37:32.008196+00:00,S033,mounted,true,loose_mount,mild,500,loose_mount-mild_horizontal_no_load_0500rpm,2107702,502,245,4345,5563,4,3,324826,9,124,74,24,3,1650,1495,1205,58,118,1663,16383,1652,1644,1635341,800,1946,2065,523526,11957,8,382531,1496,21042,216,2107603661,2107702741,0,2107702815,2107703330,3342974195,17871233,104,97,1041,0.0696,1645.6,0.05086235970561148,-0.147407623735051,0.0696,24.61,76.3,,,,,,
2026-07-30T20:37:32.100244+00:00,S033,mounted,true,loose_mount,mild,500,loose_mount-mild_horizontal_no_load_0500rpm,2107802,503,255,4325,5592,2,3,324846,9,124,74,20,1,1650,1494,1215,56,114,1662,16383,1652,1644,1651757,808,1997,2205,523530,11952,8,382527,1496,21043,216,2107703757,2107803380,0,2107803389,2107803904,3376676885,17856292,75,104,1029,0.0696,1645.6,0.2856580722891562,-0.06104284337349419,0.0696,24.64,76.3,,,,,,
2026-07-30T20:37:32.194964+00:00,S033,mounted,true,loose_mount,mild,500,loose_mount-mild_horizontal_no_load_0500rpm,2107902,502,241,4339,5540,1,3,324866,9,124,74,24,2,1650,1494,1238,57,120,1664,16383,1655,1643,1635361,800,2015,2249,523489,11954,8,382527,1496,21044,216,2107804331,2107903433,0,2107903442,2107903958,3343089729,17862268,70,86,1043,0.0696,1645.6,0.35837146243935036,-0.03160181110925242,0.0696,24.58,76.2,,,,,,
2026-07-30T20:37:32.288013+00:00,S033,mounted,true,loose_mount,mild,500,loose_mount-mild_horizontal_no_load_0500rpm,2108002,513,242,4290,5472,6,3,324887,9,124,72,10,2,1650,1494,1219,57,120,1661,16383,1654,1643,1635631,800,2013,2063,523531,11953,8,382526,1496,21045,216,2107904383,2108003476,0,2108003486,2108004001,3344143891,17859279,95,86,1054,0.0696,1645.6,0.04868034125324128,-0.03465425257257637,0.0696,24.67,76.4,,,,,,
2026-07-30T20:37:32.427616+00:00,S033,mounted,true,loose_mount,mild,500,loose_mount-mild_horizontal_no_load_0500rpm,2108102,516,235,4254,5392,3,3,324907,9,124,73,19,4,1650,1494,1244,60,129,1660,16383,1655,1644,1635819,800,2022,2063,523566,11954,8,382526,1496,21046,216,2108004427,2108103515,0,2108103524,2108104039,3344915217,17862268,86,104,1042,0.0696,1645.6,0.0483927065417431,-0.019935943951815638,0.0696,24.7,76.5,,,,,,
2026-07-30T20:37:32.519937+00:00,S033,mounted,true,loose_mount,mild,500,loose_mount-mild_horizontal_no_load_0500rpm,2108203,516,235,4254,5392,4,3,324928,9,124,73,19,4,1650,1494,1224,60,129,1662,16383,1652,1642,1634901,800,2025,2069,523534,11954,8,382526,1496,21047,216,2108104470,2108203539,0,2108203549,2108204064,3341164515,17862272,75,100,1041,0.0696,1645.6,0.05839202124811749,-0.014936286598628001,0.0696,24.64,76.3,,,,,,
2026-07-30T20:37:32.614228+00:00,S033,mounted,true,loose_mount,mild,500,loose_mount-mild_horizontal_no_load_0500rpm,2108303,516,251,4190,5406,3,3,324949,9,124,74,16,2,1650,1494,1246,60,128,1660,16383,1653,1646,1635577,800,2022,2061,523518,11953,8,382525,1496,21048,216,2108204491,2108303585,0,2108303594,2108304109,3343922905,17859279,95,97,1037,0.0696,1645.6,0.045346957500208784,-0.019654025683928822,0.0696,24.7,76.5,,,,,,
2026-07-30T20:37:32.708900+00:00,S033,mounted,true,loose_mount,mild,500,loose_mount-mild_horizontal_no_load_0500rpm,2108403,516,254,4207,5438,4,3,324970,9,124,74,19,1,1650,1494,1216,57,120,1663,16383,1654,1643,1635644,800,1953,2245,523521,11954,8,382525,1496,21049,216,2108304535,2108403643,0,2108403657,2108404172,3344248040,17862268,102,81,1045,0.0696,1645.6,0.3517052526351008,-0.1349280630751215,0.0696,24.61,76.3,,,,,,
2026-07-30T20:37:32.802034+00:00,S033,mounted,true,loose_mount,mild,500,loose_mount-mild_horizontal_no_load_0500rpm,2108503,514,279,4221,5579,2,3,324990,9,124,77,27,3,1650,1494,1219,57,120,1662,16383,1653,1642,1635336,800,1999,2074,523524,11952,8,382522,1496,21050,216,2108404599,2108503696,0,2108503705,2108504220,3342942574,17856290,94,92,1039,0.0696,1645.6,0.06730316867469854,-0.05770918072289177,0.0696,24.64,76.3,,,,,,
2026-07-30T20:37:32.897274+00:00,S033,mounted,true,loose_mount,mild,500,loose_mount-mild_horizontal_no_load_0500rpm,2108603,502,241,4371,5571,1,3,325010,9,124,74,25,3,1650,1494,1242,59,128,1664,16383,1652,1643,1634862,800,1829,2065,523486,11952,8,382519,1496,21051,216,2108504646,2108603713,0,2108603722,2108604237,3341046096,17856294,79,89,1039,0.0696,1645.6,0.052301686746988096,-0.34107050602409705,0.0696,24.58,76.2,,,,,,
2026-07-30T20:37:32.990363+00:00,S033,mounted,true,loose_mount,mild,500,loose_mount-mild_horizontal_no_load_0500rpm,2108703,503,246,4342,5564,4,3,325030,9,124,74,27,2,1650,1495,1213,62,129,1667,16383,1654,1643,1651417,808,1933,2285,523466,11956,8,382523,1496,21052,216,2108604663,2108704462,0,2108704536,2108705051,3375329795,17868244,62,100,1047,0.0696,1645.6,0.41773033623285327,-0.1687979956507193,0.0696,24.48,76.1,,,,,,
2026-07-30T20:37:33.129453+00:00,S033,mounted,true,loose_mount,mild,500,loose_mount-mild_horizontal_no_load_0500rpm,2108804,502,261,4330,5629,2,3,325050,9,124,74,23,3,1650,1494,1225,62,129,1663,16383,1653,1644,1635715,800,2007,2069,523519,11951,8,382518,1496,21053,216,2108705479,2108804550,0,2108804623,2108805139,3344491301,17853303,76,102,1042,0.0696,1645.6,0.05925757986779345,-0.04409460957242084,0.0696,24.61,76.3,,,,,,
2026-07-30T20:37:33.224194+00:00,S033,mounted,true,loose_mount,mild,500,loose_mount-mild_horizontal_no_load_0500rpm,2108904,502,261,4330,5629,1,3,325070,9,124,74,23,3,1650,1494,1245,62,132,1663,16383,1653,1644,1635627,800,1989,2071,523539,11952,8,382515,1496,21054,216,2108805565,2108904635,0,2108904709,2108905224,3344132363,17856294,99,104,1044,0.0696,1645.6,0.06230267469879491,-0.07437749397590432,0.0696,24.61,76.3,,,,,,
2026-07-30T20:37:33.317815+00:00,S033,mounted,true,loose_mount,mild,500,loose_mount-mild_horizontal_no_load_0500rpm,2109004,503,244,4352,5568,4,3,325090,9,124,74,28,3,1650,1494,1206,62,132,1663,16383,1653,1645,1635528,800,2009,2175,523554,11955,8,382517,1496,21055,216,2108905651,2109004713,0,2109004787,2109005302,3343746278,17865257,97,116,1041,0.0696,1645.6,0.23474338143036366,-0.04188118469259772,0.0696,24.61,76.3,,,,,,
2026-07-30T20:37:33.411599+00:00,S033,mounted,true,loose_mount,mild,500,loose_mount-mild_horizontal_no_load_0500rpm,2109104,493,258,4313,5621,2,3,325110,9,124,77,39,2,1650,1494,1226,62,128,1661,16383,1654,1642,1651773,808,1691,2191,523522,11955,8,382519,1496,21056,216,2109005729,2109105364,0,2109105373,2109105888,3376858821,17865257,93,119,1040,0.0696,1645.6,0.2614059902132997,-0.5718005342534509,0.0696,24.67,76.4,,,,,,
2026-07-30T20:37:33.505924+00:00,S033,mounted,true,loose_mount,mild,500,loose_mount-mild_horizontal_no_load_0500rpm,2109204,489,264,4404,5756,1,3,325130,9,124,74,19,2,1650,1495,1238,61,120,1667,16383,1654,1643,1635823,800,1853,2227,523537,11956,8,382523,1496,21057,216,2109106315,2109205419,0,2109205434,2109205949,3345007729,17868244,89,101,1049,0.0696,1645.6,0.32108646336567404,-0.3020998892606226,0.0696,24.48,76.1,,,,,,
2026-07-30T20:37:33.600189+00:00,S033,mounted,true,loose_mount,mild,500,loose_mount-mild_horizontal_no_load_0500rpm,2109304,499,244,4392,5618,4,3,325150,9,124,72,6,2,1650,1494,1256,61,120,1662,16383,1654,1647,1636011,800,2007,2071,523577,11953,8,382522,1496,21058,216,2109206376,2109305471,0,2109305481,2109305996,3345700435,17859279,88,89,1045,0.0696,1645.6,0.06201387626537258,-0.044654403831674294,0.0696,24.64,76.3,,,,,,
2026-07-30T20:37:33.691493+00:00,S033,mounted,true,loose_mount,mild,500,loose_mount-mild_horizontal_no_load_0500rpm,2109405,502,235,4366,5536,2,3,325170,9,124,73,21,4,1650,1494,1240,57,112,1660,16383,1653,1644,1635047,800,2015,2101,523526,11955,8,382524,1496,21059,216,2109306421,2109405666,0,2109405675,2109406190,3341763395,17865255,82,85,1044,0.0696,1645.6,0.11142881580928465,-0.03188270639899615,0.0696,24.7,76.5,,,,,,
2026-07-30T20:37:33.831905+00:00,S033,mounted,true,loose_mount,mild,500,loose_mount-mild_horizontal_no_load_0500rpm,2109505,502,235,4366,5536,1,3,325190,9,124,73,21,4,1650,1494,1229,56,124,1658,16383,1654,1644,1635471,800,2025,2307,523525,11950,8,382517,1496,21060,216,2109406616,2109505674,0,2109505684,2109506199,3343559579,17850318,72,103,1046,0.0696,1645.6,0.45631844569037616,-0.013806656903765813,0.0696,24.76,76.6,,,,,,
2026-07-30T20:37:33.926044+00:00,S033,mounted,true,loose_mount,mild,500,loose_mount-mild_horizontal_no_load_0500rpm,2109605,510,247,4223,5433,6,3,325211,9,124,71,14,4,1650,1494,1242,56,124,1665,16383,1655,1640,1634707,800,1867,2069,523448,11951,8,382512,1496,21061,216,2109506626,2109605701,0,2109605711,2109606226,3340413307,17853303,78,107,1040,0.0696,1645.6,0.05925757986779345,-0.2774705212116144,0.0696,24.55,76.2,,,,,,
2026-07-30T20:37:34.018744+00:00,S033,mounted,true,loose_mount,mild,500,loose_mount-mild_horizontal_no_load_0500rpm,2109705,517,252,4157,5376,1,3,325232,9,124,74,25,2,1650,1495,1195,56,117,1665,16383,1656,1642,1651890,808,1854,2069,523519,11957,8,382519,1496,21062,216,2109606653,2109706358,0,2109706432,2109706947,3377228126,17871235,89,101,1044,0.0696,1645.6,0.057526896964120944,-0.3006919806807731,0.0696,24.55,76.2,,,,,,
2026-07-30T20:37:34.112253+00:00,S033,mounted,true,loose_mount,mild,500,loose_mount-mild_horizontal_no_load_0500rpm,2109805,510,328,4178,5783,4,3,325252,9,124,83,38,7,1650,1495,1202,56,117,1670,16383,1655,1644,1635628,800,1949,2069,523552,11956,8,382523,1496,21063,216,2109707374,2109806425,0,2109806499,2109807014,3344147448,17868246,79,103,1036,0.0696,1645.6,0.05781522348611556,-0.14213761692873916,0.0696,24.39,75.9,,,,,,
2026-07-30T20:37:34.204956+00:00,S033,mounted,true,loose_mount,mild,500,loose_mount-mild_horizontal_no_load_0500rpm,2109905,488,245,4502,5758,6,3,325271,9,124,74,25,5,1650,1494,1245,56,123,1664,16383,1655,1643,1635742,800,1813,2171,523585,11951,8,382518,1496,21064,216,2109807441,2109906504,0,2109906578,2109907093,3344689202,17853303,95,97,1044,0.0696,1645.6,0.22928860120491956,-0.367486944272446,0.0696,24.58,76.2,,,,,,
2026-07-30T20:37:34.297013+00:00,S033,mounted,true,loose_mount,mild,500,loose_mount-mild_horizontal_no_load_0500rpm,2110006,491,239,4409,5630,3,3,325291,9,124,73,22,5,1650,1494,1208,56,119,1666,16383,1654,1646,1635836,800,1927,2069,523602,11952,8,382515,1496,21065,216,2109907519,2110006566,0,2110006640,2110007155,3344995136,17856294,83,87,1043,0.0696,1645.6,0.05896901204819249,-0.17772103614457846,0.0696,24.52,76.1,,,,,,
2026-07-30T20:37:34.389170+00:00,S033,mounted,true,loose_mount,mild,500,loose_mount-mild_horizontal_no_load_0500rpm,2110106,491,239,4409,5630,4,3,325312,9,124,73,22,5,1650,1494,1203,56,119,1673,16383,1653,1645,1635869,800,1920,2167,523636,11954,8,382515,1496,21066,216,2110007580,2110106661,0,2110106735,2110107250,3345148207,17862268,75,97,1027,0.0696,1645.6,0.22171416145223377,-0.18992429396018107,0.0696,24.3,75.7,,,,,,
2026-07-30T20:37:34.529037+00:00,S033,mounted,true,loose_mount,mild,500,loose_mount-mild_horizontal_no_load_0500rpm,2110206,516,238,4290,5443,2,3,325332,9,124,75,32,3,1650,1495,1226,54,122,1663,16383,1653,1646,1636123,800,2021,2215,523684,11958,8,382523,1496,21067,216,2110107676,2110206732,0,2110206806,2110207321,3346185851,17874222,83,89,1029,0.0696,1645.6,0.3004738861013543,-0.022729140491721367,0.0696,24.61,76.3,,,,,,
2026-07-30T20:37:34.622855+00:00,S033,mounted,true,loose_mount,mild,500,loose_mount-mild_horizontal_no_load_0500rpm,2110306,517,246,4229,5423,5,3,325353,9,124,74,24,2,1650,1495,1208,56,125,1666,16383,1654,1644,1652185,808,1949,2241,523696,11956,8,382527,1496,21068,216,2110207750,2110307377,0,2110307386,2110307901,3378442705,17868244,88,96,1038,0.0696,1645.6,0.34441429474740737,-0.14213761692873916,0.0696,24.52,76.1,,,,,,
2026-07-30T20:37:34.717013+00:00,S033,mounted,true,loose_mount,mild,500,loose_mount-mild_horizontal_no_load_0500rpm,2110406,517,243,4221,5397,2,3,325374,9,124,74,21,1,1651,1494,1222,56,125,1661,16383,1654,1643,1635693,800,2007,2063,523723,11953,8,382526,1496,21069,216,2110308327,2110407440,0,2110407450,2110407965,3344401321,17859281,98,115,1034,0.0734,1645.6,0.04868034125324128,-0.044654403831674294,0.0734,24.67,76.4,,,,,,
2026-07-30T20:37:34.811681+00:00,S033,mounted,true,loose_mount,mild,500,loose_mount-mild_horizontal_no_load_0500rpm,2110506,516,248,4199,5399,5,3,325395,9,124,74,22,3,1650,1494,1216,58,122,1660,16383,1654,1639,1635223,800,1939,2073,523696,11954,8,382526,1496,21070,216,2110408392,2110507461,0,2110507475,2110507990,3342492105,17862266,105,112,1047,0.0696,1645.6,0.06505823105236708,-0.15825979738999552,0.0696,24.7,76.5,,,,,,
2026-07-30T20:37:34.904258+00:00,S033,mounted,true,loose_mount,mild,500,loose_mount-mild_horizontal_no_load_0500rpm,2110606,499,307,4173,5715,4,3,325414,9,124,88,66,5,1650,1494,1211,58,122,1664,16383,1652,1644,1635111,800,1829,2275,523641,11951,8,382521,1496,21071,216,2110508418,2110607514,0,2110607524,2110608039,3342138687,17853305,111,118,1038,0.0696,1645.6,0.4026535641368918,-0.340815411513681,0.0696,24.58,76.2,,,,,,
2026-07-30T20:37:34.998074+00:00,S033,mounted,true,loose_mount,mild,500,loose_mount-mild_horizontal_no_load_0500rpm,2110707,491,249,4414,5682,2,3,325434,9,124,74,26,3,1650,1494,1234,61,132,1665,16383,1653,1642,1635360,800,2009,2079,523605,11953,8,382520,1496,21072,216,2110608467,2110707730,0,2110707740,2110708255,3343043980,17859281,81,110,1030,0.0696,1645.6,0.075347411277503,-0.04132102007864136,0.0696,24.55,76.2,,,,,,
2026-07-30T20:37:35.092225+00:00,S033,mounted,true,loose_mount,mild,500,loose_mount-mild_horizontal_no_load_0500rpm,2110807,491,249,4414,5682,1,3,325454,9,124,74,26,3,1650,1495,1195,61,127,1662,16383,1654,1643,1651865,808,1903,2181,523581,11956,8,382524,1496,21073,216,2110708682,2110808257,0,2110808331,2110808846,3377128617,17868244,93,92,1039,0.0696,1645.6,0.24443787453998,-0.21878620575443275,0.0696,24.64,76.3,,,,,,
2026-07-30T20:37:35.236610+00:00,S033,mounted,true,loose_mount,mild,500,loose_mount-mild_horizontal_no_load_0500rpm,2110907,513,343,3940,5612,2,3,325476,9,124,82,59,12,1650,1494,1208,61,127,1662,16383,1654,1643,1636116,800,2025,2195,523593,11955,8,382526,1496,21074,216,2110809273,2110908375,0,2110908449,2110908964,3346150756,17865255,105,85,1044,0.0696,1645.6,0.2680716424090335,-0.015218575909661247,0.0696,24.64,76.3,,,,,,
2026-07-30T20:37:35.327256+00:00,S033,mounted,true,loose_mount,mild,500,loose_mount-mild_horizontal_no_load_0500rpm,2111007,544,252,3966,5127,4,3,325498,9,124,73,17,2,1650,1494,1190,60,133,1663,16383,1655,1645,1635824,800,2009,2069,523594,11954,8,382526,1496,21075,216,2110909392,2111008453,0,2111008527,2111009042,3344937970,17862266,105,100,1041,0.0696,1645.6,0.05839202124811749,-0.041601125815626805,0.0696,24.61,76.3,,,,,,
2026-07-30T20:37:35.420075+00:00,S033,mounted,true,loose_mount,mild,500,loose_mount-mild_horizontal_no_load_0500rpm,2111107,541,289,3989,5327,3,3,325519,9,124,77,24,5,1650,1494,1201,62,136,1663,16383,1655,1644,1635721,800,1963,2075,523605,11955,8,382528,1496,21076,216,2111009470,2111108507,0,2111108586,2111109101,3344522787,17865255,130,92,1040,0.0696,1645.6,0.06810207653701328,-0.11853618494353846,0.0696,24.61,76.3,,,,,,
2026-07-30T20:37:35.514273+00:00,S033,mounted,true,loose_mount,mild,500,loose_mount-mild_horizontal_no_load_0500rpm,2111208,502,256,4262,5536,5,3,325539,9,124,73,14,3,1650,1494,1193,62,136,1665,16383,1653,1643,1635203,800,1999,2145,523540,11954,8,382528,1496,21077,216,2111109528,2111208608,0,2111208681,2111209196,3342410583,17862266,127,86,1038,0.0696,1645.6,0.18505000752886058,-0.05826665032625078,0.0696,24.55,76.2,,,,,,
2026-07-30T20:37:35.605921+00:00,S033,mounted,true,loose_mount,mild,500,loose_mount-mild_horizontal_no_load_0500rpm,2111308,502,264,4313,5628,6,3,325559,9,124,74,18,3,1650,1494,1213,64,132,1663,16383,1654,1643,1635885,800,2019,2067,523569,11954,8,382528,1496,21078,216,2111209623,2111308678,0,2111308752,2111309267,3345183637,17862268,115,67,1046,0.0696,1645.6,0.05505891634599269,-0.02493560130500283,0.0696,24.61,76.3,,,,,,
2026-07-30T20:37:35.698463+00:00,S033,mounted,true,loose_mount,mild,500,loose_mount-mild_horizontal_no_load_0500rpm,2111408,527,270,4188,5472,1,3,325580,9,124,75,29,7,1650,1494,1209,64,132,1664,16383,1653,1646,1651873,808,1796,2064,523544,11952,8,382524,1496,21079,216,2111309694,2111409513,0,2111409522,2111410037,3377182219,17856294,102,64,1047,0.0696,1645.6,0.050634855421686886,-0.3960759397590361,0.0696,24.58,76.2,,,,,,
2026-07-30T20:37:35.853953+00:00,S033,mounted,true,loose_mount,mild,500,loose_mount-mild_horizontal_no_load_0500rpm,2111509,527,270,4188,5472,6,3,325601,9,124,75,29,7,1650,1494,1227,64,126,1663,16383,1654,1647,1635665,800,1967,2278,523537,11953,8,382523,1496,21080,216,2111410464,2111509557,0,2111509566,2111510082,3344344005,17859279,104,88,1048,0.0696,1645.6,0.4070190947042578,-0.11132207889232859,0.0696,24.61,76.3,,,,,,
2026-07-30T20:37:35.900785+00:00,S033,mounted,true,loose_mount,mild,500,loose_mount-mild_horizontal_no_load_0500rpm,2111609,530,263,4084,5326,1,3,325622,9,124,75,25,2,1650,1495,1211,65,128,1666,16383,1654,1643,1635911,800,2014,2067,523545,11957,8,382529,1496,21081,216,2111510512,2111609719,0,2111609729,2111610244,3345289363,17871233,106,93,1033,0.0696,1645.6,0.05419462833486621,-0.0341104903403866,0.0696,24.52,76.1,,,,,,
2026-07-30T20:37:36.040063+00:00,S033,mounted,true,loose_mount,mild,500,loose_mount-mild_horizontal_no_load_0500rpm,2111709,521,276,4117,5442,6,3,325643,9,124,80,48,2,1650,1494,1226,65,128,1661,16383,1654,1645,1652026,808,2011,2073,523540,11951,8,382523,1496,21082,216,2111610674,2111710387,0,2111710461,2111710976,3377747990,17853305,89,103,1035,0.0696,1645.6,0.06592546305748437,-0.037426726382729925,0.0696,24.67,76.4,,,,,,
2026-07-30T20:37:36.134217+00:00,S033,mounted,true,loose_mount,mild,500,loose_mount-mild_horizontal_no_load_0500rpm,2111809,517,260,4186,5444,1,3,325664,9,124,74,25,2,1650,1494,1230,65,140,1660,16383,1653,1644,1635131,800,2017,2079,523472,11954,8,382523,1496,21083,216,2111711403,2111810469,0,2111810543,2111811058,3342102517,17862270,88,112,1029,0.0696,1645.6,0.07505754575874146,-0.028268706207127625,0.0696,24.7,76.5,,,,,,
2026-07-30T20:37:36.228175+00:00,S033,mounted,true,loose_mount,mild,500,loose_mount-mild_horizontal_no_load_0500rpm,2111910,511,289,4220,5637,4,3,325684,9,124,80,39,2,1650,1494,1232,63,131,1659,16383,1653,1645,1635137,800,1781,2075,523517,11955,8,382525,1496,21084,216,2111811485,2111910547,0,2111910621,2111911136,3342195073,17865257,89,90,1042,0.0696,1645.6,0.06810207653701328,-0.42182335984943586,0.0696,24.73,76.5,,,,,,
2026-07-30T20:37:36.308993+00:00,S033,mounted,true,loose_mount,mild,500,loose_mount-mild_horizontal_no_load_0500rpm,2112010,502,247,4353,5581,2,3,325704,9,124,74,26,2,1650,1494,1222,63,131,1661,16383,1654,1647,1636028,800,1959,2063,523579,11953,8,382524,1496,21085,216,2111911562,2112010616,0,2112010690,2112011205,3345778548,17859281,85,107,1038,0.0696,1645.6,0.04868034125324128,-0.124655613904459,0.0696,24.67,76.4,,,,,,
2026-07-30T20:37:36.415582+00:00,S033,mounted,true,loose_mount,mild,500,loose_mount-mild_horizontal_no_load_0500rpm,2112110,504,231,4333,5481,5,3,325725,9,124,73,22,6,1650,1494,1226,63,125,1663,16383,1654,1646,1636016,800,2021,2075,523625,11955,8,382526,1496,21086,216,2112011636,2112110711,0,2112110789,2112111304,3345723496,17865257,95,122,1025,0.0696,1645.6,0.06810207653701328,-0.021884228105395476,0.0696,24.61,76.3,,,,,,
2026-07-30T20:37:36.509415+00:00,S033,mounted,true,loose_mount,mild,500,loose_mount-mild_horizontal_no_load_0500rpm,2112210,504,231,4333,5481,6,3,325745,9,124,73,22,6,1650,1494,1240,63,125,1663,16383,1654,1642,1651524,808,1949,2081,523552,11955,8,382528,1496,21087,216,2112111731,2112211385,0,2112211394,2112211909,3375725960,17865255,93,121,1036,0.0696,1645.6,0.07810055483061484,-0.1418659676286076,0.0696,24.61,76.3,,,,,,
2026-07-30T20:37:36.601878+00:00,S033,mounted,true,loose_mount,mild,500,loose_mount-mild_horizontal_no_load_0500rpm,2112311,517,266,4188,5474,1,3,325766,9,124,75,24,2,1650,1494,1217,62,125,1665,16383,1656,1642,1635428,800,1891,2074,523534,11952,8,382524,1496,21088,216,2112212336,2112311543,0,2112311552,2112312067,3343343126,17856294,89,115,1034,0.0696,1645.6,0.06730316867469854,-0.23772696385542202,0.0696,24.55,76.2,,,,,,
2026-07-30T20:37:36.744301+00:00,S033,mounted,true,loose_mount,mild,500,loose_mount-mild_horizontal_no_load_0500rpm,2112411,517,250,4224,5434,4,3,325786,9,124,75,28,3,1650,1495,1238,60,125,1668,16383,1653,1642,1635904,800,1991,2225,523535,11956,8,382528,1496,21089,216,2112312495,2112411590,0,2112411600,2112412115,3345327574,17868246,105,95,1043,0.0696,1645.6,0.31775391602542635,-0.07215412278354005,0.0696,24.45,76.0,,,,,,
2026-07-30T20:37:36.837555+00:00,S033,mounted,true,loose_mount,mild,500,loose_mount-mild_horizontal_no_load_0500rpm,2112511,493,290,4216,5686,2,3,325806,9,124,80,43,4,1650,1494,1237,60,125,1667,16383,1653,1643,1635717,800,1991,2073,523564,11950,8,382520,1496,21090,216,2112412542,2112511644,0,2112511653,2112512169,3344500241,17850318,81,104,1047,0.0696,1645.6,0.06621463715481113,-0.0704884068619247,0.0696,24.48,76.1,,,,,,
2026-07-30T20:37:36.931756+00:00,S033,mounted,true,loose_mount,mild,500,loose_mount-mild_horizontal_no_load_0500rpm,2112611,489,268,4419,5789,3,3,325825,9,124,75,22,2,1650,1494,1235,60,124,1664,16383,1653,1646,1635741,800,1887,2269,523554,11953,8,382519,1496,21091,216,2112512596,2112611684,0,2112611693,2112612208,3344669171,17859279,106,104,1047,0.0696,1645.6,0.3920188678156107,-0.24465742901363674,0.0696,24.58,76.2,,,,,,
2026-07-30T20:37:37.025427+00:00,S033,mounted,true,loose_mount,mild,500,loose_mount-mild_horizontal_no_load_0500rpm,2112711,520,295,4186,5604,6,3,325847,9,124,77,36,6,1650,1495,1258,61,128,1658,16383,1656,1642,1652364,808,1955,2283,523562,11956,8,382523,1496,21092,216,2112612640,2112712277,0,2112712351,2112712866,3379201924,17868246,106,118,1035,0.0696,1645.6,0.4143977888926056,-0.13213997490799656,0.0696,24.76,76.6,,,,,,
2026-07-30T20:37:37.123042+00:00,S033,mounted,true,loose_mount,mild,500,loose_mount-mild_horizontal_no_load_0500rpm,2112811,530,240,4164,5299,1,3,325868,9,124,74,24,3,1650,1494,1223,61,128,1665,16383,1655,1646,1635798,800,2015,2073,523575,11949,8,382514,1496,21093,216,2112713294,2112812380,0,2112812454,2112812969,3344832862,17847333,87,102,1037,0.0696,1645.6,0.06650385965352745,-0.03019662942505663,0.0696,24.55,76.2,,,,,,
2026-07-30T20:37:37.212487+00:00,S033,mounted,true,loose_mount,mild,500,loose_mount-mild_horizontal_no_load_0500rpm,2112911,530,240,4164,5299,6,3,325889,9,124,74,24,3,1650,1494,1245,62,133,1665,16383,1653,1645,1635607,800,2018,2069,523565,11955,8,382516,1496,21094,216,2112813396,2112912444,0,2112912523,2112913038,3344050399,17865255,76,111,1019,0.0696,1645.6,0.0581035982434126,-0.026883467252195814,0.0696,24.55,76.2,,,,,,
2026-07-30T20:37:37.305881+00:00,S033,mounted,true,loose_mount,mild,500,loose_mount-mild_horizontal_no_load_0500rpm,2113011,516,330,4112,5709,3,3,325909,9,124,90,65,5,1650,1495,1255,62,133,1667,16383,1653,1643,1635084,800,1979,2065,523499,11957,8,382522,1496,21095,216,2112913465,2113012522,0,2113012595,2113013110,3341913374,17871233,93,85,1031,0.0696,1645.6,0.05086235970561148,-0.09242519135234595,0.0696,24.48,76.1,,,,,,
2026-07-30T20:37:37.445907+00:00,S033,mounted,true,loose_mount,mild,500,loose_mount-mild_horizontal_no_load_0500rpm,2113112,502,232,4396,5554,5,3,325929,9,124,74,27,4,1650,1494,1211,61,138,1666,16383,1653,1643,1635809,800,2013,2295,523522,11954,8,382522,1496,21096,216,2113013537,2113112601,0,2113112675,2113113190,3344938909,17862270,69,98,1038,0.0696,1645.6,0.4350328751882211,-0.034934916011377215,0.0696,24.52,76.1,,,,,,
2026-07-30T20:37:37.539929+00:00,S033,mounted,true,loose_mount,mild,500,loose_mount-mild_horizontal_no_load_0500rpm,2113212,510,280,4098,5470,2,3,325950,9,124,73,23,5,1650,1494,1213,62,138,1663,16383,1653,1644,1635633,800,2015,2203,523523,11955,8,382524,1496,21097,216,2113113616,2113212681,0,2113212755,2113213270,3344180239,17865257,88,85,1043,0.0696,1645.6,0.28140294680050193,-0.03188270639899615,0.0696,24.61,76.3,,,,,,
2026-07-30T20:37:37.631276+00:00,S033,mounted,true,loose_mount,mild,500,loose_mount-mild_horizontal_no_load_0500rpm,2113312,532,271,4016,5290,4,3,325972,9,124,75,22,2,1650,1494,1251,62,138,1667,16383,1653,1643,1651737,808,1917,2073,523518,11953,8,382523,1496,21098,216,2113213696,2113313364,0,2113313378,2113313893,3376587069,17859281,97,84,1050,0.0696,1645.6,0.06534726001840552,-0.19465667271814624,0.0696,24.48,76.1,,,,,,
2026-07-30T20:37:37.725430+00:00,S033,mounted,true,loose_mount,mild,500,loose_mount-mild_horizontal_no_load_0500rpm,2113412,530,248,4110,5281,3,3,325993,9,124,74,21,2,1650,1494,1217,64,132,1664,16383,1655,1643,1635624,800,2015,2065,523539,11955,8,382525,1496,21099,216,2113314320,2113413413,0,2113413428,2113413943,3344117798,17865255,110,101,1043,0.0696,1645.6,0.05143794604767837,-0.03188270639899615,0.0696,24.58,76.2,,,,,,
2026-07-30T20:37:37.818194+00:00,S033,mounted,true,loose_mount,mild,500,loose_mount-mild_horizontal_no_load_0500rpm,2113512,504,280,4147,5536,5,3,326013,9,124,75,23,4,1650,1494,1222,64,135,1679,16383,1654,1642,1634949,800,2019,2065,523503,11955,8,382527,1496,21100,216,2113414372,2113513459,0,2113513473,2113513988,3341357901,17865255,123,99,1037,0.0696,1645.6,0.05143794604767837,-0.025217054203262812,0.0696,24.12,75.4,,,,,,
2026-07-30T20:37:37.911034+00:00,S033,mounted,true,loose_mount,mild,500,loose_mount-mild_horizontal_no_load_0500rpm,2113612,504,280,4147,5536,6,3,326033,9,124,75,23,4,1650,1494,1237,64,135,1683,16383,1655,1643,1635906,800,2019,2063,523579,11954,8,382527,1496,21101,216,2113514415,2113613490,0,2113613505,2113614020,3345270632,17862268,102,99,1032,0.0696,1645.6,0.0483927065417431,-0.02493560130500283,0.0696,24.0,75.2,,,,,,
2026-07-30T20:37:38.004667+00:00,S033,mounted,true,loose_mount,mild,500,loose_mount-mild_horizontal_no_load_0500rpm,2113712,502,260,4314,5609,3,3,326053,9,124,74,19,2,1650,1494,1238,63,140,1673,16383,1655,1645,1635457,800,2025,2071,523541,11950,8,382520,1496,21102,216,2113614447,2113713521,0,2113713531,2113714046,3343437535,17850318,81,96,1029,0.0696,1645.6,0.06288041656903731,-0.013806656903765813,0.0696,24.3,75.7,,,,,,
2026-07-30T20:37:38.136680+00:00,S033,mounted,true,loose_mount,mild,500,loose_mount-mild_horizontal_no_load_0500rpm,2113813,503,241,4342,5542,5,3,326073,9,124,74,26,3,1650,1494,1226,63,140,1666,16383,1652,1643,1635098,800,1831,2081,523502,11953,8,382519,1496,21103,216,2113714472,2113813567,0,2113813576,2113814092,3342015034,17859281,75,95,1032,0.0696,1645.6,0.07868079503053593,-0.33799217409855276,0.0696,24.52,76.1,,,,,,
2026-07-30T20:37:38.239824+00:00,S033,mounted,true,loose_mount,mild,500,loose_mount-mild_horizontal_no_load_0500rpm,2113913,503,247,4340,5571,6,3,326093,9,124,75,28,2,1650,1494,1222,64,144,1665,16383,1654,1645,1635801,800,2006,2067,523529,11952,8,382516,1496,21104,216,2113814517,2113913626,0,2113913636,2113914151,3344838287,17856290,53,111,1028,0.0696,1645.6,0.05563534939759052,-0.0460413614457833,0.0696,24.55,76.2,,,,,,
2026-07-30T20:37:38.333189+00:00,S033,mounted,true,loose_mount,mild,500,loose_mount-mild_horizontal_no_load_0500rpm,2114013,495,276,4333,5729,3,3,326113,9,124,80,44,2,1650,1494,1224,61,142,1661,16383,1654,1642,1635091,800,2023,2079,523498,11954,8,382516,1496,21105,216,2113914578,2114013633,0,2114013643,2114014158,3341942283,17862268,65,91,1042,0.0696,1645.6,0.07505754575874146,-0.01826939150075324,0.0696,24.67,76.4,,,,,,
2026-07-30T20:37:38.425749+00:00,S033,mounted,true,loose_mount,mild,500,loose_mount-mild_horizontal_no_load_0500rpm,2114113,490,256,4425,5735,1,3,326132,9,124,74,23,3,1650,1494,1213,61,142,1664,16383,1653,1645,1635667,800,2019,2063,523555,11950,8,382509,1496,21106,216,2114014583,2114113678,0,2114113688,2114114203,3344291991,17850324,103,96,1039,0.0696,1645.6,0.049543534225941155,-0.023809318661088152,0.0696,24.58,76.2,,,,,,
2026-07-30T20:37:38.519163+00:00,S033,mounted,true,loose_mount,mild,500,loose_mount-mild_horizontal_no_load_0500rpm,2114213,490,256,4425,5735,4,3,326152,9,124,74,23,3,1650,1494,1206,62,140,1667,16383,1653,1644,1635160,800,1933,2075,523520,11953,8,382509,1496,21107,216,2114114630,2114213707,0,2114213716,2114214231,3342242032,17859281,97,99,1042,0.0696,1645.6,0.06868064377143801,-0.16798960269388452,0.0696,24.48,76.1,,,,,,
2026-07-30T20:37:38.611815+00:00,S033,mounted,true,loose_mount,mild,500,loose_mount-mild_horizontal_no_load_0500rpm,2114313,496,251,4346,5613,2,3,326172,9,124,72,11,4,1650,1494,1221,63,131,1673,16383,1653,1644,1652144,808,1915,2281,523522,11955,8,382512,1496,21108,216,2114214657,2114314343,0,2114314417,2114314932,3378304934,17865255,122,92,1037,0.0696,1645.6,0.4113831646173147,-0.19852401129234654,0.0696,24.3,75.7,,,,,,
2026-07-30T20:37:38.752574+00:00,S033,mounted,true,loose_mount,mild,500,loose_mount-mild_horizontal_no_load_0500rpm,2114413,502,256,4331,5607,5,3,326193,9,124,74,25,2,1650,1494,1200,63,131,1667,16383,1655,1640,1635256,800,1917,2145,523500,11953,8,382511,1496,21109,216,2114315359,2114414416,0,2114414495,2114415010,3342653706,17859279,140,83,1037,0.0696,1645.6,0.18534907512758325,-0.19465667271814624,0.0696,24.48,76.1,,,,,,
2026-07-30T20:37:38.846985+00:00,S033,mounted,true,loose_mount,mild,500,loose_mount-mild_horizontal_no_load_0500rpm,2114514,511,295,4034,5477,3,3,326215,9,124,75,32,12,1650,1495,1197,62,136,1667,16383,1653,1644,1635974,800,1951,2097,523592,11957,8,382518,1496,21110,216,2114415437,2114514621,0,2114514700,2114515215,3345557756,17871233,109,86,1034,0.0696,1645.6,0.10417865777368895,-0.13907695216191351,0.0696,24.48,76.1,,,,,,
2026-07-30T20:37:38.941381+00:00,S033,mounted,true,loose_mount,mild,500,loose_mount-mild_horizontal_no_load_0500rpm,2114614,559,253,3858,4992,6,3,326237,9,124,75,32,2,1650,1494,1192,62,136,1662,16383,1654,1646,1635355,800,1821,2066,523592,11954,8,382518,1496,21111,216,2114515643,2114614690,0,2114614764,2114615279,3343070629,17862268,111,91,1043,0.0696,1645.6,0.05339236389493074,-0.3549129866153593,0.0696,24.64,76.3,,,,,,
2026-07-30T20:37:39.035250+00:00,S033,mounted,true,loose_mount,mild,500,loose_mount-mild_horizontal_no_load_0500rpm,2114714,558,249,3862,4980,5,3,326259,9,124,73,22,3,1650,1495,1199,59,126,1662,16383,1654,1643,1652085,808,2013,2099,523596,11957,8,382524,1496,21112,216,2114615706,2114715367,0,2114715377,2114715892,3377989247,17871233,79,107,1036,0.0696,1645.6,0.10751092640294324,-0.03577662465501419,0.0696,24.64,76.3,,,,,,
2026-07-30T20:37:39.127636+00:00,S033,mounted,true,loose_mount,mild,500,loose_mount-mild_horizontal_no_load_0500rpm,2114814,523,309,3875,5352,2,3,326280,9,124,84,55,5,1650,1494,1190,58,122,1664,16383,1654,1645,1635478,800,2011,2079,523586,11955,8,382526,1496,21113,216,2114716319,2114815430,0,2114815445,2114815960,3343523450,17865255,99,103,1035,0.0696,1645.6,0.07476772873274751,-0.03854835859473038,0.0696,24.58,76.2,,,,,,
2026-07-30T20:37:39.221869+00:00,S033,mounted,true,loose_mount,mild,500,loose_mount-mild_horizontal_no_load_0500rpm,2114914,516,256,4164,5403,1,3,326300,9,124,74,17,2,1650,1494,1186,58,122,1670,16383,1653,1645,1635160,800,1810,2067,523563,11950,8,382519,1496,21114,216,2114816387,2114915470,0,2114915480,2114915995,3342275928,17850318,99,90,1040,0.0696,1645.6,0.05621197539748923,-0.3722353698744776,0.0696,24.39,75.9,,,,,,
2026-07-30T20:37:39.315338+00:00,S033,mounted,true,loose_mount,mild,500,loose_mount-mild_horizontal_no_load_0500rpm,2115014,516,256,4164,5403,5,3,326319,9,124,74,17,2,1650,1494,1190,58,119,1672,16383,1653,1645,1635269,800,2018,2257,523517,11954,8,382519,1496,21115,216,2114916421,2115015492,0,2115015501,2115016016,3342713139,17862270,99,85,1035,0.0696,1645.6,0.37170388204785,-0.026602153756065228,0.0696,24.33,75.8,,,,,,
2026-07-30T20:37:39.454617+00:00,S033,mounted,true,loose_mount,mild,500,loose_mount-mild_horizontal_no_load_0500rpm,2115115,481,388,4201,6217,4,3,326338,9,124,113,111,9,1650,1494,1209,58,120,1666,16383,1654,1646,1635900,800,1996,2075,523542,11953,8,382518,1496,21116,216,2115016442,2115115540,0,2115115549,2115116064,3345249324,17859279,90,92,1023,0.0696,1645.6,0.06868064377143801,-0.06298801447335434,0.0696,24.52,76.1,,,,,,
2026-07-30T20:37:39.550651+00:00,S033,mounted,true,loose_mount,mild,500,loose_mount-mild_horizontal_no_load_0500rpm,2115215,462,242,4719,6030,6,3,326357,9,124,75,30,3,1650,1494,1214,58,120,1664,16383,1655,1641,1635092,800,1974,2243,523475,11954,8,382518,1496,21117,216,2115116492,2115215600,0,2115215614,2115216129,3342000526,17862268,84,99,1030,0.0696,1645.6,0.348372147732976,-0.09993046160281116,0.0696,24.58,76.2,,,,,,
2026-07-30T20:37:39.643020+00:00,S033,mounted,true,loose_mount,mild,500,loose_mount-mild_horizontal_no_load_0500rpm,2115315,470,244,4637,5937,2,3,326376,9,124,72,1,2,1650,1495,1200,59,126,1663,16383,1653,1642,1635739,800,1987,2299,523509,11956,8,382522,1496,21118,216,2115216555,2115315637,0,2115315651,2115316166,3344691391,17868244,92,90,1036,0.0696,1645.6,0.4410581676145866,-0.07881921746403542,0.0696,24.61,76.3,,,,,,
2026-07-30T20:37:39.737111+00:00,S033,mounted,true,loose_mount,mild,500,loose_mount-mild_horizontal_no_load_0500rpm,2115415,475,239,4602,5859,3,3,326395,9,124,74,25,2,1650,1494,1200,59,126,1665,16383,1653,1644,1635623,800,1906,2069,523540,11954,8,382522,1496,21119,216,2115316591,2115415680,0,2115415694,2115416209,3344131991,17862270,99,70,1044,0.0696,1645.6,0.05839202124811749,-0.21325602827505463,0.0696,24.55,76.2,,,,,,
2026-07-30T20:37:39.830652+00:00,S033,mounted,true,loose_mount,mild,500,loose_mount-mild_horizontal_no_load_0500rpm,2115515,475,239,4602,5859,1,3,326414,9,124,74,25,2,1650,1494,1218,59,126,1665,16383,1653,1639,1635424,800,1927,2257,523534,11954,8,382522,1496,21120,216,2115416635,2115515722,0,2115515731,2115516246,3343362102,17862266,107,98,1032,0.0696,1645.6,0.37170388204785,-0.17825842680274429,0.0696,24.55,76.2,,,,,,
2026-07-30T20:37:39.924503+00:00,S033,mounted,true,loose_mount,mild,500,loose_mount-mild_horizontal_no_load_0500rpm,2115615,503,352,4031,5781,2,3,326436,9,124,83,60,10,1650,1494,1241,60,131,1660,16383,1653,1643,1651704,808,1941,2191,523520,11953,8,382521,1496,21121,216,2115516673,2115616357,0,2115616431,2115616946,3376471098,17859279,84,103,1029,0.0696,1645.6,0.26201690144733547,-0.1546560676817541,0.0696,24.7,76.5,,,,,,
2026-07-30T20:37:40.016650+00:00,S033,mounted,true,loose_mount,mild,500,loose_mount-mild_horizontal_no_load_0500rpm,2115715,530,257,4073,5287,5,3,326457,9,124,74,18,1,1650,1494,1226,60,131,1662,16383,1654,1645,1635950,800,2021,2255,523521,11955,8,382523,1496,21122,216,2115617375,2115716431,0,2115716505,2115717020,3345496670,17865257,60,126,1019,0.0696,1645.6,0.3680564253450438,-0.021884228105395476,0.0696,24.64,76.3,,,,,,
2026-07-30T20:37:40.157843+00:00,S033,mounted,true,loose_mount,mild,500,loose_mount-mild_horizontal_no_load_0500rpm,2115815,532,234,4093,5193,3,3,326479,9,124,73,21,3,1650,1495,1205,58,124,1657,16383,1654,1644,1635172,800,1841,2135,523517,11956,8,382527,1496,21123,216,2115717447,2115816496,0,2115816570,2115817085,3342330514,17868246,80,107,1033,0.0696,1645.6,0.16778928571428553,-0.3220951733021078,0.0696,24.79,76.6,,,,,,
2026-07-30T20:37:40.251291+00:00,S033,mounted,true,loose_mount,mild,500,loose_mount-mild_horizontal_no_load_0500rpm,2115916,545,244,3981,5101,6,3,326501,9,124,74,28,4,1650,1494,1221,57,123,1659,16383,1653,1643,1635557,800,2015,2067,523511,11954,8,382527,1496,21124,216,2115817512,2115916591,0,2115916665,2115917180,3343842101,17862268,88,111,1032,0.0696,1645.6,0.05505891634599269,-0.03160181110925242,0.0696,24.73,76.5,,,,,,
2026-07-30T20:37:40.345578+00:00,S033,mounted,true,loose_mount,mild,500,loose_mount-mild_horizontal_no_load_0500rpm,2116016,544,267,3950,5178,1,3,326522,9,124,74,18,2,1650,1494,1214,57,123,1668,16383,1655,1643,1635340,800,1931,2140,523503,11954,8,382527,1496,21125,216,2115917607,2116016655,0,2116016729,2116017244,3342980430,17862268,90,102,1039,0.0696,1645.6,0.17671724527354815,-0.1715922169984947,0.0696,24.45,76.0,,,,,,
2026-07-30T20:37:40.439471+00:00,S033,mounted,true,loose_mount,mild,500,loose_mount-mild_horizontal_no_load_0500rpm,2116116,511,295,4042,5484,4,3,326542,9,124,88,69,5,1650,1495,1215,54,119,1666,16383,1656,1643,1635631,800,2014,2083,523563,11956,8,382531,1496,21126,216,2116017675,2116116734,0,2116116807,2116117323,3344149763,17868244,99,109,1035,0.0696,1645.6,0.08114305486784845,-0.033829828370692816,0.0696,24.52,76.1,,,,,,
2026-07-30T20:37:40.533382+00:00,S033,mounted,true,loose_mount,mild,500,loose_mount-mild_horizontal_no_load_0500rpm,2116216,502,275,4258,5626,3,3,326563,9,124,75,18,3,1650,1495,1240,54,119,1664,16383,1652,1643,1651516,808,1951,2065,523531,11957,8,382536,1496,21127,216,2116117753,2116217391,0,2116217405,2116217920,3375675876,17871233,114,97,1041,0.0696,1645.6,0.05086235970561148,-0.13907695216191351,0.0696,24.58,76.2,,,,,,
2026-07-30T20:37:40.625297+00:00,S033,mounted,true,loose_mount,mild,500,loose_mount-mild_horizontal_no_load_0500rpm,2116316,502,275,4258,5626,1,3,326582,9,124,75,18,3,1650,1494,1218,55,116,1668,16383,1652,1646,1635632,800,1985,2291,523528,11952,8,382532,1496,21128,216,2116218347,2116317396,0,2116317405,2116317920,3344232168,17856290,107,93,1043,0.0696,1645.6,0.4290055662650598,-0.08104481927710827,0.0696,24.45,76.0,,,,,,
2026-07-30T20:37:40.718410+00:00,S033,mounted,true,loose_mount,mild,500,loose_mount-mild_horizontal_no_load_0500rpm,2116416,494,268,4351,5711,4,3,326602,9,124,80,46,2,1650,1494,1208,55,115,1669,16383,1653,1645,1635589,800,1973,2222,523530,11952,8,382528,1496,21129,216,2116318347,2116417441,0,2116417450,2116417965,3344021863,17856292,98,106,1029,0.0696,1645.6,0.3139942048192772,-0.10104679518072324,0.0696,24.42,76.0,,,,,,
2026-07-30T20:37:40.860012+00:00,S033,mounted,true,loose_mount,mild,500,loose_mount-mild_horizontal_no_load_0500rpm,2116516,490,243,4446,5688,2,3,326622,9,124,75,27,2,1650,1494,1231,55,115,1664,16383,1654,1643,1635454,800,2018,2065,523520,11953,8,382526,1496,21130,216,2116418392,2116517492,0,2116517501,2116518016,3343424294,17859281,89,104,1030,0.0696,1645.6,0.052013725006274214,-0.02632079318999425,0.0696,24.58,76.2,,,,,,
2026-07-30T20:37:40.952476+00:00,S033,mounted,true,loose_mount,mild,500,loose_mount-mild_horizontal_no_load_0500rpm,2116617,496,244,4363,5593,1,3,326642,9,124,72,9,3,1650,1495,1222,56,121,1665,16383,1655,1643,1635250,800,1853,2063,523505,11956,8,382530,1496,21131,216,2116518443,2116617538,0,2116617547,2116618062,3342646546,17868246,85,93,1030,0.0696,1645.6,0.047817581465372516,-0.3020998892606226,0.0696,24.55,76.2,,,,,,
2026-07-30T20:37:41.046300+00:00,S033,mounted,true,loose_mount,mild,500,loose_mount-mild_horizontal_no_load_0500rpm,2116717,503,249,4332,5569,4,3,326662,9,124,74,22,1,1650,1494,1219,59,123,1665,16383,1655,1643,1635271,800,1960,2065,523513,11954,8,382530,1496,21132,216,2116618487,2116717567,0,2116717576,2116718091,3342680655,17862268,56,102,1030,0.0696,1645.6,0.0517258114438679,-0.12326219591768472,0.0696,24.55,76.2,,,,,,
2026-07-30T20:37:41.141005+00:00,S033,mounted,true,loose_mount,mild,500,loose_mount-mild_horizontal_no_load_0500rpm,2116817,511,291,4065,5490,2,3,326682,9,124,74,24,9,1650,1494,1250,59,123,1669,16383,1654,1645,1635778,800,2007,2069,523549,11955,8,382531,1496,21133,216,2116718518,2116817615,0,2116817624,2116818139,3344750504,17865255,61,122,1039,0.0696,1645.6,0.0581035982434126,-0.045214010790464165,0.0696,24.42,76.0,,,,,,
2026-07-30T20:37:41.233638+00:00,S033,mounted,true,loose_mount,mild,500,loose_mount-mild_horizontal_no_load_0500rpm,2116917,511,291,4065,5490,4,3,326704,9,124,74,24,9,1650,1494,1211,58,119,1676,16383,1653,1643,1635447,800,1971,2062,523549,11953,8,382529,1496,21134,216,2116818566,2116917666,0,2116917675,2116918190,3343400597,17859279,85,98,1050,0.0696,1645.6,0.04701364937672503,-0.10465531138626316,0.0696,24.21,75.6,,,,,,
2026-07-30T20:37:41.327443+00:00,S033,mounted,true,loose_mount,mild,500,loose_mount-mild_horizontal_no_load_0500rpm,2117017,533,265,3986,5233,3,3,326725,9,124,75,26,3,1650,1494,1252,58,119,1667,16383,1653,1646,1635317,800,1784,2255,523539,11951,8,382523,1496,21135,216,2116918616,2117017697,0,2117017706,2117018221,3342996815,17853305,89,90,1048,0.0696,1645.6,0.3693141481884359,-0.41582909739770724,0.0696,24.48,76.1,,,,,,
2026-07-30T20:37:41.420759+00:00,S033,mounted,true,loose_mount,mild,500,loose_mount-mild_horizontal_no_load_0500rpm,2117117,530,260,4076,5305,4,3,326746,9,124,74,16,2,1650,1494,1220,59,119,1668,16383,1653,1640,1635282,800,1979,2065,523530,11954,8,382523,1496,21136,216,2117018647,2117117735,0,2117117749,2117118264,3342725602,17862268,113,76,1045,0.0696,1645.6,0.0517258114438679,-0.09159769934749873,0.0696,24.45,76.0,,,,,,
2026-07-30T20:37:41.563091+00:00,S033,mounted,true,loose_mount,mild,500,loose_mount-mild_horizontal_no_load_0500rpm,2117217,503,290,4146,5586,2,3,326766,9,124,76,23,3,1650,1494,1232,60,120,1676,16383,1655,1643,1651845,808,2012,2075,523525,11954,8,382523,1496,21137,216,2117118691,2117218371,0,2117218444,2117218960,3377012941,17862268,118,85,1041,0.0696,1645.6,0.06839133595449187,-0.03660146846243917,0.0696,24.21,75.6,,,,,,
2026-07-30T20:37:41.656311+00:00,S033,mounted,true,loose_mount,mild,500,loose_mount-mild_horizontal_no_load_0500rpm,2117317,503,239,4336,5524,1,3,326786,9,124,74,24,4,1650,1495,1254,60,120,1670,16383,1654,1645,1635932,800,2015,2269,523518,11956,8,382527,1496,21138,216,2117219387,2117318454,0,2117318528,2117319043,3345445902,17868244,67,94,1030,0.0696,1645.6,0.3910699575108727,-0.0321635547005692,0.0696,24.39,75.9,,,,,,
2026-07-30T20:37:41.749009+00:00,S033,mounted,true,loose_mount,mild,500,loose_mount-mild_horizontal_no_load_0500rpm,2117417,513,243,4279,5463,6,3,326807,9,124,73,11,3,1650,1494,1235,56,112,1668,16383,1653,1644,1635249,800,1833,2145,523542,11954,8,382527,1496,21139,216,2117319469,2117418520,0,2117418599,2117419114,3342708681,17862266,83,116,1023,0.0696,1645.6,0.18505000752886058,-0.3349143572026101,0.0696,24.45,76.0,,,,,,
2026-07-30T20:37:41.841537+00:00,S033,mounted,true,loose_mount,mild,500,loose_mount-mild_horizontal_no_load_0500rpm,2117518,516,239,4270,5430,3,3,326827,9,124,74,26,3,1650,1494,1248,57,116,1666,16383,1654,1644,1635343,800,1859,2069,523569,11955,8,382529,1496,21140,216,2117419541,2117518593,0,2117518667,2117519182,3343020287,17865255,88,116,1026,0.0696,1645.6,0.0581035982434126,-0.2918431420326226,0.0696,24.52,76.1,,,,,,
2026-07-30T20:37:41.934609+00:00,S033,mounted,true,loose_mount,mild,500,loose_mount-mild_horizontal_no_load_0500rpm,2117618,516,239,4270,5430,4,3,326848,9,124,74,26,3,1650,1494,1226,57,116,1663,16383,1652,1644,1634981,800,2021,2067,523529,11953,8,382527,1496,21141,216,2117519609,2117618684,0,2117618758,2117619273,3341489045,17859279,85,98,1027,0.0696,1645.6,0.05534710875930715,-0.02132071756044507,0.0696,24.61,76.3,,,,,,
2026-07-30T20:37:42.027723+00:00,S033,mounted,true,loose_mount,mild,500,loose_mount-mild_horizontal_no_load_0500rpm,2117718,517,247,4222,5419,3,3,326869,9,124,74,24,2,1650,1494,1225,58,123,1667,16383,1654,1646,1651858,808,1958,2063,523521,11954,8,382527,1496,21142,216,2117619699,2117719357,0,2117719366,2117719881,3377067196,17862270,88,105,1034,0.0696,1645.6,0.0483927065417431,-0.12659530081980952,0.0696,24.48,76.1,,,,,,
2026-07-30T20:37:42.123949+00:00,S033,mounted,true,loose_mount,mild,500,loose_mount-mild_horizontal_no_load_0500rpm,2117818,517,243,4214,5388,4,3,326890,9,124,73,18,3,1650,1494,1222,58,123,1663,16383,1653,1645,1635417,800,2011,2063,523526,11953,8,382526,1496,21143,216,2117720308,2117819490,0,2117819500,2117820015,3343273349,17859281,90,104,1036,0.0696,1645.6,0.04868034125324128,-0.037987636325608864,0.0696,24.61,76.3,,,,,,
2026-07-30T20:37:42.264514+00:00,S033,mounted,true,loose_mount,mild,500,loose_mount-mild_horizontal_no_load_0500rpm,2117918,512,292,4190,5617,2,3,326910,9,124,77,25,4,1650,1494,1261,58,121,1666,16383,1654,1643,1634942,800,1853,2069,523504,11954,8,382526,1496,21144,216,2117820442,2117919520,0,2117919529,2117920044,3341381010,17862270,98,79,1054,0.0696,1645.6,0.05839202124811749,-0.3015833081813617,0.0696,24.52,76.1,,,,,,
2026-07-30T20:37:42.358441+00:00,S033,mounted,true,loose_mount,mild,500,loose_mount-mild_horizontal_no_load_0500rpm,2118019,502,239,4379,5572,1,3,326930,9,124,74,20,4,1650,1494,1221,59,113,1670,16383,1652,1644,1635328,800,1998,2068,523505,11955,8,382528,1496,21145,216,2117920470,2118019559,0,2118019568,2118020083,3342907798,17865255,90,67,1047,0.0696,1645.6,0.056437185194479156,-0.06021172823086607,0.0696,24.39,75.9,,,,,,
2026-07-30T20:37:42.451216+00:00,S033,mounted,true,loose_mount,mild,500,loose_mount-mild_horizontal_no_load_0500rpm,2118119,503,236,4339,5511,4,3,326950,9,124,73,23,4,1650,1494,1216,59,113,1663,16383,1653,1645,1635347,800,1975,2075,523521,11953,8,382526,1496,21146,216,2118020509,2118119600,0,2118119609,2118120124,3342989987,17859279,77,83,1051,0.0696,1645.6,0.06868064377143801,-0.09798854388019729,0.0696,24.61,76.3,,,,,,
2026-07-30T20:37:42.545655+00:00,S033,mounted,true,loose_mount,mild,500,loose_mount-mild_horizontal_no_load_0500rpm,2118219,516,241,4258,5424,3,3,326971,9,124,74,24,2,1650,1494,1223,57,112,1664,16383,1654,1645,1635890,800,2022,2063,523538,11955,8,382528,1496,21147,216,2118120550,2118219642,0,2118219652,2118220167,3345202682,17865255,91,82,1046,0.0696,1645.6,0.04810511994981148,-0.02021781505646203,0.0696,24.58,76.2,,,,,,
2026-07-30T20:37:42.638152+00:00,S033,mounted,true,loose_mount,mild,500,loose_mount-mild_horizontal_no_load_0500rpm,2118319,516,241,4258,5424,5,3,326991,9,124,74,24,2,1650,1494,1219,56,111,1664,16383,1654,1643,1635525,800,1969,2069,523536,11955,8,382530,1496,21148,216,2118220593,2118319666,0,2118319675,2118320190,3343720263,17865255,86,87,1044,0.0696,1645.6,0.0581035982434126,-0.10853770664993734,0.0696,24.58,76.2,,,,,,
2026-07-30T20:37:42.735524+00:00,S033,mounted,true,loose_mount,mild,500,loose_mount-mild_horizontal_no_load_0500rpm,2118419,517,244,4216,5396,2,3,327012,9,124,74,21,3,1650,1495,1234,56,111,1668,16383,1654,1644,1635477,800,2003,2067,523564,11956,8,382533,1496,21149,216,2118320616,2118419719,0,2118419729,2118420244,3343521323,17868246,90,90,1037,0.0696,1645.6,0.05448267614586788,-0.0521588387420544,0.0696,24.45,76.0,,,,,,
2026-07-30T20:37:42.826393+00:00,S033,mounted,true,loose_mount,mild,500,loose_mount-mild_horizontal_no_load_0500rpm,2118519,504,284,4189,5599,1,3,327032,9,124,76,29,4,1650,1494,1206,58,112,1666,16383,1654,1642,1651371,808,1843,2239,523490,11952,8,382529,1496,21150,216,2118420670,2118520375,0,2118520449,2118520964,3375166315,17856290,70,93,1045,0.0696,1645.6,0.34233033734939733,-0.31773486746987967,0.0696,24.52,76.1,,,,,,
2026-07-30T20:37:42.966696+00:00,S033,mounted,true,loose_mount,mild,500,loose_mount-mild_horizontal_no_load_0500rpm,2118619,503,243,4340,5547,4,3,327052,9,124,74,27,3,1650,1494,1221,58,112,1666,16383,1654,1643,1635573,800,1909,2075,523544,11955,8,382530,1496,21151,216,2118521390,2118620469,0,2118620543,2118621058,3343929285,17865259,82,105,1047,0.0696,1645.6,0.06810207653701328,-0.20852248958594766,0.0696,24.52,76.1,,,,,,
2026-07-30T20:37:43.058224+00:00,S033,mounted,true,loose_mount,mild,500,loose_mount-mild_horizontal_no_load_0500rpm,2118720,521,269,4150,5443,1,3,327074,9,124,73,18,5,1650,1494,1228,56,111,1665,16383,1653,1642,1635660,800,1993,2151,523533,11949,8,382520,1496,21152,216,2118621489,2118720564,0,2118720643,2118721158,3344280076,17847329,86,97,1048,0.0696,1645.6,0.196549344966106,-0.06687612528245035,0.0696,24.55,76.2,,,,,,
2026-07-30T20:37:43.154406+00:00,S033,mounted,true,loose_mount,mild,500,loose_mount-mild_horizontal_no_load_0500rpm,2118820,530,233,4183,5282,6,3,327095,9,124,74,27,4,1650,1494,1232,58,117,1664,16383,1653,1643,1634964,800,2002,2155,523488,11955,8,382522,1496,21153,216,2118721584,2118820675,0,2118820749,2118821264,3341434692,17865257,103,101,1053,0.0696,1645.6,0.2014151204516934,-0.05354607603513184,0.0696,24.58,76.2,,,,,,
2026-07-30T20:37:43.246187+00:00,S033,mounted,true,loose_mount,mild,500,loose_mount-mild_horizontal_no_load_0500rpm,2118920,525,288,4079,5450,1,3,327116,9,124,79,38,2,1650,1494,1201,58,117,1664,16383,1654,1643,1651842,808,2023,2071,523529,11951,8,382517,1496,21154,216,2118821692,2118921352,0,2118921362,2118921877,3376992976,17853303,93,88,1046,0.0696,1645.6,0.06259152146263913,-0.017423076813655847,0.0696,24.58,76.2,,,,,,
2026-07-30T20:37:43.341297+00:00,S033,mounted,true,loose_mount,mild,500,loose_mount-mild_horizontal_no_load_0500rpm,2119020,525,288,4079,5450,4,3,327136,9,124,79,38,2,1650,1495,1197,58,125,1662,16383,1652,1644,1635234,800,2021,2083,523527,11957,8,382523,1496,21155,216,2118922303,2119021389,0,2119021398,2119021913,3342525920,17871233,92,98,1037,0.0696,1645.6,0.08085277736890495,-0.02244755013799482,0.0696,24.64,76.3,,,,,,
2026-07-30T20:37:43.435698+00:00,S033,mounted,true,loose_mount,mild,500,loose_mount-mild_horizontal_no_load_0500rpm,2119120,516,250,4226,5440,3,3,327157,9,124,74,22,1,1650,1494,1217,60,124,1664,16383,1653,1643,1635319,800,2011,2069,523530,11955,8,382525,1496,21156,216,2119022339,2119121434,0,2119121444,2119121959,3342872951,17865257,81,123,1030,0.0696,1645.6,0.0581035982434126,-0.03854835859473038,0.0696,24.58,76.2,,,,,,
2026-07-30T20:37:43.530007+00:00,S033,mounted,true,loose_mount,mild,500,loose_mount-mild_horizontal_no_load_0500rpm,2119220,515,266,4263,5556,5,3,327177,9,124,77,31,3,1650,1494,1196,60,124,1664,16383,1654,1645,1635640,800,2013,2098,523552,11955,8,382527,1496,21157,216,2119122387,2119221485,0,2119221495,2119222010,3344187466,17865255,96,112,1050,0.0696,1645.6,0.10642957666248387,-0.03521553249686349,0.0696,24.58,76.2,,,,,,
2026-07-30T20:37:43.669603+00:00,S033,mounted,true,loose_mount,mild,500,loose_mount-mild_horizontal_no_load_0500rpm,2119321,488,271,4398,5784,6,3,327197,9,124,74,15,3,1650,1494,1197,63,129,1660,16383,1653,1646,1635752,800,1993,2069,523552,11951,8,382522,1496,21158,216,2119222437,2119321540,0,2119321549,2119322064,3344644992,17853303,86,84,1054,0.0696,1645.6,0.05925757986779345,-0.0674322007363406,0.0696,24.7,76.5,,,,,,
2026-07-30T20:37:43.764016+00:00,S033,mounted,true,loose_mount,mild,500,loose_mount-mild_horizontal_no_load_0500rpm,2119421,490,243,4469,5709,3,3,327217,9,124,74,26,3,1650,1494,1190,63,129,1665,16383,1653,1646,1635778,800,1979,2140,523579,11953,8,382521,1496,21159,216,2119322491,2119421607,0,2119421616,2119422131,3344765800,17859281,99,96,1042,0.0696,1645.6,0.17701561574500113,-0.0913217763741323,0.0696,24.55,76.2,,,,,,
2026-07-30T20:37:43.856207+00:00,S033,mounted,true,loose_mount,mild,500,loose_mount-mild_horizontal_no_load_0500rpm,2119521,528,280,4167,5495,4,3,327238,9,124,75,32,8,1650,1494,1183,61,122,1664,16383,1654,1644,1635539,800,2021,2241,523523,11954,8,382521,1496,21160,216,2119422557,2119521612,0,2119521621,2119522136,3343813317,17862272,90,123,1031,0.0696,1645.6,0.3450390428308512,-0.021602496402878035,0.0696,24.58,76.2,,,,,,
2026-07-30T20:37:43.950729+00:00,S033,mounted,true,loose_mount,mild,500,loose_mount-mild_horizontal_no_load_0500rpm,2119621,531,249,4118,5291,3,3,327259,9,124,74,23,3,1650,1494,1211,59,115,1672,16383,1654,1644,1635911,800,2015,2171,523546,11954,8,382521,1496,21161,216,2119522563,2119621646,0,2119621655,2119622170,3345307365,17862266,76,107,1028,0.0696,1645.6,0.22838037125648247,-0.03160181110925242,0.0696,24.33,75.8,,,,,,
2026-07-30T20:37:44.045371+00:00,S033,mounted,true,loose_mount,mild,500,loose_mount-mild_horizontal_no_load_0500rpm,2119721,531,249,4118,5291,5,3,327279,9,124,74,23,3,1650,1495,1196,59,115,1668,16383,1653,1643,1635310,800,2019,2069,523512,11958,8,382529,1496,21162,216,2119622597,2119721686,0,2119721696,2119722211,3342833212,17874222,91,112,1029,0.0696,1645.6,0.0572386186653282,-0.026061130456598303,0.0696,24.45,76.0,,,,,,
2026-07-30T20:37:44.139577+00:00,S033,mounted,true,loose_mount,mild,500,loose_mount-mild_horizontal_no_load_0500rpm,2119821,501,336,4140,5815,6,3,327299,9,124,99,94,5,1650,1494,1208,58,113,1666,16383,1652,1644,1634873,800,1833,2069,523516,11954,8,382529,1496,21163,216,2119722638,2119821732,0,2119821742,2119822257,3341094799,17862266,72,124,1025,0.0696,1645.6,0.05839202124811749,-0.3349143572026101,0.0696,24.52,76.1,,,,,,
2026-07-30T20:37:44.232586+00:00,S033,mounted,true,loose_mount,mild,500,loose_mount-mild_horizontal_no_load_0500rpm,2119921,490,272,4343,5732,3,3,327319,9,124,75,21,3,1650,1494,1204,59,118,1667,16383,1654,1644,1650944,808,1854,2070,523495,11955,8,382530,1496,21164,216,2119822684,2119922401,0,2119922475,2119922990,3373387464,17865257,78,96,1036,0.0696,1645.6,0.05977001129234605,-0.3001752072772903,0.0696,24.48,76.1,,,,,,
2026-07-30T20:37:44.371975+00:00,S033,mounted,true,loose_mount,mild,500,loose_mount-mild_horizontal_no_load_0500rpm,2120021,497,258,4339,5636,5,3,327339,9,124,71,6,1,1650,1494,1200,59,118,1664,16383,1654,1646,1636288,800,1965,2269,523530,11953,8,382528,1496,21165,216,2119923416,2120022475,0,2120022549,2120023064,3346907584,17859277,85,91,1035,0.0696,1645.6,0.3920188678156107,-0.11465546264536108,0.0696,24.58,76.2,,,,,,
2026-07-30T20:37:44.467336+00:00,S033,mounted,true,loose_mount,mild,500,loose_mount-mild_horizontal_no_load_0500rpm,2120121,502,236,4366,5542,6,3,327359,9,124,74,23,4,1650,1495,1203,58,114,1663,16383,1655,1644,1635772,800,1950,2075,523544,11956,8,382532,1496,21166,216,2120023489,2120122524,0,2120122598,2120123113,3344739450,17868244,84,83,1043,0.0696,1645.6,0.06781286550685817,-0.14047134325861554,0.0696,24.61,76.3,,,,,,
2026-07-30T20:37:44.560823+00:00,S033,mounted,true,loose_mount,mild,500,loose_mount-mild_horizontal_no_load_0500rpm,2120222,499,289,4291,5741,3,3,327379,9,124,78,32,3,1650,1494,1204,58,114,1666,16383,1653,1644,1635363,800,2025,2081,523528,11953,8,382530,1496,21167,216,2120123539,2120222605,0,2120222679,2120223194,3343053795,17859281,76,78,1045,0.0696,1645.6,0.07868079503053593,-0.014653950054379639,0.0696,24.52,76.1,,,,,,
2026-07-30T20:37:44.654797+00:00,S033,mounted,true,loose_mount,mild,500,loose_mount-mild_horizontal_no_load_0500rpm,2120322,499,289,4291,5741,1,3,327398,9,124,78,32,3,1650,1494,1238,57,116,1662,16383,1653,1644,1634696,800,1973,2155,523497,11955,8,382531,1496,21168,216,2120223620,2120322675,0,2120322749,2120323264,3340345442,17865257,84,83,1045,0.0696,1645.6,0.2014151204516934,-0.10187205445420311,0.0696,24.64,76.3,,,,,,
2026-07-30T20:37:44.748457+00:00,S033,mounted,true,loose_mount,mild,500,loose_mount-mild_horizontal_no_load_0500rpm,2120422,489,243,4453,5694,4,3,327418,9,124,73,19,3,1650,1494,1214,57,119,1657,16383,1653,1644,1651547,808,1988,2070,523517,11952,8,382527,1496,21169,216,2120323690,2120423362,0,2120423371,2120423886,3375793629,17856294,102,93,1057,0.0696,1645.6,0.0606358433734937,-0.07604432530120553,0.0696,24.79,76.6,,,,,,
2026-07-30T20:37:44.841272+00:00,S033,mounted,true,loose_mount,mild,500,loose_mount-mild_horizontal_no_load_0500rpm,2120522,492,234,4406,5595,2,3,327438,9,124,72,18,4,1650,1494,1242,57,119,1661,16383,1653,1643,1635395,800,2006,2065,523527,11952,8,382524,1496,21170,216,2120424313,2120523518,0,2120523527,2120524042,3343184713,17856292,90,87,1048,0.0696,1645.6,0.052301686746988096,-0.0460413614457833,0.0696,24.67,76.4,,,,,,
2026-07-30T20:37:44.936391+00:00,S033,mounted,true,loose_mount,mild,500,loose_mount-mild_horizontal_no_load_0500rpm,2120623,503,258,4295,5578,1,3,327458,9,124,74,22,3,1650,1494,1203,57,121,1661,16383,1653,1642,1635221,800,1997,2283,523493,11950,8,382517,1496,21171,216,2120524472,2120623565,0,2120623574,2120624089,3342530741,17850318,102,107,1034,0.0696,1645.6,0.41630779866108725,-0.060485745104602806,0.0696,24.67,76.4,,,,,,
2026-07-30T20:37:45.077827+00:00,S033,mounted,true,loose_mount,mild,500,loose_mount-mild_horizontal_no_load_0500rpm,2120723,502,247,4336,5568,6,3,327479,9,124,74,21,2,1650,1494,1217,61,129,1671,16383,1655,1643,1635911,800,2019,2063,523585,11955,8,382519,1496,21172,216,2120624521,2120723612,0,2120723621,2120724136,3345292759,17865255,121,105,1037,0.0696,1645.6,0.04810511994981148,-0.025217054203262812,0.0696,24.36,75.9,,,,,,
2026-07-30T20:37:45.171762+00:00,S033,mounted,true,loose_mount,mild,500,loose_mount-mild_horizontal_no_load_0500rpm,2120823,530,255,4134,5338,1,3,327500,9,124,73,25,7,1650,1494,1235,61,129,1664,16383,1656,1639,1635335,800,1962,2068,523553,11955,8,382521,1496,21173,216,2120724565,2120823654,0,2120823664,2120824179,3342949391,17865257,104,99,1044,0.0696,1645.6,0.056437185194479156,-0.1202025979924719,0.0696,24.58,76.2,,,,,,
2026-07-30T20:37:45.267319+00:00,S033,mounted,true,loose_mount,mild,500,loose_mount-mild_horizontal_no_load_0500rpm,2120923,530,255,4134,5338,6,3,327521,9,124,73,25,7,1650,1494,1217,59,117,1665,16383,1654,1644,1635558,800,1983,2067,523540,11952,8,382518,1496,21174,216,2120824606,2120923708,0,2120923718,2120924233,3343853340,17856290,90,95,1039,0.0696,1645.6,0.05563534939759052,-0.08437848192771069,0.0696,24.55,76.2,,,,,,
2026-07-30T20:37:45.360595+00:00,S033,mounted,true,loose_mount,mild,500,loose_mount-mild_horizontal_no_load_0500rpm,2121023,531,252,4055,5240,3,3,327541,9,124,74,20,2,1650,1494,1243,59,117,1661,16383,1653,1643,1651703,808,1935,2067,523537,11955,8,382520,1496,21175,216,2120924659,2121024384,0,2121024458,2121024973,3376437637,17865257,90,94,1029,0.0696,1645.6,0.05477077214554571,-0.16519575031367673,0.0696,24.67,76.4,,,,,,
2026-07-30T20:37:45.453295+00:00,S033,mounted,true,loose_mount,mild,500,loose_mount-mild_horizontal_no_load_0500rpm,2121123,499,317,4080,5667,5,3,327561,9,124,94,80,7,1650,1494,1238,60,126,1663,16383,1653,1646,1635110,800,1937,2062,523517,11953,8,382519,1496,21176,216,2121025399,2121124481,0,2121124555,2121125070,3342031682,17859279,120,101,1034,0.0696,1645.6,0.04701364937672503,-0.1613228351878191,0.0696,24.61,76.3,,,,,,
2026-07-30T20:37:45.545688+00:00,S033,mounted,true,loose_mount,mild,500,loose_mount-mild_horizontal_no_load_0500rpm,2121224,490,264,4365,5714,6,3,327581,9,124,75,24,2,1650,1495,1247,61,132,1665,16383,1653,1645,1635273,800,1977,2067,523518,11956,8,382523,1496,21177,216,2121125498,2121224547,0,2121224621,2121225136,3342693795,17868244,75,99,1039,0.0696,1645.6,0.05448267614586788,-0.09548195416527294,0.0696,24.55,76.2,,,,,,
2026-07-30T20:37:45.638267+00:00,S033,mounted,true,loose_mount,mild,500,loose_mount-mild_horizontal_no_load_0500rpm,2121324,521,344,3954,5605,5,3,327603,9,124,81,58,7,1650,1495,1217,61,132,1666,16383,1653,1645,1635856,800,2020,2067,523566,11956,8,382527,1496,21178,216,2121225562,2121324644,0,2121324718,2121325233,3345065210,17868244,80,107,1035,0.0696,1645.6,0.05448267614586788,-0.023832186349950213,0.0696,24.52,76.1,,,,,,
2026-07-30T20:37:45.777628+00:00,S033,mounted,true,loose_mount,mild,500,loose_mount-mild_horizontal_no_load_0500rpm,2121424,542,247,4051,5194,3,3,327625,9,124,74,17,3,1650,1494,1224,63,136,1673,16383,1654,1642,1635427,800,1994,2067,523522,11953,8,382526,1496,21179,216,2121325660,2121424713,0,2121424791,2121425306,3343314267,17859281,81,102,1034,0.0696,1645.6,0.05534710875930715,-0.06632139822638727,0.0696,24.3,75.7,,,,,,
2026-07-30T20:37:45.871852+00:00,S033,mounted,true,loose_mount,mild,500,loose_mount-mild_horizontal_no_load_0500rpm,2121524,537,306,4074,5498,4,3,327646,9,124,82,43,5,1650,1495,1224,62,133,1668,16383,1669,1645,1652301,808,2023,2263,523557,11956,8,382530,1496,21180,216,2121425733,2121525366,0,2121525375,2121525890,3378963847,17868246,89,98,1030,0.0696,1645.6,0.3810723154901301,-0.01883336533957891,0.0696,24.45,76.0,,,,,,
2026-07-30T20:37:45.967247+00:00,S033,mounted,true,loose_mount,mild,500,loose_mount-mild_horizontal_no_load_0500rpm,2121625,501,250,4345,5592,2,3,327666,9,124,74,17,3,1650,1495,1232,62,133,1668,16383,1653,1643,1635394,800,2010,2069,523539,11958,8,382537,1496,21181,216,2121526316,2121625582,0,2121625591,2121626106,3343178892,17874228,85,82,1036,0.0696,1645.6,0.0572386186653282,-0.041055085298544736,0.0696,24.45,76.0,,,,,,
2026-07-30T20:37:46.060200+00:00,S033,mounted,true,loose_mount,mild,500,loose_mount-mild_horizontal_no_load_0500rpm,2121725,501,250,4345,5592,1,3,327686,9,124,74,17,3,1650,1494,1246,59,129,1665,16383,1653,1644,1651165,808,1945,2070,523497,11955,8,382538,1496,21182,216,2121626532,2121726117,0,2121726191,2121726706,3374241807,17865257,60,94,1040,0.0696,1645.6,0.05977001129234605,-0.14853161982434182,0.0696,24.55,76.2,,,,,,
2026-07-30T20:37:46.154080+00:00,S033,mounted,true,loose_mount,mild,500,loose_mount-mild_horizontal_no_load_0500rpm,2121825,502,241,4346,5546,4,3,327706,9,124,74,21,3,1650,1494,1221,59,129,1673,16383,1653,1647,1635612,800,1814,2065,523521,11954,8,382538,1496,21183,216,2121727132,2121826171,0,2121826245,2121826760,3344119040,17862270,51,98,1035,0.0696,1645.6,0.0517258114438679,-0.36657885377279564,0.0696,24.3,75.7,,,,,,
2026-07-30T20:37:46.248168+00:00,S033,mounted,true,loose_mount,mild,500,loose_mount-mild_horizontal_no_load_0500rpm,2121925,490,280,4317,5745,6,3,327725,9,124,75,20,3,1650,1495,1234,59,126,1666,16383,1655,1643,1635572,800,1817,2269,523517,11958,8,382545,1496,21184,216,2121827186,2121926203,0,2121926277,2121926791,3344012206,17874222,84,99,1027,0.0696,1645.6,0.39043761515303554,-0.36259211690918214,0.0696,24.52,76.1,,,,,,
2026-07-30T20:37:46.341614+00:00,S033,mounted,true,loose_mount,mild,500,loose_mount-mild_horizontal_no_load_0500rpm,2122025,490,240,4470,5699,3,3,327745,9,124,74,27,3,1650,1494,1253,58,122,1664,16383,1654,1643,1635498,800,1931,2073,523533,11954,8,382544,1496,21185,216,2121927217,2122026271,0,2122026344,2122026860,3343626170,17862266,64,108,1030,0.0696,1645.6,0.06505823105236708,-0.1715922169984947,0.0696,24.58,76.2,,,,,,
2026-07-30T20:37:46.484637+00:00,S033,mounted,true,loose_mount,mild,500,loose_mount-mild_horizontal_no_load_0500rpm,2122125,523,293,4183,5586,6,3,327767,9,124,76,30,8,1650,1494,1213,58,122,1663,16383,1653,1644,1635710,800,1801,2285,523531,11954,8,382543,1496,21186,216,2122027286,2122126395,0,2122126473,2122126988,3344628928,17862270,69,110,1032,0.0696,1645.6,0.41836735067759756,-0.38824403563660725,0.0696,24.61,76.3,,,,,,
2026-07-30T20:37:46.576235+00:00,S033,mounted,true,loose_mount,mild,500,loose_mount-mild_horizontal_no_load_0500rpm,2122225,531,244,4107,5259,1,3,327788,9,124,74,23,2,1650,1494,1214,57,116,1664,16383,1654,1643,1635347,800,1979,2066,523528,11953,8,382541,1496,21187,216,2122127415,2122226473,0,2122226547,2122227062,3342988265,17859281,91,104,1037,0.0696,1645.6,0.05368041688279046,-0.0913217763741323,0.0696,24.58,76.2,,,,,,
2026-07-30T20:37:46.669485+00:00,S033,mounted,true,loose_mount,mild,500,loose_mount-mild_horizontal_no_load_0500rpm,2122326,531,244,4107,5259,6,3,327809,9,124,74,23,2,1650,1494,1228,57,119,1665,16383,1653,1643,1635680,800,2025,2070,523528,11955,8,382542,1496,21188,216,2122227489,2122326558,0,2122326637,2122327152,3344344444,17865259,94,104,1039,0.0696,1645.6,0.05977001129234605,-0.015218575909661247,0.0696,24.55,76.2,,,,,,
2026-07-30T20:37:46.762450+00:00,S033,mounted,true,loose_mount,mild,500,loose_mount-mild_horizontal_no_load_0500rpm,2122426,523,269,4095,5385,3,3,327829,9,124,79,43,3,1650,1494,1235,57,119,1664,16383,1654,1646,1635753,800,2025,2322,523526,11955,8,382543,1496,21189,216,2122327579,2122426636,0,2122426710,2122427224,3344719057,17865257,91,103,1036,0.0696,1645.6,0.47970609962358823,-0.015218575909661247,0.0696,24.58,76.2,,,,,,
2026-07-30T20:37:46.855333+00:00,S033,mounted,true,loose_mount,mild,500,loose_mount-mild_horizontal_no_load_0500rpm,2122526,517,259,4170,5426,4,3,327850,9,124,74,20,2,1650,1495,1213,58,118,1669,16383,1653,1647,1635925,800,2007,2267,523528,11956,8,382546,1496,21190,216,2122427651,2122526705,0,2122526778,2122527293,3345396035,17868244,77,113,1034,0.0696,1645.6,0.387737410170625,-0.04549374406155948,0.0696,24.42,76.0,,,,,,
2026-07-30T20:37:46.948514+00:00,S033,mounted,true,loose_mount,mild,500,loose_mount-mild_horizontal_no_load_0500rpm,2122626,512,296,4216,5663,2,3,327870,9,124,79,36,4,1650,1495,1216,58,118,1672,16383,1652,1642,1651621,808,2025,2063,523511,11956,8,382548,1496,21191,216,2122527720,2122627373,0,2122627382,2122627896,3376090007,17868244,96,104,1040,0.0696,1645.6,0.047817581465372516,-0.015500817999331229,0.0696,24.33,75.8,,,,,,
2026-07-30T20:37:47.104144+00:00,S033,mounted,true,loose_mount,mild,500,loose_mount-mild_horizontal_no_load_0500rpm,2122726,502,233,4390,5551,5,3,327891,9,124,74,26,3,1650,1494,1230,56,115,1663,16383,1653,1644,1635011,800,1831,2073,523513,11955,8,382548,1496,21192,216,2122628323,2122727413,0,2122727428,2122727943,3341682863,17865255,115,106,1043,0.0696,1645.6,0.06476925043914683,-0.33850270740276045,0.0696,24.61,76.3,,,,,,
2026-07-30T20:37:47.198588+00:00,S033,mounted,true,loose_mount,mild,500,loose_mount-mild_horizontal_no_load_0500rpm,2122826,506,233,4294,5447,6,3,327911,9,124,73,23,7,1650,1494,1234,57,117,1662,16383,1654,1645,1635405,800,2021,2063,523519,11954,8,382547,1496,21193,216,2122728371,2122827437,0,2122827446,2122827961,3343222365,17862266,105,94,1036,0.0696,1645.6,0.0483927065417431,-0.021602496402878035,0.0696,24.64,76.3,,,,,,
2026-07-30T20:37:47.259909+00:00,S033,mounted,true,loose_mount,mild,500,loose_mount-mild_horizontal_no_load_0500rpm,2122926,531,252,4107,5295,1,3,327932,9,124,74,21,1,1650,1494,1207,57,117,1660,16383,1655,1646,1635703,800,1980,2289,523522,11955,8,382547,1496,21194,216,2122828388,2122927471,0,2122927481,2122927996,3344507039,17865257,114,93,1032,0.0696,1645.6,0.42471446900878274,-0.09020716311166899,0.0696,24.7,76.5,,,,,,
2026-07-30T20:37:47.355444+00:00,S033,mounted,true,loose_mount,mild,500,loose_mount-mild_horizontal_no_load_0500rpm,2123026,531,252,4107,5295,6,3,327953,9,124,74,21,1,1650,1494,1205,59,126,1662,16383,1656,1644,1635751,800,2011,2177,523537,11952,8,382542,1496,21195,216,2122928423,2123027518,0,2123027528,2123028043,3344658347,17856292,106,101,1033,0.0696,1645.6,0.2389867951807223,-0.03770720481927725,0.0696,24.64,76.3,,,,,,
2026-07-30T20:37:47.448923+00:00,S033,mounted,true,loose_mount,mild,500,loose_mount-mild_horizontal_no_load_0500rpm,2123127,530,253,4111,5307,1,3,327974,9,124,74,19,3,1650,1494,1192,60,133,1664,16383,1653,1643,1634641,800,1805,2257,523497,11955,8,382543,1496,21196,216,2123028475,2123127701,0,2123127711,2123128226,3340207697,17865257,110,107,1041,0.0696,1645.6,0.3713892514429107,-0.3818294466750314,0.0696,24.58,76.2,,,,,,
2026-07-30T20:37:47.589241+00:00,S033,mounted,true,loose_mount,mild,500,loose_mount-mild_horizontal_no_load_0500rpm,2123227,519,268,4117,5409,6,3,327995,9,124,76,34,2,1650,1494,1190,60,133,1671,16383,1653,1643,1651774,808,1983,2065,523517,11953,8,382541,1496,21197,216,2123128654,2123228264,0,2123228338,2123228853,3376719564,17859281,86,119,1045,0.0696,1645.6,0.052013725006274214,-0.08465500886806687,0.0696,24.36,75.9,,,,,,
2026-07-30T20:37:47.683371+00:00,S033,mounted,true,loose_mount,mild,500,loose_mount-mild_horizontal_no_load_0500rpm,2123327,517,242,4217,5387,1,3,328016,9,124,73,21,3,1650,1495,1198,57,124,1664,16383,1654,1642,1634722,800,1911,2221,523469,11956,8,382544,1496,21198,216,2123229280,2123328378,0,2123328452,2123328967,3340493382,17868244,95,117,1037,0.0696,1645.6,0.31108882134493143,-0.20545601639344246,0.0696,24.58,76.2,,,,,,
2026-07-30T20:37:47.777061+00:00,S033,mounted,true,loose_mount,mild,500,loose_mount-mild_horizontal_no_load_0500rpm,2123427,516,250,4192,5401,6,3,328037,9,124,73,13,2,1650,1494,1193,57,124,1662,16383,1652,1642,1635119,800,1911,2066,523507,11954,8,382543,1496,21199,216,2123329394,2123428440,0,2123428514,2123429029,3342074667,17862270,97,115,1034,0.0696,1645.6,0.05339236389493074,-0.2049232660197422,0.0696,24.64,76.3,,,,,,
2026-07-30T20:37:47.885977+00:00,S033,mounted,true,loose_mount,mild,500,loose_mount-mild_horizontal_no_load_0500rpm,2123527,517,253,4202,5429,3,3,328057,9,124,74,19,1,1650,1494,1212,55,120,1665,16383,1653,1644,1635496,800,2006,2275,523537,11955,8,382544,1496,21200,216,2123429456,2123528507,0,2123528581,2123529096,3343650194,17865255,95,95,1044,0.0696,1645.6,0.4013846863237136,-0.04688042383939761,0.0696,24.55,76.2,,,,,,
2026-07-30T20:37:47.964648+00:00,S033,mounted,true,loose_mount,mild,500,loose_mount-mild_horizontal_no_load_0500rpm,2123628,516,254,4213,5442,4,3,328078,9,124,74,23,3,1650,1494,1203,55,113,1687,16383,1653,1643,1634773,800,1891,2062,523512,11955,8,382545,1496,21201,216,2123529525,2123628575,0,2123628649,2123629164,3340674811,17865259,91,75,1041,0.0696,1645.6,0.04643870690087848,-0.23851792446675057,0.0696,23.88,75.0,,,,,,
2026-07-30T20:37:48.058633+00:00,S033,mounted,true,loose_mount,mild,500,loose_mount-mild_horizontal_no_load_0500rpm,2123728,517,249,4218,5424,3,3,328099,9,124,74,22,3,1650,1495,1221,55,113,1674,16383,1654,1645,1635672,800,1941,2215,523540,11956,8,382547,1496,21202,216,2123629590,2123728660,0,2123728734,2123729249,3344364462,17868244,103,82,1046,0.0696,1645.6,0.30109117932418883,-0.155467806289729,0.0696,24.27,75.7,,,,,,
2026-07-30T20:37:48.152877+00:00,S033,mounted,true,loose_mount,mild,500,loose_mount-mild_horizontal_no_load_0500rpm,2123828,517,249,4218,5424,5,3,328119,9,124,74,22,3,1650,1495,1187,55,112,1668,16383,1653,1644,1635352,800,1963,2181,523525,11956,8,382549,1496,21203,216,2123729676,2123828723,0,2123828797,2123829311,3343032148,17868246,84,92,1041,0.0696,1645.6,0.24443787453998,-0.11880978554700627,0.0696,24.45,76.0,,,,,,
2026-07-30T20:37:48.246716+00:00,S033,mounted,true,loose_mount,mild,500,loose_mount-mild_horizontal_no_load_0500rpm,2123928,516,252,4219,5440,2,3,328140,9,124,74,22,2,1650,1494,1217,56,120,1667,16383,1654,1644,1651648,808,2021,2076,523511,11951,8,382542,1496,21204,216,2123829737,2123929356,0,2123929366,2123929881,3376203744,17853303,107,80,1048,0.0696,1645.6,0.07092637544975267,-0.020757018408501526,0.0696,24.48,76.1,,,,,,
2026-07-30T20:37:48.388900+00:00,S033,mounted,true,loose_mount,mild,500,loose_mount-mild_horizontal_no_load_0500rpm,2124028,503,267,4249,5574,1,3,328160,9,124,74,18,2,1650,1494,1203,56,120,1667,16383,1653,1643,1635206,800,1935,2069,523505,11955,8,382543,1496,21205,216,2123930308,2124029393,0,2124029402,2124029917,3342431482,17865255,98,80,1054,0.0696,1645.6,0.0581035982434126,-0.16519575031367673,0.0696,24.48,76.1,,,,,,
2026-07-30T20:37:48.481424+00:00,S033,mounted,true,loose_mount,mild,500,loose_mount-mild_horizontal_no_load_0500rpm,2124128,502,249,4338,5577,4,3,328180,9,124,74,20,2,1650,1494,1192,55,113,1663,16383,1653,1643,1635069,800,1994,2073,523516,11952,8,382539,1496,21206,216,2124030343,2124129430,0,2124129439,2124129954,3341855317,17856290,71,75,1052,0.0696,1645.6,0.06563633734939733,-0.06604333734939782,0.0696,24.61,76.3,,,,,,
2026-07-30T20:37:48.576044+00:00,S033,mounted,true,loose_mount,mild,500,loose_mount-mild_horizontal_no_load_0500rpm,2124228,492,270,4331,5704,6,3,328199,9,124,76,32,2,1650,1494,1217,55,113,1661,16383,1655,1646,1635920,800,2019,2073,523540,11955,8,382540,1496,21207,216,2124130380,2124229473,0,2124229482,2124229997,3345325914,17865259,94,106,1042,0.0696,1645.6,0.06476925043914683,-0.025217054203262812,0.0696,24.67,76.4,,,,,,
2026-07-30T20:37:48.671005+00:00,S033,mounted,true,loose_mount,mild,500,loose_mount-mild_horizontal_no_load_0500rpm,2124328,490,241,4425,5653,3,3,328219,9,124,74,22,2,1650,1494,1209,56,121,1664,16383,1652,1646,1635422,800,1927,2167,523525,11953,8,382538,1496,21208,216,2124230423,2124329500,0,2124329509,2124330025,3343340278,17859281,98,104,1051,0.0696,1645.6,0.22201629641094245,-0.1779897539529829,0.0696,24.58,76.2,,,,,,
2026-07-30T20:37:48.766685+00:00,S033,mounted,true,loose_mount,mild,500,loose_mount-mild_horizontal_no_load_0500rpm,2124429,490,241,4425,5653,5,3,328239,9,124,74,22,2,1650,1495,1215,57,123,1664,16383,1654,1645,1635252,800,1935,2065,523514,11958,8,382545,1496,21209,216,2124330451,2124429543,0,2124429552,2124430067,3342608126,17874222,87,111,1044,0.0696,1645.6,0.05057463873557433,-0.16600470898143493,0.0696,24.58,76.2,,,,,,
2026-07-30T20:37:48.861427+00:00,S033,mounted,true,loose_mount,mild,500,loose_mount-mild_horizontal_no_load_0500rpm,2124529,509,264,4276,5576,2,3,328260,9,124,74,20,3,1650,1494,1212,57,123,1667,16383,1654,1645,1635558,800,2009,2207,523526,11955,8,382545,1496,21210,216,2124430494,2124529597,0,2124529606,2124530121,3343874868,17865259,89,107,1039,0.0696,1645.6,0.28806859899623527,-0.04188118469259772,0.0696,24.48,76.1,,,,,,
2026-07-30T20:37:48.955306+00:00,S033,mounted,true,loose_mount,mild,500,loose_mount-mild_horizontal_no_load_0500rpm,2124629,516,236,4248,5391,5,3,328281,9,124,74,25,3,1650,1494,1230,58,126,1669,16383,1655,1643,1635069,800,2001,2338,523475,11951,8,382538,1496,21211,216,2124530548,2124629640,0,2124629649,2124630164,3341938965,17853303,82,114,1036,0.0696,1645.6,0.5076727243745291,-0.054096434356957435,0.0696,24.42,76.0,,,,,,
2026-07-30T20:37:49.096265+00:00,S033,mounted,true,loose_mount,mild,500,loose_mount-mild_horizontal_no_load_0500rpm,2124729,501,332,4170,5827,4,3,328300,9,124,91,66,6,1650,1495,1229,56,120,1662,16383,1654,1644,1635054,800,1925,2063,523489,11957,8,382543,1496,21212,216,2124630591,2124729704,0,2124729714,2124730229,3341815434,17871233,104,116,1031,0.0696,1645.6,0.04753009107635631,-0.18239644434222635,0.0696,24.64,76.3,,,,,,
2026-07-30T20:37:49.189938+00:00,S033,mounted,true,loose_mount,mild,500,loose_mount-mild_horizontal_no_load_0500rpm,2124829,489,245,4500,5752,2,3,328320,9,124,75,30,3,1650,1495,1230,56,120,1658,16383,1655,1646,1635330,800,1923,2271,523520,11959,8,382552,1496,21213,216,2124730661,2124829737,0,2124829747,2124830262,3342989928,17877211,92,102,1043,0.0696,1645.6,0.3934532346350026,-0.18626453976084978,0.0696,24.76,76.6,,,,,,
2026-07-30T20:37:49.283941+00:00,S033,mounted,true,loose_mount,mild,500,loose_mount-mild_horizontal_no_load_0500rpm,2124929,504,309,4058,5589,1,3,328340,9,124,76,36,10,1650,1495,1253,56,117,1660,16383,1653,1644,1652205,808,2018,2083,523558,11958,8,382558,1496,21214,216,2124830689,2124930356,0,2124930430,2124930945,3378476065,17874222,66,105,1040,0.0696,1645.6,0.08056254841946808,-0.027727125439036993,0.0696,24.7,76.5,,,,,,
2026-07-30T20:37:49.377553+00:00,S033,mounted,true,loose_mount,mild,500,loose_mount-mild_horizontal_no_load_0500rpm,2125030,532,266,4021,5273,2,3,328362,9,124,75,25,2,1650,1494,1219,56,117,1663,16383,1654,1645,1636119,800,2028,2165,523566,11955,8,382558,1496,21215,216,2124931373,2125030591,0,2125030664,2125031180,3346152109,17865257,79,93,1041,0.0696,1645.6,0.2180792509410283,-0.010219336762860909,0.0696,24.61,76.3,,,,,,
2026-07-30T20:37:49.469500+00:00,S033,mounted,true,loose_mount,mild,500,loose_mount-mild_horizontal_no_load_0500rpm,2125130,532,266,4021,5273,5,3,328383,9,124,75,25,2,1650,1494,1221,55,112,1660,16383,1653,1645,1635759,800,2013,2315,523543,11955,8,382558,1496,21216,216,2125031605,2125130658,0,2125130732,2125131247,3344741519,17865257,83,85,1037,0.0696,1645.6,0.4680412082810541,-0.03521553249686349,0.0696,24.7,76.5,,,,,,
2026-07-30T20:37:49.564197+00:00,S033,mounted,true,loose_mount,mild,500,loose_mount-mild_horizontal_no_load_0500rpm,2125230,530,248,4104,5272,2,3,328404,9,124,74,25,3,1650,1494,1248,56,116,1652,16383,1653,1645,1635681,800,1947,2317,523523,11953,8,382555,1496,21217,216,2125131673,2125230748,0,2125230822,2125231337,3344496187,17859279,89,95,1033,0.0696,1645.6,0.47202007788839584,-0.14465591642265574,0.0696,24.94,76.9,,,,,,
2026-07-30T20:37:49.658007+00:00,S033,mounted,true,loose_mount,mild,500,loose_mount-mild_horizontal_no_load_0500rpm,2125330,532,261,4070,5297,4,3,328426,9,124,75,24,2,1650,1495,1235,56,116,1662,16383,1652,1644,1651926,808,1985,2067,523511,11958,8,382561,1496,21218,216,2125231763,2125331388,0,2125331398,2125331913,3377340684,17874222,78,93,1030,0.0696,1645.6,0.053906628700451265,-0.08270495985950843,0.0696,24.64,76.3,,,,,,
2026-07-30T20:37:49.798235+00:00,S033,mounted,true,loose_mount,mild,500,loose_mount-mild_horizontal_no_load_0500rpm,2125430,530,257,4113,5327,3,3,328447,9,124,74,23,2,1650,1494,1238,55,117,1662,16383,1654,1644,1635622,800,2018,2083,523541,11954,8,382559,1496,21219,216,2125332338,2125431413,0,2125431423,2125431938,3344113702,17862268,66,101,1035,0.0696,1645.6,0.0817237555629915,-0.026602153756065228,0.0696,24.64,76.3,,,,,,
2026-07-30T20:37:49.893051+00:00,S033,mounted,true,loose_mount,mild,500,loose_mount-mild_horizontal_no_load_0500rpm,2125530,531,246,4119,5277,4,3,328468,9,124,74,28,4,1650,1494,1256,56,122,1663,16383,1655,1642,1635503,800,1858,2079,523567,11955,8,382559,1496,21220,216,2125432365,2125531477,0,2125531486,2125532001,3343663407,17865257,86,107,1032,0.0696,1645.6,0.07476772873274751,-0.2935095550815561,0.0696,24.61,76.3,,,,,,
2026-07-30T20:37:49.987744+00:00,S033,mounted,true,loose_mount,mild,500,loose_mount-mild_horizontal_no_load_0500rpm,2125630,532,242,4073,5214,1,3,328490,9,124,74,23,3,1650,1494,1221,56,122,1663,16383,1654,1645,1635641,800,1889,2197,523536,11954,8,382558,1496,21221,216,2125532431,2125631504,0,2125631519,2125632034,3344234391,17862270,91,98,1038,0.0696,1645.6,0.2717107349841057,-0.2415874199431154,0.0696,24.61,76.3,,,,,,
2026-07-30T20:37:50.082843+00:00,S033,mounted,true,loose_mount,mild,500,loose_mount-mild_horizontal_no_load_0500rpm,2125731,532,251,4053,5233,6,3,328511,9,124,73,20,2,1650,1494,1233,56,118,1664,16383,1655,1641,1635682,800,1823,2319,523520,11955,8,382558,1496,21222,216,2125632460,2125731533,0,2125731542,2125732057,3344508698,17865255,93,97,1036,0.0696,1645.6,0.47470686047678745,-0.3518340117942289,0.0696,24.58,76.2,,,,,,
2026-07-30T20:37:50.176223+00:00,S033,mounted,true,loose_mount,mild,500,loose_mount-mild_horizontal_no_load_0500rpm,2125831,531,258,4076,5293,1,3,328532,9,124,74,18,2,1650,1494,1244,56,118,1667,16383,1655,1643,1635604,800,1995,2268,523536,11954,8,382557,1496,21223,216,2125732483,2125831569,0,2125831579,2125832094,3344088872,17862268,89,98,1034,0.0696,1645.6,0.3900359590095359,-0.06493286013050081,0.0696,24.48,76.1,,,,,,
2026-07-30T20:37:50.274302+00:00,S033,mounted,true,loose_mount,mild,500,loose_mount-mild_horizontal_no_load_0500rpm,2125931,531,258,4076,5293,6,3,328553,9,124,74,18,2,1650,1494,1235,57,123,1660,16383,1652,1644,1635007,800,1999,2076,523526,11954,8,382556,1496,21224,216,2125832520,2125931639,0,2125931648,2125932163,3341599613,17862268,96,91,1036,0.0696,1645.6,0.07005788840555427,-0.05826665032625078,0.0696,24.7,76.5,,,,,,
2026-07-30T20:37:50.361595+00:00,S033,mounted,true,loose_mount,mild,500,loose_mount-mild_horizontal_no_load_0500rpm,2126031,530,265,4106,5358,1,3,328574,9,124,74,18,1,1650,1494,1219,59,129,1660,16383,1654,1644,1651581,808,1991,2069,523519,11952,8,382551,1496,21225,216,2125932589,2126032381,0,2126032455,2126032970,3375927085,17856290,79,99,1039,0.0696,1645.6,0.05896901204819249,-0.07104383132530145,0.0696,24.7,76.5,,,,,,
2026-07-30T20:37:50.502030+00:00,S033,mounted,true,loose_mount,mild,500,loose_mount-mild_horizontal_no_load_0500rpm,2126131,516,253,4202,5430,6,3,328595,9,124,74,16,3,1650,1494,1238,59,129,1663,16383,1654,1645,1635458,800,1978,2185,523509,11950,8,382542,1496,21226,216,2126033396,2126132467,0,2126132541,2126133056,3343465538,17850316,90,95,1038,0.0696,1645.6,0.25293098995815866,-0.09216084066945607,0.0696,24.61,76.3,,,,,,
2026-07-30T20:37:50.595450+00:00,S033,mounted,true,loose_mount,mild,500,loose_mount-mild_horizontal_no_load_0500rpm,2126232,517,243,4220,5398,3,3,328615,9,124,74,20,3,1650,1494,1246,57,126,1662,16383,1653,1646,1635282,800,1961,2081,523510,11954,8,382542,1496,21227,216,2126133482,2126232547,0,2126232621,2126233136,3342730890,17862270,85,94,1045,0.0696,1645.6,0.07839065066086626,-0.12159564346662233,0.0696,24.64,76.3,,,,,,
2026-07-30T20:37:50.687268+00:00,S033,mounted,true,loose_mount,mild,500,loose_mount-mild_horizontal_no_load_0500rpm,2126332,494,294,4200,5688,5,3,328635,9,124,80,43,4,1650,1494,1227,58,121,1662,16383,1653,1643,1635372,800,1891,2063,523528,11952,8,382538,1496,21228,216,2126233562,2126332640,0,2126332714,2126333229,3343111960,17856292,76,92,1039,0.0696,1645.6,0.048968024096385676,-0.23772696385542202,0.0696,24.64,76.3,,,,,,
2026-07-30T20:37:50.781998+00:00,S033,mounted,true,loose_mount,mild,500,loose_mount-mild_horizontal_no_load_0500rpm,2126432,490,251,4443,5725,4,3,328654,9,124,74,23,2,1650,1495,1217,58,121,1662,16383,1653,1641,1635657,800,1971,2187,523529,11956,8,382541,1496,21229,216,2126333655,2126432696,0,2126432769,2126433285,3344301663,17868244,104,99,1039,0.0696,1645.6,0.2544355165607226,-0.10547959618601599,0.0696,24.64,76.3,,,,,,
2026-07-30T20:37:50.875114+00:00,S033,mounted,true,loose_mount,mild,500,loose_mount-mild_horizontal_no_load_0500rpm,2126532,500,242,4410,5623,3,3,328675,9,124,72,11,4,1650,1495,1211,54,112,1661,16383,1654,1643,1651374,808,1790,2281,523521,11956,8,382544,1496,21230,216,2126433711,2126533359,0,2126533374,2126533889,3375211580,17868244,115,92,1036,0.0696,1645.6,0.41106524155235835,-0.40707513047842125,0.0696,24.67,76.4,,,,,,
2026-07-30T20:37:50.969137+00:00,S033,mounted,true,loose_mount,mild,500,loose_mount-mild_horizontal_no_load_0500rpm,2126632,500,242,4410,5623,5,3,328695,9,124,72,11,4,1650,1494,1249,54,112,1666,16383,1654,1643,1635541,800,1991,2073,523529,11953,8,382541,1496,21231,216,2126534316,2126633429,0,2126633444,2126633959,3343780521,17859279,99,97,1026,0.0696,1645.6,0.06534726001840552,-0.07132147385593646,0.0696,24.52,76.1,,,,,,
2026-07-30T20:37:51.062674+00:00,S033,mounted,true,loose_mount,mild,500,loose_mount-mild_horizontal_no_load_0500rpm,2126732,502,246,4342,5566,6,3,328715,9,124,74,25,2,1650,1494,1217,53,107,1665,16383,1653,1644,1635636,800,2011,2073,523543,11952,8,382537,1496,21232,216,2126634384,2126733470,0,2126733479,2126733994,3344168464,17856292,88,98,1028,0.0696,1645.6,0.06563633734939733,-0.03770720481927725,0.0696,24.55,76.2,,,,,,
2026-07-30T20:37:51.204619+00:00,S033,mounted,true,loose_mount,mild,500,loose_mount-mild_horizontal_no_load_0500rpm,2126832,512,257,4215,5471,1,3,328736,9,124,71,6,2,1650,1494,1205,57,109,1663,16383,1654,1643,1635082,800,1988,2099,523490,11949,8,382527,1496,21233,216,2126734420,2126833526,0,2126833535,2126834050,3341907252,17847329,98,87,1037,0.0696,1645.6,0.10985235475772015,-0.0752123743409494,0.0696,24.61,76.3,,,,,,
2026-07-30T20:37:51.298300+00:00,S033,mounted,true,loose_mount,mild,500,loose_mount-mild_horizontal_no_load_0500rpm,2126933,516,244,4243,5428,6,3,328757,9,124,74,23,3,1650,1495,1209,57,109,1665,16383,1655,1646,1635972,800,2018,2075,523534,11956,8,382531,1496,21234,216,2126834475,2126933576,0,2126933591,2126934106,3345542000,17868250,81,93,1041,0.0696,1645.6,0.06781286550685817,-0.027164733690197895,0.0696,24.55,76.2,,,,,,
2026-07-30T20:37:51.392359+00:00,S033,mounted,true,loose_mount,mild,500,loose_mount-mild_horizontal_no_load_0500rpm,2127033,517,245,4214,5402,3,3,328777,9,124,74,21,2,1650,1494,1208,57,112,1657,16383,1653,1643,1635041,800,1870,2067,523529,11955,8,382532,1496,21235,216,2126934532,2127033607,0,2127033616,2127034131,3341771013,17865257,68,106,1032,0.0696,1645.6,0.05477077214554571,-0.27351259849435383,0.0696,24.79,76.6,,,,,,
2026-07-30T20:37:51.485698+00:00,S033,mounted,true,loose_mount,mild,500,loose_mount-mild_horizontal_no_load_0500rpm,2127133,517,250,4212,5423,4,3,328798,9,124,74,22,2,1650,1495,1195,54,106,1661,16383,1656,1643,1635864,800,2025,2163,523546,11956,8,382535,1496,21236,216,2127034558,2127133628,0,2127133638,2127134153,3345126186,17868244,77,97,1034,0.0696,1645.6,0.21444494847775175,-0.015500817999331229,0.0696,24.67,76.4,,,,,,
2026-07-30T20:37:51.580757+00:00,S033,mounted,true,loose_mount,mild,500,loose_mount-mild_horizontal_no_load_0500rpm,2127233,517,257,4217,5462,3,3,328819,9,124,74,23,2,1650,1494,1220,54,106,1661,16383,1656,1643,1636088,800,1959,2285,523561,11952,8,382531,1496,21237,216,2127134579,2127233694,0,2127233709,2127234224,3346078772,17856292,85,111,1035,0.0696,1645.6,0.41900457831325255,-0.12438243373493973,0.0696,24.67,76.4,,,,,,
2026-07-30T20:37:51.674211+00:00,S033,mounted,true,loose_mount,mild,500,loose_mount-mild_horizontal_no_load_0500rpm,2127333,517,257,4217,5462,5,3,328839,9,124,74,23,2,1650,1494,1205,54,112,1663,16383,1654,1643,1651699,808,2007,2277,523538,11955,8,382532,1496,21238,216,2127234651,2127334271,0,2127334345,2127334860,3376479171,17865255,80,112,1031,0.0696,1645.6,0.4047175124215805,-0.045214010790464165,0.0696,24.61,76.3,,,,,,
2026-07-30T20:37:51.767040+00:00,S033,mounted,true,loose_mount,mild,500,loose_mount-mild_horizontal_no_load_0500rpm,2127433,503,264,4232,5543,6,3,328859,9,124,75,27,3,1650,1494,1215,54,112,1663,16383,1654,1643,1635608,800,2025,2069,523534,11955,8,382533,1496,21239,216,2127335287,2127434377,0,2127434451,2127434966,3344052088,17865257,65,116,1034,0.0696,1645.6,0.0581035982434126,-0.015218575909661247,0.0696,24.61,76.3,,,,,,
2026-07-30T20:37:51.906485+00:00,S033,mounted,true,loose_mount,mild,500,loose_mount-mild_horizontal_no_load_0500rpm,2127534,503,256,4310,5581,3,3,328879,9,124,74,24,2,1650,1494,1209,55,115,1663,16383,1654,1645,1635686,800,1951,2205,523547,11954,8,382533,1496,21240,216,2127435393,2127534529,0,2127534603,2127535118,3344414548,17862268,52,117,1018,0.0696,1645.6,0.2850431545926049,-0.1382611679772463,0.0696,24.61,76.3,,,,,,
2026-07-30T20:37:52.001527+00:00,S033,mounted,true,loose_mount,mild,500,loose_mount-mild_horizontal_no_load_0500rpm,2127634,502,250,4338,5584,5,3,328899,9,124,74,22,2,1650,1495,1208,56,119,1665,16383,1653,1645,1635797,800,1989,2071,523551,11958,8,382540,1496,21241,216,2127535545,2127634602,0,2127634675,2127635191,3344829499,17874224,83,117,1023,0.0696,1645.6,0.06057060863020558,-0.07604097992975456,0.0696,24.55,76.2,,,,,,
2026-07-30T20:37:52.094991+00:00,S033,mounted,true,loose_mount,mild,500,loose_mount-mild_horizontal_no_load_0500rpm,2127734,504,247,4299,5525,6,3,328919,9,124,74,24,2,1650,1494,1195,56,119,1661,16383,1654,1643,1635510,800,2006,2225,523510,11955,8,382541,1496,21242,216,2127635621,2127734685,0,2127734759,2127735274,3343688900,17865259,103,107,1028,0.0696,1645.6,0.31806403387703863,-0.04688042383939761,0.0696,24.67,76.4,,,,,,
2026-07-30T20:37:52.186744+00:00,S033,mounted,true,loose_mount,mild,500,loose_mount-mild_horizontal_no_load_0500rpm,2127834,512,244,4253,5447,1,3,328940,9,124,72,3,3,1650,1494,1213,53,109,1663,16383,1654,1644,1651481,808,1897,2073,523520,11955,8,382542,1496,21243,216,2127735702,2127835432,0,2127835441,2127835956,3375562721,17865257,92,107,1032,0.0696,1645.6,0.06476925043914683,-0.22851944617314945,0.0696,24.61,76.3,,,,,,
2026-07-30T20:37:52.279440+00:00,S033,mounted,true,loose_mount,mild,500,loose_mount-mild_horizontal_no_load_0500rpm,2127934,512,244,4253,5447,6,3,328961,9,124,72,3,3,1650,1494,1215,55,110,1669,16383,1653,1643,1635655,800,2005,2235,523527,11955,8,382543,1496,21244,216,2127836382,2127935474,0,2127935484,2127935999,3344281629,17865255,84,104,1028,0.0696,1645.6,0.334728164366374,-0.0485468368883315,0.0696,24.42,76.0,,,,,,
2026-07-30T20:37:52.373864+00:00,S033,mounted,true,loose_mount,mild,500,loose_mount-mild_horizontal_no_load_0500rpm,2128034,517,238,4264,5419,3,3,328981,9,124,74,24,3,1650,1494,1225,55,110,1667,16383,1653,1644,1635712,800,2019,2243,523524,11954,8,382543,1496,21245,216,2127936425,2128035510,0,2128035520,2128036035,3344516262,17862266,96,95,1036,0.0696,1645.6,0.348372147732976,-0.02493560130500283,0.0696,24.48,76.1,,,,,,
2026-07-30T20:37:52.514501+00:00,S033,mounted,true,loose_mount,mild,500,loose_mount-mild_horizontal_no_load_0500rpm,2128135,504,321,4231,5822,5,3,329001,9,124,86,56,5,1650,1494,1231,57,120,1668,16383,1654,1645,1635461,800,1813,2191,523521,11953,8,382541,1496,21246,216,2128036464,2128135558,0,2128135568,2128136083,3343529569,17859281,86,109,1033,0.0696,1645.6,0.26201690144733547,-0.3679926278758474,0.0696,24.45,76.0,,,,,,
2026-07-30T20:37:52.608439+00:00,S033,mounted,true,loose_mount,mild,500,loose_mount-mild_horizontal_no_load_0500rpm,2128235,489,234,4494,5694,6,3,329021,9,124,73,20,3,1650,1495,1237,57,120,1673,16383,1653,1643,1635605,800,1919,2269,523521,11956,8,382544,1496,21247,216,2128136510,2128235575,0,2128235589,2128236104,3344186167,17868244,100,92,1027,0.0696,1645.6,0.3910699575108727,-0.19212582703245218,0.0696,24.3,75.7,,,,,,
2026-07-30T20:37:52.702527+00:00,S033,mounted,true,loose_mount,mild,500,loose_mount-mild_horizontal_no_load_0500rpm,2128335,498,277,4184,5578,3,3,329041,9,124,74,29,7,1650,1494,1235,59,138,1667,16383,1653,1642,1635123,800,1989,2077,523515,11953,8,382541,1496,21248,216,2128236531,2128335612,0,2128335621,2128336136,3342077601,17859281,103,94,1027,0.0696,1645.6,0.07201402752447095,-0.0746548576089685,0.0696,24.48,76.1,,,,,,
2026-07-30T20:37:52.795025+00:00,S033,mounted,true,loose_mount,mild,500,loose_mount-mild_horizontal_no_load_0500rpm,2128435,518,275,4064,5391,4,3,329062,9,124,75,22,3,1650,1495,1205,59,140,1659,16383,1655,1647,1635408,800,2007,2121,523549,11957,8,382546,1496,21249,216,2128336563,2128435670,0,2128435680,2128436195,3343242056,17871233,100,114,1035,0.0696,1645.6,0.14416588132474661,-0.045773430542778826,0.0696,24.73,76.5,,,,,,
2026-07-30T20:37:52.888408+00:00,S033,mounted,true,loose_mount,mild,500,loose_mount-mild_horizontal_no_load_0500rpm,2128535,517,254,4193,5422,2,3,329082,9,124,74,23,3,1650,1495,1234,59,140,1663,16383,1653,1645,1636028,800,1999,2326,523538,11957,8,382550,1496,21250,216,2128436623,2128535702,0,2128535711,2128536226,3345889582,17871233,71,120,1030,0.0696,1645.6,0.485723415823367,-0.05910250505979775,0.0696,24.61,76.3,,,,,,
2026-07-30T20:37:52.981841+00:00,S033,mounted,true,loose_mount,mild,500,loose_mount-mild_horizontal_no_load_0500rpm,2128635,517,254,4193,5422,1,3,329102,9,124,74,23,3,1650,1494,1238,56,132,1659,16383,1653,1643,1651664,808,2025,2265,523529,11955,8,382550,1496,21251,216,2128536653,2128636332,0,2128636406,2128636921,3376314448,17865255,98,112,1044,0.0696,1645.6,0.3847205558343787,-0.015218575909661247,0.0696,24.73,76.5,,,,,,
2026-07-30T20:37:53.076373+00:00,S033,mounted,true,loose_mount,mild,500,loose_mount-mild_horizontal_no_load_0500rpm,2128735,491,285,4246,5700,4,3,329122,9,124,76,25,3,1650,1494,1229,57,123,1665,16383,1655,1637,1635083,800,1827,2258,523485,11955,8,382550,1496,21252,216,2128637348,2128736416,0,2128736490,2128737005,3342004701,17865257,78,110,1054,0.0696,1645.6,0.37305566449184413,-0.3451683595984947,0.0696,24.55,76.2,,,,,,
2026-07-30T20:37:53.172233+00:00,S033,mounted,true,loose_mount,mild,500,loose_mount-mild_horizontal_no_load_0500rpm,2128835,490,244,4466,5711,2,3,329142,9,124,74,26,2,1650,1494,1230,57,123,1666,16383,1654,1644,1635581,800,1919,2215,523515,11955,8,382550,1496,21253,216,2128737433,2128836482,0,2128836561,2128837076,3344000917,17865259,102,90,1049,0.0696,1645.6,0.3013999033877037,-0.1918583590966123,0.0696,24.52,76.1,,,,,,
2026-07-30T20:37:53.313599+00:00,S033,mounted,true,loose_mount,mild,500,loose_mount-mild_horizontal_no_load_0500rpm,2128936,501,242,4392,5603,1,3,329162,9,124,73,19,4,1650,1494,1230,58,124,1663,16383,1653,1643,1635277,800,2015,2189,523504,11955,8,382550,1496,21254,216,2128837503,2128936543,0,2128936617,2128937132,3342731259,17865257,109,93,1039,0.0696,1645.6,0.2580731641154328,-0.03188270639899615,0.0696,24.61,76.3,,,,,,
2026-07-30T20:37:53.406212+00:00,S033,mounted,true,loose_mount,mild,500,loose_mount-mild_horizontal_no_load_0500rpm,2129036,502,250,4336,5580,4,3,329182,9,124,74,21,2,1650,1494,1238,58,124,1662,16383,1654,1644,1635605,800,2021,2075,523547,11955,8,382550,1496,21255,216,2128937559,2129036610,0,2129036684,2129037199,3344041989,17865257,97,93,1034,0.0696,1645.6,0.06810207653701328,-0.021884228105395476,0.0696,24.64,76.3,,,,,,
2026-07-30T20:37:53.501424+00:00,S033,mounted,true,loose_mount,mild,500,loose_mount-mild_horizontal_no_load_0500rpm,2129136,503,245,4343,5560,2,3,329202,9,124,74,25,2,1650,1494,1256,57,119,1661,16383,1654,1643,1635181,800,2025,2159,523526,11954,8,382549,1496,21256,216,2129037624,2129136852,0,2129136926,2129137441,3342319391,17862270,77,94,1033,0.0696,1645.6,0.20838174184373415,-0.014936286598628001,0.0696,24.67,76.4,,,,,,
2026-07-30T20:37:53.593758+00:00,S033,mounted,true,loose_mount,mild,500,loose_mount-mild_horizontal_no_load_0500rpm,2129236,503,245,4343,5560,1,3,329222,9,124,74,25,2,1650,1494,1231,58,121,1661,16383,1653,1645,1651824,808,1957,2237,523521,11953,8,382546,1496,21257,216,2129137867,2129237371,0,2129237381,2129237896,3376971648,17859281,82,102,1035,0.0696,1645.6,0.3386847277670877,-0.12798899765749194,0.0696,24.67,76.4,,,,,,
2026-07-30T20:37:53.686705+00:00,S033,mounted,true,loose_mount,mild,500,loose_mount-mild_horizontal_no_load_0500rpm,2129336,503,254,4325,5587,4,3,329242,9,124,74,22,1,1650,1495,1235,58,121,1674,16383,1654,1643,1635520,800,1803,2203,523546,11956,8,382548,1496,21258,216,2129238323,2129337442,0,2129337451,2129337966,3343837716,17868244,101,99,1038,0.0696,1645.6,0.2810958952827032,-0.385413572766812,0.0696,24.27,75.7,,,,,,
2026-07-30T20:37:53.781203+00:00,S033,mounted,true,loose_mount,mild,500,loose_mount-mild_horizontal_no_load_0500rpm,2129436,510,253,4242,5484,3,3,329263,9,124,72,8,4,1650,1494,1242,56,123,1665,16383,1666,1646,1636010,800,1925,2267,523575,11955,8,382548,1496,21259,216,2129338393,2129437455,0,2129437464,2129437979,3345797806,17865257,102,107,1030,0.0696,1645.6,0.3880533819322456,-0.18185988080301163,0.0696,24.55,76.2,,,,,,
2026-07-30T20:37:53.874582+00:00,S033,mounted,true,loose_mount,mild,500,loose_mount-mild_horizontal_no_load_0500rpm,2129536,516,249,4220,5425,4,3,329284,9,124,74,26,2,1650,1494,1228,56,129,1664,16383,1654,1643,1635129,800,1897,2075,523512,11950,8,382539,1496,21260,216,2129438406,2129537513,0,2129537522,2129538037,3342121263,17850320,97,114,1029,0.0696,1645.6,0.06954885774058583,-0.22719677439330566,0.0696,24.58,76.2,,,,,,
2026-07-30T20:37:54.018248+00:00,S033,mounted,true,loose_mount,mild,500,loose_mount-mild_horizontal_no_load_0500rpm,2129637,514,282,4236,5611,2,3,329304,9,124,78,32,4,1650,1494,1246,56,129,1663,16383,1651,1642,1635682,800,1871,2065,523528,11955,8,382540,1496,21261,216,2129538464,2129637555,0,2129637564,2129638079,3344383620,17865257,82,133,1028,0.0696,1645.6,0.05143794604767837,-0.2718461854454204,0.0696,24.61,76.3,,,,,,
2026-07-30T20:37:54.110060+00:00,S033,mounted,true,loose_mount,mild,500,loose_mount-mild_horizontal_no_load_0500rpm,2129737,502,236,4383,5561,1,3,329324,9,124,74,22,4,1650,1494,1230,54,121,1663,16383,1653,1645,1635476,800,1979,2075,523533,11954,8,382540,1496,21262,216,2129638507,2129737592,0,2129737601,2129738116,3343524536,17862268,95,125,1031,0.0696,1645.6,0.06839133595449187,-0.09159769934749873,0.0696,24.61,76.3,,,,,,
2026-07-30T20:37:54.201427+00:00,S033,mounted,true,loose_mount,mild,500,loose_mount-mild_horizontal_no_load_0500rpm,2129837,502,236,4383,5561,4,3,329344,9,124,74,22,4,1650,1494,1219,54,121,1662,16383,1653,1642,1635127,800,1923,2147,523519,11955,8,382541,1496,21263,216,2129738543,2129837627,0,2129837636,2129838151,3342116399,17865255,116,117,1032,0.0696,1645.6,0.18808381606022584,-0.18519270690087852,0.0696,24.64,76.3,,,,,,
2026-07-30T20:37:54.294963+00:00,S033,mounted,true,loose_mount,mild,500,loose_mount-mild_horizontal_no_load_0500rpm,2129937,503,248,4299,5532,3,3,329365,9,124,74,25,3,1650,1494,1230,56,115,1661,16383,1653,1644,1635328,800,2015,2095,523521,11953,8,382539,1496,21264,216,2129838583,2129937668,0,2129937678,2129938193,3342915150,17859279,102,118,1037,0.0696,1645.6,0.10201448130176471,-0.031320868819543435,0.0696,24.67,76.4,,,,,,
2026-07-30T20:37:54.389140+00:00,S033,mounted,true,loose_mount,mild,500,loose_mount-mild_horizontal_no_load_0500rpm,2130037,516,233,4279,5411,4,3,329386,9,124,75,27,4,1650,1494,1243,56,116,1664,16383,1653,1645,1635311,800,1830,2071,523514,11955,8,382540,1496,21265,216,2129938621,2130037709,0,2130037718,2130038234,3342886633,17865257,104,107,1042,0.0696,1645.6,0.06143642434127994,-0.3401691204516939,0.0696,24.58,76.2,,,,,,
2026-07-30T20:37:54.482533+00:00,S033,mounted,true,loose_mount,mild,500,loose_mount-mild_horizontal_no_load_0500rpm,2130137,517,257,4190,5436,3,3,329407,9,124,75,24,1,1650,1494,1232,56,116,1665,16383,1654,1643,1651458,808,1894,2065,523493,11952,8,382536,1496,21266,216,2130038662,2130138373,0,2130138447,2130138962,3375457140,17856292,101,102,1042,0.0696,1645.6,0.052301686746988096,-0.2327264698795184,0.0696,24.55,76.2,,,,,,
2026-07-30T20:37:54.576078+00:00,S033,mounted,true,loose_mount,mild,500,loose_mount-mild_horizontal_no_load_0500rpm,2130238,517,243,4252,5426,5,3,329427,9,124,74,26,3,1650,1494,1221,58,122,1664,16383,1654,1646,1636199,800,2017,2065,523573,11955,8,382537,1496,21267,216,2130139390,2130238547,0,2130238620,2130239136,3346468245,17865255,90,97,1036,0.0696,1645.6,0.05143794604767837,-0.02854988030112926,0.0696,24.58,76.2,,,,,,
2026-07-30T20:37:54.715701+00:00,S033,mounted,true,loose_mount,mild,500,loose_mount-mild_horizontal_no_load_0500rpm,2130338,517,249,4228,5435,2,3,329448,9,124,73,19,2,1650,1494,1227,57,130,1661,16383,1655,1642,1635413,800,1961,2133,523536,11950,8,382529,1496,21268,216,2130239561,2130338629,0,2130338703,2130339218,3343284759,17850318,86,81,1031,0.0696,1645.6,0.16624125472803364,-0.12050171564853596,0.0696,24.67,76.4,,,,,,
2026-07-30T20:37:54.809287+00:00,S033,mounted,true,loose_mount,mild,500,loose_mount-mild_horizontal_no_load_0500rpm,2130438,516,240,4216,5379,5,3,329469,9,124,73,18,2,1650,1494,1235,57,130,1664,16383,1653,1643,1635250,800,1815,2069,523537,11955,8,382530,1496,21269,216,2130339644,2130438710,0,2130438784,2130439299,3342646036,17865255,109,84,1039,0.0696,1645.6,0.0581035982434126,-0.3651653161856965,0.0696,24.58,76.2,,,,,,
2026-07-30T20:37:54.915893+00:00,S033,mounted,true,loose_mount,mild,500,loose_mount-mild_horizontal_no_load_0500rpm,2130538,516,240,4216,5379,6,3,329489,9,124,73,18,2,1650,1494,1224,59,138,1667,16383,1655,1644,1652085,808,1813,2177,523569,11955,8,382531,1496,21270,216,2130439726,2130539396,0,2130539406,2130539921,3378063139,17865255,101,98,1030,0.0696,1645.6,0.23807620752823055,-0.3684981422835638,0.0696,24.48,76.1,,,,,,
2026-07-30T20:37:55.010573+00:00,S033,mounted,true,loose_mount,mild,500,loose_mount-mild_horizontal_no_load_0500rpm,2130639,517,247,4193,5389,1,3,329510,9,124,74,21,3,1650,1494,1210,59,138,1669,16383,1652,1644,1635518,800,2002,2229,523528,11955,8,382532,1496,21271,216,2130540348,2130639569,0,2130639578,2130640093,3343718564,17865257,99,112,1038,0.0696,1645.6,0.3247296860727724,-0.05354607603513184,0.0696,24.42,76.0,,,,,,
2026-07-30T20:37:55.103541+00:00,S033,mounted,true,loose_mount,mild,500,loose_mount-mild_horizontal_no_load_0500rpm,2130739,507,346,4179,5887,4,3,329530,9,124,86,47,8,1650,1494,1208,58,134,1663,16383,1654,1644,1635631,800,2007,2291,523519,11954,8,382532,1496,21272,216,2130640520,2130739594,0,2130739603,2130740118,3344253583,17862270,86,98,1035,0.0696,1645.6,0.42836666538397195,-0.0449342307177516,0.0696,24.61,76.3,,,,,,
2026-07-30T20:37:55.196376+00:00,S033,mounted,true,loose_mount,mild,500,loose_mount-mild_horizontal_no_load_0500rpm,2130839,488,242,4534,5775,6,3,329549,9,124,75,27,4,1650,1494,1212,60,138,1666,16383,1654,1643,1635737,800,2022,2069,523537,11955,8,382533,1496,21273,216,2130740544,2130839640,0,2130839649,2130840165,3344581067,17865257,107,87,1049,0.0696,1645.6,0.0581035982434126,-0.02021781505646203,0.0696,24.52,76.1,,,,,,
2026-07-30T20:37:55.290298+00:00,S033,mounted,true,loose_mount,mild,500,loose_mount-mild_horizontal_no_load_0500rpm,2130939,495,266,4268,5611,1,3,329570,9,124,73,23,10,1650,1494,1235,60,138,1678,16383,1654,1644,1635491,800,2015,2189,523545,11951,8,382527,1496,21274,216,2130840591,2130939683,0,2130939692,2130940208,3343599255,17853301,93,95,1052,0.0696,1645.6,0.25929407555853023,-0.030758843193038565,0.0696,24.15,75.5,,,,,,
2026-07-30T20:37:55.384995+00:00,S033,mounted,true,loose_mount,mild,500,loose_mount-mild_horizontal_no_load_0500rpm,2131039,532,268,4061,5320,6,3,329591,9,124,76,32,3,1650,1494,1205,61,133,1667,16383,1655,1643,1636089,800,1959,2255,523584,11950,8,382520,1496,21275,216,2130940634,2131039719,0,2131039729,2131040244,3346073623,17850316,94,101,1034,0.0696,1645.6,0.3696287104602507,-0.12383593623430977,0.0696,24.48,76.1,,,,,,
2026-07-30T20:37:55.541274+00:00,S033,mounted,true,loose_mount,mild,500,loose_mount-mild_horizontal_no_load_0500rpm,2131139,531,246,4089,5248,1,3,329612,9,124,73,23,3,1650,1495,1187,61,128,1664,16383,1655,1646,1652196,808,1945,2071,523632,11956,8,382524,1496,21276,216,2131040671,2131140378,0,2131140452,2131140967,3378452490,17868246,108,96,1041,0.0696,1645.6,0.061147770826363246,-0.14880271160923453,0.0696,24.58,76.2,,,,,,
2026-07-30T20:37:55.587199+00:00,S033,mounted,true,loose_mount,mild,500,loose_mount-mild_horizontal_no_load_0500rpm,2131239,531,246,4089,5248,4,3,329632,9,124,73,23,3,1650,1495,1203,61,128,1661,16383,1654,1643,1634736,800,1867,2067,523516,11956,8,382528,1496,21277,216,2131141398,2131240443,0,2131240517,2131241032,3340520698,17868246,120,89,1043,0.0696,1645.6,0.05448267614586788,-0.27877205787888926,0.0696,24.67,76.4,,,,,,
2026-07-30T20:37:55.681322+00:00,S033,mounted,true,loose_mount,mild,500,loose_mount-mild_horizontal_no_load_0500rpm,2131339,497,311,4070,5635,2,3,329652,9,124,86,60,5,1650,1494,1206,59,125,1659,16383,1654,1644,1635137,800,1806,2069,523514,11955,8,382530,1496,21278,216,2131241459,2131340515,0,2131340589,2131341104,3342199773,17865257,78,111,1036,0.0696,1645.6,0.0581035982434126,-0.38016303362609793,0.0696,24.73,76.5,,,,,,
2026-07-30T20:37:55.822012+00:00,S033,mounted,true,loose_mount,mild,500,loose_mount-mild_horizontal_no_load_0500rpm,2131440,490,255,4385,5684,1,3,329672,9,124,74,23,3,1650,1494,1214,59,125,1658,16383,1653,1642,1635398,800,2015,2063,523512,11953,8,382528,1496,21279,216,2131341531,2131440597,0,2131440671,2131441186,3343191914,17859279,90,101,1031,0.0696,1645.6,0.04868034125324128,-0.031320868819543435,0.0696,24.76,76.6,,,,,,
2026-07-30T20:37:55.915078+00:00,S033,mounted,true,loose_mount,mild,500,loose_mount-mild_horizontal_no_load_0500rpm,2131540,508,269,4286,5613,6,3,329693,9,124,75,23,3,1650,1494,1211,57,129,1656,16383,1653,1646,1635515,800,1966,2181,523532,11954,8,382528,1496,21280,216,2131441613,2131540683,0,2131540762,2131541277,3343700193,17862266,96,102,1032,0.0696,1645.6,0.2450458957671069,-0.11326288121131034,0.0696,24.82,76.7,,,,,,
2026-07-30T20:37:56.007619+00:00,S033,mounted,true,loose_mount,mild,500,loose_mount-mild_horizontal_no_load_0500rpm,2131640,516,239,4270,5430,3,3,329713,9,124,74,27,3,1650,1495,1216,58,127,1657,16383,1653,1643,1651453,808,1987,2066,523513,11958,8,382536,1496,21281,216,2131541704,2131641464,0,2131641474,2131641989,3375409131,17874222,71,97,1030,0.0696,1645.6,0.05224063371801302,-0.0793729698946315,0.0696,24.79,76.6,,,,,,
2026-07-30T20:37:56.101463+00:00,S033,mounted,true,loose_mount,mild,500,loose_mount-mild_horizontal_no_load_0500rpm,2131740,509,283,4214,5603,4,3,329734,9,124,80,43,3,1650,1494,1206,58,127,1655,16383,1654,1644,1636136,800,1993,2277,523529,11949,8,382526,1496,21282,216,2131642415,2131741505,0,2131741520,2131742035,3346305550,17847333,108,92,1034,0.0696,1645.6,0.40662282124027094,-0.06687612528245035,0.0696,24.85,76.7,,,,,,
2026-07-30T20:37:56.195789+00:00,S033,mounted,true,loose_mount,mild,500,loose_mount-mild_horizontal_no_load_0500rpm,2131840,503,249,4342,5580,2,3,329754,9,124,74,26,2,1650,1494,1193,55,130,1663,16383,1654,1642,1635342,800,1935,2069,523528,11955,8,382528,1496,21283,216,2131742462,2131841521,0,2131841695,2131842210,3342993128,17865257,93,99,1019,0.0696,1645.6,0.0581035982434126,-0.16519575031367673,0.0696,24.61,76.3,,,,,,
2026-07-30T20:37:56.291174+00:00,S033,mounted,true,loose_mount,mild,500,loose_mount-mild_horizontal_no_load_0500rpm,2131941,503,249,4342,5580,1,3,329774,9,124,74,26,2,1650,1494,1223,57,142,1660,16383,1653,1643,1635020,800,1993,2223,523521,11955,8,382530,1496,21284,216,2131842636,2131941688,0,2131941698,2131942213,3341681436,17865259,76,101,1027,0.0696,1645.6,0.31473120777917174,-0.0685437934755333,0.0696,24.7,76.5,,,,,,
2026-07-30T20:37:56.431475+00:00,S033,mounted,true,loose_mount,mild,500,loose_mount-mild_horizontal_no_load_0500rpm,2132041,503,241,4340,5538,4,3,329794,9,124,74,23,3,1650,1494,1221,57,142,1667,16383,1653,1644,1651089,808,2019,2063,523472,11955,8,382531,1496,21285,216,2131942640,2132042364,0,2132042438,2132042953,3373914747,17865257,64,97,1037,0.0696,1645.6,0.04810511994981148,-0.025217054203262812,0.0696,24.48,76.1,,,,,,
2026-07-30T20:37:56.526221+00:00,S033,mounted,true,loose_mount,mild,500,loose_mount-mild_horizontal_no_load_0500rpm,2132141,503,257,4291,5569,2,3,329814,9,124,74,25,2,1650,1494,1204,56,141,1675,16383,1656,1643,1635802,800,1913,2156,523534,11955,8,382532,1496,21286,216,2132043379,2132142445,0,2132142519,2132143034,3344882524,17865257,88,93,1045,0.0696,1645.6,0.2030815335006273,-0.20185683739021343,0.0696,24.24,75.6,,,,,,
2026-07-30T20:37:56.620071+00:00,S033,mounted,true,loose_mount,mild,500,loose_mount-mild_horizontal_no_load_0500rpm,2132241,502,251,4337,5590,1,3,329834,9,124,74,22,3,1650,1495,1224,56,141,1672,16383,1653,1643,1635502,800,1934,2068,523551,11957,8,382537,1496,21287,216,2132143463,2132242509,0,2132242583,2132243097,3343634212,17871235,119,102,1040,0.0696,1645.6,0.0558607626494938,-0.16740123551057984,0.0696,24.33,75.8,,,,,,
2026-07-30T20:37:56.713156+00:00,S033,mounted,true,loose_mount,mild,500,loose_mount-mild_horizontal_no_load_0500rpm,2132342,503,243,4352,5563,4,3,329854,9,124,74,24,2,1650,1494,1209,59,140,1660,16383,1654,1641,1634964,800,1794,2069,523539,11953,8,382535,1496,21288,216,2132243525,2132342594,0,2132342668,2132343183,3341499940,17859279,124,102,1044,0.0696,1645.6,0.058680492512339644,-0.3996597735296583,0.0696,24.7,76.5,,,,,,
2026-07-30T20:37:56.807682+00:00,S033,mounted,true,loose_mount,mild,500,loose_mount-mild_horizontal_no_load_0500rpm,2132442,502,256,4324,5601,3,3,329875,9,124,74,23,2,1650,1494,1209,60,133,1664,16383,1652,1643,1635047,800,2009,2067,523523,11954,8,382535,1496,21289,216,2132343611,2132442656,0,2132442735,2132443250,3341762419,17862268,119,95,1039,0.0696,1645.6,0.05505891634599269,-0.041601125815626805,0.0696,24.58,76.2,,,,,,
2026-07-30T20:37:56.900188+00:00,S033,mounted,true,loose_mount,mild,500,loose_mount-mild_horizontal_no_load_0500rpm,2132542,502,256,4324,5601,4,3,329896,9,124,74,23,2,1650,1494,1200,60,133,1663,16383,1653,1646,1635508,800,2009,2065,523534,11952,8,382531,1496,21290,216,2132443677,2132542738,0,2132542812,2132543327,3343640392,17856294,117,85,1048,0.0696,1645.6,0.052301686746988096,-0.04104086746987967,0.0696,24.61,76.3,,,,,,
2026-07-30T20:37:56.995570+00:00,S033,mounted,true,loose_mount,mild,500,loose_mount-mild_horizontal_no_load_0500rpm,2132643,527,273,4178,5474,3,3,329917,9,124,75,27,7,1650,1495,1243,57,132,1664,16383,1653,1647,1652225,808,1959,2281,523532,11956,8,382534,1496,21291,216,2132543754,2132643530,0,2132643540,2132644055,3378624027,17868244,89,108,1033,0.0696,1645.6,0.41106524155235835,-0.1254748802275012,0.0696,24.58,76.2,,,,,,
2026-07-30T20:37:57.104256+00:00,S033,mounted,true,loose_mount,mild,500,loose_mount-mild_horizontal_no_load_0500rpm,2132743,531,250,4113,5291,4,3,329938,9,124,74,25,3,1650,1494,1222,58,135,1666,16383,1654,1643,1635199,800,1935,2073,523520,11955,8,382535,1496,21292,216,2132644482,2132743574,0,2132743583,2132744098,3342391517,17865257,77,124,1021,0.0696,1645.6,0.06476925043914683,-0.16519575031367673,0.0696,24.52,76.1,,,,,,
2026-07-30T20:37:57.197474+00:00,S033,mounted,true,loose_mount,mild,500,loose_mount-mild_horizontal_no_load_0500rpm,2132843,502,345,4103,5821,2,3,329958,9,124,101,95,4,1650,1494,1236,58,135,1673,16383,1653,1644,1635127,800,1897,2065,523520,11954,8,382535,1496,21293,216,2132744525,2132843628,0,2132843643,2132844158,3342110939,17862266,109,97,1037,0.0696,1645.6,0.0517258114438679,-0.2282550003346162,0.0696,24.3,75.7,,,,,,
2026-07-30T20:37:57.290936+00:00,S033,mounted,true,loose_mount,mild,500,loose_mount-mild_horizontal_no_load_0500rpm,2132943,492,258,4352,5665,3,3,329977,9,124,75,30,2,1650,1494,1230,58,128,1666,16383,1654,1645,1635840,800,2011,2198,523537,11955,8,382536,1496,21294,216,2132844586,2132943649,0,2132943658,2132944173,3345025680,17865255,106,119,1034,0.0696,1645.6,0.27307088155583426,-0.03854835859473038,0.0696,24.52,76.1,,,,,,
2026-07-30T20:37:57.430563+00:00,S033,mounted,true,loose_mount,mild,500,loose_mount-mild_horizontal_no_load_0500rpm,2133043,496,245,4355,5590,5,3,329997,9,124,71,10,3,1650,1494,1229,58,128,1667,16383,1654,1645,1635872,800,1985,2225,523544,11951,8,382530,1496,21295,216,2132944602,2133043698,0,2133043708,2133044223,3345168594,17853301,91,118,1042,0.0696,1645.6,0.3193050242657516,-0.08076796711572287,0.0696,24.48,76.1,,,,,,
2026-07-30T20:37:57.523864+00:00,S033,mounted,true,loose_mount,mild,500,loose_mount-mild_horizontal_no_load_0500rpm,2133143,496,245,4355,5590,6,3,330017,9,124,71,10,3,1650,1495,1264,56,123,1665,16383,1654,1643,1635360,800,2015,2071,523550,11956,8,382533,1496,21296,216,2133044650,2133143743,0,2133143752,2133144267,3343040244,17868244,95,122,1033,0.0696,1645.6,0.061147770826363246,-0.0321635547005692,0.0696,24.55,76.2,,,,,,
2026-07-30T20:37:57.616834+00:00,S033,mounted,true,loose_mount,mild,500,loose_mount-mild_horizontal_no_load_0500rpm,2133243,502,252,4326,5580,1,3,330038,9,124,74,21,2,1650,1495,1242,58,114,1660,16383,1655,1644,1651639,808,2009,2063,523523,11957,8,382538,1496,21297,216,2133144694,2133244370,0,2133244448,2133244964,3376165461,17871235,109,112,1028,0.0696,1645.6,0.04753009107635631,-0.04244116191352365,0.0696,24.7,76.5,,,,,,
2026-07-30T20:37:57.710220+00:00,S033,mounted,true,loose_mount,mild,500,loose_mount-mild_horizontal_no_load_0500rpm,2133343,511,276,4115,5469,6,3,330059,9,124,72,23,7,1650,1494,1221,58,114,1658,16383,1654,1643,1635487,800,1989,2066,523509,11952,8,382534,1496,21298,216,2133245392,2133344449,0,2133344523,2133345038,3343566681,17856292,97,95,1036,0.0696,1645.6,0.05396851807228931,-0.07437749397590432,0.0696,24.76,76.6,,,,,,
2026-07-30T20:37:57.806715+00:00,S033,mounted,true,loose_mount,mild,500,loose_mount-mild_horizontal_no_load_0500rpm,2133443,532,273,3996,5279,1,3,330080,9,124,75,25,2,1650,1495,1228,58,122,1661,16383,1655,1644,1635427,800,1939,2225,523487,11957,8,382539,1496,21299,216,2133345464,2133444515,0,2133444589,2133445104,3343388525,17871233,91,108,1030,0.0696,1645.6,0.31744385004599796,-0.1590705639374428,0.0696,24.67,76.4,,,,,,
2026-07-30T20:37:57.896517+00:00,S033,mounted,true,loose_mount,mild,500,loose_mount-mild_horizontal_no_load_0500rpm,2133544,530,254,4108,5309,4,3,330100,9,124,74,21,2,1650,1495,1238,61,125,1669,16383,1653,1644,1635158,800,2009,2069,523493,11956,8,382542,1496,21300,216,2133445531,2133544604,0,2133544678,2133545194,3342212618,17868246,88,114,1022,0.0696,1645.6,0.05781522348611556,-0.0421611967213118,0.0696,24.42,76.0,,,,,,
2026-07-30T20:37:58.038376+00:00,S033,mounted,true,loose_mount,mild,500,loose_mount-mild_horizontal_no_load_0500rpm,2133644,478,329,4191,5911,6,3,330119,9,124,81,33,7,1650,1494,1246,61,125,1669,16383,1652,1646,1635140,800,1829,2066,523513,11952,8,382538,1496,21301,216,2133545621,2133644681,0,2133644755,2133645269,3342185070,17856292,76,111,1023,0.0696,1645.6,0.05396851807228931,-0.34107050602409705,0.0696,24.42,76.0,,,,,,
2026-07-30T20:37:58.131578+00:00,S033,mounted,true,loose_mount,mild,500,loose_mount-mild_horizontal_no_load_0500rpm,2133744,476,237,4597,5844,3,3,330139,9,124,74,26,3,1650,1494,1234,62,124,1663,16383,1654,1645,1651943,808,1981,2069,523543,11953,8,382536,1496,21302,216,2133645696,2133745366,0,2133745376,2133745891,3377407005,17859279,108,97,1037,0.0696,1645.6,0.058680492512339644,-0.08798839262109981,0.0696,24.61,76.3,,,,,,
2026-07-30T20:37:58.223695+00:00,S033,mounted,true,loose_mount,mild,500,loose_mount-mild_horizontal_no_load_0500rpm,2133844,476,237,4597,5844,4,3,330160,9,124,74,26,3,1650,1494,1218,62,124,1664,16383,1655,1644,1635917,800,1989,2245,523542,11951,8,382530,1496,21303,216,2133746318,2133845401,0,2133845410,2133845925,3345364543,17853303,94,96,1031,0.0696,1645.6,0.35264444021420793,-0.07410008392603151,0.0696,24.58,76.2,,,,,,
2026-07-30T20:37:58.318413+00:00,S033,mounted,true,loose_mount,mild,500,loose_mount-mild_horizontal_no_load_0500rpm,2133944,533,345,4104,5722,1,3,330182,9,124,81,44,15,1650,1495,1245,59,120,1665,16383,1654,1643,1635484,800,1899,2069,523524,11956,8,382533,1496,21304,216,2133846351,2133945458,0,2133945467,2133945982,3343569016,17868244,93,99,1035,0.0696,1645.6,0.05781522348611556,-0.22545130043492811,0.0696,24.55,76.2,,,,,,
2026-07-30T20:37:58.410821+00:00,S033,mounted,true,loose_mount,mild,500,loose_mount-mild_horizontal_no_load_0500rpm,2134044,545,244,4003,5124,6,3,330203,9,124,74,23,1,1650,1495,1215,59,117,1666,16383,1655,1642,1635233,800,1861,2074,523508,11956,8,382536,1496,21305,216,2133946409,2134045491,0,2134045501,2134046016,3342570055,17868244,91,112,1030,0.0696,1645.6,0.06614659183673455,-0.2887696998996323,0.0696,24.52,76.1,,,,,,
2026-07-30T20:37:58.505614+00:00,S033,mounted,true,loose_mount,mild,500,loose_mount-mild_horizontal_no_load_0500rpm,2134145,519,359,3993,5726,3,3,330223,9,124,100,85,7,1650,1494,1219,59,117,1662,16383,1654,1645,1635786,800,1945,2267,523548,11952,8,382532,1496,21306,216,2134046443,2134145545,0,2134145554,2134146069,3344839414,17856290,70,130,1024,0.0696,1645.6,0.3890016144578312,-0.14771807228915712,0.0696,24.64,76.3,,,,,,
2026-07-30T20:37:58.599841+00:00,S033,mounted,true,loose_mount,mild,500,loose_mount-mild_horizontal_no_load_0500rpm,2134245,502,252,4375,5634,5,3,330243,9,124,75,27,3,1650,1494,1214,61,119,1663,16383,1654,1644,1635664,800,2013,2069,523535,11954,8,382532,1496,21307,216,2134146497,2134245593,0,2134245603,2134246117,3344282098,17862268,89,118,1041,0.0696,1645.6,0.05839202124811749,-0.034934916011377215,0.0696,24.61,76.3,,,,,,
2026-07-30T20:37:58.741332+00:00,S033,mounted,true,loose_mount,mild,500,loose_mount-mild_horizontal_no_load_0500rpm,2134345,509,248,4218,5440,2,3,330264,9,124,72,21,5,1650,1495,1232,61,118,1669,16383,1658,1643,1635523,800,1989,2139,523508,11957,8,382537,1496,21308,216,2134246544,2134345626,0,2134345635,2134346150,3343721783,17871233,93,102,1039,0.0696,1645.6,0.17415629898804008,-0.07576384820607229,0.0696,24.42,76.0,,,,,,
2026-07-30T20:37:58.836004+00:00,S033,mounted,true,loose_mount,mild,500,loose_mount-mild_horizontal_no_load_0500rpm,2134445,517,259,4166,5419,5,3,330285,9,124,75,25,3,1650,1494,1221,61,118,1663,16383,1653,1643,1634965,800,1742,2069,523519,11955,8,382538,1496,21309,216,2134346577,2134445696,0,2134445710,2134446225,3341516203,17865255,99,115,1030,0.0696,1645.6,0.0581035982434126,-0.48681346875784204,0.0696,24.61,76.3,,,,,,
2026-07-30T20:37:58.931906+00:00,S033,mounted,true,loose_mount,mild,500,loose_mount-mild_horizontal_no_load_0500rpm,2134545,517,259,4166,5419,6,3,330305,9,124,75,25,3,1650,1495,1230,61,122,1665,16383,1654,1645,1635563,800,2019,2065,523543,11956,8,382541,1496,21310,216,2134446652,2134545730,0,2134545740,2134546255,3343863667,17868244,100,120,1033,0.0696,1645.6,0.0511501288056202,-0.025498460020073832,0.0696,24.55,76.2,,,,,,
2026-07-30T20:37:59.027140+00:00,S033,mounted,true,loose_mount,mild,500,loose_mount-mild_horizontal_no_load_0500rpm,2134645,517,241,4200,5365,5,3,330327,9,124,74,23,3,1650,1495,1227,61,122,1668,16383,1655,1645,1651934,808,2018,2091,523555,11958,8,382548,1496,21311,216,2134546683,2134646370,0,2134646449,2134646964,3377374320,17874222,112,114,1042,0.0696,1645.6,0.09389050827897583,-0.027727125439036993,0.0696,24.45,76.0,,,,,,
2026-07-30T20:37:59.105438+00:00,S033,mounted,true,loose_mount,mild,500,loose_mount-mild_horizontal_no_load_0500rpm,2134745,531,235,4162,5271,2,3,330348,9,124,75,33,2,1650,1495,1224,59,124,1666,16383,1654,1645,1635496,800,1961,2070,523531,11957,8,382552,1496,21312,216,2134647393,2134746455,0,2134746529,2134747044,3343605528,17871233,90,106,1041,0.0696,1645.6,0.059193031278748975,-0.12241560901563941,0.0696,24.52,76.1,,,,,,
2026-07-30T20:37:59.214775+00:00,S033,mounted,true,loose_mount,mild,500,loose_mount-mild_horizontal_no_load_0500rpm,2134846,531,259,4076,5296,1,3,330368,9,124,74,23,2,1650,1494,1228,59,135,1660,16383,1655,1645,1635566,800,1989,2271,523491,11955,8,382552,1496,21313,216,2134747471,2134846536,0,2134846610,2134847125,3343962840,17865257,103,95,1050,0.0696,1645.6,0.3947190341279798,-0.07520944567126753,0.0696,24.7,76.5,,,,,,
2026-07-30T20:37:59.354727+00:00,S033,mounted,true,loose_mount,mild,500,loose_mount-mild_horizontal_no_load_0500rpm,2134946,489,359,4105,5941,5,3,330387,9,124,106,105,7,1650,1495,1219,59,135,1661,16383,1654,1646,1635729,800,1983,2195,523522,11957,8,382556,1496,21314,216,2134847552,2134946603,0,2134946677,2134947192,3344602807,17871233,106,77,1041,0.0696,1645.6,0.2674598206071752,-0.08576065409383649,0.0696,24.67,76.4,,,,,,
2026-07-30T20:37:59.400482+00:00,S033,mounted,true,loose_mount,mild,500,loose_mount-mild_horizontal_no_load_0500rpm,2135046,476,274,4456,5898,4,3,330406,9,124,75,21,3,1650,1494,1217,62,142,1664,16383,1654,1643,1636579,800,2019,2305,523568,11954,8,382555,1496,21315,216,2134947622,2135046694,0,2135046768,2135047283,3348198645,17862270,111,72,1039,0.0696,1645.6,0.45169839969884507,-0.02493560130500283,0.0696,24.58,76.2,,,,,,
2026-07-30T20:37:59.539812+00:00,S033,mounted,true,loose_mount,mild,500,loose_mount-mild_horizontal_no_load_0500rpm,2135146,504,300,4308,5794,3,3,330427,9,124,77,40,9,1650,1495,1225,64,146,1668,16383,1652,1642,1651845,808,2013,2063,523533,11956,8,382557,1496,21316,216,2135047714,2135147378,0,2135147388,2135147903,3377003687,17868246,98,74,1037,0.0696,1645.6,0.047817581465372516,-0.03549610204081688,0.0696,24.45,76.0,,,,,,
2026-07-30T20:37:59.635116+00:00,S033,mounted,true,loose_mount,mild,500,loose_mount-mild_horizontal_no_load_0500rpm,2135246,504,300,4308,5794,4,3,330448,9,124,77,40,9,1650,1495,1196,64,146,1674,16383,1654,1644,1635430,800,1999,2361,523514,11958,8,382563,1496,21317,216,2135148329,2135247416,0,2135247426,2135247941,3343450228,17874222,91,90,1028,0.0696,1645.6,0.5437091535373808,-0.05938103010536944,0.0696,24.27,75.7,,,,,,
2026-07-30T20:37:59.725499+00:00,S033,mounted,true,loose_mount,mild,500,loose_mount-mild_horizontal_no_load_0500rpm,2135346,516,236,4253,5396,3,3,330469,9,124,73,22,4,1650,1494,1204,62,133,1671,16383,1652,1644,1635154,800,1949,2079,523516,11955,8,382563,1496,21318,216,2135248367,2135347423,0,2135347437,2135347952,3342208016,17865255,81,104,1022,0.0696,1645.6,0.07476772873274751,-0.1418659676286076,0.0696,24.36,75.9,,,,,,
2026-07-30T20:37:59.818997+00:00,S033,mounted,true,loose_mount,mild,500,loose_mount-mild_horizontal_no_load_0500rpm,2135446,524,246,4112,5285,4,3,330490,9,124,72,12,3,1650,1494,1212,62,133,1665,16383,1654,1647,1635610,800,1955,2207,523524,11953,8,382559,1496,21319,216,2135348379,2135447467,0,2135447477,2135447992,3344094804,17859281,93,99,1040,0.0696,1645.6,0.28868397147159675,-0.13132238141052488,0.0696,24.55,76.2,,,,,,
2026-07-30T20:37:59.913739+00:00,S033,mounted,true,loose_mount,mild,500,loose_mount-mild_horizontal_no_load_0500rpm,2135546,531,249,4091,5263,3,3,330511,9,124,74,22,2,1650,1494,1219,61,125,1660,16383,1653,1643,1635283,800,1983,2078,523520,11955,8,382559,1496,21320,216,2135448418,2135547522,0,2135547532,2135548047,3342731293,17865257,99,96,1045,0.0696,1645.6,0.07310131568381406,-0.0852079239648682,0.0696,24.7,76.5,,,,,,
2026-07-30T20:38:00.006054+00:00,S033,mounted,true,loose_mount,mild,500,loose_mount-mild_horizontal_no_load_0500rpm,2135647,528,293,4093,5479,5,3,330531,9,124,77,26,7,1650,1494,1222,59,119,1659,16383,1653,1645,1635461,800,1977,2095,523524,11955,8,382559,1496,21321,216,2135548473,2135647546,0,2135647556,2135648071,3343456935,17865257,117,100,1040,0.0696,1645.6,0.10143033751568398,-0.09520640225846977,0.0696,24.73,76.5,,,,,,
2026-07-30T20:38:00.145955+00:00,S033,mounted,true,loose_mount,mild,500,loose_mount-mild_horizontal_no_load_0500rpm,2135747,488,263,4388,5738,6,3,330551,9,124,74,11,3,1650,1495,1204,59,119,1661,16383,1653,1645,1635246,800,1838,2065,523520,11956,8,382561,1496,21322,216,2135648499,2135747606,0,2135747615,2135748130,3342616812,17868244,83,94,1036,0.0696,1645.6,0.0511501288056202,-0.3270939943124791,0.0696,24.67,76.4,,,,,,
2026-07-30T20:38:00.240415+00:00,S033,mounted,true,loose_mount,mild,500,loose_mount-mild_horizontal_no_load_0500rpm,2135847,489,245,4460,5711,3,3,330571,9,124,74,25,3,1650,1494,1241,60,121,1662,16383,1655,1643,1635286,800,1899,2078,523548,11955,8,382561,1496,21323,216,2135748556,2135847631,0,2135847646,2135848161,3342773536,17865255,74,98,1033,0.0696,1645.6,0.07310131568381406,-0.22518662007528256,0.0696,24.64,76.3,,,,,,
2026-07-30T20:38:00.334103+00:00,S033,mounted,true,loose_mount,mild,500,loose_mount-mild_horizontal_no_load_0500rpm,2135947,489,245,4460,5711,5,3,330591,9,124,74,25,3,1650,1494,1203,60,129,1659,16383,1653,1645,1634609,800,2001,2069,523489,11955,8,382561,1496,21324,216,2135848587,2135947698,0,2135947712,2135948227,3339973967,17865255,75,98,1032,0.0696,1645.6,0.0581035982434126,-0.05521248908406573,0.0696,24.73,76.5,,,,,,
2026-07-30T20:38:00.428026+00:00,S033,mounted,true,loose_mount,mild,500,loose_mount-mild_horizontal_no_load_0500rpm,2136047,502,238,4401,5588,6,3,330611,9,124,73,21,3,1650,1494,1212,60,129,1659,16383,1654,1644,1635390,800,1959,2222,523511,11953,8,382557,1496,21325,216,2135948653,2136047719,0,2136047729,2136048244,3343202846,17859279,69,89,1042,0.0696,1645.6,0.3136843496193422,-0.124655613904459,0.0696,24.73,76.5,,,,,,
2026-07-30T20:38:00.522233+00:00,S033,mounted,true,loose_mount,mild,500,loose_mount-mild_horizontal_no_load_0500rpm,2136147,502,246,4344,5568,1,3,330632,9,124,75,27,4,1650,1495,1212,61,135,1661,16383,1655,1643,1652257,808,1923,2255,523540,11957,8,382561,1496,21326,216,2136048670,2136148380,0,2136148453,2136148969,3378786833,17871233,82,89,1039,0.0696,1645.6,0.36742787948482025,-0.18572871297148152,0.0696,24.67,76.4,,,,,,
2026-07-30T20:38:00.614966+00:00,S033,mounted,true,loose_mount,mild,500,loose_mount-mild_horizontal_no_load_0500rpm,2136247,525,271,4178,5468,6,3,330653,9,124,74,22,5,1650,1494,1229,61,135,1660,16383,1655,1644,1635763,800,1975,2067,523578,11954,8,382559,1496,21327,216,2136149394,2136248449,0,2136248522,2136249037,3344693845,17862268,90,90,1047,0.0696,1645.6,0.05505891634599269,-0.09826390915174832,0.0696,24.7,76.5,,,,,,
2026-07-30T20:38:00.708168+00:00,S033,mounted,true,loose_mount,mild,500,loose_mount-mild_horizontal_no_load_0500rpm,2136347,530,243,4140,5287,1,3,330674,9,124,74,26,2,1650,1495,1227,60,126,1663,16383,1654,1645,1636087,800,1933,2291,523622,11957,8,382563,1496,21328,216,2136249463,2136348519,0,2136348593,2136349108,3346111723,17871233,104,81,1048,0.0696,1645.6,0.4274087148114072,-0.16906736982520698,0.0696,24.61,76.3,,,,,,
2026-07-30T20:38:00.849098+00:00,S033,mounted,true,loose_mount,mild,500,loose_mount-mild_horizontal_no_load_0500rpm,2136448,531,239,4149,5277,6,3,330695,9,124,74,29,3,1650,1494,1211,59,127,1662,16383,1653,1643,1635461,800,1993,2201,523563,11954,8,382561,1496,21329,216,2136349535,2136448605,0,2136448679,2136449194,3343482847,17862268,87,88,1043,0.0696,1645.6,0.2783769447883553,-0.06826596503262561,0.0696,24.64,76.3,,,,,,
2026-07-30T20:38:00.943947+00:00,S033,mounted,true,loose_mount,mild,500,loose_mount-mild_horizontal_no_load_0500rpm,2136548,531,255,4074,5275,5,3,330717,9,124,74,24,3,1650,1495,1219,59,127,1667,16383,1655,1642,1635225,800,2021,2069,523531,11957,8,382564,1496,21330,216,2136449623,2136548688,0,2136548767,2136549282,3342486613,17871235,83,110,1025,0.0696,1645.6,0.057526896964120944,-0.02244755013799482,0.0696,24.48,76.1,,,,,,
2026-07-30T20:38:01.037507+00:00,S033,mounted,true,loose_mount,mild,500,loose_mount-mild_horizontal_no_load_0500rpm,2136648,531,251,4102,5287,2,3,330738,9,124,74,24,2,1650,1495,1222,60,128,1663,16383,1653,1644,1652249,808,2025,2279,523550,11956,8,382565,1496,21331,216,2136549709,2136649526,0,2136649535,2136650051,3378712529,17868244,89,99,1023,0.0696,1645.6,0.40773269421211067,-0.015500817999331229,0.0696,24.61,76.3,,,,,,
2026-07-30T20:38:01.131435+00:00,S033,mounted,true,loose_mount,mild,500,loose_mount-mild_horizontal_no_load_0500rpm,2136749,531,251,4102,5287,5,3,330759,9,124,74,24,2,1650,1495,1230,61,137,1663,16383,1653,1643,1652261,808,2023,2267,523543,11960,8,382574,1496,21332,216,2136650476,2136750059,0,2136750133,2136750648,3378756903,17880200,86,101,1030,0.0696,1645.6,0.38647405150501646,-0.019960747157190983,0.0696,24.61,76.3,,,,,,
2026-07-30T20:38:01.224479+00:00,S033,mounted,true,loose_mount,mild,500,loose_mount-mild_horizontal_no_load_0500rpm,2136849,531,254,4106,5303,3,3,330781,9,124,74,24,2,1650,1495,1235,61,137,1661,16383,1653,1642,1635638,800,1979,2093,523542,11957,8,382577,1496,21333,216,2136751078,2136850141,0,2136850215,2136850730,3344180450,17871233,94,98,1028,0.0696,1645.6,0.09751412051517905,-0.09242519135234595,0.0696,24.67,76.4,,,,,,
2026-07-30T20:38:01.317831+00:00,S033,mounted,true,loose_mount,mild,500,loose_mount-mild_horizontal_no_load_0500rpm,2136949,531,257,4109,5322,4,3,330802,9,124,74,24,2,1650,1494,1232,62,134,1666,16383,1655,1642,1635627,800,1989,2068,523523,11954,8,382574,1496,21334,216,2136851156,2136950160,0,2136950239,2136950754,3344131305,17862270,100,106,1036,0.0696,1645.6,0.056725468797055534,-0.0749321748368752,0.0696,24.52,76.1,,,,,,
2026-07-30T20:38:01.410585+00:00,S033,mounted,true,loose_mount,mild,500,loose_mount-mild_horizontal_no_load_0500rpm,2137049,518,275,4119,5448,2,3,330822,9,124,76,31,3,1650,1494,1272,62,134,1667,16383,1654,1646,1635449,800,1993,2067,523517,11955,8,382574,1496,21335,216,2136951182,2137050221,0,2137050295,2137050810,3343405803,17865255,86,98,1037,0.0696,1645.6,0.05477077214554571,-0.0685437934755333,0.0696,24.48,76.1,,,,,,
2026-07-30T20:38:01.553273+00:00,S033,mounted,true,loose_mount,mild,500,loose_mount-mild_horizontal_no_load_0500rpm,2137149,517,248,4221,5422,5,3,330843,9,124,74,23,2,1650,1494,1228,61,137,1668,16383,1655,1642,1636342,800,1999,2237,523577,11952,8,382568,1496,21336,216,2137051239,2137150247,0,2137150321,2137150836,3347117454,17856292,104,96,1041,0.0696,1645.6,0.3389966746987949,-0.05770918072289177,0.0696,24.45,76.0,,,,,,
2026-07-30T20:38:01.644791+00:00,S033,mounted,true,loose_mount,mild,500,loose_mount-mild_horizontal_no_load_0500rpm,2137249,517,251,4211,5425,2,3,330864,9,124,74,20,1,1650,1494,1243,59,128,1666,16383,1654,1644,1635364,800,1997,2065,523524,11954,8,382566,1496,21337,216,2137151263,2137250357,0,2137250431,2137250946,3343058172,17862268,97,105,1034,0.0696,1645.6,0.0517258114438679,-0.06159975522837602,0.0696,24.52,76.1,,,,,,
2026-07-30T20:38:01.738758+00:00,S033,mounted,true,loose_mount,mild,500,loose_mount-mild_horizontal_no_load_0500rpm,2137349,516,253,4219,5446,1,3,330884,9,124,75,24,2,1650,1495,1225,59,128,1661,16383,1653,1644,1635053,800,1965,2063,523516,11956,8,382567,1496,21338,216,2137251373,2137350431,0,2137350505,2137351020,3341795861,17868246,81,118,1026,0.0696,1645.6,0.047817581465372516,-0.11547723820675859,0.0696,24.67,76.4,,,,,,
2026-07-30T20:38:01.832882+00:00,S033,mounted,true,loose_mount,mild,500,loose_mount-mild_horizontal_no_load_0500rpm,2137449,516,253,4219,5446,6,3,330905,9,124,75,24,2,1650,1494,1225,59,127,1659,16383,1657,1645,1635677,800,1925,2265,523534,11955,8,382567,1496,21339,216,2137351447,2137450508,0,2137450582,2137451097,3344446159,17865255,69,102,1028,0.0696,1645.6,0.3847205558343787,-0.18185988080301163,0.0696,24.73,76.5,,,,,,
2026-07-30T20:38:01.927635+00:00,S033,mounted,true,loose_mount,mild,500,loose_mount-mild_horizontal_no_load_0500rpm,2137550,517,236,4262,5404,1,3,330926,9,124,75,29,2,1650,1494,1248,56,115,1660,16383,1653,1645,1651627,808,2018,2083,523495,11953,8,382563,1496,21340,216,2137451524,2137551362,0,2137551371,2137551886,3376117509,17859281,68,97,1032,0.0696,1645.6,0.08201417878356887,-0.02632079318999425,0.0696,24.7,76.5,,,,,,
2026-07-30T20:38:02.022661+00:00,S033,mounted,true,loose_mount,mild,500,loose_mount-mild_horizontal_no_load_0500rpm,2137651,517,252,4202,5420,6,3,330947,9,124,74,23,2,1650,1495,1235,56,115,1665,16383,1654,1643,1635438,800,1986,2071,523523,11956,8,382564,1496,21341,216,2137552312,2137651543,0,2137651552,2137652067,3343363300,17868244,93,94,1036,0.0696,1645.6,0.061147770826363246,-0.08048549113415904,0.0696,24.55,76.2,,,,,,
2026-07-30T20:38:02.114459+00:00,S033,mounted,true,loose_mount,mild,500,loose_mount-mild_horizontal_no_load_0500rpm,2137751,517,250,4212,5422,3,3,330967,9,124,74,20,2,1650,1494,1240,57,116,1662,16383,1653,1646,1635654,800,2011,2079,523525,11953,8,382560,1496,21342,216,2137652493,2137751579,0,2137751589,2137752103,3344241228,17859281,81,96,1033,0.0696,1645.6,0.075347411277503,-0.037987636325608864,0.0696,24.64,76.3,,,,,,
2026-07-30T20:38:02.256460+00:00,S033,mounted,true,loose_mount,mild,500,loose_mount-mild_horizontal_no_load_0500rpm,2137851,517,245,4213,5400,4,3,330988,9,124,73,20,2,1650,1495,1219,57,116,1663,16383,1653,1645,1635014,800,1933,2125,523507,11958,8,382566,1496,21343,216,2137752529,2137851615,0,2137851625,2137852140,3341649642,17874222,85,93,1034,0.0696,1645.6,0.1505343376818864,-0.16933669894631231,0.0696,24.61,76.3,,,,,,
2026-07-30T20:38:02.351167+00:00,S033,mounted,true,loose_mount,mild,500,loose_mount-mild_horizontal_no_load_0500rpm,2137951,517,252,4205,5425,3,3,331009,9,124,74,22,2,1650,1495,1245,57,117,1663,16383,1654,1645,1635975,800,1991,2079,523531,11956,8,382567,1496,21344,216,2137852566,2137951658,0,2137951668,2137952183,3345559135,17868246,90,100,1041,0.0696,1645.6,0.07447796018735353,-0.07215412278354005,0.0696,24.61,76.3,,,,,,
2026-07-30T20:38:02.445338+00:00,S033,mounted,true,loose_mount,mild,500,loose_mount-mild_horizontal_no_load_0500rpm,2138051,505,271,4217,5562,5,3,331029,9,124,76,29,2,1650,1494,1216,58,120,1664,16383,1655,1642,1635846,800,1787,2297,523546,11954,8,382565,1496,21345,216,2137952610,2138051699,0,2138051708,2138052223,3345246688,17862268,83,94,1034,0.0696,1645.6,0.4383659800903459,-0.4115757699514808,0.0696,24.58,76.2,,,,,,
2026-07-30T20:38:02.539523+00:00,S033,mounted,true,loose_mount,mild,500,loose_mount-mild_horizontal_no_load_0500rpm,2138151,505,271,4217,5562,6,3,331049,9,124,76,29,2,1650,1494,1193,58,120,1663,16383,1652,1645,1651553,808,2006,2210,523518,11955,8,382565,1496,21346,216,2138052649,2138152343,0,2138152417,2138152932,3375840309,17865257,76,90,1049,0.0696,1645.6,0.29306783814303605,-0.04688042383939761,0.0696,24.61,76.3,,,,,,
2026-07-30T20:38:02.631974+00:00,S033,mounted,true,loose_mount,mild,500,loose_mount-mild_horizontal_no_load_0500rpm,2138252,503,251,4326,5575,3,3,331069,9,124,74,20,2,1650,1494,1221,57,117,1666,16383,1652,1644,1635067,800,1843,2165,523503,11954,8,382563,1496,21347,216,2138153358,2138252585,0,2138252659,2138253174,3341897227,17862270,70,106,1038,0.0696,1645.6,0.21838105655010853,-0.3182488326919861,0.0696,24.52,76.1,,,,,,
2026-07-30T20:38:02.724541+00:00,S033,mounted,true,loose_mount,mild,500,loose_mount-mild_horizontal_no_load_0500rpm,2138352,503,240,4351,5546,5,3,331089,9,124,74,24,3,1650,1494,1219,58,125,1663,16383,1653,1643,1634915,800,2007,2063,523489,11955,8,382563,1496,21348,216,2138253601,2138352686,0,2138352760,2138353274,3341221161,17865257,89,95,1036,0.0696,1645.6,0.04810511994981148,-0.045214010790464165,0.0696,24.61,76.3,,,,,,
2026-07-30T20:38:02.818560+00:00,S033,mounted,true,loose_mount,mild,500,loose_mount-mild_horizontal_no_load_0500rpm,2138452,503,255,4317,5587,2,3,331110,9,124,74,22,2,1650,1494,1220,58,125,1662,16383,1654,1644,1651869,808,2002,2075,523519,11953,8,382559,1496,21349,216,2138353700,2138453376,0,2138453386,2138453901,3377107319,17859279,113,90,1038,0.0696,1645.6,0.06868064377143801,-0.05298786321425597,0.0696,24.64,76.3,,,,,,
2026-07-30T20:38:02.958255+00:00,S033,mounted,true,loose_mount,mild,500,loose_mount-mild_horizontal_no_load_0500rpm,2138552,502,252,4344,5599,1,3,331130,9,124,75,23,3,1650,1494,1237,59,124,1666,16383,1653,1643,1634659,800,2017,2067,523502,11955,8,382559,1496,21350,216,2138454328,2138553413,0,2138553423,2138553938,3340174701,17865257,96,85,1036,0.0696,1645.6,0.05477077214554571,-0.02854988030112926,0.0696,24.52,76.1,,,,,,
2026-07-30T20:38:03.051129+00:00,S033,mounted,true,loose_mount,mild,500,loose_mount-mild_horizontal_no_load_0500rpm,2138652,503,233,4378,5534,4,3,331150,9,124,73,24,3,1650,1495,1238,59,124,1665,16383,1653,1644,1635072,800,1987,2067,523487,11959,8,382567,1496,21351,216,2138554364,2138653454,0,2138653464,2138653979,3341867650,17877211,75,88,1037,0.0696,1645.6,0.05361867723053715,-0.07964977665356665,0.0696,24.55,76.2,,,,,,
2026-07-30T20:38:03.145009+00:00,S033,mounted,true,loose_mount,mild,500,loose_mount-mild_horizontal_no_load_0500rpm,2138753,502,266,4306,5632,2,3,331170,9,124,74,19,3,1650,1495,1237,60,133,1667,16383,1653,1645,1635660,800,1937,2226,523526,11959,8,382574,1496,21352,216,2138654405,2138753639,0,2138753649,2138754164,3344309076,17877211,71,92,1044,0.0696,1645.6,0.31848972932519404,-0.16294256033113186,0.0696,24.48,76.1,,,,,,
2026-07-30T20:38:03.239861+00:00,S033,mounted,true,loose_mount,mild,500,loose_mount-mild_horizontal_no_load_0500rpm,2138853,502,266,4306,5632,1,3,331190,9,124,74,19,3,1650,1494,1219,61,134,1666,16383,1652,1642,1635459,800,1905,2243,523527,11950,8,382564,1496,21353,216,2138754590,2138853699,0,2138853708,2138854223,3343501681,17850318,55,116,1035,0.0696,1645.6,0.34962338694560646,-0.2138598920502095,0.0696,24.52,76.1,,,,,,
2026-07-30T20:38:03.333330+00:00,S033,mounted,true,loose_mount,mild,500,loose_mount-mild_horizontal_no_load_0500rpm,2138953,503,240,4346,5541,4,3,331210,9,124,74,26,3,1650,1494,1216,61,134,1662,16383,1654,1643,1651896,808,1925,2066,523523,11954,8,382562,1496,21354,216,2138854651,2138954279,0,2138954353,2138954867,3377239950,17862270,85,102,1029,0.0696,1645.6,0.05339236389493074,-0.18159153170486908,0.0696,24.64,76.3,,,,,,
2026-07-30T20:38:03.428622+00:00,S033,mounted,true,loose_mount,mild,500,loose_mount-mild_horizontal_no_load_0500rpm,2139053,503,253,4307,5564,3,3,331231,9,124,74,24,1,1650,1494,1222,58,123,1663,16383,1654,1644,1635810,800,2006,2063,523540,11955,8,382562,1496,21355,216,2138955294,2139054376,0,2139054450,2139054965,3344879676,17865255,112,94,1031,0.0696,1645.6,0.04810511994981148,-0.04688042383939761,0.0696,24.61,76.3,,,,,,
2026-07-30T20:38:03.520335+00:00,S033,mounted,true,loose_mount,mild,500,loose_mount-mild_horizontal_no_load_0500rpm,2139153,502,251,4327,5578,5,3,331251,9,124,74,19,2,1650,1494,1203,60,123,1662,16383,1653,1643,1635205,800,2017,2067,523539,11953,8,382558,1496,21356,216,2139055392,2139154446,0,2139154520,2139155035,3342410795,17859281,107,78,1041,0.0696,1645.6,0.05534710875930715,-0.027987485066510942,0.0696,24.64,76.3,,,,,,
2026-07-30T20:38:03.662093+00:00,S033,mounted,true,loose_mount,mild,500,loose_mount-mild_horizontal_no_load_0500rpm,2139253,503,239,4328,5516,6,3,331271,9,124,74,24,3,1650,1494,1216,60,123,1662,16383,1654,1642,1635467,800,1955,2137,523530,11953,8,382555,1496,21357,216,2139155462,2139254509,0,2139254583,2139255098,3343491979,17859277,69,81,1032,0.0696,1645.6,0.17201554011545195,-0.13132238141052488,0.0696,24.64,76.3,,,,,,
2026-07-30T20:38:03.756787+00:00,S033,mounted,true,loose_mount,mild,500,loose_mount-mild_horizontal_no_load_0500rpm,2139354,515,235,4277,5416,1,3,331292,9,124,74,24,4,1650,1494,1208,59,120,1664,16383,1655,1643,1635164,800,1827,2065,523511,11953,8,382552,1496,21358,216,2139255524,2139354598,0,2139354677,2139355192,3342282082,17859279,95,86,1037,0.0696,1645.6,0.052013725006274214,-0.34465894160461863,0.0696,24.58,76.2,,,,,,
2026-07-30T20:38:03.850911+00:00,S033,mounted,true,loose_mount,mild,500,loose_mount-mild_horizontal_no_load_0500rpm,2139454,515,235,4277,5416,4,3,331312,9,124,74,24,4,1650,1494,1206,59,120,1673,16383,1653,1643,1635643,800,1999,2194,523537,11953,8,382549,1496,21359,216,2139355618,2139454665,0,2139454739,2139455254,3344221739,17859281,84,116,1025,0.0696,1645.6,0.26701697707688465,-0.057987938843805154,0.0696,24.3,75.7,,,,,,
2026-07-30T20:38:03.944555+00:00,S033,mounted,true,loose_mount,mild,500,loose_mount-mild_horizontal_no_load_0500rpm,2139554,517,249,4227,5431,1,3,331334,9,124,74,26,2,1650,1495,1219,59,124,1669,16383,1654,1641,1651335,808,1872,2230,523524,11957,8,382553,1496,21360,216,2139455681,2139555345,0,2139555360,2139555875,3375013027,17871233,95,112,1032,0.0696,1645.6,0.325774521619135,-0.2707015630174796,0.0696,24.42,76.0,,,,,,
2026-07-30T20:38:04.039178+00:00,S033,mounted,true,loose_mount,mild,500,loose_mount-mild_horizontal_no_load_0500rpm,2139654,527,241,4186,5330,6,3,331355,9,124,73,14,3,1650,1495,1208,58,122,1668,16383,1654,1645,1635452,800,2018,2097,523518,11957,8,382557,1496,21361,216,2139556302,2139655382,0,2139655391,2139655906,3343419812,17871233,97,96,1043,0.0696,1645.6,0.10417865777368895,-0.02744595308187714,0.0696,24.45,76.0,,,,,,
2026-07-30T20:38:04.132995+00:00,S033,mounted,true,loose_mount,mild,500,loose_mount-mild_horizontal_no_load_0500rpm,2139754,530,239,4166,5297,1,3,331376,9,124,75,27,2,1650,1495,1221,58,122,1666,16383,1655,1644,1635657,800,1861,2265,523517,11957,8,382561,1496,21362,216,2139656332,2139755442,0,2139755451,2139755966,3344383495,17871233,96,91,1053,0.0696,1645.6,0.38408922263109435,-0.2890290404783813,0.0696,24.52,76.1,,,,,,
2026-07-30T20:38:04.224905+00:00,S033,mounted,true,loose_mount,mild,500,loose_mount-mild_horizontal_no_load_0500rpm,2139854,530,238,4159,5280,6,3,331397,9,124,75,30,2,1650,1494,1245,60,119,1665,16383,1654,1643,1636013,800,1967,2285,523530,11953,8,382557,1496,21363,216,2139756392,2139855486,0,2139855496,2139856011,3345802621,17859281,101,100,1044,0.0696,1645.6,0.4186859378398724,-0.11132207889232859,0.0696,24.55,76.2,,,,,,
2026-07-30T20:38:04.364895+00:00,S033,mounted,true,loose_mount,mild,500,loose_mount-mild_horizontal_no_load_0500rpm,2139955,531,246,4093,5255,5,3,331419,9,124,74,25,3,1650,1494,1216,62,122,1674,16383,1653,1645,1635277,800,1837,2065,523520,11952,8,382552,1496,21364,216,2139856438,2139955603,0,2139955613,2139956128,3342740799,17856292,97,90,1034,0.0696,1645.6,0.052301686746988096,-0.32773585542168693,0.0696,24.27,75.7,,,,,,
2026-07-30T20:38:04.457175+00:00,S033,mounted,true,loose_mount,mild,500,loose_mount-mild_horizontal_no_load_0500rpm,2140055,531,258,4063,5281,2,3,331440,9,124,75,25,1,1650,1495,1221,62,122,1669,16383,1654,1644,1635072,800,1810,2067,523516,11956,8,382554,1496,21365,216,2139956554,2140055621,0,2140055630,2140056145,3341917784,17868244,111,108,1034,0.0696,1645.6,0.05448267614586788,-0.3737496570759453,0.0696,24.42,76.0,,,,,,
2026-07-30T20:38:04.551625+00:00,S033,mounted,true,loose_mount,mild,500,loose_mount-mild_horizontal_no_load_0500rpm,2140155,517,267,4127,5421,1,3,331460,9,124,74,21,3,1650,1495,1224,62,131,1668,16383,1653,1643,1635415,800,2019,2067,523533,11958,8,382560,1496,21366,216,2140056574,2140155668,0,2140155677,2140156193,3343262853,17874222,106,107,1036,0.0696,1645.6,0.053906628700451265,-0.026061130456598303,0.0696,24.45,76.0,,,,,,
2026-07-30T20:38:04.644525+00:00,S033,mounted,true,loose_mount,mild,500,loose_mount-mild_horizontal_no_load_0500rpm,2140255,517,267,4127,5421,6,3,331481,9,124,74,21,3,1650,1494,1217,62,131,1666,16383,1653,1644,1635229,800,2014,2155,523515,11955,8,382560,1496,21367,216,2140156624,2140255716,0,2140255726,2140256241,3342520057,17865255,81,105,1031,0.0696,1645.6,0.2014151204516934,-0.03354911944793004,0.0696,24.52,76.1,,,,,,
2026-07-30T20:38:04.739177+00:00,S033,mounted,true,loose_mount,mild,500,loose_mount-mild_horizontal_no_load_0500rpm,2140355,516,253,4212,5440,3,3,331501,9,124,74,24,2,1650,1494,1232,62,130,1664,16383,1653,1643,1651667,808,1919,2163,523519,11953,8,382556,1496,21368,216,2140256668,2140356361,0,2140356435,2140356950,3376311517,17859279,85,101,1037,0.0696,1645.6,0.21534952890487702,-0.19132328896511375,0.0696,24.58,76.2,,,,,,
2026-07-30T20:38:04.833718+00:00,S033,mounted,true,loose_mount,mild,500,loose_mount-mild_horizontal_no_load_0500rpm,2140456,496,270,4269,5632,5,3,331521,9,124,82,56,3,1650,1494,1235,63,119,1665,16383,1654,1644,1635344,800,1997,2069,523511,11952,8,382551,1496,21369,216,2140357377,2140456552,0,2140456626,2140457141,3342978230,17856292,61,118,1028,0.0696,1645.6,0.05896901204819249,-0.06104284337349419,0.0696,24.55,76.2,,,,,,
2026-07-30T20:38:04.925951+00:00,S033,mounted,true,loose_mount,mild,500,loose_mount-mild_horizontal_no_load_0500rpm,2140556,490,265,4385,5737,6,3,331541,9,124,74,16,3,1650,1495,1217,63,119,1665,16383,1653,1644,1635228,800,1946,2071,523523,11957,8,382555,1496,21370,216,2140457568,2140556625,0,2140556704,2140557219,3342505438,17871233,98,83,1039,0.0696,1645.6,0.06085916559337612,-0.147407623735051,0.0696,24.55,76.2,,,,,,
2026-07-30T20:38:05.066789+00:00,S033,mounted,true,loose_mount,mild,500,loose_mount-mild_horizontal_no_load_0500rpm,2140656,516,313,4133,5647,1,3,331562,9,124,76,37,8,1650,1494,1238,65,135,1663,16383,1653,1645,1634894,800,2021,2061,523504,11954,8,382554,1496,21371,216,2140557645,2140656695,0,2140656769,2140657284,3341133968,17862268,83,109,1024,0.0696,1645.6,0.04505960163961831,-0.021602496402878035,0.0696,24.61,76.3,,,,,,
2026-07-30T20:38:05.161209+00:00,S033,mounted,true,loose_mount,mild,500,loose_mount-mild_horizontal_no_load_0500rpm,2140756,529,238,4182,5306,6,3,331583,9,124,75,28,3,1650,1495,1236,62,133,1664,16383,1654,1643,1651833,808,2015,2233,523532,11956,8,382556,1496,21372,216,2140657711,2140757380,0,2140757389,2140757904,3376994833,17868246,92,93,1036,0.0696,1645.6,0.3310841053864171,-0.0321635547005692,0.0696,24.58,76.2,,,,,,
2026-07-30T20:38:05.254830+00:00,S033,mounted,true,loose_mount,mild,500,loose_mount-mild_horizontal_no_load_0500rpm,2140856,519,329,4123,5711,1,3,331604,9,124,88,59,5,1650,1495,1249,62,133,1661,16383,1652,1643,1635004,800,1991,2255,523505,11957,8,382560,1496,21373,216,2140758330,2140857424,0,2140857433,2140857948,3341632058,17871233,87,78,1036,0.0696,1645.6,0.36742787948482025,-0.07243157957681712,0.0696,24.67,76.4,,,,,,
2026-07-30T20:38:05.348171+00:00,S033,mounted,true,loose_mount,mild,500,loose_mount-mild_horizontal_no_load_0500rpm,2140956,519,329,4123,5711,4,3,331624,9,124,88,59,5,1650,1494,1234,64,127,1662,16383,1654,1643,1634902,800,1997,2066,523521,11955,8,382560,1496,21374,216,2140858374,2140957455,0,2140957465,2140957980,3341170868,17865255,74,84,1042,0.0696,1645.6,0.05310435909661182,-0.061878141279799515,0.0696,24.64,76.3,,,,,,
2026-07-30T20:38:05.441146+00:00,S033,mounted,true,loose_mount,mild,500,loose_mount-mild_horizontal_no_load_0500rpm,2141056,502,239,4393,5586,2,3,331644,9,124,73,26,5,1650,1494,1234,64,127,1660,16383,1654,1644,1635706,800,2023,2243,523528,11952,8,382554,1496,21375,216,2140958406,2141057503,0,2141057512,2141058027,3344492300,17856292,64,99,1037,0.0696,1645.6,0.34899766265060217,-0.017705228915663174,0.0696,24.7,76.5,,,,,,
2026-07-30T20:38:05.535073+00:00,S033,mounted,true,loose_mount,mild,500,loose_mount-mild_horizontal_no_load_0500rpm,2141157,508,265,4161,5467,4,3,331666,9,124,73,20,9,1650,1495,1227,62,124,1671,16383,1655,1641,1635587,800,1945,2067,523541,11957,8,382558,1496,21376,216,2141058453,2141157538,0,2141157547,2141158062,3343987983,17871233,81,84,1046,0.0696,1645.6,0.05419462833486621,-0.14907375804967815,0.0696,24.36,75.9,,,,,,
2026-07-30T20:38:05.627534+00:00,S033,mounted,true,loose_mount,mild,500,loose_mount-mild_horizontal_no_load_0500rpm,2141257,546,240,3972,5072,1,3,331688,9,124,75,33,2,1650,1495,1250,62,126,1666,16383,1655,1645,1636375,800,2026,2091,523625,11958,8,382564,1496,21377,216,2141158488,2141257571,0,2141257586,2141258101,3347189741,17874222,88,92,1038,0.0696,1645.6,0.09389050827897583,-0.014399165579528805,0.0696,24.52,76.1,,,,,,
2026-07-30T20:38:05.768084+00:00,S033,mounted,true,loose_mount,mild,500,loose_mount-mild_horizontal_no_load_0500rpm,2141357,543,273,3928,5186,6,3,331709,9,124,75,17,3,1650,1495,1250,62,126,1661,16383,1655,1644,1636076,800,1990,2250,523657,11957,8,382567,1496,21378,216,2141258527,2141357628,0,2141357637,2141358153,3346009046,17871233,70,98,1039,0.0696,1645.6,0.3590972079116832,-0.0740977138914447,0.0696,24.67,76.4,,,,,,
2026-07-30T20:38:05.861889+00:00,S033,mounted,true,loose_mount,mild,500,loose_mount-mild_horizontal_no_load_0500rpm,2141457,511,301,4060,5531,3,3,331729,9,124,91,77,4,1650,1494,1237,61,122,1658,16383,1654,1643,1635369,800,1804,2265,523616,11954,8,382565,1496,21379,216,2141358578,2141457671,0,2141457680,2141458196,3343179593,17862266,72,90,1040,0.0696,1645.6,0.38503630165634917,-0.38324437828342006,0.0696,24.76,76.6,,,,,,
2026-07-30T20:38:05.949177+00:00,S033,mounted,true,loose_mount,mild,500,loose_mount-mild_horizontal_no_load_0500rpm,2141557,503,265,4257,5573,5,3,331749,9,124,74,21,2,1650,1495,1246,60,113,1665,16383,1653,1642,1635483,800,1985,2073,523595,11956,8,382566,1496,21380,216,2141458621,2141557705,0,2141557715,2141558230,3343549421,17868246,71,100,1035,0.0696,1645.6,0.06448031816661048,-0.08215176480428266,0.0696,24.55,76.2,,,,,,
2026-07-30T20:38:06.049601+00:00,S033,mounted,true,loose_mount,mild,500,loose_mount-mild_horizontal_no_load_0500rpm,2141657,520,282,4119,5475,2,3,331770,9,124,73,22,5,1650,1494,1250,60,113,1665,16383,1655,1644,1651995,808,2025,2082,523597,11954,8,382564,1496,21381,216,2141558657,2141658349,0,2141658422,2141658938,3377623227,17862268,73,88,1051,0.0696,1645.6,0.08005720311192865,-0.014936286598628001,0.0696,24.55,76.2,,,,,,
2026-07-30T20:38:06.142918+00:00,S033,mounted,true,loose_mount,mild,500,loose_mount-mild_horizontal_no_load_0500rpm,2141757,520,282,4119,5475,5,3,331791,9,124,73,22,5,1650,1495,1192,60,121,1662,16383,1654,1644,1635540,800,2014,2081,523564,11957,8,382567,1496,21382,216,2141659363,2141758438,0,2141758512,2141759027,3343780416,17871233,86,98,1049,0.0696,1645.6,0.07752050873964977,-0.0341104903403866,0.0696,24.64,76.3,,,,,,
2026-07-30T20:38:06.237140+00:00,S033,mounted,true,loose_mount,mild,500,loose_mount-mild_horizontal_no_load_0500rpm,2141857,530,238,4151,5277,3,3,331813,9,124,74,21,3,1650,1495,1243,60,121,1662,16383,1654,1643,1635162,800,2013,2173,523525,11957,8,382570,1496,21383,216,2141759453,2141858527,0,2141858601,2141859116,3342249248,17871233,105,95,1044,0.0696,1645.6,0.23080486568537273,-0.03577662465501419,0.0696,24.64,76.3,,,,,,
2026-07-30T20:38:06.330821+00:00,S033,mounted,true,loose_mount,mild,500,loose_mount-mild_horizontal_no_load_0500rpm,2141958,517,376,4104,5926,1,3,331832,9,124,94,62,9,1650,1494,1217,58,113,1663,16383,1653,1646,1635448,800,2013,2085,523518,11954,8,382568,1496,21384,216,2141859543,2141958598,0,2141958672,2141959187,3343402632,17862268,100,109,1045,0.0696,1645.6,0.08505686046511629,-0.034934916011377215,0.0696,24.61,76.3,,,,,,
2026-07-30T20:38:06.470897+00:00,S033,mounted,true,loose_mount,mild,500,loose_mount-mild_horizontal_no_load_0500rpm,2142058,488,260,4516,5850,4,3,331852,9,124,75,29,8,1650,1495,1238,58,116,1662,16383,1654,1645,1635096,800,2021,2061,523517,11960,8,382577,1496,21385,216,2141959615,2142058685,0,2142058759,2142059274,3341959340,17880202,94,94,1037,0.0696,1645.6,0.043336475585284084,-0.023292179933110724,0.0696,24.64,76.3,,,,,,
2026-07-30T20:38:06.564055+00:00,S033,mounted,true,loose_mount,mild,500,loose_mount-mild_horizontal_no_load_0500rpm,2142158,492,231,4408,5585,2,3,331872,9,124,73,18,5,1650,1495,1230,58,116,1664,16383,1654,1642,1651646,808,1852,2099,523548,11959,8,382583,1496,21386,216,2142059700,2142159351,0,2142159361,2142159876,3376252910,17877211,95,89,1037,0.0696,1645.6,0.10692605878417893,-0.30454029258299187,0.0696,24.58,76.2,,,,,,
2026-07-30T20:38:06.657712+00:00,S033,mounted,true,loose_mount,mild,500,loose_mount-mild_horizontal_no_load_0500rpm,2142258,517,250,4225,5434,1,3,331892,9,124,75,28,2,1650,1495,1221,58,117,1663,16383,1653,1640,1635158,800,1951,2070,523512,11957,8,382585,1496,21387,216,2142160301,2142259389,0,2142259398,2142259913,3342221704,17871235,87,115,1034,0.0696,1645.6,0.059193031278748975,-0.13907695216191351,0.0696,24.61,76.3,,,,,,
2026-07-30T20:38:06.749363+00:00,S033,mounted,true,loose_mount,mild,500,loose_mount-mild_horizontal_no_load_0500rpm,2142358,517,250,4225,5434,6,3,331913,9,124,75,28,2,1650,1495,1221,59,120,1663,16383,1654,1643,1635202,800,1983,2071,523510,11956,8,382585,1496,21388,216,2142260340,2142359445,0,2142359455,2142359970,3342399172,17868246,80,111,1043,0.0696,1645.6,0.061147770826363246,-0.08548431214453034,0.0696,24.61,76.3,,,,,,
2026-07-30T20:38:06.842677+00:00,S033,mounted,true,loose_mount,mild,500,loose_mount-mild_horizontal_no_load_0500rpm,2142459,516,248,4223,5425,3,3,331933,9,124,74,25,2,1650,1494,1237,59,120,1664,16383,1653,1644,1634991,800,1957,2073,523520,11954,8,382582,1496,21389,216,2142360397,2142459615,0,2142459624,2142460139,3341544485,17862268,82,113,1045,0.0696,1645.6,0.06505823105236708,-0.12826185327087192,0.0696,24.58,76.2,,,,,,
2026-07-30T20:38:06.936950+00:00,S033,mounted,true,loose_mount,mild,500,loose_mount-mild_horizontal_no_load_0500rpm,2142559,493,304,4210,5752,5,3,331953,9,124,78,30,6,1650,1495,1216,62,132,1665,16383,1653,1645,1635692,800,1997,2073,523506,11956,8,382582,1496,21390,216,2142460566,2142559654,0,2142559669,2142560184,3344400148,17868246,67,87,1038,0.0696,1645.6,0.06448031816661048,-0.06215648076279745,0.0696,24.55,76.2,,,,,,
2026-07-30T20:38:07.031642+00:00,S033,mounted,true,loose_mount,mild,500,loose_mount-mild_horizontal_no_load_0500rpm,2142659,488,245,4497,5752,6,3,331973,9,124,73,19,2,1650,1494,1235,62,132,1662,16383,1655,1643,1635483,800,1975,2066,523541,11952,8,382575,1496,21391,216,2142560610,2142659736,0,2142659746,2142660261,3343545657,17856294,116,83,1047,0.0696,1645.6,0.05396851807228931,-0.09771313253012082,0.0696,24.64,76.3,,,,,,
2026-07-30T20:38:07.175924+00:00,S033,mounted,true,loose_mount,mild,500,loose_mount-mild_horizontal_no_load_0500rpm,2142759,529,318,4122,5627,5,3,331995,9,124,80,47,10,1650,1495,1211,61,128,1664,16383,1654,1641,1651960,808,1915,2229,523548,11957,8,382578,1496,21392,216,2142660688,2142760379,0,2142760458,2142760973,3377531248,17871233,116,70,1052,0.0696,1645.6,0.3241083873045074,-0.1990577874885009,0.0696,24.58,76.2,,,,,,
2026-07-30T20:38:07.266465+00:00,S033,mounted,true,loose_mount,mild,500,loose_mount-mild_horizontal_no_load_0500rpm,2142859,543,239,4051,5154,2,3,332016,9,124,74,24,4,1650,1494,1219,59,120,1661,16383,1654,1643,1635574,800,1997,2295,523508,11955,8,382577,1496,21393,216,2142761401,2142860465,0,2142860538,2142861054,3343982946,17865257,112,82,1047,0.0696,1645.6,0.4347129473023834,-0.061878141279799515,0.0696,24.67,76.4,,,,,,
2026-07-30T20:38:07.361633+00:00,S033,mounted,true,loose_mount,mild,500,loose_mount-mild_horizontal_no_load_0500rpm,2142960,545,244,4009,5128,4,3,332038,9,124,73,20,1,1650,1495,1216,59,120,1664,16383,1654,1643,1635351,800,1823,2271,523536,11958,8,382581,1496,21394,216,2142861480,2142960528,0,2142960602,2142961117,3343149791,17874222,98,101,1033,0.0696,1645.6,0.3937696051179125,-0.3525961470145509,0.0696,24.58,76.2,,,,,,
2026-07-30T20:38:07.455103+00:00,S033,mounted,true,loose_mount,mild,500,loose_mount-mild_horizontal_no_load_0500rpm,2143060,543,259,3991,5184,1,3,332060,9,124,74,20,3,1650,1495,1200,59,125,1664,16383,1655,1646,1635430,800,1990,2065,523549,11956,8,382581,1496,21395,216,2142961544,2143060608,0,2143060682,2143061197,3343326142,17868250,100,101,1038,0.0696,1645.6,0.0511501288056202,-0.07382039645366367,0.0696,24.58,76.2,,,,,,
2026-07-30T20:38:07.549133+00:00,S033,mounted,true,loose_mount,mild,500,loose_mount-mild_horizontal_no_load_0500rpm,2143160,543,259,3991,5184,6,3,332081,9,124,74,20,3,1650,1495,1200,59,122,1667,16383,1654,1645,1635563,800,2023,2069,523535,11957,8,382583,1496,21396,216,2143061625,2143160674,0,2143160748,2143161263,3343867825,17871235,104,95,1030,0.0696,1645.6,0.057526896964120944,-0.019115281508739645,0.0696,24.48,76.1,,,,,,
2026-07-30T20:38:07.642307+00:00,S033,mounted,true,loose_mount,mild,500,loose_mount-mild_horizontal_no_load_0500rpm,2143260,542,251,4051,5211,1,3,332102,9,124,75,28,0,1650,1495,1224,59,122,1675,16383,1652,1643,1651275,808,1969,2071,523493,11957,8,382585,1496,21397,216,2143161690,2143261379,0,2143261389,2143261904,3374684075,17871233,77,92,1035,0.0696,1645.6,0.06085916559337612,-0.10908653449862005,0.0696,24.24,75.6,,,,,,
2026-07-30T20:38:07.736333+00:00,S033,mounted,true,loose_mount,mild,500,loose_mount-mild_horizontal_no_load_0500rpm,2143360,504,298,4103,5585,4,3,332122,9,124,77,21,5,1650,1494,1192,62,118,1668,16383,1653,1644,1635336,800,1893,2073,523532,11951,8,382576,1496,21398,216,2143262328,2143361431,0,2143361441,2143361956,3342979488,17853305,71,96,1041,0.0696,1645.6,0.06592546305748437,-0.23412928047862103,0.0696,24.45,76.0,,,,,,
2026-07-30T20:38:07.877507+00:00,S033,mounted,true,loose_mount,mild,500,loose_mount-mild_horizontal_no_load_0500rpm,2143461,502,236,4366,5541,3,3,332143,9,124,73,23,3,1650,1495,1196,62,118,1661,16383,1653,1645,1635725,800,2023,2071,523532,11956,8,382577,1496,21399,216,2143362382,2143461528,0,2143461542,2143462057,3344530113,17868244,80,86,1039,0.0696,1645.6,0.061147770826363246,-0.01883336533957891,0.0696,24.67,76.4,,,,,,
2026-07-30T20:38:07.973206+00:00,S033,mounted,true,loose_mount,mild,500,loose_mount-mild_horizontal_no_load_0500rpm,2143561,514,245,4279,5472,5,3,332163,9,124,73,15,4,1650,1494,1232,60,121,1670,16383,1653,1642,1635032,800,1979,2065,523492,11954,8,382574,1496,21400,216,2143462483,2143561551,0,2143561561,2143562076,3341714444,17862270,65,93,1038,0.0696,1645.6,0.0517258114438679,-0.09159769934749873,0.0696,24.39,75.9,,,,,,
2026-07-30T20:38:08.067748+00:00,S033,mounted,true,loose_mount,mild,500,loose_mount-mild_horizontal_no_load_0500rpm,2143661,516,257,4220,5465,2,3,332184,9,124,74,21,2,1650,1494,1232,60,127,1670,16383,1654,1644,1635800,800,2019,2076,523534,11955,8,382574,1496,21401,216,2143562502,2143661584,0,2143661593,2143662108,3344839306,17865257,81,109,1028,0.0696,1645.6,0.06976848958594672,-0.025217054203262812,0.0696,24.39,75.9,,,,,,
2026-07-30T20:38:08.160209+00:00,S033,mounted,true,loose_mount,mild,500,loose_mount-mild_horizontal_no_load_0500rpm,2143761,498,292,4231,5697,3,3,332203,9,124,89,71,3,1650,1495,1209,60,127,1668,16383,1653,1646,1635220,800,2007,2123,523520,11957,8,382577,1496,21402,216,2143662535,2143761633,0,2143761642,2143762157,3342472132,17871235,64,99,1028,0.0696,1645.6,0.14749814995400135,-0.045773430542778826,0.0696,24.45,76.0,,,,,,
2026-07-30T20:38:08.253537+00:00,S033,mounted,true,loose_mount,mild,500,loose_mount-mild_horizontal_no_load_0500rpm,2143861,498,292,4231,5697,5,3,332223,9,124,89,71,3,1650,1495,1216,60,130,1668,16383,1654,1646,1635617,800,2019,2069,523536,11958,8,382581,1496,21403,216,2143762583,2143861673,0,2143861682,2143862197,3344088473,17874222,84,110,1020,0.0696,1645.6,0.0572386186653282,-0.026061130456598303,0.0696,24.45,76.0,,,,,,
2026-07-30T20:38:08.349993+00:00,S033,mounted,true,loose_mount,mild,500,loose_mount-mild_horizontal_no_load_0500rpm,2143961,491,251,4429,5711,6,3,332243,9,124,74,25,2,1650,1494,1219,60,136,1675,16383,1654,1645,1635858,800,1973,2075,523567,11954,8,382578,1496,21404,216,2143862624,2143961706,0,2143961715,2143962230,3345080662,17862268,54,119,1026,0.0696,1645.6,0.06839133595449187,-0.10159701405387311,0.0696,24.24,75.6,,,,,,
2026-07-30T20:38:08.444248+00:00,S033,mounted,true,loose_mount,mild,500,loose_mount-mild_horizontal_no_load_0500rpm,2144061,503,283,4208,5614,1,3,332264,9,124,72,21,6,1650,1494,1225,60,136,1665,16383,1653,1643,1651867,808,2011,2075,523526,11953,8,382573,1496,21405,216,2143962657,2144062359,0,2144062432,2144062947,3377099685,17859281,74,112,1028,0.0696,1645.6,0.06868064377143801,-0.037987636325608864,0.0696,24.55,76.2,,,,,,
2026-07-30T20:38:08.539011+00:00,S033,mounted,true,loose_mount,mild,500,loose_mount-mild_horizontal_no_load_0500rpm,2144161,516,254,4201,5434,6,3,332285,9,124,74,23,3,1650,1495,1217,59,134,1669,16383,1655,1643,1636014,800,1963,2271,523566,11956,8,382574,1496,21406,216,2144063374,2144162433,0,2144162507,2144163022,3345785710,17868244,90,101,1030,0.0696,1645.6,0.3944025048511204,-0.11880978554700627,0.0696,24.42,76.0,,,,,,
2026-07-30T20:38:08.680955+00:00,S033,mounted,true,loose_mount,mild,500,loose_mount-mild_horizontal_no_load_0500rpm,2144261,513,294,4186,5617,3,3,332305,9,124,78,31,4,1650,1495,1225,59,134,1671,16383,1653,1646,1635657,800,2018,2065,523582,11958,8,382579,1496,21407,216,2144163449,2144262488,0,2144262562,2144263077,3344251085,17874222,70,91,1027,0.0696,1645.6,0.05057463873557433,-0.027727125439036993,0.0696,24.36,75.9,,,,,,
2026-07-30T20:38:08.775673+00:00,S033,mounted,true,loose_mount,mild,500,loose_mount-mild_horizontal_no_load_0500rpm,2144362,503,231,4393,5543,5,3,332325,9,124,73,24,4,1650,1495,1225,61,135,1665,16383,1653,1645,1635095,800,1994,2063,523527,11957,8,382581,1496,21408,216,2144263503,2144362557,0,2144362631,2144363146,3341964239,17871233,59,99,1032,0.0696,1645.6,0.04753009107635631,-0.0674331766329348,0.0696,24.55,76.2,,,,,,
2026-07-30T20:38:08.869831+00:00,S033,mounted,true,loose_mount,mild,500,loose_mount-mild_horizontal_no_load_0500rpm,2144462,503,231,4393,5543,6,3,332345,9,124,73,24,4,1650,1494,1216,60,122,1666,16383,1653,1646,1635409,800,1967,2065,523525,11955,8,382580,1496,21409,216,2144363572,2144462623,0,2144462696,2144463212,3343243095,17865257,56,119,1034,0.0696,1645.6,0.05143794604767837,-0.11187053274780467,0.0696,24.52,76.1,,,,,,
2026-07-30T20:38:08.951496+00:00,S033,mounted,true,loose_mount,mild,500,loose_mount-mild_horizontal_no_load_0500rpm,2144562,502,263,4308,5618,1,3,332366,9,124,74,16,2,1650,1495,1221,60,122,1670,16383,1652,1643,1651264,808,1991,2068,523496,11957,8,382582,1496,21410,216,2144463639,2144563375,0,2144563384,2144563900,3374635088,17871233,84,91,1046,0.0696,1645.6,0.0558607626494938,-0.07243157957681712,0.0696,24.39,75.9,,,,,,
2026-07-30T20:38:09.061615+00:00,S033,mounted,true,loose_mount,mild,500,loose_mount-mild_horizontal_no_load_0500rpm,2144663,516,255,4237,5474,6,3,332387,9,124,74,26,6,1650,1494,1240,58,109,1677,16383,1653,1646,1635636,800,1989,2075,523522,11953,8,382577,1496,21411,216,2144564325,2144663546,0,2144663556,2144664071,3344167688,17859277,103,80,1055,0.0696,1645.6,0.06868064377143801,-0.0746548576089685,0.0696,24.18,75.5,,,,,,
2026-07-30T20:38:09.152708+00:00,S033,mounted,true,loose_mount,mild,500,loose_mount-mild_horizontal_no_load_0500rpm,2144763,516,260,4167,5425,3,3,332407,9,124,74,24,3,1650,1494,1230,58,112,1669,16383,1654,1640,1635291,800,1957,2158,523517,11953,8,382572,1496,21412,216,2144664498,2144763589,0,2144763599,2144764114,3342782485,17859281,86,89,1041,0.0696,1645.6,0.2070160695222958,-0.12798899765749194,0.0696,24.42,76.0,,,,,,
2026-07-30T20:38:09.247442+00:00,S033,mounted,true,loose_mount,mild,500,loose_mount-mild_horizontal_no_load_0500rpm,2144863,506,280,4192,5578,5,3,332427,9,124,77,32,3,1650,1494,1221,58,112,1672,16383,1654,1642,1635687,800,1995,2323,523544,11955,8,382572,1496,21413,216,2144764540,2144863603,0,2144863612,2144864127,3344469047,17865259,82,104,1035,0.0696,1645.6,0.4813725126725217,-0.0652109673776664,0.0696,24.33,75.8,,,,,,
2026-07-30T20:38:09.400515+00:00,S033,mounted,true,loose_mount,mild,500,loose_mount-mild_horizontal_no_load_0500rpm,2144963,502,247,4338,5568,6,3,332447,9,124,74,21,1,1650,1495,1221,58,115,1669,16383,1653,1644,1635474,800,2021,2067,523533,11957,8,382575,1496,21414,216,2144864554,2144963665,0,2144963675,2144964190,3343503858,17871235,103,114,1035,0.0696,1645.6,0.05419462833486621,-0.02244755013799482,0.0696,24.42,76.0,,,,,,
2026-07-30T20:38:09.447212+00:00,S033,mounted,true,loose_mount,mild,500,loose_mount-mild_horizontal_no_load_0500rpm,2145063,512,244,4262,5456,1,3,332468,9,124,72,2,3,1650,1495,1224,58,115,1667,16383,1653,1642,1635393,800,1987,2069,523529,11958,8,382580,1496,21415,216,2144964617,2145063694,0,2145063703,2145064218,3343178109,17874222,85,105,1023,0.0696,1645.6,0.0572386186653282,-0.0793729698946315,0.0696,24.48,76.1,,,,,,
2026-07-30T20:38:09.585691+00:00,S033,mounted,true,loose_mount,mild,500,loose_mount-mild_horizontal_no_load_0500rpm,2145163,512,244,4262,5456,6,3,332489,9,124,72,2,3,1650,1495,1261,57,113,1662,16383,1653,1645,1652109,808,1939,2251,523545,11956,8,382580,1496,21416,216,2145064644,2145164358,0,2145164432,2145164947,3378142451,17868244,109,89,1035,0.0696,1645.6,0.36107703144864445,-0.1588003536299767,0.0696,24.64,76.3,,,,,,
2026-07-30T20:38:09.680289+00:00,S033,mounted,true,loose_mount,mild,500,loose_mount-mild_horizontal_no_load_0500rpm,2145263,516,242,4229,5403,3,3,332509,9,124,74,24,3,1650,1494,1221,56,114,1661,16383,1653,1644,1635249,800,1971,2075,523511,11953,8,382575,1496,21417,216,2145165373,2145264416,0,2145264490,2145265005,3342593197,17859281,97,98,1037,0.0696,1645.6,0.06868064377143801,-0.10465531138626316,0.0696,24.67,76.4,,,,,,
2026-07-30T20:38:09.772978+00:00,S033,mounted,true,loose_mount,mild,500,loose_mount-mild_horizontal_no_load_0500rpm,2145363,517,257,4178,5424,4,3,332530,9,124,74,22,2,1650,1495,1221,56,114,1666,16383,1653,1644,1635526,800,1845,2201,523522,11957,8,382578,1496,21418,216,2145265431,2145364502,0,2145364575,2145365091,3343828262,17871233,74,111,1032,0.0696,1645.6,0.27745662649493985,-0.31568718951242003,0.0696,24.52,76.1,,,,,,
2026-07-30T20:38:09.866000+00:00,S033,mounted,true,loose_mount,mild,500,loose_mount-mild_horizontal_no_load_0500rpm,2145464,517,253,4215,5440,3,3,332551,9,124,74,21,2,1650,1494,1230,56,111,1665,16383,1654,1645,1636050,800,2013,2291,523516,11955,8,382577,1496,21419,216,2145365517,2145464587,0,2145464661,2145465176,3345965372,17865257,89,114,1040,0.0696,1645.6,0.42804729510665007,-0.03521553249686349,0.0696,24.55,76.2,,,,,,
2026-07-30T20:38:09.958485+00:00,S033,mounted,true,loose_mount,mild,500,loose_mount-mild_horizontal_no_load_0500rpm,2145564,517,235,4241,5378,4,3,332572,9,124,74,28,3,1650,1495,1221,59,113,1663,16383,1653,1642,1634921,800,1863,2075,523495,11956,8,382577,1496,21420,216,2145465603,2145564676,0,2145564750,2145565265,3341285543,17868246,80,116,1035,0.0696,1645.6,0.06781286550685817,-0.2854371525593846,0.0696,24.61,76.3,,,,,,
2026-07-30T20:38:10.052788+00:00,S033,mounted,true,loose_mount,mild,500,loose_mount-mild_horizontal_no_load_0500rpm,2145664,531,237,4139,5256,3,3,332593,9,124,75,30,2,1650,1494,1254,59,113,1664,16383,1654,1645,1652394,808,2021,2073,523570,11953,8,382572,1496,21421,216,2145565692,2145665354,0,2145665364,2145665879,3379251254,17859281,80,106,1037,0.0696,1645.6,0.06534726001840552,-0.02132071756044507,0.0696,24.58,76.2,,,,,,
2026-07-30T20:38:10.146819+00:00,S033,mounted,true,loose_mount,mild,500,loose_mount-mild_horizontal_no_load_0500rpm,2145764,531,251,4107,5288,6,3,332615,9,124,74,26,2,1650,1495,1223,59,110,1665,16383,1654,1644,1635349,800,1991,2078,523534,11956,8,382573,1496,21422,216,2145666310,2145765400,0,2145765414,2145765929,3343002123,17868246,95,102,1041,0.0696,1645.6,0.07281168651722947,-0.07215412278354005,0.0696,24.55,76.2,,,,,,
2026-07-30T20:38:10.286861+00:00,S033,mounted,true,loose_mount,mild,500,loose_mount-mild_horizontal_no_load_0500rpm,2145864,520,263,4117,5382,3,3,332635,9,124,79,43,2,1650,1495,1229,59,110,1668,16383,1652,1640,1635246,800,1955,2199,523506,11956,8,382574,1496,21423,216,2145766356,2145865437,0,2145865447,2145865962,3342631804,17868244,101,91,1058,0.0696,1645.6,0.27443080060220826,-0.13213997490799656,0.0696,24.45,76.0,,,,,,
2026-07-30T20:38:10.380656+00:00,S033,mounted,true,loose_mount,mild,500,loose_mount-mild_horizontal_no_load_0500rpm,2145964,520,263,4117,5382,4,3,332656,9,124,79,43,2,1650,1494,1238,57,106,1667,16383,1652,1644,1634832,800,1799,2065,523525,11951,8,382566,1496,21424,216,2145866389,2145965504,0,2145965513,2145966029,3341001898,17853303,84,94,1047,0.0696,1645.6,0.052589696678102094,-0.39082453543636575,0.0696,24.48,76.1,,,,,,
2026-07-30T20:38:10.476826+00:00,S033,mounted,true,loose_mount,mild,500,loose_mount-mild_horizontal_no_load_0500rpm,2146065,517,244,4214,5396,3,3,332677,9,124,75,30,2,1650,1495,1240,58,109,1666,16383,1655,1644,1635570,800,1990,2129,523540,11956,8,382567,1496,21425,216,2145966454,2146065557,0,2146065566,2146066081,3343907230,17868244,86,94,1034,0.0696,1645.6,0.15779164369354293,-0.07382039645366367,0.0696,24.52,76.1,,,,,,
2026-07-30T20:38:10.569278+00:00,S033,mounted,true,loose_mount,mild,500,loose_mount-mild_horizontal_no_load_0500rpm,2146165,517,250,4211,5420,4,3,332698,9,124,74,23,3,1650,1495,1234,58,109,1663,16383,1652,1642,1634955,800,1802,2175,523497,11956,8,382568,1496,21426,216,2146066507,2146165587,0,2146165602,2146166117,3341458451,17868244,81,90,1033,0.0696,1645.6,0.23444023251923696,-0.3870798464369356,0.0696,24.61,76.3,,,,,,
2026-07-30T20:38:10.663473+00:00,S033,mounted,true,loose_mount,mild,500,loose_mount-mild_horizontal_no_load_0500rpm,2146265,517,242,4208,5378,2,3,332718,9,124,73,18,4,1650,1495,1221,56,109,1665,16383,1653,1645,1635223,800,2025,2070,523506,11956,8,382569,1496,21427,216,2146166543,2146265643,0,2146265652,2146266167,3342480911,17868244,69,87,1038,0.0696,1645.6,0.05948149715623918,-0.015500817999331229,0.0696,24.55,76.2,,,,,,
2026-07-30T20:38:10.757967+00:00,S033,mounted,true,loose_mount,mild,500,loose_mount-mild_horizontal_no_load_0500rpm,2146365,512,294,4181,5617,1,3,332738,9,124,78,29,3,1650,1495,1242,57,112,1666,16383,1653,1646,1635455,800,1819,2183,523542,11957,8,382572,1496,21428,216,2146266593,2146365662,0,2146365671,2146366186,3343501853,17871233,93,99,1032,0.0696,1645.6,0.24746620883164638,-0.3590066816927324,0.0696,24.52,76.1,,,,,,
2026-07-30T20:38:10.849705+00:00,S033,mounted,true,loose_mount,mild,500,loose_mount-mild_horizontal_no_load_0500rpm,2146465,503,242,4378,5581,4,3,332758,9,124,74,22,2,1650,1494,1209,57,112,1667,16383,1654,1642,1635556,800,1987,2071,523523,11955,8,382572,1496,21429,216,2146366612,2146465701,0,2146465711,2146466225,3343840346,17865255,125,102,1034,0.0696,1645.6,0.06143642434127994,-0.07854227176913486,0.0696,24.48,76.1,,,,,,
2026-07-30T20:38:10.945891+00:00,S033,mounted,true,loose_mount,mild,500,loose_mount-mild_horizontal_no_load_0500rpm,2146565,503,236,4336,5508,3,3,332779,9,124,74,23,3,1650,1494,1225,57,119,1664,16383,1654,1644,1652011,808,1999,2267,523524,11955,8,382572,1496,21430,216,2146466653,2146566344,0,2146566418,2146566933,3377738373,17865255,109,81,1033,0.0696,1645.6,0.3880533819322456,-0.05854531518193262,0.0696,24.58,76.2,,,,,,
2026-07-30T20:38:11.087851+00:00,S033,mounted,true,loose_mount,mild,500,loose_mount-mild_horizontal_no_load_0500rpm,2146665,503,236,4336,5508,4,3,332800,9,124,74,23,3,1650,1495,1198,57,119,1671,16383,1652,1640,1635225,800,1823,2173,523517,11957,8,382575,1496,21431,216,2146567360,2146666407,0,2146666486,2146667001,3342550895,17871233,92,102,1022,0.0696,1645.6,0.23080486568537273,-0.3523421444342225,0.0696,24.36,75.9,,,,,,
2026-07-30T20:38:11.182014+00:00,S033,mounted,true,loose_mount,mild,500,loose_mount-mild_horizontal_no_load_0500rpm,2146765,517,238,4261,5415,2,3,332820,9,124,74,25,2,1650,1494,1233,57,120,1664,16383,1653,1645,1635627,800,2023,2071,523528,11954,8,382573,1496,21432,216,2146667428,2146766461,0,2146766535,2146767050,3344128023,17862266,90,103,1031,0.0696,1645.6,0.06172512615024228,-0.01826939150075324,0.0696,24.58,76.2,,,,,,
2026-07-30T20:38:11.276092+00:00,S033,mounted,true,loose_mount,mild,500,loose_mount-mild_horizontal_no_load_0500rpm,2146866,517,243,4209,5387,5,3,332841,9,124,74,23,3,1650,1494,1206,57,119,1664,16383,1654,1643,1635187,800,2011,2071,523504,11955,8,382573,1496,21433,216,2146767481,2146866548,0,2146866622,2146867137,3342332383,17865255,97,110,1033,0.0696,1645.6,0.06143642434127994,-0.03854835859473038,0.0696,24.58,76.2,,,,,,
2026-07-30T20:38:11.369416+00:00,S033,mounted,true,loose_mount,mild,500,loose_mount-mild_horizontal_no_load_0500rpm,2146966,517,252,4182,5400,2,3,332862,9,124,74,17,2,1650,1494,1195,57,119,1672,16383,1655,1644,1635915,800,1962,2267,523540,11954,8,382571,1496,21434,216,2146867564,2146966639,0,2146966712,2146967227,3345368543,17862268,94,114,1035,0.0696,1645.6,0.38836940655847396,-0.11992909101555993,0.0696,24.33,75.8,,,,,,
2026-07-30T20:38:11.448397+00:00,S033,mounted,true,loose_mount,mild,500,loose_mount-mild_horizontal_no_load_0500rpm,2147066,517,251,4209,5425,1,3,332882,9,124,74,19,2,1650,1494,1208,56,110,1668,16383,1654,1643,1635517,800,2015,2230,523517,11955,8,382571,1496,21435,216,2146967654,2147066718,0,2147066791,2147067307,3343769059,17865257,90,96,1037,0.0696,1645.6,0.32639609912170586,-0.03188270639899615,0.0696,24.45,76.0,,,,,,
2026-07-30T20:38:11.556539+00:00,S033,mounted,true,loose_mount,mild,500,loose_mount-mild_horizontal_no_load_0500rpm,2147166,517,256,4217,5456,6,3,332903,9,124,74,22,1,1650,1495,1200,59,123,1668,16383,1653,1644,1651853,808,1937,2207,523528,11956,8,382572,1496,21436,216,2147067732,2147167436,0,2147167445,2147167960,3377079047,17868246,74,95,1031,0.0696,1645.6,0.28776098996319854,-0.16213290097022393,0.0696,24.45,76.0,,,,,,
2026-07-30T20:38:11.695615+00:00,S033,mounted,true,loose_mount,mild,500,loose_mount-mild_horizontal_no_load_0500rpm,2147266,517,247,4225,5422,1,3,332924,9,124,74,25,4,1650,1494,1193,59,123,1669,16383,1652,1644,1634662,800,1939,2075,523489,11953,8,382568,1496,21437,216,2147168386,2147267496,0,2147267505,2147268020,3340208034,17859285,79,82,1038,0.0696,1645.6,0.06868064377143801,-0.15798945143478615,0.0696,24.42,76.0,,,,,,
2026-07-30T20:38:11.791407+00:00,S033,mounted,true,loose_mount,mild,500,loose_mount-mild_horizontal_no_load_0500rpm,2147367,517,247,4225,5422,6,3,332945,9,124,74,25,4,1650,1495,1193,59,123,1663,16383,1653,1644,1635120,800,1916,2065,523525,11958,8,382573,1496,21438,216,2147268446,2147367540,0,2147367555,2147368070,3342078910,17874222,90,86,1036,0.0696,1645.6,0.05057463873557433,-0.19765861364776738,0.0696,24.61,76.3,,,,,,
2026-07-30T20:38:11.883894+00:00,S033,mounted,true,loose_mount,mild,500,loose_mount-mild_horizontal_no_load_0500rpm,2147467,517,251,4182,5398,3,3,332965,9,124,74,23,3,1650,1494,1230,59,123,1662,16383,1653,1644,1635392,800,1787,2279,523518,11954,8,382571,1496,21439,216,2147368496,2147467562,0,2147467571,2147468086,3343315358,17862268,95,93,1044,0.0696,1645.6,0.40836803597122273,-0.4115757699514808,0.0696,24.64,76.3,,,,,,
2026-07-30T20:38:11.976141+00:00,S033,mounted,true,loose_mount,mild,500,loose_mount-mild_horizontal_no_load_0500rpm,2147567,517,260,4175,5436,4,3,332986,9,124,74,23,2,1650,1495,1211,60,133,1663,16383,1653,1645,1635608,800,2025,2263,523516,11957,8,382574,1496,21440,216,2147468516,2147567618,0,2147567627,2147568142,3344101776,17871233,89,103,1037,0.0696,1645.6,0.38075695400184006,-0.01578301287948536,0.0696,24.61,76.3,,,,,,
2026-07-30T20:38:12.072046+00:00,S033,mounted,true,loose_mount,mild,500,loose_mount-mild_horizontal_no_load_0500rpm,2147667,516,248,4225,5429,3,3,333007,9,124,74,25,2,1650,1495,1201,60,131,1663,16383,1655,1643,1635892,800,2021,2099,523562,11957,8,382577,1496,21441,216,2147568569,2147667666,0,2147667675,2147668190,3345219992,17871233,90,115,1035,0.0696,1645.6,0.10751092640294324,-0.02244755013799482,0.0696,24.61,76.3,,,,,,
2026-07-30T20:38:12.164428+00:00,S033,mounted,true,loose_mount,mild,500,loose_mount-mild_horizontal_no_load_0500rpm,2147767,517,245,4236,5420,4,3,333028,9,124,75,28,2,1650,1494,1188,60,131,1659,16383,1653,1646,1634784,800,1867,2082,523525,11950,8,382566,1496,21442,216,2147668617,2147767705,0,2147767719,2147768234,3340732468,17850314,82,115,1033,0.0696,1645.6,0.08121862979079486,-0.27721008317991647,0.0696,24.73,76.5,,,,,,
2026-07-30T20:38:12.257569+00:00,S033,mounted,true,loose_mount,mild,500,loose_mount-mild_horizontal_no_load_0500rpm,2147867,517,250,4216,5424,2,3,333048,9,124,74,23,2,1650,1494,1196,57,120,1658,16383,1654,1643,1635783,800,1811,2295,523552,11955,8,382566,1496,21443,216,2147768661,2147867738,0,2147867748,2147868263,3344913129,17865257,72,96,1038,0.0696,1645.6,0.4347129473023834,-0.3718309683814307,0.0696,24.76,76.6,,,,,,
2026-07-30T20:38:12.397327+00:00,S033,mounted,true,loose_mount,mild,500,loose_mount-mild_horizontal_no_load_0500rpm,2147967,517,244,4218,5398,5,3,333069,9,124,74,19,2,1650,1494,1206,59,121,1660,16383,1653,1644,1651974,808,1997,2082,523526,11955,8,382566,1496,21444,216,2147868689,2147968378,0,2147968451,2147968966,3377536410,17865257,72,77,1040,0.0696,1645.6,0.07976696787954829,-0.061878141279799515,0.0696,24.7,76.5,,,,,,
2026-07-30T20:38:12.490468+00:00,S033,mounted,true,loose_mount,mild,500,loose_mount-mild_horizontal_no_load_0500rpm,2148067,517,254,4195,5425,2,3,333090,9,124,74,21,3,1650,1495,1204,59,121,1666,16383,1653,1646,1635433,800,2005,2149,523521,11956,8,382567,1496,21445,216,2147969392,2148068440,0,2148068680,2148069195,3343347895,17868246,81,85,1030,0.0696,1645.6,0.19111711709601842,-0.048826291401807165,0.0696,24.52,76.1,,,,,,
2026-07-30T20:38:12.585245+00:00,S033,mounted,true,loose_mount,mild,500,loose_mount-mild_horizontal_no_load_0500rpm,2148168,517,254,4195,5425,5,3,333111,9,124,74,21,3,1650,1494,1222,59,119,1666,16383,1654,1645,1635519,800,2015,2063,523525,11955,8,382567,1496,21446,216,2148069621,2148168674,0,2148168747,2148169262,3343688959,17865255,90,84,1037,0.0696,1645.6,0.04810511994981148,-0.03188270639899615,0.0696,24.52,76.1,,,,,,
2026-07-30T20:38:12.678730+00:00,S033,mounted,true,loose_mount,mild,500,loose_mount-mild_horizontal_no_load_0500rpm,2148268,526,245,4139,5302,2,3,333132,9,124,71,2,4,1650,1495,1208,59,119,1660,16383,1653,1644,1651530,808,1935,2071,523516,11958,8,382572,1496,21447,216,2148169688,2148269340,0,2148269349,2148269864,3375732830,17874222,95,85,1032,0.0696,1645.6,0.06057060863020558,-0.16600470898143493,0.0696,24.7,76.5,,,,,,
2026-07-30T20:38:12.773707+00:00,S033,mounted,true,loose_mount,mild,500,loose_mount-mild_horizontal_no_load_0500rpm,2148368,531,244,4103,5250,4,3,333154,9,124,74,21,1,1650,1495,1208,57,119,1669,16383,1653,1644,1635325,800,1801,2062,523515,11956,8,382573,1496,21448,216,2148270289,2148369378,0,2148369393,2148369908,3342951425,17868244,100,99,1040,0.0696,1645.6,0.0461513077952489,-0.3887461201070592,0.0696,24.42,76.0,,,,,,
2026-07-30T20:38:12.868777+00:00,S033,mounted,true,loose_mount,mild,500,loose_mount-mild_horizontal_no_load_0500rpm,2148468,527,283,4089,5431,2,3,333174,9,124,77,29,3,1650,1494,1224,56,112,1661,16383,1655,1643,1635620,800,1843,2201,523513,11955,8,382573,1496,21449,216,2148370335,2148469441,0,2148469450,2148469965,3344170408,17865259,89,98,1040,0.0696,1645.6,0.2780701207026346,-0.31850575081555865,0.0696,24.67,76.4,,,,,,
2026-07-30T20:38:13.008855+00:00,S033,mounted,true,loose_mount,mild,500,loose_mount-mild_horizontal_no_load_0500rpm,2148568,516,241,4242,5411,5,3,333195,9,124,73,18,3,1650,1495,1247,56,112,1660,16383,1654,1646,1635319,800,1959,2068,523511,11956,8,382574,1496,21450,216,2148470395,2148569493,0,2148569503,2148570018,3342884633,17868244,101,101,1052,0.0696,1645.6,0.0561489498159915,-0.1254748802275012,0.0696,24.7,76.5,,,,,,
2026-07-30T20:38:13.102618+00:00,S033,mounted,true,loose_mount,mild,500,loose_mount-mild_horizontal_no_load_0500rpm,2148668,517,258,4210,5458,2,3,333216,9,124,74,22,2,1650,1494,1235,53,109,1661,16383,1655,1642,1635702,800,1961,2153,523533,11955,8,382574,1496,21451,216,2148570446,2148669526,0,2148669541,2148670056,3344461108,17865257,119,101,1053,0.0696,1645.6,0.19808229435382652,-0.12186901104140535,0.0696,24.67,76.4,,,,,,
2026-07-30T20:38:13.196760+00:00,S033,mounted,true,loose_mount,mild,500,loose_mount-mild_horizontal_no_load_0500rpm,2148769,504,264,4229,5542,1,3,333236,9,124,75,25,2,1650,1495,1222,55,108,1668,16383,1654,1643,1635506,800,2005,2071,523556,11957,8,382577,1496,21452,216,2148670484,2148769561,0,2148769575,2148770090,3343639088,17871235,111,90,1047,0.0696,1645.6,0.06085916559337612,-0.04910569917203311,0.0696,24.45,76.0,,,,,,
2026-07-30T20:38:13.291194+00:00,S033,mounted,true,loose_mount,mild,500,loose_mount-mild_horizontal_no_load_0500rpm,2148869,504,264,4229,5542,4,3,333256,9,124,75,25,2,1650,1495,1235,55,108,1664,16383,1652,1643,1635034,800,1859,2228,523482,11956,8,382577,1496,21453,216,2148770517,2148869591,0,2148869601,2148870116,3341814122,17868244,101,86,1046,0.0696,1645.6,0.3227527370357981,-0.29210224723987954,0.0696,24.58,76.2,,,,,,
2026-07-30T20:38:13.385234+00:00,S033,mounted,true,loose_mount,mild,500,loose_mount-mild_horizontal_no_load_0500rpm,2148969,503,254,4314,5578,6,3,333275,9,124,74,20,2,1650,1495,1244,57,118,1661,16383,1653,1643,1635073,800,2015,2100,523489,11956,8,382577,1496,21454,216,2148870543,2148969621,0,2148969630,2148970145,3341872703,17868244,95,78,1049,0.0696,1645.6,0.10946970725995309,-0.0321635547005692,0.0696,24.67,76.4,,,,,,
2026-07-30T20:38:13.464881+00:00,S033,mounted,true,loose_mount,mild,500,loose_mount-mild_horizontal_no_load_0500rpm,2149069,492,271,4331,5712,3,3,333295,9,124,76,30,3,1650,1495,1243,57,118,1665,16383,1653,1643,1635779,800,1935,2149,523515,11956,8,382577,1496,21455,216,2148970570,2149069665,0,2149069675,2149070190,3344776525,17868244,114,73,1057,0.0696,1645.6,0.19111711709601842,-0.1654654483104716,0.0696,24.55,76.2,,,,,,
2026-07-30T20:38:13.607012+00:00,S033,mounted,true,loose_mount,mild,500,loose_mount-mild_horizontal_no_load_0500rpm,2149169,489,264,4415,5763,5,3,333315,9,124,75,25,2,1650,1495,1222,57,117,1664,16383,1652,1645,1635646,800,1973,2101,523528,11956,8,382577,1496,21456,216,2149070617,2149169714,0,2149169723,2149170238,3344212856,17868244,80,93,1043,0.0696,1645.6,0.1111359809300767,-0.1021470488457683,0.0696,24.58,76.2,,,,,,
2026-07-30T20:38:13.699640+00:00,S033,mounted,true,loose_mount,mild,500,loose_mount-mild_horizontal_no_load_0500rpm,2149269,499,242,4420,5635,6,3,333335,9,124,73,18,4,1650,1495,1246,56,114,1658,16383,1654,1644,1652251,808,2013,2071,523542,11956,8,382577,1496,21457,216,2149170664,2149270508,0,2149270582,2149271097,3378665809,17868244,63,107,1039,0.0696,1645.6,0.061147770826363246,-0.03549610204081688,0.0696,24.76,76.6,,,,,,
2026-07-30T20:38:13.795137+00:00,S033,mounted,true,loose_mount,mild,500,loose_mount-mild_horizontal_no_load_0500rpm,2149370,503,240,4327,5518,3,3,333355,9,124,74,25,2,1650,1495,1219,56,114,1663,16383,1654,1644,1635589,800,2023,2069,523543,11957,8,382579,1496,21458,216,2149271524,2149370585,0,2149370659,2149371174,3343972767,17871235,81,111,1043,0.0696,1645.6,0.057526896964120944,-0.019115281508739645,0.0696,24.61,76.3,,,,,,
2026-07-30T20:38:13.888141+00:00,S033,mounted,true,loose_mount,mild,500,loose_mount-mild_horizontal_no_load_0500rpm,2149470,503,240,4327,5518,5,3,333375,9,124,74,25,2,1650,1495,1221,57,125,1661,16383,1652,1644,1635116,800,1947,2197,523513,11957,8,382581,1496,21459,216,2149371601,2149470671,0,2149470745,2149471260,3342076498,17871233,103,102,1044,0.0696,1645.6,0.2707920892364304,-0.14574148942042342,0.0696,24.67,76.4,,,,,,
2026-07-30T20:38:13.981865+00:00,S033,mounted,true,loose_mount,mild,500,loose_mount-mild_horizontal_no_load_0500rpm,2149570,503,260,4277,5569,2,3,333396,9,124,75,23,2,1650,1494,1229,59,122,1662,16383,1655,1643,1651452,808,1983,2143,523514,11953,8,382576,1496,21460,216,2149471688,2149571343,0,2149571353,2149571868,3375414914,17859279,120,97,1046,0.0696,1645.6,0.18201569137455031,-0.08465500886806687,0.0696,24.64,76.3,,,,,,
2026-07-30T20:38:14.076026+00:00,S033,mounted,true,loose_mount,mild,500,loose_mount-mild_horizontal_no_load_0500rpm,2149670,503,236,4335,5507,1,3,333416,9,124,74,26,3,1650,1494,1229,59,122,1661,16383,1655,1646,1635296,800,2007,2067,523520,11955,8,382575,1496,21461,216,2149572295,2149671383,0,2149671393,2149671908,3342779948,17865255,89,112,1037,0.0696,1645.6,0.05477077214554571,-0.045214010790464165,0.0696,24.67,76.4,,,,,,
2026-07-30T20:38:14.169041+00:00,S033,mounted,true,loose_mount,mild,500,loose_mount-mild_horizontal_no_load_0500rpm,2149770,503,264,4269,5582,4,3,333436,9,124,75,23,2,1650,1495,1235,57,117,1664,16383,1654,1642,1635492,800,1979,2127,523505,11958,8,382580,1496,21462,216,2149672335,2149771432,0,2149771441,2149771956,3343592186,17874222,53,107,1033,0.0696,1645.6,0.15386632764676378,-0.09270092975413968,0.0696,24.58,76.2,,,,,,
2026-07-30T20:38:14.311465+00:00,S033,mounted,true,loose_mount,mild,500,loose_mount-mild_horizontal_no_load_0500rpm,2149870,503,249,4333,5571,2,3,333456,9,124,74,21,3,1650,1495,1240,57,117,1664,16383,1653,1642,1635295,800,2009,2069,523503,11957,8,382582,1496,21463,216,2149772383,2149871522,0,2149871531,2149872046,3342775493,17871235,50,103,1034,0.0696,1645.6,0.057526896964120944,-0.04244116191352365,0.0696,24.58,76.2,,,,,,
2026-07-30T20:38:14.404848+00:00,S033,mounted,true,loose_mount,mild,500,loose_mount-mild_horizontal_no_load_0500rpm,2149971,502,255,4355,5627,1,3,333476,9,124,75,27,2,1650,1494,1225,54,115,1665,16383,1654,1642,1635428,800,1981,2073,523523,11953,8,382577,1496,21464,216,2149872473,2149971568,0,2149971578,2149972093,3343320870,17859281,71,110,1037,0.0696,1645.6,0.06534726001840552,-0.08798839262109981,0.0696,24.55,76.2,,,,,,
2026-07-30T20:38:14.498762+00:00,S033,mounted,true,loose_mount,mild,500,loose_mount-mild_horizontal_no_load_0500rpm,2150071,502,255,4355,5627,4,3,333496,9,124,75,27,2,1650,1495,1225,56,114,1665,16383,1653,1645,1635454,800,1847,2221,523512,11957,8,382579,1496,21465,216,2149972520,2150071630,0,2150071639,2150072154,3343497488,17871233,67,107,1036,0.0696,1645.6,0.3107793127874885,-0.31235492088316485,0.0696,24.55,76.2,,,,,,
2026-07-30T20:38:14.592931+00:00,S033,mounted,true,loose_mount,mild,500,loose_mount-mild_horizontal_no_load_0500rpm,2150171,489,258,4414,5732,6,3,333515,9,124,74,15,1,1650,1495,1209,56,114,1662,16383,1653,1646,1651755,808,1917,2067,523530,11957,8,382581,1496,21466,216,2150072581,2150172163,0,2150172237,2150172752,3376654725,17871233,93,84,1034,0.0696,1645.6,0.05419462833486621,-0.19572551885924616,0.0696,24.64,76.3,,,,,,
2026-07-30T20:38:14.689416+00:00,S033,mounted,true,loose_mount,mild,500,loose_mount-mild_horizontal_no_load_0500rpm,2150271,490,242,4463,5697,1,3,333536,9,124,74,23,3,1650,1495,1219,57,123,1661,16383,1654,1645,1635450,800,1891,2289,523519,11957,8,382583,1496,21467,216,2150173178,2150272219,0,2150272293,2150272808,3343493182,17871233,102,97,1023,0.0696,1645.6,0.42407644618215246,-0.23904501103955855,0.0696,24.67,76.4,,,,,,
2026-07-30T20:38:14.780937+00:00,S033,mounted,true,loose_mount,mild,500,loose_mount-mild_horizontal_no_load_0500rpm,2150371,515,261,4255,5525,6,3,333557,9,124,74,25,6,1650,1495,1204,55,119,1664,16383,1654,1644,1635656,800,1996,2077,523528,11959,8,382589,1496,21468,216,2150273235,2150372351,0,2150372429,2150372945,3344253450,17877211,86,101,1021,0.0696,1645.6,0.07027723396605046,-0.06465707559160494,0.0696,24.58,76.2,,,,,,
2026-07-30T20:38:14.874270+00:00,S033,mounted,true,loose_mount,mild,500,loose_mount-mild_horizontal_no_load_0500rpm,2150471,517,265,4173,5456,3,3,333577,9,124,75,22,2,1650,1495,1212,55,119,1670,16383,1653,1643,1635563,800,1868,2094,523526,11957,8,382591,1496,21469,216,2150373372,2150472424,0,2150472498,2150473013,3343905671,17871233,54,109,1017,0.0696,1645.6,0.09918025482980664,-0.2773661002759895,0.0696,24.39,75.9,,,,,,
2026-07-30T20:38:15.014658+00:00,S033,mounted,true,loose_mount,mild,500,loose_mount-mild_horizontal_no_load_0500rpm,2150571,507,262,4227,5521,5,3,333597,9,124,79,46,3,1650,1495,1204,55,120,1668,16383,1653,1643,1635644,800,2019,2068,523521,11956,8,382591,1496,21470,216,2150473440,2150572507,0,2150572580,2150573096,3344201094,17868246,85,114,1023,0.0696,1645.6,0.0561489498159915,-0.025498460020073832,0.0696,24.45,76.0,,,,,,
2026-07-30T20:38:15.107967+00:00,S033,mounted,true,loose_mount,mild,500,loose_mount-mild_horizontal_no_load_0500rpm,2150672,507,262,4227,5521,6,3,333617,9,124,79,46,3,1650,1495,1219,55,120,1673,16383,1653,1645,1635300,800,2023,2074,523533,11957,8,382593,1496,21471,216,2150573523,2150672602,0,2150672676,2150673191,3342793398,17871235,104,108,1027,0.0696,1645.6,0.065857568537258,-0.019115281508739645,0.0696,24.3,75.7,,,,,,
2026-07-30T20:38:15.201856+00:00,S033,mounted,true,loose_mount,mild,500,loose_mount-mild_horizontal_no_load_0500rpm,2150772,503,261,4277,5576,1,3,333638,9,124,74,22,3,1650,1495,1192,57,119,1671,16383,1653,1643,1651939,808,2004,2269,523526,11958,8,382596,1496,21472,216,2150673618,2150773356,0,2150773365,2150773880,3377442529,17874222,104,114,1032,0.0696,1645.6,0.39043761515303554,-0.05105105519317599,0.0696,24.36,75.9,,,,,,
2026-07-30T20:38:15.295459+00:00,S033,mounted,true,loose_mount,mild,500,loose_mount-mild_horizontal_no_load_0500rpm,2150872,519,283,4116,5481,2,3,333660,9,124,73,26,4,1650,1494,1209,60,119,1664,16383,1672,1643,1635921,800,1970,2273,523546,11954,8,382592,1496,21473,216,2150774308,2150873386,0,2150873400,2150873916,3345436195,17862278,92,113,1034,0.0696,1645.6,0.39836872126484835,-0.10659667140706075,0.0696,24.58,76.2,,,,,,
2026-07-30T20:38:15.388763+00:00,S033,mounted,true,loose_mount,mild,500,loose_mount-mild_horizontal_no_load_0500rpm,2150972,530,245,4141,5298,5,3,333681,9,124,73,18,1,1650,1495,1223,60,119,1663,16383,1653,1646,1634957,800,1805,2068,523505,11960,8,382600,1496,21474,216,2150874342,2150973431,0,2150973440,2150973955,3341460651,17880200,96,79,1038,0.0696,1645.6,0.054996490301002954,-0.38308691973244136,0.0696,24.61,76.3,,,,,,
2026-07-30T20:38:15.482910+00:00,S033,mounted,true,loose_mount,mild,500,loose_mount-mild_horizontal_no_load_0500rpm,2151072,527,293,4116,5506,2,3,333702,9,124,78,29,3,1650,1495,1198,57,116,1670,16383,1652,1642,1634966,800,1913,2071,523494,11957,8,382601,1496,21475,216,2150974381,2151073464,0,2151073474,2151073989,3341447044,17871235,95,94,1041,0.0696,1645.6,0.06085916559337612,-0.20239005611775518,0.0696,24.39,75.9,,,,,,
2026-07-30T20:38:15.575753+00:00,S033,mounted,true,loose_mount,mild,500,loose_mount-mild_horizontal_no_load_0500rpm,2151172,516,238,4303,5458,1,3,333722,9,124,74,23,3,1650,1495,1194,59,118,1676,16383,1653,1642,1635189,800,1807,2078,523516,11957,8,382602,1496,21476,216,2151074415,2151173504,0,2151173513,2151174028,3342455601,17871233,88,94,1035,0.0696,1645.6,0.0725221057957679,-0.3790002934682617,0.0696,24.21,75.6,,,,,,
2026-07-30T20:38:15.714877+00:00,S033,mounted,true,loose_mount,mild,500,loose_mount-mild_horizontal_no_load_0500rpm,2151273,517,243,4224,5399,6,3,333743,9,124,73,20,2,1650,1495,1192,59,118,1667,16383,1654,1642,1635376,800,1985,2075,523519,11957,8,382603,1496,21477,216,2151174454,2151273530,0,2151273540,2151274055,3343107896,17871233,99,71,1047,0.0696,1645.6,0.06752370285188558,-0.08242838546458131,0.0696,24.48,76.1,,,,,,
2026-07-30T20:38:15.809302+00:00,S033,mounted,true,loose_mount,mild,500,loose_mount-mild_horizontal_no_load_0500rpm,2151373,503,278,4205,5588,3,3,333763,9,124,75,23,3,1650,1494,1218,59,123,1668,16383,1654,1642,1635301,800,1905,2064,523543,11955,8,382601,1496,21478,216,2151274480,2151373581,0,2151373591,2151374106,3342817779,17865255,72,76,1039,0.0696,1645.6,0.04977153299874493,-0.21518814178168144,0.0696,24.45,76.0,,,,,,
2026-07-30T20:38:15.903228+00:00,S033,mounted,true,loose_mount,mild,500,loose_mount-mild_horizontal_no_load_0500rpm,2151473,503,278,4205,5588,5,3,333783,9,124,75,23,3,1650,1494,1216,59,123,1665,16383,1654,1644,1635558,800,2013,2213,523522,11954,8,382597,1496,21479,216,2151374532,2151473626,0,2151473636,2151474151,3343876576,17862266,73,82,1045,0.0696,1645.6,0.29837557420110405,-0.034934916011377215,0.0696,24.55,76.2,,,,,,
2026-07-30T20:38:15.995951+00:00,S033,mounted,true,loose_mount,mild,500,loose_mount-mild_horizontal_no_load_0500rpm,2151573,502,243,4347,5557,2,3,333804,9,124,75,26,3,1650,1494,1200,61,124,1670,16383,1654,1642,1635772,800,2006,2074,523529,11955,8,382595,1496,21480,216,2151474577,2151573669,0,2151573684,2151574199,3344727682,17865257,75,84,1038,0.0696,1645.6,0.06643566348807983,-0.04688042383939761,0.0696,24.39,75.9,,,,,,
2026-07-30T20:38:16.090654+00:00,S033,mounted,true,loose_mount,mild,500,loose_mount-mild_horizontal_no_load_0500rpm,2151673,514,244,4277,5466,1,3,333824,9,124,73,19,4,1650,1495,1195,61,130,1667,16383,1662,1643,1635560,800,2024,2207,523519,11958,8,382598,1496,21481,216,2151574625,2151673722,0,2151673731,2151674247,3343926858,17874222,67,103,1032,0.0696,1645.6,0.28714592624184654,-0.01773115554440574,0.0696,24.48,76.1,,,,,,
2026-07-30T20:38:16.184119+00:00,S033,mounted,true,loose_mount,mild,500,loose_mount-mild_horizontal_no_load_0500rpm,2151773,517,250,4220,5429,6,3,333845,9,124,73,18,2,1650,1495,1220,61,130,1661,16383,1654,1646,1651832,808,2015,2259,523513,11957,8,382599,1496,21482,216,2151674677,2151774359,0,2151774433,2151774948,3377003440,17871235,81,94,1041,0.0696,1645.6,0.37409241674333016,-0.032444356025759014,0.0696,24.67,76.4,,,,,,
2026-07-30T20:38:16.277530+00:00,S033,mounted,true,loose_mount,mild,500,loose_mount-mild_horizontal_no_load_0500rpm,2151873,508,269,4220,5543,3,3,333865,9,124,80,43,2,1650,1494,1222,60,124,1661,16383,1653,1643,1635006,800,1879,2073,523519,11953,8,382593,1496,21483,216,2151775374,2151874436,0,2151874510,2151875025,3341619854,17859281,76,115,1030,0.0696,1645.6,0.06534726001840552,-0.25799096402576804,0.0696,24.67,76.4,,,,,,
2026-07-30T20:38:16.417711+00:00,S033,mounted,true,loose_mount,mild,500,loose_mount-mild_horizontal_no_load_0500rpm,2151973,503,259,4289,5577,5,3,333885,9,124,74,23,2,1650,1494,1221,60,122,1664,16383,1654,1645,1635527,800,2011,2239,523527,11952,8,382585,1496,21484,216,2151875452,2151974497,0,2151974571,2151975085,3343763721,17856290,93,115,1044,0.0696,1645.6,0.34233033734939733,-0.03770720481927725,0.0696,24.58,76.2,,,,,,
2026-07-30T20:38:16.512402+00:00,S033,mounted,true,loose_mount,mild,500,loose_mount-mild_horizontal_no_load_0500rpm,2152074,508,256,4227,5487,2,3,333906,9,124,72,12,5,1650,1495,1225,60,122,1662,16383,1654,1642,1636072,800,2015,2214,523550,11958,8,382589,1496,21485,216,2151975512,2152074549,0,2152074787,2152075302,3346004802,17874222,105,98,1040,0.0696,1645.6,0.29880789111891604,-0.032725110386352174,0.0696,24.64,76.3,,,,,,
2026-07-30T20:38:16.606432+00:00,S033,mounted,true,loose_mount,mild,500,loose_mount-mild_horizontal_no_load_0500rpm,2152174,508,256,4227,5487,5,3,333927,9,124,72,12,5,1650,1495,1238,60,123,1665,16383,1653,1643,1651571,808,2015,2071,523514,11957,8,382591,1496,21486,216,2152075730,2152175393,0,2152175408,2152175923,3375887597,17871233,115,87,1046,0.0696,1645.6,0.06085916559337612,-0.032444356025759014,0.0696,24.55,76.2,,,,,,
2026-07-30T20:38:16.713799+00:00,S033,mounted,true,loose_mount,mild,500,loose_mount-mild_horizontal_no_load_0500rpm,2152274,517,254,4194,5424,6,3,333947,9,124,75,28,2,1650,1495,1226,60,123,1663,16383,1655,1642,1635151,800,1827,2241,523493,11957,8,382593,1496,21487,216,2152176350,2152275440,0,2152275449,2152275964,3342276987,17871233,104,97,1032,0.0696,1645.6,0.3441019990800367,-0.3456776071757135,0.0696,24.61,76.3,,,,,,
2026-07-30T20:38:16.807311+00:00,S033,mounted,true,loose_mount,mild,500,loose_mount-mild_horizontal_no_load_0500rpm,2152374,518,233,4218,5345,5,3,333969,9,124,73,24,4,1650,1494,1254,59,127,1661,16383,1653,1642,1635941,800,1871,2155,523556,11955,8,382591,1496,21488,216,2152276391,2152375510,0,2152375524,2152376039,3345455313,17865255,91,115,1027,0.0696,1645.6,0.2014151204516934,-0.2718461854454204,0.0696,24.67,76.4,,,,,,
2026-07-30T20:38:16.901229+00:00,S033,mounted,true,loose_mount,mild,500,loose_mount-mild_horizontal_no_load_0500rpm,2152475,531,243,4134,5278,2,3,333990,9,124,74,22,3,1650,1494,1238,59,132,1662,16383,1653,1645,1635780,800,2011,2218,523553,11954,8,382588,1496,21489,216,2152376466,2152475562,0,2152475571,2152476086,3344787844,17862268,89,93,1032,0.0696,1645.6,0.30670833645641604,-0.03826802091350201,0.0696,24.64,76.3,,,,,,
2026-07-30T20:38:17.011363+00:00,S033,mounted,true,loose_mount,mild,500,loose_mount-mild_horizontal_no_load_0500rpm,2152575,531,249,4107,5281,5,3,334011,9,124,74,22,3,1650,1495,1240,59,132,1661,16383,1652,1646,1635462,800,2002,2070,523537,11957,8,382590,1496,21490,216,2152476512,2152575607,0,2152575617,2152576132,3343457324,17871233,86,108,1030,0.0696,1645.6,0.059193031278748975,-0.054104102115915875,0.0696,24.67,76.4,,,,,,
2026-07-30T20:38:17.091466+00:00,S033,mounted,true,loose_mount,mild,500,loose_mount-mild_horizontal_no_load_0500rpm,2152675,509,282,4124,5508,6,3,334031,9,124,83,57,3,1650,1495,1227,57,131,1662,16383,1654,1645,1635667,800,2015,2065,523537,11958,8,382594,1496,21491,216,2152576559,2152675655,0,2152675665,2152676180,3344294861,17874222,70,85,1035,0.0696,1645.6,0.05057463873557433,-0.032725110386352174,0.0696,24.64,76.3,,,,,,
2026-07-30T20:38:17.184446+00:00,S033,mounted,true,loose_mount,mild,500,loose_mount-mild_horizontal_no_load_0500rpm,2152775,502,270,4280,5625,3,3,334051,9,124,75,22,2,1650,1495,1221,57,124,1669,16383,1653,1644,1635505,800,2014,2227,523536,11956,8,382594,1496,21492,216,2152676606,2152775705,0,2152775715,2152776230,3343665787,17868244,54,105,1034,0.0696,1645.6,0.32108646336567404,-0.033829828370692816,0.0696,24.42,76.0,,,,,,
2026-07-30T20:38:17.324426+00:00,S033,mounted,true,loose_mount,mild,500,loose_mount-mild_horizontal_no_load_0500rpm,2152875,502,270,4280,5625,5,3,334071,9,124,75,22,2,1650,1494,1245,57,124,1673,16383,1653,1644,1651620,808,1866,2069,523517,11955,8,382592,1496,21493,216,2152776657,2152876356,0,2152876430,2152876945,3376118212,17865257,79,109,1038,0.0696,1645.6,0.0581035982434126,-0.28017825069008806,0.0696,24.3,75.7,,,,,,
2026-07-30T20:38:17.418875+00:00,S033,mounted,true,loose_mount,mild,500,loose_mount-mild_horizontal_no_load_0500rpm,2152975,503,255,4309,5579,6,3,334091,9,124,75,26,2,1650,1494,1240,59,126,1666,16383,1653,1642,1635545,800,2003,2065,523497,11951,8,382582,1496,21494,216,2152877371,2152976440,0,2152976514,2152977028,3343796437,17853303,107,103,1037,0.0696,1645.6,0.052589696678102094,-0.0507624927621122,0.0696,24.52,76.1,,,,,,
2026-07-30T20:38:17.513313+00:00,S033,mounted,true,loose_mount,mild,500,loose_mount-mild_horizontal_no_load_0500rpm,2153075,503,251,4326,5576,1,3,334112,9,124,74,21,2,1650,1495,1241,59,126,1664,16383,1652,1646,1635394,800,1959,2247,523517,11956,8,382582,1496,21495,216,2152977456,2153076521,0,2153076595,2153077110,3343226942,17868244,100,112,1028,0.0696,1645.6,0.3544119367681495,-0.1254748802275012,0.0696,24.58,76.2,,,,,,
2026-07-30T20:38:17.606074+00:00,S033,mounted,true,loose_mount,mild,500,loose_mount-mild_horizontal_no_load_0500rpm,2153176,516,291,4065,5474,6,3,334133,9,124,72,24,8,1650,1494,1224,58,121,1666,16383,1655,1645,1635905,800,1991,2172,523525,11954,8,382579,1496,21496,216,2153077538,2153176593,0,2153176667,2153177182,3345295461,17862266,86,114,1037,0.0696,1645.6,0.23004692370754531,-0.0715990699347504,0.0696,24.52,76.1,,,,,,
2026-07-30T20:38:17.700597+00:00,S033,mounted,true,loose_mount,mild,500,loose_mount-mild_horizontal_no_load_0500rpm,2153276,531,267,4038,5299,1,3,334154,9,124,74,16,2,1650,1495,1233,58,117,1665,16383,1653,1644,1635107,800,1796,2073,523516,11958,8,382583,1496,21497,216,2153177609,2153276659,0,2153276733,2153277248,3342101441,17874222,89,100,1036,0.0696,1645.6,0.06390259859508252,-0.3975780115403915,0.0696,24.55,76.2,,,,,,
2026-07-30T20:38:17.793943+00:00,S033,mounted,true,loose_mount,mild,500,loose_mount-mild_horizontal_no_load_0500rpm,2153376,529,278,4113,5429,6,3,334175,9,124,76,20,2,1650,1494,1222,58,117,1664,16383,1652,1643,1651698,808,2017,2063,523534,11955,8,382582,1496,21498,216,2153277675,2153377352,0,2153377362,2153377877,3376404226,17865255,94,86,1039,0.0696,1645.6,0.04810511994981148,-0.02854988030112926,0.0696,24.58,76.2,,,,,,
2026-07-30T20:38:17.887972+00:00,S033,mounted,true,loose_mount,mild,500,loose_mount-mild_horizontal_no_load_0500rpm,2153476,502,254,4301,5569,3,3,334195,9,124,73,12,2,1650,1494,1246,57,113,1660,16383,1652,1642,1635340,800,2009,2069,523536,11954,8,382579,1496,21499,216,2153378303,2153477371,0,2153477380,2153477895,3342961044,17862268,117,88,1047,0.0696,1645.6,0.05839202124811749,-0.041601125815626805,0.0696,24.7,76.5,,,,,,
2026-07-30T20:38:18.028212+00:00,S033,mounted,true,loose_mount,mild,500,loose_mount-mild_horizontal_no_load_0500rpm,2153576,502,254,4301,5569,4,3,334216,9,124,73,12,2,1650,1494,1204,60,120,1662,16383,1655,1645,1636190,800,2017,2072,523579,11955,8,382578,1496,21500,216,2153478322,2153577425,0,2153577439,2153577954,3346431198,17865257,120,88,1039,0.0696,1645.6,0.06310283739021338,-0.02854988030112926,0.0696,24.64,76.3,,,,,,
2026-07-30T20:38:18.121935+00:00,S033,mounted,true,loose_mount,mild,500,loose_mount-mild_horizontal_no_load_0500rpm,2153676,502,250,4326,5572,3,3,334237,9,124,74,23,2,1650,1495,1243,60,120,1661,16383,1654,1646,1635406,800,1798,2061,523604,11958,8,382582,1496,21501,216,2153578381,2153677461,0,2153677471,2153677986,3343281946,17874222,117,102,1032,0.0696,1645.6,0.04391065880582001,-0.3942460215755146,0.0696,24.67,76.4,,,,,,
2026-07-30T20:38:18.216371+00:00,S033,mounted,true,loose_mount,mild,500,loose_mount-mild_horizontal_no_load_0500rpm,2153776,528,269,4155,5429,4,3,334258,9,124,75,31,8,1650,1495,1206,61,125,1661,16383,1654,1646,1635683,800,1903,2319,523592,11958,8,382586,1496,21502,216,2153678414,2153777500,0,2153777509,2153778024,3344468481,17874222,98,97,1037,0.0696,1645.6,0.4737373642749625,-0.21931654841946813,0.0696,24.67,76.4,,,,,,
2026-07-30T20:38:18.309456+00:00,S033,mounted,true,loose_mount,mild,500,loose_mount-mild_horizontal_no_load_0500rpm,2153877,532,264,4061,5304,3,3,334279,9,124,74,24,2,1650,1495,1225,61,125,1662,16383,1652,1642,1635026,800,1847,2071,523512,11960,8,382594,1496,21503,216,2153778450,2153877544,0,2153877553,2153878068,3341711728,17880200,90,114,1036,0.0696,1645.6,0.059993639464882786,-0.31312683143812725,0.0696,24.64,76.3,,,,,,
2026-07-30T20:38:18.403737+00:00,S033,mounted,true,loose_mount,mild,500,loose_mount-mild_horizontal_no_load_0500rpm,2153977,512,291,4106,5527,5,3,334299,9,124,87,66,2,1650,1495,1245,59,133,1663,16383,1654,1644,1635892,800,1894,2267,523536,11957,8,382595,1496,21504,216,2153878496,2153977582,0,2153977591,2153978106,3345285164,17871233,54,111,1035,0.0696,1645.6,0.3874214912603491,-0.23404660809567668,0.0696,24.61,76.3,,,,,,
2026-07-30T20:38:18.495864+00:00,S033,mounted,true,loose_mount,mild,500,loose_mount-mild_horizontal_no_load_0500rpm,2154077,503,267,4252,5580,6,3,334319,9,124,75,24,3,1650,1495,1233,59,134,1660,16383,1654,1645,1635689,800,2023,2213,523550,11957,8,382596,1496,21505,216,2153978533,2154077628,0,2154077637,2154078152,3344431013,17871233,63,114,1036,0.0696,1645.6,0.2974502382704687,-0.019115281508739645,0.0696,24.7,76.5,,,,,,
2026-07-30T20:38:18.590456+00:00,S033,mounted,true,loose_mount,mild,500,loose_mount-mild_horizontal_no_load_0500rpm,2154177,503,239,4341,5532,3,3,334339,9,124,73,22,3,1650,1495,1248,59,134,1663,16383,1654,1643,1635084,800,1869,2065,523545,11957,8,382597,1496,21506,216,2154078579,2154177673,0,2154177682,2154178197,3341951312,17871233,80,108,1042,0.0696,1645.6,0.05086235970561148,-0.2756999659613619,0.0696,24.61,76.3,,,,,,
2026-07-30T20:38:18.730785+00:00,S033,mounted,true,loose_mount,mild,500,loose_mount-mild_horizontal_no_load_0500rpm,2154277,503,239,4341,5532,5,3,334359,9,124,73,22,3,1650,1494,1211,57,136,1664,16383,1654,1644,1636111,800,2002,2297,523557,11955,8,382595,1496,21507,216,2154178624,2154277696,0,2154277706,2154278220,3346176867,17865257,83,109,1035,0.0696,1645.6,0.43804577340025075,-0.05354607603513184,0.0696,24.58,76.2,,,,,,
2026-07-30T20:38:18.825060+00:00,S033,mounted,true,loose_mount,mild,500,loose_mount-mild_horizontal_no_load_0500rpm,2154377,503,260,4295,5587,2,3,334380,9,124,74,18,2,1650,1494,1216,58,128,1665,16383,1652,1642,1651444,808,1921,2067,523515,11954,8,382591,1496,21508,216,2154278647,2154378336,0,2154378410,2154378925,3375381746,17862270,124,77,1045,0.0696,1645.6,0.05505891634599269,-0.18825774150911867,0.0696,24.55,76.2,,,,,,
2026-07-30T20:38:18.919173+00:00,S033,mounted,true,loose_mount,mild,500,loose_mount-mild_horizontal_no_load_0500rpm,2154478,508,268,4169,5488,5,3,334401,9,124,72,19,7,1650,1495,1206,58,128,1667,16383,1653,1646,1636132,800,1983,2241,523553,11956,8,382591,1496,21509,216,2154379352,2154478565,0,2154478639,2154479154,3346239084,17868244,91,93,1039,0.0696,1645.6,0.34441429474740737,-0.08548431214453034,0.0696,24.48,76.1,,,,,,
2026-07-30T20:38:19.011493+00:00,S033,mounted,true,loose_mount,mild,500,loose_mount-mild_horizontal_no_load_0500rpm,2154578,532,254,4063,5259,2,3,334422,9,124,76,33,2,1650,1494,1200,58,135,1661,16383,1654,1643,1635551,800,2019,2153,523525,11955,8,382590,1496,21510,216,2154479580,2154578626,0,2154578700,2154579215,3343833841,17865257,85,95,1030,0.0696,1645.6,0.19808229435382652,-0.025217054203262812,0.0696,24.67,76.4,,,,,,
2026-07-30T20:38:19.104996+00:00,S033,mounted,true,loose_mount,mild,500,loose_mount-mild_horizontal_no_load_0500rpm,2154678,531,250,4094,5270,4,3,334444,9,124,74,25,3,1650,1495,1202,58,135,1657,16383,1654,1646,1636187,800,1809,2305,523520,11956,8,382590,1496,21511,216,2154579641,2154678715,0,2154678789,2154679304,3346589269,17868244,103,75,1046,0.0696,1645.6,0.4510558096353292,-0.37541593074606894,0.0696,24.79,76.6,,,,,,
2026-07-30T20:38:19.214621+00:00,S033,mounted,true,loose_mount,mild,500,loose_mount-mild_horizontal_no_load_0500rpm,2154778,531,256,4067,5276,3,3,334465,9,124,74,23,2,1650,1494,1192,57,126,1660,16383,1653,1642,1652294,808,1997,2255,523530,11955,8,382589,1496,21512,216,2154679731,2154779385,0,2154779395,2154779910,3378886952,17865255,92,95,1047,0.0696,1645.6,0.3680564253450438,-0.061878141279799515,0.0696,24.7,76.5,,,,,,
2026-07-30T20:38:19.306662+00:00,S033,mounted,true,loose_mount,mild,500,loose_mount-mild_horizontal_no_load_0500rpm,2154878,531,253,4105,5300,4,3,334486,9,124,74,22,2,1650,1495,1188,60,129,1660,16383,1653,1642,1635069,800,1871,2063,523517,11959,8,382595,1496,21513,216,2154780336,2154879432,0,2154879442,2154879957,3341880543,17877211,78,93,1034,0.0696,1645.6,0.046955254536332536,-0.2728890347855173,0.0696,24.7,76.5,,,,,,
2026-07-30T20:38:19.399830+00:00,S033,mounted,true,loose_mount,mild,500,loose_mount-mild_horizontal_no_load_0500rpm,2154978,521,274,4111,5426,3,3,334507,9,124,80,46,2,1650,1494,1211,60,129,1664,16383,1653,1644,1635524,800,1827,2167,523545,11953,8,382589,1496,21514,216,2154880383,2154979447,0,2154979456,2154979971,3343783990,17859279,76,80,1039,0.0696,1645.6,0.22201629641094245,-0.34465894160461863,0.0696,24.58,76.2,,,,,,
2026-07-30T20:38:19.492014+00:00,S033,mounted,true,loose_mount,mild,500,loose_mount-mild_horizontal_no_load_0500rpm,2155078,521,274,4111,5426,4,3,334528,9,124,80,46,2,1650,1495,1209,60,129,1661,16383,1654,1643,1635767,800,1957,2065,523540,11956,8,382589,1496,21515,216,2154980397,2155079504,0,2155079513,2155080028,3344718047,17868246,85,84,1038,0.0696,1645.6,0.0511501288056202,-0.12880742756774888,0.0696,24.67,76.4,,,,,,
2026-07-30T20:38:19.632788+00:00,S033,mounted,true,loose_mount,mild,500,loose_mount-mild_horizontal_no_load_0500rpm,2155179,517,257,4183,5426,2,3,334548,9,124,74,24,1,1650,1494,1196,60,122,1663,16383,1653,1645,1635145,800,2023,2066,523518,11955,8,382588,1496,21516,216,2155080454,2155179553,0,2155179563,2155180078,3342161325,17865257,92,93,1034,0.0696,1645.6,0.05310435909661182,-0.018551402007528583,0.0696,24.61,76.3,,,,,,
2026-07-30T20:38:19.725518+00:00,S033,mounted,true,loose_mount,mild,500,loose_mount-mild_horizontal_no_load_0500rpm,2155279,511,296,4218,5668,1,3,334568,9,124,80,39,3,1650,1495,1225,60,122,1661,16383,1654,1642,1635208,800,1810,2351,523494,11956,8,382588,1496,21517,216,2155180507,2155279573,0,2155279583,2155280097,3342582212,17868246,122,83,1046,0.0696,1645.6,0.5277043984610232,-0.3737496570759453,0.0696,24.67,76.4,,,,,,
2026-07-30T20:38:19.819104+00:00,S033,mounted,true,loose_mount,mild,500,loose_mount-mild_horizontal_no_load_0500rpm,2155379,503,238,4382,5566,6,3,334589,9,124,73,27,4,1650,1495,1203,58,117,1659,16383,1654,1644,1635217,800,2003,2065,523512,11957,8,382590,1496,21518,216,2155280524,2155379616,0,2155379630,2155380145,3342460239,17871235,128,94,1037,0.0696,1645.6,0.05086235970561148,-0.052437967801287844,0.0696,24.73,76.5,,,,,,
2026-07-30T20:38:19.911748+00:00,S033,mounted,true,loose_mount,mild,500,loose_mount-mild_horizontal_no_load_0500rpm,2155479,502,267,4304,5633,3,3,334609,9,124,74,21,2,1650,1495,1214,58,117,1662,16383,1654,1643,1635256,800,1893,2259,523524,11960,8,382598,1496,21519,216,2155380572,2155479659,0,2155479668,2155480183,3342695702,17880200,140,80,1050,0.0696,1645.6,0.3731483204013375,-0.23650387759197367,0.0696,24.64,76.3,,,,,,
2026-07-30T20:38:20.005811+00:00,S033,mounted,true,loose_mount,mild,500,loose_mount-mild_horizontal_no_load_0500rpm,2155579,503,245,4357,5575,5,3,334629,9,124,74,27,3,1650,1495,1215,60,118,1662,16383,1652,1644,1635550,800,1857,2149,523534,11957,8,382599,1496,21520,216,2155480610,2155579713,0,2155579722,2155580238,3343858012,17871235,112,67,1054,0.0696,1645.6,0.19081764213431462,-0.29569357773689076,0.0696,24.64,76.3,,,,,,
2026-07-30T20:38:20.101691+00:00,S033,mounted,true,loose_mount,mild,500,loose_mount-mild_horizontal_no_load_0500rpm,2155679,503,245,4357,5575,6,3,334649,9,124,74,27,3,1650,1495,1206,58,112,1661,16383,1652,1640,1651115,808,1965,2307,523494,11957,8,382600,1496,21521,216,2155580664,2155680351,0,2155680425,2155680940,3374105961,17871233,85,87,1050,0.0696,1645.6,0.4540668638454459,-0.11575107175712995,0.0696,24.67,76.4,,,,,,
2026-07-30T20:38:20.194784+00:00,S033,mounted,true,loose_mount,mild,500,loose_mount-mild_horizontal_no_load_0500rpm,2155780,503,257,4309,5589,1,3,334670,9,124,74,22,1,1650,1494,1208,58,112,1667,16383,1652,1644,1635465,800,2001,2147,523526,11954,8,382596,1496,21522,216,2155681365,2155780594,0,2155780668,2155781183,3343481119,17862266,97,80,1059,0.0696,1645.6,0.18838311243098538,-0.054933545424125985,0.0696,24.48,76.1,,,,,,
2026-07-30T20:38:20.337375+00:00,S033,mounted,true,loose_mount,mild,500,loose_mount-mild_horizontal_no_load_0500rpm,2155880,516,245,4282,5469,4,3,334690,9,124,73,23,5,1650,1494,1223,57,108,1662,16383,1653,1643,1635654,800,2011,2315,523505,11954,8,382592,1496,21523,216,2155781609,2155880654,0,2155880728,2155881243,3344318810,17862270,82,101,1038,0.0696,1645.6,0.4683639242094695,-0.03826802091350201,0.0696,24.64,76.3,,,,,,
2026-07-30T20:38:20.428363+00:00,S033,mounted,true,loose_mount,mild,500,loose_mount-mild_horizontal_no_load_0500rpm,2155980,517,246,4198,5388,3,3,334711,9,124,73,19,4,1650,1495,1229,57,116,1663,16383,1653,1644,1635841,800,2015,2070,523523,11959,8,382598,1496,21524,216,2155881670,2155980717,0,2155980791,2155981306,3345006075,17877211,63,112,1037,0.0696,1645.6,0.058616244251191496,-0.033005817794130365,0.0696,24.61,76.3,,,,,,
2026-07-30T20:38:20.520232+00:00,S033,mounted,true,loose_mount,mild,500,loose_mount-mild_horizontal_no_load_0500rpm,2156080,506,282,4176,5569,5,3,334731,9,124,78,38,3,1650,1494,1237,57,116,1663,16383,1652,1642,1651313,808,2014,2073,523504,11954,8,382594,1496,21525,216,2155981733,2156081446,0,2156081455,2156081970,3374834823,17862268,81,104,1044,0.0696,1645.6,0.06505823105236708,-0.03326836356031526,0.0696,24.61,76.3,,,,,,
2026-07-30T20:38:20.614460+00:00,S033,mounted,true,loose_mount,mild,500,loose_mount-mild_horizontal_no_load_0500rpm,2156180,502,255,4333,5605,6,3,334751,9,124,74,22,2,1650,1495,1253,56,118,1666,16383,1654,1642,1635558,800,1999,2081,523539,11957,8,382595,1496,21526,216,2156082397,2156181502,0,2156181511,2156182026,3343850270,17871233,87,113,1046,0.0696,1645.6,0.07752050873964977,-0.05910250505979775,0.0696,24.52,76.1,,,,,,
2026-07-30T20:38:20.708953+00:00,S033,mounted,true,loose_mount,mild,500,loose_mount-mild_horizontal_no_load_0500rpm,2156280,495,261,4366,5682,3,3,334771,9,124,80,48,2,1650,1495,1227,56,118,1666,16383,1654,1645,1635794,800,1966,2075,523551,11957,8,382596,1496,21527,216,2156182457,2156281518,0,2156281527,2156282042,3344817476,17871233,79,113,1044,0.0696,1645.6,0.06752370285188558,-0.11408493744250281,0.0696,24.52,76.1,,,,,,
2026-07-30T20:38:20.803459+00:00,S033,mounted,true,loose_mount,mild,500,loose_mount-mild_horizontal_no_load_0500rpm,2156381,495,261,4366,5682,5,3,334791,9,124,80,48,2,1650,1494,1214,57,121,1668,16383,1652,1646,1635343,800,1858,2331,523519,11955,8,382594,1496,21528,216,2156282469,2156381548,0,2156381563,2156382078,3343083201,17865257,65,118,1036,0.0696,1645.6,0.4947038170639897,-0.2935095550815561,0.0696,24.45,76.0,,,,,,
2026-07-30T20:38:20.896302+00:00,S033,mounted,true,loose_mount,mild,500,loose_mount-mild_horizontal_no_load_0500rpm,2156481,490,256,4398,5703,4,3,334810,9,124,74,24,2,1650,1495,1229,53,119,1670,16383,1653,1643,1634851,800,1989,2082,523494,11957,8,382595,1496,21529,216,2156382505,2156481604,0,2156481614,2156482129,3340967773,17871233,111,90,1035,0.0696,1645.6,0.0791866430542778,-0.07576384820607229,0.0696,24.39,75.9,,,,,,
2026-07-30T20:38:21.036379+00:00,S033,mounted,true,loose_mount,mild,500,loose_mount-mild_horizontal_no_load_0500rpm,2156581,496,248,4357,5607,3,3,334831,9,124,71,10,5,1650,1495,1230,53,119,1661,16383,1654,1645,1635346,800,1931,2063,523505,11958,8,382598,1496,21530,216,2156482559,2156581634,0,2156581643,2156582158,3342993220,17874222,130,89,1044,0.0696,1645.6,0.04724264877069739,-0.1726686889111897,0.0696,24.67,76.4,,,,,,
2026-07-30T20:38:21.130386+00:00,S033,mounted,true,loose_mount,mild,500,loose_mount-mild_horizontal_no_load_0500rpm,2156681,502,260,4303,5597,5,3,334851,9,124,74,19,3,1650,1494,1232,56,118,1662,16383,1652,1645,1635250,800,1995,2062,523502,11955,8,382596,1496,21531,216,2156582585,2156681674,0,2156681684,2156682199,3342589096,17865255,119,87,1051,0.0696,1645.6,0.04643870690087848,-0.0652109673776664,0.0696,24.64,76.3,,,,,,
2026-07-30T20:38:21.223750+00:00,S033,mounted,true,loose_mount,mild,500,loose_mount-mild_horizontal_no_load_0500rpm,2156781,508,267,4170,5485,2,3,334872,9,124,73,23,8,1650,1495,1236,57,127,1662,16383,1653,1645,1651440,808,2015,2071,523503,11958,8,382599,1496,21532,216,2156682626,2156782357,0,2156782431,2156782946,3375349450,17874224,112,83,1046,0.0696,1645.6,0.06057060863020558,-0.032725110386352174,0.0696,24.64,76.3,,,,,,
2026-07-30T20:38:21.318355+00:00,S033,mounted,true,loose_mount,mild,500,loose_mount-mild_horizontal_no_load_0500rpm,2156881,533,258,4015,5227,5,3,334893,9,124,76,31,2,1650,1495,1261,57,127,1662,16383,1654,1642,1635588,800,1949,2069,523532,11957,8,382600,1496,21533,216,2156783373,2156882429,0,2156882503,2156883018,3343987128,17871233,118,88,1050,0.0696,1645.6,0.057526896964120944,-0.14240922079116825,0.0696,24.64,76.3,,,,,,
2026-07-30T20:38:21.410822+00:00,S033,mounted,true,loose_mount,mild,500,loose_mount-mild_horizontal_no_load_0500rpm,2156981,530,256,4062,5271,2,3,334914,9,124,74,23,2,1650,1495,1225,59,131,1664,16383,1653,1644,1635168,800,1895,2073,523523,11956,8,382600,1496,21534,216,2156883445,2156982495,0,2156982568,2156983084,3342275528,17868244,108,80,1044,0.0696,1645.6,0.06448031816661048,-0.23211639511542348,0.0696,24.58,76.2,,,,,,
2026-07-30T20:38:21.505282+00:00,S033,mounted,true,loose_mount,mild,500,loose_mount-mild_horizontal_no_load_0500rpm,2157082,530,256,4062,5271,5,3,334935,9,124,74,23,2,1650,1494,1245,59,131,1663,16383,1654,1642,1635709,800,1873,2151,523535,11953,8,382594,1496,21535,216,2156983510,2157082582,0,2157082656,2157083171,3344505335,17859279,93,105,1036,0.0696,1645.6,0.19534922638668073,-0.2679911152848664,0.0696,24.61,76.3,,,,,,
2026-07-30T20:38:21.643610+00:00,S033,mounted,true,loose_mount,mild,500,loose_mount-mild_horizontal_no_load_0500rpm,2157182,531,260,4068,5292,3,3,334957,9,124,74,22,2,1650,1494,1246,59,135,1668,16383,1653,1644,1635393,800,1865,2291,523536,11953,8,382588,1496,21536,216,2157083598,2157182656,0,2157182730,2157183245,3343264131,17859279,80,102,1027,0.0696,1645.6,0.42868608909897077,-0.2813246502969968,0.0696,24.45,76.0,,,,,,
2026-07-30T20:38:21.739493+00:00,S033,mounted,true,loose_mount,mild,500,loose_mount-mild_horizontal_no_load_0500rpm,2157282,530,257,4106,5319,4,3,334978,9,124,74,22,2,1650,1495,1225,60,130,1667,16383,1652,1643,1635032,800,1849,2066,523515,11957,8,382590,1496,21537,216,2157183672,2157282708,0,2157282787,2157283302,3341735692,17871233,88,101,1035,0.0696,1645.6,0.05252849402023907,-0.3090226522539101,0.0696,24.48,76.1,,,,,,
2026-07-30T20:38:21.833140+00:00,S033,mounted,true,loose_mount,mild,500,loose_mount-mild_horizontal_no_load_0500rpm,2157382,503,337,4118,5794,6,3,334997,9,124,100,93,4,1650,1495,1222,60,130,1667,16383,1654,1642,1651722,808,1981,2201,523499,11956,8,382590,1496,21538,216,2157283729,2157383376,0,2157383385,2157383900,3376536984,17868246,92,106,1036,0.0696,1645.6,0.2777633479424555,-0.08881685948477802,0.0696,24.48,76.1,,,,,,
2026-07-30T20:38:21.926689+00:00,S033,mounted,true,loose_mount,mild,500,loose_mount-mild_horizontal_no_load_0500rpm,2157482,491,256,4372,5675,3,3,335017,9,124,74,25,2,1650,1495,1246,62,137,1661,16383,1654,1645,1634948,800,1915,2163,523486,11956,8,382590,1496,21539,216,2157384329,2157483431,0,2157483440,2157483955,3341411206,17868244,73,94,1047,0.0696,1645.6,0.21444494847775175,-0.19879092171294754,0.0696,24.67,76.4,,,,,,
2026-07-30T20:38:22.019627+00:00,S033,mounted,true,loose_mount,mild,500,loose_mount-mild_horizontal_no_load_0500rpm,2157582,502,285,4195,5616,5,3,335037,9,124,73,23,5,1650,1494,1216,61,135,1664,16383,1655,1644,1635852,800,1993,2206,523522,11954,8,382587,1496,21540,216,2157484381,2157583457,0,2157583467,2157583982,3345076842,17862266,70,89,1042,0.0696,1645.6,0.28670970704366683,-0.06826596503262561,0.0696,24.58,76.2,,,,,,
2026-07-30T20:38:22.112853+00:00,S033,mounted,true,loose_mount,mild,500,loose_mount-mild_horizontal_no_load_0500rpm,2157683,517,255,4199,5433,2,3,335058,9,124,74,21,2,1650,1494,1216,61,135,1671,16383,1654,1645,1635462,800,1997,2070,523529,11955,8,382586,1496,21541,216,2157584408,2157683682,0,2157683692,2157684207,3343462636,17865257,74,89,1034,0.0696,1645.6,0.05977001129234605,-0.061878141279799515,0.0696,24.36,75.9,,,,,,
2026-07-30T20:38:22.207906+00:00,S033,mounted,true,loose_mount,mild,500,loose_mount-mild_horizontal_no_load_0500rpm,2157783,517,255,4199,5433,1,3,335078,9,124,74,21,2,1650,1495,1230,64,133,1674,16383,1652,1643,1651587,808,1991,2067,523520,11956,8,382586,1496,21542,216,2157684633,2157784214,0,2157784288,2157784802,3375956759,17868244,85,98,1027,0.0696,1645.6,0.05448267614586788,-0.07215412278354005,0.0696,24.27,75.7,,,,,,
2026-07-30T20:38:22.345329+00:00,S033,mounted,true,loose_mount,mild,500,loose_mount-mild_horizontal_no_load_0500rpm,2157883,510,325,4231,5826,4,3,335098,9,124,83,42,7,1650,1495,1243,64,133,1669,16383,1654,1642,1635288,800,2015,2171,523507,11959,8,382592,1496,21543,216,2157785228,2157884257,0,2157884331,2157884846,3342759282,17877211,82,98,1034,0.0696,1645.6,0.22686766727987262,-0.033005817794130365,0.0696,24.42,76.0,,,,,,
2026-07-30T20:38:22.438993+00:00,S033,mounted,true,loose_mount,mild,500,loose_mount-mild_horizontal_no_load_0500rpm,2157983,489,249,4480,5755,2,3,335118,9,124,74,25,5,1650,1495,1220,65,132,1665,16383,1653,1644,1635540,800,1945,2267,523504,11958,8,382596,1496,21544,216,2157885272,2157984363,0,2157984437,2157984952,3343829076,17874222,68,92,1027,0.0696,1645.6,0.38710562518815816,-0.1493447591570498,0.0696,24.55,76.2,,,,,,
2026-07-30T20:38:22.532668+00:00,S033,mounted,true,loose_mount,mild,500,loose_mount-mild_horizontal_no_load_0500rpm,2158083,490,250,4420,5698,1,3,335138,9,124,74,22,3,1650,1494,1200,64,137,1664,16383,1654,1645,1635946,800,1903,2071,523581,11955,8,382594,1496,21545,216,2157985378,2158084452,0,2158084526,2158085041,3345451480,17865255,94,96,1030,0.0696,1645.6,0.06143642434127994,-0.21852096787954833,0.0696,24.58,76.2,,,,,,
2026-07-30T20:38:22.624739+00:00,S033,mounted,true,loose_mount,mild,500,loose_mount-mild_horizontal_no_load_0500rpm,2158183,516,256,4241,5484,4,3,335158,9,124,75,31,5,1650,1495,1220,64,137,1662,16383,1652,1646,1635612,800,1988,2167,523542,11958,8,382597,1496,21546,216,2158085466,2158184513,0,2158184587,2158185102,3344087372,17874222,85,97,1025,0.0696,1645.6,0.22050612694430471,-0.0777069749121928,0.0696,24.64,76.3,,,,,,
2026-07-30T20:38:22.718544+00:00,S033,mounted,true,loose_mount,mild,500,loose_mount-mild_horizontal_no_load_0500rpm,2158284,517,263,4185,5460,3,3,335179,9,124,74,20,2,1650,1495,1230,62,137,1665,16383,1654,1642,1635223,800,2009,2067,523531,11959,8,382602,1496,21547,216,2158185532,2158284576,0,2158284650,2158285165,3342481357,17877211,78,93,1028,0.0696,1645.6,0.05361867723053715,-0.04300095183543773,0.0696,24.55,76.2,,,,,,
2026-07-30T20:38:22.809699+00:00,S033,mounted,true,loose_mount,mild,500,loose_mount-mild_horizontal_no_load_0500rpm,2158384,517,263,4185,5460,5,3,335199,9,124,74,20,2,1650,1494,1221,59,138,1667,16383,1653,1643,1635226,800,1938,2063,523527,11955,8,382600,1496,21548,216,2158285591,2158384653,0,2158384726,2158385242,3342499468,17865255,103,103,1036,0.0696,1645.6,0.04810511994981148,-0.16019651116687594,0.0696,24.48,76.1,,,,,,
2026-07-30T20:38:22.950379+00:00,S033,mounted,true,loose_mount,mild,500,loose_mount-mild_horizontal_no_load_0500rpm,2158484,505,264,4256,5566,6,3,335219,9,124,75,25,1,1650,1495,1224,59,138,1669,16383,1654,1644,1635522,800,1955,2075,523524,11957,8,382601,1496,21549,216,2158385673,2158484736,0,2158484810,2158485325,3343717344,17871233,125,96,1043,0.0696,1645.6,0.06752370285188558,-0.13241241490340405,0.0696,24.42,76.0,,,,,,
2026-07-30T20:38:23.045886+00:00,S033,mounted,true,loose_mount,mild,500,loose_mount-mild_horizontal_no_load_0500rpm,2158584,503,252,4325,5581,1,3,335240,9,124,74,22,2,1650,1494,1212,61,136,1665,16383,1654,1642,1651343,808,1941,2146,523496,11952,8,382593,1496,21550,216,2158485752,2158585383,0,2158585392,2158585907,3374975479,17856292,116,95,1040,0.0696,1645.6,0.18731502409638567,-0.15438539759036196,0.0696,24.55,76.2,,,,,,
2026-07-30T20:38:23.138453+00:00,S033,mounted,true,loose_mount,mild,500,loose_mount-mild_horizontal_no_load_0500rpm,2158684,503,251,4335,5582,4,3,335260,9,124,75,26,2,1650,1494,1191,61,136,1665,16383,1652,1644,1635442,800,2002,2061,523514,11955,8,382591,1496,21551,216,2158586334,2158685428,0,2158685438,2158685953,3343374920,17865257,96,86,1040,0.0696,1645.6,0.04477229385194459,-0.05354607603513184,0.0696,24.55,76.2,,,,,,
2026-07-30T20:38:23.233004+00:00,S033,mounted,true,loose_mount,mild,500,loose_mount-mild_horizontal_no_load_0500rpm,2158784,503,238,4363,5545,2,3,335280,9,124,73,24,2,1650,1494,1225,61,128,1671,16383,1652,1644,1635400,800,1999,2063,523524,11951,8,382582,1496,21552,216,2158686379,2158785445,0,2158785455,2158785970,3343203576,17853303,72,85,1050,0.0696,1645.6,0.04925575508325597,-0.05743037595180356,0.0696,24.36,75.9,,,,,,
2026-07-30T20:38:23.327625+00:00,S033,mounted,true,loose_mount,mild,500,loose_mount-mild_horizontal_no_load_0500rpm,2158884,503,259,4311,5598,1,3,335300,9,124,74,20,1,1650,1495,1214,63,122,1667,16383,1654,1646,1635899,800,2023,2215,523577,11959,8,382588,1496,21553,216,2158786396,2158885489,0,2158885499,2158886014,3345271735,17877213,65,99,1046,0.0696,1645.6,0.30016531691613,-0.019678972405719808,0.0696,24.48,76.1,,,,,,
2026-07-30T20:38:23.422163+00:00,S033,mounted,true,loose_mount,mild,500,loose_mount-mild_horizontal_no_load_0500rpm,2158985,503,259,4311,5598,4,3,335320,9,124,74,20,1,1650,1495,1212,63,122,1664,16383,1654,1646,1635175,800,2011,2077,523540,11959,8,382594,1496,21554,216,2158886440,2158985559,0,2158985568,2158986083,3342284065,17877211,86,108,1043,0.0696,1645.6,0.07027723396605046,-0.03966924048833542,0.0696,24.58,76.2,,,,,,
2026-07-30T20:38:23.516111+00:00,S033,mounted,true,loose_mount,mild,500,loose_mount-mild_horizontal_no_load_0500rpm,2159085,503,239,4339,5527,3,3,335341,9,124,74,27,3,1650,1495,1204,62,126,1661,16383,1654,1643,1635459,800,1909,2281,523530,11958,8,382597,1496,21555,216,2158986510,2159085613,0,2159085628,2159086143,3343515253,17874222,108,90,1042,0.0696,1645.6,0.41042955494229805,-0.20932057852483732,0.0696,24.67,76.4,,,,,,
2026-07-30T20:38:23.609374+00:00,S033,mounted,true,loose_mount,mild,500,loose_mount-mild_horizontal_no_load_0500rpm,2159185,507,248,4234,5456,5,3,335361,9,124,73,22,4,1650,1495,1227,61,123,1671,16383,1654,1642,1635286,800,1947,2070,523506,11959,8,382602,1496,21556,216,2159086570,2159185658,0,2159185667,2159186182,3342753154,17877211,82,104,1033,0.0696,1645.6,0.058616244251191496,-0.14628400359561855,0.0696,24.36,75.9,,,,,,
2026-07-30T20:38:23.750966+00:00,S033,mounted,true,loose_mount,mild,500,loose_mount-mild_horizontal_no_load_0500rpm,2159285,518,253,4169,5390,2,3,335382,9,124,74,21,2,1650,1494,1233,61,123,1672,16383,1653,1644,1635126,800,1857,2075,523501,11955,8,382600,1496,21557,216,2159186609,2159285679,0,2159285688,2159286203,3342136794,17865257,86,117,1036,0.0696,1645.6,0.06810207653701328,-0.2951759681304895,0.0696,24.33,75.8,,,,,,
2026-07-30T20:38:23.844938+00:00,S033,mounted,true,loose_mount,mild,500,loose_mount-mild_horizontal_no_load_0500rpm,2159385,516,251,4195,5412,1,3,335402,9,124,73,15,3,1650,1495,1199,61,122,1665,16383,1653,1644,1635547,800,2011,2071,523495,11958,8,382603,1496,21558,216,2159286630,2159385711,0,2159385720,2159386234,3343801705,17874222,98,120,1026,0.0696,1645.6,0.06057060863020558,-0.039389090316106934,0.0696,24.55,76.2,,,,,,
2026-07-30T20:38:23.939523+00:00,S033,mounted,true,loose_mount,mild,500,loose_mount-mild_horizontal_no_load_0500rpm,2159485,504,273,4216,5571,6,3,335423,9,124,75,22,2,1650,1495,1206,61,122,1668,16383,1653,1644,1651728,808,1981,2140,523525,11957,8,382604,1496,21559,216,2159386662,2159486370,0,2159486444,2159486959,3376542874,17871233,97,101,1024,0.0696,1645.6,0.17582243330266767,-0.08909292272309122,0.0696,24.45,76.0,,,,,,
2026-07-30T20:38:24.033267+00:00,S033,mounted,true,loose_mount,mild,500,loose_mount-mild_horizontal_no_load_0500rpm,2159585,502,253,4335,5593,3,3,335443,9,124,74,22,2,1650,1494,1212,62,127,1677,16383,1653,1637,1634833,800,1815,2067,523515,11955,8,382602,1496,21560,216,2159487386,2159586429,0,2159586503,2159587018,3340958109,17865263,79,92,1030,0.0696,1645.6,0.05477077214554571,-0.3651653161856965,0.0696,24.18,75.5,,,,,,
2026-07-30T20:38:24.128744+00:00,S033,mounted,true,loose_mount,mild,500,loose_mount-mild_horizontal_no_load_0500rpm,2159685,502,253,4335,5593,4,3,335464,9,124,74,22,2,1650,1495,1232,61,125,1670,16383,1653,1642,1635228,800,2001,2075,523517,11957,8,382603,1496,21561,216,2159587444,2159686487,0,2159686561,2159687076,3342503370,17871233,67,92,1045,0.0696,1645.6,0.06752370285188558,-0.05577023643054302,0.0696,24.39,75.9,,,,,,
2026-07-30T20:38:24.221279+00:00,S033,mounted,true,loose_mount,mild,500,loose_mount-mild_horizontal_no_load_0500rpm,2159786,525,274,4216,5522,3,3,335485,9,124,75,31,7,1650,1494,1233,61,125,1663,16383,1653,1644,1635759,800,1999,2143,523518,11954,8,382599,1496,21562,216,2159687502,2159786565,0,2159786639,2159787154,3344683021,17862268,77,84,1057,0.0696,1645.6,0.1817169026267358,-0.05826665032625078,0.0696,24.61,76.3,,,,,,
2026-07-30T20:38:24.315178+00:00,S033,mounted,true,loose_mount,mild,500,loose_mount-mild_horizontal_no_load_0500rpm,2159886,530,239,4148,5278,4,3,335506,9,124,74,24,2,1650,1495,1202,60,122,1660,16383,1654,1646,1635796,800,2020,2279,523515,11958,8,382602,1496,21563,216,2159787580,2159886638,0,2159886712,2159887227,3344875960,17874222,82,102,1048,0.0696,1645.6,0.40709756497742067,-0.024395135474159613,0.0696,24.7,76.5,,,,,,
2026-07-30T20:38:24.455591+00:00,S033,mounted,true,loose_mount,mild,500,loose_mount-mild_horizontal_no_load_0500rpm,2159986,523,270,4129,5421,3,3,335527,9,124,82,52,2,1650,1494,1232,62,125,1661,16383,1654,1642,1636026,800,1979,2276,523506,11954,8,382598,1496,21564,216,2159887658,2159986716,0,2159986790,2159987305,3345896912,17862266,87,115,1037,0.0696,1645.6,0.40336837861803554,-0.09159769934749873,0.0696,24.67,76.4,,,,,,
2026-07-30T20:38:24.550300+00:00,S033,mounted,true,loose_mount,mild,500,loose_mount-mild_horizontal_no_load_0500rpm,2160086,518,248,4211,5412,4,3,335548,9,124,75,27,3,1650,1494,1216,62,125,1662,16383,1653,1642,1651465,808,1990,2137,523508,11955,8,382596,1496,21565,216,2159987732,2160087386,0,2160087396,2160087911,3375470075,17865257,96,113,1036,0.0696,1645.6,0.17141968557089093,-0.07354303262233408,0.0696,24.64,76.3,,,,,,
2026-07-30T20:38:24.644107+00:00,S033,mounted,true,loose_mount,mild,500,loose_mount-mild_horizontal_no_load_0500rpm,2160187,513,289,4215,5624,2,3,335568,9,124,78,32,3,1650,1494,1245,62,120,1674,16383,1652,1645,1635785,800,1935,2075,523564,11952,8,382588,1496,21566,216,2160088338,2160187529,0,2160187538,2160188053,3344789931,17856292,64,127,1032,0.0696,1645.6,0.06896999999999975,-0.16438638554216922,0.0696,24.27,75.7,,,,,,
2026-07-30T20:38:24.737638+00:00,S033,mounted,true,loose_mount,mild,500,loose_mount-mild_horizontal_no_load_0500rpm,2160287,501,248,4383,5622,1,3,335588,9,124,74,20,3,1650,1494,1233,62,120,1675,16383,1654,1645,1635709,800,2011,2079,523547,11955,8,382587,1496,21567,216,2160188480,2160287551,0,2160287560,2160288075,3344467855,17865259,88,121,1047,0.0696,1645.6,0.07476772873274751,-0.03854835859473038,0.0696,24.24,75.6,,,,,,
2026-07-30T20:38:24.831989+00:00,S033,mounted,true,loose_mount,mild,500,loose_mount-mild_horizontal_no_load_0500rpm,2160387,501,248,4383,5622,4,3,335608,9,124,74,20,3,1650,1495,1222,60,116,1668,16383,1654,1644,1635421,800,1839,2255,523525,11957,8,382589,1496,21568,216,2160288502,2160387602,0,2160387612,2160388127,3343421429,17871233,112,111,1042,0.0696,1645.6,0.36742787948482025,-0.3256839954001842,0.0696,24.45,76.0,,,,,,
2026-07-30T20:38:24.925298+00:00,S033,mounted,true,loose_mount,mild,500,loose_mount-mild_horizontal_no_load_0500rpm,2160487,503,247,4344,5575,3,3,335629,9,124,74,27,3,1650,1494,1246,57,115,1660,16383,1654,1646,1635314,800,2011,2069,523498,11954,8,382586,1496,21569,216,2160388556,2160487647,0,2160487656,2160488171,3342852332,17862268,111,110,1046,0.0696,1645.6,0.05839202124811749,-0.03826802091350201,0.0696,24.7,76.5,,,,,,
2026-07-30T20:38:25.019485+00:00,S033,mounted,true,loose_mount,mild,500,loose_mount-mild_horizontal_no_load_0500rpm,2160587,517,236,4248,5390,4,3,335650,9,124,75,33,3,1650,1495,1214,57,115,1663,16383,1654,1646,1636007,800,2021,2068,523540,11956,8,382586,1496,21570,216,2160488600,2160587702,0,2160587712,2160588227,3345682267,17868244,99,108,1031,0.0696,1645.6,0.0561489498159915,-0.022165912679826594,0.0696,24.61,76.3,,,,,,
2026-07-30T20:38:25.158362+00:00,S033,mounted,true,loose_mount,mild,500,loose_mount-mild_horizontal_no_load_0500rpm,2160687,517,260,4202,5460,2,3,335670,9,124,74,23,3,1650,1494,1217,59,128,1670,16383,1654,1645,1635219,800,1805,2073,523512,11954,8,382583,1496,21571,216,2160588654,2160687724,0,2160687734,2160688249,3342519433,17862268,99,86,1045,0.0696,1645.6,0.06505823105236708,-0.38157782583235766,0.0696,24.39,75.9,,,,,,
2026-07-30T20:38:25.252712+00:00,S033,mounted,true,loose_mount,mild,500,loose_mount-mild_horizontal_no_load_0500rpm,2160787,505,267,4232,5554,5,3,335691,9,124,76,35,3,1650,1494,1249,61,126,1667,16383,1653,1642,1651903,808,1995,2088,523518,11954,8,382580,1496,21572,216,2160688678,2160788350,0,2160788429,2160788944,3377255145,17862270,103,101,1033,0.0696,1645.6,0.09005651781830304,-0.06493286013050081,0.0696,24.48,76.1,,,,,,
2026-07-30T20:38:25.345228+00:00,S033,mounted,true,loose_mount,mild,500,loose_mount-mild_horizontal_no_load_0500rpm,2160887,503,255,4322,5592,6,3,335711,9,124,74,22,1,1650,1494,1219,61,126,1667,16383,1653,1646,1635541,800,2023,2111,523522,11951,8,382571,1496,21573,216,2160789372,2160888438,0,2160888517,2160889032,3343781639,17853305,109,107,1031,0.0696,1645.6,0.1292703533595514,-0.017423076813655847,0.0696,24.48,76.1,,,,,,
2026-07-30T20:38:25.438365+00:00,S033,mounted,true,loose_mount,mild,500,loose_mount-mild_horizontal_no_load_0500rpm,2160987,512,244,4308,5502,3,3,335731,9,124,72,13,5,1650,1495,1245,62,139,1666,16383,1654,1638,1635495,800,1885,2191,523523,11956,8,382572,1496,21574,216,2160889460,2160988493,0,2160988567,2160989082,3343660857,17868246,77,117,1020,0.0696,1645.6,0.26110061124121753,-0.248779131816661,0.0696,24.52,76.1,,,,,,
2026-07-30T20:38:25.532363+00:00,S033,mounted,true,loose_mount,mild,500,loose_mount-mild_horizontal_no_load_0500rpm,2161088,512,244,4308,5502,4,3,335752,9,124,72,13,5,1650,1495,1212,62,139,1666,16383,1653,1642,1635118,800,1979,2068,523520,11959,8,382579,1496,21575,216,2160989509,2161088567,0,2161088641,2161089156,3342055032,17877211,83,99,1022,0.0696,1645.6,0.055284532904088746,-0.09297662204197676,0.0696,24.52,76.1,,,,,,
2026-07-30T20:38:25.624466+00:00,S033,mounted,true,loose_mount,mild,500,loose_mount-mild_horizontal_no_load_0500rpm,2161188,516,245,4242,5430,3,3,335773,9,124,74,25,3,1650,1495,1231,63,142,1667,16383,1654,1645,1635730,800,1881,2117,523540,11959,8,382585,1496,21576,216,2161089582,2161188648,0,2161188727,2161189242,3344582568,17877211,87,92,1026,0.0696,1645.6,0.13691146090810236,-0.2562304780500049,0.0696,24.48,76.1,,,,,,
2026-07-30T20:38:25.719581+00:00,S033,mounted,true,loose_mount,mild,500,loose_mount-mild_horizontal_no_load_0500rpm,2161288,511,285,4253,5648,5,3,335793,9,124,80,44,3,1650,1494,1225,63,142,1665,16383,1652,1643,1635041,800,1905,2063,523496,11954,8,382582,1496,21577,216,2161189668,2161288718,0,2161288792,2161289307,3341759341,17862268,98,85,1035,0.0696,1645.6,0.0483927065417431,-0.21492258072611703,0.0696,24.55,76.2,,,,,,
2026-07-30T20:38:25.860064+00:00,S033,mounted,true,loose_mount,mild,500,loose_mount-mild_horizontal_no_load_0500rpm,2161388,502,242,4390,5596,6,3,335813,9,124,74,24,3,1650,1495,1253,63,142,1663,16383,1653,1644,1651777,808,1934,2087,523518,11958,8,382586,1496,21578,216,2161289733,2161389387,0,2161389397,2161389912,3376747875,17874222,92,76,1038,0.0696,1645.6,0.08722652834922195,-0.16767070396387362,0.0696,24.61,76.3,,,,,,
2026-07-30T20:38:25.956266+00:00,S033,mounted,true,loose_mount,mild,500,loose_mount-mild_horizontal_no_load_0500rpm,2161488,503,240,4331,5526,3,3,335833,9,124,74,26,2,1650,1494,1243,62,128,1662,16383,1655,1645,1635212,800,2009,2125,523524,11955,8,382585,1496,21579,216,2161390338,2161489413,0,2161489422,2161489937,3342441332,17865255,68,85,1046,0.0696,1645.6,0.1514227289836887,-0.04188118469259772,0.0696,24.64,76.3,,,,,,
2026-07-30T20:38:26.046867+00:00,S033,mounted,true,loose_mount,mild,500,loose_mount-mild_horizontal_no_load_0500rpm,2161588,503,262,4284,5589,5,3,335853,9,124,74,18,2,1650,1494,1212,60,125,1662,16383,1652,1642,1635228,800,1837,2317,523525,11953,8,382580,1496,21580,216,2161490363,2161589459,0,2161589469,2161589984,3342614260,17859283,83,93,1052,0.0696,1645.6,0.47202007788839584,-0.32799202283945483,0.0696,24.64,76.3,,,,,,
2026-07-30T20:38:26.140075+00:00,S033,mounted,true,loose_mount,mild,500,loose_mount-mild_horizontal_no_load_0500rpm,2161688,503,262,4284,5589,6,3,335873,9,124,74,18,2,1650,1495,1236,60,125,1663,16383,1654,1643,1635667,800,2015,2197,523546,11957,8,382582,1496,21581,216,2161590410,2161689517,0,2161689527,2161690042,3344322403,17871233,92,113,1039,0.0696,1645.6,0.2707920892364304,-0.032444356025759014,0.0696,24.61,76.3,,,,,,
2026-07-30T20:38:26.231363+00:00,S033,mounted,true,loose_mount,mild,500,loose_mount-mild_horizontal_no_load_0500rpm,2161789,503,243,4346,5558,1,3,335894,9,124,74,26,3,1650,1495,1211,61,125,1660,16383,1655,1642,1635478,800,1987,2075,523509,11956,8,382582,1496,21582,216,2161690469,2161789689,0,2161789699,2161790214,3343529244,17868244,112,104,1036,0.0696,1645.6,0.06781286550685817,-0.07881921746403542,0.0696,24.7,76.5,,,,,,
2026-07-30T20:38:26.324989+00:00,S033,mounted,true,loose_mount,mild,500,loose_mount-mild_horizontal_no_load_0500rpm,2161889,515,244,4294,5480,6,3,335915,9,124,74,26,3,1650,1495,1237,61,125,1660,16383,1653,1642,1635079,800,2003,2073,523506,11956,8,382582,1496,21583,216,2161790642,2161889746,0,2161889755,2161890270,3341895263,17868246,113,79,1047,0.0696,1645.6,0.06448031816661048,-0.0521588387420544,0.0696,24.7,76.5,,,,,,
2026-07-30T20:38:26.466059+00:00,S033,mounted,true,loose_mount,mild,500,loose_mount-mild_horizontal_no_load_0500rpm,2161990,517,256,4208,5446,1,3,335936,9,124,74,22,3,1650,1495,1206,60,125,1660,16383,1654,1643,1652041,808,1850,2067,523539,11956,8,382582,1496,21584,216,2161890697,2161990534,0,2161990608,2161991123,3377855415,17868246,82,95,1035,0.0696,1645.6,0.05448267614586788,-0.3070987102709939,0.0696,24.7,76.5,,,,,,
2026-07-30T20:38:26.559428+00:00,S033,mounted,true,loose_mount,mild,500,loose_mount-mild_horizontal_no_load_0500rpm,2162090,536,266,4097,5336,2,3,335958,9,124,74,22,4,1650,1495,1222,59,121,1663,16383,1652,1646,1635546,800,2013,2172,523525,11957,8,382584,1496,21585,216,2161991549,2162090608,0,2162090681,2162091196,3343816042,17871233,85,77,1043,0.0696,1645.6,0.2291387313707447,-0.03577662465501419,0.0696,24.61,76.3,,,,,,
2026-07-30T20:38:26.653860+00:00,S033,mounted,true,loose_mount,mild,500,loose_mount-mild_horizontal_no_load_0500rpm,2162190,544,231,4040,5103,4,3,335980,9,124,73,23,3,1650,1495,1217,59,121,1662,16383,1652,1644,1635655,800,2023,2069,523527,11958,8,382588,1496,21586,216,2162091622,2162190674,0,2162190753,2162191268,3344242611,17874222,84,100,1033,0.0696,1645.6,0.0572386186653282,-0.01939715052684443,0.0696,24.64,76.3,,,,,,
2026-07-30T20:38:26.747594+00:00,S033,mounted,true,loose_mount,mild,500,loose_mount-mild_horizontal_no_load_0500rpm,2162290,531,346,3967,5599,2,3,336000,9,124,88,53,6,1650,1494,1200,61,123,1673,16383,1655,1644,1651861,808,2020,2079,523535,11955,8,382587,1496,21587,216,2162191695,2162291328,0,2162291337,2162291852,3377072367,17865255,89,95,1049,0.0696,1645.6,0.07476772873274751,-0.023550641154329366,0.0696,24.3,75.7,,,,,,
2026-07-30T20:38:26.839470+00:00,S033,mounted,true,loose_mount,mild,500,loose_mount-mild_horizontal_no_load_0500rpm,2162390,516,241,4276,5444,5,3,336021,9,124,73,23,5,1650,1495,1201,58,122,1670,16383,1654,1644,1635535,800,2021,2075,523540,11957,8,382589,1496,21588,216,2162292278,2162391439,0,2162391449,2162391964,3343755419,17871233,83,79,1049,0.0696,1645.6,0.06752370285188558,-0.02244755013799482,0.0696,24.39,75.9,,,,,,
2026-07-30T20:38:26.933475+00:00,S033,mounted,true,loose_mount,mild,500,loose_mount-mild_horizontal_no_load_0500rpm,2162491,517,250,4192,5402,2,3,336042,9,124,73,17,3,1650,1495,1187,58,122,1669,16383,1653,1644,1635369,800,1993,2147,523515,11958,8,382593,1496,21589,216,2162392390,2162491650,0,2162491660,2162492175,3343093727,17874222,86,86,1045,0.0696,1645.6,0.18718622729553402,-0.06937700000000024,0.0696,24.42,76.0,,,,,,
2026-07-30T20:38:27.027053+00:00,S033,mounted,true,loose_mount,mild,500,loose_mount-mild_horizontal_no_load_0500rpm,2162591,517,250,4192,5402,1,3,336062,9,124,73,17,3,1650,1495,1208,58,125,1669,16383,1654,1642,1635145,800,1949,2202,523524,11957,8,382594,1496,21590,216,2162492601,2162591655,0,2162591665,2162592179,3342197001,17871235,108,94,1045,0.0696,1645.6,0.279122760809567,-0.14240922079116825,0.0696,24.42,76.0,,,,,,
2026-07-30T20:38:27.183518+00:00,S033,mounted,true,loose_mount,mild,500,loose_mount-mild_horizontal_no_load_0500rpm,2162691,517,249,4203,5411,6,3,336083,9,124,74,22,1,1650,1494,1212,58,125,1663,16383,1653,1644,1634918,800,1847,2245,523509,11952,8,382586,1496,21591,216,2162592606,2162691723,0,2162691733,2162692248,3341318788,17856292,90,99,1050,0.0696,1645.6,0.3523313253012046,-0.3110675421686748,0.0696,24.61,76.3,,,,,,
2026-07-30T20:38:27.261955+00:00,S033,mounted,true,loose_mount,mild,500,loose_mount-mild_horizontal_no_load_0500rpm,2162791,516,258,4212,5460,1,3,336104,9,124,74,24,2,1650,1495,1190,61,129,1663,16383,1654,1643,1651988,808,1999,2077,523519,11956,8,382586,1496,21592,216,2162692673,2162792340,0,2162792414,2162792929,3377594306,17868244,97,105,1051,0.0696,1645.6,0.07114541284710585,-0.05882393342254977,0.0696,24.61,76.3,,,,,,
2026-07-30T20:38:27.356056+00:00,S033,mounted,true,loose_mount,mild,500,loose_mount-mild_horizontal_no_load_0500rpm,2162891,505,264,4230,5540,4,3,336124,9,124,75,29,3,1650,1495,1188,61,131,1663,16383,1653,1642,1635256,800,2009,2217,523500,11958,8,382590,1496,21593,216,2162793356,2162892429,0,2162892503,2162893018,3342647016,17874228,77,98,1050,0.0696,1645.6,0.30380587606623166,-0.042721080280983426,0.0696,24.61,76.3,,,,,,
2026-07-30T20:38:27.449358+00:00,S033,mounted,true,loose_mount,mild,500,loose_mount-mild_horizontal_no_load_0500rpm,2162991,503,259,4299,5585,2,3,336144,9,124,74,23,2,1650,1494,1192,61,131,1655,16383,1652,1643,1635649,800,2015,2209,523531,11951,8,382581,1496,21594,216,2162893444,2162992500,0,2162992574,2162993089,3344247125,17853313,53,113,1046,0.0696,1645.6,0.2926334915069866,-0.030758843193038565,0.0696,24.85,76.7,,,,,,
2026-07-30T20:38:27.543005+00:00,S033,mounted,true,loose_mount,mild,500,loose_mount-mild_horizontal_no_load_0500rpm,2163092,493,271,4337,5712,1,3,336164,9,124,78,39,3,1650,1494,1212,56,117,1657,16383,1653,1643,1635361,800,2021,2063,523517,11954,8,382578,1496,21595,216,2162993516,2163092564,0,2163092643,2163093158,3343040743,17862268,58,92,1039,0.0696,1645.6,0.0483927065417431,-0.021602496402878035,0.0696,24.79,76.6,,,,,,
2026-07-30T20:38:27.653152+00:00,S033,mounted,true,loose_mount,mild,500,loose_mount-mild_horizontal_no_load_0500rpm,2163192,493,271,4337,5712,5,3,336183,9,124,78,39,3,1650,1495,1206,62,124,1659,16383,1653,1645,1635232,800,2010,2077,523528,11956,8,382578,1496,21596,216,2163093584,2163192631,0,2163192705,2163193220,3342517704,17868244,77,90,1042,0.0696,1645.6,0.07114541284710585,-0.04049492305118818,0.0696,24.73,76.5,,,,,,
2026-07-30T20:38:27.745906+00:00,S033,mounted,true,loose_mount,mild,500,loose_mount-mild_horizontal_no_load_0500rpm,2163292,491,249,4417,5685,2,3,336204,9,124,75,25,2,1650,1495,1217,62,124,1661,16383,1655,1642,1635559,800,2021,2205,523532,11956,8,382578,1496,21597,216,2163193649,2163292699,0,2163292782,2163293297,3343882257,17868244,90,103,1040,0.0696,1645.6,0.28442844262295086,-0.022165912679826594,0.0696,24.67,76.4,,,,,,
2026-07-30T20:38:27.885527+00:00,S033,mounted,true,loose_mount,mild,500,loose_mount-mild_horizontal_no_load_0500rpm,2163392,514,313,4079,5603,5,3,336225,9,124,76,43,7,1650,1495,1217,60,118,1661,16383,1654,1644,1651742,808,1971,2231,523510,11956,8,382578,1496,21598,216,2163293724,2163393462,0,2163393471,2163393986,3376628384,17868244,88,97,1051,0.0696,1645.6,0.3277515580461694,-0.10547959618601599,0.0696,24.67,76.4,,,,,,
2026-07-30T20:38:27.931728+00:00,S033,mounted,true,loose_mount,mild,500,loose_mount-mild_horizontal_no_load_0500rpm,2163492,529,253,4113,5311,2,3,336246,9,124,73,13,1,1650,1494,1212,60,118,1661,16383,1653,1645,1635457,800,2021,2069,523514,11954,8,382575,1496,21599,216,2163394412,2163493527,0,2163493536,2163494051,3343436039,17862270,92,110,1040,0.0696,1645.6,0.05839202124811749,-0.021602496402878035,0.0696,24.67,76.4,,,,,,
2026-07-30T20:38:28.071594+00:00,S033,mounted,true,loose_mount,mild,500,loose_mount-mild_horizontal_no_load_0500rpm,2163593,534,249,4047,5215,4,3,336268,9,124,72,14,4,1650,1495,1227,61,123,1670,16383,1653,1644,1635699,800,2005,2071,523540,11957,8,382578,1496,21600,216,2163494482,2163593556,0,2163593565,2163594080,3344428735,17871235,113,100,1040,0.0696,1645.6,0.06085916559337612,-0.04910569917203311,0.0696,24.39,75.9,,,,,,
2026-07-30T20:38:28.165864+00:00,S033,mounted,true,loose_mount,mild,500,loose_mount-mild_horizontal_no_load_0500rpm,2163693,543,258,3972,5158,1,3,336290,9,124,74,23,3,1650,1494,1231,61,133,1666,16383,1653,1644,1635480,800,1963,2067,523573,11954,8,382575,1496,21601,216,2163594508,2163693613,0,2163693622,2163694138,3343539194,17862270,95,113,1025,0.0696,1645.6,0.05505891634599269,-0.11826253856449753,0.0696,24.52,76.1,,,,,,
2026-07-30T20:38:28.260507+00:00,S033,mounted,true,loose_mount,mild,500,loose_mount-mild_horizontal_no_load_0500rpm,2163793,544,250,4023,5172,6,3,336311,9,124,74,23,2,1650,1495,1215,61,133,1659,16383,1654,1646,1635514,800,1955,2067,523541,11957,8,382578,1496,21602,216,2163694564,2163793644,0,2163793653,2163794167,3343677496,17871233,90,91,1036,0.0696,1645.6,0.05419462833486621,-0.13241241490340405,0.0696,24.73,76.5,,,,,,
2026-07-30T20:38:28.355841+00:00,S033,mounted,true,loose_mount,mild,500,loose_mount-mild_horizontal_no_load_0500rpm,2163893,522,287,4009,5388,1,3,336332,9,124,80,45,4,1650,1494,1225,60,125,1662,16383,1653,1647,1651891,808,2018,2233,523522,11952,8,382571,1496,21603,216,2163794593,2163894342,0,2163894415,2163894930,3377228183,17856292,98,81,1046,0.0696,1645.6,0.33232934939759007,-0.026039385542169224,0.0696,24.64,76.3,,,,,,
2026-07-30T20:38:28.450124+00:00,S033,mounted,true,loose_mount,mild,500,loose_mount-mild_horizontal_no_load_0500rpm,2163993,522,287,4009,5388,6,3,336353,9,124,80,45,4,1650,1494,1245,57,118,1664,16383,1654,1642,1635682,800,1987,2259,523527,11955,8,382571,1496,21604,216,2163895356,2163994438,0,2163994512,2163995027,3344443072,17865257,106,69,1048,0.0696,1645.6,0.374722077540778,-0.07854227176913486,0.0696,24.58,76.2,,,,,,
2026-07-30T20:38:28.544510+00:00,S033,mounted,true,loose_mount,mild,500,loose_mount-mild_horizontal_no_load_0500rpm,2164093,516,256,4198,5440,3,3,336373,9,124,74,23,2,1650,1494,1238,57,118,1664,16383,1653,1642,1635232,800,1973,2197,523514,11955,8,382571,1496,21605,216,2163995454,2164094512,0,2164094586,2164095101,3342553878,17865257,107,86,1044,0.0696,1645.6,0.27140446850690036,-0.10187205445420311,0.0696,24.58,76.2,,,,,,
2026-07-30T20:38:28.635878+00:00,S033,mounted,true,loose_mount,mild,500,loose_mount-mild_horizontal_no_load_0500rpm,2164194,507,268,4231,5553,4,3,336394,9,124,80,49,2,1650,1495,1241,56,112,1661,16383,1654,1646,1635596,800,1905,2066,523524,11956,8,382572,1496,21606,216,2164095528,2164194596,0,2164194675,2164195190,3344033466,17868246,116,94,1035,0.0696,1645.6,0.05281640247574426,-0.2154536584141855,0.0696,24.67,76.4,,,,,,
2026-07-30T20:38:28.745294+00:00,S033,mounted,true,loose_mount,mild,500,loose_mount-mild_horizontal_no_load_0500rpm,2164294,504,243,4322,5529,2,3,336414,9,124,74,27,3,1650,1494,1218,56,112,1657,16383,1653,1646,1636134,800,1997,2067,523563,11955,8,382572,1496,21607,216,2164195617,2164294676,0,2164294750,2164295265,3346200734,17865257,111,91,1028,0.0696,1645.6,0.05477077214554571,-0.061878141279799515,0.0696,24.79,76.6,,,,,,
2026-07-30T20:38:28.838390+00:00,S033,mounted,true,loose_mount,mild,500,loose_mount-mild_horizontal_no_load_0500rpm,2164394,516,287,4068,5460,5,3,336435,9,124,73,26,6,1650,1494,1258,55,115,1656,16383,1654,1646,1652078,808,2005,2073,523569,11952,8,382566,1496,21608,216,2164295692,2164395348,0,2164395358,2164395873,3377959574,17856296,86,116,1024,0.0696,1645.6,0.06563633734939733,-0.04770819277108451,0.0696,24.82,76.7,,,,,,
2026-07-30T20:38:28.978277+00:00,S033,mounted,true,loose_mount,mild,500,loose_mount-mild_horizontal_no_load_0500rpm,2164494,531,249,4071,5245,2,3,336456,9,124,73,18,2,1650,1495,1221,58,128,1657,16383,1653,1646,1635853,800,2022,2213,523546,11956,8,382567,1496,21609,216,2164396300,2164495380,0,2164495389,2164495904,3345109081,17868246,80,112,1026,0.0696,1645.6,0.29775863198394115,-0.02049963900970253,0.0696,24.79,76.6,,,,,,
2026-07-30T20:38:29.072074+00:00,S033,mounted,true,loose_mount,mild,500,loose_mount-mild_horizontal_no_load_0500rpm,2164594,531,246,4081,5239,4,3,336478,9,124,73,22,2,1650,1494,1219,58,128,1662,16383,1655,1644,1635732,800,2020,2068,523565,11955,8,382567,1496,21610,216,2164496335,2164595407,0,2164595421,2164595936,3344560974,17865255,79,109,1030,0.0696,1645.6,0.056437185194479156,-0.023550641154329366,0.0696,24.64,76.3,,,,,,
2026-07-30T20:38:29.167432+00:00,S033,mounted,true,loose_mount,mild,500,loose_mount-mild_horizontal_no_load_0500rpm,2164694,531,262,4083,5319,3,3,336499,9,124,74,16,0,1650,1495,1251,58,123,1661,16383,1653,1645,1635772,800,2022,2073,523526,11956,8,382568,1496,21611,216,2164596363,2164695458,0,2164695468,2164695983,3344721050,17868244,91,109,1034,0.0696,1645.6,0.06448031816661048,-0.02049963900970253,0.0696,24.67,76.4,,,,,,
2026-07-30T20:38:29.246276+00:00,S033,mounted,true,loose_mount,mild,500,loose_mount-mild_horizontal_no_load_0500rpm,2164794,531,262,4083,5319,4,3,336520,9,124,74,16,0,1650,1494,1219,56,120,1656,16383,1653,1646,1635350,800,1847,2077,523521,11954,8,382566,1496,21612,216,2164696407,2164795497,0,2164795507,2164796022,3343035278,17862270,80,97,1037,0.0696,1645.6,0.07172444085661667,-0.3115826228877365,0.0696,24.82,76.7,,,,,,
2026-07-30T20:38:29.340279+00:00,S033,mounted,true,loose_mount,mild,500,loose_mount-mild_horizontal_no_load_0500rpm,2164894,530,239,4145,5274,3,3,336541,9,124,74,23,3,1650,1495,1252,56,120,1660,16383,1655,1643,1635230,800,1937,2077,523529,11956,8,382567,1496,21613,216,2164796445,2164895522,0,2164895537,2164896052,3342520358,17868244,89,100,1036,0.0696,1645.6,0.07114541284710585,-0.16213290097022393,0.0696,24.7,76.5,,,,,,
2026-07-30T20:38:29.480229+00:00,S033,mounted,true,loose_mount,mild,500,loose_mount-mild_horizontal_no_load_0500rpm,2164995,509,280,4107,5484,5,3,336561,9,124,82,55,4,1650,1494,1240,56,117,1667,16383,1655,1647,1636144,800,2021,2207,523574,11955,8,382567,1496,21614,216,2164896479,2164995581,0,2164995590,2164996105,3346268888,17865255,93,100,1041,0.0696,1645.6,0.28806859899623527,-0.021884228105395476,0.0696,24.48,76.1,,,,,,
2026-07-30T20:38:29.574000+00:00,S033,mounted,true,loose_mount,mild,500,loose_mount-mild_horizontal_no_load_0500rpm,2165095,502,267,4273,5604,6,3,336581,9,124,74,16,3,1650,1495,1232,56,117,1669,16383,1655,1647,1636343,800,2005,2263,523598,11956,8,382568,1496,21615,216,2164996532,2165095615,0,2165095625,2165096140,3347140363,17868244,78,94,1034,0.0696,1645.6,0.3810723154901301,-0.048826291401807165,0.0696,24.42,76.0,,,,,,
2026-07-30T20:38:29.668416+00:00,S033,mounted,true,loose_mount,mild,500,loose_mount-mild_horizontal_no_load_0500rpm,2165195,494,270,4345,5712,2,3,336600,9,124,79,44,2,1650,1495,1224,58,122,1668,16383,1653,1646,1635688,800,1999,2073,523602,11956,8,382569,1496,21616,216,2165096566,2165195663,0,2165195672,2165196187,3344379250,17868246,100,83,1042,0.0696,1645.6,0.06448031816661048,-0.05882393342254977,0.0696,24.45,76.0,,,,,,
2026-07-30T20:38:29.763326+00:00,S033,mounted,true,loose_mount,mild,500,loose_mount-mild_horizontal_no_load_0500rpm,2165295,489,258,4430,5748,1,3,336620,9,124,75,27,2,1650,1494,1217,61,123,1664,16383,1653,1644,1651924,808,2013,2197,523563,11953,8,382565,1496,21617,216,2165196613,2165296346,0,2165296420,2165296935,3377351354,17859281,102,110,1027,0.0696,1645.6,0.27201705270643295,-0.03465425257257637,0.0696,24.58,76.2,,,,,,
2026-07-30T20:38:29.856266+00:00,S033,mounted,true,loose_mount,mild,500,loose_mount-mild_horizontal_no_load_0500rpm,2165395,489,258,4430,5748,6,3,336641,9,124,75,27,2,1650,1495,1242,61,123,1659,16383,1653,1639,1635652,800,2023,2207,523549,11957,8,382568,1496,21618,216,2165297363,2165396438,0,2165396512,2165397027,3344270700,17871233,108,97,1034,0.0696,1645.6,0.2874534323827045,-0.019115281508739645,0.0696,24.73,76.5,,,,,,
2026-07-30T20:38:29.949585+00:00,S033,mounted,true,loose_mount,mild,500,loose_mount-mild_horizontal_no_load_0500rpm,2165495,517,342,3932,5588,5,3,336663,9,124,81,56,11,1650,1495,1215,64,122,1659,16383,1653,1641,1635004,800,1857,2072,523540,11956,8,382569,1496,21619,216,2165397454,2165496510,0,2165496589,2165497104,3341627944,17868244,104,96,1028,0.0696,1645.6,0.06281404449648686,-0.2954347945801272,0.0696,24.73,76.5,,,,,,
2026-07-30T20:38:30.044147+00:00,S033,mounted,true,loose_mount,mild,500,loose_mount-mild_horizontal_no_load_0500rpm,2165596,543,257,3959,5143,2,3,336684,9,124,74,19,2,1650,1494,1221,60,117,1663,16383,1654,1642,1635240,800,2013,2072,523520,11951,8,382561,1496,21620,216,2165497532,2165596568,0,2165596642,2165597156,3342550690,17853311,99,101,1032,0.0696,1645.6,0.06425849226006175,-0.034092784787884245,0.0696,24.61,76.3,,,,,,
2026-07-30T20:38:30.185177+00:00,S033,mounted,true,loose_mount,mild,500,loose_mount-mild_horizontal_no_load_0500rpm,2165696,541,286,3998,5320,5,3,336705,9,124,76,20,6,1650,1494,1216,60,117,1674,16383,1655,1643,1635056,800,1579,2220,523522,11954,8,382559,1496,21621,216,2165597583,2165696625,0,2165696699,2165697214,3342065980,17862268,93,81,1054,0.0696,1645.6,0.31004144135854084,-0.7582186797724613,0.0696,24.27,75.7,,,,,,
2026-07-30T20:38:30.277485+00:00,S033,mounted,true,loose_mount,mild,500,loose_mount-mild_horizontal_no_load_0500rpm,2165796,516,245,4211,5398,2,3,336726,9,124,73,18,2,1650,1495,1229,62,123,1669,16383,1654,1644,1635551,800,1998,2070,523515,11958,8,382565,1496,21622,216,2165697643,2165796704,0,2165796777,2165797292,3343820979,17874222,97,95,1046,0.0696,1645.6,0.05890461364776689,-0.06104702508780724,0.0696,24.42,76.0,,,,,,
2026-07-30T20:38:30.385567+00:00,S033,mounted,true,loose_mount,mild,500,loose_mount-mild_horizontal_no_load_0500rpm,2165896,517,243,4199,5378,5,3,336747,9,124,74,21,3,1650,1494,1225,62,123,1666,16383,1653,1643,1651777,808,1887,2065,523516,11954,8,382563,1496,21623,216,2165797718,2165897384,0,2165897393,2165897908,3376757963,17862268,109,99,1044,0.0696,1645.6,0.0517258114438679,-0.24492052484524018,0.0696,24.52,76.1,,,,,,
2026-07-30T20:38:30.479791+00:00,S033,mounted,true,loose_mount,mild,500,loose_mount-mild_horizontal_no_load_0500rpm,2165996,516,265,4174,5460,2,3,336768,9,124,74,19,2,1650,1495,1225,62,126,1665,16383,1655,1645,1636191,800,2025,2239,523536,11956,8,382564,1496,21624,216,2165898335,2165997405,0,2165997419,2165997934,3346472969,17868244,110,99,1040,0.0696,1645.6,0.3410817474071597,-0.015500817999331229,0.0696,24.55,76.2,,,,,,
2026-07-30T20:38:30.572460+00:00,S033,mounted,true,loose_mount,mild,500,loose_mount-mild_horizontal_no_load_0500rpm,2166096,516,250,4224,5437,1,3,336788,9,124,74,25,3,1650,1494,1211,60,129,1664,16383,1653,1642,1635495,800,1943,2197,523510,11955,8,382564,1496,21625,216,2165998361,2166097493,0,2166097503,2166098018,3343626141,17865257,104,92,1041,0.0696,1645.6,0.27140446850690036,-0.1518644459222087,0.0696,24.58,76.2,,,,,,
2026-07-30T20:38:30.651349+00:00,S033,mounted,true,loose_mount,mild,500,loose_mount-mild_horizontal_no_load_0500rpm,2166197,516,250,4224,5437,4,3,336808,9,124,74,25,3,1650,1495,1221,60,129,1665,16383,1653,1647,1635726,800,2009,2069,523528,11956,8,382565,1496,21626,216,2166098445,2166197534,0,2166197543,2166198058,3344534582,17868244,114,100,1041,0.0696,1645.6,0.05781522348611556,-0.0421611967213118,0.0696,24.55,76.2,,,,,,
2026-07-30T20:38:30.760740+00:00,S033,mounted,true,loose_mount,mild,500,loose_mount-mild_horizontal_no_load_0500rpm,2166297,507,272,4222,5562,3,3,336829,9,124,80,48,2,1650,1495,1209,58,120,1660,16383,1652,1642,1635118,800,1947,2063,523499,11957,8,382568,1496,21627,216,2166198490,2166297604,0,2166297614,2166298129,3342061528,17871233,120,87,1039,0.0696,1645.6,0.04753009107635631,-0.14574148942042342,0.0696,24.7,76.5,,,,,,
2026-07-30T20:38:30.855092+00:00,S033,mounted,true,loose_mount,mild,500,loose_mount-mild_horizontal_no_load_0500rpm,2166397,503,255,4311,5577,5,3,336849,9,124,74,24,1,1650,1494,1206,55,113,1660,16383,1655,1644,1635651,800,2013,2075,523534,11955,8,382568,1496,21628,216,2166298556,2166397625,0,2166397634,2166398149,3344231231,17865257,139,88,1050,0.0696,1645.6,0.06810207653701328,-0.03521553249686349,0.0696,24.7,76.5,,,,,,
2026-07-30T20:38:30.948373+00:00,S033,mounted,true,loose_mount,mild,500,loose_mount-mild_horizontal_no_load_0500rpm,2166497,509,255,4227,5483,2,3,336870,9,124,71,8,5,1650,1495,1221,55,113,1662,16383,1655,1642,1634975,800,1977,2066,523498,11958,8,382573,1496,21629,216,2166398576,2166497677,0,2166497692,2166498207,3341471719,17874222,112,94,1041,0.0696,1645.6,0.05224063371801302,-0.09603291971901662,0.0696,24.64,76.3,,,,,,
2026-07-30T20:38:31.043734+00:00,S033,mounted,true,loose_mount,mild,500,loose_mount-mild_horizontal_no_load_0500rpm,2166597,516,262,4201,5472,1,3,336890,9,124,74,19,1,1650,1495,1211,57,118,1663,16383,1655,1643,1635756,800,1967,2249,523537,11956,8,382574,1496,21630,216,2166498633,2166597724,0,2166597734,2166598249,3344751322,17868244,100,97,1043,0.0696,1645.6,0.35774448410839677,-0.11214469086651091,0.0696,24.61,76.3,,,,,,
2026-07-30T20:38:31.184102+00:00,S033,mounted,true,loose_mount,mild,500,loose_mount-mild_horizontal_no_load_0500rpm,2166697,516,252,4229,5451,6,3,336911,9,124,74,24,2,1650,1494,1195,57,118,1662,16383,1653,1643,1652035,808,2000,2157,523522,11954,8,382572,1496,21631,216,2166598676,2166698374,0,2166698448,2166698963,3377797555,17862268,95,80,1043,0.0696,1645.6,0.20504863694160935,-0.05660009787518838,0.0696,24.64,76.3,,,,,,
2026-07-30T20:38:31.279052+00:00,S033,mounted,true,loose_mount,mild,500,loose_mount-mild_horizontal_no_load_0500rpm,2166797,517,243,4225,5402,1,3,336932,9,124,74,25,3,1650,1495,1197,58,118,1664,16383,1655,1643,1635573,800,2002,2231,523531,11957,8,382575,1496,21632,216,2166699389,2166798447,0,2166798526,2166799041,3343961133,17871233,116,98,1038,0.0696,1645.6,0.32744065593376215,-0.054104102115915875,0.0696,24.58,76.2,,,,,,
2026-07-30T20:38:31.370908+00:00,S033,mounted,true,loose_mount,mild,500,loose_mount-mild_horizontal_no_load_0500rpm,2166897,517,243,4225,5402,4,3,336952,9,124,74,25,3,1650,1494,1208,56,108,1670,16383,1654,1645,1635658,800,2015,2087,523550,11950,8,382565,1496,21633,216,2166799468,2166898521,0,2166898595,2166899110,3344263156,17850316,105,111,1036,0.0696,1645.6,0.08955418125523007,-0.030477759832635787,0.0696,24.39,75.9,,,,,,
2026-07-30T20:38:31.465963+00:00,S033,mounted,true,loose_mount,mild,500,loose_mount-mild_horizontal_no_load_0500rpm,2166998,516,259,4180,5436,2,3,336972,9,124,74,21,2,1650,1495,1215,56,108,1675,16383,1666,1644,1635983,800,1983,2233,523581,11958,8,382570,1496,21634,216,2166899538,2166998612,0,2166998685,2166999200,3345678989,17874222,122,88,1048,0.0696,1645.6,0.33046179578524804,-0.08603694982438537,0.0696,24.24,75.6,,,,,,
2026-07-30T20:38:31.560480+00:00,S033,mounted,true,loose_mount,mild,500,loose_mount-mild_horizontal_no_load_0500rpm,2167098,493,285,4223,5669,1,3,336992,9,124,77,33,4,1650,1494,1210,57,113,1669,16383,1652,1643,1635494,800,2021,2069,523537,11954,8,382568,1496,21635,216,2166999627,2167098685,0,2167098759,2167099274,3343582338,17862268,81,117,1041,0.0696,1645.6,0.05839202124811749,-0.021602496402878035,0.0696,24.42,76.0,,,,,,
2026-07-30T20:38:31.653688+00:00,S033,mounted,true,loose_mount,mild,500,loose_mount-mild_horizontal_no_load_0500rpm,2167198,488,261,4429,5765,4,3,337012,9,124,74,18,2,1650,1494,1210,54,104,1666,16383,1654,1643,1651503,808,1967,2067,523511,11953,8,382564,1496,21636,216,2167099701,2167199354,0,2167199364,2167199879,3375618643,17859291,101,97,1048,0.0696,1645.6,0.05534710875930715,-0.11132207889232859,0.0696,24.52,76.1,,,,,,
2026-07-30T20:38:31.745976+00:00,S033,mounted,true,loose_mount,mild,500,loose_mount-mild_horizontal_no_load_0500rpm,2167298,511,271,4307,5634,3,3,337033,9,124,74,26,5,1650,1494,1225,54,104,1672,16383,1654,1646,1635508,800,1919,2062,523571,11955,8,382564,1496,21637,216,2167200306,2167299414,0,2167299428,2167299943,3343658204,17865255,106,108,1046,0.0696,1645.6,0.04643870690087848,-0.1918583590966123,0.0696,24.33,75.8,,,,,,
2026-07-30T20:38:31.854941+00:00,S033,mounted,true,loose_mount,mild,500,loose_mount-mild_horizontal_no_load_0500rpm,2167398,517,244,4246,5427,5,3,337053,9,124,74,27,2,1650,1495,1229,54,101,1668,16383,1654,1644,1636041,800,2019,2279,523563,11957,8,382567,1496,21638,216,2167300372,2167399445,0,2167399455,2167399970,3345895055,17871233,87,93,1056,0.0696,1645.6,0.40741510303587836,-0.02577981876724955,0.0696,24.45,76.0,,,,,,
2026-07-30T20:38:31.980472+00:00,S033,mounted,true,loose_mount,mild,500,loose_mount-mild_horizontal_no_load_0500rpm,2167498,517,244,4246,5427,6,3,337073,9,124,74,27,2,1650,1494,1208,54,101,1668,16383,1654,1644,1635451,800,1811,2201,523555,11955,8,382567,1496,21639,216,2167400396,2167499487,0,2167499496,2167500011,3343487951,17865255,110,95,1047,0.0696,1645.6,0.2780701207026346,-0.3718309683814307,0.0696,24.45,76.0,,,,,,
2026-07-30T20:38:32.075322+00:00,S033,mounted,true,loose_mount,mild,500,loose_mount-mild_horizontal_no_load_0500rpm,2167599,499,298,4221,5713,3,3,337093,9,124,89,68,3,1650,1495,1227,52,100,1663,16383,1652,1646,1635907,800,2011,2289,523530,11958,8,382572,1496,21640,216,2167500438,2167599672,0,2167599681,2167600196,3345393871,17874222,90,89,1059,0.0696,1645.6,0.4237575148018058,-0.039389090316106934,0.0696,24.61,76.3,,,,,,
2026-07-30T20:38:32.168923+00:00,S033,mounted,true,loose_mount,mild,500,loose_mount-mild_horizontal_no_load_0500rpm,2167699,490,250,4418,5693,1,3,337112,9,124,75,31,2,1650,1495,1219,57,108,1663,16383,1654,1643,1636054,800,2007,2207,523549,11957,8,382575,1496,21641,216,2167600622,2167699699,0,2167699709,2167700224,3345904492,17871233,107,73,1041,0.0696,1645.6,0.2874534323827045,-0.045773430542778826,0.0696,24.61,76.3,,,,,,
2026-07-30T20:38:32.264220+00:00,S033,mounted,true,loose_mount,mild,500,loose_mount-mild_horizontal_no_load_0500rpm,2167799,507,317,4044,5610,2,3,337134,9,124,76,35,8,1650,1495,1227,57,108,1660,16383,1653,1642,1652244,808,1846,2068,523559,11957,8,382578,1496,21642,216,2167700651,2167800343,0,2167800417,2167800932,3378679624,17871239,94,76,1046,0.0696,1645.6,0.0558607626494938,-0.314021055197792,0.0696,24.7,76.5,,,,,,
2026-07-30T20:38:32.356610+00:00,S033,mounted,true,loose_mount,mild,500,loose_mount-mild_horizontal_no_load_0500rpm,2167899,531,269,4044,5309,5,3,337155,9,124,74,12,1,1650,1495,1225,57,115,1662,16383,1665,1644,1635868,800,1993,2261,523548,11956,8,382578,1496,21643,216,2167801358,2167900396,0,2167900470,2167900985,3345188248,17868244,104,73,1053,0.0696,1645.6,0.3777397681498824,-0.06882157544329237,0.0696,24.64,76.3,,,,,,
2026-07-30T20:38:32.450671+00:00,S033,mounted,true,loose_mount,mild,500,loose_mount-mild_horizontal_no_load_0500rpm,2167999,528,276,4143,5453,2,3,337176,9,124,76,24,2,1650,1494,1232,58,118,1663,16383,1654,1643,1635152,800,1961,2067,523523,11955,8,382577,1496,21644,216,2167901412,2168000475,0,2168000549,2168001064,3342197386,17865255,87,88,1042,0.0696,1645.6,0.05477077214554571,-0.12186901104140535,0.0696,24.61,76.3,,,,,,
2026-07-30T20:38:32.590905+00:00,S033,mounted,true,loose_mount,mild,500,loose_mount-mild_horizontal_no_load_0500rpm,2168100,502,240,4310,5507,1,3,337196,9,124,73,17,3,1650,1495,1235,58,118,1662,16383,1655,1644,1635473,800,1998,2071,523520,11957,8,382579,1496,21645,216,2168001490,2168100536,0,2168100610,2168101125,3343505703,17871233,72,89,1039,0.0696,1645.6,0.06085916559337612,-0.06076863937442489,0.0696,24.64,76.3,,,,,,
2026-07-30T20:38:32.684273+00:00,S033,mounted,true,loose_mount,mild,500,loose_mount-mild_horizontal_no_load_0500rpm,2168200,502,240,4310,5507,4,3,337216,9,124,73,17,3,1650,1494,1233,56,116,1658,16383,1653,1645,1634846,800,2006,2071,523515,11955,8,382578,1496,21646,216,2168101552,2168200601,0,2168200675,2168201190,3340940992,17865255,64,100,1037,0.0696,1645.6,0.06143642434127994,-0.04688042383939761,0.0696,24.76,76.6,,,,,,
2026-07-30T20:38:32.777761+00:00,S033,mounted,true,loose_mount,mild,500,loose_mount-mild_horizontal_no_load_0500rpm,2168300,503,259,4306,5594,3,3,337237,9,124,74,18,2,1650,1494,1238,56,116,1661,16383,1655,1644,1635999,800,1987,2147,523550,11953,8,382573,1496,21647,216,2168201617,2168300698,0,2168300772,2168301287,3345662523,17859279,74,111,1038,0.0696,1645.6,0.1886824588806153,-0.07798824136200144,0.0696,24.67,76.4,,,,,,
2026-07-30T20:38:32.885272+00:00,S033,mounted,true,loose_mount,mild,500,loose_mount-mild_horizontal_no_load_0500rpm,2168400,527,273,4178,5474,6,3,337259,9,124,75,27,7,1650,1494,1237,57,124,1664,16383,1655,1642,1651926,808,2020,2071,523537,11955,8,382573,1496,21648,216,2168301714,2168401369,0,2168401383,2168401898,3377339164,17865255,81,116,1027,0.0696,1645.6,0.06143642434127994,-0.023550641154329366,0.0696,24.58,76.2,,,,,,
2026-07-30T20:38:32.964566+00:00,S033,mounted,true,loose_mount,mild,500,loose_mount-mild_horizontal_no_load_0500rpm,2168500,530,249,4113,5287,1,3,337280,9,124,74,25,4,1650,1494,1253,58,128,1663,16383,1653,1643,1635373,800,1883,2065,523518,11953,8,382569,1496,21649,216,2168402325,2168501433,0,2168501443,2168501958,3343121907,17859279,100,92,1044,0.0696,1645.6,0.052013725006274214,-0.2513241965197026,0.0696,24.61,76.3,,,,,,
2026-07-30T20:38:33.057817+00:00,S033,mounted,true,loose_mount,mild,500,loose_mount-mild_horizontal_no_load_0500rpm,2168600,521,277,4080,5411,4,3,337300,9,124,80,47,3,1650,1495,1233,58,128,1665,16383,1655,1642,1635360,800,1927,2065,523518,11958,8,382574,1496,21650,216,2168502385,2168601454,0,2168601463,2168601979,3343055648,17874222,88,91,1043,0.0696,1645.6,0.05057463873557433,-0.17933266884094357,0.0696,24.55,76.2,,,,,,
2026-07-30T20:38:33.166766+00:00,S033,mounted,true,loose_mount,mild,500,loose_mount-mild_horizontal_no_load_0500rpm,2168700,517,250,4179,5390,3,3,337321,9,124,74,26,2,1650,1494,1246,58,119,1662,16383,1654,1645,1636048,800,2023,2063,523584,11955,8,382574,1496,21651,216,2168602404,2168701483,0,2168701492,2168702007,3345851314,17865259,87,83,1046,0.0696,1645.6,0.04810511994981148,-0.018551402007528583,0.0696,24.64,76.3,,,,,,
2026-07-30T20:38:33.263128+00:00,S033,mounted,true,loose_mount,mild,500,loose_mount-mild_horizontal_no_load_0500rpm,2168801,511,303,4173,5657,5,3,337341,9,124,79,34,4,1650,1494,1211,59,124,1660,16383,1653,1643,1635677,800,2009,2076,523554,11955,8,382574,1496,21652,216,2168702433,2168801529,0,2168801538,2168802053,3344333377,17865257,98,111,1036,0.0696,1645.6,0.06976848958594672,-0.04188118469259772,0.0696,24.7,76.5,,,,,,
2026-07-30T20:38:33.354841+00:00,S033,mounted,true,loose_mount,mild,500,loose_mount-mild_horizontal_no_load_0500rpm,2168901,511,303,4173,5657,6,3,337361,9,124,79,34,4,1650,1494,1248,59,124,1663,16383,1654,1643,1635729,800,2011,2295,523539,11955,8,382574,1496,21653,216,2168802484,2168901609,0,2168901618,2168902133,3344614125,17865255,104,110,1036,0.0696,1645.6,0.4347129473023834,-0.03854835859473038,0.0696,24.61,76.3,,,,,,
2026-07-30T20:38:33.499794+00:00,S033,mounted,true,loose_mount,mild,500,loose_mount-mild_horizontal_no_load_0500rpm,2169001,502,239,4385,5577,1,3,337382,9,124,75,29,2,1650,1495,1217,58,126,1664,16383,1655,1643,1651428,808,2015,2073,523527,11956,8,382575,1496,21654,216,2168902561,2169002383,0,2169002457,2169002972,3375303756,17868244,92,99,1043,0.0696,1645.6,0.06448031816661048,-0.0321635547005692,0.0696,24.58,76.2,,,,,,
2026-07-30T20:38:33.591831+00:00,S033,mounted,true,loose_mount,mild,500,loose_mount-mild_horizontal_no_load_0500rpm,2169101,504,237,4333,5512,4,3,337402,9,124,73,21,3,1650,1495,1237,58,126,1663,16383,1654,1642,1635655,800,2015,2215,523528,11960,8,382584,1496,21655,216,2169003398,2169102461,0,2169102535,2169103050,3344276035,17880200,88,97,1038,0.0696,1645.6,0.2998567993311032,-0.033286478260869945,0.0696,24.61,76.3,,,,,,
2026-07-30T20:38:33.685239+00:00,S033,mounted,true,loose_mount,mild,500,loose_mount-mild_horizontal_no_load_0500rpm,2169201,517,254,4219,5451,3,3,337423,9,124,74,25,2,1650,1495,1246,60,125,1663,16383,1652,1642,1634936,800,1909,2077,523488,11956,8,382584,1496,21656,216,2169103476,2169202521,0,2169202594,2169203109,3341326286,17868248,86,104,1039,0.0696,1645.6,0.07114541284710585,-0.20878856373369015,0.0696,24.61,76.3,,,,,,
2026-07-30T20:38:33.779209+00:00,S033,mounted,true,loose_mount,mild,500,loose_mount-mild_horizontal_no_load_0500rpm,2169302,517,237,4221,5368,4,3,337444,9,124,74,26,4,1650,1495,1209,59,119,1665,16383,1653,1642,1635097,800,1965,2067,523488,11958,8,382588,1496,21657,216,2169203536,2169302602,0,2169302676,2169303191,3341970201,17874222,106,108,1034,0.0696,1645.6,0.053906628700451265,-0.11602485950827912,0.0696,24.55,76.2,,,,,,
2026-07-30T20:38:33.872750+00:00,S033,mounted,true,loose_mount,mild,500,loose_mount-mild_horizontal_no_load_0500rpm,2169402,503,286,4166,5589,2,3,337464,9,124,77,26,4,1650,1495,1235,59,119,1664,16383,1654,1643,1635589,800,1989,2183,523522,11957,8,382590,1496,21658,216,2169303619,2169402687,0,2169402761,2169403276,3343998485,17871241,102,105,1025,0.0696,1645.6,0.24746620883164638,-0.07576384820607229,0.0696,24.58,76.2,,,,,,
2026-07-30T20:38:33.966265+00:00,S033,mounted,true,loose_mount,mild,500,loose_mount-mild_horizontal_no_load_0500rpm,2169502,503,239,4361,5550,1,3,337484,9,124,74,25,2,1650,1494,1216,59,119,1666,16383,1653,1645,1651643,808,2003,2187,523517,11954,8,382587,1496,21659,216,2169403704,2169503371,0,2169503380,2169503895,3376203227,17862270,75,93,1037,0.0696,1645.6,0.2550452104734813,-0.05160044052200119,0.0696,24.52,76.1,,,,,,
2026-07-30T20:38:34.059154+00:00,S033,mounted,true,loose_mount,mild,500,loose_mount-mild_horizontal_no_load_0500rpm,2169602,503,239,4361,5550,4,3,337504,9,124,74,25,2,1650,1494,1219,60,120,1663,16383,1653,1642,1635587,800,2001,2071,523518,11955,8,382586,1496,21660,216,2169504321,2169603414,0,2169603424,2169603939,3343967079,17865257,62,100,1046,0.0696,1645.6,0.06143642434127994,-0.05521248908406573,0.0696,24.61,76.3,,,,,,
2026-07-30T20:38:34.212759+00:00,S033,mounted,true,loose_mount,mild,500,loose_mount-mild_horizontal_no_load_0500rpm,2169703,502,261,4316,5616,2,3,337524,9,124,74,21,2,1650,1495,1229,60,120,1665,16383,1653,1643,1635494,800,2023,2158,523527,11960,8,382594,1496,21661,216,2169604366,2169703531,0,2169703541,2169704056,3343598450,17880200,66,117,1030,0.0696,1645.6,0.20491096521739127,-0.019960747157190983,0.0696,24.55,76.2,,,,,,
2026-07-30T20:38:34.258235+00:00,S033,mounted,true,loose_mount,mild,500,loose_mount-mild_horizontal_no_load_0500rpm,2169803,502,245,4348,5568,1,3,337544,9,124,74,25,2,1650,1495,1241,59,121,1669,16383,1654,1642,1635224,800,1925,2065,523509,11956,8,382594,1496,21662,216,2169704483,2169803585,0,2169803594,2169804109,3342498874,17868246,100,104,1028,0.0696,1645.6,0.0511501288056202,-0.18212818501170958,0.0696,24.42,76.0,,,,,,
2026-07-30T20:38:34.399086+00:00,S033,mounted,true,loose_mount,mild,500,loose_mount-mild_horizontal_no_load_0500rpm,2169903,511,252,4236,5472,6,3,337565,9,124,72,7,3,1650,1495,1232,59,121,1670,16383,1653,1642,1635431,800,1943,2069,523520,11958,8,382597,1496,21663,216,2169804537,2169903616,0,2169903625,2169904140,3343341261,17874222,82,95,1036,0.0696,1645.6,0.0572386186653282,-0.1526767491219272,0.0696,24.39,75.9,,,,,,
2026-07-30T20:38:34.495085+00:00,S033,mounted,true,loose_mount,mild,500,loose_mount-mild_horizontal_no_load_0500rpm,2170003,516,238,4243,5398,1,3,337586,9,124,73,22,4,1650,1495,1216,59,123,1669,16383,1653,1646,1635726,800,2023,2068,523527,11956,8,382597,1496,21664,216,2169904565,2170003680,0,2170003690,2170004205,3344530410,17868244,94,109,1034,0.0696,1645.6,0.0561489498159915,-0.01883336533957891,0.0696,24.42,76.0,,,,,,
2026-07-30T20:38:34.588567+00:00,S033,mounted,true,loose_mount,mild,500,loose_mount-mild_horizontal_no_load_0500rpm,2170103,524,273,4016,5322,6,3,337607,9,124,72,19,7,1650,1495,1233,59,123,1668,16383,1654,1645,1635946,800,2023,2067,523592,11957,8,382598,1496,21665,216,2170004632,2170103695,0,2170103705,2170104220,3345436186,17871235,94,112,1033,0.0696,1645.6,0.05419462833486621,-0.019115281508739645,0.0696,24.45,76.0,,,,,,
2026-07-30T20:38:34.682226+00:00,S033,mounted,true,loose_mount,mild,500,loose_mount-mild_horizontal_no_load_0500rpm,2170203,545,282,3898,5195,5,3,337629,9,124,76,22,2,1650,1494,1235,59,123,1666,16383,1654,1643,1635593,800,2001,2077,523583,11955,8,382596,1496,21666,216,2170104647,2170203726,0,2170203736,2170204251,3343990817,17865257,102,102,1037,0.0696,1645.6,0.07143490263488061,-0.05521248908406573,0.0696,24.52,76.1,,,,,,
2026-07-30T20:38:34.776316+00:00,S033,mounted,true,loose_mount,mild,500,loose_mount-mild_horizontal_no_load_0500rpm,2170303,542,237,4064,5157,3,3,337651,9,124,75,32,2,1650,1495,1229,60,118,1664,16383,1654,1644,1651647,808,1893,2125,523570,11957,8,382597,1496,21667,216,2170204679,2170304390,0,2170304464,2170304979,3376242887,17871233,80,115,1030,0.0696,1645.6,0.15083041858325652,-0.23571274241030382,0.0696,24.58,76.2,,,,,,
2026-07-30T20:38:34.901333+00:00,S033,mounted,true,loose_mount,mild,500,loose_mount-mild_horizontal_no_load_0500rpm,2170403,542,237,4064,5157,5,3,337671,9,124,75,32,2,1650,1494,1230,61,130,1672,16383,1654,1642,1635414,800,2013,2204,523526,11955,8,382595,1496,21668,216,2170305406,2170404471,0,2170404545,2170405060,3343283164,17865257,57,120,1020,0.0696,1645.6,0.2830693598494354,-0.03521553249686349,0.0696,24.33,75.8,,,,,,
2026-07-30T20:38:34.995899+00:00,S033,mounted,true,loose_mount,mild,500,loose_mount-mild_horizontal_no_load_0500rpm,2170503,507,324,3986,5584,6,3,337691,9,124,82,42,7,1650,1495,1232,61,130,1668,16383,1653,1644,1635859,800,2009,2225,523533,11957,8,382596,1496,21669,216,2170405487,2170504523,0,2170504597,2170505112,3345143203,17871235,56,119,1023,0.0696,1645.6,0.31744385004599796,-0.04244116191352365,0.0696,24.45,76.0,,,,,,
2026-07-30T20:38:35.103371+00:00,S033,mounted,true,loose_mount,mild,500,loose_mount-mild_horizontal_no_load_0500rpm,2170604,502,235,4368,5541,3,3,337711,9,124,74,25,3,1650,1494,1235,57,118,1668,16383,1654,1645,1635984,800,1919,2077,523593,11955,8,382594,1496,21670,216,2170505539,2170604592,0,2170604666,2170605181,3345605444,17865259,76,106,1024,0.0696,1645.6,0.07143490263488061,-0.1918583590966123,0.0696,24.45,76.0,,,,,,
2026-07-30T20:38:35.198880+00:00,S033,mounted,true,loose_mount,mild,500,loose_mount-mild_horizontal_no_load_0500rpm,2170704,502,251,4321,5570,4,3,337732,9,124,74,21,2,1650,1495,1224,57,118,1670,16383,1653,1645,1635639,800,1935,2066,523588,11956,8,382594,1496,21671,216,2170605608,2170704665,0,2170704744,2170705259,3344192849,17868244,89,120,1023,0.0696,1645.6,0.05281640247574426,-0.1654654483104716,0.0696,24.39,75.9,,,,,,
2026-07-30T20:38:35.277420+00:00,S033,mounted,true,loose_mount,mild,500,loose_mount-mild_horizontal_no_load_0500rpm,2170804,502,255,4337,5606,2,3,337752,9,124,75,26,2,1650,1495,1217,55,112,1672,16383,1653,1642,1652238,808,2023,2169,523575,11956,8,382594,1496,21672,216,2170705686,2170805350,0,2170805359,2170805874,3378639888,17868244,117,111,1033,0.0696,1645.6,0.22444259049849435,-0.01883336533957891,0.0696,24.33,75.8,,,,,,
2026-07-30T20:38:35.372767+00:00,S033,mounted,true,loose_mount,mild,500,loose_mount-mild_horizontal_no_load_0500rpm,2170904,495,255,4388,5677,3,3,337771,9,124,80,49,2,1650,1495,1229,53,103,1668,16383,1653,1642,1635193,800,2023,2071,523547,11956,8,382594,1496,21673,216,2170806302,2170905379,0,2170905388,2170905903,3342358531,17868244,109,105,1036,0.0696,1645.6,0.061147770826363246,-0.01883336533957891,0.0696,24.45,76.0,,,,,,
2026-07-30T20:38:35.464568+00:00,S033,mounted,true,loose_mount,mild,500,loose_mount-mild_horizontal_no_load_0500rpm,2171004,495,255,4388,5677,5,3,337791,9,124,80,49,2,1650,1494,1201,53,103,1665,16383,1654,1642,1635231,800,1971,2214,523502,11955,8,382592,1496,21674,216,2170906331,2171005405,0,2171005414,2171005929,3342553287,17865257,97,107,1037,0.0696,1645.6,0.2997334903387703,-0.10520488055207045,0.0696,24.55,76.2,,,,,,
2026-07-30T20:38:35.604707+00:00,S033,mounted,true,loose_mount,mild,500,loose_mount-mild_horizontal_no_load_0500rpm,2171104,490,255,4398,5700,6,3,337811,9,124,74,18,0,1650,1495,1192,56,108,1667,16383,1653,1644,1635436,800,2007,2069,523531,11958,8,382596,1496,21675,216,2171006356,2171105474,0,2171105483,2171105998,3343356956,17874222,81,107,1032,0.0696,1645.6,0.0572386186653282,-0.046053070245860805,0.0696,24.48,76.1,,,,,,
2026-07-30T20:38:35.699321+00:00,S033,mounted,true,loose_mount,mild,500,loose_mount-mild_horizontal_no_load_0500rpm,2171204,490,239,4454,5675,2,3,337830,9,124,73,24,2,1650,1495,1214,59,118,1666,16383,1655,1641,1636296,800,2011,2283,523537,11958,8,382599,1496,21676,216,2171106423,2171205493,0,2171205502,2171206017,3346965174,17874222,116,101,1030,0.0696,1645.6,0.41376154490717454,-0.039389090316106934,0.0696,24.52,76.1,,,,,,
2026-07-30T20:38:35.793160+00:00,S033,mounted,true,loose_mount,mild,500,loose_mount-mild_horizontal_no_load_0500rpm,2171305,489,252,4436,5724,1,3,337850,9,124,74,20,1,1650,1495,1204,59,118,1665,16383,1654,1644,1635409,800,1917,2271,523509,11956,8,382599,1496,21677,216,2171206449,2171305557,0,2171305566,2171306081,3343380187,17868248,91,98,1045,0.0696,1645.6,0.3944025048511204,-0.19545837437269986,0.0696,24.55,76.2,,,,,,
2026-07-30T20:38:35.888191+00:00,S033,mounted,true,loose_mount,mild,500,loose_mount-mild_horizontal_no_load_0500rpm,2171405,486,284,4464,5926,5,3,337869,9,124,77,32,3,1650,1495,1195,58,115,1677,16383,1653,1646,1635688,800,1880,2209,523538,11959,8,382604,1496,21678,216,2171306507,2171405593,0,2171405602,2171406117,3344455412,17877211,87,106,1046,0.0696,1645.6,0.2901701828748222,-0.2578963337235556,0.0696,24.18,75.5,,,,,,
2026-07-30T20:38:35.981651+00:00,S033,mounted,true,loose_mount,mild,500,loose_mount-mild_horizontal_no_load_0500rpm,2171505,486,284,4464,5926,4,3,337888,9,124,77,32,3,1650,1494,1188,58,115,1678,16383,1652,1644,1635218,800,2015,2257,523494,11954,8,382600,1496,21679,216,2171406544,2171505629,0,2171505639,2171506154,3342502788,17862268,65,119,1038,0.0696,1645.6,0.37170388204785,-0.03160181110925242,0.0696,24.15,75.5,,,,,,
2026-07-30T20:38:36.075729+00:00,S033,mounted,true,loose_mount,mild,500,loose_mount-mild_horizontal_no_load_0500rpm,2171605,474,240,4622,5890,6,3,337907,9,124,74,22,3,1650,1495,1209,57,122,1682,16383,1653,1642,1634742,800,1860,2071,523498,11958,8,382603,1496,21680,216,2171506581,2171605661,0,2171605670,2171606185,3340548756,17874222,54,119,1028,0.0696,1645.6,0.06057060863020558,-0.29095433266432513,0.0696,24.03,75.3,,,,,,
2026-07-30T20:38:36.169016+00:00,S033,mounted,true,loose_mount,mild,500,loose_mount-mild_horizontal_no_load_0500rpm,2171705,480,253,4455,5777,3,3,337927,9,124,72,21,8,1650,1495,1214,57,121,1668,16383,1654,1643,1635790,800,2015,2071,523523,11959,8,382608,1496,21681,216,2171606612,2171705692,0,2171705702,2171706217,3344794892,17877211,68,104,1044,0.0696,1645.6,0.06028209992474265,-0.033005817794130365,0.0696,24.45,76.0,,,,,,
2026-07-30T20:38:36.261508+00:00,S033,mounted,true,loose_mount,mild,500,loose_mount-mild_horizontal_no_load_0500rpm,2171805,504,262,4264,5564,4,3,337948,9,124,76,29,2,1650,1495,1208,57,121,1665,16383,1654,1645,1652885,808,1993,2213,523578,11956,8,382607,1496,21682,216,2171706647,2171806281,0,2171806360,2171806875,3381317813,17868244,90,112,1027,0.0696,1645.6,0.29775863198394115,-0.06882157544329237,0.0696,24.55,76.2,,,,,,
2026-07-30T20:38:36.401429+00:00,S033,mounted,true,loose_mount,mild,500,loose_mount-mild_horizontal_no_load_0500rpm,2171905,503,246,4342,5566,2,3,337968,9,124,74,25,2,1650,1494,1216,60,128,1677,16383,1654,1643,1635921,800,2003,2063,523596,11953,8,382601,1496,21683,216,2171807302,2171906365,0,2171906444,2171906959,3345333093,17859281,94,97,1026,0.0696,1645.6,0.04868034125324128,-0.051321171337739724,0.0696,24.18,75.5,,,,,,
2026-07-30T20:38:36.508952+00:00,S033,mounted,true,loose_mount,mild,500,loose_mount-mild_horizontal_no_load_0500rpm,2172005,490,270,4334,5714,3,3,337987,9,124,75,19,2,1650,1495,1225,63,132,1669,16383,1654,1646,1635801,800,1853,2174,523605,11957,8,382602,1496,21684,216,2171907385,2172006438,0,2172006512,2172007027,3344906521,17871233,106,98,1031,0.0696,1645.6,0.23247099999999987,-0.3023581149954002,0.0696,24.42,76.0,,,,,,
2026-07-30T20:38:36.602141+00:00,S033,mounted,true,loose_mount,mild,500,loose_mount-mild_horizontal_no_load_0500rpm,2172105,490,270,4334,5714,5,3,338007,9,124,75,19,2,1650,1494,1203,63,132,1672,16383,1654,1642,1635077,800,2013,2067,523518,11955,8,382600,1496,21685,216,2172007454,2172106511,0,2172106585,2172107100,3341882399,17865255,80,104,1030,0.0696,1645.6,0.05477077214554571,-0.03521553249686349,0.0696,24.33,75.8,,,,,,
2026-07-30T20:38:36.697097+00:00,S033,mounted,true,loose_mount,mild,500,loose_mount-mild_horizontal_no_load_0500rpm,2172206,489,247,4445,5709,6,3,338027,9,124,74,25,3,1650,1494,1211,61,120,1667,16383,1654,1645,1636078,800,1991,2209,523550,11955,8,382598,1496,21686,216,2172107527,2172206596,0,2172206670,2172207186,3346025806,17865255,93,93,1045,0.0696,1645.6,0.2914014250941026,-0.07187661957340064,0.0696,24.48,76.1,,,,,,
2026-07-30T20:38:36.790567+00:00,S033,mounted,true,loose_mount,mild,500,loose_mount-mild_horizontal_no_load_0500rpm,2172306,523,295,4193,5602,5,3,338049,9,124,75,30,9,1650,1494,1220,61,120,1661,16383,1654,1646,1636013,800,1951,2076,523614,11954,8,382594,1496,21687,216,2172207611,2172306687,0,2172306761,2172307276,3345716935,17862270,69,109,1032,0.0696,1645.6,0.07005788840555427,-0.1382611679772463,0.0696,24.67,76.4,,,,,,
2026-07-30T20:38:36.883489+00:00,S033,mounted,true,loose_mount,mild,500,loose_mount-mild_horizontal_no_load_0500rpm,2172406,531,239,4115,5242,2,3,338070,9,124,73,19,1,1650,1494,1229,62,129,1665,16383,1653,1644,1651923,808,2009,2268,523584,11954,8,382590,1496,21688,216,2172307703,2172407356,0,2172407366,2172407881,3377373947,17862266,66,114,1031,0.0696,1645.6,0.3900359590095359,-0.041601125815626805,0.0696,24.55,76.2,,,,,,
2026-07-30T20:38:36.977429+00:00,S033,mounted,true,loose_mount,mild,500,loose_mount-mild_horizontal_no_load_0500rpm,2172506,512,307,4086,5587,1,3,338090,9,124,88,65,4,1650,1494,1209,64,127,1673,16383,1654,1642,1635219,800,1877,2085,523570,11954,8,382587,1496,21689,216,2172408308,2172507398,0,2172507407,2172507922,3342514749,17862268,62,105,1037,0.0696,1645.6,0.08505686046511629,-0.2615860493558646,0.0696,24.3,75.7,,,,,,
2026-07-30T20:38:37.069824+00:00,S033,mounted,true,loose_mount,mild,500,loose_mount-mild_horizontal_no_load_0500rpm,2172606,503,252,4305,5561,4,3,338110,9,124,74,26,3,1650,1495,1225,64,127,1669,16383,1653,1643,1635609,800,2001,2135,523566,11957,8,382589,1496,21690,216,2172508349,2172607507,0,2172607516,2172608031,3344065583,17871235,65,108,1044,0.0696,1645.6,0.16749176172953018,-0.05577023643054302,0.0696,24.42,76.0,,,,,,
2026-07-30T20:38:37.210767+00:00,S033,mounted,true,loose_mount,mild,500,loose_mount-mild_horizontal_no_load_0500rpm,2172707,491,339,4309,6032,2,3,338130,9,124,87,54,6,1650,1494,1220,61,121,1666,16383,1652,1644,1634894,800,1999,2067,523510,11954,8,382586,1496,21691,216,2172608458,2172707743,0,2172707753,2172708268,3341134086,17862268,71,94,1045,0.0696,1645.6,0.05505891634599269,-0.05826665032625078,0.0696,24.52,76.1,,,,,,
2026-07-30T20:38:37.305938+00:00,S033,mounted,true,loose_mount,mild,500,loose_mount-mild_horizontal_no_load_0500rpm,2172807,491,339,4309,6032,3,3,338149,9,124,87,54,6,1650,1494,1230,61,125,1664,16383,1652,1641,1650941,808,1823,2070,523519,11955,8,382585,1496,21692,216,2172708694,2172808357,0,2172808431,2172808946,3373417397,17865255,79,97,1036,0.0696,1645.6,0.05977001129234605,-0.3518340117942289,0.0696,24.58,76.2,,,,,,
2026-07-30T20:38:37.400901+00:00,S033,mounted,true,loose_mount,mild,500,loose_mount-mild_horizontal_no_load_0500rpm,2172907,474,235,4660,5898,1,3,338168,9,124,74,24,3,1650,1494,1211,61,125,1664,16383,1653,1645,1635129,800,1988,2273,523512,11954,8,382582,1496,21693,216,2172809372,2172908436,0,2172908510,2172909025,3342149711,17862268,105,88,1037,0.0696,1645.6,0.39836872126484835,-0.07659872728793715,0.0696,24.58,76.2,,,,,,
2026-07-30T20:38:37.494289+00:00,S033,mounted,true,loose_mount,mild,500,loose_mount-mild_horizontal_no_load_0500rpm,2173007,484,279,4334,5778,4,3,338188,9,124,72,21,5,1650,1494,1237,59,126,1664,16383,1654,1643,1635851,800,2003,2226,523519,11954,8,382579,1496,21694,216,2172909452,2173008519,0,2173008593,2173009108,3345112001,17862268,80,96,1035,0.0696,1645.6,0.3200407560649152,-0.05160044052200119,0.0696,24.58,76.2,,,,,,
2026-07-30T20:38:37.586166+00:00,S033,mounted,true,loose_mount,mild,500,loose_mount-mild_horizontal_no_load_0500rpm,2173108,504,260,4246,5537,2,3,338208,9,124,75,29,2,1650,1494,1245,59,126,1664,16383,1654,1642,1635578,800,1975,2065,523525,11955,8,382578,1496,21695,216,2173009534,2173108596,0,2173108670,2173109185,3343934250,17865261,69,96,1024,0.0696,1645.6,0.05143794604767837,-0.09853922835633666,0.0696,24.58,76.2,,,,,,
2026-07-30T20:38:37.679144+00:00,S033,mounted,true,loose_mount,mild,500,loose_mount-mild_horizontal_no_load_0500rpm,2173208,504,242,4306,5507,1,3,338228,9,124,73,24,3,1650,1495,1237,58,121,1666,16383,1653,1642,1635184,800,1873,2072,523524,11956,8,382578,1496,21696,216,2173109611,2173208675,0,2173208748,2173209264,3342351842,17868246,102,97,1033,0.0696,1645.6,0.06281404449648686,-0.26877441585814665,0.0696,24.52,76.1,,,,,,
2026-07-30T20:38:37.773675+00:00,S033,mounted,true,loose_mount,mild,500,loose_mount-mild_horizontal_no_load_0500rpm,2173308,504,242,4306,5507,6,3,338249,9,124,73,24,3,1650,1495,1250,58,120,1663,16383,1653,1645,1651941,808,1893,2071,523543,11957,8,382580,1496,21697,216,2173209694,2173309333,0,2173309343,2173309858,3377420589,17871233,98,103,1032,0.0696,1645.6,0.06085916559337612,-0.23571274241030382,0.0696,24.61,76.3,,,,,,
2026-07-30T20:38:37.914339+00:00,S033,mounted,true,loose_mount,mild,500,loose_mount-mild_horizontal_no_load_0500rpm,2173408,516,242,4255,5427,1,3,338270,9,124,73,18,3,1650,1495,1238,58,120,1661,16383,1654,1645,1635872,800,2023,2197,523540,11958,8,382584,1496,21698,216,2173310285,2173409520,0,2173409530,2173410045,3345150690,17874222,89,109,1028,0.0696,1645.6,0.2704859764174605,-0.01939715052684443,0.0696,24.67,76.4,,,,,,
2026-07-30T20:38:38.009451+00:00,S033,mounted,true,loose_mount,mild,500,loose_mount-mild_horizontal_no_load_0500rpm,2173509,516,248,4200,5403,6,3,338291,9,124,73,18,3,1650,1495,1252,58,130,1661,16383,1654,1643,1635520,800,1765,2077,523562,11957,8,382586,1496,21699,216,2173410472,2173509596,0,2173509605,2173510121,3343786596,17871233,89,109,1044,0.0696,1645.6,0.07085597148114076,-0.4489779346826128,0.0696,24.67,76.4,,,,,,
2026-07-30T20:38:38.089021+00:00,S033,mounted,true,loose_mount,mild,500,loose_mount-mild_horizontal_no_load_0500rpm,2173609,539,260,4094,5300,5,3,338313,9,124,73,20,5,1650,1495,1216,60,125,1661,16383,1653,1644,1635383,800,1943,2067,523545,11956,8,382586,1496,21700,216,2173510547,2173609630,0,2173609640,2173610155,3343147557,17868244,89,94,1046,0.0696,1645.6,0.05448267614586788,-0.15213525894948177,0.0696,24.67,76.4,,,,,,
2026-07-30T20:38:38.184916+00:00,S033,mounted,true,loose_mount,mild,500,loose_mount-mild_horizontal_no_load_0500rpm,2173709,543,251,4024,5180,3,3,338335,9,124,74,20,3,1650,1494,1227,60,125,1668,16383,1655,1645,1636071,800,2006,2089,523565,11954,8,382583,1496,21701,216,2173610581,2173709688,0,2173709698,2173710213,3345947595,17862268,92,99,1037,0.0696,1645.6,0.09172307026936588,-0.046600783168814,0.0696,24.45,76.0,,,,,,
2026-07-30T20:38:38.279339+00:00,S033,mounted,true,loose_mount,mild,500,loose_mount-mild_horizontal_no_load_0500rpm,2173809,511,403,4050,6020,1,3,338354,9,124,117,115,8,1650,1494,1221,57,112,1677,16383,1653,1643,1635197,800,2007,2101,523514,11954,8,382580,1496,21702,216,2173710638,2173809701,0,2173809710,2173810225,3342376329,17862270,95,98,1037,0.0696,1645.6,0.11172169968211465,-0.0449342307177516,0.0696,24.18,75.5,,,,,,
2026-07-30T20:38:38.374609+00:00,S033,mounted,true,loose_mount,mild,500,loose_mount-mild_horizontal_no_load_0500rpm,2173909,490,240,4501,5726,4,3,338374,9,124,74,26,2,1650,1494,1219,57,112,1671,16383,1654,1645,1652553,808,1979,2267,523547,11955,8,382579,1496,21703,216,2173810653,2173910366,0,2173910440,2173910955,3379979643,17865257,92,75,1050,0.0696,1645.6,0.3880533819322456,-0.09187357616060243,0.0696,24.36,75.9,,,,,,
2026-07-30T20:38:38.516123+00:00,S033,mounted,true,loose_mount,mild,500,loose_mount-mild_horizontal_no_load_0500rpm,2174009,490,240,4501,5726,6,3,338393,9,124,74,26,2,1650,1495,1253,57,115,1671,16383,1655,1643,1635272,800,1980,2065,523534,11959,8,382585,1496,21704,216,2173911380,2174010441,0,2174010514,2174011029,3342681412,17877211,100,87,1046,0.0696,1645.6,0.0502869658834344,-0.09131076636842561,0.0696,24.36,75.9,,,,,,
2026-07-30T20:38:38.611946+00:00,S033,mounted,true,loose_mount,mild,500,loose_mount-mild_horizontal_no_load_0500rpm,2174110,484,297,4425,5962,2,3,338412,9,124,80,38,4,1650,1495,1221,61,121,1668,16383,1654,1645,1636034,800,1979,2217,523556,11957,8,382587,1496,21705,216,2174011456,2174110677,0,2174110750,2174111265,3345861046,17871233,101,96,1040,0.0696,1645.6,0.3041147755289786,-0.09242519135234595,0.0696,24.45,76.0,,,,,,
2026-07-30T20:38:38.706318+00:00,S033,mounted,true,loose_mount,mild,500,loose_mount-mild_horizontal_no_load_0500rpm,2174210,475,244,4611,5895,3,3,338431,9,124,74,23,2,1650,1494,1227,61,121,1676,16383,1653,1643,1651336,808,1865,2259,523494,11954,8,382584,1496,21706,216,2174111692,2174211334,0,2174211344,2174211859,3375023714,17862270,92,83,1041,0.0696,1645.6,0.3750369869499748,-0.2815846787686134,0.0696,24.21,75.6,,,,,,
2026-07-30T20:38:38.799864+00:00,S033,mounted,true,loose_mount,mild,500,loose_mount-mild_horizontal_no_load_0500rpm,2174310,487,314,4200,5812,4,3,338452,9,124,75,29,8,1650,1495,1238,61,122,1669,16383,1653,1642,1635323,800,2011,2064,523513,11959,8,382590,1496,21707,216,2174212285,2174311381,0,2174311390,2174311905,3342889909,17877211,99,96,1038,0.0696,1645.6,0.04862111020988369,-0.03966924048833542,0.0696,24.42,76.0,,,,,,
2026-07-30T20:38:38.892568+00:00,S033,mounted,true,loose_mount,mild,500,loose_mount-mild_horizontal_no_load_0500rpm,2174410,518,280,4090,5444,3,3,338473,9,124,76,29,3,1650,1495,1258,61,127,1666,16383,1654,1644,1636090,800,1965,2235,523560,11957,8,382592,1496,21708,216,2174312331,2174411438,0,2174411448,2174411963,3346104598,17871233,91,112,1027,0.0696,1645.6,0.33410519319227205,-0.11575107175712995,0.0696,24.52,76.1,,,,,,
2026-07-30T20:38:38.985975+00:00,S033,mounted,true,loose_mount,mild,500,loose_mount-mild_horizontal_no_load_0500rpm,2174510,516,252,4229,5452,5,3,338493,9,124,75,25,3,1650,1495,1219,61,127,1663,16383,1654,1642,1634920,800,1865,2079,523523,11959,8,382598,1496,21709,216,2174412390,2174511450,0,2174511459,2174511974,3341276282,17877211,74,102,1032,0.0696,1645.6,0.0736089453131532,-0.28288416882682554,0.0696,24.61,76.3,,,,,,
2026-07-30T20:38:39.080331+00:00,S033,mounted,true,loose_mount,mild,500,loose_mount-mild_horizontal_no_load_0500rpm,2174611,517,246,4239,5430,2,3,338514,9,124,74,23,3,1650,1495,1234,64,135,1669,16383,1652,1642,1634665,800,1967,2063,523498,11956,8,382598,1496,21710,216,2174512401,2174611671,0,2174611680,2174612195,3340212309,17868244,90,76,1041,0.0696,1645.6,0.047817581465372516,-0.11214469086651091,0.0696,24.42,76.0,,,,,,
2026-07-30T20:38:39.220778+00:00,S033,mounted,true,loose_mount,mild,500,loose_mount-mild_horizontal_no_load_0500rpm,2174711,517,246,4239,5430,5,3,338535,9,124,74,23,3,1649,1495,1209,64,135,1666,16383,1653,1644,1651640,808,1957,2173,523462,11957,8,382599,1496,21711,216,2174612621,2174712204,0,2174712278,2174712793,3376193660,17871235,98,86,1032,0.0658,1645.6,0.23080486568537273,-0.12908014627414932,0.0658,24.52,76.1,,,,,,
2026-07-30T20:38:39.316226+00:00,S033,mounted,true,loose_mount,mild,500,loose_mount-mild_horizontal_no_load_0500rpm,2174811,516,253,4218,5443,6,3,338555,9,124,75,26,3,1650,1495,1220,63,129,1661,16383,1654,1642,1635284,800,1991,2093,523507,11957,8,382600,1496,21712,216,2174713219,2174812260,0,2174812334,2174812849,3342729128,17871233,96,84,1045,0.0696,1645.6,0.09751412051517905,-0.07243157957681712,0.0696,24.67,76.4,,,,,,
2026-07-30T20:38:39.405207+00:00,S033,mounted,true,loose_mount,mild,500,loose_mount-mild_horizontal_no_load_0500rpm,2174911,517,235,4255,5393,1,3,338576,9,124,75,31,1,1650,1495,1225,61,124,1663,16383,1654,1644,1635657,800,2013,2207,523513,11958,8,382603,1496,21713,216,2174813279,2174912363,0,2174912437,2174912952,3344293561,17874222,78,106,1028,0.0696,1645.6,0.28714592624184654,-0.036057100351229554,0.0696,24.61,76.3,,,,,,
2026-07-30T20:38:39.498888+00:00,S033,mounted,true,loose_mount,mild,500,loose_mount-mild_horizontal_no_load_0500rpm,2175011,517,253,4200,5424,6,3,338597,9,124,74,24,2,1650,1495,1235,61,124,1665,16383,1654,1643,1635398,800,1915,2249,523514,11958,8,382606,1496,21714,216,2174913379,2175012425,0,2175012499,2175013014,3343303880,17874230,90,113,1024,0.0696,1645.6,0.35711771550426485,-0.19932460863020607,0.0696,24.55,76.2,,,,,,
2026-07-30T20:38:39.592594+00:00,S033,mounted,true,loose_mount,mild,500,loose_mount-mild_horizontal_no_load_0500rpm,2175111,516,250,4219,5431,3,3,338617,9,124,74,19,2,1650,1495,1208,60,123,1665,16383,1654,1643,1635747,800,2013,2069,523557,11956,8,382606,1496,21715,216,2175013441,2175112497,0,2175112570,2175113085,3344623681,17868246,96,117,1026,0.0696,1645.6,0.05781522348611556,-0.03549610204081688,0.0696,24.55,76.2,,,,,,
2026-07-30T20:38:39.686575+00:00,S033,mounted,true,loose_mount,mild,500,loose_mount-mild_horizontal_no_load_0500rpm,2175212,516,242,4220,5395,4,3,338638,9,124,73,16,2,1650,1495,1218,63,129,1663,16383,1654,1646,1636556,800,1874,2233,523631,11959,8,382611,1496,21716,216,2175113512,2175212563,0,2175212637,2175213152,3348046996,17877211,86,101,1019,0.0696,1645.6,0.330150719040053,-0.26789146776486383,0.0696,24.61,76.3,,,,,,
2026-07-30T20:38:39.780323+00:00,S033,mounted,true,loose_mount,mild,500,loose_mount-mild_horizontal_no_load_0500rpm,2175312,506,349,4198,5921,2,3,338658,9,124,87,51,7,1650,1495,1206,63,129,1670,16383,1653,1643,1634981,800,2007,2075,523532,11960,8,382617,1496,21717,216,2175213579,2175312636,0,2175312710,2175313225,3341491651,17880200,106,78,1041,0.0696,1645.6,0.06665650501672227,-0.04661220936454846,0.0696,24.39,75.9,,,,,,
2026-07-30T20:38:39.922924+00:00,S033,mounted,true,loose_mount,mild,500,loose_mount-mild_horizontal_no_load_0500rpm,2175412,506,349,4198,5921,1,3,338678,9,124,87,51,7,1650,1494,1212,60,125,1662,16383,1654,1646,1635566,800,2022,2141,523542,11953,8,382610,1496,21718,216,2175313656,2175412714,0,2175412788,2175413303,3343891254,17859279,95,109,1036,0.0696,1645.6,0.17868230762151738,-0.019654025683928822,0.0696,24.64,76.3,,,,,,
2026-07-30T20:38:40.016208+00:00,S033,mounted,true,loose_mount,mild,500,loose_mount-mild_horizontal_no_load_0500rpm,2175513,489,237,4500,5715,4,3,338698,9,124,74,25,3,1650,1495,1201,60,125,1657,16383,1653,1644,1652103,808,2019,2079,523566,11959,8,382614,1496,21719,216,2175413730,2175513561,0,2175513570,2175514085,3378062221,17877211,65,102,1039,0.0696,1645.6,0.0736089453131532,-0.02634239509992531,0.0696,24.79,76.6,,,,,,
2026-07-30T20:38:40.108187+00:00,S033,mounted,true,loose_mount,mild,500,loose_mount-mild_horizontal_no_load_0500rpm,2175613,492,236,4418,5618,3,3,338719,9,124,72,13,7,1650,1494,1198,57,115,1663,16383,1653,1645,1635688,800,2026,2067,523536,11954,8,382609,1496,21720,216,2175514512,2175613594,0,2175613604,2175614119,3344377476,17862268,87,87,1042,0.0696,1645.6,0.05505891634599269,-0.013269734147566048,0.0696,24.61,76.3,,,,,,
2026-07-30T20:38:40.202644+00:00,S033,mounted,true,loose_mount,mild,500,loose_mount-mild_horizontal_no_load_0500rpm,2175713,531,243,4152,5298,4,3,338740,9,124,76,35,3,1650,1494,1187,59,118,1666,16383,1652,1644,1635522,800,1925,2279,523520,11955,8,382606,1496,21721,216,2175614544,2175713631,0,2175713641,2175714156,3343777728,17865257,79,107,1036,0.0696,1645.6,0.40805033851944783,-0.18185988080301163,0.0696,24.52,76.1,,,,,,
2026-07-30T20:38:40.295739+00:00,S033,mounted,true,loose_mount,mild,500,loose_mount-mild_horizontal_no_load_0500rpm,2175813,531,252,4080,5266,3,3,338761,9,124,74,24,3,1650,1494,1219,59,118,1664,16383,1653,1642,1635116,800,1861,2223,523517,11955,8,382604,1496,21722,216,2175714583,2175813648,0,2175813658,2175814173,3342136222,17865259,89,114,1036,0.0696,1645.6,0.31473120777917174,-0.2885103159347553,0.0696,24.58,76.2,,,,,,
2026-07-30T20:38:40.388547+00:00,S033,mounted,true,loose_mount,mild,500,loose_mount-mild_horizontal_no_load_0500rpm,2175913,497,316,4078,5671,1,3,338780,9,124,86,59,6,1650,1495,1219,58,109,1671,16383,1654,1646,1635537,800,2005,2073,523527,11957,8,382605,1496,21723,216,2175814600,2175913706,0,2175913716,2175914231,3343762341,17871235,101,100,1046,0.0696,1645.6,0.06419143422263085,-0.04910569917203311,0.0696,24.36,75.9,,,,,,
2026-07-30T20:38:40.482438+00:00,S033,mounted,true,loose_mount,mild,500,loose_mount-mild_horizontal_no_load_0500rpm,2176013,497,316,4078,5671,4,3,338800,9,124,86,59,6,1650,1495,1219,58,116,1669,16383,1653,1644,1651823,808,1787,2269,523520,11956,8,382605,1496,21724,216,2175914659,2176014278,0,2176014352,2176014867,3377122753,17868244,101,103,1040,0.0696,1645.6,0.3910699575108727,-0.41207395148879256,0.0696,24.42,76.0,,,,,,
2026-07-30T20:38:40.622271+00:00,S033,mounted,true,loose_mount,mild,500,loose_mount-mild_horizontal_no_load_0500rpm,2176113,491,249,4405,5677,2,3,338820,9,124,74,22,3,1650,1494,1222,58,116,1663,16383,1652,1645,1635489,800,2017,2063,523504,11955,8,382603,1496,21725,216,2176015295,2176114391,0,2176114465,2176114980,3343565701,17865257,73,130,1025,0.0696,1645.6,0.04810511994981148,-0.02854988030112926,0.0696,24.61,76.3,,,,,,
2026-07-30T20:38:40.716560+00:00,S033,mounted,true,loose_mount,mild,500,loose_mount-mild_horizontal_no_load_0500rpm,2176213,499,242,4402,5617,1,3,338840,9,124,73,9,3,1649,1495,1222,60,120,1659,16383,1653,1640,1635129,800,1917,2067,523489,11956,8,382603,1496,21726,216,2176115407,2176214468,0,2176214542,2176215057,3342119967,17868244,80,125,1028,0.0658,1645.6,0.05448267614586788,-0.19545837437269986,0.0658,24.73,76.5,,,,,,
2026-07-30T20:38:40.809702+00:00,S033,mounted,true,loose_mount,mild,500,loose_mount-mild_horizontal_no_load_0500rpm,2176314,503,239,4337,5529,6,3,338861,9,124,74,24,2,1650,1494,1243,60,120,1661,16383,1653,1644,1635868,800,1947,2266,523514,11954,8,382599,1496,21727,216,2176215483,2176314542,0,2176314620,2176315136,3345174476,17862270,113,116,1030,0.0696,1645.6,0.3867028541074111,-0.1449273777814959,0.0696,24.67,76.4,,,,,,
2026-07-30T20:38:40.904525+00:00,S033,mounted,true,loose_mount,mild,500,loose_mount-mild_horizontal_no_load_0500rpm,2176414,511,259,4212,5478,3,3,338881,9,124,71,7,3,1650,1494,1214,61,125,1658,16383,1654,1642,1635397,800,1987,2066,523529,11955,8,382597,1496,21728,216,2176315564,2176414621,0,2176414695,2176415210,3343192843,17865255,88,102,1037,0.0696,1645.6,0.05310435909661182,-0.07854227176913486,0.0696,24.76,76.6,,,,,,
2026-07-30T20:38:41.000883+00:00,S033,mounted,true,loose_mount,mild,500,loose_mount-mild_horizontal_no_load_0500rpm,2176514,516,250,4210,5423,4,3,338902,9,124,73,13,3,1650,1495,1212,63,133,1674,16383,1652,1645,1635332,800,2007,2337,523515,11957,8,382598,1496,21729,216,2176415636,2176514701,0,2176514774,2176515290,3343011304,17871233,94,115,1029,0.0696,1645.6,0.5040508932842687,-0.045773430542778826,0.0696,24.27,75.7,,,,,,
2026-07-30T20:38:41.090126+00:00,S033,mounted,true,loose_mount,mild,500,loose_mount-mild_horizontal_no_load_0500rpm,2176614,508,331,4209,5838,2,3,338922,9,124,84,41,6,1649,1495,1220,63,133,1671,16383,1653,1642,1651112,808,1946,2085,523485,11957,8,382599,1496,21730,216,2176515716,2176615365,0,2176615374,2176615889,3374026924,17871233,112,105,1044,0.0658,1645.6,0.08418504599815968,-0.147407623735051,0.0658,24.36,75.9,,,,,,
2026-07-30T20:38:41.185278+00:00,S033,mounted,true,loose_mount,mild,500,loose_mount-mild_horizontal_no_load_0500rpm,2176714,508,331,4209,5838,1,3,338942,9,124,84,41,6,1650,1494,1228,61,128,1669,16383,1654,1642,1635109,800,2021,2067,523507,11954,8,382595,1496,21731,216,2176616318,2176715428,0,2176715437,2176715952,3342009365,17862266,89,109,1040,0.0696,1645.6,0.05505891634599269,-0.021602496402878035,0.0696,24.42,76.0,,,,,,
2026-07-30T20:38:41.328232+00:00,S033,mounted,true,loose_mount,mild,500,loose_mount-mild_horizontal_no_load_0500rpm,2176814,488,240,4517,5747,5,3,338961,9,124,74,24,4,1650,1495,1212,63,127,1667,16383,1654,1642,1635499,800,2009,2067,523530,11957,8,382596,1496,21732,216,2176716379,2176815451,0,2176815460,2176815975,3343606755,17871233,99,106,1039,0.0696,1645.6,0.05419462833486621,-0.04244116191352365,0.0696,24.48,76.1,,,,,,
2026-07-30T20:38:41.421846+00:00,S033,mounted,true,loose_mount,mild,500,loose_mount-mild_horizontal_no_load_0500rpm,2176914,493,252,4354,5635,2,3,338982,9,124,74,24,8,1650,1495,1216,63,127,1660,16383,1655,1646,1635920,800,2001,2251,523531,11958,8,382599,1496,21733,216,2176816402,2176915494,0,2176915504,2176916019,3345372658,17874222,96,105,1040,0.0696,1645.6,0.3604497054691418,-0.05604904014049206,0.0696,24.7,76.5,,,,,,
2026-07-30T20:38:41.516853+00:00,S033,mounted,true,loose_mount,mild,500,loose_mount-mild_horizontal_no_load_0500rpm,2177015,531,231,4141,5229,5,3,339003,9,124,74,30,3,1650,1494,1226,62,130,1660,16383,1654,1646,1635547,800,2017,2205,523517,11955,8,382597,1496,21734,216,2176916446,2177015570,0,2177015579,2177016094,3343828579,17865255,100,93,1030,0.0696,1645.6,0.2847357728983688,-0.02854988030112926,0.0696,24.7,76.5,,,,,,
2026-07-30T20:38:41.611385+00:00,S033,mounted,true,loose_mount,mild,500,loose_mount-mild_horizontal_no_load_0500rpm,2177115,531,252,4058,5243,3,3,339025,9,124,74,20,2,1650,1494,1225,62,130,1661,16383,1653,1643,1635434,800,1935,2221,523526,11952,8,382589,1496,21735,216,2177016521,2177115613,0,2177115622,2177116137,3343410244,17856296,102,82,1038,0.0696,1645.6,0.312327373493976,-0.16438638554216922,0.0696,24.67,76.4,,,,,,
2026-07-30T20:38:41.705377+00:00,S033,mounted,true,loose_mount,mild,500,loose_mount-mild_horizontal_no_load_0500rpm,2177215,519,273,4078,5393,5,3,339045,9,124,76,30,3,1650,1495,1245,60,129,1663,16383,1653,1644,1635551,800,1833,2201,523561,11956,8,382589,1496,21736,216,2177116564,2177215634,0,2177215644,2177216159,3343886269,17868244,71,96,1038,0.0696,1645.6,0.2777633479424555,-0.3354253626630981,0.0696,24.61,76.3,,,,,,
2026-07-30T20:38:41.800015+00:00,S033,mounted,true,loose_mount,mild,500,loose_mount-mild_horizontal_no_load_0500rpm,2177315,517,254,4201,5430,2,3,339066,9,124,74,23,2,1650,1494,1240,61,123,1664,16383,1653,1642,1635596,800,1787,2062,523580,11954,8,382586,1496,21737,216,2177216588,2177315854,0,2177315863,2177316378,3344066428,17862268,78,100,1030,0.0696,1645.6,0.046726154090680705,-0.4115757699514808,0.0696,24.58,76.2,,,,,,
2026-07-30T20:38:41.891472+00:00,S033,mounted,true,loose_mount,mild,500,loose_mount-mild_horizontal_no_load_0500rpm,2177415,517,254,4201,5430,5,3,339087,9,124,74,23,2,1650,1495,1241,61,123,1660,16383,1654,1642,1651737,808,1999,2067,523537,11956,8,382586,1496,21738,216,2177316805,2177416363,0,2177416437,2177416952,3376569241,17868246,94,102,1036,0.0696,1645.6,0.05448267614586788,-0.05882393342254977,0.0696,24.7,76.5,,,,,,
2026-07-30T20:38:42.030880+00:00,S033,mounted,true,loose_mount,mild,500,loose_mount-mild_horizontal_no_load_0500rpm,2177515,526,240,4169,5312,2,3,339108,9,124,71,4,2,1650,1495,1235,62,139,1661,16383,1654,1644,1635678,800,2021,2077,523543,11958,8,382590,1496,21739,216,2177417379,2177516444,0,2177516518,2177517033,3344339222,17874222,94,104,1032,0.0696,1645.6,0.07056657852483683,-0.022729140491721367,0.0696,24.67,76.4,,,,,,
2026-07-30T20:38:42.125393+00:00,S033,mounted,true,loose_mount,mild,500,loose_mount-mild_horizontal_no_load_0500rpm,2177615,530,239,4122,5252,4,3,339130,9,124,73,22,4,1650,1495,1237,60,139,1664,16383,1655,1643,1635592,800,1995,2169,523533,11958,8,382594,1496,21740,216,2177517459,2177616520,0,2177616594,2177617109,3344004568,17874224,110,85,1042,0.0696,1645.6,0.2238381169091821,-0.06604501003512331,0.0696,24.58,76.2,,,,,,
2026-07-30T20:38:42.219859+00:00,S033,mounted,true,loose_mount,mild,500,loose_mount-mild_horizontal_no_load_0500rpm,2177716,535,237,4025,5135,3,3,339151,9,124,72,18,3,1650,1495,1229,60,139,1665,16383,1654,1645,1636385,800,1997,2066,523643,11956,8,382594,1496,21741,216,2177617536,2177716578,0,2177716652,2177717171,3347231759,17868246,91,104,1042,0.0696,1645.6,0.05281640247574426,-0.06215648076279745,0.0696,24.55,76.2,,,,,,
2026-07-30T20:38:42.314156+00:00,S033,mounted,true,loose_mount,mild,500,loose_mount-mild_horizontal_no_load_0500rpm,2177816,543,271,3954,5201,6,3,339173,9,124,75,15,3,1650,1494,1244,59,137,1663,16383,1654,1642,1634978,800,1787,2065,523595,11953,8,382588,1496,21742,216,2177717598,2177816670,0,2177816743,2177817258,3341546026,17859281,87,82,1051,0.0696,1645.6,0.052013725006274214,-0.4113266166652725,0.0696,24.61,76.3,,,,,,
2026-07-30T20:38:42.409248+00:00,S033,mounted,true,loose_mount,mild,500,loose_mount-mild_horizontal_no_load_0500rpm,2177916,543,232,4066,5136,5,3,339195,9,124,74,28,3,1650,1495,1235,59,137,1668,16383,1654,1646,1651962,808,2022,2067,523575,11957,8,382590,1496,21743,216,2177817688,2177917323,0,2177917338,2177917853,3377482102,17871233,91,94,1041,0.0696,1645.6,0.05419462833486621,-0.020781415823367233,0.0696,24.45,76.0,,,,,,
2026-07-30T20:38:42.502478+00:00,S033,mounted,true,loose_mount,mild,500,loose_mount-mild_horizontal_no_load_0500rpm,2178016,484,356,3973,5810,5,3,339213,9,124,95,74,11,1650,1495,1241,59,133,1664,16383,1654,1642,1635085,800,2007,2068,523504,11956,8,382590,1496,21744,216,2177918279,2178017386,0,2178017396,2178017911,3341919449,17868244,101,84,1048,0.0696,1645.6,0.0561489498159915,-0.04549374406155948,0.0696,24.58,76.2,,,,,,
2026-07-30T20:38:42.598252+00:00,S033,mounted,true,loose_mount,mild,500,loose_mount-mild_horizontal_no_load_0500rpm,2178116,484,356,3973,5810,4,3,339232,9,124,95,74,11,1650,1495,1230,58,122,1664,16383,1654,1641,1635344,800,2017,2072,523545,11957,8,382592,1496,21745,216,2178018339,2178117433,0,2178117442,2178117957,3342974700,17871235,107,88,1054,0.0696,1645.6,0.06252529990800326,-0.029112087396504283,0.0696,24.58,76.2,,,,,,
2026-07-30T20:38:42.691397+00:00,S033,mounted,true,loose_mount,mild,500,loose_mount-mild_horizontal_no_load_0500rpm,2178216,475,257,4553,5907,3,3,339253,9,124,74,18,1,1650,1494,1238,58,122,1663,16383,1654,1642,1635597,800,1997,2073,523528,11955,8,382590,1496,21746,216,2178118385,2178217464,0,2178217474,2178217989,3344010351,17865257,91,103,1044,0.0696,1645.6,0.06476925043914683,-0.061878141279799515,0.0696,24.61,76.3,,,,,,
2026-07-30T20:38:42.832496+00:00,S033,mounted,true,loose_mount,mild,500,loose_mount-mild_horizontal_no_load_0500rpm,2178316,509,297,4339,5797,5,3,339273,9,124,77,39,10,1650,1495,1244,57,119,1670,16383,1653,1645,1635524,800,1955,2075,523533,11961,8,382600,1496,21747,216,2178218416,2178317497,0,2178317506,2178318021,3343721978,17883191,76,109,1041,0.0696,1645.6,0.06636753574115861,-0.13350171933784827,0.0696,24.39,75.9,,,,,,
2026-07-30T20:38:42.924827+00:00,S033,mounted,true,loose_mount,mild,500,loose_mount-mild_horizontal_no_load_0500rpm,2178417,517,244,4215,5399,2,3,339294,9,124,73,13,3,1650,1495,1229,58,121,1664,16383,1653,1644,1634793,800,1923,2064,523505,11958,8,382603,1496,21748,216,2178318453,2178417560,0,2178417569,2178418084,3340744579,17874224,86,102,1048,0.0696,1645.6,0.04890864375313564,-0.18599664877069744,0.0696,24.58,76.2,,,,,,
2026-07-30T20:38:43.019840+00:00,S033,mounted,true,loose_mount,mild,500,loose_mount-mild_horizontal_no_load_0500rpm,2178517,516,260,4206,5468,5,3,339315,9,124,74,18,2,1650,1494,1238,58,121,1663,16383,1654,1642,1635345,800,1967,2069,523520,11955,8,382601,1496,21749,216,2178418511,2178517592,0,2178517602,2178518117,3342991329,17865257,88,112,1038,0.0696,1645.6,0.0581035982434126,-0.11187053274780467,0.0696,24.61,76.3,,,,,,
2026-07-30T20:38:43.115437+00:00,S033,mounted,true,loose_mount,mild,500,loose_mount-mild_horizontal_no_load_0500rpm,2178617,517,248,4227,5429,6,3,339335,9,124,74,27,3,1650,1495,1227,55,119,1661,16383,1653,1642,1635402,800,1849,2069,523520,11957,8,382602,1496,21750,216,2178518544,2178617619,0,2178617628,2178618143,3343256018,17871233,81,120,1028,0.0696,1645.6,0.057526896964120944,-0.3090226522539101,0.0696,24.67,76.4,,,,,,
2026-07-30T20:38:43.209831+00:00,S033,mounted,true,loose_mount,mild,500,loose_mount-mild_horizontal_no_load_0500rpm,2178717,502,385,4192,6106,3,3,339355,9,124,95,63,10,1650,1495,1245,55,119,1661,16383,1653,1643,1635179,800,2019,2071,523524,11957,8,382603,1496,21751,216,2178618574,2178717663,0,2178717673,2178718188,3342297163,17871233,105,102,1047,0.0696,1645.6,0.06085916559337612,-0.02577981876724955,0.0696,24.67,76.4,,,,,,
2026-07-30T20:38:43.304942+00:00,S033,mounted,true,loose_mount,mild,500,loose_mount-mild_horizontal_no_load_0500rpm,2178817,502,385,4192,6106,1,3,339374,9,124,95,63,10,1650,1495,1208,57,122,1659,16383,1652,1644,1635260,800,2021,2067,523509,11957,8,382604,1496,21752,216,2178718617,2178817720,0,2178817730,2178818245,3342627036,17871233,112,100,1049,0.0696,1645.6,0.05419462833486621,-0.02244755013799482,0.0696,24.73,76.5,,,,,,
2026-07-30T20:38:43.397872+00:00,S033,mounted,true,loose_mount,mild,500,loose_mount-mild_horizontal_no_load_0500rpm,2178917,474,252,4654,5985,5,3,339393,9,124,74,27,5,1650,1494,1196,57,129,1668,16383,1655,1641,1651609,808,1913,2299,523501,11953,8,382598,1496,21753,216,2178818674,2178918379,0,2178918453,2178918967,3376204643,17859281,86,105,1042,0.0696,1645.6,0.44201962411110163,-0.20132344022421167,0.0696,24.45,76.0,,,,,,
2026-07-30T20:38:43.537914+00:00,S033,mounted,true,loose_mount,mild,500,loose_mount-mild_horizontal_no_load_0500rpm,2179017,487,301,4202,5748,2,3,339414,9,124,76,38,10,1650,1494,1202,57,129,1661,16383,1654,1645,1635951,800,1957,2193,523523,11953,8,382592,1496,21754,216,2178919394,2179018452,0,2179018526,2179019041,3345493917,17859281,92,113,1046,0.0696,1645.6,0.26535028520036796,-0.12798899765749194,0.0696,24.67,76.4,,,,,,
2026-07-30T20:38:43.630617+00:00,S033,mounted,true,loose_mount,mild,500,loose_mount-mild_horizontal_no_load_0500rpm,2179117,519,269,4059,5355,5,3,339435,9,124,75,25,2,1650,1494,1221,58,130,1662,16383,1654,1643,1635237,800,1947,2266,523508,11952,8,382584,1496,21755,216,2179019469,2179118518,0,2179118592,2179119107,3342642235,17856292,103,111,1039,0.0696,1645.6,0.38733478313253,-0.14438440963855426,0.0696,24.64,76.3,,,,,,
2026-07-30T20:38:43.724579+00:00,S033,mounted,true,loose_mount,mild,500,loose_mount-mild_horizontal_no_load_0500rpm,2179218,517,261,4159,5424,6,3,339455,9,124,74,17,3,1650,1494,1204,60,131,1657,16383,1653,1646,1635331,800,1941,2062,523537,11953,8,382579,1496,21756,216,2179119535,2179218584,0,2179218658,2179219173,3342930905,17859279,95,113,1041,0.0696,1645.6,0.04701364937672503,-0.1546560676817541,0.0696,24.79,76.6,,,,,,
2026-07-30T20:38:43.819226+00:00,S033,mounted,true,loose_mount,mild,500,loose_mount-mild_horizontal_no_load_0500rpm,2179318,504,274,4220,5579,3,3,339475,9,124,75,21,3,1650,1495,1227,60,131,1662,16383,1654,1643,1635693,800,1931,2333,523535,11958,8,382583,1496,21757,216,2179219600,2179318670,0,2179318744,2179319259,3344511093,17874222,119,103,1043,0.0696,1645.6,0.4970612940291015,-0.1726686889111897,0.0696,24.64,76.3,,,,,,
2026-07-30T20:38:43.912369+00:00,S033,mounted,true,loose_mount,mild,500,loose_mount-mild_horizontal_no_load_0500rpm,2179418,504,274,4220,5579,4,3,339496,9,124,75,21,3,1650,1495,1211,60,133,1660,16383,1653,1643,1651228,808,1946,2070,523494,11958,8,382587,1496,21758,216,2179319691,2179419343,0,2179419353,2179419868,3374493056,17874222,112,96,1044,0.0696,1645.6,0.05890461364776689,-0.14767876417461157,0.0696,24.7,76.5,,,,,,
2026-07-30T20:38:44.006121+00:00,S033,mounted,true,loose_mount,mild,500,loose_mount-mild_horizontal_no_load_0500rpm,2179518,502,251,4339,5592,3,3,339517,9,124,74,21,3,1650,1495,1225,60,133,1665,16383,1653,1644,1635523,800,2013,2164,523502,11959,8,382593,1496,21759,216,2179420295,2179519381,0,2179519390,2179519905,3343720821,17877211,102,81,1045,0.0696,1645.6,0.21520667756501366,-0.03633752914123267,0.0696,24.55,76.2,,,,,,
2026-07-30T20:38:44.099472+00:00,S033,mounted,true,loose_mount,mild,500,loose_mount-mild_horizontal_no_load_0500rpm,2179618,534,298,4112,5506,6,3,339539,9,124,77,36,9,1650,1495,1208,60,129,1660,16383,1654,1644,1635916,800,2015,2137,523527,11957,8,382594,1496,21760,216,2179520332,2179619453,0,2179619462,2179619977,3345321074,17871235,86,108,1033,0.0696,1645.6,0.17082403035878535,-0.032444356025759014,0.0696,24.7,76.5,,,,,,
2026-07-30T20:38:44.240520+00:00,S033,mounted,true,loose_mount,mild,500,loose_mount-mild_horizontal_no_load_0500rpm,2179718,544,233,4063,5133,5,3,339561,9,124,74,26,4,1650,1495,1196,59,129,1660,16383,1653,1646,1636013,800,2011,2257,523527,11958,8,382597,1496,21761,216,2179620404,2179719479,0,2179719493,2179720008,3345753427,17874222,77,111,1033,0.0696,1645.6,0.37044567536377304,-0.039389090316106934,0.0696,24.7,76.5,,,,,,
2026-07-30T20:38:44.333304+00:00,S033,mounted,true,loose_mount,mild,500,loose_mount-mild_horizontal_no_load_0500rpm,2179818,537,305,3963,5386,2,3,339582,9,124,80,40,5,1650,1495,1212,59,129,1664,16383,1652,1646,1635455,800,2025,2071,523520,11956,8,382597,1496,21762,216,2179720435,2179819525,0,2179819535,2179820050,3343428293,17868244,82,93,1032,0.0696,1645.6,0.061147770826363246,-0.015500817999331229,0.0696,24.58,76.2,,,,,,
2026-07-30T20:38:44.428408+00:00,S033,mounted,true,loose_mount,mild,500,loose_mount-mild_horizontal_no_load_0500rpm,2179919,531,236,4126,5236,5,3,339603,9,124,74,26,3,1650,1495,1196,60,129,1664,16383,1653,1645,1635567,800,2019,2211,523511,11958,8,382600,1496,21763,216,2179820476,2179919552,0,2179919562,2179920077,3343925207,17874222,89,95,1040,0.0696,1645.6,0.2938099061716004,-0.026061130456598303,0.0696,24.58,76.2,,,,,,
2026-07-30T20:38:44.522161+00:00,S033,mounted,true,loose_mount,mild,500,loose_mount-mild_horizontal_no_load_0500rpm,2180019,529,286,4072,5424,2,3,339624,9,124,76,22,5,1650,1495,1208,59,119,1664,16383,1654,1642,1635560,800,1977,2147,523530,11958,8,382603,1496,21764,216,2179920503,2180019602,0,2180019612,2180020127,3343870836,17874224,101,95,1048,0.0696,1645.6,0.18718622729553402,-0.09603291971901662,0.0696,24.58,76.2,,,,,,
2026-07-30T20:38:44.616942+00:00,S033,mounted,true,loose_mount,mild,500,loose_mount-mild_horizontal_no_load_0500rpm,2180119,502,256,4303,5578,1,3,339644,9,124,73,12,2,1650,1494,1205,59,119,1662,16383,1653,1643,1635621,800,2013,2074,523518,11955,8,382601,1496,21765,216,2180020554,2180119659,0,2180119669,2180120184,3344102459,17865255,68,87,1038,0.0696,1645.6,0.06643566348807983,-0.03521553249686349,0.0696,24.64,76.3,,,,,,
2026-07-30T20:38:44.709025+00:00,S033,mounted,true,loose_mount,mild,500,loose_mount-mild_horizontal_no_load_0500rpm,2180219,502,256,4303,5578,4,3,339664,9,124,73,12,2,1650,1494,1203,60,114,1664,16383,1654,1646,1635530,800,1911,2067,523536,11955,8,382599,1496,21766,216,2180120610,2180219681,0,2180219691,2180220206,3343754844,17865257,54,77,1048,0.0696,1645.6,0.05477077214554571,-0.20518966348808076,0.0696,24.58,76.2,,,,,,
2026-07-30T20:38:44.801348+00:00,S033,mounted,true,loose_mount,mild,500,loose_mount-mild_horizontal_no_load_0500rpm,2180319,502,247,4336,5567,2,3,339684,9,124,74,21,3,1650,1495,1211,60,114,1665,16383,1652,1642,1634946,800,1945,2065,523518,11959,8,382604,1496,21767,216,2180220632,2180319740,0,2180319750,2180320265,3341358006,17877211,56,90,1042,0.0696,1645.6,0.0502869658834344,-0.14961571494272086,0.0696,24.55,76.2,,,,,,
2026-07-30T20:38:44.943389+00:00,S033,mounted,true,loose_mount,mild,500,loose_mount-mild_horizontal_no_load_0500rpm,2180419,503,243,4325,5535,1,3,339704,9,124,74,25,3,1650,1494,1199,58,110,1661,16383,1653,1646,1651663,808,2021,2243,523503,11954,8,382600,1496,21768,216,2180320691,2180420375,0,2180420449,2180420964,3376301633,17862266,100,92,1045,0.0696,1645.6,0.348372147732976,-0.021602496402878035,0.0696,24.67,76.4,,,,,,
2026-07-30T20:38:45.038289+00:00,S033,mounted,true,loose_mount,mild,500,loose_mount-mild_horizontal_no_load_0500rpm,2180519,502,265,4306,5625,6,3,339725,9,124,74,20,2,1650,1495,1233,58,121,1660,16383,1654,1644,1636036,800,2001,2077,523545,11957,8,382601,1496,21769,216,2180421391,2180520451,0,2180520530,2180521045,3345807612,17871235,114,112,1031,0.0696,1645.6,0.07085597148114076,-0.05577023643054302,0.0696,24.7,76.5,,,,,,
2026-07-30T20:38:45.132359+00:00,S033,mounted,true,loose_mount,mild,500,loose_mount-mild_horizontal_no_load_0500rpm,2180620,502,245,4361,5579,3,3,339745,9,124,74,24,3,1650,1494,1208,58,121,1663,16383,1654,1645,1635256,800,1869,2066,523531,11955,8,382599,1496,21770,216,2180521473,2180620531,0,2180620605,2180621120,3342643842,17865257,116,88,1031,0.0696,1645.6,0.05310435909661182,-0.2751790115432877,0.0696,24.61,76.3,,,,,,
2026-07-30T20:38:45.224914+00:00,S033,mounted,true,loose_mount,mild,500,loose_mount-mild_horizontal_no_load_0500rpm,2180720,503,245,4353,5573,5,3,339765,9,124,74,25,2,1650,1494,1230,57,126,1663,16383,1654,1641,1634621,800,1901,2070,523494,11954,8,382595,1496,21771,216,2180621547,2180720591,0,2180720665,2180721180,3340054005,17862268,91,80,1031,0.0696,1645.6,0.06005857369918033,-0.22158879053036662,0.0696,24.61,76.3,,,,,,
2026-07-30T20:38:45.319164+00:00,S033,mounted,true,loose_mount,mild,500,loose_mount-mild_horizontal_no_load_0500rpm,2180820,503,245,4353,5573,6,3,339785,9,124,74,25,2,1649,1495,1245,56,117,1664,16383,1653,1642,1635004,800,1869,2285,523471,11959,8,382600,1496,21772,216,2180721606,2180820682,0,2180820756,2180821271,3341678906,17877211,69,102,1030,0.0658,1645.6,0.4167752140647205,-0.27622074613262004,0.0658,24.58,76.2,,,,,,
2026-07-30T20:38:45.412294+00:00,S033,mounted,true,loose_mount,mild,500,loose_mount-mild_horizontal_no_load_0500rpm,2180920,502,260,4333,5629,3,3,339805,9,124,74,20,2,1650,1494,1230,56,117,1664,16383,1655,1645,1651783,808,2017,2099,523533,11953,8,382594,1496,21773,216,2180821698,2180921338,0,2180921347,2180921862,3376758303,17859279,53,111,1027,0.0696,1645.6,0.10868124880783014,-0.027987485066510942,0.0696,24.58,76.2,,,,,,
2026-07-30T20:38:45.506543+00:00,S033,mounted,true,loose_mount,mild,500,loose_mount-mild_horizontal_no_load_0500rpm,2181020,503,243,4325,5531,5,3,339825,9,124,74,24,3,1650,1495,1212,55,113,1666,16383,1653,1642,1635469,800,2023,2071,523522,11957,8,382595,1496,21774,216,2180922289,2181021388,0,2181021398,2181021913,3343483795,17871233,86,100,1033,0.0696,1645.6,0.06085916559337612,-0.019115281508739645,0.0696,24.52,76.1,,,,,,
2026-07-30T20:38:45.649005+00:00,S033,mounted,true,loose_mount,mild,500,loose_mount-mild_horizontal_no_load_0500rpm,2181120,503,259,4291,5582,2,3,339846,9,124,74,23,2,1650,1495,1235,55,113,1676,16383,1654,1644,1635298,800,1953,2074,523509,11958,8,382598,1496,21775,216,2181022344,2181121424,0,2181121439,2181121954,3342798938,17874222,112,113,1032,0.0696,1645.6,0.06556859357752076,-0.13601679929754162,0.0696,24.21,75.6,,,,,,
2026-07-30T20:38:45.744853+00:00,S033,mounted,true,loose_mount,mild,500,loose_mount-mild_horizontal_no_load_0500rpm,2181220,502,251,4335,5584,1,3,339866,9,124,74,21,2,1650,1495,1238,57,116,1665,16383,1653,1645,1635895,800,2021,2069,523546,11956,8,382598,1496,21776,216,2181122382,2181221496,0,2181221505,2181222020,3345223275,17868246,100,107,1024,0.0696,1645.6,0.05781522348611556,-0.022165912679826594,0.0696,24.55,76.2,,,,,,
2026-07-30T20:38:45.837491+00:00,S033,mounted,true,loose_mount,mild,500,loose_mount-mild_horizontal_no_load_0500rpm,2181320,501,273,4329,5692,4,3,339886,9,124,76,27,3,1650,1495,1219,57,110,1666,16383,1653,1645,1635590,800,2014,2069,523530,11957,8,382599,1496,21777,216,2181222448,2181321505,0,2181321520,2181322035,3343978492,17871233,113,84,1045,0.0696,1645.6,0.057526896964120944,-0.0341104903403866,0.0696,24.52,76.1,,,,,,
2026-07-30T20:38:45.931704+00:00,S033,mounted,true,loose_mount,mild,500,loose_mount-mild_horizontal_no_load_0500rpm,2181421,501,273,4329,5692,6,3,339905,9,124,76,27,3,1650,1495,1233,57,110,1663,16383,1652,1644,1635098,800,2009,2067,523527,11956,8,382599,1496,21778,216,2181322462,2181421564,0,2181421573,2181422088,3341971502,17868248,118,99,1037,0.0696,1645.6,0.05448267614586788,-0.0421611967213118,0.0696,24.61,76.3,,,,,,
2026-07-30T20:38:46.025476+00:00,S033,mounted,true,loose_mount,mild,500,loose_mount-mild_horizontal_no_load_0500rpm,2181521,489,243,4445,5689,3,3,339925,9,124,73,19,3,1650,1495,1246,60,116,1664,16383,1654,1645,1635368,800,1961,2223,523516,11958,8,382602,1496,21779,216,2181422515,2181521725,0,2181521734,2181522249,3343113926,17874222,76,111,1029,0.0696,1645.6,0.3138018459608629,-0.12268883943803299,0.0696,24.58,76.2,,,,,,
2026-07-30T20:38:46.105481+00:00,S033,mounted,true,loose_mount,mild,500,loose_mount-mild_horizontal_no_load_0500rpm,2181621,490,247,4433,5693,4,3,339946,9,124,73,13,4,1650,1495,1229,59,117,1660,16383,1653,1641,1652223,808,1983,2071,523533,11958,8,382605,1496,21780,216,2181522676,2181622378,0,2181622452,2181622967,3378554009,17874222,90,96,1040,0.0696,1645.6,0.06057060863020558,-0.08603694982438537,0.0696,24.7,76.5,,,,,,
2026-07-30T20:38:46.228213+00:00,S033,mounted,true,loose_mount,mild,500,loose_mount-mild_horizontal_no_load_0500rpm,2181721,529,269,4163,5435,3,3,339967,9,124,77,37,8,1650,1495,1251,59,117,1662,16383,1653,1643,1635556,800,2013,2195,523511,11959,8,382610,1496,21781,216,2181623392,2181722442,0,2181722516,2181723031,3343865654,17877211,89,91,1043,0.0696,1645.6,0.26684820344510385,-0.03633752914123267,0.0696,24.64,76.3,,,,,,
2026-07-30T20:38:46.323408+00:00,S033,mounted,true,loose_mount,mild,500,loose_mount-mild_horizontal_no_load_0500rpm,2181821,531,262,4066,5301,4,3,339988,9,124,75,25,2,1650,1494,1217,60,118,1663,16383,1654,1642,1635722,800,1899,2067,523521,11953,8,382603,1496,21782,216,2181723457,2181822522,0,2181822596,2181823111,3344549630,17859279,100,99,1038,0.0696,1645.6,0.05534710875930715,-0.2246571264954409,0.0696,24.61,76.3,,,,,,
2026-07-30T20:38:46.418589+00:00,S033,mounted,true,loose_mount,mild,500,loose_mount-mild_horizontal_no_load_0500rpm,2181922,521,260,4126,5376,3,3,340009,9,124,77,39,2,1650,1495,1254,60,118,1661,16383,1654,1645,1635478,800,1923,2069,523522,11956,8,382603,1496,21783,216,2181823538,2181922585,0,2181922659,2181923174,3343535562,17868244,93,111,1040,0.0696,1645.6,0.05781522348611556,-0.18546073235195726,0.0696,24.67,76.4,,,,,,
2026-07-30T20:38:46.509788+00:00,S033,mounted,true,loose_mount,mild,500,loose_mount-mild_horizontal_no_load_0500rpm,2182022,517,259,4172,5428,4,3,340030,9,124,74,22,2,1650,1494,1233,61,127,1663,16383,1653,1645,1635550,800,1873,2283,523548,11954,8,382599,1496,21784,216,2181923601,2182022657,0,2182022736,2182023251,3343904422,17862268,104,107,1054,0.0696,1645.6,0.41503424577547277,-0.2682522591601142,0.0696,24.61,76.3,,,,,,
2026-07-30T20:38:46.668671+00:00,S033,mounted,true,loose_mount,mild,500,loose_mount-mild_horizontal_no_load_0500rpm,2182122,516,247,4221,5419,2,3,340050,9,124,75,26,3,1650,1494,1228,59,124,1665,16383,1654,1646,1652035,808,1989,2218,523539,11955,8,382597,1496,21785,216,2182023679,2182123322,0,2182123331,2182123846,3377815605,17865257,91,113,1052,0.0696,1645.6,0.30639914253450407,-0.07520944567126753,0.0696,24.55,76.2,,,,,,
2026-07-30T20:38:46.712418+00:00,S033,mounted,true,loose_mount,mild,500,loose_mount-mild_horizontal_no_load_0500rpm,2182222,516,247,4221,5419,5,3,340071,9,124,75,26,3,1650,1494,1233,59,124,1664,16383,1653,1645,1635686,800,1981,2191,523522,11955,8,382595,1496,21786,216,2182124273,2182223364,0,2182223374,2182223889,3344417486,17865257,89,101,1050,0.0696,1645.6,0.2614059902132997,-0.08854075006273554,0.0696,24.58,76.2,,,,,,
2026-07-30T20:38:46.851931+00:00,S033,mounted,true,loose_mount,mild,500,loose_mount-mild_horizontal_no_load_0500rpm,2182322,517,238,4237,5389,2,3,340092,9,124,75,31,2,1650,1495,1248,59,122,1670,16383,1653,1646,1635771,800,1983,2211,523514,11957,8,382596,1496,21787,216,2182224316,2182323433,0,2182323443,2182323958,3344772483,17871233,91,97,1043,0.0696,1645.6,0.29411796964121395,-0.08576065409383649,0.0696,24.39,75.9,,,,,,
2026-07-30T20:38:46.946277+00:00,S033,mounted,true,loose_mount,mild,500,loose_mount-mild_horizontal_no_load_0500rpm,2182422,514,291,4192,5611,1,3,340112,9,124,77,31,5,1650,1494,1219,62,131,1665,16383,1653,1646,1635444,800,2015,2075,523519,11952,8,382588,1496,21788,216,2182324384,2182423486,0,2182423496,2182424011,3343381764,17856292,79,98,1033,0.0696,1645.6,0.06896999999999975,-0.031039879518072855,0.0696,24.55,76.2,,,,,,
2026-07-30T20:38:47.042168+00:00,S033,mounted,true,loose_mount,mild,500,loose_mount-mild_horizontal_no_load_0500rpm,2182522,502,234,4379,5546,4,3,340132,9,124,73,20,4,1650,1495,1259,62,131,1667,16383,1653,1643,1634942,800,1875,2074,523496,11956,8,382588,1496,21789,216,2182424437,2182523526,0,2182523535,2182524050,3341364084,17868244,59,96,1030,0.0696,1645.6,0.06614659183673455,-0.26544186851789897,0.0696,24.48,76.1,,,,,,
2026-07-30T20:38:47.134487+00:00,S033,mounted,true,loose_mount,mild,500,loose_mount-mild_horizontal_no_load_0500rpm,2182623,503,242,4296,5502,3,3,340153,9,124,74,26,3,1650,1494,1221,59,123,1674,16383,1654,1643,1635602,800,2011,2063,523535,11952,8,382581,1496,21790,216,2182524476,2182623576,0,2182623590,2182624105,3344027170,17856290,76,107,1032,0.0696,1645.6,0.048968024096385676,-0.03770720481927725,0.0696,24.27,75.7,,,,,,
2026-07-30T20:38:47.227358+00:00,S033,mounted,true,loose_mount,mild,500,loose_mount-mild_horizontal_no_load_0500rpm,2182723,530,241,4176,5313,4,3,340174,9,124,74,30,6,1650,1495,1209,59,123,1667,16383,1655,1643,1635485,800,1974,2185,523546,11956,8,382581,1496,21791,216,2182624532,2182723607,0,2182723617,2182724132,3343593361,17868244,81,99,1038,0.0696,1645.6,0.2511029692204749,-0.10048077517564469,0.0696,24.48,76.1,,,,,,
2026-07-30T20:38:47.322475+00:00,S033,mounted,true,loose_mount,mild,500,loose_mount-mild_horizontal_no_load_0500rpm,2182823,531,263,4072,5311,3,3,340195,9,124,74,20,2,1650,1494,1240,59,120,1664,16383,1654,1644,1635275,800,2023,2213,523531,11955,8,382580,1496,21792,216,2182724557,2182823654,0,2182823664,2182824179,3342726001,17865259,80,97,1042,0.0696,1645.6,0.29806707728983683,-0.018551402007528583,0.0696,24.58,76.2,,,,,,
2026-07-30T20:38:47.415200+00:00,S033,mounted,true,loose_mount,mild,500,loose_mount-mild_horizontal_no_load_0500rpm,2182923,531,263,4072,5311,4,3,340216,9,124,74,20,2,1650,1494,1201,59,117,1670,16383,1653,1643,1635451,800,2019,2066,523534,11955,8,382579,1496,21793,216,2182824605,2182923686,0,2182923696,2182924211,3343407663,17865257,75,81,1040,0.0696,1645.6,0.05310435909661182,-0.025217054203262812,0.0696,24.39,75.9,,,,,,
2026-07-30T20:38:47.510912+00:00,S033,mounted,true,loose_mount,mild,500,loose_mount-mild_horizontal_no_load_0500rpm,2183023,520,260,4122,5370,3,3,340237,9,124,77,39,2,1650,1495,1221,59,117,1660,16383,1653,1642,1635470,800,2015,2186,523526,11959,8,382585,1496,21794,216,2182924637,2183023725,0,2183023739,2183024254,3343509070,17877211,79,68,1039,0.0696,1645.6,0.25185550238314214,-0.033005817794130365,0.0696,24.7,76.5,,,,,,
2026-07-30T20:38:47.651600+00:00,S033,mounted,true,loose_mount,mild,500,loose_mount-mild_horizontal_no_load_0500rpm,2183123,516,262,4171,5443,5,3,340257,9,124,75,22,2,1650,1494,1191,59,122,1654,16383,1653,1644,1651443,808,1935,2197,523513,11955,8,382584,1496,21795,216,2183024680,2183124381,0,2183124455,2183124970,3375400355,17865255,71,85,1039,0.0696,1645.6,0.27140446850690036,-0.16519575031367673,0.0696,24.88,76.8,,,,,,
2026-07-30T20:38:47.744197+00:00,S033,mounted,true,loose_mount,mild,500,loose_mount-mild_horizontal_no_load_0500rpm,2183223,501,319,4231,5824,6,3,340277,9,124,90,68,4,1650,1494,1209,59,125,1657,16383,1654,1642,1635229,800,1987,2079,523492,11954,8,382581,1496,21796,216,2183125399,2183224464,0,2183224538,2183225053,3342513897,17862268,87,70,1048,0.0696,1645.6,0.07505754575874146,-0.078265279739,0.0696,24.79,76.6,,,,,,
2026-07-30T20:38:47.838206+00:00,S033,mounted,true,loose_mount,mild,500,loose_mount-mild_horizontal_no_load_0500rpm,2183323,490,241,4480,5711,2,3,340296,9,124,74,24,2,1649,1495,1211,59,125,1667,16383,1652,1642,1634842,800,1965,2199,523462,11959,8,382587,1496,21797,216,2183225479,2183324526,0,2183324600,2183325114,3340959480,17877211,105,84,1041,0.0658,1645.6,0.2735116261393089,-0.11629860147169557,0.0658,24.48,76.1,,,,,,
2026-07-30T20:38:47.934253+00:00,S033,mounted,true,loose_mount,mild,500,loose_mount-mild_horizontal_no_load_0500rpm,2183424,494,241,4359,5579,1,3,340316,9,124,72,14,3,1650,1494,1225,62,125,1665,16383,1654,1645,1635674,800,2021,2073,523549,11952,8,382580,1496,21798,216,2183325542,2183424612,0,2183424686,2183425201,3344324124,17856292,116,79,1048,0.0696,1645.6,0.06563633734939733,-0.021038891566265594,0.0696,24.55,76.2,,,,,,
2026-07-30T20:38:48.028236+00:00,S033,mounted,true,loose_mount,mild,500,loose_mount-mild_horizontal_no_load_0500rpm,2183524,494,241,4359,5579,4,3,340336,9,124,72,14,3,1650,1495,1219,62,125,1662,16383,1655,1646,1635856,800,1999,2255,523568,11958,8,382584,1496,21799,216,2183425628,2183524702,0,2183524776,2183525291,3345114984,17874222,130,86,1046,0.0696,1645.6,0.3671136853988961,-0.05938103010536944,0.0696,24.64,76.3,,,,,,
2026-07-30T20:38:48.121889+00:00,S033,mounted,true,loose_mount,mild,500,loose_mount-mild_horizontal_no_load_0500rpm,2183624,503,253,4300,5556,3,3,340357,9,124,74,21,2,1650,1495,1229,61,125,1669,16383,1653,1643,1651917,808,1977,2331,523543,11958,8,382588,1496,21800,216,2183525722,2183625375,0,2183625384,2183625899,3377399289,17874222,113,95,1041,0.0696,1645.6,0.49372930406422455,-0.09603291971901662,0.0696,24.42,76.0,,,,,,
2026-07-30T20:38:48.216555+00:00,S033,mounted,true,loose_mount,mild,500,loose_mount-mild_horizontal_no_load_0500rpm,2183724,507,251,4212,5451,4,3,340378,9,124,73,23,6,1650,1494,1214,62,125,1665,16383,1653,1642,1635764,800,1943,2069,523558,11955,8,382587,1496,21801,216,2183626326,2183725414,0,2183725424,2183725939,3344701856,17865257,91,87,1043,0.0696,1645.6,0.0581035982434126,-0.1518644459222087,0.0696,24.55,76.2,,,,,,
2026-07-30T20:38:48.355916+00:00,S033,mounted,true,loose_mount,mild,500,loose_mount-mild_horizontal_no_load_0500rpm,2183824,531,268,4054,5315,3,3,340399,9,124,75,25,2,1650,1494,1211,62,125,1665,16383,1654,1641,1635062,800,1991,2125,523514,11955,8,382586,1496,21802,216,2183726365,2183825449,0,2183825459,2183825974,3341837298,17865259,97,76,1059,0.0696,1645.6,0.1514227289836887,-0.07187661957340064,0.0696,24.55,76.2,,,,,,
2026-07-30T20:38:48.449719+00:00,S033,mounted,true,loose_mount,mild,500,loose_mount-mild_horizontal_no_load_0500rpm,2183924,531,248,4102,5272,4,3,340420,9,124,74,24,3,1650,1494,1201,62,127,1662,16383,1653,1642,1635520,800,1961,2073,523505,11954,8,382583,1496,21803,216,2183826400,2183925488,0,2183925498,2183926013,3343700720,17862274,94,95,1044,0.0696,1645.6,0.06505823105236708,-0.12159564346662233,0.0696,24.64,76.3,,,,,,
2026-07-30T20:38:48.547140+00:00,S033,mounted,true,loose_mount,mild,500,loose_mount-mild_horizontal_no_load_0500rpm,2184025,518,284,4102,5471,3,3,340441,9,124,77,31,3,1650,1495,1195,62,126,1662,16383,1654,1643,1635275,800,1962,2075,523543,11957,8,382585,1496,21804,216,2183926442,2184025550,0,2184025559,2184026074,3342701929,17871233,121,92,1052,0.0696,1645.6,0.06752370285188558,-0.12074947470101227,0.0696,24.64,76.3,,,,,,
2026-07-30T20:38:48.637277+00:00,S033,mounted,true,loose_mount,mild,500,loose_mount-mild_horizontal_no_load_0500rpm,2184125,517,251,4236,5453,4,3,340462,9,124,74,24,2,1650,1495,1183,62,126,1662,16383,1653,1645,1635842,800,1813,2350,523547,11957,8,382587,1496,21805,216,2184026501,2184125571,0,2184125580,2184126095,3345175890,17871233,118,104,1031,0.0696,1645.6,0.5257106393744246,-0.36900348758049706,0.0696,24.64,76.3,,,,,,
2026-07-30T20:38:48.730494+00:00,S033,mounted,true,loose_mount,mild,500,loose_mount-mild_horizontal_no_load_0500rpm,2184225,516,243,4227,5405,2,3,340482,9,124,74,24,2,1650,1495,1196,63,128,1662,16383,1654,1644,1635031,800,2021,2070,523523,11956,8,382587,1496,21806,216,2184126524,2184225593,0,2184225603,2184226118,3341693847,17868244,93,124,1019,0.0696,1645.6,0.05948149715623918,-0.022165912679826594,0.0696,24.64,76.3,,,,,,
2026-07-30T20:38:48.839011+00:00,S033,mounted,true,loose_mount,mild,500,loose_mount-mild_horizontal_no_load_0500rpm,2184325,516,243,4227,5405,5,3,340503,9,124,74,24,2,1650,1494,1216,63,128,1669,16383,1653,1644,1635441,800,1865,2254,523526,11955,8,382586,1496,21807,216,2184226545,2184325645,0,2184325654,2184326169,3343445413,17865255,97,108,1027,0.0696,1645.6,0.36639001229611035,-0.28184466373902195,0.0696,24.42,76.0,,,,,,
2026-07-30T20:38:48.932498+00:00,S033,mounted,true,loose_mount,mild,500,loose_mount-mild_horizontal_no_load_0500rpm,2184425,516,263,4176,5452,2,3,340524,9,124,75,23,2,1650,1494,1217,62,121,1668,16383,1654,1644,1635335,800,1885,2077,523529,11952,8,382579,1496,21808,216,2184326596,2184425713,0,2184425727,2184426242,3342963041,17856296,101,92,1033,0.0696,1645.6,0.07230366265060217,-0.24772795180722929,0.0696,24.45,76.0,,,,,,
2026-07-30T20:38:49.026629+00:00,S033,mounted,true,loose_mount,mild,500,loose_mount-mild_horizontal_no_load_0500rpm,2184525,517,242,4240,5414,5,3,340545,9,124,74,27,3,1650,1495,1217,61,122,1668,16383,1653,1643,1651658,808,2019,2139,523479,11958,8,382583,1496,21809,216,2184426669,2184526352,0,2184526430,2184526946,3376254228,17874224,97,80,1033,0.0696,1645.6,0.17385826743602584,-0.026061130456598303,0.0696,24.45,76.0,,,,,,
2026-07-30T20:38:49.120447+00:00,S033,mounted,true,loose_mount,mild,500,loose_mount-mild_horizontal_no_load_0500rpm,2184625,517,249,4222,5426,6,3,340565,9,124,74,25,3,1650,1495,1202,61,122,1666,16383,1654,1644,1636232,800,1775,2297,523559,11958,8,382587,1496,21810,216,2184527371,2184626429,0,2184626503,2184627018,3346817042,17874222,75,81,1029,0.0696,1645.6,0.4370854746613144,-0.43256390617160045,0.0696,24.52,76.1,,,,,,
2026-07-30T20:38:49.230588+00:00,S033,mounted,true,loose_mount,mild,500,loose_mount-mild_horizontal_no_load_0500rpm,2184725,515,275,4229,5563,3,3,340585,9,124,75,22,3,1650,1494,1218,62,120,1665,16383,1654,1641,1635714,800,2015,2067,523549,11954,8,382584,1496,21811,216,2184627444,2184726497,0,2184726571,2184727086,3344486098,17862268,116,81,1042,0.0696,1645.6,0.05505891634599269,-0.03160181110925242,0.0696,24.55,76.2,,,,,,
2026-07-30T20:38:49.356195+00:00,S033,mounted,true,loose_mount,mild,500,loose_mount-mild_horizontal_no_load_0500rpm,2184826,488,260,4404,5738,5,3,340605,9,124,74,16,2,1650,1495,1201,61,116,1659,16383,1655,1644,1635104,800,2019,2083,523521,11956,8,382584,1496,21812,216,2184727513,2184826720,0,2184826794,2184827309,3341997132,17868248,85,92,1037,0.0696,1645.6,0.08114305486784845,-0.025498460020073832,0.0696,24.73,76.5,,,,,,
2026-07-30T20:38:49.450558+00:00,S033,mounted,true,loose_mount,mild,500,loose_mount-mild_horizontal_no_load_0500rpm,2184926,488,260,4404,5738,6,3,340625,9,124,74,16,2,1650,1495,1203,61,116,1664,16383,1654,1644,1651615,808,2019,2211,523506,11956,8,382584,1496,21813,216,2184827735,2184927372,0,2184927386,2184927901,3376094005,17868246,72,102,1027,0.0696,1645.6,0.29442608464369346,-0.025498460020073832,0.0696,24.58,76.2,,,,,,
2026-07-30T20:38:49.545507+00:00,S033,mounted,true,loose_mount,mild,500,loose_mount-mild_horizontal_no_load_0500rpm,2185026,490,260,4415,5743,3,3,340645,9,124,75,23,3,1650,1495,1221,62,118,1667,16383,1653,1645,1635336,800,1867,2065,523519,11956,8,382584,1496,21814,216,2184928328,2185027424,0,2185027433,2185027948,3342973744,17868244,79,105,1027,0.0696,1645.6,0.0511501288056202,-0.27877205787888926,0.0696,24.48,76.1,,,,,,
2026-07-30T20:38:49.638658+00:00,S033,mounted,true,loose_mount,mild,500,loose_mount-mild_horizontal_no_load_0500rpm,2185126,515,265,4286,5572,4,3,340666,9,124,74,27,6,1650,1495,1206,62,118,1665,16383,1655,1646,1636079,800,2015,2341,523521,11957,8,382586,1496,21815,216,2185028375,2185127467,0,2185127477,2185127992,3346093503,17871233,89,104,1027,0.0696,1645.6,0.5107154305427777,-0.032444356025759014,0.0696,24.55,76.2,,,,,,
2026-07-30T20:38:49.732261+00:00,S033,mounted,true,loose_mount,mild,500,loose_mount-mild_horizontal_no_load_0500rpm,2185226,517,250,4212,5423,3,3,340687,9,124,74,23,2,1650,1494,1210,62,116,1664,16383,1655,1645,1635830,800,1875,2205,523552,11954,8,382583,1496,21816,216,2185128419,2185227497,0,2185227506,2185228021,3345021622,17862268,94,101,1034,0.0696,1645.6,0.2850431545926049,-0.2649191542579894,0.0696,24.58,76.2,,,,,,
2026-07-30T20:38:49.827451+00:00,S033,mounted,true,loose_mount,mild,500,loose_mount-mild_horizontal_no_load_0500rpm,2185327,516,264,4191,5472,5,3,340707,9,124,75,23,2,1650,1494,1206,60,114,1666,16383,1653,1642,1635538,800,1991,2081,523513,11954,8,382580,1496,21817,216,2185228448,2185327700,0,2185327709,2185328224,3343771432,17862270,74,96,1034,0.0696,1645.6,0.07839065066086626,-0.0715990699347504,0.0696,24.52,76.1,,,,,,
2026-07-30T20:38:49.923078+00:00,S033,mounted,true,loose_mount,mild,500,loose_mount-mild_horizontal_no_load_0500rpm,2185427,517,248,4233,5433,2,3,340728,9,124,74,26,3,1650,1495,1237,60,114,1694,16383,1652,1646,1651489,808,1953,2082,523512,11957,8,382582,1496,21818,216,2185328650,2185428371,0,2185428445,2185428960,3375564579,17871233,85,83,1045,0.0696,1645.6,0.0791866430542778,-0.13574468353265923,0.0696,23.67,74.6,,,,,,
2026-07-30T20:38:50.063175+00:00,S033,mounted,true,loose_mount,mild,500,loose_mount-mild_horizontal_no_load_0500rpm,2185527,509,280,4220,5594,1,3,340748,9,124,81,48,3,1650,1494,1240,62,124,1684,16383,1652,1642,1635013,800,1781,2245,523522,11955,8,382581,1496,21819,216,2185429386,2185528431,0,2185528505,2185529020,3341832821,17865257,109,96,1039,0.0696,1645.6,0.3513922948557089,-0.42182335984943586,0.0696,23.97,75.1,,,,,,
2026-07-30T20:38:50.156568+00:00,S033,mounted,true,loose_mount,mild,500,loose_mount-mild_horizontal_no_load_0500rpm,2185627,509,280,4220,5594,6,3,340769,9,124,81,48,3,1650,1494,1229,62,124,1679,16383,1652,1644,1635365,800,2019,2295,523521,11955,8,382580,1496,21820,216,2185529447,2185628493,0,2185628572,2185629087,3343122445,17865257,113,78,1043,0.0696,1645.6,0.4347129473023834,-0.025217054203262812,0.0696,24.12,75.4,,,,,,
2026-07-30T20:38:50.251318+00:00,S033,mounted,true,loose_mount,mild,500,loose_mount-mild_horizontal_no_load_0500rpm,2185728,504,250,4317,5556,3,3,340789,9,124,74,25,2,1650,1494,1243,62,124,1674,16383,1654,1645,1635468,800,1959,2081,523521,11955,8,382579,1496,21821,216,2185629514,2185728565,0,2185728639,2185729154,3343488660,17865257,121,66,1043,0.0696,1645.6,0.07810055483061484,-0.12520183713927224,0.0696,24.27,75.7,,,,,,
2026-07-30T20:38:50.345540+00:00,S033,mounted,true,loose_mount,mild,500,loose_mount-mild_horizontal_no_load_0500rpm,2185828,502,249,4331,5574,5,3,340809,9,124,74,21,3,1650,1494,1227,63,135,1666,16383,1653,1645,1635270,800,1943,2167,523502,11954,8,382576,1496,21822,216,2185729581,2185828632,0,2185828706,2185829221,3342700400,17862270,105,73,1044,0.0696,1645.6,0.22171416145223377,-0.15159358758574548,0.0696,24.52,76.1,,,,,,
2026-07-30T20:38:50.442118+00:00,S033,mounted,true,loose_mount,mild,500,loose_mount-mild_horizontal_no_load_0500rpm,2185928,503,245,4301,5519,6,3,340829,9,124,74,24,2,1650,1495,1222,63,135,1666,16383,1652,1646,1635713,800,1974,2156,523524,11957,8,382579,1496,21823,216,2185829648,2185928700,0,2185928774,2185929289,3344499529,17871233,73,93,1044,0.0696,1645.6,0.2024805823367064,-0.100755862925483,0.0696,24.52,76.1,,,,,,
2026-07-30T20:38:50.536197+00:00,S033,mounted,true,loose_mount,mild,500,loose_mount-mild_horizontal_no_load_0500rpm,2186028,504,242,4292,5495,1,3,340850,9,124,73,17,5,1650,1494,1229,60,124,1665,16383,1655,1642,1651270,808,2007,2068,523503,11954,8,382576,1496,21824,216,2185929715,2186029378,0,2186029387,2186029902,3374658466,17862268,95,110,1032,0.0696,1645.6,0.056725468797055534,-0.0449342307177516,0.0696,24.55,76.2,,,,,,
2026-07-30T20:38:50.631010+00:00,S033,mounted,true,loose_mount,mild,500,loose_mount-mild_horizontal_no_load_0500rpm,2186128,530,238,4160,5282,6,3,340871,9,124,74,25,3,1650,1494,1235,60,134,1663,16383,1655,1645,1635631,800,1809,2072,523546,11953,8,382571,1496,21825,216,2186030329,2186129405,0,2186129414,2186129929,3344201937,17859281,96,108,1033,0.0696,1645.6,0.06368056814188883,-0.37465939538191284,0.0696,24.61,76.3,,,,,,
2026-07-30T20:38:50.770593+00:00,S033,mounted,true,loose_mount,mild,500,loose_mount-mild_horizontal_no_load_0500rpm,2186228,530,248,4122,5291,1,3,340892,9,124,74,24,1,1650,1494,1236,60,134,1663,16383,1653,1640,1635424,800,1845,2077,523527,11955,8,382571,1496,21826,216,2186130356,2186229512,0,2186229522,2186230037,3343359534,17865255,80,97,1034,0.0696,1645.6,0.07143490263488061,-0.31517292471769176,0.0696,24.61,76.3,,,,,,
2026-07-30T20:38:50.864328+00:00,S033,mounted,true,loose_mount,mild,500,loose_mount-mild_horizontal_no_load_0500rpm,2186329,530,248,4122,5291,6,3,340913,9,124,74,24,1,1650,1495,1266,58,133,1661,16383,1653,1644,1635056,800,1967,2067,523529,11957,8,382574,1496,21827,216,2186230463,2186329558,0,2186329567,2186330082,3341798238,17871233,77,95,1034,0.0696,1645.6,0.05419462833486621,-0.11241880312787478,0.0696,24.67,76.4,,,,,,
2026-07-30T20:38:50.956993+00:00,S033,mounted,true,loose_mount,mild,500,loose_mount-mild_horizontal_no_load_0500rpm,2186429,520,256,4152,5385,1,3,340934,9,124,78,42,1,1650,1494,1238,60,134,1662,16383,1654,1643,1635063,800,1913,2090,523507,11954,8,382572,1496,21828,216,2186330508,2186429745,0,2186429754,2186430269,3341865633,17862268,92,90,1041,0.0696,1645.6,0.09338962272042783,-0.2015901611176174,0.0696,24.64,76.3,,,,,,
2026-07-30T20:38:51.051133+00:00,S033,mounted,true,loose_mount,mild,500,loose_mount-mild_horizontal_no_load_0500rpm,2186529,517,254,4194,5422,6,3,340955,9,124,74,23,2,1650,1495,1229,60,134,1669,16383,1655,1643,1652148,808,2003,2209,523520,11956,8,382573,1496,21829,216,2186430695,2186530462,0,2186530536,2186531051,3378278142,17868246,96,98,1041,0.0696,1645.6,0.2910935373034458,-0.0521588387420544,0.0696,24.42,76.0,,,,,,
2026-07-30T20:38:51.145050+00:00,S033,mounted,true,loose_mount,mild,500,loose_mount-mild_horizontal_no_load_0500rpm,2186630,517,250,4220,5433,3,3,340975,9,124,74,20,2,1650,1494,1240,57,136,1667,16383,1653,1645,1635001,800,1993,2067,523507,11951,8,382565,1496,21830,216,2186531477,2186630538,0,2186630612,2186631126,3341574321,17853303,83,92,1033,0.0696,1645.6,0.05592363827294777,-0.0674322007363406,0.0696,24.48,76.1,,,,,,
2026-07-30T20:38:51.238515+00:00,S033,mounted,true,loose_mount,mild,500,loose_mount-mild_horizontal_no_load_0500rpm,2186730,516,242,4220,5394,4,3,340996,9,124,73,19,2,1650,1495,1217,57,136,1665,16383,1654,1645,1635621,800,1925,2077,523550,11957,8,382568,1496,21831,216,2186631552,2186730615,0,2186730689,2186731204,3344125305,17871233,70,109,1020,0.0696,1645.6,0.07085597148114076,-0.18239644434222635,0.0696,24.55,76.2,,,,,,
2026-07-30T20:38:51.331008+00:00,S033,mounted,true,loose_mount,mild,500,loose_mount-mild_horizontal_no_load_0500rpm,2186830,521,250,4123,5321,3,3,341017,9,124,72,17,5,1650,1495,1237,59,136,1661,16383,1653,1643,1635653,800,2010,2206,523547,11957,8,382571,1496,21832,216,2186731631,2186830704,0,2186830778,2186831293,3344260983,17871233,85,99,1037,0.0696,1645.6,0.2857872980680769,-0.04077502759889606,0.0696,24.67,76.4,,,,,,
2026-07-30T20:38:51.471186+00:00,S033,mounted,true,loose_mount,mild,500,loose_mount-mild_horizontal_no_load_0500rpm,2186930,532,253,4051,5243,6,3,341039,9,124,73,18,2,1650,1495,1224,60,137,1660,16383,1653,1643,1651496,808,2025,2067,523505,11958,8,382576,1496,21833,216,2186831719,2186931390,0,2186931405,2186931920,3375579182,17874222,101,96,1041,0.0696,1645.6,0.053906628700451265,-0.01606516056196705,0.0696,24.7,76.5,,,,,,
2026-07-30T20:38:51.565796+00:00,S033,mounted,true,loose_mount,mild,500,loose_mount-mild_horizontal_no_load_0500rpm,2187030,530,253,4086,5281,1,3,341060,9,124,74,17,2,1650,1495,1235,60,137,1662,16383,1654,1642,1635709,800,2021,2295,523517,11956,8,382577,1496,21834,216,2186932347,2187031434,0,2187031443,2187031958,3344550887,17868244,108,94,1040,0.0696,1645.6,0.43439307293409124,-0.022165912679826594,0.0696,24.64,76.3,,,,,,
2026-07-30T20:38:51.659763+00:00,S033,mounted,true,loose_mount,mild,500,loose_mount-mild_horizontal_no_load_0500rpm,2187130,530,253,4086,5281,4,3,341080,9,124,74,17,2,1650,1494,1225,63,139,1668,16383,1653,1642,1635078,800,2019,2187,523499,11955,8,382576,1496,21835,216,2187032385,2187131473,0,2187131483,2187131998,3341909970,17865257,63,97,1043,0.0696,1645.6,0.25474033801756546,-0.025217054203262812,0.0696,24.45,76.0,,,,,,
2026-07-30T20:38:51.753326+00:00,S033,mounted,true,loose_mount,mild,500,loose_mount-mild_horizontal_no_load_0500rpm,2187230,503,291,4134,5579,2,3,341100,9,124,76,23,4,1650,1495,1235,61,130,1666,16383,1654,1645,1635659,800,2015,2207,523517,11958,8,382581,1496,21836,216,2187132424,2187231505,0,2187231514,2187232030,3344283603,17874222,63,102,1045,0.0696,1645.6,0.28714592624184654,-0.032725110386352174,0.0696,24.52,76.1,,,,,,
2026-07-30T20:38:51.847872+00:00,S033,mounted,true,loose_mount,mild,500,loose_mount-mild_horizontal_no_load_0500rpm,2187331,503,243,4313,5522,5,3,341121,9,124,73,21,3,1650,1494,1219,61,130,1668,16383,1655,1642,1634652,800,1849,2063,523491,11954,8,382578,1496,21837,216,2187232456,2187331565,0,2187331575,2187332090,3340207730,17862268,72,103,1042,0.0696,1645.6,0.0483927065417431,-0.30824951798561173,0.0696,24.45,76.0,,,,,,
2026-07-30T20:38:51.941974+00:00,S033,mounted,true,loose_mount,mild,500,loose_mount-mild_horizontal_no_load_0500rpm,2187431,523,262,4194,5447,2,3,341142,9,124,74,21,5,1650,1495,1229,60,124,1666,16383,1653,1643,1635076,800,1979,2069,523497,11958,8,382582,1496,21838,216,2187332517,2187431607,0,2187431617,2187432132,3341885838,17874222,66,109,1030,0.0696,1645.6,0.0572386186653282,-0.09270092975413968,0.0696,24.52,76.1,,,,,,
2026-07-30T20:38:52.035987+00:00,S033,mounted,true,loose_mount,mild,500,loose_mount-mild_horizontal_no_load_0500rpm,2187531,530,238,4143,5266,5,3,341163,9,124,74,26,3,1650,1495,1230,60,124,1665,16383,1654,1645,1635737,800,1967,2155,523542,11959,8,382588,1496,21839,216,2187432559,2187531627,0,2187531636,2187532151,3344600701,17877211,76,108,1037,0.0696,1645.6,0.20021397650305195,-0.11296689012459282,0.0696,24.55,76.2,,,,,,
2026-07-30T20:38:52.179006+00:00,S033,mounted,true,loose_mount,mild,500,loose_mount-mild_horizontal_no_load_0500rpm,2187631,538,243,4015,5143,3,3,341185,9,124,72,12,2,1650,1495,1233,61,127,1664,16383,1653,1646,1635622,800,1883,2073,523587,11956,8,382588,1496,21840,216,2187532579,2187631673,0,2187631682,2187632197,3344135840,17868244,80,109,1030,0.0696,1645.6,0.06448031816661048,-0.2521116791569087,0.0696,24.58,76.2,,,,,,
2026-07-30T20:38:52.272803+00:00,S033,mounted,true,loose_mount,mild,500,loose_mount-mild_horizontal_no_load_0500rpm,2187731,544,240,4003,5108,6,3,341207,9,124,73,23,5,1650,1495,1226,58,120,1660,16383,1653,1644,1635251,800,1845,2068,523564,11957,8,382590,1496,21841,216,2187632624,2187731727,0,2187731736,2187732251,3342669453,17871233,77,108,1033,0.0696,1645.6,0.0558607626494938,-0.31568718951242003,0.0696,24.7,76.5,,,,,,
2026-07-30T20:38:52.368562+00:00,S033,mounted,true,loose_mount,mild,500,loose_mount-mild_horizontal_no_load_0500rpm,2187831,544,272,3961,5213,1,3,341228,9,124,74,17,2,1650,1495,1233,58,120,1660,16383,1652,1644,1651744,808,1981,2165,523554,11958,8,382594,1496,21842,216,2187732678,2187832366,0,2187832440,2187832955,3376613962,17874224,86,115,1037,0.0696,1645.6,0.21717413697942733,-0.08936893978926275,0.0696,24.7,76.5,,,,,,
2026-07-30T20:38:52.462872+00:00,S033,mounted,true,loose_mount,mild,500,loose_mount-mild_horizontal_no_load_0500rpm,2187932,530,258,4090,5307,2,3,341250,9,124,74,19,4,1650,1495,1216,56,113,1668,16383,1653,1645,1635610,800,2015,2071,523550,11956,8,382594,1496,21843,216,2187833382,2187932595,0,2187932669,2187933184,3344057208,17868246,86,101,1038,0.0696,1645.6,0.061147770826363246,-0.0321635547005692,0.0696,24.45,76.0,,,,,,
2026-07-30T20:38:52.557168+00:00,S033,mounted,true,loose_mount,mild,500,loose_mount-mild_horizontal_no_load_0500rpm,2188032,530,258,4090,5307,5,3,341271,9,124,74,19,4,1650,1495,1192,55,116,1665,16383,1654,1642,1635271,800,1973,2254,523533,11957,8,382595,1496,21844,216,2187933611,2188032650,0,2188032724,2188033239,3342734705,17871235,84,91,1034,0.0696,1645.6,0.3657617451701931,-0.10242199724011058,0.0696,24.55,76.2,,,,,,
2026-07-30T20:38:52.651012+00:00,S033,mounted,true,loose_mount,mild,500,loose_mount-mild_horizontal_no_load_0500rpm,2188132,530,244,4132,5285,2,3,341292,9,124,74,23,1,1650,1494,1191,55,116,1672,16383,1653,1642,1635403,800,1911,2243,523492,11954,8,382591,1496,21845,216,2188033664,2188132717,0,2188132796,2188133311,3343271253,17862268,89,82,1036,0.0696,1645.6,0.348372147732976,-0.2049232660197422,0.0696,24.33,75.8,,,,,,
2026-07-30T20:38:52.744418+00:00,S033,mounted,true,loose_mount,mild,500,loose_mount-mild_horizontal_no_load_0500rpm,2188232,509,282,4147,5532,1,3,341312,9,124,83,55,4,1650,1494,1202,56,121,1673,16383,1653,1642,1651346,808,1801,2078,523512,11955,8,382590,1496,21846,216,2188133737,2188233387,0,2188233396,2188233912,3375034034,17865257,81,82,1035,0.0696,1645.6,0.07310131568381406,-0.3884950988707656,0.0696,24.3,75.7,,,,,,
2026-07-30T20:38:52.838258+00:00,S033,mounted,true,loose_mount,mild,500,loose_mount-mild_horizontal_no_load_0500rpm,2188332,502,255,4322,5592,4,3,341332,9,124,75,23,2,1650,1494,1225,56,121,1682,16383,1653,1645,1635276,800,2025,2071,523508,11954,8,382587,1496,21847,216,2188234337,2188333415,0,2188333424,2188333939,3342694054,17862266,80,86,1043,0.0696,1645.6,0.06172512615024228,-0.014936286598628001,0.0696,24.03,75.3,,,,,,
2026-07-30T20:38:52.979176+00:00,S033,mounted,true,loose_mount,mild,500,loose_mount-mild_horizontal_no_load_0500rpm,2188432,503,247,4306,5533,2,3,341352,9,124,74,26,2,1650,1494,1198,56,115,1675,16383,1653,1642,1635361,800,2011,2067,523538,11953,8,382582,1496,21848,216,2188334365,2188433506,0,2188433515,2188434030,3343045449,17859281,80,110,1033,0.0696,1645.6,0.05534710875930715,-0.037987636325608864,0.0696,24.24,75.6,,,,,,
2026-07-30T20:38:53.074029+00:00,S033,mounted,true,loose_mount,mild,500,loose_mount-mild_horizontal_no_load_0500rpm,2188533,503,260,4291,5586,1,3,341372,9,124,75,22,2,1650,1494,1196,59,122,1668,16383,1653,1642,1635494,800,2011,2329,523523,11954,8,382579,1496,21849,216,2188434457,2188533551,0,2188533560,2188534075,3343704886,17862270,109,105,1042,0.0696,1645.6,0.49169565852434305,-0.03826802091350201,0.0696,24.45,76.0,,,,,,
2026-07-30T20:38:53.166771+00:00,S033,mounted,true,loose_mount,mild,500,loose_mount-mild_horizontal_no_load_0500rpm,2188633,503,260,4291,5586,6,3,341393,9,124,75,22,2,1650,1495,1212,59,122,1665,16383,1655,1642,1635668,800,1949,2129,523539,11956,8,382579,1496,21850,216,2188534504,2188633590,0,2188633604,2188634119,3344312378,17868246,124,94,1035,0.0696,1645.6,0.15779164369354293,-0.14213761692873916,0.0696,24.55,76.2,,,,,,
2026-07-30T20:38:53.260472+00:00,S033,mounted,true,loose_mount,mild,500,loose_mount-mild_horizontal_no_load_0500rpm,2188733,509,258,4220,5490,3,3,341413,9,124,71,14,6,1650,1495,1217,61,118,1665,16383,1653,1642,1635722,800,1847,2283,523530,11956,8,382579,1496,21851,216,2188634546,2188733655,0,2188733664,2188734179,3344634096,17868246,103,104,1043,0.0696,1645.6,0.4143977888926056,-0.3120975312813652,0.0696,24.55,76.2,,,,,,
2026-07-30T20:38:53.352689+00:00,S033,mounted,true,loose_mount,mild,500,loose_mount-mild_horizontal_no_load_0500rpm,2188833,517,256,4153,5395,4,3,341434,9,124,74,19,3,1650,1495,1216,59,116,1663,16383,1655,1641,1635604,800,1989,2227,523547,11956,8,382579,1496,21852,216,2188734611,2188833671,0,2188833681,2188834196,3344077448,17868246,95,111,1044,0.0696,1645.6,0.32108646336567404,-0.07548667012378774,0.0696,24.61,76.3,,,,,,
2026-07-30T20:38:53.448060+00:00,S033,mounted,true,loose_mount,mild,500,loose_mount-mild_horizontal_no_load_0500rpm,2188933,516,267,4179,5472,3,3,341455,9,124,75,23,2,1650,1494,1206,59,116,1663,16383,1653,1647,1635380,800,1935,2079,523541,11951,8,382570,1496,21853,216,2188834623,2188933728,0,2188933737,2188934252,3343138266,17853315,98,106,1041,0.0696,1645.6,0.07592728784202141,-0.1641165069868631,0.0696,24.61,76.3,,,,,,
2026-07-30T20:38:53.542715+00:00,S033,mounted,true,loose_mount,mild,500,loose_mount-mild_horizontal_no_load_0500rpm,2189033,517,252,4227,5449,4,3,341476,9,124,75,27,3,1650,1495,1242,61,115,1663,16383,1654,1643,1651520,808,1957,2061,523507,11956,8,382571,1496,21854,216,2188934679,2189034357,0,2189034431,2189034946,3375686768,17868246,99,105,1037,0.0696,1645.6,0.04448503412512528,-0.12880742756774888,0.0696,24.61,76.3,,,,,,
2026-07-30T20:38:53.651418+00:00,S033,mounted,true,loose_mount,mild,500,loose_mount-mild_horizontal_no_load_0500rpm,2189133,517,239,4227,5384,2,3,341496,9,124,73,21,3,1650,1495,1232,61,115,1661,16383,1653,1646,1635835,800,1857,2065,523558,11958,8,382576,1496,21855,216,2189035373,2189134469,0,2189134543,2189135058,3345011637,17874222,95,98,1038,0.0696,1645.6,0.05057463873557433,-0.2959523176116412,0.0696,24.67,76.4,,,,,,
2026-07-30T20:38:53.744263+00:00,S033,mounted,true,loose_mount,mild,500,loose_mount-mild_horizontal_no_load_0500rpm,2189234,504,285,4170,5585,1,3,341516,9,124,76,25,3,1650,1495,1225,61,110,1673,16383,1653,1643,1635045,800,1939,2065,523520,11957,8,382579,1496,21856,216,2189135487,2189234561,0,2189234635,2189235150,3341771159,17871233,115,102,1047,0.0696,1645.6,0.05086235970561148,-0.1590705639374428,0.0696,24.3,75.7,,,,,,
2026-07-30T20:38:53.883749+00:00,S033,mounted,true,loose_mount,mild,500,loose_mount-mild_horizontal_no_load_0500rpm,2189334,504,285,4170,5585,4,3,341536,9,124,76,25,3,1650,1494,1211,62,114,1669,16383,1655,1643,1635590,800,2015,2075,523515,11955,8,382578,1496,21857,216,2189235579,2189334654,0,2189334728,2189335243,3343981286,17865255,135,87,1051,0.0696,1645.6,0.06810207653701328,-0.03188270639899615,0.0696,24.42,76.0,,,,,,
2026-07-30T20:38:53.977174+00:00,S033,mounted,true,loose_mount,mild,500,loose_mount-mild_horizontal_no_load_0500rpm,2189434,503,242,4355,5559,2,3,341556,9,124,74,24,2,1650,1495,1232,62,114,1665,16383,1654,1643,1635050,800,1935,2061,523517,11958,8,382582,1496,21858,216,2189335669,2189434725,0,2189434799,2189435314,3341789142,17874222,134,89,1040,0.0696,1645.6,0.04391065880582001,-0.16600470898143493,0.0696,24.55,76.2,,,,,,
2026-07-30T20:38:54.071714+00:00,S033,mounted,true,loose_mount,mild,500,loose_mount-mild_horizontal_no_load_0500rpm,2189534,493,266,4330,5682,1,3,341576,9,124,77,37,2,1650,1495,1229,65,123,1664,16383,1653,1643,1651094,808,1957,2065,523487,11958,8,382586,1496,21859,216,2189435744,2189535388,0,2189535397,2189535912,3373955630,17874222,129,100,1041,0.0696,1645.6,0.05057463873557433,-0.12935281936778775,0.0696,24.58,76.2,,,,,,
2026-07-30T20:38:54.166562+00:00,S033,mounted,true,loose_mount,mild,500,loose_mount-mild_horizontal_no_load_0500rpm,2189634,491,250,4404,5681,4,3,341596,9,124,73,19,2,1649,1494,1241,62,122,1666,16383,1654,1643,1634693,800,1966,2090,523440,11955,8,382585,1496,21860,216,2189536340,2189635431,0,2189635440,2189635955,3340323451,17865255,118,87,1046,0.0658,1645.6,0.0930982722710163,-0.11353694579673812,0.0658,24.52,76.1,,,,,,
2026-07-30T20:38:54.258913+00:00,S033,mounted,true,loose_mount,mild,500,loose_mount-mild_horizontal_no_load_0500rpm,2189734,506,283,4218,5616,2,3,341616,9,124,74,24,5,1650,1494,1235,62,122,1661,16383,1653,1644,1635360,800,1842,2082,523475,11954,8,382582,1496,21861,216,2189636382,2189735478,0,2189735488,2189736003,3343079710,17862268,110,88,1054,0.0696,1645.6,0.08005720311192865,-0.3199153851430485,0.0696,24.67,76.4,,,,,,
2026-07-30T20:38:54.352128+00:00,S033,mounted,true,loose_mount,mild,500,loose_mount-mild_horizontal_no_load_0500rpm,2189834,516,240,4276,5440,5,3,341637,9,124,74,24,3,1650,1494,1242,62,130,1670,16383,1653,1642,1634615,800,1810,2061,523511,11955,8,382581,1496,21862,216,2189736430,2189835502,0,2189835512,2189836027,3340101063,17865257,86,85,1049,0.0696,1645.6,0.04477229385194459,-0.37349738143036415,0.0696,24.39,75.9,,,,,,
2026-07-30T20:38:54.446987+00:00,S033,mounted,true,loose_mount,mild,500,loose_mount-mild_horizontal_no_load_0500rpm,2189935,526,286,3980,5341,2,3,341658,9,124,73,21,7,1650,1495,1235,62,130,1670,16383,1653,1644,1635813,800,1939,2233,523545,11957,8,382583,1496,21863,216,2189836453,2189935568,0,2189935577,2189936092,3344938925,17871233,82,92,1039,0.0696,1645.6,0.3307729245630173,-0.1590705639374428,0.0696,24.39,75.9,,,,,,
2026-07-30T20:38:54.586489+00:00,S033,mounted,true,loose_mount,mild,500,loose_mount-mild_horizontal_no_load_0500rpm,2190035,526,286,3980,5341,4,3,341680,9,124,73,21,7,1650,1494,1245,60,135,1666,16383,1652,1643,1635051,800,1885,2071,523520,11952,8,382576,1496,21864,216,2189936518,2190035588,0,2190035597,2190036112,3341802317,17856294,87,95,1039,0.0696,1645.6,0.06230267469879491,-0.24772795180722929,0.0696,24.52,76.1,,,,,,
2026-07-30T20:38:54.681641+00:00,S033,mounted,true,loose_mount,mild,500,loose_mount-mild_horizontal_no_load_0500rpm,2190135,545,263,3914,5121,1,3,341702,9,124,75,25,3,1650,1494,1241,59,131,1665,16383,1653,1646,1636117,800,2017,2170,523541,11954,8,382573,1496,21865,216,2190036538,2190135667,0,2190135676,2190136191,3346148009,17862268,82,102,1030,0.0696,1645.6,0.22671381880542052,-0.028268706207127625,0.0696,24.55,76.2,,,,,,
2026-07-30T20:38:54.774524+00:00,S033,mounted,true,loose_mount,mild,500,loose_mount-mild_horizontal_no_load_0500rpm,2190235,544,250,3983,5135,4,3,341722,9,124,74,20,0,1650,1495,1211,59,131,1666,16383,1654,1646,1635284,800,2019,2183,523514,11957,8,382576,1496,21866,216,2190136618,2190235716,0,2190235726,2190236241,3342746444,17871235,84,104,1032,0.0696,1645.6,0.24746620883164638,-0.02577981876724955,0.0696,24.52,76.1,,,,,,
2026-07-30T20:38:54.868792+00:00,S033,mounted,true,loose_mount,mild,500,loose_mount-mild_horizontal_no_load_0500rpm,2190335,492,329,4063,5735,2,3,341742,9,124,81,33,8,1650,1494,1251,60,131,1660,16383,1653,1643,1651963,808,1991,2068,523521,11955,8,382575,1496,21867,216,2190236666,2190336340,0,2190336414,2190336929,3377491037,17865255,76,90,1042,0.0696,1645.6,0.056437185194479156,-0.07187661957340064,0.0696,24.7,76.5,,,,,,
2026-07-30T20:38:54.961526+00:00,S033,mounted,true,loose_mount,mild,500,loose_mount-mild_horizontal_no_load_0500rpm,2190435,490,252,4463,5751,3,3,341761,9,124,75,24,3,1650,1494,1224,61,134,1664,16383,1654,1645,1635189,800,1815,2259,523509,11953,8,382571,1496,21868,216,2190337355,2190436395,0,2190436469,2190436984,3342440039,17859281,94,83,1036,0.0696,1645.6,0.37535194905044733,-0.3646592441228145,0.0696,24.58,76.2,,,,,,
2026-07-30T20:38:55.056170+00:00,S033,mounted,true,loose_mount,mild,500,loose_mount-mild_horizontal_no_load_0500rpm,2190535,490,246,4461,5719,5,3,341781,9,124,74,23,2,1650,1495,1224,61,134,1663,16383,1653,1646,1635585,800,2014,2255,523521,11957,8,382574,1496,21869,216,2190437414,2190536519,0,2190536593,2190537108,3344031803,17871233,79,96,1028,0.0696,1645.6,0.36742787948482025,-0.0341104903403866,0.0696,24.61,76.3,,,,,,
2026-07-30T20:38:55.149030+00:00,S033,mounted,true,loose_mount,mild,500,loose_mount-mild_horizontal_no_load_0500rpm,2190636,490,246,4461,5719,6,3,341801,9,124,74,23,2,1650,1495,1225,60,130,1662,16383,1654,1645,1635199,800,2014,2075,523524,11957,8,382577,1496,21870,216,2190537534,2190636599,0,2190636677,2190637193,3342382189,17871233,66,96,1030,0.0696,1645.6,0.06752370285188558,-0.0341104903403866,0.0696,24.64,76.3,,,,,,
2026-07-30T20:38:55.290130+00:00,S033,mounted,true,loose_mount,mild,500,loose_mount-mild_horizontal_no_load_0500rpm,2190736,490,251,4416,5697,3,3,341821,9,124,74,24,2,1650,1494,1227,60,130,1660,16383,1653,1644,1635061,800,1803,2071,523543,11954,8,382574,1496,21871,216,2190637618,2190736670,0,2190736743,2190737259,3341911359,17862268,88,88,1037,0.0696,1645.6,0.06172512615024228,-0.38491093073448246,0.0696,24.7,76.5,,,,,,
2026-07-30T20:38:55.383887+00:00,S033,mounted,true,loose_mount,mild,500,loose_mount-mild_horizontal_no_load_0500rpm,2190836,509,264,4292,5590,4,3,341842,9,124,74,23,4,1650,1494,1217,60,137,1662,16383,1653,1643,1651217,808,2011,2064,523507,11950,8,382564,1496,21872,216,2190737684,2190837338,0,2190837347,2190837862,3374440347,17850316,107,81,1036,0.0696,1645.6,0.051210644518828285,-0.03714620100418431,0.0696,24.64,76.3,,,,,,
2026-07-30T20:38:55.477164+00:00,S033,mounted,true,loose_mount,mild,500,loose_mount-mild_horizontal_no_load_0500rpm,2190936,516,237,4250,5402,2,3,341862,9,124,74,22,4,1650,1494,1250,60,132,1662,16383,1655,1642,1635746,800,2023,2117,523548,11955,8,382564,1496,21873,216,2190838289,2190937388,0,2190937397,2190937916,3344618708,17865255,94,81,1044,0.0696,1645.6,0.13809142459222068,-0.018551402007528583,0.0696,24.64,76.3,,,,,,
2026-07-30T20:38:55.570309+00:00,S033,mounted,true,loose_mount,mild,500,loose_mount-mild_horizontal_no_load_0500rpm,2191036,510,303,4176,5662,5,3,341883,9,124,80,38,4,1650,1494,1238,60,132,1671,16383,1654,1643,1635680,800,2015,2067,523513,11954,8,382562,1496,21874,216,2190938342,2191037434,0,2191037448,2191037963,3344344752,17862268,127,84,1042,0.0696,1645.6,0.05505891634599269,-0.03160181110925242,0.0696,24.36,75.9,,,,,,
2026-07-30T20:38:55.664363+00:00,S033,mounted,true,loose_mount,mild,500,loose_mount-mild_horizontal_no_load_0500rpm,2191136,502,249,4360,5599,6,3,341903,9,124,75,26,2,1650,1495,1242,60,128,1666,16383,1654,1645,1635311,800,2009,2071,523520,11956,8,382563,1496,21875,216,2191038390,2191137492,0,2191137507,2191138022,3342838101,17868244,126,79,1049,0.0696,1645.6,0.061147770826363246,-0.0421611967213118,0.0696,24.52,76.1,,,,,,
2026-07-30T20:38:55.758930+00:00,S033,mounted,true,loose_mount,mild,500,loose_mount-mild_horizontal_no_load_0500rpm,2191237,503,240,4375,5566,3,3,341923,9,124,74,26,2,1650,1494,1246,58,125,1664,16383,1655,1643,1635371,800,2019,2277,523521,11954,8,382561,1496,21876,216,2191138449,2191237531,0,2191237541,2191238056,3343142521,17862266,116,71,1053,0.0696,1645.6,0.40503493106909794,-0.02493560130500283,0.0696,24.58,76.2,,,,,,
2026-07-30T20:38:55.850799+00:00,S033,mounted,true,loose_mount,mild,500,loose_mount-mild_horizontal_no_load_0500rpm,2191337,503,240,4375,5566,5,3,341943,9,124,74,26,2,1650,1494,1204,58,125,1664,16383,1653,1643,1634751,800,1999,2069,523515,11952,8,382555,1496,21877,216,2191238483,2191337594,0,2191337603,2191338118,3340549801,17856296,79,82,1037,0.0696,1645.6,0.05896901204819249,-0.05770918072289177,0.0696,24.58,76.2,,,,,,
2026-07-30T20:38:55.980346+00:00,S033,mounted,true,loose_mount,mild,500,loose_mount-mild_horizontal_no_load_0500rpm,2191437,502,259,4337,5627,6,3,341963,9,124,74,17,1,1650,1494,1211,58,125,1659,16383,1654,1643,1635311,800,1947,2067,523502,11955,8,382555,1496,21878,216,2191338544,2191437629,0,2191437639,2191438154,3342847511,17865259,62,87,1035,0.0696,1645.6,0.05477077214554571,-0.14519879372647448,0.0696,24.73,76.5,,,,,,
2026-07-30T20:38:56.089863+00:00,S033,mounted,true,loose_mount,mild,500,loose_mount-mild_horizontal_no_load_0500rpm,2191537,502,247,4355,5585,3,3,341983,9,124,74,27,2,1650,1494,1240,58,125,1664,16383,1652,1646,1634988,800,1785,2279,523498,11954,8,382554,1496,21879,216,2191438579,2191537648,0,2191537658,2191538173,3341640786,17862266,48,111,1034,0.0696,1645.6,0.40836803597122273,-0.4149088748536056,0.0696,24.58,76.2,,,,,,
2026-07-30T20:38:56.182391+00:00,S033,mounted,true,loose_mount,mild,500,loose_mount-mild_horizontal_no_load_0500rpm,2191637,490,263,4362,5704,1,3,342002,9,124,74,19,2,1650,1495,1219,58,128,1664,16383,1654,1647,1636015,800,1937,2253,523539,11958,8,382560,1496,21880,216,2191538600,2191637693,0,2191637702,2191638216,3345771883,17874222,87,89,1042,0.0696,1645.6,0.3637816954340187,-0.16267271901655844,0.0696,24.58,76.2,,,,,,
2026-07-30T20:38:56.274754+00:00,S033,mounted,true,loose_mount,mild,500,loose_mount-mild_horizontal_no_load_0500rpm,2191737,489,247,4453,5715,4,3,342022,9,124,74,20,2,1650,1494,1193,59,138,1662,16383,1653,1646,1652165,808,1987,2185,523558,11954,8,382558,1496,21881,216,2191638642,2191738332,0,2191738406,2191738921,3378337839,17862268,89,108,1043,0.0696,1645.6,0.2517121055713565,-0.078265279739,0.0696,24.64,76.3,,,,,,
2026-07-30T20:38:56.368257+00:00,S033,mounted,true,loose_mount,mild,500,loose_mount-mild_horizontal_no_load_0500rpm,2191837,527,277,4189,5503,1,3,342044,9,124,76,35,8,1650,1494,1219,59,138,1660,16383,1653,1645,1635461,800,2015,2065,523553,11951,8,382551,1496,21882,216,2191739351,2191838428,0,2191838507,2191839022,3343456063,17853311,97,116,1041,0.0696,1645.6,0.052589696678102094,-0.030758843193038565,0.0696,24.7,76.5,,,,,,
2026-07-30T20:38:56.461514+00:00,S033,mounted,true,loose_mount,mild,500,loose_mount-mild_horizontal_no_load_0500rpm,2191937,527,277,4189,5503,6,3,342065,9,124,76,35,8,1650,1494,1223,63,133,1662,16383,1653,1644,1635263,800,1937,2071,523509,11955,8,382551,1496,21883,216,2191839449,2191938504,0,2191938578,2191939093,3342652889,17865255,95,100,1038,0.0696,1645.6,0.06143642434127994,-0.1618629242158094,0.0696,24.64,76.3,,,,,,
2026-07-30T20:38:56.557601+00:00,S033,mounted,true,loose_mount,mild,500,loose_mount-mild_horizontal_no_load_0500rpm,2192038,531,248,4091,5260,1,3,342086,9,124,74,24,2,1650,1494,1219,64,133,1666,16383,1655,1644,1635614,800,2013,2067,523521,11954,8,382550,1496,21884,216,2191939520,2192038564,0,2192038638,2192039153,3344076510,17862268,93,95,1041,0.0696,1645.6,0.05505891634599269,-0.034934916011377215,0.0696,24.52,76.1,,,,,,
2026-07-30T20:38:56.696468+00:00,S033,mounted,true,loose_mount,mild,500,loose_mount-mild_horizontal_no_load_0500rpm,2192138,521,273,4066,5377,6,3,342107,9,124,79,46,3,1650,1494,1224,64,133,1661,16383,1653,1641,1635132,800,2021,2069,523466,11953,8,382547,1496,21885,216,2192039579,2192138643,0,2192138717,2192139232,3342108552,17859281,98,77,1043,0.0696,1645.6,0.058680492512339644,-0.02132071756044507,0.0696,24.67,76.4,,,,,,
2026-07-30T20:38:56.788282+00:00,S033,mounted,true,loose_mount,mild,500,loose_mount-mild_horizontal_no_load_0500rpm,2192238,517,268,4144,5440,3,3,342127,9,124,75,25,2,1650,1495,1196,64,130,1675,16383,1653,1645,1635098,800,1990,2073,523494,11956,8,382549,1496,21886,216,2192139658,2192238710,0,2192238784,2192239299,3341971788,17868244,86,88,1042,0.0696,1645.6,0.06448031816661048,-0.07382039645366367,0.0696,24.24,75.6,,,,,,
2026-07-30T20:38:56.883261+00:00,S033,mounted,true,loose_mount,mild,500,loose_mount-mild_horizontal_no_load_0500rpm,2192338,517,236,4236,5376,4,3,342148,9,124,74,26,2,1650,1494,1200,64,130,1672,16383,1655,1643,1651751,808,2025,2265,523519,11955,8,382549,1496,21887,216,2192239725,2192339382,0,2192339392,2192339907,3376673625,17865255,80,93,1055,0.0696,1645.6,0.3847205558343787,-0.015218575909661247,0.0696,24.33,75.8,,,,,,
2026-07-30T20:38:56.978479+00:00,S033,mounted,true,loose_mount,mild,500,loose_mount-mild_horizontal_no_load_0500rpm,2192438,517,256,4195,5432,3,3,342169,9,124,75,23,2,1650,1494,1199,60,123,1666,16383,1654,1643,1635635,800,2011,2137,523548,11954,8,382548,1496,21888,216,2192340332,2192439426,0,2192439436,2192439951,3344172521,17862266,89,104,1046,0.0696,1645.6,0.17171758792036096,-0.03826802091350201,0.0696,24.52,76.1,,,,,,
2026-07-30T20:38:57.072332+00:00,S033,mounted,true,loose_mount,mild,500,loose_mount-mild_horizontal_no_load_0500rpm,2192538,517,243,4217,5395,4,3,342190,9,124,74,22,3,1650,1494,1209,59,131,1674,16383,1653,1644,1636230,800,2019,2294,523578,11952,8,382543,1496,21889,216,2192440378,2192539465,0,2192539480,2192539995,3346686366,17856292,94,107,1047,0.0696,1645.6,0.43400606024096344,-0.024372554216868014,0.0696,24.27,75.7,,,,,,
2026-07-30T20:38:57.165581+00:00,S033,mounted,true,loose_mount,mild,500,loose_mount-mild_horizontal_no_load_0500rpm,2192638,517,245,4192,5377,2,3,342210,9,124,74,20,2,1650,1494,1222,59,131,1672,16383,1653,1647,1635633,800,1870,2241,523575,11952,8,382539,1496,21890,216,2192540422,2192639520,0,2192639530,2192640045,3344221131,17856290,105,81,1055,0.0696,1645.6,0.34566399999999975,-0.272730421686747,0.0696,24.33,75.8,,,,,,
2026-07-30T20:38:57.258394+00:00,S033,mounted,true,loose_mount,mild,500,loose_mount-mild_horizontal_no_load_0500rpm,2192739,517,245,4192,5377,5,3,342231,9,124,74,20,2,1650,1494,1200,60,120,1667,16383,1653,1644,1634979,800,2015,2066,523508,11953,8,382537,1496,21891,216,2192640472,2192739563,0,2192739573,2192740088,3341481513,17859279,104,85,1051,0.0696,1645.6,0.05368041688279046,-0.031320868819543435,0.0696,24.48,76.1,,,,,,
2026-07-30T20:38:57.396995+00:00,S033,mounted,true,loose_mount,mild,500,loose_mount-mild_horizontal_no_load_0500rpm,2192839,517,259,4174,5427,6,3,342251,9,124,74,20,2,1650,1495,1221,59,119,1665,16383,1653,1643,1635253,800,1937,2221,523484,11956,8,382540,1496,21892,216,2192740515,2192839607,0,2192839616,2192840131,3342676653,17868246,88,101,1042,0.0696,1645.6,0.31108882134493143,-0.16213290097022393,0.0696,24.55,76.2,,,,,,
2026-07-30T20:38:57.491604+00:00,S033,mounted,true,loose_mount,mild,500,loose_mount-mild_horizontal_no_load_0500rpm,2192939,494,289,4214,5680,3,3,342271,9,124,80,44,4,1650,1495,1200,59,119,1659,16383,1654,1643,1635341,800,2013,2189,523488,11957,8,382545,1496,21893,216,2192840558,2192939644,0,2192939654,2192940169,3342982449,17871233,86,90,1045,0.0696,1645.6,0.257463014719411,-0.03577662465501419,0.0696,24.73,76.5,,,,,,
2026-07-30T20:38:57.587397+00:00,S033,mounted,true,loose_mount,mild,500,loose_mount-mild_horizontal_no_load_0500rpm,2193039,490,244,4417,5661,1,3,342290,9,124,74,26,2,1650,1495,1209,58,121,1667,16383,1653,1644,1634898,800,1815,2279,523509,11957,8,382549,1496,21894,216,2192940595,2193039682,0,2193039692,2193040207,3341301402,17871233,109,98,1045,0.0696,1645.6,0.40741510303587836,-0.3656712189512423,0.0696,24.48,76.1,,,,,,
2026-07-30T20:38:57.680279+00:00,S033,mounted,true,loose_mount,mild,500,loose_mount-mild_horizontal_no_load_0500rpm,2193139,518,294,4162,5583,6,3,342311,9,124,77,38,7,1650,1494,1214,58,121,1664,16383,1652,1645,1635665,800,1935,2178,523533,11953,8,382546,1496,21895,216,2193040634,2193139717,0,2193139727,2193140242,3344313611,17859277,104,109,1041,0.0696,1645.6,0.24034990705262294,-0.16465621894085203,0.0696,24.58,76.2,,,,,,
2026-07-30T20:38:57.773600+00:00,S033,mounted,true,loose_mount,mild,500,loose_mount-mild_horizontal_no_load_0500rpm,2193239,530,237,4155,5274,5,3,342333,9,124,73,20,4,1650,1494,1230,59,122,1666,16383,1655,1643,1651406,808,1809,2087,523516,11948,8,382533,1496,21896,216,2193140670,2193240364,0,2193240437,2193240953,3375268054,17844344,102,115,1041,0.0696,1645.6,0.09013658151991955,-0.3733976588550383,0.0696,24.52,76.1,,,,,,
2026-07-30T20:38:57.867707+00:00,S033,mounted,true,loose_mount,mild,500,loose_mount-mild_horizontal_no_load_0500rpm,2193339,531,243,4104,5250,2,3,342354,9,124,73,21,2,1650,1494,1211,58,124,1654,16383,1653,1643,1635372,800,2005,2086,523527,11952,8,382529,1496,21897,216,2193241381,2193340424,0,2193340498,2193341013,3343089154,17856290,92,107,1038,0.0696,1645.6,0.08730514457831307,-0.04770819277108451,0.0696,24.88,76.8,,,,,,
2026-07-30T20:38:57.962498+00:00,S033,mounted,true,loose_mount,mild,500,loose_mount-mild_horizontal_no_load_0500rpm,2193439,531,243,4104,5250,5,3,342375,9,124,73,21,2,1650,1494,1234,58,124,1659,16383,1652,1644,1635284,800,1951,2253,523520,11953,8,382527,1496,21898,216,2193341440,2193440506,0,2193440580,2193441095,3342779824,17859279,104,106,1043,0.0696,1645.6,0.3653517977913494,-0.1379891489165903,0.0696,24.73,76.5,,,,,,
2026-07-30T20:38:58.102031+00:00,S033,mounted,true,loose_mount,mild,500,loose_mount-mild_horizontal_no_load_0500rpm,2193540,531,245,4086,5240,3,3,342397,9,124,73,20,2,1650,1495,1258,58,125,1663,16383,1652,1640,1634866,800,1803,2067,523491,11959,8,382537,1496,21899,216,2193441523,2193540580,0,2193540653,2193541168,3341124648,17877211,98,109,1043,0.0696,1645.6,0.05361867723053715,-0.3861672205870059,0.0696,24.61,76.3,,,,,,
2026-07-30T20:38:58.197371+00:00,S033,mounted,true,loose_mount,mild,500,loose_mount-mild_horizontal_no_load_0500rpm,2193640,528,291,4087,5467,5,3,342417,9,124,77,23,5,1650,1494,1224,58,126,1662,16383,1654,1645,1635649,800,2019,2063,523530,11952,8,382533,1496,21900,216,2193541595,2193640633,0,2193640712,2193641227,3344218537,17856290,98,77,1048,0.0696,1645.6,0.048968024096385676,-0.024372554216868014,0.0696,24.64,76.3,,,,,,
2026-07-30T20:38:58.290493+00:00,S033,mounted,true,loose_mount,mild,500,loose_mount-mild_horizontal_no_load_0500rpm,2193740,488,272,4360,5756,4,3,342436,9,124,74,9,3,1650,1495,1203,58,126,1667,16383,1655,1644,1634989,800,1979,2065,523498,11956,8,382536,1496,21901,216,2193641654,2193740721,0,2193740795,2193741310,3341527217,17868244,114,95,1032,0.0696,1645.6,0.0511501288056202,-0.0921494068250257,0.0696,24.48,76.1,,,,,,
2026-07-30T20:38:58.382100+00:00,S033,mounted,true,loose_mount,mild,500,loose_mount-mild_horizontal_no_load_0500rpm,2193841,490,248,4464,5734,2,3,342456,9,124,74,23,2,1650,1494,1226,59,122,1667,16383,1653,1642,1651280,808,1803,2257,523511,11955,8,382537,1496,21902,216,2193741736,2193841538,0,2193841547,2193842062,3374867888,17865257,77,116,1027,0.0696,1645.6,0.3713892514429107,-0.3851622727728987,0.0696,24.48,76.1,,,,,,
2026-07-30T20:38:58.476345+00:00,S033,mounted,true,loose_mount,mild,500,loose_mount-mild_horizontal_no_load_0500rpm,2193941,501,244,4389,5605,1,3,342476,9,124,74,25,3,1650,1494,1250,59,122,1668,16383,1655,1643,1635684,800,1935,2299,523543,11955,8,382538,1496,21903,216,2193842489,2193941593,0,2193941603,2193942118,3344470532,17865257,74,111,1032,0.0696,1645.6,0.44137859949811764,-0.16519575031367673,0.0696,24.45,76.0,,,,,,
2026-07-30T20:38:58.570279+00:00,S033,mounted,true,loose_mount,mild,500,loose_mount-mild_horizontal_no_load_0500rpm,2194041,501,244,4389,5605,4,3,342496,9,124,74,25,3,1650,1495,1219,59,125,1672,16383,1652,1642,1634823,800,1963,2065,523484,11957,8,382543,1496,21904,216,2193942545,2194041622,0,2194041632,2194042147,3340854369,17871235,84,123,1023,0.0696,1645.6,0.05086235970561148,-0.11908334038638468,0.0696,24.33,75.8,,,,,,
2026-07-30T20:38:58.663257+00:00,S033,mounted,true,loose_mount,mild,500,loose_mount-mild_horizontal_no_load_0500rpm,2194141,504,247,4299,5526,3,3,342517,9,124,74,25,2,1650,1494,1230,59,134,1669,16383,1654,1643,1635392,800,1851,2249,523506,11955,8,382544,1496,21905,216,2194042574,2194141683,0,2194141697,2194142212,3343250696,17865257,103,105,1032,0.0696,1645.6,0.3580579470514431,-0.3051744464240902,0.0696,24.42,76.0,,,,,,
2026-07-30T20:38:58.805717+00:00,S033,mounted,true,loose_mount,mild,500,loose_mount-mild_horizontal_no_load_0500rpm,2194241,503,259,4291,5579,5,3,342537,9,124,74,21,3,1650,1494,1246,59,134,1672,16383,1654,1644,1635814,800,2023,2067,523534,11954,8,382543,1496,21906,216,2194142640,2194241701,0,2194241710,2194242225,3344893558,17862268,116,91,1040,0.0696,1645.6,0.05505891634599269,-0.01826939150075324,0.0696,24.33,75.8,,,,,,
2026-07-30T20:38:58.900238+00:00,S033,mounted,true,loose_mount,mild,500,loose_mount-mild_horizontal_no_load_0500rpm,2194341,502,249,4334,5572,6,3,342557,9,124,74,20,2,1650,1495,1241,61,134,1660,16383,1655,1644,1651890,808,1975,2277,523499,11956,8,382546,1496,21907,216,2194242652,2194342340,0,2194342414,2194342929,3377296128,17868246,108,88,1035,0.0696,1645.6,0.404400146871863,-0.09881450150552062,0.0696,24.7,76.5,,,,,,
2026-07-30T20:38:58.993299+00:00,S033,mounted,true,loose_mount,mild,500,loose_mount-mild_horizontal_no_load_0500rpm,2194441,512,247,4255,5462,1,3,342578,9,124,71,2,4,1650,1495,1213,61,131,1662,16383,1655,1646,1635659,800,2023,2073,523515,11956,8,382548,1496,21908,216,2194343356,2194442402,0,2194442481,2194442996,3344258661,17868246,101,114,1037,0.0696,1645.6,0.06448031816661048,-0.01883336533957891,0.0696,24.64,76.3,,,,,,
2026-07-30T20:38:59.087897+00:00,S033,mounted,true,loose_mount,mild,500,loose_mount-mild_horizontal_no_load_0500rpm,2194541,516,243,4220,5396,4,3,342598,9,124,73,18,3,1650,1495,1221,61,131,1662,16383,1652,1645,1635652,800,2013,2077,523532,11958,8,382554,1496,21909,216,2194443423,2194542488,0,2194542562,2194543077,3344229320,17874222,84,109,1036,0.0696,1645.6,0.07056657852483683,-0.036057100351229554,0.0696,24.64,76.3,,,,,,
2026-07-30T20:38:59.179886+00:00,S033,mounted,true,loose_mount,mild,500,loose_mount-mild_horizontal_no_load_0500rpm,2194642,511,305,4171,5666,3,3,342619,9,124,80,39,4,1650,1495,1223,60,137,1667,16383,1652,1647,1635437,800,1889,2083,523528,11957,8,382558,1496,21910,216,2194543508,2194642596,0,2194642669,2194643184,3343374143,17871233,88,99,1034,0.0696,1645.6,0.08085277736890495,-0.24237727966881328,0.0696,24.48,76.1,,,,,,
2026-07-30T20:38:59.271286+00:00,S033,mounted,true,loose_mount,mild,500,loose_mount-mild_horizontal_no_load_0500rpm,2194742,511,305,4171,5666,5,3,342639,9,124,80,39,4,1650,1494,1263,60,137,1666,16383,1654,1644,1635540,800,1991,2066,523533,11953,8,382555,1496,21911,216,2194643610,2194742670,0,2194742744,2194743259,3343779200,17859283,75,100,1043,0.0696,1645.6,0.05368041688279046,-0.07132147385593646,0.0696,24.52,76.1,,,,,,
2026-07-30T20:38:59.364673+00:00,S033,mounted,true,loose_mount,mild,500,loose_mount-mild_horizontal_no_load_0500rpm,2194842,503,242,4356,5559,6,3,342659,9,124,74,29,4,1650,1495,1238,59,126,1662,16383,1655,1643,1651477,808,1898,2069,523531,11958,8,382561,1496,21912,216,2194743686,2194843360,0,2194843370,2194843885,3375527843,17874222,71,109,1042,0.0696,1645.6,0.0572386186653282,-0.2276465233316607,0.0696,24.64,76.3,,,,,,
2026-07-30T20:38:59.507094+00:00,S033,mounted,true,loose_mount,mild,500,loose_mount-mild_horizontal_no_load_0500rpm,2194942,501,289,4296,5740,3,3,342679,9,124,76,22,4,1650,1495,1235,62,128,1669,16383,1652,1646,1635040,800,2014,2068,523501,11956,8,382562,1496,21913,216,2194844312,2194943458,0,2194943467,2194943982,3341732062,17868244,54,116,1039,0.0696,1645.6,0.0561489498159915,-0.033829828370692816,0.0696,24.42,76.0,,,,,,
2026-07-30T20:38:59.602259+00:00,S033,mounted,true,loose_mount,mild,500,loose_mount-mild_horizontal_no_load_0500rpm,2195042,490,240,4463,5689,1,3,342698,9,124,74,24,3,1650,1494,1230,62,128,1664,16383,1653,1643,1635422,800,1995,2295,523516,11952,8,382556,1496,21914,216,2194944409,2195043525,0,2195043534,2195044050,3343361350,17856290,91,96,1035,0.0696,1645.6,0.43567289156626465,-0.06437650602409661,0.0696,24.58,76.2,,,,,,
2026-07-30T20:38:59.694429+00:00,S033,mounted,true,loose_mount,mild,500,loose_mount-mild_horizontal_no_load_0500rpm,2195143,489,264,4420,5768,4,3,342718,9,124,74,18,3,1650,1494,1238,61,130,1661,16383,1656,1643,1635818,800,2021,2259,523556,11954,8,382555,1496,21915,216,2195044476,2195143561,0,2195143570,2195144085,3344987900,17862268,105,96,1042,0.0696,1645.6,0.3750369869499748,-0.021602496402878035,0.0696,24.67,76.4,,,,,,
2026-07-30T20:38:59.788374+00:00,S033,mounted,true,loose_mount,mild,500,loose_mount-mild_horizontal_no_load_0500rpm,2195243,529,261,4182,5414,1,3,342740,9,124,76,34,7,1650,1495,1243,62,133,1662,16383,1654,1644,1635482,800,2008,2067,523569,11958,8,382561,1496,21916,216,2195144512,2195243629,0,2195243643,2195244158,3343537606,17874222,95,105,1038,0.0696,1645.6,0.053906628700451265,-0.044387075263422116,0.0696,24.64,76.3,,,,,,
2026-07-30T20:38:59.881574+00:00,S033,mounted,true,loose_mount,mild,500,loose_mount-mild_horizontal_no_load_0500rpm,2195343,529,261,4182,5414,6,3,342761,9,124,76,34,7,1650,1494,1224,62,133,1661,16383,1653,1643,1635166,800,1959,2067,523524,11954,8,382559,1496,21917,216,2195244585,2195343676,0,2195343685,2195344200,3342253350,17862272,106,78,1040,0.0696,1645.6,0.05505891634599269,-0.12492874836874712,0.0696,24.67,76.4,,,,,,
2026-07-30T20:38:59.975822+00:00,S033,mounted,true,loose_mount,mild,500,loose_mount-mild_horizontal_no_load_0500rpm,2195443,531,254,4081,5279,3,3,342781,9,124,74,26,2,1650,1495,1238,62,144,1668,16383,1652,1644,1635624,800,1973,2223,523520,11957,8,382563,1496,21918,216,2195344627,2195443699,0,2195443708,2195444223,3344149696,17871233,122,71,1050,0.0696,1645.6,0.3141115814167432,-0.10242199724011058,0.0696,24.45,76.0,,,,,,
2026-07-30T20:39:00.069510+00:00,S033,mounted,true,loose_mount,mild,500,loose_mount-mild_horizontal_no_load_0500rpm,2195543,510,295,4110,5557,4,3,342802,9,124,85,60,4,1650,1494,1213,62,144,1663,16383,1653,1643,1651629,808,1963,2069,523501,11955,8,382563,1496,21919,216,2195444654,2195544355,0,2195544428,2195544943,3376127353,17865255,117,90,1043,0.0696,1645.6,0.0581035982434126,-0.11853618494353846,0.0696,24.61,76.3,,,,,,
2026-07-30T20:39:00.210309+00:00,S033,mounted,true,loose_mount,mild,500,loose_mount-mild_horizontal_no_load_0500rpm,2195643,503,253,4289,5545,2,3,342822,9,124,75,28,3,1650,1494,1227,62,141,1664,16383,1655,1643,1635065,800,1827,2175,523502,11953,8,382559,1496,21920,216,2195545370,2195644417,0,2195644491,2195645006,3341918623,17859279,93,98,1032,0.0696,1645.6,0.23534983142307375,-0.34465894160461863,0.0696,24.58,76.2,,,,,,
2026-07-30T20:39:00.303521+00:00,S033,mounted,true,loose_mount,mild,500,loose_mount-mild_horizontal_no_load_0500rpm,2195743,519,287,4077,5461,5,3,342843,9,124,72,19,5,1650,1495,1226,63,143,1655,16383,1655,1646,1636504,800,1919,2213,523602,11957,8,382563,1496,21921,216,2195645432,2195744502,0,2195744576,2195745091,3347758922,17871233,74,110,1027,0.0696,1645.6,0.2974502382704687,-0.192393250229991,0.0696,24.85,76.7,,,,,,
2026-07-30T20:39:00.398039+00:00,S033,mounted,true,loose_mount,mild,500,loose_mount-mild_horizontal_no_load_0500rpm,2195844,529,242,4151,5295,3,3,342865,9,124,74,24,3,1650,1494,1228,63,143,1670,16383,1654,1646,1635188,800,1818,2062,523541,11953,8,382559,1496,21922,216,2195745518,2195844561,0,2195844640,2195845155,3342385082,17859281,71,96,1031,0.0696,1645.6,0.04701364937672503,-0.3596591684932653,0.0696,24.39,75.9,,,,,,
2026-07-30T20:39:00.492805+00:00,S033,mounted,true,loose_mount,mild,500,loose_mount-mild_horizontal_no_load_0500rpm,2195944,534,250,4051,5224,4,3,342886,9,124,74,27,4,1650,1494,1211,63,140,1668,16383,1653,1644,1635051,800,1925,2241,523524,11954,8,382558,1496,21923,216,2195845581,2195944625,0,2195944699,2195945214,3341842713,17862278,80,104,1034,0.0696,1645.6,0.3450390428308512,-0.18159153170486908,0.0696,24.45,76.0,,,,,,
2026-07-30T20:39:00.585872+00:00,S033,mounted,true,loose_mount,mild,500,loose_mount-mild_horizontal_no_load_0500rpm,2196044,544,264,3946,5158,1,3,342908,9,124,75,27,2,1650,1495,1221,63,135,1663,16383,1654,1643,1635662,800,2025,2075,523569,11957,8,382562,1496,21924,216,2195945641,2196044712,0,2196044786,2196045301,3344276610,17871233,88,98,1033,0.0696,1645.6,0.06752370285188558,-0.01578301287948536,0.0696,24.61,76.3,,,,,,
2026-07-30T20:39:00.678705+00:00,S033,mounted,true,loose_mount,mild,500,loose_mount-mild_horizontal_no_load_0500rpm,2196144,544,239,4009,5107,2,3,342930,9,124,74,25,4,1650,1494,1193,63,135,1667,16383,1653,1644,1651770,808,2019,2083,523526,11954,8,382560,1496,21925,216,2196045727,2196145386,0,2196145559,2196146074,3376703238,17862270,97,97,1044,0.0696,1645.6,0.0817237555629915,-0.02493560130500283,0.0696,24.48,76.1,,,,,,
2026-07-30T20:39:00.772142+00:00,S033,mounted,true,loose_mount,mild,500,loose_mount-mild_horizontal_no_load_0500rpm,2196245,544,239,4009,5107,1,3,342950,9,124,74,25,4,1650,1495,1194,61,132,1663,16383,1655,1645,1635145,800,2015,2067,523520,11958,8,382566,1496,21926,216,2196146500,2196245546,0,2196245555,2196246071,3342161715,17874222,73,105,1036,0.0696,1645.6,0.053906628700451265,-0.032725110386352174,0.0696,24.61,76.3,,,,,,
2026-07-30T20:39:00.910836+00:00,S033,mounted,true,loose_mount,mild,500,loose_mount-mild_horizontal_no_load_0500rpm,2196345,499,345,3960,5690,5,3,342969,9,124,93,72,10,1650,1495,1203,61,132,1671,16383,1654,1646,1635513,800,2017,2067,523529,11957,8,382569,1496,21927,216,2196246497,2196345584,0,2196345593,2196346109,3343659913,17871233,102,99,1038,0.0696,1645.6,0.05419462833486621,-0.029112087396504283,0.0696,24.36,75.9,,,,,,
2026-07-30T20:39:01.004055+00:00,S033,mounted,true,loose_mount,mild,500,loose_mount-mild_horizontal_no_load_0500rpm,2196445,489,256,4446,5754,6,3,342989,9,124,74,19,3,1650,1495,1217,59,131,1666,16383,1653,1645,1635461,800,1988,2074,523542,11959,8,382576,1496,21928,216,2196346537,2196445624,0,2196445633,2196446148,3343456465,17877211,97,100,1042,0.0696,1645.6,0.06527966694539611,-0.07798392098001505,0.0696,24.52,76.1,,,,,,
2026-07-30T20:39:01.099777+00:00,S033,mounted,true,loose_mount,mild,500,loose_mount-mild_horizontal_no_load_0500rpm,2196545,519,305,4175,5644,5,3,343011,9,124,77,39,9,1650,1495,1219,62,133,1664,16383,1654,1643,1635698,800,1923,2071,523560,11958,8,382581,1496,21929,216,2196446579,2196545674,0,2196545688,2196546203,3344435964,17874222,92,108,1039,0.0696,1645.6,0.06057060863020558,-0.18599664877069744,0.0696,24.58,76.2,,,,,,
2026-07-30T20:39:01.191929+00:00,S033,mounted,true,loose_mount,mild,500,loose_mount-mild_horizontal_no_load_0500rpm,2196645,530,234,4144,5250,2,3,343032,9,124,73,19,3,1650,1494,1229,62,133,1659,16383,1654,1644,1635295,800,1863,2227,523529,11955,8,382580,1496,21930,216,2196546630,2196645741,0,2196645751,2196646266,3342845231,17865257,99,108,1045,0.0696,1645.6,0.32139685997490597,-0.2851774898368884,0.0696,24.73,76.5,,,,,,
2026-07-30T20:39:01.285728+00:00,S033,mounted,true,loose_mount,mild,500,loose_mount-mild_horizontal_no_load_0500rpm,2196746,530,257,4084,5298,5,3,343053,9,124,73,16,2,1650,1494,1205,60,122,1662,16383,1653,1642,1651540,808,2005,2065,523512,11954,8,382577,1496,21931,216,2196646693,2196746543,0,2196746617,2196747132,3375761270,17862270,86,90,1041,0.0696,1645.6,0.0517258114438679,-0.048267335619876395,0.0696,24.64,76.3,,,,,,
2026-07-30T20:39:01.379464+00:00,S033,mounted,true,loose_mount,mild,500,loose_mount-mild_horizontal_no_load_0500rpm,2196846,530,256,4114,5322,2,3,343074,9,124,74,20,3,1650,1495,1204,59,125,1666,16383,1653,1645,1635649,800,1967,2213,523514,11957,8,382579,1496,21932,216,2196747558,2196846616,0,2196846690,2196847204,3344250045,17871233,101,106,1034,0.0696,1645.6,0.2974502382704687,-0.11241880312787478,0.0696,24.52,76.1,,,,,,
2026-07-30T20:39:01.474700+00:00,S033,mounted,true,loose_mount,mild,500,loose_mount-mild_horizontal_no_load_0500rpm,2196946,530,256,4114,5322,4,3,343096,9,124,74,20,3,1650,1495,1208,59,125,1666,16383,1654,1642,1635173,800,1871,2065,523521,11956,8,382579,1496,21933,216,2196847632,2196946708,0,2196946782,2196947297,3342309107,17868244,85,108,1038,0.0696,1645.6,0.0511501288056202,-0.27210696319839434,0.0696,24.52,76.1,,,,,,
2026-07-30T20:39:01.616670+00:00,S033,mounted,true,loose_mount,mild,500,loose_mount-mild_horizontal_no_load_0500rpm,2197046,527,298,4129,5544,6,3,343115,9,124,79,29,7,1650,1494,1208,57,121,1663,16383,1653,1644,1651986,808,2013,2237,523514,11953,8,382574,1496,21934,216,2196947724,2197047358,0,2197047367,2197047882,3377620924,17859279,81,103,1035,0.0696,1645.6,0.3386847277670877,-0.03465425257257637,0.0696,24.61,76.3,,,,,,
2026-07-30T20:39:01.712564+00:00,S033,mounted,true,loose_mount,mild,500,loose_mount-mild_horizontal_no_load_0500rpm,2197146,474,276,4471,5928,2,3,343134,9,124,74,5,3,1650,1495,1216,57,121,1662,16383,1652,1642,1634870,800,2015,2068,523471,11956,8,382575,1496,21935,216,2197048309,2197147403,0,2197147412,2197147927,3341035692,17868244,97,86,1048,0.0696,1645.6,0.0561489498159915,-0.0321635547005692,0.0696,24.64,76.3,,,,,,
2026-07-30T20:39:01.803782+00:00,S033,mounted,true,loose_mount,mild,500,loose_mount-mild_horizontal_no_load_0500rpm,2197246,476,232,4600,5818,1,3,343154,9,124,73,24,5,1650,1494,1208,59,123,1666,16383,1653,1643,1635289,800,2005,2067,523505,11955,8,382575,1496,21936,216,2197148352,2197247440,0,2197247449,2197247964,3342749487,17865261,105,95,1035,0.0696,1645.6,0.05477077214554571,-0.0485468368883315,0.0696,24.52,76.1,,,,,,
2026-07-30T20:39:01.898017+00:00,S033,mounted,true,loose_mount,mild,500,loose_mount-mild_horizontal_no_load_0500rpm,2197346,541,291,4063,5410,2,3,343176,9,124,76,36,11,1650,1495,1224,60,126,1668,16383,1653,1645,1635826,800,2019,2068,523571,11957,8,382578,1496,21937,216,2197248391,2197347480,0,2197347490,2197348005,3344942406,17871233,104,100,1035,0.0696,1645.6,0.0558607626494938,-0.02577981876724955,0.0696,24.45,76.0,,,,,,
2026-07-30T20:39:01.990942+00:00,S033,mounted,true,loose_mount,mild,500,loose_mount-mild_horizontal_no_load_0500rpm,2197446,544,265,3954,5171,5,3,343197,9,124,74,19,2,1650,1495,1227,60,126,1665,16383,1654,1642,1634955,800,1967,2077,523514,11956,8,382578,1496,21938,216,2197348434,2197447525,0,2197447534,2197448049,3341391703,17868246,100,113,1033,0.0696,1645.6,0.07114541284710585,-0.11214469086651091,0.0696,24.55,76.2,,,,,,
2026-07-30T20:39:02.082617+00:00,S033,mounted,true,loose_mount,mild,500,loose_mount-mild_horizontal_no_load_0500rpm,2197547,534,260,4025,5245,3,3,343219,9,124,79,44,2,1650,1494,1222,59,116,1663,16383,1655,1645,1635939,800,2008,2249,523540,11951,8,382569,1496,21939,216,2197448477,2197547576,0,2197547586,2197548101,3345500281,17853303,111,113,1029,0.0696,1645.6,0.35931232340389885,-0.04242763877499822,0.0696,24.61,76.3,,,,,,
2026-07-30T20:39:02.177005+00:00,S033,mounted,true,loose_mount,mild,500,loose_mount-mild_horizontal_no_load_0500rpm,2197647,534,260,4025,5245,4,3,343240,9,124,79,44,2,1650,1494,1204,60,125,1671,16383,1653,1646,1635596,800,2022,2189,523532,11952,8,382563,1496,21940,216,2197548529,2197647611,0,2197647620,2197648135,3344026882,17856290,81,105,1028,0.0696,1645.6,0.25898877108433727,-0.019372060240964384,0.0696,24.36,75.9,,,,,,
2026-07-30T20:39:02.319059+00:00,S033,mounted,true,loose_mount,mild,500,loose_mount-mild_horizontal_no_load_0500rpm,2197747,531,252,4109,5297,3,3,343261,9,124,75,25,2,1650,1495,1239,60,125,1664,16383,1653,1642,1635469,800,1899,2069,523530,11957,8,382566,1496,21941,216,2197648562,2197747680,0,2197747689,2197748204,3343506225,17871237,83,109,1032,0.0696,1645.6,0.057526896964120944,-0.22571593652253963,0.0696,24.58,76.2,,,,,,
2026-07-30T20:39:02.412237+00:00,S033,mounted,true,loose_mount,mild,500,loose_mount-mild_horizontal_no_load_0500rpm,2197847,525,286,4106,5468,4,3,343282,9,124,79,41,2,1650,1494,1215,60,121,1662,16383,1655,1642,1635628,800,1996,2071,523530,11955,8,382566,1496,21942,216,2197748631,2197847720,0,2197847729,2197848244,3344136780,17865257,89,117,1035,0.0696,1645.6,0.06143642434127994,-0.06354455432873252,0.0696,24.64,76.3,,,,,,
2026-07-30T20:39:02.506539+00:00,S033,mounted,true,loose_mount,mild,500,loose_mount-mild_horizontal_no_load_0500rpm,2197947,516,251,4229,5445,3,3,343303,9,124,74,24,2,1650,1494,1225,60,121,1667,16383,1654,1642,1651772,808,1961,2205,523530,11954,8,382564,1496,21943,216,2197848671,2197948365,0,2197948439,2197948954,3376746602,17862268,81,106,1036,0.0696,1645.6,0.2850431545926049,-0.12159564346662233,0.0696,24.48,76.1,,,,,,
2026-07-30T20:39:02.599562+00:00,S033,mounted,true,loose_mount,mild,500,loose_mount-mild_horizontal_no_load_0500rpm,2198047,517,240,4263,5425,5,3,343323,9,124,75,28,1,1650,1495,1224,59,117,1665,16383,1654,1644,1635294,800,1926,2076,523515,11957,8,382567,1496,21944,216,2197949382,2198048512,0,2198048586,2198049101,3342805540,17871233,84,91,1047,0.0696,1645.6,0.06918983716651317,-0.1807303100275992,0.0696,24.55,76.2,,,,,,
2026-07-30T20:39:02.693506+00:00,S033,mounted,true,loose_mount,mild,500,loose_mount-mild_horizontal_no_load_0500rpm,2198148,517,243,4233,5407,2,3,343344,9,124,73,21,2,1650,1495,1232,60,119,1663,16383,1652,1644,1635165,800,1851,2065,523525,11958,8,382572,1496,21945,216,2198049526,2198148584,0,2198148658,2198149173,3342279039,17874222,84,76,1052,0.0696,1645.6,0.05057463873557433,-0.30594828750627245,0.0696,24.61,76.3,,,,,,
2026-07-30T20:39:02.787510+00:00,S033,mounted,true,loose_mount,mild,500,loose_mount-mild_horizontal_no_load_0500rpm,2198248,517,249,4204,5411,5,3,343365,9,124,73,14,3,1650,1494,1250,60,119,1668,16383,1655,1642,1635191,800,1977,2066,523514,11954,8,382570,1496,21946,216,2198149599,2198248668,0,2198248742,2198249257,3342356885,17862268,90,79,1043,0.0696,1645.6,0.05339236389493074,-0.09493080424962352,0.0696,24.45,76.0,,,,,,
2026-07-30T20:39:02.880050+00:00,S033,mounted,true,loose_mount,mild,500,loose_mount-mild_horizontal_no_load_0500rpm,2198348,517,249,4204,5411,6,3,343385,9,124,73,14,3,1650,1494,1239,60,117,1667,16383,1653,1645,1635225,800,1785,2297,523543,11953,8,382566,1496,21947,216,2198249683,2198348754,0,2198348827,2198349342,3342624729,17859279,79,80,1045,0.0696,1645.6,0.4386862403580687,-0.414660000418305,0.0696,24.48,76.1,,,,,,
2026-07-30T20:39:03.020860+00:00,S033,mounted,true,loose_mount,mild,500,loose_mount-mild_horizontal_no_load_0500rpm,2198448,504,277,4201,5574,3,3,343405,9,124,76,27,3,1650,1494,1224,58,120,1669,16383,1654,1641,1651578,808,1987,2071,523527,11955,8,382566,1496,21948,216,2198349768,2198449384,0,2198449393,2198449908,3375922222,17865257,78,94,1044,0.0696,1645.6,0.06143642434127994,-0.07854227176913486,0.0696,24.42,76.0,,,,,,
2026-07-30T20:39:03.115346+00:00,S033,mounted,true,loose_mount,mild,500,loose_mount-mild_horizontal_no_load_0500rpm,2198548,503,251,4301,5548,4,3,343426,9,124,74,24,3,1650,1494,1238,58,120,1664,16383,1653,1644,1635428,800,2017,2203,523527,11954,8,382564,1496,21949,216,2198450334,2198549420,0,2198549429,2198549944,3343342924,17862272,83,99,1036,0.0696,1645.6,0.2817100496904801,-0.028268706207127625,0.0696,24.58,76.2,,,,,,
2026-07-30T20:39:03.208154+00:00,S033,mounted,true,loose_mount,mild,500,loose_mount-mild_horizontal_no_load_0500rpm,2198648,529,303,4024,5455,1,3,343448,9,124,77,38,5,1650,1494,1263,57,114,1667,16383,1654,1642,1635402,800,1929,2077,523527,11955,8,382564,1496,21950,216,2198550370,2198649450,0,2198649459,2198649974,3343226692,17865255,80,111,1033,0.0696,1645.6,0.07143490263488061,-0.1751942286072774,0.0696,24.48,76.1,,,,,,
2026-07-30T20:39:03.303427+00:00,S033,mounted,true,loose_mount,mild,500,loose_mount-mild_horizontal_no_load_0500rpm,2198748,542,240,4073,5181,2,3,343470,9,124,74,24,3,1650,1494,1244,57,114,1663,16383,1655,1642,1635836,800,2017,2271,523505,11953,8,382560,1496,21951,216,2198650401,2198749491,0,2198749506,2198750021,3345051422,17859291,92,108,1032,0.0696,1645.6,0.3953522515686436,-0.027987485066510942,0.0696,24.61,76.3,,,,,,
2026-07-30T20:39:03.396426+00:00,S033,mounted,true,loose_mount,mild,500,loose_mount-mild_horizontal_no_load_0500rpm,2198849,534,326,4007,5533,1,3,343490,9,124,85,50,5,1650,1495,1221,58,114,1663,16383,1654,1644,1635529,800,1985,2257,523515,11957,8,382564,1496,21952,216,2198750448,2198849546,0,2198849555,2198850070,3343807039,17871233,90,99,1039,0.0696,1645.6,0.3707601481140754,-0.08242838546458131,0.0696,24.61,76.3,,,,,,
2026-07-30T20:39:03.490128+00:00,S033,mounted,true,loose_mount,mild,500,loose_mount-mild_horizontal_no_load_0500rpm,2198949,515,241,4290,5462,6,3,343511,9,124,74,22,2,1650,1495,1245,56,109,1678,16383,1655,1643,1635566,800,2014,2063,523523,11957,8,382567,1496,21953,216,2198850496,2198949610,0,2198949619,2198950134,3343876954,17871233,97,86,1046,0.0696,1645.6,0.04753009107635631,-0.0341104903403866,0.0696,24.15,75.5,,,,,,
2026-07-30T20:39:03.583532+00:00,S033,mounted,true,loose_mount,mild,500,loose_mount-mild_horizontal_no_load_0500rpm,2199049,516,249,4231,5437,1,3,343532,9,124,74,24,3,1650,1495,1246,56,109,1667,16383,1655,1644,1635713,800,2015,2285,523531,11958,8,382572,1496,21954,216,2198950560,2199049637,0,2199049651,2199050166,3344576067,17874222,102,86,1040,0.0696,1645.6,0.4170935348720519,-0.032725110386352174,0.0696,24.48,76.1,,,,,,
2026-07-30T20:39:03.723613+00:00,S033,mounted,true,loose_mount,mild,500,loose_mount-mild_horizontal_no_load_0500rpm,2199149,516,249,4231,5437,4,3,343552,9,124,74,24,3,1650,1494,1208,56,109,1661,16383,1652,1644,1635432,800,1859,2083,523527,11955,8,382572,1496,21955,216,2199050593,2199149670,0,2199149679,2199150194,3343363026,17865257,81,107,1036,0.0696,1645.6,0.08143338092848174,-0.2918431420326226,0.0696,24.67,76.4,,,,,,
2026-07-30T20:39:03.816320+00:00,S033,mounted,true,loose_mount,mild,500,loose_mount-mild_horizontal_no_load_0500rpm,2199249,517,244,4221,5402,3,3,343573,9,124,74,24,3,1650,1494,1224,52,97,1665,16383,1655,1642,1635314,800,1777,2295,523516,11954,8,382570,1496,21956,216,2199150621,2199249701,0,2199249711,2199250226,3342985458,17862268,91,94,1048,0.0696,1645.6,0.4350328751882211,-0.4282412944621048,0.0696,24.55,76.2,,,,,,
2026-07-30T20:39:03.909984+00:00,S033,mounted,true,loose_mount,mild,500,loose_mount-mild_horizontal_no_load_0500rpm,2199349,517,257,4176,5420,5,3,343593,9,124,75,24,3,1650,1495,1216,52,97,1671,16383,1654,1645,1651693,808,2009,2175,523521,11956,8,382571,1496,21957,216,2199250650,2199350354,0,2199350428,2199350943,3376405241,17868244,92,108,1042,0.0696,1645.6,0.23444023251923696,-0.0421611967213118,0.0696,24.36,75.9,,,,,,
2026-07-30T20:39:04.001603+00:00,S033,mounted,true,loose_mount,mild,500,loose_mount-mild_horizontal_no_load_0500rpm,2199449,496,281,4197,5615,6,3,343613,9,124,83,59,3,1650,1495,1219,54,117,1668,16383,1654,1645,1635391,800,1905,2257,523521,11956,8,382572,1496,21958,216,2199351373,2199450508,0,2199450582,2199451097,3343232185,17868244,53,125,1032,0.0696,1645.6,0.37107467346938705,-0.2154536584141855,0.0696,24.45,76.0,,,,,,
2026-07-30T20:39:04.097875+00:00,S033,mounted,true,loose_mount,mild,500,loose_mount-mild_horizontal_no_load_0500rpm,2199550,489,266,4375,5737,3,3,343633,9,124,74,14,3,1650,1495,1240,54,117,1672,16383,1654,1646,1635937,800,2021,2265,523539,11956,8,382573,1496,21959,216,2199451524,2199550585,0,2199550664,2199551179,3345443687,17868244,77,107,1038,0.0696,1645.6,0.3844048628303778,-0.022165912679826594,0.0696,24.33,75.8,,,,,,
2026-07-30T20:39:04.189943+00:00,S033,mounted,true,loose_mount,mild,500,loose_mount-mild_horizontal_no_load_0500rpm,2199650,507,281,4256,5640,5,3,343653,9,124,73,21,5,1650,1495,1216,54,115,1665,16383,1653,1643,1635315,800,1857,2075,523525,11956,8,382574,1496,21960,216,2199551606,2199650682,0,2199650756,2199651271,3342894025,17868246,72,97,1048,0.0696,1645.6,0.06781286550685817,-0.2954347945801272,0.0696,24.55,76.2,,,,,,
2026-07-30T20:39:04.331266+00:00,S033,mounted,true,loose_mount,mild,500,loose_mount-mild_horizontal_no_load_0500rpm,2199750,516,238,4267,5422,2,3,343674,9,124,74,23,3,1650,1494,1219,54,118,1661,16383,1653,1643,1651797,808,2014,2228,523523,11955,8,382574,1496,21961,216,2199651697,2199751523,0,2199751533,2199752048,3376845089,17865259,73,95,1046,0.0696,1645.6,0.32306327302383897,-0.03354911944793004,0.0696,24.67,76.4,,,,,,
2026-07-30T20:39:04.426088+00:00,S033,mounted,true,loose_mount,mild,500,loose_mount-mild_horizontal_no_load_0500rpm,2199851,516,238,4267,5422,5,3,343695,9,124,74,23,3,1650,1495,1233,54,118,1663,16383,1655,1643,1635631,800,1943,2253,523520,11958,8,382579,1496,21962,216,2199752474,2199851553,0,2199851563,2199852078,3344204865,17874222,68,101,1032,0.0696,1645.6,0.3637816954340187,-0.1526767491219272,0.0696,24.61,76.3,,,,,,
2026-07-30T20:39:04.520161+00:00,S033,mounted,true,loose_mount,mild,500,loose_mount-mild_horizontal_no_load_0500rpm,2199951,528,287,3988,5348,3,3,343717,9,124,72,17,7,1650,1495,1209,57,126,1663,16383,1653,1642,1635147,800,1871,2063,523527,11956,8,382579,1496,21963,216,2199852505,2199951580,0,2199951590,2199952105,3342208887,17868244,76,108,1031,0.0696,1645.6,0.047817581465372516,-0.27210696319839434,0.0696,24.61,76.3,,,,,,
2026-07-30T20:39:04.613200+00:00,S033,mounted,true,loose_mount,mild,500,loose_mount-mild_horizontal_no_load_0500rpm,2200051,544,254,3975,5145,6,3,343739,9,124,74,20,2,1650,1495,1217,54,113,1663,16383,1655,1646,1635826,800,2017,2135,523527,11956,8,382579,1496,21964,216,2199952532,2200051651,0,2200051661,2200052176,3344949052,17868244,71,113,1036,0.0696,1645.6,0.16778928571428553,-0.028831007360321514,0.0696,24.61,76.3,,,,,,
2026-07-30T20:39:04.708644+00:00,S033,mounted,true,loose_mount,mild,500,loose_mount-mild_horizontal_no_load_0500rpm,2200151,543,252,4009,5169,1,3,343760,9,124,75,27,3,1650,1494,1208,54,113,1659,16383,1654,1645,1635769,800,1955,2069,523550,11955,8,382578,1496,21965,216,2200052603,2200151663,0,2200151672,2200152188,3344720695,17865255,77,112,1040,0.0696,1645.6,0.0581035982434126,-0.13186748933500647,0.0696,24.73,76.5,,,,,,
2026-07-30T20:39:04.799346+00:00,S033,mounted,true,loose_mount,mild,500,loose_mount-mild_horizontal_no_load_0500rpm,2200251,532,277,4002,5303,6,3,343781,9,124,75,25,3,1650,1494,1200,57,123,1660,16383,1654,1647,1636164,800,2025,2217,523596,11952,8,382571,1496,21966,216,2200152614,2200251716,0,2200251725,2200252239,3346354134,17856292,74,110,1041,0.0696,1645.6,0.3056600481927707,-0.014371566265060753,0.0696,24.7,76.5,,,,,,
2026-07-30T20:39:04.892770+00:00,S033,mounted,true,loose_mount,mild,500,loose_mount-mild_horizontal_no_load_0500rpm,2200351,530,246,4110,5271,5,3,343803,9,124,74,25,3,1650,1495,1176,57,123,1661,16383,1654,1646,1651960,808,2013,2209,523560,11957,8,382574,1496,21967,216,2200252666,2200352355,0,2200352429,2200352944,3377515738,17871233,86,104,1037,0.0696,1645.6,0.29078570101195966,-0.03577662465501419,0.0696,24.67,76.4,,,,,,
2026-07-30T20:39:05.033189+00:00,S033,mounted,true,loose_mount,mild,500,loose_mount-mild_horizontal_no_load_0500rpm,2200451,520,287,4077,5460,6,3,343823,9,124,78,37,3,1650,1494,1195,59,129,1661,16383,1652,1643,1635396,800,2019,2293,523504,11955,8,382574,1496,21968,216,2200353371,2200452436,0,2200452510,2200453024,3343247004,17865259,85,101,1036,0.0696,1645.6,0.43138012120451696,-0.025217054203262812,0.0696,24.67,76.4,,,,,,
2026-07-30T20:39:05.127688+00:00,S033,mounted,true,loose_mount,mild,500,loose_mount-mild_horizontal_no_load_0500rpm,2200551,517,259,4196,5450,1,3,343844,9,124,75,25,2,1650,1495,1180,58,124,1674,16383,1653,1644,1635227,800,1829,2245,523518,11959,8,382581,1496,21969,216,2200453451,2200552504,0,2200552577,2200553092,3342582299,17877211,90,82,1036,0.0696,1645.6,0.35014098712266906,-0.34285497307467194,0.0696,24.27,75.7,,,,,,
2026-07-30T20:39:05.220667+00:00,S033,mounted,true,loose_mount,mild,500,loose_mount-mild_horizontal_no_load_0500rpm,2200652,517,259,4196,5450,6,3,343865,9,124,75,25,2,1650,1495,1200,58,124,1673,16383,1652,1646,1635404,800,2019,2069,523537,11957,8,382583,1496,21970,216,2200553518,2200652596,0,2200652670,2200653185,3343219128,17871233,90,85,1030,0.0696,1645.6,0.057526896964120944,-0.02577981876724955,0.0696,24.3,75.7,,,,,,
2026-07-30T20:39:05.315238+00:00,S033,mounted,true,loose_mount,mild,500,loose_mount-mild_horizontal_no_load_0500rpm,2200752,517,250,4220,5432,3,3,343885,9,124,74,25,2,1650,1494,1190,60,126,1671,16383,1652,1643,1635442,800,2009,2067,523532,11952,8,382576,1496,21971,216,2200653611,2200752682,0,2200752756,2200753271,3343374412,17856288,80,104,1031,0.0696,1645.6,0.05563534939759052,-0.04104086746987967,0.0696,24.36,75.9,,,,,,
2026-07-30T20:39:05.408713+00:00,S033,mounted,true,loose_mount,mild,500,loose_mount-mild_horizontal_no_load_0500rpm,2200852,516,255,4221,5457,4,3,343906,9,124,74,24,2,1650,1495,1185,59,120,1667,16383,1655,1645,1651604,808,2011,2085,523514,11956,8,382577,1496,21972,216,2200753698,2200853346,0,2200853355,2200853870,3376025836,17868246,79,105,1033,0.0696,1645.6,0.08447560220809613,-0.03882864938106412,0.0696,24.48,76.1,,,,,,
2026-07-30T20:39:05.502315+00:00,S033,mounted,true,loose_mount,mild,500,loose_mount-mild_horizontal_no_load_0500rpm,2200952,520,241,4171,5330,1,3,343928,9,124,73,24,6,1650,1494,1212,59,120,1663,16383,1654,1644,1635570,800,2019,2071,523523,11954,8,382574,1496,21973,216,2200854297,2200953382,0,2200953396,2200953911,3343899312,17862266,103,88,1050,0.0696,1645.6,0.06172512615024228,-0.02493560130500283,0.0696,24.61,76.3,,,,,,
2026-07-30T20:39:05.595213+00:00,S033,mounted,true,loose_mount,mild,500,loose_mount-mild_horizontal_no_load_0500rpm,2201053,531,255,4078,5280,6,3,343949,9,124,75,30,3,1650,1494,1201,62,119,1660,16383,1653,1645,1635342,800,1997,2266,523523,11951,8,382566,1496,21974,216,2200954338,2201053529,0,2201053538,2201054053,3343019768,17853305,101,84,1051,0.0696,1645.6,0.3876508269600869,-0.06076431754664924,0.0696,24.7,76.5,,,,,,
2026-07-30T20:39:05.735982+00:00,S033,mounted,true,loose_mount,mild,500,loose_mount-mild_horizontal_no_load_0500rpm,2201153,531,247,4073,5235,1,3,343970,9,124,74,25,2,1650,1494,1211,62,119,1660,16383,1654,1643,1635432,800,1839,2066,523518,11955,8,382566,1496,21975,216,2201054480,2201153591,0,2201153600,2201154115,3343377534,17865257,96,113,1041,0.0696,1645.6,0.05310435909661182,-0.32517140301129244,0.0696,24.7,76.5,,,,,,
2026-07-30T20:39:05.831414+00:00,S033,mounted,true,loose_mount,mild,500,loose_mount-mild_horizontal_no_load_0500rpm,2201253,505,303,4067,5565,4,3,343990,9,124,79,36,5,1650,1494,1212,59,123,1666,16383,1652,1642,1635407,800,2021,2081,523516,11953,8,382562,1496,21976,216,2201154542,2201253609,0,2201253618,2201254133,3343230631,17859291,69,113,1020,0.0696,1645.6,0.07868079503053593,-0.02132071756044507,0.0696,24.52,76.1,,,,,,
2026-07-30T20:39:05.926523+00:00,S033,mounted,true,loose_mount,mild,500,loose_mount-mild_horizontal_no_load_0500rpm,2201353,502,240,4359,5556,2,3,344010,9,124,74,24,2,1650,1494,1225,58,120,1667,16383,1654,1643,1635885,800,1949,2246,523574,11954,8,382560,1496,21977,216,2201254560,2201353807,0,2201353817,2201354332,3345277027,17862270,71,118,1034,0.0696,1645.6,0.3533718050861636,-0.1415942728793711,0.0696,24.48,76.1,,,,,,
2026-07-30T20:39:06.019018+00:00,S033,mounted,true,loose_mount,mild,500,loose_mount-mild_horizontal_no_load_0500rpm,2201453,502,240,4359,5556,5,3,344031,9,124,74,24,2,1650,1494,1221,58,120,1665,16383,1653,1643,1651542,808,2009,2065,523528,11953,8,382556,1496,21978,216,2201354759,2201454389,0,2201454468,2201454983,3375768994,17859279,98,106,1043,0.0696,1645.6,0.052013725006274214,-0.04132102007864136,0.0696,24.55,76.2,,,,,,
2026-07-30T20:39:06.111860+00:00,S033,mounted,true,loose_mount,mild,500,loose_mount-mild_horizontal_no_load_0500rpm,2201553,513,242,4296,5477,6,3,344051,9,124,73,15,4,1650,1494,1209,55,118,1673,16383,1653,1643,1635273,800,2011,2139,523496,11955,8,382556,1496,21979,216,2201455410,2201554473,0,2201554547,2201555062,3342692159,17865255,85,108,1038,0.0696,1645.6,0.17475251166875783,-0.03854835859473038,0.0696,24.3,75.7,,,,,,
2026-07-30T20:39:06.204486+00:00,S033,mounted,true,loose_mount,mild,500,loose_mount-mild_horizontal_no_load_0500rpm,2201654,516,252,4226,5449,1,3,344072,9,124,74,24,2,1650,1494,1229,57,124,1671,16383,1652,1644,1635454,800,2007,2242,523503,11954,8,382555,1496,21980,216,2201555489,2201654540,0,2201654614,2201655129,3343476418,17862270,70,113,1038,0.0696,1645.6,0.346705595281914,-0.0449342307177516,0.0696,24.36,75.9,,,,,,
2026-07-30T20:39:06.297476+00:00,S033,mounted,true,loose_mount,mild,500,loose_mount-mild_horizontal_no_load_0500rpm,2201754,492,362,4220,6058,5,3,344091,9,124,103,92,6,1650,1494,1217,57,124,1665,16383,1652,1647,1635438,800,2011,2063,523519,11953,8,382552,1496,21981,216,2201655556,2201754601,0,2201754675,2201755190,3343355292,17859281,51,122,1033,0.0696,1645.6,0.04868034125324128,-0.037987636325608864,0.0696,24.55,76.2,,,,,,
2026-07-30T20:39:06.438850+00:00,S033,mounted,true,loose_mount,mild,500,loose_mount-mild_horizontal_no_load_0500rpm,2201854,477,238,4613,5865,4,3,344110,9,124,74,29,2,1650,1494,1216,58,122,1665,16383,1652,1641,1634884,800,2023,2073,523514,11954,8,382551,1496,21982,216,2201755618,2201854677,0,2201854751,2201855266,3341094792,17862268,60,119,1040,0.0696,1645.6,0.06505823105236708,-0.01826939150075324,0.0696,24.55,76.2,,,,,,
2026-07-30T20:39:06.532055+00:00,S033,mounted,true,loose_mount,mild,500,loose_mount-mild_horizontal_no_load_0500rpm,2201954,497,344,4017,5749,2,3,344130,9,124,82,55,10,1650,1495,1246,58,122,1664,16383,1653,1643,1651626,808,2001,2070,523529,11956,8,382553,1496,21983,216,2201855693,2201955493,0,2201955502,2201956017,3376111884,17868246,65,113,1036,0.0696,1645.6,0.05948149715623918,-0.055491386082302085,0.0696,24.58,76.2,,,,,,
2026-07-30T20:39:06.625086+00:00,S033,mounted,true,loose_mount,mild,500,loose_mount-mild_horizontal_no_load_0500rpm,2202055,497,344,4017,5749,5,3,344151,9,124,82,55,10,1650,1494,1208,60,125,1665,16383,1654,1645,1636009,800,1945,2263,523509,11954,8,382552,1496,21984,216,2201956446,2202055538,0,2202055547,2202056062,3345846405,17862270,87,114,1047,0.0696,1645.6,0.38170319675422437,-0.1482604826836207,0.0696,24.55,76.2,,,,,,
2026-07-30T20:39:06.719398+00:00,S033,mounted,true,loose_mount,mild,500,loose_mount-mild_horizontal_no_load_0500rpm,2202155,531,268,4044,5308,3,3,344173,9,124,74,18,3,1650,1494,1243,59,119,1668,16383,1654,1643,1635382,800,1903,2075,523534,11953,8,382549,1496,21985,216,2202056490,2202155609,0,2202155618,2202156133,3343151256,17859281,90,126,1033,0.0696,1645.6,0.06868064377143801,-0.21799035898937502,0.0696,24.45,76.0,,,,,,
2026-07-30T20:39:06.814451+00:00,S033,mounted,true,loose_mount,mild,500,loose_mount-mild_horizontal_no_load_0500rpm,2202255,528,284,4125,5471,5,3,344193,9,124,77,27,5,1650,1494,1235,59,119,1667,16383,1653,1644,1635103,800,1987,2063,523514,11952,8,382544,1496,21986,216,2202156560,2202255638,0,2202255652,2202256167,3341989745,17856292,96,107,1037,0.0696,1645.6,0.048968024096385676,-0.07771115662650585,0.0696,24.48,76.1,,,,,,
2026-07-30T20:39:06.908120+00:00,S033,mounted,true,loose_mount,mild,500,loose_mount-mild_horizontal_no_load_0500rpm,2202355,488,269,4377,5755,4,3,344212,9,124,74,16,3,1650,1495,1234,56,118,1679,16383,1654,1645,1635302,800,1879,2069,523522,11956,8,382547,1496,21987,216,2202256594,2202355661,0,2202355671,2202356186,3342832022,17868246,107,111,1042,0.0696,1645.6,0.05781522348611556,-0.25877677383740405,0.0696,24.12,75.4,,,,,,
2026-07-30T20:39:07.000445+00:00,S033,mounted,true,loose_mount,mild,500,loose_mount-mild_horizontal_no_load_0500rpm,2202455,490,248,4428,5694,2,3,344232,9,124,74,27,3,1650,1494,1224,53,107,1674,16383,1654,1643,1635756,800,2001,2215,523535,11953,8,382544,1496,21988,216,2202356614,2202455699,0,2202455708,2202456223,3344688438,17859279,72,118,1032,0.0696,1645.6,0.3020175064837276,-0.05465455509077222,0.0696,24.27,75.7,,,,,,
2026-07-30T20:39:07.139802+00:00,S033,mounted,true,loose_mount,mild,500,loose_mount-mild_horizontal_no_load_0500rpm,2202555,515,264,4262,5545,5,3,344253,9,124,75,29,5,1650,1494,1253,53,107,1667,16383,1653,1646,1651908,808,2003,2065,523547,11954,8,382543,1496,21989,216,2202456650,2202556376,0,2202556450,2202556965,3377266960,17862268,79,113,1029,0.0696,1645.6,0.0517258114438679,-0.05160044052200119,0.0696,24.48,76.1,,,,,,
2026-07-30T20:39:07.234511+00:00,S033,mounted,true,loose_mount,mild,500,loose_mount-mild_horizontal_no_load_0500rpm,2202655,515,264,4262,5545,6,3,344273,9,124,75,29,5,1650,1494,1239,52,107,1665,16383,1654,1643,1635636,800,2019,2071,523551,11953,8,382541,1496,21990,216,2202557392,2202656454,0,2202656528,2202657043,3344166028,17859281,93,114,1035,0.0696,1645.6,0.06201387626537258,-0.024654101313478005,0.0696,24.55,76.2,,,,,,
2026-07-30T20:39:07.329119+00:00,S033,mounted,true,loose_mount,mild,500,loose_mount-mild_horizontal_no_load_0500rpm,2202756,517,248,4217,5419,1,3,344294,9,124,73,17,3,1650,1495,1211,52,107,1664,16383,1654,1643,1635016,800,2003,2073,523523,11958,8,382548,1496,21991,216,2202657474,2202756686,0,2202756760,2202757275,3341640438,17874222,95,105,1040,0.0696,1645.6,0.06390259859508252,-0.05271705017561468,0.0696,24.58,76.2,,,,,,
2026-07-30T20:39:07.423996+00:00,S033,mounted,true,loose_mount,mild,500,loose_mount-mild_horizontal_no_load_0500rpm,2202856,516,249,4200,5408,6,3,344315,9,124,73,16,2,1650,1495,1246,53,108,1657,16383,1655,1643,1651947,808,1819,2331,523510,11956,8,382550,1496,21992,216,2202757703,2202857357,0,2202857367,2202857882,3377591975,17868244,93,112,1043,0.0696,1645.6,0.49437892505854775,-0.3587531940448314,0.0696,24.79,76.6,,,,,,
2026-07-30T20:39:07.518515+00:00,S033,mounted,true,loose_mount,mild,500,loose_mount-mild_horizontal_no_load_0500rpm,2202956,516,260,4211,5473,1,3,344336,9,124,75,22,2,1650,1495,1227,52,107,1661,16383,1653,1644,1635347,800,1973,2187,523483,11957,8,382554,1496,21993,216,2202858309,2202957401,0,2202957410,2202957925,3343012245,17871233,92,108,1031,0.0696,1645.6,0.2541307460901563,-0.10242199724011058,0.0696,24.67,76.4,,,,,,
2026-07-30T20:39:07.613681+00:00,S033,mounted,true,loose_mount,mild,500,loose_mount-mild_horizontal_no_load_0500rpm,2203057,517,250,4238,5451,6,3,344357,9,124,74,25,2,1650,1495,1234,52,107,1661,16383,1655,1643,1635663,800,1915,2153,523533,11958,8,382560,1496,21994,216,2202958352,2203057540,0,2203057554,2203058069,3344331883,17874224,79,107,1028,0.0696,1645.6,0.19718219719016528,-0.19932460863020607,0.0696,24.67,76.4,,,,,,
2026-07-30T20:39:07.709164+00:00,S033,mounted,true,loose_mount,mild,500,loose_mount-mild_horizontal_no_load_0500rpm,2203157,517,243,4226,5404,3,3,344377,9,124,74,25,4,1650,1495,1238,51,109,1656,16383,1652,1645,1635700,800,1993,2243,523524,11956,8,382562,1496,21995,216,2203058496,2203157570,0,2203157579,2203158094,3344472160,17868246,68,101,1023,0.0696,1645.6,0.34774684208765416,-0.06882157544329237,0.0696,24.82,76.7,,,,,,
2026-07-30T20:39:07.802306+00:00,S033,mounted,true,loose_mount,mild,500,loose_mount-mild_horizontal_no_load_0500rpm,2203257,517,252,4177,5399,4,3,344398,9,124,74,24,2,1650,1494,1233,52,120,1663,16383,1655,1643,1635313,800,1939,2269,523493,11955,8,382562,1496,21996,216,2203158521,2203257601,0,2203257611,2203258126,3342949357,17865255,77,95,1035,0.0696,1645.6,0.3913862080301129,-0.1585300981179425,0.0696,24.61,76.3,,,,,,
2026-07-30T20:39:07.941140+00:00,S033,mounted,true,loose_mount,mild,500,loose_mount-mild_horizontal_no_load_0500rpm,2203357,517,257,4180,5425,3,3,344419,9,124,74,21,3,1650,1494,1238,52,120,1655,16383,1654,1646,1635830,800,2018,2273,523539,11955,8,382562,1496,21997,216,2203258552,2203357646,0,2203357661,2203358176,3345009752,17865257,82,120,1034,0.0696,1645.6,0.3980518602258467,-0.026883467252195814,0.0696,24.85,76.7,,,,,,
2026-07-30T20:39:08.030833+00:00,S033,mounted,true,loose_mount,mild,500,loose_mount-mild_horizontal_no_load_0500rpm,2203457,517,257,4180,5425,5,3,344439,9,124,74,21,3,1650,1494,1238,52,120,1667,16383,1653,1642,1634958,800,2003,2063,523528,11955,8,382562,1496,21998,216,2203358603,2203457699,0,2203457708,2203458224,3341401202,17865259,75,112,1040,0.0696,1645.6,0.04810511994981148,-0.051879662986198394,0.0696,24.48,76.1,,,,,,
2026-07-30T20:39:08.122633+00:00,S033,mounted,true,loose_mount,mild,500,loose_mount-mild_horizontal_no_load_0500rpm,2203557,517,236,4258,5400,2,3,344460,9,124,74,26,3,1650,1495,1253,52,120,1672,16383,1653,1645,1651634,808,2022,2069,523545,11956,8,382563,1496,21999,216,2203458650,2203558282,0,2203558361,2203558876,3376146616,17868246,103,98,1038,0.0696,1645.6,0.05781522348611556,-0.02049963900970253,0.0696,24.33,75.8,,,,,,
2026-07-30T20:39:08.214912+00:00,S033,mounted,true,loose_mount,mild,500,loose_mount-mild_horizontal_no_load_0500rpm,2203657,504,268,4212,5540,1,3,344480,9,124,74,19,3,1650,1494,1217,54,117,1665,16383,1652,1643,1635160,800,1983,2081,523518,11953,8,382559,1496,22000,216,2203559303,2203658378,0,2203658452,2203658967,3342230688,17859283,99,107,1028,0.0696,1645.6,0.07868079503053593,-0.08465500886806687,0.0696,24.55,76.2,,,,,,
2026-07-30T20:39:08.318998+00:00,S033,mounted,true,loose_mount,mild,500,loose_mount-mild_horizontal_no_load_0500rpm,2203757,502,258,4315,5599,4,3,344500,9,124,74,17,1,1650,1494,1201,54,114,1661,16383,1653,1644,1635614,800,2011,2255,523494,11952,8,382554,1496,22001,216,2203659394,2203758458,0,2203758532,2203759047,3344160348,17856292,77,93,1023,0.0696,1645.6,0.36899963855421625,-0.03770720481927725,0.0696,24.67,76.4,,,,,,
2026-07-30T20:39:08.412221+00:00,S033,mounted,true,loose_mount,mild,500,loose_mount-mild_horizontal_no_load_0500rpm,2203858,513,246,4286,5488,3,3,344521,9,124,73,16,4,1650,1494,1214,54,114,1661,16383,1653,1644,1635465,800,1795,2063,523543,11952,8,382549,1496,22002,216,2203759473,2203858532,0,2203858606,2203859121,3343559929,17856294,93,93,1029,0.0696,1645.6,0.048968024096385676,-0.3977427710843373,0.0696,24.67,76.4,,,,,,
2026-07-30T20:39:08.506040+00:00,S033,mounted,true,loose_mount,mild,500,loose_mount-mild_horizontal_no_load_0500rpm,2203958,516,251,4228,5444,5,3,344541,9,124,74,22,2,1650,1495,1202,55,112,1664,16383,1653,1643,1635424,800,2006,2177,523523,11956,8,382551,1496,22003,216,2203859547,2203958585,0,2203958659,2203959174,3343321098,17868244,93,114,1031,0.0696,1645.6,0.23777277985948464,-0.0471600177316831,0.0696,24.58,76.2,,,,,,
2026-07-30T20:39:08.637815+00:00,S033,mounted,true,loose_mount,mild,500,loose_mount-mild_horizontal_no_load_0500rpm,2204058,524,262,4130,5379,2,3,344562,9,124,71,8,3,1650,1495,1206,55,110,1662,16383,1652,1643,1634929,800,1939,2077,523504,11957,8,382555,1496,22004,216,2203959601,2204058647,0,2204058721,2204059236,3341299311,17871233,91,118,1031,0.0696,1645.6,0.07085597148114076,-0.1590705639374428,0.0696,24.64,76.3,,,,,,
2026-07-30T20:39:08.736288+00:00,S033,mounted,true,loose_mount,mild,500,loose_mount-mild_horizontal_no_load_0500rpm,2204158,524,262,4130,5379,4,3,344584,9,124,71,8,3,1650,1495,1213,55,110,1657,16383,1655,1643,1635730,800,1999,2201,523537,11957,8,382559,1496,22005,216,2204059661,2204158723,0,2204158797,2204159312,3344590832,17871233,103,109,1038,0.0696,1645.6,0.27745662649493985,-0.05910250505979775,0.0696,24.79,76.6,,,,,,
2026-07-30T20:39:08.828419+00:00,S033,mounted,true,loose_mount,mild,500,loose_mount-mild_horizontal_no_load_0500rpm,2204258,530,246,4139,5301,3,3,344605,9,124,75,28,1,1650,1495,1221,58,110,1659,16383,1653,1640,1651706,808,1817,2081,523524,11957,8,382563,1496,22006,216,2204159739,2204259396,0,2204259406,2204259921,3376494646,17871233,105,98,1038,0.0696,1645.6,0.07752050873964977,-0.36233895032198715,0.0696,24.73,76.5,,,,,,
2026-07-30T20:39:08.917928+00:00,S033,mounted,true,loose_mount,mild,500,loose_mount-mild_horizontal_no_load_0500rpm,2204358,522,341,4128,5759,5,3,344625,9,124,87,50,8,1650,1494,1200,58,110,1661,16383,1652,1644,1635126,800,2015,2069,523508,11953,8,382559,1496,22007,216,2204260348,2204359436,0,2204359445,2204359961,3342081128,17859281,81,92,1031,0.0696,1645.6,0.058680492512339644,-0.031320868819543435,0.0696,24.67,76.4,,,,,,
2026-07-30T20:39:09.016519+00:00,S033,mounted,true,loose_mount,mild,500,loose_mount-mild_horizontal_no_load_0500rpm,2204458,488,252,4487,5777,4,3,344644,9,124,73,21,5,1650,1494,1196,60,118,1663,16383,1654,1644,1635583,800,1966,2081,523514,11954,8,382558,1496,22008,216,2204360386,2204459470,0,2204459480,2204459995,3343962785,17862266,94,104,1026,0.0696,1645.6,0.07839065066086626,-0.11326288121131034,0.0696,24.61,76.3,,,,,,
2026-07-30T20:39:09.112205+00:00,S033,mounted,true,loose_mount,mild,500,loose_mount-mild_horizontal_no_load_0500rpm,2204558,490,253,4415,5707,2,3,344664,9,124,73,19,3,1650,1495,1214,60,119,1663,16383,1655,1643,1635773,800,2007,2304,523547,11958,8,382564,1496,22009,216,2204460422,2204559519,0,2204559529,2204560044,3344822823,17874222,75,96,1029,0.0696,1645.6,0.4487474395383839,-0.046053070245860805,0.0696,24.61,76.3,,,,,,
2026-07-30T20:39:09.209318+00:00,S033,mounted,true,loose_mount,mild,500,loose_mount-mild_horizontal_no_load_0500rpm,2204659,516,252,4246,5468,5,3,344685,9,124,75,32,4,1650,1494,1218,60,119,1664,16383,1654,1645,1635542,800,1932,2279,523540,11952,8,382558,1496,22010,216,2204560470,2204659564,0,2204659573,2204660088,3343865424,17856290,91,87,1036,0.0696,1645.6,0.40900359036144573,-0.1693868795180724,0.0696,24.58,76.2,,,,,,
2026-07-30T20:39:09.347346+00:00,S033,mounted,true,loose_mount,mild,500,loose_mount-mild_horizontal_no_load_0500rpm,2204759,516,252,4246,5468,6,3,344705,9,124,75,32,4,1650,1494,1222,60,116,1664,16383,1653,1644,1635663,800,1847,2234,523537,11951,8,382551,1496,22011,216,2204660514,2204759608,0,2204759618,2204760133,3344352159,17853303,89,107,1035,0.0696,1645.6,0.3343077614425565,-0.31080993716007077,0.0696,24.58,76.2,,,,,,
2026-07-30T20:39:09.441021+00:00,S033,mounted,true,loose_mount,mild,500,loose_mount-mild_horizontal_no_load_0500rpm,2204859,517,256,4193,5430,1,3,344726,9,124,74,26,3,1650,1495,1204,60,125,1677,16383,1652,1643,1651169,808,2007,2189,523468,11957,8,382555,1496,22012,216,2204760560,2204860371,0,2204860445,2204860960,3374269217,17871233,77,95,1050,0.0696,1645.6,0.257463014719411,-0.045773430542778826,0.0696,24.18,75.5,,,,,,
2026-07-30T20:39:09.533345+00:00,S033,mounted,true,loose_mount,mild,500,loose_mount-mild_horizontal_no_load_0500rpm,2204959,505,263,4221,5524,4,3,344746,9,124,76,30,3,1650,1495,1196,60,125,1670,16383,1654,1643,1635600,800,2011,2071,523526,11957,8,382559,1496,22013,216,2204861386,2204960436,0,2204960510,2204961025,3344021410,17871235,74,102,1055,0.0696,1645.6,0.06085916559337612,-0.03910889328426892,0.0696,24.39,75.9,,,,,,
2026-07-30T20:39:09.626085+00:00,S033,mounted,true,loose_mount,mild,500,loose_mount-mild_horizontal_no_load_0500rpm,2205059,502,257,4304,5583,2,3,344766,9,124,74,22,2,1650,1494,1225,60,123,1664,16383,1653,1641,1635622,800,1919,2207,523536,11952,8,382554,1496,22014,216,2204961452,2205060523,0,2205060597,2205061112,3344155474,17856290,81,97,1050,0.0696,1645.6,0.2889917349397586,-0.19105568674698814,0.0696,24.58,76.2,,,,,,
2026-07-30T20:39:09.719582+00:00,S033,mounted,true,loose_mount,mild,500,loose_mount-mild_horizontal_no_load_0500rpm,2205160,512,246,4280,5482,5,3,344787,9,124,72,7,5,1650,1495,1214,60,123,1661,16383,1655,1643,1635458,800,2027,2071,523537,11957,8,382558,1496,22015,216,2205061538,2205160581,0,2205160655,2205161170,3343436388,17871233,79,92,1049,0.0696,1645.6,0.06085916559337612,-0.012450744250230628,0.0696,24.67,76.4,,,,,,
2026-07-30T20:39:09.815494+00:00,S033,mounted,true,loose_mount,mild,500,loose_mount-mild_horizontal_no_load_0500rpm,2205260,516,246,4243,5436,2,3,344808,9,124,74,24,2,1650,1494,1206,59,122,1661,16383,1655,1642,1635262,800,1871,2214,523511,11952,8,382553,1496,22016,216,2205161594,2205260662,0,2205260736,2205261251,3342702722,17856290,101,95,1034,0.0696,1645.6,0.3006595542168671,-0.2710635903614458,0.0696,24.67,76.4,,,,,,
2026-07-30T20:39:09.970044+00:00,S033,mounted,true,loose_mount,mild,500,loose_mount-mild_horizontal_no_load_0500rpm,2205360,497,368,4241,6093,3,3,344827,9,124,100,84,8,1650,1494,1215,58,127,1663,16383,1654,1642,1634549,800,1847,2063,523512,11955,8,382553,1496,22017,216,2205261678,2205360726,0,2205360800,2205361315,3339786201,17865255,72,107,1027,0.0696,1645.6,0.04810511994981148,-0.3118400986198244,0.0696,24.61,76.3,,,,,,
2026-07-30T20:39:10.049465+00:00,S033,mounted,true,loose_mount,mild,500,loose_mount-mild_horizontal_no_load_0500rpm,2205460,497,368,4241,6093,1,3,344846,9,124,100,84,8,1650,1495,1238,58,127,1663,16383,1653,1645,1651965,808,1967,2071,523549,11957,8,382557,1496,22018,216,2205361743,2205461371,0,2205461380,2205461895,3377502409,17871235,96,97,1046,0.0696,1645.6,0.06085916559337612,-0.11241880312787478,0.0696,24.61,76.3,,,,,,
2026-07-30T20:39:10.144239+00:00,S033,mounted,true,loose_mount,mild,500,loose_mount-mild_horizontal_no_load_0500rpm,2205560,475,235,4619,5855,4,3,344866,9,124,74,25,4,1650,1495,1222,56,123,1665,16383,1653,1646,1635649,800,1983,2191,523533,11958,8,382563,1496,22019,216,2205462326,2205561437,0,2205561447,2205561962,3344245643,17874222,83,113,1049,0.0696,1645.6,0.2604900065228297,-0.08603694982438537,0.0696,24.55,76.2,,,,,,
2026-07-30T20:39:10.238948+00:00,S033,mounted,true,loose_mount,mild,500,loose_mount-mild_horizontal_no_load_0500rpm,2205660,487,311,4194,5793,2,3,344886,9,124,75,32,9,1650,1494,1246,59,121,1665,16383,1654,1643,1635371,800,2001,2071,523508,11953,8,382559,1496,22020,216,2205562389,2205661478,0,2205661487,2205662002,3343086887,17859279,83,103,1044,0.0696,1645.6,0.06201387626537258,-0.05465455509077222,0.0696,24.55,76.2,,,,,,
2026-07-30T20:39:10.335687+00:00,S033,mounted,true,loose_mount,mild,500,loose_mount-mild_horizontal_no_load_0500rpm,2205760,518,268,4094,5390,5,3,344907,9,124,75,28,2,1650,1494,1214,59,121,1660,16383,1653,1647,1635848,800,1915,2071,523577,11952,8,382554,1496,22021,216,2205662433,2205761524,0,2205761534,2205762049,3345049056,17856294,79,113,1041,0.0696,1645.6,0.06230267469879491,-0.19772301204819298,0.0696,24.7,76.5,,,,,,
2026-07-30T20:39:10.429758+00:00,S033,mounted,true,loose_mount,mild,500,loose_mount-mild_horizontal_no_load_0500rpm,2205861,516,262,4176,5447,2,3,344928,9,124,74,20,3,1650,1495,1250,57,116,1656,16383,1654,1641,1634875,800,1941,2073,523525,11956,8,382556,1496,22022,216,2205762476,2205861584,0,2205861593,2205862108,3341074605,17868244,96,111,1039,0.0696,1645.6,0.06448031816661048,-0.155467806289729,0.0696,24.82,76.7,,,,,,
2026-07-30T20:39:10.521455+00:00,S033,mounted,true,loose_mount,mild,500,loose_mount-mild_horizontal_no_load_0500rpm,2205961,516,251,4223,5441,1,3,344948,9,124,75,25,2,1650,1494,1206,57,116,1657,16383,1653,1643,1635170,800,1919,2063,523491,11955,8,382556,1496,22023,216,2205862535,2205961613,0,2205961622,2205962137,3342277532,17865255,97,95,1035,0.0696,1645.6,0.04810511994981148,-0.1918583590966123,0.0696,24.79,76.6,,,,,,
2026-07-30T20:39:10.616414+00:00,S033,mounted,true,loose_mount,mild,500,loose_mount-mild_horizontal_no_load_0500rpm,2206061,516,251,4223,5441,6,3,344969,9,124,75,25,2,1650,1495,1242,57,112,1659,16383,1653,1643,1635015,800,2020,2071,523512,11958,8,382562,1496,22024,216,2205962563,2206061675,0,2206061684,2206062199,3341628271,17874222,96,92,1041,0.0696,1645.6,0.06057060863020558,-0.024395135474159613,0.0696,24.73,76.5,,,,,,
2026-07-30T20:39:10.756797+00:00,S033,mounted,true,loose_mount,mild,500,loose_mount-mild_horizontal_no_load_0500rpm,2206161,517,244,4253,5436,2,3,344988,9,124,75,29,1,1650,1495,1206,58,112,1657,16383,1654,1644,1635378,800,2003,2251,523532,11958,8,382567,1496,22025,216,2206062625,2206161700,0,2206161710,2206162228,3343154380,17874222,101,91,1047,0.0696,1645.6,0.3604497054691418,-0.05271705017561468,0.0696,24.79,76.6,,,,,,
2026-07-30T20:39:10.850717+00:00,S033,mounted,true,loose_mount,mild,500,loose_mount-mild_horizontal_no_load_0500rpm,2206261,484,309,4236,5833,1,3,345008,9,124,89,71,5,1650,1494,1238,58,112,1664,16383,1654,1643,1651126,808,1815,2067,523499,11954,8,382565,1496,22026,216,2206162655,2206262365,0,2206262439,2206262954,3374120970,17862268,67,129,1028,0.0696,1645.6,0.05505891634599269,-0.3649123013217337,0.0696,24.58,76.2,,,,,,
2026-07-30T20:39:10.945066+00:00,S033,mounted,true,loose_mount,mild,500,loose_mount-mild_horizontal_no_load_0500rpm,2206361,477,261,4489,5861,5,3,345027,9,124,74,23,2,1650,1494,1252,59,122,1664,16383,1652,1644,1635316,800,1969,2069,523521,11954,8,382563,1496,22027,216,2206263381,2206362432,0,2206362506,2206363021,3342861244,17862270,58,112,1025,0.0696,1645.6,0.05839202124811749,-0.1082632238581227,0.0696,24.58,76.2,,,,,,
2026-07-30T20:39:11.038262+00:00,S033,mounted,true,loose_mount,mild,500,loose_mount-mild_horizontal_no_load_0500rpm,2206461,494,268,4403,5762,6,3,345047,9,124,74,23,4,1650,1495,1213,57,116,1661,16383,1653,1643,1634968,800,1809,2071,523519,11957,8,382566,1496,22028,216,2206363448,2206462519,0,2206462593,2206463108,3341492376,17871233,43,122,1025,0.0696,1645.6,0.06085916559337612,-0.37566802483900696,0.0696,24.67,76.4,,,,,,
2026-07-30T20:39:11.132333+00:00,S033,mounted,true,loose_mount,mild,500,loose_mount-mild_horizontal_no_load_0500rpm,2206562,502,241,4394,5594,3,3,345067,9,124,74,23,3,1650,1494,1225,57,116,1662,16383,1653,1642,1635260,800,2014,2064,523528,11954,8,382564,1496,22029,216,2206463535,2206562579,0,2206562653,2206563168,3342630884,17862268,44,118,1028,0.0696,1645.6,0.0500592589928055,-0.03326836356031526,0.0696,24.64,76.3,,,,,,
2026-07-30T20:39:11.217437+00:00,S033,mounted,true,loose_mount,mild,500,loose_mount-mild_horizontal_no_load_0500rpm,2206662,502,241,4394,5594,4,3,345088,9,124,74,23,3,1650,1495,1245,56,116,1666,16383,1654,1641,1635164,800,2018,2085,523518,11957,8,382567,1496,22030,216,2206563595,2206662673,0,2206662747,2206663262,3342240748,17871233,54,95,1040,0.0696,1645.6,0.08418504599815968,-0.02744595308187714,0.0696,24.52,76.1,,,,,,
2026-07-30T20:39:11.356387+00:00,S033,mounted,true,loose_mount,mild,500,loose_mount-mild_horizontal_no_load_0500rpm,2206762,527,321,3973,5497,1,3,345110,9,124,76,40,5,1650,1494,1221,56,116,1669,16383,1654,1644,1652320,808,1997,2244,523532,11954,8,382565,1496,22031,216,2206663688,2206763338,0,2206763347,2206763862,3378990340,17862268,74,102,1051,0.0696,1645.6,0.3500387001840388,-0.06159975522837602,0.0696,24.42,76.0,,,,,,
2026-07-30T20:39:11.459295+00:00,S033,mounted,true,loose_mount,mild,500,loose_mount-mild_horizontal_no_load_0500rpm,2206862,541,243,4063,5185,2,3,345132,9,124,73,19,4,1650,1494,1227,57,114,1665,16383,1654,1644,1635572,800,1843,2291,523553,11952,8,382559,1496,22032,216,2206764289,2206863393,0,2206863402,2206863917,3344012258,17856292,79,103,1050,0.0696,1645.6,0.4290055662650598,-0.31773486746987967,0.0696,24.55,76.2,,,,,,
2026-07-30T20:39:11.553928+00:00,S033,mounted,true,loose_mount,mild,500,loose_mount-mild_horizontal_no_load_0500rpm,2206962,540,296,4026,5396,5,3,345153,9,124,78,31,4,1650,1495,1237,57,118,1667,16383,1653,1641,1635795,800,1997,2154,523549,11957,8,382563,1496,22033,216,2206864344,2206963510,0,2206963520,2206964035,3344830617,17871233,81,107,1049,0.0696,1645.6,0.19914831370745167,-0.06243477368905248,0.0696,24.48,76.1,,,,,,
2026-07-30T20:39:11.645805+00:00,S033,mounted,true,loose_mount,mild,500,loose_mount-mild_horizontal_no_load_0500rpm,2207063,515,246,4240,5434,6,3,345173,9,124,74,18,3,1650,1494,1233,57,118,1661,16383,1654,1645,1635703,800,1947,2067,523547,11955,8,382563,1496,22034,216,2206964462,2207063555,0,2207063565,2207064080,3344448277,17865257,76,92,1054,0.0696,1645.6,0.05477077214554571,-0.14519879372647448,0.0696,24.67,76.4,,,,,,
2026-07-30T20:39:11.729690+00:00,S033,mounted,true,loose_mount,mild,500,loose_mount-mild_horizontal_no_load_0500rpm,2207163,516,248,4222,5422,1,3,345194,9,124,75,25,3,1650,1495,1255,56,114,1661,16383,1654,1643,1635369,800,2023,2069,523530,11959,8,382570,1496,22035,216,2207064510,2207163585,0,2207163594,2207164109,3343072971,17877211,85,96,1040,0.0696,1645.6,0.0569503885776399,-0.019678972405719808,0.0696,24.67,76.4,,,,,,
2026-07-30T20:39:11.827511+00:00,S033,mounted,true,loose_mount,mild,500,loose_mount-mild_horizontal_no_load_0500rpm,2207263,517,251,4190,5406,6,3,345215,9,124,75,28,2,1650,1494,1240,58,117,1662,16383,1653,1644,1635602,800,1979,2285,523520,11955,8,382570,1496,22036,216,2207164535,2207263636,0,2207263645,2207264160,3344098536,17865255,97,105,1037,0.0696,1645.6,0.4180488168130485,-0.09187357616060243,0.0696,24.64,76.3,,,,,,
2026-07-30T20:39:11.919257+00:00,S033,mounted,true,loose_mount,mild,500,loose_mount-mild_horizontal_no_load_0500rpm,2207363,517,255,4204,5437,3,3,345235,9,124,74,23,2,1650,1494,1214,58,117,1667,16383,1656,1645,1635949,800,1981,2099,523587,11955,8,382570,1496,22037,216,2207264587,2207363687,0,2207363697,2207364212,3345453133,17865257,86,131,1025,0.0696,1645.6,0.10809598971141732,-0.08854075006273554,0.0696,24.48,76.1,,,,,,
2026-07-30T20:39:12.061067+00:00,S033,mounted,true,loose_mount,mild,500,loose_mount-mild_horizontal_no_load_0500rpm,2207463,517,255,4204,5437,4,3,345256,9,124,74,23,2,1650,1494,1216,57,118,1674,16383,1655,1643,1651420,808,2020,2159,523506,11955,8,382570,1496,22038,216,2207364639,2207464347,0,2207464421,2207464936,3375281798,17865255,88,110,1026,0.0696,1645.6,0.20808077264742764,-0.023550641154329366,0.0696,24.27,75.7,,,,,,
2026-07-30T20:39:12.151833+00:00,S033,mounted,true,loose_mount,mild,500,loose_mount-mild_horizontal_no_load_0500rpm,2207563,506,259,4230,5508,2,3,345276,9,124,78,39,2,1650,1495,1229,57,118,1670,16383,1654,1643,1635214,800,2021,2071,523494,11959,8,382577,1496,22039,216,2207465363,2207564433,0,2207564507,2207565022,3342443396,17877213,70,120,1029,0.0696,1645.6,0.06028209992474265,-0.02301068375282256,0.0696,24.39,75.9,,,,,,
2026-07-30T20:39:12.249793+00:00,S033,mounted,true,loose_mount,mild,500,loose_mount-mild_horizontal_no_load_0500rpm,2207663,502,266,4275,5599,1,3,345296,9,124,74,18,2,1650,1495,1216,56,122,1669,16383,1655,1642,1635138,800,2023,2070,523504,11959,8,382583,1496,22040,216,2207565449,2207664501,0,2207664575,2207665090,3342131452,17877211,64,108,1039,0.0696,1645.6,0.058616244251191496,-0.019678972405719808,0.0696,24.42,76.0,,,,,,
2026-07-30T20:39:12.341345+00:00,S033,mounted,true,loose_mount,mild,500,loose_mount-mild_horizontal_no_load_0500rpm,2207764,487,314,4341,5955,5,3,345315,9,124,90,66,4,1650,1495,1245,56,122,1664,16383,1653,1642,1635782,800,2020,2167,523555,11956,8,382583,1496,22041,216,2207665517,2207764579,0,2207764653,2207765168,3344782248,17868246,52,124,1031,0.0696,1645.6,0.22111004315824667,-0.023832186349950213,0.0696,24.58,76.2,,,,,,
2026-07-30T20:39:12.440025+00:00,S033,mounted,true,loose_mount,mild,500,loose_mount-mild_horizontal_no_load_0500rpm,2207864,476,245,4571,5859,4,3,345334,9,124,74,23,2,1650,1495,1214,56,122,1664,16383,1653,1642,1635014,800,2023,2063,523509,11956,8,382583,1496,22042,216,2207765595,2207864644,0,2207864717,2207865233,3341623326,17868244,68,125,1030,0.0696,1645.6,0.047817581465372516,-0.01883336533957891,0.0696,24.58,76.2,,,,,,
2026-07-30T20:39:12.531136+00:00,S033,mounted,true,loose_mount,mild,500,loose_mount-mild_horizontal_no_load_0500rpm,2207964,497,354,4007,5788,2,3,345354,9,124,83,55,13,1650,1495,1238,57,117,1666,16383,1653,1642,1635668,800,1930,2279,523534,11957,8,382585,1496,22043,216,2207865659,2207964705,0,2207964779,2207965294,3344364944,17871233,77,100,1034,0.0696,1645.6,0.40741510303587836,-0.17406577276908974,0.0696,24.52,76.1,,,,,,
2026-07-30T20:39:12.627546+00:00,S033,mounted,true,loose_mount,mild,500,loose_mount-mild_horizontal_no_load_0500rpm,2208064,497,354,4007,5788,4,3,345376,9,124,83,55,13,1650,1494,1215,59,117,1660,16383,1655,1644,1651640,808,2004,2065,523525,11955,8,382584,1496,22044,216,2207965722,2208065368,0,2208065382,2208065897,3376171660,17865257,92,113,1037,0.0696,1645.6,0.05143794604767837,-0.05021324993726495,0.0696,24.7,76.5,,,,,,
2026-07-30T20:39:12.764425+00:00,S033,mounted,true,loose_mount,mild,500,loose_mount-mild_horizontal_no_load_0500rpm,2208164,531,276,3979,5280,3,3,345397,9,124,75,17,2,1650,1495,1228,59,117,1664,16383,1654,1642,1635559,800,2013,2215,523510,11958,8,382588,1496,22045,216,2208066325,2208165428,0,2208165437,2208165952,3343914067,17874222,75,110,1029,0.0696,1645.6,0.3004738861013543,-0.036057100351229554,0.0696,24.58,76.2,,,,,,
2026-07-30T20:39:12.856323+00:00,S033,mounted,true,loose_mount,mild,500,loose_mount-mild_horizontal_no_load_0500rpm,2208264,530,266,4105,5360,4,3,345418,9,124,74,19,1,1650,1495,1225,57,116,1674,16383,1653,1643,1635558,800,1983,2069,523536,11957,8,382590,1496,22046,216,2208166379,2208265490,0,2208265505,2208266020,3343856534,17871233,89,95,1037,0.0696,1645.6,0.057526896964120944,-0.08576065409383649,0.0696,24.27,75.7,,,,,,
2026-07-30T20:39:12.955273+00:00,S033,mounted,true,loose_mount,mild,500,loose_mount-mild_horizontal_no_load_0500rpm,2208365,516,248,4199,5399,2,3,345438,9,124,73,15,3,1650,1494,1209,57,116,1668,16383,1653,1642,1635468,800,1937,2249,523522,11953,8,382585,1496,22047,216,2208266445,2208365544,0,2208365554,2208366069,3343584178,17859281,79,104,1030,0.0696,1645.6,0.35868503028528353,-0.1613228351878191,0.0696,24.45,76.0,,,,,,
2026-07-30T20:39:13.045867+00:00,S033,mounted,true,loose_mount,mild,500,loose_mount-mild_horizontal_no_load_0500rpm,2208465,516,248,4208,5410,5,3,345459,9,124,74,19,2,1650,1494,1229,56,110,1670,16383,1653,1642,1635494,800,1929,2219,523528,11955,8,382584,1496,22048,216,2208366499,2208465561,0,2208465571,2208466086,3343645338,17865255,93,99,1035,0.0696,1645.6,0.3080655555834375,-0.1751942286072774,0.0696,24.39,75.9,,,,,,
2026-07-30T20:39:13.136945+00:00,S033,mounted,true,loose_mount,mild,500,loose_mount-mild_horizontal_no_load_0500rpm,2208565,517,250,4207,5416,2,3,345480,9,124,74,23,2,1650,1495,1222,56,110,1669,16383,1655,1644,1635429,800,1911,2125,523515,11957,8,382586,1496,22049,216,2208466512,2208565631,0,2208565640,2208566155,3343348129,17871233,93,123,1025,0.0696,1645.6,0.15083041858325652,-0.20572232474701035,0.0696,24.42,76.0,,,,,,
2026-07-30T20:39:13.235128+00:00,S033,mounted,true,loose_mount,mild,500,loose_mount-mild_horizontal_no_load_0500rpm,2208665,517,264,4184,5461,1,3,345500,9,124,74,22,2,1650,1495,1201,56,110,1663,16383,1654,1644,1635504,800,1951,2068,523545,11956,8,382586,1496,22050,216,2208566582,2208665649,0,2208665658,2208666173,3343640108,17868246,92,118,1034,0.0696,1645.6,0.0561489498159915,-0.13880506958849148,0.0696,24.61,76.3,,,,,,
2026-07-30T20:39:13.326981+00:00,S033,mounted,true,loose_mount,mild,500,loose_mount-mild_horizontal_no_load_0500rpm,2208765,517,264,4184,5461,4,3,345520,9,124,74,22,2,1650,1495,1206,56,115,1661,16383,1653,1643,1635437,800,2015,2078,523529,11957,8,382588,1496,22051,216,2208666600,2208765705,0,2208765714,2208766230,3343355877,17871233,96,107,1037,0.0696,1645.6,0.0725221057957679,-0.032444356025759014,0.0696,24.67,76.4,,,,,,
2026-07-30T20:39:13.467374+00:00,S033,mounted,true,loose_mount,mild,500,loose_mount-mild_horizontal_no_load_0500rpm,2208865,508,261,4228,5514,3,3,345541,9,124,80,49,3,1650,1495,1199,57,120,1661,16383,1653,1643,1651676,808,2014,2073,523519,11957,8,382590,1496,22052,216,2208766656,2208866338,0,2208866412,2208866927,3376318050,17871235,74,116,1029,0.0696,1645.6,0.06419143422263085,-0.0341104903403866,0.0696,24.67,76.4,,,,,,
2026-07-30T20:39:13.558982+00:00,S033,mounted,true,loose_mount,mild,500,loose_mount-mild_horizontal_no_load_0500rpm,2208965,503,267,4249,5574,5,3,345561,9,124,75,23,3,1650,1494,1219,57,120,1662,16383,1652,1642,1634957,800,2011,2085,523512,11954,8,382587,1496,22053,216,2208867354,2208966406,0,2208966480,2208966995,3341397117,17862268,58,106,1035,0.0696,1645.6,0.08505686046511629,-0.03826802091350201,0.0696,24.64,76.3,,,,,,
2026-07-30T20:39:13.660579+00:00,S033,mounted,true,loose_mount,mild,500,loose_mount-mild_horizontal_no_load_0500rpm,2209065,488,331,4342,6038,4,3,345580,9,124,90,64,5,1650,1494,1208,57,124,1660,16383,1652,1642,1634927,800,1995,2063,523490,11955,8,382586,1496,22054,216,2208967422,2209066475,0,2209066549,2209067064,3341272451,17865257,60,102,1038,0.0696,1645.6,0.04810511994981148,-0.0652109673776664,0.0696,24.7,76.5,,,,,,
2026-07-30T20:39:13.755240+00:00,S033,mounted,true,loose_mount,mild,500,loose_mount-mild_horizontal_no_load_0500rpm,2209166,476,234,4621,5849,6,3,345599,9,124,74,27,4,1650,1494,1204,57,124,1663,16383,1653,1643,1634843,800,1711,2063,523511,11954,8,382583,1496,22055,216,2209067491,2209166567,0,2209166640,2209167155,3341040193,17862268,60,116,1031,0.0696,1645.6,0.0483927065417431,-0.5382337562322235,0.0696,24.61,76.3,,,,,,
2026-07-30T20:39:13.848948+00:00,S033,mounted,true,loose_mount,mild,500,loose_mount-mild_horizontal_no_load_0500rpm,2209266,496,361,3942,5760,3,3,345619,9,124,86,61,15,1650,1494,1222,57,120,1677,16383,1653,1644,1635693,800,1877,2071,523576,11951,8,382574,1496,22056,216,2209167582,2209266657,0,2209266731,2209267246,3344428247,17853305,71,99,1038,0.0696,1645.6,0.06259152146263913,-0.260800813237386,0.0696,24.18,75.5,,,,,,
2026-07-30T20:39:13.942606+00:00,S033,mounted,true,loose_mount,mild,500,loose_mount-mild_horizontal_no_load_0500rpm,2209366,496,361,3942,5760,6,3,345641,9,124,86,61,15,1650,1494,1215,57,118,1670,16383,1653,1642,1635117,800,1915,2175,523524,11954,8,382572,1496,22057,216,2209267673,2209366739,0,2209366813,2209367328,3342081451,17862268,88,96,1039,0.0696,1645.6,0.2350465810607325,-0.1982570562154926,0.0696,24.39,75.9,,,,,,
2026-07-30T20:39:14.035649+00:00,S033,mounted,true,loose_mount,mild,500,loose_mount-mild_horizontal_no_load_0500rpm,2209466,545,290,3852,5183,5,3,345663,9,124,76,25,4,1650,1494,1209,57,118,1663,16383,1653,1642,1652057,808,1851,2075,523533,11954,8,382570,1496,22058,216,2209367755,2209467376,0,2209467385,2209467900,3377916487,17862268,92,93,1036,0.0696,1645.6,0.06839133595449187,-0.30491641308348694,0.0696,24.61,76.3,,,,,,
2026-07-30T20:39:14.128061+00:00,S033,mounted,true,loose_mount,mild,500,loose_mount-mild_horizontal_no_load_0500rpm,2209566,544,237,4015,5106,6,3,345683,9,124,73,22,2,1650,1495,1208,56,108,1668,16383,1654,1642,1635474,800,2017,2113,523529,11956,8,382571,1496,22059,216,2209468326,2209567400,0,2209567409,2209567924,3343511688,17868244,91,109,1032,0.0696,1645.6,0.13113126497156236,-0.028831007360321514,0.0696,24.45,76.0,,,,,,
2026-07-30T20:39:14.268323+00:00,S033,mounted,true,loose_mount,mild,500,loose_mount-mild_horizontal_no_load_0500rpm,2209666,492,333,4043,5734,3,3,345703,9,124,82,35,10,1650,1495,1216,60,117,1664,16383,1652,1646,1635551,800,2015,2295,523522,11959,8,382578,1496,22060,216,2209568351,2209667459,0,2209667469,2209667984,3343884353,17877217,76,93,1035,0.0696,1645.6,0.4334337708002338,-0.033005817794130365,0.0696,24.58,76.2,,,,,,
2026-07-30T20:39:14.363410+00:00,S033,mounted,true,loose_mount,mild,500,loose_mount-mild_horizontal_no_load_0500rpm,2209766,489,252,4457,5745,5,3,345723,9,124,74,21,3,1650,1494,1231,60,117,1664,16383,1653,1645,1635374,800,2010,2073,523517,11955,8,382577,1496,22061,216,2209668411,2209767495,0,2209767509,2209768024,3343096502,17865255,94,94,1033,0.0696,1645.6,0.06476925043914683,-0.04021477164366427,0.0696,24.58,76.2,,,,,,
2026-07-30T20:39:14.458145+00:00,S033,mounted,true,loose_mount,mild,500,loose_mount-mild_horizontal_no_load_0500rpm,2209867,523,297,4204,5626,2,3,345744,9,124,77,35,8,1650,1494,1230,62,122,1668,16383,1655,1643,1635472,800,2003,2191,523542,11954,8,382574,1496,22062,216,2209768450,2209867566,0,2209867576,2209868091,3343541870,17862266,109,95,1031,0.0696,1645.6,0.26171142027773087,-0.05160044052200119,0.0696,24.45,76.0,,,,,,
2026-07-30T20:39:14.550452+00:00,S033,mounted,true,loose_mount,mild,500,loose_mount-mild_horizontal_no_load_0500rpm,2209967,530,252,4120,5307,5,3,345765,9,124,73,19,1,1650,1494,1235,62,122,1668,16383,1654,1645,1635414,800,1825,2211,523549,11955,8,382574,1496,22063,216,2209868518,2209967583,0,2209967593,2209968108,3343382728,17865255,84,97,1030,0.0696,1645.6,0.2947342511919695,-0.34850118569636157,0.0696,24.45,76.0,,,,,,
2026-07-30T20:39:14.642847+00:00,S033,mounted,true,loose_mount,mild,500,loose_mount-mild_horizontal_no_load_0500rpm,2210067,522,277,4117,5446,2,3,345786,9,124,79,42,2,1650,1494,1238,60,119,1675,16383,1653,1643,1635741,800,2021,2071,523563,11955,8,382574,1496,22064,216,2209968534,2210067812,0,2210067821,2210068336,3344594263,17865257,86,76,1046,0.0696,1645.6,0.06143642434127994,-0.021884228105395476,0.0696,24.24,75.6,,,,,,
2026-07-30T20:39:14.735643+00:00,S033,mounted,true,loose_mount,mild,500,loose_mount-mild_horizontal_no_load_0500rpm,2210167,522,277,4117,5446,5,3,345807,9,124,79,42,2,1650,1494,1232,60,127,1667,16383,1653,1645,1651579,808,1841,2069,523525,11955,8,382574,1496,22065,216,2210068762,2210168369,0,2210168443,2210168958,3375958115,17865257,99,80,1045,0.0696,1645.6,0.0581035982434126,-0.32183857691342554,0.0696,24.48,76.1,,,,,,
2026-07-30T20:39:14.875023+00:00,S033,mounted,true,loose_mount,mild,500,loose_mount-mild_horizontal_no_load_0500rpm,2210267,517,241,4222,5386,6,3,345827,9,124,73,19,3,1650,1494,1246,60,127,1669,16383,1653,1643,1635770,800,2027,2069,523538,11954,8,382572,1496,22066,216,2210169384,2210268450,0,2210268524,2210269039,3344712504,17862268,91,87,1038,0.0696,1645.6,0.05839202124811749,-0.011603181696503206,0.0696,24.42,76.0,,,,,,
2026-07-30T20:39:14.970175+00:00,S033,mounted,true,loose_mount,mild,500,loose_mount-mild_horizontal_no_load_0500rpm,2210368,503,408,4196,6227,2,3,345846,9,124,97,57,15,1650,1494,1224,61,131,1671,16383,1653,1642,1634903,800,1975,2069,523520,11953,8,382568,1496,22067,216,2210269465,2210368536,0,2210368610,2210369125,3341178351,17859281,100,84,1046,0.0696,1645.6,0.058680492512339644,-0.09798854388019729,0.0696,24.36,75.9,,,,,,
2026-07-30T20:39:15.064671+00:00,S033,mounted,true,loose_mount,mild,500,loose_mount-mild_horizontal_no_load_0500rpm,2210468,459,269,4779,6244,2,3,345864,9,124,74,25,7,1650,1494,1224,62,125,1666,16383,1653,1642,1635537,800,2011,2066,523522,11954,8,382566,1496,22068,216,2210369553,2210468622,0,2210468696,2210469215,3343765111,17862278,96,90,1050,0.0696,1645.6,0.05339236389493074,-0.03826802091350201,0.0696,24.52,76.1,,,,,,
2026-07-30T20:39:15.157510+00:00,S033,mounted,true,loose_mount,mild,500,loose_mount-mild_horizontal_no_load_0500rpm,2210568,475,325,4231,5945,1,3,345884,9,124,79,42,12,1650,1494,1214,62,125,1660,16383,1655,1644,1635931,800,2019,2209,523560,11954,8,382564,1496,22069,216,2210469641,2210568720,0,2210568794,2210569309,3345400581,17862266,100,99,1044,0.0696,1645.6,0.29170936439685446,-0.02493560130500283,0.0696,24.7,76.5,,,,,,
2026-07-30T20:39:15.251723+00:00,S033,mounted,true,loose_mount,mild,500,loose_mount-mild_horizontal_no_load_0500rpm,2210668,475,325,4231,5945,6,3,345905,9,124,79,42,12,1650,1495,1249,62,133,1662,16383,1653,1643,1652015,808,1991,2263,523508,11956,8,382565,1496,22070,216,2210569737,2210669396,0,2210669410,2210669925,3377799649,17868246,106,101,1038,0.0696,1645.6,0.3810723154901301,-0.07215412278354005,0.0696,24.64,76.3,,,,,,
2026-07-30T20:39:15.346483+00:00,S033,mounted,true,loose_mount,mild,500,loose_mount-mild_horizontal_no_load_0500rpm,2210768,519,273,4040,5356,3,3,345925,9,124,76,30,3,1650,1494,1243,62,133,1662,16383,1655,1643,1635973,800,2007,2225,523521,11953,8,382561,1496,22071,216,2210670354,2210769422,0,2210769432,2210769947,3345577661,17859281,95,109,1052,0.0696,1645.6,0.3186844252488914,-0.044654403831674294,0.0696,24.64,76.3,,,,,,
2026-07-30T20:39:15.437894+00:00,S033,mounted,true,loose_mount,mild,500,loose_mount-mild_horizontal_no_load_0500rpm,2210868,516,269,4170,5474,4,3,345946,9,124,75,20,3,1650,1495,1206,61,128,1662,16383,1653,1643,1635118,800,1994,2065,523484,11957,8,382564,1496,22072,216,2210770377,2210869472,0,2210869481,2210869996,3342055028,17871233,92,102,1044,0.0696,1645.6,0.05086235970561148,-0.0674331766329348,0.0696,24.64,76.3,,,,,,
2026-07-30T20:39:15.581190+00:00,S033,mounted,true,loose_mount,mild,500,loose_mount-mild_horizontal_no_load_0500rpm,2210968,504,257,4241,5519,2,3,345966,9,124,75,27,3,1650,1495,1243,61,131,1661,16383,1654,1646,1635687,800,2003,2299,523522,11957,8,382567,1496,22073,216,2210870424,2210969477,0,2210969487,2210970002,3344440921,17871233,77,95,1044,0.0696,1645.6,0.440737789328427,-0.052437967801287844,0.0696,24.67,76.4,,,,,,
2026-07-30T20:39:15.674650+00:00,S033,mounted,true,loose_mount,mild,500,loose_mount-mild_horizontal_no_load_0500rpm,2211068,502,257,4292,5573,1,3,345986,9,124,74,21,3,1650,1494,1220,61,131,1667,16383,1653,1644,1635874,800,2022,2111,523539,11953,8,382563,1496,22074,216,2210970428,2211069523,0,2211069532,2211070048,3345147532,17859281,62,84,1048,0.0696,1645.6,0.12868155132602643,-0.019654025683928822,0.0696,24.48,76.1,,,,,,
2026-07-30T20:39:15.769622+00:00,S033,mounted,true,loose_mount,mild,500,loose_mount-mild_horizontal_no_load_0500rpm,2211169,525,269,4209,5490,6,3,346007,9,124,75,28,7,1650,1494,1243,63,130,1663,16383,1654,1643,1634948,800,2007,2067,523517,11955,8,382563,1496,22075,216,2211070473,2211169559,0,2211169568,2211170087,3341361194,17865259,70,78,1053,0.0696,1645.6,0.05477077214554571,-0.045214010790464165,0.0696,24.61,76.3,,,,,,
2026-07-30T20:39:15.861558+00:00,S033,mounted,true,loose_mount,mild,500,loose_mount-mild_horizontal_no_load_0500rpm,2211269,530,251,4128,5313,5,3,346029,9,124,74,19,2,1650,1494,1241,63,137,1662,16383,1654,1646,1635955,800,1812,2298,523583,11951,8,382555,1496,22076,216,2211170513,2211269629,0,2211269643,2211270158,3345594429,17853305,82,93,1042,0.0696,1645.6,0.44099389247761644,-0.3691539150698686,0.0696,24.64,76.3,,,,,,
2026-07-30T20:39:15.956295+00:00,S033,mounted,true,loose_mount,mild,500,loose_mount-mild_horizontal_no_load_0500rpm,2211369,538,252,4046,5221,2,3,346050,9,124,71,4,3,1650,1494,1228,63,137,1666,16383,1653,1642,1635127,800,2015,2194,523521,11953,8,382552,1496,22077,216,2211270584,2211369668,0,2211369677,2211370192,3342113063,17859279,70,94,1041,0.0696,1645.6,0.26701697707688465,-0.031320868819543435,0.0696,24.52,76.1,,,,,,
2026-07-30T20:39:16.050892+00:00,S033,mounted,true,loose_mount,mild,500,loose_mount-mild_horizontal_no_load_0500rpm,2211469,538,252,4046,5221,4,3,346072,9,124,71,4,3,1650,1495,1213,63,139,1668,16383,1653,1644,1635301,800,1903,2135,523527,11956,8,382554,1496,22078,216,2211370617,2211469704,0,2211469714,2211470229,3342827897,17868254,77,96,1025,0.0696,1645.6,0.16778928571428553,-0.21878620575443275,0.0696,24.45,76.0,,,,,,
2026-07-30T20:39:16.142018+00:00,S033,mounted,true,loose_mount,mild,500,loose_mount-mild_horizontal_no_load_0500rpm,2211569,543,249,4010,5158,1,3,346094,9,124,74,23,2,1650,1495,1217,63,139,1660,16383,1654,1645,1651902,808,1969,2071,523519,11956,8,382556,1496,22079,216,2211470653,2211570370,0,2211570444,2211570959,3377247546,17868246,95,85,1036,0.0696,1645.6,0.061147770826363246,-0.10881214352626323,0.0696,24.7,76.5,,,,,,
2026-07-30T20:39:16.281823+00:00,S033,mounted,true,loose_mount,mild,500,loose_mount-mild_horizontal_no_load_0500rpm,2211669,542,263,4011,5226,6,3,346115,9,124,75,25,3,1650,1494,1242,61,143,1661,16383,1653,1645,1635093,800,2003,2071,523529,11954,8,382555,1496,22080,216,2211571385,2211670455,0,2211670529,2211671044,3341948711,17862270,77,112,1028,0.0696,1645.6,0.06172512615024228,-0.05160044052200119,0.0696,24.67,76.4,,,,,,
2026-07-30T20:39:16.374392+00:00,S033,mounted,true,loose_mount,mild,500,loose_mount-mild_horizontal_no_load_0500rpm,2211769,531,244,4083,5236,1,3,346136,9,124,73,19,2,1650,1494,1211,63,142,1662,16383,1653,1642,1635253,800,2001,2063,523515,11951,8,382548,1496,22081,216,2211671471,2211770524,0,2211770598,2211771113,3342601991,17853303,94,109,1032,0.0696,1645.6,0.04925575508325597,-0.054096434356957435,0.0696,24.64,76.3,,,,,,
2026-07-30T20:39:16.468164+00:00,S033,mounted,true,loose_mount,mild,500,loose_mount-mild_horizontal_no_load_0500rpm,2211870,531,254,4085,5281,6,3,346157,9,124,74,19,2,1650,1494,1216,63,142,1664,16383,1655,1643,1651333,808,1987,2063,523490,11951,8,382541,1496,22082,0,2211771540,2211871353,0,2211871362,2211871877,3374915333,17853303,94,93,1045,0.0696,1645.6,0.04925575508325597,-0.07743402552087719,0.0696,24.58,76.2,,,,,,
2026-07-30T20:39:16.562130+00:00,S033,mounted,true,loose_mount,mild,500,loose_mount-mild_horizontal_no_load_0500rpm,2211970,531,254,4085,5281,2,3,346166,9,124,74,19,2,1648,1494,1213,66,141,1664,16383,1651,1639,1631429,800,1924,2062,523080,11954,8,382541,1496,22083,0,2211872299,2211971384,0,2211971393,2211971908,3326996743,17862266,89,83,1039,0.062,1645.6,0.046726154090680705,-0.18325808415593148,0.062,24.58,76.2,,,,,,
2026-07-30T20:39:16.655457+00:00,S033,mounted,true,loose_mount,mild,500,loose_mount-mild_horizontal_no_load_0500rpm,2212070,531,254,4085,5281,2,3,346168,9,124,74,19,2,1648,1494,1232,64,136,1665,16383,1652,1636,1632672,800,2015,2062,522966,11952,8,382537,1496,22084,0,2211972331,2212071429,0,2212071439,2212071954,3332058792,17856290,108,85,1042,0.062,1645.6,0.047301192771084466,-0.031039879518072855,0.062,24.55,76.2,,,,,,
2026-07-30T20:39:16.748897+00:00,S033,mounted,true,loose_mount,mild,500,loose_mount-mild_horizontal_no_load_0500rpm,2212170,531,254,4085,5281,2,3,346168,9,124,74,19,2,1648,1495,1221,64,136,1665,16383,1651,1643,1633267,800,2004,2060,522982,11956,8,382540,1496,22085,0,2212072376,2212171460,0,2212171470,2212171985,3334481463,17868244,101,93,1044,0.062,1645.6,0.042818760455001215,-0.050492565071930784,0.062,24.55,76.2,,,,,,
2026-07-30T20:39:16.842081+00:00,S033,mounted,true,loose_mount,mild,500,loose_mount-mild_horizontal_no_load_0500rpm,2212270,531,254,4085,5281,2,3,346168,9,124,74,19,2,1648,1494,1231,59,125,1664,16383,1651,1644,1633542,800,2023,2061,523004,11954,8,382540,1496,22086,0,2212172407,2212271519,0,2212271528,2212272043,3335604416,17862266,92,92,1045,0.062,1645.6,0.04505960163961831,-0.01826939150075324,0.062,24.58,76.2,,,,,,
2026-07-30T20:39:16.982650+00:00,S033,mounted,true,loose_mount,mild,500,loose_mount-mild_horizontal_no_load_0500rpm,2212371,0,254,4085,5281,2,3,346168,9,184,74,19,2,1648,1495,1217,59,125,1664,16351,1651,1641,1632805,800,2015,2059,522946,11958,8,382547,1496,22087,0,2212272465,2212371567,0,2212371577,2212372092,3332595421,17874222,78,97,1047,0.062,1645.6,0.04057866884094308,-0.032725110386352174,0.062,24.58,76.2,,,,,,
2026-07-30T20:39:17.078258+00:00,S033,mounted,true,loose_mount,mild,500,loose_mount-mild_horizontal_no_load_0500rpm,2212471,0,254,4085,5281,2,3,346168,9,184,74,19,2,1648,1494,1231,61,124,1664,16351,1651,1640,1633157,800,2023,2059,522931,11953,8,382544,1496,22088,0,2212372509,2212471614,0,2212471624,2212472139,3334030089,17859279,83,99,1046,0.062,1645.6,0.04201357374717585,-0.017987333807412575,0.062,24.58,76.2,,,,,,
2026-07-30T20:39:17.173004+00:00,S033,mounted,true,loose_mount,mild,500,loose_mount-mild_horizontal_no_load_0500rpm,2212571,0,254,4085,5281,2,3,346168,9,184,74,19,2,1648,1494,1238,62,130,1664,16351,1651,1642,1633345,800,2023,2058,522934,11953,8,382541,1496,22089,0,2212472557,2212571704,0,2212571715,2212572230,3334800497,17859279,71,108,1031,0.062,1645.6,0.040346881870660045,-0.017987333807412575,0.062,24.58,76.2,,,,,,
2026-07-30T20:39:17.264825+00:00,S033,mounted,true,loose_mount,mild,500,loose_mount-mild_horizontal_no_load_0500rpm,2212671,0,254,4085,5281,2,3,346168,9,184,74,19,2,1648,1494,1212,62,130,1665,16351,1651,1643,1649419,808,2017,2063,522918,11953,8,382539,1496,22090,0,2212572648,2212672269,0,2212672344,2212672859,3367088473,17859281,72,108,1035,0.062,1645.6,0.04868034125324128,-0.027987485066510942,0.062,24.55,76.2,,,,,,
