iso_time,session_id,fixture_state,valid_for_classifier,condition,severity,speed_setpoint_rpm,label,t_ms,rpm,ripple_permil,min_us,max_us,hall,illegal,edges,step,coast_ms,period_std_permil,mech1x_permil,elec_permil,i_dc_mv,adc_vref_raw,adc_pc0_mv,accel_rms_mg,accel_pk_mg,temp_mv,sensor_status,i_dc_peak_mv,i_dc_min_mv,i_adc_raw_sum,i_adc_raw_count,i_adc_raw_min,i_adc_raw_max,i_adc_ema_q8,vref_adc_raw_sum,vref_adc_raw_count,vref_adc_ema_q8,vref_factory_cal_raw,frame_seq,pwm_ticks,i_adc_window_start_us,i_adc_window_end_us,i_adc_fail_count,vref_window_start_us,vref_window_end_us,i_adc_raw_sumsq,vref_adc_raw_sumsq,i_dc_a,i_dc_zero_mv,i_dc_peak_a,i_dc_min_a,i_dc_a_signed,temp_motor_c,temp_motor_f,temp_ambient_c,i_u_a,i_v_a,i_w_a,modbus_rpm,modbus_fault
2026-07-30T19:52:55.139489+00:00,S030,mounted,true,healthy,none,2100,healthy_horizontal_no_load_2100rpm,2211723,2132,300,988,1340,6,0,1924005,9,333,77,0,3,1649,1494,1248,62,126,1597,16383,1653,1644,1634096,800,1935,2069,523125,11949,8,382464,1496,64964,909,2211625184,2211724325,0,2211724340,2211724855,3337912042,17847329,0.0985,1637.0,0.05983486040672803,-0.16357661436103443,0.0985,26.62,79.9,,,,,,
2026-07-30T19:52:55.227600+00:00,S030,mounted,true,healthy,none,2100,healthy_horizontal_no_load_2100rpm,2211823,2131,296,990,1337,2,0,1924090,9,333,76,1,3,1649,1494,1219,62,126,1599,16383,1654,1642,1634415,800,1881,2075,523204,11952,8,382464,1496,64965,909,2211725260,2211824376,0,2211824390,2211824905,3339229305,17856292,0.0985,1637.0,0.06896999999999975,-0.2543952771084341,0.0985,26.56,79.8,,,,,,
2026-07-30T19:52:55.322022+00:00,S030,mounted,true,healthy,none,2100,healthy_horizontal_no_load_2100rpm,2211924,2132,300,988,1340,1,0,1924176,9,333,77,0,3,1649,1495,1224,61,127,1598,16383,1653,1644,1650838,808,1961,2090,523200,11957,8,382474,1496,64966,909,2211825312,2211925081,0,2211925160,2211925675,3372924246,17871235,0.0985,1637.0,0.09251571757129673,-0.12241560901563941,0.0985,26.59,79.9,,,,,,
2026-07-30T19:52:55.415233+00:00,S030,mounted,true,healthy,none,2100,healthy_horizontal_no_load_2100rpm,2212024,2132,299,988,1339,5,0,1924261,9,333,76,0,3,1649,1494,1231,61,127,1596,16383,1653,1640,1634052,800,2009,2069,523167,11953,8,382475,1496,64967,909,2211926083,2212025182,0,2212025256,2212025771,3337715546,17859279,0.0985,1637.0,0.058680492512339644,-0.04132102007864136,0.0985,26.65,80.0,,,,,,
2026-07-30T19:52:55.557250+00:00,S030,mounted,true,healthy,none,2100,healthy_horizontal_no_load_2100rpm,2212124,2131,301,988,1342,6,0,1924347,9,333,77,0,3,1649,1494,1240,60,128,1587,16383,1653,1643,1634472,800,1947,2085,523210,11951,8,382473,1496,64968,909,2212026176,2212125254,0,2212125332,2212125848,3339450806,17853305,0.0985,1637.0,0.085929112626558,-0.14411285741778945,0.0985,26.93,80.5,,,,,,
2026-07-30T19:52:55.635489+00:00,S030,mounted,true,healthy,none,2100,healthy_horizontal_no_load_2100rpm,2212224,2131,300,988,1340,2,0,1924432,9,333,76,0,3,1649,1494,1221,63,147,1592,16383,1653,1644,1634265,800,1902,2085,523195,11953,8,382474,1496,64969,909,2212126253,2212225312,0,2212225391,2212225906,3338606001,17859281,0.0985,1637.0,0.08534756253660136,-0.2196570508658917,0.0985,26.77,80.2,,,,,,
2026-07-30T19:52:55.730485+00:00,S030,mounted,true,healthy,none,2100,healthy_horizontal_no_load_2100rpm,2212325,2133,294,989,1334,1,0,1924518,9,333,76,0,3,1649,1494,1218,63,147,1597,16383,1653,1643,1650582,808,1929,2071,523152,11953,8,382475,1496,64970,909,2212226314,2212326088,0,2212326102,2212326617,3371880262,17859281,0.0985,1637.0,0.06201387626537258,-0.17465637019994995,0.0985,26.62,79.9,,,,,,
2026-07-30T19:52:55.824737+00:00,S030,mounted,true,healthy,none,2100,healthy_horizontal_no_load_2100rpm,2212425,2129,299,989,1340,5,0,1924603,9,333,76,0,3,1649,1494,1228,61,135,1594,16383,1653,1644,1634576,800,2015,2077,523218,11954,8,382478,1496,64971,909,2212327026,2212426315,0,2212426325,2212426840,3339854384,17862268,0.0985,1637.0,0.07172444085661667,-0.03160181110925242,0.0985,26.71,80.1,,,,,,
2026-07-30T19:52:55.921417+00:00,S030,mounted,true,healthy,none,2100,healthy_horizontal_no_load_2100rpm,2212526,2131,301,989,1342,6,0,1924689,9,333,77,0,3,1649,1494,1206,60,134,1601,16383,1653,1645,1650743,808,1989,2070,523251,11952,8,382478,1496,64972,909,2212427245,2212526845,0,2212526923,2212527438,3372531295,17856292,0.0985,1637.0,0.0606358433734937,-0.07437749397590432,0.0985,26.5,79.7,,,,,,
2026-07-30T19:52:56.062465+00:00,S030,mounted,true,healthy,none,2100,healthy_horizontal_no_load_2100rpm,2212626,2133,299,988,1339,2,0,1924774,9,333,76,0,3,1649,1495,1237,60,134,1598,16383,1653,1642,1634381,800,1971,2070,523263,11958,8,382489,1496,64973,909,2212527847,2212626899,0,2212626973,2212627488,3339065085,17874222,0.0985,1637.0,0.05890461364776689,-0.10602888961364787,0.0985,26.59,79.9,,,,,,
2026-07-30T19:52:56.156907+00:00,S030,mounted,true,healthy,none,2100,healthy_horizontal_no_load_2100rpm,2212726,2131,293,991,1335,1,0,1924860,9,333,76,0,3,1649,1494,1206,59,140,1597,16383,1653,1643,1634251,800,2013,2069,523265,11950,8,382484,1496,64974,909,2212627893,2212726938,0,2212727016,2212727531,3338532067,17850316,0.0985,1637.0,0.059546195983263495,-0.03381198041841049,0.0985,26.62,79.9,,,,,,
2026-07-30T19:52:56.250937+00:00,S030,mounted,true,healthy,none,2100,healthy_horizontal_no_load_2100rpm,2212826,2134,300,987,1339,5,0,1924945,9,333,77,0,3,1649,1494,1213,59,140,1604,16383,1653,1643,1634373,800,2005,2070,523235,11954,8,382486,1496,64975,909,2212727936,2212826974,0,2212827053,2212827568,3339023509,17862268,0.0985,1637.0,0.06005857369918033,-0.048267335619876395,0.0985,26.4,79.5,,,,,,
2026-07-30T19:52:56.345107+00:00,S030,mounted,true,healthy,none,2100,healthy_horizontal_no_load_2100rpm,2212926,2130,298,989,1339,4,0,1925030,9,333,77,0,3,1649,1494,1208,61,138,1601,16383,1654,1645,1634510,800,1971,2147,523262,11954,8,382488,1496,64976,909,2212827973,2212927089,0,2212927163,2212927677,3339606952,17862268,0.0985,1637.0,0.18838311243098538,-0.10493011895599791,0.0985,26.5,79.7,,,,,,
2026-07-30T19:52:56.439838+00:00,S030,mounted,true,healthy,none,2100,healthy_horizontal_no_load_2100rpm,2213026,2131,299,988,1339,2,0,1925116,9,333,76,0,3,1649,1494,1190,63,142,1602,16383,1653,1644,1635057,800,1983,2070,523285,11953,8,382488,1496,64977,909,2212928082,2213027226,0,2213027304,2213027819,3341819179,17859281,0.0985,1637.0,0.060347184388856334,-0.08465500886806687,0.0985,26.46,79.6,,,,,,
2026-07-30T19:52:56.526590+00:00,S030,mounted,true,healthy,none,2100,healthy_horizontal_no_load_2100rpm,2213126,2132,300,988,1340,3,0,1925201,9,333,76,0,3,1649,1494,1206,63,142,1599,16383,1653,1642,1634118,800,2007,2071,523253,11950,8,382483,1496,64978,909,2213028228,2213127315,0,2213127389,2213127904,3337981134,17850320,0.0985,1637.0,0.06288041656903731,-0.04381464217573283,0.0985,26.56,79.8,,,,,,
2026-07-30T19:52:56.628891+00:00,S030,mounted,true,healthy,none,2100,healthy_horizontal_no_load_2100rpm,2213227,2130,300,989,1341,5,0,1925287,9,333,76,0,2,1649,1494,1211,58,132,1598,16383,1653,1643,1650545,808,2007,2099,523236,11953,8,382483,1496,64979,909,2213128309,2213228085,0,2213228094,2213228609,3371722051,17859283,0.0985,1637.0,0.10868124880783014,-0.044654403831674294,0.0985,26.59,79.9,,,,,,
2026-07-30T19:52:56.723740+00:00,S030,mounted,true,healthy,none,2100,healthy_horizontal_no_load_2100rpm,2213327,2129,300,990,1343,4,0,1925372,9,333,77,0,3,1649,1494,1214,57,134,1593,16383,1654,1644,1634557,800,2012,2073,523254,11951,8,382480,1496,64980,909,2213229014,2213328192,0,2213328201,2213328716,3339777711,17853305,0.0985,1637.0,0.06592546305748437,-0.03575975558530686,0.0985,26.74,80.1,,,,,,
2026-07-30T19:52:56.818967+00:00,S030,mounted,true,healthy,none,2100,healthy_horizontal_no_load_2100rpm,2213427,2132,300,989,1341,2,0,1925458,9,333,76,0,3,1649,1494,1180,57,134,1594,16383,1654,1645,1634306,800,2007,2073,523256,11954,8,382483,1496,64981,909,2213329121,2213428242,0,2213428256,2213428771,3338756550,17862268,0.0985,1637.0,0.06505823105236708,-0.0449342307177516,0.0985,26.71,80.1,,,,,,
2026-07-30T19:52:56.959146+00:00,S030,mounted,true,healthy,none,2100,healthy_horizontal_no_load_2100rpm,2213527,2132,300,988,1340,3,0,1925543,9,333,76,0,3,1649,1494,1213,58,132,1597,16383,1653,1644,1634278,800,2004,2109,523240,11953,8,382483,1496,64982,909,2213429180,2213528283,0,2213528292,2213528807,3338646902,17859279,0.0985,1637.0,0.12534816757299438,-0.04965447946122348,0.0985,26.62,79.9,,,,,,
2026-07-30T19:52:57.053431+00:00,S030,mounted,true,healthy,none,2100,healthy_horizontal_no_load_2100rpm,2213627,2133,293,989,1333,1,0,1925628,9,333,75,0,3,1649,1494,1216,58,132,1599,16383,1653,1643,1634206,800,1959,2153,523245,11952,8,382482,1496,64983,909,2213529216,2213628345,0,2213628355,2213628869,3338363092,17856290,0.0985,1637.0,0.1989828433734937,-0.12438243373493973,0.0985,26.56,79.8,,,,,,
2026-07-30T19:52:57.147203+00:00,S030,mounted,true,healthy,none,2100,healthy_horizontal_no_load_2100rpm,2213727,2131,299,990,1341,4,0,1925714,9,333,77,0,3,1649,1494,1213,59,122,1597,16383,1653,1644,1634636,800,1992,2153,523240,11955,8,382486,1496,64984,909,2213629274,2213728385,0,2213728400,2213728915,3340117944,17865259,0.0985,1637.0,0.19808229435382652,-0.07021020652446675,0.0985,26.62,79.9,,,,,,
2026-07-30T19:52:57.240826+00:00,S030,mounted,true,healthy,none,2100,healthy_horizontal_no_load_2100rpm,2213827,2134,300,988,1340,6,0,1925799,9,333,76,0,3,1649,1494,1210,61,126,1597,16383,1654,1641,1634788,800,1979,2177,523274,11953,8,382486,1496,64985,909,2213729320,2213828415,0,2213828425,2213828940,3340747590,17859277,0.0985,1637.0,0.2386832151761058,-0.0913217763741323,0.0985,26.62,79.9,,,,,,
2026-07-30T19:52:57.336276+00:00,S030,mounted,true,healthy,none,2100,healthy_horizontal_no_load_2100rpm,2213928,2132,300,988,1340,3,0,1925885,9,333,77,0,3,1649,1495,1219,61,126,1598,16383,1653,1641,1650873,808,1977,2107,523262,11957,8,382494,1496,64986,909,2213829345,2213929147,0,2213929221,2213929736,3373067079,17871233,0.0985,1637.0,0.12084000091996305,-0.09575745998160112,0.0985,26.59,79.9,,,,,,
2026-07-30T19:52:57.429337+00:00,S030,mounted,true,healthy,none,2100,healthy_horizontal_no_load_2100rpm,2214028,2132,299,989,1340,1,0,1925970,9,333,76,0,3,1649,1494,1224,65,128,1592,16383,1655,1644,1634367,800,1993,2129,523254,11954,8,382496,1496,64987,909,2213930141,2214029220,0,2214029294,2214029810,3339014393,17862270,0.0985,1637.0,0.15838516831186178,-0.06826596503262561,0.0985,26.77,80.2,,,,,,
2026-07-30T19:52:57.524431+00:00,S030,mounted,true,healthy,none,2100,healthy_horizontal_no_load_2100rpm,2214129,2131,297,989,1338,4,0,1926056,9,333,77,0,3,1649,1494,1215,65,135,1590,16383,1652,1644,1650657,808,1947,2131,523262,11951,8,382492,1496,64988,909,2214030215,2214130067,0,2214130077,2214130591,3372195293,17853303,0.0985,1637.0,0.16260976930800775,-0.14411285741778945,0.0985,26.83,80.3,,,,,,
2026-07-30T19:52:57.665987+00:00,S030,mounted,true,healthy,none,2100,healthy_horizontal_no_load_2100rpm,2214229,2130,300,989,1341,2,0,1926142,9,333,77,0,3,1649,1495,1229,65,135,1594,16383,1654,1645,1635016,800,2009,2165,523278,11956,8,382498,1496,64989,909,2214130997,2214230117,0,2214230131,2214230646,3341670138,17868246,0.0985,1637.0,0.21777749581799943,-0.0421611967213118,0.0985,26.71,80.1,,,,,,
2026-07-30T19:52:57.745813+00:00,S030,mounted,true,healthy,none,2100,healthy_horizontal_no_load_2100rpm,2214329,2132,300,988,1340,3,0,1926227,9,333,76,0,3,1649,1494,1234,61,126,1594,16383,1653,1644,1633797,800,1989,2129,523240,11955,8,382501,1496,64990,909,2214231051,2214330183,0,2214330192,2214330707,3336681669,17865257,0.0985,1637.0,0.15808838117942248,-0.07520944567126753,0.0985,26.71,80.1,,,,,,
2026-07-30T19:52:57.838682+00:00,S030,mounted,true,healthy,none,2100,healthy_horizontal_no_load_2100rpm,2214429,2131,297,992,1341,1,0,1926312,9,333,76,0,2,1649,1494,1245,61,126,1596,16383,1653,1642,1634243,800,2009,2073,523218,11954,8,382502,1496,64991,909,2214331116,2214430200,0,2214430210,2214430724,3338501297,17862268,0.0985,1637.0,0.06505823105236708,-0.041601125815626805,0.0985,26.65,80.0,,,,,,
2026-07-30T19:52:57.932606+00:00,S030,mounted,true,healthy,none,2100,healthy_horizontal_no_load_2100rpm,2214529,2130,294,990,1336,4,0,1926398,9,333,76,0,3,1649,1494,1235,60,119,1594,16383,1654,1640,1634632,800,1991,2103,523237,11951,8,382498,1496,64992,909,2214431129,2214530227,0,2214530241,2214530756,3340094566,17853303,0.0985,1637.0,0.11593458698016867,-0.07076614233118583,0.0985,26.71,80.1,,,,,,
2026-07-30T19:52:58.026610+00:00,S030,mounted,true,healthy,none,2100,healthy_horizontal_no_load_2100rpm,2214629,2128,299,990,1342,6,0,1926483,9,333,77,0,3,1649,1494,1224,61,120,1595,16383,1654,1643,1634908,800,2013,2161,523261,11951,8,382494,1496,64993,909,2214531161,2214630281,0,2214630295,2214630811,3341224514,17853303,0.0985,1637.0,0.2126188932306916,-0.034092784787884245,0.0985,26.68,80.0,,,,,,
2026-07-30T19:52:58.168113+00:00,S030,mounted,true,healthy,none,2100,healthy_horizontal_no_load_2100rpm,2214729,2130,299,990,1341,2,0,1926568,9,333,76,0,3,1649,1494,1234,61,120,1594,16383,1652,1642,1634252,800,1983,2078,523244,11955,8,382498,1496,64994,909,2214631219,2214730313,0,2214730327,2214730842,3338535208,17865255,0.0985,1637.0,0.07310131568381406,-0.0852079239648682,0.0985,26.71,80.1,,,,,,
2026-07-30T19:52:58.260915+00:00,S030,mounted,true,healthy,none,2100,healthy_horizontal_no_load_2100rpm,2214830,2131,300,989,1341,1,0,1926654,9,333,77,0,3,1649,1494,1221,63,132,1597,16383,1655,1638,1651031,808,1959,2083,523255,11955,8,382501,1496,64995,909,2214731247,2214831055,0,2214831134,2214831649,3373714125,17865257,0.0985,1637.0,0.08143338092848174,-0.12520183713927224,0.0985,26.62,79.9,,,,,,
2026-07-30T19:52:58.355202+00:00,S030,mounted,true,healthy,none,2100,healthy_horizontal_no_load_2100rpm,2214930,2129,300,990,1342,4,0,1926740,9,333,77,0,3,1649,1494,1232,65,130,1606,16383,1652,1643,1634210,800,2013,2115,523203,11952,8,382499,1496,64996,909,2214832057,2214931387,0,2214931466,2214931981,3338366626,17856294,0.0985,1637.0,0.13564325301204816,-0.03437354216867483,0.0985,26.34,79.4,,,,,,
2026-07-30T19:52:58.448949+00:00,S030,mounted,true,healthy,none,2100,healthy_horizontal_no_load_2100rpm,2215031,2130,300,990,1342,6,0,1926825,9,333,76,0,3,1649,1494,1232,65,130,1604,16383,1656,1642,1650958,808,2003,2271,523264,11953,8,382499,1496,64997,909,2214932386,2215032137,0,2215032147,2215032665,3373465342,17859279,0.0985,1637.0,0.3953522515686436,-0.051321171337739724,0.0985,26.4,79.5,,,,,,
2026-07-30T19:52:58.557793+00:00,S030,mounted,true,healthy,none,2100,healthy_horizontal_no_load_2100rpm,2215131,2133,300,988,1340,3,0,1926911,9,333,76,0,3,1649,1494,1253,62,128,1601,16383,1654,1644,1634615,800,2001,2125,523264,11954,8,382500,1496,64998,909,2215033070,2215132169,0,2215132183,2215132698,3340029165,17862268,0.0985,1637.0,0.1517189585076122,-0.054933545424125985,0.0985,26.5,79.7,,,,,,
2026-07-30T19:52:58.666643+00:00,S030,mounted,true,healthy,none,2100,healthy_horizontal_no_load_2100rpm,2215231,2132,300,988,1340,1,0,1926996,9,333,76,0,3,1649,1494,1224,62,128,1599,16383,1653,1644,1634384,800,1964,2080,523266,11953,8,382500,1496,64999,909,2215133103,2215232227,0,2215232241,2215232756,3339086246,17859277,0.0985,1637.0,0.07701410315401969,-0.11632215452187777,0.0985,26.56,79.8,,,,,,
2026-07-30T19:52:58.762324+00:00,S030,mounted,true,healthy,none,2100,healthy_horizontal_no_load_2100rpm,2215331,2131,300,988,1340,5,0,1927081,9,333,76,0,3,1649,1494,1234,62,124,1600,16383,1654,1638,1634689,800,1993,2121,523267,11952,8,382498,1496,65000,909,2215233165,2215332269,0,2215332278,2215332794,3340330945,17856292,0.0985,1637.0,0.14564424096385498,-0.06771016867469903,0.0985,26.53,79.7,,,,,,
2026-07-30T19:52:58.848485+00:00,S030,mounted,true,healthy,none,2100,healthy_horizontal_no_load_2100rpm,2215431,2133,301,986,1339,4,0,1927166,9,333,77,0,3,1649,1495,1257,62,116,1601,16383,1653,1641,1633759,800,2005,2149,523218,11956,8,382503,1496,65001,909,2215333199,2215432321,0,2215432330,2215432845,3336541599,17868244,0.0985,1637.0,0.19111711709601842,-0.048826291401807165,0.0985,26.5,79.7,,,,,,
2026-07-30T19:52:58.962736+00:00,S030,mounted,true,healthy,none,2100,healthy_horizontal_no_load_2100rpm,2215531,2130,301,988,1342,2,0,1927252,9,333,77,0,3,1649,1494,1234,62,116,1602,16383,1652,1643,1633732,800,1847,2071,523210,11952,8,382501,1496,65002,909,2215433250,2215532367,0,2215532382,2215532897,3336454932,17856292,0.0985,1637.0,0.06230267469879491,-0.3110675421686748,0.0985,26.46,79.6,,,,,,
2026-07-30T19:52:59.041887+00:00,S030,mounted,true,healthy,none,2100,healthy_horizontal_no_load_2100rpm,2215631,2133,300,987,1339,3,0,1927337,9,333,77,0,3,1649,1494,1229,62,122,1601,16383,1653,1644,1634932,800,2011,2166,523276,11953,8,382501,1496,65003,909,2215533305,2215632396,0,2215632405,2215632922,3341332902,17859281,0.0985,1637.0,0.2203496045344262,-0.037987636325608864,0.0985,26.5,79.7,,,,,,
2026-07-30T19:52:59.342721+00:00,S030,mounted,true,healthy,none,2100,healthy_horizontal_no_load_2100rpm,2215732,2132,300,988,1340,5,0,1927423,9,333,76,0,3,1649,1494,1199,60,124,1599,16383,1652,1644,1650871,808,1922,2121,523251,11955,8,382504,1496,65004,909,2215633327,2215733078,0,2215733152,2215733666,3373078707,17865259,0.0985,1637.0,0.14475707678795446,-0.18685911994981197,0.0985,26.56,79.8,,,,,,
2026-07-30T19:52:59.342902+00:00,S030,mounted,true,healthy,none,2100,healthy_horizontal_no_load_2100rpm,2215832,2131,295,989,1336,4,0,1927508,9,333,76,0,3,1649,1494,1206,60,124,1600,16383,1652,1644,1634216,800,2002,2080,523253,11948,8,382494,1496,65005,909,2215734071,2215833141,0,2215833215,2215833730,3338388066,17844340,0.0985,1637.0,0.07846485604285203,-0.051591513558754354,0.0985,26.53,79.7,,,,,,
2026-07-30T19:52:59.342995+00:00,S030,mounted,true,healthy,none,2100,healthy_horizontal_no_load_2100rpm,2215932,2130,301,989,1343,2,0,1927594,9,333,77,0,3,1649,1495,1203,62,135,1600,16383,1654,1640,1633851,800,1808,2079,523192,11958,8,382504,1496,65006,909,2215834135,2215933196,0,2215933274,2215933789,3336949943,17874222,0.0985,1637.0,0.07389856848971332,-0.37758607175112946,0.0985,26.53,79.7,,,,,,
2026-07-30T19:52:59.478685+00:00,S030,mounted,true,healthy,none,2100,healthy_horizontal_no_load_2100rpm,2216032,2133,300,988,1340,3,0,1927679,9,333,76,0,3,1649,1494,1189,62,135,1598,16383,1652,1644,1634693,800,2005,2071,523258,11951,8,382500,1496,65007,909,2215934198,2216033258,0,2216033332,2216033847,3340333001,17853301,0.0985,1637.0,0.06259152146263913,-0.04742855116726652,0.0985,26.59,79.9,,,,,,
2026-07-30T19:52:59.573009+00:00,S030,mounted,true,healthy,none,2100,healthy_horizontal_no_load_2100rpm,2216132,2132,299,989,1340,1,0,1927764,9,333,77,0,3,1649,1494,1209,63,130,1598,16383,1652,1644,1634310,800,2011,2123,523229,11953,8,382500,1496,65008,909,2216034255,2216133351,0,2216133425,2216133939,3338772660,17859281,0.0985,1637.0,0.14868185384422317,-0.037987636325608864,0.0985,26.59,79.9,,,,,,
2026-07-30T19:52:59.634905+00:00,S030,mounted,true,healthy,none,2100,healthy_horizontal_no_load_2100rpm,2216232,2131,298,988,1338,4,0,1927850,9,333,76,0,3,1649,1494,1193,60,127,1601,16383,1654,1645,1634537,800,1997,2115,523269,11953,8,382500,1496,65009,909,2216134344,2216233445,0,2216233524,2216234039,3339704573,17859279,0.0985,1637.0,0.13534831883209186,-0.06132132259683809,0.0985,26.5,79.7,,,,,,
2026-07-30T19:52:59.775096+00:00,S030,mounted,true,healthy,none,2100,healthy_horizontal_no_load_2100rpm,2216333,2135,300,986,1338,2,0,1927936,9,333,76,0,3,1649,1494,1190,60,127,1597,16383,1653,1643,1650516,808,1964,2169,523236,11952,8,382498,1496,65010,909,2216234448,2216334091,0,2216334105,2216334620,3371614428,17856292,0.0985,1637.0,0.22565214457831306,-0.11604827710843413,0.0985,26.62,79.9,,,,,,
2026-07-30T19:52:59.865856+00:00,S030,mounted,true,healthy,none,2100,healthy_horizontal_no_load_2100rpm,2216433,2134,300,987,1339,3,0,1928021,9,333,76,0,3,1649,1495,1229,60,132,1606,16383,1652,1642,1634215,800,1986,2067,523249,11956,8,382503,1496,65011,909,2216335028,2216434227,0,2216434236,2216434751,3338383765,17868244,0.0985,1637.0,0.05448267614586788,-0.08048549113415904,0.0985,26.34,79.4,,,,,,
2026-07-30T19:52:59.948920+00:00,S030,mounted,true,healthy,none,2100,healthy_horizontal_no_load_2100rpm,2216533,2131,295,989,1335,1,0,1928106,9,333,76,0,3,1649,1494,1219,57,124,1599,16383,1653,1641,1634078,800,2005,2073,523221,11951,8,382499,1496,65012,909,2216435156,2216534251,0,2216534260,2216534779,3337827760,17853305,0.0985,1637.0,0.06592546305748437,-0.04742855116726652,0.0985,26.56,79.8,,,,,,
2026-07-30T19:53:00.043273+00:00,S030,mounted,true,healthy,none,2100,healthy_horizontal_no_load_2100rpm,2216634,2132,299,988,1339,4,0,1928192,9,333,76,0,3,1649,1494,1202,57,124,1595,16383,1653,1639,1650691,808,1901,2073,523259,11948,8,382489,1496,65013,909,2216535184,2216635052,0,2216635126,2216635640,3372333029,17844344,0.0985,1637.0,0.06679313056578451,-0.21999783829929687,0.0985,26.68,80.0,,,,,,
2026-07-30T19:53:00.137431+00:00,S030,mounted,true,healthy,none,2100,healthy_horizontal_no_load_2100rpm,2216734,2131,294,988,1334,2,0,1928278,9,333,76,0,3,1649,1494,1219,56,119,1598,16383,1653,1641,1634852,800,1955,2159,523265,11949,8,382482,1496,65014,909,2216636045,2216735160,0,2216735239,2216735754,3341019766,17847327,0.0985,1637.0,0.20988734345970395,-0.13023161812704043,0.0985,26.59,79.9,,,,,,
2026-07-30T19:53:00.276413+00:00,S030,mounted,true,healthy,none,2100,healthy_horizontal_no_load_2100rpm,2216834,2130,300,990,1342,3,0,1928363,9,333,76,0,2,1649,1494,1190,56,119,1597,16383,1654,1644,1634330,800,1966,2207,523234,11955,8,382486,1496,65015,909,2216736162,2216835247,0,2216835321,2216835836,3338888890,17865257,0.0985,1637.0,0.28806859899623527,-0.11353694579673812,0.0985,26.62,79.9,,,,,,
2026-07-30T19:53:00.371991+00:00,S030,mounted,true,healthy,none,2100,healthy_horizontal_no_load_2100rpm,2216934,2132,297,990,1339,1,0,1928448,9,333,76,0,2,1649,1494,1185,59,124,1594,16383,1654,1644,1634285,800,2007,2069,523230,11954,8,382488,1496,65016,909,2216836241,2216935340,0,2216935414,2216935930,3338667725,17862268,0.0985,1637.0,0.05839202124811749,-0.0449342307177516,0.0985,26.71,80.1,,,,,,
2026-07-30T19:53:00.438343+00:00,S030,mounted,true,healthy,none,2100,healthy_horizontal_no_load_2100rpm,2217034,2132,296,990,1338,4,0,1928534,9,333,76,0,3,1649,1495,1223,56,119,1597,16383,1653,1644,1634662,800,1987,2215,523267,11957,8,382496,1496,65017,909,2216936335,2217035415,0,2217035494,2217036009,3340243324,17871233,0.0985,1637.0,0.30078250689972386,-0.07909611683532658,0.0985,26.62,79.9,,,,,,
2026-07-30T19:53:00.558738+00:00,S030,mounted,true,healthy,none,2100,healthy_horizontal_no_load_2100rpm,2217135,2133,300,988,1340,2,0,1928620,9,333,76,0,3,1649,1494,1218,56,119,1595,16383,1652,1643,1650432,808,1965,2077,523212,11952,8,382494,1496,65018,909,2217036418,2217136168,0,2217136183,2217136698,3371263068,17856290,0.0985,1637.0,0.07230366265060217,-0.11438144578313292,0.0985,26.68,80.0,,,,,,
2026-07-30T19:53:00.651957+00:00,S030,mounted,true,healthy,none,2100,healthy_horizontal_no_load_2100rpm,2217235,2130,297,989,1338,3,0,1928705,9,333,76,0,3,1649,1494,1202,56,120,1596,16383,1653,1645,1634623,800,2003,2119,523258,11953,8,382494,1496,65019,909,2217137106,2217236199,0,2217236209,2217236724,3340058907,17859279,0.0985,1637.0,0.14201508633815774,-0.051321171337739724,0.0985,26.65,80.0,,,,,,
2026-07-30T19:53:00.745893+00:00,S030,mounted,true,healthy,none,2100,healthy_horizontal_no_load_2100rpm,2217335,2133,299,989,1340,1,0,1928790,9,333,76,0,2,1649,1494,1212,58,128,1601,16383,1653,1645,1634295,800,2005,2075,523239,11950,8,382489,1496,65020,909,2217237128,2217336350,0,2217336360,2217336874,3338707165,17850326,0.0985,1637.0,0.06954885774058583,-0.04714886276150665,0.0985,26.5,79.7,,,,,,
2026-07-30T19:53:00.839506+00:00,S030,mounted,true,healthy,none,2100,healthy_horizontal_no_load_2100rpm,2217436,2131,300,989,1341,4,0,1928876,9,333,76,0,3,1649,1494,1219,58,128,1607,16383,1654,1643,1633638,800,1945,2068,523161,11951,8,382486,1496,65021,909,2217337279,2217436566,0,2217436576,2217437091,3336037834,17853305,0.0985,1637.0,0.05759060907037039,-0.14744679901263513,0.0985,26.31,79.4,,,,,,
2026-07-30T19:53:00.984320+00:00,S030,mounted,true,healthy,none,2100,healthy_horizontal_no_load_2100rpm,2217536,2132,296,989,1336,2,0,1928962,9,333,76,0,3,1649,1494,1236,63,131,1599,16383,1654,1640,1651466,808,2004,2193,523245,11953,8,382486,1496,65022,909,2217437499,2217537095,0,2217537173,2217537688,3375518576,17859279,0.0985,1637.0,0.26535028520036796,-0.04965447946122348,0.0985,26.56,79.8,,,,,,
2026-07-30T19:53:01.076623+00:00,S030,mounted,true,healthy,none,2100,healthy_horizontal_no_load_2100rpm,2217636,2133,299,989,1340,3,0,1929047,9,333,76,0,3,1649,1494,1248,63,131,1596,16383,1653,1642,1634416,800,1956,2084,523258,11951,8,382483,1496,65023,909,2217538097,2217637158,0,2217637232,2217637746,3339211666,17853305,0.0985,1637.0,0.08426214182913494,-0.12911012024098412,0.0985,26.65,80.0,,,,,,
2026-07-30T19:53:01.169457+00:00,S030,mounted,true,healthy,none,2100,healthy_horizontal_no_load_2100rpm,2217736,2131,298,990,1340,1,0,1929132,9,333,76,0,3,1649,1494,1216,64,142,1598,16383,1653,1643,1634203,800,1865,2157,523264,11952,8,382482,1496,65024,909,2217638151,2217737256,0,2217737330,2217737846,3338385971,17856292,0.0985,1637.0,0.20565016867469854,-0.2810645783132535,0.0985,26.59,79.9,,,,,,
2026-07-30T19:53:01.264615+00:00,S030,mounted,true,healthy,none,2100,healthy_horizontal_no_load_2100rpm,2217836,2129,300,989,1342,4,0,1929218,9,333,77,0,3,1649,1495,1234,64,134,1604,16383,1653,1643,1634225,800,1993,2083,523255,11956,8,382488,1496,65025,909,2217738251,2217837334,0,2217837412,2217837927,3338424963,17868246,0.0985,1637.0,0.08114305486784845,-0.06882157544329237,0.0985,26.4,79.5,,,,,,
2026-07-30T19:53:01.358011+00:00,S030,mounted,true,healthy,none,2100,healthy_horizontal_no_load_2100rpm,2217936,2131,296,989,1337,6,0,1929303,9,333,76,0,2,1649,1494,1225,64,134,1605,16383,1653,1643,1634210,800,1909,2069,523244,11954,8,382490,1496,65026,909,2217838336,2217937416,0,2217937490,2217938005,3338403506,17862270,0.0985,1637.0,0.05839202124811749,-0.20825637092186744,0.0985,26.37,79.5,,,,,,
2026-07-30T19:53:01.451592+00:00,S030,mounted,true,healthy,none,2100,healthy_horizontal_no_load_2100rpm,2218037,2119,299,995,1348,3,0,1929389,9,333,77,0,3,1649,1494,1230,64,129,1601,16383,1654,1643,1650921,808,1978,2121,523245,11954,8,382492,1496,65027,909,2217938409,2218038221,0,2218038235,2218038750,3373267517,17862266,0.0985,1637.0,0.1450527487033626,-0.09326425179856157,0.0985,26.5,79.7,,,,,,
2026-07-30T19:53:01.590485+00:00,S030,mounted,true,healthy,none,2100,healthy_horizontal_no_load_2100rpm,2218137,2107,299,1001,1356,3,0,1929473,9,333,76,0,3,1649,1494,1232,64,136,1600,16383,1653,1642,1633304,800,1961,2069,523138,11950,8,382487,1496,65028,909,2218039156,2218138258,0,2218138268,2218138783,3334671320,17850316,0.0985,1637.0,0.059546195983263495,-0.12050171564853596,0.0985,26.53,79.7,,,,,,
2026-07-30T19:53:01.685685+00:00,S030,mounted,true,healthy,none,2100,healthy_horizontal_no_load_2100rpm,2218237,2104,299,1001,1356,3,0,1929557,9,333,76,0,2,1649,1494,1263,64,136,1597,16383,1653,1644,1634260,800,1977,2074,523129,11949,8,382480,1496,65029,909,2218139189,2218238401,0,2218238411,2218238926,3338567158,17847331,0.0985,1637.0,0.06817110946522709,-0.09355212226964582,0.0985,26.62,79.9,,,,,,
2026-07-30T19:53:01.779623+00:00,S030,mounted,true,healthy,none,2100,healthy_horizontal_no_load_2100rpm,2218338,2122,298,994,1346,5,0,1929643,9,333,76,0,3,1649,1494,1221,68,136,1605,16383,1653,1643,1651187,808,2012,2133,523212,11955,8,382485,1496,65030,909,2218239332,2218339083,0,2218339311,2218339826,3374345443,17865257,0.0985,1637.0,0.1647540333751567,-0.036881945545796935,0.0985,26.37,79.5,,,,,,
2026-07-30T19:53:01.873597+00:00,S030,mounted,true,healthy,none,2100,healthy_horizontal_no_load_2100rpm,2218438,2127,302,989,1344,4,0,1929728,9,333,77,0,3,1649,1495,1205,68,136,1601,16383,1653,1641,1634454,800,2003,2077,523244,11956,8,382491,1496,65031,909,2218340235,2218439296,0,2218439375,2218439890,3339362228,17868244,0.0985,1637.0,0.07114541284710585,-0.0521588387420544,0.0985,26.5,79.7,,,,,,
2026-07-30T19:53:01.968069+00:00,S030,mounted,true,healthy,none,2100,healthy_horizontal_no_load_2100rpm,2218538,2129,300,989,1342,6,0,1929813,9,333,77,0,3,1649,1494,1244,64,129,1595,16383,1654,1643,1634127,800,1957,2071,523214,11953,8,382491,1496,65032,909,2218440299,2218539357,0,2218539431,2218539946,3338033207,17859279,0.0985,1637.0,0.06201387626537258,-0.12798899765749194,0.0985,26.68,80.0,,,,,,
2026-07-30T19:53:02.063383+00:00,S030,mounted,true,healthy,none,2100,healthy_horizontal_no_load_2100rpm,2218638,2133,299,987,1338,3,0,1929899,9,333,77,0,3,1649,1494,1213,64,127,1595,16383,1653,1643,1634550,800,2010,2071,523246,11953,8,382491,1496,65033,909,2218540351,2218639445,0,2218639524,2218640039,3339754608,17859279,0.0985,1637.0,0.06201387626537258,-0.039654328202125555,0.0985,26.68,80.0,,,,,,
2026-07-30T19:53:02.157625+00:00,S030,mounted,true,healthy,none,2100,healthy_horizontal_no_load_2100rpm,2218739,2129,297,992,1341,1,0,1929984,9,333,76,0,3,1649,1494,1205,64,127,1595,16383,1653,1642,1650521,808,1973,2155,523252,11953,8,382491,1496,65034,909,2218640444,2218740096,0,2218740106,2218740621,3371636733,17859281,0.0985,1637.0,0.2020159938927466,-0.10132192763323022,0.0985,26.68,80.0,,,,,,
2026-07-30T19:53:02.250327+00:00,S030,mounted,true,healthy,none,2100,healthy_horizontal_no_load_2100rpm,2218839,2129,300,990,1343,4,0,1930070,9,333,77,0,3,1649,1495,1218,64,125,1598,16383,1654,1642,1634187,800,2011,2125,523216,11958,8,382501,1496,65035,909,2218741026,2218840223,0,2218840237,2218840753,3338274159,17874222,0.0985,1637.0,0.1505343376818864,-0.039389090316106934,0.0985,26.59,79.9,,,,,,
2026-07-30T19:53:02.390926+00:00,S030,mounted,true,healthy,none,2100,healthy_horizontal_no_load_2100rpm,2218939,2133,301,987,1340,6,0,1930155,9,333,77,0,3,1649,1494,1231,68,133,1597,16383,1655,1644,1634563,800,2017,2329,523229,11953,8,382501,1496,65036,909,2218841158,2218940255,0,2218940269,2218940784,3339888047,17859281,0.0985,1637.0,0.4920203804065926,-0.027987485066510942,0.0985,26.62,79.9,,,,,,
2026-07-30T19:53:02.484852+00:00,S030,mounted,true,healthy,none,2100,healthy_horizontal_no_load_2100rpm,2219039,2135,300,988,1339,2,0,1930240,9,333,76,0,3,1649,1494,1213,68,133,1598,16383,1652,1642,1633751,800,2007,2068,523157,11951,8,382497,1496,65037,909,2218941193,2219040290,0,2219040299,2219040814,3336485629,17853305,0.0985,1637.0,0.05759060907037039,-0.04409460957242084,0.0985,26.59,79.9,,,,,,
2026-07-30T19:53:02.578385+00:00,S030,mounted,true,healthy,none,2100,healthy_horizontal_no_load_2100rpm,2219139,2134,301,986,1339,1,0,1930326,9,333,76,0,3,1649,1494,1237,67,136,1597,16383,1653,1643,1634179,800,2015,2073,523173,11952,8,382495,1496,65038,909,2219041219,2219140444,0,2219140459,2219140974,3338233669,17856292,0.0985,1637.0,0.06563633734939733,-0.031039879518072855,0.0985,26.62,79.9,,,,,,
2026-07-30T19:53:02.671268+00:00,S030,mounted,true,healthy,none,2100,healthy_horizontal_no_load_2100rpm,2219240,2134,300,987,1339,4,0,1930412,9,333,76,0,3,1649,1494,1183,67,136,1600,16383,1652,1642,1650338,808,2011,2087,523142,11952,8,382494,1496,65039,909,2219141379,2219241312,0,2219241391,2219241906,3370873248,17856292,0.0985,1637.0,0.08897197590361428,-0.03770720481927725,0.0985,26.53,79.7,,,,,,
2026-07-30T19:53:02.765625+00:00,S030,mounted,true,healthy,none,2100,healthy_horizontal_no_load_2100rpm,2219340,2133,299,989,1340,6,0,1930497,9,333,77,0,3,1649,1494,1185,63,137,1598,16383,1652,1641,1633969,800,2003,2069,523141,11951,8,382491,1496,65040,909,2219242315,2219341410,0,2219341484,2219341999,3337375733,17853307,0.0985,1637.0,0.05925757986779345,-0.0507624927621122,0.0985,26.59,79.9,,,,,,
2026-07-30T19:53:02.860935+00:00,S030,mounted,true,healthy,none,2100,healthy_horizontal_no_load_2100rpm,2219441,2131,300,988,1340,3,0,1930583,9,333,77,0,3,1649,1494,1182,62,138,1597,16383,1654,1640,1650640,808,2015,2133,523129,11954,8,382493,1496,65041,909,2219342405,2219442077,0,2219442087,2219442602,3372108506,17862268,0.0985,1637.0,0.16505137811611137,-0.03160181110925242,0.0985,26.62,79.9,,,,,,
2026-07-30T19:53:02.952714+00:00,S030,mounted,true,healthy,none,2100,healthy_horizontal_no_load_2100rpm,2219541,2133,299,987,1338,1,0,1930668,9,333,76,0,3,1649,1494,1189,62,138,1596,16383,1652,1642,1634150,800,1985,2071,523100,11952,8,382492,1496,65042,909,2219443007,2219542174,0,2219542184,2219542698,3338116878,17856292,0.0985,1637.0,0.06230267469879491,-0.08104481927710827,0.0985,26.65,80.0,,,,,,
2026-07-30T19:53:03.092090+00:00,S030,mounted,true,healthy,none,2100,healthy_horizontal_no_load_2100rpm,2219641,2133,301,986,1339,4,0,1930754,9,333,77,0,3,1649,1495,1221,61,136,1596,16383,1653,1643,1634516,800,1911,2073,523135,11957,8,382500,1496,65043,909,2219543104,2219642209,0,2219642223,2219642738,3339644042,17871233,0.0985,1637.0,0.06419143422263085,-0.20572232474701035,0.0985,26.65,80.0,,,,,,
2026-07-30T19:53:03.182801+00:00,S030,mounted,true,healthy,none,2100,healthy_horizontal_no_load_2100rpm,2219741,2130,299,990,1341,6,0,1930839,9,333,76,0,3,1649,1494,1205,62,139,1602,16383,1652,1643,1634010,800,2007,2077,523126,11952,8,382498,1496,65044,909,2219643147,2219742263,0,2219742272,2219742787,3337548370,17856292,0.0985,1637.0,0.07230366265060217,-0.04437453012048209,0.0985,26.46,79.6,,,,,,
2026-07-30T19:53:03.278725+00:00,S030,mounted,true,healthy,none,2100,healthy_horizontal_no_load_2100rpm,2219841,2132,301,987,1340,2,0,1930924,9,333,77,0,3,1649,1494,1197,62,139,1593,16383,1652,1644,1633906,800,2007,2085,523075,11952,8,382496,1496,65045,909,2219743192,2219842300,0,2219842310,2219842824,3337120302,17856294,0.0985,1637.0,0.08563831325301186,-0.04437453012048209,0.0985,26.74,80.1,,,,,,
2026-07-30T19:53:03.372959+00:00,S030,mounted,true,healthy,none,2100,healthy_horizontal_no_load_2100rpm,2219941,2133,298,988,1338,1,0,1931010,9,333,76,0,2,1649,1494,1211,63,148,1600,16383,1654,1642,1634397,800,2002,2071,523106,11949,8,382488,1496,65046,909,2219843229,2219942337,0,2219942351,2219942866,3339126459,17847329,0.0985,1637.0,0.06316936003012774,-0.05187087697715276,0.0985,26.53,79.7,,,,,,
2026-07-30T19:53:03.467296+00:00,S030,mounted,true,healthy,none,2100,healthy_horizontal_no_load_2100rpm,2220042,2131,300,989,1341,4,0,1931096,9,333,76,0,3,1649,1494,1193,63,148,1600,16383,1653,1642,1651399,808,2011,2071,523204,11953,8,382488,1496,65047,909,2219943274,2220043181,0,2220043260,2220043775,3375204907,17859279,0.0985,1637.0,0.06201387626537258,-0.037987636325608864,0.0985,26.53,79.7,,,,,,
2026-07-30T19:53:03.561971+00:00,S030,mounted,true,healthy,none,2100,healthy_horizontal_no_load_2100rpm,2220142,2131,301,988,1341,6,0,1931181,9,333,77,0,3,1649,1495,1234,61,140,1604,16383,1653,1645,1634482,800,2004,2073,523222,11956,8,382494,1496,65048,909,2220044183,2220143244,0,2220143318,2220143833,3339471186,17868244,0.0985,1637.0,0.06448031816661048,-0.050492565071930784,0.0985,26.4,79.5,,,,,,
2026-07-30T19:53:03.701383+00:00,S030,mounted,true,healthy,none,2100,healthy_horizontal_no_load_2100rpm,2220242,2133,299,987,1338,3,0,1931267,9,333,76,0,3,1649,1494,1205,60,145,1601,16383,1652,1640,1634737,800,2011,2073,523245,11952,8,382493,1496,65049,909,2220144238,2220243315,0,2220243393,2220243908,3340515559,17856290,0.0985,1637.0,0.06563633734939733,-0.03770720481927725,0.0985,26.5,79.7,,,,,,
2026-07-30T19:53:03.795990+00:00,S030,mounted,true,healthy,none,2100,healthy_horizontal_no_load_2100rpm,2220342,2132,298,987,1337,1,0,1931352,9,333,76,0,3,1649,1494,1214,60,145,1602,16383,1654,1643,1634116,800,2010,2173,523212,11954,8,382495,1496,65050,909,2220244314,2220343376,0,2220343455,2220343970,3338007924,17862268,0.0985,1637.0,0.2317134761586077,-0.03993457336456396,0.0985,26.46,79.6,,,,,,
2026-07-30T19:53:03.889745+00:00,S030,mounted,true,healthy,none,2100,healthy_horizontal_no_load_2100rpm,2220443,2131,299,989,1340,4,0,1931438,9,333,76,0,3,1649,1494,1190,60,144,1594,16383,1654,1639,1650697,808,2011,2080,523210,11950,8,382490,1496,65051,909,2220344378,2220444056,0,2220444071,2220444586,3372342115,17850318,0.0985,1637.0,0.0778844092050206,-0.03714620100418431,0.0985,26.71,80.1,,,,,,
2026-07-30T19:53:03.982742+00:00,S030,mounted,true,healthy,none,2100,healthy_horizontal_no_load_2100rpm,2220543,2134,300,987,1339,6,0,1931523,9,333,76,0,3,1649,1494,1232,58,142,1594,16383,1656,1643,1634446,800,1831,2142,523237,11953,8,382490,1496,65052,909,2220444994,2220544111,0,2220544120,2220544636,3339381996,17859279,0.0985,1637.0,0.18034899949803407,-0.33799217409855276,0.0985,26.71,80.1,,,,,,
2026-07-30T19:53:04.078130+00:00,S030,mounted,true,healthy,none,2100,healthy_horizontal_no_load_2100rpm,2220643,2122,300,993,1347,2,0,1931608,9,333,77,0,3,1649,1494,1226,58,142,1593,16383,1653,1642,1634288,800,1999,2067,523245,11951,8,382487,1496,65053,909,2220545041,2220644230,0,2220644240,2220644754,3338679314,17853305,0.0985,1637.0,0.05592363827294777,-0.05743037595180356,0.0985,26.74,80.1,,,,,,
2026-07-30T19:53:04.172394+00:00,S030,mounted,true,healthy,none,2100,healthy_horizontal_no_load_2100rpm,2220743,2107,299,1001,1356,3,0,1931693,9,333,76,0,3,1649,1494,1210,63,138,1598,16383,1654,1642,1633937,800,1999,2073,523204,11952,8,382486,1496,65054,909,2220645159,2220744380,0,2220744394,2220744909,3337245653,17856292,0.0985,1637.0,0.06563633734939733,-0.05770918072289177,0.0985,26.59,79.9,,,,,,
2026-07-30T19:53:04.266139+00:00,S030,mounted,true,healthy,none,2100,healthy_horizontal_no_load_2100rpm,2220843,2103,299,1002,1358,3,0,1931777,9,333,77,0,3,1649,1494,1214,63,138,1601,16383,1653,1643,1634258,800,1911,2069,523229,11951,8,382483,1496,65055,909,2220745319,2220844427,0,2220844436,2220844951,3338572208,17853305,0.0985,1637.0,0.05925757986779345,-0.2041238061250108,0.0985,26.5,79.7,,,,,,
2026-07-30T19:53:04.406340+00:00,S030,mounted,true,healthy,none,2100,healthy_horizontal_no_load_2100rpm,2220944,2119,299,994,1347,1,0,1931862,9,333,77,0,2,1649,1494,1248,62,135,1594,16383,1656,1642,1651239,808,2009,2189,523255,11952,8,382482,1496,65056,909,2220845361,2220945145,0,2220945218,2220945734,3374574137,17856294,0.0985,1637.0,0.25898877108433727,-0.04104086746987967,0.0985,26.71,80.1,,,,,,
2026-07-30T19:53:04.499541+00:00,S030,mounted,true,healthy,none,2100,healthy_horizontal_no_load_2100rpm,2221044,2128,298,991,1342,4,0,1931948,9,333,76,0,2,1649,1494,1202,60,138,1598,16383,1653,1643,1634029,800,2008,2125,523209,11954,8,382484,1496,65057,909,2220946139,2221045378,0,2221045457,2221045972,3337639199,17862268,0.0985,1637.0,0.1517189585076122,-0.0432676782666892,0.0985,26.59,79.9,,,,,,
2026-07-30T19:53:04.591283+00:00,S030,mounted,true,healthy,none,2100,healthy_horizontal_no_load_2100rpm,2221145,2132,300,988,1340,6,0,1932033,9,333,77,0,3,1649,1494,1227,60,138,1605,16383,1653,1642,1650687,808,2013,2073,523243,11954,8,382486,1496,65058,909,2221046377,2221146041,0,2221146050,2221146566,3372295213,17862268,0.0985,1637.0,0.06505823105236708,-0.034934916011377215,0.0985,26.37,79.5,,,,,,
2026-07-30T19:53:04.687752+00:00,S030,mounted,true,healthy,none,2100,healthy_horizontal_no_load_2100rpm,2221245,2129,299,990,1342,3,0,1932119,9,333,77,0,3,1649,1494,1256,63,144,1621,16383,1652,1644,1634501,800,2005,2079,523238,11955,8,382490,1496,65059,909,2221146971,2221246091,0,2221246105,2221246620,3339552065,17865257,0.0985,1637.0,0.07476772873274751,-0.0485468368883315,0.0985,25.88,78.6,,,,,,
2026-07-30T19:53:04.782102+00:00,S030,mounted,true,healthy,none,2100,healthy_horizontal_no_load_2100rpm,2221345,2131,299,987,1338,1,0,1932204,9,333,76,0,3,1649,1494,1226,64,144,1609,16383,1652,1644,1634105,800,1931,2151,523243,11953,8,382490,1496,65060,909,2221247025,2221346116,0,2221346130,2221346645,3337955603,17859281,0.0985,1637.0,0.19534922638668073,-0.17132298644691746,0.0985,26.25,79.2,,,,,,
2026-07-30T19:53:04.875076+00:00,S030,mounted,true,healthy,none,2100,healthy_horizontal_no_load_2100rpm,2221445,2129,299,989,1340,5,0,1932289,9,333,76,0,3,1649,1495,1240,64,144,1609,16383,1652,1645,1634988,800,1995,2221,523269,11956,8,382496,1496,65061,909,2221347055,2221446254,0,2221446264,2221446779,3341569410,17868244,0.0985,1637.0,0.31108882134493143,-0.06548902810304513,0.0985,26.25,79.2,,,,,,
2026-07-30T19:53:04.966846+00:00,S030,mounted,true,healthy,none,2100,healthy_horizontal_no_load_2100rpm,2221545,2130,298,989,1339,4,0,1932374,9,333,76,0,3,1649,1495,1231,64,138,1604,16383,1654,1644,1634832,800,1967,2291,523255,11957,8,382504,1496,65062,909,2221447184,2221546278,0,2221546287,2221546802,3340968046,17871235,0.0985,1637.0,0.4274087148114072,-0.11241880312787478,0.0985,26.4,79.5,,,,,,
2026-07-30T19:53:05.063029+00:00,S030,mounted,true,healthy,none,2100,healthy_horizontal_no_load_2100rpm,2221645,2131,301,988,1341,2,0,1932460,9,333,77,0,3,1649,1494,1234,64,138,1602,16383,1652,1644,1634298,800,1959,2079,523269,11955,8,382507,1496,65063,909,2221547207,2221646305,0,2221646320,2221646835,3338733236,17865255,0.0985,1637.0,0.07476772873274751,-0.12520183713927224,0.0985,26.46,79.6,,,,,,
2026-07-30T19:53:05.206306+00:00,S030,mounted,true,healthy,none,2100,healthy_horizontal_no_load_2100rpm,2221745,2131,299,989,1340,3,0,1932545,9,333,76,0,3,1649,1494,1235,61,131,1602,16383,1652,1644,1634232,800,2009,2074,523259,11955,8,382510,1496,65064,909,2221647243,2221746355,0,2221746364,2221746879,3338448978,17865255,0.0985,1637.0,0.06643566348807983,-0.04188118469259772,0.0985,26.46,79.6,,,,,,
2026-07-30T19:53:05.292276+00:00,S030,mounted,true,healthy,none,2100,healthy_horizontal_no_load_2100rpm,2221846,2132,296,988,1336,5,0,1932631,9,333,76,0,3,1649,1494,1242,60,130,1597,16383,1655,1644,1651227,808,2006,2077,523280,11952,8,382508,1496,65065,909,2221747284,2221847093,0,2221847172,2221847687,3374509669,17856294,0.0985,1637.0,0.07230366265060217,-0.0460413614457833,0.0985,26.62,79.9,,,,,,
2026-07-30T19:53:05.388666+00:00,S030,mounted,true,healthy,none,2100,healthy_horizontal_no_load_2100rpm,2221946,2132,299,989,1340,4,0,1932716,9,333,76,0,2,1649,1494,1213,60,130,1597,16383,1654,1641,1634411,800,1983,2150,523253,11950,8,382502,1496,65066,909,2221848092,2221947163,0,2221947237,2221947752,3339203973,17850316,0.0985,1637.0,0.19458212970711264,-0.08382528920502086,0.0985,26.62,79.9,,,,,,
2026-07-30T19:53:05.479857+00:00,S030,mounted,true,healthy,none,2100,healthy_horizontal_no_load_2100rpm,2222046,2131,299,990,1341,2,0,1932802,9,333,76,0,2,1649,1494,1234,59,136,1598,16383,1652,1643,1634539,800,2011,2082,523255,11954,8,382503,1496,65067,909,2221948157,2222047229,0,2222047308,2222047823,3339703037,17862270,0.0985,1637.0,0.08005720311192865,-0.03826802091350201,0.0985,26.59,79.9,,,,,,
2026-07-30T19:53:05.583390+00:00,S030,mounted,true,healthy,none,2100,healthy_horizontal_no_load_2100rpm,2222146,2132,300,987,1339,3,0,1932887,9,333,76,0,3,1649,1494,1198,59,133,1603,16383,1652,1644,1634554,800,1999,2071,523268,11954,8,382504,1496,65068,909,2222048232,2222147292,0,2222147366,2222147882,3339767668,17862268,0.0985,1637.0,0.06172512615024228,-0.05826665032625078,0.0985,26.43,79.6,,,,,,
2026-07-30T19:53:05.675334+00:00,S030,mounted,true,healthy,none,2100,healthy_horizontal_no_load_2100rpm,2222246,2134,299,988,1339,1,0,1932972,9,333,76,0,2,1649,1494,1206,59,133,1595,16383,1653,1642,1634330,800,2005,2071,523236,11951,8,382500,1496,65069,909,2222148287,2222247370,0,2222247444,2222247959,3338852158,17853307,0.0985,1637.0,0.06259152146263913,-0.04742855116726652,0.0985,26.68,80.0,,,,,,
2026-07-30T19:53:05.811685+00:00,S030,mounted,true,healthy,none,2100,healthy_horizontal_no_load_2100rpm,2222346,2131,301,988,1341,4,0,1933058,9,333,76,0,3,1649,1494,1211,59,138,1592,16383,1653,1640,1634563,800,2017,2066,523276,11955,8,382503,1496,65070,909,2222248364,2222347425,0,2222347503,2222348018,3339802781,17865255,0.0985,1637.0,0.05310435909661182,-0.02854988030112926,0.0985,26.77,80.2,,,,,,
2026-07-30T19:53:05.910418+00:00,S030,mounted,true,healthy,none,2100,healthy_horizontal_no_load_2100rpm,2222447,2132,299,989,1340,2,0,1933144,9,333,76,1,3,1649,1495,1195,59,138,1595,16383,1653,1645,1651082,808,2015,2069,523263,11956,8,382508,1496,65071,909,2222348427,2222448086,0,2222448100,2222448615,3373903180,17868244,0.0985,1637.0,0.05781522348611556,-0.0321635547005692,0.0985,26.68,80.0,,,,,,
2026-07-30T19:53:06.004785+00:00,S030,mounted,true,healthy,none,2100,healthy_horizontal_no_load_2100rpm,2222547,2132,296,989,1337,3,0,1933229,9,333,76,0,3,1649,1494,1193,54,122,1596,16383,1653,1644,1634415,800,2009,2081,523265,11952,8,382506,1496,65072,909,2222449026,2222548211,0,2222548220,2222548736,3339205127,17856292,0.0985,1637.0,0.07897098795180701,-0.04104086746987967,0.0985,26.65,80.0,,,,,,
2026-07-30T19:53:06.092761+00:00,S030,mounted,true,healthy,none,2100,healthy_horizontal_no_load_2100rpm,2222647,2134,301,986,1339,1,0,1933314,9,333,77,0,3,1649,1494,1198,60,129,1597,16383,1654,1641,1634565,800,2009,2185,523251,11952,8,382504,1496,65073,909,2222549141,2222648256,0,2222648266,2222648780,3339833307,17856292,0.0985,1637.0,0.2523214457831324,-0.04104086746987967,0.0985,26.62,79.9,,,,,,
2026-07-30T19:53:06.191077+00:00,S030,mounted,true,healthy,none,2100,healthy_horizontal_no_load_2100rpm,2222747,2132,300,988,1340,4,0,1933400,9,333,76,0,3,1649,1494,1203,60,129,1596,16383,1655,1640,1634131,800,1989,2090,523245,11948,8,382494,1496,65074,909,2222649185,2222748427,0,2222748437,2222748952,3338045913,17844342,0.0985,1637.0,0.09513874958151947,-0.0732675751590226,0.0985,26.65,80.0,,,,,,
2026-07-30T19:53:06.285040+00:00,S030,mounted,true,healthy,none,2100,healthy_horizontal_no_load_2100rpm,2222848,2132,302,987,1341,2,0,1933486,9,333,77,0,3,1649,1494,1197,60,132,1594,16383,1652,1641,1650624,808,2009,2071,523235,11953,8,382494,1496,65075,909,2222749361,2222848988,0,2222849067,2222849582,3372041488,17859281,0.0985,1637.0,0.06201387626537258,-0.04132102007864136,0.0985,26.71,80.1,,,,,,
2026-07-30T19:53:06.379470+00:00,S030,mounted,true,healthy,none,2100,healthy_horizontal_no_load_2100rpm,2222948,2127,302,990,1345,3,0,1933571,9,333,77,0,3,1649,1495,1220,59,127,1587,16383,1652,1644,1634612,800,2007,2069,523261,11959,8,382506,1496,65076,909,2222849991,2222949087,0,2222949161,2222949680,3340002756,17877211,0.0985,1637.0,0.0569503885776399,-0.04633266318254048,0.0985,26.93,80.5,,,,,,
2026-07-30T19:53:06.520226+00:00,S030,mounted,true,healthy,none,2100,healthy_horizontal_no_load_2100rpm,2223048,2109,298,1000,1354,1,0,1933656,9,333,76,0,3,1649,1494,1203,59,127,1586,16383,1655,1641,1633731,800,1901,2070,523184,11953,8,382506,1496,65077,909,2222950085,2223049183,0,2223049262,2223049777,3336424265,17859281,0.0985,1637.0,0.060347184388856334,-0.22132374274240796,0.0985,26.96,80.5,,,,,,
2026-07-30T19:53:06.614980+00:00,S030,mounted,true,healthy,none,2100,healthy_horizontal_no_load_2100rpm,2223148,2102,299,1003,1359,1,0,1933740,9,333,77,0,3,1649,1495,1222,59,131,1592,16383,1653,1641,1634587,800,2003,2067,523208,11957,8,382513,1496,65078,909,2223050184,2223149255,0,2223149334,2223149849,3339898841,17871233,0.0985,1637.0,0.05419462833486621,-0.052437967801287844,0.0985,26.77,80.2,,,,,,
2026-07-30T19:53:06.706284+00:00,S030,mounted,true,healthy,none,2100,healthy_horizontal_no_load_2100rpm,2223248,2112,300,997,1352,1,0,1933824,9,333,77,0,3,1649,1495,1211,59,131,1596,16383,1653,1642,1633694,800,1893,2171,523172,11956,8,382517,1496,65079,909,2223150259,2223249366,0,2223249439,2223249955,3336297034,17868244,0.0985,1637.0,0.22777513783874204,-0.23544894245567072,0.0985,26.65,80.0,,,,,,
2026-07-30T19:53:06.800887+00:00,S030,mounted,true,healthy,none,2100,healthy_horizontal_no_load_2100rpm,2223348,2120,299,993,1346,5,0,1933909,9,333,76,0,3,1649,1494,1185,62,139,1597,16383,1656,1643,1634340,800,1917,2227,523186,11955,8,382519,1496,65080,909,2223250360,2223349433,0,2223349507,2223350023,3338947982,17865255,0.0985,1637.0,0.32139685997490597,-0.1951911851944792,0.0985,26.62,79.9,,,,,,
2026-07-30T19:53:06.893802+00:00,S030,mounted,true,healthy,none,2100,healthy_horizontal_no_load_2100rpm,2223449,2129,299,990,1342,6,0,1933995,9,333,77,0,3,1649,1494,1223,60,130,1600,16383,1655,1642,1650788,808,1955,2081,523224,11954,8,382519,1496,65081,909,2223350428,2223450099,0,2223450113,2223450629,3372727040,17862270,0.0985,1637.0,0.07839065066086626,-0.1315949581729967,0.0985,26.53,79.7,,,,,,
2026-07-30T19:53:06.987466+00:00,S030,mounted,true,healthy,none,2100,healthy_horizontal_no_load_2100rpm,2223549,2132,296,991,1339,2,0,1934080,9,333,76,0,2,1649,1494,1206,60,130,1601,16383,1652,1643,1634415,800,2009,2071,523268,11954,8,382519,1496,65082,909,2223451037,2223550139,0,2223550148,2223550667,3339196557,17862268,0.0985,1637.0,0.06172512615024228,-0.041601125815626805,0.0985,26.5,79.7,,,,,,
2026-07-30T19:53:07.076828+00:00,S030,mounted,true,healthy,none,2100,healthy_horizontal_no_load_2100rpm,2223649,2130,299,990,1341,1,0,1934166,9,333,76,0,2,1649,1495,1206,60,126,1598,16383,1653,1641,1634364,800,2015,2071,523246,11957,8,382525,1496,65083,909,2223551073,2223650302,0,2223650316,2223650831,3338986154,17871235,0.0985,1637.0,0.06085916559337612,-0.032444356025759014,0.0985,26.59,79.9,,,,,,
2026-07-30T19:53:07.174697+00:00,S030,mounted,true,healthy,none,2100,healthy_horizontal_no_load_2100rpm,2223749,2130,300,988,1341,5,0,1934251,9,333,76,0,3,1649,1494,1214,63,135,1596,16383,1652,1643,1634402,800,2013,2075,523224,11953,8,382524,1496,65084,909,2223651236,2223750358,0,2223750522,2223751036,3339145692,17859281,0.0985,1637.0,0.06868064377143801,-0.03465425257257637,0.0985,26.65,80.0,,,,,,
2026-07-30T19:53:07.315365+00:00,S030,mounted,true,healthy,none,2100,healthy_horizontal_no_load_2100rpm,2223850,2132,299,989,1340,6,0,1934337,9,333,76,0,3,1649,1494,1213,63,135,1592,16383,1652,1643,1651083,808,2007,2237,523209,11953,8,382523,1496,65085,909,2223751442,2223851073,0,2223851151,2223851667,3373977745,17859279,0.0985,1637.0,0.3386847277670877,-0.044654403831674294,0.0985,26.77,80.2,,,,,,
2026-07-30T19:53:07.409825+00:00,S030,mounted,true,healthy,none,2100,healthy_horizontal_no_load_2100rpm,2223950,2131,296,989,1336,2,0,1934422,9,333,76,0,3,1649,1494,1225,64,133,1593,16383,1652,1643,1634634,800,1983,2111,523244,11955,8,382525,1496,65086,909,2223852076,2223951142,0,2223951215,2223951731,3340100686,17865257,0.0985,1637.0,0.12809294629861956,-0.0852079239648682,0.0985,26.74,80.1,,,,,,
2026-07-30T19:53:07.503725+00:00,S030,mounted,true,healthy,none,2100,healthy_horizontal_no_load_2100rpm,2224050,2132,299,989,1340,3,0,1934507,9,333,76,0,3,1649,1494,1222,64,133,1588,16383,1652,1641,1633792,800,2006,2147,523196,11953,8,382524,1496,65087,909,2223952136,2224051195,0,2224051269,2224051784,3336663468,17859279,0.0985,1637.0,0.1886824588806153,-0.04632109570819054,0.0985,26.89,80.4,,,,,,
2026-07-30T19:53:07.596196+00:00,S030,mounted,true,healthy,none,2100,healthy_horizontal_no_load_2100rpm,2224150,2130,299,990,1341,5,0,1934593,9,333,76,0,2,1649,1494,1235,62,128,1594,16383,1653,1644,1634131,800,1894,2075,523169,11953,8,382523,1496,65088,909,2224052189,2224151281,0,2224151359,2224151874,3338054429,17859279,0.0985,1637.0,0.06868064377143801,-0.23299058587802257,0.0985,26.71,80.1,,,,,,
2026-07-30T19:53:07.689249+00:00,S030,mounted,true,healthy,none,2100,healthy_horizontal_no_load_2100rpm,2224250,2134,301,987,1340,4,0,1934678,9,333,76,0,3,1649,1494,1207,59,119,1592,16383,1654,1642,1634642,800,2007,2177,523204,11951,8,382518,1496,65089,909,2224152283,2224251346,0,2224251420,2224251935,3340140114,17853305,0.0985,1637.0,0.23929042598945705,-0.04409460957242084,0.0985,26.77,80.2,,,,,,
2026-07-30T19:53:07.782115+00:00,S030,mounted,true,healthy,none,2100,healthy_horizontal_no_load_2100rpm,2224350,2134,295,992,1338,2,0,1934764,9,333,76,0,2,1649,1494,1221,59,119,1599,16383,1652,1642,1634055,800,1991,2081,523173,11955,8,382520,1496,65090,909,2224252340,2224351429,0,2224351508,2224352023,3337730305,17865257,0.0985,1637.0,0.07810055483061484,-0.07187661957340064,0.0985,26.56,79.8,,,,,,
2026-07-30T19:53:07.922210+00:00,S030,mounted,true,healthy,none,2100,healthy_horizontal_no_load_2100rpm,2224451,2131,299,990,1341,3,0,1934849,9,333,76,0,2,1649,1494,1237,58,124,1604,16383,1655,1643,1650773,808,2007,2081,523170,11955,8,382522,1496,65091,909,2224352428,2224452103,0,2224452113,2224452628,3372648633,17865259,0.0985,1637.0,0.07810055483061484,-0.045214010790464165,0.0985,26.4,79.5,,,,,,
2026-07-30T19:53:08.014409+00:00,S030,mounted,true,healthy,none,2100,healthy_horizontal_no_load_2100rpm,2224551,2131,298,990,1340,5,0,1934935,9,333,76,0,3,1649,1494,1259,58,116,1601,16383,1652,1642,1633865,800,1975,2067,523142,11955,8,382524,1496,65092,909,2224453034,2224552259,0,2224552273,2224552788,3336957073,17865257,0.0985,1637.0,0.05477077214554571,-0.09853922835633666,0.0985,26.5,79.7,,,,,,
2026-07-30T19:53:08.109007+00:00,S030,mounted,true,healthy,none,2100,healthy_horizontal_no_load_2100rpm,2224651,2130,300,989,1342,4,0,1935020,9,333,77,0,3,1649,1494,1234,58,116,1605,16383,1654,1644,1634400,800,1979,2071,523198,11949,8,382515,1496,65093,909,2224553197,2224652448,0,2224652458,2224652972,3339138896,17847329,0.0985,1637.0,0.06316936003012774,-0.090217622646247,0.0985,26.37,79.5,,,,,,
2026-07-30T19:53:08.198284+00:00,S030,mounted,true,healthy,none,2100,healthy_horizontal_no_load_2100rpm,2224752,2132,299,989,1340,2,0,1935106,9,333,76,0,3,1649,1494,1238,58,122,1600,16383,1653,1643,1650655,808,2001,2118,523206,11952,8,382512,1496,65094,909,2224653377,2224753095,0,2224753173,2224753688,3372176359,17856292,0.0985,1637.0,0.1406437469879518,-0.05437551807228935,0.0985,26.53,79.7,,,,,,
2026-07-30T19:53:08.294876+00:00,S030,mounted,true,healthy,none,2100,healthy_horizontal_no_load_2100rpm,2224852,2133,301,987,1340,3,0,1935191,9,333,76,0,3,1649,1494,1258,58,122,1599,16383,1655,1641,1634185,800,2009,2094,523183,11951,8,382507,1496,65095,909,2224754093,2224853190,0,2224853264,2224853783,3338268559,17853305,0.0985,1637.0,0.10093184980336334,-0.04076066797757516,0.0985,26.56,79.8,,,,,,
2026-07-30T19:53:08.388835+00:00,S030,mounted,true,healthy,none,2100,healthy_horizontal_no_load_2100rpm,2224952,2131,300,989,1341,5,0,1935277,9,333,77,0,3,1649,1494,1206,60,128,1593,16383,1652,1644,1634411,800,2005,2071,523185,11951,8,382503,1496,65096,909,2224854188,2224953273,0,2224953352,2224953867,3339184851,17853305,0.0985,1637.0,0.06259152146263913,-0.04742855116726652,0.0985,26.74,80.1,,,,,,
2026-07-30T19:53:08.485755+00:00,S030,mounted,true,healthy,none,2100,healthy_horizontal_no_load_2100rpm,2225052,2121,297,998,1348,4,0,1935362,9,333,77,1,3,1649,1494,1226,60,124,1602,16383,1653,1644,1634527,800,1999,2271,523196,11950,8,382497,1496,65097,909,2224954275,2225053368,0,2225053447,2225053962,3339713633,17850316,0.0985,1637.0,0.396302475146443,-0.057151524518828545,0.0985,26.46,79.6,,,,,,
2026-07-30T19:53:08.627025+00:00,S030,mounted,true,healthy,none,2100,healthy_horizontal_no_load_2100rpm,2225153,2111,298,999,1353,6,0,1935447,9,333,76,0,3,1649,1494,1243,60,124,1597,16383,1653,1641,1650459,808,1991,2113,523179,11952,8,382495,1496,65098,909,2225054373,2225154036,0,2225154050,2225154565,3371372737,17856290,0.0985,1637.0,0.13230959036144574,-0.07104383132530145,0.0985,26.62,79.9,,,,,,
2026-07-30T19:53:08.722514+00:00,S030,mounted,true,healthy,none,2100,healthy_horizontal_no_load_2100rpm,2225253,2102,298,1003,1358,6,0,1935531,9,333,77,0,3,1649,1494,1216,58,126,1598,16383,1655,1644,1634888,800,2011,2073,523240,11953,8,382495,1496,65099,909,2225154974,2225254177,0,2225254187,2225254702,3341136966,17859279,0.0985,1637.0,0.06534726001840552,-0.037987636325608864,0.0985,26.59,79.9,,,,,,
2026-07-30T19:53:08.814348+00:00,S030,mounted,true,healthy,none,2100,healthy_horizontal_no_load_2100rpm,2225353,2113,299,997,1351,2,0,1935616,9,333,76,0,3,1649,1494,1222,58,124,1596,16383,1654,1645,1634358,800,1995,2071,523254,11953,8,382495,1496,65100,909,2225255108,2225354356,0,2225354371,2225354886,3338962622,17859281,0.0985,1637.0,0.06201387626537258,-0.06465470634987058,0.0985,26.65,80.0,,,,,,
2026-07-30T19:53:08.909779+00:00,S030,mounted,true,healthy,none,2100,healthy_horizontal_no_load_2100rpm,2225454,2123,300,991,1345,3,0,1935701,9,333,77,0,3,1649,1494,1201,58,124,1607,16383,1654,1641,1650697,808,2013,2086,523264,11951,8,382492,1496,65101,909,2225355295,2225455099,0,2225455173,2225455688,3372334577,17853305,0.0985,1637.0,0.08759608342398106,-0.034092784787884245,0.0985,26.31,79.4,,,,,,
2026-07-30T19:53:09.002440+00:00,S030,mounted,true,healthy,none,2100,healthy_horizontal_no_load_2100rpm,2225554,2131,297,989,1338,5,0,1935787,9,333,76,0,3,1649,1494,1231,61,130,1604,16383,1655,1644,1635065,800,2009,2221,523283,11954,8,382494,1496,65102,909,2225456093,2225555156,0,2225555384,2225555899,3341926099,17862268,0.0985,1637.0,0.31170799380960323,-0.041601125815626805,0.0985,26.4,79.5,,,,,,
2026-07-30T19:53:09.098033+00:00,S030,mounted,true,healthy,none,2100,healthy_horizontal_no_load_2100rpm,2225654,2130,297,992,1341,4,0,1935872,9,333,76,0,2,1649,1495,1206,61,130,1607,16383,1655,1643,1634736,800,1981,2153,523274,11956,8,382500,1496,65103,909,2225556307,2225655370,0,2225655449,2225655964,3340528516,17868244,0.0985,1637.0,0.19778221177651378,-0.08881685948477802,0.0985,26.31,79.4,,,,,,
2026-07-30T19:53:09.191602+00:00,S030,mounted,true,healthy,none,2100,healthy_horizontal_no_load_2100rpm,2225755,2131,298,988,1338,2,0,1935958,9,333,76,0,3,1649,1495,1200,60,128,1598,16383,1654,1643,1650770,808,1981,2114,523271,11956,8,382505,1496,65104,909,2225656373,2225756048,0,2225756062,2225756577,3372647262,17868244,0.0985,1637.0,0.13279753864168597,-0.08881685948477802,0.0985,26.59,79.9,,,,,,
2026-07-30T19:53:09.332912+00:00,S030,mounted,true,healthy,none,2100,healthy_horizontal_no_load_2100rpm,2225855,2130,299,990,1341,3,0,1936043,9,333,77,0,3,1649,1494,1197,59,126,1594,16383,1652,1644,1634483,800,2002,2075,523254,11953,8,382505,1496,65105,909,2225756986,2225856072,0,2225856082,2225856597,3339472873,17859279,0.0985,1637.0,0.06868064377143801,-0.05298786321425597,0.0985,26.71,80.1,,,,,,
2026-07-30T19:53:09.429612+00:00,S030,mounted,true,healthy,none,2100,healthy_horizontal_no_load_2100rpm,2225955,2131,301,988,1342,1,0,1936128,9,333,76,0,3,1649,1494,1209,59,126,1593,16383,1654,1643,1634518,800,1863,2121,523297,11954,8,382506,1496,65106,909,2225857001,2225956252,0,2225956261,2225956776,3339682868,17862270,0.0985,1637.0,0.1450527487033626,-0.28491778367073817,0.0985,26.74,80.1,,,,,,
2026-07-30T19:53:09.518770+00:00,S030,mounted,true,healthy,none,2100,healthy_horizontal_no_load_2100rpm,2226055,2131,301,988,1341,4,0,1936214,9,333,77,0,3,1649,1494,1211,61,129,1593,16383,1653,1643,1634636,800,1959,2087,523260,11952,8,382504,1496,65107,909,2225957181,2226056292,0,2226056306,2226056821,3340110692,17856294,0.0985,1637.0,0.08897197590361428,-0.12438243373493973,0.0985,26.74,80.1,,,,,,
2026-07-30T19:53:09.613814+00:00,S030,mounted,true,healthy,none,2100,healthy_horizontal_no_load_2100rpm,2226155,2131,302,988,1342,6,0,1936299,9,333,77,0,3,1649,1495,1187,63,136,1594,16383,1652,1642,1633861,800,2013,2071,523182,11956,8,382509,1496,65108,909,2226057227,2226156320,0,2226156330,2226156845,3336939893,17868246,0.0985,1637.0,0.061147770826363246,-0.03549610204081688,0.0985,26.71,80.1,,,,,,
2026-07-30T19:53:09.707559+00:00,S030,mounted,true,healthy,none,2100,healthy_horizontal_no_load_2100rpm,2226256,2133,299,988,1339,3,0,1936385,9,333,76,0,3,1649,1494,1193,63,136,1594,16383,1652,1644,1650954,808,2005,2067,523221,11951,8,382505,1496,65109,909,2226157250,2226256997,0,2226257071,2226257586,3373384908,17853305,0.0985,1637.0,0.05592363827294777,-0.04742855116726652,0.0985,26.71,80.1,,,,,,
2026-07-30T19:53:09.800476+00:00,S030,mounted,true,healthy,none,2100,healthy_horizontal_no_load_2100rpm,2226356,2130,299,990,1341,1,0,1936470,9,333,76,0,3,1649,1494,1184,62,139,1606,16383,1652,1642,1633682,800,2009,2067,523153,11952,8,382503,1496,65110,909,2226257995,2226357161,0,2226357235,2226357750,3336202362,17856292,0.0985,1637.0,0.05563534939759052,-0.04104086746987967,0.0985,26.34,79.4,,,,,,
2026-07-30T19:53:09.892795+00:00,S030,mounted,true,healthy,none,2100,healthy_horizontal_no_load_2100rpm,2226456,2131,300,989,1341,4,0,1936556,9,333,77,0,3,1649,1495,1174,62,139,1600,16383,1652,1645,1634084,800,1929,2081,523168,11957,8,382510,1496,65111,909,2226358155,2226457381,0,2226457460,2226457975,3337860142,17871235,0.0985,1637.0,0.07752050873964977,-0.1757319070837169,0.0985,26.53,79.7,,,,,,
2026-07-30T19:53:10.029680+00:00,S030,mounted,true,healthy,none,2100,healthy_horizontal_no_load_2100rpm,2226557,2134,301,987,1340,2,0,1936642,9,333,77,0,3,1649,1494,1197,60,125,1592,16383,1654,1644,1650946,808,1981,2073,523196,11952,8,382508,1496,65112,909,2226458383,2226558077,0,2226558091,2226558606,3373357590,17856290,0.0985,1637.0,0.06563633734939733,-0.08771214457831356,0.0985,26.77,80.2,,,,,,
2026-07-30T19:53:10.130475+00:00,S030,mounted,true,healthy,none,2100,healthy_horizontal_no_load_2100rpm,2226657,2131,297,989,1338,3,0,1936727,9,333,76,0,3,1649,1494,1183,63,128,1593,16383,1655,1642,1633408,800,1911,2093,523081,11951,8,382504,1496,65113,909,2226559015,2226658115,0,2226658124,2226658640,3335119134,17853303,0.0985,1637.0,0.09926487900594072,-0.2041238061250108,0.0985,26.74,80.1,,,,,,
2026-07-30T19:53:10.223481+00:00,S030,mounted,true,healthy,none,2100,healthy_horizontal_no_load_2100rpm,2226757,2134,298,988,1338,1,0,1936812,9,333,76,0,3,1649,1494,1200,63,128,1598,16383,1653,1642,1634274,800,2012,2078,523083,11954,8,382505,1496,65114,909,2226659045,2226758163,0,2226758172,2226758690,3338631116,17862272,0.0985,1637.0,0.07339099330767906,-0.03660146846243917,0.0985,26.59,79.9,,,,,,
2026-07-30T19:53:10.315098+00:00,S030,mounted,true,healthy,none,2100,healthy_horizontal_no_load_2100rpm,2226857,2132,299,989,1340,4,0,1936898,9,333,76,0,3,1649,1495,1197,66,132,1594,16383,1654,1640,1634124,800,1993,2077,523089,11956,8,382510,1496,65115,909,2226759095,2226858203,0,2226858218,2226858733,3338027638,17868244,0.0985,1637.0,0.07114541284710585,-0.06882157544329237,0.0985,26.71,80.1,,,,,,
2026-07-30T19:53:10.409363+00:00,S030,mounted,true,healthy,none,2100,healthy_horizontal_no_load_2100rpm,2226957,2132,299,989,1340,6,0,1936983,9,333,77,0,2,1649,1494,1201,62,141,1598,16383,1655,1643,1634754,800,2005,2123,523140,11952,8,382508,1496,65116,909,2226859141,2226958273,0,2226958283,2226958797,3340591608,17856294,0.0985,1637.0,0.1489779036144574,-0.04770819277108451,0.0985,26.59,79.9,,,,,,
2026-07-30T19:53:10.503217+00:00,S030,mounted,true,healthy,none,2100,healthy_horizontal_no_load_2100rpm,2227057,2132,300,988,1340,3,0,1937069,9,333,76,0,3,1648,1494,1211,62,141,1594,16383,1653,1643,1633721,800,2003,2183,523029,11951,8,382504,1496,65117,909,2226959202,2227058420,0,2227058435,2227058950,3336399817,17853303,0.0947,1637.0,0.24929225077399364,-0.0507624927621122,0.0947,26.71,80.1,,,,,,
2026-07-30T19:53:10.596305+00:00,S030,mounted,true,healthy,none,2100,healthy_horizontal_no_load_2100rpm,2227158,2122,299,993,1346,1,0,1937154,9,333,77,1,3,1648,1494,1213,62,136,1597,16383,1652,1640,1650430,808,2016,2147,523017,11955,8,382507,1496,65118,909,2227059358,2227159059,0,2227159133,2227159648,3371255150,17865259,0.0947,1637.0,0.18808381606022584,-0.030216293350062706,0.0947,26.62,79.9,,,,,,
2026-07-30T19:53:10.738183+00:00,S030,mounted,true,healthy,none,2100,healthy_horizontal_no_load_2100rpm,2227258,2107,297,1001,1354,5,0,1937239,9,333,76,0,3,1648,1494,1231,62,136,1598,16383,1654,1642,1634003,800,2013,2073,523009,11951,8,382503,1496,65119,909,2227160055,2227259264,0,2227259343,2227259858,3337516221,17853301,0.0947,1637.0,0.06592546305748437,-0.034092784787884245,0.0947,26.59,79.9,,,,,,
2026-07-30T19:53:10.823376+00:00,S030,mounted,true,healthy,none,2100,healthy_horizontal_no_load_2100rpm,2227358,2105,296,1000,1352,5,0,1937323,9,333,76,0,2,1648,1494,1216,60,128,1597,16383,1653,1642,1634105,800,1973,2068,523024,11950,8,382497,1496,65120,909,2227260267,2227359482,0,2227359556,2227360071,3337938851,17850316,0.0947,1637.0,0.057879085690376364,-0.10049639213389172,0.0947,26.62,79.9,,,,,,
2026-07-30T19:53:10.925055+00:00,S030,mounted,true,healthy,none,2100,healthy_horizontal_no_load_2100rpm,2227459,2118,297,994,1345,4,0,1937408,9,333,77,0,3,1649,1493,1243,62,134,1597,16383,1653,1644,1650723,808,2003,2134,523019,11947,8,382485,1496,65121,909,2227360478,2227460103,0,2227460113,2227460628,3372450831,17841355,0.0985,1637.0,0.1688017139867748,-0.049644574453838075,0.0985,26.62,79.9,,,,,,
2026-07-30T19:53:11.017930+00:00,S030,mounted,true,healthy,none,2100,healthy_horizontal_no_load_2100rpm,2227559,2129,301,988,1342,6,0,1937493,9,333,76,0,3,1649,1494,1234,62,134,1595,16383,1653,1644,1634252,800,1985,2077,523030,11949,8,382478,1496,65122,909,2227461033,2227560167,0,2227560177,2227560691,3338532762,17847327,0.0985,1637.0,0.07317285890032599,-0.08021412377604831,0.0985,26.68,80.0,,,,,,
2026-07-30T19:53:11.111363+00:00,S030,mounted,true,healthy,none,2100,healthy_horizontal_no_load_2100rpm,2227660,2131,299,990,1341,3,0,1937579,9,333,77,0,3,1649,1494,1239,60,135,1587,16383,1654,1644,1651308,808,2011,2221,523084,11954,8,382481,1496,65123,909,2227561096,2227660706,0,2227660780,2227661295,3374876962,17862268,0.0985,1637.0,0.31170799380960323,-0.03826802091350201,0.0985,26.93,80.5,,,,,,
2026-07-30T19:53:11.205498+00:00,S030,mounted,true,healthy,none,2100,healthy_horizontal_no_load_2100rpm,2227760,2131,298,990,1340,1,0,1937664,9,333,76,0,3,1649,1494,1227,64,144,1593,16383,1653,1645,1634446,800,2007,2143,523111,11949,8,382474,1496,65124,909,2227661700,2227760758,0,2227760832,2227761348,3339334464,17847335,0.0985,1637.0,0.18321134647250759,-0.04353462791865459,0.0985,26.74,80.1,,,,,,
2026-07-30T19:53:11.299758+00:00,S030,mounted,true,healthy,none,2100,healthy_horizontal_no_load_2100rpm,2227860,2131,300,988,1340,4,0,1937750,9,333,77,0,3,1649,1494,1221,64,144,1597,16383,1653,1644,1634177,800,2003,2071,523077,11951,8,382472,1496,65125,909,2227761753,2227860808,0,2227860886,2227861401,3338226103,17853303,0.0985,1637.0,0.06259152146263913,-0.0507624927621122,0.0985,26.62,79.9,,,,,,
2026-07-30T19:53:11.442717+00:00,S030,mounted,true,healthy,none,2100,healthy_horizontal_no_load_2100rpm,2227960,2131,300,988,1340,6,0,1937835,9,333,76,0,2,1649,1495,1224,64,135,1605,16383,1653,1644,1633834,800,1963,2071,523044,11957,8,382481,1496,65126,909,2227861810,2227960830,0,2227960904,2227961419,3336831184,17871233,0.0985,1637.0,0.06085916559337612,-0.11908334038638468,0.0985,26.37,79.5,,,,,,
2026-07-30T19:53:11.535382+00:00,S030,mounted,true,healthy,none,2100,healthy_horizontal_no_load_2100rpm,2228060,2132,296,989,1336,2,0,1937920,9,333,76,0,3,1649,1494,1253,64,135,1599,16383,1656,1642,1634925,800,2004,2261,523102,11954,8,382483,1496,65127,909,2227961824,2228060869,0,2228060943,2228061459,3341337657,17862268,0.0985,1637.0,0.3783700918520996,-0.04993388807093879,0.0985,26.56,79.8,,,,,,
2026-07-30T19:53:11.624055+00:00,S030,mounted,true,healthy,none,2100,healthy_horizontal_no_load_2100rpm,2228160,2131,300,989,1341,1,0,1938006,9,333,77,0,3,1649,1494,1214,63,138,1598,16383,1656,1644,1634615,800,2009,2127,523132,11951,8,382480,1496,65128,909,2228061864,2228161096,0,2228161175,2228161690,3340017411,17853303,0.0985,1637.0,0.15594188611831594,-0.04076066797757516,0.0985,26.59,79.9,,,,,,
2026-07-30T19:53:11.723846+00:00,S030,mounted,true,healthy,none,2100,healthy_horizontal_no_load_2100rpm,2228260,2132,300,987,1339,5,0,1938091,9,333,76,0,3,1649,1494,1197,63,131,1598,16383,1653,1644,1634610,800,2015,2071,523200,11953,8,382481,1496,65129,909,2228162099,2228261373,0,2228261447,2228261962,3339992828,17859281,0.0985,1637.0,0.06201387626537258,-0.031320868819543435,0.0985,26.59,79.9,,,,,,
2026-07-30T19:53:11.818158+00:00,S030,mounted,true,healthy,none,2100,healthy_horizontal_no_load_2100rpm,2228360,2132,299,989,1340,6,0,1938177,9,333,76,0,3,1649,1494,1227,63,131,1597,16383,1654,1644,1634127,800,2003,2081,523184,11953,8,382481,1496,65130,909,2228262367,2228361426,0,2228361505,2228362020,3338024459,17859281,0.0985,1637.0,0.07868079503053593,-0.051321171337739724,0.0985,26.62,79.9,,,,,,
2026-07-30T19:53:11.911901+00:00,S030,mounted,true,healthy,none,2100,healthy_horizontal_no_load_2100rpm,2228461,2132,301,988,1341,3,0,1938263,9,333,76,0,3,1649,1494,1226,64,134,1599,16383,1653,1644,1650653,808,1855,2164,523204,11952,8,382480,1496,65131,909,2228362425,2228462100,0,2228462114,2228462629,3372201753,17856292,0.0985,1637.0,0.217317987951807,-0.2977328915662656,0.0985,26.56,79.8,,,,,,
2026-07-30T19:53:12.005697+00:00,S030,mounted,true,healthy,none,2100,healthy_horizontal_no_load_2100rpm,2228561,2131,299,989,1340,1,0,1938348,9,333,76,0,3,1649,1494,1226,64,131,1597,16383,1653,1644,1634795,800,2011,2081,523271,11952,8,382479,1496,65132,909,2228463034,2228562126,0,2228562140,2228562655,3340755093,17856292,0.0985,1637.0,0.07897098795180701,-0.03770720481927725,0.0985,26.62,79.9,,,,,,
2026-07-30T19:53:12.100716+00:00,S030,mounted,true,healthy,none,2100,healthy_horizontal_no_load_2100rpm,2228661,2130,300,989,1342,5,0,1938433,9,333,76,0,3,1649,1494,1226,64,131,1591,16383,1653,1645,1634847,800,1997,2074,523261,11955,8,382484,1496,65133,909,2228563064,2228662255,0,2228662265,2228662780,3340964445,17865255,0.0985,1637.0,0.06643566348807983,-0.061878141279799515,0.0985,26.8,80.2,,,,,,
2026-07-30T19:53:12.245449+00:00,S030,mounted,true,healthy,none,2100,healthy_horizontal_no_load_2100rpm,2228761,2133,299,988,1339,4,0,1938518,9,333,76,0,2,1649,1494,1232,63,127,1595,16383,1654,1642,1634589,800,2010,2098,523264,11954,8,382486,1496,65134,909,2228663185,2228762303,0,2228762312,2228762828,3339916885,17862270,0.0985,1637.0,0.10672204232892746,-0.03993457336456396,0.0985,26.68,80.0,,,,,,
2026-07-30T19:53:12.336881+00:00,S030,mounted,true,healthy,none,2100,healthy_horizontal_no_load_2100rpm,2228861,2131,297,988,1337,2,0,1938604,9,333,76,0,3,1649,1494,1235,63,127,1598,16383,1654,1642,1633884,800,1851,2063,523207,11954,8,382488,1496,65135,909,2228763233,2228862335,0,2228862349,2228862864,3337064148,17862270,0.0985,1637.0,0.0483927065417431,-0.30491641308348694,0.0985,26.59,79.9,,,,,,
2026-07-30T19:53:12.429041+00:00,S030,mounted,true,healthy,none,2100,healthy_horizontal_no_load_2100rpm,2228961,2131,300,989,1341,3,0,1938689,9,333,77,0,2,1649,1494,1221,65,122,1598,16383,1653,1642,1634014,800,1988,2215,523178,11954,8,382490,1496,65136,909,2228863273,2228962379,0,2228962389,2228962904,3337594014,17862274,0.0985,1637.0,0.30170867910322885,-0.07659872728793715,0.0985,26.59,79.9,,,,,,
2026-07-30T19:53:12.522678+00:00,S030,mounted,true,healthy,none,2100,healthy_horizontal_no_load_2100rpm,2229062,2131,300,989,1341,5,0,1938775,9,333,76,0,3,1649,1494,1210,63,124,1604,16383,1654,1643,1650872,808,2013,2075,523202,11950,8,382485,1496,65137,909,2228963309,2229063080,0,2229063154,2229063668,3373051050,17850316,0.0985,1637.0,0.06954885774058583,-0.03381198041841049,0.0985,26.4,79.5,,,,,,
2026-07-30T19:53:12.615763+00:00,S030,mounted,true,healthy,none,2100,healthy_horizontal_no_load_2100rpm,2229162,2132,300,987,1339,4,0,1938860,9,333,77,0,3,1649,1494,1189,63,124,1600,16383,1656,1643,1635201,800,2005,2187,523271,11954,8,382487,1496,65138,909,2229064073,2229163129,0,2229163203,2229163720,3342449977,17862268,0.0985,1637.0,0.2550452104734813,-0.048267335619876395,0.0985,26.53,79.7,,,,,,
2026-07-30T19:53:12.709222+00:00,S030,mounted,true,healthy,none,2100,healthy_horizontal_no_load_2100rpm,2229262,2131,300,989,1341,2,0,1938946,9,333,76,0,3,1649,1494,1214,62,124,1596,16383,1652,1643,1634167,800,1971,2073,523231,11954,8,382489,1496,65139,909,2229164125,2229263210,0,2229263289,2229263804,3338196025,17862266,0.0985,1637.0,0.06505823105236708,-0.10493011895599791,0.0985,26.65,80.0,,,,,,
2026-07-30T19:53:12.849800+00:00,S030,mounted,true,healthy,none,2100,healthy_horizontal_no_load_2100rpm,2229362,2132,300,988,1340,3,0,1939031,9,333,76,0,3,1649,1495,1203,63,132,1594,16383,1654,1642,1634461,800,2019,2231,523247,11956,8,382495,1496,65140,909,2229264213,2229363280,0,2229363354,2229363869,3339418449,17868244,0.0985,1637.0,0.3277515580461694,-0.025498460020073832,0.0985,26.71,80.1,,,,,,
2026-07-30T19:53:12.943739+00:00,S030,mounted,true,healthy,none,2100,healthy_horizontal_no_load_2100rpm,2229462,2129,298,991,1341,1,0,1939116,9,333,76,0,3,1649,1493,1198,63,132,1599,16383,1654,1644,1634367,800,1995,2125,523224,11947,8,382484,1496,65141,909,2229364274,2229463340,0,2229463414,2229463929,3339012527,17841353,0.0985,1637.0,0.1537939537122286,-0.06298480580898991,0.0985,26.56,79.8,,,,,,
2026-07-30T19:53:13.037504+00:00,S030,mounted,true,healthy,none,2100,healthy_horizontal_no_load_2100rpm,2229562,2110,299,998,1353,5,0,1939201,9,333,76,0,3,1649,1494,1193,65,137,1598,16383,1653,1644,1633800,800,1919,2077,523185,11952,8,382483,1496,65142,909,2229464334,2229563405,0,2229563478,2229563993,3336714710,17856292,0.0985,1637.0,0.07230366265060217,-0.19105568674698814,0.0985,26.59,79.9,,,,,,
2026-07-30T19:53:13.124493+00:00,S030,mounted,true,healthy,none,2100,healthy_horizontal_no_load_2100rpm,2229663,2106,301,1000,1357,4,0,1939286,9,333,77,0,3,1649,1494,1197,65,137,1603,16383,1653,1642,1650515,808,1941,2201,523154,11954,8,382485,1496,65143,909,2229564398,2229664065,0,2229664079,2229664595,3371627853,17862270,0.0985,1637.0,0.2783769447883553,-0.15492669248787072,0.0985,26.43,79.6,,,,,,
2026-07-30T19:53:13.221900+00:00,S030,mounted,true,healthy,none,2100,healthy_horizontal_no_load_2100rpm,2229763,2112,296,999,1350,4,0,1939370,9,333,76,0,3,1649,1494,1201,62,129,1597,16383,1653,1644,1634192,800,2009,2081,523195,11953,8,382485,1496,65144,909,2229665004,2229764112,0,2229764121,2229764635,3338288434,17859279,0.0985,1637.0,0.07868079503053593,-0.04132102007864136,0.0985,26.62,79.9,,,,,,
2026-07-30T19:53:13.317974+00:00,S030,mounted,true,healthy,none,2100,healthy_horizontal_no_load_2100rpm,2229863,2123,299,992,1345,6,0,1939455,9,333,77,0,3,1649,1494,1195,62,132,1597,16383,1653,1643,1634002,800,1953,2071,523136,11955,8,382489,1496,65145,909,2229765041,2229864143,0,2229864152,2229864669,3337531020,17865255,0.0985,1637.0,0.06143642434127994,-0.1352003154328738,0.0985,26.62,79.9,,,,,,
2026-07-30T19:53:13.410917+00:00,S030,mounted,true,healthy,none,2100,healthy_horizontal_no_load_2100rpm,2229963,2127,298,991,1342,2,0,1939540,9,333,76,0,3,1649,1494,1195,62,132,1599,16383,1653,1645,1634408,800,1931,2069,523195,11950,8,382484,1496,65146,909,2229865074,2229964181,0,2229964191,2229964706,3339181208,17850318,0.0985,1637.0,0.059546195983263495,-0.17051502443514677,0.0985,26.56,79.8,,,,,,
2026-07-30T19:53:13.551680+00:00,S030,mounted,true,healthy,none,2100,healthy_horizontal_no_load_2100rpm,2230063,2131,300,989,1341,3,0,1939625,9,333,77,0,2,1649,1494,1187,60,128,1599,16383,1654,1643,1634114,800,1907,2076,523206,11954,8,382486,1496,65147,909,2229965111,2230064221,0,2230064231,2230064745,3338003592,17862268,0.0985,1637.0,0.07005788840555427,-0.21158947582399223,0.0985,26.56,79.8,,,,,,
2026-07-30T19:53:13.637432+00:00,S030,mounted,true,healthy,none,2100,healthy_horizontal_no_load_2100rpm,2230163,2131,298,988,1338,5,0,1939711,9,333,76,0,3,1649,1494,1210,60,121,1604,16383,1652,1642,1633703,800,2009,2067,523112,11952,8,382485,1496,65148,909,2230065150,2230164369,0,2230164384,2230164899,3336289003,17856294,0.0985,1637.0,0.05563534939759052,-0.04104086746987967,0.0985,26.4,79.5,,,,,,
2026-07-30T19:53:13.736337+00:00,S030,mounted,true,healthy,none,2100,healthy_horizontal_no_load_2100rpm,2230263,2132,297,990,1339,4,0,1939796,9,333,76,0,3,1649,1494,1201,60,121,1600,16383,1655,1643,1634840,800,1895,2077,523229,11950,8,382480,1496,65149,909,2230165307,2230264419,0,2230264428,2230264943,3340960036,17850316,0.0985,1637.0,0.07288307832635965,-0.23053099497907992,0.0985,26.53,79.7,,,,,,
2026-07-30T19:53:13.831593+00:00,S030,mounted,true,healthy,none,2100,healthy_horizontal_no_load_2100rpm,2230364,2129,299,991,1342,2,0,1939882,9,333,76,0,3,1649,1494,1226,61,125,1597,16383,1654,1642,1650522,808,2015,2069,523202,11952,8,382479,1496,65150,909,2230265348,2230365068,0,2230365147,2230365662,3371619508,17856290,0.0985,1637.0,0.05896901204819249,-0.031039879518072855,0.0985,26.62,79.9,,,,,,
2026-07-30T19:53:13.926750+00:00,S030,mounted,true,healthy,none,2100,healthy_horizontal_no_load_2100rpm,2230464,2129,295,994,1341,3,0,1939967,9,333,76,0,2,1649,1494,1210,61,125,1593,16383,1653,1643,1634309,800,1993,2106,523195,11953,8,382480,1496,65151,909,2230366071,2230465218,0,2230465292,2230465807,3338766313,17859279,0.0985,1637.0,0.1203480919434452,-0.06798809010290352,0.0985,26.74,80.1,,,,,,
2026-07-30T19:53:14.021849+00:00,S030,mounted,true,healthy,none,2100,healthy_horizontal_no_load_2100rpm,2230564,2123,296,993,1342,1,0,1940052,9,333,76,1,3,1649,1494,1205,62,142,1597,16383,1653,1644,1634491,800,2009,2072,523236,11952,8,382479,1496,65152,909,2230466212,2230565276,0,2230565350,2230565865,3339511883,17856294,0.0985,1637.0,0.06396950602409612,-0.04104086746987967,0.0985,26.62,79.9,,,,,,
2026-07-30T19:53:14.117796+00:00,S030,mounted,true,healthy,none,2100,healthy_horizontal_no_load_2100rpm,2230664,2109,299,1000,1355,5,0,1940137,9,333,76,1,3,1649,1494,1202,65,141,1595,16383,1653,1642,1634056,800,2006,2075,523190,11950,8,382475,1496,65153,909,2230566272,2230665351,0,2230665430,2230665945,3337729566,17850314,0.0985,1637.0,0.06954885774058583,-0.04548175246861952,0.0985,26.68,80.0,,,,,,
2026-07-30T19:53:14.210733+00:00,S030,mounted,true,healthy,none,2100,healthy_horizontal_no_load_2100rpm,2230764,2106,301,1000,1357,5,0,1940221,9,333,76,0,2,1649,1494,1219,65,141,1593,16383,1653,1643,1634224,800,1977,2161,523177,11951,8,382473,1496,65154,909,2230666357,2230765447,0,2230765521,2230766036,3338440526,17853305,0.0985,1637.0,0.2126188932306916,-0.09410373349510559,0.0985,26.74,80.1,,,,,,
2026-07-30T19:53:14.338912+00:00,S030,mounted,true,healthy,none,2100,healthy_horizontal_no_load_2100rpm,2230865,2122,300,993,1347,4,0,1940306,9,333,77,0,3,1649,1494,1216,60,134,1597,16383,1654,1643,1651130,808,1963,2223,523237,11952,8,382473,1496,65155,909,2230766442,2230866091,0,2230866101,2230866615,3374148056,17856292,0.0985,1637.0,0.3156610361445784,-0.11771510843373534,0.0985,26.62,79.9,,,,,,
2026-07-30T19:53:14.433218+00:00,S030,mounted,true,healthy,none,2100,healthy_horizontal_no_load_2100rpm,2230965,2126,300,990,1343,6,0,1940391,9,333,77,0,2,1649,1495,1237,59,130,1596,16383,1653,1644,1634408,800,1995,2069,523256,11956,8,382480,1496,65156,909,2230867020,2230966138,0,2230966147,2230966661,3339173762,17868244,0.0985,1637.0,0.05781522348611556,-0.06548902810304513,0.0985,26.65,80.0,,,,,,
2026-07-30T19:53:14.527736+00:00,S030,mounted,true,healthy,none,2100,healthy_horizontal_no_load_2100rpm,2231065,2119,299,996,1349,2,0,1940476,9,333,77,1,3,1649,1495,1243,59,130,1597,16383,1653,1643,1633856,800,2007,2133,523193,11956,8,382487,1496,65157,909,2230967066,2231066178,0,2231066187,2231066702,3336932714,17868246,0.0985,1637.0,0.16445673837403785,-0.04549374406155948,0.0985,26.62,79.9,,,,,,
2026-07-30T19:53:14.634162+00:00,S030,mounted,true,healthy,none,2100,healthy_horizontal_no_load_2100rpm,2231165,2112,299,999,1353,3,0,1940561,9,333,76,0,3,1649,1495,1232,61,136,1594,16383,1652,1644,1634445,800,2013,2079,523220,11960,8,382501,1496,65158,909,2231067109,2231166243,0,2231166253,2231166768,3339326479,17880200,0.0985,1637.0,0.07331937056856175,-0.036617911036789685,0.0985,26.71,80.1,,,,,,
2026-07-30T19:53:14.725292+00:00,S030,mounted,true,healthy,none,2100,healthy_horizontal_no_load_2100rpm,2231265,2101,300,1003,1360,3,0,1940645,9,333,77,0,3,1649,1494,1245,61,136,1598,16383,1654,1644,1633907,800,1999,2077,523184,11954,8,382502,1496,65159,909,2231167177,2231266391,0,2231266400,2231266915,3337131751,17862268,0.0985,1637.0,0.07172444085661667,-0.05826665032625078,0.0985,26.59,79.9,,,,,,
2026-07-30T19:53:14.819990+00:00,S030,mounted,true,healthy,none,2100,healthy_horizontal_no_load_2100rpm,2231365,2101,301,1003,1361,3,0,1940729,9,333,77,0,3,1649,1494,1209,62,131,1590,16383,1652,1640,1633954,800,1999,2072,523155,11952,8,382500,1496,65160,909,2231267322,2231366438,0,2231366448,2231366965,3337313158,17856294,0.0985,1637.0,0.06396950602409612,-0.05770918072289177,0.0985,26.83,80.3,,,,,,
2026-07-30T19:53:14.962997+00:00,S030,mounted,true,healthy,none,2100,healthy_horizontal_no_load_2100rpm,2231466,2098,298,1005,1360,1,0,1940814,9,333,76,0,3,1649,1494,1232,63,135,1593,16383,1652,1643,1650477,808,2003,2071,523157,11954,8,382501,1496,65161,909,2231367371,2231467166,0,2231467244,2231467759,3371439511,17862268,0.0985,1637.0,0.06172512615024228,-0.05160044052200119,0.0985,26.74,80.1,,,,,,
2026-07-30T19:53:15.056748+00:00,S030,mounted,true,healthy,none,2100,healthy_horizontal_no_load_2100rpm,2231566,2099,299,1004,1360,1,0,1940898,9,333,76,0,3,1649,1494,1253,63,135,1595,16383,1652,1643,1634242,800,2011,2229,523151,11950,8,382495,1496,65162,909,2231468169,2231567246,0,2231567324,2231567839,3338536182,17850316,0.0985,1637.0,0.32628384284518797,-0.03714620100418431,0.0985,26.68,80.0,,,,,,
2026-07-30T19:53:15.150427+00:00,S030,mounted,true,healthy,none,2100,healthy_horizontal_no_load_2100rpm,2231667,2100,298,1004,1359,5,0,1940983,9,333,76,0,3,1649,1494,1221,63,140,1596,16383,1654,1643,1650290,808,1887,2071,523151,11951,8,382492,1496,65163,909,2231568249,2231668075,0,2231668090,2231668605,3370703186,17853303,0.0985,1637.0,0.06259152146263913,-0.2441311052631585,0.0985,26.65,80.0,,,,,,
2026-07-30T19:53:15.242897+00:00,S030,mounted,true,healthy,none,2100,healthy_horizontal_no_load_2100rpm,2231767,2099,299,1003,1359,5,0,1941067,9,333,77,0,3,1649,1494,1222,64,140,1602,16383,1652,1643,1634394,800,1992,2121,523141,11953,8,382492,1496,65164,909,2231669011,2231768175,0,2231768340,2231768855,3339117960,17859281,0.0985,1637.0,0.14534847009119023,-0.06965478197941932,0.0985,26.46,79.6,,,,,,
2026-07-30T19:53:15.337413+00:00,S030,mounted,true,healthy,none,2100,healthy_horizontal_no_load_2100rpm,2231868,2113,298,997,1350,4,0,1941152,9,333,77,0,3,1649,1494,1213,64,140,1595,16383,1653,1644,1651385,808,1979,2269,523229,11953,8,382492,1496,65165,909,2231769265,2231868966,0,2231869045,2231869560,3375199995,17859279,0.0985,1637.0,0.3920188678156107,-0.0913217763741323,0.0985,26.68,80.0,,,,,,
2026-07-30T19:53:15.463935+00:00,S030,mounted,true,healthy,none,2100,healthy_horizontal_no_load_2100rpm,2231968,2125,301,991,1345,6,0,1941237,9,333,77,0,3,1649,1494,1222,65,143,1608,16383,1654,1644,1634846,800,1985,2203,523272,11954,8,382494,1496,65166,909,2231869969,2231969153,0,2231969232,2231969747,3340992190,17862268,0.0985,1637.0,0.2817100496904801,-0.08159838464112479,0.0985,26.28,79.3,,,,,,
2026-07-30T19:53:15.524962+00:00,S030,mounted,true,healthy,none,2100,healthy_horizontal_no_load_2100rpm,2232068,2129,300,988,1341,2,0,1941322,9,333,76,0,3,1649,1494,1218,65,143,1597,16383,1653,1642,1634411,800,2015,2159,523258,11953,8,382494,1496,65167,909,2231970156,2232069233,0,2232069307,2232069822,3339195255,17859279,0.0985,1637.0,0.20868276139881203,-0.031320868819543435,0.0985,26.62,79.9,,,,,,
2026-07-30T19:53:15.652729+00:00,S030,mounted,true,healthy,none,2100,healthy_horizontal_no_load_2100rpm,2232168,2133,301,987,1340,1,0,1941408,9,333,77,0,3,1649,1494,1213,65,144,1596,16383,1655,1642,1634223,800,2008,2168,523226,11953,8,382494,1496,65168,909,2232070227,2232169275,0,2232169353,2232169868,3338428039,17859279,0.0985,1637.0,0.22368298828745914,-0.042987711955157604,0.0985,26.65,80.0,,,,,,
2026-07-30T19:53:15.746120+00:00,S030,mounted,true,healthy,none,2100,healthy_horizontal_no_load_2100rpm,2232268,2133,298,988,1337,5,0,1941493,9,333,76,0,3,1649,1494,1210,64,144,1598,16383,1654,1643,1634347,800,1976,2083,523212,11953,8,382494,1496,65169,909,2232170273,2232269341,0,2232269419,2232269934,3338924265,17859279,0.0985,1637.0,0.08201417878356887,-0.09632185200368149,0.0985,26.59,79.9,,,,,,
2026-07-30T19:53:15.854402+00:00,S030,mounted,true,healthy,none,2100,healthy_horizontal_no_load_2100rpm,2232368,2133,297,987,1335,4,0,1941578,9,333,76,0,3,1649,1494,1192,64,144,1599,16383,1654,1644,1634533,800,2015,2173,523216,11950,8,382489,1496,65170,909,2232270339,2232369415,0,2232369489,2232370003,3339698419,17850314,0.0985,1637.0,0.23292566644351442,-0.030477759832635787,0.0985,26.56,79.8,,,,,,
2026-07-30T19:53:15.947572+00:00,S030,mounted,true,healthy,none,2100,healthy_horizontal_no_load_2100rpm,2232469,2131,301,988,1341,2,0,1941664,9,333,77,0,3,1649,1494,1187,64,144,1601,16383,1652,1642,1650946,808,2003,2070,523265,11955,8,382493,1496,65171,909,2232370408,2232470063,0,2232470073,2232470587,3373348970,17865257,0.0985,1637.0,0.05977001129234605,-0.051879662986198394,0.0985,26.5,79.7,,,,,,
2026-07-30T19:53:16.040940+00:00,S030,mounted,true,healthy,none,2100,healthy_horizontal_no_load_2100rpm,2232569,2128,300,990,1343,1,0,1941750,9,333,77,1,3,1649,1495,1222,64,137,1598,16383,1653,1644,1634567,800,1941,2093,523248,11958,8,382503,1496,65172,909,2232470993,2232570223,0,2232570237,2232570752,3339831601,17874224,0.0985,1637.0,0.0972224982438532,-0.15600873908680413,0.0985,26.59,79.9,,,,,,
2026-07-30T19:53:16.179117+00:00,S030,mounted,true,healthy,none,2100,healthy_horizontal_no_load_2100rpm,2232669,2116,300,997,1351,1,0,1941834,9,333,77,1,3,1649,1495,1187,64,137,1603,16383,1656,1642,1633972,800,2015,2071,523216,11957,8,382510,1496,65173,909,2232571159,2232670275,0,2232670285,2232670799,3337389630,17871233,0.0985,1637.0,0.06085916559337612,-0.032444356025759014,0.0985,26.43,79.6,,,,,,
2026-07-30T19:53:16.226457+00:00,S030,mounted,true,healthy,none,2100,healthy_horizontal_no_load_2100rpm,2232769,2106,294,1006,1355,5,0,1941919,9,333,76,0,3,1649,1494,1205,62,129,1601,16383,1653,1643,1634006,800,2003,2073,523161,11952,8,382508,1496,65174,909,2232671206,2232770435,0,2232770450,2232770965,3337541550,17856292,0.0985,1637.0,0.06563633734939733,-0.05104185542168693,0.0985,26.5,79.7,,,,,,
2026-07-30T19:53:16.367949+00:00,S030,mounted,true,healthy,none,2100,healthy_horizontal_no_load_2100rpm,2232870,2111,295,999,1349,4,0,1942004,9,333,76,0,3,1649,1495,1185,62,129,1599,16383,1653,1643,1650952,808,1918,2075,523198,11956,8,382513,1496,65175,909,2232771374,2232871212,0,2232871291,2232871806,3373396976,17868244,0.0985,1637.0,0.06781286550685817,-0.19379210070257624,0.0985,26.56,79.8,,,,,,
2026-07-30T19:53:16.464266+00:00,S030,mounted,true,healthy,none,2100,healthy_horizontal_no_load_2100rpm,2232970,2122,293,993,1339,6,0,1942089,9,333,76,0,3,1649,1495,1206,62,126,1602,16383,1652,1642,1633954,800,1983,2070,523131,11956,8,382517,1496,65176,909,2232872215,2232971296,0,2232971374,2232971889,3337319416,17868248,0.0985,1637.0,0.05948149715623918,-0.08548431214453034,0.0985,26.46,79.6,,,,,,
2026-07-30T19:53:16.558114+00:00,S030,mounted,true,healthy,none,2100,healthy_horizontal_no_load_2100rpm,2233070,2128,300,990,1343,2,0,1942174,9,333,76,0,3,1649,1495,1226,61,127,1600,16383,1653,1642,1634143,800,2007,2074,523127,11956,8,382521,1496,65177,909,2232972298,2233071359,0,2233071438,2233071953,3338094069,17868244,0.0985,1637.0,0.06614659183673455,-0.04549374406155948,0.0985,26.53,79.7,,,,,,
2026-07-30T19:53:16.636790+00:00,S030,mounted,true,healthy,none,2100,healthy_horizontal_no_load_2100rpm,2233170,2133,301,987,1340,3,0,1942259,9,333,76,0,3,1649,1494,1224,61,127,1595,16383,1652,1644,1634149,800,1977,2070,523081,11950,8,382514,1496,65178,909,2233072362,2233171457,0,2233171531,2233172046,3338118809,17850316,0.0985,1637.0,0.061213306276150625,-0.0938279509623432,0.0985,26.68,80.0,,,,,,
2026-07-30T19:53:16.730780+00:00,S030,mounted,true,healthy,none,2100,healthy_horizontal_no_load_2100rpm,2233271,2132,300,987,1339,5,0,1942345,9,333,77,0,3,1649,1494,1218,62,126,1598,16383,1654,1644,1651164,808,2007,2069,523153,11950,8,382507,1496,65179,909,2233172452,2233272258,0,2233272268,2233272782,3374245034,17850318,0.0985,1637.0,0.059546195983263495,-0.04381464217573283,0.0985,26.59,79.9,,,,,,
2026-07-30T19:53:16.872405+00:00,S030,mounted,true,healthy,none,2100,healthy_horizontal_no_load_2100rpm,2233371,2127,299,991,1343,4,0,1942430,9,333,77,0,3,1649,1494,1243,62,121,1601,16383,1653,1641,1633805,800,1987,2069,523112,11953,8,382507,1496,65180,909,2233273187,2233372278,0,2233372287,2233372802,3336714969,17859281,0.0985,1637.0,0.058680492512339644,-0.07798824136200144,0.0985,26.5,79.7,,,,,,
2026-07-30T19:53:16.965987+00:00,S030,mounted,true,healthy,none,2100,healthy_horizontal_no_load_2100rpm,2233471,2114,298,999,1352,6,0,1942515,9,333,76,1,3,1649,1495,1206,62,121,1599,16383,1653,1644,1634569,800,1977,2069,523144,11957,8,382514,1496,65181,909,2233373207,2233472383,0,2233472392,2233472907,3339828403,17871233,0.0985,1637.0,0.057526896964120944,-0.09575745998160112,0.0985,26.56,79.8,,,,,,
2026-07-30T19:53:17.060788+00:00,S030,mounted,true,healthy,none,2100,healthy_horizontal_no_load_2100rpm,2233572,2107,296,1004,1356,2,0,1942600,9,333,75,0,3,1649,1494,1237,64,122,1594,16383,1654,1639,1650544,808,1951,2069,523131,11952,8,382511,1496,65182,909,2233473315,2233573070,0,2233573144,2233573658,3371726388,17856290,0.0985,1637.0,0.05896901204819249,-0.13771708433734942,0.0985,26.71,80.1,,,,,,
2026-07-30T19:53:17.154001+00:00,S030,mounted,true,healthy,none,2100,healthy_horizontal_no_load_2100rpm,2233672,2113,298,998,1351,3,0,1942685,9,333,76,0,2,1649,1494,1253,64,122,1601,16383,1655,1644,1634232,800,1991,2117,523111,11951,8,382507,1496,65183,909,2233574065,2233673297,0,2233673376,2233673891,3338462356,17853305,0.0985,1637.0,0.139272178144088,-0.07076614233118583,0.0985,26.5,79.7,,,,,,
2026-07-30T19:53:17.248170+00:00,S030,mounted,true,healthy,none,2100,healthy_horizontal_no_load_2100rpm,2233772,2125,300,991,1344,1,0,1942770,9,333,77,0,2,1649,1494,1239,63,119,1594,16383,1652,1644,1634575,800,2005,2071,523170,11948,8,382497,1496,65184,909,2233674300,2233773363,0,2233773442,2233773957,3339854509,17844344,0.0985,1637.0,0.06345835185805138,-0.04658934549715443,0.0985,26.71,80.1,,,,,,
2026-07-30T19:53:17.341914+00:00,S030,mounted,true,healthy,none,2100,healthy_horizontal_no_load_2100rpm,2233873,2129,297,993,1342,5,0,1942855,9,333,76,0,3,1649,1494,1226,63,127,1593,16383,1655,1644,1650406,808,1973,2077,523130,11949,8,382489,1496,65185,909,2233774366,2233874098,0,2233874107,2233874623,3371158344,17847329,0.0985,1637.0,0.07317285890032599,-0.10022112151644524,0.0985,26.74,80.1,,,,,,
2026-07-30T19:53:17.435846+00:00,S030,mounted,true,healthy,none,2100,healthy_horizontal_no_load_2100rpm,2233973,2132,296,988,1335,6,0,1942941,9,333,76,0,3,1649,1494,1234,63,127,1597,16383,1652,1644,1634584,800,2012,2071,523156,11955,8,382493,1496,65186,909,2233875028,2233974176,0,2233974190,2233974705,3339888832,17865255,0.0985,1637.0,0.06143642434127994,-0.036881945545796935,0.0985,26.62,79.9,,,,,,
2026-07-30T19:53:17.576703+00:00,S030,mounted,true,healthy,none,2100,healthy_horizontal_no_load_2100rpm,2234073,2133,300,987,1339,2,0,1943026,9,333,77,0,3,1649,1495,1234,60,121,1599,16383,1653,1644,1634185,800,1989,2075,523164,11957,8,382501,1496,65187,909,2233975114,2234074205,0,2234074215,2234074733,3338267187,17871235,0.0985,1637.0,0.06752370285188558,-0.07576384820607229,0.0985,26.56,79.8,,,,,,
2026-07-30T19:53:17.671951+00:00,S030,mounted,true,healthy,none,2100,healthy_horizontal_no_load_2100rpm,2234173,2125,298,991,1342,3,0,1943111,9,333,77,0,3,1649,1494,1221,61,128,1599,16383,1652,1644,1634536,800,1967,2067,523244,11951,8,382497,1496,65188,909,2234075138,2234174263,0,2234174273,2234174788,3339700300,17853305,0.0985,1637.0,0.05592363827294777,-0.11077344146933354,0.0985,26.56,79.8,,,,,,
2026-07-30T19:53:17.765501+00:00,S030,mounted,true,healthy,none,2100,healthy_horizontal_no_load_2100rpm,2234273,2114,298,998,1351,1,0,1943196,9,333,76,0,3,1649,1494,1242,61,128,1610,16383,1652,1644,1634335,800,2008,2073,523249,11951,8,382493,1496,65189,909,2234175193,2234274311,0,2234274320,2234274835,3338872033,17853303,0.0985,1637.0,0.06592546305748437,-0.04242763877499822,0.0985,26.22,79.2,,,,,,
2026-07-30T19:53:17.858606+00:00,S030,mounted,true,healthy,none,2100,healthy_horizontal_no_load_2100rpm,2234374,2106,296,1001,1353,5,0,1943281,9,333,76,0,2,1649,1494,1200,62,128,1602,16383,1654,1644,1650908,808,1983,2265,523256,11950,8,382488,1496,65190,909,2234275244,2234374991,0,2234375069,2234375584,3373264390,17850316,0.0985,1637.0,0.3862998133891211,-0.08382528920502086,0.0985,26.46,79.6,,,,,,
2026-07-30T19:53:17.950748+00:00,S030,mounted,true,healthy,none,2100,healthy_horizontal_no_load_2100rpm,2234474,2115,300,995,1350,4,0,1943366,9,333,77,0,3,1649,1494,1213,62,128,1597,16383,1656,1644,1634465,800,2010,2119,523261,11953,8,382488,1496,65191,909,2234375994,2234475142,0,2234475221,2234475736,3339414551,17859281,0.0985,1637.0,0.14201508633815774,-0.039654328202125555,0.0985,26.62,79.9,,,,,,
2026-07-30T19:53:18.045790+00:00,S030,mounted,true,healthy,none,2100,healthy_horizontal_no_load_2100rpm,2234574,2125,301,991,1345,4,0,1943450,9,333,77,0,3,1649,1494,1227,61,121,1600,16383,1654,1642,1634009,800,1997,2073,523254,11955,8,382492,1496,65192,909,2234476141,2234575216,0,2234575290,2234575805,3337548393,17865257,0.0985,1637.0,0.06476925043914683,-0.061878141279799515,0.0985,26.53,79.7,,,,,,
2026-07-30T19:53:18.138903+00:00,S030,mounted,true,healthy,none,2100,healthy_horizontal_no_load_2100rpm,2234674,2130,300,990,1342,2,0,1943536,9,333,76,0,3,1649,1495,1224,62,118,1597,16383,1656,1644,1634492,800,1929,2073,523257,11956,8,382498,1496,65193,909,2234576210,2234675270,0,2234675348,2234675863,3339531194,17868244,0.0985,1637.0,0.06448031816661048,-0.17546309033121466,0.0985,26.62,79.9,,,,,,
2026-07-30T19:53:18.279015+00:00,S030,mounted,true,healthy,none,2100,healthy_horizontal_no_load_2100rpm,2234774,2134,299,988,1339,3,0,1943621,9,333,77,0,3,1649,1494,1226,62,118,1597,16383,1653,1643,1634292,800,1841,2123,523248,11953,8,382498,1496,65194,909,2234676272,2234775320,0,2234775394,2234775913,3338749202,17859277,0.0985,1637.0,0.14868185384422317,-0.32132525533338896,0.0985,26.62,79.9,,,,,,
2026-07-30T19:53:18.370673+00:00,S030,mounted,true,healthy,none,2100,healthy_horizontal_no_load_2100rpm,2234874,2134,299,988,1339,1,0,1943706,9,333,77,0,3,1649,1494,1215,65,128,1599,16383,1653,1644,1634143,800,2003,2077,523186,11955,8,382501,1496,65195,909,2234776318,2234875370,0,2234875444,2234875959,3338094513,17865255,0.0985,1637.0,0.07143490263488061,-0.051879662986198394,0.0985,26.56,79.8,,,,,,
2026-07-30T19:53:18.466734+00:00,S030,mounted,true,healthy,none,2100,healthy_horizontal_no_load_2100rpm,2234975,2132,297,990,1339,4,0,1943792,9,333,76,0,3,1649,1494,1197,64,124,1595,16383,1652,1644,1650511,808,1931,2070,523179,11955,8,382504,1496,65196,909,2234876364,2234976195,0,2234976205,2234976720,3371590545,17865257,0.0985,1637.0,0.05977001129234605,-0.17186140250941095,0.0985,26.68,80.0,,,,,,
2026-07-30T19:53:18.559382+00:00,S030,mounted,true,healthy,none,2100,healthy_horizontal_no_load_2100rpm,2235075,2131,299,989,1340,2,0,1943878,9,333,77,0,3,1649,1494,1218,64,124,1599,16383,1654,1644,1634576,800,1847,2141,523227,11951,8,382500,1496,65197,909,2234977125,2235076254,0,2235076268,2235076783,3339906124,17853303,0.0985,1637.0,0.1792794772822357,-0.31080993716007077,0.0985,26.56,79.8,,,,,,
2026-07-30T19:53:18.652832+00:00,S030,mounted,true,healthy,none,2100,healthy_horizontal_no_load_2100rpm,2235175,2135,300,987,1338,3,0,1943963,9,333,76,0,2,1649,1494,1213,62,117,1597,16383,1652,1642,1633931,800,2015,2083,523186,11954,8,382501,1496,65198,909,2235077192,2235176286,0,2235176295,2235176810,3337226265,17862266,0.0985,1637.0,0.0817237555629915,-0.03160181110925242,0.0985,26.62,79.9,,,,,,
2026-07-30T19:53:18.748844+00:00,S030,mounted,true,healthy,none,2100,healthy_horizontal_no_load_2100rpm,2235275,2131,298,989,1339,5,0,1944049,9,333,76,0,3,1649,1495,1209,62,117,1594,16383,1652,1643,1634233,800,2009,2070,523181,11956,8,382506,1496,65199,909,2235177215,2235276349,0,2235276367,2235276882,3338450253,17868246,0.0985,1637.0,0.05948149715623918,-0.0421611967213118,0.0985,26.71,80.1,,,,,,
2026-07-30T19:53:18.843555+00:00,S030,mounted,true,healthy,none,2100,healthy_horizontal_no_load_2100rpm,2235375,2132,297,989,1338,4,0,1944134,9,333,76,0,2,1649,1494,1201,61,131,1604,16383,1654,1643,1634040,800,2007,2077,523130,11954,8,382507,1496,65200,909,2235277287,2235376387,0,2235376401,2235376916,3337671466,17862268,0.0985,1637.0,0.07172444085661667,-0.0449342307177516,0.0985,26.4,79.5,,,,,,
2026-07-30T19:53:18.938628+00:00,S030,mounted,true,healthy,none,2100,healthy_horizontal_no_load_2100rpm,2235475,2132,300,989,1341,6,0,1944219,9,333,76,0,3,1649,1494,1193,62,126,1602,16383,1652,1644,1634506,800,2001,2069,523157,11953,8,382507,1496,65201,909,2235377325,2235476436,0,2235476445,2235476960,3339568670,17859279,0.0985,1637.0,0.058680492512339644,-0.05465455509077222,0.0985,26.46,79.6,,,,,,
2026-07-30T19:53:19.078918+00:00,S030,mounted,true,healthy,none,2100,healthy_horizontal_no_load_2100rpm,2235576,2132,301,987,1340,3,0,1944305,9,333,77,0,3,1649,1495,1211,62,126,1601,16383,1654,1644,1650607,808,1995,2077,523168,11956,8,382512,1496,65202,909,2235477365,2235577082,0,2235577156,2235577671,3371973009,17868244,0.0985,1637.0,0.07114541284710585,-0.06548902810304513,0.0985,26.5,79.7,,,,,,
2026-07-30T19:53:19.171774+00:00,S030,mounted,true,healthy,none,2100,healthy_horizontal_no_load_2100rpm,2235676,2133,299,989,1340,5,0,1944391,9,333,76,0,3,1649,1495,1221,64,128,1599,16383,1654,1645,1634514,800,1993,2123,523234,11957,8,382519,1496,65203,909,2235578076,2235677308,0,2235677387,2235677902,3339610742,17871233,0.0985,1637.0,0.14749814995400135,-0.06909931094756239,0.0985,26.56,79.8,,,,,,
2026-07-30T19:53:19.264595+00:00,S030,mounted,true,healthy,none,2100,healthy_horizontal_no_load_2100rpm,2235777,2117,298,996,1348,4,0,1944476,9,333,77,0,3,1649,1495,1195,65,133,1601,16383,1653,1641,1633996,800,1911,2091,523218,11957,8,382525,1496,65204,909,2235678307,2235777539,0,2235777617,2235778132,3337509598,17871233,0.0985,1637.0,0.09418185188592432,-0.20572232474701035,0.0985,26.5,79.7,,,,,,
2026-07-30T19:53:19.355770+00:00,S030,mounted,true,healthy,none,2100,healthy_horizontal_no_load_2100rpm,2235877,2108,300,999,1355,6,0,1944561,9,333,76,0,3,1649,1495,1203,65,133,1603,16383,1652,1643,1650031,808,2007,2070,523125,11956,8,382529,1496,65205,909,2235778537,2235878104,0,2235878118,2235878633,3369617943,17868244,0.0985,1637.0,0.05948149715623918,-0.04549374406155948,0.0985,26.43,79.6,,,,,,
2026-07-30T19:53:19.449939+00:00,S030,mounted,true,healthy,none,2100,healthy_horizontal_no_load_2100rpm,2235977,2104,298,1002,1357,6,0,1944645,9,333,76,0,3,1648,1494,1208,64,145,1600,16383,1652,1642,1634213,800,2011,2193,523044,11950,8,382521,1496,65206,909,2235879038,2235978132,0,2235978146,2235978661,3338417175,17850316,0.0947,1637.0,0.26626787230125526,-0.03714620100418431,0.0947,26.53,79.7,,,,,,
2026-07-30T19:53:19.544155+00:00,S030,mounted,true,healthy,none,2100,healthy_horizontal_no_load_2100rpm,2236077,2101,296,1006,1359,6,0,1944729,9,333,76,0,2,1648,1495,1196,64,145,1601,16383,1652,1642,1634051,800,2007,2075,523010,11958,8,382529,1496,65207,909,2235979071,2236078183,0,2236078197,2236078712,3337711625,17874224,0.0947,1637.0,0.06723458855995945,-0.046053070245860805,0.0947,26.5,79.7,,,,,,
2026-07-30T19:53:19.684450+00:00,S030,mounted,true,healthy,none,2100,healthy_horizontal_no_load_2100rpm,2236177,2098,299,1004,1361,6,0,1944813,9,333,76,0,3,1648,1495,1200,67,143,1609,16383,1652,1644,1634206,800,2015,2073,523022,11956,8,382532,1496,65208,909,2236079122,2236178215,0,2236178229,2236178744,3338341850,17868244,0.0947,1637.0,0.06448031816661048,-0.0321635547005692,0.0947,26.25,79.2,,,,,,
2026-07-30T19:53:19.778516+00:00,S030,mounted,true,healthy,none,2100,healthy_horizontal_no_load_2100rpm,2236277,2106,298,1001,1355,6,0,1944897,9,333,77,0,3,1648,1494,1208,64,137,1601,16383,1652,1643,1634459,800,2014,2133,523065,11954,8,382532,1496,65209,909,2236179154,2236278247,0,2236278257,2236278771,3339382063,17862270,0.0947,1637.0,0.16505137811611137,-0.03326836356031526,0.0947,26.5,79.7,,,,,,
2026-07-30T19:53:19.870650+00:00,S030,mounted,true,healthy,none,2100,healthy_horizontal_no_load_2100rpm,2236377,2125,300,992,1345,2,0,1944982,9,333,77,0,3,1648,1494,1208,64,137,1593,16383,1651,1643,1633846,800,2003,2087,523043,11951,8,382526,1496,65210,909,2236279177,2236378301,0,2236378310,2236378825,3336876934,17853305,0.0947,1637.0,0.08926305422140413,-0.0507624927621122,0.0947,26.74,80.1,,,,,,
2026-07-30T19:53:19.966725+00:00,S030,mounted,true,healthy,none,2100,healthy_horizontal_no_load_2100rpm,2236477,2130,298,991,1341,3,0,1945067,9,333,76,0,2,1649,1494,1226,64,132,1598,16383,1654,1643,1634809,800,1933,2253,523093,11954,8,382526,1496,65211,909,2236379230,2236478326,0,2236478336,2236478850,3340867437,17862266,0.0985,1637.0,0.36503767224359995,-0.1682591120963699,0.0985,26.59,79.9,,,,,,
2026-07-30T19:53:20.060631+00:00,S030,mounted,true,healthy,none,2100,healthy_horizontal_no_load_2100rpm,2236577,2130,299,987,1338,1,0,1945152,9,333,76,1,3,1649,1494,1232,66,137,1598,16383,1653,1643,1634562,800,2015,2093,523163,11951,8,382521,1496,65212,909,2236479255,2236578383,0,2236578396,2236578911,3339801136,17853309,0.0985,1637.0,0.09926487900594072,-0.030758843193038565,0.0985,26.59,79.9,,,,,,
2026-07-30T19:53:20.152170+00:00,S030,mounted,true,healthy,none,2100,healthy_horizontal_no_load_2100rpm,2236677,2132,300,989,1341,4,0,1945238,9,333,76,0,3,1649,1494,1213,66,137,1598,16383,1652,1639,1633609,800,1954,2068,523077,11949,8,382512,1496,65213,909,2236579319,2236678439,0,2236678453,2236678968,3335920099,17847329,0.0985,1637.0,0.05816761059502884,-0.13189886793874006,0.0985,26.59,79.9,,,,,,
2026-07-30T19:53:20.292858+00:00,S030,mounted,true,healthy,none,2100,healthy_horizontal_no_load_2100rpm,2236778,2133,301,987,1340,2,0,1945324,9,333,76,0,3,1649,1494,1243,66,144,1599,16383,1653,1641,1650813,808,1982,2085,523141,11953,8,382511,1496,65214,909,2236679377,2236779077,0,2236779156,2236779671,3372813743,17859281,0.0985,1637.0,0.08534756253660136,-0.08632170074458312,0.0985,26.56,79.8,,,,,,
2026-07-30T19:53:20.388658+00:00,S030,mounted,true,healthy,none,2100,healthy_horizontal_no_load_2100rpm,2236878,2133,300,988,1340,3,0,1945409,9,333,76,0,3,1649,1494,1247,66,144,1600,16383,1654,1641,1634131,800,1999,2157,523110,11951,8,382507,1496,65215,909,2236780080,2236879149,0,2236879223,2236879738,3338058935,17853305,0.0985,1637.0,0.2059510100410007,-0.05743037595180356,0.0985,26.53,79.7,,,,,,
2026-07-30T19:53:20.495011+00:00,S030,mounted,true,healthy,none,2100,healthy_horizontal_no_load_2100rpm,2236978,2136,300,986,1337,5,0,1945495,9,333,77,0,3,1649,1494,1218,62,130,1596,16383,1653,1643,1634455,800,1963,2080,523158,11955,8,382510,1496,65216,909,2236880142,2236979367,0,2236979446,2236979961,3339371701,17865257,0.0985,1637.0,0.07643414178168095,-0.11853618494353846,0.0985,26.65,80.0,,,,,,
2026-07-30T19:53:20.589457+00:00,S030,mounted,true,healthy,none,2100,healthy_horizontal_no_load_2100rpm,2237079,2130,299,990,1341,4,0,1945580,9,333,76,0,3,1649,1494,1226,62,129,1594,16383,1654,1645,1634319,800,2008,2067,523161,11953,8,382510,1496,65217,909,2236980366,2237079599,0,2237079673,2237080188,3338808093,17859277,0.0985,1637.0,0.05534710875930715,-0.042987711955157604,0.0985,26.71,80.1,,,,,,
2026-07-30T19:53:20.682765+00:00,S030,mounted,true,healthy,none,2100,healthy_horizontal_no_load_2100rpm,2237179,2131,297,992,1341,2,0,1945666,9,333,76,0,2,1649,1495,1223,62,129,1595,16383,1654,1644,1650163,808,1887,2161,523112,11957,8,382517,1496,65218,909,2237080593,2237180082,0,2237180096,2237180612,3370195407,17871233,0.0985,1637.0,0.21081125390984345,-0.24570954829806846,0.0985,26.68,80.0,,,,,,
2026-07-30T19:53:20.777636+00:00,S030,mounted,true,healthy,none,2100,healthy_horizontal_no_load_2100rpm,2237279,2132,301,986,1339,3,0,1945751,9,333,77,0,3,1649,1494,1215,63,126,1595,16383,1653,1641,1634158,800,1967,2102,523086,11949,8,382508,1496,65219,909,2237181020,2237280129,0,2237280138,2237280654,3338164556,17847331,0.0985,1637.0,0.11485410419281905,-0.11022462038664349,0.0985,26.68,80.0,,,,,,
2026-07-30T19:53:20.871282+00:00,S030,mounted,true,healthy,none,2100,healthy_horizontal_no_load_2100rpm,2237379,2132,298,989,1339,1,0,1945836,9,333,76,0,3,1649,1494,1234,63,130,1599,16383,1653,1644,1634666,800,2009,2073,523117,11954,8,382509,1496,65220,909,2237281059,2237380163,0,2237380173,2237380688,3340220248,17862268,0.0985,1637.0,0.06505823105236708,-0.041601125815626805,0.0985,26.56,79.8,,,,,,
2026-07-30T19:53:20.965134+00:00,S030,mounted,true,healthy,none,2100,healthy_horizontal_no_load_2100rpm,2237479,2132,301,988,1341,4,0,1945922,9,333,76,1,3,1649,1495,1230,63,130,1598,16383,1652,1645,1634375,800,2013,2175,523128,11956,8,382514,1496,65221,909,2237381093,2237480212,0,2237480226,2237480741,3339053571,17868244,0.0985,1637.0,0.23444023251923696,-0.03549610204081688,0.0985,26.59,79.9,,,,,,
2026-07-30T19:53:21.060763+00:00,S030,mounted,true,healthy,none,2100,healthy_horizontal_no_load_2100rpm,2237579,2132,296,987,1334,6,0,1946007,9,333,76,0,3,1649,1494,1243,61,121,1598,16383,1652,1643,1633783,800,2014,2081,523077,11954,8,382514,1496,65222,909,2237481152,2237580254,0,2237580264,2237580778,3336618483,17862268,0.0985,1637.0,0.07839065066086626,-0.03326836356031526,0.0985,26.59,79.9,,,,,,
2026-07-30T19:53:21.198555+00:00,S030,mounted,true,healthy,none,2100,healthy_horizontal_no_load_2100rpm,2237679,2135,300,986,1338,3,0,1946093,9,333,76,0,3,1648,1494,1213,61,121,1602,16383,1652,1645,1634056,800,2013,2078,523045,11952,8,382511,1496,65223,909,2237581183,2237680359,0,2237680373,2237680888,3337732052,17856294,0.0947,1637.0,0.07397049397590338,-0.03437354216867483,0.0947,26.46,79.6,,,,,,
2026-07-30T19:53:21.292939+00:00,S030,mounted,true,healthy,none,2100,healthy_horizontal_no_load_2100rpm,2237779,2133,301,987,1340,1,0,1946178,9,333,76,0,3,1649,1494,1259,61,116,1607,16383,1654,1644,1634270,800,2011,2071,523049,11952,8,382509,1496,65224,909,2237681297,2237780413,0,2237780422,2237780937,3338607256,17856290,0.0985,1637.0,0.06230267469879491,-0.03770720481927725,0.0985,26.31,79.4,,,,,,
2026-07-30T19:53:21.385696+00:00,S030,mounted,true,healthy,none,2100,healthy_horizontal_no_load_2100rpm,2237880,2116,299,996,1350,4,0,1946264,9,333,76,0,3,1649,1494,1197,62,116,1601,16383,1652,1642,1650896,808,1963,2121,523093,11954,8,382510,1496,65225,909,2237781342,2237881164,0,2237881243,2237881758,3373164986,17862268,0.0985,1637.0,0.1450527487033626,-0.11826253856449753,0.0985,26.5,79.7,,,,,,
2026-07-30T19:53:21.496164+00:00,S030,mounted,true,healthy,none,2100,healthy_horizontal_no_load_2100rpm,2237980,2105,299,1001,1356,4,0,1946348,9,333,76,0,3,1648,1494,1206,62,116,1602,16383,1652,1642,1633734,800,1973,2073,523033,11952,8,382508,1496,65226,909,2237882163,2237981403,0,2237981477,2237981992,3336426684,17856290,0.0947,1637.0,0.06563633734939733,-0.10104679518072324,0.0947,26.46,79.6,,,,,,
2026-07-30T19:53:21.573878+00:00,S030,mounted,true,healthy,none,2100,healthy_horizontal_no_load_2100rpm,2238081,2108,300,999,1355,6,0,1946433,9,333,77,0,3,1649,1494,1230,63,113,1596,16383,1653,1644,1650711,808,2015,2077,523053,11953,8,382508,1496,65227,909,2237982402,2238082155,0,2238082169,2238082684,3372389265,17859279,0.0985,1637.0,0.07201402752447095,-0.031320868819543435,0.0985,26.65,80.0,,,,,,
2026-07-30T19:53:21.668844+00:00,S030,mounted,true,healthy,none,2100,healthy_horizontal_no_load_2100rpm,2238181,2120,298,995,1347,2,0,1946518,9,333,77,0,3,1649,1494,1232,61,116,1593,16383,1652,1644,1634483,800,1971,2163,523061,11954,8,382509,1496,65228,909,2238083092,2238182218,0,2238182232,2238182747,3339494735,17862270,0.0985,1637.0,0.21504795164798374,-0.10493011895599791,0.0985,26.74,80.1,,,,,,
2026-07-30T19:53:21.760819+00:00,S030,mounted,true,healthy,none,2100,healthy_horizontal_no_load_2100rpm,2238281,2126,295,992,1339,3,0,1946603,9,333,77,0,3,1649,1494,1203,61,116,1598,16383,1653,1641,1634244,800,2003,2187,523036,11949,8,382501,1496,65229,909,2238183152,2238282246,0,2238282260,2238282775,3338530004,17847329,0.0985,1637.0,0.25657033818729547,-0.05020362716545357,0.0985,26.59,79.9,,,,,,
2026-07-30T19:53:21.903888+00:00,S030,mounted,true,healthy,none,2100,healthy_horizontal_no_load_2100rpm,2238381,2130,296,993,1341,1,0,1946688,9,333,76,0,3,1649,1494,1195,61,117,1601,16383,1654,1644,1634623,800,1994,2101,523065,11954,8,382502,1496,65230,909,2238283183,2238382313,0,2238382328,2238382843,3340052887,17862268,0.0985,1637.0,0.11172169968211465,-0.06659941258156277,0.0985,26.5,79.7,,,,,,
2026-07-30T19:53:21.997769+00:00,S030,mounted,true,healthy,none,2100,healthy_horizontal_no_load_2100rpm,2238481,2132,298,989,1339,5,0,1946773,9,333,76,0,3,1649,1494,1203,61,117,1600,16383,1653,1644,1634374,800,1895,2251,523066,11955,8,382505,1496,65231,909,2238383252,2238482354,0,2238482363,2238482878,3339094072,17865257,0.0985,1637.0,0.36139077314930956,-0.23185227227101635,0.0985,26.53,79.7,,,,,,
2026-07-30T19:53:22.091307+00:00,S030,mounted,true,healthy,none,2100,healthy_horizontal_no_load_2100rpm,2238581,2131,300,989,1341,6,0,1946859,9,333,76,0,3,1649,1494,1221,62,127,1597,16383,1654,1644,1633791,800,1925,2127,523034,11951,8,382501,1496,65232,909,2238483283,2238582395,0,2238582409,2238582924,3336671443,17853303,0.0985,1637.0,0.15594188611831594,-0.18078621496109148,0.0985,26.62,79.9,,,,,,
2026-07-30T19:53:22.183917+00:00,S030,mounted,true,healthy,none,2100,healthy_horizontal_no_load_2100rpm,2238681,2131,300,988,1340,2,0,1946944,9,333,77,0,3,1649,1494,1203,60,120,1599,16383,1654,1642,1634584,800,2014,2077,523107,11953,8,382501,1496,65233,909,2238583329,2238682426,0,2238682440,2238682955,3339893052,17859279,0.0985,1637.0,0.07201402752447095,-0.03298756069605968,0.0985,26.56,79.8,,,,,,
2026-07-30T19:53:22.293844+00:00,S030,mounted,true,healthy,none,2100,healthy_horizontal_no_load_2100rpm,2238782,2132,301,988,1341,1,0,1947030,9,333,77,0,3,1649,1494,1174,60,120,1595,16383,1652,1642,1650327,808,1867,2077,523084,11952,8,382499,1496,65234,909,2238683364,2238783081,0,2238783159,2238783674,3370854083,17856294,0.0985,1637.0,0.07230366265060217,-0.27773091566265107,0.0985,26.68,80.0,,,,,,
2026-07-30T19:53:22.371465+00:00,S030,mounted,true,healthy,none,2100,healthy_horizontal_no_load_2100rpm,2238882,2132,301,988,1341,4,0,1947116,9,333,77,0,3,1649,1494,1195,57,111,1595,16383,1653,1642,1634451,800,1975,2109,523102,11951,8,382495,1496,65235,909,2238784083,2238883378,0,2238883457,2238883972,3339356921,17853305,0.0985,1637.0,0.1259364117647057,-0.09743767508995127,0.0985,26.68,80.0,,,,,,
2026-07-30T19:53:22.478583+00:00,S030,mounted,true,healthy,none,2100,healthy_horizontal_no_load_2100rpm,2238983,2134,298,987,1337,6,0,1947201,9,333,77,0,3,1649,1494,1217,55,110,1596,16383,1652,1644,1651346,808,2015,2067,523178,11953,8,382495,1496,65236,909,2238884377,2238984044,0,2238984053,2238984568,3374983976,17859277,0.0985,1637.0,0.05534710875930715,-0.031320868819543435,0.0985,26.65,80.0,,,,,,
2026-07-30T19:53:22.572519+00:00,S030,mounted,true,healthy,none,2100,healthy_horizontal_no_load_2100rpm,2239083,2130,300,990,1342,3,0,1947287,9,333,76,0,2,1649,1495,1206,55,110,1598,16383,1654,1642,1633847,800,1894,2075,523161,11956,8,382501,1496,65237,909,2238984973,2239084079,0,2239084093,2239084608,3336895013,17868244,0.0985,1637.0,0.06781286550685817,-0.2337826687855471,0.0985,26.59,79.9,,,,,,
2026-07-30T19:53:22.665237+00:00,S030,mounted,true,healthy,none,2100,healthy_horizontal_no_load_2100rpm,2239183,2130,297,990,1339,1,0,1947372,9,333,77,0,3,1649,1494,1211,58,108,1595,16383,1653,1643,1634709,800,1975,2211,523213,11950,8,382495,1496,65238,909,2239085013,2239184162,0,2239184176,2239184691,3340431421,17850316,0.0985,1637.0,0.2962758575732214,-0.09716217154811746,0.0985,26.68,80.0,,,,,,
2026-07-30T19:53:22.807164+00:00,S030,mounted,true,healthy,none,2100,healthy_horizontal_no_load_2100rpm,2239283,2132,296,992,1340,5,0,1947457,9,333,76,0,2,1649,1494,1193,58,108,1592,16383,1652,1644,1634061,800,2015,2161,523170,11954,8,382497,1496,65239,909,2239185100,2239284234,0,2239284244,2239284759,3337766673,17862272,0.0985,1637.0,0.21171484674585894,-0.03160181110925242,0.0985,26.77,80.2,,,,,,
2026-07-30T19:53:22.902270+00:00,S030,mounted,true,healthy,none,2100,healthy_horizontal_no_load_2100rpm,2239383,2132,302,986,1340,6,0,1947543,9,333,77,0,3,1649,1494,1232,59,120,1602,16383,1656,1644,1634472,800,2009,2073,523177,11953,8,382497,1496,65240,909,2239285164,2239384283,0,2239384297,2239384813,3339433084,17859281,0.0985,1637.0,0.06534726001840552,-0.04132102007864136,0.0985,26.46,79.6,,,,,,
2026-07-30T19:53:22.993926+00:00,S030,mounted,true,healthy,none,2100,healthy_horizontal_no_load_2100rpm,2239483,2132,299,990,1341,2,0,1947628,9,333,77,1,3,1649,1494,1242,56,116,1601,16383,1654,1641,1634517,800,2013,2187,523167,11949,8,382489,1496,65241,909,2239385218,2239484341,0,2239484350,2239484865,3339644121,17847329,0.0985,1637.0,0.25657033818729547,-0.03353112904845634,0.0985,26.5,79.7,,,,,,
2026-07-30T19:53:23.087775+00:00,S030,mounted,true,healthy,none,2100,healthy_horizontal_no_load_2100rpm,2239583,2132,298,986,1336,3,0,1947713,9,333,77,0,3,1649,1494,1182,56,116,1600,16383,1654,1644,1634833,800,2001,2183,523212,11954,8,382491,1496,65242,909,2239485273,2239584372,0,2239584381,2239584896,3340945791,17862268,0.0985,1637.0,0.2483790006692317,-0.054933545424125985,0.0985,26.53,79.7,,,,,,
2026-07-30T19:53:23.181857+00:00,S030,mounted,true,healthy,none,2100,healthy_horizontal_no_load_2100rpm,2239684,2131,300,989,1341,5,0,1947799,9,333,77,0,3,1649,1494,1214,59,119,1599,16383,1654,1644,1650731,808,2005,2087,523204,11949,8,382484,1496,65243,909,2239585301,2239685103,0,2239685177,2239685692,3372476647,17847329,0.0985,1637.0,0.08984535701732321,-0.0468691275420543,0.0985,26.56,79.8,,,,,,
2026-07-30T19:53:23.275553+00:00,S030,mounted,true,healthy,none,2100,healthy_horizontal_no_load_2100rpm,2239784,2131,301,986,1339,6,0,1947885,9,333,76,0,3,1649,1495,1247,59,126,1604,16383,1653,1640,1634489,800,1915,2111,523239,11956,8,382490,1496,65244,909,2239686097,2239785324,0,2239785403,2239785918,3339531179,17868244,0.0985,1637.0,0.12779871763131467,-0.19879092171294754,0.0985,26.4,79.5,,,,,,
2026-07-30T19:53:23.368362+00:00,S030,mounted,true,healthy,none,2100,healthy_horizontal_no_load_2100rpm,2239884,2132,299,988,1339,2,0,1947970,9,333,76,0,2,1649,1494,1215,59,126,1595,16383,1656,1640,1634558,800,2005,2078,523260,11953,8,382490,1496,65245,909,2239786327,2239885375,0,2239885454,2239885969,3339788916,17859279,0.0985,1637.0,0.07368071940098675,-0.04798778758470679,0.0985,26.68,80.0,,,,,,
2026-07-30T19:53:23.509625+00:00,S030,mounted,true,healthy,none,2100,healthy_horizontal_no_load_2100rpm,2239985,2132,300,989,1341,1,0,1948056,9,333,77,0,3,1649,1494,1226,60,123,1596,16383,1653,1642,1650801,808,2003,2121,523256,11953,8,382490,1496,65246,909,2239886374,2239986038,0,2239986052,2239986567,3372769925,17859279,0.0985,1637.0,0.14534847009119023,-0.051321171337739724,0.0985,26.65,80.0,,,,,,
2026-07-30T19:53:23.601672+00:00,S030,mounted,true,healthy,none,2100,healthy_horizontal_no_load_2100rpm,2240085,2133,301,987,1340,5,0,1948141,9,333,76,0,3,1649,1494,1239,60,123,1595,16383,1655,1642,1634624,800,2003,2231,523265,11951,8,382487,1496,65247,909,2239986976,2240086217,0,2240086227,2240086741,3340091386,17853307,0.0985,1637.0,0.3293068490502882,-0.0507624927621122,0.0985,26.68,80.0,,,,,,
2026-07-30T19:53:23.697289+00:00,S030,mounted,true,healthy,none,2100,healthy_horizontal_no_load_2100rpm,2240185,2128,300,988,1341,6,0,1948227,9,333,76,0,3,1649,1494,1251,61,128,1593,16383,1653,1642,1635101,800,2013,2183,523258,11952,8,382486,1496,65248,909,2240087146,2240186245,0,2240186259,2240186775,3342030269,17856292,0.0985,1637.0,0.24898778313252956,-0.03437354216867483,0.0985,26.74,80.1,,,,,,
2026-07-30T19:53:23.790915+00:00,S030,mounted,true,healthy,none,2100,healthy_horizontal_no_load_2100rpm,2240285,2131,300,989,1341,2,0,1948312,9,333,76,0,2,1649,1495,1239,64,131,1606,16383,1653,1645,1634536,800,2010,2095,523246,11956,8,382492,1496,65249,909,2240187180,2240286290,0,2240286304,2240286819,3339695432,17868244,0.0985,1637.0,0.1011383389093341,-0.04049492305118818,0.0985,26.34,79.4,,,,,,
2026-07-30T19:53:23.884756+00:00,S030,mounted,true,healthy,none,2100,healthy_horizontal_no_load_2100rpm,2240386,2132,299,988,1339,1,0,1948398,9,333,77,0,2,1649,1494,1230,64,131,1598,16383,1656,1643,1650140,808,1883,2135,523223,11949,8,382485,1496,65250,909,2240287228,2240386994,0,2240387073,2240387588,3370113024,17847329,0.0985,1637.0,0.16987334797891007,-0.25027360456942027,0.0985,26.59,79.9,,,,,,
2026-07-30T19:53:23.978333+00:00,S030,mounted,true,healthy,none,2100,healthy_horizontal_no_load_2100rpm,2240486,2130,299,990,1341,5,0,1948483,9,333,76,0,3,1649,1494,1226,63,126,1601,16383,1655,1643,1634704,800,2007,2071,523248,11954,8,382487,1496,65251,909,2240387997,2240487363,0,2240487437,2240487952,3340380944,17862268,0.0985,1637.0,0.06172512615024228,-0.0449342307177516,0.0985,26.5,79.7,,,,,,
2026-07-30T19:53:24.070501+00:00,S030,mounted,true,healthy,none,2100,healthy_horizontal_no_load_2100rpm,2240586,2131,298,988,1338,6,0,1948569,9,333,76,0,3,1649,1494,1255,68,131,1601,16383,1653,1640,1635153,800,1962,2169,523282,11953,8,382487,1496,65252,909,2240488357,2240587425,0,2240587504,2240588019,3342244391,17859279,0.0985,1637.0,0.22534968016397539,-0.11965553827491027,0.0985,26.5,79.7,,,,,,
2026-07-30T19:53:24.212960+00:00,S030,mounted,true,healthy,none,2100,healthy_horizontal_no_load_2100rpm,2240687,2131,300,988,1341,2,0,1948654,9,333,77,0,3,1649,1494,1208,68,131,1593,16383,1655,1643,1650872,808,2007,2069,523254,11952,8,382486,1496,65253,909,2240588424,2240688091,0,2240688101,2240688615,3373048440,17856302,0.0985,1637.0,0.05896901204819249,-0.04437453012048209,0.0985,26.74,80.1,,,,,,
2026-07-30T19:53:24.307834+00:00,S030,mounted,true,healthy,none,2100,healthy_horizontal_no_load_2100rpm,2240787,2133,300,988,1340,1,0,1948740,9,333,76,0,2,1649,1495,1209,67,125,1593,16383,1652,1643,1634517,800,1943,2151,523272,11956,8,382492,1496,65254,909,2240689020,2240788135,0,2240788149,2240788664,3339636071,17868246,0.0985,1637.0,0.1944496644362661,-0.15213525894948177,0.0985,26.74,80.1,,,,,,
2026-07-30T19:53:24.401550+00:00,S030,mounted,true,healthy,none,2100,healthy_horizontal_no_load_2100rpm,2240887,2130,300,988,1340,5,0,1948825,9,333,77,0,3,1649,1494,1243,67,125,1598,16383,1652,1643,1634182,800,2003,2215,523243,11955,8,382496,1496,65255,909,2240789070,2240888244,0,2240888254,2240888769,3338277522,17865255,0.0985,1637.0,0.3013999033877037,-0.051879662986198394,0.0985,26.59,79.9,,,,,,
2026-07-30T19:53:24.480641+00:00,S030,mounted,true,healthy,none,2100,healthy_horizontal_no_load_2100rpm,2240987,2130,300,989,1341,4,0,1948910,9,333,76,0,3,1649,1494,1193,69,129,1601,16383,1654,1644,1634404,800,2007,2143,523251,11954,8,382498,1496,65256,909,2240889174,2240988275,0,2240988284,2240988799,3339175328,17862268,0.0985,1637.0,0.1817169026267358,-0.0449342307177516,0.0985,26.5,79.7,,,,,,
2026-07-30T19:53:24.588224+00:00,S030,mounted,true,healthy,none,2100,healthy_horizontal_no_load_2100rpm,2241087,2136,300,986,1338,2,0,1948996,9,333,76,0,3,1649,1495,1222,66,130,1602,16383,1652,1644,1634167,800,2009,2076,523239,11956,8,382503,1496,65257,909,2240989204,2241088328,0,2241088342,2241088857,3338181573,17868244,0.0985,1637.0,0.06947913917698179,-0.0421611967213118,0.0985,26.46,79.6,,,,,,
2026-07-30T19:53:24.681405+00:00,S030,mounted,true,healthy,none,2100,healthy_horizontal_no_load_2100rpm,2241187,2130,300,988,1341,3,0,1949081,9,333,77,0,3,1649,1495,1198,66,130,1600,16383,1653,1644,1634574,800,1997,2067,523263,11956,8,382508,1496,65258,909,2241089266,2241188394,0,2241188404,2241188919,3339852034,17868244,0.0985,1637.0,0.05448267614586788,-0.06215648076279745,0.0985,26.53,79.7,,,,,,
2026-07-30T19:53:24.820827+00:00,S030,mounted,true,healthy,none,2100,healthy_horizontal_no_load_2100rpm,2241288,2131,300,988,1340,5,0,1949167,9,333,77,0,3,1649,1495,1205,65,128,1595,16383,1652,1643,1650592,808,2005,2073,523252,11956,8,382513,1496,65259,909,2241189324,2241289074,0,2241289153,2241289668,3371907968,17868244,0.0985,1637.0,0.06448031816661048,-0.048826291401807165,0.0985,26.68,80.0,,,,,,
2026-07-30T19:53:24.914883+00:00,S030,mounted,true,healthy,none,2100,healthy_horizontal_no_load_2100rpm,2241388,2130,300,989,1342,4,0,1949252,9,333,76,0,3,1649,1494,1216,67,127,1596,16383,1652,1643,1634592,800,1991,2171,523233,11954,8,382513,1496,65260,909,2241290076,2241389162,0,2241389236,2241389751,3339938478,17862266,0.0985,1637.0,0.22838037125648247,-0.0715990699347504,0.0985,26.65,80.0,,,,,,
2026-07-30T19:53:25.008477+00:00,S030,mounted,true,healthy,none,2100,healthy_horizontal_no_load_2100rpm,2241488,2127,298,992,1343,6,0,1949337,9,333,77,0,3,1649,1494,1216,67,127,1594,16383,1654,1644,1634784,800,1942,2147,523258,11954,8,382513,1496,65261,909,2241390156,2241489223,0,2241489297,2241489811,3340729928,17862272,0.0985,1637.0,0.18838311243098538,-0.15326014003680788,0.0985,26.71,80.1,,,,,,
2026-07-30T19:53:25.102450+00:00,S030,mounted,true,healthy,none,2100,healthy_horizontal_no_load_2100rpm,2241588,2109,299,1000,1355,2,0,1949422,9,333,76,0,3,1649,1494,1200,64,122,1601,16383,1652,1642,1633955,800,2007,2177,523200,11954,8,382513,1496,65262,909,2241490217,2241589310,0,2241589384,2241589899,3337343931,17862268,0.0985,1637.0,0.2383796859628573,-0.0449342307177516,0.0985,26.5,79.7,,,,,,
2026-07-30T19:53:25.195748+00:00,S030,mounted,true,healthy,none,2100,healthy_horizontal_no_load_2100rpm,2241688,2100,298,1004,1359,2,0,1949506,9,333,77,0,3,1649,1495,1216,64,122,1608,16383,1652,1644,1633605,800,2005,2111,523117,11956,8,382517,1496,65263,909,2241590306,2241689366,0,2241689440,2241689955,3335893237,17868244,0.0985,1637.0,0.12779871763131467,-0.048826291401807165,0.0985,26.28,79.3,,,,,,
2026-07-30T19:53:25.290008+00:00,S030,mounted,true,healthy,none,2100,healthy_horizontal_no_load_2100rpm,2241788,2114,298,996,1349,3,0,1949591,9,333,76,0,3,1649,1495,1180,65,131,1606,16383,1653,1641,1634169,800,1981,2075,523140,11956,8,382521,1496,65264,909,2241690361,2241789422,0,2241789501,2241790016,3338200717,17868246,0.0985,1637.0,0.06781286550685817,-0.08881685948477802,0.0985,26.34,79.4,,,,,,
2026-07-30T19:53:25.386725+00:00,S030,mounted,true,healthy,none,2100,healthy_horizontal_no_load_2100rpm,2241889,2124,300,991,1344,1,0,1949676,9,333,77,0,3,1649,1494,1197,63,135,1602,16383,1654,1639,1650628,808,1869,2073,523173,11951,8,382516,1496,65265,909,2241790421,2241890171,0,2241890181,2241890695,3372088700,17853307,0.0985,1637.0,0.06592546305748437,-0.2741365796167692,0.0985,26.46,79.6,,,,,,
2026-07-30T19:53:25.478095+00:00,S030,mounted,true,healthy,none,2100,healthy_horizontal_no_load_2100rpm,2241989,2126,298,992,1343,5,0,1949761,9,333,77,0,3,1649,1494,1198,63,135,1605,16383,1652,1644,1634315,800,2015,2077,523186,11955,8,382518,1496,65266,909,2241891100,2241990200,0,2241990209,2241990724,3338792045,17865255,0.0985,1637.0,0.07143490263488061,-0.03188270639899615,0.0985,26.37,79.5,,,,,,
2026-07-30T19:53:25.618564+00:00,S030,mounted,true,healthy,none,2100,healthy_horizontal_no_load_2100rpm,2242089,2131,301,987,1340,6,0,1949847,9,333,77,0,3,1649,1494,1216,62,137,1597,16383,1653,1643,1634489,800,1933,2073,523211,11954,8,382518,1496,65267,909,2241991130,2242090251,0,2242090265,2242090780,3339514289,17862268,0.0985,1637.0,0.06505823105236708,-0.1682591120963699,0.0985,26.62,79.9,,,,,,
2026-07-30T19:53:25.712324+00:00,S030,mounted,true,healthy,none,2100,healthy_horizontal_no_load_2100rpm,2242189,2132,298,988,1338,2,0,1949932,9,333,77,0,3,1649,1494,1213,61,132,1598,16383,1655,1644,1634774,800,2013,2187,523258,11949,8,382509,1496,65268,909,2242091186,2242190302,0,2242190311,2242190826,3340683830,17847329,0.0985,1637.0,0.25657033818729547,-0.03353112904845634,0.0985,26.59,79.9,,,,,,
2026-07-30T19:53:25.804369+00:00,S030,mounted,true,healthy,none,2100,healthy_horizontal_no_load_2100rpm,2242289,2132,302,987,1341,3,0,1950017,9,333,77,0,3,1649,1494,1208,61,132,1598,16383,1653,1644,1634362,800,1999,2077,523240,11952,8,382507,1496,65269,909,2242191235,2242290320,0,2242290329,2242290844,3338985040,17856292,0.0985,1637.0,0.07230366265060217,-0.05770918072289177,0.0985,26.59,79.9,,,,,,
2026-07-30T19:53:25.898739+00:00,S030,mounted,true,healthy,none,2100,healthy_horizontal_no_load_2100rpm,2242390,2133,299,988,1339,5,0,1950103,9,333,76,0,3,1649,1494,1208,58,118,1605,16383,1653,1642,1650533,808,1993,2215,523216,11954,8,382508,1496,65270,909,2242291249,2242391093,0,2242391167,2242391681,3371696807,17862270,0.0985,1637.0,0.30170867910322885,-0.06826596503262561,0.0985,26.37,79.5,,,,,,
2026-07-30T19:53:25.991782+00:00,S030,mounted,true,healthy,none,2100,healthy_horizontal_no_load_2100rpm,2242490,2131,297,991,1340,6,0,1950189,9,333,76,0,2,1649,1494,1217,58,118,1614,16383,1653,1639,1633905,800,1999,2081,523223,11955,8,382511,1496,65271,909,2242392086,2242491241,0,2242491320,2242491835,3337118911,17865257,0.0985,1637.0,0.07810055483061484,-0.05854531518193262,0.0985,26.1,79.0,,,,,,
2026-07-30T19:53:26.086653+00:00,S030,mounted,true,healthy,none,2100,healthy_horizontal_no_load_2100rpm,2242590,2131,300,988,1340,2,0,1950274,9,333,77,0,3,1649,1494,1219,59,123,1606,16383,1652,1642,1634427,800,2014,2067,523257,11952,8,382509,1496,65272,909,2242492244,2242591319,0,2242591393,2242591907,3339253789,17856292,0.0985,1637.0,0.05563534939759052,-0.03270671084337362,0.0985,26.34,79.4,,,,,,
2026-07-30T19:53:26.225856+00:00,S030,mounted,true,healthy,none,2100,healthy_horizontal_no_load_2100rpm,2242690,2132,300,987,1339,3,0,1950359,9,333,77,0,3,1649,1494,1213,58,115,1606,16383,1653,1645,1634537,800,1938,2075,523255,11955,8,382512,1496,65273,909,2242592312,2242691392,0,2242691465,2242691980,3339707571,17865259,0.0985,1637.0,0.06810207653701328,-0.16019651116687594,0.0985,26.34,79.4,,,,,,
2026-07-30T19:53:26.320182+00:00,S030,mounted,true,healthy,none,2100,healthy_horizontal_no_load_2100rpm,2242791,2133,298,988,1338,5,0,1950445,9,333,76,0,3,1649,1494,1242,58,115,1596,16383,1654,1644,1650117,808,1894,2069,523190,11954,8,382513,1496,65274,909,2242692385,2242792049,0,2242792058,2242792572,3369990025,17862268,0.0985,1637.0,0.05839202124811749,-0.23325465768780385,0.0985,26.65,80.0,,,,,,
2026-07-30T19:53:26.412796+00:00,S030,mounted,true,healthy,none,2100,healthy_horizontal_no_load_2100rpm,2242891,2133,300,988,1340,6,0,1950531,9,333,76,0,3,1649,1494,1223,59,123,1599,16383,1654,1644,1634733,800,2009,2071,523238,11953,8,382512,1496,65275,909,2242792978,2242892089,0,2242892103,2242892618,3340501701,17859281,0.0985,1637.0,0.06201387626537258,-0.04132102007864136,0.0985,26.56,79.8,,,,,,
2026-07-30T19:53:26.506957+00:00,S030,mounted,true,healthy,none,2100,healthy_horizontal_no_load_2100rpm,2242991,2132,294,989,1334,2,0,1950616,9,333,76,0,3,1649,1494,1229,61,124,1597,16383,1656,1643,1634005,800,1990,2067,523225,11955,8,382515,1496,65276,909,2242893023,2242992129,0,2242992143,2242992658,3337528931,17865255,0.0985,1637.0,0.05477077214554571,-0.07354303262233408,0.0985,26.62,79.9,,,,,,
2026-07-30T19:53:26.601060+00:00,S030,mounted,true,healthy,none,2100,healthy_horizontal_no_load_2100rpm,2243091,2132,300,988,1340,3,0,1950701,9,333,76,0,3,1649,1494,1216,61,124,1596,16383,1654,1643,1633907,800,2007,2070,523197,11952,8,382512,1496,65277,909,2242993063,2243092293,0,2243092302,2243092816,3337126747,17856294,0.0985,1637.0,0.0606358433734937,-0.04437453012048209,0.0985,26.65,80.0,,,,,,
2026-07-30T19:53:26.695071+00:00,S030,mounted,true,healthy,none,2100,healthy_horizontal_no_load_2100rpm,2243191,2131,301,988,1341,5,0,1950787,9,333,76,0,3,1649,1494,1235,61,119,1602,16383,1653,1645,1634688,800,2014,2123,523255,11955,8,382515,1496,65278,909,2243093222,2243192320,0,2243192484,2243192999,3340313590,17865255,0.0985,1637.0,0.1480899028858218,-0.03354911944793004,0.0985,26.46,79.6,,,,,,
2026-07-30T19:53:26.789136+00:00,S030,mounted,true,healthy,none,2100,healthy_horizontal_no_load_2100rpm,2243292,2130,296,992,1340,6,0,1950873,9,333,76,0,2,1649,1494,1230,61,119,1601,16383,1653,1645,1651095,808,2009,2163,523261,11954,8,382515,1496,65279,909,2243193408,2243293066,0,2243293144,2243293659,3373976389,17862270,0.0985,1637.0,0.21504795164798374,-0.041601125815626805,0.0985,26.5,79.7,,,,,,
2026-07-30T19:53:26.927711+00:00,S030,mounted,true,healthy,none,2100,healthy_horizontal_no_load_2100rpm,2243392,2132,299,988,1339,2,0,1950958,9,333,76,0,3,1649,1494,1264,60,113,1609,16383,1652,1644,1634590,800,2019,2205,523251,11951,8,382510,1496,65280,909,2243294064,2243393171,0,2243393245,2243393760,3339937874,17853303,0.0985,1637.0,0.28596560831729523,-0.02409096000334765,0.0985,26.25,79.2,,,,,,
2026-07-30T19:53:27.023572+00:00,S030,mounted,true,healthy,none,2100,healthy_horizontal_no_load_2100rpm,2243492,2132,299,989,1340,3,0,1951043,9,333,76,0,3,1649,1494,1224,61,120,1599,16383,1653,1644,1634915,800,1951,2155,523273,11955,8,382513,1496,65281,909,2243394169,2243493249,0,2243493323,2243493838,3341259861,17865255,0.0985,1637.0,0.2014151204516934,-0.13853314153074026,0.0985,26.56,79.8,,,,,,
2026-07-30T19:53:27.117207+00:00,S030,mounted,true,healthy,none,2100,healthy_horizontal_no_load_2100rpm,2243592,2121,297,993,1344,1,0,1951128,9,333,77,0,3,1649,1495,1230,61,120,1593,16383,1653,1644,1634143,800,2011,2071,523236,11956,8,382517,1496,65282,909,2243494243,2243593321,0,2243593395,2243593910,3338088991,17868244,0.0985,1637.0,0.061147770826363246,-0.03882864938106412,0.0985,26.74,80.1,,,,,,
2026-07-30T19:53:27.211310+00:00,S030,mounted,true,healthy,none,2100,healthy_horizontal_no_load_2100rpm,2243693,2109,299,1000,1355,4,0,1951214,9,333,76,0,3,1649,1494,1235,60,126,1594,16383,1653,1643,1650802,808,2011,2109,523203,11953,8,382516,1496,65283,909,2243594315,2243694050,0,2243694064,2243694579,3372771368,17859279,0.0985,1637.0,0.12534816757299438,-0.037987636325608864,0.0985,26.71,80.1,,,,,,
2026-07-30T19:53:27.304027+00:00,S030,mounted,true,healthy,none,2100,healthy_horizontal_no_load_2100rpm,2243793,2104,299,1001,1356,4,0,1951298,9,333,76,0,3,1649,1494,1221,65,154,1593,16383,1654,1645,1635321,800,2021,2073,523291,11955,8,382518,1496,65284,909,2243694986,2243794166,0,2243794180,2243794695,3342902657,17865257,0.0985,1637.0,0.06476925043914683,-0.021884228105395476,0.0985,26.74,80.1,,,,,,
2026-07-30T19:53:27.396896+00:00,S030,mounted,true,healthy,none,2100,healthy_horizontal_no_load_2100rpm,2243893,2116,298,995,1347,4,0,1951382,9,333,77,0,3,1649,1494,1222,65,154,1591,16383,1653,1643,1634726,800,2007,2072,523248,11952,8,382515,1496,65285,909,2243795101,2243894204,0,2243894213,2243894728,3340473172,17856292,0.0985,1637.0,0.06396950602409612,-0.04437453012048209,0.0985,26.8,80.2,,,,,,
2026-07-30T19:53:27.489529+00:00,S030,mounted,true,healthy,none,2100,healthy_horizontal_no_load_2100rpm,2243993,2127,296,991,1339,6,0,1951467,9,333,76,0,2,1649,1494,1222,63,148,1596,16383,1653,1642,1633953,800,1967,2076,523242,11949,8,382506,1496,65286,909,2243895133,2243994364,0,2243994373,2243994888,3337320519,17847329,0.0985,1637.0,0.0715056090886268,-0.11022462038664349,0.0985,26.65,80.0,,,,,,
2026-07-30T19:53:27.620374+00:00,S030,mounted,true,healthy,none,2100,healthy_horizontal_no_load_2100rpm,2244093,2129,299,990,1341,3,0,1951553,9,333,76,0,3,1649,1495,1226,63,148,1602,16383,1652,1643,1634421,800,2007,2078,523250,11957,8,382513,1496,65287,909,2243995293,2244094416,0,2244094430,2244094946,3339228511,17871235,0.0985,1637.0,0.0725221057957679,-0.045773430542778826,0.0985,26.46,79.6,,,,,,
2026-07-30T19:53:27.725998+00:00,S030,mounted,true,healthy,none,2100,healthy_horizontal_no_load_2100rpm,2244194,2131,301,988,1341,5,0,1951639,9,333,77,0,3,1649,1495,1211,64,141,1596,16383,1654,1641,1650920,808,2015,2177,523252,11957,8,382519,1496,65288,909,2244095351,2244195149,0,2244195227,2244195742,3373265056,17871235,0.0985,1637.0,0.23746940294388175,-0.032444356025759014,0.0985,26.65,80.0,,,,,,
2026-07-30T19:53:27.819628+00:00,S030,mounted,true,healthy,none,2100,healthy_horizontal_no_load_2100rpm,2244294,2133,299,988,1339,4,0,1951724,9,333,76,0,3,1649,1494,1235,65,136,1596,16383,1652,1643,1634206,800,2009,2067,523241,11955,8,382521,1496,65289,909,2244196147,2244295379,0,2244295453,2244295971,3338343432,17865257,0.0985,1637.0,0.05477077214554571,-0.04188118469259772,0.0985,26.65,80.0,,,,,,
2026-07-30T19:53:27.911750+00:00,S030,mounted,true,healthy,none,2100,healthy_horizontal_no_load_2100rpm,2244395,2131,297,990,1339,2,0,1951810,9,333,76,0,3,1649,1494,1199,65,136,1592,16383,1652,1642,1650697,808,2010,2183,523259,11955,8,382523,1496,65290,909,2244296376,2244396032,0,2244396046,2244396561,3372351603,17865255,0.0985,1637.0,0.24807468582183168,-0.04021477164366427,0.0985,26.77,80.2,,,,,,
2026-07-30T19:53:28.005022+00:00,S030,mounted,true,healthy,none,2100,healthy_horizontal_no_load_2100rpm,2244495,2130,297,989,1338,3,0,1951895,9,333,76,0,3,1649,1494,1208,65,139,1598,16383,1654,1643,1634499,800,2007,2077,523256,11953,8,382522,1496,65291,909,2244396970,2244496239,0,2244496248,2244496762,3339541809,17859281,0.0985,1637.0,0.07201402752447095,-0.044654403831674294,0.0985,26.59,79.9,,,,,,
2026-07-30T19:53:28.097864+00:00,S030,mounted,true,healthy,none,2100,healthy_horizontal_no_load_2100rpm,2244595,2133,298,990,1340,5,0,1951981,9,333,76,0,3,1649,1494,1190,64,132,1597,16383,1652,1642,1634390,800,1985,2095,523266,11950,8,382515,1496,65292,909,2244497168,2244596287,0,2244596301,2244596816,3339097100,17850314,0.0985,1637.0,0.10289106359832623,-0.08049106861924704,0.0985,26.62,79.9,,,,,,
2026-07-30T19:53:28.191468+00:00,S030,mounted,true,healthy,none,2100,healthy_horizontal_no_load_2100rpm,2244695,2133,300,986,1338,4,0,1952066,9,333,75,0,3,1649,1494,1179,64,132,1604,16383,1654,1643,1634872,800,1999,2072,523280,11955,8,382517,1496,65293,909,2244597225,2244696341,0,2244696350,2244696865,3341068310,17865257,0.0985,1637.0,0.06310283739021338,-0.05854531518193262,0.0985,26.4,79.5,,,,,,
2026-07-30T19:53:28.324027+00:00,S030,mounted,true,healthy,none,2100,healthy_horizontal_no_load_2100rpm,2244795,2134,300,988,1340,2,0,1952152,9,333,76,0,3,1649,1494,1207,62,130,1602,16383,1653,1644,1634574,800,1943,2072,523269,11955,8,382519,1496,65294,909,2244697270,2244796372,0,2244796390,2244796905,3339859180,17865257,0.0985,1637.0,0.06310283739021338,-0.1518644459222087,0.0985,26.46,79.6,,,,,,
2026-07-30T19:53:28.427342+00:00,S030,mounted,true,healthy,none,2100,healthy_horizontal_no_load_2100rpm,2244895,2132,300,988,1340,3,0,1952237,9,333,76,0,2,1649,1494,1218,62,130,1600,16383,1652,1644,1634658,800,1917,2067,523265,11950,8,382512,1496,65295,909,2244797310,2244896407,0,2244896421,2244896936,3340206294,17850318,0.0985,1637.0,0.05621197539748923,-0.19385456853556482,0.0985,26.53,79.7,,,,,,
2026-07-30T19:53:28.520297+00:00,S030,mounted,true,healthy,none,2100,healthy_horizontal_no_load_2100rpm,2244996,2132,299,989,1340,5,0,1952323,9,333,76,0,3,1649,1494,1193,60,134,1595,16383,1652,1641,1650676,808,2007,2295,523223,11954,8,382513,1496,65296,909,2244897345,2244996989,0,2244997219,2244997734,3372318864,17862268,0.0985,1637.0,0.4350328751882211,-0.0449342307177516,0.0985,26.68,80.0,,,,,,
2026-07-30T19:53:28.615106+00:00,S030,mounted,true,healthy,none,2100,healthy_horizontal_no_load_2100rpm,2245096,2131,298,989,1339,4,0,1952408,9,333,76,0,3,1649,1494,1180,59,142,1597,16383,1652,1642,1634413,800,2011,2073,523212,11952,8,382510,1496,65297,909,2244998143,2245097169,0,2245097243,2245097758,3339192273,17856292,0.0985,1637.0,0.06563633734939733,-0.03770720481927725,0.0985,26.62,79.9,,,,,,
2026-07-30T19:53:28.709776+00:00,S030,mounted,true,healthy,none,2100,healthy_horizontal_no_load_2100rpm,2245196,2131,302,987,1341,2,0,1952494,9,333,77,0,3,1649,1494,1188,59,142,1593,16383,1654,1642,1633840,800,1934,2069,523189,11954,8,382511,1496,65298,909,2245098163,2245197257,0,2245197335,2245197850,3336871718,17862270,0.0985,1637.0,0.05839202124811749,-0.16659255964530706,0.0985,26.74,80.1,,,,,,
2026-07-30T19:53:28.804044+00:00,S030,mounted,true,healthy,none,2100,healthy_horizontal_no_load_2100rpm,2245296,2132,299,988,1339,3,0,1952579,9,333,77,0,3,1649,1494,1185,60,132,1595,16383,1652,1644,1634077,800,2007,2077,523158,11953,8,382511,1496,65299,909,2245198255,2245297330,0,2245297409,2245297924,3337811873,17859279,0.0985,1637.0,0.07201402752447095,-0.044654403831674294,0.0985,26.68,80.0,,,,,,
2026-07-30T19:53:28.897251+00:00,S030,mounted,true,healthy,none,2100,healthy_horizontal_no_load_2100rpm,2245396,2134,300,988,1340,1,0,1952664,9,333,76,0,3,1649,1495,1202,62,136,1591,16383,1652,1642,1634548,800,2005,2233,523140,11957,8,382518,1496,65300,909,2245298332,2245397402,0,2245397476,2245397991,3339781346,17871233,0.0985,1637.0,0.3307729245630173,-0.04910569917203311,0.0985,26.8,80.2,,,,,,
2026-07-30T19:53:29.037651+00:00,S030,mounted,true,healthy,none,2100,healthy_horizontal_no_load_2100rpm,2245497,2131,298,990,1340,4,0,1952750,9,333,76,0,3,1649,1494,1191,62,136,1593,16383,1653,1640,1650160,808,1885,2069,523086,11955,8,382520,1496,65301,909,2245398396,2245498081,0,2245498090,2245498605,3370162838,17865257,0.0985,1637.0,0.0581035982434126,-0.24851640276035125,0.0985,26.74,80.1,,,,,,
2026-07-30T19:53:29.136214+00:00,S030,mounted,true,healthy,none,2100,healthy_horizontal_no_load_2100rpm,2245597,2131,299,989,1340,6,0,1952835,9,333,77,0,3,1649,1494,1234,64,134,1597,16383,1655,1642,1634615,800,1997,2209,523099,11953,8,382519,1496,65302,909,2245499010,2245598108,0,2245598117,2245598632,3340047841,17859279,0.0985,1637.0,0.2920173552246297,-0.06132132259683809,0.0985,26.62,79.9,,,,,,
2026-07-30T19:53:29.214645+00:00,S030,mounted,true,healthy,none,2100,healthy_horizontal_no_load_2100rpm,2245697,2134,299,987,1338,3,0,1952921,9,333,76,0,3,1649,1494,1206,64,134,1599,16383,1652,1645,1634498,800,1983,2073,523132,11953,8,382518,1496,65303,909,2245599037,2245698240,0,2245698255,2245698770,3339541936,17859279,0.0985,1637.0,0.06534726001840552,-0.08465500886806687,0.0985,26.56,79.8,,,,,,
2026-07-30T19:53:29.318861+00:00,S030,mounted,true,healthy,none,2100,healthy_horizontal_no_load_2100rpm,2245797,2130,300,989,1341,1,0,1953006,9,333,77,0,3,1649,1494,1211,62,132,1602,16383,1654,1644,1634723,800,2010,2073,523178,11954,8,382518,1496,65304,909,2245699178,2245798394,0,2245798404,2245798919,3340460677,17862266,0.0985,1637.0,0.06505823105236708,-0.03993457336456396,0.0985,26.46,79.6,,,,,,
2026-07-30T19:53:29.412547+00:00,S030,mounted,true,healthy,none,2100,healthy_horizontal_no_load_2100rpm,2245898,2134,300,986,1338,4,0,1953092,9,333,76,0,3,1649,1494,1243,63,138,1597,16383,1654,1645,1634828,800,2010,2075,523265,11950,8,382511,1496,65305,909,2245799324,2245898584,0,2245898598,2245899113,3340881466,17850314,0.0985,1637.0,0.06954885774058583,-0.03881331129707144,0.0985,26.62,79.9,,,,,,
2026-07-30T19:53:29.507051+00:00,S030,mounted,true,healthy,none,2100,healthy_horizontal_no_load_2100rpm,2245998,2133,301,988,1341,2,0,1953178,9,333,76,0,3,1649,1494,1234,63,138,1595,16383,1653,1644,1650467,808,1951,2082,523236,11955,8,382514,1496,65306,909,2245899522,2245999090,0,2245999169,2245999684,3371406665,17865255,0.0985,1637.0,0.07976696787954829,-0.13853314153074026,0.0985,26.68,80.0,,,,,,
2026-07-30T19:53:29.600954+00:00,S030,mounted,true,healthy,none,2100,healthy_horizontal_no_load_2100rpm,2246098,2130,299,989,1340,3,0,1953263,9,333,77,0,3,1649,1494,1232,62,138,1602,16383,1653,1640,1634507,800,1981,2164,523256,11951,8,382509,1496,65307,909,2246000089,2246099151,0,2246099230,2246099745,3339592101,17853305,0.0985,1637.0,0.2176198056229599,-0.08743585030541379,0.0985,26.46,79.6,,,,,,
2026-07-30T19:53:29.740064+00:00,S030,mounted,true,healthy,none,2100,healthy_horizontal_no_load_2100rpm,2246198,2132,301,987,1340,1,0,1953348,9,333,77,0,3,1649,1494,1218,61,127,1612,16383,1652,1644,1634749,800,2015,2069,523264,11953,8,382509,1496,65308,909,2246100154,2246199214,0,2246199288,2246199803,3340557115,17859281,0.0985,1637.0,0.058680492512339644,-0.031320868819543435,0.0985,26.16,79.1,,,,,,
2026-07-30T19:53:29.831833+00:00,S030,mounted,true,healthy,none,2100,healthy_horizontal_no_load_2100rpm,2246298,2133,298,987,1337,4,0,1953434,9,333,76,0,3,1649,1494,1216,61,127,1616,16383,1653,1644,1634340,800,2007,2073,523276,11948,8,382499,1496,65309,909,2246200208,2246299290,0,2246299368,2246299883,3338897506,17844342,0.0985,1637.0,0.06679313056578451,-0.043254566789420856,0.0985,26.04,78.9,,,,,,
2026-07-30T19:53:29.925931+00:00,S030,mounted,true,healthy,none,2100,healthy_horizontal_no_load_2100rpm,2246398,2132,299,990,1341,6,0,1953519,9,333,76,1,3,1649,1494,1224,62,134,1604,16383,1655,1643,1634350,800,2003,2079,523273,11953,8,382499,1496,65310,909,2246300288,2246399351,0,2246399430,2246399945,3338939144,17859279,0.0985,1637.0,0.075347411277503,-0.051321171337739724,0.0985,26.4,79.5,,,,,,
2026-07-30T19:53:30.018844+00:00,S030,mounted,true,healthy,none,2100,healthy_horizontal_no_load_2100rpm,2246498,2115,300,997,1352,2,0,1953604,9,333,76,0,3,1649,1494,1213,62,134,1601,16383,1653,1642,1634106,800,2015,2073,523226,11955,8,382502,1496,65311,909,2246400355,2246499444,0,2246499522,2246500038,3337939702,17865255,0.0985,1637.0,0.06476925043914683,-0.03188270639899615,0.0985,26.5,79.7,,,,,,
2026-07-30T19:53:30.111194+00:00,S030,mounted,true,healthy,none,2100,healthy_horizontal_no_load_2100rpm,2246599,2103,300,1003,1360,3,0,1953689,9,333,77,1,3,1649,1494,1263,60,138,1605,16383,1655,1642,1650116,808,1915,2075,523214,11952,8,382500,1496,65312,909,2246500446,2246600092,0,2246600106,2246600621,3369986084,17856290,0.0985,1637.0,0.06896999999999975,-0.19772301204819298,0.0985,26.37,79.5,,,,,,
2026-07-30T19:53:30.205277+00:00,S030,mounted,true,healthy,none,2100,healthy_horizontal_no_load_2100rpm,2246699,2110,298,999,1352,3,0,1953773,9,333,76,0,3,1649,1494,1218,60,139,1600,16383,1653,1642,1634513,800,1853,2137,523244,11955,8,382503,1496,65313,909,2246601029,2246700248,0,2246700257,2246700772,3339652309,17865255,0.0985,1637.0,0.17141968557089093,-0.3018416203262233,0.0985,26.53,79.7,,,,,,
2026-07-30T19:53:30.338899+00:00,S030,mounted,true,healthy,none,2100,healthy_horizontal_no_load_2100rpm,2246799,2119,297,995,1346,1,0,1953858,9,333,77,0,3,1649,1495,1243,60,139,1601,16383,1653,1644,1634298,800,1989,2075,523262,11956,8,382508,1496,65314,909,2246701176,2246800277,0,2246800291,2246800806,3338728498,17868244,0.0985,1637.0,0.06781286550685817,-0.07548667012378774,0.0985,26.5,79.7,,,,,,
2026-07-30T19:53:30.439365+00:00,S030,mounted,true,healthy,none,2100,healthy_horizontal_no_load_2100rpm,2246899,2129,300,990,1342,5,0,1953943,9,333,77,0,2,1649,1494,1241,58,133,1594,16383,1653,1644,1634479,800,2015,2073,523251,11953,8,382508,1496,65315,909,2246801215,2246900425,0,2246900439,2246900954,3339459907,17859281,0.0985,1637.0,0.06534726001840552,-0.031320868819543435,0.0985,26.71,80.1,,,,,,
2026-07-30T19:53:30.532423+00:00,S030,mounted,true,healthy,none,2100,healthy_horizontal_no_load_2100rpm,2247000,2133,300,988,1340,6,0,1954029,9,333,76,0,3,1649,1494,1198,58,131,1592,16383,1653,1642,1650956,808,2007,2079,523267,11954,8,382509,1496,65316,909,2246901358,2247001082,0,2247001161,2247001676,3373396928,17862268,0.0985,1637.0,0.07505754575874146,-0.0449342307177516,0.0985,26.77,80.2,,,,,,
2026-07-30T19:53:30.626915+00:00,S030,mounted,true,healthy,none,2100,healthy_horizontal_no_load_2100rpm,2247100,2131,296,988,1335,2,0,1954114,9,333,76,0,3,1649,1494,1206,58,131,1596,16383,1652,1642,1634296,800,2007,2079,523261,11954,8,382510,1496,65317,909,2247002085,2247101137,0,2247101211,2247101725,3338716602,17862268,0.0985,1637.0,0.07505754575874146,-0.0449342307177516,0.0985,26.65,80.0,,,,,,
2026-07-30T19:53:30.719631+00:00,S030,mounted,true,healthy,none,2100,healthy_horizontal_no_load_2100rpm,2247200,2132,299,988,1339,1,0,1954200,9,333,76,0,3,1649,1494,1234,60,121,1596,16383,1654,1643,1634145,800,1979,2075,523252,11950,8,382504,1496,65318,909,2247102130,2247201196,0,2247201275,2247201790,3338105709,17850318,0.0985,1637.0,0.06954885774058583,-0.09049373037656938,0.0985,26.65,80.0,,,,,,
2026-07-30T19:53:30.814737+00:00,S030,mounted,true,healthy,none,2100,healthy_horizontal_no_load_2100rpm,2247300,2130,299,990,1341,5,0,1954285,9,333,77,0,3,1649,1494,1200,60,121,1598,16383,1654,1642,1634030,800,2003,2185,523204,11951,8,382500,1496,65319,909,2247202195,2247301275,0,2247301354,2247301869,3337658942,17853303,0.0985,1637.0,0.2526261923688393,-0.0507624927621122,0.0985,26.59,79.9,,,,,,
2026-07-30T19:53:30.908334+00:00,S030,mounted,true,healthy,none,2100,healthy_horizontal_no_load_2100rpm,2247400,2128,297,994,1343,4,0,1954370,9,333,76,0,2,1649,1494,1203,58,123,1590,16383,1652,1640,1634402,800,1927,2117,523196,11954,8,382501,1496,65320,909,2247302278,2247401356,0,2247401430,2247401949,3339174538,17862266,0.0985,1637.0,0.138386538899113,-0.17825842680274429,0.0985,26.83,80.3,,,,,,
2026-07-30T19:53:31.004277+00:00,S030,mounted,true,healthy,none,2100,healthy_horizontal_no_load_2100rpm,2247500,2126,299,991,1343,6,0,1954455,9,333,77,0,3,1649,1494,1235,62,125,1593,16383,1653,1644,1634260,800,1999,2073,523171,11954,8,382502,1496,65321,909,2247402354,2247501430,0,2247501504,2247502019,3338564708,17862272,0.0985,1637.0,0.06505823105236708,-0.05826665032625078,0.0985,26.74,80.1,,,,,,
2026-07-30T19:53:31.145102+00:00,S030,mounted,true,healthy,none,2100,healthy_horizontal_no_load_2100rpm,2247601,2126,300,991,1344,3,0,1954541,9,333,77,0,3,1649,1495,1215,62,125,1596,16383,1652,1641,1650451,808,2007,2107,523161,11956,8,382507,1496,65322,909,2247502424,2247602225,0,2247602234,2247602749,3371337663,17868244,0.0985,1637.0,0.12113362295081931,-0.04549374406155948,0.0985,26.65,80.0,,,,,,
2026-07-30T19:53:31.230887+00:00,S030,mounted,true,healthy,none,2100,healthy_horizontal_no_load_2100rpm,2247701,2134,299,987,1338,1,0,1954626,9,333,76,0,3,1649,1494,1216,61,121,1598,16383,1652,1639,1634269,800,1981,2073,523133,11953,8,382507,1496,65323,909,2247603158,2247702282,0,2247702292,2247702806,3338609673,17859281,0.0985,1637.0,0.06534726001840552,-0.08798839262109981,0.0985,26.59,79.9,,,,,,
2026-07-30T19:53:31.333054+00:00,S030,mounted,true,healthy,none,2100,healthy_horizontal_no_load_2100rpm,2247802,2130,301,987,1341,4,0,1954712,9,333,77,0,3,1649,1494,1180,61,127,1598,16383,1652,1644,1651006,808,2010,2126,523175,11954,8,382508,1496,65324,909,2247703211,2247803078,0,2247803152,2247803667,3373609516,17862266,0.0985,1637.0,0.15338551095867503,-0.03993457336456396,0.0985,26.59,79.9,,,,,,
2026-07-30T19:53:31.426734+00:00,S030,mounted,true,healthy,none,2100,healthy_horizontal_no_load_2100rpm,2247902,2130,300,988,1341,2,0,1954798,9,333,77,0,3,1649,1494,1203,61,127,1604,16383,1653,1643,1634457,800,2009,2145,523214,11954,8,382509,1496,65325,909,2247804072,2247903143,0,2247903222,2247903737,3339382915,17862272,0.0985,1637.0,0.18505000752886058,-0.041601125815626805,0.0985,26.4,79.5,,,,,,
2026-07-30T19:53:31.512016+00:00,S030,mounted,true,healthy,none,2100,healthy_horizontal_no_load_2100rpm,2248002,2132,300,988,1340,3,0,1954883,9,333,77,0,3,1649,1494,1177,59,126,1595,16383,1654,1643,1634667,800,2005,2117,523270,11949,8,382501,1496,65326,909,2247904142,2248003222,0,2248003301,2248003816,3340236813,17847329,0.0985,1637.0,0.13986285136831533,-0.0468691275420543,0.0985,26.68,80.0,,,,,,
2026-07-30T19:53:31.658727+00:00,S030,mounted,true,healthy,none,2100,healthy_horizontal_no_load_2100rpm,2248102,2131,301,988,1341,1,0,1954968,9,333,77,0,3,1649,1494,1199,59,126,1595,16383,1652,1640,1634049,800,1918,2119,523246,11954,8,382502,1496,65327,909,2248004225,2248103294,0,2248103368,2248103883,3337723709,17862268,0.0985,1637.0,0.1417196438012378,-0.19325739886230586,0.0985,26.68,80.0,,,,,,
2026-07-30T19:53:31.753501+00:00,S030,mounted,true,healthy,none,2100,healthy_horizontal_no_load_2100rpm,2248202,2132,299,988,1339,4,0,1955054,9,333,76,0,3,1649,1494,1187,56,114,1597,16383,1655,1641,1633888,800,1938,2225,523202,11955,8,382505,1496,65328,909,2248104289,2248203385,0,2248203463,2248203978,3337091506,17865257,0.0985,1637.0,0.31806403387703863,-0.16019651116687594,0.0985,26.62,79.9,,,,,,
2026-07-30T19:53:31.845355+00:00,S030,mounted,true,healthy,none,2100,healthy_horizontal_no_load_2100rpm,2248303,2116,299,997,1351,6,0,1955139,9,333,77,1,3,1649,1494,1203,58,116,1606,16383,1655,1642,1650546,808,2011,2111,523184,11954,8,382506,1496,65329,909,2248204383,2248304042,0,2248304057,2248304572,3371730002,17862268,0.0985,1637.0,0.12838722419273818,-0.03826802091350201,0.0985,26.34,79.4,,,,,,
2026-07-30T19:53:31.937634+00:00,S030,mounted,true,healthy,none,2100,healthy_horizontal_no_load_2100rpm,2248403,2107,300,1000,1356,6,0,1955223,9,333,76,0,3,1649,1494,1192,58,116,1596,16383,1654,1644,1634778,800,2014,2129,523261,11954,8,382507,1496,65330,909,2248304983,2248404107,0,2248404116,2248404631,3340691306,17862270,0.0985,1637.0,0.15838516831186178,-0.03326836356031526,0.0985,26.65,80.0,,,,,,
2026-07-30T19:53:32.030994+00:00,S030,mounted,true,healthy,none,2100,healthy_horizontal_no_load_2100rpm,2248503,2105,298,1002,1356,2,0,1955308,9,333,76,0,3,1649,1494,1218,60,127,1596,16383,1652,1644,1633997,800,1999,2079,523215,11955,8,382510,1496,65331,909,2248405038,2248504158,0,2248504172,2248504687,3337492751,17865255,0.0985,1637.0,0.07476772873274751,-0.05854531518193262,0.0985,26.65,80.0,,,,,,
2026-07-30T19:53:32.124468+00:00,S030,mounted,true,healthy,none,2100,healthy_horizontal_no_load_2100rpm,2248603,2117,300,995,1349,2,0,1955392,9,333,77,0,2,1649,1494,1218,56,116,1597,16383,1654,1643,1635125,800,1981,2071,523258,11955,8,382513,1496,65332,909,2248505093,2248604232,0,2248604242,2248604756,3342099593,17865257,0.0985,1637.0,0.06143642434127994,-0.08854075006273554,0.0985,26.62,79.9,,,,,,
2026-07-30T19:53:32.216975+00:00,S030,mounted,true,healthy,none,2100,healthy_horizontal_no_load_2100rpm,2248703,2128,299,990,1342,1,0,1955478,9,333,77,0,3,1649,1495,1219,56,116,1595,16383,1653,1643,1634308,800,1887,2221,523276,11957,8,382519,1496,65333,909,2248605161,2248704397,0,2248704411,2248704926,3338832460,17871235,0.0985,1637.0,0.3107793127874885,-0.24570954829806846,0.0985,26.68,80.0,,,,,,
2026-07-30T19:53:32.312226+00:00,S030,mounted,true,healthy,none,2100,healthy_horizontal_no_load_2100rpm,2248803,2132,300,988,1340,5,0,1955563,9,333,77,0,3,1649,1495,1230,57,115,1594,16383,1652,1643,1634619,800,1999,2067,523248,11960,8,382531,1496,65334,909,2248705331,2248804432,0,2248804597,2248805112,3340030397,17880200,0.0985,1637.0,0.053330773913043306,-0.059937940468227424,0.0985,26.71,80.1,,,,,,
2026-07-30T19:53:32.453551+00:00,S030,mounted,true,healthy,none,2100,healthy_horizontal_no_load_2100rpm,2248904,2134,300,987,1339,6,0,1955649,9,333,76,0,3,1649,1494,1242,57,115,1597,16383,1652,1643,1650562,808,2015,2067,523230,11951,8,382525,1496,65335,909,2248805517,2248905066,0,2248905145,2248905660,3371786642,17853303,0.0985,1637.0,0.05592363827294777,-0.030758843193038565,0.0985,26.62,79.9,,,,,,
2026-07-30T19:53:32.545569+00:00,S030,mounted,true,healthy,none,2100,healthy_horizontal_no_load_2100rpm,2249004,2133,298,988,1338,2,0,1955734,9,333,76,0,3,1649,1495,1192,55,120,1599,16383,1653,1644,1634199,800,2011,2077,523231,11956,8,382529,1496,65336,909,2248906066,2249005154,0,2249005228,2249005743,3338317655,17868244,0.0985,1637.0,0.07114541284710585,-0.03882864938106412,0.0985,26.56,79.8,,,,,,
2026-07-30T19:53:32.638908+00:00,S030,mounted,true,healthy,none,2100,healthy_horizontal_no_load_2100rpm,2249104,2130,300,987,1339,3,0,1955819,9,333,76,0,2,1649,1494,1217,56,113,1598,16383,1652,1643,1634023,800,2010,2069,523211,11951,8,382523,1496,65337,909,2249006148,2249105223,0,2249105296,2249105812,3337609225,17853307,0.0985,1637.0,0.05925757986779345,-0.03909369718015254,0.0985,26.59,79.9,,,,,,
2026-07-30T19:53:32.733132+00:00,S030,mounted,true,healthy,none,2100,healthy_horizontal_no_load_2100rpm,2249204,2132,301,988,1341,5,0,1955905,9,333,77,0,3,1649,1494,1222,56,113,1596,16383,1653,1643,1634640,800,2011,2074,523251,11953,8,382522,1496,65338,909,2249106217,2249205293,0,2249205372,2249205887,3340119954,17859281,0.0985,1637.0,0.06701395189492176,-0.037987636325608864,0.0985,26.65,80.0,,,,,,
2026-07-30T19:53:32.825423+00:00,S030,mounted,true,healthy,none,2100,healthy_horizontal_no_load_2100rpm,2249304,2132,296,988,1335,4,0,1955990,9,333,76,0,3,1649,1494,1226,60,118,1607,16383,1655,1642,1634951,800,2015,2087,523271,11951,8,382517,1496,65339,909,2249206296,2249305368,0,2249305442,2249305957,3341390285,17853303,0.0985,1637.0,0.08926305422140413,-0.030758843193038565,0.0985,26.31,79.4,,,,,,
2026-07-30T19:53:32.919187+00:00,S030,mounted,true,healthy,none,2100,healthy_horizontal_no_load_2100rpm,2249405,2134,300,987,1339,2,0,1956076,9,333,77,0,3,1649,1494,1228,59,117,1599,16383,1653,1642,1650915,808,1989,2069,523273,11953,8,382516,1496,65340,909,2249306362,2249406063,0,2249406073,2249406588,3373232091,17859281,0.0985,1637.0,0.058680492512339644,-0.0746548576089685,0.0985,26.56,79.8,,,,,,
2026-07-30T19:53:33.060129+00:00,S030,mounted,true,healthy,none,2100,healthy_horizontal_no_load_2100rpm,2249505,2132,296,989,1337,3,0,1956161,9,333,76,0,3,1649,1495,1259,59,117,1598,16383,1654,1642,1634180,800,2001,2077,523254,11957,8,382522,1496,65341,909,2249406993,2249506162,0,2249506171,2249506686,3338245070,17871233,0.0985,1637.0,0.07085597148114076,-0.05577023643054302,0.0985,26.59,79.9,,,,,,
2026-07-30T19:53:33.151856+00:00,S030,mounted,true,healthy,none,2100,healthy_horizontal_no_load_2100rpm,2249605,2127,299,992,1344,5,0,1956247,9,333,77,0,3,1649,1494,1227,59,119,1605,16383,1652,1644,1634617,800,2011,2106,523261,11954,8,382522,1496,65342,909,2249507091,2249606301,0,2249606315,2249606831,3340026467,17862268,0.0985,1637.0,0.12005446193742664,-0.03826802091350201,0.0985,26.37,79.5,,,,,,
2026-07-30T19:53:33.245590+00:00,S030,mounted,true,healthy,none,2100,healthy_horizontal_no_load_2100rpm,2249705,2133,299,988,1339,4,0,1956332,9,333,76,0,3,1649,1494,1242,59,119,1602,16383,1652,1641,1634563,800,2011,2067,523262,11955,8,382524,1496,65343,909,2249607239,2249706385,0,2249706395,2249706910,3339801741,17865255,0.0985,1637.0,0.05477077214554571,-0.03854835859473038,0.0985,26.46,79.6,,,,,,
2026-07-30T19:53:33.339592+00:00,S030,mounted,true,healthy,none,2100,healthy_horizontal_no_load_2100rpm,2249805,2134,300,987,1339,2,0,1956418,9,333,76,0,3,1649,1494,1221,58,126,1600,16383,1653,1644,1635271,800,1998,2127,523285,11954,8,382524,1496,65344,909,2249707315,2249806453,0,2249806467,2249806983,3342707509,17862268,0.0985,1637.0,0.15505206340973698,-0.05993320277731318,0.0985,26.53,79.7,,,,,,
2026-07-30T19:53:33.433801+00:00,S030,mounted,true,healthy,none,2100,healthy_horizontal_no_load_2100rpm,2249906,2130,300,989,1342,3,0,1956503,9,333,76,0,3,1649,1494,1216,60,130,1598,16383,1653,1642,1651307,808,2013,2148,523285,11952,8,382521,1496,65345,909,2249807388,2249907164,0,2249907238,2249907752,3374836915,17856294,0.0985,1637.0,0.19064868674698765,-0.03437354216867483,0.0985,26.59,79.9,,,,,,
2026-07-30T19:53:33.529140+00:00,S030,mounted,true,healthy,none,2100,healthy_horizontal_no_load_2100rpm,2250006,2133,300,988,1340,5,0,1956589,9,333,77,0,3,1649,1495,1221,60,130,1596,16383,1652,1642,1634332,800,2015,2071,523232,11956,8,382525,1496,65346,909,2249908157,2250007219,0,2250007297,2250007812,3338859138,17868246,0.0985,1637.0,0.061147770826363246,-0.0321635547005692,0.0985,26.65,80.0,,,,,,
2026-07-30T19:53:33.622585+00:00,S030,mounted,true,healthy,none,2100,healthy_horizontal_no_load_2100rpm,2250106,2131,300,988,1340,4,0,1956674,9,333,76,0,3,1649,1494,1222,62,139,1594,16383,1654,1642,1634233,800,2008,2073,523229,11953,8,382524,1496,65347,909,2250008221,2250107279,0,2250107353,2250107867,3338457761,17859277,0.0985,1637.0,0.06534726001840552,-0.042987711955157604,0.0985,26.71,80.1,,,,,,
2026-07-30T19:53:33.763390+00:00,S030,mounted,true,healthy,none,2100,healthy_horizontal_no_load_2100rpm,2250206,2132,301,988,1341,6,0,1956759,9,333,77,0,3,1649,1494,1224,61,144,1596,16383,1652,1643,1634377,800,2009,2067,523231,11954,8,382524,1496,65348,909,2250108273,2250207333,0,2250207407,2250207921,3339040583,17862266,0.0985,1637.0,0.05505891634599269,-0.041601125815626805,0.0985,26.65,80.0,,,,,,
2026-07-30T19:53:33.857646+00:00,S030,mounted,true,healthy,none,2100,healthy_horizontal_no_load_2100rpm,2250306,2132,297,988,1337,3,0,1956845,9,333,76,0,3,1649,1494,1239,61,144,1599,16383,1653,1643,1634769,800,1989,2126,523239,11955,8,382526,1496,65349,909,2250208327,2250307396,0,2250307474,2250307989,3340657467,17865257,0.0985,1637.0,0.15308914203262214,-0.07520944567126753,0.0985,26.56,79.8,,,,,,
2026-07-30T19:53:33.951184+00:00,S030,mounted,true,healthy,none,2100,healthy_horizontal_no_load_2100rpm,2250407,2132,300,988,1340,5,0,1956931,9,333,77,0,3,1649,1494,1206,61,142,1594,16383,1652,1643,1651078,808,2001,2069,523274,11953,8,382525,1496,65350,909,2250308398,2250408076,0,2250408241,2250408756,3373896634,17859279,0.0985,1637.0,0.058680492512339644,-0.05465455509077222,0.0985,26.71,80.1,,,,,,
2026-07-30T19:53:34.044583+00:00,S030,mounted,true,healthy,none,2100,healthy_horizontal_no_load_2100rpm,2250507,2132,302,988,1342,4,0,1957016,9,333,77,0,3,1649,1494,1239,61,142,1593,16383,1653,1643,1634320,800,2003,2079,523244,11952,8,382522,1496,65351,909,2250409165,2250508226,0,2250508235,2250508750,3338814124,17856294,0.0985,1637.0,0.0756373253012046,-0.05104185542168693,0.0985,26.74,80.1,,,,,,
2026-07-30T19:53:34.140067+00:00,S030,mounted,true,healthy,none,2100,healthy_horizontal_no_load_2100rpm,2250607,2121,300,993,1347,6,0,1957101,9,333,77,1,3,1649,1495,1209,61,139,1599,16383,1654,1645,1634776,800,2001,2077,523256,11957,8,382528,1496,65352,909,2250509155,2250608277,0,2250608287,2250608802,3340682194,17871233,0.0985,1637.0,0.07085597148114076,-0.05577023643054302,0.0985,26.56,79.8,,,,,,
2026-07-30T19:53:34.233882+00:00,S030,mounted,true,healthy,none,2100,healthy_horizontal_no_load_2100rpm,2250707,2109,299,999,1354,2,0,1957186,9,333,76,0,3,1649,1494,1199,58,134,1597,16383,1654,1643,1634438,800,2011,2079,523292,11951,8,382522,1496,65353,909,2250609209,2250708337,0,2250708351,2250708866,3339298792,17853305,0.0985,1637.0,0.07592728784202141,-0.037426726382729925,0.0985,26.62,79.9,,,,,,
2026-07-30T19:53:34.326785+00:00,S030,mounted,true,healthy,none,2100,healthy_horizontal_no_load_2100rpm,2250807,2101,298,1004,1359,2,0,1957270,9,333,77,1,3,1649,1494,1213,58,134,1605,16383,1656,1642,1634480,800,2007,2204,523254,11954,8,382522,1496,65354,909,2250709275,2250808377,0,2250808386,2250808901,3339513510,17862268,0.0985,1637.0,0.28337660214154203,-0.0449342307177516,0.0985,26.37,79.5,,,,,,
2026-07-30T19:53:34.467713+00:00,S030,mounted,true,healthy,none,2100,healthy_horizontal_no_load_2100rpm,2250907,2113,296,999,1350,2,0,1957354,9,333,76,0,2,1649,1494,1222,55,119,1602,16383,1652,1643,1634802,800,2006,2071,523270,11955,8,382524,1496,65355,909,2250809313,2250908397,0,2250908406,2250908921,3340777356,17865257,0.0985,1637.0,0.06143642434127994,-0.04688042383939761,0.0985,26.46,79.6,,,,,,
2026-07-30T19:53:34.560589+00:00,S030,mounted,true,healthy,none,2100,healthy_horizontal_no_load_2100rpm,2251007,2125,300,992,1345,3,0,1957439,9,333,76,0,2,1649,1494,1230,54,120,1598,16383,1653,1643,1634987,800,1958,2217,523280,11953,8,382523,1496,65356,909,2250909326,2251008445,0,2251008455,2251008970,3341573855,17859279,0.0985,1637.0,0.30535089023676054,-0.12632230578097614,0.0985,26.59,79.9,,,,,,
2026-07-30T19:53:34.651735+00:00,S030,mounted,true,healthy,none,2100,healthy_horizontal_no_load_2100rpm,2251108,2126,299,991,1343,5,0,1957525,9,333,77,0,3,1649,1494,1174,54,120,1599,16383,1656,1643,1650908,808,2001,2109,523282,11952,8,382520,1496,65357,909,2251009375,2251109090,0,2251109168,2251109683,3373204706,17856292,0.0985,1637.0,0.1256422650602409,-0.05437551807228935,0.0985,26.56,79.8,,,,,,
2026-07-30T19:53:34.754007+00:00,S030,mounted,true,healthy,none,2100,healthy_horizontal_no_load_2100rpm,2251208,2111,302,997,1355,4,0,1957610,9,333,76,0,3,1649,1494,1172,55,118,1598,16383,1653,1643,1634448,800,1845,2133,523251,11950,8,382513,1496,65358,909,2251110088,2251209159,0,2251209237,2251209752,3339383710,17850318,0.0985,1637.0,0.16624125472803364,-0.3138865096234311,0.0985,26.59,79.9,,,,,,
2026-07-30T19:53:34.842082+00:00,S030,mounted,true,healthy,none,2100,healthy_horizontal_no_load_2100rpm,2251308,2106,298,1003,1357,4,0,1957694,9,333,76,0,3,1649,1494,1187,55,118,1596,16383,1655,1641,1634453,800,1935,2079,523249,11952,8,382510,1496,65359,909,2251210157,2251309227,0,2251309301,2251309816,3339366901,17856290,0.0985,1637.0,0.0756373253012046,-0.16438638554216922,0.0985,26.65,80.0,,,,,,
2026-07-30T19:53:34.933555+00:00,S030,mounted,true,healthy,none,2100,healthy_horizontal_no_load_2100rpm,2251408,2111,299,998,1352,4,0,1957778,9,333,76,0,3,1649,1494,1203,58,122,1595,16383,1653,1644,1634908,800,1967,2075,523269,11953,8,382510,1496,65360,909,2251310226,2251409303,0,2251409377,2251409892,3341223192,17859279,0.0985,1637.0,0.06868064377143801,-0.11132207889232859,0.0985,26.68,80.0,,,,,,
2026-07-30T19:53:35.029842+00:00,S030,mounted,true,healthy,none,2100,healthy_horizontal_no_load_2100rpm,2251508,2120,300,993,1347,6,0,1957863,9,333,77,0,3,1649,1494,1187,61,125,1594,16383,1653,1642,1634519,800,1999,2069,523284,11954,8,382511,1496,65361,909,2251410297,2251509365,0,2251509439,2251509955,3339625701,17862266,0.0985,1637.0,0.05839202124811749,-0.05826665032625078,0.0985,26.71,80.1,,,,,,
2026-07-30T19:53:35.169122+00:00,S030,mounted,true,healthy,none,2100,healthy_horizontal_no_load_2100rpm,2251608,2127,298,990,1341,2,0,1957948,9,333,77,0,3,1649,1494,1206,61,125,1606,16383,1654,1644,1634680,800,2005,2079,523297,11951,8,382507,1496,65362,909,2251510360,2251609451,0,2251609525,2251610040,3340286424,17853303,0.0985,1637.0,0.07592728784202141,-0.04742855116726652,0.0985,26.34,79.4,,,,,,
2026-07-30T19:53:35.262671+00:00,S030,mounted,true,healthy,none,2100,healthy_horizontal_no_load_2100rpm,2251709,2129,299,990,1341,1,0,1958034,9,333,77,0,3,1649,1495,1208,62,132,1610,16383,1652,1644,1650518,808,1963,2067,523254,11956,8,382512,1496,65363,909,2251610445,2251710079,0,2251710093,2251710608,3371606552,17868244,0.0985,1637.0,0.05448267614586788,-0.11880978554700627,0.0985,26.22,79.2,,,,,,
2026-07-30T19:53:35.358234+00:00,S030,mounted,true,healthy,none,2100,healthy_horizontal_no_load_2100rpm,2251809,2129,300,990,1342,5,0,1958119,9,333,77,0,3,1649,1494,1221,61,123,1603,16383,1652,1644,1634240,800,1993,2075,523240,11954,8,382513,1496,65364,909,2251711017,2251810260,0,2251810269,2251810784,3338489578,17862268,0.0985,1637.0,0.06839133595449187,-0.06826596503262561,0.0985,26.43,79.6,,,,,,
2026-07-30T19:53:35.450988+00:00,S030,mounted,true,healthy,none,2100,healthy_horizontal_no_load_2100rpm,2251909,2131,300,989,1341,6,0,1958205,9,333,76,0,3,1649,1494,1222,61,123,1599,16383,1653,1643,1634261,800,2017,2069,523236,11954,8,382513,1496,65365,909,2251811189,2251910398,0,2251910412,2251910927,3338568043,17862266,0.0985,1637.0,0.05839202124811749,-0.028268706207127625,0.0985,26.56,79.8,,,,,,
2026-07-30T19:53:35.544823+00:00,S030,mounted,true,healthy,none,2100,healthy_horizontal_no_load_2100rpm,2252010,2132,300,988,1340,3,0,1958291,9,333,76,0,2,1649,1494,1206,62,125,1606,16383,1654,1644,1651186,808,2019,2075,523273,11955,8,382515,1496,65366,909,2251911332,2252011010,0,2252011088,2252011603,3374331926,17865257,0.0985,1637.0,0.06810207653701328,-0.025217054203262812,0.0985,26.34,79.4,,,,,,
2026-07-30T19:53:35.639349+00:00,S030,mounted,true,healthy,none,2100,healthy_horizontal_no_load_2100rpm,2252110,2131,301,988,1341,1,0,1958376,9,333,77,0,3,1649,1494,1219,62,125,1603,16383,1655,1644,1634969,800,2015,2076,523286,11954,8,382515,1496,65367,909,2252012008,2252111127,0,2252111206,2252111721,3341459987,17862268,0.0985,1637.0,0.07005788840555427,-0.03160181110925242,0.0985,26.43,79.6,,,,,,
2026-07-30T19:53:35.732662+00:00,S030,mounted,true,healthy,none,2100,healthy_horizontal_no_load_2100rpm,2252210,2132,297,991,1340,5,0,1958461,9,333,76,0,3,1649,1494,1198,61,126,1597,16383,1652,1644,1634619,800,1941,2145,523276,11951,8,382510,1496,65368,909,2252112129,2252211267,0,2252211341,2252211855,3340068405,17853303,0.0985,1637.0,0.18594736047192661,-0.1541146822023265,0.0985,26.62,79.9,,,,,,
2026-07-30T19:53:35.873165+00:00,S030,mounted,true,healthy,none,2100,healthy_horizontal_no_load_2100rpm,2252310,2133,298,988,1338,6,0,1958547,9,333,76,0,3,1649,1494,1221,59,122,1596,16383,1653,1644,1634265,800,2005,2109,523257,11952,8,382508,1496,65369,909,2252212261,2252311330,0,2252311409,2252311924,3338593523,17856292,0.0985,1637.0,0.1256422650602409,-0.04770819277108451,0.0985,26.65,80.0,,,,,,
2026-07-30T19:53:35.967652+00:00,S030,mounted,true,healthy,none,2100,healthy_horizontal_no_load_2100rpm,2252410,2133,300,988,1340,2,0,1958632,9,333,77,0,3,1649,1494,1216,59,122,1595,16383,1655,1643,1635263,800,2013,2065,523304,11951,8,382504,1496,65370,909,2252312329,2252411413,0,2252411492,2252412007,3342663779,17853303,0.0985,1637.0,0.052589696678102094,-0.034092784787884245,0.0985,26.68,80.0,,,,,,
2026-07-30T19:53:36.061626+00:00,S030,mounted,true,healthy,none,2100,healthy_horizontal_no_load_2100rpm,2252511,2130,295,991,1338,1,0,1958718,9,333,77,0,3,1649,1494,1242,60,124,1606,16383,1655,1641,1650762,808,2012,2071,523259,11951,8,382500,1496,65371,909,2252412412,2252512100,0,2252512115,2252512630,3372603554,17853305,0.0985,1637.0,0.06259152146263913,-0.03575975558530686,0.0985,26.34,79.4,,,,,,
2026-07-30T19:53:36.155599+00:00,S030,mounted,true,healthy,none,2100,healthy_horizontal_no_load_2100rpm,2252611,2135,298,987,1336,5,0,1958803,9,333,76,0,2,1649,1495,1222,59,122,1606,16383,1654,1645,1635447,800,2011,2143,523353,11957,8,382507,1496,65372,909,2252513038,2252612296,0,2252612305,2252612821,3343427549,17871233,0.0985,1637.0,0.18082083624655,-0.03910889328426892,0.0985,26.34,79.4,,,,,,
2026-07-30T19:53:36.249294+00:00,S030,mounted,true,healthy,none,2100,healthy_horizontal_no_load_2100rpm,2252712,2132,300,988,1340,6,0,1958889,9,333,76,0,3,1649,1494,1229,59,122,1600,16383,1653,1643,1650372,808,1961,2075,523266,11950,8,382501,1496,65373,909,2252613226,2252712836,0,2252712909,2252713424,3371010874,17850314,0.0985,1637.0,0.06954885774058583,-0.12050171564853596,0.0985,26.53,79.7,,,,,,
2026-07-30T19:53:36.342587+00:00,S030,mounted,true,healthy,none,2100,healthy_horizontal_no_load_2100rpm,2252812,2131,302,987,1341,2,0,1958974,9,333,77,0,3,1649,1494,1240,62,130,1605,16383,1652,1643,1634008,800,1999,2137,523213,11955,8,382504,1496,65374,909,2252713829,2252812884,0,2252812958,2252813473,3337553866,17865257,0.0985,1637.0,0.17141968557089093,-0.05854531518193262,0.0985,26.37,79.5,,,,,,
2026-07-30T19:53:36.481763+00:00,S030,mounted,true,healthy,none,2100,healthy_horizontal_no_load_2100rpm,2252912,2129,300,989,1342,1,0,1959060,9,333,76,0,3,1649,1494,1237,62,130,1604,16383,1653,1644,1634352,800,2011,2137,523224,11953,8,382504,1496,65375,909,2252813878,2252912923,0,2252913002,2252913517,3338952404,17859279,0.0985,1637.0,0.17201554011545195,-0.037987636325608864,0.0985,26.4,79.5,,,,,,
2026-07-30T19:53:36.575461+00:00,S030,mounted,true,healthy,none,2100,healthy_horizontal_no_load_2100rpm,2253012,2134,298,988,1337,5,0,1959145,9,333,76,0,3,1649,1494,1214,62,125,1603,16383,1653,1641,1634939,800,1981,2090,523210,11954,8,382505,1496,65376,909,2252913922,2253012961,0,2253013034,2253013549,3341346439,17862268,0.0985,1637.0,0.09338962272042783,-0.08826459444537393,0.0985,26.43,79.6,,,,,,
2026-07-30T19:53:36.670394+00:00,S030,mounted,true,healthy,none,2100,healthy_horizontal_no_load_2100rpm,2253112,2129,300,990,1343,4,0,1959230,9,333,77,0,3,1649,1494,1247,60,125,1596,16383,1653,1643,1634454,800,1919,2075,523226,11953,8,382505,1496,65377,909,2253013954,2253113002,0,2253113076,2253113591,3339378470,17859279,0.0985,1637.0,0.06868064377143801,-0.19132328896511375,0.0985,26.65,80.0,,,,,,
2026-07-30T19:53:36.762012+00:00,S030,mounted,true,healthy,none,2100,healthy_horizontal_no_load_2100rpm,2253212,2131,300,988,1341,2,0,1959316,9,333,75,0,2,1649,1494,1180,60,125,1596,16383,1653,1640,1634613,800,1869,2165,523255,11955,8,382508,1496,65378,909,2253113996,2253213243,0,2253213322,2253213837,3340066477,17865257,0.0985,1637.0,0.2180792509410283,-0.2751790115432877,0.0985,26.65,80.0,,,,,,
2026-07-30T19:53:36.857403+00:00,S030,mounted,true,healthy,none,2100,healthy_horizontal_no_load_2100rpm,2253312,2134,299,988,1339,3,0,1959401,9,333,76,0,2,1649,1494,1218,61,123,1596,16383,1653,1642,1633977,800,2005,2107,523220,11951,8,382504,1496,65379,909,2253214246,2253313317,0,2253313391,2253313905,3337422481,17853303,0.0985,1637.0,0.12260247016985959,-0.04742855116726652,0.0985,26.65,80.0,,,,,,
2026-07-30T19:53:36.956349+00:00,S030,mounted,true,healthy,none,2100,healthy_horizontal_no_load_2100rpm,2253413,2130,301,989,1343,5,0,1959487,9,333,77,0,3,1649,1494,1209,65,144,1603,16383,1653,1644,1650676,808,2009,2067,523222,11954,8,382505,1496,65380,909,2253314310,2253414091,0,2253414100,2253414615,3372246954,17862270,0.0985,1637.0,0.05505891634599269,-0.041601125815626805,0.0985,26.43,79.6,,,,,,
2026-07-30T19:53:37.044290+00:00,S030,mounted,true,healthy,none,2100,healthy_horizontal_no_load_2100rpm,2253513,2115,299,997,1351,4,0,1959572,9,333,77,1,3,1649,1494,1235,65,144,1597,16383,1653,1644,1633909,800,2009,2183,523189,11951,8,382501,1496,65381,909,2253415024,2253514315,0,2253514325,2253514840,3337155001,17853303,0.0985,1637.0,0.24929225077399364,-0.04076066797757516,0.0985,26.62,79.9,,,,,,
2026-07-30T19:53:37.142052+00:00,S030,mounted,true,healthy,none,2100,healthy_horizontal_no_load_2100rpm,2253613,2109,299,1000,1355,6,0,1959657,9,333,76,0,3,1649,1494,1234,67,150,1593,16383,1652,1645,1634830,800,2009,2130,523246,11953,8,382501,1496,65382,909,2253515247,2253614339,0,2253614353,2253614868,3340899636,17859281,0.0985,1637.0,0.16034869697983734,-0.04132102007864136,0.0985,26.74,80.1,,,,,,
2026-07-30T19:53:37.243358+00:00,S030,mounted,true,healthy,none,2100,healthy_horizontal_no_load_2100rpm,2253713,2103,298,1001,1356,6,0,1959741,9,333,77,0,3,1649,1494,1245,67,150,1593,16383,1652,1639,1633926,800,1863,2188,523203,11953,8,382501,1496,65383,909,2253615274,2253714371,0,2253714385,2253714900,3337273874,17859279,0.0985,1637.0,0.2570168258177863,-0.28465803405002976,0.0985,26.74,80.1,,,,,,
2026-07-30T19:53:37.382810+00:00,S030,mounted,true,healthy,none,2100,healthy_horizontal_no_load_2100rpm,2253813,2116,299,995,1348,6,0,1959825,9,333,77,0,3,1649,1495,1226,65,137,1594,16383,1652,1641,1634061,800,2014,2119,523178,11958,8,382510,1496,65384,909,2253715310,2253814411,0,2253814420,2253814935,3337754657,17874222,0.0985,1637.0,0.14053836778725515,-0.034391105368790864,0.0985,26.71,80.1,,,,,,
2026-07-30T19:53:37.477380+00:00,S030,mounted,true,healthy,none,2100,healthy_horizontal_no_load_2100rpm,2253914,2125,299,992,1344,3,0,1959911,9,333,77,0,3,1649,1495,1228,65,144,1596,16383,1653,1644,1650431,808,1965,2082,523152,11957,8,382517,1496,65385,909,2253815340,2253915053,0,2253915132,2253915647,3371264543,17871235,0.0985,1637.0,0.0791866430542778,-0.11575107175712995,0.0985,26.65,80.0,,,,,,
2026-07-30T19:53:37.570373+00:00,S030,mounted,true,healthy,none,2100,healthy_horizontal_no_load_2100rpm,2254014,2129,300,989,1342,1,0,1959996,9,333,77,0,3,1649,1494,1220,65,144,1595,16383,1656,1644,1634305,800,1933,2135,523173,11952,8,382514,1496,65386,909,2253916056,2254015242,0,2254015316,2254015831,3338773743,17856294,0.0985,1637.0,0.16897987951807192,-0.1677200481927712,0.0985,26.68,80.0,,,,,,
2026-07-30T19:53:37.652009+00:00,S030,mounted,true,healthy,none,2100,healthy_horizontal_no_load_2100rpm,2254114,2128,299,991,1343,5,0,1960081,9,333,76,0,3,1649,1494,1195,65,148,1590,16383,1652,1639,1633877,800,1997,2067,523147,11952,8,382511,1496,65387,909,2254016236,2254115319,0,2254115393,2254115907,3337002285,17856300,0.0985,1637.0,0.05563534939759052,-0.06104284337349419,0.0985,26.83,80.3,,,,,,
2026-07-30T19:53:37.758610+00:00,S030,mounted,true,healthy,none,2100,healthy_horizontal_no_load_2100rpm,2254214,2132,297,988,1337,6,0,1960167,9,333,76,0,3,1649,1494,1218,64,145,1594,16383,1652,1641,1634431,800,2007,2077,523123,11954,8,382512,1496,65388,909,2254116313,2254215399,0,2254215477,2254215992,3339264797,17862268,0.0985,1637.0,0.07172444085661667,-0.0449342307177516,0.0985,26.71,80.1,,,,,,
2026-07-30T19:53:37.898396+00:00,S030,mounted,true,healthy,none,2100,healthy_horizontal_no_load_2100rpm,2254315,2135,298,988,1337,3,0,1960253,9,333,76,0,3,1649,1494,1204,64,145,1600,16383,1653,1644,1651013,808,2010,2086,523179,11954,8,382513,1496,65389,909,2254216397,2254316203,0,2254316218,2254316733,3373623845,17862268,0.0985,1637.0,0.08672341291617824,-0.03993457336456396,0.0985,26.53,79.7,,,,,,
2026-07-30T19:53:37.944424+00:00,S030,mounted,true,healthy,none,2100,healthy_horizontal_no_load_2100rpm,2254415,2130,300,989,1341,1,0,1960338,9,333,76,0,3,1649,1494,1218,62,138,1601,16383,1655,1642,1633798,800,2007,2191,523094,11955,8,382515,1496,65390,909,2254317141,2254416240,0,2254416255,2254416770,3336707436,17865257,0.0985,1637.0,0.2614059902132997,-0.045214010790464165,0.0985,26.5,79.7,,,,,,
2026-07-30T19:53:38.086991+00:00,S030,mounted,true,healthy,none,2100,healthy_horizontal_no_load_2100rpm,2254515,2131,299,988,1339,5,0,1960423,9,333,76,0,3,1649,1494,1215,62,138,1595,16383,1652,1640,1634189,800,2003,2279,523090,11950,8,382508,1496,65391,909,2254417178,2254516402,0,2254516412,2254516926,3338338717,17850316,0.0985,1637.0,0.4096393574895396,-0.050483083347280466,0.0985,26.68,80.0,,,,,,
2026-07-30T19:53:38.172494+00:00,S030,mounted,true,healthy,none,2100,healthy_horizontal_no_load_2100rpm,2254616,2130,300,990,1342,6,0,1960509,9,333,77,0,3,1649,1494,1184,61,143,1593,16383,1654,1644,1650617,808,1993,2176,523095,11954,8,382509,1496,65392,909,2254517331,2254617045,0,2254617119,2254617634,3372028197,17862268,0.0985,1637.0,0.2367131335117949,-0.06826596503262561,0.0985,26.74,80.1,,,,,,
2026-07-30T19:53:38.263206+00:00,S030,mounted,true,healthy,none,2100,healthy_horizontal_no_load_2100rpm,2254716,2128,301,989,1343,3,0,1960595,9,333,77,0,3,1649,1494,1198,62,138,1595,16383,1653,1643,1634380,800,2003,2069,523111,11951,8,382505,1496,65393,909,2254618039,2254717233,0,2254717312,2254717827,3339058436,17853303,0.0985,1637.0,0.05925757986779345,-0.0507624927621122,0.0985,26.68,80.0,,,,,,
2026-07-30T19:53:38.354566+00:00,S030,mounted,true,healthy,none,2100,healthy_horizontal_no_load_2100rpm,2254816,2131,300,988,1341,1,0,1960680,9,333,77,0,2,1649,1494,1200,62,138,1598,16383,1652,1643,1634416,800,1999,2081,523138,11954,8,382506,1496,65394,909,2254718232,2254817302,0,2254817381,2254817896,3339197780,17862270,0.0985,1637.0,0.07839065066086626,-0.05826665032625078,0.0985,26.59,79.9,,,,,,
2026-07-30T19:53:38.451834+00:00,S030,mounted,true,healthy,none,2100,healthy_horizontal_no_load_2100rpm,2254917,2131,300,989,1341,4,0,1960766,9,333,76,0,3,1649,1494,1193,63,137,1593,16383,1653,1644,1650623,808,2003,2134,523142,11950,8,382500,1496,65395,909,2254818305,2254918043,0,2254918057,2254918572,3372049685,17850318,0.0985,1637.0,0.16790836502092032,-0.050483083347280466,0.0985,26.74,80.1,,,,,,
2026-07-30T19:53:38.555086+00:00,S030,mounted,true,healthy,none,2100,healthy_horizontal_no_load_2100rpm,2255017,2131,300,988,1340,6,0,1960851,9,333,76,0,3,1649,1495,1195,64,127,1594,16383,1653,1642,1634206,800,2009,2071,523138,11956,8,382505,1496,65396,909,2254918977,2255018078,0,2255018092,2255018607,3338339938,17868244,0.0985,1637.0,0.061147770826363246,-0.0421611967213118,0.0985,26.71,80.1,,,,,,
2026-07-30T19:53:38.648607+00:00,S030,mounted,true,healthy,none,2100,healthy_horizontal_no_load_2100rpm,2255117,2132,300,989,1341,2,0,1960936,9,333,77,0,3,1649,1494,1214,64,127,1591,16383,1653,1645,1634813,800,2005,2221,523171,11952,8,382503,1496,65397,909,2255019015,2255118238,0,2255118247,2255118762,3340857051,17856292,0.0985,1637.0,0.312327373493976,-0.04770819277108451,0.0985,26.8,80.2,,,,,,
2026-07-30T19:53:38.790772+00:00,S030,mounted,true,healthy,none,2100,healthy_horizontal_no_load_2100rpm,2255217,2128,299,990,1342,1,0,1961022,9,333,76,0,3,1649,1495,1223,61,126,1590,16383,1653,1642,1634905,800,2009,2123,523222,11956,8,382508,1496,65398,909,2255119167,2255218409,0,2255218423,2255218938,3341205217,17868244,0.0985,1637.0,0.14779400167279988,-0.0421611967213118,0.0985,26.83,80.3,,,,,,
2026-07-30T19:53:38.875211+00:00,S030,mounted,true,healthy,none,2100,healthy_horizontal_no_load_2100rpm,2255318,2129,298,990,1340,4,0,1961108,9,333,77,0,3,1649,1494,1206,61,126,1591,16383,1653,1642,1650640,808,1902,2075,523269,11954,8,382509,1496,65399,909,2255219343,2255319212,0,2255319290,2255319805,3372139436,17862270,0.0985,1637.0,0.06839133595449187,-0.21992223807930422,0.0985,26.8,80.2,,,,,,
2026-07-30T19:53:38.973495+00:00,S030,mounted,true,healthy,none,2100,healthy_horizontal_no_load_2100rpm,2255418,2130,300,988,1340,6,0,1961193,9,333,77,0,3,1649,1494,1228,60,124,1593,16383,1654,1642,1634431,800,2004,2249,523255,11954,8,382510,1496,65400,909,2255320210,2255419378,0,2255419456,2255419971,3339323367,17862270,0.0985,1637.0,0.35837146243935036,-0.04993388807093879,0.0985,26.74,80.1,,,,,,
2026-07-30T19:53:39.057896+00:00,S030,mounted,true,healthy,none,2100,healthy_horizontal_no_load_2100rpm,2255519,2133,298,986,1335,3,0,1961279,9,333,75,0,3,1649,1494,1222,61,128,1606,16383,1653,1642,1650861,808,2003,2064,523273,11955,8,382513,1496,65401,909,2255420380,2255520047,0,2255520061,2255520576,3373003637,17865257,0.0985,1637.0,0.04977153299874493,-0.051879662986198394,0.0985,26.34,79.4,,,,,,
2026-07-30T19:53:39.156617+00:00,S030,mounted,true,healthy,none,2100,healthy_horizontal_no_load_2100rpm,2255619,2130,297,989,1338,1,0,1961364,9,333,76,0,3,1649,1494,1210,61,128,1592,16383,1654,1643,1634413,800,2011,2165,523241,11955,8,382515,1496,65402,909,2255520985,2255620159,0,2255620169,2255620684,3339203579,17865255,0.0985,1637.0,0.2180792509410283,-0.03854835859473038,0.0985,26.77,80.2,,,,,,
2026-07-30T19:53:39.307815+00:00,S030,mounted,true,healthy,none,2100,healthy_horizontal_no_load_2100rpm,2255719,2130,299,990,1341,5,0,1961449,9,333,76,0,3,1649,1494,1213,62,133,1588,16383,1653,1644,1634453,800,1999,2073,523265,11952,8,382512,1496,65403,909,2255621093,2255720217,0,2255720226,2255720741,3339352993,17856292,0.0985,1637.0,0.06563633734939733,-0.05770918072289177,0.0985,26.89,80.4,,,,,,
2026-07-30T19:53:39.368991+00:00,S030,mounted,true,healthy,none,2100,healthy_horizontal_no_load_2100rpm,2255819,2132,300,988,1340,6,0,1961535,9,333,77,0,3,1649,1494,1251,62,138,1597,16383,1654,1641,1634459,800,1967,2069,523258,11954,8,382513,1496,65404,909,2255721147,2255820410,0,2255820424,2255820939,3339387795,17862266,0.0985,1637.0,0.05839202124811749,-0.1115963287602475,0.0985,26.62,79.9,,,,,,
2026-07-30T19:53:39.454028+00:00,S030,mounted,true,healthy,none,2100,healthy_horizontal_no_load_2100rpm,2255919,2126,299,992,1344,2,0,1961620,9,333,77,0,3,1649,1494,1222,62,138,1596,16383,1653,1642,1634510,800,2015,2157,523255,11954,8,382513,1496,65405,909,2255821348,2255920432,0,2255920446,2255920961,3339599474,17862270,0.0985,1637.0,0.20504863694160935,-0.03160181110925242,0.0985,26.65,80.0,,,,,,
2026-07-30T19:53:39.589083+00:00,S030,mounted,true,healthy,none,2100,healthy_horizontal_no_load_2100rpm,2256020,2131,300,988,1340,1,0,1961706,9,333,76,0,3,1649,1494,1237,61,136,1595,16383,1654,1642,1650403,808,1978,2179,523228,11955,8,382515,1496,65406,909,2255921370,2256021208,0,2256021286,2256021801,3371164541,17865257,0.0985,1637.0,0.2414090336260979,-0.09353998920953588,0.0985,26.68,80.0,,,,,,
2026-07-30T19:53:39.686418+00:00,S030,mounted,true,healthy,none,2100,healthy_horizontal_no_load_2100rpm,2256120,2131,300,989,1342,5,0,1961791,9,333,77,0,3,1649,1494,1235,61,136,1592,16383,1652,1644,1634097,800,2004,2115,523201,11954,8,382515,1496,65407,909,2256022210,2256121437,0,2256121511,2256122026,3337904163,17862268,0.0985,1637.0,0.13505343399698821,-0.04993388807093879,0.0985,26.77,80.2,,,,,,
2026-07-30T19:53:39.777350+00:00,S030,mounted,true,healthy,none,2100,healthy_horizontal_no_load_2100rpm,2256221,2125,301,991,1345,6,0,1961877,9,333,76,0,3,1649,1494,1242,64,139,1597,16383,1653,1642,1650097,808,1913,2067,523171,11951,8,382510,1496,65408,909,2256122432,2256222085,0,2256222099,2256222614,3369905027,17853305,0.0985,1637.0,0.05592363827294777,-0.20078986453016467,0.0985,26.62,79.9,,,,,,
2026-07-30T19:53:39.875944+00:00,S030,mounted,true,healthy,none,2100,healthy_horizontal_no_load_2100rpm,2256321,2130,300,988,1341,2,0,1961962,9,333,77,0,3,1649,1494,1218,65,147,1590,16383,1652,1642,1634557,800,2001,2073,523257,11952,8,382508,1496,65409,909,2256223019,2256322139,0,2256322149,2256322663,3339777761,17856294,0.0985,1637.0,0.06563633734939733,-0.05437551807228935,0.0985,26.83,80.3,,,,,,
2026-07-30T19:53:39.967054+00:00,S030,mounted,true,healthy,none,2100,healthy_horizontal_no_load_2100rpm,2256421,2132,302,988,1342,1,0,1962048,9,333,76,0,3,1649,1494,1235,65,147,1593,16383,1654,1643,1633899,800,1999,2071,523219,11954,8,382509,1496,65410,909,2256323068,2256422237,0,2256422251,2256422766,3337089313,17862268,0.0985,1637.0,0.06172512615024228,-0.05826665032625078,0.0985,26.74,80.1,,,,,,
2026-07-30T19:53:40.068730+00:00,S030,mounted,true,healthy,none,2100,healthy_horizontal_no_load_2100rpm,2256521,2132,298,988,1338,5,0,1962133,9,333,76,0,3,1649,1495,1240,64,146,1596,16383,1656,1640,1633965,800,1998,2227,523173,11957,8,382516,1496,65411,909,2256423171,2256522260,0,2256522274,2256522789,3337400593,17871233,0.0985,1637.0,0.32077611867525313,-0.06076863937442489,0.0985,26.65,80.0,,,,,,
2026-07-30T19:53:40.162991+00:00,S030,mounted,true,healthy,none,2100,healthy_horizontal_no_load_2100rpm,2256621,2132,296,988,1335,4,0,1962218,9,333,76,0,3,1649,1494,1221,64,138,1596,16383,1652,1644,1634588,800,2007,2082,523233,11954,8,382516,1496,65412,909,2256523198,2256622300,0,2256622310,2256622825,3339908238,17862268,0.0985,1637.0,0.08005720311192865,-0.0449342307177516,0.0985,26.65,80.0,,,,,,
2026-07-30T19:53:40.257890+00:00,S030,mounted,true,healthy,none,2100,healthy_horizontal_no_load_2100rpm,2256721,2129,299,990,1342,6,0,1962303,9,333,76,0,3,1649,1494,1238,64,138,1594,16383,1652,1644,1634201,800,1881,2069,523244,11951,8,382511,1496,65413,909,2256623230,2256722342,0,2256722351,2256722865,3338356729,17853305,0.0985,1637.0,0.05925757986779345,-0.2541329300476951,0.0985,26.71,80.1,,,,,,
2026-07-30T19:53:40.401930+00:00,S030,mounted,true,healthy,none,2100,healthy_horizontal_no_load_2100rpm,2256821,2133,301,987,1340,3,0,1962389,9,333,76,0,3,1649,1494,1222,64,137,1599,16383,1654,1641,1634254,800,2009,2113,523237,11954,8,382512,1496,65414,909,2256723270,2256822390,0,2256822404,2256822919,3338549072,17862266,0.0985,1637.0,0.13172032909486298,-0.041601125815626805,0.0985,26.56,79.8,,,,,,
2026-07-30T19:53:40.493485+00:00,S030,mounted,true,healthy,none,2100,healthy_horizontal_no_load_2100rpm,2256922,2130,301,989,1343,1,0,1962474,9,333,77,0,3,1649,1494,1209,64,137,1600,16383,1653,1641,1650843,808,2005,2135,523256,11954,8,382513,1496,65415,909,2256823324,2256922977,0,2256923051,2256923566,3372939189,17862268,0.0985,1637.0,0.16838448301823616,-0.048267335619876395,0.0985,26.53,79.7,,,,,,
2026-07-30T19:53:40.584507+00:00,S030,mounted,true,healthy,none,2100,healthy_horizontal_no_load_2100rpm,2257022,2127,295,995,1342,4,0,1962560,9,333,76,0,2,1649,1495,1238,65,135,1599,16383,1652,1640,1634434,800,2017,2079,523256,11956,8,382517,1496,65416,909,2256923971,2257023185,0,2257023263,2257023779,3339273378,17868244,0.0985,1637.0,0.07447796018735353,-0.028831007360321514,0.0985,26.56,79.8,,,,,,
2026-07-30T19:53:40.668161+00:00,S030,mounted,true,healthy,none,2100,healthy_horizontal_no_load_2100rpm,2257122,2132,300,988,1340,6,0,1962645,9,333,77,0,2,1649,1494,1211,64,141,1603,16383,1654,1642,1634729,800,2001,2271,523290,11954,8,382517,1496,65417,909,2257024188,2257123253,0,2257123327,2257123842,3340543603,17862270,0.0985,1637.0,0.39503561636272355,-0.054933545424125985,0.0985,26.43,79.6,,,,,,
2026-07-30T19:53:40.766864+00:00,S030,mounted,true,healthy,none,2100,healthy_horizontal_no_load_2100rpm,2257223,2128,298,992,1343,3,0,1962731,9,333,76,0,3,1649,1494,1219,64,141,1599,16383,1653,1643,1650172,808,2011,2069,523199,11955,8,382519,1496,65418,909,2257124247,2257224090,0,2257224099,2257224615,3370189972,17865255,0.0985,1637.0,0.0581035982434126,-0.03854835859473038,0.0985,26.56,79.8,,,,,,
2026-07-30T19:53:40.865271+00:00,S030,mounted,true,healthy,none,2100,healthy_horizontal_no_load_2100rpm,2257323,2130,298,989,1339,1,0,1962816,9,333,76,0,3,1649,1494,1203,60,137,1597,16383,1652,1640,1634300,800,1987,2077,523185,11951,8,382514,1496,65419,909,2257225020,2257324097,0,2257324107,2257324621,3338738168,17853305,0.0985,1637.0,0.07259334624717573,-0.07743402552087719,0.0985,26.62,79.9,,,,,,
2026-07-30T19:53:40.998775+00:00,S030,mounted,true,healthy,none,2100,healthy_horizontal_no_load_2100rpm,2257423,2130,300,990,1342,4,0,1962902,9,333,76,0,3,1649,1494,1218,64,141,1597,16383,1652,1643,1634145,800,2011,2069,523181,11951,8,382509,1496,65420,909,2257325026,2257424210,0,2257424225,2257424740,3338099087,17853303,0.0985,1637.0,0.05925757986779345,-0.037426726382729925,0.0985,26.62,79.9,,,,,,
2026-07-30T19:53:41.090346+00:00,S030,mounted,true,healthy,none,2100,healthy_horizontal_no_load_2100rpm,2257523,2127,300,990,1343,6,0,1962987,9,333,76,0,3,1649,1494,1208,64,141,1594,16383,1654,1642,1634197,800,1883,2103,523203,11953,8,382509,1496,65421,909,2257425145,2257524259,0,2257524273,2257524789,3338343805,17859281,0.0985,1637.0,0.11534801631389602,-0.2513241965197026,0.0985,26.71,80.1,,,,,,
2026-07-30T19:53:41.188858+00:00,S030,mounted,true,healthy,none,2100,healthy_horizontal_no_load_2100rpm,2257623,2133,300,987,1339,2,0,1963072,9,333,76,0,3,1649,1494,1221,61,143,1598,16383,1652,1642,1634694,800,2009,2071,523249,11953,8,382509,1496,65422,909,2257525194,2257624300,0,2257624309,2257624824,3340337130,17859281,0.0985,1637.0,0.06201387626537258,-0.04132102007864136,0.0985,26.59,79.9,,,,,,
2026-07-30T19:53:41.280579+00:00,S030,mounted,true,healthy,none,2100,healthy_horizontal_no_load_2100rpm,2257724,2128,300,990,1343,1,0,1963158,9,333,77,0,3,1649,1494,1205,61,143,1597,16383,1652,1644,1650638,808,1965,2071,523257,11953,8,382509,1496,65423,909,2257625229,2257724996,0,2257725074,2257725589,3372099540,17859279,0.0985,1637.0,0.06201387626537258,-0.11465546264536108,0.0985,26.62,79.9,,,,,,
2026-07-30T19:53:41.371029+00:00,S030,mounted,true,healthy,none,2100,healthy_horizontal_no_load_2100rpm,2257824,2132,302,987,1341,5,0,1963243,9,333,77,0,3,1649,1494,1203,61,147,1595,16383,1654,1640,1634570,800,1998,2167,523234,11951,8,382505,1496,65424,909,2257725998,2257825375,0,2257825449,2257825964,3339856590,17853305,0.0985,1637.0,0.22262071801522865,-0.05909734674922662,0.0985,26.68,80.0,,,,,,
2026-07-30T19:53:41.475602+00:00,S030,mounted,true,healthy,none,2100,healthy_horizontal_no_load_2100rpm,2257924,2131,300,990,1342,6,0,1963329,9,333,76,0,2,1649,1495,1189,60,137,1596,16383,1653,1643,1634419,800,2002,2080,523214,11956,8,382510,1496,65425,909,2257826369,2257925430,0,2257925509,2257926024,3339216183,17868244,0.0985,1637.0,0.07614423385747715,-0.053825112412178466,0.0985,26.65,80.0,,,,,,
2026-07-30T19:53:41.566341+00:00,S030,mounted,true,healthy,none,2100,healthy_horizontal_no_load_2100rpm,2258025,2132,299,988,1339,2,0,1963414,9,333,76,0,3,1649,1495,1205,60,137,1598,16383,1653,1642,1650347,808,1988,2125,523178,11957,8,382517,1496,65426,909,2257926429,2258026095,0,2258026104,2258026618,3370920993,17871233,0.0985,1637.0,0.15083041858325652,-0.07742998252069944,0.0985,26.59,79.9,,,,,,
2026-07-30T19:53:41.707794+00:00,S030,mounted,true,healthy,none,2100,healthy_horizontal_no_load_2100rpm,2258125,2130,300,989,1341,1,0,1963500,9,333,76,0,3,1649,1495,1195,60,132,1600,16383,1655,1643,1634692,800,2005,2075,523234,11957,8,382523,1496,65427,909,2258027023,2258126154,0,2258126168,2258126683,3340337598,17871233,0.0985,1637.0,0.06752370285188558,-0.04910569917203311,0.0985,26.53,79.7,,,,,,
2026-07-30T19:53:41.802365+00:00,S030,mounted,true,healthy,none,2100,healthy_horizontal_no_load_2100rpm,2258225,2129,299,988,1339,5,0,1963585,9,333,76,0,3,1649,1495,1188,58,132,1594,16383,1654,1644,1635132,800,1955,2142,523310,11957,8,382529,1496,65428,909,2258127088,2258226242,0,2258226251,2258226766,3342148420,17871233,0.0985,1637.0,0.17915470193192284,-0.13241241490340405,0.0985,26.71,80.1,,,,,,
2026-07-30T19:53:41.891592+00:00,S030,mounted,true,healthy,none,2100,healthy_horizontal_no_load_2100rpm,2258325,2132,300,987,1339,4,0,1963670,9,333,76,0,3,1649,1494,1193,58,132,1594,16383,1654,1642,1634321,800,2002,2171,523249,11955,8,382530,1496,65429,909,2258227171,2258326279,0,2258326289,2258326803,3338834855,17865255,0.0985,1637.0,0.22807772923462988,-0.05354607603513184,0.0985,26.71,80.1,,,,,,
2026-07-30T19:53:41.987324+00:00,S030,mounted,true,healthy,none,2100,healthy_horizontal_no_load_2100rpm,2258425,2130,301,988,1342,2,0,1963756,9,333,77,0,3,1649,1495,1217,59,129,1597,16383,1653,1642,1634496,800,1988,2141,523260,11956,8,382533,1496,65430,909,2258327208,2258426319,0,2258426333,2258426848,3339533222,17868246,0.0985,1637.0,0.17778692773502813,-0.07715294379391135,0.0985,26.62,79.9,,,,,,
2026-07-30T19:53:42.081029+00:00,S030,mounted,true,healthy,none,2100,healthy_horizontal_no_load_2100rpm,2258525,2129,298,990,1340,3,0,1963841,9,333,76,0,3,1649,1494,1226,59,129,1597,16383,1652,1645,1634497,800,1911,2071,523265,11951,8,382527,1496,65431,909,2258427253,2258526361,0,2258526375,2258526891,3339544735,17853303,0.0985,1637.0,0.06259152146263913,-0.2041238061250108,0.0985,26.62,79.9,,,,,,
2026-07-30T19:53:42.174753+00:00,S030,mounted,true,healthy,none,2100,healthy_horizontal_no_load_2100rpm,2258626,2133,300,987,1339,5,0,1963927,9,333,77,0,3,1649,1495,1198,59,132,1595,16383,1654,1641,1650477,808,1939,2071,523257,11958,8,382535,1496,65432,909,2258527299,2258627073,0,2258627152,2258627667,3371465985,17874222,0.0985,1637.0,0.06057060863020558,-0.15934072905168106,0.0985,26.68,80.0,,,,,,
2026-07-30T19:53:42.269871+00:00,S030,mounted,true,healthy,none,2100,healthy_horizontal_no_load_2100rpm,2258726,2131,296,989,1336,4,0,1964012,9,333,76,0,3,1649,1494,1205,61,126,1594,16383,1653,1643,1634921,800,2003,2081,523262,11952,8,382531,1496,65433,909,2258628076,2258727212,0,2258727286,2258727800,3341270951,17856292,0.0985,1637.0,0.07897098795180701,-0.05104185542168693,0.0985,26.71,80.1,,,,,,
2026-07-30T19:53:42.411144+00:00,S030,mounted,true,healthy,none,2100,healthy_horizontal_no_load_2100rpm,2258826,2130,300,989,1342,6,0,1964097,9,333,76,0,3,1649,1495,1193,61,126,1592,16383,1653,1641,1634697,800,1951,2113,523269,11959,8,382540,1496,65434,909,2258728205,2258827287,0,2258827361,2258827875,3340362589,17877211,0.0985,1637.0,0.1302480382138973,-0.1396205809014135,0.0985,26.77,80.2,,,,,,
2026-07-30T19:53:42.502644+00:00,S030,mounted,true,healthy,none,2100,healthy_horizontal_no_load_2100rpm,2258926,2131,301,989,1342,3,0,1964183,9,333,76,0,3,1649,1495,1235,61,123,1594,16383,1652,1640,1634623,800,2008,2074,523274,11959,8,382549,1496,65435,909,2258828280,2258927340,0,2258927419,2258927934,3340052311,17877211,0.0985,1637.0,0.06527966694539611,-0.044666807508989326,0.0985,26.71,80.1,,,,,,
2026-07-30T19:53:42.596227+00:00,S030,mounted,true,healthy,none,2100,healthy_horizontal_no_load_2100rpm,2259027,2132,299,988,1339,5,0,1964269,9,333,77,0,3,1649,1495,1238,64,123,1595,16383,1652,1641,1650988,808,2005,2071,523267,11956,8,382551,1496,65436,909,2258928343,2259028067,0,2259028082,2259028597,3373532770,17868244,0.0985,1637.0,0.061147770826363246,-0.048826291401807165,0.0985,26.68,80.0,,,,,,
2026-07-30T19:53:42.691369+00:00,S030,mounted,true,healthy,none,2100,healthy_horizontal_no_load_2100rpm,2259127,2132,298,989,1339,4,0,1964354,9,333,76,0,3,1649,1494,1219,64,123,1596,16383,1652,1642,1633730,800,1841,2073,523191,11952,8,382546,1496,65437,909,2259029002,2259128280,0,2259128289,2259128804,3336445346,17856292,0.0985,1637.0,0.06563633734939733,-0.3210685301204821,0.0985,26.65,80.0,,,,,,
2026-07-30T19:53:42.784046+00:00,S030,mounted,true,healthy,none,2100,healthy_horizontal_no_load_2100rpm,2259227,2128,301,990,1344,6,0,1964439,9,333,77,0,3,1649,1494,1238,63,128,1599,16383,1653,1643,1634147,800,2013,2075,523178,11955,8,382546,1496,65438,909,2259129209,2259228322,0,2259228332,2259228846,3338104019,17865255,0.0985,1637.0,0.06810207653701328,-0.03521553249686349,0.0985,26.56,79.8,,,,,,
2026-07-30T19:53:42.876722+00:00,S030,mounted,true,healthy,none,2100,healthy_horizontal_no_load_2100rpm,2259327,2131,302,987,1341,3,0,1964525,9,333,77,0,3,1649,1495,1239,63,128,1597,16383,1655,1643,1633919,800,2013,2071,523134,11956,8,382548,1496,65439,909,2259229251,2259328367,0,2259328382,2259328897,3337170861,17868244,0.0985,1637.0,0.061147770826363246,-0.03549610204081688,0.0985,26.62,79.9,,,,,,
2026-07-30T19:53:42.970442+00:00,S030,mounted,true,healthy,none,2100,healthy_horizontal_no_load_2100rpm,2259427,2132,300,988,1340,1,0,1964610,9,333,76,0,3,1648,1495,1198,65,137,1595,16383,1651,1643,1634027,800,1995,2081,523085,11957,8,382552,1496,65440,909,2259329302,2259428391,0,2259428405,2259428920,3337616445,17871233,0.0947,1637.0,0.07752050873964977,-0.06576704231830766,0.0947,26.68,80.0,,,,,,
2026-07-30T19:53:43.110470+00:00,S030,mounted,true,healthy,none,2100,healthy_horizontal_no_load_2100rpm,2259528,2133,298,988,1338,4,0,1964696,9,333,76,0,3,1648,1494,1232,62,134,1593,16383,1652,1643,1650323,808,2001,2073,523057,11949,8,382541,1496,65441,909,2259429329,2259529221,0,2259529300,2259529815,3370805187,17847327,0.0947,1637.0,0.06650385965352745,-0.053538126788852836,0.0947,26.74,80.1,,,,,,
2026-07-30T19:53:43.203965+00:00,S030,mounted,true,healthy,none,2100,healthy_horizontal_no_load_2100rpm,2259628,2130,300,989,1341,6,0,1964781,9,333,76,0,2,1648,1494,1243,62,134,1590,16383,1651,1639,1633816,800,2007,2071,523011,11952,8,382537,1496,65442,909,2259530224,2259629306,0,2259629380,2259629895,3336746486,17856292,0.0947,1637.0,0.06230267469879491,-0.04437453012048209,0.0947,26.83,80.3,,,,,,
2026-07-30T19:53:43.297324+00:00,S030,mounted,true,healthy,none,2100,healthy_horizontal_no_load_2100rpm,2259729,2131,299,989,1340,3,0,1964867,9,333,77,0,3,1648,1494,1224,62,128,1591,16383,1653,1645,1650563,808,1885,2077,523059,11954,8,382537,1496,65443,909,2259630301,2259730075,0,2259730085,2259730600,3371833541,17862268,0.0947,1637.0,0.07172444085661667,-0.24825362974736498,0.0947,26.8,80.2,,,,,,
2026-07-30T19:53:43.392648+00:00,S030,mounted,true,healthy,none,2100,healthy_horizontal_no_load_2100rpm,2259829,2132,296,988,1336,1,0,1964952,9,333,76,0,2,1648,1494,1235,64,135,1599,16383,1652,1643,1634396,800,1955,2073,523071,11955,8,382538,1496,65444,909,2259731005,2259830164,0,2259830174,2259830689,3339128880,17865259,0.0947,1637.0,0.06476925043914683,-0.13186748933500647,0.0947,26.56,79.8,,,,,,
2026-07-30T19:53:43.487327+00:00,S030,mounted,true,healthy,none,2100,healthy_horizontal_no_load_2100rpm,2259929,2132,297,991,1340,4,0,1965038,9,333,76,0,2,1649,1494,1235,64,135,1597,16383,1654,1643,1634825,800,1969,2083,523167,11952,8,382534,1496,65445,909,2259831094,2259930193,0,2259930208,2259930723,3340882669,17856292,0.0985,1637.0,0.08230465060240943,-0.10771412048192808,0.0985,26.62,79.9,,,,,,
2026-07-30T19:53:43.580123+00:00,S030,mounted,true,healthy,none,2100,healthy_horizontal_no_load_2100rpm,2260029,2129,294,990,1336,6,0,1965123,9,333,76,0,3,1649,1494,1229,64,136,1601,16383,1653,1643,1634846,800,2009,2107,523238,11955,8,382535,1496,65446,909,2259931128,2260030257,0,2260030266,2260030781,3340960612,17865257,0.0985,1637.0,0.12142729410288533,-0.04188118469259772,0.0985,26.5,79.7,,,,,,
2026-07-30T19:53:43.672869+00:00,S030,mounted,true,healthy,none,2100,healthy_horizontal_no_load_2100rpm,2260129,2130,300,988,1341,2,0,1965208,9,333,77,0,3,1649,1494,1235,64,136,1599,16383,1653,1643,1634400,800,1917,2079,523240,11954,8,382535,1496,65447,909,2260031187,2260130417,0,2260130427,2260130942,3339162084,17862270,0.0985,1637.0,0.07505754575874146,-0.19492395131336782,0.0985,26.56,79.8,,,,,,
2026-07-30T19:53:43.815017+00:00,S030,mounted,true,healthy,none,2100,healthy_horizontal_no_load_2100rpm,2260230,2132,299,989,1340,1,0,1965294,9,333,76,0,3,1649,1494,1255,64,129,1592,16383,1652,1644,1650616,808,1887,2171,523233,11953,8,382533,1496,65448,909,2260131347,2260231187,0,2260231261,2260231776,3372053412,17859279,0.0985,1637.0,0.22868306391700788,-0.24465742901363674,0.0985,26.77,80.2,,,,,,
2026-07-30T19:53:43.910243+00:00,S030,mounted,true,healthy,none,2100,healthy_horizontal_no_load_2100rpm,2260330,2129,298,989,1340,4,0,1965380,9,333,76,0,3,1649,1494,1189,65,132,1593,16383,1654,1643,1634165,800,2015,2071,523201,11953,8,382531,1496,65449,909,2260232181,2260331393,0,2260331471,2260331986,3338172983,17859281,0.0985,1637.0,0.06201387626537258,-0.031320868819543435,0.0985,26.74,80.1,,,,,,
2026-07-30T19:53:44.003611+00:00,S030,mounted,true,healthy,none,2100,healthy_horizontal_no_load_2100rpm,2260431,2130,300,987,1340,6,0,1965465,9,333,77,0,3,1649,1494,1198,65,132,1605,16383,1652,1643,1650992,808,2013,2075,523244,11953,8,382529,1496,65450,909,2260332392,2260432061,0,2260432071,2260432585,3373538652,17859279,0.0985,1637.0,0.06868064377143801,-0.03465425257257637,0.0985,26.37,79.5,,,,,,
2026-07-30T19:53:44.097925+00:00,S030,mounted,true,healthy,none,2100,healthy_horizontal_no_load_2100rpm,2260531,2131,300,989,1341,3,0,1965551,9,333,76,0,3,1649,1494,1214,65,134,1598,16383,1652,1642,1633946,800,1895,2131,523188,11955,8,382530,1496,65451,909,2260432990,2260532097,0,2260532111,2260532626,3337315802,17865255,0.0985,1637.0,0.16142120727728937,-0.23185227227101635,0.0985,26.59,79.9,,,,,,
2026-07-30T19:53:44.189059+00:00,S030,mounted,true,healthy,none,2100,healthy_horizontal_no_load_2100rpm,2260631,2132,301,988,1341,1,0,1965636,9,333,76,0,3,1649,1494,1216,58,120,1591,16383,1655,1643,1634723,800,1967,2375,523202,11955,8,382531,1496,65452,909,2260533035,2260632227,0,2260632236,2260632750,3340578453,17865257,0.0985,1637.0,0.5680259912170635,-0.11187053274780467,0.0985,26.8,80.2,,,,,,
2026-07-30T19:53:44.284288+00:00,S030,mounted,true,healthy,none,2100,healthy_horizontal_no_load_2100rpm,2260731,2129,298,991,1342,5,0,1965721,9,333,76,0,3,1649,1494,1245,58,120,1595,16383,1653,1643,1634562,800,1945,2202,523220,11954,8,382531,1496,65453,909,2260633155,2260732270,0,2260732279,2260732794,3339831926,17862266,0.0985,1637.0,0.28004349723941724,-0.1482604826836207,0.0985,26.68,80.0,,,,,,
2026-07-30T19:53:44.378857+00:00,S030,mounted,true,healthy,none,2100,healthy_horizontal_no_load_2100rpm,2260831,2122,299,994,1347,4,0,1965806,9,333,77,0,3,1649,1495,1209,56,109,1594,16383,1654,1639,1634303,800,1967,2071,523215,11957,8,382536,1496,65454,909,2260733199,2260832299,0,2260832309,2260832824,3338744853,17871233,0.0985,1637.0,0.06085916559337612,-0.11241880312787478,0.0985,26.71,80.1,,,,,,
2026-07-30T19:53:44.519346+00:00,S030,mounted,true,healthy,none,2100,healthy_horizontal_no_load_2100rpm,2260931,2105,298,1003,1357,6,0,1965891,9,333,76,0,2,1649,1494,1220,56,109,1593,16383,1652,1640,1633842,800,2005,2091,523157,11953,8,382534,1496,65455,909,2260833229,2260932343,0,2260932357,2260932872,3336865404,17859277,0.0985,1637.0,0.09534771379569973,-0.04798778758470679,0.0985,26.74,80.1,,,,,,
2026-07-30T19:53:44.605837+00:00,S030,mounted,true,healthy,none,2100,healthy_horizontal_no_load_2100rpm,2261031,2101,299,1003,1359,6,0,1965975,9,333,77,0,3,1649,1494,1202,60,114,1595,16383,1653,1642,1634502,800,1953,2111,523184,11955,8,382535,1496,65456,909,2260933282,2261032392,0,2261032406,2261032921,3339570150,17865257,0.0985,1637.0,0.12809294629861956,-0.1352003154328738,0.0985,26.68,80.0,,,,,,
2026-07-30T19:53:44.707701+00:00,S030,mounted,true,healthy,none,2100,healthy_horizontal_no_load_2100rpm,2261131,2117,299,995,1348,6,0,1966059,9,333,76,0,3,1649,1494,1190,60,119,1599,16383,1656,1643,1635168,800,2009,2069,523281,11954,8,382535,1496,65457,909,2261033331,2261132425,0,2261132435,2261132949,3342271012,17862268,0.0985,1637.0,0.05839202124811749,-0.041601125815626805,0.0985,26.56,79.8,,,,,,
2026-07-30T19:53:44.803069+00:00,S030,mounted,true,healthy,none,2100,healthy_horizontal_no_load_2100rpm,2261232,2123,298,993,1344,3,0,1966145,9,333,77,0,3,1649,1495,1188,60,119,1594,16383,1652,1642,1650390,808,2009,2085,523216,11957,8,382540,1496,65458,909,2261133354,2261233071,0,2261233150,2261233665,3371085404,17871233,0.0985,1637.0,0.08418504599815968,-0.04244116191352365,0.0985,26.71,80.1,,,,,,
2026-07-30T19:53:44.895888+00:00,S030,mounted,true,healthy,none,2100,healthy_horizontal_no_load_2100rpm,2261332,2127,299,990,1342,1,0,1966230,9,333,77,0,3,1649,1494,1204,63,117,1594,16383,1652,1644,1634250,800,1955,2123,523225,11951,8,382534,1496,65459,909,2261234074,2261333346,0,2261333420,2261333935,3338538332,17853303,0.0985,1637.0,0.14927400292862503,-0.13077709103840718,0.0985,26.71,80.1,,,,,,
2026-07-30T19:53:44.985706+00:00,S030,mounted,true,healthy,none,2100,healthy_horizontal_no_load_2100rpm,2261433,2132,300,989,1341,4,0,1966316,9,333,77,0,3,1649,1494,1208,65,134,1589,16383,1653,1643,1634481,800,2011,2193,523252,11952,8,382530,1496,65460,909,2261334341,2261433574,0,2261433652,2261434167,3339488295,17856292,0.0985,1637.0,0.2656560963855421,-0.03770720481927725,0.0985,26.86,80.4,,,,,,
2026-07-30T19:53:45.128263+00:00,S030,mounted,true,healthy,none,2100,healthy_horizontal_no_load_2100rpm,2261533,2132,301,987,1340,6,0,1966401,9,333,77,0,3,1649,1495,1195,65,134,1594,16383,1652,1644,1650865,808,1972,2081,523265,11956,8,382533,1496,65461,909,2261434572,2261534125,0,2261534135,2261534649,3373025923,17868244,0.0985,1637.0,0.07781050752760077,-0.10381332251589193,0.0985,26.71,80.1,,,,,,
2026-07-30T19:53:45.219810+00:00,S030,mounted,true,healthy,none,2100,healthy_horizontal_no_load_2100rpm,2261633,2129,298,990,1341,3,0,1966487,9,333,77,0,3,1649,1494,1201,64,138,1600,16383,1652,1643,1634061,800,1995,2227,523243,11953,8,382531,1496,65462,909,2261535054,2261634159,0,2261634173,2261634688,3337794313,17859281,0.0985,1637.0,0.32201780900192434,-0.06465470634987058,0.0985,26.53,79.7,,,,,,
2026-07-30T19:53:45.311339+00:00,S030,mounted,true,healthy,none,2100,healthy_horizontal_no_load_2100rpm,2261733,2135,297,986,1334,1,0,1966572,9,333,76,0,3,1649,1495,1199,64,138,1598,16383,1653,1641,1634193,800,1991,2071,523246,11956,8,382534,1496,65463,909,2261635094,2261734210,0,2261734220,2261734735,3338293763,17868244,0.0985,1637.0,0.061147770826363246,-0.07215412278354005,0.0985,26.59,79.9,,,,,,
2026-07-30T19:53:45.409386+00:00,S030,mounted,true,healthy,none,2100,healthy_horizontal_no_load_2100rpm,2261833,2130,294,990,1335,5,0,1966657,9,333,75,0,2,1649,1494,1185,63,138,1596,16383,1653,1643,1634669,800,1999,2067,523272,11955,8,382535,1496,65464,909,2261735144,2261834243,0,2261834252,2261834767,3340238845,17865257,0.0985,1637.0,0.05477077214554571,-0.05854531518193262,0.0985,26.65,80.0,,,,,,
2026-07-30T19:53:45.501351+00:00,S030,mounted,true,healthy,none,2100,healthy_horizontal_no_load_2100rpm,2261933,2129,294,991,1337,4,0,1966742,9,333,76,1,3,1649,1494,1196,62,130,1601,16383,1651,1643,1633332,800,1905,2069,523171,11954,8,382535,1496,65465,909,2261835172,2261934276,0,2261934285,2261934800,3334788650,17862268,0.0985,1637.0,0.05839202124811749,-0.21492258072611703,0.0985,26.5,79.7,,,,,,
2026-07-30T19:53:45.594813+00:00,S030,mounted,true,healthy,none,2100,healthy_horizontal_no_load_2100rpm,2262033,2131,299,989,1340,2,0,1966828,9,333,76,0,3,1649,1494,1213,62,130,1593,16383,1655,1645,1634974,800,1924,2202,523260,11953,8,382533,1496,65466,909,2261935208,2262034350,0,2262034364,2262034879,3341528750,17859281,0.0985,1637.0,0.28035051208901507,-0.18298982958253163,0.0985,26.74,80.1,,,,,,
2026-07-30T19:53:45.689675+00:00,S030,mounted,true,healthy,none,2100,healthy_horizontal_no_load_2100rpm,2262133,2131,295,989,1335,3,0,1966913,9,333,76,0,3,1649,1495,1214,63,129,1596,16383,1654,1643,1634173,800,2011,2111,523247,11956,8,382536,1496,65467,909,2262035288,2262134376,0,2262134385,2262134900,3338212527,17868244,0.0985,1637.0,0.12779871763131467,-0.03882864938106412,0.0985,26.65,80.0,,,,,,
2026-07-30T19:53:45.830709+00:00,S030,mounted,true,healthy,none,2100,healthy_horizontal_no_load_2100rpm,2262234,2131,296,989,1336,5,0,1966999,9,333,76,0,2,1649,1495,1203,63,129,1597,16383,1651,1644,1650399,808,1985,2077,523206,11956,8,382539,1496,65468,909,2262135304,2262235093,0,2262235172,2262235687,3371122685,17868244,0.0985,1637.0,0.07114541284710585,-0.08215176480428266,0.0985,26.62,79.9,,,,,,
2026-07-30T19:53:45.923882+00:00,S030,mounted,true,healthy,none,2100,healthy_horizontal_no_load_2100rpm,2262334,2130,299,990,1341,4,0,1967084,9,333,77,0,3,1649,1494,1205,63,129,1597,16383,1653,1640,1634176,800,1913,2067,523232,11954,8,382539,1496,65469,909,2262236092,2262335169,0,2262335243,2262335762,3338239100,17862266,0.0985,1637.0,0.05505891634599269,-0.2015901611176174,0.0985,26.62,79.9,,,,,,
2026-07-30T19:53:46.020672+00:00,S030,mounted,true,healthy,none,2100,healthy_horizontal_no_load_2100rpm,2262434,2130,300,988,1341,6,0,1967169,9,333,77,0,3,1649,1495,1200,60,126,1596,16383,1655,1642,1634668,800,1967,2245,523286,11958,8,382546,1496,65470,909,2262336167,2262435245,0,2262435318,2262435834,3340287564,17874222,0.0985,1637.0,0.350453735574511,-0.11269286954340174,0.0985,26.65,80.0,,,,,,
2026-07-30T19:53:46.112819+00:00,S030,mounted,true,healthy,none,2100,healthy_horizontal_no_load_2100rpm,2262534,2131,298,989,1339,3,0,1967255,9,333,77,0,3,1649,1494,1224,60,126,1593,16383,1653,1643,1634009,800,2007,2065,523218,11954,8,382545,1496,65471,909,2262436239,2262535320,0,2262535399,2262535914,3337539503,17862270,0.0985,1637.0,0.0517258114438679,-0.0449342307177516,0.0985,26.74,80.1,,,,,,
2026-07-30T19:53:46.204313+00:00,S030,mounted,true,healthy,none,2100,healthy_horizontal_no_load_2100rpm,2262634,2131,296,993,1341,1,0,1967340,9,333,76,0,3,1649,1494,1211,61,122,1597,16383,1653,1643,1634425,800,2006,2091,523246,11955,8,382545,1496,65472,909,2262536322,2262635432,0,2262635506,2262636021,3339241415,17865257,0.0985,1637.0,0.09476468531994975,-0.04688042383939761,0.0985,26.62,79.9,,,,,,
2026-07-30T19:53:46.295473+00:00,S030,mounted,true,healthy,none,2100,healthy_horizontal_no_load_2100rpm,2262735,2131,294,990,1335,4,0,1967426,9,333,76,0,3,1649,1495,1232,61,124,1595,16383,1653,1641,1650798,808,1961,2127,523234,11957,8,382549,1496,65473,909,2262636426,2262736160,0,2262736170,2262736685,3372769496,17871235,0.0985,1637.0,0.15416268721251125,-0.12241560901563941,0.0985,26.68,80.0,,,,,,
2026-07-30T19:53:46.387258+00:00,S030,mounted,true,healthy,none,2100,healthy_horizontal_no_load_2100rpm,2262835,2129,300,990,1343,6,0,1967511,9,333,77,0,3,1649,1494,1244,61,124,1596,16383,1652,1642,1634342,800,1951,2127,523257,11954,8,382548,1496,65474,909,2262737093,2262836237,0,2262836247,2262836762,3338919788,17862268,0.0985,1637.0,0.15505206340973698,-0.1382611679772463,0.0985,26.65,80.0,,,,,,
2026-07-30T19:53:46.485751+00:00,S030,mounted,true,healthy,none,2100,healthy_horizontal_no_load_2100rpm,2262935,2133,301,987,1340,3,0,1967597,9,333,76,0,3,1649,1495,1228,61,119,1596,16383,1654,1643,1635122,800,2010,2073,523308,11958,8,382554,1496,65475,909,2262837167,2262936414,0,2262936428,2262936943,3342087716,17874222,0.0985,1637.0,0.06390259859508252,-0.041055085298544736,0.0985,26.65,80.0,,,,,,
2026-07-30T19:53:46.626337+00:00,S030,mounted,true,healthy,none,2100,healthy_horizontal_no_load_2100rpm,2263036,2129,300,990,1343,5,0,1967683,9,333,77,0,3,1649,1494,1236,59,111,1595,16383,1655,1643,1650757,808,2003,2079,523245,11953,8,382551,1496,65476,909,2262937352,2263037072,0,2263037307,2263037822,3372582113,17859281,0.0985,1637.0,0.075347411277503,-0.051321171337739724,0.0985,26.68,80.0,,,,,,
2026-07-30T19:53:46.715435+00:00,S030,mounted,true,healthy,none,2100,healthy_horizontal_no_load_2100rpm,2263136,2131,298,990,1340,4,0,1967768,9,333,76,0,3,1649,1494,1229,59,111,1589,16383,1652,1639,1634559,800,2003,2069,523264,11948,8,382538,1496,65477,909,2263038231,2263137310,0,2263137388,2263137904,3339793231,17844342,0.0985,1637.0,0.0601235731503178,-0.049924124204888454,0.0985,26.86,80.4,,,,,,
2026-07-30T19:53:46.812710+00:00,S030,mounted,true,healthy,none,2100,healthy_horizontal_no_load_2100rpm,2263236,2131,298,989,1339,6,0,1967853,9,333,76,0,3,1649,1495,1216,59,116,1591,16383,1652,1641,1634039,800,2011,2071,523248,11956,8,382541,1496,65478,909,2263138312,2263237374,0,2263237448,2263237962,3337666795,17868246,0.0985,1637.0,0.061147770826363246,-0.03882864938106412,0.0985,26.8,80.2,,,,,,
2026-07-30T19:53:46.907456+00:00,S030,mounted,true,healthy,none,2100,healthy_horizontal_no_load_2100rpm,2263337,2130,300,990,1342,3,0,1967939,9,333,77,0,3,1649,1494,1264,59,116,1598,16383,1652,1642,1650243,808,1974,2185,523202,11951,8,382535,1496,65479,909,2263238367,2263338084,0,2263338094,2263338609,3370511285,17853305,0.0985,1637.0,0.2526261923688393,-0.09910464588737389,0.0985,26.59,79.9,,,,,,
2026-07-30T19:53:47.002019+00:00,S030,mounted,true,healthy,none,2100,healthy_horizontal_no_load_2100rpm,2263437,2130,300,990,1342,1,0,1968024,9,333,77,1,3,1649,1494,1228,62,126,1597,16383,1654,1643,1635079,800,2013,2067,523262,11952,8,382531,1496,65480,909,2263339013,2263438130,0,2263438139,2263438653,3341910573,17856292,0.0985,1637.0,0.05563534939759052,-0.03437354216867483,0.0985,26.62,79.9,,,,,,
2026-07-30T19:53:47.093366+00:00,S030,mounted,true,healthy,none,2100,healthy_horizontal_no_load_2100rpm,2263537,2127,299,991,1343,4,0,1968110,9,333,76,0,2,1649,1494,1216,63,131,1599,16383,1653,1641,1634549,800,2005,2178,523240,11955,8,382532,1496,65481,909,2263439061,2263538210,0,2263538224,2263538739,3339762531,17865255,0.0985,1637.0,0.239742620577164,-0.0485468368883315,0.0985,26.56,79.8,,,,,,
2026-07-30T19:53:47.234360+00:00,S030,mounted,true,healthy,none,2100,healthy_horizontal_no_load_2100rpm,2263637,2128,300,990,1343,6,0,1968195,9,333,77,0,3,1649,1494,1239,63,131,1595,16383,1654,1643,1634586,800,2009,2079,523239,11953,8,382530,1496,65482,909,2263539144,2263638248,0,2263638262,2263638777,3339894718,17859279,0.0985,1637.0,0.075347411277503,-0.04132102007864136,0.0985,26.68,80.0,,,,,,
2026-07-30T19:53:47.326757+00:00,S030,mounted,true,healthy,none,2100,healthy_horizontal_no_load_2100rpm,2263737,2115,298,996,1348,6,0,1968279,9,333,77,0,3,1649,1494,1222,64,131,1591,16383,1654,1643,1634558,800,2009,2153,523249,11955,8,382531,1496,65483,909,2263639182,2263738303,0,2263738312,2263738827,3339795244,17865257,0.0985,1637.0,0.19808229435382652,-0.04188118469259772,0.0985,26.8,80.2,,,,,,
2026-07-30T19:53:47.419883+00:00,S030,mounted,true,healthy,none,2100,healthy_horizontal_no_load_2100rpm,2263837,2102,299,1004,1360,2,0,1968364,9,333,76,0,3,1649,1494,1226,65,134,1590,16383,1653,1640,1634541,800,1963,2075,523263,11953,8,382529,1496,65484,909,2263739232,2263838360,0,2263838374,2263838890,3339724105,17859281,0.0985,1637.0,0.06868064377143801,-0.11798884639839402,0.0985,26.83,80.3,,,,,,
2026-07-30T19:53:47.512772+00:00,S030,mounted,true,healthy,none,2100,healthy_horizontal_no_load_2100rpm,2263937,2106,300,999,1355,2,0,1968448,9,333,77,0,2,1649,1495,1242,65,134,1591,16383,1653,1641,1634261,800,1938,2077,523259,11956,8,382532,1496,65485,909,2263839299,2263938409,0,2263938419,2263938933,3338583879,17868244,0.0985,1637.0,0.07114541284710585,-0.1604666273001003,0.0985,26.8,80.2,,,,,,
2026-07-30T19:53:47.606463+00:00,S030,mounted,true,healthy,none,2100,healthy_horizontal_no_load_2100rpm,2264038,2121,299,993,1346,3,0,1968533,9,333,76,0,3,1649,1494,1188,65,130,1591,16383,1652,1641,1650720,808,2014,2291,523242,11951,8,382526,1496,65486,909,2263939338,2264039103,0,2264039177,2264039691,3372487396,17853305,0.0985,1637.0,0.4293250968956568,-0.03242581399046118,0.0985,26.8,80.2,,,,,,
2026-07-30T19:53:47.699860+00:00,S030,mounted,true,healthy,none,2100,healthy_horizontal_no_load_2100rpm,2264138,2128,300,989,1342,5,0,1968619,9,333,76,0,3,1649,1494,1226,65,130,1592,16383,1653,1643,1634537,800,2013,2109,523253,11955,8,382528,1496,65487,909,2264040096,2264139184,0,2264139412,2264139927,3339699009,17865257,0.0985,1637.0,0.12476012020075222,-0.03521553249686349,0.0985,26.77,80.2,,,,,,
2026-07-30T19:53:47.840681+00:00,S030,mounted,true,healthy,none,2100,healthy_horizontal_no_load_2100rpm,2264238,2129,297,990,1339,4,0,1968704,9,333,77,0,3,1649,1494,1235,60,119,1592,16383,1654,1643,1634523,800,2021,2079,523262,11952,8,382524,1496,65488,909,2264140336,2264239402,0,2264239476,2264239991,3339636043,17856292,0.0985,1637.0,0.0756373253012046,-0.021038891566265594,0.0985,26.77,80.2,,,,,,
2026-07-30T19:53:47.933868+00:00,S030,mounted,true,healthy,none,2100,healthy_horizontal_no_load_2100rpm,2264339,2129,300,990,1343,2,0,1968790,9,333,77,0,3,1649,1494,1223,62,127,1592,16383,1654,1643,1650932,808,1961,2071,523264,11954,8,382524,1496,65489,909,2264240395,2264340223,0,2264340237,2264340752,3373302716,17862270,0.0985,1637.0,0.06172512615024228,-0.12159564346662233,0.0985,26.77,80.2,,,,,,
2026-07-30T19:53:48.027692+00:00,S030,mounted,true,healthy,none,2100,healthy_horizontal_no_load_2100rpm,2264439,2130,296,990,1338,3,0,1968875,9,333,76,0,3,1649,1494,1216,62,127,1593,16383,1654,1643,1634317,800,2013,2077,523256,11955,8,382526,1496,65490,909,2264341161,2264440278,0,2264440288,2264440802,3338800259,17865257,0.0985,1637.0,0.07143490263488061,-0.03521553249686349,0.0985,26.74,80.1,,,,,,
2026-07-30T19:53:48.120454+00:00,S030,mounted,true,healthy,none,2100,healthy_horizontal_no_load_2100rpm,2264539,2130,300,989,1342,1,0,1968960,9,333,77,0,3,1649,1494,1213,61,120,1596,16383,1652,1644,1634542,800,1935,2143,523252,11950,8,382519,1496,65491,909,2264441207,2264540316,0,2264540325,2264540840,3339737200,17850316,0.0985,1637.0,0.1829123576569036,-0.1638465832635987,0.0985,26.65,80.0,,,,,,
2026-07-30T19:53:48.214492+00:00,S030,mounted,true,healthy,none,2100,healthy_horizontal_no_load_2100rpm,2264639,2131,299,988,1339,4,0,1969046,9,333,77,0,3,1649,1494,1214,60,121,1604,16383,1653,1644,1634289,800,2012,2073,523247,11952,8,382516,1496,65492,909,2264541245,2264640357,0,2264640372,2264640887,3338682213,17856294,0.0985,1637.0,0.06563633734939733,-0.03604037349397604,0.0985,26.4,79.5,,,,,,
2026-07-30T19:53:48.308657+00:00,S030,mounted,true,healthy,none,2100,healthy_horizontal_no_load_2100rpm,2264739,2130,300,989,1342,6,0,1969131,9,333,76,0,3,1649,1494,1203,60,121,1598,16383,1653,1645,1634892,800,2011,2071,523270,11954,8,382516,1496,65493,909,2264641292,2264740390,0,2264740405,2264740920,3341144306,17862270,0.0985,1637.0,0.06172512615024228,-0.03826802091350201,0.0985,26.59,79.9,,,,,,
2026-07-30T19:53:48.402931+00:00,S030,mounted,true,healthy,none,2100,healthy_horizontal_no_load_2100rpm,2264839,2134,299,988,1339,2,0,1969216,9,333,76,0,2,1649,1495,1205,64,118,1595,16383,1655,1644,1634279,800,2015,2213,523251,11956,8,382520,1496,65494,909,2264741328,2264840430,0,2264840440,2264840955,3338676023,17868244,0.0985,1637.0,0.29775863198394115,-0.0321635547005692,0.0985,26.68,80.0,,,,,,
2026-07-30T19:53:48.543560+00:00,S030,mounted,true,healthy,none,2100,healthy_horizontal_no_load_2100rpm,2264940,2131,299,990,1341,1,0,1969302,9,333,76,0,3,1649,1494,1205,64,118,1591,16383,1652,1640,1650687,808,1909,2125,523229,11954,8,382520,1496,65495,909,2264841360,2264941093,0,2264941167,2264941685,3372324827,17862266,0.0985,1637.0,0.1517189585076122,-0.20825637092186744,0.0985,26.8,80.2,,,,,,
2026-07-30T19:53:48.637853+00:00,S030,mounted,true,healthy,none,2100,healthy_horizontal_no_load_2100rpm,2265040,2114,299,998,1352,5,0,1969387,9,333,76,1,3,1649,1494,1195,65,119,1590,16383,1652,1642,1633871,800,2011,2069,523172,11952,8,382517,1496,65496,909,2264942090,2265041371,0,2265041445,2265041959,3336977447,17856292,0.0985,1637.0,0.05896901204819249,-0.03770720481927725,0.0985,26.83,80.3,,,,,,
2026-07-30T19:53:48.730418+00:00,S030,mounted,true,healthy,none,2100,healthy_horizontal_no_load_2100rpm,2265140,2103,299,1003,1359,4,0,1969472,9,333,77,1,3,1649,1494,1170,64,130,1594,16383,1655,1643,1634411,800,1928,2127,523226,11953,8,382516,1496,65497,909,2265042366,2265141437,0,2265141515,2265142030,3339210713,17859279,0.0985,1637.0,0.15534862135028815,-0.17632306207646664,0.0985,26.71,80.1,,,,,,
2026-07-30T19:53:48.823981+00:00,S030,mounted,true,healthy,none,2100,healthy_horizontal_no_load_2100rpm,2265241,2110,298,1000,1353,4,0,1969556,9,333,76,0,3,1649,1494,1181,64,130,1605,16383,1652,1641,1650470,808,1999,2075,523222,11953,8,382515,1496,65498,909,2265142439,2265242191,0,2265242200,2265242715,3371411002,17859279,0.0985,1637.0,0.06868064377143801,-0.057987938843805154,0.0985,26.37,79.5,,,,,,
2026-07-30T19:53:48.931384+00:00,S030,mounted,true,healthy,none,2100,healthy_horizontal_no_load_2100rpm,2265341,2119,300,994,1348,6,0,1969641,9,333,77,0,3,1649,1495,1188,66,127,1604,16383,1655,1643,1634661,800,1967,2071,523240,11956,8,382519,1496,65499,909,2265243122,2265342259,0,2265342269,2265342784,3340210511,17868244,0.0985,1637.0,0.061147770826363246,-0.11214469086651091,0.0985,26.4,79.5,,,,,,
2026-07-30T19:53:49.023880+00:00,S030,mounted,true,healthy,none,2100,healthy_horizontal_no_load_2100rpm,2265441,2127,299,991,1343,2,0,1969726,9,333,76,0,3,1649,1494,1228,66,124,1602,16383,1652,1642,1634294,800,2007,2071,523240,11953,8,382518,1496,65500,909,2265343189,2265442282,0,2265442292,2265442806,3338699004,17859279,0.0985,1637.0,0.06201387626537258,-0.044654403831674294,0.0985,26.46,79.6,,,,,,
2026-07-30T19:53:49.120176+00:00,S030,mounted,true,healthy,none,2100,healthy_horizontal_no_load_2100rpm,2265541,2129,298,993,1343,3,0,1969811,9,333,76,0,2,1649,1494,1208,66,124,1601,16383,1652,1642,1634312,800,1983,2069,523243,11955,8,382520,1496,65501,909,2265443211,2265542349,0,2265542358,2265542872,3338780682,17865257,0.0985,1637.0,0.0581035982434126,-0.0852079239648682,0.0985,26.5,79.7,,,,,,
2026-07-30T19:53:49.210973+00:00,S030,mounted,true,healthy,none,2100,healthy_horizontal_no_load_2100rpm,2265641,2131,300,988,1341,5,0,1969897,9,333,77,0,3,1649,1494,1219,64,120,1599,16383,1656,1642,1633981,800,1943,2215,523229,11952,8,382517,1496,65502,909,2265543278,2265642399,0,2265642413,2265642928,3337470203,17856292,0.0985,1637.0,0.3023263855421683,-0.15105173493975954,0.0985,26.56,79.8,,,,,,
2026-07-30T19:53:49.305941+00:00,S030,mounted,true,healthy,none,2100,healthy_horizontal_no_load_2100rpm,2265741,2129,299,991,1343,4,0,1969982,9,333,76,1,3,1649,1494,1218,64,120,1598,16383,1652,1645,1634455,800,2013,2103,523233,11951,8,382512,1496,65503,909,2265643334,2265742417,0,2265742431,2265742946,3339363323,17853301,0.0985,1637.0,0.11593458698016867,-0.034092784787884245,0.0985,26.59,79.9,,,,,,
2026-07-30T19:53:49.398990+00:00,S030,mounted,true,healthy,none,2100,healthy_horizontal_no_load_2100rpm,2265842,2113,299,998,1352,6,0,1970067,9,333,76,0,2,1649,1494,1221,64,126,1594,16383,1652,1644,1650069,808,1827,2155,523160,11952,8,382509,1496,65504,909,2265743357,2265843065,0,2265843139,2265843655,3369831289,17856292,0.0985,1637.0,0.20231650602409612,-0.3444041686746986,0.0985,26.71,80.1,,,,,,
2026-07-30T19:53:49.541421+00:00,S030,mounted,true,healthy,none,2100,healthy_horizontal_no_load_2100rpm,2265942,2103,292,1003,1350,6,0,1970151,9,333,76,0,3,1649,1494,1216,64,123,1596,16383,1653,1644,1634040,800,2005,2070,523135,11953,8,382509,1496,65505,909,2265844060,2265943124,0,2265943198,2265943714,3337664688,17859283,0.0985,1637.0,0.060347184388856334,-0.04798778758470679,0.0985,26.65,80.0,,,,,,
2026-07-30T19:53:49.634199+00:00,S030,mounted,true,healthy,none,2100,healthy_horizontal_no_load_2100rpm,2266042,2110,297,1001,1353,2,0,1970236,9,333,76,0,2,1649,1494,1197,64,123,1593,16383,1653,1642,1633766,800,1931,2078,523123,11954,8,382510,1496,65506,909,2265944120,2266043202,0,2266043281,2266043796,3336561196,17862268,0.0985,1637.0,0.07339099330767906,-0.1715922169984947,0.0985,26.74,80.1,,,,,,
2026-07-30T19:53:49.728157+00:00,S030,mounted,true,healthy,none,2100,healthy_horizontal_no_load_2100rpm,2266142,2118,299,995,1348,3,0,1970321,9,333,77,0,3,1649,1494,1189,60,119,1593,16383,1654,1644,1634463,800,2009,2071,523110,11948,8,382500,1496,65507,909,2266044202,2266143278,0,2266143357,2266143872,3339392067,17844340,0.0985,1637.0,0.06345835185805138,-0.039919788081687724,0.0985,26.74,80.1,,,,,,
2026-07-30T19:53:49.821561+00:00,S030,mounted,true,healthy,none,2100,healthy_horizontal_no_load_2100rpm,2266243,2130,296,989,1337,1,0,1970406,9,333,76,0,2,1649,1494,1226,63,121,1594,16383,1652,1643,1651175,808,2011,2139,523189,11953,8,382500,1496,65508,909,2266144277,2266244214,0,2266244224,2266244738,3374297079,17859279,0.0985,1637.0,0.17534892386848488,-0.037987636325608864,0.0985,26.71,80.1,,,,,,
2026-07-30T19:53:49.916452+00:00,S030,mounted,true,healthy,none,2100,healthy_horizontal_no_load_2100rpm,2266343,2129,301,989,1343,4,0,1970492,9,333,76,0,3,1649,1494,1232,63,121,1598,16383,1652,1643,1634617,800,2007,2071,523222,11953,8,382500,1496,65509,909,2266245143,2266344418,0,2266344432,2266344947,3340020627,17859279,0.0985,1637.0,0.06201387626537258,-0.044654403831674294,0.0985,26.59,79.9,,,,,,
2026-07-30T19:53:50.011433+00:00,S030,mounted,true,healthy,none,2100,healthy_horizontal_no_load_2100rpm,2266443,2128,299,990,1342,6,0,1970577,9,333,77,0,3,1649,1495,1245,63,130,1603,16383,1652,1644,1634367,800,1909,2153,523245,11956,8,382505,1496,65510,909,2266345356,2266444422,0,2266444431,2266444947,3339032759,17868244,0.0985,1637.0,0.19778221177651378,-0.20878856373369015,0.0985,26.43,79.6,,,,,,
2026-07-30T19:53:50.149794+00:00,S030,mounted,true,healthy,none,2100,healthy_horizontal_no_load_2100rpm,2266544,2132,296,989,1336,3,0,1970663,9,333,76,0,3,1649,1494,1232,63,130,1601,16383,1654,1644,1650821,808,2013,2287,523236,11955,8,382508,1496,65511,909,2266445355,2266545061,0,2266545139,2266545654,3372904721,17865257,0.0985,1637.0,0.42138164291091584,-0.03521553249686349,0.0985,26.5,79.7,,,,,,
2026-07-30T19:53:50.244333+00:00,S030,mounted,true,healthy,none,2100,healthy_horizontal_no_load_2100rpm,2266644,2131,296,990,1338,1,0,1970748,9,333,76,1,2,1649,1494,1226,61,130,1591,16383,1653,1644,1634850,800,2014,2068,523281,11952,8,382506,1496,65512,909,2266546063,2266645234,0,2266645308,2266645823,3340970942,17856290,0.0985,1637.0,0.05730218072289084,-0.03270671084337362,0.0985,26.8,80.2,,,,,,
2026-07-30T19:53:50.337607+00:00,S030,mounted,true,healthy,none,2100,healthy_horizontal_no_load_2100rpm,2266744,2128,300,990,1343,4,0,1970834,9,333,77,0,3,1649,1494,1232,63,138,1587,16383,1653,1643,1633812,800,1999,2074,523198,11955,8,382509,1496,65513,909,2266646230,2266745309,0,2266745391,2266745906,3336737466,17865257,0.0985,1637.0,0.06643566348807983,-0.05854531518193262,0.0985,26.93,80.5,,,,,,
2026-07-30T19:53:50.431149+00:00,S030,mounted,true,healthy,none,2100,healthy_horizontal_no_load_2100rpm,2266845,2130,300,988,1341,6,0,1970919,9,333,77,0,3,1649,1494,1239,63,138,1590,16383,1652,1644,1650141,808,2012,2066,523138,11954,8,382510,1496,65514,909,2266746311,2266846071,0,2266846080,2266846594,3370063201,17862268,0.0985,1637.0,0.05339236389493074,-0.03660146846243917,0.0985,26.83,80.3,,,,,,
2026-07-30T19:53:50.523969+00:00,S030,mounted,true,healthy,none,2100,healthy_horizontal_no_load_2100rpm,2266945,2128,299,991,1343,3,0,1971005,9,333,77,0,3,1649,1494,1235,61,142,1594,16383,1654,1644,1634243,800,2019,2123,523114,11950,8,382504,1496,65515,909,2266846999,2266946126,0,2266946140,2266946655,3338495711,17850316,0.0985,1637.0,0.14957015179916278,-0.023809318661088152,0.0985,26.71,80.1,,,,,,
2026-07-30T19:53:50.616523+00:00,S030,mounted,true,healthy,none,2100,healthy_horizontal_no_load_2100rpm,2267045,2133,300,988,1340,1,0,1971090,9,333,76,0,3,1649,1494,1248,60,135,1598,16383,1653,1644,1634426,800,1916,2163,523144,11948,8,382494,1496,65516,909,2266947060,2267046165,0,2267046179,2267046694,3339273326,17844340,0.0985,1637.0,0.2168581724137928,-0.19498699799129593,0.0985,26.59,79.9,,,,,,
2026-07-30T19:53:50.711046+00:00,S030,mounted,true,healthy,none,2100,healthy_horizontal_no_load_2100rpm,2267145,2132,299,989,1340,5,0,1971175,9,333,77,0,3,1649,1495,1209,60,135,1595,16383,1654,1644,1634369,800,1995,2071,523156,11959,8,382506,1496,65517,909,2267047103,2267146350,0,2267146359,2267146874,3339005657,17877211,0.0985,1637.0,0.06028209992474265,-0.0663229312651561,0.0985,26.68,80.0,,,,,,
2026-07-30T19:53:50.851464+00:00,S030,mounted,true,healthy,none,2100,healthy_horizontal_no_load_2100rpm,2267246,2131,300,988,1340,6,0,1971261,9,333,77,0,3,1649,1494,1232,60,134,1588,16383,1654,1642,1650989,808,1961,2191,523185,11953,8,382506,1496,65518,909,2267147279,2267247074,0,2267247148,2267247663,3373562627,17859281,0.0985,1637.0,0.26201690144733547,-0.12132223015142696,0.0985,26.89,80.4,,,,,,
2026-07-30T19:53:50.934666+00:00,S030,mounted,true,healthy,none,2100,healthy_horizontal_no_load_2100rpm,2267346,2130,299,991,1342,3,0,1971347,9,333,76,0,3,1649,1495,1226,60,134,1594,16383,1653,1644,1634218,800,1991,2071,523206,11956,8,382511,1496,65519,909,2267248068,2267347209,0,2267347288,2267347803,3338392496,17868244,0.0985,1637.0,0.061147770826363246,-0.07215412278354005,0.0985,26.71,80.1,,,,,,
2026-07-30T19:53:51.041848+00:00,S030,mounted,true,healthy,none,2100,healthy_horizontal_no_load_2100rpm,2267446,2130,300,989,1341,1,0,1971432,9,333,77,0,3,1649,1494,1235,60,131,1592,16383,1653,1644,1634708,800,2003,2077,523258,11951,8,382507,1496,65520,909,2267348208,2267447261,0,2267447340,2267447855,3340393564,17853303,0.0985,1637.0,0.07259334624717573,-0.0507624927621122,0.0985,26.77,80.2,,,,,,
2026-07-30T19:53:51.136226+00:00,S030,mounted,true,healthy,none,2100,healthy_horizontal_no_load_2100rpm,2267547,2131,301,989,1342,4,0,1971518,9,333,77,0,3,1649,1494,1200,60,130,1593,16383,1653,1640,1650532,808,2019,2143,523233,11954,8,382508,1496,65521,909,2267448264,2267548066,0,2267548080,2267548595,3371667284,17862270,0.0985,1637.0,0.1817169026267358,-0.02493560130500283,0.0985,26.74,80.1,,,,,,
2026-07-30T19:53:51.228999+00:00,S030,mounted,true,healthy,none,2100,healthy_horizontal_no_load_2100rpm,2267647,2129,300,989,1342,6,0,1971603,9,333,77,0,3,1649,1494,1226,60,130,1589,16383,1654,1641,1633959,800,2003,2097,523214,11952,8,382506,1496,65522,909,2267549000,2267648108,0,2267648122,2267648637,3337332941,17856292,0.0985,1637.0,0.10564028915662593,-0.05104185542168693,0.0985,26.86,80.4,,,,,,
2026-07-30T19:53:51.321463+00:00,S030,mounted,true,healthy,none,2100,healthy_horizontal_no_load_2100rpm,2267747,2130,300,989,1341,2,0,1971688,9,333,76,0,3,1649,1494,1218,60,135,1588,16383,1653,1641,1633700,800,2012,2075,523154,11954,8,382507,1496,65523,909,2267649046,2267748123,0,2267748133,2267748648,3336283284,17862266,0.0985,1637.0,0.06839133595449187,-0.03660146846243917,0.0985,26.89,80.4,,,,,,
2026-07-30T19:53:51.413918+00:00,S030,mounted,true,healthy,none,2100,healthy_horizontal_no_load_2100rpm,2267847,2134,296,988,1335,1,0,1971774,9,333,76,0,3,1649,1494,1227,63,139,1587,16383,1652,1640,1633811,800,1937,2068,523095,11954,8,382508,1496,65524,909,2267749053,2267848275,0,2267848289,2267848804,3336739581,17862268,0.0985,1637.0,0.056725468797055534,-0.1615929022921203,0.0985,26.93,80.5,,,,,,
2026-07-30T19:53:51.555658+00:00,S030,mounted,true,healthy,none,2100,healthy_horizontal_no_load_2100rpm,2267948,2131,299,989,1340,5,0,1971859,9,333,76,0,3,1649,1494,1222,63,139,1602,16383,1652,1643,1634364,800,2017,2069,523109,11953,8,382508,1496,65525,909,2267849209,2267948572,0,2267948582,2267949096,3338986254,17859279,0.0985,1637.0,0.058680492512339644,-0.027987485066510942,0.0985,26.46,79.6,,,,,,
2026-07-30T19:53:51.650390+00:00,S030,mounted,true,healthy,none,2100,healthy_horizontal_no_load_2100rpm,2268048,2131,299,987,1338,6,0,1971945,9,333,76,0,3,1649,1494,1213,60,140,1602,16383,1652,1643,1650238,808,1999,2075,523052,11954,8,382509,1496,65526,909,2267949501,2268049210,0,2268049284,2268049803,3370464590,17862268,0.0985,1637.0,0.06839133595449187,-0.05826665032625078,0.0985,26.46,79.6,,,,,,
2026-07-30T19:53:51.744181+00:00,S030,mounted,true,healthy,none,2100,healthy_horizontal_no_load_2100rpm,2268148,2130,300,990,1342,2,0,1972030,9,333,76,0,3,1648,1494,1234,60,140,1599,16383,1652,1640,1633629,800,1959,2071,523031,11955,8,382512,1496,65527,909,2268050208,2268149289,0,2268149363,2268149880,3336000163,17865257,0.0947,1637.0,0.06143642434127994,-0.12520183713927224,0.0947,26.56,79.8,,,,,,
2026-07-30T19:53:51.837733+00:00,S030,mounted,true,healthy,none,2100,healthy_horizontal_no_load_2100rpm,2268248,2129,296,994,1342,1,0,1972116,9,333,76,0,3,1649,1494,1200,61,133,1597,16383,1654,1644,1634765,800,1879,2146,523084,11951,8,382507,1496,65528,909,2268150285,2268249366,0,2268249445,2268249960,3340669209,17853303,0.0985,1637.0,0.18761433126934923,-0.2574668716425408,0.0985,26.62,79.9,,,,,,
2026-07-30T19:53:51.931636+00:00,S030,mounted,true,healthy,none,2100,healthy_horizontal_no_load_2100rpm,2268349,2131,300,988,1341,5,0,1972201,9,333,76,0,3,1649,1494,1199,62,137,1595,16383,1652,1641,1650340,808,2013,2069,523069,11950,8,382501,1496,65529,909,2268250365,2268350067,0,2268350076,2268350591,3370872258,17850314,0.0985,1637.0,0.059546195983263495,-0.03381198041841049,0.0985,26.68,80.0,,,,,,
2026-07-30T19:53:52.024943+00:00,S030,mounted,true,healthy,none,2100,healthy_horizontal_no_load_2100rpm,2268449,2132,299,989,1340,6,0,1972287,9,333,76,0,3,1649,1495,1214,62,137,1598,16383,1654,1643,1634391,800,1925,2070,523118,11956,8,382506,1496,65530,909,2268350996,2268450219,0,2268450233,2268450748,3339112823,17868244,0.0985,1637.0,0.05948149715623918,-0.18212818501170958,0.0985,26.59,79.9,,,,,,
2026-07-30T19:53:52.119142+00:00,S030,mounted,true,healthy,none,2100,healthy_horizontal_no_load_2100rpm,2268549,2132,296,988,1336,2,0,1972372,9,333,77,0,3,1648,1494,1193,61,135,1591,16383,1653,1643,1633504,800,1902,2238,523028,11954,8,382507,1496,65531,909,2268451157,2268550265,0,2268550275,2268550790,3335537358,17862266,0.0947,1637.0,0.340039385477664,-0.21992223807930422,0.0947,26.8,80.2,,,,,,
2026-07-30T19:53:52.260595+00:00,S030,mounted,true,healthy,none,2100,healthy_horizontal_no_load_2100rpm,2268649,2130,296,990,1338,3,0,1972457,9,333,76,0,3,1649,1494,1198,63,133,1600,16383,1652,1644,1634588,800,2009,2311,523050,11951,8,382503,1496,65532,909,2268551195,2268650298,0,2268650308,2268650823,3339980602,17853303,0.0985,1637.0,0.46266451284411314,-0.04076066797757516,0.0985,26.53,79.7,,,,,,
2026-07-30T19:53:52.354967+00:00,S030,mounted,true,healthy,none,2100,healthy_horizontal_no_load_2100rpm,2268750,2131,300,988,1341,5,0,1972543,9,333,77,0,3,1649,1494,1209,63,133,1599,16383,1654,1643,1650333,808,1903,2073,523081,11952,8,382501,1496,65533,909,2268651228,2268751054,0,2268751128,2268751642,3370867517,17856290,0.0985,1637.0,0.06563633734939733,-0.2177249879518075,0.0985,26.56,79.8,,,,,,
2026-07-30T19:53:52.448392+00:00,S030,mounted,true,healthy,none,2100,healthy_horizontal_no_load_2100rpm,2268850,2132,299,988,1339,6,0,1972629,9,333,76,0,3,1648,1494,1233,64,141,1601,16383,1654,1641,1633923,800,2000,2119,523018,11953,8,382501,1496,65534,909,2268752048,2268851231,0,2268851310,2268851825,3337196687,17859279,0.0947,1637.0,0.14201508633815774,-0.05632124696728891,0.0947,26.5,79.7,,,,,,
2026-07-30T19:53:52.542516+00:00,S030,mounted,true,healthy,none,2100,healthy_horizontal_no_load_2100rpm,2268950,2130,298,991,1341,2,0,1972714,9,333,76,0,3,1648,1494,1226,64,141,1599,16383,1653,1644,1634092,800,2013,2077,523013,11953,8,382501,1496,65535,909,2268852233,2268951306,0,2268951380,2268951895,3337881198,17859281,0.0947,1637.0,0.07201402752447095,-0.03465425257257637,0.0947,26.56,79.8,,,,,,
2026-07-30T19:53:52.636281+00:00,S030,mounted,true,healthy,none,2100,healthy_horizontal_no_load_2100rpm,2269050,2131,302,988,1342,3,0,1972799,9,333,77,0,3,1648,1494,1224,65,129,1599,16383,1653,1644,1634222,800,2010,2079,523033,11954,8,382502,1496,65536,909,2268952300,2269051363,0,2269051437,2269051952,3338409318,17862270,0.0947,1637.0,0.07505754575874146,-0.03993457336456396,0.0947,26.56,79.8,,,,,,
2026-07-30T19:53:52.745186+00:00,S030,mounted,true,healthy,none,2100,healthy_horizontal_no_load_2100rpm,2269150,2130,300,990,1342,5,0,1972885,9,333,76,0,2,1648,1494,1227,63,136,1598,16383,1652,1641,1633896,800,1965,2067,522995,11955,8,382505,1496,65537,909,2269052357,2269151431,0,2269151510,2269152025,3337080988,17865255,0.0947,1637.0,0.05477077214554571,-0.11520335884567157,0.0947,26.59,79.9,,,,,,
2026-07-30T19:53:52.838287+00:00,S030,mounted,true,healthy,none,2100,healthy_horizontal_no_load_2100rpm,2269251,2130,300,990,1342,6,0,1972971,9,333,77,0,3,1648,1494,1222,63,136,1597,16383,1652,1644,1650562,808,1893,2083,523028,11952,8,382503,1496,65538,909,2269152434,2269252093,0,2269252111,2269252626,3371811428,17856290,0.0947,1637.0,0.08230465060240943,-0.2343933012048196,0.0947,26.62,79.9,,,,,,
2026-07-30T19:53:52.930736+00:00,S030,mounted,true,healthy,none,2100,healthy_horizontal_no_load_2100rpm,2269351,2132,301,987,1340,2,0,1973056,9,333,77,0,3,1649,1494,1213,61,132,1589,16383,1656,1644,1634977,800,2010,2155,523112,11953,8,382503,1496,65539,909,2269253031,2269352132,0,2269352146,2269352661,3341511911,17859281,0.0985,1637.0,0.2020159938927466,-0.039654328202125555,0.0985,26.86,80.4,,,,,,
2026-07-30T19:53:53.022984+00:00,S030,mounted,true,healthy,none,2100,healthy_horizontal_no_load_2100rpm,2269451,2131,299,989,1340,3,0,1973141,9,333,76,0,2,1648,1494,1229,66,140,1592,16383,1653,1640,1633310,800,1943,2205,522994,11954,8,382504,1496,65540,909,2269353070,2269452291,0,2269452301,2269452815,3334717732,17862266,0.0947,1637.0,0.2850431545926049,-0.15159358758574548,0.0947,26.77,80.2,,,,,,
2026-07-30T19:53:53.164763+00:00,S030,mounted,true,healthy,none,2100,healthy_horizontal_no_load_2100rpm,2269551,2131,300,989,1341,5,0,1973227,9,333,77,0,3,1649,1495,1235,66,140,1590,16383,1664,1642,1634445,800,1981,2214,523092,11957,8,382511,1496,65541,909,2269453220,2269552353,0,2269552518,2269553033,3339384263,17871235,0.0985,1637.0,0.29911637258509627,-0.08909292272309122,0.0985,26.83,80.3,,,,,,
2026-07-30T19:53:53.259522+00:00,S030,mounted,true,healthy,none,2100,healthy_horizontal_no_load_2100rpm,2269652,2132,299,988,1339,6,0,1973313,9,333,76,0,2,1649,1494,1245,65,132,1592,16383,1652,1642,1650214,808,2007,2141,523068,11953,8,382511,1496,65542,909,2269553441,2269653106,0,2269653185,2269653700,3370375884,17859277,0.0985,1637.0,0.17868230762151738,-0.044654403831674294,0.0985,26.77,80.2,,,,,,
2026-07-30T19:53:53.353798+00:00,S030,mounted,true,healthy,none,2100,healthy_horizontal_no_load_2100rpm,2269752,2131,296,992,1340,2,0,1973398,9,333,76,0,3,1649,1493,1226,65,132,1587,16383,1652,1642,1633829,800,2003,2071,523043,11947,8,382499,1496,65543,909,2269654105,2269753183,0,2269753262,2269753777,3336806945,17841353,0.0985,1637.0,0.06374739206495317,-0.049644574453838075,0.0985,26.93,80.5,,,,,,
2026-07-30T19:53:53.450009+00:00,S030,mounted,true,healthy,none,2100,healthy_horizontal_no_load_2100rpm,2269852,2131,297,991,1340,3,0,1973483,9,333,76,0,2,1649,1494,1231,64,136,1582,16383,1653,1640,1634732,800,1967,2125,523088,11954,8,382500,1496,65544,909,2269754185,2269853246,0,2269853320,2269853835,3340497732,17862270,0.0985,1637.0,0.1517189585076122,-0.1115963287602475,0.0985,27.08,80.7,,,,,,
2026-07-30T19:53:53.561919+00:00,S030,mounted,true,healthy,none,2100,healthy_horizontal_no_load_2100rpm,2269952,2131,299,989,1340,1,0,1973568,9,333,76,0,3,1649,1494,1242,65,131,1594,16383,1653,1641,1633793,800,1980,2071,523058,11949,8,382492,1496,65545,909,2269854240,2269953325,0,2269953399,2269953914,3336665083,17847329,0.0985,1637.0,0.06316936003012774,-0.08855037283454736,0.0985,26.71,80.1,,,,,,
2026-07-30T19:53:53.652906+00:00,S030,mounted,true,healthy,none,2100,healthy_horizontal_no_load_2100rpm,2270052,2131,301,988,1341,4,0,1973654,9,333,77,0,3,1649,1494,1221,65,131,1604,16383,1655,1643,1634391,800,2009,2075,523075,11954,8,382494,1496,65546,909,2269954319,2270053380,0,2270053458,2270053973,3339098865,17862270,0.0985,1637.0,0.06839133595449187,-0.041601125815626805,0.0985,26.4,79.5,,,,,,
2026-07-30T19:53:53.762131+00:00,S030,mounted,true,healthy,none,2100,healthy_horizontal_no_load_2100rpm,2270153,2132,302,988,1342,2,0,1973740,9,333,76,0,3,1649,1494,1235,64,136,1602,16383,1654,1640,1650374,808,2015,2068,523050,11953,8,382494,1496,65547,909,2270054382,2270154030,0,2270154044,2270154559,3371020830,17859279,0.0985,1637.0,0.0570138006358234,-0.031320868819543435,0.0985,26.46,79.6,,,,,,
2026-07-30T19:53:53.854930+00:00,S030,mounted,true,healthy,none,2100,healthy_horizontal_no_load_2100rpm,2270253,2132,301,987,1340,3,0,1973825,9,333,77,0,3,1649,1495,1260,66,143,1592,16383,1652,1644,1634131,800,1913,2075,523059,11958,8,382504,1496,65548,909,2270154964,2270254096,0,2270254106,2270254621,3338061825,17874228,0.0985,1637.0,0.06723458855995945,-0.202656598595083,0.0985,26.77,80.2,,,,,,
2026-07-30T19:53:53.963538+00:00,S030,mounted,true,healthy,none,2100,healthy_horizontal_no_load_2100rpm,2270353,2133,300,988,1340,1,0,1973910,9,333,77,0,2,1649,1494,1238,66,143,1592,16383,1653,1644,1634424,800,2000,2073,523072,11949,8,382496,1496,65549,909,2270255029,2270354257,0,2270354266,2270354781,3339228738,17847327,0.0985,1637.0,0.06650385965352745,-0.05520537660055247,0.0985,26.77,80.2,,,,,,
2026-07-30T19:53:54.058271+00:00,S030,mounted,true,healthy,none,2100,healthy_horizontal_no_load_2100rpm,2270453,2131,299,989,1340,4,0,1973996,9,333,77,0,3,1649,1494,1230,65,138,1596,16383,1652,1643,1634112,800,2012,2068,523065,11954,8,382498,1496,65550,909,2270355187,2270454448,0,2270454462,2270454977,3337959338,17862268,0.0985,1637.0,0.056725468797055534,-0.03660146846243917,0.0985,26.65,80.0,,,,,,
2026-07-30T19:53:54.152378+00:00,S030,mounted,true,healthy,none,2100,healthy_horizontal_no_load_2100rpm,2270554,2134,302,986,1340,2,0,1974082,9,333,77,0,3,1649,1495,1248,65,138,1595,16383,1655,1643,1650682,808,1979,2150,523060,11956,8,382503,1496,65551,909,2270455386,2270555076,0,2270555155,2270555670,3372287138,17868244,0.0985,1637.0,0.19278339076614248,-0.0921494068250257,0.0985,26.68,80.0,,,,,,
2026-07-30T19:53:54.244217+00:00,S030,mounted,true,healthy,none,2100,healthy_horizontal_no_load_2100rpm,2270654,2132,295,994,1340,3,0,1974167,9,333,76,0,3,1649,1495,1213,65,138,1598,16383,1652,1642,1634139,800,2007,2103,523057,11956,8,382508,1496,65552,909,2270556079,2270655146,0,2270655220,2270655739,3338071593,17868244,0.0985,1637.0,0.11446852827032439,-0.04549374406155948,0.0985,26.59,79.9,,,,,,
2026-07-30T19:53:54.338351+00:00,S030,mounted,true,healthy,none,2100,healthy_horizontal_no_load_2100rpm,2270754,2133,295,990,1336,5,0,1974253,9,333,76,0,3,1648,1494,1224,63,129,1596,16383,1652,1643,1634294,800,2005,2299,523020,11955,8,382511,1496,65553,909,2270656144,2270755261,0,2270755340,2270755855,3338794480,17865255,0.0947,1637.0,0.44137859949811764,-0.0485468368883315,0.0947,26.65,80.0,,,,,,
2026-07-30T19:53:54.431581+00:00,S030,mounted,true,healthy,none,2100,healthy_horizontal_no_load_2100rpm,2270855,2132,299,987,1338,6,0,1974339,9,333,76,0,3,1649,1493,1205,63,129,1596,16383,1652,1641,1650542,808,1825,2083,523058,11947,8,382499,1496,65554,909,2270756260,2270856086,0,2270856100,2270856615,3371750818,17841355,0.0985,1637.0,0.08375773909768114,-0.346464722105968,0.0985,26.65,80.0,,,,,,
2026-07-30T19:53:54.571865+00:00,S030,mounted,true,healthy,none,2100,healthy_horizontal_no_load_2100rpm,2270956,2131,299,989,1340,2,0,1974424,9,333,76,0,3,1648,1494,1218,67,139,1591,16383,1652,1644,1650198,808,1973,2169,523022,11951,8,382495,1496,65555,909,2270857020,2270956629,0,2270956703,2270957221,3370313936,17853305,0.0947,1637.0,0.22595465961007388,-0.1007716166847965,0.0947,26.8,80.2,,,,,,
2026-07-30T19:53:54.667542+00:00,S030,mounted,true,healthy,none,2100,healthy_horizontal_no_load_2100rpm,2271056,2133,298,986,1336,1,0,1974510,9,333,76,0,3,1648,1494,1195,65,132,1592,16383,1652,1642,1634225,800,2009,2072,523013,11955,8,382499,1496,65556,909,2270957627,2271056786,0,2271056864,2271057380,3338417433,17865257,0.0947,1637.0,0.06310283739021338,-0.04188118469259772,0.0947,26.77,80.2,,,,,,
2026-07-30T19:53:54.760799+00:00,S030,mounted,true,healthy,none,2100,healthy_horizontal_no_load_2100rpm,2271156,2129,300,990,1343,5,0,1974595,9,333,76,0,3,1648,1494,1180,65,132,1591,16383,1656,1642,1633988,800,1885,2143,523016,11954,8,382500,1496,65557,909,2271057788,2271157010,0,2271157084,2271157599,3337496506,17862270,0.0947,1637.0,0.1817169026267358,-0.24825362974736498,0.0947,26.8,80.2,,,,,,
2026-07-30T19:53:54.852410+00:00,S030,mounted,true,healthy,none,2100,healthy_horizontal_no_load_2100rpm,2271256,2131,298,989,1339,4,0,1974680,9,333,76,0,3,1648,1495,1186,63,135,1593,16383,1653,1642,1633667,800,1977,2185,522998,11956,8,382505,1496,65558,909,2271158004,2271257055,0,2271257129,2271257644,3336167987,17868244,0.0947,1637.0,0.2511029692204749,-0.09548195416527294,0.0947,26.74,80.1,,,,,,
2026-07-30T19:53:54.933155+00:00,S030,mounted,true,healthy,none,2100,healthy_horizontal_no_load_2100rpm,2271356,2129,301,988,1342,2,0,1974766,9,333,77,0,3,1649,1494,1199,63,135,1595,16383,1651,1644,1634180,800,2009,2077,523046,11952,8,382503,1496,65559,909,2271258049,2271357157,0,2271357236,2271357751,3338235484,17856294,0.0985,1637.0,0.07230366265060217,-0.04104086746987967,0.0985,26.68,80.0,,,,,,
2026-07-30T19:53:55.040684+00:00,S030,mounted,true,healthy,none,2100,healthy_horizontal_no_load_2100rpm,2271456,2130,300,990,1343,3,0,1974851,9,333,76,0,3,1649,1494,1173,63,134,1594,16383,1653,1644,1634307,800,2005,2075,523053,11953,8,382503,1496,65560,909,2271358159,2271457226,0,2271457300,2271457814,3338750315,17859279,0.0985,1637.0,0.06868064377143801,-0.04798778758470679,0.0985,26.71,80.1,,,,,,
2026-07-30T19:53:55.132162+00:00,S030,mounted,true,healthy,none,2100,healthy_horizontal_no_load_2100rpm,2271556,2132,294,990,1335,1,0,1974936,9,333,76,0,3,1648,1494,1193,62,126,1600,16383,1652,1643,1633960,800,1987,2079,523024,11952,8,382501,1496,65561,909,2271458219,2271557308,0,2271557381,2271557896,3337338712,17856294,0.0947,1637.0,0.0756373253012046,-0.07771115662650585,0.0947,26.53,79.7,,,,,,
2026-07-30T19:53:55.274027+00:00,S030,mounted,true,healthy,none,2100,healthy_horizontal_no_load_2100rpm,2271656,2134,298,988,1338,4,0,1975022,9,333,76,0,3,1648,1495,1190,62,126,1599,16383,1653,1642,1633533,800,2011,2070,523008,11957,8,382508,1496,65562,909,2271558301,2271657378,0,2271657456,2271657971,3335594741,17871233,0.0947,1637.0,0.059193031278748975,-0.03910889328426892,0.0947,26.56,79.8,,,,,,
2026-07-30T19:53:55.368884+00:00,S030,mounted,true,healthy,none,2100,healthy_horizontal_no_load_2100rpm,2271757,2130,300,989,1342,2,0,1975108,9,333,77,0,3,1648,1494,1207,61,120,1596,16383,1652,1641,1650252,808,2009,2087,523006,11955,8,382511,1496,65563,909,2271658380,2271758058,0,2271758073,2271758588,3370519250,17865257,0.0947,1637.0,0.08809903312421552,-0.04188118469259772,0.0947,26.65,80.0,,,,,,
2026-07-30T19:53:55.462043+00:00,S030,mounted,true,healthy,none,2100,healthy_horizontal_no_load_2100rpm,2271857,2132,296,988,1335,3,0,1975193,9,333,76,0,3,1649,1494,1201,59,119,1595,16383,1654,1642,1634965,800,1993,2165,523081,11949,8,382503,1496,65564,909,2271758993,2271858091,0,2271858100,2271858615,3341475125,17847329,0.0985,1637.0,0.21989084232990175,-0.06687612528245035,0.0985,26.68,80.0,,,,,,
2026-07-30T19:53:55.554904+00:00,S030,mounted,true,healthy,none,2100,healthy_horizontal_no_load_2100rpm,2271957,2133,301,987,1340,1,0,1975278,9,333,76,0,3,1648,1495,1213,59,119,1604,16383,1653,1644,1633692,800,2009,2107,523031,11958,8,382512,1496,65565,909,2271859024,2271958259,0,2271958269,2271958783,3336249110,17874222,0.0947,1637.0,0.12054642799799264,-0.042721080280983426,0.0947,26.4,79.5,,,,,,
2026-07-30T19:53:55.649937+00:00,S030,mounted,true,healthy,none,2100,healthy_horizontal_no_load_2100rpm,2272057,2119,298,995,1347,4,0,1975364,9,333,77,0,3,1648,1494,1195,61,122,1601,16383,1653,1642,1634254,800,1967,2111,523017,11949,8,382503,1496,65566,909,2271959188,2272058431,0,2272058445,2272058960,3338548592,17847327,0.0947,1637.0,0.12985935249811664,-0.11022462038664349,0.0947,26.5,79.7,,,,,,
2026-07-30T19:53:55.744897+00:00,S030,mounted,true,healthy,none,2100,healthy_horizontal_no_load_2100rpm,2272157,2111,298,999,1352,4,0,1975448,9,333,76,0,3,1648,1495,1195,61,122,1602,16383,1652,1642,1633830,800,1995,2081,523010,11957,8,382510,1496,65567,909,2272059366,2272158450,0,2272158459,2272158974,3336815480,17871233,0.0947,1637.0,0.07752050873964977,-0.06576704231830766,0.0947,26.46,79.6,,,,,,
2026-07-30T19:53:55.838245+00:00,S030,mounted,true,healthy,none,2100,healthy_horizontal_no_load_2100rpm,2272258,2099,298,1004,1360,6,0,1975533,9,333,77,0,3,1648,1494,1205,63,133,1598,16383,1653,1644,1650334,808,2002,2149,523010,11951,8,382506,1496,65568,909,2272159379,2272259080,0,2272259158,2272259673,3370869340,17853313,0.0947,1637.0,0.19261524366161797,-0.05242946355953482,0.0947,26.59,79.9,,,,,,
2026-07-30T19:53:55.981247+00:00,S030,mounted,true,healthy,none,2100,healthy_horizontal_no_load_2100rpm,2272358,2098,297,1005,1359,6,0,1975617,9,333,76,0,3,1648,1494,1222,63,128,1591,16383,1652,1643,1633625,800,1982,2091,522991,11953,8,382506,1496,65569,909,2272260083,2272359216,0,2272359294,2272359809,3335975811,17859279,0.0947,1637.0,0.09534771379569973,-0.08632170074458312,0.0947,26.8,80.2,,,,,,
2026-07-30T19:53:56.075550+00:00,S030,mounted,true,healthy,none,2100,healthy_horizontal_no_load_2100rpm,2272458,2101,299,1004,1360,6,0,1975701,9,333,77,0,3,1648,1494,1227,63,128,1597,16383,1652,1642,1633791,800,2010,2081,523018,11955,8,382509,1496,65570,909,2272360219,2272459274,0,2272459353,2272459868,3336650133,17865255,0.0947,1637.0,0.07810055483061484,-0.04021477164366427,0.0947,26.62,79.9,,,,,,
2026-07-30T19:53:56.169843+00:00,S030,mounted,true,healthy,none,2100,healthy_horizontal_no_load_2100rpm,2272558,2100,298,1004,1359,6,0,1975785,9,333,76,0,3,1648,1494,1237,63,137,1597,16383,1652,1643,1633718,800,1987,2143,523002,11952,8,382507,1496,65571,909,2272460278,2272559351,0,2272559429,2272559944,3336365752,17856290,0.0947,1637.0,0.18231453012048204,-0.07771115662650585,0.0947,26.62,79.9,,,,,,
2026-07-30T19:53:56.262762+00:00,S030,mounted,true,healthy,none,2100,healthy_horizontal_no_load_2100rpm,2272658,2098,299,1004,1361,6,0,1975869,9,333,77,0,3,1648,1494,1231,63,134,1591,16383,1653,1644,1633725,800,2013,2069,523018,11953,8,382507,1496,65572,909,2272560354,2272659406,0,2272659485,2272660000,3336376873,17859283,0.0947,1637.0,0.058680492512339644,-0.03465425257257637,0.0947,26.8,80.2,,,,,,
2026-07-30T19:53:56.356063+00:00,S030,mounted,true,healthy,none,2100,healthy_horizontal_no_load_2100rpm,2272759,2100,299,1004,1360,2,0,1975954,9,333,77,0,3,1648,1494,1234,63,134,1592,16383,1652,1643,1650302,808,2011,2076,523006,11955,8,382510,1496,65573,909,2272660410,2272760084,0,2272760099,2272760614,3370716036,17865257,0.0947,1637.0,0.06976848958594672,-0.03854835859473038,0.0947,26.77,80.2,,,,,,
2026-07-30T19:53:56.451492+00:00,S030,mounted,true,healthy,none,2100,healthy_horizontal_no_load_2100rpm,2272859,2100,297,1006,1360,2,0,1976038,9,333,76,0,3,1648,1494,1239,63,139,1592,16383,1653,1641,1634319,800,1958,2075,523028,11952,8,382508,1496,65574,909,2272761020,2272860223,0,2272860237,2272860752,3338809077,17856290,0.0947,1637.0,0.06896999999999975,-0.12604926506024094,0.0947,26.77,80.2,,,,,,
2026-07-30T19:53:56.546112+00:00,S030,mounted,true,healthy,none,2100,healthy_horizontal_no_load_2100rpm,2272959,2101,300,1003,1360,2,0,1976122,9,333,77,0,3,1648,1494,1243,63,139,1591,16383,1653,1642,1633738,800,2013,2123,522953,11955,8,382511,1496,65575,909,2272861162,2272960236,0,2272960250,2272960765,3336441736,17865257,0.0947,1637.0,0.1480899028858218,-0.03521553249686349,0.0947,26.8,80.2,,,,,,
2026-07-30T19:53:56.685728+00:00,S030,mounted,true,healthy,none,2100,healthy_horizontal_no_load_2100rpm,2273059,2104,298,1001,1356,2,0,1976206,9,333,76,0,2,1648,1494,1213,62,141,1599,16383,1652,1643,1633750,800,2013,2075,522996,11951,8,382507,1496,65576,909,2272961175,2273060290,0,2273060304,2273060819,3336483240,17853305,0.0947,1637.0,0.06925940465233005,-0.034092784787884245,0.0947,26.56,79.8,,,,,,
2026-07-30T19:53:56.778890+00:00,S030,mounted,true,healthy,none,2100,healthy_horizontal_no_load_2100rpm,2273159,2115,300,996,1351,3,0,1976291,9,333,76,0,3,1649,1494,1235,64,140,1600,16383,1653,1644,1634391,800,1823,2074,523056,11955,8,382510,1496,65577,909,2273061229,2273160335,0,2273160349,2273160864,3339151603,17865257,0.0985,1637.0,0.06643566348807983,-0.3518340117942289,0.0985,26.53,79.7,,,,,,
2026-07-30T19:53:56.873711+00:00,S030,mounted,true,healthy,none,2100,healthy_horizontal_no_load_2100rpm,2273259,2126,299,991,1343,3,0,1976375,9,333,77,0,3,1649,1495,1253,64,140,1604,16383,1655,1644,1634283,800,2013,2148,523074,11956,8,382515,1496,65578,909,2273161269,2273260366,0,2273260375,2273260890,3338675817,17868244,0.0985,1637.0,0.1894508434258948,-0.03549610204081688,0.0985,26.4,79.5,,,,,,
2026-07-30T19:53:56.967304+00:00,S030,mounted,true,healthy,none,2100,healthy_horizontal_no_load_2100rpm,2273359,2128,299,990,1342,5,0,1976461,9,333,77,0,3,1648,1494,1224,65,146,1599,16383,1651,1641,1633469,800,1891,2073,523013,11952,8,382512,1496,65579,909,2273261295,2273360403,0,2273360417,2273360932,3335359981,17856290,0.0947,1637.0,0.06563633734939733,-0.23772696385542202,0.0947,26.56,79.8,,,,,,
2026-07-30T19:53:57.059875+00:00,S030,mounted,true,healthy,none,2100,healthy_horizontal_no_load_2100rpm,2273460,2133,298,990,1339,6,0,1976547,9,333,76,0,3,1648,1494,1234,67,146,1599,16383,1654,1639,1650406,808,1942,2199,522990,11951,8,382507,1496,65580,909,2273361341,2273461058,0,2273461136,2273461651,3371208196,17853303,0.0947,1637.0,0.27596378353275863,-0.15244771140490343,0.0947,26.56,79.8,,,,,,
2026-07-30T19:53:57.154170+00:00,S030,mounted,true,healthy,none,2100,healthy_horizontal_no_load_2100rpm,2273560,2134,300,988,1340,2,0,1976632,9,333,76,0,3,1648,1494,1241,67,146,1598,16383,1652,1642,1633738,800,1951,2067,522994,11953,8,382507,1496,65581,909,2273462056,2273561107,0,2273561185,2273561700,3336440570,17859277,0.0947,1637.0,0.05534710875930715,-0.1379891489165903,0.0947,26.59,79.9,,,,,,
2026-07-30T19:53:57.248701+00:00,S030,mounted,true,healthy,none,2100,healthy_horizontal_no_load_2100rpm,2273660,2130,301,988,1342,3,0,1976717,9,333,76,0,3,1648,1494,1208,68,140,1590,16383,1652,1642,1633893,800,1989,2217,523007,11953,8,382507,1496,65582,909,2273562109,2273661321,0,2273661395,2273661910,3337115295,17859279,0.0947,1637.0,0.30535089023676054,-0.0746548576089685,0.0947,26.83,80.3,,,,,,
2026-07-30T19:53:57.344356+00:00,S030,mounted,true,healthy,none,2100,healthy_horizontal_no_load_2100rpm,2273760,2131,300,990,1342,5,0,1976803,9,333,76,0,3,1648,1495,1205,68,140,1591,16383,1653,1643,1634117,800,2003,2149,523007,11956,8,382512,1496,65583,909,2273662315,2273761376,0,2273761606,2273762121,3337989527,17868244,0.0947,1637.0,0.19111711709601842,-0.0521588387420544,0.0947,26.8,80.2,,,,,,
2026-07-30T19:53:57.482383+00:00,S030,mounted,true,healthy,none,2100,healthy_horizontal_no_load_2100rpm,2273861,2132,301,988,1341,4,0,1976888,9,333,77,0,3,1648,1495,1222,65,130,1594,16383,1652,1642,1649982,808,1949,2119,523018,11957,8,382519,1496,65584,909,2273762530,2273862092,0,2273862102,2273862616,3369431830,17871233,0.0947,1637.0,0.14083361269549188,-0.14240922079116825,0.0947,26.71,80.1,,,,,,
2026-07-30T19:53:57.577101+00:00,S030,mounted,true,healthy,none,2100,healthy_horizontal_no_load_2100rpm,2273961,2134,300,988,1340,2,0,1976974,9,333,76,0,2,1648,1494,1219,62,123,1602,16383,1653,1640,1634041,800,2009,2075,523031,11955,8,382521,1496,65585,909,2273863021,2273962210,0,2273962224,2273962740,3337670395,17865257,0.0947,1637.0,0.06810207653701328,-0.04188118469259772,0.0947,26.46,79.6,,,,,,
2026-07-30T19:53:57.670367+00:00,S030,mounted,true,healthy,none,2100,healthy_horizontal_no_load_2100rpm,2274061,2131,296,994,1342,3,0,1977059,9,333,76,0,2,1648,1494,1209,62,123,1595,16383,1652,1643,1634312,800,2007,2077,523041,11952,8,382518,1496,65586,909,2273963148,2274062263,0,2274062273,2274062792,3338774000,17856292,0.0947,1637.0,0.07230366265060217,-0.04437453012048209,0.0947,26.68,80.0,,,,,,
2026-07-30T19:53:57.761973+00:00,S030,mounted,true,healthy,none,2100,healthy_horizontal_no_load_2100rpm,2274161,2130,300,990,1343,1,0,1977144,9,333,77,0,3,1648,1494,1229,63,134,1596,16383,1656,1641,1634385,800,2009,2283,523015,11951,8,382513,1496,65587,909,2274063197,2274162306,0,2274162315,2274162831,3339145397,17853305,0.0947,1637.0,0.41598933051627496,-0.04076066797757516,0.0947,26.65,80.0,,,,,,
2026-07-30T19:53:57.854625+00:00,S030,mounted,true,healthy,none,2100,healthy_horizontal_no_load_2100rpm,2274261,2128,299,991,1343,4,0,1977230,9,333,76,1,3,1648,1494,1206,61,134,1596,16383,1652,1644,1634071,800,1988,2183,522992,11952,8,382510,1496,65588,909,2274163236,2274262337,0,2274262352,2274262867,3337826783,17856290,0.0947,1637.0,0.24898778313252956,-0.07604432530120553,0.0947,26.65,80.0,,,,,,
2026-07-30T19:53:57.964594+00:00,S030,mounted,true,healthy,none,2100,healthy_horizontal_no_load_2100rpm,2274361,2132,300,987,1339,6,0,1977315,9,333,76,0,3,1648,1494,1211,61,134,1596,16383,1652,1642,1633338,800,1871,2161,522990,11951,8,382506,1496,65589,909,2274263274,2274362372,0,2274362386,2274362901,3334843784,17853303,0.0947,1637.0,0.2126188932306916,-0.27080263802192306,0.0947,26.65,80.0,,,,,,
2026-07-30T19:53:58.057888+00:00,S030,mounted,true,healthy,none,2100,healthy_horizontal_no_load_2100rpm,2274462,2132,296,988,1336,3,0,1977401,9,333,76,0,2,1648,1494,1189,61,130,1598,16383,1652,1643,1649946,808,1989,2181,522981,11955,8,382509,1496,65590,909,2274363310,2274463085,0,2274463164,2274463679,3369305740,17865261,0.0947,1637.0,0.24474185972396478,-0.07520944567126753,0.0947,26.59,79.9,,,,,,
2026-07-30T19:53:58.152139+00:00,S030,mounted,true,healthy,none,2100,healthy_horizontal_no_load_2100rpm,2274562,2132,297,991,1340,1,0,1977486,9,333,75,0,3,1648,1494,1195,61,130,1600,16383,1652,1644,1633799,800,2007,2067,522999,11954,8,382510,1496,65591,909,2274464088,2274563318,0,2274563392,2274563906,3336674063,17862268,0.0947,1637.0,0.05505891634599269,-0.0449342307177516,0.0947,26.53,79.7,,,,,,
2026-07-30T19:53:58.247355+00:00,S030,mounted,true,healthy,none,2100,healthy_horizontal_no_load_2100rpm,2274663,2132,299,988,1339,4,0,1977572,9,333,76,0,3,1648,1495,1164,65,140,1607,16383,1652,1644,1633871,800,1905,2077,523010,11957,8,382517,1496,65592,909,2274564311,2274663538,0,2274663616,2274664131,3336996593,17871233,0.0947,1637.0,0.07085597148114076,-0.215719130634775,0.0947,26.31,79.4,,,,,,
2026-07-30T19:53:58.388411+00:00,S030,mounted,true,healthy,none,2100,healthy_horizontal_no_load_2100rpm,2274763,2133,300,988,1340,2,0,1977658,9,333,76,0,3,1648,1494,1195,65,131,1616,16383,1652,1643,1650429,808,2009,2079,523013,11955,8,382519,1496,65593,909,2274664540,2274764094,0,2274764108,2274764623,3371243209,17865257,0.0947,1637.0,0.07476772873274751,-0.04188118469259772,0.0947,26.04,78.9,,,,,,
2026-07-30T19:53:58.481109+00:00,S030,mounted,true,healthy,none,2100,healthy_horizontal_no_load_2100rpm,2274863,2128,298,991,1342,3,0,1977743,9,333,76,0,3,1648,1494,1198,65,131,1601,16383,1654,1642,1633653,800,2007,2214,523016,11952,8,382516,1496,65594,909,2274765029,2274864142,0,2274864156,2274864671,3336124881,17856294,0.0947,1637.0,0.3006595542168671,-0.04437453012048209,0.0947,26.5,79.7,,,,,,
2026-07-30T19:53:58.576004+00:00,S030,mounted,true,healthy,none,2100,healthy_horizontal_no_load_2100rpm,2274963,2132,297,990,1339,1,0,1977828,9,333,75,0,2,1648,1494,1190,68,136,1593,16383,1652,1643,1633849,800,1871,2159,522999,11950,8,382509,1496,65595,909,2274865080,2274964269,0,2274964278,2274964793,3336929695,17850314,0.0947,1637.0,0.20958612234309593,-0.2705416420083684,0.0947,26.74,80.1,,,,,,
2026-07-30T19:53:58.668404+00:00,S030,mounted,true,healthy,none,2100,healthy_horizontal_no_load_2100rpm,2275063,2133,301,987,1340,4,0,1977914,9,333,77,0,3,1648,1494,1179,66,135,1586,16383,1653,1644,1634016,800,1867,2182,523044,11953,8,382509,1496,65596,909,2274965198,2275064307,0,2275064321,2275064836,3337660534,17859283,0.0947,1637.0,0.24701667455868792,-0.2779912665439639,0.0947,26.96,80.5,,,,,,
2026-07-30T19:53:58.762833+00:00,S030,mounted,true,healthy,none,2100,healthy_horizontal_no_load_2100rpm,2275163,2136,299,988,1338,6,0,1977999,9,333,76,1,3,1648,1494,1213,66,135,1587,16383,1652,1641,1634095,800,2015,2137,523045,11954,8,382510,1496,65597,909,2275065242,2275164337,0,2275164351,2275164866,3337897491,17862266,0.0947,1637.0,0.17171758792036096,-0.03160181110925242,0.0947,26.93,80.5,,,,,,
2026-07-30T19:53:58.855950+00:00,S030,mounted,true,healthy,none,2100,healthy_horizontal_no_load_2100rpm,2275263,2129,300,989,1341,2,0,1978084,9,333,76,0,3,1649,1494,1213,65,128,1596,16383,1653,1645,1634290,800,2010,2065,523075,11952,8,382508,1496,65598,909,2275165277,2275264383,0,2275264393,2275264908,3338686460,17856292,0.0985,1637.0,0.052301686746988096,-0.03937403614457846,0.0985,26.65,80.0,,,,,,
2026-07-30T19:53:58.949716+00:00,S030,mounted,true,healthy,none,2100,healthy_horizontal_no_load_2100rpm,2275363,2128,300,990,1343,3,0,1978169,9,333,76,0,3,1648,1495,1201,65,128,1599,16383,1652,1644,1633662,800,1949,2150,523023,11956,8,382513,1496,65599,909,2275265313,2275364423,0,2275364433,2275364948,3336145218,17868246,0.0947,1637.0,0.19278339076614248,-0.14213761692873916,0.0947,26.56,79.8,,,,,,
2026-07-30T19:53:59.104153+00:00,S030,mounted,true,healthy,none,2100,healthy_horizontal_no_load_2100rpm,2275464,2129,300,991,1343,5,0,1978255,9,333,76,0,2,1648,1495,1214,65,138,1594,16383,1652,1643,1650475,808,2013,2070,523031,11956,8,382517,1496,65600,909,2275365353,2275465099,0,2275465173,2275465688,3371425681,17868244,0.0947,1637.0,0.05948149715623918,-0.03549610204081688,0.0947,26.71,80.1,,,,,,
2026-07-30T19:53:59.183271+00:00,S030,mounted,true,healthy,none,2100,healthy_horizontal_no_load_2100rpm,2275564,2131,299,990,1341,6,0,1978341,9,333,76,0,3,1648,1494,1206,67,138,1598,16383,1652,1640,1633708,800,1911,2067,522993,11954,8,382517,1496,65601,909,2275466093,2275565160,0,2275565238,2275565753,3336324602,17862268,0.0947,1637.0,0.05505891634599269,-0.2049232660197422,0.0947,26.59,79.9,,,,,,
2026-07-30T19:53:59.281240+00:00,S030,mounted,true,healthy,none,2100,healthy_horizontal_no_load_2100rpm,2275664,2132,300,987,1339,2,0,1978426,9,333,76,0,3,1648,1494,1235,67,138,1598,16383,1652,1640,1633791,800,1927,2217,523023,11954,8,382517,1496,65602,909,2275566158,2275665229,0,2275665307,2275665822,3336695707,17862270,0.0947,1637.0,0.30504178400535364,-0.17825842680274429,0.0947,26.59,79.9,,,,,,
2026-07-30T19:53:59.372864+00:00,S030,mounted,true,healthy,none,2100,healthy_horizontal_no_load_2100rpm,2275764,2131,300,988,1340,3,0,1978511,9,333,76,0,2,1648,1494,1192,66,131,1599,16383,1652,1641,1633650,800,1961,2151,523009,11955,8,382519,1496,65603,909,2275666227,2275765313,0,2275765387,2275765901,3336091372,17865257,0.0947,1637.0,0.19474946825595918,-0.12186901104140535,0.0947,26.56,79.8,,,,,,
2026-07-30T19:53:59.465714+00:00,S030,mounted,true,healthy,none,2100,healthy_horizontal_no_load_2100rpm,2275864,2131,297,991,1340,5,0,1978597,9,333,76,0,2,1648,1494,1200,63,122,1595,16383,1652,1642,1633451,800,1747,2069,522996,11952,8,382516,1496,65604,909,2275766306,2275865391,0,2275865470,2275865985,3335346381,17856292,0.0947,1637.0,0.05896901204819249,-0.47775067469879495,0.0947,26.68,80.0,,,,,,
2026-07-30T19:53:59.559228+00:00,S030,mounted,true,healthy,none,2100,healthy_horizontal_no_load_2100rpm,2275965,2132,300,988,1340,4,0,1978682,9,333,76,0,3,1648,1494,1213,63,122,1596,16383,1652,1642,1649418,808,2007,2075,522913,11955,8,382518,1496,65605,909,2275866390,2275966146,0,2275966156,2275966670,3367108178,17865257,0.0947,1637.0,0.06810207653701328,-0.045214010790464165,0.0947,26.65,80.0,,,,,,
2026-07-30T19:53:59.666557+00:00,S030,mounted,true,healthy,none,2100,healthy_horizontal_no_load_2100rpm,2276065,2133,296,988,1335,2,0,1978768,9,333,76,0,3,1648,1494,1234,63,129,1598,16383,1653,1640,1633708,800,2003,2118,522964,11949,8,382509,1496,65606,909,2275967075,2276066189,0,2276066203,2276066718,3336324950,17847329,0.0947,1637.0,0.14153010118001497,-0.05020362716545357,0.0947,26.59,79.9,,,,,,
2026-07-30T19:53:59.759998+00:00,S030,mounted,true,healthy,none,2100,healthy_horizontal_no_load_2100rpm,2276165,2130,300,989,1341,3,0,1978853,9,333,76,0,3,1648,1495,1251,63,129,1595,16383,1653,1640,1634120,800,2011,2071,523015,11956,8,382514,1496,65607,909,2276067127,2276166337,0,2276166346,2276166861,3337996776,17868246,0.0947,1637.0,0.061147770826363246,-0.03882864938106412,0.0947,26.68,80.0,,,,,,
2026-07-30T19:53:59.886299+00:00,S030,mounted,true,healthy,none,2100,healthy_horizontal_no_load_2100rpm,2276265,2134,300,987,1339,5,0,1978939,9,333,77,0,3,1648,1494,1209,63,132,1595,16383,1653,1643,1633876,800,1995,2081,523049,11954,8,382514,1496,65608,909,2276167266,2276266390,0,2276266556,2276267071,3336997276,17862268,0.0947,1637.0,0.07839065066086626,-0.06493286013050081,0.0947,26.68,80.0,,,,,,
2026-07-30T19:53:59.980983+00:00,S030,mounted,true,healthy,none,2100,healthy_horizontal_no_load_2100rpm,2276366,2133,296,993,1340,6,0,1979025,9,333,76,0,2,1648,1494,1232,62,141,1599,16383,1652,1641,1650182,808,1907,2211,523014,11954,8,382514,1496,65609,909,2276267480,2276367081,0,2276367159,2276367674,3370278452,17862270,0.0947,1637.0,0.29504246929897926,-0.21158947582399223,0.0947,26.56,79.8,,,,,,
2026-07-30T19:54:00.077395+00:00,S030,mounted,true,healthy,none,2100,healthy_horizontal_no_load_2100rpm,2276466,2122,299,993,1346,2,0,1979110,9,333,77,0,3,1648,1494,1222,62,141,1598,16383,1652,1644,1634141,800,1999,2069,523029,11953,8,382513,1496,65610,909,2276368079,2276467138,0,2276467217,2276467732,3338072251,17859279,0.0947,1637.0,0.058680492512339644,-0.057987938843805154,0.0947,26.59,79.9,,,,,,
2026-07-30T19:54:00.171598+00:00,S030,mounted,true,healthy,none,2100,healthy_horizontal_no_load_2100rpm,2276566,2112,299,998,1352,2,0,1979194,9,333,76,0,3,1648,1494,1258,62,137,1601,16383,1652,1643,1633692,800,2011,2101,522995,11954,8,382513,1496,65611,909,2276468140,2276567218,0,2276567292,2276567807,3336251482,17862268,0.0947,1637.0,0.11172169968211465,-0.03826802091350201,0.0947,26.5,79.7,,,,,,
2026-07-30T19:54:00.263038+00:00,S030,mounted,true,healthy,none,2100,healthy_horizontal_no_load_2100rpm,2276666,2097,298,1007,1363,3,0,1979279,9,333,77,1,3,1648,1494,1232,63,131,1595,16383,1654,1642,1633846,800,1802,2155,523021,11951,8,382508,1496,65612,909,2276568212,2276667339,0,2276667418,2276667933,3336945638,17853305,0.0947,1637.0,0.202617068446155,-0.385823623044097,0.0947,26.68,80.0,,,,,,
2026-07-30T19:54:00.357146+00:00,S030,mounted,true,healthy,none,2100,healthy_horizontal_no_load_2100rpm,2276766,2102,297,1003,1357,3,0,1979363,9,333,76,0,3,1648,1494,1221,63,131,1594,16383,1652,1644,1633941,800,1869,2082,523026,11953,8,382508,1496,65613,909,2276668341,2276767419,0,2276767498,2276768013,3337290765,17859279,0.0947,1637.0,0.08034748690705218,-0.2746578827909314,0.0947,26.71,80.1,,,,,,
2026-07-30T19:54:00.499566+00:00,S030,mounted,true,healthy,none,2100,healthy_horizontal_no_load_2100rpm,2276867,2123,299,992,1345,1,0,1979448,9,333,77,0,2,1648,1494,1212,66,137,1592,16383,1652,1642,1650086,808,2003,2067,523004,11954,8,382509,1496,65614,909,2276768423,2276868094,0,2276868103,2276868618,3369837836,17862266,0.0947,1637.0,0.05505891634599269,-0.05160044052200119,0.0947,26.77,80.2,,,,,,
2026-07-30T19:54:00.592599+00:00,S030,mounted,true,healthy,none,2100,healthy_horizontal_no_load_2100rpm,2276967,2124,300,993,1346,5,0,1979533,9,333,77,0,3,1648,1495,1211,66,137,1596,16383,1653,1644,1633928,800,2003,2077,523012,11958,8,382518,1496,65615,909,2276869027,2276968246,0,2276968255,2276968770,3337205840,17874230,0.0947,1637.0,0.07056657852483683,-0.05271705017561468,0.0947,26.65,80.0,,,,,,
2026-07-30T19:54:00.686875+00:00,S030,mounted,true,healthy,none,2100,healthy_horizontal_no_load_2100rpm,2277067,2126,298,992,1343,4,0,1979618,9,333,76,0,3,1648,1495,1235,63,130,1592,16383,1652,1644,1634026,800,2010,2135,523026,11958,8,382526,1496,65616,909,2276969175,2277068278,0,2277068288,2277068803,3337615082,17874222,0.0947,1637.0,0.16719428750627152,-0.041055085298544736,0.0947,26.77,80.2,,,,,,
2026-07-30T19:54:00.781494+00:00,S030,mounted,true,healthy,none,2100,healthy_horizontal_no_load_2100rpm,2277167,2129,299,990,1341,6,0,1979703,9,333,76,0,2,1648,1494,1209,63,135,1595,16383,1652,1635,1633906,800,1877,2064,523008,11954,8,382526,1496,65617,909,2277069208,2277168341,0,2277168350,2277168865,3337152290,17862266,0.0947,1637.0,0.0500592589928055,-0.2615860493558646,0.0947,26.68,80.0,,,,,,
2026-07-30T19:54:00.875900+00:00,S030,mounted,true,healthy,none,2100,healthy_horizontal_no_load_2100rpm,2277267,2134,300,987,1339,3,0,1979789,9,333,77,0,3,1648,1494,1242,63,135,1586,16383,1652,1642,1633890,800,2003,2139,523001,11954,8,382526,1496,65618,909,2277169271,2277268372,0,2277268386,2277268901,3337062998,17862266,0.0947,1637.0,0.17505069282248575,-0.05160044052200119,0.0947,26.96,80.5,,,,,,
2026-07-30T19:54:00.968883+00:00,S030,mounted,true,healthy,none,2100,healthy_horizontal_no_load_2100rpm,2277367,2131,299,989,1340,1,0,1979874,9,333,77,0,3,1649,1494,1198,61,127,1591,16383,1654,1641,1635073,800,2008,2071,523109,11951,8,382521,1496,65619,909,2277269310,2277368417,0,2277368427,2277368942,3341882435,17853305,0.0985,1637.0,0.06259152146263913,-0.04242763877499822,0.0985,26.8,80.2,,,,,,
2026-07-30T19:54:01.112426+00:00,S030,mounted,true,healthy,none,2100,healthy_horizontal_no_load_2100rpm,2277468,2131,300,989,1341,4,0,1979960,9,333,76,0,2,1649,1494,1206,64,137,1597,16383,1652,1644,1650598,808,2011,2077,523109,11950,8,382514,1496,65620,909,2277369347,2277469179,0,2277469253,2277469768,3371931706,17850326,0.0985,1637.0,0.07288307832635965,-0.03714620100418431,0.0985,26.62,79.9,,,,,,
2026-07-30T19:54:01.204788+00:00,S030,mounted,true,healthy,none,2100,healthy_horizontal_no_load_2100rpm,2277568,2133,300,988,1340,6,0,1980045,9,333,77,0,3,1649,1494,1200,64,137,1593,16383,1652,1644,1634038,800,1998,2071,523060,11952,8,382511,1496,65621,909,2277470173,2277569236,0,2277569310,2277569824,3337660194,17856294,0.0985,1637.0,0.06230267469879491,-0.05937601204819298,0.0985,26.74,80.1,,,,,,
2026-07-30T19:54:01.298715+00:00,S030,mounted,true,healthy,none,2100,healthy_horizontal_no_load_2100rpm,2277668,2133,300,989,1341,3,0,1980131,9,333,77,0,3,1649,1495,1206,63,132,1595,16383,1654,1644,1634491,800,2005,2267,523075,11956,8,382516,1496,65622,909,2277570229,2277669296,0,2277669375,2277669890,3339565027,17868246,0.0985,1637.0,0.387737410170625,-0.048826291401807165,0.0985,26.68,80.0,,,,,,
2026-07-30T19:54:01.390029+00:00,S030,mounted,true,healthy,none,2100,healthy_horizontal_no_load_2100rpm,2277768,2134,300,988,1340,1,0,1980216,9,333,76,0,2,1648,1494,1192,63,132,1594,16383,1652,1644,1633996,800,1953,2077,523043,11952,8,382513,1496,65623,909,2277670298,2277769368,0,2277769442,2277769957,3337503198,17856292,0.0947,1637.0,0.07230366265060217,-0.134383421686747,0.0947,26.71,80.1,,,,,,
2026-07-30T19:54:01.484624+00:00,S030,mounted,true,healthy,none,2100,healthy_horizontal_no_load_2100rpm,2277869,2130,300,989,1341,4,0,1980302,9,333,77,0,3,1648,1494,1190,62,140,1594,16383,1655,1642,1650425,808,2001,2102,523030,11950,8,382506,1496,65624,909,2277770362,2277870056,0,2277870066,2277870581,3371224341,17850318,0.0947,1637.0,0.11456083564853525,-0.05381730393305473,0.0947,26.71,80.1,,,,,,
2026-07-30T19:54:01.579096+00:00,S030,mounted,true,healthy,none,2100,healthy_horizontal_no_load_2100rpm,2277969,2130,298,990,1340,6,0,1980387,9,333,76,0,2,1649,1494,1218,63,143,1591,16383,1652,1642,1634747,800,1997,2075,523044,11954,8,382507,1496,65625,909,2277870990,2277970075,0,2277970085,2277970599,3340560495,17862268,0.0985,1637.0,0.06839133595449187,-0.06159975522837602,0.0985,26.8,80.2,,,,,,
2026-07-30T19:54:01.673670+00:00,S030,mounted,true,healthy,none,2100,healthy_horizontal_no_load_2100rpm,2278069,2132,300,988,1340,3,0,1980473,9,333,76,0,3,1649,1494,1222,63,143,1596,16383,1653,1640,1634602,800,1973,2279,523070,11951,8,382503,1496,65626,909,2277971004,2278070223,0,2278070238,2278070753,3340077292,17853301,0.0985,1637.0,0.40932144732658315,-0.1007716166847965,0.0985,26.65,80.0,,,,,,
2026-07-30T19:54:01.814040+00:00,S030,mounted,true,healthy,none,2100,healthy_horizontal_no_load_2100rpm,2278169,2130,301,988,1342,1,0,1980558,9,333,77,0,2,1649,1494,1206,64,146,1599,16383,1653,1640,1634233,800,2013,2127,523121,11951,8,382499,1496,65627,909,2278071158,2278170383,0,2278170393,2278170908,3338464477,17853305,0.0985,1637.0,0.15594188611831594,-0.034092784787884245,0.0985,26.56,79.8,,,,,,
2026-07-30T19:54:01.907512+00:00,S030,mounted,true,healthy,none,2100,healthy_horizontal_no_load_2100rpm,2278270,2123,301,992,1347,5,0,1980643,9,333,77,0,3,1649,1495,1222,64,132,1601,16383,1654,1644,1635127,800,2011,2207,523210,11957,8,382506,1496,65628,909,2278171313,2278270557,0,2278270567,2278271082,3342150447,17871233,0.0985,1637.0,0.2874534323827045,-0.03910889328426892,0.0985,26.5,79.7,,,,,,
2026-07-30T19:54:02.000125+00:00,S030,mounted,true,healthy,none,2100,healthy_horizontal_no_load_2100rpm,2278370,2112,300,997,1352,4,0,1980728,9,333,76,0,3,1649,1495,1207,64,132,1601,16383,1652,1642,1649811,808,1989,2077,523122,11956,8,382511,1496,65629,909,2278271488,2278371096,0,2278371170,2278371685,3368727139,17868244,0.0985,1637.0,0.07114541284710585,-0.07548667012378774,0.0985,26.5,79.7,,,,,,
2026-07-30T19:54:02.094233+00:00,S030,mounted,true,healthy,none,2100,healthy_horizontal_no_load_2100rpm,2278470,2099,300,1004,1361,6,0,1980813,9,333,77,0,3,1649,1494,1205,64,130,1599,16383,1652,1643,1633951,800,2005,2111,523070,11955,8,382514,1496,65630,909,2278372090,2278471189,0,2278471267,2278471782,3337309495,17865255,0.0985,1637.0,0.12809294629861956,-0.0485468368883315,0.0985,26.56,79.8,,,,,,
2026-07-30T19:54:02.187652+00:00,S030,mounted,true,healthy,none,2100,healthy_horizontal_no_load_2100rpm,2278570,2110,299,999,1354,6,0,1980897,9,333,76,0,2,1648,1494,1190,64,130,1597,16383,1652,1643,1633831,800,1999,2067,523026,11952,8,382511,1496,65631,909,2278472189,2278571256,0,2278571335,2278571850,3336811609,17856292,0.0947,1637.0,0.05563534939759052,-0.05770918072289177,0.0947,26.62,79.9,,,,,,
2026-07-30T19:54:02.281010+00:00,S030,mounted,true,healthy,none,2100,healthy_horizontal_no_load_2100rpm,2278670,2121,300,992,1346,2,0,1980982,9,333,77,0,3,1648,1494,1229,63,125,1592,16383,1652,1643,1634084,800,2001,2089,523027,11951,8,382507,1496,65632,909,2278572259,2278671326,0,2278671405,2278671920,3337848524,17853305,0.0947,1637.0,0.0925969958162498,-0.054096434356957435,0.0947,26.77,80.2,,,,,,
2026-07-30T19:54:02.374220+00:00,S030,mounted,true,healthy,none,2100,healthy_horizontal_no_load_2100rpm,2278770,2130,299,990,1341,3,0,1981067,9,333,77,0,2,1648,1495,1219,59,119,1589,16383,1653,1641,1633993,800,2003,2139,523043,11956,8,382512,1496,65633,909,2278672329,2278771407,0,2278771481,2278771996,3337487459,17868246,0.0947,1637.0,0.1744543803947809,-0.0521588387420544,0.0947,26.86,80.4,,,,,,
2026-07-30T19:54:02.514671+00:00,S030,mounted,true,healthy,none,2100,healthy_horizontal_no_load_2100rpm,2278871,2130,300,988,1340,5,0,1981153,9,333,77,0,3,1648,1494,1227,59,119,1585,16383,1653,1641,1650493,808,2003,2071,523047,11953,8,382511,1496,65634,909,2278772401,2278872143,0,2278872158,2278872673,3371501881,17859281,0.0947,1637.0,0.06201387626537258,-0.051321171337739724,0.0947,26.99,80.6,,,,,,
2026-07-30T19:54:02.610022+00:00,S030,mounted,true,healthy,none,2100,healthy_horizontal_no_load_2100rpm,2278971,2132,299,989,1340,4,0,1981238,9,333,76,0,3,1648,1494,1201,60,123,1592,16383,1652,1641,1634160,800,2008,2188,523009,11952,8,382509,1496,65635,909,2278873082,2278972166,0,2278972175,2278972690,3338184454,17856298,0.0947,1637.0,0.25732193975903606,-0.04270769879518088,0.0947,26.77,80.2,,,,,,
2026-07-30T19:54:02.703075+00:00,S030,mounted,true,healthy,none,2100,healthy_horizontal_no_load_2100rpm,2279071,2131,300,989,1341,6,0,1981323,9,333,76,0,3,1648,1495,1224,57,112,1599,16383,1653,1642,1634382,800,2007,2075,523038,11956,8,382514,1496,65636,909,2278973096,2279072216,0,2279072225,2279072740,3339065462,17868244,0.0947,1637.0,0.06781286550685817,-0.04549374406155948,0.0947,26.56,79.8,,,,,,
2026-07-30T19:54:02.797522+00:00,S030,mounted,true,healthy,none,2100,healthy_horizontal_no_load_2100rpm,2279171,2132,294,989,1334,3,0,1981409,9,333,76,0,3,1648,1494,1237,57,112,1599,16383,1653,1644,1634273,800,1971,2121,523025,11951,8,382509,1496,65637,909,2279073145,2279172246,0,2279172260,2279172776,3338629891,17853301,0.0947,1637.0,0.14594006133377935,-0.10410555827964219,0.0947,26.56,79.8,,,,,,
2026-07-30T19:54:02.891375+00:00,S030,mounted,true,healthy,none,2100,healthy_horizontal_no_load_2100rpm,2279271,2130,300,990,1342,1,0,1981494,9,333,77,0,3,1648,1494,1219,60,115,1601,16383,1655,1642,1633714,800,2013,2073,522996,11955,8,382512,1496,65638,909,2279173181,2279272431,0,2279272440,2279272955,3336336108,17865257,0.0947,1637.0,0.06476925043914683,-0.03521553249686349,0.0947,26.5,79.7,,,,,,
2026-07-30T19:54:02.986533+00:00,S030,mounted,true,healthy,none,2100,healthy_horizontal_no_load_2100rpm,2279372,2129,299,989,1341,4,0,1981580,9,333,77,0,3,1648,1494,1248,60,115,1602,16383,1653,1640,1650386,808,1999,2118,523024,11955,8,382515,1496,65639,909,2279273360,2279373155,0,2279373229,2279373744,3371073262,17865257,0.0947,1637.0,0.13975783764115368,-0.05854531518193262,0.0947,26.46,79.6,,,,,,
2026-07-30T19:54:03.080320+00:00,S030,mounted,true,healthy,none,2100,healthy_horizontal_no_load_2100rpm,2279472,2130,298,991,1341,6,0,1981665,9,333,76,0,3,1648,1494,1222,62,134,1595,16383,1654,1640,1634564,800,2009,2337,523022,11955,8,382517,1496,65640,909,2279374153,2279473209,0,2279473283,2279473797,3339894262,17865257,0.0947,1637.0,0.5047022953575908,-0.04188118469259772,0.0947,26.68,80.0,,,,,,
2026-07-30T19:54:03.173928+00:00,S030,mounted,true,healthy,none,2100,healthy_horizontal_no_load_2100rpm,2279572,2128,296,990,1338,3,0,1981751,9,333,76,0,3,1648,1494,1235,63,129,1600,16383,1654,1642,1634552,800,2005,2197,523040,11954,8,382517,1496,65641,909,2279474202,2279573282,0,2279573361,2279573876,3339779586,17862272,0.0947,1637.0,0.2717107349841057,-0.048267335619876395,0.0947,26.53,79.7,,,,,,
2026-07-30T19:54:03.315933+00:00,S030,mounted,true,healthy,none,2100,healthy_horizontal_no_load_2100rpm,2279672,2130,300,989,1341,1,0,1981836,9,333,77,0,3,1648,1495,1222,63,129,1598,16383,1652,1642,1633905,800,1921,2087,523002,11956,8,382521,1496,65642,909,2279574281,2279673361,0,2279673439,2279673954,3337139861,17868244,0.0947,1637.0,0.08780814954834382,-0.18879327969220494,0.0947,26.59,79.9,,,,,,
2026-07-30T19:54:03.410580+00:00,S030,mounted,true,healthy,none,2100,healthy_horizontal_no_load_2100rpm,2279772,2132,302,988,1342,5,0,1981921,9,333,77,0,3,1648,1494,1232,66,124,1587,16383,1652,1644,1634081,800,1999,2087,523056,11954,8,382521,1496,65643,909,2279674363,2279773447,0,2279773521,2279774035,3337838799,17862268,0.0947,1637.0,0.08838996536724109,-0.05826665032625078,0.0947,26.93,80.5,,,,,,
2026-07-30T19:54:03.504233+00:00,S030,mounted,true,healthy,none,2100,healthy_horizontal_no_load_2100rpm,2279873,2133,300,988,1340,6,0,1982007,9,333,76,0,3,1649,1495,1240,66,124,1592,16383,1653,1642,1650703,808,2011,2092,523075,11958,8,382529,1496,65644,909,2279774440,2279874217,0,2279874226,2279874742,3372361851,17874222,0.0985,1637.0,0.09555650326141452,-0.039389090316106934,0.0985,26.77,80.2,,,,,,
2026-07-30T19:54:03.596344+00:00,S030,mounted,true,healthy,none,2100,healthy_horizontal_no_load_2100rpm,2279973,2130,300,989,1341,2,0,1982092,9,333,76,0,3,1649,1494,1210,66,124,1593,16383,1653,1643,1634385,800,2010,2071,523089,11951,8,382523,1496,65645,909,2279875150,2279974275,0,2279974284,2279974800,3339070001,17853305,0.0985,1637.0,0.06259152146263913,-0.03909369718015254,0.0985,26.74,80.1,,,,,,
2026-07-30T19:54:03.689396+00:00,S030,mounted,true,healthy,none,2100,healthy_horizontal_no_load_2100rpm,2280073,2131,300,989,1341,1,0,1982178,9,333,76,0,3,1649,1495,1253,64,117,1586,16383,1654,1642,1634545,800,2006,2173,523130,11957,8,382529,1496,65646,909,2279975205,2280074329,0,2280074343,2280074858,3339751161,17871233,0.0985,1637.0,0.23080486568537273,-0.04743956485740597,0.0985,26.96,80.5,,,,,,
2026-07-30T19:54:03.783164+00:00,S030,mounted,true,healthy,none,2100,healthy_horizontal_no_load_2100rpm,2280174,2130,299,989,1340,4,0,1982264,9,333,76,0,3,1649,1494,1166,64,117,1594,16383,1652,1643,1649937,808,1985,2067,523115,11951,8,382523,1496,65647,909,2280075263,2280175084,0,2280175163,2280175678,3369233593,17853301,0.0985,1637.0,0.05592363827294777,-0.08076796711572287,0.0985,26.71,80.1,,,,,,
2026-07-30T19:54:03.876892+00:00,S030,mounted,true,healthy,none,2100,healthy_horizontal_no_load_2100rpm,2280274,2130,300,990,1342,6,0,1982349,9,333,76,0,3,1649,1494,1206,63,128,1594,16383,1652,1643,1634571,800,1983,2111,523173,11953,8,382522,1496,65648,909,2280176083,2280275221,0,2280275299,2280275814,3339847457,17859281,0.0985,1637.0,0.12868155132602643,-0.08465500886806687,0.0985,26.71,80.1,,,,,,
2026-07-30T19:54:04.017512+00:00,S030,mounted,true,healthy,none,2100,healthy_horizontal_no_load_2100rpm,2280374,2129,294,990,1336,2,0,1982434,9,333,76,0,3,1649,1495,1196,61,122,1598,16383,1653,1642,1634207,800,2006,2130,523156,11957,8,382528,1496,65649,909,2280276219,2280375287,0,2280375361,2280375875,3338359111,17871233,0.0985,1637.0,0.15916109015639357,-0.04743956485740597,0.0985,26.59,79.9,,,,,,
2026-07-30T19:54:04.113162+00:00,S030,mounted,true,healthy,none,2100,healthy_horizontal_no_load_2100rpm,2280474,2131,300,988,1340,1,0,1982520,9,333,76,0,3,1649,1494,1213,61,122,1600,16383,1652,1642,1633923,800,2011,2159,523089,11955,8,382530,1496,65650,909,2280376280,2280475334,0,2280475413,2280475928,3337203171,17865255,0.0985,1637.0,0.20808077264742764,-0.03854835859473038,0.0985,26.53,79.7,,,,,,
2026-07-30T19:54:04.207168+00:00,S030,mounted,true,healthy,none,2100,healthy_horizontal_no_load_2100rpm,2280574,2132,294,989,1334,5,0,1982605,9,333,75,0,3,1649,1495,1245,62,123,1592,16383,1654,1643,1634768,800,1909,2070,523179,11956,8,382533,1496,65651,909,2280476333,2280575393,0,2280575471,2280575986,3340657320,17868244,0.0985,1637.0,0.05948149715623918,-0.20878856373369015,0.0985,26.77,80.2,,,,,,
2026-07-30T19:54:04.300759+00:00,S030,mounted,true,healthy,none,2100,healthy_horizontal_no_load_2100rpm,2280675,2130,300,988,1341,6,0,1982691,9,333,77,0,3,1649,1494,1188,65,135,1595,16383,1652,1644,1650745,808,2015,2259,523205,11954,8,382533,1496,65652,909,2280576391,2280676079,0,2280676094,2280676609,3372589619,17862266,0.0985,1637.0,0.3750369869499748,-0.03160181110925242,0.0985,26.68,80.0,,,,,,
2026-07-30T19:54:04.393836+00:00,S030,mounted,true,healthy,none,2100,healthy_horizontal_no_load_2100rpm,2280775,2130,300,989,1341,2,0,1982776,9,333,77,0,3,1649,1494,1209,65,135,1596,16383,1654,1641,1633877,800,1932,2071,523158,11954,8,382533,1496,65653,909,2280677017,2280776118,0,2280776132,2280776647,3337010059,17862268,0.0985,1637.0,0.06172512615024228,-0.16992566454743185,0.0985,26.65,80.0,,,,,,
2026-07-30T19:54:04.488618+00:00,S030,mounted,true,healthy,none,2100,healthy_horizontal_no_load_2100rpm,2280875,2130,300,989,1342,3,0,1982861,9,333,77,0,3,1649,1494,1202,67,147,1597,16383,1653,1643,1634282,800,2005,2169,523155,11950,8,382525,1496,65654,909,2280777052,2280876272,0,2280876282,2280876797,3338680582,17850314,0.0985,1637.0,0.22625722527196634,-0.04714886276150665,0.0985,26.62,79.9,,,,,,
2026-07-30T19:54:04.582598+00:00,S030,mounted,true,healthy,none,2100,healthy_horizontal_no_load_2100rpm,2280975,2131,301,988,1341,5,0,1982947,9,333,76,0,3,1649,1494,1209,67,147,1594,16383,1653,1644,1634153,800,1965,2093,523156,11955,8,382527,1496,65655,909,2280877203,2280976316,0,2280976478,2280976993,3338139771,17865257,0.0985,1637.0,0.09809751141781664,-0.11520335884567157,0.0985,26.71,80.1,,,,,,
2026-07-30T19:54:04.722820+00:00,S030,mounted,true,healthy,none,2100,healthy_horizontal_no_load_2100rpm,2281076,2131,297,989,1338,6,0,1983033,9,333,76,0,3,1649,1494,1201,66,143,1594,16383,1653,1641,1650288,808,1897,2191,523133,11949,8,382518,1496,65656,909,2280977402,2281077089,0,2281077167,2281077682,3370703792,17847329,0.0985,1637.0,0.2632393374340949,-0.2269321072056245,0.0985,26.71,80.1,,,,,,
2026-07-30T19:54:04.817795+00:00,S030,mounted,true,healthy,none,2100,healthy_horizontal_no_load_2100rpm,2281176,2131,296,988,1335,2,0,1983118,9,333,76,0,3,1648,1494,1184,67,138,1593,16383,1652,1643,1633644,800,1961,2109,523052,11955,8,382520,1496,65657,909,2281078087,2281177166,0,2281177245,2281177760,3336063718,17865257,0.0947,1637.0,0.12476012020075222,-0.12186901104140535,0.0947,26.74,80.1,,,,,,
2026-07-30T19:54:04.910806+00:00,S030,mounted,true,healthy,none,2100,healthy_horizontal_no_load_2100rpm,2281276,2131,301,987,1340,3,0,1983203,9,333,77,0,3,1649,1494,1172,67,138,1595,16383,1652,1644,1634222,800,2015,2068,523058,11950,8,382513,1496,65658,909,2281178169,2281277264,0,2281277337,2281277852,3338410380,17850318,0.0985,1637.0,0.057879085690376364,-0.030477759832635787,0.0985,26.68,80.0,,,,,,
2026-07-30T19:54:05.003221+00:00,S030,mounted,true,healthy,none,2100,healthy_horizontal_no_load_2100rpm,2281376,2131,300,989,1341,5,0,1983289,9,333,76,0,3,1649,1494,1198,65,128,1592,16383,1652,1642,1634649,800,2014,2119,523073,11954,8,382513,1496,65659,909,2281278257,2281377334,0,2281377412,2281377927,3340155139,17862268,0.0985,1637.0,0.1417196438012378,-0.03326836356031526,0.0985,26.77,80.2,,,,,,
2026-07-30T19:54:05.098251+00:00,S030,mounted,true,healthy,none,2100,healthy_horizontal_no_load_2100rpm,2281476,2131,297,987,1336,4,0,1983374,9,333,76,0,3,1648,1494,1193,65,137,1600,16383,1652,1643,1633921,800,2003,2115,523029,11952,8,382510,1496,65660,909,2281378332,2281477416,0,2281477490,2281478005,3337181403,17856294,0.0947,1637.0,0.13564325301204816,-0.05104185542168693,0.0947,26.53,79.7,,,,,,
2026-07-30T19:54:05.190467+00:00,S030,mounted,true,healthy,none,2100,healthy_horizontal_no_load_2100rpm,2281577,2131,300,988,1340,2,0,1983460,9,333,76,0,3,1648,1494,1189,65,137,1601,16383,1654,1643,1650450,808,2015,2103,523042,11953,8,382510,1496,65661,909,2281478413,2281578156,0,2281578170,2281578686,3371328678,17859279,0.0947,1637.0,0.11534801631389602,-0.031320868819543435,0.0947,26.5,79.7,,,,,,
2026-07-30T19:54:05.329869+00:00,S030,mounted,true,healthy,none,2100,healthy_horizontal_no_load_2100rpm,2281677,2130,300,988,1341,3,0,1983545,9,333,77,0,3,1648,1494,1201,64,140,1603,16383,1654,1641,1633443,800,1961,2149,522987,11948,8,382500,1496,65662,909,2281579094,2281678193,0,2281678202,2281678717,3335250827,17844344,0.0947,1637.0,0.1935147214596582,-0.11995447706729179,0.0947,26.43,79.6,,,,,,
2026-07-30T19:54:05.423498+00:00,S030,mounted,true,healthy,none,2100,healthy_horizontal_no_load_2100rpm,2281777,2133,301,988,1341,5,0,1983631,9,333,77,0,3,1648,1494,1198,64,140,1603,16383,1651,1644,1634109,800,2012,2074,523010,11948,8,382490,1496,65663,909,2281679126,2281778360,0,2281778375,2281778890,3337945947,17844342,0.0947,1637.0,0.0684605199196513,-0.03491762002008736,0.0947,26.43,79.6,,,,,,
2026-07-30T19:54:05.517581+00:00,S030,mounted,true,healthy,none,2100,healthy_horizontal_no_load_2100rpm,2281878,2130,300,988,1340,4,0,1983716,9,333,76,0,3,1648,1494,1235,64,135,1600,16383,1653,1642,1633716,800,1919,2261,523007,11951,8,382487,1496,65664,909,2281779295,2281878560,0,2281878569,2281879084,3336414444,17853303,0.0947,1637.0,0.3793159729729729,-0.19078803974562808,0.0947,26.53,79.7,,,,,,
2026-07-30T19:54:05.612755+00:00,S030,mounted,true,healthy,none,2100,healthy_horizontal_no_load_2100rpm,2281978,2134,301,987,1340,2,0,1983802,9,333,77,0,3,1649,1494,1231,62,132,1598,16383,1653,1644,1650799,808,1857,2071,523042,11951,8,382484,1496,65665,909,2281879493,2281979067,0,2281979145,2281979660,3372787923,17853301,0.0985,1637.0,0.06259152146263913,-0.2941402291858424,0.0985,26.59,79.9,,,,,,
2026-07-30T19:54:05.705892+00:00,S030,mounted,true,healthy,none,2100,healthy_horizontal_no_load_2100rpm,2282078,2131,299,990,1341,3,0,1983887,9,333,76,0,3,1649,1495,1221,62,132,1595,16383,1654,1642,1634240,800,1911,2197,523044,11956,8,382490,1496,65666,909,2281980069,2282079121,0,2282079195,2282079710,3338531736,17868244,0.0985,1637.0,0.2710982532619606,-0.20545601639344246,0.0985,26.68,80.0,,,,,,
2026-07-30T19:54:05.799665+00:00,S030,mounted,true,healthy,none,2100,healthy_horizontal_no_load_2100rpm,2282178,2133,299,987,1338,1,0,1983972,9,333,76,0,3,1649,1494,1225,61,123,1595,16383,1653,1643,1633957,800,1997,2099,523072,11954,8,382492,1496,65667,909,2282080116,2282179226,0,2282179299,2282179815,3337332239,17862268,0.0985,1637.0,0.10838859477998986,-0.06159975522837602,0.0985,26.68,80.0,,,,,,
2026-07-30T19:54:05.892171+00:00,S030,mounted,true,healthy,none,2100,healthy_horizontal_no_load_2100rpm,2282278,2131,301,988,1341,4,0,1984058,9,333,77,0,3,1649,1494,1208,61,133,1596,16383,1652,1643,1634269,800,2009,2121,523083,11955,8,382496,1496,65668,909,2282180220,2282279296,0,2282279375,2282279890,3338604269,17865257,0.0985,1637.0,0.14475707678795446,-0.04188118469259772,0.0985,26.65,80.0,,,,,,
2026-07-30T19:54:06.033281+00:00,S030,mounted,true,healthy,none,2100,healthy_horizontal_no_load_2100rpm,2282378,2130,294,990,1335,6,0,1984143,9,333,76,0,3,1649,1494,1203,61,133,1596,16383,1652,1644,1634030,800,1999,2077,523039,11955,8,382500,1496,65669,909,2282280298,2282379385,0,2282379459,2282379973,3337623252,17865255,0.0985,1637.0,0.07143490263488061,-0.05854531518193262,0.0985,26.65,80.0,,,,,,
2026-07-30T19:54:06.128659+00:00,S030,mounted,true,healthy,none,2100,healthy_horizontal_no_load_2100rpm,2282479,2132,301,986,1339,3,0,1984229,9,333,76,0,3,1649,1494,1242,62,137,1597,16383,1652,1644,1650596,808,1965,2069,523043,11951,8,382496,1496,65670,909,2282380379,2282480060,0,2282480069,2282480584,3371924374,17853303,0.0985,1637.0,0.05925757986779345,-0.11410738306417878,0.0985,26.62,79.9,,,,,,
2026-07-30T19:54:06.222201+00:00,S030,mounted,true,healthy,none,2100,healthy_horizontal_no_load_2100rpm,2282579,2138,300,985,1336,1,0,1984314,9,333,76,0,3,1648,1495,1221,62,137,1597,16383,1652,1643,1633839,800,2012,2084,523030,11956,8,382502,1496,65671,909,2282480989,2282580089,0,2282580098,2282580612,3336844867,17868244,0.0947,1637.0,0.08280932853797252,-0.0371623757109405,0.0947,26.62,79.9,,,,,,
2026-07-30T19:54:06.313297+00:00,S030,mounted,true,healthy,none,2100,healthy_horizontal_no_load_2100rpm,2282679,2135,300,986,1338,4,0,1984400,9,333,76,0,3,1648,1494,1247,63,131,1595,16383,1652,1644,1634177,800,1969,2140,523021,11952,8,382500,1496,65672,909,2282581017,2282680224,0,2282680233,2282680748,3338239421,17856294,0.0947,1637.0,0.17731403614457797,-0.10771412048192808,0.0947,26.68,80.0,,,,,,
2026-07-30T19:54:06.407201+00:00,S030,mounted,true,healthy,none,2100,healthy_horizontal_no_load_2100rpm,2282779,2134,301,987,1340,2,0,1984486,9,333,76,0,3,1649,1494,1204,61,127,1602,16383,1653,1641,1634192,800,1999,2069,523034,11951,8,382496,1496,65673,909,2282681153,2282780286,0,2282780300,2282780815,3338288012,17853307,0.0985,1637.0,0.05925757986779345,-0.05743037595180356,0.0985,26.46,79.6,,,,,,
2026-07-30T19:54:06.498583+00:00,S030,mounted,true,healthy,none,2100,healthy_horizontal_no_load_2100rpm,2282879,2134,299,987,1338,3,0,1984571,9,333,76,0,3,1648,1494,1219,61,127,1599,16383,1653,1640,1633387,800,2009,2070,522967,11954,8,382498,1496,65674,909,2282781220,2282880332,0,2282880341,2282880857,3335002175,17862268,0.0947,1637.0,0.06005857369918033,-0.041601125815626805,0.0947,26.56,79.8,,,,,,
2026-07-30T19:54:06.591635+00:00,S030,mounted,true,healthy,none,2100,healthy_horizontal_no_load_2100rpm,2282979,2137,300,987,1338,1,0,1984656,9,333,76,0,3,1648,1494,1247,63,135,1601,16383,1652,1644,1634292,800,2015,2083,523008,11954,8,382499,1496,65675,909,2282881261,2282980384,0,2282980393,2282980909,3338696178,17862268,0.0947,1637.0,0.0817237555629915,-0.03160181110925242,0.0947,26.5,79.7,,,,,,
2026-07-30T19:54:06.735982+00:00,S030,mounted,true,healthy,none,2100,healthy_horizontal_no_load_2100rpm,2283079,2135,300,988,1339,4,0,1984742,9,333,76,0,3,1648,1494,1221,60,126,1600,16383,1651,1641,1633201,800,2007,2070,522958,11949,8,382491,1496,65676,909,2282981314,2283080445,0,2283080454,2283080969,3334244291,17847329,0.0947,1637.0,0.06150211021842811,-0.04353462791865459,0.0947,26.53,79.7,,,,,,
2026-07-30T19:54:06.827469+00:00,S030,mounted,true,healthy,none,2100,healthy_horizontal_no_load_2100rpm,2283180,2132,297,989,1338,2,0,1984828,9,333,76,0,3,1648,1494,1214,60,126,1595,16383,1653,1644,1650229,808,2013,2075,523005,11955,8,382495,1496,65677,909,2283081378,2283181077,0,2283181155,2283181670,3370425139,17865257,0.0947,1637.0,0.06810207653701328,-0.03521553249686349,0.0947,26.68,80.0,,,,,,
2026-07-30T19:54:06.921507+00:00,S030,mounted,true,healthy,none,2100,healthy_horizontal_no_load_2100rpm,2283280,2133,302,986,1340,3,0,1984913,9,333,77,0,3,1648,1494,1230,61,128,1597,16383,1654,1644,1634170,800,2015,2277,522998,11954,8,382497,1496,65678,909,2283182079,2283281138,0,2283281212,2283281726,3338250638,17862268,0.0947,1637.0,0.40503493106909794,-0.03160181110925242,0.0947,26.62,79.9,,,,,,
2026-07-30T19:54:07.014611+00:00,S030,mounted,true,healthy,none,2100,healthy_horizontal_no_load_2100rpm,2283380,2130,300,989,1341,5,0,1984999,9,333,77,0,3,1648,1494,1224,61,128,1599,16383,1652,1641,1634007,800,2010,2071,523012,11954,8,382498,1496,65679,909,2283282131,2283381343,0,2283381421,2283381936,3337525381,17862270,0.0947,1637.0,0.06172512615024228,-0.03993457336456396,0.0947,26.56,79.8,,,,,,
2026-07-30T19:54:07.107934+00:00,S030,mounted,true,healthy,none,2100,healthy_horizontal_no_load_2100rpm,2283481,2131,295,989,1336,4,0,1985084,9,333,76,0,3,1648,1494,1201,61,133,1602,16383,1652,1642,1633813,800,1993,2109,523001,11954,8,382499,1496,65680,909,2283382341,2283481573,0,2283481647,2283482162,3336738709,17862266,0.0947,1637.0,0.12505411929061339,-0.06826596503262561,0.0947,26.46,79.6,,,,,,
2026-07-30T19:54:07.201411+00:00,S030,mounted,true,healthy,none,2100,healthy_horizontal_no_load_2100rpm,2283581,2132,300,988,1340,2,0,1985170,9,333,77,0,3,1648,1494,1206,60,125,1590,16383,1655,1644,1649676,808,1893,2074,522968,11952,8,382497,1496,65681,909,2283482570,2283582077,0,2283582091,2283582607,3368190256,17856292,0.0947,1637.0,0.06730316867469854,-0.2343933012048196,0.0947,26.83,80.3,,,,,,
2026-07-30T19:54:07.295967+00:00,S030,mounted,true,healthy,none,2100,healthy_horizontal_no_load_2100rpm,2283681,2134,297,987,1335,3,0,1985255,9,333,76,0,2,1648,1494,1226,60,125,1598,16383,1652,1642,1633798,800,1945,2132,523010,11954,8,382498,1496,65682,909,2283583015,2283682113,0,2283682123,2283682638,3336698224,17862268,0.0947,1637.0,0.16338482566504942,-0.1482604826836207,0.0947,26.59,79.9,,,,,,
2026-07-30T19:54:07.436567+00:00,S030,mounted,true,healthy,none,2100,healthy_horizontal_no_load_2100rpm,2283781,2136,302,986,1340,5,0,1985341,9,333,76,0,3,1648,1494,1230,60,121,1599,16383,1652,1643,1633151,800,2001,2067,523007,11951,8,382494,1496,65683,909,2283683043,2283782166,0,2283782181,2283782696,3334035801,17853305,0.0947,1637.0,0.05592363827294777,-0.054096434356957435,0.0947,26.56,79.8,,,,,,
2026-07-30T19:54:07.529698+00:00,S030,mounted,true,healthy,none,2100,healthy_horizontal_no_load_2100rpm,2283881,2132,297,988,1337,4,0,1985426,9,333,76,0,3,1648,1495,1208,59,120,1594,16383,1654,1640,1633812,800,1903,2203,522996,11957,8,382502,1496,65684,909,2283783101,2283882231,0,2283882240,2283882755,3336786658,17871233,0.0947,1637.0,0.280788895124195,-0.21905139926402972,0.0947,26.71,80.1,,,,,,
2026-07-30T19:54:07.622919+00:00,S030,mounted,true,healthy,none,2100,healthy_horizontal_no_load_2100rpm,2283981,2130,299,991,1342,6,0,1985511,9,333,76,0,3,1648,1494,1216,59,120,1599,16383,1653,1644,1633800,800,2011,2087,523011,11953,8,382502,1496,65685,909,2283883160,2283982290,0,2283982299,2283982814,3336685062,17859281,0.0947,1637.0,0.0886809462896343,-0.037987636325608864,0.0947,26.56,79.8,,,,,,
2026-07-30T19:54:07.716318+00:00,S030,mounted,true,healthy,none,2100,healthy_horizontal_no_load_2100rpm,2284081,2133,297,989,1337,3,0,1985597,9,333,76,0,3,1648,1494,1223,59,116,1597,16383,1652,1642,1633526,800,2003,2075,522999,11955,8,382505,1496,65686,909,2283983219,2284082367,0,2284082381,2284082897,3335570868,17865255,0.0947,1637.0,0.06810207653701328,-0.051879662986198394,0.0947,26.62,79.9,,,,,,
2026-07-30T19:54:07.810561+00:00,S030,mounted,true,healthy,none,2100,healthy_horizontal_no_load_2100rpm,2284181,2129,300,989,1342,1,0,1985682,9,333,76,0,3,1648,1494,1202,59,116,1594,16383,1652,1640,1634131,800,2013,2175,523028,11955,8,382508,1496,65687,909,2284083305,2284182423,0,2284182437,2284182952,3338054249,17865255,0.0947,1637.0,0.23474338143036366,-0.03521553249686349,0.0947,26.71,80.1,,,,,,
2026-07-30T19:54:07.904702+00:00,S030,mounted,true,healthy,none,2100,healthy_horizontal_no_load_2100rpm,2284282,2132,299,989,1340,4,0,1985768,9,333,76,0,3,1648,1495,1171,59,117,1592,16383,1652,1640,1649897,808,2005,2077,522982,11956,8,382513,1496,65688,909,2284183361,2284283212,0,2284283290,2284283805,3369068139,17868244,0.0947,1637.0,0.07114541284710585,-0.048826291401807165,0.0947,26.77,80.2,,,,,,
2026-07-30T19:54:07.999399+00:00,S030,mounted,true,healthy,none,2100,healthy_horizontal_no_load_2100rpm,2284382,2129,299,990,1341,6,0,1985853,9,333,77,0,3,1648,1494,1209,59,121,1593,16383,1652,1642,1634018,800,1995,2171,523030,11952,8,382510,1496,65689,909,2284284214,2284383295,0,2284383369,2284383884,3337593062,17856290,0.0947,1637.0,0.22898580722891548,-0.06437650602409661,0.0947,26.74,80.1,,,,,,
2026-07-30T19:54:08.142309+00:00,S030,mounted,true,healthy,none,2100,healthy_horizontal_no_load_2100rpm,2284482,2134,297,990,1338,3,0,1985939,9,333,76,0,3,1648,1494,1203,59,121,1599,16383,1652,1640,1633149,800,1939,2073,522946,11952,8,382508,1496,65690,909,2284384289,2284483392,0,2284483470,2284483985,3334042031,17856290,0.0947,1637.0,0.06563633734939733,-0.15771906024096438,0.0947,26.56,79.8,,,,,,
2026-07-30T19:54:08.234969+00:00,S030,mounted,true,healthy,none,2100,healthy_horizontal_no_load_2100rpm,2284583,2130,299,990,1341,1,0,1986024,9,333,76,0,3,1648,1494,1192,61,127,1596,16383,1652,1642,1649411,808,2013,2079,522902,11949,8,382500,1496,65691,909,2284484390,2284584148,0,2284584157,2284584672,3367081275,17847327,0.0947,1637.0,0.07650735852372526,-0.03353112904845634,0.0947,26.65,80.0,,,,,,
2026-07-30T19:54:08.330025+00:00,S030,mounted,true,healthy,none,2100,healthy_horizontal_no_load_2100rpm,2284683,2131,301,988,1342,4,0,1986110,9,333,76,0,3,1648,1494,1184,61,134,1593,16383,1654,1643,1633442,800,1951,2137,522909,11951,8,382496,1496,65692,909,2284585077,2284684220,0,2284684234,2284684749,3335244442,17853303,0.0947,1637.0,0.17261159409254434,-0.13744497422809854,0.0947,26.74,80.1,,,,,,
2026-07-30T19:54:08.423586+00:00,S030,mounted,true,healthy,none,2100,healthy_horizontal_no_load_2100rpm,2284783,2132,299,989,1340,6,0,1986195,9,333,76,0,3,1648,1494,1224,61,134,1595,16383,1652,1642,1634087,800,2014,2197,522933,11954,8,382498,1496,65693,909,2284685154,2284784243,0,2284784252,2284784767,3337893197,17862268,0.0947,1637.0,0.2717107349841057,-0.03326836356031526,0.0947,26.68,80.0,,,,,,
2026-07-30T19:54:08.517556+00:00,S030,mounted,true,healthy,none,2100,healthy_horizontal_no_load_2100rpm,2284883,2131,300,988,1340,2,0,1986280,9,333,77,0,3,1648,1494,1216,64,149,1598,16383,1654,1643,1633731,800,1979,2072,522997,11951,8,382494,1496,65694,909,2284785172,2284884321,0,2284884330,2284884845,3336410161,17853303,0.0947,1637.0,0.06425849226006175,-0.09076979190025947,0.0947,26.59,79.9,,,,,,
2026-07-30T19:54:08.614345+00:00,S030,mounted,true,healthy,none,2100,healthy_horizontal_no_load_2100rpm,2284984,2130,295,989,1336,1,0,1986366,9,333,76,0,3,1648,1494,1219,64,149,1598,16383,1652,1640,1649618,808,1931,2070,522984,11955,8,382498,1496,65695,909,2284885250,2284985165,0,2284985239,2284985755,3367940710,17865255,0.0947,1637.0,0.05977001129234605,-0.17186140250941095,0.0947,26.59,79.9,,,,,,
2026-07-30T19:54:08.706484+00:00,S030,mounted,true,healthy,none,2100,healthy_horizontal_no_load_2100rpm,2285084,2131,300,988,1340,4,0,1986452,9,333,77,0,3,1648,1494,1219,66,145,1601,16383,1652,1643,1633797,800,1943,2071,522997,11952,8,382496,1496,65696,909,2284986160,2285085412,0,2285085486,2285086001,3336683361,17856292,0.0947,1637.0,0.06230267469879491,-0.15105173493975954,0.0947,26.5,79.7,,,,,,
2026-07-30T19:54:08.845577+00:00,S030,mounted,true,healthy,none,2100,healthy_horizontal_no_load_2100rpm,2285185,2131,298,989,1339,2,0,1986538,9,333,77,0,3,1648,1494,1232,65,141,1598,16383,1652,1642,1650243,808,2009,2067,523019,11951,8,382492,1496,65697,909,2285086409,2285186096,0,2285186110,2285186625,3370476783,17853305,0.0947,1637.0,0.05592363827294777,-0.04076066797757516,0.0947,26.59,79.9,,,,,,
2026-07-30T19:54:08.940573+00:00,S030,mounted,true,healthy,none,2100,healthy_horizontal_no_load_2100rpm,2285285,2131,296,989,1337,3,0,1986623,9,333,76,0,3,1648,1494,1240,65,141,1593,16383,1653,1640,1633714,800,2009,2071,523011,11954,8,382494,1496,65698,909,2285187034,2285286121,0,2285286131,2285286646,3336331014,17862268,0.0947,1637.0,0.06172512615024228,-0.041601125815626805,0.0947,26.74,80.1,,,,,,
2026-07-30T19:54:09.035169+00:00,S030,mounted,true,healthy,none,2100,healthy_horizontal_no_load_2100rpm,2285385,2129,301,988,1342,1,0,1986708,9,333,77,0,3,1648,1494,1208,65,133,1591,16383,1652,1641,1633399,800,2009,2114,523006,11953,8,382494,1496,65699,909,2285287055,2285386183,0,2285386193,2285386708,3335056837,17859281,0.0947,1637.0,0.13368162695557562,-0.04132102007864136,0.0947,26.8,80.2,,,,,,
2026-07-30T19:54:09.126037+00:00,S030,mounted,true,healthy,none,2100,healthy_horizontal_no_load_2100rpm,2285485,2131,300,989,1341,4,0,1986794,9,333,77,0,3,1648,1495,1211,63,135,1587,16383,1654,1642,1633418,800,1971,2071,523012,11956,8,382500,1496,65700,909,2285387113,2285486223,0,2285486237,2285486752,3335137262,17868246,0.0947,1637.0,0.061147770826363246,-0.10547959618601599,0.0947,26.93,80.5,,,,,,
2026-07-30T19:54:09.220274+00:00,S030,mounted,true,healthy,none,2100,healthy_horizontal_no_load_2100rpm,2285585,2133,298,988,1338,6,0,1986879,9,333,76,0,3,1648,1494,1239,63,135,1589,16383,1653,1644,1634124,800,2015,2091,523014,11953,8,382500,1496,65701,909,2285487157,2285586251,0,2285586265,2285586780,3338005186,17859279,0.0947,1637.0,0.09534771379569973,-0.031320868819543435,0.0947,26.86,80.4,,,,,,
2026-07-30T19:54:09.313466+00:00,S030,mounted,true,healthy,none,2100,healthy_horizontal_no_load_2100rpm,2285685,2129,299,990,1342,2,0,1986964,9,333,76,0,3,1648,1494,1243,63,134,1589,16383,1652,1639,1633375,800,1933,2065,522967,11954,8,382501,1496,65702,909,2285587189,2285686290,0,2285686300,2285686814,3334960671,17862268,0.0947,1637.0,0.0517258114438679,-0.1682591120963699,0.0947,26.86,80.4,,,,,,
2026-07-30T19:54:09.407377+00:00,S030,mounted,true,healthy,none,2100,healthy_horizontal_no_load_2100rpm,2285785,2130,295,989,1336,3,0,1987049,9,333,76,0,2,1648,1494,1232,63,134,1593,16383,1653,1639,1634382,800,1987,2242,523027,11954,8,382502,1496,65703,909,2285687219,2285786363,0,2285786373,2285786889,3339145688,17862268,0.0947,1637.0,0.346705595281914,-0.078265279739,0.0947,26.74,80.1,,,,,,
2026-07-30T19:54:09.547668+00:00,S030,mounted,true,healthy,none,2100,healthy_horizontal_no_load_2100rpm,2285886,2130,300,990,1342,5,0,1987135,9,333,77,0,3,1648,1495,1214,59,124,1592,16383,1655,1644,1650353,808,2003,2121,523032,11958,8,382511,1496,65704,909,2285787295,2285887101,0,2285887175,2285887690,3370934301,17874222,0.0947,1637.0,0.14387035775213253,-0.05271705017561468,0.0947,26.77,80.2,,,,,,
2026-07-30T19:54:09.640623+00:00,S030,mounted,true,healthy,none,2100,healthy_horizontal_no_load_2100rpm,2285986,2130,300,989,1342,6,0,1987221,9,333,77,0,3,1648,1494,1222,58,123,1593,16383,1652,1643,1633938,800,2017,2153,523008,11952,8,382509,1496,65705,909,2285888095,2285987247,0,2285987325,2285987840,3337259972,17856292,0.0947,1637.0,0.1989828433734937,-0.027706216867470435,0.0947,26.74,80.1,,,,,,
2026-07-30T19:54:09.736425+00:00,S030,mounted,true,healthy,none,2100,healthy_horizontal_no_load_2100rpm,2286086,2132,299,988,1339,2,0,1987306,9,333,76,0,3,1648,1494,1235,58,123,1601,16383,1652,1642,1633755,800,2011,2071,522998,11953,8,382509,1496,65706,909,2285988249,2286087310,0,2286087384,2286087899,3336500347,17859279,0.0947,1637.0,0.06201387626537258,-0.037987636325608864,0.0947,26.5,79.7,,,,,,
2026-07-30T19:54:09.830269+00:00,S030,mounted,true,healthy,none,2100,healthy_horizontal_no_load_2100rpm,2286186,2130,295,991,1338,3,0,1987391,9,333,76,0,2,1648,1494,1237,59,125,1604,16383,1653,1643,1633656,800,2003,2071,523013,11953,8,382509,1496,65707,909,2286088304,2286187377,0,2286187451,2286187965,3336099514,17859279,0.0947,1637.0,0.06201387626537258,-0.051321171337739724,0.0947,26.4,79.5,,,,,,
2026-07-30T19:54:09.923186+00:00,S030,mounted,true,healthy,none,2100,healthy_horizontal_no_load_2100rpm,2286287,2130,298,988,1338,5,0,1987477,9,333,76,0,3,1648,1495,1218,59,135,1602,16383,1653,1641,1649568,808,2007,2147,522982,11956,8,382514,1496,65708,909,2286188370,2286288054,0,2286288064,2286288579,3367736140,17868246,0.0947,1637.0,0.18778456975577118,-0.04549374406155948,0.0947,26.46,79.6,,,,,,
2026-07-30T19:54:10.016175+00:00,S030,mounted,true,healthy,none,2100,healthy_horizontal_no_load_2100rpm,2286387,2130,300,989,1342,4,0,1987562,9,333,77,0,3,1648,1494,1215,59,135,1604,16383,1652,1640,1633039,800,1994,2069,522939,11955,8,382516,1496,65709,909,2286288984,2286388094,0,2286388104,2286388619,3333579461,17865255,0.0947,1637.0,0.0581035982434126,-0.06687738042659985,0.0947,26.4,79.5,,,,,,
2026-07-30T19:54:10.107632+00:00,S030,mounted,true,healthy,none,2100,healthy_horizontal_no_load_2100rpm,2286487,2129,301,989,1343,2,0,1987648,9,333,77,0,3,1648,1495,1235,59,149,1595,16383,1652,1640,1633288,800,1939,2211,522913,11956,8,382520,1496,65710,909,2286389024,2286488157,0,2286488171,2286488686,3334630500,17868246,0.0947,1637.0,0.29442608464369346,-0.1588003536299767,0.0947,26.68,80.0,,,,,,
2026-07-30T19:54:10.249115+00:00,S030,mounted,true,healthy,none,2100,healthy_horizontal_no_load_2100rpm,2286587,2130,301,987,1341,3,0,1987733,9,333,76,0,3,1648,1494,1243,59,149,1599,16383,1654,1641,1634056,800,1947,2077,522994,11953,8,382519,1496,65711,909,2286489095,2286588199,0,2286588213,2286588728,3337733582,17859281,0.0947,1637.0,0.07201402752447095,-0.14465591642265574,0.0947,26.56,79.8,,,,,,
2026-07-30T19:54:10.342662+00:00,S030,mounted,true,healthy,none,2100,healthy_horizontal_no_load_2100rpm,2286687,2131,299,990,1341,1,0,1987818,9,333,76,0,3,1648,1494,1227,60,152,1595,16383,1652,1639,1633816,800,1967,2151,523012,11955,8,382521,1496,65712,909,2286589136,2286688245,0,2286688254,2286688769,3336764180,17865261,0.0947,1637.0,0.19474946825595918,-0.11187053274780467,0.0947,26.68,80.0,,,,,,
2026-07-30T19:54:10.434843+00:00,S030,mounted,true,healthy,none,2100,healthy_horizontal_no_load_2100rpm,2286787,2129,300,990,1342,4,0,1987904,9,333,76,0,3,1648,1494,1222,63,150,1599,16383,1652,1639,1633122,800,1894,2065,522971,11955,8,382523,1496,65713,909,2286689174,2286788404,0,2286788418,2286788933,3333941138,17865255,0.0947,1637.0,0.05143794604767837,-0.2335186853199498,0.0947,26.56,79.8,,,,,,
2026-07-30T19:54:10.530639+00:00,S030,mounted,true,healthy,none,2100,healthy_horizontal_no_load_2100rpm,2286887,2130,300,988,1340,6,0,1987989,9,333,75,0,3,1648,1494,1212,63,150,1600,16383,1652,1643,1634010,800,1907,2073,523024,11951,8,382518,1496,65714,909,2286789338,2286888433,0,2286888447,2286888962,3337561576,17853305,0.0947,1637.0,0.06592546305748437,-0.21079168931470216,0.0947,26.53,79.7,,,,,,
2026-07-30T19:54:10.625221+00:00,S030,mounted,true,healthy,none,2100,healthy_horizontal_no_load_2100rpm,2286988,2130,300,990,1343,3,0,1988075,9,333,77,0,3,1648,1494,1213,60,135,1601,16383,1652,1641,1649701,808,2013,2069,523011,11954,8,382518,1496,65715,909,2286889371,2286989223,0,2286989301,2286989816,3368264057,17862266,0.0947,1637.0,0.05839202124811749,-0.034934916011377215,0.0947,26.5,79.7,,,,,,
2026-07-30T19:54:10.717818+00:00,S030,mounted,true,healthy,none,2100,healthy_horizontal_no_load_2100rpm,2287088,2131,298,989,1339,1,0,1988160,9,333,76,0,3,1648,1494,1200,59,134,1598,16383,1652,1640,1633871,800,1969,2079,523004,11950,8,382511,1496,65716,909,2286990225,2287089312,0,2287089386,2287089901,3336986369,17850316,0.0947,1637.0,0.07621729891213347,-0.10716483330543936,0.0947,26.59,79.9,,,,,,
2026-07-30T19:54:10.860278+00:00,S030,mounted,true,healthy,none,2100,healthy_horizontal_no_load_2100rpm,2287188,2129,298,990,1340,5,0,1988245,9,333,76,0,3,1648,1494,1220,59,134,1596,16383,1652,1641,1633507,800,1963,2069,522991,11953,8,382511,1496,65717,909,2287090306,2287189370,0,2287189444,2287189958,3335492625,17859279,0.0947,1637.0,0.058680492512339644,-0.11798884639839402,0.0947,26.65,80.0,,,,,,
2026-07-30T19:54:10.951255+00:00,S030,mounted,true,healthy,none,2100,healthy_horizontal_no_load_2100rpm,2287288,2129,298,990,1341,6,0,1988331,9,333,76,0,3,1648,1495,1225,60,130,1604,16383,1652,1643,1633550,800,2011,2071,522986,11957,8,382518,1496,65718,909,2287190363,2287289422,0,2287289501,2287290016,3335665320,17871233,0.0947,1637.0,0.06085916559337612,-0.03910889328426892,0.0947,26.4,79.5,,,,,,
2026-07-30T19:54:11.046068+00:00,S030,mounted,true,healthy,none,2100,healthy_horizontal_no_load_2100rpm,2287389,2132,300,988,1340,3,0,1988417,9,333,76,0,3,1648,1494,1203,60,130,1598,16383,1652,1639,1649721,808,1967,2283,522967,11955,8,382520,1496,65719,909,2287290421,2287390220,0,2287390235,2287390750,3368410983,17865257,0.0947,1637.0,0.4147159907151816,-0.11187053274780467,0.0947,26.59,79.9,,,,,,
2026-07-30T19:54:11.141539+00:00,S030,mounted,true,healthy,none,2100,healthy_horizontal_no_load_2100rpm,2287489,2130,300,989,1342,1,0,1988502,9,333,77,0,3,1648,1495,1186,63,145,1594,16383,1652,1641,1633597,800,2005,2103,522995,11957,8,382526,1496,65720,909,2287391155,2287490385,0,2287490399,2287490914,3335860859,17871233,0.0947,1637.0,0.11417546366145315,-0.04910569917203311,0.0947,26.71,80.1,,,,,,
2026-07-30T19:54:11.234808+00:00,S030,mounted,true,healthy,none,2100,healthy_horizontal_no_load_2100rpm,2287590,2131,302,987,1341,5,0,1988587,9,333,77,0,3,1648,1494,1180,63,136,1592,16383,1652,1641,1633455,800,1946,2063,523001,11955,8,382528,1496,65721,909,2287491323,2287590559,0,2287590568,2287591082,3335283065,17865257,0.0947,1637.0,0.04810511994981148,-0.14686520677540793,0.0947,26.77,80.2,,,,,,
2026-07-30T19:54:11.329746+00:00,S030,mounted,true,healthy,none,2100,healthy_horizontal_no_load_2100rpm,2287690,2131,300,989,1342,6,0,1988673,9,333,77,0,3,1648,1494,1205,63,136,1596,16383,1652,1641,1649573,808,1931,2063,522970,11955,8,382530,1496,65722,909,2287591488,2287691230,0,2287691304,2287691818,3367753189,17865255,0.0947,1637.0,0.04810511994981148,-0.17186140250941095,0.0947,26.65,80.0,,,,,,
2026-07-30T19:54:11.423560+00:00,S030,mounted,true,healthy,none,2100,healthy_horizontal_no_load_2100rpm,2287790,2130,295,989,1336,2,0,1988758,9,333,76,0,3,1648,1493,1205,64,131,1594,16383,1652,1642,1633115,800,2006,2183,522895,11946,8,382514,1496,65723,909,2287692223,2287791321,0,2287791395,2287791910,3333922977,17838366,0.0947,1637.0,0.25081535359116014,-0.044361972375690506,0.0947,26.71,80.1,,,,,,
2026-07-30T19:54:11.515702+00:00,S030,mounted,true,healthy,none,2100,healthy_horizontal_no_load_2100rpm,2287890,2131,301,988,1341,1,0,1988844,9,333,76,0,3,1648,1494,1203,63,132,1597,16383,1654,1642,1633207,800,2012,2067,522918,11955,8,382516,1496,65724,909,2287792315,2287891393,0,2287891471,2287891986,3334267561,17865257,0.0947,1637.0,0.05477077214554571,-0.036881945545796935,0.0947,26.62,79.9,,,,,,
2026-07-30T19:54:11.657806+00:00,S030,mounted,true,healthy,none,2100,healthy_horizontal_no_load_2100rpm,2287991,2117,299,996,1349,5,0,1988929,9,333,77,1,3,1648,1494,1213,63,132,1603,16383,1652,1642,1649266,808,2003,2067,522868,11952,8,382513,1496,65725,909,2287892391,2287992066,0,2287992075,2287992590,3366493040,17856292,0.0947,1637.0,0.05563534939759052,-0.05104185542168693,0.0947,26.43,79.6,,,,,,
2026-07-30T19:54:11.750610+00:00,S030,mounted,true,healthy,none,2100,healthy_horizontal_no_load_2100rpm,2288091,2108,299,1000,1355,4,0,1989014,9,333,76,0,3,1648,1494,1219,64,132,1596,16383,1651,1639,1633158,800,1977,2075,522807,11954,8,382513,1496,65726,909,2287992998,2288092079,0,2288092093,2288092608,3334070822,17862268,0.0947,1637.0,0.06839133595449187,-0.09493080424962352,0.0947,26.65,80.0,,,,,,
2026-07-30T19:54:11.843658+00:00,S030,mounted,true,healthy,none,2100,healthy_horizontal_no_load_2100rpm,2288191,2101,300,1003,1360,4,0,1989098,9,333,77,0,3,1648,1494,1214,64,132,1602,16383,1652,1642,1633626,800,2009,2105,522834,11954,8,382513,1496,65727,909,2288093014,2288192163,0,2288192177,2288192692,3335973682,17862268,0.0947,1637.0,0.11838790948636424,-0.041601125815626805,0.0947,26.46,79.6,,,,,,
2026-07-30T19:54:11.938850+00:00,S030,mounted,true,healthy,none,2100,healthy_horizontal_no_load_2100rpm,2288291,2114,300,995,1350,4,0,1989182,9,333,76,0,3,1648,1494,1201,62,130,1602,16383,1652,1643,1633846,800,2005,2169,522916,11953,8,382512,1496,65728,909,2288193098,2288292182,0,2288292192,2288292707,3336889566,17859281,0.0947,1637.0,0.22534968016397539,-0.04798778758470679,0.0947,26.46,79.6,,,,,,
2026-07-30T19:54:12.032253+00:00,S030,mounted,true,healthy,none,2100,healthy_horizontal_no_load_2100rpm,2288391,2127,300,990,1343,6,0,1989267,9,333,77,0,3,1648,1494,1206,62,128,1604,16383,1652,1643,1633636,800,2005,2263,522916,11953,8,382511,1496,65729,909,2288293112,2288392241,0,2288392251,2288392765,3336067878,17859281,0.0947,1637.0,0.38201871655651276,-0.04798778758470679,0.0947,26.4,79.5,,,,,,
2026-07-30T19:54:12.124424+00:00,S030,mounted,true,healthy,none,2100,healthy_horizontal_no_load_2100rpm,2288491,2130,298,989,1339,3,0,1989353,9,333,76,0,3,1648,1495,1229,62,128,1594,16383,1652,1641,1633366,800,2004,2079,522892,11957,8,382518,1496,65730,909,2288393170,2288492300,0,2288492314,2288492829,3334914958,17871235,0.0947,1637.0,0.07418824011039549,-0.0507718334866607,0.0947,26.71,80.1,,,,,,
2026-07-30T19:54:12.216093+00:00,S030,mounted,true,healthy,none,2100,healthy_horizontal_no_load_2100rpm,2288592,2130,299,989,1340,1,0,1989438,9,333,76,0,3,1648,1494,1225,63,125,1592,16383,1652,1640,1649737,808,1803,2074,522904,11951,8,382513,1496,65731,909,2288493234,2288593053,0,2288593127,2288593641,3368478801,17853305,0.0947,1637.0,0.06759243385490743,-0.3841566522466744,0.0947,26.77,80.2,,,,,,
2026-07-30T19:54:12.359052+00:00,S030,mounted,true,healthy,none,2100,healthy_horizontal_no_load_2100rpm,2288692,2129,297,991,1340,4,0,1989524,9,333,77,0,3,1648,1494,1232,64,123,1593,16383,1652,1642,1633879,800,2010,2103,522952,11952,8,382510,1496,65732,909,2288594047,2288693274,0,2288693352,2288693867,3337009685,17856294,0.0947,1637.0,0.1156412771084332,-0.03937403614457846,0.0947,26.74,80.1,,,,,,
2026-07-30T19:54:12.449414+00:00,S030,mounted,true,healthy,none,2100,healthy_horizontal_no_load_2100rpm,2288792,2131,299,990,1341,6,0,1989609,9,333,76,0,3,1648,1494,1209,64,123,1600,16383,1653,1643,1633151,800,2003,2076,522927,11955,8,382513,1496,65733,909,2288694276,2288793350,0,2288793424,2288793939,3334036265,17865259,0.0947,1637.0,0.06976848958594672,-0.051879662986198394,0.0947,26.53,79.7,,,,,,
2026-07-30T19:54:12.557997+00:00,S030,mounted,true,healthy,none,2100,healthy_horizontal_no_load_2100rpm,2288892,2130,296,988,1336,3,0,1989695,9,333,76,0,3,1648,1494,1231,65,127,1602,16383,1652,1640,1633437,800,2003,2153,522929,11951,8,382508,1496,65734,909,2288794344,2288893414,0,2288893493,2288894008,3335215993,17853305,0.0947,1637.0,0.19928312685130933,-0.0507624927621122,0.0947,26.46,79.6,,,,,,
2026-07-30T19:54:12.652844+00:00,S030,mounted,true,healthy,none,2100,healthy_horizontal_no_load_2100rpm,2288993,2130,300,989,1342,1,0,1989780,9,333,77,0,3,1648,1494,1261,65,127,1597,16383,1652,1645,1649851,808,2005,2070,522959,11955,8,382511,1496,65735,909,2288894413,2288994089,0,2288994098,2288994613,3368878035,17865255,0.0947,1637.0,0.05977001129234605,-0.0485468368883315,0.0947,26.62,79.9,,,,,,
2026-07-30T19:54:12.744185+00:00,S030,mounted,true,healthy,none,2100,healthy_horizontal_no_load_2100rpm,2289093,2130,300,989,1341,4,0,1989866,9,333,76,0,3,1648,1495,1231,62,130,1591,16383,1653,1642,1633774,800,2003,2093,522995,11956,8,382516,1496,65736,909,2288995018,2289094127,0,2289094141,2289094656,3336583194,17868244,0.0947,1637.0,0.09780579156908642,-0.0521588387420544,0.0947,26.8,80.2,,,,,,
2026-07-30T19:54:12.835038+00:00,S030,mounted,true,healthy,none,2100,healthy_horizontal_no_load_2100rpm,2289193,2131,299,989,1340,6,0,1989951,9,333,76,0,3,1648,1494,1227,63,128,1595,16383,1654,1642,1633976,800,2011,2075,523010,11951,8,382511,1496,65737,909,2289095061,2289194217,0,2289194231,2289194746,3337406094,17853303,0.0947,1637.0,0.06925940465233005,-0.037426726382729925,0.0947,26.68,80.0,,,,,,
2026-07-30T19:54:12.928545+00:00,S030,mounted,true,healthy,none,2100,healthy_horizontal_no_load_2100rpm,2289293,2131,300,989,1341,2,0,1990036,9,333,77,0,3,1648,1494,1229,63,128,1595,16383,1653,1643,1634058,800,2003,2143,523014,11955,8,382514,1496,65738,909,2289195155,2289294276,0,2289294286,2289294801,3337752322,17865259,0.0947,1637.0,0.1814181638644916,-0.051879662986198394,0.0947,26.68,80.0,,,,,,
2026-07-30T19:54:13.023854+00:00,S030,mounted,true,healthy,none,2100,healthy_horizontal_no_load_2100rpm,2289393,2128,300,990,1343,3,0,1990121,9,333,76,0,3,1648,1494,1219,62,138,1594,16383,1652,1641,1633122,800,1895,2077,522990,11952,8,382511,1496,65739,909,2289295206,2289394460,0,2289394469,2289394984,3333944020,17856292,0.0947,1637.0,0.07230366265060217,-0.23105963855421718,0.0947,26.71,80.1,,,,,,
2026-07-30T19:54:13.165173+00:00,S030,mounted,true,healthy,none,2100,healthy_horizontal_no_load_2100rpm,2289494,2129,300,989,1342,5,0,1990207,9,333,77,0,3,1648,1495,1237,61,129,1596,16383,1652,1642,1649902,808,1941,2071,522988,11956,8,382516,1496,65740,909,2289395389,2289495087,0,2289495161,2289495675,3369099602,17868244,0.0947,1637.0,0.061147770826363246,-0.155467806289729,0.0947,26.65,80.0,,,,,,
2026-07-30T19:54:13.259147+00:00,S030,mounted,true,healthy,none,2100,healthy_horizontal_no_load_2100rpm,2289594,2131,300,989,1341,6,0,1990293,9,333,77,0,3,1648,1494,1242,61,129,1594,16383,1652,1644,1633791,800,2017,2069,523013,11955,8,382518,1496,65741,909,2289496080,2289595303,0,2289595382,2289595897,3336643715,17865257,0.0947,1637.0,0.0581035982434126,-0.02854988030112926,0.0947,26.71,80.1,,,,,,
2026-07-30T19:54:13.353944+00:00,S030,mounted,true,healthy,none,2100,healthy_horizontal_no_load_2100rpm,2289694,2130,300,989,1341,2,0,1990378,9,333,77,0,3,1648,1494,1216,60,132,1607,16383,1655,1643,1633173,800,2012,2070,522967,11952,8,382515,1496,65742,909,2289596305,2289695360,0,2289695438,2289695953,3334123601,17856292,0.0947,1637.0,0.0606358433734937,-0.03604037349397604,0.0947,26.31,79.4,,,,,,
2026-07-30T19:54:13.445926+00:00,S030,mounted,true,healthy,none,2100,healthy_horizontal_no_load_2100rpm,2289795,2130,297,988,1337,1,0,1990464,9,333,76,0,2,1648,1494,1205,60,132,1601,16383,1652,1640,1649738,808,1927,2147,522990,11951,8,382510,1496,65743,909,2289696358,2289796061,0,2289796075,2289796590,3368452832,17853307,0.0947,1637.0,0.1892813020667723,-0.1774522733662458,0.0947,26.5,79.7,,,,,,
2026-07-30T19:54:13.543011+00:00,S030,mounted,true,healthy,none,2100,healthy_horizontal_no_load_2100rpm,2289895,2130,299,990,1341,5,0,1990549,9,333,76,0,2,1648,1494,1222,64,135,1600,16383,1652,1640,1632725,800,1879,2141,522937,11953,8,382510,1496,65744,909,2289796999,2289896109,0,2289896123,2289896642,3332339439,17859279,0.0947,1637.0,0.17868230762151738,-0.25799096402576804,0.0947,26.53,79.7,,,,,,
2026-07-30T19:54:13.634878+00:00,S030,mounted,true,healthy,none,2100,healthy_horizontal_no_load_2100rpm,2289995,2128,298,992,1343,4,0,1990634,9,333,76,0,3,1648,1494,1245,64,135,1601,16383,1655,1643,1634059,800,2011,2081,522993,11955,8,382513,1496,65745,909,2289897047,2289996155,0,2289996164,2289996679,3337745583,17865257,0.0947,1637.0,0.07810055483061484,-0.03854835859473038,0.0947,26.5,79.7,,,,,,
2026-07-30T19:54:13.727657+00:00,S030,mounted,true,healthy,none,2100,healthy_horizontal_no_load_2100rpm,2290095,2129,298,988,1338,6,0,1990719,9,333,76,0,3,1648,1494,1238,64,135,1597,16383,1652,1640,1633587,800,1993,2238,522975,11951,8,382508,1496,65746,909,2289997084,2290096188,0,2290096197,2290096712,3335859261,17853305,0.0947,1637.0,0.3409756446322483,-0.0674322007363406,0.0947,26.62,79.9,,,,,,
2026-07-30T19:54:13.868589+00:00,S030,mounted,true,healthy,none,2100,healthy_horizontal_no_load_2100rpm,2290195,2131,301,988,1342,3,0,1990805,9,333,77,0,3,1648,1495,1224,63,140,1599,16383,1652,1643,1633835,800,2007,2069,523016,11956,8,382513,1496,65747,909,2290097117,2290196251,0,2290196265,2290196780,3336822029,17868244,0.0947,1637.0,0.05781522348611556,-0.04549374406155948,0.0947,26.56,79.8,,,,,,
2026-07-30T19:54:13.950662+00:00,S030,mounted,true,healthy,none,2100,healthy_horizontal_no_load_2100rpm,2290295,2125,300,992,1345,1,0,1990890,9,333,76,0,3,1648,1494,1216,63,144,1598,16383,1652,1643,1634095,800,1941,2227,523023,11955,8,382515,1496,65748,909,2290197189,2290296286,0,2290296301,2290296816,3337955751,17865255,0.0947,1637.0,0.32139685997490597,-0.15519727202007516,0.0947,26.59,79.9,,,,,,
2026-07-30T19:54:14.055935+00:00,S030,mounted,true,healthy,none,2100,healthy_horizontal_no_load_2100rpm,2290396,2107,301,999,1356,5,0,1990975,9,333,76,0,3,1648,1494,1195,63,144,1593,16383,1656,1642,1650122,808,1953,2183,523011,11950,8,382508,1496,65749,909,2290297224,2290396995,0,2290397073,2290397588,3370055172,17850318,0.0947,1637.0,0.24959676937238484,-0.1338385979916321,0.0947,26.74,80.1,,,,,,
2026-07-30T19:54:14.150392+00:00,S030,mounted,true,healthy,none,2100,healthy_horizontal_no_load_2100rpm,2290496,2101,296,1003,1356,5,0,1991059,9,333,76,0,3,1648,1494,1200,63,143,1589,16383,1652,1644,1633685,800,2007,2075,523004,11954,8,382509,1496,65750,909,2290397997,2290497245,0,2290497319,2290497833,3336220943,17862268,0.0947,1637.0,0.06839133595449187,-0.0449342307177516,0.0947,26.86,80.4,,,,,,
2026-07-30T19:54:14.244839+00:00,S030,mounted,true,healthy,none,2100,healthy_horizontal_no_load_2100rpm,2290596,2109,300,998,1354,4,0,1991144,9,333,76,0,3,1648,1494,1176,63,143,1595,16383,1654,1641,1633585,800,2007,2111,523026,11951,8,382505,1496,65751,909,2290498239,2290597304,0,2290597383,2290597898,3335815889,17853301,0.0947,1637.0,0.1292703533595514,-0.04409460957242084,0.0947,26.68,80.0,,,,,,
2026-07-30T19:54:14.334976+00:00,S030,mounted,true,healthy,none,2100,healthy_horizontal_no_load_2100rpm,2290696,2122,298,994,1346,4,0,1991228,9,333,76,0,2,1648,1494,1203,63,143,1599,16383,1653,1642,1633669,800,2012,2066,523024,11953,8,382505,1496,65752,909,2290598303,2290697368,0,2290697442,2290697961,3336152437,17859279,0.0947,1637.0,0.05368041688279046,-0.03632094444909262,0.0947,26.56,79.8,,,,,,
2026-07-30T19:54:14.477037+00:00,S030,mounted,true,healthy,none,2100,healthy_horizontal_no_load_2100rpm,2290796,2127,300,989,1342,6,0,1991313,9,333,76,0,2,1648,1494,1204,65,139,1597,16383,1656,1643,1634245,800,2008,2113,523016,11952,8,382503,1496,65753,909,2290698366,2290797416,0,2290797490,2290798005,3338508921,17856294,0.0947,1637.0,0.13230959036144574,-0.04270769879518088,0.0947,26.62,79.9,,,,,,
2026-07-30T19:54:14.570254+00:00,S030,mounted,true,healthy,none,2100,healthy_horizontal_no_load_2100rpm,2290897,2130,298,991,1341,3,0,1991399,9,333,76,0,3,1648,1494,1200,65,139,1591,16383,1653,1640,1650381,808,2014,2149,523006,11952,8,382501,1496,65754,909,2290798410,2290898248,0,2290898258,2290898772,3371055243,17856290,0.0947,1637.0,0.19231551807228886,-0.03270671084337362,0.0947,26.8,80.2,,,,,,
2026-07-30T19:54:14.664067+00:00,S030,mounted,true,healthy,none,2100,healthy_horizontal_no_load_2100rpm,2290997,2130,300,989,1341,5,0,1991485,9,333,77,0,3,1648,1495,1231,65,137,1601,16383,1652,1644,1633498,800,1979,2247,522995,11956,8,382506,1496,65755,909,2290899177,2290998287,0,2290998301,2290998817,3335497232,17868244,0.0947,1637.0,0.3544119367681495,-0.0921494068250257,0.0947,26.5,79.7,,,,,,
2026-07-30T19:54:14.757015+00:00,S030,mounted,true,healthy,none,2100,healthy_horizontal_no_load_2100rpm,2291098,2129,298,991,1341,6,0,1991571,9,333,76,0,3,1648,1494,1198,64,147,1599,16383,1652,1643,1650405,808,2009,2098,523022,11952,8,382504,1496,65756,909,2290999222,2291099082,0,2291099161,2291099676,3371143123,17856292,0.0947,1637.0,0.10730712048192714,-0.04104086746987967,0.0947,26.56,79.8,,,,,,
2026-07-30T19:54:14.849666+00:00,S030,mounted,true,healthy,none,2100,healthy_horizontal_no_load_2100rpm,2291198,2130,300,989,1341,2,0,1991656,9,333,77,0,3,1648,1494,1226,64,147,1592,16383,1652,1640,1633633,800,2010,2069,522999,11953,8,382504,1496,65757,909,2291100081,2291199152,0,2291199231,2291199746,3336006497,17859279,0.0947,1637.0,0.058680492512339644,-0.039654328202125555,0.0947,26.77,80.2,,,,,,
2026-07-30T19:54:14.943991+00:00,S030,mounted,true,healthy,none,2100,healthy_horizontal_no_load_2100rpm,2291298,2130,300,990,1342,3,0,1991741,9,333,76,1,3,1648,1494,1200,64,139,1593,16383,1652,1642,1633334,800,1875,2071,522980,11952,8,382502,1496,65758,909,2291200155,2291299368,0,2291299442,2291299957,3334806704,17856292,0.0947,1637.0,0.06230267469879491,-0.26439626506024094,0.0947,26.74,80.1,,,,,,
2026-07-30T19:54:15.037490+00:00,S030,mounted,true,healthy,none,2100,healthy_horizontal_no_load_2100rpm,2291398,2119,300,996,1350,1,0,1991826,9,333,77,0,3,1648,1494,1195,64,139,1595,16383,1652,1642,1633556,800,1949,2071,522990,11954,8,382503,1496,65759,909,2291300364,2291399433,0,2291399507,2291400022,3335692584,17862268,0.0947,1637.0,0.06172512615024228,-0.1415942728793711,0.0947,26.68,80.0,,,,,,
2026-07-30T19:54:15.177468+00:00,S030,mounted,true,healthy,none,2100,healthy_horizontal_no_load_2100rpm,2291499,2104,298,1004,1358,5,0,1991911,9,333,76,0,3,1648,1494,1216,65,138,1597,16383,1652,1642,1650190,808,2013,2069,523004,11954,8,382504,1496,65760,909,2291400427,2291500096,0,2291500111,2291500626,3370259118,17862268,0.0947,1637.0,0.05839202124811749,-0.034934916011377215,0.0947,26.62,79.9,,,,,,
2026-07-30T19:54:15.270640+00:00,S030,mounted,true,healthy,none,2100,healthy_horizontal_no_load_2100rpm,2291599,2099,294,1005,1355,5,0,1991995,9,333,76,0,3,1648,1495,1205,64,136,1598,16383,1653,1641,1633165,800,2013,2071,522996,11956,8,382509,1496,65761,909,2291501035,2291600139,0,2291600304,2291600818,3334098815,17868244,0.0947,1637.0,0.061147770826363246,-0.03549610204081688,0.0947,26.59,79.9,,,,,,
2026-07-30T19:54:15.366027+00:00,S030,mounted,true,healthy,none,2100,healthy_horizontal_no_load_2100rpm,2291699,2099,298,1004,1359,5,0,1992079,9,333,76,0,3,1648,1495,1214,64,136,1595,16383,1652,1640,1633293,800,1967,2068,523001,11956,8,382514,1496,65762,909,2291601225,2291700300,0,2291700310,2291700825,3334618861,17868246,0.0947,1637.0,0.0561489498159915,-0.11214469086651091,0.0947,26.68,80.0,,,,,,
2026-07-30T19:54:15.460667+00:00,S030,mounted,true,healthy,none,2100,healthy_horizontal_no_load_2100rpm,2291799,2101,299,1004,1360,5,0,1992163,9,333,77,0,3,1648,1495,1224,65,131,1598,16383,1652,1643,1633935,800,2008,2129,523014,11956,8,382518,1496,65763,909,2291701231,2291800505,0,2291800515,2291801030,3337246305,17868244,0.0947,1637.0,0.15779164369354293,-0.04382747039143586,0.0947,26.59,79.9,,,,,,
2026-07-30T19:54:15.554226+00:00,S030,mounted,true,healthy,none,2100,healthy_horizontal_no_load_2100rpm,2291900,2110,298,999,1353,4,0,1992248,9,333,76,0,2,1648,1494,1214,66,123,1596,16383,1652,1641,1649522,808,1955,2071,522979,11954,8,382518,1496,65764,909,2291801436,2291901098,0,2291901172,2291901687,3367549504,17862266,0.0947,1637.0,0.06172512615024228,-0.1315949581729967,0.0947,26.65,80.0,,,,,,
2026-07-30T19:54:15.648370+00:00,S030,mounted,true,healthy,none,2100,healthy_horizontal_no_load_2100rpm,2292000,2124,299,992,1344,6,0,1992333,9,333,77,0,3,1648,1494,1226,66,123,1594,16383,1654,1641,1633398,800,2007,2177,522977,11955,8,382520,1496,65765,909,2291902092,2292001135,0,2292001214,2292001729,3335059400,17865255,0.0947,1637.0,0.23807620752823055,-0.045214010790464165,0.0947,26.71,80.1,,,,,,
2026-07-30T19:54:15.742953+00:00,S030,mounted,true,healthy,none,2100,healthy_horizontal_no_load_2100rpm,2292100,2127,300,990,1343,2,0,1992418,9,333,77,0,3,1648,1493,1209,64,124,1597,16383,1652,1642,1633179,800,1935,2161,522971,11947,8,382507,1496,65766,909,2292002137,2292101213,0,2292101287,2292101801,3334184011,17841357,0.0947,1637.0,0.2138249948104125,-0.16303654097262932,0.0947,26.62,79.9,,,,,,
2026-07-30T19:54:15.882650+00:00,S030,mounted,true,healthy,none,2100,healthy_horizontal_no_load_2100rpm,2292200,2129,298,989,1339,3,0,1992503,9,333,77,0,3,1648,1494,1201,64,124,1597,16383,1652,1642,1633614,800,2011,2075,522978,11954,8,382508,1496,65767,909,2292102206,2292201281,0,2292201355,2292201870,3335922148,17862268,0.0947,1637.0,0.06839133595449187,-0.03826802091350201,0.0947,26.62,79.9,,,,,,
2026-07-30T19:54:15.976784+00:00,S030,mounted,true,healthy,none,2100,healthy_horizontal_no_load_2100rpm,2292300,2129,299,989,1341,1,0,1992588,9,333,77,0,3,1648,1494,1230,65,124,1597,16383,1652,1642,1632826,800,1879,2073,522935,11954,8,382509,1496,65768,909,2292202275,2292301331,0,2292301405,2292301920,3332736456,17862268,0.0947,1637.0,0.06505823105236708,-0.2582529444537398,0.0947,26.62,79.9,,,,,,
2026-07-30T19:54:16.070320+00:00,S030,mounted,true,healthy,none,2100,healthy_horizontal_no_load_2100rpm,2292400,2129,294,991,1337,4,0,1992674,9,333,76,0,3,1648,1494,1232,64,124,1600,16383,1652,1643,1633811,800,2013,2091,522991,11951,8,382505,1496,65769,909,2292302325,2292401404,0,2292401483,2292401998,3336735065,17853305,0.0947,1637.0,0.09593093741109504,-0.034092784787884245,0.0947,26.53,79.7,,,,,,
2026-07-30T19:54:16.152779+00:00,S030,mounted,true,healthy,none,2100,healthy_horizontal_no_load_2100rpm,2292501,2130,300,988,1341,2,0,1992760,9,333,76,0,3,1648,1494,1265,64,124,1598,16383,1653,1644,1650491,808,1977,2083,523038,11955,8,382508,1496,65770,909,2292402407,2292502089,0,2292502107,2292502622,3371496773,17865255,0.0947,1637.0,0.08143338092848174,-0.09520640225846977,0.0947,26.59,79.9,,,,,,
2026-07-30T19:54:16.255887+00:00,S030,mounted,true,healthy,none,2100,healthy_horizontal_no_load_2100rpm,2292601,2131,297,989,1338,3,0,1992845,9,333,77,0,3,1648,1494,1230,64,126,1596,16383,1653,1644,1633649,800,1950,2069,523008,11953,8,382508,1496,65771,909,2292503028,2292602203,0,2292602218,2292602733,3336082719,17859281,0.0947,1637.0,0.058680492512339644,-0.13965584079310656,0.0947,26.65,80.0,,,,,,
2026-07-30T19:54:16.351050+00:00,S030,mounted,true,healthy,none,2100,healthy_horizontal_no_load_2100rpm,2292701,2130,301,989,1343,1,0,1992930,9,333,77,0,3,1648,1495,1222,63,130,1595,16383,1654,1642,1633747,800,2009,2119,522997,11958,8,382517,1496,65772,909,2292603141,2292702233,0,2292702243,2292702757,3336474761,17874222,0.0947,1637.0,0.14053836778725515,-0.042721080280983426,0.0947,26.68,80.0,,,,,,
2026-07-30T19:54:16.443950+00:00,S030,mounted,true,healthy,none,2100,healthy_horizontal_no_load_2100rpm,2292801,2130,297,990,1339,5,0,1993015,9,333,76,0,2,1648,1494,1259,63,130,1595,16383,1652,1643,1633589,800,2011,2111,522970,11955,8,382519,1496,65773,909,2292703162,2292802385,0,2292802394,2292802910,3335827733,17865255,0.0947,1637.0,0.12809294629861956,-0.03854835859473038,0.0947,26.68,80.0,,,,,,
2026-07-30T19:54:16.537811+00:00,S030,mounted,true,healthy,none,2100,healthy_horizontal_no_load_2100rpm,2292901,2126,301,991,1345,6,0,1993101,9,333,77,0,3,1648,1495,1227,63,130,1590,16383,1652,1642,1633366,800,1971,2071,522991,11958,8,382527,1496,65774,909,2292803315,2292902425,0,2292902439,2292902954,3334911178,17874222,0.0947,1637.0,0.06057060863020558,-0.10602888961364787,0.0947,26.83,80.3,,,,,,
2026-07-30T19:54:16.679038+00:00,S030,mounted,true,healthy,none,2100,healthy_horizontal_no_load_2100rpm,2293002,2114,300,997,1352,2,0,1993186,9,333,77,0,3,1648,1494,1216,63,130,1596,16383,1652,1639,1649511,808,1930,2074,522971,11955,8,382529,1496,65775,909,2292903359,2293003078,0,2293003157,2293003672,3367512361,17865255,0.0947,1637.0,0.06643566348807983,-0.17352781555834396,0.0947,26.65,80.0,,,,,,
2026-07-30T19:54:16.771793+00:00,S030,mounted,true,healthy,none,2100,healthy_horizontal_no_load_2100rpm,2293102,2101,296,1007,1360,2,0,1993270,9,333,76,0,3,1648,1494,1235,61,126,1597,16383,1653,1643,1633680,800,2003,2065,523004,11955,8,382530,1496,65776,909,2293004077,2293103164,0,2293103238,2293103752,3336189164,17865257,0.0947,1637.0,0.05143794604767837,-0.051879662986198394,0.0947,26.62,79.9,,,,,,
2026-07-30T19:54:16.864816+00:00,S030,mounted,true,healthy,none,2100,healthy_horizontal_no_load_2100rpm,2293202,2107,300,999,1355,3,0,1993355,9,333,76,0,3,1648,1495,1238,63,131,1595,16383,1651,1642,1633285,800,1991,2261,522960,11956,8,382533,1496,65777,909,2293104159,2293203222,0,2293203300,2293203815,3334631235,17868244,0.0947,1637.0,0.3777397681498824,-0.07215412278354005,0.0947,26.68,80.0,,,,,,
2026-07-30T19:54:16.957962+00:00,S030,mounted,true,healthy,none,2100,healthy_horizontal_no_load_2100rpm,2293302,2121,297,992,1343,3,0,1993439,9,333,76,0,2,1648,1494,1231,63,131,1591,16383,1652,1640,1633433,800,1995,2077,522966,11955,8,382534,1496,65778,909,2293204220,2293303288,0,2293303362,2293303877,3335184473,17865257,0.0947,1637.0,0.07143490263488061,-0.0652109673776664,0.0947,26.8,80.2,,,,,,
2026-07-30T19:54:17.052014+00:00,S030,mounted,true,healthy,none,2100,healthy_horizontal_no_load_2100rpm,2293402,2130,295,989,1336,1,0,1993524,9,333,76,0,3,1648,1494,1228,62,120,1590,16383,1652,1639,1633104,800,1963,2069,522936,11953,8,382532,1496,65779,909,2293304282,2293403358,0,2293403432,2293403946,3333853904,17859281,0.0947,1637.0,0.058680492512339644,-0.11798884639839402,0.0947,26.83,80.3,,,,,,
2026-07-30T19:54:17.144405+00:00,S030,mounted,true,healthy,none,2100,healthy_horizontal_no_load_2100rpm,2293502,2133,301,987,1340,4,0,1993610,9,333,77,0,3,1648,1494,1201,61,121,1593,16383,1652,1643,1633718,800,2013,2127,522968,11954,8,382532,1496,65780,909,2293404351,2293503414,0,2293503493,2293504008,3336362504,17862268,0.0947,1637.0,0.15505206340973698,-0.034934916011377215,0.0947,26.74,80.1,,,,,,
2026-07-30T19:54:17.286981+00:00,S030,mounted,true,healthy,none,2100,healthy_horizontal_no_load_2100rpm,2293603,2131,297,991,1340,2,0,1993696,9,333,76,0,3,1648,1494,1237,61,121,1598,16383,1652,1641,1649494,808,1923,2065,522951,11954,8,382532,1496,65781,909,2293504417,2293604096,0,2293604111,2293604626,3367439368,17862266,0.0947,1637.0,0.0517258114438679,-0.18492463660699388,0.0947,26.59,79.9,,,,,,
2026-07-30T19:54:17.382395+00:00,S030,mounted,true,healthy,none,2100,healthy_horizontal_no_load_2100rpm,2293703,2131,301,989,1343,3,0,1993781,9,333,77,0,2,1648,1495,1218,57,109,1598,16383,1651,1643,1633142,800,1883,2071,522932,11958,8,382539,1496,65782,909,2293605034,2293704222,0,2293704232,2293704746,3334022426,17874224,0.0947,1637.0,0.06057060863020558,-0.25263644806823926,0.0947,26.59,79.9,,,,,,
2026-07-30T19:54:17.473887+00:00,S030,mounted,true,healthy,none,2100,healthy_horizontal_no_load_2100rpm,2293803,2133,299,989,1340,1,0,1993866,9,333,76,0,3,1648,1494,1221,57,109,1598,16383,1653,1640,1633244,800,1881,2069,522923,11955,8,382540,1496,65783,909,2293705152,2293804244,0,2293804253,2293804768,3334444478,17865255,0.0947,1637.0,0.0581035982434126,-0.2551820549560855,0.0947,26.59,79.9,,,,,,
2026-07-30T19:54:17.569212+00:00,S030,mounted,true,healthy,none,2100,healthy_horizontal_no_load_2100rpm,2293904,2131,299,990,1341,4,0,1993952,9,333,76,0,2,1648,1494,1182,57,106,1597,16383,1651,1643,1649739,808,2010,2073,522904,11952,8,382536,1496,65784,909,2293805173,2293905068,0,2293905142,2293905657,3368418299,17856290,0.0947,1637.0,0.06563633734939733,-0.03937403614457846,0.0947,26.62,79.9,,,,,,
2026-07-30T19:54:17.663153+00:00,S030,mounted,true,healthy,none,2100,healthy_horizontal_no_load_2100rpm,2294004,2131,297,988,1337,2,0,1994038,9,333,76,0,3,1648,1494,1195,57,125,1595,16383,1653,1643,1633598,800,2009,2099,522946,11954,8,382536,1496,65785,909,2293906062,2294005197,0,2294005276,2294005791,3335863546,17862268,0.0947,1637.0,0.10838859477998986,-0.041601125815626805,0.0947,26.68,80.0,,,,,,
2026-07-30T19:54:17.756025+00:00,S030,mounted,true,healthy,none,2100,healthy_horizontal_no_load_2100rpm,2294104,2131,300,988,1340,3,0,1994123,9,333,77,0,3,1648,1494,1209,57,125,1592,16383,1652,1643,1632818,800,2006,2071,522889,11950,8,382528,1496,65786,909,2294006200,2294105296,0,2294105370,2294105885,3332678528,17850318,0.0947,1637.0,0.06288041656903731,-0.04548175246861952,0.0947,26.77,80.2,,,,,,
2026-07-30T19:54:17.849092+00:00,S030,mounted,true,healthy,none,2100,healthy_horizontal_no_load_2100rpm,2294204,2132,300,988,1340,1,0,1994208,9,333,77,0,3,1648,1494,1199,59,136,1605,16383,1652,1639,1632558,800,1961,2146,522791,11954,8,382528,1496,65787,909,2294106290,2294205353,0,2294205427,2294205941,3331628400,17862268,0.0947,1637.0,0.18671655997992254,-0.12159564346662233,0.0947,26.37,79.5,,,,,,
2026-07-30T19:54:17.992098+00:00,S030,mounted,true,healthy,none,2100,healthy_horizontal_no_load_2100rpm,2294304,2131,300,989,1341,4,0,1994294,9,333,77,0,3,1647,1494,1200,58,134,1604,16383,1650,1641,1632335,800,1991,2065,522726,11949,8,382518,1496,65788,909,2294206346,2294305405,0,2294305484,2294305999,3330707221,17847327,0.091,1637.0,0.053165861159929495,-0.07021062490585006,0.091,26.4,79.5,,,,,,
2026-07-30T19:54:18.085089+00:00,S030,mounted,true,healthy,none,2100,healthy_horizontal_no_load_2100rpm,2294405,2132,295,989,1335,2,0,1994380,9,333,76,0,3,1647,1494,1214,58,134,1597,16383,1651,1641,1648857,808,1985,2087,522731,11954,8,382518,1496,65789,909,2294306408,2294406169,0,2294406184,2294406699,3364824527,17862270,0.091,1637.0,0.08838996536724109,-0.08159838464112479,0.091,26.62,79.9,,,,,,
2026-07-30T19:54:18.178041+00:00,S030,mounted,true,healthy,none,2100,healthy_horizontal_no_load_2100rpm,2294505,2131,295,990,1337,3,0,1994465,9,333,76,0,3,1648,1494,1209,63,144,1592,16383,1652,1642,1633112,800,1897,2145,522770,11951,8,382513,1496,65790,909,2294407104,2294506200,0,2294506210,2294506725,3333914794,17853305,0.0947,1637.0,0.18594736047192661,-0.2274613972889301,0.0947,26.77,80.2,,,,,,
2026-07-30T19:54:18.272709+00:00,S030,mounted,true,healthy,none,2100,healthy_horizontal_no_load_2100rpm,2294605,2130,297,991,1340,1,0,1994550,9,333,76,0,3,1648,1495,1215,63,144,1595,16383,1652,1639,1633138,800,1993,2076,522761,11956,8,382517,1496,65791,909,2294507134,2294606372,0,2294606381,2294606896,3333983652,17868244,0.0947,1637.0,0.06947913917698179,-0.06882157544329237,0.0947,26.68,80.0,,,,,,
2026-07-30T19:54:18.365751+00:00,S030,mounted,true,healthy,none,2100,healthy_horizontal_no_load_2100rpm,2294706,2130,296,992,1340,4,0,1994636,9,333,76,0,2,1648,1494,1197,63,140,1595,16383,1652,1639,1633085,800,2003,2077,522760,11953,8,382516,1496,65792,909,2294607301,2294706554,0,2294706568,2294707083,3333764905,17859281,0.0947,1637.0,0.07201402752447095,-0.051321171337739724,0.0947,26.68,80.0,,,,,,
2026-07-30T19:54:18.458663+00:00,S030,mounted,true,healthy,none,2100,healthy_horizontal_no_load_2100rpm,2294806,2130,301,988,1342,6,0,1994721,9,333,77,0,3,1648,1494,1196,63,133,1595,16383,1652,1640,1649304,808,1951,2071,522764,11951,8,382511,1496,65793,909,2294707489,2294807179,0,2294807253,2294807767,3366651070,17853305,0.0947,1637.0,0.06259152146263913,-0.13744497422809854,0.0947,26.68,80.0,,,,,,
2026-07-30T19:54:18.552552+00:00,S030,mounted,true,healthy,none,2100,healthy_horizontal_no_load_2100rpm,2294906,2132,300,988,1340,3,0,1994807,9,333,76,0,3,1648,1495,1198,63,133,1593,16383,1653,1639,1633348,800,2009,2073,522791,11956,8,382516,1496,65794,909,2294808172,2294907238,0,2294907316,2294907831,3334835808,17868244,0.0947,1637.0,0.06448031816661048,-0.0421611967213118,0.0947,26.74,80.1,,,,,,
2026-07-30T19:54:18.693886+00:00,S030,mounted,true,healthy,none,2100,healthy_horizontal_no_load_2100rpm,2295006,2130,294,995,1340,1,0,1994892,9,333,76,0,2,1647,1494,1215,62,129,1607,16383,1652,1639,1632623,800,2006,2071,522738,11955,8,382518,1496,65795,909,2294908240,2295007334,0,2295007408,2295007923,3331881477,17865257,0.091,1637.0,0.06143642434127994,-0.04688042383939761,0.091,26.31,79.4,,,,,,
2026-07-30T19:54:18.787770+00:00,S030,mounted,true,healthy,none,2100,healthy_horizontal_no_load_2100rpm,2295106,2130,300,989,1342,4,0,1994978,9,333,77,0,3,1648,1495,1206,62,128,1603,16383,1651,1642,1632872,800,1949,2099,522759,11957,8,382524,1496,65796,909,2295008328,2295107390,0,2295107468,2295107983,3332907374,17871235,0.0947,1637.0,0.10751092640294324,-0.14240922079116825,0.0947,26.43,79.6,,,,,,
2026-07-30T19:54:18.879725+00:00,S030,mounted,true,healthy,none,2100,healthy_horizontal_no_load_2100rpm,2295207,2131,293,996,1340,6,0,1995063,9,333,75,0,2,1648,1494,1226,62,128,1596,16383,1652,1640,1649964,808,2013,2145,522787,11955,8,382526,1496,65797,909,2295108388,2295208075,0,2295208085,2295208600,3369348528,17865255,0.0947,1637.0,0.1847509899623585,-0.03521553249686349,0.0947,26.65,80.0,,,,,,
2026-07-30T19:54:18.974028+00:00,S030,mounted,true,healthy,none,2100,healthy_horizontal_no_load_2100rpm,2295307,2133,297,988,1336,3,0,1995149,9,333,75,0,3,1648,1494,1245,63,137,1595,16383,1651,1641,1633442,800,2004,2070,522790,11951,8,382521,1496,65798,909,2295209005,2295308195,0,2295308210,2295308725,3335220158,17853305,0.0947,1637.0,0.06092455066521607,-0.04909552196468914,0.0947,26.68,80.0,,,,,,
2026-07-30T19:54:19.067087+00:00,S030,mounted,true,healthy,none,2100,healthy_horizontal_no_load_2100rpm,2295407,2131,300,987,1339,1,0,1995234,9,333,76,0,3,1648,1494,1208,63,137,1593,16383,1652,1639,1632296,800,1953,2073,522747,11953,8,382520,1496,65799,909,2295309133,2295408238,0,2295408247,2295408762,3330560610,17859279,0.0947,1637.0,0.06534726001840552,-0.13465576516355737,0.0947,26.74,80.1,,,,,,
2026-07-30T19:54:19.160208+00:00,S030,mounted,true,healthy,none,2100,healthy_horizontal_no_load_2100rpm,2295507,2130,300,989,1342,5,0,1995319,9,333,77,0,3,1648,1494,1234,64,134,1594,16383,1653,1643,1633246,800,1939,2185,522767,11949,8,382511,1496,65800,909,2295409167,2295508385,0,2295508395,2295508909,3334460282,17847327,0.0947,1637.0,0.2532358385638962,-0.1569076151142359,0.0947,26.71,80.1,,,,,,
2026-07-30T19:54:19.252456+00:00,S030,mounted,true,healthy,none,2100,healthy_horizontal_no_load_2100rpm,2295607,2130,297,989,1338,6,0,1995405,9,333,76,0,3,1648,1494,1219,65,135,1596,16383,1652,1644,1633370,800,2006,2071,522788,11953,8,382511,1496,65801,909,2295509314,2295608447,0,2295608461,2295608976,3334926010,17859281,0.0947,1637.0,0.06201387626537258,-0.04632109570819054,0.0947,26.65,80.0,,,,,,
2026-07-30T19:54:19.393781+00:00,S030,mounted,true,healthy,none,2100,healthy_horizontal_no_load_2100rpm,2295708,2132,295,989,1335,3,0,1995491,9,333,75,0,3,1648,1495,1243,65,135,1598,16383,1652,1641,1649010,808,2011,2117,522744,11956,8,382516,1496,65802,909,2295609381,2295709215,0,2295709294,2295709809,3365453178,17868246,0.0947,1637.0,0.13779635965205728,-0.03882864938106412,0.0947,26.59,79.9,,,,,,
2026-07-30T19:54:19.487675+00:00,S030,mounted,true,healthy,none,2100,healthy_horizontal_no_load_2100rpm,2295808,2133,298,988,1337,1,0,1995576,9,333,76,0,3,1648,1494,1200,63,132,1598,16383,1652,1641,1633323,800,2003,2075,522755,11954,8,382516,1496,65803,909,2295710214,2295809272,0,2295809346,2295809861,3334735351,17862268,0.0947,1637.0,0.06839133595449187,-0.05160044052200119,0.0947,26.59,79.9,,,,,,
2026-07-30T19:54:19.580873+00:00,S030,mounted,true,healthy,none,2100,healthy_horizontal_no_load_2100rpm,2295908,2129,297,994,1343,5,0,1995661,9,333,76,0,2,1648,1494,1205,59,128,1595,16383,1651,1642,1633396,800,2009,2133,522795,11953,8,382515,1496,65804,909,2295810266,2295909335,0,2295909409,2295909924,3335040802,17859279,0.0947,1637.0,0.16534877260938652,-0.04132102007864136,0.0947,26.68,80.0,,,,,,
2026-07-30T19:54:19.675927+00:00,S030,mounted,true,healthy,none,2100,healthy_horizontal_no_load_2100rpm,2296008,2131,299,989,1340,6,0,1995747,9,333,75,0,2,1647,1495,1219,59,128,1596,16383,1652,1642,1632831,800,1999,2097,522740,11956,8,382519,1496,65805,909,2295910329,2296009413,0,2296009492,2296010007,3332729517,17868246,0.091,1637.0,0.10447088624958134,-0.05882393342254977,0.091,26.65,80.0,,,,,,
2026-07-30T19:54:19.768979+00:00,S030,mounted,true,healthy,none,2100,healthy_horizontal_no_load_2100rpm,2296109,2133,300,987,1339,3,0,1995833,9,333,76,0,3,1648,1494,1245,60,123,1593,16383,1652,1640,1649274,808,2003,2141,522738,11949,8,382510,1496,65806,909,2296010412,2296110232,0,2296110246,2296110761,3366532430,17847329,0.0947,1637.0,0.17987684684910876,-0.05020362716545357,0.0947,26.74,80.1,,,,,,
2026-07-30T19:54:19.865845+00:00,S030,mounted,true,healthy,none,2100,healthy_horizontal_no_load_2100rpm,2296209,2130,295,993,1340,1,0,1995918,9,333,76,0,3,1648,1494,1227,60,123,1601,16383,1651,1642,1633266,800,2003,2077,522766,11955,8,382513,1496,65807,909,2296111167,2296210388,0,2296210403,2296210918,3334507374,17865255,0.0947,1637.0,0.07143490263488061,-0.051879662986198394,0.0947,26.5,79.7,,,,,,
2026-07-30T19:54:19.955822+00:00,S030,mounted,true,healthy,none,2100,healthy_horizontal_no_load_2100rpm,2296310,2131,300,989,1341,5,0,1996003,9,333,76,0,2,1648,1494,1211,63,137,1600,16383,1651,1642,1632767,800,2011,2147,522757,11954,8,382513,1496,65808,909,2296211326,2296310580,0,2296310589,2296311104,3332480009,17862268,0.0947,1637.0,0.18838311243098538,-0.03826802091350201,0.0947,26.53,79.7,,,,,,
2026-07-30T19:54:20.095933+00:00,S030,mounted,true,healthy,none,2100,healthy_horizontal_no_load_2100rpm,2296410,2131,300,989,1341,6,0,1996089,9,333,76,0,3,1648,1494,1221,65,144,1595,16383,1652,1643,1649701,808,2013,2159,522758,11952,8,382510,1496,65809,909,2296311509,2296411193,0,2296411267,2296411782,3368274871,17856290,0.0947,1637.0,0.20898383132530096,-0.03437354216867483,0.0947,26.68,80.0,,,,,,
2026-07-30T19:54:20.190631+00:00,S030,mounted,true,healthy,none,2100,healthy_horizontal_no_load_2100rpm,2296510,2131,298,987,1337,3,0,1996175,9,333,76,0,3,1648,1494,1200,65,144,1588,16383,1651,1639,1633112,800,1954,2069,522751,11953,8,382510,1496,65810,909,2296412187,2296511267,0,2296511346,2296511861,3333887060,17859283,0.0947,1637.0,0.058680492512339644,-0.13298907328704113,0.0947,26.89,80.4,,,,,,
2026-07-30T19:54:20.283256+00:00,S030,mounted,true,healthy,none,2100,healthy_horizontal_no_load_2100rpm,2296610,2130,300,989,1341,1,0,1996260,9,333,76,0,3,1648,1494,1230,66,138,1599,16383,1652,1643,1633075,800,2017,2169,522749,11952,8,382508,1496,65811,909,2296512266,2296611329,0,2296611407,2296611922,3333736993,17856292,0.0947,1637.0,0.22565214457831306,-0.027706216867470435,0.0947,26.56,79.8,,,,,,
2026-07-30T19:54:20.377685+00:00,S030,mounted,true,healthy,none,2100,healthy_horizontal_no_load_2100rpm,2296710,2130,298,991,1341,5,0,1996345,9,333,76,0,3,1648,1494,1200,66,135,1595,16383,1652,1641,1633247,800,1925,2159,522757,11952,8,382506,1496,65812,909,2296612328,2296711386,0,2296711465,2296711980,3334461125,17856294,0.0947,1637.0,0.20898383132530096,-0.18105469879518088,0.0947,26.68,80.0,,,,,,
2026-07-30T19:54:20.471655+00:00,S030,mounted,true,healthy,none,2100,healthy_horizontal_no_load_2100rpm,2296811,2131,300,989,1341,6,0,1996431,9,333,76,0,3,1648,1494,1205,66,135,1592,16383,1652,1639,1649309,808,1981,2091,522750,11953,8,382506,1496,65813,909,2296712389,2296812063,0,2296812077,2296812592,3366674691,17859281,0.0947,1637.0,0.09534771379569973,-0.08798839262109981,0.0947,26.77,80.2,,,,,,
2026-07-30T19:54:20.566101+00:00,S030,mounted,true,healthy,none,2100,healthy_horizontal_no_load_2100rpm,2296911,2130,300,989,1342,2,0,1996516,9,333,76,0,3,1648,1494,1225,64,127,1598,16383,1652,1643,1633483,800,2002,2283,522802,11953,8,382506,1496,65814,909,2296813001,2296912102,0,2296912111,2296912626,3335445575,17859277,0.0947,1637.0,0.4153525540868399,-0.05298786321425597,0.0947,26.59,79.9,,,,,,
2026-07-30T19:54:20.661759+00:00,S030,mounted,true,healthy,none,2100,healthy_horizontal_no_load_2100rpm,2297011,2132,300,989,1341,3,0,1996601,9,333,77,0,3,1648,1494,1216,64,127,1593,16383,1650,1636,1632548,800,1931,2067,522741,11955,8,382509,1496,65815,909,2296913031,2297012136,0,2297012145,2297012660,3331584822,17865257,0.0947,1637.0,0.05477077214554571,-0.17186140250941095,0.0947,26.74,80.1,,,,,,
2026-07-30T19:54:20.804257+00:00,S030,mounted,true,healthy,none,2100,healthy_horizontal_no_load_2100rpm,2297111,2130,299,990,1341,5,0,1996687,9,333,76,0,3,1647,1494,1197,65,135,1589,16383,1651,1642,1632568,800,2010,2069,522724,11955,8,382512,1496,65816,909,2297013065,2297112296,0,2297112310,2297112825,3331656406,17865255,0.091,1637.0,0.0581035982434126,-0.04021477164366427,0.091,26.86,80.4,,,,,,
2026-07-30T19:54:20.895456+00:00,S030,mounted,true,healthy,none,2100,healthy_horizontal_no_load_2100rpm,2297211,2131,299,989,1340,4,0,1996772,9,333,76,0,3,1648,1494,1213,65,139,1589,16383,1652,1642,1633385,800,2007,2161,522755,11954,8,382513,1496,65817,909,2297113234,2297212478,0,2297212487,2297213004,3335004289,17862268,0.0947,1637.0,0.21171484674585894,-0.0449342307177516,0.0947,26.86,80.4,,,,,,
2026-07-30T19:54:20.989722+00:00,S030,mounted,true,healthy,none,2100,healthy_horizontal_no_load_2100rpm,2297312,2130,297,990,1339,2,0,1996858,9,333,76,1,3,1648,1494,1192,65,139,1589,16383,1652,1642,1649008,808,1991,2073,522747,11954,8,382513,1496,65818,909,2297213409,2297313083,0,2297313161,2297313677,3365436630,17862268,0.0947,1637.0,0.06505823105236708,-0.0715990699347504,0.0947,26.86,80.4,,,,,,
2026-07-30T19:54:21.083109+00:00,S030,mounted,true,healthy,none,2100,healthy_horizontal_no_load_2100rpm,2297412,2131,301,988,1341,3,0,1996943,9,333,77,0,3,1648,1494,1195,66,141,1594,16383,1653,1641,1633669,800,1945,2173,522785,11955,8,382515,1496,65819,909,2297314087,2297413145,0,2297413219,2297413733,3336174721,17865255,0.0947,1637.0,0.23141055533249633,-0.14853161982434182,0.0947,26.71,80.1,,,,,,
2026-07-30T19:54:21.175212+00:00,S030,mounted,true,healthy,none,2100,healthy_horizontal_no_load_2100rpm,2297512,2130,300,988,1341,1,0,1997028,9,333,77,0,3,1648,1494,1182,62,130,1596,16383,1652,1644,1633299,800,2009,2071,522784,11951,8,382510,1496,65820,909,2297414138,2297513221,0,2297513295,2297513810,3334632375,17853303,0.0947,1637.0,0.06259152146263913,-0.04076066797757516,0.0947,26.65,80.0,,,,,,
2026-07-30T19:54:21.268167+00:00,S030,mounted,true,healthy,none,2100,healthy_horizontal_no_load_2100rpm,2297612,2130,300,989,1341,4,0,1997114,9,333,76,0,2,1648,1495,1205,62,130,1598,16383,1652,1639,1633442,800,2011,2195,522777,11956,8,382515,1496,65821,909,2297514215,2297613294,0,2297613372,2297613888,3335273546,17868244,0.0947,1637.0,0.2677657059217129,-0.03882864938106412,0.0947,26.59,79.9,,,,,,
2026-07-30T19:54:21.408973+00:00,S030,mounted,true,healthy,none,2100,healthy_horizontal_no_load_2100rpm,2297712,2132,299,989,1340,6,0,1997199,9,333,76,0,3,1648,1494,1186,64,129,1598,16383,1652,1643,1633038,800,1961,2173,522752,11953,8,382514,1496,65822,909,2297614297,2297713376,0,2297713450,2297713964,3333600334,17859279,0.0947,1637.0,0.23201644767004082,-0.12132223015142696,0.0947,26.59,79.9,,,,,,
2026-07-30T19:54:21.502414+00:00,S030,mounted,true,healthy,none,2100,healthy_horizontal_no_load_2100rpm,2297812,2128,298,990,1341,2,0,1997284,9,333,77,0,3,1648,1494,1190,64,129,1607,16383,1652,1642,1633348,800,2010,2161,522777,11950,8,382507,1496,65823,909,2297714369,2297813435,0,2297813509,2297814025,3334861738,17850316,0.0947,1637.0,0.2129203429288702,-0.03881331129707144,0.0947,26.31,79.4,,,,,,
2026-07-30T19:54:21.597376+00:00,S030,mounted,true,healthy,none,2100,healthy_horizontal_no_load_2100rpm,2297913,2131,299,989,1340,1,0,1997370,9,333,76,0,3,1648,1494,1197,65,130,1611,16383,1652,1644,1649906,808,1991,2069,522821,11955,8,382510,1496,65824,909,2297814430,2297914101,0,2297914111,2297914625,3369103054,17865255,0.0947,1637.0,0.0581035982434126,-0.07187661957340064,0.0947,26.19,79.1,,,,,,
2026-07-30T19:54:21.689325+00:00,S030,mounted,true,healthy,none,2100,healthy_horizontal_no_load_2100rpm,2298013,2129,300,989,1342,4,0,1997456,9,333,76,0,2,1648,1494,1209,64,123,1602,16383,1652,1641,1632712,800,1971,2066,522748,11951,8,382506,1496,65825,909,2297915030,2298014233,0,2298014247,2298014762,3332243250,17853303,0.0947,1637.0,0.054256667475525155,-0.10410555827964219,0.0947,26.46,79.6,,,,,,
2026-07-30T19:54:21.783507+00:00,S030,mounted,true,healthy,none,2100,healthy_horizontal_no_load_2100rpm,2298113,2128,296,994,1342,6,0,1997541,9,333,76,0,2,1648,1494,1205,64,123,1602,16383,1652,1641,1632672,800,1829,2085,522760,11953,8,382506,1496,65826,909,2298015167,2298114273,0,2298114288,2298114803,3332127030,17859281,0.0947,1637.0,0.08534756253660136,-0.3413255578515857,0.0947,26.46,79.6,,,,,,
2026-07-30T19:54:21.875383+00:00,S030,mounted,true,healthy,none,2100,healthy_horizontal_no_load_2100rpm,2298213,2132,300,989,1341,2,0,1997626,9,333,76,0,3,1648,1494,1231,63,120,1597,16383,1651,1642,1632805,800,1977,2069,522751,11954,8,382507,1496,65827,909,2298115211,2298214348,0,2298214358,2298214873,3332625011,17862266,0.0947,1637.0,0.05839202124811749,-0.09493080424962352,0.0947,26.62,79.9,,,,,,
2026-07-30T19:54:21.969069+00:00,S030,mounted,true,healthy,none,2100,healthy_horizontal_no_load_2100rpm,2298313,2130,300,989,1341,3,0,1997711,9,333,76,0,2,1648,1494,1210,62,119,1598,16383,1653,1641,1632934,800,1927,2070,522759,11953,8,382507,1496,65828,909,2298215278,2298314443,0,2298314453,2298314967,3333160936,17859281,0.0947,1637.0,0.060347184388856334,-0.1779897539529829,0.0947,26.59,79.9,,,,,,
2026-07-30T19:54:22.109852+00:00,S030,mounted,true,healthy,none,2100,healthy_horizontal_no_load_2100rpm,2298414,2121,299,995,1348,5,0,1997797,9,333,77,1,3,1648,1494,1235,62,119,1601,16383,1655,1642,1649594,808,2011,2111,522768,11953,8,382507,1496,65829,909,2298315372,2298415074,0,2298415153,2298415668,3367834624,17859277,0.0947,1637.0,0.12868155132602643,-0.037987636325608864,0.0947,26.5,79.7,,,,,,
2026-07-30T19:54:22.205301+00:00,S030,mounted,true,healthy,none,2100,healthy_horizontal_no_load_2100rpm,2298514,2109,300,999,1355,5,0,1997881,9,333,77,0,3,1648,1494,1219,65,128,1600,16383,1652,1644,1633208,800,2007,2081,522750,11955,8,382510,1496,65830,909,2298416079,2298515139,0,2298515213,2298515728,3334266640,17865259,0.0947,1637.0,0.07810055483061484,-0.045214010790464165,0.0947,26.53,79.7,,,,,,
2026-07-30T19:54:22.298608+00:00,S030,mounted,true,healthy,none,2100,healthy_horizontal_no_load_2100rpm,2298614,2101,297,1004,1358,4,0,1997966,9,333,76,0,3,1647,1495,1227,65,128,1599,16383,1652,1641,1632894,800,2007,2065,522733,11956,8,382515,1496,65831,909,2298516133,2298615186,0,2298615265,2298615780,3332980072,17868244,0.091,1637.0,0.0511501288056202,-0.04549374406155948,0.091,26.56,79.8,,,,,,
2026-07-30T19:54:22.392665+00:00,S030,mounted,true,healthy,none,2100,healthy_horizontal_no_load_2100rpm,2298714,2112,298,998,1351,4,0,1998050,9,333,76,0,3,1648,1494,1205,65,122,1597,16383,1652,1637,1633122,800,1871,2074,522760,11950,8,382508,1496,65832,909,2298616187,2298715260,0,2298715334,2298715849,3333948272,17850314,0.0947,1637.0,0.0678817474476987,-0.2705416420083684,0.0947,26.62,79.9,,,,,,
2026-07-30T19:54:22.486271+00:00,S030,mounted,true,healthy,none,2100,healthy_horizontal_no_load_2100rpm,2298814,2120,300,993,1347,6,0,1998135,9,333,76,0,2,1648,1495,1208,64,126,1598,16383,1652,1644,1633630,800,2012,2197,522765,11956,8,382513,1496,65833,909,2298716258,2298815324,0,2298815402,2298815917,3336014326,17868244,0.0947,1637.0,0.2710982532619606,-0.0371623757109405,0.0947,26.59,79.9,,,,,,
2026-07-30T19:54:22.580394+00:00,S030,mounted,true,healthy,none,2100,healthy_horizontal_no_load_2100rpm,2298914,2129,300,990,1342,2,0,1998220,9,333,77,0,3,1648,1494,1209,64,126,1594,16383,1652,1639,1633127,800,2010,2158,522758,11953,8,382512,1496,65834,909,2298816326,2298915397,0,2298915470,2298915985,3333947745,17859277,0.0947,1637.0,0.2070160695222958,-0.039654328202125555,0.0947,26.71,80.1,,,,,,
2026-07-30T19:54:22.673209+00:00,S030,mounted,true,healthy,none,2100,healthy_horizontal_no_load_2100rpm,2299015,2130,300,989,1342,1,0,1998306,9,333,77,0,3,1647,1495,1245,63,122,1599,16383,1650,1641,1648866,808,2013,2081,522727,11956,8,382517,1496,65835,909,2298916390,2299016145,0,2299016159,2299016674,3364860800,17868246,0.091,1637.0,0.07781050752760077,-0.03549610204081688,0.091,26.56,79.8,,,,,,
2026-07-30T19:54:22.814160+00:00,S030,mounted,true,healthy,none,2100,healthy_horizontal_no_load_2100rpm,2299115,2131,299,989,1340,5,0,1998391,9,333,76,0,2,1648,1495,1211,65,141,1602,16383,1653,1643,1633383,800,1889,2067,522765,11958,8,382525,1496,65836,909,2299017083,2299116290,0,2299116299,2299116813,3335008561,17874222,0.0947,1637.0,0.053906628700451265,-0.242640478173608,0.0947,26.46,79.6,,,,,,
2026-07-30T19:54:22.909502+00:00,S030,mounted,true,healthy,none,2100,healthy_horizontal_no_load_2100rpm,2299215,2130,300,989,1341,6,0,1998477,9,333,77,0,3,1647,1494,1226,65,141,1588,16383,1653,1640,1632794,800,1969,2067,522744,11953,8,382524,1496,65837,909,2299117219,2299216446,0,2299216460,2299216975,3332588626,17859279,0.091,1637.0,0.05534710875930715,-0.10798869513929565,0.091,26.89,80.4,,,,,,
2026-07-30T19:54:23.003897+00:00,S030,mounted,true,healthy,none,2100,healthy_horizontal_no_load_2100rpm,2299316,2132,300,988,1340,3,0,1998563,9,333,76,0,3,1648,1494,1217,68,142,1595,16383,1652,1639,1649426,808,1956,2111,522750,11953,8,382523,1496,65838,909,2299217381,2299317217,0,2299317296,2299317811,3367158070,17859281,0.0947,1637.0,0.12868155132602643,-0.1296556895340082,0.0947,26.68,80.0,,,,,,
2026-07-30T19:54:23.097796+00:00,S030,mounted,true,healthy,none,2100,healthy_horizontal_no_load_2100rpm,2299416,2132,301,988,1341,1,0,1998648,9,333,77,0,3,1647,1494,1235,68,142,1595,16383,1652,1635,1632750,800,1941,2071,522739,11951,8,382518,1496,65839,909,2299318217,2299417304,0,2299417383,2299417898,3332409628,17853303,0.091,1637.0,0.06259152146263913,-0.1541146822023265,0.091,26.68,80.0,,,,,,
2026-07-30T19:54:23.191348+00:00,S030,mounted,true,healthy,none,2100,healthy_horizontal_no_load_2100rpm,2299516,2130,296,994,1342,5,0,1998733,9,333,76,0,2,1648,1495,1232,68,145,1600,16383,1653,1639,1632794,800,1943,2171,522752,11957,8,382524,1496,65840,909,2299418306,2299517370,0,2299517444,2299517960,3332605232,17871233,0.0947,1637.0,0.2274725970561171,-0.15240602667893288,0.0947,26.53,79.7,,,,,,
2026-07-30T19:54:23.285335+00:00,S030,mounted,true,healthy,none,2100,healthy_horizontal_no_load_2100rpm,2299616,2131,301,988,1341,6,0,1998819,9,333,76,0,3,1648,1494,1221,67,141,1602,16383,1653,1640,1632939,800,1986,2071,522740,11949,8,382515,1496,65841,909,2299518365,2299617437,0,2299617516,2299618031,3333178021,17847329,0.0947,1637.0,0.06316936003012774,-0.07854687396434912,0.0947,26.46,79.6,,,,,,
2026-07-30T19:54:23.378412+00:00,S030,mounted,true,healthy,none,2100,healthy_horizontal_no_load_2100rpm,2299717,2123,298,995,1346,2,0,1998904,9,333,77,1,3,1648,1494,1232,67,141,1592,16383,1651,1642,1649352,808,1969,2075,522743,11953,8,382514,1496,65842,909,2299618436,2299718246,0,2299718255,2299718770,3366841854,17859281,0.0947,1637.0,0.06868064377143801,-0.10798869513929565,0.0947,26.77,80.2,,,,,,
2026-07-30T19:54:23.517309+00:00,S030,mounted,true,healthy,none,2100,healthy_horizontal_no_load_2100rpm,2299817,2108,293,1002,1350,3,0,1998989,9,333,76,0,3,1648,1494,1238,67,140,1591,16383,1652,1644,1633528,800,2012,2067,522780,11955,8,382516,1496,65843,909,2299719177,2299818404,0,2299818418,2299818933,3335564350,17865255,0.0947,1637.0,0.05477077214554571,-0.036881945545796935,0.0947,26.8,80.2,,,,,,
2026-07-30T19:54:23.617808+00:00,S030,mounted,true,healthy,none,2100,healthy_horizontal_no_load_2100rpm,2299917,2102,298,1003,1358,3,0,1999073,9,333,76,0,3,1648,1494,1253,66,153,1590,16383,1651,1641,1632803,800,1909,2069,522740,11953,8,382515,1496,65844,909,2299819343,2299918451,0,2299918461,2299918976,3332628997,17859283,0.0947,1637.0,0.058680492512339644,-0.20799020773027754,0.0947,26.83,80.3,,,,,,
2026-07-30T19:54:23.707323+00:00,S030,mounted,true,healthy,none,2100,healthy_horizontal_no_load_2100rpm,2300018,2111,297,999,1351,1,0,1999158,9,333,76,0,3,1648,1494,1213,66,153,1589,16383,1651,1640,1648838,808,1871,2073,522733,11951,8,382510,1496,65845,909,2299919386,2300019171,0,2300019245,2300019760,3364764556,17853303,0.0947,1637.0,0.06592546305748437,-0.27080263802192306,0.0947,26.86,80.4,,,,,,
2026-07-30T19:54:23.801759+00:00,S030,mounted,true,healthy,none,2100,healthy_horizontal_no_load_2100rpm,2300118,2125,299,991,1343,5,0,1999243,9,333,77,0,3,1648,1494,1205,66,158,1589,16383,1652,1642,1633271,800,2013,2071,522758,11951,8,382506,1496,65846,909,2300020169,2300119231,0,2300119460,2300119974,3334527837,17853303,0.0947,1637.0,0.06259152146263913,-0.034092784787884245,0.0947,26.86,80.4,,,,,,
2026-07-30T19:54:23.894323+00:00,S030,mounted,true,healthy,none,2100,healthy_horizontal_no_load_2100rpm,2300219,2126,300,991,1344,6,0,1999329,9,333,77,0,2,1647,1494,1214,66,158,1593,16383,1652,1639,1648944,808,2011,2073,522721,11953,8,382506,1496,65847,909,2300120379,2300220061,0,2300220075,2300220590,3365172770,17859281,0.091,1637.0,0.06534726001840552,-0.037987636325608864,0.091,26.74,80.1,,,,,,
2026-07-30T19:54:23.987286+00:00,S030,mounted,true,healthy,none,2100,healthy_horizontal_no_load_2100rpm,2300319,2130,300,988,1341,2,0,1999414,9,333,77,0,3,1648,1494,1226,63,139,1593,16383,1652,1642,1633139,800,1971,2099,522758,11953,8,382506,1496,65848,909,2300220996,2300320214,0,2300320224,2300320739,3333989177,17859283,0.0947,1637.0,0.10868124880783014,-0.10465531138626316,0.0947,26.74,80.1,,,,,,
2026-07-30T19:54:24.078708+00:00,S030,mounted,true,healthy,none,2100,healthy_horizontal_no_load_2100rpm,2300419,2130,300,988,1341,3,0,1999499,9,333,77,0,3,1648,1494,1221,63,134,1598,16383,1652,1640,1633039,800,1991,2068,522738,11954,8,382507,1496,65849,909,2300321146,2300420240,0,2300420250,2300420765,3333580479,17862268,0.0947,1637.0,0.056725468797055534,-0.0715990699347504,0.0947,26.59,79.9,,,,,,
2026-07-30T19:54:24.219650+00:00,S030,mounted,true,healthy,none,2100,healthy_horizontal_no_load_2100rpm,2300519,2129,299,990,1341,1,0,1999584,9,333,76,0,3,1648,1494,1209,63,134,1598,16383,1653,1641,1632650,800,1995,2070,522739,11953,8,382507,1496,65850,909,2300421170,2300520292,0,2300520302,2300520817,3331992826,17859281,0.0947,1637.0,0.060347184388856334,-0.06465470634987058,0.0947,26.59,79.9,,,,,,
2026-07-30T19:54:24.311485+00:00,S030,mounted,true,healthy,none,2100,healthy_horizontal_no_load_2100rpm,2300619,2130,300,989,1342,4,0,1999670,9,333,77,0,3,1648,1494,1203,62,126,1594,16383,1652,1641,1632848,800,1887,2069,522739,11952,8,382505,1496,65851,909,2300521222,2300620319,0,2300620333,2300620848,3332820128,17856292,0.0947,1637.0,0.05896901204819249,-0.24439428915662686,0.0947,26.71,80.1,,,,,,
2026-07-30T19:54:24.405002+00:00,S030,mounted,true,healthy,none,2100,healthy_horizontal_no_load_2100rpm,2300719,2128,301,990,1344,6,0,1999755,9,333,77,0,2,1648,1494,1214,62,124,1598,16383,1652,1641,1632997,800,1941,2068,522764,11953,8,382505,1496,65852,909,2300621253,2300720387,0,2300720401,2300720916,3333422047,17859283,0.0947,1637.0,0.0570138006358234,-0.1546560676817541,0.0947,26.59,79.9,,,,,,
2026-07-30T19:54:24.497851+00:00,S030,mounted,true,healthy,none,2100,healthy_horizontal_no_load_2100rpm,2300819,2125,298,992,1343,2,0,1999840,9,333,77,0,3,1648,1494,1206,62,124,1588,16383,1651,1643,1633312,800,1977,2067,522772,11951,8,382501,1496,65853,909,2300721325,2300820433,0,2300820447,2300820962,3334698384,17853305,0.0947,1637.0,0.05592363827294777,-0.09410373349510559,0.0947,26.89,80.4,,,,,,
2026-07-30T19:54:24.592385+00:00,S030,mounted,true,healthy,none,2100,healthy_horizontal_no_load_2100rpm,2300920,2127,298,991,1342,1,0,1999926,9,333,77,0,3,1648,1494,1208,60,115,1596,16383,1652,1643,1650055,808,2013,2171,522792,11951,8,382497,1496,65854,909,2300821367,2300921089,0,2300921167,2300921682,3369724951,17853303,0.0947,1637.0,0.22928860120491956,-0.034092784787884245,0.0947,26.65,80.0,,,,,,
2026-07-30T19:54:24.685761+00:00,S030,mounted,true,healthy,none,2100,healthy_horizontal_no_load_2100rpm,2301020,2131,296,994,1341,5,0,2000011,9,333,76,0,2,1648,1494,1201,60,115,1595,16383,1653,1644,1633648,800,1929,2081,522824,11952,8,382495,1496,65855,909,2300922087,2301021142,0,2301021372,2301021887,3336067668,17856292,0.0947,1637.0,0.07897098795180701,-0.17438737349397604,0.0947,26.68,80.0,,,,,,
2026-07-30T19:54:24.827297+00:00,S030,mounted,true,healthy,none,2100,healthy_horizontal_no_load_2100rpm,2301120,2132,300,988,1340,4,0,2000096,9,333,76,0,3,1648,1494,1204,61,120,1594,16383,1653,1640,1632739,800,2009,2103,522755,11955,8,382499,1496,65856,909,2301022292,2301121365,0,2301121439,2301121954,3332365973,17865255,0.0947,1637.0,0.11476164190715155,-0.04188118469259772,0.0947,26.71,80.1,,,,,,
2026-07-30T19:54:24.921269+00:00,S030,mounted,true,healthy,none,2100,healthy_horizontal_no_load_2100rpm,2301221,2129,298,991,1341,2,0,2000182,9,333,76,0,3,1648,1494,1213,62,125,1595,16383,1652,1641,1650172,808,1977,2171,522794,11949,8,382491,1496,65857,909,2301122359,2301222048,0,2301222058,2301222572,3370224956,17847331,0.0947,1637.0,0.2298943412001,-0.09355212226964582,0.0947,26.68,80.0,,,,,,
2026-07-30T19:54:25.013577+00:00,S030,mounted,true,healthy,none,2100,healthy_horizontal_no_load_2100rpm,2301321,2132,300,988,1340,3,0,2000267,9,333,76,0,3,1648,1494,1187,62,125,1596,16383,1653,1641,1633892,800,2018,2175,522825,11948,8,382482,1496,65858,909,2301222977,2301322108,0,2301322118,2301322632,3337079414,17844340,0.0947,1637.0,0.2368668446601938,-0.02491328389688663,0.0947,26.65,80.0,,,,,,
2026-07-30T19:54:25.106993+00:00,S030,mounted,true,healthy,none,2100,healthy_horizontal_no_load_2100rpm,2301421,2131,299,988,1339,5,0,2000353,9,333,76,0,2,1648,1495,1217,61,122,1598,16383,1653,1642,1633376,800,2013,2207,522814,11956,8,382488,1496,65859,909,2301323037,2301422129,0,2301422143,2301422658,3334979718,17868244,0.0947,1637.0,0.28776098996319854,-0.03549610204081688,0.0947,26.59,79.9,,,,,,
2026-07-30T19:54:25.200720+00:00,S030,mounted,true,healthy,none,2100,healthy_horizontal_no_load_2100rpm,2301521,2130,296,989,1337,4,0,2000438,9,333,76,0,3,1648,1494,1234,60,118,1601,16383,1652,1642,1633840,800,2009,2231,522834,11953,8,382488,1496,65860,909,2301423067,2301522191,0,2301522201,2301522716,3336883436,17859279,0.0947,1637.0,0.3286845765079893,-0.04132102007864136,0.0947,26.5,79.7,,,,,,
2026-07-30T19:54:25.295349+00:00,S030,mounted,true,healthy,none,2100,healthy_horizontal_no_load_2100rpm,2301621,2130,295,989,1336,6,0,2000523,9,333,76,0,3,1648,1494,1227,60,118,1593,16383,1651,1640,1632809,800,1939,2165,522779,11953,8,382488,1496,65861,909,2301523120,2301622225,0,2301622235,2301622749,3332663847,17859281,0.0947,1637.0,0.21868291265790996,-0.15798945143478615,0.0947,26.74,80.1,,,,,,
2026-07-30T19:54:25.388562+00:00,S030,mounted,true,healthy,none,2100,healthy_horizontal_no_load_2100rpm,2301721,2132,298,988,1338,3,0,2000609,9,333,76,0,3,1648,1494,1243,63,124,1595,16383,1652,1642,1633078,800,2013,2105,522783,11954,8,382490,1496,65862,909,2301623154,2301722265,0,2301722280,2301722795,3333735158,17862268,0.0947,1637.0,0.11838790948636424,-0.034934916011377215,0.0947,26.68,80.0,,,,,,
2026-07-30T19:54:25.483166+00:00,S030,mounted,true,healthy,none,2100,healthy_horizontal_no_load_2100rpm,2301821,2131,299,989,1340,1,0,2000694,9,333,77,0,3,1648,1494,1216,63,124,1598,16383,1652,1640,1632961,800,1967,2079,522771,11952,8,382489,1496,65863,909,2301723200,2301822423,0,2301822432,2301822947,3333265969,17856292,0.0947,1637.0,0.0756373253012046,-0.1110477831325305,0.0947,26.59,79.9,,,,,,
2026-07-30T19:54:25.624329+00:00,S030,mounted,true,healthy,none,2100,healthy_horizontal_no_load_2100rpm,2301922,2132,299,989,1340,4,0,2000780,9,333,76,0,3,1648,1494,1226,63,132,1609,16383,1653,1641,1650219,808,2013,2077,522816,11949,8,382482,1496,65864,909,2301823356,2301923215,0,2301923289,2301923804,3370377117,17847329,0.0947,1637.0,0.07317285890032599,-0.03353112904845634,0.0947,26.25,79.2,,,,,,
2026-07-30T19:54:25.718018+00:00,S030,mounted,true,healthy,none,2100,healthy_horizontal_no_load_2100rpm,2302022,2129,300,990,1342,6,0,2000865,9,333,76,0,3,1648,1494,1231,67,140,1599,16383,1653,1641,1633413,800,1989,2071,522837,11953,8,382482,1496,65865,909,2301924213,2302023291,0,2302023365,2302023880,3335107881,17859281,0.0947,1637.0,0.06201387626537258,-0.0746548576089685,0.0947,26.56,79.8,,,,,,
2026-07-30T19:54:25.811520+00:00,S030,mounted,true,healthy,none,2100,healthy_horizontal_no_load_2100rpm,2302122,2113,301,997,1353,2,0,2000950,9,333,76,0,3,1648,1494,1239,67,140,1600,16383,1652,1640,1632424,800,1895,2074,522741,11954,8,382484,1496,65866,909,2302024285,2302123368,0,2302123442,2302123959,3331084868,17862270,0.0947,1637.0,0.06672478350342992,-0.231588105236741,0.0947,26.53,79.7,,,,,,
2026-07-30T19:54:25.906549+00:00,S030,mounted,true,healthy,none,2100,healthy_horizontal_no_load_2100rpm,2302222,2104,296,1006,1358,3,0,2001035,9,333,76,0,3,1648,1494,1235,66,140,1608,16383,1652,1644,1633333,800,2015,2075,522782,11955,8,382488,1496,65867,909,2302124364,2302223449,0,2302223527,2302224042,3334771735,17865259,0.0947,1637.0,0.06810207653701328,-0.03188270639899615,0.0947,26.28,79.3,,,,,,
2026-07-30T19:54:25.997962+00:00,S030,mounted,true,healthy,none,2100,healthy_horizontal_no_load_2100rpm,2302323,2105,298,1002,1356,3,0,2001119,9,333,76,0,3,1648,1495,1260,63,136,1602,16383,1652,1640,1648929,808,2013,2075,522751,11957,8,382496,1496,65868,909,2302224448,2302324205,0,2302324214,2302324730,3365115081,17871233,0.0947,1637.0,0.06752370285188558,-0.03577662465501419,0.0947,26.46,79.6,,,,,,
2026-07-30T19:54:26.093127+00:00,S030,mounted,true,healthy,none,2100,healthy_horizontal_no_load_2100rpm,2302423,2120,292,998,1343,1,0,2001204,9,333,76,0,3,1648,1494,1206,63,136,1596,16383,1651,1641,1633056,800,1997,2071,522739,11951,8,382492,1496,65869,909,2302325136,2302424260,0,2302424274,2302424789,3333646494,17853303,0.0947,1637.0,0.06259152146263913,-0.06076431754664924,0.0947,26.65,80.0,,,,,,
2026-07-30T19:54:26.234297+00:00,S030,mounted,true,healthy,none,2100,healthy_horizontal_no_load_2100rpm,2302523,2128,301,989,1343,5,0,2001289,9,333,77,0,3,1648,1494,1237,59,139,1593,16383,1651,1643,1633604,800,2005,2128,522754,11954,8,382494,1496,65870,909,2302425198,2302524299,0,2302524309,2302524824,3335891060,17862266,0.0947,1637.0,0.15671861586079983,-0.048267335619876395,0.0947,26.74,80.1,,,,,,
2026-07-30T19:54:26.329007+00:00,S030,mounted,true,healthy,none,2100,healthy_horizontal_no_load_2100rpm,2302623,2131,302,988,1342,4,0,2001374,9,333,77,0,3,1648,1495,1247,59,139,1583,16383,1652,1644,1633615,800,1999,2071,522790,11957,8,382502,1496,65871,909,2302525229,2302624354,0,2302624364,2302624878,3335925761,17871235,0.0947,1637.0,0.06085916559337612,-0.05910250505979775,0.0947,27.05,80.7,,,,,,
2026-07-30T19:54:26.421971+00:00,S030,mounted,true,healthy,none,2100,healthy_horizontal_no_load_2100rpm,2302723,2128,298,991,1342,2,0,2001460,9,333,77,0,3,1648,1494,1229,58,129,1594,16383,1652,1643,1633359,800,2015,2071,522767,11952,8,382500,1496,65872,909,2302625283,2302724383,0,2302724397,2302724912,3334882119,17856292,0.0947,1637.0,0.06230267469879491,-0.031039879518072855,0.0947,26.71,80.1,,,,,,
2026-07-30T19:54:26.513844+00:00,S030,mounted,true,healthy,none,2100,healthy_horizontal_no_load_2100rpm,2302823,2127,297,991,1340,3,0,2001545,9,333,76,0,3,1648,1495,1250,58,124,1596,16383,1652,1641,1633032,800,2013,2069,522762,11957,8,382507,1496,65873,909,2302725318,2302824417,0,2302824431,2302824946,3333548238,17871233,0.0947,1637.0,0.057526896964120944,-0.03577662465501419,0.0947,26.65,80.0,,,,,,
2026-07-30T19:54:26.607547+00:00,S030,mounted,true,healthy,none,2100,healthy_horizontal_no_load_2100rpm,2302924,2132,301,987,1340,5,0,2001631,9,333,77,0,3,1648,1494,1232,58,124,1589,16383,1652,1642,1649762,808,1883,2081,522789,11954,8,382508,1496,65874,909,2302825351,2302925152,0,2302925231,2302925746,3368544628,17862268,0.0947,1637.0,0.07839065066086626,-0.2515867346494902,0.0947,26.86,80.4,,,,,,
2026-07-30T19:54:26.701233+00:00,S030,mounted,true,healthy,none,2100,healthy_horizontal_no_load_2100rpm,2303024,2133,299,989,1340,4,0,2001716,9,333,76,0,3,1648,1494,1235,60,129,1593,16383,1652,1643,1633322,800,1985,2070,522788,11951,8,382504,1496,65875,909,2302926151,2303025363,0,2303025437,2303025951,3334734080,17853305,0.0947,1637.0,0.06092455066521607,-0.08076796711572287,0.0947,26.74,80.1,,,,,,
2026-07-30T19:54:26.795175+00:00,S030,mounted,true,healthy,none,2100,healthy_horizontal_no_load_2100rpm,2303124,2130,300,989,1341,6,0,2001801,9,333,77,0,3,1648,1494,1206,59,133,1596,16383,1653,1641,1633436,800,2009,2113,522781,11954,8,382505,1496,65876,909,2303026356,2303125411,0,2303125485,2303126001,3335197878,17862266,0.0947,1637.0,0.13172032909486298,-0.041601125815626805,0.0947,26.65,80.0,,,,,,
2026-07-30T19:54:26.934327+00:00,S030,mounted,true,healthy,none,2100,healthy_horizontal_no_load_2100rpm,2303225,2131,294,989,1334,3,0,2001887,9,333,76,0,3,1648,1495,1205,59,133,1596,16383,1654,1641,1650254,808,1985,2127,522851,11957,8,382512,1496,65877,909,2303126406,2303226067,0,2303226076,2303226592,3370537634,17871233,0.0947,1637.0,0.15416268721251125,-0.08242838546458131,0.0947,26.65,80.0,,,,,,
2026-07-30T19:54:27.028554+00:00,S030,mounted,true,healthy,none,2100,healthy_horizontal_no_load_2100rpm,2303325,2131,300,990,1342,1,0,2001972,9,333,76,0,3,1648,1495,1208,59,127,1597,16383,1654,1642,1633311,800,1955,2223,522839,11956,8,382517,1496,65878,909,2303226997,2303326166,0,2303326176,2303326691,3334765211,17868246,0.0947,1637.0,0.3144213686851791,-0.13213997490799656,0.0947,26.62,79.9,,,,,,
2026-07-30T19:54:27.122790+00:00,S030,mounted,true,healthy,none,2100,healthy_horizontal_no_load_2100rpm,2303425,2130,300,988,1340,4,0,2002058,9,333,76,0,2,1648,1494,1195,59,127,1600,16383,1652,1642,1633102,800,1861,2068,522857,11951,8,382512,1496,65879,909,2303327096,2303426217,0,2303426231,2303426746,3333879022,17853305,0.0947,1637.0,0.05759060907037039,-0.28747234599615146,0.0947,26.53,79.7,,,,,,
2026-07-30T19:54:27.216176+00:00,S030,mounted,true,healthy,none,2100,healthy_horizontal_no_load_2100rpm,2303525,2132,301,988,1341,6,0,2002143,9,333,77,0,3,1648,1494,1232,60,124,1598,16383,1652,1642,1633349,800,1981,2089,522810,11951,8,382507,1496,65880,909,2303427155,2303526237,0,2303526247,2303526762,3334848267,17853305,0.0947,1637.0,0.0925969958162498,-0.08743585030541379,0.0947,26.59,79.9,,,,,,
2026-07-30T19:54:27.309002+00:00,S030,mounted,true,healthy,none,2100,healthy_horizontal_no_load_2100rpm,2303625,2130,300,988,1340,2,0,2002228,9,333,76,0,3,1648,1494,1205,64,128,1598,16383,1652,1644,1633825,800,2005,2159,522877,11955,8,382510,1496,65881,909,2303527167,2303626279,0,2303626288,2303626807,3336808037,17865257,0.0947,1637.0,0.20808077264742764,-0.0485468368883315,0.0947,26.59,79.9,,,,,,
2026-07-30T19:54:27.402878+00:00,S030,mounted,true,healthy,none,2100,healthy_horizontal_no_load_2100rpm,2303725,2130,295,989,1336,1,0,2002314,9,333,76,0,3,1648,1494,1198,64,128,1601,16383,1651,1638,1632770,800,2007,2077,522823,11949,8,382502,1496,65882,909,2303627212,2303726321,0,2303726336,2303726851,3332479726,17847329,0.0947,1637.0,0.07317285890032599,-0.04353462791865459,0.0947,26.5,79.7,,,,,,
2026-07-30T19:54:27.496403+00:00,S030,mounted,true,healthy,none,2100,healthy_horizontal_no_load_2100rpm,2303826,2129,299,991,1342,4,0,2002400,9,333,76,0,3,1648,1494,1200,67,127,1605,16383,1652,1640,1650090,808,1972,2131,522883,11951,8,382498,1496,65883,909,2303727256,2303827056,0,2303827135,2303827650,3369869048,17853305,0.0947,1637.0,0.16260976930800775,-0.10243858748221957,0.0947,26.37,79.5,,,,,,
2026-07-30T19:54:27.638494+00:00,S030,mounted,true,healthy,none,2100,healthy_horizontal_no_load_2100rpm,2303926,2115,298,997,1350,6,0,2002485,9,333,77,1,3,1648,1494,1198,66,131,1593,16383,1652,1640,1633105,800,1967,2071,522860,11951,8,382494,1496,65884,909,2303828055,2303927252,0,2303927330,2303927846,3333854619,17853305,0.0947,1637.0,0.06259152146263913,-0.11077344146933354,0.0947,26.74,80.1,,,,,,
2026-07-30T19:54:27.731257+00:00,S030,mounted,true,healthy,none,2100,healthy_horizontal_no_load_2100rpm,2304026,2105,299,1002,1357,6,0,2002569,9,333,76,0,3,1648,1494,1179,66,131,1594,16383,1652,1642,1633629,800,2013,2075,522852,11955,8,382498,1496,65885,909,2303928253,2304027324,0,2304027403,2304027918,3335980861,17865257,0.0947,1637.0,0.06810207653701328,-0.03521553249686349,0.0947,26.71,80.1,,,,,,
2026-07-30T19:54:27.826780+00:00,S030,mounted,true,healthy,none,2100,healthy_horizontal_no_load_2100rpm,2304126,2103,300,1002,1359,6,0,2002653,9,333,77,0,3,1648,1495,1209,67,132,1594,16383,1652,1644,1633224,800,2005,2069,522859,11956,8,382503,1496,65886,909,2304028328,2304127422,0,2304127496,2304128011,3334330632,17868244,0.0947,1637.0,0.05781522348611556,-0.048826291401807165,0.0947,26.71,80.1,,,,,,
2026-07-30T19:54:27.918550+00:00,S030,mounted,true,healthy,none,2100,healthy_horizontal_no_load_2100rpm,2304227,2099,299,1005,1361,2,0,2002738,9,333,76,0,2,1648,1494,1180,67,132,1602,16383,1652,1640,1649667,808,2013,2067,522852,11953,8,382503,1496,65887,909,2304128417,2304228078,0,2304228092,2304228607,3368121599,17859281,0.0947,1637.0,0.05534710875930715,-0.03465425257257637,0.0947,26.46,79.6,,,,,,
2026-07-30T19:54:28.011983+00:00,S030,mounted,true,healthy,none,2100,healthy_horizontal_no_load_2100rpm,2304327,2097,300,1005,1363,2,0,2002822,9,333,77,0,3,1648,1494,1205,65,137,1594,16383,1652,1640,1632925,800,1873,2159,522781,11952,8,382501,1496,65888,909,2304229014,2304328206,0,2304328220,2304328735,3333155503,17856294,0.0947,1637.0,0.20898383132530096,-0.26772992771084336,0.0947,26.71,80.1,,,,,,
2026-07-30T19:54:28.105222+00:00,S030,mounted,true,healthy,none,2100,healthy_horizontal_no_load_2100rpm,2304427,2106,299,1000,1355,2,0,2002906,9,333,77,0,3,1648,1494,1213,63,131,1592,16383,1652,1640,1632829,800,2015,2181,522757,11955,8,382504,1496,65889,909,2304329141,2304428263,0,2304428277,2304428792,3332737149,17865257,0.0947,1637.0,0.24474185972396478,-0.03188270639899615,0.0947,26.77,80.2,,,,,,
2026-07-30T19:54:28.199549+00:00,S030,mounted,true,healthy,none,2100,healthy_horizontal_no_load_2100rpm,2304527,2122,299,993,1345,3,0,2002991,9,333,77,0,2,1648,1494,1215,63,131,1593,16383,1653,1642,1633535,800,1997,2303,522776,11955,8,382507,1496,65890,909,2304429202,2304528287,0,2304528301,2304528816,3335673991,17865255,0.0947,1637.0,0.44804425169385187,-0.061878141279799515,0.0947,26.74,80.1,,,,,,
2026-07-30T19:54:28.341165+00:00,S030,mounted,true,healthy,none,2100,healthy_horizontal_no_load_2100rpm,2304627,2126,299,991,1343,1,0,2003076,9,333,77,0,3,1648,1495,1211,64,134,1590,16383,1652,1640,1633624,800,2014,2167,522794,11956,8,382512,1496,65891,909,2304529221,2304628336,0,2304628350,2304628865,3335985116,17868246,0.0947,1637.0,0.22111004315824667,-0.033829828370692816,0.0947,26.83,80.3,,,,,,
2026-07-30T19:54:28.434842+00:00,S030,mounted,true,healthy,none,2100,healthy_horizontal_no_load_2100rpm,2304727,2131,298,989,1339,5,0,2003161,9,333,76,0,3,1648,1494,1221,62,128,1589,16383,1652,1639,1632937,800,2009,2091,522751,11955,8,382515,1496,65892,909,2304629270,2304728390,0,2304728404,2304728919,3333163225,17865255,0.0947,1637.0,0.09476468531994975,-0.04188118469259772,0.0947,26.86,80.4,,,,,,
2026-07-30T19:54:28.528449+00:00,S030,mounted,true,healthy,none,2100,healthy_horizontal_no_load_2100rpm,2304827,2130,299,989,1340,4,0,2003246,9,333,76,0,3,1648,1494,1219,62,128,1596,16383,1652,1641,1633191,800,2007,2073,522773,11955,8,382517,1496,65893,909,2304729328,2304828432,0,2304828441,2304828956,3334199927,17865255,0.0947,1637.0,0.06476925043914683,-0.045214010790464165,0.0947,26.65,80.0,,,,,,
2026-07-30T19:54:28.621122+00:00,S030,mounted,true,healthy,none,2100,healthy_horizontal_no_load_2100rpm,2304928,2132,300,989,1341,2,0,2003332,9,333,77,0,3,1648,1494,1235,61,123,1594,16383,1652,1644,1650112,808,2005,2063,522823,11954,8,382517,1496,65894,909,2304829361,2304929072,0,2304929146,2304929660,3369939690,17862268,0.0947,1637.0,0.0483927065417431,-0.048267335619876395,0.0947,26.71,80.1,,,,,,
2026-07-30T19:54:28.715334+00:00,S030,mounted,true,healthy,none,2100,healthy_horizontal_no_load_2100rpm,2305028,2132,300,989,1341,1,0,2003418,9,333,77,0,3,1648,1494,1226,61,123,1595,16383,1654,1642,1633679,800,2015,2177,522791,11955,8,382519,1496,65895,909,2304930065,2305029267,0,2305029346,2305029861,3336225341,17865255,0.0947,1637.0,0.23807620752823055,-0.03188270639899615,0.0947,26.68,80.0,,,,,,
2026-07-30T19:54:28.823587+00:00,S030,mounted,true,healthy,none,2100,healthy_horizontal_no_load_2100rpm,2305129,2132,299,989,1340,4,0,2003504,9,333,76,0,3,1648,1494,1206,61,116,1591,16383,1651,1642,1649289,808,1987,2128,522752,11951,8,382514,1496,65896,909,2305030266,2305130077,0,2305130095,2305130610,3366595901,17853303,0.0947,1637.0,0.15760885691573856,-0.07743402552087719,0.0947,26.8,80.2,,,,,,
2026-07-30T19:54:28.916414+00:00,S030,mounted,true,healthy,none,2100,healthy_horizontal_no_load_2100rpm,2305229,2130,296,992,1340,6,0,2003589,9,333,76,0,2,1648,1495,1266,61,120,1594,16383,1652,1643,1633408,800,1887,2187,522757,11957,8,382520,1496,65897,909,2305131015,2305230169,0,2305230183,2305230698,3335134240,17871233,0.0947,1637.0,0.2541307460901563,-0.24570954829806846,0.0947,26.71,80.1,,,,,,
2026-07-30T19:54:29.010728+00:00,S030,mounted,true,healthy,none,2100,healthy_horizontal_no_load_2100rpm,2305329,2128,301,989,1343,2,0,2003674,9,333,77,0,3,1648,1494,1234,61,120,1598,16383,1652,1639,1633096,800,1955,2140,522761,11951,8,382515,1496,65898,909,2305231106,2305330205,0,2305330219,2305330734,3333827186,17853303,0.0947,1637.0,0.17761250648481264,-0.13077709103840718,0.0947,26.59,79.9,,,,,,
2026-07-30T19:54:29.152123+00:00,S030,mounted,true,healthy,none,2100,healthy_horizontal_no_load_2100rpm,2305429,2132,300,988,1340,3,0,2003759,9,333,76,0,2,1648,1494,1238,61,121,1594,16383,1652,1643,1633852,800,2000,2106,522803,11954,8,382515,1496,65899,909,2305331139,2305430351,0,2305430361,2305430876,3336898312,17862266,0.0947,1637.0,0.12005446193742664,-0.05660009787518838,0.0947,26.71,80.1,,,,,,
2026-07-30T19:54:29.248639+00:00,S030,mounted,true,healthy,none,2100,healthy_horizontal_no_load_2100rpm,2305529,2133,300,987,1339,5,0,2003845,9,333,76,0,3,1648,1494,1220,61,125,1600,16383,1653,1641,1633346,800,2017,2067,522810,11955,8,382517,1496,65900,909,2305431281,2305530392,0,2305530406,2305530921,3334828506,17865259,0.0947,1637.0,0.05477077214554571,-0.02854988030112926,0.0947,26.53,79.7,,,,,,
2026-07-30T19:54:29.340452+00:00,S030,mounted,true,healthy,none,2100,healthy_horizontal_no_load_2100rpm,2305630,2130,300,988,1341,6,0,2003931,9,333,77,0,3,1648,1494,1263,61,125,1600,16383,1653,1643,1649518,808,1999,2075,522760,11953,8,382516,1496,65901,909,2305531330,2305631000,0,2305631078,2305631593,3367522766,17859279,0.0947,1637.0,0.06868064377143801,-0.057987938843805154,0.0947,26.53,79.7,,,,,,
2026-07-30T19:54:29.450576+00:00,S030,mounted,true,healthy,none,2100,healthy_horizontal_no_load_2100rpm,2305730,2131,300,989,1341,2,0,2004016,9,333,76,0,3,1648,1494,1244,65,134,1594,16383,1651,1643,1633955,800,2007,2141,522808,11954,8,382516,1496,65902,909,2305631998,2305731074,0,2305731153,2305731668,3337326233,17862268,0.0947,1637.0,0.178383797724611,-0.0449342307177516,0.0947,26.71,80.1,,,,,,
2026-07-30T19:54:29.543307+00:00,S030,mounted,true,healthy,none,2100,healthy_horizontal_no_load_2100rpm,2305830,2130,300,989,1342,3,0,2004101,9,333,76,0,3,1648,1494,1192,65,134,1600,16383,1652,1644,1633651,800,2003,2079,522832,11954,8,382516,1496,65903,909,2305732077,2305831298,0,2305831372,2305831886,3336075987,17862268,0.0947,1637.0,0.07505754575874146,-0.05160044052200119,0.0947,26.53,79.7,,,,,,
2026-07-30T19:54:29.604283+00:00,S030,mounted,true,healthy,none,2100,healthy_horizontal_no_load_2100rpm,2305930,2133,298,988,1338,5,0,2004187,9,333,76,0,3,1648,1494,1205,66,140,1602,16383,1652,1641,1633288,800,1949,2153,522830,11951,8,382511,1496,65904,909,2305832291,2305931378,0,2305931607,2305932122,3334616340,17853301,0.0947,1637.0,0.19928312685130933,-0.14077891582294422,0.0947,26.46,79.6,,,,,,
2026-07-30T19:54:29.744549+00:00,S030,mounted,true,healthy,none,2100,healthy_horizontal_no_load_2100rpm,2306031,2131,299,990,1341,4,0,2004272,9,333,76,0,3,1648,1494,1248,66,139,1593,16383,1652,1641,1649770,808,2005,2075,522825,11951,8,382507,1496,65905,909,2305932531,2306032090,0,2306032099,2306032614,3368550614,17853303,0.0947,1637.0,0.06925940465233005,-0.04742855116726652,0.0947,26.74,80.1,,,,,,
2026-07-30T19:54:29.838255+00:00,S030,mounted,true,healthy,none,2100,healthy_horizontal_no_load_2100rpm,2306131,2130,299,990,1341,2,0,2004358,9,333,77,0,3,1648,1494,1205,66,139,1597,16383,1652,1640,1633371,800,1987,2155,522796,11950,8,382501,1496,65906,909,2306033020,2306132212,0,2306132227,2306132742,3334954187,17850316,0.0947,1637.0,0.20291768117154785,-0.07715684803347322,0.0947,26.62,79.9,,,,,,
2026-07-30T19:54:29.931629+00:00,S030,mounted,true,healthy,none,2100,healthy_horizontal_no_load_2100rpm,2306231,2130,299,990,1341,3,0,2004443,9,333,76,0,3,1648,1494,1211,66,137,1600,16383,1652,1641,1633308,800,2003,2117,522767,11953,8,382501,1496,65907,909,2306133150,2306232256,0,2306232266,2306232781,3334673210,17859283,0.0947,1637.0,0.1386817025851248,-0.051321171337739724,0.0947,26.53,79.7,,,,,,
2026-07-30T19:54:30.024641+00:00,S030,mounted,true,healthy,none,2100,healthy_horizontal_no_load_2100rpm,2306331,2130,300,989,1342,1,0,2004528,9,333,76,0,3,1648,1494,1222,63,129,1597,16383,1652,1643,1633303,800,1995,2065,522764,11949,8,382493,1496,65908,909,2306233188,2306332278,0,2306332287,2306332803,3334659827,17847329,0.0947,1637.0,0.053165861159929495,-0.06354162565905153,0.0947,26.62,79.9,,,,,,
2026-07-30T19:54:30.118830+00:00,S030,mounted,true,healthy,none,2100,healthy_horizontal_no_load_2100rpm,2306431,2132,300,988,1340,4,0,2004614,9,333,76,0,3,1648,1494,1222,63,129,1595,16383,1652,1644,1633590,800,2013,2167,522788,11952,8,382492,1496,65909,909,2306333208,2306432350,0,2306432364,2306432879,3335843112,17856292,0.0947,1637.0,0.22231848192771064,-0.03437354216867483,0.0947,26.68,80.0,,,,,,
2026-07-30T19:54:30.212550+00:00,S030,mounted,true,healthy,none,2100,healthy_horizontal_no_load_2100rpm,2306531,2132,300,989,1341,6,0,2004699,9,333,76,0,3,1648,1494,1214,61,137,1600,16383,1654,1640,1633579,800,1955,2157,522823,11952,8,382491,1496,65910,909,2306433284,2306532380,0,2306532394,2306532909,3335799977,17856292,0.0947,1637.0,0.20565016867469854,-0.13104975903614458,0.0947,26.53,79.7,,,,,,
2026-07-30T19:54:30.306371+00:00,S030,mounted,true,healthy,none,2100,healthy_horizontal_no_load_2100rpm,2306631,2130,300,989,1342,2,0,2004784,9,333,76,0,3,1648,1494,1208,61,137,1597,16383,1657,1639,1633231,800,1983,2191,522814,11953,8,382491,1496,65911,909,2306533317,2306632431,0,2306632441,2306632956,3334395213,17859281,0.0947,1637.0,0.26201690144733547,-0.08465500886806687,0.0947,26.62,79.9,,,,,,
2026-07-30T19:54:30.432341+00:00,S030,mounted,true,healthy,none,2100,healthy_horizontal_no_load_2100rpm,2306732,2130,300,989,1342,1,0,2004870,9,333,77,0,3,1648,1494,1229,64,153,1595,16383,1657,1641,1649765,808,2005,2169,522788,11952,8,382490,1496,65912,909,2306633361,2306733081,0,2306733160,2306733675,3368559455,17856292,0.0947,1637.0,0.22565214457831306,-0.04770819277108451,0.0947,26.68,80.0,,,,,,
2026-07-30T19:54:30.526687+00:00,S030,mounted,true,healthy,none,2100,healthy_horizontal_no_load_2100rpm,2306832,2133,298,990,1340,4,0,2004956,9,333,76,0,3,1648,1494,1185,60,137,1590,16383,1653,1643,1633815,800,2009,2099,522836,11955,8,382494,1496,65913,909,2306734084,2306833377,0,2306833456,2306833971,3336748689,17865255,0.0947,1637.0,0.10809598971141732,-0.04188118469259772,0.0947,26.83,80.3,,,,,,
2026-07-30T19:54:30.620728+00:00,S030,mounted,true,healthy,none,2100,healthy_horizontal_no_load_2100rpm,2306933,2132,302,987,1341,6,0,2005041,9,333,77,0,3,1648,1494,1189,60,137,1590,16383,1652,1643,1649995,808,1994,2075,522856,11949,8,382487,1496,65914,909,2306834376,2306934067,0,2306934077,2306934592,3369470453,17847329,0.0947,1637.0,0.06983835927692672,-0.06520887547075072,0.0947,26.83,80.3,,,,,,
2026-07-30T19:54:30.715824+00:00,S030,mounted,true,healthy,none,2100,healthy_horizontal_no_load_2100rpm,2307033,2132,299,989,1340,3,0,2005127,9,333,76,0,2,1648,1495,1198,58,125,1596,16383,1653,1640,1633291,800,2005,2071,522820,11956,8,382493,1496,65915,909,2306934997,2307034097,0,2307034111,2307034626,3334606305,17868244,0.0947,1637.0,0.061147770826363246,-0.048826291401807165,0.0947,26.65,80.0,,,,,,
2026-07-30T19:54:30.869523+00:00,S030,mounted,true,healthy,none,2100,healthy_horizontal_no_load_2100rpm,2307133,2131,300,989,1341,1,0,2005212,9,333,76,0,3,1648,1495,1219,61,140,1587,16383,1652,1641,1633222,800,2011,2069,522785,11957,8,382501,1496,65916,909,2307035031,2307134287,0,2307134297,2307134812,3334326270,17871233,0.0947,1637.0,0.057526896964120944,-0.03910889328426892,0.0947,26.93,80.5,,,,,,
2026-07-30T19:54:30.915512+00:00,S030,mounted,true,healthy,none,2100,healthy_horizontal_no_load_2100rpm,2307233,2130,300,990,1342,5,0,2005297,9,333,76,0,3,1648,1494,1190,61,140,1592,16383,1652,1642,1633618,800,2000,2069,522852,11954,8,382502,1496,65917,909,2307135221,2307234341,0,2307234350,2307234864,3335941234,17862266,0.0947,1637.0,0.05839202124811749,-0.05660009787518838,0.0947,26.77,80.2,,,,,,
2026-07-30T19:54:31.056568+00:00,S030,mounted,true,healthy,none,2100,healthy_horizontal_no_load_2100rpm,2307333,2118,299,996,1349,4,0,2005382,9,333,77,0,3,1648,1494,1209,61,139,1591,16383,1652,1643,1633240,800,2003,2065,522822,11953,8,382502,1496,65918,909,2307235269,2307334366,0,2307334376,2307334891,3334394468,17859283,0.0947,1637.0,0.052013725006274214,-0.051321171337739724,0.0947,26.8,80.2,,,,,,
2026-07-30T19:54:31.155325+00:00,S030,mounted,true,healthy,none,2100,healthy_horizontal_no_load_2100rpm,2307433,2104,298,1001,1356,6,0,2005467,9,333,76,0,3,1648,1495,1214,61,139,1592,16383,1654,1641,1633091,800,1983,2073,522815,11956,8,382507,1496,65919,909,2307335296,2307434416,0,2307434430,2307434945,3333793781,17868246,0.0947,1637.0,0.06448031816661048,-0.08548431214453034,0.0947,26.77,80.2,,,,,,
2026-07-30T19:54:31.243982+00:00,S030,mounted,true,healthy,none,2100,healthy_horizontal_no_load_2100rpm,2307534,2104,300,1001,1358,6,0,2005551,9,333,77,0,3,1648,1494,1206,59,129,1597,16383,1653,1640,1649365,808,2011,2169,522752,11952,8,382505,1496,65920,909,2307435352,2307534974,0,2307535048,2307535563,3366917393,17856294,0.0947,1637.0,0.22565214457831306,-0.03770720481927725,0.0947,26.62,79.9,,,,,,
2026-07-30T19:54:31.336533+00:00,S030,mounted,true,healthy,none,2100,healthy_horizontal_no_load_2100rpm,2307634,2119,296,995,1344,2,0,2005636,9,333,77,0,3,1648,1494,1204,60,134,1589,16383,1651,1642,1633100,800,1957,2067,522741,11952,8,382503,1496,65921,909,2307535969,2307635088,0,2307635162,2307635677,3333837324,17856290,0.0947,1637.0,0.05563534939759052,-0.12771609638554215,0.0947,26.86,80.4,,,,,,
2026-07-30T19:54:31.430259+00:00,S030,mounted,true,healthy,none,2100,healthy_horizontal_no_load_2100rpm,2307734,2125,301,990,1344,3,0,2005721,9,333,77,0,3,1648,1494,1197,60,134,1593,16383,1655,1644,1633797,800,2009,2066,522801,11951,8,382499,1496,65922,909,2307636082,2307735164,0,2307735238,2307735753,3336667559,17853303,0.0947,1637.0,0.054256667475525155,-0.04076066797757516,0.0947,26.74,80.1,,,,,,
2026-07-30T19:54:31.524912+00:00,S030,mounted,true,healthy,none,2100,healthy_horizontal_no_load_2100rpm,2307834,2131,296,988,1335,1,0,2005806,9,333,76,0,3,1648,1494,1206,61,140,1591,16383,1651,1641,1633155,800,1930,2070,522791,11951,8,382495,1496,65923,909,2307736158,2307835362,0,2307835436,2307835950,3334065179,17853305,0.0947,1637.0,0.06092455066521607,-0.1724513609739775,0.0947,26.8,80.2,,,,,,
2026-07-30T19:54:31.652536+00:00,S030,mounted,true,healthy,none,2100,healthy_horizontal_no_load_2100rpm,2307935,2132,300,988,1340,4,0,2005892,9,333,77,0,3,1648,1495,1187,61,146,1589,16383,1654,1643,1633197,800,2003,2106,522799,11956,8,382501,1496,65924,909,2307836355,2307935574,0,2307935648,2307936163,3334231047,17868246,0.0947,1637.0,0.11946734928069569,-0.0521588387420544,0.0947,26.86,80.4,,,,,,
2026-07-30T19:54:31.760832+00:00,S030,mounted,true,healthy,none,2100,healthy_horizontal_no_load_2100rpm,2308035,2128,299,990,1342,6,0,2005977,9,333,76,0,2,1648,1494,1200,61,146,1593,16383,1652,1642,1649899,808,2013,2071,522794,11954,8,382502,1496,65925,909,2307936572,2308036085,0,2308036094,2308036609,3369068419,17862268,0.0947,1637.0,0.06172512615024228,-0.034934916011377215,0.0947,26.74,80.1,,,,,,
2026-07-30T19:54:31.852054+00:00,S030,mounted,true,healthy,none,2100,healthy_horizontal_no_load_2100rpm,2308135,2131,301,987,1341,3,0,2006063,9,333,76,0,3,1648,1494,1216,62,139,1588,16383,1655,1641,1633479,800,1983,2251,522805,11954,8,382503,1496,65926,909,2308037014,2308136139,0,2308136153,2308136668,3335436659,17862268,0.0947,1637.0,0.36170456734147516,-0.08493148954324958,0.0947,26.89,80.4,,,,,,
2026-07-30T19:54:31.945909+00:00,S030,mounted,true,healthy,none,2100,healthy_horizontal_no_load_2100rpm,2308235,2132,300,988,1340,1,0,2006148,9,333,76,0,3,1648,1495,1218,62,139,1592,16383,1652,1641,1633409,800,1935,2063,522818,11957,8,382510,1496,65927,909,2308137077,2308236276,0,2308236285,2308236800,3335095805,17871233,0.0947,1637.0,0.04753009107635631,-0.1657351011959527,0.0947,26.77,80.2,,,,,,
2026-07-30T19:54:32.039778+00:00,S030,mounted,true,healthy,none,2100,healthy_horizontal_no_load_2100rpm,2308335,2131,300,988,1340,5,0,2006233,9,333,76,0,3,1648,1495,1218,62,136,1593,16383,1653,1641,1633096,800,1943,2093,522775,11956,8,382515,1496,65928,909,2308237205,2308336281,0,2308336291,2308336809,3333831648,17868244,0.0947,1637.0,0.09780579156908642,-0.15213525894948177,0.0947,26.74,80.1,,,,,,
2026-07-30T19:54:32.134539+00:00,S030,mounted,true,healthy,none,2100,healthy_horizontal_no_load_2100rpm,2308436,2132,300,987,1339,6,0,2006319,9,333,77,0,3,1648,1494,1218,66,139,1589,16383,1653,1637,1649592,808,2010,2077,522750,11951,8,382510,1496,65929,909,2308337215,2308436990,0,2308437064,2308437579,3367822982,17853305,0.0947,1637.0,0.07259334624717573,-0.03909369718015254,0.0947,26.86,80.4,,,,,,
2026-07-30T19:54:32.226650+00:00,S030,mounted,true,healthy,none,2100,healthy_horizontal_no_load_2100rpm,2308536,2130,294,990,1335,3,0,2006405,9,333,76,0,3,1648,1495,1230,66,139,1591,16383,1652,1639,1633367,800,2000,2075,522778,11956,8,382515,1496,65930,909,2308437984,2308537163,0,2308537242,2308537757,3334920219,17868246,0.0947,1637.0,0.06781286550685817,-0.05715765975242615,0.0947,26.8,80.2,,,,,,
2026-07-30T19:54:32.320039+00:00,S030,mounted,true,healthy,none,2100,healthy_horizontal_no_load_2100rpm,2308636,2117,300,996,1350,3,0,2006489,9,333,77,0,3,1648,1494,1222,66,142,1596,16383,1652,1641,1633231,800,2013,2071,522782,11952,8,382512,1496,65931,909,2308538167,2308637217,0,2308637291,2308637805,3334356839,17856292,0.0947,1637.0,0.06230267469879491,-0.03437354216867483,0.0947,26.65,80.0,,,,,,
2026-07-30T19:54:32.461984+00:00,S030,mounted,true,healthy,none,2100,healthy_horizontal_no_load_2100rpm,2308736,2100,297,1003,1357,1,0,2006574,9,333,76,0,3,1648,1494,1234,67,147,1606,16383,1653,1640,1632368,800,1943,2068,522751,11952,8,382509,1496,65932,909,2308638210,2308737447,0,2308737526,2308738041,3330851372,17856292,0.0947,1637.0,0.05730218072289084,-0.15105173493975954,0.0947,26.34,79.4,,,,,,
2026-07-30T19:54:32.556331+00:00,S030,mounted,true,healthy,none,2100,healthy_horizontal_no_load_2100rpm,2308837,2101,299,1002,1358,1,0,2006658,9,333,77,0,3,1648,1494,1250,67,147,1607,16383,1652,1638,1648591,808,1837,2166,522733,11952,8,382507,1496,65933,909,2308738451,2308838173,0,2308838182,2308838701,3363895837,17856290,0.0947,1637.0,0.22065165060240943,-0.32773585542168693,0.0947,26.31,79.4,,,,,,
2026-07-30T19:54:32.649119+00:00,S030,mounted,true,healthy,none,2100,healthy_horizontal_no_load_2100rpm,2308937,2121,297,995,1346,5,0,2006743,9,333,77,0,3,1648,1494,1214,67,140,1600,16383,1653,1640,1633491,800,2019,2126,522769,11953,8,382507,1496,65934,909,2308839107,2308938348,0,2308938357,2308938872,3335424071,17859281,0.0947,1637.0,0.15368192947377235,-0.024654101313478005,0.0947,26.53,79.7,,,,,,
2026-07-30T19:54:32.744592+00:00,S030,mounted,true,healthy,none,2100,healthy_horizontal_no_load_2100rpm,2309038,2126,298,991,1342,6,0,2006829,9,333,77,0,3,1648,1494,1218,67,140,1601,16383,1653,1641,1649944,808,1919,2137,522816,11952,8,382505,1496,65935,909,2308939277,2309039063,0,2309039142,2309039657,3369287768,17856292,0.0947,1637.0,0.17231354216867434,-0.19105568674698814,0.0947,26.5,79.7,,,,,,
2026-07-30T19:54:32.823578+00:00,S030,mounted,true,healthy,none,2100,healthy_horizontal_no_load_2100rpm,2309138,2131,299,990,1341,2,0,2006914,9,333,77,0,3,1648,1494,1235,66,130,1604,16383,1652,1642,1632846,800,2003,2068,522755,11954,8,382506,1496,65936,909,2309040066,2309139142,0,2309139216,2309139730,3332791280,17862268,0.0947,1637.0,0.056725468797055534,-0.05160044052200119,0.0947,26.4,79.5,,,,,,
2026-07-30T19:54:32.965600+00:00,S030,mounted,true,healthy,none,2100,healthy_horizontal_no_load_2100rpm,2309238,2134,298,988,1338,1,0,2007000,9,333,77,0,3,1648,1494,1232,66,129,1605,16383,1652,1644,1633835,800,2013,2107,522790,11953,8,382506,1496,65937,909,2309140135,2309239202,0,2309239281,2309239796,3336836311,17859279,0.0947,1637.0,0.12201478381996145,-0.03465425257257637,0.0947,26.37,79.5,,,,,,
2026-07-30T19:54:33.059187+00:00,S030,mounted,true,healthy,none,2100,healthy_horizontal_no_load_2100rpm,2309338,2134,301,986,1339,5,0,2007085,9,333,76,0,3,1648,1494,1239,66,129,1600,16383,1652,1641,1633151,800,1943,2123,522761,11953,8,382506,1496,65938,909,2309240201,2309339266,0,2309339345,2309339860,3334046057,17859281,0.0947,1637.0,0.14868185384422317,-0.15132268392872117,0.0947,26.53,79.7,,,,,,
2026-07-30T19:54:33.153693+00:00,S030,mounted,true,healthy,none,2100,healthy_horizontal_no_load_2100rpm,2309438,2131,298,990,1340,4,0,2007170,9,333,76,0,3,1648,1494,1238,65,136,1593,16383,1653,1642,1632853,800,1990,2063,522755,11952,8,382504,1496,65939,909,2309340265,2309439343,0,2309439417,2309439932,3332819031,17856290,0.0947,1637.0,0.048968024096385676,-0.07271066265060266,0.0947,26.74,80.1,,,,,,
2026-07-30T19:54:33.248095+00:00,S030,mounted,true,healthy,none,2100,healthy_horizontal_no_load_2100rpm,2309538,2130,301,988,1342,2,0,2007256,9,333,77,0,3,1648,1495,1242,67,142,1590,16383,1652,1642,1633312,800,2008,2073,522754,11956,8,382509,1496,65940,909,2309440338,2309539406,0,2309539485,2309540000,3334695304,17868244,0.0947,1637.0,0.06448031816661048,-0.04382747039143586,0.0947,26.83,80.3,,,,,,
2026-07-30T19:54:33.341668+00:00,S030,mounted,true,healthy,none,2100,healthy_horizontal_no_load_2100rpm,2309639,2132,301,987,1340,3,0,2007341,9,333,76,0,3,1648,1494,1225,67,142,1591,16383,1653,1640,1649107,808,1866,2070,522748,11950,8,382503,1496,65941,909,2309540405,2309640090,0,2309640100,2309640615,3365897675,17850316,0.0947,1637.0,0.061213306276150625,-0.2788771934728036,0.0947,26.8,80.2,,,,,,
2026-07-30T19:54:33.435142+00:00,S030,mounted,true,healthy,none,2100,healthy_horizontal_no_load_2100rpm,2309739,2131,300,990,1342,5,0,2007427,9,333,76,0,2,1648,1494,1234,68,139,1597,16383,1652,1644,1633941,800,2001,2065,522830,11951,8,382499,1496,65942,909,2309641020,2309740107,0,2309740272,2309740787,3337261553,17853303,0.0947,1637.0,0.052589696678102094,-0.054096434356957435,0.0947,26.62,79.9,,,,,,
2026-07-30T19:54:33.526987+00:00,S030,mounted,true,healthy,none,2100,healthy_horizontal_no_load_2100rpm,2309839,2133,295,988,1334,4,0,2007512,9,333,76,0,2,1648,1494,1251,68,139,1595,16383,1652,1643,1633504,800,1999,2069,522831,11953,8,382499,1496,65943,909,2309741195,2309840245,0,2309840254,2309840769,3335476132,17859277,0.0947,1637.0,0.058680492512339644,-0.057987938843805154,0.0947,26.68,80.0,,,,,,
2026-07-30T19:54:33.668988+00:00,S030,mounted,true,healthy,none,2100,healthy_horizontal_no_load_2100rpm,2309939,2130,300,989,1342,6,0,2007597,9,333,76,0,3,1648,1494,1232,68,136,1591,16383,1652,1641,1633342,800,1919,2069,522861,11953,8,382499,1496,65944,909,2309841175,2309940295,0,2309940304,2309940819,3334829192,17859279,0.0947,1637.0,0.058680492512339644,-0.19132328896511375,0.0947,26.8,80.2,,,,,,
2026-07-30T19:54:33.763356+00:00,S030,mounted,true,healthy,none,2100,healthy_horizontal_no_load_2100rpm,2310039,2130,297,992,1341,3,0,2007683,9,333,76,0,3,1648,1495,1237,66,125,1590,16383,1654,1643,1633639,800,1975,2175,522867,11956,8,382504,1496,65945,909,2309941225,2310040325,0,2310040339,2310040854,3336055081,17868246,0.0947,1637.0,0.23444023251923696,-0.09881450150552062,0.0947,26.83,80.3,,,,,,
2026-07-30T19:54:33.854987+00:00,S030,mounted,true,healthy,none,2100,healthy_horizontal_no_load_2100rpm,2310139,2123,299,993,1346,1,0,2007768,9,333,77,1,3,1648,1494,1211,66,125,1585,16383,1652,1643,1633263,800,2008,2067,522875,11954,8,382505,1496,65946,909,2310041259,2310140382,0,2310140396,2310140911,3334491215,17862270,0.0947,1637.0,0.05505891634599269,-0.0432676782666892,0.0947,26.99,80.6,,,,,,
2026-07-30T19:54:33.965043+00:00,S030,mounted,true,healthy,none,2100,healthy_horizontal_no_load_2100rpm,2310239,2112,299,999,1353,1,0,2007852,9,333,76,1,3,1648,1494,1224,67,131,1595,16383,1651,1642,1632956,800,1963,2099,522821,11953,8,382505,1496,65947,909,2310141322,2310240430,0,2310240440,2310240955,3333247780,17859281,0.0947,1637.0,0.10868124880783014,-0.11798884639839402,0.0947,26.68,80.0,,,,,,
2026-07-30T19:54:34.058577+00:00,S030,mounted,true,healthy,none,2100,healthy_horizontal_no_load_2100rpm,2310340,2099,297,1006,1360,5,0,2007937,9,333,77,0,3,1648,1494,1206,67,132,1600,16383,1652,1639,1649784,808,1927,2189,522808,11953,8,382505,1496,65948,909,2310241362,2310341056,0,2310341130,2310341644,3368652548,17859279,0.0947,1637.0,0.25868351769430253,-0.1779897539529829,0.0947,26.53,79.7,,,,,,
2026-07-30T19:54:34.153129+00:00,S030,mounted,true,healthy,none,2100,healthy_horizontal_no_load_2100rpm,2310440,2107,298,1000,1354,5,0,2008021,9,333,76,0,3,1648,1494,1192,67,132,1601,16383,1651,1642,1633010,800,1919,2071,522812,11953,8,382505,1496,65949,909,2310342050,2310441136,0,2310441210,2310441725,3333476536,17859279,0.0947,1637.0,0.06201387626537258,-0.19132328896511375,0.0947,26.5,79.7,,,,,,
2026-07-30T19:54:34.247061+00:00,S030,mounted,true,healthy,none,2100,healthy_horizontal_no_load_2100rpm,2310540,2123,300,992,1346,4,0,2008106,9,333,77,0,2,1648,1494,1205,65,131,1598,16383,1652,1638,1633153,800,2013,2071,522789,11952,8,382503,1496,65950,909,2310442132,2310541211,0,2310541285,2310541800,3334044063,17856292,0.0947,1637.0,0.06230267469879491,-0.03437354216867483,0.0947,26.59,79.9,,,,,,
2026-07-30T19:54:34.339879+00:00,S030,mounted,true,healthy,none,2100,healthy_horizontal_no_load_2100rpm,2310640,2127,298,993,1343,6,0,2008191,9,333,76,0,2,1648,1494,1219,65,131,1598,16383,1652,1643,1633955,800,2007,2151,522851,11954,8,382504,1496,65951,909,2310542205,2310641286,0,2310641360,2310641874,3337337929,17862268,0.0947,1637.0,0.19504932223523497,-0.0449342307177516,0.0947,26.59,79.9,,,,,,
2026-07-30T19:54:34.448679+00:00,S030,mounted,true,healthy,none,2100,healthy_horizontal_no_load_2100rpm,2310740,2112,299,998,1352,2,0,2008276,9,333,76,1,2,1648,1494,1171,67,143,1594,16383,1652,1642,1633030,800,2013,2080,522826,11954,8,382505,1496,65952,909,2310642279,2310741340,0,2310741414,2310741930,3333544520,17862270,0.0947,1637.0,0.07672409820980386,-0.034934916011377215,0.0947,26.71,80.1,,,,,,
2026-07-30T19:54:34.543415+00:00,S030,mounted,true,healthy,none,2100,healthy_horizontal_no_load_2100rpm,2310840,2107,299,1001,1356,2,0,2008360,9,333,76,0,3,1648,1494,1188,66,142,1594,16383,1653,1641,1633154,800,2009,2071,522764,11953,8,382505,1496,65953,909,2310742337,2310841389,0,2310841462,2310841978,3334047852,17859281,0.0947,1637.0,0.06201387626537258,-0.04132102007864136,0.0947,26.71,80.1,,,,,,
2026-07-30T19:54:34.635728+00:00,S030,mounted,true,healthy,none,2100,healthy_horizontal_no_load_2100rpm,2310941,2108,297,999,1351,3,0,2008445,9,333,76,0,3,1648,1494,1200,66,142,1596,16383,1652,1642,1649625,808,1996,2133,522748,11953,8,382505,1496,65954,909,2310842384,2310942092,0,2310942102,2310942617,3367967831,17859277,0.0947,1637.0,0.16534877260938652,-0.06298801447335434,0.0947,26.65,80.0,,,,,,
2026-07-30T19:54:34.728146+00:00,S030,mounted,true,healthy,none,2100,healthy_horizontal_no_load_2100rpm,2311041,2120,298,994,1346,1,0,2008530,9,333,77,0,3,1648,1494,1219,63,137,1590,16383,1652,1641,1633537,800,1995,2311,522781,11954,8,382506,1496,65955,909,2310943022,2311042126,0,2311042141,2311042656,3335689097,17862270,0.0947,1637.0,0.46169771440521945,-0.06493286013050081,0.0947,26.83,80.3,,,,,,
2026-07-30T19:54:34.868259+00:00,S030,mounted,true,healthy,none,2100,healthy_horizontal_no_load_2100rpm,2311141,2127,296,994,1342,5,0,2008615,9,333,76,0,3,1648,1494,1195,64,141,1590,16383,1652,1642,1632576,800,2003,2071,522751,11955,8,382509,1496,65956,909,2311043064,2311142307,0,2311142317,2311142831,3331687054,17865255,0.0947,1637.0,0.06143642434127994,-0.051879662986198394,0.0947,26.83,80.3,,,,,,
2026-07-30T19:54:34.963014+00:00,S030,mounted,true,healthy,none,2100,healthy_horizontal_no_load_2100rpm,2311241,2116,299,997,1351,4,0,2008700,9,333,77,0,3,1648,1494,1200,64,141,1593,16383,1652,1643,1633092,800,2012,2071,522751,11955,8,382512,1496,65957,909,2311143236,2311242489,0,2311242499,2311243014,3333791682,17865257,0.0947,1637.0,0.06143642434127994,-0.036881945545796935,0.0947,26.74,80.1,,,,,,
2026-07-30T19:54:35.056823+00:00,S030,mounted,true,healthy,none,2100,healthy_horizontal_no_load_2100rpm,2311342,2108,301,999,1356,6,0,2008785,9,333,77,0,3,1648,1494,1200,62,137,1597,16383,1652,1642,1649991,808,2009,2143,522779,11954,8,382513,1496,65958,909,2311243419,2311343212,0,2311343286,2311343802,3369467357,17862266,0.0947,1637.0,0.1817169026267358,-0.041601125815626805,0.0947,26.62,79.9,,,,,,
2026-07-30T19:54:35.151944+00:00,S030,mounted,true,healthy,none,2100,healthy_horizontal_no_load_2100rpm,2311442,2106,300,999,1356,6,0,2008869,9,333,76,0,3,1648,1494,1230,62,137,1598,16383,1652,1641,1632960,800,1989,2149,522739,11954,8,382513,1496,65959,909,2311344207,2311443372,0,2311443446,2311443960,3333285820,17862268,0.0947,1637.0,0.19171621733311017,-0.0749321748368752,0.0947,26.59,79.9,,,,,,
2026-07-30T19:54:35.243805+00:00,S030,mounted,true,healthy,none,2100,healthy_horizontal_no_load_2100rpm,2311543,2116,298,996,1348,3,0,2008955,9,333,77,0,3,1648,1494,1231,63,132,1594,16383,1652,1642,1649467,808,2015,2075,522751,11955,8,382515,1496,65960,909,2311444365,2311544052,0,2311544067,2311544582,3367309311,17865259,0.0947,1637.0,0.06810207653701328,-0.03188270639899615,0.0947,26.71,80.1,,,,,,
2026-07-30T19:54:35.337284+00:00,S030,mounted,true,healthy,none,2100,healthy_horizontal_no_load_2100rpm,2311643,2127,300,990,1343,1,0,2009040,9,333,77,0,3,1647,1494,1216,64,134,1594,16383,1651,1640,1632505,800,2007,2071,522718,11951,8,382510,1496,65961,909,2311544987,2311644223,0,2311644238,2311644753,3331400351,17853303,0.091,1637.0,0.06259152146263913,-0.04409460957242084,0.091,26.71,80.1,,,,,,
2026-07-30T19:54:35.478990+00:00,S030,mounted,true,healthy,none,2100,healthy_horizontal_no_load_2100rpm,2311743,2129,299,990,1342,5,0,2009125,9,333,76,0,3,1648,1494,1226,64,134,1593,16383,1652,1642,1633554,800,2013,2074,522772,11953,8,382510,1496,65962,909,2311645161,2311744256,0,2311744270,2311744785,3335676458,17859277,0.0947,1637.0,0.06701395189492176,-0.03465425257257637,0.0947,26.74,80.1,,,,,,
2026-07-30T19:54:35.588425+00:00,S030,mounted,true,healthy,none,2100,healthy_horizontal_no_load_2100rpm,2311843,2131,297,992,1341,4,0,2009210,9,333,76,0,3,1648,1494,1247,66,142,1592,16383,1652,1643,1633128,800,1991,2076,522778,11954,8,382511,1496,65963,909,2311745194,2311844295,0,2311844304,2311844819,3333939642,17862266,0.0947,1637.0,0.07005788840555427,-0.0715990699347504,0.0947,26.77,80.2,,,,,,
2026-07-30T19:54:35.634839+00:00,S030,mounted,true,healthy,none,2100,healthy_horizontal_no_load_2100rpm,2311943,2134,296,991,1338,2,0,2009296,9,333,76,0,3,1648,1494,1199,66,132,1591,16383,1652,1641,1633355,800,2008,2119,522744,11951,8,382507,1496,65964,909,2311845224,2311944346,0,2311944360,2311944876,3334874239,17853305,0.0947,1637.0,0.14260611973893367,-0.04242763877499822,0.0947,26.8,80.2,,,,,,
2026-07-30T19:54:35.777692+00:00,S030,mounted,true,healthy,none,2100,healthy_horizontal_no_load_2100rpm,2312043,2132,297,988,1337,3,0,2009381,9,333,76,0,3,1648,1494,1227,66,132,1595,16383,1652,1641,1633651,800,2007,2071,522805,11948,8,382497,1496,65965,909,2311945281,2312044389,0,2312044399,2312044914,3336070029,17844342,0.0947,1637.0,0.06345835185805138,-0.043254566789420856,0.0947,26.68,80.0,,,,,,
2026-07-30T19:54:35.869927+00:00,S030,mounted,true,healthy,none,2100,healthy_horizontal_no_load_2100rpm,2312143,2130,299,991,1342,1,0,2009466,9,333,76,0,2,1648,1494,1213,65,124,1596,16383,1652,1644,1632963,800,1959,2229,522773,11954,8,382498,1496,65966,909,2312045321,2312144422,0,2312144431,2312144946,3333306551,17862266,0.0947,1637.0,0.32504041341810286,-0.12492874836874712,0.0947,26.65,80.0,,,,,,
2026-07-30T19:54:35.947884+00:00,S030,mounted,true,healthy,none,2100,healthy_horizontal_no_load_2100rpm,2312244,2129,300,990,1343,4,0,2009552,9,333,76,0,2,1648,1494,1242,65,124,1593,16383,1653,1640,1649434,808,2007,2174,522770,11955,8,382501,1496,65967,909,2312145351,2312245176,0,2312245250,2312245764,3367198764,17865257,0.0947,1637.0,0.23307696838142977,-0.045214010790464165,0.0947,26.74,80.1,,,,,,
2026-07-30T19:54:36.057978+00:00,S030,mounted,true,healthy,none,2100,healthy_horizontal_no_load_2100rpm,2312344,2131,300,988,1340,6,0,2009637,9,333,76,0,2,1648,1494,1226,66,127,1596,16383,1653,1643,1633740,800,2009,2089,522813,11953,8,382501,1496,65968,909,2312246169,2312345245,0,2312345319,2312345833,3336438864,17859281,0.0947,1637.0,0.09201433004266679,-0.04132102007864136,0.0947,26.65,80.0,,,,,,
2026-07-30T19:54:36.136227+00:00,S030,mounted,true,healthy,none,2100,healthy_horizontal_no_load_2100rpm,2312444,2131,300,989,1341,3,0,2009723,9,333,77,0,3,1648,1494,1227,64,128,1596,16383,1652,1644,1633496,800,1997,2077,522844,11952,8,382499,1496,65969,909,2312346238,2312445301,0,2312445380,2312445895,3335442812,17856292,0.0947,1637.0,0.07230366265060217,-0.06104284337349419,0.0947,26.65,80.0,,,,,,
2026-07-30T19:54:36.245580+00:00,S030,mounted,true,healthy,none,2100,healthy_horizontal_no_load_2100rpm,2312544,2116,299,997,1350,1,0,2009808,9,333,77,0,3,1648,1494,1214,64,128,1604,16383,1652,1639,1632995,800,1951,2073,522782,11955,8,382502,1496,65970,909,2312446300,2312545372,0,2312545450,2312545965,3333409859,17865257,0.0947,1637.0,0.06476925043914683,-0.13853314153074026,0.0947,26.4,79.5,,,,,,
2026-07-30T19:54:36.355951+00:00,S030,mounted,true,healthy,none,2100,healthy_horizontal_no_load_2100rpm,2312645,2108,302,998,1356,1,0,2009892,9,333,77,0,3,1648,1494,1218,62,123,1599,16383,1651,1640,1649213,808,1910,2065,522739,11953,8,382502,1496,65971,909,2312546370,2312646057,0,2312646067,2312646582,3366291693,17859281,0.0947,1637.0,0.052013725006274214,-0.20632351585376085,0.0947,26.56,79.8,,,,,,
2026-07-30T19:54:36.480732+00:00,S030,mounted,true,healthy,none,2100,healthy_horizontal_no_load_2100rpm,2312745,2104,298,1001,1356,5,0,2009977,9,333,76,0,2,1648,1494,1239,62,123,1597,16383,1651,1643,1633068,800,1907,2103,522754,11955,8,382505,1496,65972,909,2312646987,2312746134,0,2312746148,2312746663,3333717104,17865255,0.0947,1637.0,0.11476164190715155,-0.21185531568381455,0.0947,26.62,79.9,,,,,,
2026-07-30T19:54:36.541981+00:00,S030,mounted,true,healthy,none,2100,healthy_horizontal_no_load_2100rpm,2312845,2118,299,995,1348,5,0,2010061,9,333,77,0,3,1648,1494,1224,62,123,1594,16383,1652,1643,1634090,800,2013,2073,522833,11954,8,382506,1496,65973,909,2312747069,2312846198,0,2312846208,2312846723,3337865266,17862268,0.0947,1637.0,0.06505823105236708,-0.034934916011377215,0.0947,26.71,80.1,,,,,,
2026-07-30T19:54:36.680760+00:00,S030,mounted,true,healthy,none,2100,healthy_horizontal_no_load_2100rpm,2312945,2126,299,990,1342,4,0,2010146,9,333,77,0,3,1648,1495,1263,62,127,1594,16383,1652,1640,1632761,800,1999,2064,522763,11956,8,382511,1496,65974,909,2312847128,2312946255,0,2312946264,2312946778,3332441591,17868244,0.0947,1637.0,0.04948385513549658,-0.05882393342254977,0.0947,26.71,80.1,,,,,,
2026-07-30T19:54:36.775013+00:00,S030,mounted,true,healthy,none,2100,healthy_horizontal_no_load_2100rpm,2313045,2130,295,990,1337,2,0,2010232,9,333,76,0,3,1648,1494,1226,62,127,1595,16383,1652,1642,1633972,800,2009,2253,522832,11955,8,382514,1496,65975,909,2312947183,2313046281,0,2313046299,2313046814,3337430030,17865257,0.0947,1637.0,0.36472359924717646,-0.04188118469259772,0.0947,26.68,80.0,,,,,,
2026-07-30T19:54:36.871439+00:00,S030,mounted,true,healthy,none,2100,healthy_horizontal_no_load_2100rpm,2313145,2133,301,987,1340,3,0,2010317,9,333,76,0,3,1648,1494,1237,63,124,1593,16383,1652,1643,1633204,800,2003,2072,522835,11952,8,382511,1496,65976,909,2313047219,2313146355,0,2313146365,2313146880,3334249430,17856290,0.0947,1637.0,0.06396950602409612,-0.05104185542168693,0.0947,26.74,80.1,,,,,,
2026-07-30T19:54:36.962320+00:00,S030,mounted,true,healthy,none,2100,healthy_horizontal_no_load_2100rpm,2313245,2130,300,989,1341,1,0,2010402,9,333,76,0,3,1648,1494,1234,69,131,1591,16383,1654,1643,1633651,800,2014,2159,522863,11955,8,382514,1496,65977,909,2313147288,2313246377,0,2313246386,2313246902,3336091525,17865259,0.0947,1637.0,0.20808077264742764,-0.03354911944793004,0.0947,26.8,80.2,,,,,,
2026-07-30T19:54:37.055456+00:00,S030,mounted,true,healthy,none,2100,healthy_horizontal_no_load_2100rpm,2313346,2130,300,988,1341,4,0,2010488,9,333,76,0,2,1648,1494,1216,69,131,1591,16383,1651,1641,1649227,808,2005,2105,522814,11952,8,382511,1496,65978,909,2313247308,2313347162,0,2313347235,2313347750,3366342601,17856290,0.0947,1637.0,0.11897493975903606,-0.04770819277108451,0.0947,26.8,80.2,,,,,,
2026-07-30T19:54:37.150786+00:00,S030,mounted,true,healthy,none,2100,healthy_horizontal_no_load_2100rpm,2313446,2132,296,993,1340,6,0,2010573,9,333,76,0,2,1648,1494,1215,65,121,1595,16383,1652,1639,1633016,800,2005,2069,522787,11952,8,382509,1496,65979,909,2313348155,2313447232,0,2313447306,2313447821,3333486628,17856290,0.0947,1637.0,0.05896901204819249,-0.04770819277108451,0.0947,26.68,80.0,,,,,,
2026-07-30T19:54:37.242329+00:00,S030,mounted,true,healthy,none,2100,healthy_horizontal_no_load_2100rpm,2313546,2131,298,992,1342,3,0,2010659,9,333,76,0,3,1648,1494,1213,64,113,1592,16383,1652,1642,1632574,800,2003,2109,522738,11951,8,382505,1496,65980,909,2313448226,2313547279,0,2313547357,2313547872,3331683712,17853305,0.0947,1637.0,0.1259364117647057,-0.0507624927621122,0.0947,26.77,80.2,,,,,,
2026-07-30T19:54:37.384909+00:00,S030,mounted,true,healthy,none,2100,healthy_horizontal_no_load_2100rpm,2313646,2131,297,990,1339,1,0,2010744,9,333,76,0,3,1648,1494,1210,64,113,1590,16383,1653,1644,1633508,800,1987,2069,522785,11954,8,382506,1496,65981,909,2313548281,2313647345,0,2313647424,2313647939,3335496158,17862266,0.0947,1637.0,0.05839202124811749,-0.078265279739,0.0947,26.83,80.3,,,,,,
2026-07-30T19:54:37.479513+00:00,S030,mounted,true,healthy,none,2100,healthy_horizontal_no_load_2100rpm,2313746,2130,299,990,1341,5,0,2010829,9,333,76,0,3,1648,1494,1227,64,122,1591,16383,1651,1642,1633251,800,1989,2129,522765,11952,8,382504,1496,65982,909,2313648347,2313747400,0,2313747474,2313747990,3334449659,17856292,0.0947,1637.0,0.15897889156626466,-0.07437749397590432,0.0947,26.8,80.2,,,,,,
2026-07-30T19:54:37.572282+00:00,S030,mounted,true,healthy,none,2100,healthy_horizontal_no_load_2100rpm,2313847,2130,299,989,1340,6,0,2010915,9,333,76,0,3,1648,1494,1234,64,122,1591,16383,1652,1639,1649216,808,2004,2097,522744,11954,8,382505,1496,65983,909,2313748395,2313848081,0,2313848090,2313848605,3366293472,17862268,0.0947,1637.0,0.10505548987786506,-0.04993388807093879,0.0947,26.8,80.2,,,,,,
2026-07-30T19:54:37.665034+00:00,S030,mounted,true,healthy,none,2100,healthy_horizontal_no_load_2100rpm,2313947,2130,300,989,1341,2,0,2011000,9,333,77,0,3,1648,1495,1235,61,115,1592,16383,1652,1644,1633820,800,2017,2137,522783,11958,8,382514,1496,65984,909,2313849010,2313948263,0,2313948273,2313948787,3336766914,17874224,0.0947,1637.0,0.1705262774711489,-0.029393120421475682,0.0947,26.77,80.2,,,,,,
2026-07-30T19:54:37.759953+00:00,S030,mounted,true,healthy,none,2100,healthy_horizontal_no_load_2100rpm,2314047,2128,299,990,1342,1,0,2011086,9,333,77,0,3,1648,1495,1205,62,125,1591,16383,1653,1640,1633467,800,2003,2095,522789,11956,8,382518,1496,65985,909,2313949192,2314048402,0,2314048416,2314048931,3335327933,17868246,0.0947,1637.0,0.1011383389093341,-0.0521588387420544,0.0947,26.8,80.2,,,,,,
2026-07-30T19:54:37.853228+00:00,S030,mounted,true,healthy,none,2100,healthy_horizontal_no_load_2100rpm,2314148,2128,300,990,1343,4,0,2011172,9,333,76,0,3,1648,1494,1190,62,125,1592,16383,1652,1642,1650066,808,2001,2121,522821,11954,8,382518,1496,65986,909,2314049336,2314149203,0,2314149282,2314149797,3369765552,17862268,0.0947,1637.0,0.1450527487033626,-0.054933545424125985,0.0947,26.77,80.2,,,,,,
2026-07-30T19:54:37.980746+00:00,S030,mounted,true,healthy,none,2100,healthy_horizontal_no_load_2100rpm,2314248,2130,300,989,1341,6,0,2011257,9,333,76,0,3,1648,1494,1195,63,133,1590,16383,1653,1639,1633734,800,1923,2093,522868,11954,8,382518,1496,65987,909,2314150202,2314249268,0,2314249347,2314249862,3336438374,17862268,0.0947,1637.0,0.09838928007361547,-0.18492463660699388,0.0947,26.83,80.3,,,,,,
2026-07-30T19:54:38.075268+00:00,S030,mounted,true,healthy,none,2100,healthy_horizontal_no_load_2100rpm,2314348,2120,298,994,1346,2,0,2011342,9,333,76,0,3,1648,1494,1216,65,142,1593,16383,1653,1640,1633022,800,1910,2177,522838,11952,8,382515,1496,65988,909,2314250271,2314349328,0,2314349407,2314349922,3333539142,17856290,0.0947,1637.0,0.2389867951807223,-0.20605716867469948,0.0947,26.74,80.1,,,,,,
2026-07-30T19:54:38.169633+00:00,S030,mounted,true,healthy,none,2100,healthy_horizontal_no_load_2100rpm,2314448,2106,295,1005,1356,2,0,2011426,9,333,76,0,3,1648,1494,1206,65,142,1594,16383,1650,1642,1633212,800,2009,2179,522795,11953,8,382514,1496,65989,909,2314350330,2314449383,0,2314449457,2314449971,3334303642,17859281,0.0947,1637.0,0.24201659892913874,-0.04132102007864136,0.0947,26.71,80.1,,,,,,
2026-07-30T19:54:38.263884+00:00,S030,mounted,true,healthy,none,2100,healthy_horizontal_no_load_2100rpm,2314549,2099,298,1006,1361,3,0,2011511,9,333,77,0,3,1648,1495,1208,62,137,1596,16383,1652,1640,1649826,808,2007,2121,522796,11956,8,382518,1496,65990,909,2314450378,2314550058,0,2314550072,2314550587,3368790924,17868244,0.0947,1637.0,0.14446145433255264,-0.04549374406155948,0.0947,26.65,80.0,,,,,,
2026-07-30T19:54:38.357678+00:00,S030,mounted,true,healthy,none,2100,healthy_horizontal_no_load_2100rpm,2314649,2098,293,1010,1360,3,0,2011595,9,333,76,0,2,1648,1494,1205,62,137,1597,16383,1652,1644,1633465,800,2013,2065,522821,11954,8,382518,1496,65991,909,2314550997,2314650095,0,2314650110,2314650625,3335310631,17862268,0.0947,1637.0,0.0517258114438679,-0.034934916011377215,0.0947,26.62,79.9,,,,,,
2026-07-30T19:54:38.449274+00:00,S030,mounted,true,healthy,none,2100,healthy_horizontal_no_load_2100rpm,2314749,2099,298,1005,1360,3,0,2011679,9,333,76,0,2,1648,1495,1188,61,130,1607,16383,1652,1640,1633460,800,1973,2067,522826,11956,8,382522,1496,65992,909,2314651034,2314750223,0,2314750237,2314750752,3335296886,17868246,0.0947,1637.0,0.05448267614586788,-0.1021470488457683,0.0947,26.31,79.4,,,,,,
2026-07-30T19:54:38.589876+00:00,S030,mounted,true,healthy,none,2100,healthy_horizontal_no_load_2100rpm,2314849,2107,296,1002,1354,3,0,2011763,9,333,76,0,2,1648,1494,1217,62,128,1601,16383,1653,1642,1633379,800,2009,2071,522820,11954,8,382522,1496,65993,909,2314751163,2314850257,0,2314850266,2314850781,3334967251,17862268,0.0947,1637.0,0.06172512615024228,-0.041601125815626805,0.0947,26.5,79.7,,,,,,
2026-07-30T19:54:38.684439+00:00,S030,mounted,true,healthy,none,2100,healthy_horizontal_no_load_2100rpm,2314949,2121,298,994,1346,1,0,2011848,9,333,76,0,3,1648,1494,1210,62,128,1593,16383,1652,1643,1633282,800,1999,2075,522819,11953,8,382521,1496,65994,909,2314851188,2314950326,0,2314950340,2314950855,3334568752,17859279,0.0947,1637.0,0.06868064377143801,-0.057987938843805154,0.0947,26.74,80.1,,,,,,
2026-07-30T19:54:38.777974+00:00,S030,mounted,true,healthy,none,2100,healthy_horizontal_no_load_2100rpm,2315049,2126,300,991,1344,5,0,2011933,9,333,77,0,3,1648,1494,1213,63,125,1592,16383,1652,1642,1632879,800,1997,2070,522783,11953,8,382520,1496,65995,909,2314951264,2315050354,0,2315050369,2315050884,3332927813,17859281,0.0947,1637.0,0.060347184388856334,-0.06132132259683809,0.0947,26.77,80.2,,,,,,
2026-07-30T19:54:38.873076+00:00,S030,mounted,true,healthy,none,2100,healthy_horizontal_no_load_2100rpm,2315149,2128,300,990,1343,4,0,2012018,9,333,76,0,3,1647,1494,1198,61,127,1594,16383,1651,1643,1632349,800,1997,2071,522716,11952,8,382517,1496,65996,909,2315051292,2315150382,0,2315150391,2315150906,3330761329,17856294,0.091,1637.0,0.06230267469879491,-0.06104284337349419,0.091,26.71,80.1,,,,,,
2026-07-30T19:54:38.967515+00:00,S030,mounted,true,healthy,none,2100,healthy_horizontal_no_load_2100rpm,2315249,2131,300,989,1341,6,0,2012103,9,333,76,0,3,1648,1495,1227,61,127,1592,16383,1652,1641,1633214,800,1783,2075,522749,11957,8,382523,1496,65997,909,2315151313,2315250433,0,2315250442,2315250959,3334373562,17871233,0.0947,1637.0,0.06752370285188558,-0.41898751701931936,0.0947,26.77,80.2,,,,,,
2026-07-30T19:54:39.060503+00:00,S030,mounted,true,healthy,none,2100,healthy_horizontal_no_load_2100rpm,2315350,2130,296,993,1341,3,0,2012189,9,333,75,0,2,1648,1494,1219,62,125,1595,16383,1654,1642,1650169,808,2013,2075,522819,11955,8,382525,1496,65998,909,2315251364,2315351139,0,2315351213,2315351728,3370179767,17865257,0.0947,1637.0,0.06810207653701328,-0.03521553249686349,0.0947,26.68,80.0,,,,,,
2026-07-30T19:54:39.153557+00:00,S030,mounted,true,healthy,none,2100,healthy_horizontal_no_load_2100rpm,2315450,2131,300,989,1341,1,0,2012274,9,333,76,0,3,1648,1494,1201,62,125,1594,16383,1652,1640,1633427,800,1877,2147,522808,11948,8,382514,1496,65999,909,2315352133,2315451205,0,2315451278,2315451794,3335197223,17844342,0.0947,1637.0,0.19017994275192507,-0.26001518279209934,0.0947,26.71,80.1,,,,,,
2026-07-30T19:54:39.294047+00:00,S030,mounted,true,healthy,none,2100,healthy_horizontal_no_load_2100rpm,2315550,2135,301,985,1338,4,0,2012360,9,333,77,0,3,1648,1494,1213,63,132,1588,16383,1651,1644,1633529,800,2015,2071,522808,11955,8,382516,1496,66000,909,2315452199,2315551437,0,2315551511,2315552026,3335571939,17865257,0.0947,1637.0,0.06143642434127994,-0.03188270639899615,0.0947,26.89,80.4,,,,,,
2026-07-30T19:54:39.387999+00:00,S030,mounted,true,healthy,none,2100,healthy_horizontal_no_load_2100rpm,2315651,2132,298,992,1342,2,0,2012446,9,333,76,0,3,1648,1494,1238,61,138,1591,16383,1653,1639,1649254,808,1835,2129,522796,11952,8,382513,1496,66001,909,2315552430,2315652228,0,2315652237,2315652752,3366510896,17856290,0.0947,1637.0,0.15897889156626466,-0.33106951807228935,0.0947,26.8,80.2,,,,,,
2026-07-30T19:54:39.482580+00:00,S030,mounted,true,healthy,none,2100,healthy_horizontal_no_load_2100rpm,2315751,2130,297,988,1337,3,0,2012531,9,333,76,0,3,1648,1494,1242,61,138,1595,16383,1651,1642,1633406,800,2003,2105,522816,11954,8,382513,1496,66002,909,2315653158,2315752246,0,2315752255,2315752770,3335077882,17862268,0.0947,1637.0,0.11838790948636424,-0.05160044052200119,0.0947,26.68,80.0,,,,,,
2026-07-30T19:54:39.574371+00:00,S030,mounted,true,healthy,none,2100,healthy_horizontal_no_load_2100rpm,2315851,2129,300,990,1342,1,0,2012616,9,333,77,0,3,1648,1494,1201,59,125,1591,16383,1651,1639,1632885,800,1996,2071,522762,11954,8,382513,1496,66003,909,2315753175,2315852308,0,2315852318,2315852832,3332951093,17862266,0.0947,1637.0,0.06172512615024228,-0.06326630767943797,0.0947,26.8,80.2,,,,,,
2026-07-30T19:54:39.668207+00:00,S030,mounted,true,healthy,none,2100,healthy_horizontal_no_load_2100rpm,2315951,2132,300,987,1339,4,0,2012702,9,333,76,0,3,1648,1494,1221,59,123,1598,16383,1652,1640,1633370,800,1961,2201,522762,11951,8,382508,1496,66004,909,2315853237,2315952367,0,2315952381,2315952896,3334993914,17853305,0.0947,1637.0,0.2792977251276043,-0.12077526625387014,0.0947,26.59,79.9,,,,,,
2026-07-30T19:54:39.775691+00:00,S030,mounted,true,healthy,none,2100,healthy_horizontal_no_load_2100rpm,2316051,2134,300,987,1339,6,0,2012787,9,333,76,0,3,1648,1494,1226,59,123,1608,16383,1653,1640,1633092,800,2015,2079,522747,11952,8,382506,1496,66005,909,2315953305,2316052385,0,2316052394,2316052913,3333793602,17856290,0.0947,1637.0,0.0756373253012046,-0.031039879518072855,0.0947,26.28,79.3,,,,,,
2026-07-30T19:54:39.869468+00:00,S030,mounted,true,healthy,none,2100,healthy_horizontal_no_load_2100rpm,2316151,2130,299,990,1341,2,0,2012872,9,333,76,0,3,1648,1494,1243,60,128,1604,16383,1653,1641,1633191,800,1957,2071,522759,11954,8,382507,1496,66006,909,2316053318,2316152418,0,2316152428,2316152942,3334201979,17862270,0.0947,1637.0,0.06172512615024228,-0.12826185327087192,0.0947,26.4,79.5,,,,,,
2026-07-30T19:54:39.964432+00:00,S030,mounted,true,healthy,none,2100,healthy_horizontal_no_load_2100rpm,2316252,2131,299,988,1339,1,0,2012958,9,333,77,0,3,1648,1494,1218,60,128,1602,16383,1653,1641,1649514,808,1991,2070,522782,11954,8,382508,1496,66007,909,2316153347,2316253160,0,2316253234,2316253749,3367506322,17862268,0.0947,1637.0,0.06005857369918033,-0.0715990699347504,0.0947,26.46,79.6,,,,,,
2026-07-30T19:54:40.057526+00:00,S030,mounted,true,healthy,none,2100,healthy_horizontal_no_load_2100rpm,2316352,2132,301,988,1341,4,0,2013044,9,333,76,0,3,1648,1494,1228,60,126,1597,16383,1652,1643,1633346,800,1999,2161,522783,11953,8,382508,1496,66008,909,2316254154,2316353380,0,2316353458,2316353973,3334855738,17859279,0.0947,1637.0,0.21201614515184408,-0.057987938843805154,0.0947,26.62,79.9,,,,,,
2026-07-30T19:54:40.197652+00:00,S030,mounted,true,healthy,none,2100,healthy_horizontal_no_load_2100rpm,2316453,2130,296,990,1338,2,0,2013130,9,333,76,0,3,1648,1494,1237,61,126,1592,16383,1652,1641,1649078,808,2007,2067,522731,11953,8,382508,1496,66009,909,2316354382,2316454057,0,2316454071,2316454586,3365720654,17859281,0.0947,1637.0,0.05534710875930715,-0.044654403831674294,0.0947,26.77,80.2,,,,,,
2026-07-30T19:54:40.291110+00:00,S030,mounted,true,healthy,none,2100,healthy_horizontal_no_load_2100rpm,2316553,2130,300,990,1342,3,0,2013215,9,333,77,1,2,1648,1494,1235,61,126,1588,16383,1651,1644,1633481,800,1995,2065,522747,11952,8,382506,1496,66010,909,2316454991,2316554092,0,2316554106,2316554622,3335377743,17856292,0.0947,1637.0,0.052301686746988096,-0.06437650602409661,0.0947,26.89,80.4,,,,,,
2026-07-30T19:54:40.370110+00:00,S030,mounted,true,healthy,none,2100,healthy_horizontal_no_load_2100rpm,2316653,2131,300,989,1341,1,0,2013300,9,333,76,0,3,1648,1494,1256,63,130,1591,16383,1652,1643,1633600,800,2002,2237,522764,11951,8,382502,1496,66011,909,2316555032,2316654178,0,2316654187,2316654702,3335904468,17853303,0.0947,1637.0,0.33930867383482566,-0.05242946355953482,0.0947,26.8,80.2,,,,,,
2026-07-30T19:54:40.466167+00:00,S030,mounted,true,healthy,none,2100,healthy_horizontal_no_load_2100rpm,2316753,2131,298,989,1339,5,0,2013385,9,333,76,0,3,1648,1494,1212,65,140,1593,16383,1652,1643,1633638,800,2001,2070,522780,11948,8,382492,1496,66012,909,2316655107,2316754216,0,2316754229,2316754744,3336021672,17844340,0.0947,1637.0,0.06179096250418459,-0.053258902912621586,0.0947,26.74,80.1,,,,,,
2026-07-30T19:54:40.559716+00:00,S030,mounted,true,healthy,none,2100,healthy_horizontal_no_load_2100rpm,2316853,2133,299,988,1339,6,0,2013471,9,333,76,0,3,1648,1494,1222,65,140,1588,16383,1650,1640,1632992,800,2009,2066,522748,11951,8,382489,1496,66013,909,2316755149,2316854274,0,2316854288,2316854803,3333383430,17853303,0.0947,1637.0,0.054256667475525155,-0.04076066797757516,0.0947,26.89,80.4,,,,,,
2026-07-30T19:54:40.702952+00:00,S030,mounted,true,healthy,none,2100,healthy_horizontal_no_load_2100rpm,2316953,2127,300,991,1344,2,0,2013556,9,333,77,0,3,1648,1494,1215,67,138,1592,16383,1651,1643,1633722,800,2007,2073,522788,11953,8,382489,1496,66014,909,2316855212,2316954293,0,2316954303,2316954817,3336362732,17859279,0.0947,1637.0,0.06534726001840552,-0.044654403831674294,0.0947,26.77,80.2,,,,,,
2026-07-30T19:54:40.796825+00:00,S030,mounted,true,healthy,none,2100,healthy_horizontal_no_load_2100rpm,2317054,2129,300,990,1342,1,0,2013642,9,333,76,0,3,1648,1494,1213,67,138,1595,16383,1654,1641,1649909,808,1971,2195,522785,11948,8,382480,1496,66015,909,2316955222,2317055043,0,2317055122,2317055637,3369162983,17844348,0.0947,1637.0,0.2702146317375287,-0.10328058352862435,0.0947,26.68,80.0,,,,,,
2026-07-30T19:54:40.890767+00:00,S030,mounted,true,healthy,none,2100,healthy_horizontal_no_load_2100rpm,2317154,2132,300,988,1340,4,0,2013728,9,333,77,0,3,1648,1495,1209,69,144,1599,16383,1653,1640,1633446,800,2009,2073,522785,11956,8,382487,1496,66016,909,2317056044,2317155273,0,2317155352,2317155867,3335240758,17868244,0.0947,1637.0,0.06448031816661048,-0.0421611967213118,0.0947,26.56,79.8,,,,,,
2026-07-30T19:54:40.982560+00:00,S030,mounted,true,healthy,none,2100,healthy_horizontal_no_load_2100rpm,2317254,2131,297,987,1336,6,0,2013813,9,333,76,0,3,1648,1495,1187,68,146,1600,16383,1652,1640,1633640,800,2009,2091,522824,11956,8,382493,1496,66017,909,2317156272,2317255343,0,2317255422,2317255937,3336036046,17868244,0.0947,1637.0,0.09447324422883874,-0.0421611967213118,0.0947,26.53,79.7,,,,,,
2026-07-30T19:54:41.078772+00:00,S030,mounted,true,healthy,none,2100,healthy_horizontal_no_load_2100rpm,2317354,2129,297,990,1339,2,0,2013898,9,333,76,0,3,1648,1494,1222,68,146,1591,16383,1653,1640,1633076,800,1991,2161,522791,11950,8,382488,1496,66018,909,2317256346,2317355437,0,2317355511,2317356026,3333756098,17850318,0.0947,1637.0,0.2129203429288702,-0.0704884068619247,0.0947,26.8,80.2,,,,,,
2026-07-30T19:54:41.171888+00:00,S030,mounted,true,healthy,none,2100,healthy_horizontal_no_load_2100rpm,2317455,2131,302,987,1342,1,0,2013984,9,333,77,0,3,1648,1494,1217,64,140,1601,16383,1653,1643,1649605,808,1973,2155,522775,11952,8,382487,1496,66019,909,2317356431,2317456084,0,2317456098,2317456613,3367887617,17856292,0.0947,1637.0,0.20231650602409612,-0.10104679518072324,0.0947,26.5,79.7,,,,,,
2026-07-30T19:54:41.264625+00:00,S030,mounted,true,healthy,none,2100,healthy_horizontal_no_load_2100rpm,2317555,2133,298,988,1338,5,0,2014069,9,333,76,0,3,1648,1494,1210,63,145,1601,16383,1653,1643,1633200,800,1949,2067,522775,11953,8,382487,1496,66020,909,2317457022,2317556219,0,2317556229,2317556744,3334244494,17859279,0.0947,1637.0,0.05534710875930715,-0.1413225326696228,0.0947,26.5,79.7,,,,,,
2026-07-30T19:54:41.404785+00:00,S030,mounted,true,healthy,none,2100,healthy_horizontal_no_load_2100rpm,2317655,2132,302,987,1341,6,0,2014155,9,333,77,0,3,1648,1494,1197,63,145,1600,16383,1651,1640,1632915,800,1995,2067,522738,11953,8,382487,1496,66021,909,2317557149,2317656250,0,2317656264,2317656779,3333070259,17859277,0.0947,1637.0,0.05534710875930715,-0.06465470634987058,0.0947,26.53,79.7,,,,,,
2026-07-30T19:54:41.497751+00:00,S030,mounted,true,healthy,none,2100,healthy_horizontal_no_load_2100rpm,2317755,2129,297,992,1341,2,0,2014240,9,333,76,0,2,1648,1494,1193,64,135,1595,16383,1651,1642,1633308,800,1997,2103,522749,11954,8,382489,1496,66022,909,2317657184,2317756289,0,2317756303,2317756818,3334679668,17862268,0.0947,1637.0,0.11505480458423945,-0.06159975522837602,0.0947,26.68,80.0,,,,,,
2026-07-30T19:54:41.589647+00:00,S030,mounted,true,healthy,none,2100,healthy_horizontal_no_load_2100rpm,2317856,2132,300,987,1339,1,0,2014326,9,333,76,0,3,1648,1495,1202,64,135,1598,16383,1652,1644,1650106,808,2003,2069,522815,11956,8,382495,1496,66023,909,2317757227,2317857054,0,2317857132,2317857648,3369916574,17868244,0.0947,1637.0,0.05781522348611556,-0.0521588387420544,0.0947,26.59,79.9,,,,,,
2026-07-30T19:54:41.683536+00:00,S030,mounted,true,healthy,none,2100,healthy_horizontal_no_load_2100rpm,2317956,2133,300,988,1340,5,0,2014411,9,333,76,0,2,1648,1494,1193,61,125,1596,16383,1652,1643,1632727,800,1919,2091,522762,11952,8,382494,1496,66024,909,2317858053,2317957394,0,2317957472,2317957987,3332320355,17856292,0.0947,1637.0,0.09563930120481912,-0.19105568674698814,0.0947,26.65,80.0,,,,,,
2026-07-30T19:54:41.792761+00:00,S030,mounted,true,healthy,none,2100,healthy_horizontal_no_load_2100rpm,2318057,2127,300,990,1343,6,0,2014497,9,333,77,0,3,1648,1494,1218,64,127,1596,16383,1652,1640,1649703,808,1919,2173,522768,11953,8,382494,1496,66025,909,2317958392,2318058153,0,2318058163,2318058678,3368305275,17859279,0.0947,1637.0,0.23201644767004082,-0.19132328896511375,0.0947,26.65,80.0,,,,,,
2026-07-30T19:54:41.885659+00:00,S030,mounted,true,healthy,none,2100,healthy_horizontal_no_load_2100rpm,2318157,2129,300,988,1340,2,0,2014582,9,333,77,0,3,1648,1494,1211,64,127,1597,16383,1653,1638,1633331,800,2011,2197,522768,11950,8,382489,1496,66026,909,2318059083,2318158168,0,2318158177,2318158693,3334794651,17850318,0.0947,1637.0,0.2729363134728029,-0.03714620100418431,0.0947,26.62,79.9,,,,,,
2026-07-30T19:54:41.980235+00:00,S030,mounted,true,healthy,none,2100,healthy_horizontal_no_load_2100rpm,2318257,2131,294,990,1335,1,0,2014668,9,333,76,0,3,1648,1494,1210,62,129,1596,16383,1657,1642,1633159,800,2010,2179,522754,11948,8,382480,1496,66027,909,2318159098,2318258233,0,2318258247,2318258762,3334092261,17844346,0.0947,1637.0,0.24353640207566096,-0.038252398727820935,0.0947,26.65,80.0,,,,,,
2026-07-30T19:54:42.076122+00:00,S030,mounted,true,healthy,none,2100,healthy_horizontal_no_load_2100rpm,2318357,2131,301,987,1341,5,0,2014753,9,333,77,0,3,1648,1494,1198,62,129,1598,16383,1652,1640,1633408,800,1951,2069,522797,11954,8,382483,1496,66028,909,2318259168,2318358260,0,2318358274,2318358789,3335097454,17862266,0.0947,1637.0,0.05839202124811749,-0.1382611679772463,0.0947,26.59,79.9,,,,,,
2026-07-30T19:54:42.168886+00:00,S030,mounted,true,healthy,none,2100,healthy_horizontal_no_load_2100rpm,2318457,2129,298,990,1340,4,0,2014838,9,333,76,0,3,1648,1494,1218,62,129,1597,16383,1653,1640,1633064,800,2004,2071,522780,11948,8,382474,1496,66029,909,2318359198,2318458283,0,2318458292,2318458807,3333684446,17844340,0.0947,1637.0,0.06345835185805138,-0.04825673485102122,0.0947,26.62,79.9,,,,,,
2026-07-30T19:54:42.310092+00:00,S030,mounted,true,healthy,none,2100,healthy_horizontal_no_load_2100rpm,2318557,2114,300,998,1353,6,0,2014923,9,333,76,1,3,1648,1494,1195,60,129,1597,16383,1652,1642,1633360,800,1871,2083,522763,11952,8,382474,1496,66030,909,2318459212,2318558349,0,2318558363,2318558878,3334920686,17856292,0.0947,1637.0,0.08230465060240943,-0.2710635903614458,0.0947,26.62,79.9,,,,,,
2026-07-30T19:54:42.405628+00:00,S030,mounted,true,healthy,none,2100,healthy_horizontal_no_load_2100rpm,2318657,2106,300,1000,1357,6,0,2015007,9,333,77,0,3,1648,1494,1211,60,129,1594,16383,1653,1640,1633133,800,2009,2211,522784,11953,8,382475,1496,66031,909,2318559289,2318658395,0,2318658404,2318658919,3333991473,17859279,0.0947,1637.0,0.2953507389776626,-0.04132102007864136,0.0947,26.71,80.1,,,,,,
2026-07-30T19:54:42.504276+00:00,S030,mounted,true,healthy,none,2100,healthy_horizontal_no_load_2100rpm,2318757,2104,298,1002,1357,6,0,2015091,9,333,77,0,3,1648,1494,1195,62,132,1595,16383,1652,1642,1633629,800,2005,2073,522837,11952,8,382475,1496,66032,909,2318659325,2318758439,0,2318758448,2318758963,3335983133,17856292,0.0947,1637.0,0.06563633734939733,-0.04770819277108451,0.0947,26.68,80.0,,,,,,
2026-07-30T19:54:42.594475+00:00,S030,mounted,true,healthy,none,2100,healthy_horizontal_no_load_2100rpm,2318858,2112,298,999,1352,3,0,2015177,9,333,76,0,3,1648,1494,1211,64,135,1598,16383,1653,1642,1649274,808,1843,2151,522796,11953,8,382476,1496,66033,909,2318759369,2318859065,0,2318859143,2318859658,3366575762,17859281,0.0947,1637.0,0.19534922638668073,-0.3179918715803569,0.0947,26.59,79.9,,,,,,
2026-07-30T19:54:42.688807+00:00,S030,mounted,true,healthy,none,2100,healthy_horizontal_no_load_2100rpm,2318958,2125,299,991,1343,1,0,2015262,9,333,76,0,3,1648,1495,1187,64,135,1602,16383,1653,1641,1633107,800,1981,2101,522776,11957,8,382485,1496,66034,909,2318860063,2318959284,0,2318959362,2318959877,3333863907,17871235,0.0947,1637.0,0.11084319503219842,-0.08909292272309122,0.0947,26.46,79.6,,,,,,
2026-07-30T19:54:42.781075+00:00,S030,mounted,true,healthy,none,2100,healthy_horizontal_no_load_2100rpm,2319058,2129,300,989,1341,5,0,2015347,9,333,76,0,3,1648,1494,1197,64,139,1599,16383,1652,1640,1633247,800,1955,2129,522766,11953,8,382485,1496,66035,909,2318960282,2319059334,0,2319059563,2319060078,3334443739,17859281,0.0947,1637.0,0.1586820051033211,-0.13132238141052488,0.0947,26.56,79.8,,,,,,
2026-07-30T19:54:42.875498+00:00,S030,mounted,true,healthy,none,2100,healthy_horizontal_no_load_2100rpm,2319159,2130,299,990,1341,6,0,2015433,9,333,76,0,3,1648,1494,1216,68,144,1595,16383,1652,1641,1650162,808,2015,2115,522829,11954,8,382487,1496,66036,909,2319060484,2319160102,0,2319160117,2319160632,3370151382,17862266,0.0947,1637.0,0.13505343399698821,-0.03160181110925242,0.0947,26.68,80.0,,,,,,
2026-07-30T19:54:43.016614+00:00,S030,mounted,true,healthy,none,2100,healthy_horizontal_no_load_2100rpm,2319259,2130,299,990,1341,2,0,2015518,9,333,76,0,3,1648,1494,1234,68,144,1595,16383,1653,1642,1633132,800,2006,2277,522805,11950,8,382482,1496,66037,909,2319161037,2319260208,0,2319260222,2319260737,3334012606,17850316,0.0947,1637.0,0.40630513690376535,-0.04548175246861952,0.0947,26.68,80.0,,,,,,
2026-07-30T19:54:43.110043+00:00,S030,mounted,true,healthy,none,2100,healthy_horizontal_no_load_2100rpm,2319359,2127,296,990,1338,3,0,2015603,9,333,76,0,3,1648,1494,1234,68,137,1597,16383,1654,1643,1633226,800,2007,2105,522798,11953,8,382482,1496,66038,909,2319261146,2319360249,0,2319360259,2319360774,3334337850,17859279,0.0947,1637.0,0.11868140006692851,-0.044654403831674294,0.0947,26.62,79.9,,,,,,
2026-07-30T19:54:43.204398+00:00,S030,mounted,true,healthy,none,2100,healthy_horizontal_no_load_2100rpm,2319459,2128,298,992,1343,1,0,2015688,9,333,76,0,3,1648,1494,1235,68,137,1592,16383,1653,1640,1633591,800,2004,2102,522824,11951,8,382479,1496,66039,909,2319361179,2319460309,0,2319460318,2319460833,3335836565,17853303,0.0947,1637.0,0.11426761618274561,-0.04909552196468914,0.0947,26.77,80.2,,,,,,
2026-07-30T19:54:43.297117+00:00,S030,mounted,true,healthy,none,2100,healthy_horizontal_no_load_2100rpm,2319559,2125,301,992,1347,5,0,2015773,9,333,77,1,3,1648,1495,1231,65,134,1593,16383,1653,1642,1633296,800,1873,2070,522816,11957,8,382488,1496,66040,909,2319461238,2319560332,0,2319560342,2319560856,3334653824,17871235,0.0947,1637.0,0.059193031278748975,-0.269035428702852,0.0947,26.74,80.1,,,,,,
2026-07-30T19:54:43.391636+00:00,S030,mounted,true,healthy,none,2100,healthy_horizontal_no_load_2100rpm,2319659,2107,299,1002,1357,4,0,2015858,9,333,76,1,3,1648,1494,1219,62,128,1595,16383,1653,1644,1633582,800,1955,2085,522872,11953,8,382488,1496,66041,909,2319561264,2319660368,0,2319660383,2319660898,3335805208,17859279,0.0947,1637.0,0.08534756253660136,-0.13132238141052488,0.0947,26.68,80.0,,,,,,
2026-07-30T19:54:43.484680+00:00,S030,mounted,true,healthy,none,2100,healthy_horizontal_no_load_2100rpm,2319759,2100,298,1003,1358,4,0,2015942,9,333,77,0,3,1648,1494,1232,62,128,1595,16383,1652,1641,1633341,800,2007,2067,522862,11955,8,382492,1496,66042,909,2319661310,2319760424,0,2319760433,2319760948,3334802609,17865255,0.0947,1637.0,0.05477077214554571,-0.045214010790464165,0.0947,26.68,80.0,,,,,,
2026-07-30T19:54:43.577537+00:00,S030,mounted,true,healthy,none,2100,healthy_horizontal_no_load_2100rpm,2319860,2111,299,998,1352,6,0,2016027,9,333,76,0,3,1648,1495,1232,63,140,1592,16383,1654,1642,1650145,808,2007,2181,522901,11959,8,382504,1496,66043,909,2319761358,2319861062,0,2319861141,2319861656,3370092133,17877211,0.0947,1637.0,0.24352622401538593,-0.04633266318254048,0.0947,26.77,80.2,,,,,,
2026-07-30T19:54:43.671182+00:00,S030,mounted,true,healthy,none,2100,healthy_horizontal_no_load_2100rpm,2319960,2122,299,993,1346,2,0,2016112,9,333,78,0,3,1648,1494,1224,62,149,1587,16383,1652,1641,1633042,800,1977,2193,522835,11953,8,382504,1496,66044,909,2319862065,2319961152,0,2319961230,2319961745,3333616892,17859279,0.0947,1637.0,0.26535028520036796,-0.09465516012716524,0.0947,26.93,80.5,,,,,,
2026-07-30T19:54:43.812325+00:00,S030,mounted,true,healthy,none,2100,healthy_horizontal_no_load_2100rpm,2320060,2129,300,989,1342,3,0,2016197,9,333,76,0,3,1648,1494,1228,62,149,1584,16383,1652,1643,1633805,800,2013,2070,522898,11954,8,382505,1496,66045,909,2319962154,2320061379,0,2320061453,2320061967,3336704265,17862266,0.0947,1637.0,0.06005857369918033,-0.034934916011377215,0.0947,27.02,80.6,,,,,,
2026-07-30T19:54:43.906907+00:00,S030,mounted,true,healthy,none,2100,healthy_horizontal_no_load_2100rpm,2320161,2132,300,988,1340,5,0,2016283,9,333,76,0,2,1648,1494,1233,60,143,1587,16383,1651,1643,1649819,808,2009,2077,522917,11952,8,382503,1496,66046,909,2320062372,2320162056,0,2320162220,2320162736,3368748107,17856292,0.0947,1637.0,0.07230366265060217,-0.04104086746987967,0.0947,26.93,80.5,,,,,,
2026-07-30T19:54:43.999850+00:00,S030,mounted,true,healthy,none,2100,healthy_horizontal_no_load_2100rpm,2320261,2131,300,989,1341,4,0,2016368,9,333,76,0,3,1648,1494,1236,60,143,1593,16383,1652,1644,1633566,800,1987,2163,522932,11953,8,382503,1496,66047,909,2320163141,2320262242,0,2320262252,2320262768,3335745312,17859281,0.0947,1637.0,0.21534952890487702,-0.07798824136200144,0.0947,26.74,80.1,,,,,,
2026-07-30T19:54:44.094247+00:00,S030,mounted,true,healthy,none,2100,healthy_horizontal_no_load_2100rpm,2320361,2131,302,987,1341,2,0,2016454,9,333,76,0,3,1648,1494,1234,60,138,1589,16383,1653,1642,1633399,800,1973,2179,522947,11949,8,382495,1496,66048,909,2320263173,2320362284,0,2320362298,2320362813,3335089383,17847329,0.0947,1637.0,0.24323233969369795,-0.10022112151644524,0.0947,26.86,80.4,,,,,,
2026-07-30T19:54:44.187864+00:00,S030,mounted,true,healthy,none,2100,healthy_horizontal_no_load_2100rpm,2320461,2130,295,989,1336,3,0,2016539,9,333,76,0,3,1648,1494,1246,58,134,1591,16383,1652,1640,1633111,800,1929,2070,522918,11952,8,382494,1496,66049,909,2320363218,2320462308,0,2320462322,2320462837,3333893895,17856292,0.0947,1637.0,0.0606358433734937,-0.17438737349397604,0.0947,26.8,80.2,,,,,,
2026-07-30T19:54:44.279863+00:00,S030,mounted,true,healthy,none,2100,healthy_horizontal_no_load_2100rpm,2320561,2132,296,987,1335,1,0,2016624,9,333,76,0,3,1648,1494,1217,58,134,1587,16383,1652,1641,1633375,800,1995,2235,522911,11955,8,382498,1496,66050,909,2320463246,2320562356,0,2320562365,2320562880,3335006961,17865257,0.0947,1637.0,0.334728164366374,-0.0652109673776664,0.0947,26.93,80.5,,,,,,
2026-07-30T19:54:44.377159+00:00,S030,mounted,true,healthy,none,2100,healthy_horizontal_no_load_2100rpm,2320661,2131,300,988,1340,4,0,2016710,9,333,77,0,3,1648,1494,1218,60,131,1590,16383,1652,1642,1634000,800,2008,2118,522991,11952,8,382496,1496,66051,909,2320563285,2320662400,0,2320662414,2320662929,3337507222,17856290,0.0947,1637.0,0.1406437469879518,-0.04270769879518088,0.0947,26.83,80.3,,,,,,
2026-07-30T19:54:44.516229+00:00,S030,mounted,true,healthy,none,2100,healthy_horizontal_no_load_2100rpm,2320761,2129,301,989,1343,6,0,2016795,9,333,76,0,3,1648,1494,1243,61,125,1589,16383,1651,1640,1633701,800,2005,2249,522988,11954,8,382498,1496,66052,909,2320663334,2320762428,0,2320762442,2320762957,3336323161,17862268,0.0947,1637.0,0.35837146243935036,-0.048267335619876395,0.0947,26.86,80.4,,,,,,
2026-07-30T19:54:44.607769+00:00,S030,mounted,true,healthy,none,2100,healthy_horizontal_no_load_2100rpm,2320862,2131,299,989,1340,3,0,2016881,9,333,77,0,3,1648,1494,1201,61,125,1592,16383,1653,1640,1649309,808,1966,2075,522924,11955,8,382501,1496,66053,909,2320763366,2320863087,0,2320863166,2320863681,3366673407,17865257,0.0947,1637.0,0.06810207653701328,-0.11353694579673812,0.0947,26.77,80.2,,,,,,
2026-07-30T19:54:44.700911+00:00,S030,mounted,true,healthy,none,2100,healthy_horizontal_no_load_2100rpm,2320962,2130,297,992,1341,1,0,2016966,9,333,76,0,2,1648,1495,1206,58,132,1592,16383,1651,1642,1633355,800,2013,2075,522920,11956,8,382506,1496,66054,909,2320864086,2320963300,0,2320963374,2320963889,3334868737,17868246,0.0947,1637.0,0.06781286550685817,-0.03549610204081688,0.0947,26.77,80.2,,,,,,
2026-07-30T19:54:44.793614+00:00,S030,mounted,true,healthy,none,2100,healthy_horizontal_no_load_2100rpm,2321062,2128,298,993,1343,5,0,2017051,9,333,75,0,2,1648,1494,1184,58,132,1599,16383,1653,1642,1633735,800,2013,2070,522949,11951,8,382502,1496,66055,909,2320964295,2321063509,0,2321063583,2321064097,3336416885,17853307,0.0947,1637.0,0.06092455066521607,-0.034092784787884245,0.0947,26.56,79.8,,,,,,
2026-07-30T19:54:44.887309+00:00,S030,mounted,true,healthy,none,2100,healthy_horizontal_no_load_2100rpm,2321163,2132,299,989,1340,6,0,2017137,9,333,76,0,3,1648,1494,1193,62,147,1597,16383,1652,1641,1649428,808,1975,2070,522885,11953,8,382502,1496,66056,909,2321064502,2321164138,0,2321164148,2321164663,3367152808,17859281,0.0947,1637.0,0.060347184388856334,-0.09798854388019729,0.0947,26.62,79.9,,,,,,
2026-07-30T19:54:44.980831+00:00,S030,mounted,true,healthy,none,2100,healthy_horizontal_no_load_2100rpm,2321263,2132,300,988,1340,2,0,2017222,9,333,76,0,3,1648,1494,1237,61,138,1586,16383,1652,1641,1632968,800,2009,2116,522813,11954,8,382503,1496,66057,909,2321165068,2321264193,0,2321264202,2321264716,3333293888,17862270,0.0947,1637.0,0.1367199864480506,-0.041601125815626805,0.0947,26.96,80.5,,,,,,
2026-07-30T19:54:45.135518+00:00,S030,mounted,true,healthy,none,2100,healthy_horizontal_no_load_2100rpm,2321363,2131,299,989,1340,1,0,2017308,9,333,76,0,3,1648,1494,1210,61,138,1593,16383,1652,1641,1632996,800,2007,2073,522756,11952,8,382501,1496,66058,909,2321265121,2321364228,0,2321364243,2321364758,3333399592,17856292,0.0947,1637.0,0.06563633734939733,-0.04437453012048209,0.0947,26.74,80.1,,,,,,
2026-07-30T19:54:45.181042+00:00,S030,mounted,true,healthy,none,2100,healthy_horizontal_no_load_2100rpm,2321463,2132,301,987,1340,5,0,2017393,9,333,76,0,3,1648,1494,1206,61,128,1590,16383,1651,1643,1633609,800,1999,2071,522777,11951,8,382497,1496,66059,909,2321365163,2321464269,0,2321464279,2321464794,3335902587,17853303,0.0947,1637.0,0.06259152146263913,-0.05743037595180356,0.0947,26.83,80.3,,,,,,
2026-07-30T19:54:45.321868+00:00,S030,mounted,true,healthy,none,2100,healthy_horizontal_no_load_2100rpm,2321563,2132,301,988,1341,4,0,2017478,9,333,76,0,3,1648,1494,1213,59,125,1593,16383,1652,1641,1633062,800,1979,2074,522760,11950,8,382491,1496,66060,909,2321465198,2321564299,0,2321564308,2321564823,3333674136,17850318,0.0947,1637.0,0.0678817474476987,-0.09049373037656938,0.0947,26.74,80.1,,,,,,
2026-07-30T19:54:45.416786+00:00,S030,mounted,true,healthy,none,2100,healthy_horizontal_no_load_2100rpm,2321663,2131,298,992,1342,2,0,2017564,9,333,76,0,2,1648,1494,1214,59,125,1589,16383,1652,1644,1633405,800,1934,2066,522765,11954,8,382493,1496,66061,909,2321565229,2321664339,0,2321664353,2321664868,3335079659,17862266,0.0947,1637.0,0.05339236389493074,-0.16659255964530706,0.0947,26.86,80.4,,,,,,
2026-07-30T19:54:45.509183+00:00,S030,mounted,true,healthy,none,2100,healthy_horizontal_no_load_2100rpm,2321763,2130,300,989,1342,3,0,2017649,9,333,77,0,3,1648,1494,1200,58,120,1592,16383,1652,1643,1633072,800,1981,2074,522747,11949,8,382486,1496,66062,909,2321665274,2321764395,0,2321764404,2321764920,3333711166,17847329,0.0947,1637.0,0.06817110946522709,-0.08688312302284729,0.0947,26.77,80.2,,,,,,
2026-07-30T19:54:45.603198+00:00,S030,mounted,true,healthy,none,2100,healthy_horizontal_no_load_2100rpm,2321864,2130,300,990,1342,5,0,2017735,9,333,77,0,3,1648,1494,1193,58,120,1585,16383,1653,1642,1649543,808,1979,2076,522759,11951,8,382483,1496,66063,909,2321765328,2321865082,0,2321865160,2321865675,3367626727,17853303,0.0947,1637.0,0.07092637544975267,-0.09076979190025947,0.0947,26.99,80.6,,,,,,
2026-07-30T19:54:45.696206+00:00,S030,mounted,true,healthy,none,2100,healthy_horizontal_no_load_2100rpm,2321964,2132,300,989,1341,4,0,2017820,9,333,76,0,2,1648,1494,1200,58,138,1595,16383,1652,1640,1633063,800,2011,2065,522749,11953,8,382483,1496,66064,909,2321866084,2321965192,0,2321965266,2321965780,3333674031,17859279,0.0947,1637.0,0.052013725006274214,-0.037987636325608864,0.0947,26.68,80.0,,,,,,
2026-07-30T19:54:45.790339+00:00,S030,mounted,true,healthy,none,2100,healthy_horizontal_no_load_2100rpm,2322064,2130,299,990,1341,6,0,2017905,9,333,77,0,3,1648,1494,1210,61,143,1590,16383,1651,1642,1633053,800,1999,2076,522757,11952,8,382482,1496,66065,909,2321966186,2322065263,0,2322065337,2322065852,3333633783,17856292,0.0947,1637.0,0.07063683132530096,-0.05770918072289177,0.0947,26.83,80.3,,,,,,
2026-07-30T19:54:45.884131+00:00,S030,mounted,true,healthy,none,2100,healthy_horizontal_no_load_2100rpm,2322164,2132,300,988,1340,3,0,2017991,9,333,76,0,3,1648,1494,1212,61,143,1593,16383,1652,1643,1633441,800,2011,2133,522770,11951,8,382479,1496,66066,909,2322066257,2322165326,0,2322165405,2322165920,3335223247,17853305,0.0947,1637.0,0.16594371090285343,-0.037426726382729925,0.0947,26.74,80.1,,,,,,
2026-07-30T19:54:46.026916+00:00,S030,mounted,true,healthy,none,2100,healthy_horizontal_no_load_2100rpm,2322264,2133,302,986,1340,1,0,2018076,9,333,77,0,3,1648,1494,1227,61,142,1591,16383,1652,1644,1633285,800,1997,2066,522789,11954,8,382482,1496,66067,909,2322166328,2322265402,0,2322265476,2322265991,3334588195,17862270,0.0947,1637.0,0.05339236389493074,-0.06159975522837602,0.0947,26.8,80.2,,,,,,
2026-07-30T19:54:46.119858+00:00,S030,mounted,true,healthy,none,2100,healthy_horizontal_no_load_2100rpm,2322365,2129,300,989,1342,4,0,2018162,9,333,76,0,3,1648,1494,1211,61,137,1587,16383,1653,1643,1649576,808,2005,2287,522741,11953,8,382482,1496,66068,909,2322266396,2322366141,0,2322366151,2322366666,3367818578,17859279,0.0947,1637.0,0.42201932159290534,-0.04798778758470679,0.0947,26.93,80.5,,,,,,
2026-07-30T19:54:46.211593+00:00,S030,mounted,true,healthy,none,2100,healthy_horizontal_no_load_2100rpm,2322465,2128,300,989,1342,6,0,2018247,9,333,77,0,3,1648,1494,1206,61,137,1593,16383,1654,1642,1633362,800,1999,2070,522764,11951,8,382479,1496,66069,909,2322367071,2322466192,0,2322466201,2322466720,3334900758,17853303,0.0947,1637.0,0.06092455066521607,-0.05743037595180356,0.0947,26.74,80.1,,,,,,
2026-07-30T19:54:46.303737+00:00,S030,mounted,true,healthy,none,2100,healthy_horizontal_no_load_2100rpm,2322565,2131,296,990,1338,3,0,2018333,9,333,76,0,3,1648,1494,1234,61,137,1593,16383,1653,1641,1633678,800,2009,2077,522805,11954,8,382482,1496,66070,909,2322467125,2322566370,0,2322566384,2322566899,3336186952,17862266,0.0947,1637.0,0.07172444085661667,-0.041601125815626805,0.0947,26.74,80.1,,,,,,
2026-07-30T19:54:46.398585+00:00,S030,mounted,true,healthy,none,2100,healthy_horizontal_no_load_2100rpm,2322665,2131,298,989,1339,1,0,2018418,9,333,76,0,3,1648,1494,1208,61,137,1596,16383,1653,1641,1633183,800,1823,2127,522799,11955,8,382486,1496,66071,909,2322567308,2322666387,0,2322666401,2322666916,3334235463,17865257,0.0947,1637.0,0.15475555508155558,-0.3518340117942289,0.0947,26.65,80.0,,,,,,
2026-07-30T19:54:46.492337+00:00,S030,mounted,true,healthy,none,2100,healthy_horizontal_no_load_2100rpm,2322766,2133,301,987,1340,4,0,2018504,9,333,76,0,3,1648,1494,1222,61,137,1591,16383,1652,1640,1649303,808,2014,2073,522759,11954,8,382488,1496,66072,909,2322667325,2322767185,0,2322767259,2322767774,3366641071,17862268,0.0947,1637.0,0.06505823105236708,-0.03326836356031526,0.0947,26.8,80.2,,,,,,
2026-07-30T19:54:46.632274+00:00,S030,mounted,true,healthy,none,2100,healthy_horizontal_no_load_2100rpm,2322866,2132,300,988,1340,6,0,2018589,9,333,77,0,3,1648,1494,1238,62,138,1595,16383,1654,1641,1632972,800,1967,2071,522761,11954,8,382490,1496,66073,909,2322768182,2322867254,0,2322867328,2322867843,3333319470,17862270,0.0947,1637.0,0.06172512615024228,-0.1115963287602475,0.0947,26.68,80.0,,,,,,
2026-07-30T19:54:46.725750+00:00,S030,mounted,true,healthy,none,2100,healthy_horizontal_no_load_2100rpm,2322966,2132,302,987,1341,3,0,2018675,9,333,77,0,3,1648,1494,1227,62,138,1596,16383,1652,1642,1633076,800,1839,2067,522777,11952,8,382489,1496,66074,909,2322868248,2322967328,0,2322967407,2322967922,3333768422,17856292,0.0947,1637.0,0.05563534939759052,-0.3244021927710845,0.0947,26.65,80.0,,,,,,
2026-07-30T19:54:46.818664+00:00,S030,mounted,true,healthy,none,2100,healthy_horizontal_no_load_2100rpm,2323066,2131,297,989,1338,1,0,2018760,9,333,76,0,3,1648,1495,1247,62,139,1595,16383,1652,1643,1633591,800,2007,2067,522808,11957,8,382497,1496,66075,909,2322968327,2323067388,0,2323067466,2323067981,3335834165,17871233,0.0947,1637.0,0.05419462833486621,-0.045773430542778826,0.0947,26.68,80.0,,,,,,
2026-07-30T19:54:46.912539+00:00,S030,mounted,true,healthy,none,2100,healthy_horizontal_no_load_2100rpm,2323167,2133,299,987,1338,4,0,2018846,9,333,76,0,3,1648,1494,1203,63,144,1595,16383,1652,1640,1649348,808,2007,2069,522757,11955,8,382500,1496,66076,909,2323068390,2323168088,0,2323168102,2323168617,3366823120,17865257,0.0947,1637.0,0.0581035982434126,-0.045214010790464165,0.0947,26.68,80.0,,,,,,
2026-07-30T19:54:47.005902+00:00,S030,mounted,true,healthy,none,2100,healthy_horizontal_no_load_2100rpm,2323267,2131,299,989,1340,6,0,2018931,9,333,76,0,3,1648,1494,1248,63,144,1601,16383,1653,1640,1633465,800,2015,2103,522794,11953,8,382500,1496,66077,909,2323169026,2323268120,0,2323268129,2323268644,3335317847,17859281,0.0947,1637.0,0.11534801631389602,-0.031320868819543435,0.0947,26.5,79.7,,,,,,
2026-07-30T19:54:47.100593+00:00,S030,mounted,true,healthy,none,2100,healthy_horizontal_no_load_2100rpm,2323367,2129,299,990,1341,2,0,2019016,9,333,77,0,3,1648,1494,1228,63,134,1592,16383,1655,1643,1633873,800,2001,2155,522861,11955,8,382503,1496,66078,909,2323269049,2323368241,0,2323368251,2323368765,3336994851,17865255,0.0947,1637.0,0.2014151204516934,-0.05521248908406573,0.0947,26.77,80.2,,,,,,
2026-07-30T19:54:47.193983+00:00,S030,mounted,true,healthy,none,2100,healthy_horizontal_no_load_2100rpm,2323467,2131,300,988,1341,1,0,2019102,9,333,77,0,3,1648,1494,1234,63,134,1583,16383,1656,1643,1633110,800,1903,2253,522833,11951,8,382499,1496,66079,909,2323369170,2323468401,0,2323468416,2323468931,3333945000,17853303,0.0947,1637.0,0.3659802065935902,-0.21745957250439307,0.0947,27.05,80.7,,,,,,
2026-07-30T19:54:47.334578+00:00,S030,mounted,true,healthy,none,2100,healthy_horizontal_no_load_2100rpm,2323568,2131,299,989,1340,4,0,2019188,9,333,76,0,3,1648,1494,1256,61,130,1595,16383,1653,1642,1649548,808,1957,2158,522824,11954,8,382500,1496,66080,909,2323469339,2323569132,0,2323569210,2323569725,3367670792,17862268,0.0947,1637.0,0.20671518939267175,-0.12826185327087192,0.0947,26.68,80.0,,,,,,
2026-07-30T19:54:47.429405+00:00,S030,mounted,true,healthy,none,2100,healthy_horizontal_no_load_2100rpm,2323668,2130,301,988,1342,6,0,2019273,9,333,77,0,3,1648,1494,1227,64,138,1595,16383,1652,1641,1633259,800,2005,2073,522795,11954,8,382501,1496,66081,909,2323570131,2323669211,0,2323669285,2323669800,3334472395,17862270,0.0947,1637.0,0.06505823105236708,-0.048267335619876395,0.0947,26.68,80.0,,,,,,
2026-07-30T19:54:47.522990+00:00,S030,mounted,true,healthy,none,2100,healthy_horizontal_no_load_2100rpm,2323768,2132,299,988,1339,2,0,2019358,9,333,76,0,3,1648,1494,1247,64,138,1613,16383,1652,1642,1632757,800,2003,2074,522748,11953,8,382501,1496,66082,909,2323670205,2323769284,0,2323769358,2323769873,3332430337,17859281,0.0947,1637.0,0.06701395189492176,-0.051321171337739724,0.0947,26.13,79.0,,,,,,
2026-07-30T19:54:47.615752+00:00,S030,mounted,true,healthy,none,2100,healthy_horizontal_no_load_2100rpm,2323868,2129,298,990,1341,1,0,2019444,9,333,76,0,3,1648,1495,1211,64,133,1600,16383,1652,1640,1632851,800,1943,2137,522752,11956,8,382506,1496,66083,909,2323770278,2323869347,0,2323869426,2323869941,3332834757,17868244,0.0947,1637.0,0.1711218330545332,-0.15213525894948177,0.0947,26.53,79.7,,,,,,
2026-07-30T19:54:47.708416+00:00,S030,mounted,true,healthy,none,2100,healthy_horizontal_no_load_2100rpm,2323968,2130,300,989,1342,5,0,2019529,9,333,77,0,3,1648,1495,1222,61,131,1598,16383,1652,1640,1632978,800,2009,2100,522738,11957,8,382513,1496,66084,909,2323870346,2323969422,0,2323969501,2323970016,3333331002,17871233,0.0947,1637.0,0.10917706071757127,-0.04244116191352365,0.0947,26.59,79.9,,,,,,
2026-07-30T19:54:47.801792+00:00,S030,mounted,true,healthy,none,2100,healthy_horizontal_no_load_2100rpm,2324069,2131,299,989,1340,6,0,2019615,9,333,76,0,3,1648,1494,1231,61,131,1590,16383,1652,1641,1649016,808,2003,2121,522736,11955,8,382515,1496,66085,909,2323970424,2324070225,0,2324070239,2324070754,3365478028,17865255,0.0947,1637.0,0.14475707678795446,-0.051879662986198394,0.0947,26.83,80.3,,,,,,
2026-07-30T19:54:47.893981+00:00,S030,mounted,true,healthy,none,2100,healthy_horizontal_no_load_2100rpm,2324169,2130,300,988,1340,2,0,2019700,9,333,76,0,3,1648,1494,1223,59,127,1593,16383,1652,1639,1633089,800,1925,2089,522759,11955,8,382517,1496,66086,909,2324071163,2324170283,0,2324170292,2324170807,3333804045,17865257,0.0947,1637.0,0.09143185922208241,-0.18185988080301163,0.0947,26.74,80.1,,,,,,
2026-07-30T19:54:48.035440+00:00,S030,mounted,true,healthy,none,2100,healthy_horizontal_no_load_2100rpm,2324269,2132,300,989,1341,3,0,2019785,9,333,76,0,2,1648,1494,1234,59,127,1594,16383,1652,1641,1633568,800,1977,2077,522802,11953,8,382516,1496,66087,909,2324171212,2324270440,0,2324270450,2324270965,3335745414,17859279,0.0947,1637.0,0.07201402752447095,-0.09465516012716524,0.0947,26.71,80.1,,,,,,
2026-07-30T19:54:48.135552+00:00,S030,mounted,true,healthy,none,2100,healthy_horizontal_no_load_2100rpm,2324370,2128,298,990,1341,5,0,2019871,9,333,76,0,3,1648,1494,1218,59,133,1592,16383,1652,1639,1649444,808,1883,2071,522797,11953,8,382515,1496,66088,909,2324271370,2324371075,0,2324371148,2324371663,3367244372,17859281,0.0947,1637.0,0.06201387626537258,-0.2513241965197026,0.0947,26.77,80.2,,,,,,
2026-07-30T19:54:48.225596+00:00,S030,mounted,true,healthy,none,2100,healthy_horizontal_no_load_2100rpm,2324470,2131,297,992,1341,6,0,2019957,9,333,76,0,2,1647,1495,1198,60,142,1590,16383,1652,1640,1633074,800,2007,2079,522748,11960,8,382527,1496,66089,909,2324372068,2324471279,0,2324471358,2324471873,3333715870,17880200,0.091,1637.0,0.07331937056856175,-0.04661220936454846,0.091,26.83,80.3,,,,,,
2026-07-30T19:54:48.318046+00:00,S030,mounted,true,healthy,none,2100,healthy_horizontal_no_load_2100rpm,2324570,2130,300,990,1342,2,0,2020042,9,333,77,0,3,1647,1494,1195,60,142,1595,16383,1651,1639,1633065,800,2009,2067,522740,11954,8,382527,1496,66090,909,2324472281,2324571346,0,2324571425,2324571939,3333678659,17862270,0.091,1637.0,0.05505891634599269,-0.041601125815626805,0.091,26.68,80.0,,,,,,
2026-07-30T19:54:48.411379+00:00,S030,mounted,true,healthy,none,2100,healthy_horizontal_no_load_2100rpm,2324671,2129,293,994,1339,1,0,2020128,9,333,76,0,2,1648,1494,1197,60,141,1595,16383,1652,1641,1649878,808,2003,2077,522813,11948,8,382516,1496,66091,909,2324572344,2324672082,0,2324672096,2324672611,3368990742,17844346,0.0947,1637.0,0.0734626879812521,-0.049924124204888454,0.0947,26.68,80.0,,,,,,
2026-07-30T19:54:48.503093+00:00,S030,mounted,true,healthy,none,2100,healthy_horizontal_no_load_2100rpm,2324771,2132,300,988,1340,5,0,2020213,9,333,77,0,2,1648,1495,1211,62,138,1599,16383,1653,1642,1633725,800,1946,2153,522842,11956,8,382520,1496,66092,909,2324673020,2324772101,0,2324772115,2324772630,3336398287,17868246,0.0947,1637.0,0.19778221177651378,-0.14713643793911046,0.0947,26.56,79.8,,,,,,
2026-07-30T19:54:48.596963+00:00,S030,mounted,true,healthy,none,2100,healthy_horizontal_no_load_2100rpm,2324871,2132,302,987,1341,4,0,2020298,9,333,77,0,3,1648,1494,1226,62,138,1597,16383,1652,1640,1632839,800,1993,2218,522761,11953,8,382519,1496,66093,909,2324773035,2324872157,0,2324872166,2324872682,3332796991,17859279,0.0947,1637.0,0.3070175821132768,-0.06798809010290352,0.0947,26.62,79.9,,,,,,
2026-07-30T19:54:48.737865+00:00,S030,mounted,true,healthy,none,2100,healthy_horizontal_no_load_2100rpm,2324971,2131,301,987,1340,2,0,2020384,9,333,77,0,3,1648,1494,1234,62,136,1595,16383,1653,1642,1633683,800,1926,2148,522800,11951,8,382514,1496,66094,909,2324873087,2324972185,0,2324972199,2324972714,3336232647,17853305,0.0947,1637.0,0.1909482728641949,-0.17911924416366842,0.0947,26.68,80.0,,,,,,
2026-07-30T19:54:48.830391+00:00,S030,mounted,true,healthy,none,2100,healthy_horizontal_no_load_2100rpm,2325071,2134,300,987,1339,3,0,2020469,9,333,76,0,3,1648,1494,1216,62,136,1609,16383,1652,1640,1633203,800,1979,2073,522767,11954,8,382514,1496,66095,909,2324973123,2325072233,0,2325072243,2325072758,3334252159,17862266,0.0947,1637.0,0.06505823105236708,-0.09159769934749873,0.0947,26.25,79.2,,,,,,
2026-07-30T19:54:48.923551+00:00,S030,mounted,true,healthy,none,2100,healthy_horizontal_no_load_2100rpm,2325171,2131,298,989,1339,1,0,2020554,9,333,76,0,3,1648,1494,1195,61,135,1608,16383,1652,1639,1633064,800,1857,2073,522781,11955,8,382516,1496,66096,909,2325073163,2325172286,0,2325172295,2325172810,3333726422,17865255,0.0947,1637.0,0.06476925043914683,-0.2951759681304895,0.0947,26.28,79.3,,,,,,
2026-07-30T19:54:49.015441+00:00,S030,mounted,true,healthy,none,2100,healthy_horizontal_no_load_2100rpm,2325271,2132,301,987,1340,4,0,2020640,9,333,76,0,3,1648,1495,1211,63,129,1602,16383,1652,1639,1633558,800,2010,2143,522787,11956,8,382520,1496,66097,909,2325173215,2325272440,0,2325272455,2325272970,3335705758,17868246,0.0947,1637.0,0.18111947507527582,-0.04049492305118818,0.0947,26.46,79.6,,,,,,
2026-07-30T19:54:49.110158+00:00,S030,mounted,true,healthy,none,2100,healthy_horizontal_no_load_2100rpm,2325372,2131,297,988,1337,2,0,2020726,9,333,76,0,3,1648,1494,1186,63,129,1596,16383,1653,1639,1649949,808,1833,2129,522833,11951,8,382515,1496,66098,909,2325273378,2325373079,0,2325373158,2325373673,3369354255,17853305,0.0947,1637.0,0.15927582771316207,-0.33414752832398964,0.0947,26.65,80.0,,,,,,
2026-07-30T19:54:49.202829+00:00,S030,mounted,true,healthy,none,2100,healthy_horizontal_no_load_2100rpm,2325472,2130,300,989,1342,3,0,2020811,9,333,77,0,3,1648,1495,1190,63,131,1593,16383,1653,1641,1633542,800,2005,2161,522812,11956,8,382519,1496,66099,909,2325374078,2325473249,0,2325473323,2325473838,3335659514,17868246,0.0947,1637.0,0.21111240113750407,-0.048826291401807165,0.0947,26.74,80.1,,,,,,
2026-07-30T19:54:49.344258+00:00,S030,mounted,true,healthy,none,2100,healthy_horizontal_no_load_2100rpm,2325572,2131,295,994,1340,1,0,2020896,9,333,76,0,2,1648,1494,1184,64,133,1593,16383,1652,1641,1633242,800,2013,2073,522776,11953,8,382518,1496,66100,909,2325474247,2325573332,0,2325573406,2325573920,3334407410,17859283,0.0947,1637.0,0.06534726001840552,-0.03465425257257637,0.0947,26.74,80.1,,,,,,
2026-07-30T19:54:49.438174+00:00,S030,mounted,true,healthy,none,2100,healthy_horizontal_no_load_2100rpm,2325672,2131,299,989,1340,4,0,2020982,9,333,76,0,3,1648,1494,1186,64,133,1594,16383,1653,1643,1633420,800,2005,2182,522756,11954,8,382518,1496,66101,909,2325574325,2325673414,0,2325673493,2325674008,3335152110,17862268,0.0947,1637.0,0.24671244821816973,-0.048267335619876395,0.0947,26.71,80.1,,,,,,
2026-07-30T19:54:49.531843+00:00,S030,mounted,true,healthy,none,2100,healthy_horizontal_no_load_2100rpm,2325773,2130,295,994,1341,6,0,2021067,9,333,76,0,2,1648,1495,1226,62,121,1595,16383,1652,1642,1649691,808,2008,2125,522759,11956,8,382522,1496,66102,909,2325674413,2325774080,0,2325774089,2325774604,3368238711,17868244,0.0947,1637.0,0.15112654901304756,-0.04382747039143586,0.0947,26.68,80.0,,,,,,
2026-07-30T19:54:49.625617+00:00,S030,mounted,true,healthy,none,2100,healthy_horizontal_no_load_2100rpm,2325873,2131,300,989,1341,3,0,2021153,9,333,77,0,3,1648,1494,1230,62,121,1596,16383,1652,1641,1633471,800,1931,2074,522792,11953,8,382521,1496,66103,909,2325775009,2325874225,0,2325874240,2325874755,3335355315,17859281,0.0947,1637.0,0.06701395189492176,-0.17132298644691746,0.0947,26.65,80.0,,,,,,
2026-07-30T19:54:49.719988+00:00,S030,mounted,true,healthy,none,2100,healthy_horizontal_no_load_2100rpm,2325973,2131,296,992,1340,1,0,2021238,9,333,76,0,3,1648,1494,1226,63,127,1593,16383,1651,1641,1632942,800,1976,2069,522763,11954,8,382521,1496,66104,909,2325875163,2325974403,0,2325974413,2325974928,3333185730,17862268,0.0947,1637.0,0.05839202124811749,-0.09659735670068637,0.0947,26.74,80.1,,,,,,
2026-07-30T19:54:49.813727+00:00,S030,mounted,true,healthy,none,2100,healthy_horizontal_no_load_2100rpm,2326074,2129,300,989,1341,4,0,2021324,9,333,76,0,3,1648,1494,1229,63,124,1594,16383,1651,1642,1649861,808,2015,2201,522779,11953,8,382520,1496,66105,909,2325975333,2326075211,0,2326075285,2326075800,3368952883,17859281,0.0947,1637.0,0.2786838202124988,-0.031320868819543435,0.0947,26.71,80.1,,,,,,
2026-07-30T19:54:49.907543+00:00,S030,mounted,true,healthy,none,2100,healthy_horizontal_no_load_2100rpm,2326174,2131,294,996,1341,2,0,2021410,9,333,76,0,2,1648,1495,1219,63,124,1593,16383,1652,1642,1633461,800,2009,2065,522783,11956,8,382524,1496,66106,909,2326076205,2326175299,0,2326175378,2326175893,3335297199,17868246,0.0947,1637.0,0.0511501288056202,-0.0421611967213118,0.0947,26.74,80.1,,,,,,
2026-07-30T19:54:50.046510+00:00,S030,mounted,true,healthy,none,2100,healthy_horizontal_no_load_2100rpm,2326274,2132,298,989,1339,3,0,2021495,9,333,76,0,3,1648,1494,1222,63,122,1591,16383,1651,1639,1632900,800,2011,2065,522755,11955,8,382526,1496,66107,909,2326176298,2326275355,0,2326275434,2326275949,3333008134,17865259,0.0947,1637.0,0.05143794604767837,-0.03854835859473038,0.0947,26.8,80.2,,,,,,
2026-07-30T19:54:50.141770+00:00,S030,mounted,true,healthy,none,2100,healthy_horizontal_no_load_2100rpm,2326375,2133,298,987,1336,5,0,2021581,9,333,76,0,3,1648,1494,1250,60,120,1595,16383,1652,1642,1649749,808,2011,2066,522759,11950,8,382519,1496,66108,909,2326276358,2326376033,0,2326376048,2326376563,3368464823,17850316,0.0947,1637.0,0.0545448651046021,-0.03714620100418431,0.0947,26.68,80.0,,,,,,
2026-07-30T19:54:50.236128+00:00,S030,mounted,true,healthy,none,2100,healthy_horizontal_no_load_2100rpm,2326475,2131,299,989,1340,4,0,2021666,9,333,77,0,3,1648,1495,1230,60,120,1595,16383,1653,1640,1633246,800,2011,2131,522759,11959,8,382529,1496,66109,909,2326376971,2326476152,0,2326476161,2326476676,3334427074,17877211,0.0947,1637.0,0.16023344033782072,-0.03966924048833542,0.0947,26.68,80.0,,,,,,
2026-07-30T19:54:50.330234+00:00,S030,mounted,true,healthy,none,2100,healthy_horizontal_no_load_2100rpm,2326575,2130,297,991,1340,6,0,2021751,9,333,76,0,3,1648,1494,1238,62,120,1591,16383,1652,1642,1633443,800,1977,2103,522763,11955,8,382530,1496,66110,909,2326477081,2326576189,0,2326576199,2326576713,3335233571,17865257,0.0947,1637.0,0.11476164190715155,-0.09520640225846977,0.0947,26.8,80.2,,,,,,
2026-07-30T19:54:50.424608+00:00,S030,mounted,true,healthy,none,2100,healthy_horizontal_no_load_2100rpm,2326675,2131,300,988,1340,3,0,2021837,9,333,76,0,3,1648,1494,1261,62,120,1593,16383,1652,1644,1633375,800,2001,2073,522776,11953,8,382528,1496,66111,909,2326577118,2326676256,0,2326676270,2326676785,3334950179,17859279,0.0947,1637.0,0.06534726001840552,-0.05465455509077222,0.0947,26.74,80.1,,,,,,
2026-07-30T19:54:50.518447+00:00,S030,mounted,true,healthy,none,2100,healthy_horizontal_no_load_2100rpm,2326775,2131,299,988,1339,1,0,2021922,9,333,76,0,3,1648,1494,1224,65,125,1592,16383,1653,1641,1633680,800,2005,2155,522828,11953,8,382526,1496,66112,909,2326677194,2326776293,0,2326776307,2326776822,3336207918,17859279,0.0947,1637.0,0.2020159938927466,-0.04798778758470679,0.0947,26.77,80.2,,,,,,
2026-07-30T19:54:50.611534+00:00,S030,mounted,true,healthy,none,2100,healthy_horizontal_no_load_2100rpm,2326876,2128,298,990,1340,4,0,2022008,9,333,76,0,3,1648,1494,1209,63,124,1599,16383,1654,1640,1649483,808,1961,2100,522826,11954,8,382526,1496,66113,909,2326777231,2326877056,0,2326877135,2326877650,3367386021,17862270,0.0947,1637.0,0.11005514723105225,-0.12159564346662233,0.0947,26.56,79.8,,,,,,
2026-07-30T19:54:50.754140+00:00,S030,mounted,true,healthy,none,2100,healthy_horizontal_no_load_2100rpm,2326976,2130,297,989,1338,6,0,2022093,9,333,76,0,3,1648,1495,1255,63,124,1594,16383,1654,1638,1633496,800,1889,2287,522837,11956,8,382530,1496,66114,909,2326878058,2326977118,0,2326977192,2326977708,3335524996,17868244,0.0947,1637.0,0.42106288357310095,-0.24211403713616608,0.0947,26.71,80.1,,,,,,
2026-07-30T19:54:50.847536+00:00,S030,mounted,true,healthy,none,2100,healthy_horizontal_no_load_2100rpm,2327076,2131,299,988,1339,3,0,2022179,9,333,77,0,3,1648,1495,1224,62,117,1594,16383,1651,1642,1632821,800,1865,2069,522781,11958,8,382537,1496,66115,909,2326978113,2327077252,0,2327077331,2327077846,3332712241,17874222,0.0947,1637.0,0.0572386186653282,-0.28262435775213257,0.0947,26.71,80.1,,,,,,
2026-07-30T19:54:50.941348+00:00,S030,mounted,true,healthy,none,2100,healthy_horizontal_no_load_2100rpm,2327176,2132,296,990,1338,1,0,2022264,9,333,76,0,2,1647,1494,1199,61,111,1597,16383,1651,1639,1632740,800,1897,2065,522742,11953,8,382535,1496,66116,909,2327078251,2327177312,0,2327177391,2327177906,3332373616,17859279,0.091,1637.0,0.052013725006274214,-0.2279905102484734,0.091,26.62,79.9,,,,,,
2026-07-30T19:54:51.033288+00:00,S030,mounted,true,healthy,none,2100,healthy_horizontal_no_load_2100rpm,2327276,2130,300,989,1342,5,0,2022349,9,333,77,0,3,1648,1494,1206,61,111,1596,16383,1652,1642,1632865,800,2013,2070,522764,11951,8,382529,1496,66117,909,2327178314,2327277465,0,2327277539,2327278053,3332863003,17853303,0.0947,1637.0,0.06092455066521607,-0.034092784787884245,0.0947,26.65,80.0,,,,,,
2026-07-30T19:54:51.128003+00:00,S030,mounted,true,healthy,none,2100,healthy_horizontal_no_load_2100rpm,2327377,2131,300,989,1342,6,0,2022435,9,333,77,0,3,1648,1494,1225,63,110,1595,16383,1652,1643,1649750,808,2005,2075,522751,11952,8,382525,1496,66118,909,2327278458,2327378082,0,2327378091,2327378606,3368467792,17856292,0.0947,1637.0,0.06896999999999975,-0.04770819277108451,0.0947,26.68,80.0,,,,,,
2026-07-30T19:54:51.221273+00:00,S030,mounted,true,healthy,none,2100,healthy_horizontal_no_load_2100rpm,2327477,2130,296,994,1342,2,0,2022520,9,333,76,0,2,1648,1495,1246,63,110,1593,16383,1652,1641,1633981,800,2015,2069,522843,11958,8,382533,1496,66119,909,2327379011,2327478231,0,2327478241,2327478756,3337426941,17874222,0.0947,1637.0,0.0572386186653282,-0.032725110386352174,0.0947,26.74,80.1,,,,,,
2026-07-30T19:54:51.314119+00:00,S030,mounted,true,healthy,none,2100,healthy_horizontal_no_load_2100rpm,2327577,2131,301,989,1342,1,0,2022606,9,333,77,0,3,1648,1494,1197,60,111,1589,16383,1653,1642,1632714,800,2005,2071,522762,11951,8,382527,1496,66120,909,2327479162,2327578374,0,2327578388,2327578903,3332249302,17853303,0.0947,1637.0,0.06259152146263913,-0.04742855116726652,0.0947,26.86,80.4,,,,,,
2026-07-30T19:54:51.454325+00:00,S030,mounted,true,healthy,none,2100,healthy_horizontal_no_load_2100rpm,2327678,2129,298,990,1340,4,0,2022692,9,333,77,0,3,1648,1494,1185,58,112,1591,16383,1652,1643,1649438,808,1999,2065,522771,11952,8,382524,1496,66121,909,2327579308,2327679222,0,2327679301,2327679816,3367192244,17856294,0.0947,1637.0,0.052301686746988096,-0.05770918072289177,0.0947,26.8,80.2,,,,,,
2026-07-30T19:54:51.547898+00:00,S030,mounted,true,healthy,none,2100,healthy_horizontal_no_load_2100rpm,2327778,2130,300,990,1342,6,0,2022777,9,333,76,0,3,1648,1494,1203,58,112,1586,16383,1652,1643,1633309,800,2009,2065,522780,11955,8,382526,1496,66122,909,2327680221,2327779348,0,2327779426,2327779941,3334673589,17865255,0.0947,1637.0,0.05143794604767837,-0.04188118469259772,0.0947,26.96,80.5,,,,,,
2026-07-30T19:54:51.641101+00:00,S030,mounted,true,healthy,none,2100,healthy_horizontal_no_load_2100rpm,2327878,2130,299,991,1342,2,0,2022862,9,333,76,0,3,1648,1494,1226,58,123,1591,16383,1652,1643,1633426,800,2011,2065,522814,11954,8,382526,1496,66123,909,2327780350,2327879422,0,2327879496,2327880011,3335155002,17862268,0.0947,1637.0,0.0517258114438679,-0.03826802091350201,0.0947,26.8,80.2,,,,,,
2026-07-30T19:54:51.733701+00:00,S030,mounted,true,healthy,none,2100,healthy_horizontal_no_load_2100rpm,2327979,2116,298,997,1350,1,0,2022948,9,333,77,1,3,1648,1494,1185,58,124,1595,16383,1652,1640,1649259,808,1977,2119,522758,11955,8,382528,1496,66124,909,2327880416,2327980175,0,2327980189,2327980704,3366476607,17865255,0.0947,1637.0,0.14142425069008757,-0.09520640225846977,0.0947,26.68,80.0,,,,,,
2026-07-30T19:54:51.827527+00:00,S030,mounted,true,healthy,none,2100,healthy_horizontal_no_load_2100rpm,2328079,2103,299,1001,1357,1,0,2023032,9,333,77,0,3,1647,1495,1221,58,124,1594,16383,1653,1643,1633050,800,2017,2069,522759,11957,8,382534,1496,66125,909,2327981112,2328080257,0,2328080271,2328080786,3333620164,17871233,0.091,1637.0,0.057526896964120944,-0.029112087396504283,0.091,26.71,80.1,,,,,,
2026-07-30T19:54:51.920340+00:00,S030,mounted,true,healthy,none,2100,healthy_horizontal_no_load_2100rpm,2328179,2101,299,1004,1360,1,0,2023116,9,333,77,0,3,1647,1494,1184,58,116,1591,16383,1650,1641,1632650,800,1975,2079,522718,11953,8,382532,1496,66126,909,2328081196,2328180298,0,2328180308,2328180823,3331992932,17859279,0.091,1637.0,0.075347411277503,-0.09798854388019729,0.091,26.8,80.2,,,,,,
2026-07-30T19:54:52.013543+00:00,S030,mounted,true,healthy,none,2100,healthy_horizontal_no_load_2100rpm,2328279,2098,300,1004,1362,1,0,2023200,9,333,77,0,3,1647,1494,1200,58,116,1594,16383,1653,1643,1633332,800,1999,2079,522752,11954,8,382532,1496,66127,909,2328181228,2328280360,0,2328280369,2328280884,3334771978,17862266,0.091,1637.0,0.07505754575874146,-0.05826665032625078,0.091,26.71,80.1,,,,,,
2026-07-30T19:54:52.154654+00:00,S030,mounted,true,healthy,none,2100,healthy_horizontal_no_load_2100rpm,2328379,2098,300,1004,1362,1,0,2023284,9,333,77,0,2,1647,1494,1188,57,112,1597,16383,1652,1642,1632983,800,2014,2110,522754,11954,8,382532,1496,66128,909,2328281291,2328380398,0,2328380408,2328380923,3333356449,17862266,0.091,1637.0,0.12672067174167623,-0.03326836356031526,0.091,26.62,79.9,,,,,,
2026-07-30T19:54:52.248537+00:00,S030,mounted,true,healthy,none,2100,healthy_horizontal_no_load_2100rpm,2328479,2112,300,997,1352,1,0,2023368,9,333,76,0,3,1647,1494,1203,60,121,1599,16383,1657,1642,1633346,800,2011,2150,522759,11954,8,382532,1496,66129,909,2328381333,2328480433,0,2328480443,2328480957,3334849126,17862266,0.091,1637.0,0.19338276978417213,-0.03826802091350201,0.091,26.56,79.8,,,,,,
2026-07-30T19:54:52.341134+00:00,S030,mounted,true,healthy,none,2100,healthy_horizontal_no_load_2100rpm,2328580,2123,300,991,1345,4,0,2023454,9,333,77,0,3,1648,1494,1195,60,121,1598,16383,1652,1642,1649882,808,1971,2121,522781,11951,8,382526,1496,66130,909,2328481363,2328581069,0,2328581147,2328581662,3369014110,17853305,0.0947,1637.0,0.14594006133377935,-0.10410555827964219,0.0947,26.59,79.9,,,,,,
2026-07-30T19:54:52.434756+00:00,S030,mounted,true,healthy,none,2100,healthy_horizontal_no_load_2100rpm,2328680,2128,299,989,1341,6,0,2023539,9,333,77,0,3,1647,1494,1179,61,124,1594,16383,1652,1639,1632291,800,2014,2094,522702,11955,8,382528,1496,66131,909,2328582071,2328681150,0,2328681228,2328681743,3330522659,17865257,0.091,1637.0,0.09976392446675009,-0.03354911944793004,0.091,26.71,80.1,,,,,,
2026-07-30T19:54:52.530101+00:00,S030,mounted,true,healthy,none,2100,healthy_horizontal_no_load_2100rpm,2328780,2129,296,994,1342,2,0,2023624,9,333,76,0,2,1647,1494,1196,59,122,1595,16383,1652,1640,1632942,800,1992,2169,522736,11955,8,382530,1496,66132,909,2328682148,2328781354,0,2328781428,2328781943,3333197832,17865257,0.091,1637.0,0.22474490313676254,-0.07021020652446675,0.091,26.68,80.0,,,,,,
2026-07-30T19:54:52.624532+00:00,S030,mounted,true,healthy,none,2100,healthy_horizontal_no_load_2100rpm,2328881,2131,300,989,1341,1,0,2023710,9,333,76,0,3,1647,1494,1206,59,122,1593,16383,1652,1641,1649692,808,2015,2069,522750,11953,8,382528,1496,66133,909,2328782348,2328882216,0,2328882225,2328882740,3368223922,17859279,0.091,1637.0,0.058680492512339644,-0.031320868819543435,0.091,26.74,80.1,,,,,,
2026-07-30T19:54:52.720345+00:00,S030,mounted,true,healthy,none,2100,healthy_horizontal_no_load_2100rpm,2328981,2129,299,990,1341,4,0,2023796,9,333,76,0,2,1648,1494,1216,61,123,1591,16383,1651,1643,1633322,800,2008,2162,522766,11950,8,382520,1496,66134,909,2328883145,2328982395,0,2328982409,2328982924,3334750236,17850316,0.0947,1637.0,0.21458745322175732,-0.0421475318828457,0.0947,26.8,80.2,,,,,,
2026-07-30T19:54:52.862273+00:00,S030,mounted,true,healthy,none,2100,healthy_horizontal_no_load_2100rpm,2329082,2130,300,990,1342,6,0,2023881,9,333,77,0,3,1648,1495,1200,61,123,1588,16383,1652,1640,1649564,808,1992,2109,522765,11957,8,382526,1496,66135,909,2328983329,2329083063,0,2329083137,2329083652,3367714078,17871233,0.0947,1637.0,0.12417226954921778,-0.07076544526218953,0.0947,26.89,80.4,,,,,,
2026-07-30T19:54:52.956180+00:00,S030,mounted,true,healthy,none,2100,healthy_horizontal_no_load_2100rpm,2329182,2134,300,987,1339,3,0,2023967,9,333,77,0,3,1648,1494,1205,63,128,1592,16383,1652,1640,1633422,800,1878,2175,522769,11955,8,382528,1496,66136,909,2329084057,2329183144,0,2329183222,2329183738,3335185630,17865259,0.0947,1637.0,0.23474338143036366,-0.26018129410288626,0.0947,26.77,80.2,,,,,,
2026-07-30T19:54:53.050831+00:00,S030,mounted,true,healthy,none,2100,healthy_horizontal_no_load_2100rpm,2329282,2133,299,987,1338,1,0,2024052,9,333,76,0,3,1648,1494,1222,63,132,1592,16383,1651,1639,1632782,800,2004,2065,522755,11954,8,382528,1496,66137,909,2329184146,2329283228,0,2329283302,2329283817,3332527238,17862268,0.0947,1637.0,0.0517258114438679,-0.04993388807093879,0.0947,26.77,80.2,,,,,,
2026-07-30T19:54:53.145118+00:00,S030,mounted,true,healthy,none,2100,healthy_horizontal_no_load_2100rpm,2329382,2129,300,989,1341,4,0,2024138,9,333,77,0,3,1648,1494,1211,63,132,1595,16383,1651,1641,1632630,800,1905,2068,522752,11952,8,382524,1496,66138,909,2329284222,2329383315,0,2329383393,2329383908,3331930434,17856292,0.0947,1637.0,0.05730218072289084,-0.21439132530120464,0.0947,26.68,80.0,,,,,,
2026-07-30T19:54:53.236506+00:00,S030,mounted,true,healthy,none,2100,healthy_horizontal_no_load_2100rpm,2329482,2132,297,991,1340,6,0,2024223,9,333,76,0,3,1648,1494,1224,64,141,1596,16383,1652,1641,1633115,800,1974,2265,522747,11953,8,382523,1496,66139,909,2329384314,2329483360,0,2329483438,2329483953,3333953357,17859281,0.0947,1637.0,0.38535210030954525,-0.09965523575671398,0.0947,26.65,80.0,,,,,,
2026-07-30T19:54:53.330963+00:00,S030,mounted,true,healthy,none,2100,healthy_horizontal_no_load_2100rpm,2329583,2131,302,988,1342,3,0,2024309,9,333,77,0,3,1648,1494,1231,63,134,1596,16383,1652,1642,1649739,808,1993,2075,522747,11951,8,382518,1496,66140,909,2329484362,2329584036,0,2329584050,2329584565,3368428751,17853305,0.0947,1637.0,0.06925940465233005,-0.0674322007363406,0.0947,26.65,80.0,,,,,,
2026-07-30T19:54:53.424971+00:00,S030,mounted,true,healthy,none,2100,healthy_horizontal_no_load_2100rpm,2329683,2134,299,988,1339,1,0,2024394,9,333,76,0,3,1648,1494,1232,63,134,1596,16383,1655,1643,1633292,800,2007,2069,522789,11952,8,382515,1496,66141,909,2329584974,2329684103,0,2329684113,2329684628,3334611434,17856290,0.0947,1637.0,0.05896901204819249,-0.04437453012048209,0.0947,26.65,80.0,,,,,,
2026-07-30T19:54:53.565359+00:00,S030,mounted,true,healthy,none,2100,healthy_horizontal_no_load_2100rpm,2329783,2128,295,991,1338,4,0,2024480,9,333,76,0,3,1648,1494,1264,63,136,1597,16383,1652,1642,1633226,800,1907,2066,522772,11952,8,382512,1496,66142,909,2329685033,2329784271,0,2329784285,2329784800,3334355364,17856292,0.0947,1637.0,0.05396851807228931,-0.21105766265060222,0.0947,26.62,79.9,,,,,,
2026-07-30T19:54:53.659959+00:00,S030,mounted,true,healthy,none,2100,healthy_horizontal_no_load_2100rpm,2329883,2131,299,988,1339,6,0,2024565,9,333,77,0,3,1648,1494,1224,63,136,1589,16383,1652,1640,1633031,800,2009,2067,522734,11952,8,382509,1496,66143,909,2329785205,2329884314,0,2329884328,2329884843,3333541391,17856290,0.0947,1637.0,0.05563534939759052,-0.04104086746987967,0.0947,26.86,80.4,,,,,,
2026-07-30T19:54:53.757891+00:00,S030,mounted,true,healthy,none,2100,healthy_horizontal_no_load_2100rpm,2329983,2128,299,990,1342,2,0,2024650,9,333,76,0,3,1648,1495,1259,64,135,1594,16383,1652,1641,1633024,800,1999,2135,522746,11956,8,382514,1496,66144,909,2329885252,2329984343,0,2329984352,2329984867,3333534430,17868244,0.0947,1637.0,0.16778928571428553,-0.05882393342254977,0.0947,26.71,80.1,,,,,,
2026-07-30T19:54:53.848183+00:00,S030,mounted,true,healthy,none,2100,healthy_horizontal_no_load_2100rpm,2330083,2110,296,1000,1351,3,0,2024735,9,333,76,0,3,1647,1494,1245,64,128,1594,16383,1653,1640,1632466,800,1941,2169,522708,11953,8,382513,1496,66145,909,2329985272,2330084385,0,2330084399,2330084914,3331272216,17859279,0.091,1637.0,0.22534968016397539,-0.1546560676817541,0.091,26.71,80.1,,,,,,
2026-07-30T19:54:53.941314+00:00,S030,mounted,true,healthy,none,2100,healthy_horizontal_no_load_2100rpm,2330183,2106,300,1001,1357,3,0,2024819,9,333,77,0,3,1648,1494,1234,64,128,1593,16383,1652,1644,1633398,800,2015,2169,522763,11955,8,382515,1496,66146,909,2330085320,2330184413,0,2330184422,2330184937,3335060704,17865255,0.0947,1637.0,0.22474490313676254,-0.03188270639899615,0.0947,26.74,80.1,,,,,,
2026-07-30T19:54:54.032727+00:00,S030,mounted,true,healthy,none,2100,healthy_horizontal_no_load_2100rpm,2330284,2111,299,997,1351,1,0,2024904,9,333,76,0,3,1648,1494,1234,64,128,1598,16383,1652,1644,1649265,808,1981,2093,522781,11953,8,382514,1496,66147,909,2330185348,2330285067,0,2330285145,2330285660,3366493933,17859281,0.0947,1637.0,0.09868109754873267,-0.08798839262109981,0.0947,26.59,79.9,,,,,,
2026-07-30T19:54:54.125995+00:00,S030,mounted,true,healthy,none,2100,healthy_horizontal_no_load_2100rpm,2330384,2120,298,992,1344,5,0,2024989,9,333,77,0,3,1648,1494,1247,64,130,1595,16383,1651,1643,1632823,800,1937,2069,522758,11954,8,382514,1496,66148,909,2330286069,2330385137,0,2330385216,2330385731,3332716055,17862270,0.0947,1637.0,0.05839202124811749,-0.1615929022921203,0.0947,26.68,80.0,,,,,,
2026-07-30T19:54:54.266809+00:00,S030,mounted,true,healthy,none,2100,healthy_horizontal_no_load_2100rpm,2330484,2131,301,988,1341,4,0,2025074,9,333,77,0,3,1647,1494,1229,64,130,1593,16383,1652,1641,1632773,800,2003,2066,522724,11954,8,382514,1496,66149,909,2330386140,2330485217,0,2330485291,2330485805,3332497901,17862268,0.091,1637.0,0.05339236389493074,-0.05160044052200119,0.091,26.74,80.1,,,,,,
2026-07-30T19:54:54.361383+00:00,S030,mounted,true,healthy,none,2100,healthy_horizontal_no_load_2100rpm,2330584,2132,300,989,1341,6,0,2025159,9,333,77,0,3,1648,1494,1213,64,131,1589,16383,1652,1642,1633556,800,2005,2135,522752,11955,8,382516,1496,66150,909,2330486211,2330585263,0,2330585337,2330585852,3335695388,17865255,0.0947,1637.0,0.1680868594730236,-0.0485468368883315,0.0947,26.86,80.4,,,,,,
2026-07-30T19:54:54.455507+00:00,S030,mounted,true,healthy,none,2100,healthy_horizontal_no_load_2100rpm,2330684,2131,299,989,1340,3,0,2025245,9,333,76,0,2,1648,1494,1208,64,131,1589,16383,1652,1644,1633216,800,2009,2169,522752,11953,8,382515,1496,66151,909,2330586257,2330685419,0,2330685498,2330686013,3334315642,17859279,0.0947,1637.0,0.22534968016397539,-0.04132102007864136,0.0947,26.86,80.4,,,,,,
2026-07-30T19:54:54.547523+00:00,S030,mounted,true,healthy,none,2100,healthy_horizontal_no_load_2100rpm,2330785,2132,300,989,1341,1,0,2025330,9,333,77,0,3,1648,1494,1218,61,125,1593,16383,1652,1643,1649858,808,1999,2151,522780,11954,8,382515,1496,66152,909,2330686422,2330786095,0,2330786104,2330786618,3368926604,17862266,0.0947,1637.0,0.19504932223523497,-0.05826665032625078,0.0947,26.74,80.1,,,,,,
2026-07-30T19:54:54.641246+00:00,S030,mounted,true,healthy,none,2100,healthy_horizontal_no_load_2100rpm,2330885,2131,300,989,1341,4,0,2025416,9,333,76,0,3,1648,1495,1216,64,132,1595,16383,1651,1643,1633010,800,1999,2068,522757,11956,8,382519,1496,66153,909,2330787024,2330886234,0,2330886248,2330886763,3333459708,17868244,0.0947,1637.0,0.0561489498159915,-0.05882393342254977,0.0947,26.68,80.0,,,,,,
2026-07-30T19:54:54.734922+00:00,S030,mounted,true,healthy,none,2100,healthy_horizontal_no_load_2100rpm,2330985,2129,300,989,1341,6,0,2025501,9,333,76,0,3,1648,1494,1243,64,132,1592,16383,1653,1643,1634102,800,2003,2111,522827,11954,8,382519,1496,66154,909,2330887173,2330986292,0,2330986302,2330986816,3337920726,17862268,0.0947,1637.0,0.12838722419273818,-0.05160044052200119,0.0947,26.77,80.2,,,,,,
2026-07-30T19:54:54.874679+00:00,S030,mounted,true,healthy,none,2100,healthy_horizontal_no_load_2100rpm,2331086,2128,300,989,1342,3,0,2025587,9,333,77,0,3,1648,1495,1197,58,117,1595,16383,1652,1642,1649329,808,2003,2069,522786,11957,8,382525,1496,66155,909,2330987221,2331087070,0,2331087144,2331087659,3366744351,17871233,0.0947,1637.0,0.057526896964120944,-0.052437967801287844,0.0947,26.68,80.0,,,,,,
2026-07-30T19:54:54.969857+00:00,S030,mounted,true,healthy,none,2100,healthy_horizontal_no_load_2100rpm,2331186,2130,300,989,1341,1,0,2025672,9,333,76,0,3,1648,1494,1187,58,114,1599,16383,1652,1643,1633177,800,2009,2073,522762,11952,8,382522,1496,66156,909,2331088064,2331187295,0,2331187369,2331187884,3334145269,17856292,0.0947,1637.0,0.06563633734939733,-0.04104086746987967,0.0947,26.56,79.8,,,,,,
2026-07-30T19:54:55.062973+00:00,S030,mounted,true,healthy,none,2100,healthy_horizontal_no_load_2100rpm,2331286,2133,300,987,1339,4,0,2025758,9,333,77,0,3,1647,1494,1174,58,114,1603,16383,1652,1640,1632791,800,2013,2279,522710,11955,8,382524,1496,66157,909,2331188289,2331287371,0,2331287450,2331287965,3332620367,17865255,0.091,1637.0,0.40805033851944783,-0.03521553249686349,0.091,26.43,79.6,,,,,,
2026-07-30T19:54:55.156816+00:00,S030,mounted,true,healthy,none,2100,healthy_horizontal_no_load_2100rpm,2331387,2130,298,990,1340,2,0,2025844,9,333,76,0,3,1648,1494,1196,60,115,1602,16383,1653,1639,1649250,808,2006,2077,522767,11955,8,382526,1496,66158,909,2331288374,2331388043,0,2331388057,2331388572,3366429038,17865255,0.0947,1637.0,0.07143490263488061,-0.04688042383939761,0.0947,26.46,79.6,,,,,,
2026-07-30T19:54:55.250231+00:00,S030,mounted,true,healthy,none,2100,healthy_horizontal_no_load_2100rpm,2331487,2129,300,990,1343,3,0,2025929,9,333,77,0,3,1647,1494,1193,60,115,1600,16383,1652,1642,1633043,800,2015,2193,522744,11954,8,382526,1496,66159,0,2331388977,2331488147,0,2331488162,2331488677,3333615069,17862270,0.091,1637.0,0.26504452517985566,-0.03160181110925242,0.091,26.53,79.7,,,,,,
2026-07-30T19:54:55.343679+00:00,S030,mounted,true,healthy,none,2100,healthy_horizontal_no_load_2100rpm,2331587,1764,369,1173,1696,3,0,2026007,9,333,93,56,17,1646,1494,1210,61,116,1596,16383,1652,1633,1627224,800,1951,2065,522162,11955,8,382528,1496,66160,0,2331489081,2331588291,0,2331588305,2331588820,3309903290,17865255,0.0872,1637.0,0.05143794604767837,-0.13853314153074026,0.0872,26.65,80.0,,,,,,
2026-07-30T19:54:55.437509+00:00,S030,mounted,true,healthy,none,2100,healthy_horizontal_no_load_2100rpm,2331687,1002,656,1838,3475,4,0,2026052,9,333,161,152,44,1643,1494,1214,60,116,1596,16383,1641,1631,1623184,800,2001,2053,521342,11951,8,382522,1496,66161,0,2331589226,2331688364,0,2331688373,2331688888,3293457380,17853305,0.0758,1637.0,0.03258604710902846,-0.054096434356957435,0.0758,26.65,80.0,,,,,,
2026-07-30T19:54:55.579519+00:00,S030,mounted,true,healthy,none,2100,healthy_horizontal_no_load_2100rpm,2331787,1002,656,1838,3475,3,0,2026067,9,333,161,152,44,1641,1494,1216,60,116,1595,16383,1641,1631,1623373,800,2003,2051,520803,11950,8,382515,1496,66162,0,2331689297,2331788386,0,2331788396,2331788911,3294220839,17850316,0.0682,1637.0,0.02953821071129692,-0.050483083347280466,0.0682,26.68,80.0,,,,,,
2026-07-30T19:54:55.673816+00:00,S030,mounted,true,healthy,none,2100,healthy_horizontal_no_load_2100rpm,2331887,1002,656,1838,3475,3,0,2026067,9,333,161,152,44,1640,1494,1213,59,118,1596,16383,1639,1632,1622164,800,2001,2197,520305,11952,8,382512,1496,66163,0,2331789319,2331888417,0,2331888426,2331888941,3289347232,17856290,0.0644,1637.0,0.27232342168674695,-0.05437551807228935,0.0644,26.65,80.0,,,,,,
2026-07-30T19:54:55.765795+00:00,S030,mounted,true,healthy,none,2100,healthy_horizontal_no_load_2100rpm,2331988,1002,656,1838,3475,3,0,2026067,9,333,161,152,44,1639,1495,1192,61,123,1595,16383,1640,1630,1638259,808,2003,2051,519977,11956,8,382517,1496,66164,0,2331889350,2331989069,0,2331989143,2331989658,3321694645,17868244,0.0606,1637.0,0.02782229742388731,-0.0521588387420544,0.0606,26.68,80.0,,,,,,
2026-07-30T19:54:55.859848+00:00,S030,mounted,true,healthy,none,2100,healthy_horizontal_no_load_2100rpm,2332088,0,656,1838,3475,3,0,2026067,9,307,161,152,44,1638,1494,1206,61,123,1596,16351,1640,1632,1621776,800,1919,2053,519719,11951,8,382512,1496,66165,0,2331990066,2332089119,0,2332089194,2332089709,3287756766,17853303,0.0568,1637.0,0.03258604710902846,-0.19078803974562808,0.0568,26.65,80.0,,,,,,
2026-07-30T19:54:55.954005+00:00,S030,mounted,true,healthy,none,2100,healthy_horizontal_no_load_2100rpm,2332188,0,656,1838,3475,3,0,2026067,9,307,161,152,44,1638,1494,1193,59,122,1595,16351,1640,1634,1622718,800,2005,2055,519657,11954,8,382513,1496,66166,0,2332090112,2332189208,0,2332189282,2332189798,3291560338,17862266,0.0568,1637.0,0.03506028693324348,-0.048267335619876395,0.0568,26.68,80.0,,,,,,
2026-07-30T19:54:56.046673+00:00,S030,mounted,true,healthy,none,2100,healthy_horizontal_no_load_2100rpm,2332288,0,656,1838,3475,3,0,2026067,9,307,161,152,44,1638,1494,1214,59,122,1596,16351,1640,1631,1622176,800,2007,2083,519562,11953,8,382512,1496,66167,0,2332190200,2332289272,0,2332289347,2332289862,3289362972,17859279,0.0568,1637.0,0.08201417878356887,-0.044654403831674294,0.0568,26.65,80.0,,,,,,
