iso_time,session_id,fixture_state,valid_for_classifier,condition,severity,speed_setpoint_rpm,label,t_ms,rpm,ripple_permil,min_us,max_us,hall,illegal,edges,step,coast_ms,accel_rms_g,accel_pk_g,temp_motor_c,temp_ambient_c,i_u_a,i_v_a,i_w_a,i_dc_a,modbus_rpm,modbus_fault
2026-06-20T13:03:18.997029+00:00,S001,commissioning_unmounted,false,healthy,none,1400,healthy_horizontal_no_load_1400rpm,49500,1399,275,1528,2020,6,0,10870,9,0,,,,,,,,,,
2026-06-20T13:03:19.091074+00:00,S001,commissioning_unmounted,false,healthy,none,1400,healthy_horizontal_no_load_1400rpm,49600,1400,273,1535,2023,3,0,10926,9,0,,,,,,,,,,
2026-06-20T13:03:19.231740+00:00,S001,commissioning_unmounted,false,healthy,none,1400,healthy_horizontal_no_load_1400rpm,49700,1398,278,1528,2026,4,0,10983,9,0,,,,,,,,,,
2026-06-20T13:03:19.325604+00:00,S001,commissioning_unmounted,false,healthy,none,1400,healthy_horizontal_no_load_1400rpm,49800,1400,276,1531,2025,6,0,11038,9,0,,,,,,,,,,
2026-06-20T13:03:19.420247+00:00,S001,commissioning_unmounted,false,healthy,none,1400,healthy_horizontal_no_load_1400rpm,49900,1399,277,1530,2025,3,0,11094,9,0,,,,,,,,,,
2026-06-20T13:03:19.514718+00:00,S001,commissioning_unmounted,false,healthy,none,1400,healthy_horizontal_no_load_1400rpm,50000,1399,274,1533,2023,5,0,11150,9,0,,,,,,,,,,
2026-06-20T13:03:19.608142+00:00,S001,commissioning_unmounted,false,healthy,none,1400,healthy_horizontal_no_load_1400rpm,50100,1399,277,1530,2026,6,0,11206,9,0,,,,,,,,,,
2026-06-20T13:03:19.700914+00:00,S001,commissioning_unmounted,false,healthy,none,1400,healthy_horizontal_no_load_1400rpm,50200,1398,277,1529,2024,3,0,11262,9,0,,,,,,,,,,
2026-06-20T13:03:19.794713+00:00,S001,commissioning_unmounted,false,healthy,none,1400,healthy_horizontal_no_load_1400rpm,50300,1399,276,1533,2026,5,0,11318,9,0,,,,,,,,,,
2026-06-20T13:03:19.887959+00:00,S001,commissioning_unmounted,false,healthy,none,1400,healthy_horizontal_no_load_1400rpm,50400,1400,273,1533,2021,6,0,11374,9,0,,,,,,,,,,
2026-06-20T13:03:20.029398+00:00,S001,commissioning_unmounted,false,healthy,none,1400,healthy_horizontal_no_load_1400rpm,50500,1399,278,1528,2025,3,0,11430,9,0,,,,,,,,,,
2026-06-20T13:03:20.121466+00:00,S001,commissioning_unmounted,false,healthy,none,1400,healthy_horizontal_no_load_1400rpm,50600,1399,277,1528,2023,5,0,11486,9,0,,,,,,,,,,
2026-06-20T13:03:20.214655+00:00,S001,commissioning_unmounted,false,healthy,none,1400,healthy_horizontal_no_load_1400rpm,50700,1401,271,1537,2022,6,0,11542,9,0,,,,,,,,,,
2026-06-20T13:03:20.308389+00:00,S001,commissioning_unmounted,false,healthy,none,1400,healthy_horizontal_no_load_1400rpm,50800,1399,277,1528,2024,3,0,11598,9,0,,,,,,,,,,
2026-06-20T13:03:20.403377+00:00,S001,commissioning_unmounted,false,healthy,none,1400,healthy_horizontal_no_load_1400rpm,50900,1399,274,1536,2026,5,0,11654,9,0,,,,,,,,,,
2026-06-20T13:03:20.496704+00:00,S001,commissioning_unmounted,false,healthy,none,1400,healthy_horizontal_no_load_1400rpm,51000,1399,276,1528,2022,6,0,11710,9,0,,,,,,,,,,
2026-06-20T13:03:20.590955+00:00,S001,commissioning_unmounted,false,healthy,none,1400,healthy_horizontal_no_load_1400rpm,51100,1399,276,1533,2026,3,0,11766,9,0,,,,,,,,,,
2026-06-20T13:03:20.684971+00:00,S001,commissioning_unmounted,false,healthy,none,1400,healthy_horizontal_no_load_1400rpm,51200,1399,278,1531,2028,5,0,11822,9,0,,,,,,,,,,
2026-06-20T13:03:20.828170+00:00,S001,commissioning_unmounted,false,healthy,none,1400,healthy_horizontal_no_load_1400rpm,51300,1399,276,1530,2024,6,0,11878,9,0,,,,,,,,,,
2026-06-20T13:03:20.922536+00:00,S001,commissioning_unmounted,false,healthy,none,1400,healthy_horizontal_no_load_1400rpm,51400,1399,272,1537,2023,3,0,11934,9,0,,,,,,,,,,
2026-06-20T13:03:21.014455+00:00,S001,commissioning_unmounted,false,healthy,none,1400,healthy_horizontal_no_load_1400rpm,51500,1399,273,1538,2026,5,0,11990,9,0,,,,,,,,,,
2026-06-20T13:03:21.108084+00:00,S001,commissioning_unmounted,false,healthy,none,1400,healthy_horizontal_no_load_1400rpm,51600,1399,277,1528,2023,6,0,12046,9,0,,,,,,,,,,
2026-06-20T13:03:21.201513+00:00,S001,commissioning_unmounted,false,healthy,none,1400,healthy_horizontal_no_load_1400rpm,51700,1399,275,1531,2023,3,0,12102,9,0,,,,,,,,,,
2026-06-20T13:03:21.294727+00:00,S001,commissioning_unmounted,false,healthy,none,1400,healthy_horizontal_no_load_1400rpm,51800,1399,271,1540,2024,5,0,12158,9,0,,,,,,,,,,
2026-06-20T13:03:21.388653+00:00,S001,commissioning_unmounted,false,healthy,none,1400,healthy_horizontal_no_load_1400rpm,51900,1397,278,1531,2029,6,0,12214,9,0,,,,,,,,,,
2026-06-20T13:03:21.482836+00:00,S001,commissioning_unmounted,false,healthy,none,1400,healthy_horizontal_no_load_1400rpm,52000,1399,270,1540,2024,3,0,12270,9,0,,,,,,,,,,
2026-06-20T13:03:21.623066+00:00,S001,commissioning_unmounted,false,healthy,none,1400,healthy_horizontal_no_load_1400rpm,52100,1398,273,1537,2025,5,0,12326,9,0,,,,,,,,,,
2026-06-20T13:03:21.717988+00:00,S001,commissioning_unmounted,false,healthy,none,1400,healthy_horizontal_no_load_1400rpm,52200,1398,275,1532,2024,6,0,12382,9,0,,,,,,,,,,
2026-06-20T13:03:21.812489+00:00,S001,commissioning_unmounted,false,healthy,none,1400,healthy_horizontal_no_load_1400rpm,52300,1400,277,1527,2022,3,0,12438,9,0,,,,,,,,,,
2026-06-20T13:03:21.906015+00:00,S001,commissioning_unmounted,false,healthy,none,1400,healthy_horizontal_no_load_1400rpm,52400,1399,274,1530,2020,5,0,12494,9,0,,,,,,,,,,
2026-06-20T13:03:21.999013+00:00,S001,commissioning_unmounted,false,healthy,none,1400,healthy_horizontal_no_load_1400rpm,52500,1398,275,1531,2023,6,0,12550,9,0,,,,,,,,,,
2026-06-20T13:03:22.092483+00:00,S001,commissioning_unmounted,false,healthy,none,1400,healthy_horizontal_no_load_1400rpm,52600,1400,274,1537,2026,3,0,12606,9,0,,,,,,,,,,
2026-06-20T13:03:22.185831+00:00,S001,commissioning_unmounted,false,healthy,none,1400,healthy_horizontal_no_load_1400rpm,52700,1399,277,1532,2027,5,0,12662,9,0,,,,,,,,,,
2026-06-20T13:03:22.278984+00:00,S001,commissioning_unmounted,false,healthy,none,1400,healthy_horizontal_no_load_1400rpm,52800,1400,275,1534,2026,6,0,12718,9,0,,,,,,,,,,
2026-06-20T13:03:22.418558+00:00,S001,commissioning_unmounted,false,healthy,none,1400,healthy_horizontal_no_load_1400rpm,52900,1399,275,1528,2019,3,0,12774,9,0,,,,,,,,,,
2026-06-20T13:03:22.512851+00:00,S001,commissioning_unmounted,false,healthy,none,1400,healthy_horizontal_no_load_1400rpm,53000,1398,275,1535,2027,5,0,12830,9,0,,,,,,,,,,
2026-06-20T13:03:22.606739+00:00,S001,commissioning_unmounted,false,healthy,none,1400,healthy_horizontal_no_load_1400rpm,53100,1399,275,1531,2023,6,0,12886,9,0,,,,,,,,,,
2026-06-20T13:03:22.700906+00:00,S001,commissioning_unmounted,false,healthy,none,1400,healthy_horizontal_no_load_1400rpm,53200,1399,277,1532,2027,3,0,12942,9,0,,,,,,,,,,
2026-06-20T13:03:22.795082+00:00,S001,commissioning_unmounted,false,healthy,none,1400,healthy_horizontal_no_load_1400rpm,53300,1399,275,1527,2019,5,0,12998,9,0,,,,,,,,,,
2026-06-20T13:03:22.889564+00:00,S001,commissioning_unmounted,false,healthy,none,1400,healthy_horizontal_no_load_1400rpm,53400,1400,278,1528,2026,6,0,13054,9,0,,,,,,,,,,
2026-06-20T13:03:22.983987+00:00,S001,commissioning_unmounted,false,healthy,none,1400,healthy_horizontal_no_load_1400rpm,53500,1398,275,1534,2026,3,0,13110,9,0,,,,,,,,,,
2026-06-20T13:03:23.075956+00:00,S001,commissioning_unmounted,false,healthy,none,1400,healthy_horizontal_no_load_1400rpm,53600,1398,275,1532,2024,5,0,13166,9,0,,,,,,,,,,
2026-06-20T13:03:23.216430+00:00,S001,commissioning_unmounted,false,healthy,none,1400,healthy_horizontal_no_load_1400rpm,53700,1399,277,1530,2025,6,0,13222,9,0,,,,,,,,,,
2026-06-20T13:03:23.309848+00:00,S001,commissioning_unmounted,false,healthy,none,1400,healthy_horizontal_no_load_1400rpm,53800,1399,273,1537,2025,3,0,13278,9,0,,,,,,,,,,
2026-06-20T13:03:23.404631+00:00,S001,commissioning_unmounted,false,healthy,none,1400,healthy_horizontal_no_load_1400rpm,53900,1399,277,1528,2024,1,0,13333,9,0,,,,,,,,,,
2026-06-20T13:03:23.498961+00:00,S001,commissioning_unmounted,false,healthy,none,1400,healthy_horizontal_no_load_1400rpm,54000,1399,275,1534,2026,4,0,13389,9,0,,,,,,,,,,
2026-06-20T13:03:23.592348+00:00,S001,commissioning_unmounted,false,healthy,none,1400,healthy_horizontal_no_load_1400rpm,54100,1400,275,1533,2024,3,0,13446,9,0,,,,,,,,,,
2026-06-20T13:03:23.685653+00:00,S001,commissioning_unmounted,false,healthy,none,1400,healthy_horizontal_no_load_1400rpm,54200,1400,275,1529,2021,1,0,13501,9,0,,,,,,,,,,
2026-06-20T13:03:23.778968+00:00,S001,commissioning_unmounted,false,healthy,none,1400,healthy_horizontal_no_load_1400rpm,54300,1400,275,1534,2025,4,0,13557,9,0,,,,,,,,,,
2026-06-20T13:03:23.872701+00:00,S001,commissioning_unmounted,false,healthy,none,1400,healthy_horizontal_no_load_1400rpm,54400,1399,273,1535,2024,3,0,13614,9,0,,,,,,,,,,
2026-06-20T13:03:24.013851+00:00,S001,commissioning_unmounted,false,healthy,none,1400,healthy_horizontal_no_load_1400rpm,54500,1399,275,1528,2019,1,0,13669,9,0,,,,,,,,,,
2026-06-20T13:03:24.107094+00:00,S001,commissioning_unmounted,false,healthy,none,1400,healthy_horizontal_no_load_1400rpm,54600,1399,275,1535,2027,4,0,13725,9,0,,,,,,,,,,
2026-06-20T13:03:24.200937+00:00,S001,commissioning_unmounted,false,healthy,none,1400,healthy_horizontal_no_load_1400rpm,54700,1400,276,1526,2020,2,0,13781,9,0,,,,,,,,,,
2026-06-20T13:03:24.293858+00:00,S001,commissioning_unmounted,false,healthy,none,1400,healthy_horizontal_no_load_1400rpm,54800,1399,276,1531,2024,1,0,13837,9,0,,,,,,,,,,
2026-06-20T13:03:24.386686+00:00,S001,commissioning_unmounted,false,healthy,none,1400,healthy_horizontal_no_load_1400rpm,54900,1398,271,1539,2024,4,0,13893,9,0,,,,,,,,,,
2026-06-20T13:03:24.480711+00:00,S001,commissioning_unmounted,false,healthy,none,1400,healthy_horizontal_no_load_1400rpm,55000,1399,272,1537,2024,2,0,13949,9,0,,,,,,,,,,
2026-06-20T13:03:24.574883+00:00,S001,commissioning_unmounted,false,healthy,none,1400,healthy_horizontal_no_load_1400rpm,55100,1400,274,1536,2026,1,0,14005,9,0,,,,,,,,,,
2026-06-20T13:03:24.667894+00:00,S001,commissioning_unmounted,false,healthy,none,1400,healthy_horizontal_no_load_1400rpm,55200,1398,273,1538,2026,4,0,14061,9,0,,,,,,,,,,
2026-06-20T13:03:24.809967+00:00,S001,commissioning_unmounted,false,healthy,none,1400,healthy_horizontal_no_load_1400rpm,55300,1399,273,1537,2025,2,0,14117,9,0,,,,,,,,,,
2026-06-20T13:03:24.903901+00:00,S001,commissioning_unmounted,false,healthy,none,1400,healthy_horizontal_no_load_1400rpm,55400,1399,273,1537,2025,1,0,14173,9,0,,,,,,,,,,
2026-06-20T13:03:24.996258+00:00,S001,commissioning_unmounted,false,healthy,none,1400,healthy_horizontal_no_load_1400rpm,55500,1400,272,1536,2022,4,0,14229,9,0,,,,,,,,,,
2026-06-20T13:03:25.089181+00:00,S001,commissioning_unmounted,false,healthy,none,1400,healthy_horizontal_no_load_1400rpm,55600,1399,278,1527,2024,2,0,14285,9,0,,,,,,,,,,
2026-06-20T13:03:25.183325+00:00,S001,commissioning_unmounted,false,healthy,none,1400,healthy_horizontal_no_load_1400rpm,55700,1399,275,1528,2020,1,0,14341,9,0,,,,,,,,,,
2026-06-20T13:03:25.276878+00:00,S001,commissioning_unmounted,false,healthy,none,1400,healthy_horizontal_no_load_1400rpm,55800,1400,271,1533,2018,4,0,14397,9,0,,,,,,,,,,
2026-06-20T13:03:25.371072+00:00,S001,commissioning_unmounted,false,healthy,none,1400,healthy_horizontal_no_load_1400rpm,55900,1400,273,1534,2023,2,0,14453,9,0,,,,,,,,,,
2026-06-20T13:03:25.510391+00:00,S001,commissioning_unmounted,false,healthy,none,1400,healthy_horizontal_no_load_1400rpm,56000,1398,275,1530,2023,1,0,14509,9,0,,,,,,,,,,
2026-06-20T13:03:25.603962+00:00,S001,commissioning_unmounted,false,healthy,none,1400,healthy_horizontal_no_load_1400rpm,56100,1398,278,1531,2028,4,0,14565,9,0,,,,,,,,,,
2026-06-20T13:03:25.697723+00:00,S001,commissioning_unmounted,false,healthy,none,1400,healthy_horizontal_no_load_1400rpm,56200,1399,277,1528,2024,2,0,14621,9,0,,,,,,,,,,
2026-06-20T13:03:25.792030+00:00,S001,commissioning_unmounted,false,healthy,none,1400,healthy_horizontal_no_load_1400rpm,56300,1399,272,1536,2023,1,0,14677,9,0,,,,,,,,,,
2026-06-20T13:03:25.886721+00:00,S001,commissioning_unmounted,false,healthy,none,1400,healthy_horizontal_no_load_1400rpm,56400,1400,278,1526,2023,4,0,14733,9,0,,,,,,,,,,
2026-06-20T13:03:25.981079+00:00,S001,commissioning_unmounted,false,healthy,none,1400,healthy_horizontal_no_load_1400rpm,56500,1399,276,1533,2026,2,0,14789,9,0,,,,,,,,,,
2026-06-20T13:03:26.073705+00:00,S001,commissioning_unmounted,false,healthy,none,1400,healthy_horizontal_no_load_1400rpm,56600,1399,277,1531,2026,1,0,14845,9,0,,,,,,,,,,
2026-06-20T13:03:26.164074+00:00,S001,commissioning_unmounted,false,healthy,none,1400,healthy_horizontal_no_load_1400rpm,56700,1399,274,1536,2026,4,0,14901,9,0,,,,,,,,,,
2026-06-20T13:03:26.303609+00:00,S001,commissioning_unmounted,false,healthy,none,1400,healthy_horizontal_no_load_1400rpm,56800,1399,277,1530,2026,2,0,14957,9,0,,,,,,,,,,
2026-06-20T13:03:26.398905+00:00,S001,commissioning_unmounted,false,healthy,none,1400,healthy_horizontal_no_load_1400rpm,56900,1399,277,1530,2026,1,0,15013,9,0,,,,,,,,,,
2026-06-20T13:03:26.492450+00:00,S001,commissioning_unmounted,false,healthy,none,1400,healthy_horizontal_no_load_1400rpm,57000,1398,273,1537,2025,4,0,15069,9,0,,,,,,,,,,
2026-06-20T13:03:26.586416+00:00,S001,commissioning_unmounted,false,healthy,none,1400,healthy_horizontal_no_load_1400rpm,57100,1398,273,1537,2026,2,0,15125,9,0,,,,,,,,,,
2026-06-20T13:03:26.679948+00:00,S001,commissioning_unmounted,false,healthy,none,1400,healthy_horizontal_no_load_1400rpm,57200,1398,275,1535,2027,1,0,15181,9,0,,,,,,,,,,
2026-06-20T13:03:26.774072+00:00,S001,commissioning_unmounted,false,healthy,none,1400,healthy_horizontal_no_load_1400rpm,57300,1399,278,1531,2028,4,0,15237,9,0,,,,,,,,,,
2026-06-20T13:03:26.868771+00:00,S001,commissioning_unmounted,false,healthy,none,1400,healthy_horizontal_no_load_1400rpm,57400,1399,276,1528,2021,2,0,15293,9,0,,,,,,,,,,
2026-06-20T13:03:26.961823+00:00,S001,commissioning_unmounted,false,healthy,none,1400,healthy_horizontal_no_load_1400rpm,57500,1398,276,1530,2024,1,0,15349,9,0,,,,,,,,,,
2026-06-20T13:03:27.103597+00:00,S001,commissioning_unmounted,false,healthy,none,1400,healthy_horizontal_no_load_1400rpm,57600,1400,275,1527,2019,4,0,15405,9,0,,,,,,,,,,
2026-06-20T13:03:27.195692+00:00,S001,commissioning_unmounted,false,healthy,none,1400,healthy_horizontal_no_load_1400rpm,57700,1399,273,1537,2026,2,0,15461,9,0,,,,,,,,,,
2026-06-20T13:03:27.288995+00:00,S001,commissioning_unmounted,false,healthy,none,1400,healthy_horizontal_no_load_1400rpm,57800,1399,275,1529,2021,1,0,15517,9,0,,,,,,,,,,
2026-06-20T13:03:27.381584+00:00,S001,commissioning_unmounted,false,healthy,none,1400,healthy_horizontal_no_load_1400rpm,57900,1398,272,1538,2025,4,0,15573,9,0,,,,,,,,,,
2026-06-20T13:03:27.476035+00:00,S001,commissioning_unmounted,false,healthy,none,1400,healthy_horizontal_no_load_1400rpm,58000,1399,273,1530,2019,2,0,15629,9,0,,,,,,,,,,
2026-06-20T13:03:27.569673+00:00,S001,commissioning_unmounted,false,healthy,none,1400,healthy_horizontal_no_load_1400rpm,58100,1399,272,1535,2021,1,0,15685,9,0,,,,,,,,,,
2026-06-20T13:03:27.664009+00:00,S001,commissioning_unmounted,false,healthy,none,1400,healthy_horizontal_no_load_1400rpm,58200,1398,277,1532,2028,4,0,15741,9,0,,,,,,,,,,
2026-06-20T13:03:27.803905+00:00,S001,commissioning_unmounted,false,healthy,none,1400,healthy_horizontal_no_load_1400rpm,58300,1400,273,1535,2024,2,0,15797,9,0,,,,,,,,,,
2026-06-20T13:03:27.896798+00:00,S001,commissioning_unmounted,false,healthy,none,1400,healthy_horizontal_no_load_1400rpm,58400,1399,278,1528,2025,1,0,15853,9,0,,,,,,,,,,
2026-06-20T13:03:27.991444+00:00,S001,commissioning_unmounted,false,healthy,none,1400,healthy_horizontal_no_load_1400rpm,58500,1399,274,1536,2026,4,0,15909,9,0,,,,,,,,,,
2026-06-20T13:03:28.086702+00:00,S001,commissioning_unmounted,false,healthy,none,1400,healthy_horizontal_no_load_1400rpm,58600,1400,275,1533,2025,2,0,15965,9,0,,,,,,,,,,
2026-06-20T13:03:28.179080+00:00,S001,commissioning_unmounted,false,healthy,none,1400,healthy_horizontal_no_load_1400rpm,58700,1399,274,1534,2025,1,0,16021,9,0,,,,,,,,,,
2026-06-20T13:03:28.272394+00:00,S001,commissioning_unmounted,false,healthy,none,1400,healthy_horizontal_no_load_1400rpm,58800,1399,276,1533,2026,4,0,16077,9,0,,,,,,,,,,
2026-06-20T13:03:28.365024+00:00,S001,commissioning_unmounted,false,healthy,none,1400,healthy_horizontal_no_load_1400rpm,58900,1399,273,1534,2023,2,0,16133,9,0,,,,,,,,,,
2026-06-20T13:03:28.474242+00:00,S001,commissioning_unmounted,false,healthy,none,1400,healthy_horizontal_no_load_1400rpm,59000,1399,277,1530,2025,1,0,16189,9,0,,,,,,,,,,
2026-06-20T13:03:28.614701+00:00,S001,commissioning_unmounted,false,healthy,none,1400,healthy_horizontal_no_load_1400rpm,59100,1399,276,1533,2026,4,0,16245,9,0,,,,,,,,,,
2026-06-20T13:03:28.660246+00:00,S001,commissioning_unmounted,false,healthy,none,1400,healthy_horizontal_no_load_1400rpm,59200,1401,270,1538,2021,2,0,16301,9,0,,,,,,,,,,
2026-06-20T13:03:28.755034+00:00,S001,commissioning_unmounted,false,healthy,none,1400,healthy_horizontal_no_load_1400rpm,59300,1400,275,1535,2026,1,0,16357,9,0,,,,,,,,,,
2026-06-20T13:03:28.897740+00:00,S001,commissioning_unmounted,false,healthy,none,1400,healthy_horizontal_no_load_1400rpm,59400,1398,272,1538,2025,4,0,16413,9,0,,,,,,,,,,
2026-06-20T13:03:28.992712+00:00,S001,commissioning_unmounted,false,healthy,none,1400,healthy_horizontal_no_load_1400rpm,59500,1398,273,1538,2026,6,0,16468,9,0,,,,,,,,,,
2026-06-20T13:03:29.087985+00:00,S001,commissioning_unmounted,false,healthy,none,1400,healthy_horizontal_no_load_1400rpm,59600,1399,274,1528,2019,3,0,16524,9,0,,,,,,,,,,
2026-06-20T13:03:29.182089+00:00,S001,commissioning_unmounted,false,healthy,none,1400,healthy_horizontal_no_load_1400rpm,59700,1399,277,1528,2024,4,0,16581,9,0,,,,,,,,,,
2026-06-20T13:03:29.274766+00:00,S001,commissioning_unmounted,false,healthy,none,1400,healthy_horizontal_no_load_1400rpm,59800,1398,276,1533,2028,6,0,16636,9,0,,,,,,,,,,
2026-06-20T13:03:29.368852+00:00,S001,commissioning_unmounted,false,healthy,none,1400,healthy_horizontal_no_load_1400rpm,59900,1400,276,1526,2019,3,0,16692,9,0,,,,,,,,,,
2026-06-20T13:03:29.464840+00:00,S001,commissioning_unmounted,false,healthy,none,1400,healthy_horizontal_no_load_1400rpm,60000,1399,276,1530,2023,5,0,16748,9,0,,,,,,,,,,
2026-06-20T13:03:29.556614+00:00,S001,commissioning_unmounted,false,healthy,none,1400,healthy_horizontal_no_load_1400rpm,60100,1399,273,1534,2022,6,0,16804,9,0,,,,,,,,,,
2026-06-20T13:03:29.697106+00:00,S001,commissioning_unmounted,false,healthy,none,1400,healthy_horizontal_no_load_1400rpm,60200,1400,277,1528,2024,3,0,16860,9,0,,,,,,,,,,
2026-06-20T13:03:29.790047+00:00,S001,commissioning_unmounted,false,healthy,none,1400,healthy_horizontal_no_load_1400rpm,60300,1400,273,1537,2026,4,0,16917,9,0,,,,,,,,,,
2026-06-20T13:03:29.884713+00:00,S001,commissioning_unmounted,false,healthy,none,1400,healthy_horizontal_no_load_1400rpm,60400,1399,276,1533,2026,6,0,16972,9,0,,,,,,,,,,
2026-06-20T13:03:29.979686+00:00,S001,commissioning_unmounted,false,healthy,none,1400,healthy_horizontal_no_load_1400rpm,60500,1398,273,1538,2026,3,0,17028,9,0,,,,,,,,,,
2026-06-20T13:03:30.071683+00:00,S001,commissioning_unmounted,false,healthy,none,1400,healthy_horizontal_no_load_1400rpm,60600,1398,274,1536,2026,5,0,17084,9,0,,,,,,,,,,
2026-06-20T13:03:30.166076+00:00,S001,commissioning_unmounted,false,healthy,none,1400,healthy_horizontal_no_load_1400rpm,60700,1399,276,1528,2021,6,0,17140,9,0,,,,,,,,,,
2026-06-20T13:03:30.258842+00:00,S001,commissioning_unmounted,false,healthy,none,1400,healthy_horizontal_no_load_1400rpm,60800,1399,277,1528,2024,3,0,17196,9,0,,,,,,,,,,
2026-06-20T13:03:30.350920+00:00,S001,commissioning_unmounted,false,healthy,none,1400,healthy_horizontal_no_load_1400rpm,60900,1399,275,1528,2019,5,0,17252,9,0,,,,,,,,,,
2026-06-20T13:03:30.494146+00:00,S001,commissioning_unmounted,false,healthy,none,1400,healthy_horizontal_no_load_1400rpm,61000,1400,275,1530,2022,6,0,17308,9,0,,,,,,,,,,
2026-06-20T13:03:30.587755+00:00,S001,commissioning_unmounted,false,healthy,none,1400,healthy_horizontal_no_load_1400rpm,61100,1400,273,1535,2023,3,0,17364,9,0,,,,,,,,,,
2026-06-20T13:03:30.682925+00:00,S001,commissioning_unmounted,false,healthy,none,1400,healthy_horizontal_no_load_1400rpm,61200,1399,277,1528,2024,5,0,17420,9,0,,,,,,,,,,
2026-06-20T13:03:30.777130+00:00,S001,commissioning_unmounted,false,healthy,none,1400,healthy_horizontal_no_load_1400rpm,61300,1399,277,1530,2026,6,0,17476,9,0,,,,,,,,,,
2026-06-20T13:03:30.869943+00:00,S001,commissioning_unmounted,false,healthy,none,1400,healthy_horizontal_no_load_1400rpm,61400,1398,272,1536,2023,3,0,17532,9,0,,,,,,,,,,
2026-06-20T13:03:30.964467+00:00,S001,commissioning_unmounted,false,healthy,none,1400,healthy_horizontal_no_load_1400rpm,61500,1398,280,1529,2030,5,0,17588,9,0,,,,,,,,,,
2026-06-20T13:03:31.058614+00:00,S001,commissioning_unmounted,false,healthy,none,1400,healthy_horizontal_no_load_1400rpm,61600,1399,274,1534,2025,6,0,17644,9,0,,,,,,,,,,
2026-06-20T13:03:31.152686+00:00,S001,commissioning_unmounted,false,healthy,none,1400,healthy_horizontal_no_load_1400rpm,61700,1398,277,1533,2028,3,0,17700,9,0,,,,,,,,,,
2026-06-20T13:03:31.292037+00:00,S001,commissioning_unmounted,false,healthy,none,1400,healthy_horizontal_no_load_1400rpm,61800,1399,275,1530,2022,5,0,17756,9,0,,,,,,,,,,
2026-06-20T13:03:31.384783+00:00,S001,commissioning_unmounted,false,healthy,none,1400,healthy_horizontal_no_load_1400rpm,61900,1399,276,1529,2023,6,0,17812,9,0,,,,,,,,,,
2026-06-20T13:03:31.478611+00:00,S001,commissioning_unmounted,false,healthy,none,1400,healthy_horizontal_no_load_1400rpm,62000,1399,277,1529,2025,3,0,17868,9,0,,,,,,,,,,
2026-06-20T13:03:31.570802+00:00,S001,commissioning_unmounted,false,healthy,none,1400,healthy_horizontal_no_load_1400rpm,62100,1397,275,1534,2027,5,0,17924,9,0,,,,,,,,,,
2026-06-20T13:03:31.664678+00:00,S001,commissioning_unmounted,false,healthy,none,1400,healthy_horizontal_no_load_1400rpm,62200,1399,276,1528,2021,6,0,17980,9,0,,,,,,,,,,
2026-06-20T13:03:31.759340+00:00,S001,commissioning_unmounted,false,healthy,none,1400,healthy_horizontal_no_load_1400rpm,62300,1399,274,1530,2021,3,0,18036,9,0,,,,,,,,,,
2026-06-20T13:03:31.854548+00:00,S001,commissioning_unmounted,false,healthy,none,1400,healthy_horizontal_no_load_1400rpm,62400,1400,273,1534,2023,5,0,18092,9,0,,,,,,,,,,
2026-06-20T13:03:31.949224+00:00,S001,commissioning_unmounted,false,healthy,none,1400,healthy_horizontal_no_load_1400rpm,62500,1400,276,1533,2026,6,0,18148,9,0,,,,,,,,,,
2026-06-20T13:03:32.089889+00:00,S001,commissioning_unmounted,false,healthy,none,1400,healthy_horizontal_no_load_1400rpm,62600,1399,277,1529,2024,3,0,18204,9,0,,,,,,,,,,
2026-06-20T13:03:32.182653+00:00,S001,commissioning_unmounted,false,healthy,none,1400,healthy_horizontal_no_load_1400rpm,62700,1399,271,1532,2017,5,0,18260,9,0,,,,,,,,,,
2026-06-20T13:03:32.276676+00:00,S001,commissioning_unmounted,false,healthy,none,1400,healthy_horizontal_no_load_1400rpm,62800,1399,273,1535,2024,6,0,18316,9,0,,,,,,,,,,
2026-06-20T13:03:32.369503+00:00,S001,commissioning_unmounted,false,healthy,none,1400,healthy_horizontal_no_load_1400rpm,62900,1399,273,1536,2025,3,0,18372,9,0,,,,,,,,,,
2026-06-20T13:03:32.462315+00:00,S001,commissioning_unmounted,false,healthy,none,1400,healthy_horizontal_no_load_1400rpm,63000,1400,271,1539,2024,5,0,18428,9,0,,,,,,,,,,
2026-06-20T13:03:32.556344+00:00,S001,commissioning_unmounted,false,healthy,none,1400,healthy_horizontal_no_load_1400rpm,63100,1399,276,1530,2024,6,0,18484,9,0,,,,,,,,,,
2026-06-20T13:03:32.649293+00:00,S001,commissioning_unmounted,false,healthy,none,1400,healthy_horizontal_no_load_1400rpm,63200,1399,277,1530,2026,3,0,18540,9,0,,,,,,,,,,
2026-06-20T13:03:32.788844+00:00,S001,commissioning_unmounted,false,healthy,none,1400,healthy_horizontal_no_load_1400rpm,63300,1399,274,1535,2025,5,0,18596,9,0,,,,,,,,,,
2026-06-20T13:03:32.884644+00:00,S001,commissioning_unmounted,false,healthy,none,1400,healthy_horizontal_no_load_1400rpm,63400,1399,274,1530,2020,6,0,18652,9,0,,,,,,,,,,
2026-06-20T13:03:32.979011+00:00,S001,commissioning_unmounted,false,healthy,none,1400,healthy_horizontal_no_load_1400rpm,63500,1399,277,1531,2026,3,0,18708,9,0,,,,,,,,,,
2026-06-20T13:03:33.073327+00:00,S001,commissioning_unmounted,false,healthy,none,1400,healthy_horizontal_no_load_1400rpm,63600,1401,278,1525,2022,5,0,18764,9,0,,,,,,,,,,
2026-06-20T13:03:33.166758+00:00,S001,commissioning_unmounted,false,healthy,none,1400,healthy_horizontal_no_load_1400rpm,63700,1399,276,1530,2024,6,0,18820,9,0,,,,,,,,,,
2026-06-20T13:03:33.259648+00:00,S001,commissioning_unmounted,false,healthy,none,1400,healthy_horizontal_no_load_1400rpm,63800,1398,274,1536,2026,3,0,18876,9,0,,,,,,,,,,
2026-06-20T13:03:33.350280+00:00,S001,commissioning_unmounted,false,healthy,none,1400,healthy_horizontal_no_load_1400rpm,63900,1399,275,1533,2025,5,0,18932,9,0,,,,,,,,,,
2026-06-20T13:03:33.445744+00:00,S001,commissioning_unmounted,false,healthy,none,1400,healthy_horizontal_no_load_1400rpm,64000,1399,272,1538,2024,6,0,18988,9,0,,,,,,,,,,
2026-06-20T13:03:33.585806+00:00,S001,commissioning_unmounted,false,healthy,none,1400,healthy_horizontal_no_load_1400rpm,64100,1399,278,1528,2025,3,0,19044,9,0,,,,,,,,,,
2026-06-20T13:03:33.678987+00:00,S001,commissioning_unmounted,false,healthy,none,1400,healthy_horizontal_no_load_1400rpm,64200,1399,276,1528,2022,5,0,19100,9,0,,,,,,,,,,
2026-06-20T13:03:33.771869+00:00,S001,commissioning_unmounted,false,healthy,none,1400,healthy_horizontal_no_load_1400rpm,64300,1399,274,1531,2021,6,0,19156,9,0,,,,,,,,,,
2026-06-20T13:03:33.866747+00:00,S001,commissioning_unmounted,false,healthy,none,1400,healthy_horizontal_no_load_1400rpm,64400,1400,274,1535,2025,3,0,19212,9,0,,,,,,,,,,
2026-06-20T13:03:33.961723+00:00,S001,commissioning_unmounted,false,healthy,none,1400,healthy_horizontal_no_load_1400rpm,64500,1399,272,1538,2024,5,0,19268,9,0,,,,,,,,,,
2026-06-20T13:03:34.054528+00:00,S001,commissioning_unmounted,false,healthy,none,1400,healthy_horizontal_no_load_1400rpm,64600,1399,277,1528,2024,6,0,19324,9,0,,,,,,,,,,
2026-06-20T13:03:34.147997+00:00,S001,commissioning_unmounted,false,healthy,none,1400,healthy_horizontal_no_load_1400rpm,64700,1399,277,1528,2024,3,0,19380,9,0,,,,,,,,,,
2026-06-20T13:03:34.240739+00:00,S001,commissioning_unmounted,false,healthy,none,1400,healthy_horizontal_no_load_1400rpm,64800,1398,277,1532,2028,5,0,19436,9,0,,,,,,,,,,
2026-06-20T13:03:34.364073+00:00,S001,commissioning_unmounted,false,healthy,none,1400,healthy_horizontal_no_load_1400rpm,64900,1399,271,1538,2023,6,0,19492,9,0,,,,,,,,,,
2026-06-20T13:03:34.456503+00:00,S001,commissioning_unmounted,false,healthy,none,1400,healthy_horizontal_no_load_1400rpm,65000,1399,273,1538,2026,3,0,19548,9,0,,,,,,,,,,
2026-06-20T13:03:34.549949+00:00,S001,commissioning_unmounted,false,healthy,none,1400,healthy_horizontal_no_load_1400rpm,65100,1399,274,1535,2026,1,0,19603,9,0,,,,,,,,,,
2026-06-20T13:03:34.644481+00:00,S001,commissioning_unmounted,false,healthy,none,1400,healthy_horizontal_no_load_1400rpm,65200,1399,277,1531,2026,4,0,19659,9,0,,,,,,,,,,
2026-06-20T13:03:34.737832+00:00,S001,commissioning_unmounted,false,healthy,none,1400,healthy_horizontal_no_load_1400rpm,65300,1399,276,1533,2026,3,0,19716,9,0,,,,,,,,,,
2026-06-20T13:03:34.879463+00:00,S001,commissioning_unmounted,false,healthy,none,1400,healthy_horizontal_no_load_1400rpm,65400,1400,275,1529,2021,1,0,19771,9,0,,,,,,,,,,
2026-06-20T13:03:34.973287+00:00,S001,commissioning_unmounted,false,healthy,none,1400,healthy_horizontal_no_load_1400rpm,65500,1399,277,1528,2024,4,0,19827,9,0,,,,,,,,,,
2026-06-20T13:03:35.068505+00:00,S001,commissioning_unmounted,false,healthy,none,1400,healthy_horizontal_no_load_1400rpm,65600,1398,277,1528,2024,2,0,19883,9,0,,,,,,,,,,
2026-06-20T13:03:35.177057+00:00,S001,commissioning_unmounted,false,healthy,none,1400,healthy_horizontal_no_load_1400rpm,65700,1401,278,1528,2024,1,0,19939,9,0,,,,,,,,,,
2026-06-20T13:03:35.271263+00:00,S001,commissioning_unmounted,false,healthy,none,1400,healthy_horizontal_no_load_1400rpm,65800,1399,277,1531,2026,4,0,19995,9,0,,,,,,,,,,
2026-06-20T13:03:35.365775+00:00,S001,commissioning_unmounted,false,healthy,none,1400,healthy_horizontal_no_load_1400rpm,65900,1398,273,1535,2024,2,0,20051,9,0,,,,,,,,,,
2026-06-20T13:03:35.472913+00:00,S001,commissioning_unmounted,false,healthy,none,1400,healthy_horizontal_no_load_1400rpm,66000,1400,277,1528,2024,1,0,20107,9,0,,,,,,,,,,
2026-06-20T13:03:35.566671+00:00,S001,commissioning_unmounted,false,healthy,none,1400,healthy_horizontal_no_load_1400rpm,66100,1398,274,1529,2020,4,0,20163,9,0,,,,,,,,,,
2026-06-20T13:03:35.660142+00:00,S001,commissioning_unmounted,false,healthy,none,1400,healthy_horizontal_no_load_1400rpm,66200,1400,275,1533,2025,2,0,20219,9,0,,,,,,,,,,
2026-06-20T13:03:35.754043+00:00,S001,commissioning_unmounted,false,healthy,none,1400,healthy_horizontal_no_load_1400rpm,66300,1398,274,1537,2027,1,0,20275,9,0,,,,,,,,,,
2026-06-20T13:03:35.847983+00:00,S001,commissioning_unmounted,false,healthy,none,1400,healthy_horizontal_no_load_1400rpm,66400,1398,275,1535,2027,4,0,20331,9,0,,,,,,,,,,
2026-06-20T13:03:35.941058+00:00,S001,commissioning_unmounted,false,healthy,none,1400,healthy_horizontal_no_load_1400rpm,66500,1399,276,1533,2026,2,0,20387,9,0,,,,,,,,,,
2026-06-20T13:03:36.035052+00:00,S001,commissioning_unmounted,false,healthy,none,1400,healthy_horizontal_no_load_1400rpm,66600,1400,274,1528,2018,1,0,20443,9,0,,,,,,,,,,
2026-06-20T13:03:36.174740+00:00,S001,commissioning_unmounted,false,healthy,none,1400,healthy_horizontal_no_load_1400rpm,66700,1400,277,1531,2026,4,0,20499,9,0,,,,,,,,,,
2026-06-20T13:03:36.265672+00:00,S001,commissioning_unmounted,false,healthy,none,1400,healthy_horizontal_no_load_1400rpm,66800,1399,277,1528,2023,2,0,20555,9,0,,,,,,,,,,
2026-06-20T13:03:36.359387+00:00,S001,commissioning_unmounted,false,healthy,none,1400,healthy_horizontal_no_load_1400rpm,66900,1398,275,1530,2022,1,0,20611,9,0,,,,,,,,,,
2026-06-20T13:03:36.450326+00:00,S001,commissioning_unmounted,false,healthy,none,1400,healthy_horizontal_no_load_1400rpm,67000,1398,278,1531,2028,4,0,20667,9,0,,,,,,,,,,
2026-06-20T13:03:36.543453+00:00,S001,commissioning_unmounted,false,healthy,none,1400,healthy_horizontal_no_load_1400rpm,67100,1399,277,1530,2025,2,0,20723,9,0,,,,,,,,,,
2026-06-20T13:03:36.639027+00:00,S001,commissioning_unmounted,false,healthy,none,1400,healthy_horizontal_no_load_1400rpm,67200,1400,277,1530,2025,1,0,20779,9,0,,,,,,,,,,
2026-06-20T13:03:36.732073+00:00,S001,commissioning_unmounted,false,healthy,none,1400,healthy_horizontal_no_load_1400rpm,67300,1400,277,1528,2024,4,0,20835,9,0,,,,,,,,,,
2026-06-20T13:03:36.872904+00:00,S001,commissioning_unmounted,false,healthy,none,1400,healthy_horizontal_no_load_1400rpm,67400,1400,268,1534,2014,2,0,20891,9,0,,,,,,,,,,
2026-06-20T13:03:36.964850+00:00,S001,commissioning_unmounted,false,healthy,none,1400,healthy_horizontal_no_load_1400rpm,67500,1398,277,1530,2026,1,0,20947,9,0,,,,,,,,,,
2026-06-20T13:03:37.057463+00:00,S001,commissioning_unmounted,false,healthy,none,1400,healthy_horizontal_no_load_1400rpm,67600,1400,277,1526,2021,4,0,21003,9,0,,,,,,,,,,
2026-06-20T13:03:37.150716+00:00,S001,commissioning_unmounted,false,healthy,none,1400,healthy_horizontal_no_load_1400rpm,67700,1399,276,1533,2026,2,0,21059,9,0,,,,,,,,,,
2026-06-20T13:03:37.244903+00:00,S001,commissioning_unmounted,false,healthy,none,1400,healthy_horizontal_no_load_1400rpm,67800,1398,277,1533,2030,1,0,21115,9,0,,,,,,,,,,
2026-06-20T13:03:37.338368+00:00,S001,commissioning_unmounted,false,healthy,none,1400,healthy_horizontal_no_load_1400rpm,67900,1401,275,1532,2024,4,0,21171,9,0,,,,,,,,,,
2026-06-20T13:03:37.433400+00:00,S001,commissioning_unmounted,false,healthy,none,1400,healthy_horizontal_no_load_1400rpm,68000,1398,275,1535,2028,2,0,21227,9,0,,,,,,,,,,
2026-06-20T13:03:37.572616+00:00,S001,commissioning_unmounted,false,healthy,none,1400,healthy_horizontal_no_load_1400rpm,68100,1399,276,1531,2024,1,0,21283,9,0,,,,,,,,,,
2026-06-20T13:03:37.666418+00:00,S001,commissioning_unmounted,false,healthy,none,1400,healthy_horizontal_no_load_1400rpm,68200,1400,270,1535,2017,4,0,21339,9,0,,,,,,,,,,
2026-06-20T13:03:37.761676+00:00,S001,commissioning_unmounted,false,healthy,none,1400,healthy_horizontal_no_load_1400rpm,68300,1399,277,1528,2024,2,0,21395,9,0,,,,,,,,,,
2026-06-20T13:03:37.854596+00:00,S001,commissioning_unmounted,false,healthy,none,1400,healthy_horizontal_no_load_1400rpm,68400,1399,274,1536,2026,1,0,21451,9,0,,,,,,,,,,
2026-06-20T13:03:37.947962+00:00,S001,commissioning_unmounted,false,healthy,none,1400,healthy_horizontal_no_load_1400rpm,68500,1398,273,1537,2025,4,0,21507,9,0,,,,,,,,,,
2026-06-20T13:03:38.041027+00:00,S001,commissioning_unmounted,false,healthy,none,1400,healthy_horizontal_no_load_1400rpm,68600,1398,279,1528,2027,2,0,21563,9,0,,,,,,,,,,
2026-06-20T13:03:38.132776+00:00,S001,commissioning_unmounted,false,healthy,none,1400,healthy_horizontal_no_load_1400rpm,68700,1400,276,1531,2025,1,0,21619,9,0,,,,,,,,,,
2026-06-20T13:03:38.226427+00:00,S001,commissioning_unmounted,false,healthy,none,1400,healthy_horizontal_no_load_1400rpm,68800,1399,275,1529,2020,4,0,21675,9,0,,,,,,,,,,
2026-06-20T13:03:38.367804+00:00,S001,commissioning_unmounted,false,healthy,none,1400,healthy_horizontal_no_load_1400rpm,68900,1398,274,1531,2022,2,0,21731,9,0,,,,,,,,,,
2026-06-20T13:03:38.462791+00:00,S001,commissioning_unmounted,false,healthy,none,1400,healthy_horizontal_no_load_1400rpm,69000,1398,276,1533,2027,1,0,21787,9,0,,,,,,,,,,
2026-06-20T13:03:38.556539+00:00,S001,commissioning_unmounted,false,healthy,none,1400,healthy_horizontal_no_load_1400rpm,69100,1398,274,1537,2027,4,0,21843,9,0,,,,,,,,,,
2026-06-20T13:03:38.651376+00:00,S001,commissioning_unmounted,false,healthy,none,1400,healthy_horizontal_no_load_1400rpm,69200,1398,275,1533,2026,2,0,21899,9,0,,,,,,,,,,
2026-06-20T13:03:38.744038+00:00,S001,commissioning_unmounted,false,healthy,none,1400,healthy_horizontal_no_load_1400rpm,69300,1400,274,1536,2026,1,0,21955,9,0,,,,,,,,,,
2026-06-20T13:03:38.837934+00:00,S001,commissioning_unmounted,false,healthy,none,1400,healthy_horizontal_no_load_1400rpm,69400,1398,275,1528,2021,4,0,22011,9,0,,,,,,,,,,
2026-06-20T13:03:38.930822+00:00,S001,commissioning_unmounted,false,healthy,none,1400,healthy_horizontal_no_load_1400rpm,69500,1399,275,1530,2022,6,0,22066,9,0,,,,,,,,,,
2026-06-20T13:03:39.023612+00:00,S001,commissioning_unmounted,false,healthy,none,1400,healthy_horizontal_no_load_1400rpm,69600,1400,276,1528,2021,3,0,22122,9,0,,,,,,,,,,
2026-06-20T13:03:39.164667+00:00,S001,commissioning_unmounted,false,healthy,none,1400,healthy_horizontal_no_load_1400rpm,69700,1398,277,1532,2027,5,0,22178,9,0,,,,,,,,,,
2026-06-20T13:03:39.258284+00:00,S001,commissioning_unmounted,false,healthy,none,1400,healthy_horizontal_no_load_1400rpm,69800,1399,275,1530,2022,6,0,22234,9,0,,,,,,,,,,
2026-06-20T13:03:39.353339+00:00,S001,commissioning_unmounted,false,healthy,none,1400,healthy_horizontal_no_load_1400rpm,69900,1399,278,1531,2028,3,0,22290,9,0,,,,,,,,,,
2026-06-20T13:03:39.445496+00:00,S001,commissioning_unmounted,false,healthy,none,1400,healthy_horizontal_no_load_1400rpm,70000,1399,276,1530,2024,5,0,22346,9,0,,,,,,,,,,
2026-06-20T13:03:39.538686+00:00,S001,commissioning_unmounted,false,healthy,none,1400,healthy_horizontal_no_load_1400rpm,70100,1398,277,1533,2028,6,0,22402,9,0,,,,,,,,,,
2026-06-20T13:03:39.634888+00:00,S001,commissioning_unmounted,false,healthy,none,1400,healthy_horizontal_no_load_1400rpm,70200,1399,274,1536,2026,3,0,22458,9,0,,,,,,,,,,
2026-06-20T13:03:39.727672+00:00,S001,commissioning_unmounted,false,healthy,none,1400,healthy_horizontal_no_load_1400rpm,70300,1400,276,1533,2026,5,0,22514,9,0,,,,,,,,,,
2026-06-20T13:03:39.820582+00:00,S001,commissioning_unmounted,false,healthy,none,1400,healthy_horizontal_no_load_1400rpm,70400,1400,271,1539,2024,6,0,22570,9,0,,,,,,,,,,
2026-06-20T13:03:39.960516+00:00,S001,commissioning_unmounted,false,healthy,none,1400,healthy_horizontal_no_load_1400rpm,70500,1398,277,1533,2028,3,0,22626,9,0,,,,,,,,,,
2026-06-20T13:03:40.067696+00:00,S001,commissioning_unmounted,false,healthy,none,1400,healthy_horizontal_no_load_1400rpm,70600,1398,275,1536,2028,5,0,22682,9,0,,,,,,,,,,
2026-06-20T13:03:40.161951+00:00,S001,commissioning_unmounted,false,healthy,none,1400,healthy_horizontal_no_load_1400rpm,70700,1400,271,1535,2019,6,0,22738,9,0,,,,,,,,,,
2026-06-20T13:03:40.223192+00:00,S001,commissioning_unmounted,false,healthy,none,1400,healthy_horizontal_no_load_1400rpm,70800,1398,274,1529,2020,3,0,22794,9,0,,,,,,,,,,
2026-06-20T13:03:40.364643+00:00,S001,commissioning_unmounted,false,healthy,none,1400,healthy_horizontal_no_load_1400rpm,70900,1398,277,1528,2023,5,0,22850,9,0,,,,,,,,,,
2026-06-20T13:03:40.458193+00:00,S001,commissioning_unmounted,false,healthy,none,1400,healthy_horizontal_no_load_1400rpm,71000,1399,274,1531,2022,6,0,22906,9,0,,,,,,,,,,
2026-06-20T13:03:40.551059+00:00,S001,commissioning_unmounted,false,healthy,none,1400,healthy_horizontal_no_load_1400rpm,71100,1398,278,1528,2025,3,0,22962,9,0,,,,,,,,,,
2026-06-20T13:03:40.645802+00:00,S001,commissioning_unmounted,false,healthy,none,1400,healthy_horizontal_no_load_1400rpm,71200,1399,274,1535,2026,5,0,23018,9,0,,,,,,,,,,
2026-06-20T13:03:40.740637+00:00,S001,commissioning_unmounted,false,healthy,none,1400,healthy_horizontal_no_load_1400rpm,71300,1398,268,1535,2015,6,0,23074,9,0,,,,,,,,,,
2026-06-20T13:03:40.835471+00:00,S001,commissioning_unmounted,false,healthy,none,1400,healthy_horizontal_no_load_1400rpm,71400,1398,277,1530,2025,3,0,23130,9,0,,,,,,,,,,
2026-06-20T13:03:40.929140+00:00,S001,commissioning_unmounted,false,healthy,none,1400,healthy_horizontal_no_load_1400rpm,71500,1399,274,1531,2021,5,0,23186,9,0,,,,,,,,,,
2026-06-20T13:03:41.022756+00:00,S001,commissioning_unmounted,false,healthy,none,1400,healthy_horizontal_no_load_1400rpm,71600,1399,278,1531,2028,6,0,23242,9,0,,,,,,,,,,
2026-06-20T13:03:41.117284+00:00,S001,commissioning_unmounted,false,healthy,none,1400,healthy_horizontal_no_load_1400rpm,71700,1398,275,1530,2023,3,0,23298,9,0,,,,,,,,,,
2026-06-20T13:03:41.258617+00:00,S001,commissioning_unmounted,false,healthy,none,1400,healthy_horizontal_no_load_1400rpm,71800,1399,272,1530,2016,5,0,23354,9,0,,,,,,,,,,
2026-06-20T13:03:41.353678+00:00,S001,commissioning_unmounted,false,healthy,none,1400,healthy_horizontal_no_load_1400rpm,71900,1398,276,1530,2024,6,0,23410,9,0,,,,,,,,,,
2026-06-20T13:03:41.446216+00:00,S001,commissioning_unmounted,false,healthy,none,1400,healthy_horizontal_no_load_1400rpm,72000,1399,273,1533,2021,3,0,23466,9,0,,,,,,,,,,
2026-06-20T13:03:41.539671+00:00,S001,commissioning_unmounted,false,healthy,none,1400,healthy_horizontal_no_load_1400rpm,72100,1398,276,1534,2028,5,0,23522,9,0,,,,,,,,,,
2026-06-20T13:03:41.633286+00:00,S001,commissioning_unmounted,false,healthy,none,1400,healthy_horizontal_no_load_1400rpm,72200,1399,274,1530,2021,6,0,23578,9,0,,,,,,,,,,
2026-06-20T13:03:41.728122+00:00,S001,commissioning_unmounted,false,healthy,none,1400,healthy_horizontal_no_load_1400rpm,72300,1399,277,1528,2024,3,0,23634,9,0,,,,,,,,,,
2026-06-20T13:03:41.821247+00:00,S001,commissioning_unmounted,false,healthy,none,1400,healthy_horizontal_no_load_1400rpm,72400,1398,273,1538,2026,5,0,23690,9,0,,,,,,,,,,
2026-06-20T13:03:41.913561+00:00,S001,commissioning_unmounted,false,healthy,none,1400,healthy_horizontal_no_load_1400rpm,72500,1399,274,1534,2025,6,0,23746,9,0,,,,,,,,,,
2026-06-20T13:03:42.054173+00:00,S001,commissioning_unmounted,false,healthy,none,1400,healthy_horizontal_no_load_1400rpm,72600,1400,276,1527,2021,3,0,23802,9,0,,,,,,,,,,
2026-06-20T13:03:42.146877+00:00,S001,commissioning_unmounted,false,healthy,none,1400,healthy_horizontal_no_load_1400rpm,72700,1398,273,1530,2019,5,0,23858,9,0,,,,,,,,,,
2026-06-20T13:03:42.241443+00:00,S001,commissioning_unmounted,false,healthy,none,1400,healthy_horizontal_no_load_1400rpm,72800,1400,272,1531,2018,6,0,23914,9,0,,,,,,,,,,
2026-06-20T13:03:42.336705+00:00,S001,commissioning_unmounted,false,healthy,none,1400,healthy_horizontal_no_load_1400rpm,72900,1400,274,1536,2026,3,0,23970,9,0,,,,,,,,,,
2026-06-20T13:03:42.430809+00:00,S001,commissioning_unmounted,false,healthy,none,1400,healthy_horizontal_no_load_1400rpm,73000,1397,276,1535,2029,5,0,24026,9,0,,,,,,,,,,
2026-06-20T13:03:42.525080+00:00,S001,commissioning_unmounted,false,healthy,none,1400,healthy_horizontal_no_load_1400rpm,73100,1399,277,1531,2026,6,0,24082,9,0,,,,,,,,,,
2026-06-20T13:03:42.617645+00:00,S001,commissioning_unmounted,false,healthy,none,1400,healthy_horizontal_no_load_1400rpm,73201,1398,273,1538,2026,3,0,24138,9,0,,,,,,,,,,
2026-06-20T13:03:42.711192+00:00,S001,commissioning_unmounted,false,healthy,none,1400,healthy_horizontal_no_load_1400rpm,73301,1399,272,1535,2022,1,0,24193,9,0,,,,,,,,,,
2026-06-20T13:03:42.852329+00:00,S001,commissioning_unmounted,false,healthy,none,1400,healthy_horizontal_no_load_1400rpm,73401,1400,276,1528,2021,4,0,24249,9,0,,,,,,,,,,
2026-06-20T13:03:42.944020+00:00,S001,commissioning_unmounted,false,healthy,none,1400,healthy_horizontal_no_load_1400rpm,73501,1398,278,1532,2029,3,0,24306,9,0,,,,,,,,,,
2026-06-20T13:03:43.039112+00:00,S001,commissioning_unmounted,false,healthy,none,1400,healthy_horizontal_no_load_1400rpm,73601,1398,274,1530,2021,1,0,24361,9,0,,,,,,,,,,
2026-06-20T13:03:43.132898+00:00,S001,commissioning_unmounted,false,healthy,none,1400,healthy_horizontal_no_load_1400rpm,73701,1399,272,1528,2015,4,0,24417,9,0,,,,,,,,,,
2026-06-20T13:03:43.227696+00:00,S001,commissioning_unmounted,false,healthy,none,1400,healthy_horizontal_no_load_1400rpm,73801,1399,273,1538,2026,2,0,24473,9,0,,,,,,,,,,
2026-06-20T13:03:43.321132+00:00,S001,commissioning_unmounted,false,healthy,none,1400,healthy_horizontal_no_load_1400rpm,73901,1400,275,1534,2026,1,0,24529,9,0,,,,,,,,,,
2026-06-20T13:03:43.414242+00:00,S001,commissioning_unmounted,false,healthy,none,1400,healthy_horizontal_no_load_1400rpm,74001,1399,271,1535,2020,4,0,24585,9,0,,,,,,,,,,
2026-06-20T13:03:43.554659+00:00,S001,commissioning_unmounted,false,healthy,none,1400,healthy_horizontal_no_load_1400rpm,74101,1399,276,1530,2024,2,0,24641,9,0,,,,,,,,,,
2026-06-20T13:03:43.661970+00:00,S001,commissioning_unmounted,false,healthy,none,1400,healthy_horizontal_no_load_1400rpm,74201,1399,272,1536,2022,1,0,24697,9,0,,,,,,,,,,
2026-06-20T13:03:43.723255+00:00,S001,commissioning_unmounted,false,healthy,none,1400,healthy_horizontal_no_load_1400rpm,74301,1398,276,1530,2024,4,0,24753,9,0,,,,,,,,,,
2026-06-20T13:03:43.816671+00:00,S001,commissioning_unmounted,false,healthy,none,1400,healthy_horizontal_no_load_1400rpm,74401,1398,279,1530,2029,2,0,24809,9,0,,,,,,,,,,
2026-06-20T13:03:43.911333+00:00,S001,commissioning_unmounted,false,healthy,none,1400,healthy_horizontal_no_load_1400rpm,74501,1398,270,1541,2024,1,0,24865,9,0,,,,,,,,,,
2026-06-20T13:03:44.050468+00:00,S001,commissioning_unmounted,false,healthy,none,1400,healthy_horizontal_no_load_1400rpm,74601,1399,273,1537,2026,4,0,24921,9,0,,,,,,,,,,
2026-06-20T13:03:44.145664+00:00,S001,commissioning_unmounted,false,healthy,none,1400,healthy_horizontal_no_load_1400rpm,74701,1400,277,1527,2022,2,0,24977,9,0,,,,,,,,,,
2026-06-20T13:03:44.238194+00:00,S001,commissioning_unmounted,false,healthy,none,1400,healthy_horizontal_no_load_1400rpm,74801,1399,276,1529,2023,1,0,25033,9,0,,,,,,,,,,
2026-06-20T13:03:44.333382+00:00,S001,commissioning_unmounted,false,healthy,none,1400,healthy_horizontal_no_load_1400rpm,74901,1398,275,1530,2023,4,0,25089,9,0,,,,,,,,,,
2026-06-20T13:03:44.427824+00:00,S001,commissioning_unmounted,false,healthy,none,1400,healthy_horizontal_no_load_1400rpm,75001,1399,270,1537,2021,2,0,25145,9,0,,,,,,,,,,
2026-06-20T13:03:44.535031+00:00,S001,commissioning_unmounted,false,healthy,none,1400,healthy_horizontal_no_load_1400rpm,75101,1398,275,1535,2028,1,0,25201,9,0,,,,,,,,,,
2026-06-20T13:03:44.628583+00:00,S001,commissioning_unmounted,false,healthy,none,1400,healthy_horizontal_no_load_1400rpm,75201,1399,275,1533,2025,4,0,25257,9,0,,,,,,,,,,
2026-06-20T13:03:44.723385+00:00,S001,commissioning_unmounted,false,healthy,none,1400,healthy_horizontal_no_load_1400rpm,75301,1399,277,1528,2023,2,0,25313,9,0,,,,,,,,,,
2026-06-20T13:03:44.818847+00:00,S001,commissioning_unmounted,false,healthy,none,1400,healthy_horizontal_no_load_1400rpm,75401,1398,269,1541,2023,1,0,25369,9,0,,,,,,,,,,
2026-06-20T13:03:44.912537+00:00,S001,commissioning_unmounted,false,healthy,none,1400,healthy_horizontal_no_load_1400rpm,75501,1399,276,1530,2023,4,0,25425,9,0,,,,,,,,,,
2026-06-20T13:03:45.007016+00:00,S001,commissioning_unmounted,false,healthy,none,1400,healthy_horizontal_no_load_1400rpm,75601,1400,278,1526,2023,2,0,25481,9,0,,,,,,,,,,
2026-06-20T13:03:45.148653+00:00,S001,commissioning_unmounted,false,healthy,none,1400,healthy_horizontal_no_load_1400rpm,75701,1398,277,1532,2027,1,0,25537,9,0,,,,,,,,,,
2026-06-20T13:03:45.242119+00:00,S001,commissioning_unmounted,false,healthy,none,1400,healthy_horizontal_no_load_1400rpm,75801,1400,278,1526,2023,4,0,25593,9,0,,,,,,,,,,
2026-06-20T13:03:45.338142+00:00,S001,commissioning_unmounted,false,healthy,none,1400,healthy_horizontal_no_load_1400rpm,75901,1399,273,1538,2026,2,0,25649,9,0,,,,,,,,,,
2026-06-20T13:03:45.430600+00:00,S001,commissioning_unmounted,false,healthy,none,1400,healthy_horizontal_no_load_1400rpm,76001,1397,276,1532,2027,1,0,25705,9,0,,,,,,,,,,
2026-06-20T13:03:45.524627+00:00,S001,commissioning_unmounted,false,healthy,none,1400,healthy_horizontal_no_load_1400rpm,76101,1399,277,1528,2024,4,0,25761,9,0,,,,,,,,,,
2026-06-20T13:03:45.618746+00:00,S001,commissioning_unmounted,false,healthy,none,1400,healthy_horizontal_no_load_1400rpm,76201,1401,277,1527,2021,2,0,25817,9,0,,,,,,,,,,
2026-06-20T13:03:45.711853+00:00,S001,commissioning_unmounted,false,healthy,none,1400,healthy_horizontal_no_load_1400rpm,76301,1399,275,1533,2025,1,0,25873,9,0,,,,,,,,,,
2026-06-20T13:03:45.803996+00:00,S001,commissioning_unmounted,false,healthy,none,1400,healthy_horizontal_no_load_1400rpm,76401,1399,277,1532,2027,4,0,25929,9,0,,,,,,,,,,
2026-06-20T13:03:45.945176+00:00,S001,commissioning_unmounted,false,healthy,none,1400,healthy_horizontal_no_load_1400rpm,76501,1399,276,1530,2023,2,0,25985,9,0,,,,,,,,,,
2026-06-20T13:03:46.039863+00:00,S001,commissioning_unmounted,false,healthy,none,1400,healthy_horizontal_no_load_1400rpm,76601,1399,276,1533,2026,1,0,26041,9,0,,,,,,,,,,
2026-06-20T13:03:46.133029+00:00,S001,commissioning_unmounted,false,healthy,none,1400,healthy_horizontal_no_load_1400rpm,76701,1399,276,1533,2027,4,0,26097,9,0,,,,,,,,,,
2026-06-20T13:03:46.227728+00:00,S001,commissioning_unmounted,false,healthy,none,1400,healthy_horizontal_no_load_1400rpm,76801,1398,274,1531,2022,2,0,26153,9,0,,,,,,,,,,
2026-06-20T13:03:46.320660+00:00,S001,commissioning_unmounted,false,healthy,none,1400,healthy_horizontal_no_load_1400rpm,76901,1399,276,1528,2021,1,0,26209,9,0,,,,,,,,,,
2026-06-20T13:03:46.414087+00:00,S001,commissioning_unmounted,false,healthy,none,1400,healthy_horizontal_no_load_1400rpm,77001,1399,275,1527,2019,4,0,26265,9,0,,,,,,,,,,
2026-06-20T13:03:46.507354+00:00,S001,commissioning_unmounted,false,healthy,none,1400,healthy_horizontal_no_load_1400rpm,77101,1399,270,1540,2024,2,0,26321,9,0,,,,,,,,,,
2026-06-20T13:03:46.600751+00:00,S001,commissioning_unmounted,false,healthy,none,1400,healthy_horizontal_no_load_1400rpm,77201,1400,273,1532,2021,1,0,26377,9,0,,,,,,,,,,
2026-06-20T13:03:46.756078+00:00,S001,commissioning_unmounted,false,healthy,none,1400,healthy_horizontal_no_load_1400rpm,77301,1398,271,1540,2026,4,0,26433,9,0,,,,,,,,,,
2026-06-20T13:03:46.817476+00:00,S001,commissioning_unmounted,false,healthy,none,1400,healthy_horizontal_no_load_1400rpm,77401,1398,276,1530,2024,6,0,26488,9,0,,,,,,,,,,
2026-06-20T13:03:46.912756+00:00,S001,commissioning_unmounted,false,healthy,none,1400,healthy_horizontal_no_load_1400rpm,77501,1398,277,1532,2027,3,0,26544,9,0,,,,,,,,,,
2026-06-20T13:03:47.005681+00:00,S001,commissioning_unmounted,false,healthy,none,1400,healthy_horizontal_no_load_1400rpm,77601,1399,275,1530,2022,4,0,26601,9,0,,,,,,,,,,
2026-06-20T13:03:47.101357+00:00,S001,commissioning_unmounted,false,healthy,none,1400,healthy_horizontal_no_load_1400rpm,77701,1400,275,1534,2025,6,0,26656,9,0,,,,,,,,,,
2026-06-20T13:03:47.241418+00:00,S001,commissioning_unmounted,false,healthy,none,1400,healthy_horizontal_no_load_1400rpm,77801,1399,278,1528,2026,3,0,26712,9,0,,,,,,,,,,
2026-06-20T13:03:47.348878+00:00,S001,commissioning_unmounted,false,healthy,none,1400,healthy_horizontal_no_load_1400rpm,77901,1399,276,1530,2024,5,0,26768,9,0,,,,,,,,,,
2026-06-20T13:03:47.442038+00:00,S001,commissioning_unmounted,false,healthy,none,1400,healthy_horizontal_no_load_1400rpm,78001,1399,276,1530,2023,6,0,26824,9,0,,,,,,,,,,
2026-06-20T13:03:47.537073+00:00,S001,commissioning_unmounted,false,healthy,none,1400,healthy_horizontal_no_load_1400rpm,78101,1398,278,1528,2026,3,0,26880,9,0,,,,,,,,,,
2026-06-20T13:03:47.631231+00:00,S001,commissioning_unmounted,false,healthy,none,1400,healthy_horizontal_no_load_1400rpm,78201,1399,276,1528,2022,5,0,26936,9,0,,,,,,,,,,
2026-06-20T13:03:47.724958+00:00,S001,commissioning_unmounted,false,healthy,none,1400,healthy_horizontal_no_load_1400rpm,78301,1400,276,1527,2021,6,0,26992,9,0,,,,,,,,,,
2026-06-20T13:03:47.832685+00:00,S001,commissioning_unmounted,false,healthy,none,1400,healthy_horizontal_no_load_1400rpm,78401,1398,276,1529,2023,3,0,27048,9,0,,,,,,,,,,
2026-06-20T13:03:47.926434+00:00,S001,commissioning_unmounted,false,healthy,none,1400,healthy_horizontal_no_load_1400rpm,78501,1399,277,1530,2025,5,0,27104,9,0,,,,,,,,,,
2026-06-20T13:03:48.019756+00:00,S001,commissioning_unmounted,false,healthy,none,1400,healthy_horizontal_no_load_1400rpm,78601,1399,277,1528,2023,6,0,27160,9,0,,,,,,,,,,
2026-06-20T13:03:48.112890+00:00,S001,commissioning_unmounted,false,healthy,none,1400,healthy_horizontal_no_load_1400rpm,78701,1398,274,1537,2028,3,0,27216,9,0,,,,,,,,,,
2026-06-20T13:03:48.206244+00:00,S001,commissioning_unmounted,false,healthy,none,1400,healthy_horizontal_no_load_1400rpm,78801,1398,273,1531,2019,5,0,27272,9,0,,,,,,,,,,
2026-06-20T13:03:48.301368+00:00,S001,commissioning_unmounted,false,healthy,none,1400,healthy_horizontal_no_load_1400rpm,78901,1399,274,1528,2018,6,0,27328,9,0,,,,,,,,,,
2026-06-20T13:03:48.395008+00:00,S001,commissioning_unmounted,false,healthy,none,1400,healthy_horizontal_no_load_1400rpm,79001,1397,279,1530,2029,3,0,27384,9,0,,,,,,,,,,
2026-06-20T13:03:48.521821+00:00,S001,commissioning_unmounted,false,healthy,none,1400,healthy_horizontal_no_load_1400rpm,79101,1400,272,1537,2024,5,0,27440,9,0,,,,,,,,,,
2026-06-20T13:03:48.630943+00:00,S001,commissioning_unmounted,false,healthy,none,1400,healthy_horizontal_no_load_1400rpm,79201,1399,276,1535,2028,6,0,27496,9,0,,,,,,,,,,
2026-06-20T13:03:48.726015+00:00,S001,commissioning_unmounted,false,healthy,none,1400,healthy_horizontal_no_load_1400rpm,79301,1400,273,1535,2024,3,0,27552,9,0,,,,,,,,,,
2026-06-20T13:03:48.819114+00:00,S001,commissioning_unmounted,false,healthy,none,1400,healthy_horizontal_no_load_1400rpm,79401,1399,277,1530,2026,5,0,27608,9,0,,,,,,,,,,
2026-06-20T13:03:48.927730+00:00,S001,commissioning_unmounted,false,healthy,none,1400,healthy_horizontal_no_load_1400rpm,79501,1399,274,1536,2026,6,0,27664,9,0,,,,,,,,,,
2026-06-20T13:03:49.037568+00:00,S001,commissioning_unmounted,false,healthy,none,1400,healthy_horizontal_no_load_1400rpm,79601,1398,278,1531,2028,3,0,27720,9,0,,,,,,,,,,
2026-06-20T13:03:49.131465+00:00,S001,commissioning_unmounted,false,healthy,none,1400,healthy_horizontal_no_load_1400rpm,79701,1399,276,1530,2024,5,0,27776,9,0,,,,,,,,,,
2026-06-20T13:03:49.224532+00:00,S001,commissioning_unmounted,false,healthy,none,1400,healthy_horizontal_no_load_1400rpm,79801,1399,274,1529,2020,6,0,27832,9,0,,,,,,,,,,
2026-06-20T13:03:49.334750+00:00,S001,commissioning_unmounted,false,healthy,none,1400,healthy_horizontal_no_load_1400rpm,79901,1400,276,1530,2024,3,0,27888,9,0,,,,,,,,,,
2026-06-20T13:03:49.394705+00:00,S001,commissioning_unmounted,false,healthy,none,1400,healthy_horizontal_no_load_1400rpm,80001,1398,275,1529,2022,5,0,27944,9,0,,,,,,,,,,
2026-06-20T13:03:49.536680+00:00,S001,commissioning_unmounted,false,healthy,none,1400,healthy_horizontal_no_load_1400rpm,80101,1399,272,1536,2023,6,0,28000,9,0,,,,,,,,,,
2026-06-20T13:03:49.630298+00:00,S001,commissioning_unmounted,false,healthy,none,1400,healthy_horizontal_no_load_1400rpm,80201,1400,274,1529,2018,3,0,28056,9,0,,,,,,,,,,
2026-06-20T13:03:49.723874+00:00,S001,commissioning_unmounted,false,healthy,none,1400,healthy_horizontal_no_load_1400rpm,80301,1397,270,1540,2024,5,0,28112,9,0,,,,,,,,,,
2026-06-20T13:03:49.816790+00:00,S001,commissioning_unmounted,false,healthy,none,1400,healthy_horizontal_no_load_1400rpm,80401,1399,277,1528,2024,6,0,28168,9,0,,,,,,,,,,
2026-06-20T13:03:49.910987+00:00,S001,commissioning_unmounted,false,healthy,none,1400,healthy_horizontal_no_load_1400rpm,80501,1399,276,1530,2023,3,0,28224,9,0,,,,,,,,,,
2026-06-20T13:03:50.006313+00:00,S001,commissioning_unmounted,false,healthy,none,1400,healthy_horizontal_no_load_1400rpm,80601,1399,269,1536,2018,5,0,28280,9,0,,,,,,,,,,
2026-06-20T13:03:50.114625+00:00,S001,commissioning_unmounted,false,healthy,none,1400,healthy_horizontal_no_load_1400rpm,80701,1398,275,1535,2028,6,0,28336,9,0,,,,,,,,,,
2026-06-20T13:03:50.193590+00:00,S001,commissioning_unmounted,false,healthy,none,1400,healthy_horizontal_no_load_1400rpm,80801,1400,274,1533,2023,3,0,28392,9,0,,,,,,,,,,
2026-06-20T13:03:50.302766+00:00,S001,commissioning_unmounted,false,healthy,none,1400,healthy_horizontal_no_load_1400rpm,80901,1398,277,1529,2024,5,0,28448,9,0,,,,,,,,,,
2026-06-20T13:03:50.410717+00:00,S001,commissioning_unmounted,false,healthy,none,1400,healthy_horizontal_no_load_1400rpm,81001,1399,276,1530,2023,4,0,28503,9,0,,,,,,,,,,
2026-06-20T13:03:50.504724+00:00,S001,commissioning_unmounted,false,healthy,none,1400,healthy_horizontal_no_load_1400rpm,81101,1398,275,1533,2026,3,0,28560,9,0,,,,,,,,,,
2026-06-20T13:03:50.598659+00:00,S001,commissioning_unmounted,false,healthy,none,1400,healthy_horizontal_no_load_1400rpm,81201,1399,274,1532,2023,1,0,28615,9,0,,,,,,,,,,
2026-06-20T13:03:50.690834+00:00,S001,commissioning_unmounted,false,healthy,none,1400,healthy_horizontal_no_load_1400rpm,81301,1399,273,1538,2026,4,0,28671,9,0,,,,,,,,,,
2026-06-20T13:03:50.832144+00:00,S001,commissioning_unmounted,false,healthy,none,1400,healthy_horizontal_no_load_1400rpm,81401,1398,277,1531,2026,2,0,28727,9,0,,,,,,,,,,
2026-06-20T13:03:50.924614+00:00,S001,commissioning_unmounted,false,healthy,none,1400,healthy_horizontal_no_load_1400rpm,81501,1398,275,1534,2026,1,0,28783,9,0,,,,,,,,,,
2026-06-20T13:03:51.017931+00:00,S001,commissioning_unmounted,false,healthy,none,1400,healthy_horizontal_no_load_1400rpm,81601,1400,272,1530,2017,4,0,28839,9,0,,,,,,,,,,
2026-06-20T13:03:51.112856+00:00,S001,commissioning_unmounted,false,healthy,none,1400,healthy_horizontal_no_load_1400rpm,81701,1398,275,1532,2025,2,0,28895,9,0,,,,,,,,,,
2026-06-20T13:03:51.204290+00:00,S001,commissioning_unmounted,false,healthy,none,1400,healthy_horizontal_no_load_1400rpm,81801,1398,277,1530,2026,1,0,28951,9,0,,,,,,,,,,
2026-06-20T13:03:51.298684+00:00,S001,commissioning_unmounted,false,healthy,none,1400,healthy_horizontal_no_load_1400rpm,81901,1398,277,1528,2024,4,0,29007,9,0,,,,,,,,,,
2026-06-20T13:03:51.390928+00:00,S001,commissioning_unmounted,false,healthy,none,1400,healthy_horizontal_no_load_1400rpm,82001,1399,276,1528,2022,2,0,29063,9,0,,,,,,,,,,
2026-06-20T13:03:51.485948+00:00,S001,commissioning_unmounted,false,healthy,none,1400,healthy_horizontal_no_load_1400rpm,82101,1400,277,1529,2024,1,0,29119,9,0,,,,,,,,,,
2026-06-20T13:03:51.627524+00:00,S001,commissioning_unmounted,false,healthy,none,1400,healthy_horizontal_no_load_1400rpm,82201,1400,273,1535,2024,4,0,29175,9,0,,,,,,,,,,
2026-06-20T13:03:51.720706+00:00,S001,commissioning_unmounted,false,healthy,none,1400,healthy_horizontal_no_load_1400rpm,82301,1397,277,1530,2027,2,0,29231,9,0,,,,,,,,,,
2026-06-20T13:03:51.814654+00:00,S001,commissioning_unmounted,false,healthy,none,1400,healthy_horizontal_no_load_1400rpm,82401,1398,275,1532,2024,1,0,29287,9,0,,,,,,,,,,
2026-06-20T13:03:51.906963+00:00,S001,commissioning_unmounted,false,healthy,none,1400,healthy_horizontal_no_load_1400rpm,82501,1400,275,1530,2022,4,0,29343,9,0,,,,,,,,,,
2026-06-20T13:03:51.999682+00:00,S001,commissioning_unmounted,false,healthy,none,1400,healthy_horizontal_no_load_1400rpm,82601,1398,275,1532,2024,2,0,29399,9,0,,,,,,,,,,
2026-06-20T13:03:52.092136+00:00,S001,commissioning_unmounted,false,healthy,none,1400,healthy_horizontal_no_load_1400rpm,82701,1399,273,1530,2018,1,0,29455,9,0,,,,,,,,,,
2026-06-20T13:03:52.186617+00:00,S001,commissioning_unmounted,false,healthy,none,1400,healthy_horizontal_no_load_1400rpm,82801,1399,278,1529,2026,4,0,29511,9,0,,,,,,,,,,
2026-06-20T13:03:52.281294+00:00,S001,commissioning_unmounted,false,healthy,none,1400,healthy_horizontal_no_load_1400rpm,82901,1399,275,1532,2024,2,0,29567,9,0,,,,,,,,,,
2026-06-20T13:03:52.422203+00:00,S001,commissioning_unmounted,false,healthy,none,1400,healthy_horizontal_no_load_1400rpm,83001,1398,274,1537,2027,1,0,29623,9,0,,,,,,,,,,
2026-06-20T13:03:52.516665+00:00,S001,commissioning_unmounted,false,healthy,none,1400,healthy_horizontal_no_load_1400rpm,83101,1400,276,1529,2022,4,0,29679,9,0,,,,,,,,,,
2026-06-20T13:03:52.608925+00:00,S001,commissioning_unmounted,false,healthy,none,1400,healthy_horizontal_no_load_1400rpm,83201,1400,277,1526,2021,2,0,29735,9,0,,,,,,,,,,
2026-06-20T13:03:52.703527+00:00,S001,commissioning_unmounted,false,healthy,none,1400,healthy_horizontal_no_load_1400rpm,83301,1398,271,1540,2026,1,0,29791,9,0,,,,,,,,,,
2026-06-20T13:03:52.796139+00:00,S001,commissioning_unmounted,false,healthy,none,1400,healthy_horizontal_no_load_1400rpm,83401,1398,276,1533,2027,4,0,29847,9,0,,,,,,,,,,
2026-06-20T13:03:52.889604+00:00,S001,commissioning_unmounted,false,healthy,none,1400,healthy_horizontal_no_load_1400rpm,83501,1396,276,1533,2028,2,0,29903,9,0,,,,,,,,,,
2026-06-20T13:03:52.984422+00:00,S001,commissioning_unmounted,false,healthy,none,1400,healthy_horizontal_no_load_1400rpm,83601,1397,273,1532,2021,1,0,29959,9,0,,,,,,,,,,
2026-06-20T13:03:53.125637+00:00,S001,commissioning_unmounted,false,healthy,none,1400,healthy_horizontal_no_load_1400rpm,83701,1397,277,1530,2026,4,0,30015,9,0,,,,,,,,,,
2026-06-20T13:03:53.220663+00:00,S001,commissioning_unmounted,false,healthy,none,1400,healthy_horizontal_no_load_1400rpm,83801,1399,272,1537,2024,2,0,30071,9,0,,,,,,,,,,
2026-06-20T13:03:53.315005+00:00,S001,commissioning_unmounted,false,healthy,none,1400,healthy_horizontal_no_load_1400rpm,83901,1398,271,1532,2018,3,0,30126,9,0,,,,,,,,,,
2026-06-20T13:03:53.408365+00:00,S001,commissioning_unmounted,false,healthy,none,1400,healthy_horizontal_no_load_1400rpm,84001,1399,278,1528,2025,5,0,30182,9,0,,,,,,,,,,
2026-06-20T13:03:53.503284+00:00,S001,commissioning_unmounted,false,healthy,none,1400,healthy_horizontal_no_load_1400rpm,84101,1400,273,1536,2024,6,0,30238,9,0,,,,,,,,,,
2026-06-20T13:03:53.597740+00:00,S001,commissioning_unmounted,false,healthy,none,1400,healthy_horizontal_no_load_1400rpm,84201,1398,273,1537,2026,3,0,30294,9,0,,,,,,,,,,
2026-06-20T13:03:53.691498+00:00,S001,commissioning_unmounted,false,healthy,none,1400,healthy_horizontal_no_load_1400rpm,84301,1399,274,1535,2025,5,0,30350,9,0,,,,,,,,,,
2026-06-20T13:03:53.784486+00:00,S001,commissioning_unmounted,false,healthy,none,1400,healthy_horizontal_no_load_1400rpm,84401,1399,273,1538,2026,6,0,30406,9,0,,,,,,,,,,
2026-06-20T13:03:53.876757+00:00,S001,commissioning_unmounted,false,healthy,none,1400,healthy_horizontal_no_load_1400rpm,84501,1398,278,1531,2029,3,0,30462,9,0,,,,,,,,,,
2026-06-20T13:03:54.006915+00:00,S001,commissioning_unmounted,false,healthy,none,1400,healthy_horizontal_no_load_1400rpm,84601,1399,274,1530,2021,5,0,30518,9,0,,,,,,,,,,
2026-06-20T13:03:54.111678+00:00,S001,commissioning_unmounted,false,healthy,none,1400,healthy_horizontal_no_load_1400rpm,84701,1400,277,1526,2021,6,0,30574,9,0,,,,,,,,,,
2026-06-20T13:03:54.205067+00:00,S001,commissioning_unmounted,false,healthy,none,1400,healthy_horizontal_no_load_1400rpm,84801,1398,274,1530,2021,3,0,30630,9,0,,,,,,,,,,
2026-06-20T13:03:54.299150+00:00,S001,commissioning_unmounted,false,healthy,none,1400,healthy_horizontal_no_load_1400rpm,84901,1400,274,1536,2026,5,0,30686,9,0,,,,,,,,,,
2026-06-20T13:03:54.392857+00:00,S001,commissioning_unmounted,false,healthy,none,1400,healthy_horizontal_no_load_1400rpm,85001,1398,275,1528,2021,6,0,30742,9,0,,,,,,,,,,
2026-06-20T13:03:54.486951+00:00,S001,commissioning_unmounted,false,healthy,none,1400,healthy_horizontal_no_load_1400rpm,85101,1399,278,1528,2026,3,0,30798,9,0,,,,,,,,,,
2026-06-20T13:03:54.580204+00:00,S001,commissioning_unmounted,false,healthy,none,1400,healthy_horizontal_no_load_1400rpm,85201,1397,276,1535,2029,5,0,30854,9,0,,,,,,,,,,
2026-06-20T13:03:54.674901+00:00,S001,commissioning_unmounted,false,healthy,none,1400,healthy_horizontal_no_load_1400rpm,85301,1398,274,1535,2026,6,0,30910,9,0,,,,,,,,,,
2026-06-20T13:03:54.815009+00:00,S001,commissioning_unmounted,false,healthy,none,1400,healthy_horizontal_no_load_1400rpm,85401,1398,273,1538,2026,3,0,30966,9,0,,,,,,,,,,
2026-06-20T13:03:54.907615+00:00,S001,commissioning_unmounted,false,healthy,none,1400,healthy_horizontal_no_load_1400rpm,85501,1399,275,1535,2027,5,0,31022,9,0,,,,,,,,,,
2026-06-20T13:03:54.990492+00:00,S001,commissioning_unmounted,false,healthy,none,1400,healthy_horizontal_no_load_1400rpm,85601,1398,278,1530,2028,6,0,31078,9,0,,,,,,,,,,
2026-06-20T13:03:55.085712+00:00,S001,commissioning_unmounted,false,healthy,none,1400,healthy_horizontal_no_load_1400rpm,85701,1399,277,1528,2024,3,0,31134,9,0,,,,,,,,,,
2026-06-20T13:03:55.177471+00:00,S001,commissioning_unmounted,false,healthy,none,1400,healthy_horizontal_no_load_1400rpm,85801,1396,276,1533,2028,5,0,31190,9,0,,,,,,,,,,
2026-06-20T13:03:55.272433+00:00,S001,commissioning_unmounted,false,healthy,none,1400,healthy_horizontal_no_load_1400rpm,85901,1397,273,1530,2019,4,0,31245,9,0,,,,,,,,,,
2026-06-20T13:03:55.421829+00:00,S001,commissioning_unmounted,false,healthy,none,1400,healthy_horizontal_no_load_1400rpm,86001,1398,274,1537,2027,3,0,31302,9,0,,,,,,,,,,
2026-06-20T13:03:55.516502+00:00,S001,commissioning_unmounted,false,healthy,none,1400,healthy_horizontal_no_load_1400rpm,86101,1397,279,1529,2028,1,0,31357,9,0,,,,,,,,,,
2026-06-20T13:03:55.609294+00:00,S001,commissioning_unmounted,false,healthy,none,1400,healthy_horizontal_no_load_1400rpm,86201,1399,271,1531,2016,4,0,31413,9,0,,,,,,,,,,
2026-06-20T13:03:55.702312+00:00,S001,commissioning_unmounted,false,healthy,none,1400,healthy_horizontal_no_load_1400rpm,86301,1398,278,1529,2026,2,0,31469,9,0,,,,,,,,,,
2026-06-20T13:03:55.793907+00:00,S001,commissioning_unmounted,false,healthy,none,1400,healthy_horizontal_no_load_1400rpm,86401,1399,276,1533,2026,1,0,31525,9,0,,,,,,,,,,
2026-06-20T13:03:55.886817+00:00,S001,commissioning_unmounted,false,healthy,none,1400,healthy_horizontal_no_load_1400rpm,86501,1398,270,1540,2024,4,0,31581,9,0,,,,,,,,,,
2026-06-20T13:03:55.977814+00:00,S001,commissioning_unmounted,false,healthy,none,1400,healthy_horizontal_no_load_1400rpm,86601,1400,275,1533,2025,2,0,31637,9,0,,,,,,,,,,
2026-06-20T13:03:56.069674+00:00,S001,commissioning_unmounted,false,healthy,none,1400,healthy_horizontal_no_load_1400rpm,86701,1398,273,1538,2026,1,0,31693,9,0,,,,,,,,,,
2026-06-20T13:03:56.208878+00:00,S001,commissioning_unmounted,false,healthy,none,1400,healthy_horizontal_no_load_1400rpm,86801,1398,271,1540,2025,4,0,31749,9,0,,,,,,,,,,
2026-06-20T13:03:56.302522+00:00,S001,commissioning_unmounted,false,healthy,none,1400,healthy_horizontal_no_load_1400rpm,86901,1397,272,1538,2026,2,0,31805,9,0,,,,,,,,,,
2026-06-20T13:03:56.396547+00:00,S001,commissioning_unmounted,false,healthy,none,1400,healthy_horizontal_no_load_1400rpm,87001,1398,274,1537,2027,1,0,31861,9,0,,,,,,,,,,
2026-06-20T13:03:56.491230+00:00,S001,commissioning_unmounted,false,healthy,none,1400,healthy_horizontal_no_load_1400rpm,87101,1399,276,1533,2026,4,0,31917,9,0,,,,,,,,,,
2026-06-20T13:03:56.584876+00:00,S001,commissioning_unmounted,false,healthy,none,1400,healthy_horizontal_no_load_1400rpm,87201,1399,276,1530,2024,2,0,31973,9,0,,,,,,,,,,
2026-06-20T13:03:56.693149+00:00,S001,commissioning_unmounted,false,healthy,none,1400,healthy_horizontal_no_load_1400rpm,87301,1399,272,1530,2016,1,0,32029,9,0,,,,,,,,,,
2026-06-20T13:03:56.802783+00:00,S001,commissioning_unmounted,false,healthy,none,1400,healthy_horizontal_no_load_1400rpm,87401,1397,270,1540,2024,4,0,32085,9,0,,,,,,,,,,
2026-06-20T13:03:56.898053+00:00,S001,commissioning_unmounted,false,healthy,none,1400,healthy_horizontal_no_load_1400rpm,87501,1398,276,1530,2024,2,0,32141,9,0,,,,,,,,,,
2026-06-20T13:03:56.992081+00:00,S001,commissioning_unmounted,false,healthy,none,1400,healthy_horizontal_no_load_1400rpm,87601,1397,272,1538,2025,1,0,32197,9,0,,,,,,,,,,
2026-06-20T13:03:57.084605+00:00,S001,commissioning_unmounted,false,healthy,none,1400,healthy_horizontal_no_load_1400rpm,87701,1399,271,1540,2025,4,0,32253,9,0,,,,,,,,,,
2026-06-20T13:03:57.192308+00:00,S001,commissioning_unmounted,false,healthy,none,1400,healthy_horizontal_no_load_1400rpm,87801,1398,275,1536,2028,2,0,32309,9,0,,,,,,,,,,
2026-06-20T13:03:57.286875+00:00,S001,commissioning_unmounted,false,healthy,none,1400,healthy_horizontal_no_load_1400rpm,87901,1399,279,1529,2028,1,0,32365,9,0,,,,,,,,,,
2026-06-20T13:03:57.380844+00:00,S001,commissioning_unmounted,false,healthy,none,1400,healthy_horizontal_no_load_1400rpm,88001,1397,272,1539,2026,4,0,32421,9,0,,,,,,,,,,
2026-06-20T13:03:57.474509+00:00,S001,commissioning_unmounted,false,healthy,none,1400,healthy_horizontal_no_load_1400rpm,88101,1399,272,1538,2024,2,0,32477,9,0,,,,,,,,,,
2026-06-20T13:03:57.582837+00:00,S001,commissioning_unmounted,false,healthy,none,1400,healthy_horizontal_no_load_1400rpm,88201,1399,272,1539,2025,1,0,32533,9,0,,,,,,,,,,
2026-06-20T13:03:57.678681+00:00,S001,commissioning_unmounted,false,healthy,none,1400,healthy_horizontal_no_load_1400rpm,88301,1397,277,1532,2029,4,0,32589,9,0,,,,,,,,,,
2026-06-20T13:03:57.772790+00:00,S001,commissioning_unmounted,false,healthy,none,1400,healthy_horizontal_no_load_1400rpm,88401,1398,276,1534,2028,6,0,32644,9,0,,,,,,,,,,
2026-06-20T13:03:57.867916+00:00,S001,commissioning_unmounted,false,healthy,none,1400,healthy_horizontal_no_load_1400rpm,88501,1399,274,1528,2019,3,0,32700,9,0,,,,,,,,,,
2026-06-20T13:03:57.962568+00:00,S001,commissioning_unmounted,false,healthy,none,1400,healthy_horizontal_no_load_1400rpm,88601,1399,272,1540,2026,5,0,32756,9,0,,,,,,,,,,
2026-06-20T13:03:58.099459+00:00,S001,commissioning_unmounted,false,healthy,none,1400,healthy_horizontal_no_load_1400rpm,88701,1399,274,1535,2026,6,0,32812,9,0,,,,,,,,,,
2026-06-20T13:03:58.193618+00:00,S001,commissioning_unmounted,false,healthy,none,1400,healthy_horizontal_no_load_1400rpm,88801,1399,277,1526,2021,3,0,32868,9,0,,,,,,,,,,
2026-06-20T13:03:58.287427+00:00,S001,commissioning_unmounted,false,healthy,none,1400,healthy_horizontal_no_load_1400rpm,88901,1397,275,1535,2027,5,0,32924,9,0,,,,,,,,,,
2026-06-20T13:03:58.381499+00:00,S001,commissioning_unmounted,false,healthy,none,1400,healthy_horizontal_no_load_1400rpm,89001,1399,278,1531,2028,6,0,32980,9,0,,,,,,,,,,
2026-06-20T13:03:58.474451+00:00,S001,commissioning_unmounted,false,healthy,none,1400,healthy_horizontal_no_load_1400rpm,89101,1398,278,1531,2028,3,0,33036,9,0,,,,,,,,,,
2026-06-20T13:03:58.568434+00:00,S001,commissioning_unmounted,false,healthy,none,1400,healthy_horizontal_no_load_1400rpm,89201,1398,275,1536,2028,5,0,33092,9,0,,,,,,,,,,
2026-06-20T13:03:58.663357+00:00,S001,commissioning_unmounted,false,healthy,none,1400,healthy_horizontal_no_load_1400rpm,89301,1398,275,1536,2028,6,0,33148,9,0,,,,,,,,,,
2026-06-20T13:03:58.803463+00:00,S001,commissioning_unmounted,false,healthy,none,1400,healthy_horizontal_no_load_1400rpm,89401,1397,277,1533,2030,3,0,33204,9,0,,,,,,,,,,
2026-06-20T13:03:58.898837+00:00,S001,commissioning_unmounted,false,healthy,none,1400,healthy_horizontal_no_load_1400rpm,89501,1398,270,1540,2024,5,0,33260,9,0,,,,,,,,,,
2026-06-20T13:03:58.991467+00:00,S001,commissioning_unmounted,false,healthy,none,1400,healthy_horizontal_no_load_1400rpm,89601,1400,275,1528,2019,6,0,33316,9,0,,,,,,,,,,
2026-06-20T13:03:59.084575+00:00,S001,commissioning_unmounted,false,healthy,none,1400,healthy_horizontal_no_load_1400rpm,89701,1397,272,1538,2026,3,0,33372,9,0,,,,,,,,,,
2026-06-20T13:03:59.178643+00:00,S001,commissioning_unmounted,false,healthy,none,1400,healthy_horizontal_no_load_1400rpm,89801,1399,276,1532,2026,5,0,33428,9,0,,,,,,,,,,
2026-06-20T13:03:59.272303+00:00,S001,commissioning_unmounted,false,healthy,none,1400,healthy_horizontal_no_load_1400rpm,89901,1398,277,1529,2025,6,0,33484,9,0,,,,,,,,,,
2026-06-20T13:03:59.366065+00:00,S001,commissioning_unmounted,false,healthy,none,1400,healthy_horizontal_no_load_1400rpm,90001,1399,278,1528,2026,3,0,33540,9,0,,,,,,,,,,
2026-06-20T13:03:59.459276+00:00,S001,commissioning_unmounted,false,healthy,none,1400,healthy_horizontal_no_load_1400rpm,90101,1399,276,1530,2024,5,0,33596,9,0,,,,,,,,,,
2026-06-20T13:03:59.600228+00:00,S001,commissioning_unmounted,false,healthy,none,1400,healthy_horizontal_no_load_1400rpm,90201,1398,273,1538,2026,6,0,33652,9,0,,,,,,,,,,
2026-06-20T13:03:59.695038+00:00,S001,commissioning_unmounted,false,healthy,none,1400,healthy_horizontal_no_load_1400rpm,90301,1397,276,1532,2027,3,0,33708,9,0,,,,,,,,,,
2026-06-20T13:03:59.789165+00:00,S001,commissioning_unmounted,false,healthy,none,1400,healthy_horizontal_no_load_1400rpm,90401,1398,276,1533,2027,1,0,33763,9,0,,,,,,,,,,
2026-06-20T13:03:59.882788+00:00,S001,commissioning_unmounted,false,healthy,none,1400,healthy_horizontal_no_load_1400rpm,90501,1398,276,1532,2026,4,0,33819,9,0,,,,,,,,,,
2026-06-20T13:03:59.975771+00:00,S001,commissioning_unmounted,false,healthy,none,1400,healthy_horizontal_no_load_1400rpm,90601,1398,271,1540,2025,2,0,33875,9,0,,,,,,,,,,
2026-06-20T13:04:00.069715+00:00,S001,commissioning_unmounted,false,healthy,none,1400,healthy_horizontal_no_load_1400rpm,90701,1400,273,1530,2019,1,0,33931,9,0,,,,,,,,,,
2026-06-20T13:04:00.162470+00:00,S001,commissioning_unmounted,false,healthy,none,1400,healthy_horizontal_no_load_1400rpm,90801,1398,275,1532,2024,4,0,33987,9,0,,,,,,,,,,
2026-06-20T13:04:00.256013+00:00,S001,commissioning_unmounted,false,healthy,none,1400,healthy_horizontal_no_load_1400rpm,90901,1399,275,1530,2022,2,0,34043,9,0,,,,,,,,,,
2026-06-20T13:04:00.396709+00:00,S001,commissioning_unmounted,false,healthy,none,1400,healthy_horizontal_no_load_1400rpm,91001,1400,272,1539,2026,1,0,34099,9,0,,,,,,,,,,
2026-06-20T13:04:00.494000+00:00,S001,commissioning_unmounted,false,healthy,none,1400,healthy_horizontal_no_load_1400rpm,91101,1398,277,1531,2026,4,0,34155,9,0,,,,,,,,,,
2026-06-20T13:04:00.585525+00:00,S001,commissioning_unmounted,false,healthy,none,1400,healthy_horizontal_no_load_1400rpm,91201,1398,275,1530,2022,2,0,34211,9,0,,,,,,,,,,
2026-06-20T13:04:00.685122+00:00,S001,commissioning_unmounted,false,healthy,none,1400,healthy_horizontal_no_load_1400rpm,91301,1397,276,1533,2028,1,0,34267,9,0,,,,,,,,,,
2026-06-20T13:04:00.780977+00:00,S001,commissioning_unmounted,false,healthy,none,1400,healthy_horizontal_no_load_1400rpm,91401,1398,277,1533,2028,4,0,34323,9,0,,,,,,,,,,
2026-06-20T13:04:00.865537+00:00,S001,commissioning_unmounted,false,healthy,none,1400,healthy_horizontal_no_load_1400rpm,91501,1398,277,1533,2028,2,0,34379,9,0,,,,,,,,,,
2026-06-20T13:04:00.960619+00:00,S001,commissioning_unmounted,false,healthy,none,1400,healthy_horizontal_no_load_1400rpm,91601,1399,277,1530,2026,1,0,34435,9,0,,,,,,,,,,
2026-06-20T13:04:01.054460+00:00,S001,commissioning_unmounted,false,healthy,none,1400,healthy_horizontal_no_load_1400rpm,91701,1399,273,1536,2024,4,0,34491,9,0,,,,,,,,,,
2026-06-20T13:04:01.196365+00:00,S001,commissioning_unmounted,false,healthy,none,1400,healthy_horizontal_no_load_1400rpm,91801,1398,270,1540,2024,2,0,34547,9,0,,,,,,,,,,
2026-06-20T13:04:01.291445+00:00,S001,commissioning_unmounted,false,healthy,none,1400,healthy_horizontal_no_load_1400rpm,91901,1399,275,1532,2024,1,0,34603,9,0,,,,,,,,,,
2026-06-20T13:04:01.384732+00:00,S001,commissioning_unmounted,false,healthy,none,1400,healthy_horizontal_no_load_1400rpm,92001,1399,276,1532,2026,4,0,34659,9,0,,,,,,,,,,
2026-06-20T13:04:01.479213+00:00,S001,commissioning_unmounted,false,healthy,none,1400,healthy_horizontal_no_load_1400rpm,92101,1399,276,1530,2024,2,0,34715,9,0,,,,,,,,,,
2026-06-20T13:04:01.573783+00:00,S001,commissioning_unmounted,false,healthy,none,1400,healthy_horizontal_no_load_1400rpm,92201,1399,274,1536,2026,1,0,34771,9,0,,,,,,,,,,
2026-06-20T13:04:01.663229+00:00,S001,commissioning_unmounted,false,healthy,none,1400,healthy_horizontal_no_load_1400rpm,92301,1398,273,1532,2021,4,0,34827,9,0,,,,,,,,,,
2026-06-20T13:04:01.762656+00:00,S001,commissioning_unmounted,false,healthy,none,1400,healthy_horizontal_no_load_1400rpm,92401,1399,274,1535,2026,2,0,34883,9,0,,,,,,,,,,
2026-06-20T13:04:01.857131+00:00,S001,commissioning_unmounted,false,healthy,none,1400,healthy_horizontal_no_load_1400rpm,92501,1398,275,1530,2023,3,0,34938,9,0,,,,,,,,,,
2026-06-20T13:04:01.950659+00:00,S001,commissioning_unmounted,false,healthy,none,1400,healthy_horizontal_no_load_1400rpm,92601,1398,276,1530,2024,4,0,34995,9,0,,,,,,,,,,
2026-06-20T13:04:02.092798+00:00,S001,commissioning_unmounted,false,healthy,none,1400,healthy_horizontal_no_load_1400rpm,92701,1398,277,1532,2029,6,0,35050,9,0,,,,,,,,,,
2026-06-20T13:04:02.186745+00:00,S001,commissioning_unmounted,false,healthy,none,1400,healthy_horizontal_no_load_1400rpm,92801,1399,274,1535,2026,3,0,35106,9,0,,,,,,,,,,
2026-06-20T13:04:02.280502+00:00,S001,commissioning_unmounted,false,healthy,none,1400,healthy_horizontal_no_load_1400rpm,92901,1398,273,1537,2026,5,0,35162,9,0,,,,,,,,,,
2026-06-20T13:04:02.373535+00:00,S001,commissioning_unmounted,false,healthy,none,1400,healthy_horizontal_no_load_1400rpm,93001,1398,273,1531,2020,6,0,35218,9,0,,,,,,,,,,
2026-06-20T13:04:02.467474+00:00,S001,commissioning_unmounted,false,healthy,none,1400,healthy_horizontal_no_load_1400rpm,93101,1400,277,1527,2023,3,0,35274,9,0,,,,,,,,,,
2026-06-20T13:04:02.553366+00:00,S001,commissioning_unmounted,false,healthy,none,1400,healthy_horizontal_no_load_1400rpm,93201,1399,274,1535,2026,5,0,35330,9,0,,,,,,,,,,
2026-06-20T13:04:02.646368+00:00,S001,commissioning_unmounted,false,healthy,none,1400,healthy_horizontal_no_load_1400rpm,93301,1399,273,1538,2026,6,0,35386,9,0,,,,,,,,,,
2026-06-20T13:04:02.750526+00:00,S001,commissioning_unmounted,false,healthy,none,1400,healthy_horizontal_no_load_1400rpm,93401,1398,275,1536,2028,3,0,35442,9,0,,,,,,,,,,
2026-06-20T13:04:02.892303+00:00,S001,commissioning_unmounted,false,healthy,none,1400,healthy_horizontal_no_load_1400rpm,93501,1398,271,1539,2025,5,0,35498,9,0,,,,,,,,,,
2026-06-20T13:04:02.986664+00:00,S001,commissioning_unmounted,false,healthy,none,1400,healthy_horizontal_no_load_1400rpm,93601,1398,276,1530,2024,6,0,35554,9,0,,,,,,,,,,
2026-06-20T13:04:03.080655+00:00,S001,commissioning_unmounted,false,healthy,none,1400,healthy_horizontal_no_load_1400rpm,93701,1399,276,1532,2026,3,0,35610,9,0,,,,,,,,,,
2026-06-20T13:04:03.174648+00:00,S001,commissioning_unmounted,false,healthy,none,1400,healthy_horizontal_no_load_1400rpm,93801,1398,275,1533,2026,5,0,35666,9,0,,,,,,,,,,
2026-06-20T13:04:03.258690+00:00,S001,commissioning_unmounted,false,healthy,none,1400,healthy_horizontal_no_load_1400rpm,93901,1400,276,1529,2022,6,0,35722,9,0,,,,,,,,,,
2026-06-20T13:04:03.361667+00:00,S001,commissioning_unmounted,false,healthy,none,1400,healthy_horizontal_no_load_1400rpm,94001,1399,277,1530,2026,3,0,35778,9,0,,,,,,,,,,
2026-06-20T13:04:03.454637+00:00,S001,commissioning_unmounted,false,healthy,none,1400,healthy_horizontal_no_load_1400rpm,94101,1399,276,1533,2026,5,0,35834,9,0,,,,,,,,,,
2026-06-20T13:04:03.548797+00:00,S001,commissioning_unmounted,false,healthy,none,1400,healthy_horizontal_no_load_1400rpm,94201,1398,275,1535,2028,6,0,35890,9,0,,,,,,,,,,
2026-06-20T13:04:03.689057+00:00,S001,commissioning_unmounted,false,healthy,none,1400,healthy_horizontal_no_load_1400rpm,94301,1398,276,1532,2027,3,0,35946,9,0,,,,,,,,,,
2026-06-20T13:04:03.783718+00:00,S001,commissioning_unmounted,false,healthy,none,1400,healthy_horizontal_no_load_1400rpm,94401,1398,274,1537,2027,5,0,36002,9,0,,,,,,,,,,
2026-06-20T13:04:03.877674+00:00,S001,commissioning_unmounted,false,healthy,none,1400,healthy_horizontal_no_load_1400rpm,94501,1401,274,1528,2017,6,0,36058,9,0,,,,,,,,,,
2026-06-20T13:04:03.970756+00:00,S001,commissioning_unmounted,false,healthy,none,1400,healthy_horizontal_no_load_1400rpm,94601,1399,276,1528,2021,3,0,36114,9,0,,,,,,,,,,
2026-06-20T13:04:04.063930+00:00,S001,commissioning_unmounted,false,healthy,none,1400,healthy_horizontal_no_load_1400rpm,94701,1400,277,1528,2023,5,0,36170,9,0,,,,,,,,,,
2026-06-20T13:04:04.157727+00:00,S001,commissioning_unmounted,false,healthy,none,1400,healthy_horizontal_no_load_1400rpm,94801,1399,277,1528,2023,6,0,36226,9,0,,,,,,,,,,
2026-06-20T13:04:04.251612+00:00,S001,commissioning_unmounted,false,healthy,none,1400,healthy_horizontal_no_load_1400rpm,94901,1397,276,1530,2024,3,0,36282,9,0,,,,,,,,,,
2026-06-20T13:04:04.345246+00:00,S001,commissioning_unmounted,false,healthy,none,1400,healthy_horizontal_no_load_1400rpm,95001,1398,278,1530,2027,5,0,36338,9,0,,,,,,,,,,
2026-06-20T13:04:04.440595+00:00,S001,commissioning_unmounted,false,healthy,none,1400,healthy_horizontal_no_load_1400rpm,95101,1398,273,1538,2026,4,0,36393,9,0,,,,,,,,,,
2026-06-20T13:04:04.580560+00:00,S001,commissioning_unmounted,false,healthy,none,1400,healthy_horizontal_no_load_1400rpm,95201,1399,274,1535,2026,2,0,36449,9,0,,,,,,,,,,
2026-06-20T13:04:04.672234+00:00,S001,commissioning_unmounted,false,healthy,none,1400,healthy_horizontal_no_load_1400rpm,95301,1399,279,1529,2028,1,0,36505,9,0,,,,,,,,,,
2026-06-20T13:04:04.764088+00:00,S001,commissioning_unmounted,false,healthy,none,1400,healthy_horizontal_no_load_1400rpm,95401,1399,274,1535,2026,4,0,36561,9,0,,,,,,,,,,
2026-06-20T13:04:04.856752+00:00,S001,commissioning_unmounted,false,healthy,none,1400,healthy_horizontal_no_load_1400rpm,95501,1398,270,1540,2023,2,0,36617,9,0,,,,,,,,,,
2026-06-20T13:04:04.951252+00:00,S001,commissioning_unmounted,false,healthy,none,1400,healthy_horizontal_no_load_1400rpm,95601,1399,273,1530,2019,1,0,36673,9,0,,,,,,,,,,
2026-06-20T13:04:05.045749+00:00,S001,commissioning_unmounted,false,healthy,none,1400,healthy_horizontal_no_load_1400rpm,95701,1397,270,1540,2023,4,0,36729,9,0,,,,,,,,,,
2026-06-20T13:04:05.141229+00:00,S001,commissioning_unmounted,false,healthy,none,1400,healthy_horizontal_no_load_1400rpm,95801,1398,274,1537,2027,2,0,36785,9,0,,,,,,,,,,
2026-06-20T13:04:05.282654+00:00,S001,commissioning_unmounted,false,healthy,none,1400,healthy_horizontal_no_load_1400rpm,95901,1399,278,1529,2026,1,0,36841,9,0,,,,,,,,,,
2026-06-20T13:04:05.375999+00:00,S001,commissioning_unmounted,false,healthy,none,1400,healthy_horizontal_no_load_1400rpm,96001,1398,277,1528,2024,4,0,36897,9,0,,,,,,,,,,
2026-06-20T13:04:05.469716+00:00,S001,commissioning_unmounted,false,healthy,none,1400,healthy_horizontal_no_load_1400rpm,96101,1399,276,1529,2022,2,0,36953,9,0,,,,,,,,,,
2026-06-20T13:04:05.564682+00:00,S001,commissioning_unmounted,false,healthy,none,1400,healthy_horizontal_no_load_1400rpm,96201,1398,278,1532,2029,1,0,37009,9,0,,,,,,,,,,
2026-06-20T13:04:05.657704+00:00,S001,commissioning_unmounted,false,healthy,none,1400,healthy_horizontal_no_load_1400rpm,96301,1398,277,1530,2027,4,0,37065,9,0,,,,,,,,,,
2026-06-20T13:04:05.750475+00:00,S001,commissioning_unmounted,false,healthy,none,1400,healthy_horizontal_no_load_1400rpm,96401,1399,276,1530,2024,2,0,37121,9,0,,,,,,,,,,
2026-06-20T13:04:05.844028+00:00,S001,commissioning_unmounted,false,healthy,none,1400,healthy_horizontal_no_load_1400rpm,96501,1398,276,1535,2029,1,0,37177,9,0,,,,,,,,,,
2026-06-20T13:04:05.939072+00:00,S001,commissioning_unmounted,false,healthy,none,1400,healthy_horizontal_no_load_1400rpm,96601,1399,274,1535,2025,4,0,37233,9,0,,,,,,,,,,
2026-06-20T13:04:06.079011+00:00,S001,commissioning_unmounted,false,healthy,none,1400,healthy_horizontal_no_load_1400rpm,96701,1399,277,1531,2026,2,0,37289,9,0,,,,,,,,,,
2026-06-20T13:04:06.173588+00:00,S001,commissioning_unmounted,false,healthy,none,1400,healthy_horizontal_no_load_1400rpm,96801,1397,277,1533,2029,1,0,37345,9,0,,,,,,,,,,
2026-06-20T13:04:06.266678+00:00,S001,commissioning_unmounted,false,healthy,none,1400,healthy_horizontal_no_load_1400rpm,96901,1399,277,1533,2028,4,0,37401,9,0,,,,,,,,,,
2026-06-20T13:04:06.359622+00:00,S001,commissioning_unmounted,false,healthy,none,1400,healthy_horizontal_no_load_1400rpm,97001,1397,272,1538,2026,2,0,37457,9,0,,,,,,,,,,
2026-06-20T13:04:06.453352+00:00,S001,commissioning_unmounted,false,healthy,none,1400,healthy_horizontal_no_load_1400rpm,97101,1398,279,1530,2029,1,0,37513,9,0,,,,,,,,,,
2026-06-20T13:04:06.546130+00:00,S001,commissioning_unmounted,false,healthy,none,1400,healthy_horizontal_no_load_1400rpm,97201,1399,275,1535,2027,4,0,37569,9,0,,,,,,,,,,
2026-06-20T13:04:06.640655+00:00,S001,commissioning_unmounted,false,healthy,none,1400,healthy_horizontal_no_load_1400rpm,97301,1400,278,1526,2024,6,0,37624,9,0,,,,,,,,,,
2026-06-20T13:04:06.733431+00:00,S001,commissioning_unmounted,false,healthy,none,1400,healthy_horizontal_no_load_1400rpm,97401,1399,277,1528,2024,3,0,37680,9,0,,,,,,,,,,
2026-06-20T13:04:06.874283+00:00,S001,commissioning_unmounted,false,healthy,none,1400,healthy_horizontal_no_load_1400rpm,97501,1398,272,1539,2026,5,0,37736,9,0,,,,,,,,,,
2026-06-20T13:04:06.968779+00:00,S001,commissioning_unmounted,false,healthy,none,1400,healthy_horizontal_no_load_1400rpm,97601,1398,271,1538,2023,6,0,37792,9,0,,,,,,,,,,
2026-06-20T13:04:07.060193+00:00,S001,commissioning_unmounted,false,healthy,none,1400,healthy_horizontal_no_load_1400rpm,97701,1399,274,1535,2025,3,0,37848,9,0,,,,,,,,,,
2026-06-20T13:04:07.153695+00:00,S001,commissioning_unmounted,false,healthy,none,1400,healthy_horizontal_no_load_1400rpm,97801,1398,271,1530,2015,5,0,37904,9,0,,,,,,,,,,
2026-06-20T13:04:07.248757+00:00,S001,commissioning_unmounted,false,healthy,none,1400,healthy_horizontal_no_load_1400rpm,97901,1398,275,1534,2026,6,0,37960,9,0,,,,,,,,,,
2026-06-20T13:04:07.343991+00:00,S001,commissioning_unmounted,false,healthy,none,1400,healthy_horizontal_no_load_1400rpm,98001,1398,274,1537,2027,3,0,38016,9,0,,,,,,,,,,
2026-06-20T13:04:07.437220+00:00,S001,commissioning_unmounted,false,healthy,none,1400,healthy_horizontal_no_load_1400rpm,98101,1399,274,1531,2021,5,0,38072,9,0,,,,,,,,,,
2026-06-20T13:04:07.576685+00:00,S001,commissioning_unmounted,false,healthy,none,1400,healthy_horizontal_no_load_1400rpm,98201,1399,276,1533,2026,6,0,38128,9,0,,,,,,,,,,
2026-06-20T13:04:07.670975+00:00,S001,commissioning_unmounted,false,healthy,none,1400,healthy_horizontal_no_load_1400rpm,98301,1399,274,1535,2026,3,0,38184,9,0,,,,,,,,,,
2026-06-20T13:04:07.767023+00:00,S001,commissioning_unmounted,false,healthy,none,1400,healthy_horizontal_no_load_1400rpm,98401,1399,276,1530,2024,5,0,38240,9,0,,,,,,,,,,
2026-06-20T13:04:07.860534+00:00,S001,commissioning_unmounted,false,healthy,none,1400,healthy_horizontal_no_load_1400rpm,98501,1397,270,1540,2024,6,0,38296,9,0,,,,,,,,,,
2026-06-20T13:04:07.953573+00:00,S001,commissioning_unmounted,false,healthy,none,1400,healthy_horizontal_no_load_1400rpm,98601,1398,278,1528,2026,3,0,38352,9,0,,,,,,,,,,
2026-06-20T13:04:08.048410+00:00,S001,commissioning_unmounted,false,healthy,none,1400,healthy_horizontal_no_load_1400rpm,98701,1397,273,1538,2027,5,0,38408,9,0,,,,,,,,,,
2026-06-20T13:04:08.141550+00:00,S001,commissioning_unmounted,false,healthy,none,1400,healthy_horizontal_no_load_1400rpm,98801,1399,276,1528,2021,6,0,38464,9,0,,,,,,,,,,
2026-06-20T13:04:08.234121+00:00,S001,commissioning_unmounted,false,healthy,none,1400,healthy_horizontal_no_load_1400rpm,98901,1398,277,1528,2024,3,0,38520,9,0,,,,,,,,,,
2026-06-20T13:04:08.328658+00:00,S001,commissioning_unmounted,false,healthy,none,1400,healthy_horizontal_no_load_1400rpm,99001,1398,274,1533,2024,5,0,38576,9,0,,,,,,,,,,
2026-06-20T13:04:08.468721+00:00,S001,commissioning_unmounted,false,healthy,none,1400,healthy_horizontal_no_load_1400rpm,99101,1399,276,1532,2026,6,0,38632,9,0,,,,,,,,,,
2026-06-20T13:04:08.563535+00:00,S001,commissioning_unmounted,false,healthy,none,1400,healthy_horizontal_no_load_1400rpm,99201,1398,274,1537,2027,3,0,38688,9,0,,,,,,,,,,
2026-06-20T13:04:08.655979+00:00,S001,commissioning_unmounted,false,healthy,none,1400,healthy_horizontal_no_load_1400rpm,99301,1397,275,1535,2028,5,0,38744,9,0,,,,,,,,,,
2026-06-20T13:04:08.750804+00:00,S001,commissioning_unmounted,false,healthy,none,1400,healthy_horizontal_no_load_1400rpm,99401,1399,274,1528,2019,4,0,38799,9,0,,,,,,,,,,
2026-06-20T13:04:08.843744+00:00,S001,commissioning_unmounted,false,healthy,none,1400,healthy_horizontal_no_load_1400rpm,99501,1398,274,1535,2026,3,0,38856,9,0,,,,,,,,,,
2026-06-20T13:04:08.936906+00:00,S001,commissioning_unmounted,false,healthy,none,1400,healthy_horizontal_no_load_1400rpm,99601,1398,275,1534,2027,1,0,38911,9,0,,,,,,,,,,
2026-06-20T13:04:09.029893+00:00,S001,commissioning_unmounted,false,healthy,none,1400,healthy_horizontal_no_load_1400rpm,99701,1399,276,1530,2023,4,0,38967,9,0,,,,,,,,,,
2026-06-20T13:04:09.171121+00:00,S001,commissioning_unmounted,false,healthy,none,1400,healthy_horizontal_no_load_1400rpm,99801,1398,276,1535,2029,2,0,39023,9,0,,,,,,,,,,
2026-06-20T13:04:09.265946+00:00,S001,commissioning_unmounted,false,healthy,none,1400,healthy_horizontal_no_load_1400rpm,99901,1399,277,1528,2024,1,0,39079,9,0,,,,,,,,,,
2026-06-20T13:04:09.359112+00:00,S001,commissioning_unmounted,false,healthy,none,1400,healthy_horizontal_no_load_1400rpm,100001,1399,276,1535,2028,4,0,39135,9,0,,,,,,,,,,
2026-06-20T13:04:09.451287+00:00,S001,commissioning_unmounted,false,healthy,none,1400,healthy_horizontal_no_load_1400rpm,100101,1398,277,1530,2025,2,0,39191,9,0,,,,,,,,,,
2026-06-20T13:04:09.544679+00:00,S001,commissioning_unmounted,false,healthy,none,1400,healthy_horizontal_no_load_1400rpm,100201,1398,270,1540,2024,1,0,39247,9,0,,,,,,,,,,
2026-06-20T13:04:09.638632+00:00,S001,commissioning_unmounted,false,healthy,none,1400,healthy_horizontal_no_load_1400rpm,100301,1400,275,1530,2021,4,0,39303,9,0,,,,,,,,,,
2026-06-20T13:04:09.733125+00:00,S001,commissioning_unmounted,false,healthy,none,1400,healthy_horizontal_no_load_1400rpm,100401,1398,272,1538,2026,2,0,39359,9,0,,,,,,,,,,
2026-06-20T13:04:09.826543+00:00,S001,commissioning_unmounted,false,healthy,none,1400,healthy_horizontal_no_load_1400rpm,100501,1398,273,1530,2018,1,0,39415,9,0,,,,,,,,,,
2026-06-20T13:04:09.966417+00:00,S001,commissioning_unmounted,false,healthy,none,1400,healthy_horizontal_no_load_1400rpm,100601,1398,275,1528,2021,4,0,39471,9,0,,,,,,,,,,
2026-06-20T13:04:10.059817+00:00,S001,commissioning_unmounted,false,healthy,none,1400,healthy_horizontal_no_load_1400rpm,100701,1398,278,1528,2026,2,0,39527,9,0,,,,,,,,,,
2026-06-20T13:04:10.154117+00:00,S001,commissioning_unmounted,false,healthy,none,1400,healthy_horizontal_no_load_1400rpm,100801,1398,269,1538,2020,1,0,39583,9,0,,,,,,,,,,
2026-06-20T13:04:10.247582+00:00,S001,commissioning_unmounted,false,healthy,none,1400,healthy_horizontal_no_load_1400rpm,100901,1397,275,1535,2028,4,0,39639,9,0,,,,,,,,,,
2026-06-20T13:04:10.343087+00:00,S001,commissioning_unmounted,false,healthy,none,1400,healthy_horizontal_no_load_1400rpm,101001,1398,277,1528,2024,2,0,39695,9,0,,,,,,,,,,
2026-06-20T13:04:10.435386+00:00,S001,commissioning_unmounted,false,healthy,none,1400,healthy_horizontal_no_load_1400rpm,101101,1399,274,1531,2022,1,0,39751,9,0,,,,,,,,,,
2026-06-20T13:04:10.529023+00:00,S001,commissioning_unmounted,false,healthy,none,1400,healthy_horizontal_no_load_1400rpm,101201,1398,277,1533,2029,4,0,39807,9,0,,,,,,,,,,
2026-06-20T13:04:10.622167+00:00,S001,commissioning_unmounted,false,healthy,none,1400,healthy_horizontal_no_load_1400rpm,101301,1398,276,1532,2026,2,0,39863,9,0,,,,,,,,,,
2026-06-20T13:04:10.761598+00:00,S001,commissioning_unmounted,false,healthy,none,1400,healthy_horizontal_no_load_1400rpm,101401,1399,277,1528,2024,1,0,39919,9,0,,,,,,,,,,
2026-06-20T13:04:10.855683+00:00,S001,commissioning_unmounted,false,healthy,none,1400,healthy_horizontal_no_load_1400rpm,101501,1397,275,1530,2023,4,0,39975,9,0,,,,,,,,,,
2026-06-20T13:04:10.949408+00:00,S001,commissioning_unmounted,false,healthy,none,1400,healthy_horizontal_no_load_1400rpm,101601,1399,274,1534,2025,2,0,40031,9,0,,,,,,,,,,
2026-06-20T13:04:11.041317+00:00,S001,commissioning_unmounted,false,healthy,none,1400,healthy_horizontal_no_load_1400rpm,101701,1398,273,1538,2026,3,0,40086,9,0,,,,,,,,,,
2026-06-20T13:04:11.134688+00:00,S001,commissioning_unmounted,false,healthy,none,1400,healthy_horizontal_no_load_1400rpm,101801,1398,274,1530,2020,5,0,40142,9,0,,,,,,,,,,
2026-06-20T13:04:11.228982+00:00,S001,commissioning_unmounted,false,healthy,none,1400,healthy_horizontal_no_load_1400rpm,101901,1398,274,1528,2019,6,0,40198,9,0,,,,,,,,,,
2026-06-20T13:04:11.321240+00:00,S001,commissioning_unmounted,false,healthy,none,1400,healthy_horizontal_no_load_1400rpm,102001,1398,277,1528,2024,3,0,40254,9,0,,,,,,,,,,
2026-06-20T13:04:11.461242+00:00,S001,commissioning_unmounted,false,healthy,none,1400,healthy_horizontal_no_load_1400rpm,102101,1398,271,1536,2022,5,0,40310,9,0,,,,,,,,,,
2026-06-20T13:04:11.554485+00:00,S001,commissioning_unmounted,false,healthy,none,1400,healthy_horizontal_no_load_1400rpm,102201,1398,277,1533,2028,6,0,40366,9,0,,,,,,,,,,
2026-06-20T13:04:11.648167+00:00,S001,commissioning_unmounted,false,healthy,none,1400,healthy_horizontal_no_load_1400rpm,102301,1398,276,1535,2029,3,0,40422,9,0,,,,,,,,,,
2026-06-20T13:04:11.741354+00:00,S001,commissioning_unmounted,false,healthy,none,1400,healthy_horizontal_no_load_1400rpm,102401,1399,276,1532,2026,5,0,40478,9,0,,,,,,,,,,
2026-06-20T13:04:11.835659+00:00,S001,commissioning_unmounted,false,healthy,none,1400,healthy_horizontal_no_load_1400rpm,102501,1398,276,1533,2027,6,0,40534,9,0,,,,,,,,,,
2026-06-20T13:04:11.928797+00:00,S001,commissioning_unmounted,false,healthy,none,1400,healthy_horizontal_no_load_1400rpm,102601,1397,279,1531,2030,3,0,40590,9,0,,,,,,,,,,
2026-06-20T13:04:12.022370+00:00,S001,commissioning_unmounted,false,healthy,none,1400,healthy_horizontal_no_load_1400rpm,102701,1399,270,1535,2019,5,0,40646,9,0,,,,,,,,,,
2026-06-20T13:04:12.115960+00:00,S001,commissioning_unmounted,false,healthy,none,1400,healthy_horizontal_no_load_1400rpm,102801,1398,272,1538,2025,6,0,40702,9,0,,,,,,,,,,
2026-06-20T13:04:12.256779+00:00,S001,commissioning_unmounted,false,healthy,none,1400,healthy_horizontal_no_load_1400rpm,102901,1398,273,1530,2019,3,0,40758,9,0,,,,,,,,,,
2026-06-20T13:04:12.351022+00:00,S001,commissioning_unmounted,false,healthy,none,1400,healthy_horizontal_no_load_1400rpm,103001,1399,278,1531,2028,5,0,40814,9,0,,,,,,,,,,
2026-06-20T13:04:12.444655+00:00,S001,commissioning_unmounted,false,healthy,none,1400,healthy_horizontal_no_load_1400rpm,103101,1399,274,1535,2026,6,0,40870,9,0,,,,,,,,,,
2026-06-20T13:04:12.537719+00:00,S001,commissioning_unmounted,false,healthy,none,1400,healthy_horizontal_no_load_1400rpm,103201,1398,274,1530,2021,3,0,40926,9,0,,,,,,,,,,
2026-06-20T13:04:12.632404+00:00,S001,commissioning_unmounted,false,healthy,none,1400,healthy_horizontal_no_load_1400rpm,103301,1399,276,1528,2021,5,0,40982,9,0,,,,,,,,,,
2026-06-20T13:04:12.725812+00:00,S001,commissioning_unmounted,false,healthy,none,1400,healthy_horizontal_no_load_1400rpm,103401,1398,272,1537,2024,6,0,41038,9,0,,,,,,,,,,
2026-06-20T13:04:12.818439+00:00,S001,commissioning_unmounted,false,healthy,none,1400,healthy_horizontal_no_load_1400rpm,103501,1398,271,1540,2026,3,0,41094,9,0,,,,,,,,,,
2026-06-20T13:04:12.926336+00:00,S001,commissioning_unmounted,false,healthy,none,1400,healthy_horizontal_no_load_1400rpm,103601,1399,277,1528,2023,1,0,41149,9,0,,,,,,,,,,
2026-06-20T13:04:13.019796+00:00,S001,commissioning_unmounted,false,healthy,none,1400,healthy_horizontal_no_load_1400rpm,103701,1398,277,1530,2026,4,0,41205,9,0,,,,,,,,,,
2026-06-20T13:04:13.112537+00:00,S001,commissioning_unmounted,false,healthy,none,1400,healthy_horizontal_no_load_1400rpm,103801,1399,279,1529,2028,2,0,41261,9,0,,,,,,,,,,
2026-06-20T13:04:13.251275+00:00,S001,commissioning_unmounted,false,healthy,none,1400,healthy_horizontal_no_load_1400rpm,103901,1399,276,1531,2024,1,0,41317,9,0,,,,,,,,,,
2026-06-20T13:04:13.344676+00:00,S001,commissioning_unmounted,false,healthy,none,1400,healthy_horizontal_no_load_1400rpm,104001,1398,276,1530,2024,4,0,41373,9,0,,,,,,,,,,
2026-06-20T13:04:13.436875+00:00,S001,commissioning_unmounted,false,healthy,none,1400,healthy_horizontal_no_load_1400rpm,104101,1399,272,1537,2024,2,0,41429,9,0,,,,,,,,,,
2026-06-20T13:04:13.529930+00:00,S001,commissioning_unmounted,false,healthy,none,1400,healthy_horizontal_no_load_1400rpm,104201,1397,273,1532,2022,1,0,41485,9,0,,,,,,,,,,
2026-06-20T13:04:13.622664+00:00,S001,commissioning_unmounted,false,healthy,none,1400,healthy_horizontal_no_load_1400rpm,104301,1398,278,1530,2027,4,0,41541,9,0,,,,,,,,,,
2026-06-20T13:04:13.717277+00:00,S001,commissioning_unmounted,false,healthy,none,1400,healthy_horizontal_no_load_1400rpm,104401,1398,276,1530,2024,2,0,41597,9,0,,,,,,,,,,
2026-06-20T13:04:13.810304+00:00,S001,commissioning_unmounted,false,healthy,none,1400,healthy_horizontal_no_load_1400rpm,104501,1398,275,1530,2022,1,0,41653,9,0,,,,,,,,,,
2026-06-20T13:04:13.951918+00:00,S001,commissioning_unmounted,false,healthy,none,1400,healthy_horizontal_no_load_1400rpm,104601,1399,273,1538,2026,4,0,41709,9,0,,,,,,,,,,
2026-06-20T13:04:14.047723+00:00,S001,commissioning_unmounted,false,healthy,none,1400,healthy_horizontal_no_load_1400rpm,104701,1397,277,1532,2028,2,0,41765,9,0,,,,,,,,,,
2026-06-20T13:04:14.141694+00:00,S001,commissioning_unmounted,false,healthy,none,1400,healthy_horizontal_no_load_1400rpm,104801,1398,273,1538,2026,1,0,41821,9,0,,,,,,,,,,
2026-06-20T13:04:14.235602+00:00,S001,commissioning_unmounted,false,healthy,none,1400,healthy_horizontal_no_load_1400rpm,104901,1399,275,1534,2026,4,0,41877,9,0,,,,,,,,,,
2026-06-20T13:04:14.329860+00:00,S001,commissioning_unmounted,false,healthy,none,1400,healthy_horizontal_no_load_1400rpm,105001,1398,277,1531,2026,2,0,41933,9,0,,,,,,,,,,
2026-06-20T13:04:14.422613+00:00,S001,commissioning_unmounted,false,healthy,none,1400,healthy_horizontal_no_load_1400rpm,105101,1398,277,1530,2025,1,0,41989,9,0,,,,,,,,,,
2026-06-20T13:04:14.517722+00:00,S001,commissioning_unmounted,false,healthy,none,1400,healthy_horizontal_no_load_1400rpm,105201,1399,276,1533,2026,4,0,42045,9,0,,,,,,,,,,
2026-06-20T13:04:14.610114+00:00,S001,commissioning_unmounted,false,healthy,none,1400,healthy_horizontal_no_load_1400rpm,105301,1398,272,1538,2026,2,0,42101,9,0,,,,,,,,,,
2026-06-20T13:04:14.749914+00:00,S001,commissioning_unmounted,false,healthy,none,1400,healthy_horizontal_no_load_1400rpm,105401,1399,277,1528,2023,1,0,42157,9,0,,,,,,,,,,
2026-06-20T13:04:14.844552+00:00,S001,commissioning_unmounted,false,healthy,none,1400,healthy_horizontal_no_load_1400rpm,105501,1399,276,1533,2026,4,0,42213,9,0,,,,,,,,,,
2026-06-20T13:04:14.939504+00:00,S001,commissioning_unmounted,false,healthy,none,1400,healthy_horizontal_no_load_1400rpm,105601,1397,277,1534,2030,2,0,42269,9,0,,,,,,,,,,
2026-06-20T13:04:15.033790+00:00,S001,commissioning_unmounted,false,healthy,none,1400,healthy_horizontal_no_load_1400rpm,105701,1398,274,1536,2026,1,0,42325,9,0,,,,,,,,,,
2026-06-20T13:04:15.128861+00:00,S001,commissioning_unmounted,false,healthy,none,1400,healthy_horizontal_no_load_1400rpm,105801,1398,274,1531,2021,4,0,42381,9,0,,,,,,,,,,
2026-06-20T13:04:15.223686+00:00,S001,commissioning_unmounted,false,healthy,none,1400,healthy_horizontal_no_load_1400rpm,105901,1398,279,1530,2029,6,0,42436,9,0,,,,,,,,,,
2026-06-20T13:04:15.316936+00:00,S001,commissioning_unmounted,false,healthy,none,1400,healthy_horizontal_no_load_1400rpm,106001,1399,274,1536,2026,3,0,42492,9,0,,,,,,,,,,
2026-06-20T13:04:15.411024+00:00,S001,commissioning_unmounted,false,healthy,none,1400,healthy_horizontal_no_load_1400rpm,106101,1398,274,1529,2019,5,0,42548,9,0,,,,,,,,,,
2026-06-20T13:04:15.504677+00:00,S001,commissioning_unmounted,false,healthy,none,1400,healthy_horizontal_no_load_1400rpm,106201,1399,275,1536,2028,6,0,42604,9,0,,,,,,,,,,
2026-06-20T13:04:15.614983+00:00,S001,commissioning_unmounted,false,healthy,none,1400,healthy_horizontal_no_load_1400rpm,106301,1398,275,1530,2023,3,0,42660,9,0,,,,,,,,,,
2026-06-20T13:04:15.724574+00:00,S001,commissioning_unmounted,false,healthy,none,1400,healthy_horizontal_no_load_1400rpm,106401,1399,273,1537,2026,5,0,42716,9,0,,,,,,,,,,
2026-06-20T13:04:15.819788+00:00,S001,commissioning_unmounted,false,healthy,none,1400,healthy_horizontal_no_load_1400rpm,106501,1399,276,1530,2024,6,0,42772,9,0,,,,,,,,,,
2026-06-20T13:04:15.915766+00:00,S001,commissioning_unmounted,false,healthy,none,1400,healthy_horizontal_no_load_1400rpm,106601,1398,275,1530,2022,3,0,42828,9,0,,,,,,,,,,
2026-06-20T13:04:16.010851+00:00,S001,commissioning_unmounted,false,healthy,none,1400,healthy_horizontal_no_load_1400rpm,106701,1398,275,1533,2026,5,0,42884,9,0,,,,,,,,,,
2026-06-20T13:04:16.105641+00:00,S001,commissioning_unmounted,false,healthy,none,1400,healthy_horizontal_no_load_1400rpm,106801,1398,278,1531,2028,6,0,42940,9,0,,,,,,,,,,
2026-06-20T13:04:16.247659+00:00,S001,commissioning_unmounted,false,healthy,none,1400,healthy_horizontal_no_load_1400rpm,106901,1399,277,1529,2025,3,0,42996,9,0,,,,,,,,,,
2026-06-20T13:04:16.341752+00:00,S001,commissioning_unmounted,false,healthy,none,1400,healthy_horizontal_no_load_1400rpm,107001,1398,278,1531,2028,5,0,43052,9,0,,,,,,,,,,
2026-06-20T13:04:16.436995+00:00,S001,commissioning_unmounted,false,healthy,none,1400,healthy_horizontal_no_load_1400rpm,107101,1400,274,1535,2025,6,0,43108,9,0,,,,,,,,,,
2026-06-20T13:04:16.530370+00:00,S001,commissioning_unmounted,false,healthy,none,1400,healthy_horizontal_no_load_1400rpm,107201,1398,277,1532,2027,3,0,43164,9,0,,,,,,,,,,
2026-06-20T13:04:16.623186+00:00,S001,commissioning_unmounted,false,healthy,none,1400,healthy_horizontal_no_load_1400rpm,107301,1398,274,1536,2026,5,0,43220,9,0,,,,,,,,,,
2026-06-20T13:04:16.716672+00:00,S001,commissioning_unmounted,false,healthy,none,1400,healthy_horizontal_no_load_1400rpm,107401,1399,275,1528,2019,6,0,43276,9,0,,,,,,,,,,
2026-06-20T13:04:16.809795+00:00,S001,commissioning_unmounted,false,healthy,none,1400,healthy_horizontal_no_load_1400rpm,107501,1397,276,1535,2029,3,0,43332,9,0,,,,,,,,,,
2026-06-20T13:04:16.903945+00:00,S001,commissioning_unmounted,false,healthy,none,1400,healthy_horizontal_no_load_1400rpm,107601,1399,275,1534,2026,5,0,43388,9,0,,,,,,,,,,
2026-06-20T13:04:17.044012+00:00,S001,commissioning_unmounted,false,healthy,none,1400,healthy_horizontal_no_load_1400rpm,107701,1398,276,1530,2024,6,0,43444,9,0,,,,,,,,,,
2026-06-20T13:04:17.137871+00:00,S001,commissioning_unmounted,false,healthy,none,1400,healthy_horizontal_no_load_1400rpm,107801,1398,274,1535,2026,3,0,43500,9,0,,,,,,,,,,
2026-06-20T13:04:17.230762+00:00,S001,commissioning_unmounted,false,healthy,none,1400,healthy_horizontal_no_load_1400rpm,107901,1398,277,1530,2026,5,0,43556,9,0,,,,,,,,,,
2026-06-20T13:04:17.323092+00:00,S001,commissioning_unmounted,false,healthy,none,1400,healthy_horizontal_no_load_1400rpm,108001,1399,270,1532,2015,6,0,43612,9,0,,,,,,,,,,
2026-06-20T13:04:17.416723+00:00,S001,commissioning_unmounted,false,healthy,none,1400,healthy_horizontal_no_load_1400rpm,108101,1398,275,1536,2028,3,0,43668,9,0,,,,,,,,,,
2026-06-20T13:04:17.511368+00:00,S001,commissioning_unmounted,false,healthy,none,1400,healthy_horizontal_no_load_1400rpm,108201,1399,273,1537,2026,1,0,43723,9,0,,,,,,,,,,
2026-06-20T13:04:17.606677+00:00,S001,commissioning_unmounted,false,healthy,none,1400,healthy_horizontal_no_load_1400rpm,108301,1398,276,1535,2029,4,0,43779,9,0,,,,,,,,,,
2026-06-20T13:04:17.699371+00:00,S001,commissioning_unmounted,false,healthy,none,1400,healthy_horizontal_no_load_1400rpm,108401,1398,275,1533,2026,2,0,43835,9,0,,,,,,,,,,
2026-06-20T13:04:17.838761+00:00,S001,commissioning_unmounted,false,healthy,none,1400,healthy_horizontal_no_load_1400rpm,108501,1398,274,1536,2026,1,0,43891,9,0,,,,,,,,,,
2026-06-20T13:04:17.931746+00:00,S001,commissioning_unmounted,false,healthy,none,1400,healthy_horizontal_no_load_1400rpm,108601,1398,268,1542,2022,4,0,43947,9,0,,,,,,,,,,
2026-06-20T13:04:18.025656+00:00,S001,commissioning_unmounted,false,healthy,none,1400,healthy_horizontal_no_load_1400rpm,108701,1399,273,1537,2025,2,0,44003,9,0,,,,,,,,,,
2026-06-20T13:04:18.119543+00:00,S001,commissioning_unmounted,false,healthy,none,1400,healthy_horizontal_no_load_1400rpm,108801,1399,276,1528,2021,1,0,44059,9,0,,,,,,,,,,
2026-06-20T13:04:18.213657+00:00,S001,commissioning_unmounted,false,healthy,none,1400,healthy_horizontal_no_load_1400rpm,108901,1400,273,1535,2024,4,0,44115,9,0,,,,,,,,,,
2026-06-20T13:04:18.307411+00:00,S001,commissioning_unmounted,false,healthy,none,1400,healthy_horizontal_no_load_1400rpm,109001,1399,274,1538,2028,2,0,44171,9,0,,,,,,,,,,
2026-06-20T13:04:18.402278+00:00,S001,commissioning_unmounted,false,healthy,none,1400,healthy_horizontal_no_load_1400rpm,109101,1398,279,1531,2030,1,0,44227,9,0,,,,,,,,,,
2026-06-20T13:04:18.497656+00:00,S001,commissioning_unmounted,false,healthy,none,1400,healthy_horizontal_no_load_1400rpm,109201,1399,271,1539,2024,4,0,44283,9,0,,,,,,,,,,
2026-06-20T13:04:18.639273+00:00,S001,commissioning_unmounted,false,healthy,none,1400,healthy_horizontal_no_load_1400rpm,109301,1398,273,1538,2026,2,0,44339,9,0,,,,,,,,,,
2026-06-20T13:04:18.731666+00:00,S001,commissioning_unmounted,false,healthy,none,1400,healthy_horizontal_no_load_1400rpm,109401,1398,276,1535,2029,1,0,44395,9,0,,,,,,,,,,
2026-06-20T13:04:18.824425+00:00,S001,commissioning_unmounted,false,healthy,none,1400,healthy_horizontal_no_load_1400rpm,109501,1398,271,1540,2025,4,0,44451,9,0,,,,,,,,,,
2026-06-20T13:04:18.920487+00:00,S001,commissioning_unmounted,false,healthy,none,1400,healthy_horizontal_no_load_1400rpm,109601,1400,276,1533,2026,2,0,44507,9,0,,,,,,,,,,
2026-06-20T13:04:19.014386+00:00,S001,commissioning_unmounted,false,healthy,none,1400,healthy_horizontal_no_load_1400rpm,109701,1399,272,1539,2025,1,0,44563,9,0,,,,,,,,,,
2026-06-20T13:04:19.108589+00:00,S001,commissioning_unmounted,false,healthy,none,1400,healthy_horizontal_no_load_1400rpm,109801,1400,278,1528,2026,4,0,44619,9,0,,,,,,,,,,
2026-06-20T13:04:19.202800+00:00,S001,commissioning_unmounted,false,healthy,none,1400,healthy_horizontal_no_load_1400rpm,109901,1398,277,1532,2027,2,0,44675,9,0,,,,,,,,,,
2026-06-20T13:04:19.298647+00:00,S001,commissioning_unmounted,false,healthy,none,1400,healthy_horizontal_no_load_1400rpm,110001,1398,277,1530,2026,1,0,44731,9,0,,,,,,,,,,
2026-06-20T13:04:19.391240+00:00,S001,commissioning_unmounted,false,healthy,none,1400,healthy_horizontal_no_load_1400rpm,110101,1398,273,1538,2026,4,0,44787,9,0,,,,,,,,,,
2026-06-20T13:04:19.532625+00:00,S001,commissioning_unmounted,false,healthy,none,1400,healthy_horizontal_no_load_1400rpm,110201,1398,270,1540,2024,2,0,44843,9,0,,,,,,,,,,
2026-06-20T13:04:19.625675+00:00,S001,commissioning_unmounted,false,healthy,none,1400,healthy_horizontal_no_load_1400rpm,110301,1398,275,1536,2028,1,0,44899,9,0,,,,,,,,,,
2026-06-20T13:04:19.717688+00:00,S001,commissioning_unmounted,false,healthy,none,1400,healthy_horizontal_no_load_1400rpm,110401,1398,277,1529,2025,4,0,44955,9,0,,,,,,,,,,
2026-06-20T13:04:19.809697+00:00,S001,commissioning_unmounted,false,healthy,none,1400,healthy_horizontal_no_load_1400rpm,110501,1399,276,1532,2026,2,0,45011,9,0,,,,,,,,,,
2026-06-20T13:04:19.904206+00:00,S001,commissioning_unmounted,false,healthy,none,1400,healthy_horizontal_no_load_1400rpm,110601,1399,275,1530,2022,3,0,45066,9,0,,,,,,,,,,
2026-06-20T13:04:19.998660+00:00,S001,commissioning_unmounted,false,healthy,none,1400,healthy_horizontal_no_load_1400rpm,110701,1399,279,1528,2027,4,0,45123,9,0,,,,,,,,,,
2026-06-20T13:04:20.092649+00:00,S001,commissioning_unmounted,false,healthy,none,1400,healthy_horizontal_no_load_1400rpm,110801,1398,275,1535,2027,6,0,45178,9,0,,,,,,,,,,
2026-06-20T13:04:20.232435+00:00,S001,commissioning_unmounted,false,healthy,none,1400,healthy_horizontal_no_load_1400rpm,110901,1399,276,1530,2023,3,0,45234,9,0,,,,,,,,,,
2026-06-20T13:04:20.326669+00:00,S001,commissioning_unmounted,false,healthy,none,1400,healthy_horizontal_no_load_1400rpm,111001,1398,278,1531,2028,5,0,45290,9,0,,,,,,,,,,
2026-06-20T13:04:20.420718+00:00,S001,commissioning_unmounted,false,healthy,none,1400,healthy_horizontal_no_load_1400rpm,111101,1399,275,1535,2026,6,0,45346,9,0,,,,,,,,,,
2026-06-20T13:04:20.513981+00:00,S001,commissioning_unmounted,false,healthy,none,1400,healthy_horizontal_no_load_1400rpm,111201,1398,278,1528,2026,3,0,45402,9,0,,,,,,,,,,
2026-06-20T13:04:20.608655+00:00,S001,commissioning_unmounted,false,healthy,none,1400,healthy_horizontal_no_load_1400rpm,111301,1397,272,1539,2026,5,0,45458,9,0,,,,,,,,,,
2026-06-20T13:04:20.700009+00:00,S001,commissioning_unmounted,false,healthy,none,1400,healthy_horizontal_no_load_1400rpm,111401,1398,277,1531,2028,6,0,45514,9,0,,,,,,,,,,
2026-06-20T13:04:20.791071+00:00,S001,commissioning_unmounted,false,healthy,none,1400,healthy_horizontal_no_load_1400rpm,111501,1398,274,1531,2021,3,0,45570,9,0,,,,,,,,,,
2026-06-20T13:04:20.886535+00:00,S001,commissioning_unmounted,false,healthy,none,1400,healthy_horizontal_no_load_1400rpm,111601,1397,271,1540,2025,5,0,45626,9,0,,,,,,,,,,
2026-06-20T13:04:21.025546+00:00,S001,commissioning_unmounted,false,healthy,none,1400,healthy_horizontal_no_load_1400rpm,111701,1399,278,1531,2028,6,0,45682,9,0,,,,,,,,,,
2026-06-20T13:04:21.119734+00:00,S001,commissioning_unmounted,false,healthy,none,1400,healthy_horizontal_no_load_1400rpm,111801,1399,276,1533,2026,3,0,45738,9,0,,,,,,,,,,
2026-06-20T13:04:21.215640+00:00,S001,commissioning_unmounted,false,healthy,none,1400,healthy_horizontal_no_load_1400rpm,111901,1398,274,1536,2026,5,0,45794,9,0,,,,,,,,,,
2026-06-20T13:04:21.309427+00:00,S001,commissioning_unmounted,false,healthy,none,1400,healthy_horizontal_no_load_1400rpm,112001,1400,278,1528,2024,6,0,45850,9,0,,,,,,,,,,
2026-06-20T13:04:21.404348+00:00,S001,commissioning_unmounted,false,healthy,none,1400,healthy_horizontal_no_load_1400rpm,112101,1398,277,1531,2028,3,0,45906,9,0,,,,,,,,,,
2026-06-20T13:04:21.497402+00:00,S001,commissioning_unmounted,false,healthy,none,1400,healthy_horizontal_no_load_1400rpm,112201,1398,274,1536,2026,5,0,45962,9,0,,,,,,,,,,
2026-06-20T13:04:21.592389+00:00,S001,commissioning_unmounted,false,healthy,none,1400,healthy_horizontal_no_load_1400rpm,112301,1398,275,1531,2024,6,0,46018,9,0,,,,,,,,,,
2026-06-20T13:04:21.686691+00:00,S001,commissioning_unmounted,false,healthy,none,1400,healthy_horizontal_no_load_1400rpm,112401,1398,274,1531,2021,3,0,46074,9,0,,,,,,,,,,
2026-06-20T13:04:21.825921+00:00,S001,commissioning_unmounted,false,healthy,none,1400,healthy_horizontal_no_load_1400rpm,112501,1398,274,1535,2026,5,0,46130,9,0,,,,,,,,,,
2026-06-20T13:04:21.920531+00:00,S001,commissioning_unmounted,false,healthy,none,1400,healthy_horizontal_no_load_1400rpm,112601,1399,277,1533,2028,6,0,46186,9,0,,,,,,,,,,
2026-06-20T13:04:22.014867+00:00,S001,commissioning_unmounted,false,healthy,none,1400,healthy_horizontal_no_load_1400rpm,112701,1398,271,1533,2019,3,0,46242,9,0,,,,,,,,,,
2026-06-20T13:04:22.107736+00:00,S001,commissioning_unmounted,false,healthy,none,1400,healthy_horizontal_no_load_1400rpm,112801,1399,276,1533,2027,5,0,46298,9,0,,,,,,,,,,
2026-06-20T13:04:22.202060+00:00,S001,commissioning_unmounted,false,healthy,none,1400,healthy_horizontal_no_load_1400rpm,112901,1399,273,1538,2026,4,0,46353,9,0,,,,,,,,,,
2026-06-20T13:04:22.296434+00:00,S001,commissioning_unmounted,false,healthy,none,1400,healthy_horizontal_no_load_1400rpm,113001,1397,275,1531,2023,2,0,46409,9,0,,,,,,,,,,
2026-06-20T13:04:22.390623+00:00,S001,commissioning_unmounted,false,healthy,none,1400,healthy_horizontal_no_load_1400rpm,113101,1399,274,1528,2018,1,0,46465,9,0,,,,,,,,,,
2026-06-20T13:04:22.484666+00:00,S001,commissioning_unmounted,false,healthy,none,1400,healthy_horizontal_no_load_1400rpm,113201,1399,274,1529,2020,4,0,46521,9,0,,,,,,,,,,
2026-06-20T13:04:22.625649+00:00,S001,commissioning_unmounted,false,healthy,none,1400,healthy_horizontal_no_load_1400rpm,113301,1398,276,1530,2024,2,0,46577,9,0,,,,,,,,,,
2026-06-20T13:04:22.720694+00:00,S001,commissioning_unmounted,false,healthy,none,1400,healthy_horizontal_no_load_1400rpm,113401,1399,277,1531,2026,1,0,46633,9,0,,,,,,,,,,
2026-06-20T13:04:22.812863+00:00,S001,commissioning_unmounted,false,healthy,none,1400,healthy_horizontal_no_load_1400rpm,113501,1398,275,1529,2022,4,0,46689,9,0,,,,,,,,,,
2026-06-20T13:04:22.906439+00:00,S001,commissioning_unmounted,false,healthy,none,1400,healthy_horizontal_no_load_1400rpm,113601,1398,279,1530,2029,2,0,46745,9,0,,,,,,,,,,
2026-06-20T13:04:23.000838+00:00,S001,commissioning_unmounted,false,healthy,none,1400,healthy_horizontal_no_load_1400rpm,113701,1399,275,1534,2026,1,0,46801,9,0,,,,,,,,,,
2026-06-20T13:04:23.094704+00:00,S001,commissioning_unmounted,false,healthy,none,1400,healthy_horizontal_no_load_1400rpm,113801,1397,277,1531,2028,4,0,46857,9,0,,,,,,,,,,
2026-06-20T13:04:23.187792+00:00,S001,commissioning_unmounted,false,healthy,none,1400,healthy_horizontal_no_load_1400rpm,113901,1400,278,1528,2025,2,0,46913,9,0,,,,,,,,,,
2026-06-20T13:04:23.280765+00:00,S001,commissioning_unmounted,false,healthy,none,1400,healthy_horizontal_no_load_1400rpm,114001,1399,274,1530,2021,1,0,46969,9,0,,,,,,,,,,
2026-06-20T13:04:23.421439+00:00,S001,commissioning_unmounted,false,healthy,none,1400,healthy_horizontal_no_load_1400rpm,114101,1398,277,1533,2028,4,0,47025,9,0,,,,,,,,,,
2026-06-20T13:04:23.515736+00:00,S001,commissioning_unmounted,false,healthy,none,1400,healthy_horizontal_no_load_1400rpm,114201,1399,277,1529,2024,2,0,47081,9,0,,,,,,,,,,
2026-06-20T13:04:23.608427+00:00,S001,commissioning_unmounted,false,healthy,none,1400,healthy_horizontal_no_load_1400rpm,114301,1397,274,1537,2027,1,0,47137,9,0,,,,,,,,,,
2026-06-20T13:04:23.700320+00:00,S001,commissioning_unmounted,false,healthy,none,1400,healthy_horizontal_no_load_1400rpm,114401,1399,273,1536,2024,4,0,47193,9,0,,,,,,,,,,
2026-06-20T13:04:23.793622+00:00,S001,commissioning_unmounted,false,healthy,none,1400,healthy_horizontal_no_load_1400rpm,114501,1399,276,1528,2022,2,0,47249,9,0,,,,,,,,,,
2026-06-20T13:04:23.888289+00:00,S001,commissioning_unmounted,false,healthy,none,1400,healthy_horizontal_no_load_1400rpm,114601,1398,275,1531,2024,1,0,47305,9,0,,,,,,,,,,
2026-06-20T13:04:23.983173+00:00,S001,commissioning_unmounted,false,healthy,none,1400,healthy_horizontal_no_load_1400rpm,114701,1399,274,1535,2026,4,0,47361,9,0,,,,,,,,,,
2026-06-20T13:04:24.076319+00:00,S001,commissioning_unmounted,false,healthy,none,1400,healthy_horizontal_no_load_1400rpm,114801,1400,274,1534,2023,2,0,47417,9,0,,,,,,,,,,
2026-06-20T13:04:24.215698+00:00,S001,commissioning_unmounted,false,healthy,none,1400,healthy_horizontal_no_load_1400rpm,114901,1398,278,1530,2027,1,0,47473,9,0,,,,,,,,,,
2026-06-20T13:04:24.310433+00:00,S001,commissioning_unmounted,false,healthy,none,1400,healthy_horizontal_no_load_1400rpm,115001,1400,276,1529,2022,4,0,47529,9,0,,,,,,,,,,
2026-06-20T13:04:24.404102+00:00,S001,commissioning_unmounted,false,healthy,none,1400,healthy_horizontal_no_load_1400rpm,115101,1399,276,1526,2019,2,0,47585,9,0,,,,,,,,,,
2026-06-20T13:04:24.498232+00:00,S001,commissioning_unmounted,false,healthy,none,1400,healthy_horizontal_no_load_1400rpm,115201,1397,278,1532,2031,1,0,47641,9,0,,,,,,,,,,
2026-06-20T13:04:24.591720+00:00,S001,commissioning_unmounted,false,healthy,none,1400,healthy_horizontal_no_load_1400rpm,115301,1398,274,1530,2021,4,0,47697,9,0,,,,,,,,,,
2026-06-20T13:04:24.684564+00:00,S001,commissioning_unmounted,false,healthy,none,1400,healthy_horizontal_no_load_1400rpm,115401,1399,276,1530,2024,6,0,47752,9,0,,,,,,,,,,
2026-06-20T13:04:24.777078+00:00,S001,commissioning_unmounted,false,healthy,none,1400,healthy_horizontal_no_load_1400rpm,115501,1399,274,1536,2026,3,0,47808,9,0,,,,,,,,,,
2026-06-20T13:04:24.918664+00:00,S001,commissioning_unmounted,false,healthy,none,1400,healthy_horizontal_no_load_1400rpm,115601,1399,277,1530,2026,5,0,47864,9,0,,,,,,,,,,
2026-06-20T13:04:25.013910+00:00,S001,commissioning_unmounted,false,healthy,none,1400,healthy_horizontal_no_load_1400rpm,115701,1398,278,1529,2026,6,0,47920,9,0,,,,,,,,,,
2026-06-20T13:04:25.107592+00:00,S001,commissioning_unmounted,false,healthy,none,1400,healthy_horizontal_no_load_1400rpm,115801,1399,278,1528,2026,3,0,47976,9,0,,,,,,,,,,
2026-06-20T13:04:25.201363+00:00,S001,commissioning_unmounted,false,healthy,none,1400,healthy_horizontal_no_load_1400rpm,115901,1398,275,1535,2027,5,0,48032,9,0,,,,,,,,,,
2026-06-20T13:04:25.293886+00:00,S001,commissioning_unmounted,false,healthy,none,1400,healthy_horizontal_no_load_1400rpm,116001,1398,277,1530,2026,6,0,48088,9,0,,,,,,,,,,
2026-06-20T13:04:25.388571+00:00,S001,commissioning_unmounted,false,healthy,none,1400,healthy_horizontal_no_load_1400rpm,116101,1399,275,1530,2021,3,0,48144,9,0,,,,,,,,,,
2026-06-20T13:04:25.484765+00:00,S001,commissioning_unmounted,false,healthy,none,1400,healthy_horizontal_no_load_1400rpm,116201,1398,278,1530,2028,5,0,48200,9,0,,,,,,,,,,
2026-06-20T13:04:25.579976+00:00,S001,commissioning_unmounted,false,healthy,none,1400,healthy_horizontal_no_load_1400rpm,116301,1398,274,1535,2026,6,0,48256,9,0,,,,,,,,,,
2026-06-20T13:04:25.674676+00:00,S001,commissioning_unmounted,false,healthy,none,1400,healthy_horizontal_no_load_1400rpm,116401,1398,276,1530,2024,3,0,48312,9,0,,,,,,,,,,
2026-06-20T13:04:25.770450+00:00,S001,commissioning_unmounted,false,healthy,none,1400,healthy_horizontal_no_load_1400rpm,116501,1399,277,1531,2026,5,0,48368,9,0,,,,,,,,,,
2026-06-20T13:04:25.911194+00:00,S001,commissioning_unmounted,false,healthy,none,1400,healthy_horizontal_no_load_1400rpm,116601,1397,280,1530,2031,6,0,48424,9,0,,,,,,,,,,
2026-06-20T13:04:25.990202+00:00,S001,commissioning_unmounted,false,healthy,none,1400,healthy_horizontal_no_load_1400rpm,116701,1399,277,1529,2024,3,0,48480,9,0,,,,,,,,,,
2026-06-20T13:04:26.114109+00:00,S001,commissioning_unmounted,false,healthy,none,1400,healthy_horizontal_no_load_1400rpm,116801,1399,276,1528,2021,5,0,48536,9,0,,,,,,,,,,
2026-06-20T13:04:26.207687+00:00,S001,commissioning_unmounted,false,healthy,none,1400,healthy_horizontal_no_load_1400rpm,116901,1399,275,1536,2028,6,0,48592,9,0,,,,,,,,,,
2026-06-20T13:04:26.300730+00:00,S001,commissioning_unmounted,false,healthy,none,1400,healthy_horizontal_no_load_1400rpm,117001,1399,273,1537,2026,3,0,48648,9,0,,,,,,,,,,
2026-06-20T13:04:26.393837+00:00,S001,commissioning_unmounted,false,healthy,none,1400,healthy_horizontal_no_load_1400rpm,117101,1399,275,1536,2028,5,0,48704,9,0,,,,,,,,,,
2026-06-20T13:04:26.488202+00:00,S001,commissioning_unmounted,false,healthy,none,1400,healthy_horizontal_no_load_1400rpm,117201,1399,276,1528,2022,6,0,48760,9,0,,,,,,,,,,
2026-06-20T13:04:26.582495+00:00,S001,commissioning_unmounted,false,healthy,none,1400,healthy_horizontal_no_load_1400rpm,117301,1399,276,1533,2026,3,0,48816,9,0,,,,,,,,,,
2026-06-20T13:04:26.677765+00:00,S001,commissioning_unmounted,false,healthy,none,1400,healthy_horizontal_no_load_1400rpm,117401,1399,278,1528,2026,5,0,48872,9,0,,,,,,,,,,
2026-06-20T13:04:26.772353+00:00,S001,commissioning_unmounted,false,healthy,none,1400,healthy_horizontal_no_load_1400rpm,117501,1399,274,1536,2026,6,0,48928,9,0,,,,,,,,,,
2026-06-20T13:04:26.867177+00:00,S001,commissioning_unmounted,false,healthy,none,1400,healthy_horizontal_no_load_1400rpm,117601,1398,271,1540,2026,3,0,48984,9,0,,,,,,,,,,
2026-06-20T13:04:27.008297+00:00,S001,commissioning_unmounted,false,healthy,none,1400,healthy_horizontal_no_load_1400rpm,117701,1397,275,1532,2024,5,0,49040,9,0,,,,,,,,,,
2026-06-20T13:04:27.102290+00:00,S001,commissioning_unmounted,false,healthy,none,1400,healthy_horizontal_no_load_1400rpm,117801,1398,273,1538,2026,4,0,49095,9,0,,,,,,,,,,
2026-06-20T13:04:27.197103+00:00,S001,commissioning_unmounted,false,healthy,none,1400,healthy_horizontal_no_load_1400rpm,117901,1397,277,1533,2030,2,0,49151,9,0,,,,,,,,,,
2026-06-20T13:04:27.290165+00:00,S001,commissioning_unmounted,false,healthy,none,1400,healthy_horizontal_no_load_1400rpm,118001,1399,277,1533,2028,1,0,49207,9,0,,,,,,,,,,
2026-06-20T13:04:27.385689+00:00,S001,commissioning_unmounted,false,healthy,none,1400,healthy_horizontal_no_load_1400rpm,118101,1398,276,1529,2023,4,0,49263,9,0,,,,,,,,,,
2026-06-20T13:04:27.480484+00:00,S001,commissioning_unmounted,false,healthy,none,1400,healthy_horizontal_no_load_1400rpm,118201,1399,277,1528,2024,2,0,49319,9,0,,,,,,,,,,
2026-06-20T13:04:27.572476+00:00,S001,commissioning_unmounted,false,healthy,none,1400,healthy_horizontal_no_load_1400rpm,118301,1399,276,1533,2026,1,0,49375,9,0,,,,,,,,,,
2026-06-20T13:04:27.665808+00:00,S001,commissioning_unmounted,false,healthy,none,1400,healthy_horizontal_no_load_1400rpm,118401,1397,274,1531,2021,4,0,49431,9,0,,,,,,,,,,
2026-06-20T13:04:27.806219+00:00,S001,commissioning_unmounted,false,healthy,none,1400,healthy_horizontal_no_load_1400rpm,118501,1399,275,1530,2022,2,0,49487,9,0,,,,,,,,,,
2026-06-20T13:04:27.900559+00:00,S001,commissioning_unmounted,false,healthy,none,1400,healthy_horizontal_no_load_1400rpm,118601,1398,273,1538,2026,1,0,49543,9,0,,,,,,,,,,
2026-06-20T13:04:27.994542+00:00,S001,commissioning_unmounted,false,healthy,none,1400,healthy_horizontal_no_load_1400rpm,118701,1398,272,1531,2019,4,0,49599,9,0,,,,,,,,,,
2026-06-20T13:04:28.088885+00:00,S001,commissioning_unmounted,false,healthy,none,1400,healthy_horizontal_no_load_1400rpm,118801,1399,277,1529,2025,2,0,49655,9,0,,,,,,,,,,
2026-06-20T13:04:28.181079+00:00,S001,commissioning_unmounted,false,healthy,none,1400,healthy_horizontal_no_load_1400rpm,118901,1398,271,1540,2026,1,0,49711,9,0,,,,,,,,,,
2026-06-20T13:04:28.273752+00:00,S001,commissioning_unmounted,false,healthy,none,1400,healthy_horizontal_no_load_1400rpm,119001,1397,271,1540,2026,4,0,49767,9,0,,,,,,,,,,
2026-06-20T13:04:28.368329+00:00,S001,commissioning_unmounted,false,healthy,none,1400,healthy_horizontal_no_load_1400rpm,119101,1399,272,1537,2024,2,0,49823,9,0,,,,,,,,,,
2026-06-20T13:04:28.463443+00:00,S001,commissioning_unmounted,false,healthy,none,1400,healthy_horizontal_no_load_1400rpm,119201,1399,273,1537,2026,1,0,49879,9,0,,,,,,,,,,
2026-06-20T13:04:28.605253+00:00,S001,commissioning_unmounted,false,healthy,none,1400,healthy_horizontal_no_load_1400rpm,119301,1398,274,1537,2028,4,0,49935,9,0,,,,,,,,,,
2026-06-20T13:04:28.699012+00:00,S001,commissioning_unmounted,false,healthy,none,1400,healthy_horizontal_no_load_1400rpm,119401,1398,276,1530,2024,2,0,49991,9,0,,,,,,,,,,
2026-06-20T13:04:28.793556+00:00,S001,commissioning_unmounted,false,healthy,none,1400,healthy_horizontal_no_load_1400rpm,119501,1397,277,1531,2028,1,0,50047,9,0,,,,,,,,,,
2026-06-20T13:04:28.888479+00:00,S001,commissioning_unmounted,false,healthy,none,1400,healthy_horizontal_no_load_1400rpm,119601,1397,276,1529,2024,4,0,50103,9,0,,,,,,,,,,
2026-06-20T13:04:28.981085+00:00,S001,commissioning_unmounted,false,healthy,none,1400,healthy_horizontal_no_load_1400rpm,119701,1398,275,1537,2029,2,0,50159,9,0,,,,,,,,,,
2026-06-20T13:04:29.074477+00:00,S001,commissioning_unmounted,false,healthy,none,1400,healthy_horizontal_no_load_1400rpm,119801,1398,278,1528,2026,1,0,50215,9,0,,,,,,,,,,
2026-06-20T13:04:29.166635+00:00,S001,commissioning_unmounted,false,healthy,none,1400,healthy_horizontal_no_load_1400rpm,119901,1399,274,1537,2027,4,0,50271,9,0,,,,,,,,,,
2026-06-20T13:04:29.259812+00:00,S001,commissioning_unmounted,false,healthy,none,1400,healthy_horizontal_no_load_1400rpm,120001,1399,276,1528,2021,6,0,50326,9,0,,,,,,,,,,
2026-06-20T13:04:29.399313+00:00,S001,commissioning_unmounted,false,healthy,none,1400,healthy_horizontal_no_load_1400rpm,120101,1398,277,1528,2023,3,0,50382,9,0,,,,,,,,,,
2026-06-20T13:04:29.492764+00:00,S001,commissioning_unmounted,false,healthy,none,1400,healthy_horizontal_no_load_1400rpm,120201,1399,273,1528,2017,5,0,50438,9,0,,,,,,,,,,
2026-06-20T13:04:29.586322+00:00,S001,commissioning_unmounted,false,healthy,none,1400,healthy_horizontal_no_load_1400rpm,120301,1398,274,1538,2028,6,0,50494,9,0,,,,,,,,,,
2026-06-20T13:04:29.681134+00:00,S001,commissioning_unmounted,false,healthy,none,1400,healthy_horizontal_no_load_1400rpm,120401,1398,272,1532,2019,3,0,50550,9,0,,,,,,,,,,
2026-06-20T13:04:29.774067+00:00,S001,commissioning_unmounted,false,healthy,none,1400,healthy_horizontal_no_load_1400rpm,120501,1398,274,1531,2021,5,0,50606,9,0,,,,,,,,,,
2026-06-20T13:04:29.867784+00:00,S001,commissioning_unmounted,false,healthy,none,1400,healthy_horizontal_no_load_1400rpm,120601,1399,272,1538,2024,6,0,50662,9,0,,,,,,,,,,
2026-06-20T13:04:29.960975+00:00,S001,commissioning_unmounted,false,healthy,none,1400,healthy_horizontal_no_load_1400rpm,120701,1399,274,1535,2026,3,0,50718,9,0,,,,,,,,,,
2026-06-20T13:04:30.101337+00:00,S001,commissioning_unmounted,false,healthy,none,1400,healthy_horizontal_no_load_1400rpm,120801,1399,276,1527,2021,5,0,50774,9,0,,,,,,,,,,
2026-06-20T13:04:30.195723+00:00,S001,commissioning_unmounted,false,healthy,none,1400,healthy_horizontal_no_load_1400rpm,120901,1398,277,1533,2028,6,0,50830,9,0,,,,,,,,,,
2026-06-20T13:04:30.289111+00:00,S001,commissioning_unmounted,false,healthy,none,1400,healthy_horizontal_no_load_1400rpm,121001,1398,278,1531,2028,3,0,50886,9,0,,,,,,,,,,
2026-06-20T13:04:30.381724+00:00,S001,commissioning_unmounted,false,healthy,none,1400,healthy_horizontal_no_load_1400rpm,121101,1399,277,1530,2025,5,0,50942,9,0,,,,,,,,,,
2026-06-20T13:04:30.475588+00:00,S001,commissioning_unmounted,false,healthy,none,1400,healthy_horizontal_no_load_1400rpm,121201,1398,277,1533,2028,6,0,50998,9,0,,,,,,,,,,
2026-06-20T13:04:30.570333+00:00,S001,commissioning_unmounted,false,healthy,none,1400,healthy_horizontal_no_load_1400rpm,121301,1398,274,1530,2021,3,0,51054,9,0,,,,,,,,,,
2026-06-20T13:04:30.664719+00:00,S001,commissioning_unmounted,false,healthy,none,1400,healthy_horizontal_no_load_1400rpm,121401,1398,275,1530,2022,5,0,51110,9,0,,,,,,,,,,
2026-06-20T13:04:30.758526+00:00,S001,commissioning_unmounted,false,healthy,none,1400,healthy_horizontal_no_load_1400rpm,121501,1399,276,1528,2021,6,0,51166,9,0,,,,,,,,,,
2026-06-20T13:04:30.897672+00:00,S001,commissioning_unmounted,false,healthy,none,1400,healthy_horizontal_no_load_1400rpm,121601,1398,274,1535,2026,3,0,51222,9,0,,,,,,,,,,
2026-06-20T13:04:30.992196+00:00,S001,commissioning_unmounted,false,healthy,none,1400,healthy_horizontal_no_load_1400rpm,121701,1398,276,1530,2025,5,0,51278,9,0,,,,,,,,,,
2026-06-20T13:04:31.085612+00:00,S001,commissioning_unmounted,false,healthy,none,1400,healthy_horizontal_no_load_1400rpm,121801,1399,276,1528,2021,6,0,51334,9,0,,,,,,,,,,
2026-06-20T13:04:31.179770+00:00,S001,commissioning_unmounted,false,healthy,none,1400,healthy_horizontal_no_load_1400rpm,121901,1399,275,1530,2022,3,0,51390,9,0,,,,,,,,,,
2026-06-20T13:04:31.272685+00:00,S001,commissioning_unmounted,false,healthy,none,1400,healthy_horizontal_no_load_1400rpm,122001,1398,276,1533,2028,1,0,51445,9,0,,,,,,,,,,
2026-06-20T13:04:31.365342+00:00,S001,commissioning_unmounted,false,healthy,none,1400,healthy_horizontal_no_load_1400rpm,122101,1400,275,1529,2020,4,0,51501,9,0,,,,,,,,,,
2026-06-20T13:04:31.459332+00:00,S001,commissioning_unmounted,false,healthy,none,1400,healthy_horizontal_no_load_1400rpm,122201,1398,277,1528,2023,2,0,51557,9,0,,,,,,,,,,
2026-06-20T13:04:31.568606+00:00,S001,commissioning_unmounted,false,healthy,none,1400,healthy_horizontal_no_load_1400rpm,122301,1398,273,1537,2025,1,0,51613,9,0,,,,,,,,,,
2026-06-20T13:04:31.662770+00:00,S001,commissioning_unmounted,false,healthy,none,1400,healthy_horizontal_no_load_1400rpm,122401,1398,278,1531,2028,4,0,51669,9,0,,,,,,,,,,
2026-06-20T13:04:31.756576+00:00,S001,commissioning_unmounted,false,healthy,none,1400,healthy_horizontal_no_load_1400rpm,122501,1398,275,1532,2024,2,0,51725,9,0,,,,,,,,,,
2026-06-20T13:04:31.850843+00:00,S001,commissioning_unmounted,false,healthy,none,1400,healthy_horizontal_no_load_1400rpm,122601,1398,270,1540,2024,1,0,51781,9,0,,,,,,,,,,
2026-06-20T13:04:31.993313+00:00,S001,commissioning_unmounted,false,healthy,none,1400,healthy_horizontal_no_load_1400rpm,122701,1399,276,1529,2023,4,0,51837,9,0,,,,,,,,,,
2026-06-20T13:04:32.088026+00:00,S001,commissioning_unmounted,false,healthy,none,1400,healthy_horizontal_no_load_1400rpm,122801,1398,276,1530,2024,2,0,51893,9,0,,,,,,,,,,
2026-06-20T13:04:32.179211+00:00,S001,commissioning_unmounted,false,healthy,none,1400,healthy_horizontal_no_load_1400rpm,122901,1400,273,1530,2019,1,0,51949,9,0,,,,,,,,,,
2026-06-20T13:04:32.272364+00:00,S001,commissioning_unmounted,false,healthy,none,1400,healthy_horizontal_no_load_1400rpm,123001,1399,271,1530,2014,4,0,52005,9,0,,,,,,,,,,
2026-06-20T13:04:32.366765+00:00,S001,commissioning_unmounted,false,healthy,none,1400,healthy_horizontal_no_load_1400rpm,123101,1398,274,1528,2018,2,0,52061,9,0,,,,,,,,,,
2026-06-20T13:04:32.460121+00:00,S001,commissioning_unmounted,false,healthy,none,1400,healthy_horizontal_no_load_1400rpm,123201,1398,273,1538,2026,1,0,52117,9,0,,,,,,,,,,
2026-06-20T13:04:32.552812+00:00,S001,commissioning_unmounted,false,healthy,none,1400,healthy_horizontal_no_load_1400rpm,123301,1399,274,1533,2024,4,0,52173,9,0,,,,,,,,,,
2026-06-20T13:04:32.693441+00:00,S001,commissioning_unmounted,false,healthy,none,1400,healthy_horizontal_no_load_1400rpm,123401,1397,278,1531,2029,2,0,52229,9,0,,,,,,,,,,
2026-06-20T13:04:32.753790+00:00,S001,commissioning_unmounted,false,healthy,none,1400,healthy_horizontal_no_load_1400rpm,123501,1399,276,1532,2026,1,0,52285,9,0,,,,,,,,,,
2026-06-20T13:04:32.892602+00:00,S001,commissioning_unmounted,false,healthy,none,1400,healthy_horizontal_no_load_1400rpm,123601,1399,276,1531,2024,4,0,52341,9,0,,,,,,,,,,
2026-06-20T13:04:32.987144+00:00,S001,commissioning_unmounted,false,healthy,none,1400,healthy_horizontal_no_load_1400rpm,123701,1400,275,1535,2026,2,0,52397,9,0,,,,,,,,,,
2026-06-20T13:04:33.080424+00:00,S001,commissioning_unmounted,false,healthy,none,1400,healthy_horizontal_no_load_1400rpm,123801,1399,272,1535,2021,1,0,52453,9,0,,,,,,,,,,
2026-06-20T13:04:33.173994+00:00,S001,commissioning_unmounted,false,healthy,none,1400,healthy_horizontal_no_load_1400rpm,123901,1397,273,1536,2026,4,0,52509,9,0,,,,,,,,,,
2026-06-20T13:04:33.268504+00:00,S001,commissioning_unmounted,false,healthy,none,1400,healthy_horizontal_no_load_1400rpm,124001,1398,277,1531,2026,2,0,52565,9,0,,,,,,,,,,
2026-06-20T13:04:33.362214+00:00,S001,commissioning_unmounted,false,healthy,none,1400,healthy_horizontal_no_load_1400rpm,124101,1400,276,1530,2023,1,0,52621,9,0,,,,,,,,,,
2026-06-20T13:04:33.456289+00:00,S001,commissioning_unmounted,false,healthy,none,1400,healthy_horizontal_no_load_1400rpm,124201,1399,276,1533,2026,4,0,52677,9,0,,,,,,,,,,
2026-06-20T13:04:33.598780+00:00,S001,commissioning_unmounted,false,healthy,none,1400,healthy_horizontal_no_load_1400rpm,124301,1398,275,1530,2023,2,0,52733,9,0,,,,,,,,,,
2026-06-20T13:04:33.646783+00:00,S001,commissioning_unmounted,false,healthy,none,1400,healthy_horizontal_no_load_1400rpm,124401,1398,276,1533,2027,1,0,52789,9,0,,,,,,,,,,
2026-06-20T13:04:33.789045+00:00,S001,commissioning_unmounted,false,healthy,none,1400,healthy_horizontal_no_load_1400rpm,124501,1398,277,1528,2024,4,0,52845,9,0,,,,,,,,,,
2026-06-20T13:04:33.881679+00:00,S001,commissioning_unmounted,false,healthy,none,1400,healthy_horizontal_no_load_1400rpm,124601,1399,272,1539,2025,2,0,52901,9,0,,,,,,,,,,
2026-06-20T13:04:33.988606+00:00,S001,commissioning_unmounted,false,healthy,none,1400,healthy_horizontal_no_load_1400rpm,124701,1398,275,1533,2026,3,0,52956,9,0,,,,,,,,,,
2026-06-20T13:04:34.081659+00:00,S001,commissioning_unmounted,false,healthy,none,1400,healthy_horizontal_no_load_1400rpm,124801,1398,278,1531,2028,5,0,53012,9,0,,,,,,,,,,
2026-06-20T13:04:34.174119+00:00,S001,commissioning_unmounted,false,healthy,none,1400,healthy_horizontal_no_load_1400rpm,124901,1399,276,1528,2022,6,0,53068,9,0,,,,,,,,,,
2026-06-20T13:04:34.267460+00:00,S001,commissioning_unmounted,false,healthy,none,1400,healthy_horizontal_no_load_1400rpm,125001,1398,274,1532,2023,3,0,53124,9,0,,,,,,,,,,
2026-06-20T13:04:34.360733+00:00,S001,commissioning_unmounted,false,healthy,none,1400,healthy_horizontal_no_load_1400rpm,125101,1398,276,1533,2027,5,0,53180,9,0,,,,,,,,,,
2026-06-20T13:04:34.455591+00:00,S001,commissioning_unmounted,false,healthy,none,1400,healthy_horizontal_no_load_1400rpm,125201,1400,275,1530,2021,6,0,53236,9,0,,,,,,,,,,
2026-06-20T13:04:34.546738+00:00,S001,commissioning_unmounted,false,healthy,none,1400,healthy_horizontal_no_load_1400rpm,125301,1399,272,1538,2025,3,0,53292,9,0,,,,,,,,,,
2026-06-20T13:04:34.684335+00:00,S001,commissioning_unmounted,false,healthy,none,1400,healthy_horizontal_no_load_1400rpm,125401,1396,274,1537,2028,5,0,53348,9,0,,,,,,,,,,
2026-06-20T13:04:34.778352+00:00,S001,commissioning_unmounted,false,healthy,none,1400,healthy_horizontal_no_load_1400rpm,125501,1398,271,1540,2025,6,0,53404,9,0,,,,,,,,,,
2026-06-20T13:04:34.870112+00:00,S001,commissioning_unmounted,false,healthy,none,1400,healthy_horizontal_no_load_1400rpm,125601,1398,276,1529,2023,3,0,53460,9,0,,,,,,,,,,
2026-06-20T13:04:34.962725+00:00,S001,commissioning_unmounted,false,healthy,none,1400,healthy_horizontal_no_load_1400rpm,125701,1399,272,1532,2019,5,0,53516,9,0,,,,,,,,,,
2026-06-20T13:04:35.056162+00:00,S001,commissioning_unmounted,false,healthy,none,1400,healthy_horizontal_no_load_1400rpm,125801,1398,278,1528,2026,6,0,53572,9,0,,,,,,,,,,
2026-06-20T13:04:35.149774+00:00,S001,commissioning_unmounted,false,healthy,none,1400,healthy_horizontal_no_load_1400rpm,125901,1398,276,1530,2024,3,0,53628,9,0,,,,,,,,,,
2026-06-20T13:04:35.243990+00:00,S001,commissioning_unmounted,false,healthy,none,1400,healthy_horizontal_no_load_1400rpm,126001,1398,275,1536,2028,5,0,53684,9,0,,,,,,,,,,
2026-06-20T13:04:35.338151+00:00,S001,commissioning_unmounted,false,healthy,none,1400,healthy_horizontal_no_load_1400rpm,126101,1398,277,1530,2026,6,0,53740,9,0,,,,,,,,,,
2026-06-20T13:04:35.480134+00:00,S001,commissioning_unmounted,false,healthy,none,1400,healthy_horizontal_no_load_1400rpm,126201,1399,275,1536,2028,3,0,53796,9,0,,,,,,,,,,
2026-06-20T13:04:35.574629+00:00,S001,commissioning_unmounted,false,healthy,none,1400,healthy_horizontal_no_load_1400rpm,126301,1397,276,1530,2024,5,0,53852,9,0,,,,,,,,,,
2026-06-20T13:04:35.667289+00:00,S001,commissioning_unmounted,false,healthy,none,1400,healthy_horizontal_no_load_1400rpm,126401,1398,276,1532,2026,4,0,53907,9,0,,,,,,,,,,
2026-06-20T13:04:35.762136+00:00,S001,commissioning_unmounted,false,healthy,none,1400,healthy_horizontal_no_load_1400rpm,126501,1398,277,1530,2026,2,0,53963,9,0,,,,,,,,,,
2026-06-20T13:04:35.854456+00:00,S001,commissioning_unmounted,false,healthy,none,1400,healthy_horizontal_no_load_1400rpm,126601,1399,278,1526,2024,1,0,54019,9,0,,,,,,,,,,
2026-06-20T13:04:35.948910+00:00,S001,commissioning_unmounted,false,healthy,none,1400,healthy_horizontal_no_load_1400rpm,126701,1398,270,1540,2024,4,0,54075,9,0,,,,,,,,,,
2026-06-20T13:04:36.043185+00:00,S001,commissioning_unmounted,false,healthy,none,1400,healthy_horizontal_no_load_1400rpm,126801,1399,277,1528,2024,2,0,54131,9,0,,,,,,,,,,
2026-06-20T13:04:36.136657+00:00,S001,commissioning_unmounted,false,healthy,none,1400,healthy_horizontal_no_load_1400rpm,126901,1396,273,1538,2028,1,0,54187,9,0,,,,,,,,,,
2026-06-20T13:04:36.276702+00:00,S001,commissioning_unmounted,false,healthy,none,1400,healthy_horizontal_no_load_1400rpm,127001,1399,270,1531,2015,4,0,54243,9,0,,,,,,,,,,
2026-06-20T13:04:36.369041+00:00,S001,commissioning_unmounted,false,healthy,none,1400,healthy_horizontal_no_load_1400rpm,127101,1399,272,1531,2018,2,0,54299,9,0,,,,,,,,,,
2026-06-20T13:04:36.460696+00:00,S001,commissioning_unmounted,false,healthy,none,1400,healthy_horizontal_no_load_1400rpm,127201,1395,270,1540,2024,1,0,54355,9,0,,,,,,,,,,
2026-06-20T13:04:36.553380+00:00,S001,commissioning_unmounted,false,healthy,none,1400,healthy_horizontal_no_load_1400rpm,127301,1397,274,1530,2021,4,0,54411,9,0,,,,,,,,,,
2026-06-20T13:04:36.646770+00:00,S001,commissioning_unmounted,false,healthy,none,1400,healthy_horizontal_no_load_1400rpm,127401,1399,271,1532,2017,2,0,54467,9,0,,,,,,,,,,
2026-06-20T13:04:36.741469+00:00,S001,commissioning_unmounted,false,healthy,none,1400,healthy_horizontal_no_load_1400rpm,127501,1397,278,1531,2029,1,0,54523,9,0,,,,,,,,,,
2026-06-20T13:04:36.834846+00:00,S001,commissioning_unmounted,false,healthy,none,1400,healthy_horizontal_no_load_1400rpm,127601,1398,273,1537,2026,4,0,54579,9,0,,,,,,,,,,
2026-06-20T13:04:36.974750+00:00,S001,commissioning_unmounted,false,healthy,none,1400,healthy_horizontal_no_load_1400rpm,127701,1399,273,1532,2021,2,0,54635,9,0,,,,,,,,,,
2026-06-20T13:04:37.036543+00:00,S001,commissioning_unmounted,false,healthy,none,1400,healthy_horizontal_no_load_1400rpm,127801,1398,275,1531,2024,1,0,54691,9,0,,,,,,,,,,
2026-06-20T13:04:37.176093+00:00,S001,commissioning_unmounted,false,healthy,none,1400,healthy_horizontal_no_load_1400rpm,127901,1398,277,1530,2025,4,0,54747,9,0,,,,,,,,,,
2026-06-20T13:04:37.269993+00:00,S001,commissioning_unmounted,false,healthy,none,1400,healthy_horizontal_no_load_1400rpm,128001,1399,277,1527,2022,2,0,54803,9,0,,,,,,,,,,
2026-06-20T13:04:37.363048+00:00,S001,commissioning_unmounted,false,healthy,none,1400,healthy_horizontal_no_load_1400rpm,128101,1400,278,1526,2023,1,0,54859,9,0,,,,,,,,,,
2026-06-20T13:04:37.456644+00:00,S001,commissioning_unmounted,false,healthy,none,1400,healthy_horizontal_no_load_1400rpm,128201,1398,271,1538,2023,4,0,54915,9,0,,,,,,,,,,
2026-06-20T13:04:37.551207+00:00,S001,commissioning_unmounted,false,healthy,none,1400,healthy_horizontal_no_load_1400rpm,128301,1398,275,1533,2026,6,0,54970,9,0,,,,,,,,,,
2026-06-20T13:04:37.644890+00:00,S001,commissioning_unmounted,false,healthy,none,1400,healthy_horizontal_no_load_1400rpm,128401,1398,276,1530,2025,3,0,55026,9,0,,,,,,,,,,
2026-06-20T13:04:37.738788+00:00,S001,commissioning_unmounted,false,healthy,none,1400,healthy_horizontal_no_load_1400rpm,128501,1397,272,1539,2027,5,0,55082,9,0,,,,,,,,,,
2026-06-20T13:04:37.830865+00:00,S001,commissioning_unmounted,false,healthy,none,1400,healthy_horizontal_no_load_1400rpm,128601,1398,278,1531,2029,6,0,55138,9,0,,,,,,,,,,
2026-06-20T13:04:37.968079+00:00,S001,commissioning_unmounted,false,healthy,none,1400,healthy_horizontal_no_load_1400rpm,128701,1399,276,1533,2026,3,0,55194,9,0,,,,,,,,,,
2026-06-20T13:04:38.059680+00:00,S001,commissioning_unmounted,false,healthy,none,1400,healthy_horizontal_no_load_1400rpm,128801,1398,275,1533,2026,5,0,55250,9,0,,,,,,,,,,
2026-06-20T13:04:38.151346+00:00,S001,commissioning_unmounted,false,healthy,none,1400,healthy_horizontal_no_load_1400rpm,128901,1400,276,1528,2021,6,0,55306,9,0,,,,,,,,,,
2026-06-20T13:04:38.244348+00:00,S001,commissioning_unmounted,false,healthy,none,1400,healthy_horizontal_no_load_1400rpm,129001,1398,276,1532,2026,3,0,55362,9,0,,,,,,,,,,
2026-06-20T13:04:38.338063+00:00,S001,commissioning_unmounted,false,healthy,none,1400,healthy_horizontal_no_load_1400rpm,129101,1396,273,1536,2026,5,0,55418,9,0,,,,,,,,,,
2026-06-20T13:04:38.431092+00:00,S001,commissioning_unmounted,false,healthy,none,1400,healthy_horizontal_no_load_1400rpm,129201,1400,276,1526,2019,6,0,55474,9,0,,,,,,,,,,
2026-06-20T13:04:38.568041+00:00,S001,commissioning_unmounted,false,healthy,none,1400,healthy_horizontal_no_load_1400rpm,129301,1397,274,1537,2027,3,0,55530,9,0,,,,,,,,,,
2026-06-20T13:04:38.630764+00:00,S001,commissioning_unmounted,false,healthy,none,1400,healthy_horizontal_no_load_1400rpm,129401,1398,275,1532,2025,5,0,55586,9,0,,,,,,,,,,
2026-06-20T13:04:38.738717+00:00,S001,commissioning_unmounted,false,healthy,none,1400,healthy_horizontal_no_load_1400rpm,129501,1399,277,1528,2023,6,0,55642,9,0,,,,,,,,,,
2026-06-20T13:04:38.830746+00:00,S001,commissioning_unmounted,false,healthy,none,1400,healthy_horizontal_no_load_1400rpm,129601,1398,278,1531,2028,3,0,55698,9,0,,,,,,,,,,
2026-06-20T13:04:38.971891+00:00,S001,commissioning_unmounted,false,healthy,none,1400,healthy_horizontal_no_load_1400rpm,129701,1397,275,1537,2029,5,0,55754,9,0,,,,,,,,,,
2026-06-20T13:04:39.065232+00:00,S001,commissioning_unmounted,false,healthy,none,1400,healthy_horizontal_no_load_1400rpm,129801,1398,277,1532,2029,6,0,55810,9,0,,,,,,,,,,
2026-06-20T13:04:39.159892+00:00,S001,commissioning_unmounted,false,healthy,none,1400,healthy_horizontal_no_load_1400rpm,129901,1398,274,1533,2023,3,0,55866,9,0,,,,,,,,,,
2026-06-20T13:04:39.253261+00:00,S001,commissioning_unmounted,false,healthy,none,1400,healthy_horizontal_no_load_1400rpm,130001,1398,275,1536,2028,5,0,55922,9,0,,,,,,,,,,
2026-06-20T13:04:39.346125+00:00,S001,commissioning_unmounted,false,healthy,none,1400,healthy_horizontal_no_load_1400rpm,130101,1400,273,1533,2021,6,0,55978,9,0,,,,,,,,,,
2026-06-20T13:04:39.439933+00:00,S001,commissioning_unmounted,false,healthy,none,1400,healthy_horizontal_no_load_1400rpm,130201,1398,277,1529,2025,3,0,56034,9,0,,,,,,,,,,
2026-06-20T13:04:39.532092+00:00,S001,commissioning_unmounted,false,healthy,none,1400,healthy_horizontal_no_load_1400rpm,130301,1399,276,1533,2026,1,0,56089,9,0,,,,,,,,,,
2026-06-20T13:04:39.627095+00:00,S001,commissioning_unmounted,false,healthy,none,1400,healthy_horizontal_no_load_1400rpm,130401,1397,275,1531,2024,4,0,56145,9,0,,,,,,,,,,
2026-06-20T13:04:39.766762+00:00,S001,commissioning_unmounted,false,healthy,none,1400,healthy_horizontal_no_load_1400rpm,130501,1398,273,1538,2026,2,0,56201,9,0,,,,,,,,,,
2026-06-20T13:04:39.860714+00:00,S001,commissioning_unmounted,false,healthy,none,1400,healthy_horizontal_no_load_1400rpm,130601,1398,276,1530,2024,1,0,56257,9,0,,,,,,,,,,
2026-06-20T13:04:39.953759+00:00,S001,commissioning_unmounted,false,healthy,none,1400,healthy_horizontal_no_load_1400rpm,130701,1398,275,1536,2028,4,0,56313,9,0,,,,,,,,,,
2026-06-20T13:04:40.045510+00:00,S001,commissioning_unmounted,false,healthy,none,1400,healthy_horizontal_no_load_1400rpm,130801,1398,274,1529,2020,2,0,56369,9,0,,,,,,,,,,
2026-06-20T13:04:40.137795+00:00,S001,commissioning_unmounted,false,healthy,none,1400,healthy_horizontal_no_load_1400rpm,130901,1398,276,1530,2024,1,0,56425,9,0,,,,,,,,,,
2026-06-20T13:04:40.230345+00:00,S001,commissioning_unmounted,false,healthy,none,1400,healthy_horizontal_no_load_1400rpm,131001,1398,276,1530,2024,4,0,56481,9,0,,,,,,,,,,
2026-06-20T13:04:40.324539+00:00,S001,commissioning_unmounted,false,healthy,none,1400,healthy_horizontal_no_load_1400rpm,131101,1398,278,1528,2026,2,0,56537,9,0,,,,,,,,,,
2026-06-20T13:04:40.465984+00:00,S001,commissioning_unmounted,false,healthy,none,1400,healthy_horizontal_no_load_1400rpm,131201,1398,274,1537,2027,1,0,56593,9,0,,,,,,,,,,
2026-06-20T13:04:40.559605+00:00,S001,commissioning_unmounted,false,healthy,none,1400,healthy_horizontal_no_load_1400rpm,131301,1397,275,1529,2021,4,0,56649,9,0,,,,,,,,,,
2026-06-20T13:04:40.652378+00:00,S001,commissioning_unmounted,false,healthy,none,1400,healthy_horizontal_no_load_1400rpm,131401,1399,276,1533,2026,2,0,56705,9,0,,,,,,,,,,
2026-06-20T13:04:40.744001+00:00,S001,commissioning_unmounted,false,healthy,none,1400,healthy_horizontal_no_load_1400rpm,131501,1397,272,1538,2026,1,0,56761,9,0,,,,,,,,,,
2026-06-20T13:04:40.837337+00:00,S001,commissioning_unmounted,false,healthy,none,1400,healthy_horizontal_no_load_1400rpm,131601,1398,278,1528,2026,4,0,56817,9,0,,,,,,,,,,
2026-06-20T13:04:40.930810+00:00,S001,commissioning_unmounted,false,healthy,none,1400,healthy_horizontal_no_load_1400rpm,131701,1399,275,1533,2025,2,0,56873,9,0,,,,,,,,,,
2026-06-20T13:04:41.021804+00:00,S001,commissioning_unmounted,false,healthy,none,1400,healthy_horizontal_no_load_1400rpm,131801,1397,277,1528,2024,1,0,56929,9,0,,,,,,,,,,
2026-06-20T13:04:41.128693+00:00,S001,commissioning_unmounted,false,healthy,none,1400,healthy_horizontal_no_load_1400rpm,131901,1396,272,1541,2028,4,0,56985,9,0,,,,,,,,,,
2026-06-20T13:04:41.221392+00:00,S001,commissioning_unmounted,false,healthy,none,1400,healthy_horizontal_no_load_1400rpm,132001,1398,276,1533,2028,6,0,57040,9,0,,,,,,,,,,
2026-06-20T13:04:41.361855+00:00,S001,commissioning_unmounted,false,healthy,none,1400,healthy_horizontal_no_load_1400rpm,132101,1399,272,1530,2016,3,0,57096,9,0,,,,,,,,,,
2026-06-20T13:04:41.456680+00:00,S001,commissioning_unmounted,false,healthy,none,1400,healthy_horizontal_no_load_1400rpm,132201,1398,278,1531,2028,5,0,57152,9,0,,,,,,,,,,
2026-06-20T13:04:41.551765+00:00,S001,commissioning_unmounted,false,healthy,none,1400,healthy_horizontal_no_load_1400rpm,132301,1398,276,1532,2026,6,0,57208,9,0,,,,,,,,,,
2026-06-20T13:04:41.646039+00:00,S001,commissioning_unmounted,false,healthy,none,1400,healthy_horizontal_no_load_1400rpm,132401,1398,273,1532,2021,3,0,57264,9,0,,,,,,,,,,
2026-06-20T13:04:41.739754+00:00,S001,commissioning_unmounted,false,healthy,none,1400,healthy_horizontal_no_load_1400rpm,132501,1399,275,1536,2028,5,0,57320,9,0,,,,,,,,,,
2026-06-20T13:04:41.833986+00:00,S001,commissioning_unmounted,false,healthy,none,1400,healthy_horizontal_no_load_1400rpm,132601,1399,277,1529,2024,6,0,57376,9,0,,,,,,,,,,
2026-06-20T13:04:41.943052+00:00,S001,commissioning_unmounted,false,healthy,none,1400,healthy_horizontal_no_load_1400rpm,132701,1399,274,1535,2026,3,0,57432,9,0,,,,,,,,,,
2026-06-20T13:04:42.035872+00:00,S001,commissioning_unmounted,false,healthy,none,1400,healthy_horizontal_no_load_1400rpm,132801,1400,270,1540,2023,5,0,57488,9,0,,,,,,,,,,
2026-06-20T13:04:42.128729+00:00,S001,commissioning_unmounted,false,healthy,none,1400,healthy_horizontal_no_load_1400rpm,132901,1398,275,1528,2021,6,0,57544,9,0,,,,,,,,,,
2026-06-20T13:04:42.221784+00:00,S001,commissioning_unmounted,false,healthy,none,1400,healthy_horizontal_no_load_1400rpm,133001,1399,275,1534,2026,3,0,57600,9,0,,,,,,,,,,
2026-06-20T13:04:42.315890+00:00,S001,commissioning_unmounted,false,healthy,none,1400,healthy_horizontal_no_load_1400rpm,133101,1398,274,1530,2020,5,0,57656,9,0,,,,,,,,,,
2026-06-20T13:04:42.455745+00:00,S001,commissioning_unmounted,false,healthy,none,1400,healthy_horizontal_no_load_1400rpm,133201,1398,276,1530,2024,6,0,57712,9,0,,,,,,,,,,
2026-06-20T13:04:42.548683+00:00,S001,commissioning_unmounted,false,healthy,none,1400,healthy_horizontal_no_load_1400rpm,133301,1399,272,1530,2016,3,0,57768,9,0,,,,,,,,,,
2026-06-20T13:04:42.641964+00:00,S001,commissioning_unmounted,false,healthy,none,1400,healthy_horizontal_no_load_1400rpm,133401,1398,274,1537,2028,5,0,57824,9,0,,,,,,,,,,
2026-06-20T13:04:42.737280+00:00,S001,commissioning_unmounted,false,healthy,none,1400,healthy_horizontal_no_load_1400rpm,133501,1398,271,1536,2021,6,0,57880,9,0,,,,,,,,,,
2026-06-20T13:04:42.830921+00:00,S001,commissioning_unmounted,false,healthy,none,1400,healthy_horizontal_no_load_1400rpm,133601,1398,273,1533,2021,3,0,57936,9,0,,,,,,,,,,
2026-06-20T13:04:42.923932+00:00,S001,commissioning_unmounted,false,healthy,none,1400,healthy_horizontal_no_load_1400rpm,133701,1397,270,1540,2024,5,0,57992,9,0,,,,,,,,,,
2026-06-20T13:04:43.016405+00:00,S001,commissioning_unmounted,false,healthy,none,1400,healthy_horizontal_no_load_1400rpm,133801,1399,277,1528,2024,6,0,58048,9,0,,,,,,,,,,
2026-06-20T13:04:43.155857+00:00,S001,commissioning_unmounted,false,healthy,none,1400,healthy_horizontal_no_load_1400rpm,133901,1399,272,1538,2024,3,0,58104,9,0,,,,,,,,,,
2026-06-20T13:04:43.250926+00:00,S001,commissioning_unmounted,false,healthy,none,1400,healthy_horizontal_no_load_1400rpm,134001,1398,278,1531,2028,5,0,58160,9,0,,,,,,,,,,
2026-06-20T13:04:43.344651+00:00,S001,commissioning_unmounted,false,healthy,none,1400,healthy_horizontal_no_load_1400rpm,134101,1400,273,1535,2024,4,0,58215,9,0,,,,,,,,,,
2026-06-20T13:04:43.438739+00:00,S001,commissioning_unmounted,false,healthy,none,1400,healthy_horizontal_no_load_1400rpm,134201,1399,278,1528,2026,3,0,58272,9,0,,,,,,,,,,
2026-06-20T13:04:43.533509+00:00,S001,commissioning_unmounted,false,healthy,none,1400,healthy_horizontal_no_load_1400rpm,134301,1398,273,1537,2026,1,0,58327,9,0,,,,,,,,,,
2026-06-20T13:04:43.626704+00:00,S001,commissioning_unmounted,false,healthy,none,1400,healthy_horizontal_no_load_1400rpm,134401,1398,274,1536,2026,4,0,58383,9,0,,,,,,,,,,
2026-06-20T13:04:43.719991+00:00,S001,commissioning_unmounted,false,healthy,none,1400,healthy_horizontal_no_load_1400rpm,134501,1398,277,1530,2026,2,0,58439,9,0,,,,,,,,,,
2026-06-20T13:04:43.813763+00:00,S001,commissioning_unmounted,false,healthy,none,1400,healthy_horizontal_no_load_1400rpm,134601,1397,276,1528,2023,1,0,58495,9,0,,,,,,,,,,
2026-06-20T13:04:43.952368+00:00,S001,commissioning_unmounted,false,healthy,none,1400,healthy_horizontal_no_load_1400rpm,134701,1398,271,1540,2026,4,0,58551,9,0,,,,,,,,,,
2026-06-20T13:04:44.045734+00:00,S001,commissioning_unmounted,false,healthy,none,1400,healthy_horizontal_no_load_1400rpm,134801,1398,278,1528,2026,2,0,58607,9,0,,,,,,,,,,
2026-06-20T13:04:44.139298+00:00,S001,commissioning_unmounted,false,healthy,none,1400,healthy_horizontal_no_load_1400rpm,134901,1398,275,1533,2026,1,0,58663,9,0,,,,,,,,,,
2026-06-20T13:04:44.232866+00:00,S001,commissioning_unmounted,false,healthy,none,1400,healthy_horizontal_no_load_1400rpm,135001,1398,274,1535,2026,4,0,58719,9,0,,,,,,,,,,
2026-06-20T13:04:44.326128+00:00,S001,commissioning_unmounted,false,healthy,none,1400,healthy_horizontal_no_load_1400rpm,135101,1399,273,1538,2026,2,0,58775,9,0,,,,,,,,,,
2026-06-20T13:04:44.420695+00:00,S001,commissioning_unmounted,false,healthy,none,1400,healthy_horizontal_no_load_1400rpm,135201,1398,274,1535,2025,1,0,58831,9,0,,,,,,,,,,
2026-06-20T13:04:44.513748+00:00,S001,commissioning_unmounted,false,healthy,none,1400,healthy_horizontal_no_load_1400rpm,135301,1398,273,1537,2026,4,0,58887,9,0,,,,,,,,,,
2026-06-20T13:04:44.652969+00:00,S001,commissioning_unmounted,false,healthy,none,1400,healthy_horizontal_no_load_1400rpm,135401,1398,275,1536,2028,2,0,58943,9,0,,,,,,,,,,
2026-06-20T13:04:44.746561+00:00,S001,commissioning_unmounted,false,healthy,none,1400,healthy_horizontal_no_load_1400rpm,135501,1399,277,1528,2024,1,0,58999,9,0,,,,,,,,,,
2026-06-20T13:04:44.841257+00:00,S001,commissioning_unmounted,false,healthy,none,1400,healthy_horizontal_no_load_1400rpm,135601,1399,277,1531,2026,4,0,59055,9,0,,,,,,,,,,
2026-06-20T13:04:44.934752+00:00,S001,commissioning_unmounted,false,healthy,none,1400,healthy_horizontal_no_load_1400rpm,135701,1399,277,1530,2025,2,0,59111,9,0,,,,,,,,,,
2026-06-20T13:04:45.028680+00:00,S001,commissioning_unmounted,false,healthy,none,1400,healthy_horizontal_no_load_1400rpm,135801,1399,276,1528,2021,1,0,59167,9,0,,,,,,,,,,
2026-06-20T13:04:45.120604+00:00,S001,commissioning_unmounted,false,healthy,none,1400,healthy_horizontal_no_load_1400rpm,135901,1399,271,1535,2020,4,0,59223,9,0,,,,,,,,,,
2026-06-20T13:04:45.214662+00:00,S001,commissioning_unmounted,false,healthy,none,1400,healthy_horizontal_no_load_1400rpm,136001,1399,276,1531,2024,2,0,59279,9,0,,,,,,,,,,
2026-06-20T13:04:45.307348+00:00,S001,commissioning_unmounted,false,healthy,none,1400,healthy_horizontal_no_load_1400rpm,136101,1399,274,1530,2021,1,0,59335,9,0,,,,,,,,,,
2026-06-20T13:04:45.446554+00:00,S001,commissioning_unmounted,false,healthy,none,1400,healthy_horizontal_no_load_1400rpm,136201,1397,277,1532,2029,4,0,59391,9,0,,,,,,,,,,
2026-06-20T13:04:45.540157+00:00,S001,commissioning_unmounted,false,healthy,none,1400,healthy_horizontal_no_load_1400rpm,136301,1399,273,1537,2026,2,0,59447,9,0,,,,,,,,,,
2026-06-20T13:04:45.634534+00:00,S001,commissioning_unmounted,false,healthy,none,1400,healthy_horizontal_no_load_1400rpm,136401,1399,276,1532,2026,1,0,59503,9,0,,,,,,,,,,
2026-06-20T13:04:45.728184+00:00,S001,commissioning_unmounted,false,healthy,none,1400,healthy_horizontal_no_load_1400rpm,136501,1397,275,1535,2028,4,0,59559,9,0,,,,,,,,,,
2026-06-20T13:04:45.822478+00:00,S001,commissioning_unmounted,false,healthy,none,1400,healthy_horizontal_no_load_1400rpm,136601,1399,273,1535,2024,6,0,59614,9,0,,,,,,,,,,
2026-06-20T13:04:45.915406+00:00,S001,commissioning_unmounted,false,healthy,none,1400,healthy_horizontal_no_load_1400rpm,136701,1398,276,1529,2023,3,0,59670,9,0,,,,,,,,,,
2026-06-20T13:04:46.010012+00:00,S001,commissioning_unmounted,false,healthy,none,1400,healthy_horizontal_no_load_1400rpm,136801,1399,277,1528,2023,5,0,59726,9,0,,,,,,,,,,
2026-06-20T13:04:46.104100+00:00,S001,commissioning_unmounted,false,healthy,none,1400,healthy_horizontal_no_load_1400rpm,136901,1399,278,1526,2024,6,0,59782,9,0,,,,,,,,,,
2026-06-20T13:04:46.244638+00:00,S001,commissioning_unmounted,false,healthy,none,1400,healthy_horizontal_no_load_1400rpm,137001,1398,277,1529,2025,3,0,59838,9,0,,,,,,,,,,
2026-06-20T13:04:46.337770+00:00,S001,commissioning_unmounted,false,healthy,none,1400,healthy_horizontal_no_load_1400rpm,137101,1399,274,1529,2020,5,0,59894,9,0,,,,,,,,,,
2026-06-20T13:04:46.429583+00:00,S001,commissioning_unmounted,false,healthy,none,1400,healthy_horizontal_no_load_1400rpm,137201,1398,273,1530,2019,6,0,59950,9,0,,,,,,,,,,
2026-06-20T13:04:46.523729+00:00,S001,commissioning_unmounted,false,healthy,none,1400,healthy_horizontal_no_load_1400rpm,137301,1398,274,1529,2020,3,0,60006,9,0,,,,,,,,,,
2026-06-20T13:04:46.619468+00:00,S001,commissioning_unmounted,false,healthy,none,1400,healthy_horizontal_no_load_1400rpm,137401,1399,278,1526,2023,5,0,60062,9,0,,,,,,,,,,
2026-06-20T13:04:46.713702+00:00,S001,commissioning_unmounted,false,healthy,none,1400,healthy_horizontal_no_load_1400rpm,137501,1399,278,1526,2024,6,0,60118,9,0,,,,,,,,,,
2026-06-20T13:04:46.806063+00:00,S001,commissioning_unmounted,false,healthy,none,1400,healthy_horizontal_no_load_1400rpm,137601,1398,275,1535,2028,3,0,60174,9,0,,,,,,,,,,
2026-06-20T13:04:46.899643+00:00,S001,commissioning_unmounted,false,healthy,none,1400,healthy_horizontal_no_load_1400rpm,137701,1399,276,1530,2024,5,0,60230,9,0,,,,,,,,,,
2026-06-20T13:04:47.040575+00:00,S001,commissioning_unmounted,false,healthy,none,1400,healthy_horizontal_no_load_1400rpm,137801,1398,274,1530,2020,6,0,60286,9,0,,,,,,,,,,
2026-06-20T13:04:47.132861+00:00,S001,commissioning_unmounted,false,healthy,none,1400,healthy_horizontal_no_load_1400rpm,137901,1398,275,1533,2026,3,0,60342,9,0,,,,,,,,,,
2026-06-20T13:04:47.239058+00:00,S001,commissioning_unmounted,false,healthy,none,1400,healthy_horizontal_no_load_1400rpm,138001,1399,273,1535,2024,5,0,60398,9,0,,,,,,,,,,
2026-06-20T13:04:47.333575+00:00,S001,commissioning_unmounted,false,healthy,none,1400,healthy_horizontal_no_load_1400rpm,138101,1399,277,1530,2026,6,0,60454,9,0,,,,,,,,,,
2026-06-20T13:04:47.425713+00:00,S001,commissioning_unmounted,false,healthy,none,1400,healthy_horizontal_no_load_1400rpm,138201,1399,276,1533,2026,3,0,60510,9,0,,,,,,,,,,
2026-06-20T13:04:47.519061+00:00,S001,commissioning_unmounted,false,healthy,none,1400,healthy_horizontal_no_load_1400rpm,138301,1399,272,1537,2024,5,0,60566,9,0,,,,,,,,,,
2026-06-20T13:04:47.613678+00:00,S001,commissioning_unmounted,false,healthy,none,1400,healthy_horizontal_no_load_1400rpm,138401,1399,277,1529,2025,6,0,60622,9,0,,,,,,,,,,
2026-06-20T13:04:47.707579+00:00,S001,commissioning_unmounted,false,healthy,none,1400,healthy_horizontal_no_load_1400rpm,138501,1399,276,1533,2026,3,0,60678,9,0,,,,,,,,,,
2026-06-20T13:04:47.802605+00:00,S001,commissioning_unmounted,false,healthy,none,1400,healthy_horizontal_no_load_1400rpm,138601,1399,278,1528,2025,5,0,60734,9,0,,,,,,,,,,
2026-06-20T13:04:47.897554+00:00,S001,commissioning_unmounted,false,healthy,none,1400,healthy_horizontal_no_load_1400rpm,138701,1398,275,1529,2021,6,0,60790,9,0,,,,,,,,,,
2026-06-20T13:04:48.039511+00:00,S001,commissioning_unmounted,false,healthy,none,1400,healthy_horizontal_no_load_1400rpm,138801,1399,274,1535,2026,3,0,60846,9,0,,,,,,,,,,
2026-06-20T13:04:48.132322+00:00,S001,commissioning_unmounted,false,healthy,none,1400,healthy_horizontal_no_load_1400rpm,138901,1399,273,1537,2026,1,0,60901,9,0,,,,,,,,,,
2026-06-20T13:04:48.225551+00:00,S001,commissioning_unmounted,false,healthy,none,1400,healthy_horizontal_no_load_1400rpm,139001,1398,278,1531,2029,4,0,60957,9,0,,,,,,,,,,
2026-06-20T13:04:48.319446+00:00,S001,commissioning_unmounted,false,healthy,none,1400,healthy_horizontal_no_load_1400rpm,139101,1399,270,1534,2018,3,0,61014,9,0,,,,,,,,,,
2026-06-20T13:04:48.413703+00:00,S001,commissioning_unmounted,false,healthy,none,1400,healthy_horizontal_no_load_1400rpm,139201,1397,274,1532,2022,1,0,61069,9,0,,,,,,,,,,
2026-06-20T13:04:48.506606+00:00,S001,commissioning_unmounted,false,healthy,none,1400,healthy_horizontal_no_load_1400rpm,139301,1399,276,1528,2021,4,0,61125,9,0,,,,,,,,,,
2026-06-20T13:04:48.600162+00:00,S001,commissioning_unmounted,false,healthy,none,1400,healthy_horizontal_no_load_1400rpm,139401,1398,279,1529,2028,2,0,61181,9,0,,,,,,,,,,
2026-06-20T13:04:48.740500+00:00,S001,commissioning_unmounted,false,healthy,none,1400,healthy_horizontal_no_load_1400rpm,139501,1399,273,1537,2025,1,0,61237,9,0,,,,,,,,,,
2026-06-20T13:04:48.836094+00:00,S001,commissioning_unmounted,false,healthy,none,1400,healthy_horizontal_no_load_1400rpm,139601,1400,275,1529,2021,4,0,61293,9,0,,,,,,,,,,
2026-06-20T13:04:48.930379+00:00,S001,commissioning_unmounted,false,healthy,none,1400,healthy_horizontal_no_load_1400rpm,139701,1399,274,1530,2021,2,0,61349,9,0,,,,,,,,,,
